State Name,District Name,Market Name,Variety,Reported Date,Modal Price (Rs./Quintal),future_modal_price,random_forest_prediction,xgboost_prediction,baseline_error,random_forest_error,xgboost_error,baseline_abs_error,random_forest_abs_error,xgboost_abs_error,actual_price_change,actual_price_change_pct
Kerala,Malappuram,Thirurrangadi,Other,2013-08-08,13000,11000.0,12769.666666666666,12863.307,-2000.0,-1769.666666666666,-1863.306640625,2000.0,1769.666666666666,1863.306640625,-2000.0,-15.384615384615385
Kerala,Malappuram,Parappanangadi,Other,2013-08-08,13000,13000.0,12882.0,12835.444,0.0,118.0,164.5556640625,0.0,118.0,164.5556640625,0.0,0.0
Jharkhand,Deogarh,Madhupur,Assam C.T.C. Leaf,2013-08-08,26000,26000.0,25966.666666666668,25946.246,0.0,33.33333333333212,53.75390625,0.0,33.33333333333212,53.75390625,0.0,0.0
Kerala,Malappuram,Thirurrangadi,Other,2013-08-09,11000,13000.0,12212.0,12206.848,2000.0,788.0,793.15234375,2000.0,788.0,793.15234375,2000.0,18.181818181818183
Jharkhand,Dhanbad,Dhanbad,Other,2013-08-09,23000,23000.0,23006.666666666668,23002.447,0.0,-6.666666666667879,-2.447265625,0.0,6.666666666667879,2.447265625,0.0,0.0
Kerala,Malappuram,Parappanangadi,Other,2013-08-09,13000,13000.0,12836.333333333334,12938.595,0.0,163.66666666666606,61.4052734375,0.0,163.66666666666606,61.4052734375,0.0,0.0
Kerala,Malappuram,Manjeri,Other,2013-08-10,15500,15500.0,15500.0,15488.004,0.0,0.0,11.99609375,0.0,0.0,11.99609375,0.0,0.0
Jharkhand,Deogarh,Madhupur,Assam C.T.C. Leaf,2013-08-10,26000,26000.0,25966.666666666668,25960.629,0.0,33.33333333333212,39.37109375,0.0,33.33333333333212,39.37109375,0.0,0.0
Kerala,Malappuram,Parappanangadi,Other,2013-08-10,13000,12000.0,12807.666666666666,12823.929,-1000.0,-807.6666666666661,-823.9287109375,1000.0,807.6666666666661,823.9287109375,-1000.0,-7.6923076923076925
Kerala,Malappuram,Thirurrangadi,Other,2013-08-10,13000,13000.0,12424.833333333334,12611.512,0.0,575.1666666666661,388.48828125,0.0,575.1666666666661,388.48828125,0.0,0.0
Jharkhand,Dhanbad,Dhanbad,Other,2013-08-11,23000,23000.0,23043.333333333332,23098.227,0.0,-43.33333333333212,-98.2265625,0.0,43.33333333333212,98.2265625,0.0,0.0
Kerala,Malappuram,Manjeri,Other,2013-08-12,15500,15500.0,15500.0,15501.249,0.0,0.0,-1.2490234375,0.0,0.0,1.2490234375,0.0,0.0
Jharkhand,Deogarh,Madhupur,Assam C.T.C. Leaf,2013-08-12,26000,26000.0,25946.666666666668,25984.066,0.0,53.33333333333212,15.93359375,0.0,53.33333333333212,15.93359375,0.0,0.0
Kerala,Malappuram,Parappanangadi,Other,2013-08-12,12000,13000.0,12611.333333333334,12629.38,1000.0,388.66666666666606,370.6201171875,1000.0,388.66666666666606,370.6201171875,1000.0,8.333333333333332
Kerala,Malappuram,Thirurrangadi,Other,2013-08-13,13000,13000.0,12600.5,12790.931,0.0,399.5,209.0693359375,0.0,399.5,209.0693359375,0.0,0.0
Jharkhand,Dhanbad,Dhanbad,Other,2013-08-13,23000,23000.0,23016.666666666668,23015.752,0.0,-16.66666666666788,-15.751953125,0.0,16.66666666666788,15.751953125,0.0,0.0
Kerala,Malappuram,Parappanangadi,Other,2013-08-13,13000,13000.0,12773.833333333334,12728.631,0.0,226.16666666666606,271.369140625,0.0,226.16666666666606,271.369140625,0.0,0.0
Kerala,Malappuram,Manjeri,Other,2013-08-13,15500,15500.0,15500.0,15500.197,0.0,0.0,-0.197265625,0.0,0.0,0.197265625,0.0,0.0
Jharkhand,Deogarh,Madhupur,Assam C.T.C. Leaf,2013-08-14,26000,26000.0,25946.666666666668,25962.959,0.0,53.33333333333212,37.041015625,0.0,53.33333333333212,37.041015625,0.0,0.0
Kerala,Malappuram,Parappanangadi,Other,2013-08-14,13000,13000.0,12843.166666666666,12915.814,0.0,156.83333333333394,84.185546875,0.0,156.83333333333394,84.185546875,0.0,0.0
Kerala,Malappuram,Thirurrangadi,Other,2013-08-14,13000,12000.0,12613.5,12718.381,-1000.0,-613.5,-718.380859375,1000.0,613.5,718.380859375,-1000.0,-7.6923076923076925
Kerala,Malappuram,Manjeri,Other,2013-08-14,15500,15500.0,15500.0,15498.224,0.0,0.0,1.7763671875,0.0,0.0,1.7763671875,0.0,0.0
Kerala,Malappuram,Thirurrangadi,Other,2013-08-15,12000,13000.0,12530.666666666666,12479.08,1000.0,469.33333333333394,520.919921875,1000.0,469.33333333333394,520.919921875,1000.0,8.333333333333332
Kerala,Malappuram,Manjeri,Other,2013-08-15,15500,15500.0,15500.0,15499.648,0.0,0.0,0.3515625,0.0,0.0,0.3515625,0.0,0.0
Kerala,Malappuram,Parappanangadi,Other,2013-08-15,13000,13000.0,12798.0,12884.955,0.0,202.0,115.044921875,0.0,202.0,115.044921875,0.0,0.0
Kerala,Malappuram,Thirurrangadi,Other,2013-08-16,13000,13000.0,12610.833333333334,12662.79,0.0,389.16666666666606,337.2099609375,0.0,389.16666666666606,337.2099609375,0.0,0.0
Kerala,Malappuram,Manjeri,Other,2013-08-16,15500,15500.0,15500.0,15499.648,0.0,0.0,0.3515625,0.0,0.0,0.3515625,0.0,0.0
Kerala,Malappuram,Parappanangadi,Other,2013-08-16,13000,13000.0,12783.5,12840.561,0.0,216.5,159.439453125,0.0,216.5,159.439453125,0.0,0.0
Jharkhand,Dhanbad,Dhanbad,Other,2013-08-16,23000,23000.0,23003.333333333332,22992.883,0.0,-3.3333333333321207,7.1171875,0.0,3.3333333333321207,7.1171875,0.0,0.0
Kerala,Malappuram,Manjeri,Other,2013-08-17,15500,15500.0,15500.0,15497.324,0.0,0.0,2.67578125,0.0,0.0,2.67578125,0.0,0.0
Kerala,Malappuram,Thirurrangadi,Other,2013-08-17,13000,12000.0,12682.5,12779.379,-1000.0,-682.5,-779.37890625,1000.0,682.5,779.37890625,-1000.0,-7.6923076923076925
Jharkhand,Dhanbad,Dhanbad,Other,2013-08-17,23000,23000.0,23010.0,22995.582,0.0,-10.0,4.41796875,0.0,10.0,4.41796875,0.0,0.0
Kerala,Malappuram,Parappanangadi,Other,2013-08-17,13000,11000.0,12795.333333333334,12885.591,-2000.0,-1795.333333333334,-1885.5908203125,2000.0,1795.333333333334,1885.5908203125,-2000.0,-15.384615384615385
Jharkhand,Deogarh,Madhupur,Assam C.T.C. Leaf,2013-08-17,26000,26000.0,25946.666666666668,25949.855,0.0,53.33333333333212,50.14453125,0.0,53.33333333333212,50.14453125,0.0,0.0
Kerala,Malappuram,Parappanangadi,Other,2013-08-19,11000,12000.0,11880.0,12034.449,1000.0,120.0,-34.44921875,1000.0,120.0,34.44921875,1000.0,9.090909090909092
Kerala,Malappuram,Thirurrangadi,Other,2013-08-19,12000,12000.0,12597.666666666666,12659.627,0.0,-597.6666666666661,-659.626953125,0.0,597.6666666666661,659.626953125,0.0,0.0
Kerala,Malappuram,Manjeri,Other,2013-08-19,15500,15500.0,15500.0,15499.106,0.0,0.0,0.8935546875,0.0,0.0,0.8935546875,0.0,0.0
Jharkhand,Dhanbad,Dhanbad,Other,2013-08-19,23000,23000.0,23006.666666666668,23000.871,0.0,-6.666666666667879,-0.87109375,0.0,6.666666666667879,0.87109375,0.0,0.0
Kerala,Malappuram,Parappanangadi,Other,2013-08-20,12000,11500.0,12376.333333333334,12302.646,-500.0,-876.3333333333339,-802.646484375,500.0,876.3333333333339,802.646484375,-500.0,-4.166666666666666
Kerala,Malappuram,Thirurrangadi,Other,2013-08-20,12000,13000.0,12506.333333333334,12478.536,1000.0,493.66666666666606,521.4638671875,1000.0,493.66666666666606,521.4638671875,1000.0,8.333333333333332
Kerala,Malappuram,Manjeri,Other,2013-08-20,15500,15500.0,15500.0,15496.587,0.0,0.0,3.4130859375,0.0,0.0,3.4130859375,0.0,0.0
Kerala,Malappuram,Manjeri,Other,2013-08-21,15500,15500.0,15500.0,15492.943,0.0,0.0,7.056640625,0.0,0.0,7.056640625,0.0,0.0
Kerala,Malappuram,Thirurrangadi,Other,2013-08-21,13000,13000.0,12565.166666666666,12624.9,0.0,434.83333333333394,375.099609375,0.0,434.83333333333394,375.099609375,0.0,0.0
Kerala,Malappuram,Parappanangadi,Other,2013-08-21,11500,12000.0,12315.333333333334,12308.838,500.0,-315.33333333333394,-308.837890625,500.0,315.33333333333394,308.837890625,500.0,4.3478260869565215
Kerala,Malappuram,Thirurrangadi,Other,2013-08-22,13000,13000.0,12691.833333333334,12834.778,0.0,308.16666666666606,165.2216796875,0.0,308.16666666666606,165.2216796875,0.0,0.0
Kerala,Malappuram,Parappanangadi,Other,2013-08-22,12000,13000.0,12349.333333333334,12418.474,1000.0,650.6666666666661,581.5263671875,1000.0,650.6666666666661,581.5263671875,1000.0,8.333333333333332
Kerala,Malappuram,Manjeri,Other,2013-08-22,15500,15500.0,15500.0,15492.872,0.0,0.0,7.1279296875,0.0,0.0,7.1279296875,0.0,0.0
Jharkhand,Dhanbad,Dhanbad,Other,2013-08-22,23000,23000.0,23013.333333333332,22998.635,0.0,-13.33333333333212,1.365234375,0.0,13.33333333333212,1.365234375,0.0,0.0
Kerala,Malappuram,Manjeri,Other,2013-08-23,15500,15500.0,15500.0,15493.137,0.0,0.0,6.86328125,0.0,0.0,6.86328125,0.0,0.0
Kerala,Malappuram,Parappanangadi,Other,2013-08-23,13000,13000.0,12443.833333333334,12551.325,0.0,556.1666666666661,448.6748046875,0.0,556.1666666666661,448.6748046875,0.0,0.0
Kerala,Malappuram,Thirurrangadi,Other,2013-08-23,13000,13000.0,12521.666666666666,12669.673,0.0,478.33333333333394,330.3271484375,0.0,478.33333333333394,330.3271484375,0.0,0.0
Jharkhand,Deogarh,Madhupur,Assam C.T.C. Leaf,2013-08-23,26000,26000.0,25946.666666666668,25957.46,0.0,53.33333333333212,42.5390625,0.0,53.33333333333212,42.5390625,0.0,0.0
Jharkhand,Deogarh,Madhupur,Assam C.T.C. Leaf,2013-08-24,26000,26000.0,25953.333333333332,25950.232,0.0,46.66666666666788,49.767578125,0.0,46.66666666666788,49.767578125,0.0,0.0
Kerala,Malappuram,Manjeri,Other,2013-08-24,15500,15500.0,15500.0,15492.7295,0.0,0.0,7.2705078125,0.0,0.0,7.2705078125,0.0,0.0
Kerala,Malappuram,Thirurrangadi,Other,2013-08-24,13000,13000.0,12558.166666666666,12800.418,0.0,441.83333333333394,199.58203125,0.0,441.83333333333394,199.58203125,0.0,0.0
Kerala,Malappuram,Parappanangadi,Other,2013-08-24,13000,12000.0,12456.166666666666,12762.682,-1000.0,-456.16666666666606,-762.681640625,1000.0,456.16666666666606,762.681640625,-1000.0,-7.6923076923076925
Jharkhand,Deogarh,Madhupur,C.T.C. Dust,2013-08-24,17000,17000.0,17003.333333333332,16980.727,0.0,-3.3333333333321207,19.2734375,0.0,3.3333333333321207,19.2734375,0.0,0.0
Jharkhand,Dhanbad,Dhanbad,Other,2013-08-24,23000,23000.0,23006.666666666668,23017.69,0.0,-6.666666666667879,-17.689453125,0.0,6.666666666667879,17.689453125,0.0,0.0
Jharkhand,Dhanbad,Dhanbad,Other,2013-08-25,23000,23000.0,23040.0,23082.229,0.0,-40.0,-82.228515625,0.0,40.0,82.228515625,0.0,0.0
Jharkhand,Dhanbad,Dhanbad,Other,2013-08-26,23000,23000.0,22993.333333333332,23008.22,0.0,6.666666666667879,-8.220703125,0.0,6.666666666667879,8.220703125,0.0,0.0
Kerala,Malappuram,Parappanangadi,Other,2013-08-26,12000,13000.0,12505.0,12639.644,1000.0,495.0,360.3564453125,1000.0,495.0,360.3564453125,1000.0,8.333333333333332
Kerala,Malappuram,Manjeri,Other,2013-08-26,15500,15500.0,15500.0,15485.244,0.0,0.0,14.755859375,0.0,0.0,14.755859375,0.0,0.0
Kerala,Malappuram,Thirurrangadi,Other,2013-08-26,13000,13000.0,12634.166666666666,12788.658,0.0,365.83333333333394,211.341796875,0.0,365.83333333333394,211.341796875,0.0,0.0
Kerala,Malappuram,Manjeri,Other,2013-08-27,15500,15500.0,15500.0,15484.624,0.0,0.0,15.3759765625,0.0,0.0,15.3759765625,0.0,0.0
Kerala,Malappuram,Parappanangadi,Other,2013-08-27,13000,13000.0,12434.833333333334,12214.284,0.0,565.1666666666661,785.7158203125,0.0,565.1666666666661,785.7158203125,0.0,0.0
Kerala,Malappuram,Thirurrangadi,Other,2013-08-27,13000,13000.0,12350.666666666666,12605.001,0.0,649.3333333333339,394.9990234375,0.0,649.3333333333339,394.9990234375,0.0,0.0
Jharkhand,Deogarh,Madhupur,Assam C.T.C. Leaf,2013-08-27,26000,26000.0,25953.333333333332,25958.734,0.0,46.66666666666788,41.265625,0.0,46.66666666666788,41.265625,0.0,0.0
Jharkhand,Deogarh,Madhupur,C.T.C. Dust,2013-08-27,17000,17000.0,16996.666666666668,16978.588,0.0,3.3333333333321207,21.412109375,0.0,3.3333333333321207,21.412109375,0.0,0.0
Kerala,Malappuram,Parappanangadi,Other,2013-08-28,13000,12000.0,12582.166666666666,12775.401,-1000.0,-582.1666666666661,-775.4013671875,1000.0,582.1666666666661,775.4013671875,-1000.0,-7.6923076923076925
Kerala,Malappuram,Thirurrangadi,Other,2013-08-28,13000,13000.0,12672.333333333334,12668.327,0.0,327.66666666666606,331.6728515625,0.0,327.66666666666606,331.6728515625,0.0,0.0
Jharkhand,Dhanbad,Dhanbad,Other,2013-08-28,23000,23000.0,23003.333333333332,23003.742,0.0,-3.3333333333321207,-3.7421875,0.0,3.3333333333321207,3.7421875,0.0,0.0
Kerala,Malappuram,Manjeri,Other,2013-08-28,15500,15500.0,15500.0,15481.711,0.0,0.0,18.2890625,0.0,0.0,18.2890625,0.0,0.0
Jharkhand,Deogarh,Madhupur,Assam C.T.C. Leaf,2013-08-29,26000,26000.0,25946.666666666668,25959.363,0.0,53.33333333333212,40.63671875,0.0,53.33333333333212,40.63671875,0.0,0.0
Jharkhand,Deogarh,Madhupur,C.T.C. Dust,2013-08-29,17000,17000.0,16984.666666666668,16993.793,0.0,15.33333333333212,6.20703125,0.0,15.33333333333212,6.20703125,0.0,0.0
Kerala,Malappuram,Parappanangadi,Other,2013-08-29,12000,13000.0,12415.666666666666,12080.815,1000.0,584.3333333333339,919.1845703125,1000.0,584.3333333333339,919.1845703125,1000.0,8.333333333333332
Kerala,Malappuram,Manjeri,Other,2013-08-29,15500,15500.0,15500.0,15483.637,0.0,0.0,16.36328125,0.0,0.0,16.36328125,0.0,0.0
Kerala,Malappuram,Thirurrangadi,Other,2013-08-29,13000,11000.0,12685.666666666666,12764.21,-2000.0,-1685.666666666666,-1764.2099609375,2000.0,1685.666666666666,1764.2099609375,-2000.0,-15.384615384615385
Kerala,Malappuram,Parappanangadi,Other,2013-08-30,13000,13000.0,12384.0,12496.433,0.0,616.0,503.5673828125,0.0,616.0,503.5673828125,0.0,0.0
Kerala,Malappuram,Thirurrangadi,Other,2013-08-30,11000,12000.0,11837.166666666666,11404.327,1000.0,162.83333333333394,595.6728515625,1000.0,162.83333333333394,595.6728515625,1000.0,9.090909090909092
Kerala,Malappuram,Manjeri,Other,2013-08-30,15500,15500.0,15498.333333333334,15490.87,0.0,1.6666666666660603,9.1298828125,0.0,1.6666666666660603,9.1298828125,0.0,0.0
Kerala,Malappuram,Parappanangadi,Other,2013-08-31,13000,11000.0,12535.0,13246.082,-2000.0,-1535.0,-2246.08203125,2000.0,1535.0,2246.08203125,-2000.0,-15.384615384615385
Kerala,Malappuram,Manjeri,Other,2013-08-31,15500,15500.0,15480.0,15320.997,0.0,20.0,179.0029296875,0.0,20.0,179.0029296875,0.0,0.0
Jharkhand,Dhanbad,Dhanbad,Other,2013-08-31,23000,23000.0,23003.333333333332,23009.3,0.0,-3.3333333333321207,-9.30078125,0.0,3.3333333333321207,9.30078125,0.0,0.0
Kerala,Malappuram,Thirurrangadi,Other,2013-08-31,12000,13000.0,12422.333333333334,12724.321,1000.0,577.6666666666661,275.6787109375,1000.0,577.6666666666661,275.6787109375,1000.0,8.333333333333332
Kerala,Malappuram,Parappanangadi,Other,2013-09-01,11000,13000.0,11889.333333333334,12071.462,2000.0,1110.666666666666,928.5380859375,2000.0,1110.666666666666,928.5380859375,2000.0,18.181818181818183
Jharkhand,Dhanbad,Dhanbad,Other,2013-09-01,23000,23000.0,22986.666666666668,22982.797,0.0,13.33333333333212,17.203125,0.0,13.33333333333212,17.203125,0.0,0.0
Jharkhand,Deogarh,Madhupur,C.T.C. Dust,2013-09-02,17000,17000.0,16994.0,17032.81,0.0,6.0,-32.810546875,0.0,6.0,32.810546875,0.0,0.0
Kerala,Malappuram,Parappanangadi,Other,2013-09-02,13000,11000.0,12193.666666666666,12139.1455,-2000.0,-1193.666666666666,-1139.1455078125,2000.0,1193.666666666666,1139.1455078125,-2000.0,-15.384615384615385
Kerala,Malappuram,Manjeri,Other,2013-09-02,15500,15500.0,15500.0,15488.807,0.0,0.0,11.193359375,0.0,0.0,11.193359375,0.0,0.0
Kerala,Malappuram,Thirurrangadi,Other,2013-09-02,13000,11000.0,12444.5,12204.454,-2000.0,-1444.5,-1204.4541015625,2000.0,1444.5,1204.4541015625,-2000.0,-15.384615384615385
Jharkhand,Deogarh,Madhupur,Assam C.T.C. Leaf,2013-09-02,26000,26000.0,25940.0,25953.598,0.0,60.0,46.40234375,0.0,60.0,46.40234375,0.0,0.0
Jharkhand,Dhanbad,Dhanbad,Other,2013-09-02,23000,23000.0,22993.333333333332,22997.545,0.0,6.666666666667879,2.455078125,0.0,6.666666666667879,2.455078125,0.0,0.0
Jharkhand,Deogarh,Madhupur,Assam C.T.C. Leaf,2013-09-03,26000,26000.0,25940.0,25958.564,0.0,60.0,41.435546875,0.0,60.0,41.435546875,0.0,0.0
Kerala,Malappuram,Parappanangadi,Other,2013-09-03,11000,13000.0,11710.166666666666,11240.019,2000.0,1289.833333333334,1759.9814453125,2000.0,1289.833333333334,1759.9814453125,2000.0,18.181818181818183
Jharkhand,Deogarh,Madhupur,C.T.C. Dust,2013-09-03,17000,17000.0,16974.0,16984.715,0.0,26.0,15.28515625,0.0,26.0,15.28515625,0.0,0.0
Jharkhand,Deogarh,Madhupur,C.T.C. Dust,2013-09-04,17000,17000.0,16989.0,16990.293,0.0,11.0,9.70703125,0.0,11.0,9.70703125,0.0,0.0
Kerala,Malappuram,Manjeri,Other,2013-09-04,15500,15500.0,15500.0,15493.087,0.0,0.0,6.9130859375,0.0,0.0,6.9130859375,0.0,0.0
Jharkhand,Deogarh,Madhupur,Assam C.T.C. Leaf,2013-09-04,26000,26000.0,25940.0,25954.363,0.0,60.0,45.63671875,0.0,60.0,45.63671875,0.0,0.0
Jharkhand,Dhanbad,Dhanbad,Other,2013-09-04,23000,23000.0,23023.333333333332,23012.502,0.0,-23.33333333333212,-12.501953125,0.0,23.33333333333212,12.501953125,0.0,0.0
Kerala,Malappuram,Thirurrangadi,Other,2013-09-05,11000,13000.0,11975.833333333334,11644.194,2000.0,1024.166666666666,1355.8056640625,2000.0,1024.166666666666,1355.8056640625,2000.0,18.181818181818183
Kerala,Malappuram,Parappanangadi,Other,2013-09-05,13000,13000.0,12359.166666666666,12535.277,0.0,640.8333333333339,464.72265625,0.0,640.8333333333339,464.72265625,0.0,0.0
Kerala,Malappuram,Manjeri,Other,2013-09-05,15500,15500.0,15500.0,15494.414,0.0,0.0,5.5859375,0.0,0.0,5.5859375,0.0,0.0
Jharkhand,Deogarh,Madhupur,Assam C.T.C. Leaf,2013-09-06,26000,26000.0,25940.0,25943.654,0.0,60.0,56.345703125,0.0,60.0,56.345703125,0.0,0.0
Jharkhand,Dhanbad,Dhanbad,Other,2013-09-06,23000,23000.0,23010.0,23006.0,0.0,-10.0,-6.0,0.0,10.0,6.0,0.0,0.0
Kerala,Malappuram,Thirurrangadi,Other,2013-09-06,13000,11000.0,12247.0,12240.599,-2000.0,-1247.0,-1240.5986328125,2000.0,1247.0,1240.5986328125,-2000.0,-15.384615384615385
Jharkhand,Deogarh,Madhupur,C.T.C. Dust,2013-09-06,17000,17000.0,16833.333333333332,16973.326,0.0,166.66666666666788,26.673828125,0.0,166.66666666666788,26.673828125,0.0,0.0
Kerala,Malappuram,Parappanangadi,Other,2013-09-06,13000,13000.0,12067.666666666666,12316.061,0.0,932.3333333333339,683.939453125,0.0,932.3333333333339,683.939453125,0.0,0.0
Kerala,Malappuram,Manjeri,Other,2013-09-06,15500,15500.0,15500.0,15494.414,0.0,0.0,5.5859375,0.0,0.0,5.5859375,0.0,0.0
Kerala,Malappuram,Thirurrangadi,Other,2013-09-07,11000,13000.0,11807.666666666666,11484.229,2000.0,1192.333333333334,1515.771484375,2000.0,1192.333333333334,1515.771484375,2000.0,18.181818181818183
Jharkhand,Dhanbad,Dhanbad,Other,2013-09-07,23000,23000.0,23010.0,23003.56,0.0,-10.0,-3.560546875,0.0,10.0,3.560546875,0.0,0.0
Kerala,Malappuram,Manjeri,Other,2013-09-07,15500,15500.0,15500.0,15491.19,0.0,0.0,8.8095703125,0.0,0.0,8.8095703125,0.0,0.0
Kerala,Malappuram,Parappanangadi,Other,2013-09-07,13000,11000.0,12291.5,12432.802,-2000.0,-1291.5,-1432.8017578125,2000.0,1291.5,1432.8017578125,-2000.0,-15.384615384615385
Jharkhand,Dhanbad,Dhanbad,Other,2013-09-08,23000,23000.0,23006.666666666668,23069.156,0.0,-6.666666666667879,-69.15625,0.0,6.666666666667879,69.15625,0.0,0.0
Kerala,Malappuram,Thirurrangadi,Other,2013-09-09,13000,12000.0,12274.666666666666,12326.384,-1000.0,-274.66666666666606,-326.3837890625,1000.0,274.66666666666606,326.3837890625,-1000.0,-7.6923076923076925
Kerala,Malappuram,Manjeri,Other,2013-09-09,15500,15500.0,15508.333333333334,15486.907,0.0,-8.33333333333394,13.0927734375,0.0,8.33333333333394,13.0927734375,0.0,0.0
Kerala,Malappuram,Parappanangadi,Other,2013-09-09,11000,11000.0,11850.333333333334,11571.903,0.0,-850.3333333333339,-571.9033203125,0.0,850.3333333333339,571.9033203125,0.0,0.0
Kerala,Malappuram,Manjeri,Other,2013-09-10,15500,15500.0,15508.333333333334,15493.272,0.0,-8.33333333333394,6.7275390625,0.0,8.33333333333394,6.7275390625,0.0,0.0
Kerala,Malappuram,Thirurrangadi,Other,2013-09-10,12000,12000.0,12097.5,12199.306,0.0,-97.5,-199.3056640625,0.0,97.5,199.3056640625,0.0,0.0
Kerala,Malappuram,Parappanangadi,Other,2013-09-10,11000,11000.0,11619.666666666666,11687.173,0.0,-619.6666666666661,-687.1728515625,0.0,619.6666666666661,687.1728515625,0.0,0.0
Kerala,Malappuram,Thirurrangadi,Other,2013-09-11,12000,12000.0,12155.666666666666,12183.49,0.0,-155.66666666666606,-183.490234375,0.0,155.66666666666606,183.490234375,0.0,0.0
Jharkhand,Dhanbad,Dhanbad,Other,2013-09-11,23000,23000.0,23000.0,22996.236,0.0,0.0,3.763671875,0.0,0.0,3.763671875,0.0,0.0
Kerala,Malappuram,Manjeri,Other,2013-09-11,15500,15500.0,15508.333333333334,15491.299,0.0,-8.33333333333394,8.701171875,0.0,8.33333333333394,8.701171875,0.0,0.0
Kerala,Malappuram,Parappanangadi,Other,2013-09-11,11000,13000.0,11613.166666666666,11436.512,2000.0,1386.833333333334,1563.48828125,2000.0,1386.833333333334,1563.48828125,2000.0,18.181818181818183
Jharkhand,Dhanbad,Dhanbad,Other,2013-09-12,23000,23000.0,23003.333333333332,22987.418,0.0,-3.3333333333321207,12.58203125,0.0,3.3333333333321207,12.58203125,0.0,0.0
Jharkhand,Deogarh,Madhupur,C.T.C. Dust,2013-09-12,17000,17000.0,16960.666666666668,16986.695,0.0,39.33333333333212,13.3046875,0.0,39.33333333333212,13.3046875,0.0,0.0
Jharkhand,Deogarh,Madhupur,Assam C.T.C. Leaf,2013-09-12,26000,26000.0,25940.0,25953.424,0.0,60.0,46.576171875,0.0,60.0,46.576171875,0.0,0.0
Kerala,Malappuram,Manjeri,Other,2013-09-12,15500,15500.0,15508.333333333334,15499.229,0.0,-8.33333333333394,0.771484375,0.0,8.33333333333394,0.771484375,0.0,0.0
Kerala,Malappuram,Parappanangadi,Other,2013-09-12,13000,11000.0,12044.166666666666,10831.929,-2000.0,-1044.166666666666,168.0712890625,2000.0,1044.166666666666,168.0712890625,-2000.0,-15.384615384615385
Kerala,Malappuram,Thirurrangadi,Other,2013-09-12,12000,13000.0,12211.333333333334,12385.767,1000.0,788.6666666666661,614.2333984375,1000.0,788.6666666666661,614.2333984375,1000.0,8.333333333333332
Kerala,Malappuram,Manjeri,Other,2013-09-13,15500,15500.0,15508.333333333334,15499.622,0.0,-8.33333333333394,0.3779296875,0.0,8.33333333333394,0.3779296875,0.0,0.0
Kerala,Malappuram,Parappanangadi,Other,2013-09-13,11000,12000.0,11707.666666666666,11351.627,1000.0,292.33333333333394,648.373046875,1000.0,292.33333333333394,648.373046875,1000.0,9.090909090909092
Kerala,Malappuram,Thirurrangadi,Other,2013-09-13,13000,11000.0,12173.5,12053.728,-2000.0,-1173.5,-1053.7275390625,2000.0,1173.5,1053.7275390625,-2000.0,-15.384615384615385
Kerala,Malappuram,Manjeri,Other,2013-09-14,15500,15500.0,15508.333333333334,15498.187,0.0,-8.33333333333394,1.8134765625,0.0,8.33333333333394,1.8134765625,0.0,0.0
Kerala,Malappuram,Thirurrangadi,Other,2013-09-14,11000,13000.0,11797.333333333334,11055.341,2000.0,1202.666666666666,1944.6591796875,2000.0,1202.666666666666,1944.6591796875,2000.0,18.181818181818183
Jharkhand,Dhanbad,Dhanbad,Other,2013-09-14,23000,23000.0,23016.666666666668,22991.93,0.0,-16.66666666666788,8.0703125,0.0,16.66666666666788,8.0703125,0.0,0.0
Kerala,Malappuram,Parappanangadi,Other,2013-09-14,12000,13000.0,12029.333333333334,11281.725,1000.0,970.6666666666661,1718.275390625,1000.0,970.6666666666661,1718.275390625,1000.0,8.333333333333332
Jharkhand,Dhanbad,Dhanbad,Other,2013-09-15,23000,23000.0,23013.333333333332,22982.898,0.0,-13.33333333333212,17.1015625,0.0,13.33333333333212,17.1015625,0.0,0.0
Jharkhand,Deogarh,Madhupur,Assam C.T.C. Leaf,2013-09-17,26000,26000.0,25946.666666666668,25966.584,0.0,53.33333333333212,33.416015625,0.0,53.33333333333212,33.416015625,0.0,0.0
Jharkhand,Deogarh,Madhupur,C.T.C. Dust,2013-09-17,17000,17000.0,16988.333333333332,16995.64,0.0,11.66666666666788,4.359375,0.0,11.66666666666788,4.359375,0.0,0.0
Kerala,Malappuram,Parappanangadi,Other,2013-09-17,13000,11000.0,12151.0,11178.218,-2000.0,-1151.0,-178.2177734375,2000.0,1151.0,178.2177734375,-2000.0,-15.384615384615385
Kerala,Malappuram,Thirurrangadi,Other,2013-09-17,13000,13000.0,12226.5,12392.097,0.0,773.5,607.9033203125,0.0,773.5,607.9033203125,0.0,0.0
Kerala,Malappuram,Manjeri,Other,2013-09-17,15500,15500.0,15515.0,15500.754,0.0,-15.0,-0.75390625,0.0,15.0,0.75390625,0.0,0.0
Jharkhand,Dhanbad,Dhanbad,Other,2013-09-18,23000,23000.0,23013.333333333332,22987.719,0.0,-13.33333333333212,12.28125,0.0,13.33333333333212,12.28125,0.0,0.0
Kerala,Malappuram,Parappanangadi,Other,2013-09-18,11000,11000.0,11655.0,11219.44,0.0,-655.0,-219.4404296875,0.0,655.0,219.4404296875,0.0,0.0
Kerala,Malappuram,Manjeri,Other,2013-09-18,15500,15500.0,15515.0,15501.824,0.0,-15.0,-1.82421875,0.0,15.0,1.82421875,0.0,0.0
Kerala,Malappuram,Thirurrangadi,Other,2013-09-18,13000,11000.0,12415.5,12588.921,-2000.0,-1415.5,-1588.9208984375,2000.0,1415.5,1588.9208984375,-2000.0,-15.384615384615385
Kerala,Malappuram,Parappanangadi,Other,2013-09-19,11000,11000.0,11328.833333333334,10289.951,0.0,-328.83333333333394,710.048828125,0.0,328.83333333333394,710.048828125,0.0,0.0
Jharkhand,Deogarh,Madhupur,Assam C.T.C. Leaf,2013-09-19,26000,26000.0,25940.0,25947.096,0.0,60.0,52.904296875,0.0,60.0,52.904296875,0.0,0.0
Kerala,Malappuram,Thirurrangadi,Other,2013-09-19,11000,11000.0,11892.333333333334,11324.698,0.0,-892.3333333333339,-324.6982421875,0.0,892.3333333333339,324.6982421875,0.0,0.0
Jharkhand,Deogarh,Madhupur,C.T.C. Dust,2013-09-19,17000,17000.0,16910.0,16976.55,0.0,90.0,23.44921875,0.0,90.0,23.44921875,0.0,0.0
Kerala,Malappuram,Manjeri,Other,2013-09-19,15500,15500.0,15515.0,15496.012,0.0,-15.0,3.98828125,0.0,15.0,3.98828125,0.0,0.0
Kerala,Malappuram,Thirurrangadi,Other,2013-09-20,11000,11000.0,11800.5,11471.332,0.0,-800.5,-471.33203125,0.0,800.5,471.33203125,0.0,0.0
Kerala,Malappuram,Manjeri,Other,2013-09-20,15500,15500.0,15515.0,15496.012,0.0,-15.0,3.98828125,0.0,15.0,3.98828125,0.0,0.0
Jharkhand,Deogarh,Madhupur,C.T.C. Dust,2013-09-20,17000,17000.0,16960.0,16978.598,0.0,40.0,21.40234375,0.0,40.0,21.40234375,0.0,0.0
Kerala,Malappuram,Parappanangadi,Other,2013-09-20,11000,11000.0,11387.333333333334,11334.794,0.0,-387.33333333333394,-334.7939453125,0.0,387.33333333333394,334.7939453125,0.0,0.0
Jharkhand,Dhanbad,Dhanbad,Other,2013-09-20,23000,23000.0,23006.666666666668,22998.494,0.0,-6.666666666667879,1.505859375,0.0,6.666666666667879,1.505859375,0.0,0.0
Jharkhand,Deogarh,Madhupur,Assam C.T.C. Leaf,2013-09-20,26000,26000.0,25940.0,25949.143,0.0,60.0,50.857421875,0.0,60.0,50.857421875,0.0,0.0
Kerala,Malappuram,Parappanangadi,Other,2013-09-21,11000,10000.0,11460.5,11256.202,-1000.0,-1460.5,-1256.2021484375,1000.0,1460.5,1256.2021484375,-1000.0,-9.090909090909092
Kerala,Malappuram,Thirurrangadi,Other,2013-09-21,11000,11000.0,11619.0,11353.063,0.0,-619.0,-353.0634765625,0.0,619.0,353.0634765625,0.0,0.0
Kerala,Malappuram,Manjeri,Other,2013-09-21,15500,16500.0,15515.0,15493.274,1000.0,985.0,1006.7255859375,1000.0,985.0,1006.7255859375,1000.0,6.451612903225806
Jharkhand,Dhanbad,Dhanbad,Other,2013-09-22,23000,23000.0,23046.666666666668,23106.729,0.0,-46.66666666666788,-106.728515625,0.0,46.66666666666788,106.728515625,0.0,0.0
Jharkhand,Deogarh,Madhupur,C.T.C. Dust,2013-09-23,17000,17000.0,16975.666666666668,17024.758,0.0,24.33333333333212,-24.7578125,0.0,24.33333333333212,24.7578125,0.0,0.0
Kerala,Malappuram,Manjeri,Other,2013-09-23,16500,16500.0,16101.666666666666,16128.438,0.0,398.33333333333394,371.5615234375,0.0,398.33333333333394,371.5615234375,0.0,0.0
Kerala,Malappuram,Parappanangadi,Other,2013-09-23,10000,12000.0,11121.333333333334,11369.147,2000.0,878.6666666666661,630.8525390625,2000.0,878.6666666666661,630.8525390625,2000.0,20.0
Kerala,Malappuram,Thirurrangadi,Other,2013-09-23,11000,11000.0,11402.666666666666,10416.405,0.0,-402.66666666666606,583.5947265625,0.0,402.66666666666606,583.5947265625,0.0,0.0
Jharkhand,Dhanbad,Dhanbad,Other,2013-09-23,23000,23000.0,23020.0,23049.168,0.0,-20.0,-49.16796875,0.0,20.0,49.16796875,0.0,0.0
Jharkhand,Deogarh,Madhupur,Assam C.T.C. Leaf,2013-09-23,26000,26000.0,25940.0,25970.965,0.0,60.0,29.03515625,0.0,60.0,29.03515625,0.0,0.0
Jharkhand,Deogarh,Madhupur,Assam C.T.C. Leaf,2013-09-24,26000,26000.0,25940.0,26000.293,0.0,60.0,-0.29296875,0.0,60.0,0.29296875,0.0,0.0
Kerala,Malappuram,Parappanangadi,Other,2013-09-24,12000,12000.0,12083.5,12033.699,0.0,-83.5,-33.69921875,0.0,83.5,33.69921875,0.0,0.0
Kerala,Malappuram,Manjeri,Other,2013-09-24,16500,16500.0,16420.0,16415.148,0.0,80.0,84.8515625,0.0,80.0,84.8515625,0.0,0.0
Kerala,Malappuram,Thirurrangadi,Other,2013-09-24,11000,12000.0,11278.5,10441.185,1000.0,721.5,1558.8154296875,1000.0,721.5,1558.8154296875,1000.0,9.090909090909092
Jharkhand,Deogarh,Madhupur,C.T.C. Dust,2013-09-24,17000,17000.0,16991.666666666668,16987.244,0.0,8.33333333333212,12.755859375,0.0,8.33333333333212,12.755859375,0.0,0.0
Jharkhand,Dhanbad,Dhanbad,Other,2013-09-24,23000,23000.0,23010.0,23020.912,0.0,-10.0,-20.912109375,0.0,10.0,20.912109375,0.0,0.0
Kerala,Malappuram,Manjeri,Other,2013-09-25,16500,16500.0,16496.666666666668,16400.299,0.0,3.3333333333321207,99.701171875,0.0,3.3333333333321207,99.701171875,0.0,0.0
Jharkhand,Dhanbad,Dhanbad,Other,2013-09-25,23000,23000.0,23010.0,23024.945,0.0,-10.0,-24.9453125,0.0,10.0,24.9453125,0.0,0.0
Kerala,Malappuram,Parappanangadi,Other,2013-09-25,12000,11000.0,12227.0,12098.028,-1000.0,-1227.0,-1098.0283203125,1000.0,1227.0,1098.0283203125,-1000.0,-8.333333333333332
Kerala,Malappuram,Thirurrangadi,Other,2013-09-25,12000,12000.0,12050.333333333334,10756.203,0.0,-50.33333333333394,1243.796875,0.0,50.33333333333394,1243.796875,0.0,0.0
Jharkhand,Deogarh,Madhupur,Assam C.T.C. Leaf,2013-09-25,26000,26000.0,25940.0,25945.014,0.0,60.0,54.986328125,0.0,60.0,54.986328125,0.0,0.0
Jharkhand,Deogarh,Madhupur,C.T.C. Dust,2013-09-25,17000,17000.0,16921.666666666668,16971.533,0.0,78.33333333333212,28.466796875,0.0,78.33333333333212,28.466796875,0.0,0.0
Kerala,Malappuram,Thirurrangadi,Other,2013-09-26,12000,12000.0,12212.666666666666,12207.223,0.0,-212.66666666666606,-207.22265625,0.0,212.66666666666606,207.22265625,0.0,0.0
Jharkhand,Deogarh,Madhupur,C.T.C. Dust,2013-09-26,17000,17000.0,16923.333333333332,16978.723,0.0,76.66666666666788,21.27734375,0.0,76.66666666666788,21.27734375,0.0,0.0
Kerala,Malappuram,Manjeri,Other,2013-09-26,16500,16500.0,16520.0,16445.898,0.0,-20.0,54.1015625,0.0,20.0,54.1015625,0.0,0.0
Jharkhand,Deogarh,Madhupur,Assam C.T.C. Leaf,2013-09-26,26000,26000.0,25940.0,25953.477,0.0,60.0,46.5234375,0.0,60.0,46.5234375,0.0,0.0
Kerala,Malappuram,Parappanangadi,Other,2013-09-26,11000,11000.0,11519.666666666666,11702.168,0.0,-519.6666666666661,-702.16796875,0.0,519.6666666666661,702.16796875,0.0,0.0
Kerala,Malappuram,Thirurrangadi,Other,2013-09-27,12000,11000.0,12250.833333333334,12053.388,-1000.0,-1250.833333333334,-1053.3876953125,1000.0,1250.833333333334,1053.3876953125,-1000.0,-8.333333333333332
Jharkhand,Dhanbad,Dhanbad,Other,2013-09-27,23000,23000.0,23010.0,23011.018,0.0,-10.0,-11.017578125,0.0,10.0,11.017578125,0.0,0.0
Kerala,Malappuram,Parappanangadi,Other,2013-09-27,11000,10000.0,11387.333333333334,11471.845,-1000.0,-1387.333333333334,-1471.8447265625,1000.0,1387.333333333334,1471.8447265625,-1000.0,-9.090909090909092
Kerala,Malappuram,Manjeri,Other,2013-09-27,16500,16500.0,16485.0,16452.484,0.0,15.0,47.515625,0.0,15.0,47.515625,0.0,0.0
Jharkhand,Deogarh,Madhupur,Assam C.T.C. Leaf,2013-09-27,26000,26000.0,25940.0,25962.63,0.0,60.0,37.369140625,0.0,60.0,37.369140625,0.0,0.0
Jharkhand,Deogarh,Madhupur,C.T.C. Dust,2013-09-27,17000,17000.0,16966.666666666668,16987.76,0.0,33.33333333333212,12.240234375,0.0,33.33333333333212,12.240234375,0.0,0.0
Kerala,Malappuram,Parappanangadi,Other,2013-09-28,10000,10000.0,11069.166666666666,11066.494,0.0,-1069.166666666666,-1066.494140625,0.0,1069.166666666666,1066.494140625,0.0,0.0
Kerala,Malappuram,Thirurrangadi,Other,2013-09-28,11000,12000.0,11662.666666666666,11430.267,1000.0,337.33333333333394,569.7333984375,1000.0,337.33333333333394,569.7333984375,1000.0,9.090909090909092
Kerala,Malappuram,Manjeri,Other,2013-09-28,16500,16500.0,16503.333333333332,16434.781,0.0,-3.3333333333321207,65.21875,0.0,3.3333333333321207,65.21875,0.0,0.0
Jharkhand,Dhanbad,Dhanbad,Other,2013-09-29,23000,23000.0,23006.666666666668,23015.031,0.0,-6.666666666667879,-15.03125,0.0,6.666666666667879,15.03125,0.0,0.0
Kerala,Malappuram,Manjeri,Other,2013-09-30,16500,16500.0,16531.666666666668,16235.774,0.0,-31.66666666666788,264.2255859375,0.0,31.66666666666788,264.2255859375,0.0,0.0
Jharkhand,Deogarh,Madhupur,Assam C.T.C. Leaf,2013-09-30,26000,26000.0,25940.0,25970.717,0.0,60.0,29.283203125,0.0,60.0,29.283203125,0.0,0.0
Kerala,Malappuram,Thirurrangadi,Other,2013-09-30,12000,11000.0,12142.333333333334,11917.513,-1000.0,-1142.333333333334,-917.5126953125,1000.0,1142.333333333334,917.5126953125,-1000.0,-8.333333333333332
Kerala,Malappuram,Parappanangadi,Other,2013-09-30,10000,11000.0,10774.4,10884.887,1000.0,225.60000000000036,115.11328125,1000.0,225.60000000000036,115.11328125,1000.0,10.0
Jharkhand,Dhanbad,Dhanbad,Other,2013-09-30,23000,23000.0,23010.0,23021.918,0.0,-10.0,-21.91796875,0.0,10.0,21.91796875,0.0,0.0
Jharkhand,Deogarh,Madhupur,C.T.C. Dust,2013-09-30,17000,17000.0,16960.0,16991.604,0.0,40.0,8.396484375,0.0,40.0,8.396484375,0.0,0.0
Kerala,Malappuram,Manjeri,Other,2013-10-01,16500,16500.0,16559.666666666668,16654.607,0.0,-59.66666666666788,-154.607421875,0.0,59.66666666666788,154.607421875,0.0,0.0
Kerala,Malappuram,Thirurrangadi,Other,2013-10-01,11000,13000.0,11659.833333333334,11757.457,2000.0,1340.166666666666,1242.54296875,2000.0,1340.166666666666,1242.54296875,2000.0,18.181818181818183
Jharkhand,Deogarh,Madhupur,Assam C.T.C. Leaf,2013-10-01,26000,26000.0,25946.666666666668,25958.965,0.0,53.33333333333212,41.03515625,0.0,53.33333333333212,41.03515625,0.0,0.0
Jharkhand,Dhanbad,Dhanbad,Other,2013-10-01,23000,23000.0,23056.666666666668,22994.568,0.0,-56.66666666666788,5.431640625,0.0,56.66666666666788,5.431640625,0.0,0.0
Kerala,Malappuram,Parappanangadi,Other,2013-10-01,11000,10000.0,11079.166666666666,11021.104,-1000.0,-1079.166666666666,-1021.103515625,1000.0,1079.166666666666,1021.103515625,-1000.0,-9.090909090909092
Jharkhand,Deogarh,Madhupur,C.T.C. Dust,2013-10-01,17000,17000.0,16977.333333333332,16986.81,0.0,22.66666666666788,13.189453125,0.0,22.66666666666788,13.189453125,0.0,0.0
Kerala,Malappuram,Manjeri,Other,2013-10-02,16500,16500.0,16614.0,16717.605,0.0,-114.0,-217.60546875,0.0,114.0,217.60546875,0.0,0.0
Kerala,Malappuram,Manjeri,Other,2013-10-03,16500,16500.0,16690.666666666668,16783.988,0.0,-190.66666666666788,-283.98828125,0.0,190.66666666666788,283.98828125,0.0,0.0
Jharkhand,Deogarh,Madhupur,C.T.C. Dust,2013-10-03,17000,17000.0,16961.333333333332,16989.867,0.0,38.66666666666788,10.1328125,0.0,38.66666666666788,10.1328125,0.0,0.0
Kerala,Malappuram,Thirurrangadi,Other,2013-10-03,13000,13000.0,11952.333333333334,12095.243,0.0,1047.666666666666,904.7568359375,0.0,1047.666666666666,904.7568359375,0.0,0.0
Kerala,Malappuram,Parappanangadi,Other,2013-10-03,10000,12000.0,10981.666666666666,10749.424,2000.0,1018.3333333333339,1250.576171875,2000.0,1018.3333333333339,1250.576171875,2000.0,20.0
Jharkhand,Deogarh,Madhupur,Assam C.T.C. Leaf,2013-10-03,26000,26000.0,25940.0,25958.469,0.0,60.0,41.53125,0.0,60.0,41.53125,0.0,0.0
Kerala,Malappuram,Thirurrangadi,Other,2013-10-04,13000,13000.0,12303.666666666666,12336.328,0.0,696.3333333333339,663.671875,0.0,696.3333333333339,663.671875,0.0,0.0
Kerala,Malappuram,Manjeri,Other,2013-10-04,16500,16500.0,16669.0,16770.273,0.0,-169.0,-270.2734375,0.0,169.0,270.2734375,0.0,0.0
Kerala,Malappuram,Parappanangadi,Other,2013-10-04,12000,12000.0,11959.666666666666,11876.509,0.0,40.33333333333394,123.4912109375,0.0,40.33333333333394,123.4912109375,0.0,0.0
Kerala,Malappuram,Parappanangadi,Other,2013-10-05,12000,13000.0,12039.166666666666,11778.961,1000.0,960.8333333333339,1221.0390625,1000.0,960.8333333333339,1221.0390625,1000.0,8.333333333333332
Jharkhand,Deogarh,Madhupur,C.T.C. Dust,2013-10-05,17000,17000.0,16991.333333333332,16986.424,0.0,8.66666666666788,13.576171875,0.0,8.66666666666788,13.576171875,0.0,0.0
Jharkhand,Dhanbad,Dhanbad,Other,2013-10-05,23000,23000.0,23063.333333333332,23103.266,0.0,-63.33333333333212,-103.265625,0.0,63.33333333333212,103.265625,0.0,0.0
Kerala,Malappuram,Thirurrangadi,Other,2013-10-05,13000,12000.0,12217.666666666666,12336.491,-1000.0,-217.66666666666606,-336.4912109375,1000.0,217.66666666666606,336.4912109375,-1000.0,-7.6923076923076925
Kerala,Malappuram,Manjeri,Other,2013-10-05,16500,16500.0,16666.0,16728.219,0.0,-166.0,-228.21875,0.0,166.0,228.21875,0.0,0.0
Jharkhand,Deogarh,Madhupur,Assam C.T.C. Leaf,2013-10-05,26000,26000.0,25940.0,25955.025,0.0,60.0,44.974609375,0.0,60.0,44.974609375,0.0,0.0
Kerala,Malappuram,Thirurrangadi,Other,2013-10-07,12000,12000.0,12155.666666666666,12227.572,0.0,-155.66666666666606,-227.572265625,0.0,155.66666666666606,227.572265625,0.0,0.0
Kerala,Malappuram,Manjeri,Other,2013-10-07,16500,16500.0,16619.0,16625.076,0.0,-119.0,-125.076171875,0.0,119.0,125.076171875,0.0,0.0
Kerala,Malappuram,Parappanangadi,Other,2013-10-07,13000,12000.0,12042.666666666666,12151.688,-1000.0,-42.66666666666606,-151.6884765625,1000.0,42.66666666666606,151.6884765625,-1000.0,-7.6923076923076925
Jharkhand,Deogarh,Madhupur,Assam C.T.C. Leaf,2013-10-08,26000,26000.0,25940.0,25958.465,0.0,60.0,41.53515625,0.0,60.0,41.53515625,0.0,0.0
Kerala,Malappuram,Manjeri,Other,2013-10-08,16500,16500.0,16625.333333333332,16653.637,0.0,-125.33333333333212,-153.63671875,0.0,125.33333333333212,153.63671875,0.0,0.0
Kerala,Malappuram,Parappanangadi,Other,2013-10-08,12000,14000.0,12160.166666666666,12035.314,2000.0,1839.833333333334,1964.685546875,2000.0,1839.833333333334,1964.685546875,2000.0,16.666666666666664
Kerala,Malappuram,Thirurrangadi,Other,2013-10-08,12000,12000.0,12170.333333333334,12211.386,0.0,-170.33333333333394,-211.3857421875,0.0,170.33333333333394,211.3857421875,0.0,0.0
Jharkhand,Deogarh,Madhupur,C.T.C. Dust,2013-10-08,17000,17000.0,16974.0,16982.48,0.0,26.0,17.51953125,0.0,26.0,17.51953125,0.0,0.0
Jharkhand,Dhanbad,Dhanbad,Other,2013-10-08,23000,23000.0,23030.0,23014.033,0.0,-30.0,-14.033203125,0.0,30.0,14.033203125,0.0,0.0
Jharkhand,Deogarh,Madhupur,C.T.C. Dust,2013-10-09,17000,17000.0,16970.666666666668,16981.883,0.0,29.33333333333212,18.1171875,0.0,29.33333333333212,18.1171875,0.0,0.0
Kerala,Malappuram,Manjeri,Other,2013-10-09,16500,16500.0,16701.666666666668,16769.365,0.0,-201.66666666666788,-269.365234375,0.0,201.66666666666788,269.365234375,0.0,0.0
Jharkhand,Deogarh,Madhupur,Assam C.T.C. Leaf,2013-10-09,26000,26000.0,25940.0,25952.154,0.0,60.0,47.845703125,0.0,60.0,47.845703125,0.0,0.0
Jharkhand,Dhanbad,Dhanbad,Other,2013-10-09,23000,23000.0,23026.666666666668,23006.793,0.0,-26.66666666666788,-6.79296875,0.0,26.66666666666788,6.79296875,0.0,0.0
Kerala,Malappuram,Parappanangadi,Other,2013-10-09,14000,12000.0,12815.0,12332.987,-2000.0,-815.0,-332.9873046875,2000.0,815.0,332.9873046875,-2000.0,-14.285714285714285
Kerala,Malappuram,Thirurrangadi,Other,2013-10-09,12000,13000.0,12178.333333333334,12198.94,1000.0,821.6666666666661,801.0595703125,1000.0,821.6666666666661,801.0595703125,1000.0,8.333333333333332
Jharkhand,Deogarh,Madhupur,Assam C.T.C. Leaf,2013-10-10,26000,26000.0,25940.0,25951.904,0.0,60.0,48.095703125,0.0,60.0,48.095703125,0.0,0.0
Jharkhand,Deogarh,Madhupur,C.T.C. Dust,2013-10-10,17000,17000.0,16960.666666666668,16981.865,0.0,39.33333333333212,18.134765625,0.0,39.33333333333212,18.134765625,0.0,0.0
Kerala,Malappuram,Manjeri,Other,2013-10-10,16500,16500.0,16710.0,16787.084,0.0,-210.0,-287.083984375,0.0,210.0,287.083984375,0.0,0.0
Kerala,Malappuram,Parappanangadi,Other,2013-10-10,12000,14000.0,11921.0,11500.935,2000.0,2079.0,2499.0654296875,2000.0,2079.0,2499.0654296875,2000.0,16.666666666666664
Kerala,Malappuram,Thirurrangadi,Other,2013-10-10,13000,13000.0,12021.666666666666,12311.051,0.0,978.3333333333339,688.94921875,0.0,978.3333333333339,688.94921875,0.0,0.0
Kerala,Malappuram,Thirurrangadi,Other,2013-10-11,13000,13000.0,12276.666666666666,12658.825,0.0,723.3333333333339,341.1748046875,0.0,723.3333333333339,341.1748046875,0.0,0.0
Kerala,Malappuram,Manjeri,Other,2013-10-11,16500,16500.0,16741.666666666668,16922.652,0.0,-241.66666666666788,-422.65234375,0.0,241.66666666666788,422.65234375,0.0,0.0
Kerala,Malappuram,Parappanangadi,Other,2013-10-11,14000,13000.0,12851.166666666666,13649.726,-1000.0,148.83333333333394,-649.7255859375,1000.0,148.83333333333394,649.7255859375,-1000.0,-7.142857142857142
Kerala,Malappuram,Thirurrangadi,Other,2013-10-12,13000,13000.0,12659.166666666666,12714.047,0.0,340.83333333333394,285.953125,0.0,340.83333333333394,285.953125,0.0,0.0
Kerala,Malappuram,Parappanangadi,Other,2013-10-12,13000,12000.0,12255.833333333334,12394.099,-1000.0,-255.83333333333394,-394.0986328125,1000.0,255.83333333333394,394.0986328125,-1000.0,-7.6923076923076925
Kerala,Malappuram,Manjeri,Other,2013-10-12,16500,16500.0,16765.0,16946.52,0.0,-265.0,-446.51953125,0.0,265.0,446.51953125,0.0,0.0
Jharkhand,Dhanbad,Dhanbad,Other,2013-10-12,23000,23000.0,23006.666666666668,23006.912,0.0,-6.666666666667879,-6.912109375,0.0,6.666666666667879,6.912109375,0.0,0.0
Kerala,Malappuram,Manjeri,Other,2013-10-14,16500,16500.0,16796.666666666668,16925.615,0.0,-296.6666666666679,-425.615234375,0.0,296.6666666666679,425.615234375,0.0,0.0
Kerala,Malappuram,Thirurrangadi,Other,2013-10-15,13000,13000.0,12485.333333333334,12696.186,0.0,514.6666666666661,303.814453125,0.0,514.6666666666661,303.814453125,0.0,0.0
Kerala,Malappuram,Parappanangadi,Other,2013-10-15,12000,13000.0,12122.333333333334,12115.982,1000.0,877.6666666666661,884.017578125,1000.0,877.6666666666661,884.017578125,1000.0,8.333333333333332
Kerala,Malappuram,Manjeri,Other,2013-10-15,16500,16500.0,16806.666666666668,16933.723,0.0,-306.6666666666679,-433.72265625,0.0,306.6666666666679,433.72265625,0.0,0.0
Jharkhand,Dhanbad,Dhanbad,Other,2013-10-15,23000,23000.0,23010.0,22994.422,0.0,-10.0,5.578125,0.0,10.0,5.578125,0.0,0.0
Jharkhand,Dhanbad,Dhanbad,Other,2013-10-16,23000,23000.0,23010.0,22996.148,0.0,-10.0,3.8515625,0.0,10.0,3.8515625,0.0,0.0
Kerala,Malappuram,Thirurrangadi,Other,2013-10-17,13000,13000.0,12619.333333333334,12658.792,0.0,380.66666666666606,341.2080078125,0.0,380.66666666666606,341.2080078125,0.0,0.0
Jharkhand,Dhanbad,Dhanbad,Other,2013-10-17,23000,23000.0,23010.0,22996.92,0.0,-10.0,3.080078125,0.0,10.0,3.080078125,0.0,0.0
Kerala,Malappuram,Parappanangadi,Other,2013-10-17,13000,12000.0,12188.666666666666,12253.297,-1000.0,-188.66666666666606,-253.296875,1000.0,188.66666666666606,253.296875,-1000.0,-7.6923076923076925
Kerala,Malappuram,Manjeri,Other,2013-10-18,16500,16500.0,16790.0,16951.977,0.0,-290.0,-451.9765625,0.0,290.0,451.9765625,0.0,0.0
Kerala,Malappuram,Thirurrangadi,Other,2013-10-18,13000,12000.0,12352.0,12529.281,-1000.0,-352.0,-529.28125,1000.0,352.0,529.28125,-1000.0,-7.6923076923076925
Jharkhand,Dhanbad,Dhanbad,Other,2013-10-18,23000,23000.0,23073.333333333332,22997.906,0.0,-73.33333333333212,2.09375,0.0,73.33333333333212,2.09375,0.0,0.0
Kerala,Malappuram,Parappanangadi,Other,2013-10-18,12000,12000.0,12173.5,12263.626,0.0,-173.5,-263.6259765625,0.0,173.5,263.6259765625,0.0,0.0
Kerala,Malappuram,Manjeri,Other,2013-10-19,16500,16500.0,16798.333333333332,16943.672,0.0,-298.3333333333321,-443.671875,0.0,298.3333333333321,443.671875,0.0,0.0
Kerala,Malappuram,Parappanangadi,Other,2013-10-19,12000,12000.0,12189.333333333334,12137.263,0.0,-189.33333333333394,-137.2626953125,0.0,189.33333333333394,137.2626953125,0.0,0.0
Jharkhand,Dhanbad,Dhanbad,Other,2013-10-19,23000,23000.0,23053.333333333332,23260.902,0.0,-53.33333333333212,-260.90234375,0.0,53.33333333333212,260.90234375,0.0,0.0
Jharkhand,Dhanbad,Dhanbad,Other,2013-10-20,23000,23000.0,23050.0,23000.64,0.0,-50.0,-0.640625,0.0,50.0,0.640625,0.0,0.0
Kerala,Malappuram,Thirurrangadi,Other,2013-10-21,12000,12000.0,12303.0,12356.922,0.0,-303.0,-356.921875,0.0,303.0,356.921875,0.0,0.0
Kerala,Malappuram,Manjeri,Other,2013-10-21,16500,16500.0,16841.666666666668,16921.41,0.0,-341.6666666666679,-421.41015625,0.0,341.6666666666679,421.41015625,0.0,0.0
Jharkhand,Dhanbad,Dhanbad,Other,2013-10-21,23000,23000.0,23006.666666666668,23019.768,0.0,-6.666666666667879,-19.767578125,0.0,6.666666666667879,19.767578125,0.0,0.0
Jharkhand,Deogarh,Madhupur,Assam C.T.C. Leaf,2013-10-21,26000,26000.0,25940.0,25999.264,0.0,60.0,0.736328125,0.0,60.0,0.736328125,0.0,0.0
Jharkhand,Deogarh,Madhupur,C.T.C. Dust,2013-10-21,17000,17000.0,16987.333333333332,16987.104,0.0,12.66666666666788,12.896484375,0.0,12.66666666666788,12.896484375,0.0,0.0
Kerala,Malappuram,Parappanangadi,Other,2013-10-21,12000,13000.0,12221.166666666666,12094.214,1000.0,778.8333333333339,905.7861328125,1000.0,778.8333333333339,905.7861328125,1000.0,8.333333333333332
Kerala,Malappuram,Thirurrangadi,Other,2013-10-22,12000,12000.0,12465.666666666666,12473.186,0.0,-465.66666666666606,-473.185546875,0.0,465.66666666666606,473.185546875,0.0,0.0
Kerala,Malappuram,Parappanangadi,Other,2013-10-22,13000,16000.0,12324.666666666666,12272.734,3000.0,3675.333333333334,3727.265625,3000.0,3675.333333333334,3727.265625,3000.0,23.076923076923077
Kerala,Malappuram,Manjeri,Other,2013-10-22,16500,16500.0,16821.666666666668,16926.95,0.0,-321.6666666666679,-426.94921875,0.0,321.6666666666679,426.94921875,0.0,0.0
Kerala,Malappuram,Manjeri,Other,2013-10-23,16500,16500.0,16795.0,16927.646,0.0,-295.0,-427.646484375,0.0,295.0,427.646484375,0.0,0.0
Kerala,Malappuram,Thirurrangadi,Other,2013-10-23,12000,14000.0,12639.666666666666,12617.741,2000.0,1360.333333333334,1382.2587890625,2000.0,1360.333333333334,1382.2587890625,2000.0,16.666666666666664
Jharkhand,Deogarh,Madhupur,C.T.C. Dust,2013-10-24,17000,17000.0,16915.0,16977.535,0.0,85.0,22.46484375,0.0,85.0,22.46484375,0.0,0.0
Kerala,Malappuram,Manjeri,Other,2013-10-24,16500,16500.0,16788.333333333332,16938.541,0.0,-288.3333333333321,-438.541015625,0.0,288.3333333333321,438.541015625,0.0,0.0
Jharkhand,Deogarh,Madhupur,Assam C.T.C. Leaf,2013-10-24,26000,26000.0,25940.0,25948.457,0.0,60.0,51.54296875,0.0,60.0,51.54296875,0.0,0.0
Kerala,Malappuram,Manjeri,Other,2013-10-25,16500,16500.0,16791.666666666668,16903.012,0.0,-291.6666666666679,-403.01171875,0.0,291.6666666666679,403.01171875,0.0,0.0
Jharkhand,Deogarh,Madhupur,C.T.C. Dust,2013-10-26,17000,17000.0,16960.0,16973.775,0.0,40.0,26.224609375,0.0,40.0,26.224609375,0.0,0.0
Jharkhand,Deogarh,Madhupur,Assam C.T.C. Leaf,2013-10-26,26000,26000.0,25940.0,25947.7,0.0,60.0,52.30078125,0.0,60.0,52.30078125,0.0,0.0
Kerala,Malappuram,Manjeri,Other,2013-10-26,16500,16500.0,16821.666666666668,16903.32,0.0,-321.6666666666679,-403.3203125,0.0,321.6666666666679,403.3203125,0.0,0.0
Jharkhand,Dhanbad,Dhanbad,Other,2013-10-27,23000,23000.0,23020.0,23009.773,0.0,-20.0,-9.7734375,0.0,20.0,9.7734375,0.0,0.0
Jharkhand,Deogarh,Madhupur,Assam C.T.C. Leaf,2013-10-28,26000,26000.0,25940.0,26133.63,0.0,60.0,-133.630859375,0.0,60.0,133.630859375,0.0,0.0
Kerala,Malappuram,Manjeri,Other,2013-10-28,16500,16500.0,16835.0,16894.143,0.0,-335.0,-394.142578125,0.0,335.0,394.142578125,0.0,0.0
Jharkhand,Deogarh,Madhupur,C.T.C. Dust,2013-10-28,17000,17000.0,16967.666666666668,17128.46,0.0,32.33333333333212,-128.4609375,0.0,32.33333333333212,128.4609375,0.0,0.0
Jharkhand,Dhanbad,Dhanbad,Other,2013-10-28,23000,23000.0,23006.666666666668,23031.42,0.0,-6.666666666667879,-31.419921875,0.0,6.666666666667879,31.419921875,0.0,0.0
Jharkhand,Dhanbad,Dhanbad,Other,2013-10-29,23000,23000.0,22993.333333333332,23021.115,0.0,6.666666666667879,-21.115234375,0.0,6.666666666667879,21.115234375,0.0,0.0
Kerala,Malappuram,Manjeri,Other,2013-10-29,16500,16500.0,16841.666666666668,16901.178,0.0,-341.6666666666679,-401.177734375,0.0,341.6666666666679,401.177734375,0.0,0.0
Jharkhand,Dhanbad,Dhanbad,Other,2013-10-30,23000,23000.0,23016.666666666668,23010.875,0.0,-16.66666666666788,-10.875,0.0,16.66666666666788,10.875,0.0,0.0
Kerala,Malappuram,Manjeri,Other,2013-10-30,16500,16500.0,16873.333333333332,16913.793,0.0,-373.3333333333321,-413.79296875,0.0,373.3333333333321,413.79296875,0.0,0.0
Jharkhand,Dhanbad,Dhanbad,Other,2013-10-31,23000,23000.0,23063.333333333332,23000.441,0.0,-63.33333333333212,-0.44140625,0.0,63.33333333333212,0.44140625,0.0,0.0
Kerala,Malappuram,Manjeri,Other,2013-10-31,16500,16500.0,16876.666666666668,16913.139,0.0,-376.6666666666679,-413.138671875,0.0,376.6666666666679,413.138671875,0.0,0.0
Jharkhand,Dhanbad,Dhanbad,Other,2013-11-01,23000,23000.0,22996.666666666668,22999.041,0.0,3.3333333333321207,0.958984375,0.0,3.3333333333321207,0.958984375,0.0,0.0
Jharkhand,Deogarh,Madhupur,C.T.C. Dust,2013-11-01,17000,17000.0,16967.333333333332,16989.932,0.0,32.66666666666788,10.068359375,0.0,32.66666666666788,10.068359375,0.0,0.0
Jharkhand,Deogarh,Madhupur,Assam C.T.C. Leaf,2013-11-01,26000,26000.0,25940.0,25951.959,0.0,60.0,48.041015625,0.0,60.0,48.041015625,0.0,0.0
Kerala,Malappuram,Manjeri,Other,2013-11-01,16500,16500.0,16898.333333333332,16895.17,0.0,-398.3333333333321,-395.169921875,0.0,398.3333333333321,395.169921875,0.0,0.0
Jharkhand,Deogarh,Madhupur,C.T.C. Dust,2013-11-02,17000,17000.0,16910.0,16971.72,0.0,90.0,28.279296875,0.0,90.0,28.279296875,0.0,0.0
Jharkhand,Deogarh,Madhupur,Assam C.T.C. Leaf,2013-11-02,26000,26000.0,25940.0,25940.006,0.0,60.0,59.994140625,0.0,60.0,59.994140625,0.0,0.0
Kerala,Malappuram,Manjeri,Other,2013-11-02,16500,16500.0,16901.666666666668,16893.736,0.0,-401.6666666666679,-393.736328125,0.0,401.6666666666679,393.736328125,0.0,0.0
Jharkhand,Deogarh,Madhupur,C.T.C. Dust,2013-11-04,17000,17000.0,16984.0,17032.555,0.0,16.0,-32.5546875,0.0,16.0,32.5546875,0.0,0.0
Kerala,Malappuram,Manjeri,Other,2013-11-04,16500,16500.0,16883.333333333332,16875.875,0.0,-383.3333333333321,-375.875,0.0,383.3333333333321,375.875,0.0,0.0
Jharkhand,Dhanbad,Dhanbad,Other,2013-11-04,23000,23000.0,22996.666666666668,22996.393,0.0,3.3333333333321207,3.607421875,0.0,3.3333333333321207,3.607421875,0.0,0.0
Jharkhand,Deogarh,Madhupur,Assam C.T.C. Leaf,2013-11-04,26000,26000.0,25940.0,26044.36,0.0,60.0,-44.359375,0.0,60.0,44.359375,0.0,0.0
Jharkhand,Dhanbad,Dhanbad,Other,2013-11-05,23000,23000.0,23013.333333333332,22989.88,0.0,-13.33333333333212,10.119140625,0.0,13.33333333333212,10.119140625,0.0,0.0
Kerala,Malappuram,Manjeri,Other,2013-11-05,16500,16500.0,16885.0,16891.256,0.0,-385.0,-391.255859375,0.0,385.0,391.255859375,0.0,0.0
Jharkhand,Dhanbad,Dhanbad,Other,2013-11-06,23000,23000.0,23000.0,22993.75,0.0,0.0,6.25,0.0,0.0,6.25,0.0,0.0
Jharkhand,Deogarh,Madhupur,Assam C.T.C. Leaf,2013-11-06,26000,26000.0,25940.0,25952.617,0.0,60.0,47.3828125,0.0,60.0,47.3828125,0.0,0.0
Kerala,Malappuram,Manjeri,Other,2013-11-06,16500,16500.0,16883.333333333332,16891.69,0.0,-383.3333333333321,-391.689453125,0.0,383.3333333333321,391.689453125,0.0,0.0
Jharkhand,Deogarh,Madhupur,C.T.C. Dust,2013-11-06,17000,17000.0,16966.666666666668,16988.547,0.0,33.33333333333212,11.453125,0.0,33.33333333333212,11.453125,0.0,0.0
Jharkhand,Deogarh,Madhupur,Assam C.T.C. Leaf,2013-11-07,26000,26000.0,25940.0,25944.518,0.0,60.0,55.482421875,0.0,60.0,55.482421875,0.0,0.0
Kerala,Malappuram,Manjeri,Other,2013-11-07,16500,16500.0,16890.0,16891.229,0.0,-390.0,-391.228515625,0.0,390.0,391.228515625,0.0,0.0
Jharkhand,Deogarh,Madhupur,C.T.C. Dust,2013-11-07,17000,17000.0,16933.333333333332,16972.402,0.0,66.66666666666788,27.59765625,0.0,66.66666666666788,27.59765625,0.0,0.0
Jharkhand,Dhanbad,Dhanbad,Other,2013-11-08,23000,23000.0,22986.666666666668,23007.324,0.0,13.33333333333212,-7.32421875,0.0,13.33333333333212,7.32421875,0.0,0.0
Kerala,Malappuram,Manjeri,Other,2013-11-08,16500,16500.0,16890.0,16891.229,0.0,-390.0,-391.228515625,0.0,390.0,391.228515625,0.0,0.0
Kerala,Malappuram,Manjeri,Other,2013-11-09,16500,16500.0,16893.333333333332,16889.795,0.0,-393.3333333333321,-389.794921875,0.0,393.3333333333321,389.794921875,0.0,0.0
Kerala,Malappuram,Manjeri,Other,2013-11-11,16500,16500.0,16881.666666666668,16875.012,0.0,-381.6666666666679,-375.01171875,0.0,381.6666666666679,375.01171875,0.0,0.0
Jharkhand,Deogarh,Madhupur,C.T.C. Dust,2013-11-11,17000,17000.0,16997.333333333332,16980.371,0.0,2.6666666666678793,19.62890625,0.0,2.6666666666678793,19.62890625,0.0,0.0
Jharkhand,Deogarh,Madhupur,Assam C.T.C. Leaf,2013-11-11,26000,26000.0,25946.666666666668,25992.807,0.0,53.33333333333212,7.193359375,0.0,53.33333333333212,7.193359375,0.0,0.0
Kerala,Malappuram,Manjeri,Other,2013-11-12,16500,16500.0,16893.333333333332,16912.285,0.0,-393.3333333333321,-412.28515625,0.0,393.3333333333321,412.28515625,0.0,0.0
Jharkhand,Dhanbad,Dhanbad,Other,2013-11-12,23000,23000.0,22996.666666666668,23021.0,0.0,3.3333333333321207,-21.0,0.0,3.3333333333321207,21.0,0.0,0.0
Jharkhand,Deogarh,Madhupur,C.T.C. Dust,2013-11-13,17000,17000.0,16953.333333333332,16979.422,0.0,46.66666666666788,20.578125,0.0,46.66666666666788,20.578125,0.0,0.0
Jharkhand,Deogarh,Madhupur,Assam C.T.C. Leaf,2013-11-13,26000,25000.0,25940.0,25950.38,-1000.0,-940.0,-950.380859375,1000.0,940.0,950.380859375,-1000.0,-3.8461538461538463
Jharkhand,Dhanbad,Dhanbad,Other,2013-11-13,23000,23000.0,22986.666666666668,22996.781,0.0,13.33333333333212,3.21875,0.0,13.33333333333212,3.21875,0.0,0.0
Kerala,Malappuram,Manjeri,Other,2013-11-13,16500,16500.0,16890.0,16913.111,0.0,-390.0,-413.111328125,0.0,390.0,413.111328125,0.0,0.0
Kerala,Malappuram,Manjeri,Other,2013-11-14,16500,16500.0,16905.0,16914.535,0.0,-405.0,-414.53515625,0.0,405.0,414.53515625,0.0,0.0
Kerala,Malappuram,Manjeri,Other,2013-11-15,16500,16500.0,16906.666666666668,16914.535,0.0,-406.6666666666679,-414.53515625,0.0,406.6666666666679,414.53515625,0.0,0.0
Jharkhand,Deogarh,Madhupur,C.T.C. Dust,2013-11-16,17000,17000.0,16978.666666666668,17019.951,0.0,21.33333333333212,-19.951171875,0.0,21.33333333333212,19.951171875,0.0,0.0
Jharkhand,Deogarh,Madhupur,Assam C.T.C. Leaf,2013-11-16,25000,25000.0,25011.666666666668,24184.557,0.0,-11.66666666666788,815.443359375,0.0,11.66666666666788,815.443359375,0.0,0.0
Jharkhand,Dhanbad,Dhanbad,Other,2013-11-16,23000,23000.0,22996.666666666668,23005.926,0.0,3.3333333333321207,-5.92578125,0.0,3.3333333333321207,5.92578125,0.0,0.0
Kerala,Malappuram,Manjeri,Other,2013-11-16,16500,16500.0,16911.666666666668,16913.102,0.0,-411.6666666666679,-413.1015625,0.0,411.6666666666679,413.1015625,0.0,0.0
Jharkhand,Dhanbad,Dhanbad,Other,2013-11-18,23000,23000.0,23003.333333333332,23000.953,0.0,-3.3333333333321207,-0.953125,0.0,3.3333333333321207,0.953125,0.0,0.0
Jharkhand,Dhanbad,Dhanbad,Other,2013-11-19,23000,23000.0,23003.333333333332,22996.61,0.0,-3.3333333333321207,3.390625,0.0,3.3333333333321207,3.390625,0.0,0.0
Kerala,Malappuram,Manjeri,Other,2013-11-19,16500,16500.0,16903.333333333332,16906.334,0.0,-403.3333333333321,-406.333984375,0.0,403.3333333333321,406.333984375,0.0,0.0
Jharkhand,Dhanbad,Dhanbad,Other,2013-11-20,23000,23000.0,23043.333333333332,23006.053,0.0,-43.33333333333212,-6.052734375,0.0,43.33333333333212,6.052734375,0.0,0.0
Kerala,Malappuram,Manjeri,Other,2013-11-20,16500,16500.0,16901.666666666668,16906.768,0.0,-401.6666666666679,-406.767578125,0.0,401.6666666666679,406.767578125,0.0,0.0
Jharkhand,Deogarh,Madhupur,Assam C.T.C. Leaf,2013-11-21,25000,26000.0,24806.666666666668,24071.434,1000.0,1193.3333333333321,1928.56640625,1000.0,1193.3333333333321,1928.56640625,1000.0,4.0
Jharkhand,Deogarh,Madhupur,C.T.C. Dust,2013-11-21,17000,17000.0,16915.0,16964.834,0.0,85.0,35.166015625,0.0,85.0,35.166015625,0.0,0.0
Kerala,Malappuram,Manjeri,Other,2013-11-21,16500,16500.0,16910.0,16906.521,0.0,-410.0,-406.521484375,0.0,410.0,406.521484375,0.0,0.0
Kerala,Malappuram,Manjeri,Other,2013-11-22,16500,16500.0,16898.333333333332,16905.025,0.0,-398.3333333333321,-405.025390625,0.0,398.3333333333321,405.025390625,0.0,0.0
Jharkhand,Dhanbad,Dhanbad,Other,2013-11-22,23000,23000.0,23016.666666666668,22999.562,0.0,-16.66666666666788,0.4375,0.0,16.66666666666788,0.4375,0.0,0.0
Kerala,Malappuram,Manjeri,Other,2013-11-23,16500,16500.0,16898.333333333332,16905.598,0.0,-398.3333333333321,-405.59765625,0.0,398.3333333333321,405.59765625,0.0,0.0
Jharkhand,Dhanbad,Dhanbad,Other,2013-11-23,23000,23000.0,23003.333333333332,23008.074,0.0,-3.3333333333321207,-8.07421875,0.0,3.3333333333321207,8.07421875,0.0,0.0
Jharkhand,Dhanbad,Dhanbad,Other,2013-11-24,23000,23000.0,23013.333333333332,23025.42,0.0,-13.33333333333212,-25.419921875,0.0,13.33333333333212,25.419921875,0.0,0.0
Kerala,Malappuram,Manjeri,Other,2013-11-25,16500,16500.0,16880.0,16894.604,0.0,-380.0,-394.603515625,0.0,380.0,394.603515625,0.0,0.0
Jharkhand,Dhanbad,Dhanbad,Other,2013-11-25,23000,23000.0,23006.666666666668,23027.26,0.0,-6.666666666667879,-27.259765625,0.0,6.666666666667879,27.259765625,0.0,0.0
Kerala,Malappuram,Manjeri,Other,2013-11-26,16500,16500.0,16885.0,16901.639,0.0,-385.0,-401.638671875,0.0,385.0,401.638671875,0.0,0.0
Jharkhand,Dhanbad,Dhanbad,Other,2013-11-26,23000,23000.0,22993.333333333332,23017.137,0.0,6.666666666667879,-17.13671875,0.0,6.666666666667879,17.13671875,0.0,0.0
Jharkhand,Deogarh,Madhupur,C.T.C. Dust,2013-11-26,17000,17000.0,16901.666666666668,16952.074,0.0,98.33333333333212,47.92578125,0.0,98.33333333333212,47.92578125,0.0,0.0
Jharkhand,Deogarh,Madhupur,Assam C.T.C. Leaf,2013-11-26,26000,26000.0,25650.0,25965.338,0.0,350.0,34.662109375,0.0,350.0,34.662109375,0.0,0.0
Jharkhand,Deogarh,Madhupur,Assam C.T.C. Leaf,2013-11-27,26000,26000.0,25800.0,26061.506,0.0,200.0,-61.505859375,0.0,200.0,61.505859375,0.0,0.0
Jharkhand,Deogarh,Madhupur,C.T.C. Dust,2013-11-27,17000,17000.0,16908.0,17029.543,0.0,92.0,-29.54296875,0.0,92.0,29.54296875,0.0,0.0
Kerala,Malappuram,Manjeri,Other,2013-11-27,16500,16500.0,16881.666666666668,16902.414,0.0,-381.6666666666679,-402.4140625,0.0,381.6666666666679,402.4140625,0.0,0.0
Kerala,Malappuram,Manjeri,Other,2013-11-28,16500,16500.0,16890.0,16908.283,0.0,-390.0,-408.283203125,0.0,390.0,408.283203125,0.0,0.0
Jharkhand,Dhanbad,Dhanbad,Other,2013-11-28,23000,23000.0,22993.333333333332,23016.492,0.0,6.666666666667879,-16.4921875,0.0,6.666666666667879,16.4921875,0.0,0.0
Jharkhand,Dhanbad,Dhanbad,Other,2013-11-29,23000,23000.0,23003.333333333332,23010.092,0.0,-3.3333333333321207,-10.091796875,0.0,3.3333333333321207,10.091796875,0.0,0.0
Kerala,Malappuram,Manjeri,Other,2013-11-29,16500,16500.0,16888.333333333332,16912.555,0.0,-388.3333333333321,-412.5546875,0.0,388.3333333333321,412.5546875,0.0,0.0
Kerala,Malappuram,Manjeri,Other,2013-11-30,16500,16500.0,16888.333333333332,16927.988,0.0,-388.3333333333321,-427.98828125,0.0,388.3333333333321,427.98828125,0.0,0.0
Jharkhand,Dhanbad,Dhanbad,Other,2013-12-01,23000,23000.0,23000.0,22975.08,0.0,0.0,24.919921875,0.0,0.0,24.919921875,0.0,0.0
Jharkhand,Dhanbad,Dhanbad,Other,2013-12-02,23000,23000.0,23010.0,22975.096,0.0,-10.0,24.904296875,0.0,10.0,24.904296875,0.0,0.0
Kerala,Malappuram,Manjeri,Other,2013-12-02,16500,16500.0,16888.333333333332,16868.877,0.0,-388.3333333333321,-368.876953125,0.0,388.3333333333321,368.876953125,0.0,0.0
Kerala,Malappuram,Manjeri,Other,2013-12-03,16500,16500.0,16893.333333333332,16884.146,0.0,-393.3333333333321,-384.146484375,0.0,393.3333333333321,384.146484375,0.0,0.0
Jharkhand,Dhanbad,Dhanbad,Other,2013-12-04,23000,23000.0,23010.0,22980.762,0.0,-10.0,19.23828125,0.0,10.0,19.23828125,0.0,0.0
Jharkhand,Deogarh,Madhupur,Assam C.T.C. Leaf,2013-12-04,26000,26000.0,25763.333333333332,26392.938,0.0,236.66666666666788,-392.9375,0.0,236.66666666666788,392.9375,0.0,0.0
Kerala,Malappuram,Manjeri,Other,2013-12-04,16500,16500.0,16893.333333333332,16884.58,0.0,-393.3333333333321,-384.580078125,0.0,393.3333333333321,384.580078125,0.0,0.0
Kerala,Malappuram,Manjeri,Other,2013-12-05,16500,16500.0,16896.666666666668,16885.906,0.0,-396.6666666666679,-385.90625,0.0,396.6666666666679,385.90625,0.0,0.0
Jharkhand,Deogarh,Madhupur,Assam C.T.C. Leaf,2013-12-05,26000,26000.0,25586.666666666668,25787.29,0.0,413.3333333333321,212.7109375,0.0,413.3333333333321,212.7109375,0.0,0.0
Kerala,Malappuram,Manjeri,Other,2013-12-06,16500,16500.0,16900.0,16885.906,0.0,-400.0,-385.90625,0.0,400.0,385.90625,0.0,0.0
Jharkhand,Dhanbad,Dhanbad,Other,2013-12-06,23000,23000.0,23060.0,23102.125,0.0,-60.0,-102.125,0.0,60.0,102.125,0.0,0.0
Kerala,Malappuram,Manjeri,Other,2013-12-07,16500,16500.0,16905.0,16884.473,0.0,-405.0,-384.47265625,0.0,405.0,384.47265625,0.0,0.0
Jharkhand,Deogarh,Madhupur,Assam C.T.C. Leaf,2013-12-07,26000,26000.0,25716.666666666668,26034.12,0.0,283.3333333333321,-34.119140625,0.0,283.3333333333321,34.119140625,0.0,0.0
Jharkhand,Dhanbad,Dhanbad,Other,2013-12-07,23000,23000.0,23023.333333333332,22995.238,0.0,-23.33333333333212,4.76171875,0.0,23.33333333333212,4.76171875,0.0,0.0
Jharkhand,Dhanbad,Dhanbad,Other,2013-12-08,23000,23000.0,23003.333333333332,22975.348,0.0,-3.3333333333321207,24.65234375,0.0,3.3333333333321207,24.65234375,0.0,0.0
Jharkhand,Deogarh,Madhupur,Assam C.T.C. Leaf,2013-12-09,26000,26000.0,25666.666666666668,25892.236,0.0,333.3333333333321,107.763671875,0.0,333.3333333333321,107.763671875,0.0,0.0
Kerala,Malappuram,Manjeri,Other,2013-12-09,16500,16500.0,16881.666666666668,16868.766,0.0,-381.6666666666679,-368.765625,0.0,381.6666666666679,368.765625,0.0,0.0
Jharkhand,Deogarh,Madhupur,C.T.C. Dust,2013-12-09,17000,17000.0,16925.0,16957.688,0.0,75.0,42.3125,0.0,75.0,42.3125,0.0,0.0
Jharkhand,Dhanbad,Dhanbad,Other,2013-12-09,23000,23000.0,23013.333333333332,22982.154,0.0,-13.33333333333212,17.845703125,0.0,13.33333333333212,17.845703125,0.0,0.0
Kerala,Malappuram,Manjeri,Other,2013-12-10,16500,16500.0,16886.666666666668,16884.146,0.0,-386.6666666666679,-384.146484375,0.0,386.6666666666679,384.146484375,0.0,0.0
Jharkhand,Deogarh,Madhupur,C.T.C. Dust,2013-12-10,17000,17000.0,16881.666666666668,17048.084,0.0,118.33333333333212,-48.083984375,0.0,118.33333333333212,48.083984375,0.0,0.0
Jharkhand,Deogarh,Madhupur,Assam C.T.C. Leaf,2013-12-10,26000,26000.0,25710.0,26030.62,0.0,290.0,-30.619140625,0.0,290.0,30.619140625,0.0,0.0
Kerala,Malappuram,Manjeri,Other,2013-12-11,16500,16500.0,16888.333333333332,16884.58,0.0,-388.3333333333321,-384.580078125,0.0,388.3333333333321,384.580078125,0.0,0.0
Jharkhand,Dhanbad,Dhanbad,Other,2013-12-11,23000,23000.0,22966.666666666668,22980.73,0.0,33.33333333333212,19.26953125,0.0,33.33333333333212,19.26953125,0.0,0.0
Jharkhand,Deogarh,Madhupur,Assam C.T.C. Leaf,2013-12-11,26000,26000.0,25743.333333333332,25904.762,0.0,256.6666666666679,95.23828125,0.0,256.6666666666679,95.23828125,0.0,0.0
Jharkhand,Deogarh,Madhupur,C.T.C. Dust,2013-12-11,17000,17000.0,16901.666666666668,16976.78,0.0,98.33333333333212,23.220703125,0.0,98.33333333333212,23.220703125,0.0,0.0
Jharkhand,Deogarh,Madhupur,C.T.C. Dust,2013-12-12,17000,17000.0,16900.0,16977.797,0.0,100.0,22.203125,0.0,100.0,22.203125,0.0,0.0
Jharkhand,Dhanbad,Dhanbad,Other,2013-12-12,23000,23000.0,23006.666666666668,22990.258,0.0,-6.666666666667879,9.7421875,0.0,6.666666666667879,9.7421875,0.0,0.0
Jharkhand,Deogarh,Madhupur,Assam C.T.C. Leaf,2013-12-12,26000,26000.0,25753.333333333332,25906.834,0.0,246.66666666666788,93.166015625,0.0,246.66666666666788,93.166015625,0.0,0.0
Kerala,Malappuram,Manjeri,Other,2013-12-12,16500,16500.0,16901.666666666668,16907.896,0.0,-401.6666666666679,-407.896484375,0.0,401.6666666666679,407.896484375,0.0,0.0
Kerala,Malappuram,Manjeri,Other,2013-12-13,16500,16500.0,16901.666666666668,16908.29,0.0,-401.6666666666679,-408.2890625,0.0,401.6666666666679,408.2890625,0.0,0.0
Jharkhand,Deogarh,Madhupur,C.T.C. Dust,2013-12-13,17000,17000.0,16890.0,16973.764,0.0,110.0,26.236328125,0.0,110.0,26.236328125,0.0,0.0
Jharkhand,Dhanbad,Dhanbad,Other,2013-12-13,23000,23000.0,23006.666666666668,22983.05,0.0,-6.666666666667879,16.94921875,0.0,6.666666666667879,16.94921875,0.0,0.0
Jharkhand,Deogarh,Madhupur,Assam C.T.C. Leaf,2013-12-13,26000,26000.0,25733.333333333332,25907.855,0.0,266.6666666666679,92.14453125,0.0,266.6666666666679,92.14453125,0.0,0.0
Jharkhand,Dhanbad,Dhanbad,Other,2013-12-14,23000,23000.0,23053.333333333332,22975.074,0.0,-53.33333333333212,24.92578125,0.0,53.33333333333212,24.92578125,0.0,0.0
Kerala,Malappuram,Manjeri,Other,2013-12-14,16500,16500.0,16913.333333333332,16906.855,0.0,-413.3333333333321,-406.85546875,0.0,413.3333333333321,406.85546875,0.0,0.0
Jharkhand,Deogarh,Madhupur,C.T.C. Dust,2013-12-14,17000,17000.0,16811.666666666668,16988.096,0.0,188.33333333333212,11.904296875,0.0,188.33333333333212,11.904296875,0.0,0.0
Jharkhand,Deogarh,Madhupur,Assam C.T.C. Leaf,2013-12-14,26000,26000.0,25763.333333333332,25927.104,0.0,236.66666666666788,72.896484375,0.0,236.66666666666788,72.896484375,0.0,0.0
Jharkhand,Dhanbad,Dhanbad,Other,2013-12-15,23000,23000.0,23006.666666666668,22980.45,0.0,-6.666666666667879,19.55078125,0.0,6.666666666667879,19.55078125,0.0,0.0
Jharkhand,Deogarh,Madhupur,Assam C.T.C. Leaf,2013-12-16,26000,26000.0,25793.333333333332,25925.104,0.0,206.66666666666788,74.896484375,0.0,206.66666666666788,74.896484375,0.0,0.0
Kerala,Malappuram,Manjeri,Other,2013-12-16,16500,16500.0,16890.0,16898.324,0.0,-390.0,-398.32421875,0.0,390.0,398.32421875,0.0,0.0
Jharkhand,Deogarh,Madhupur,C.T.C. Dust,2013-12-16,17000,17000.0,16945.0,16978.861,0.0,55.0,21.138671875,0.0,55.0,21.138671875,0.0,0.0
Jharkhand,Dhanbad,Dhanbad,Other,2013-12-16,23000,23000.0,23003.333333333332,22995.146,0.0,-3.3333333333321207,4.853515625,0.0,3.3333333333321207,4.853515625,0.0,0.0
Jharkhand,Dhanbad,Dhanbad,Other,2013-12-17,23000,23000.0,22956.666666666668,22987.512,0.0,43.33333333333212,12.48828125,0.0,43.33333333333212,12.48828125,0.0,0.0
Kerala,Malappuram,Manjeri,Other,2013-12-17,16500,16500.0,16895.0,16907.016,0.0,-395.0,-407.015625,0.0,395.0,407.015625,0.0,0.0
Jharkhand,Dhanbad,Dhanbad,Other,2013-12-18,23000,23000.0,22953.333333333332,22975.873,0.0,46.66666666666788,24.126953125,0.0,46.66666666666788,24.126953125,0.0,0.0
Jharkhand,Deogarh,Madhupur,Assam C.T.C. Leaf,2013-12-18,26000,26000.0,25750.0,25929.912,0.0,250.0,70.087890625,0.0,250.0,70.087890625,0.0,0.0
Kerala,Malappuram,Manjeri,Other,2013-12-18,16500,16500.0,16890.0,16910.496,0.0,-390.0,-410.49609375,0.0,390.0,410.49609375,0.0,0.0
Jharkhand,Deogarh,Madhupur,C.T.C. Dust,2013-12-18,17000,17000.0,16950.0,16978.754,0.0,50.0,21.24609375,0.0,50.0,21.24609375,0.0,0.0
Kerala,Malappuram,Manjeri,Other,2013-12-19,16500,18500.0,16900.0,16906.654,2000.0,1600.0,1593.345703125,2000.0,1600.0,1593.345703125,2000.0,12.121212121212121
Jharkhand,Dhanbad,Dhanbad,Other,2013-12-19,23000,23000.0,22953.333333333332,22986.838,0.0,46.66666666666788,13.162109375,0.0,46.66666666666788,13.162109375,0.0,0.0
Kerala,Malappuram,Manjeri,Other,2013-12-20,18500,16500.0,17865.0,18499.68,-2000.0,-1365.0,-1999.6796875,2000.0,1365.0,1999.6796875,-2000.0,-10.81081081081081
Jharkhand,Deogarh,Madhupur,Assam C.T.C. Leaf,2013-12-20,26000,26000.0,25786.666666666668,25938.37,0.0,213.33333333333212,61.630859375,0.0,213.33333333333212,61.630859375,0.0,0.0
Jharkhand,Deogarh,Madhupur,C.T.C. Dust,2013-12-20,17000,17000.0,16888.333333333332,16967.312,0.0,111.66666666666788,32.6875,0.0,111.66666666666788,32.6875,0.0,0.0
Jharkhand,Dhanbad,Dhanbad,Other,2013-12-20,23000,23000.0,22953.333333333332,22986.701,0.0,46.66666666666788,13.298828125,0.0,46.66666666666788,13.298828125,0.0,0.0
Jharkhand,Deogarh,Madhupur,Assam C.T.C. Leaf,2013-12-21,26000,26000.0,25723.333333333332,25910.709,0.0,276.6666666666679,89.291015625,0.0,276.6666666666679,89.291015625,0.0,0.0
Jharkhand,Deogarh,Madhupur,C.T.C. Dust,2013-12-21,17000,17000.0,16885.0,16938.41,0.0,115.0,61.58984375,0.0,115.0,61.58984375,0.0,0.0
Jharkhand,Dhanbad,Dhanbad,Other,2013-12-22,23000,23000.0,22960.0,22978.44,0.0,40.0,21.560546875,0.0,40.0,21.560546875,0.0,0.0
Kerala,Malappuram,Manjeri,Other,2013-12-23,16500,16500.0,17021.666666666668,16321.039,0.0,-521.6666666666679,178.9609375,0.0,521.6666666666679,178.9609375,0.0,0.0
Jharkhand,Dhanbad,Dhanbad,Other,2013-12-23,23000,23000.0,22953.333333333332,23010.045,0.0,46.66666666666788,-10.044921875,0.0,46.66666666666788,10.044921875,0.0,0.0
Kerala,Malappuram,Manjeri,Other,2013-12-24,16500,16500.0,17028.333333333332,16826.898,0.0,-528.3333333333321,-326.8984375,0.0,528.3333333333321,326.8984375,0.0,0.0
Jharkhand,Dhanbad,Dhanbad,Other,2013-12-25,23000,23000.0,22956.666666666668,23015.1,0.0,43.33333333333212,-15.099609375,0.0,43.33333333333212,15.099609375,0.0,0.0
Jharkhand,Deogarh,Madhupur,Assam C.T.C. Leaf,2013-12-26,26000,26000.0,25683.333333333332,25960.707,0.0,316.6666666666679,39.29296875,0.0,316.6666666666679,39.29296875,0.0,0.0
Jharkhand,Dhanbad,Dhanbad,Other,2013-12-26,23000,23000.0,22973.333333333332,22995.504,0.0,26.66666666666788,4.49609375,0.0,26.66666666666788,4.49609375,0.0,0.0
Jharkhand,Deogarh,Madhupur,C.T.C. Dust,2013-12-26,17000,17000.0,16950.0,16957.914,0.0,50.0,42.0859375,0.0,50.0,42.0859375,0.0,0.0
Kerala,Malappuram,Manjeri,Other,2013-12-26,16500,16500.0,17025.0,16854.768,0.0,-525.0,-354.767578125,0.0,525.0,354.767578125,0.0,0.0
Kerala,Malappuram,Manjeri,Other,2013-12-27,16500,16500.0,17023.333333333332,16868.955,0.0,-523.3333333333321,-368.955078125,0.0,523.3333333333321,368.955078125,0.0,0.0
Jharkhand,Dhanbad,Dhanbad,Other,2013-12-28,23000,23000.0,22966.666666666668,23001.768,0.0,33.33333333333212,-1.767578125,0.0,33.33333333333212,1.767578125,0.0,0.0
Jharkhand,Deogarh,Madhupur,C.T.C. Dust,2013-12-28,17000,17000.0,16828.333333333332,17068.623,0.0,171.66666666666788,-68.623046875,0.0,171.66666666666788,68.623046875,0.0,0.0
Jharkhand,Deogarh,Madhupur,Assam C.T.C. Leaf,2013-12-28,26000,26000.0,25766.666666666668,26002.928,0.0,233.33333333333212,-2.927734375,0.0,233.33333333333212,2.927734375,0.0,0.0
Kerala,Malappuram,Manjeri,Other,2013-12-28,16500,16500.0,17026.666666666668,16875.305,0.0,-526.6666666666679,-375.3046875,0.0,526.6666666666679,375.3046875,0.0,0.0
Jharkhand,Dhanbad,Dhanbad,Other,2013-12-29,23000,23000.0,22970.0,22997.037,0.0,30.0,2.962890625,0.0,30.0,2.962890625,0.0,0.0
Jharkhand,Dhanbad,Dhanbad,Other,2013-12-30,23000,23000.0,22933.333333333332,23015.81,0.0,66.66666666666788,-15.810546875,0.0,66.66666666666788,15.810546875,0.0,0.0
Kerala,Malappuram,Manjeri,Other,2013-12-30,16500,16500.0,16998.333333333332,16921.47,0.0,-498.3333333333321,-421.470703125,0.0,498.3333333333321,421.470703125,0.0,0.0
Kerala,Malappuram,Manjeri,Other,2013-12-31,16500,16500.0,17060.0,16998.742,0.0,-560.0,-498.7421875,0.0,560.0,498.7421875,0.0,0.0
Kerala,Malappuram,Parappanangadi,Other,2014-01-01,16000,11000.0,13484.166666666666,14650.692,-5000.0,-2484.166666666666,-3650.6923828125,5000.0,2484.166666666666,3650.6923828125,-5000.0,-31.25
Jharkhand,Dhanbad,Dhanbad,Other,2014-01-01,23000,23000.0,22946.666666666668,23091.607,0.0,53.33333333333212,-91.607421875,0.0,53.33333333333212,91.607421875,0.0,0.0
Kerala,Malappuram,Manjeri,Other,2014-01-01,16500,16500.0,16865.666666666668,16898.002,0.0,-365.6666666666679,-398.001953125,0.0,365.6666666666679,398.001953125,0.0,0.0
Jharkhand,Dhanbad,Dhanbad,Other,2014-01-02,23000,23000.0,22950.0,23013.17,0.0,50.0,-13.169921875,0.0,50.0,13.169921875,0.0,0.0
Jharkhand,Deogarh,Madhupur,C.T.C. Dust,2014-01-02,17000,17000.0,16996.666666666668,16990.889,0.0,3.3333333333321207,9.111328125,0.0,3.3333333333321207,9.111328125,0.0,0.0
Kerala,Malappuram,Manjeri,Other,2014-01-02,16500,16500.0,16862.333333333332,16897.512,0.0,-362.3333333333321,-397.51171875,0.0,362.3333333333321,397.51171875,0.0,0.0
Jharkhand,Deogarh,Madhupur,Assam C.T.C. Leaf,2014-01-02,26000,26000.0,25800.0,25921.924,0.0,200.0,78.076171875,0.0,200.0,78.076171875,0.0,0.0
Jharkhand,Deogarh,Madhupur,C.T.C. Dust,2014-01-03,17000,17000.0,17000.0,16991.127,0.0,0.0,8.873046875,0.0,0.0,8.873046875,0.0,0.0
Jharkhand,Deogarh,Madhupur,Assam C.T.C. Leaf,2014-01-03,26000,26000.0,25833.333333333332,25926.479,0.0,166.66666666666788,73.521484375,0.0,166.66666666666788,73.521484375,0.0,0.0
Kerala,Malappuram,Manjeri,Other,2014-01-03,16500,16500.0,16864.0,16895.357,0.0,-364.0,-395.357421875,0.0,364.0,395.357421875,0.0,0.0
Kerala,Malappuram,Manjeri,Other,2014-01-04,16500,16500.0,16870.666666666668,16874.182,0.0,-370.6666666666679,-374.181640625,0.0,370.6666666666679,374.181640625,0.0,0.0
Jharkhand,Deogarh,Madhupur,C.T.C. Dust,2014-01-04,17000,17000.0,17000.0,16970.904,0.0,0.0,29.095703125,0.0,0.0,29.095703125,0.0,0.0
Jharkhand,Deogarh,Madhupur,Assam C.T.C. Leaf,2014-01-04,26000,26000.0,25800.0,25906.256,0.0,200.0,93.744140625,0.0,200.0,93.744140625,0.0,0.0
Kerala,Malappuram,Manjeri,Other,2014-01-06,16500,16500.0,16869.0,16847.885,0.0,-369.0,-347.884765625,0.0,369.0,347.884765625,0.0,0.0
Kerala,Malappuram,Thirurrangadi,Other,2014-01-06,14000,14000.0,13055.666666666666,14046.469,0.0,944.3333333333339,-46.46875,0.0,944.3333333333339,46.46875,0.0,0.0
Jharkhand,Dhanbad,Dhanbad,Other,2014-01-06,23000,23000.0,22936.666666666668,23008.514,0.0,63.33333333333212,-8.513671875,0.0,63.33333333333212,8.513671875,0.0,0.0
Jharkhand,Dhanbad,Dhanbad,Other,2014-01-07,23000,23000.0,22973.333333333332,22985.787,0.0,26.66666666666788,14.212890625,0.0,26.66666666666788,14.212890625,0.0,0.0
Kerala,Malappuram,Thirurrangadi,Other,2014-01-07,14000,14000.0,13125.833333333334,13226.853,0.0,874.1666666666661,773.1474609375,0.0,874.1666666666661,773.1474609375,0.0,0.0
Kerala,Malappuram,Manjeri,Other,2014-01-07,16500,15000.0,16864.0,16904.664,-1500.0,-1864.0,-1904.6640625,1500.0,1864.0,1904.6640625,-1500.0,-9.090909090909092
Kerala,Malappuram,Thirurrangadi,Other,2014-01-08,14000,15000.0,13269.666666666666,13850.774,1000.0,1730.333333333334,1149.2255859375,1000.0,1730.333333333334,1149.2255859375,1000.0,7.142857142857142
Jharkhand,Deogarh,Madhupur,Assam C.T.C. Leaf,2014-01-08,26000,26000.0,25853.333333333332,25926.256,0.0,146.66666666666788,73.744140625,0.0,146.66666666666788,73.744140625,0.0,0.0
Jharkhand,Deogarh,Madhupur,C.T.C. Dust,2014-01-08,17000,17000.0,17000.0,16989.117,0.0,0.0,10.8828125,0.0,0.0,10.8828125,0.0,0.0
Kerala,Malappuram,Manjeri,Other,2014-01-08,15000,15000.0,16237.566666666668,16015.525,0.0,-1237.5666666666675,-1015.525390625,0.0,1237.5666666666675,1015.525390625,0.0,0.0
Kerala,Malappuram,Parappanangadi,Other,2014-01-08,11000,15000.0,10873.0,11675.093,4000.0,4127.0,3324.9072265625,4000.0,4127.0,3324.9072265625,4000.0,36.36363636363637
Jharkhand,Deogarh,Madhupur,C.T.C. Dust,2014-01-09,17000,17000.0,17010.0,17007.666,0.0,-10.0,-7.666015625,0.0,10.0,7.666015625,0.0,0.0
Kerala,Malappuram,Thirurrangadi,Other,2014-01-09,15000,15000.0,13620.5,14088.936,0.0,1379.5,911.064453125,0.0,1379.5,911.064453125,0.0,0.0
Kerala,Malappuram,Manjeri,Other,2014-01-09,15000,15000.0,15940.9,15676.973,0.0,-940.8999999999996,-676.97265625,0.0,940.8999999999996,676.97265625,0.0,0.0
Jharkhand,Deogarh,Madhupur,Assam C.T.C. Leaf,2014-01-09,26000,26000.0,25763.333333333332,25915.03,0.0,236.66666666666788,84.970703125,0.0,236.66666666666788,84.970703125,0.0,0.0
Kerala,Malappuram,Parappanangadi,Other,2014-01-10,15000,15000.0,13042.333333333334,13582.523,0.0,1957.666666666666,1417.4765625,0.0,1957.666666666666,1417.4765625,0.0,0.0
Kerala,Malappuram,Manjeri,Other,2014-01-10,15000,15000.0,15905.9,15692.086,0.0,-905.8999999999996,-692.0859375,0.0,905.8999999999996,692.0859375,0.0,0.0
Kerala,Malappuram,Thirurrangadi,Other,2014-01-10,15000,15000.0,13497.833333333334,13186.622,0.0,1502.166666666666,1813.3779296875,0.0,1502.166666666666,1813.3779296875,0.0,0.0
Jharkhand,Deogarh,Madhupur,C.T.C. Dust,2014-01-10,17000,17000.0,17011.666666666668,16992.111,0.0,-11.66666666666788,7.888671875,0.0,11.66666666666788,7.888671875,0.0,0.0
Jharkhand,Deogarh,Madhupur,Assam C.T.C. Leaf,2014-01-10,26000,26000.0,25693.333333333332,26009.252,0.0,306.6666666666679,-9.251953125,0.0,306.6666666666679,9.251953125,0.0,0.0
Jharkhand,Dhanbad,Dhanbad,Other,2014-01-10,23000,23000.0,22993.333333333332,23089.627,0.0,6.666666666667879,-89.626953125,0.0,6.666666666667879,89.626953125,0.0,0.0
Kerala,Malappuram,Manjeri,Other,2014-01-11,15000,15000.0,15907.566666666668,15674.832,0.0,-907.5666666666675,-674.83203125,0.0,907.5666666666675,674.83203125,0.0,0.0
Kerala,Malappuram,Thirurrangadi,Other,2014-01-11,15000,15000.0,14026.333333333334,14351.662,0.0,973.6666666666661,648.337890625,0.0,973.6666666666661,648.337890625,0.0,0.0
Kerala,Malappuram,Parappanangadi,Other,2014-01-11,15000,16000.0,13312.5,12939.133,1000.0,2687.5,3060.8671875,1000.0,2687.5,3060.8671875,1000.0,6.666666666666667
Jharkhand,Dhanbad,Dhanbad,Other,2014-01-12,23000,23000.0,22973.333333333332,23005.795,0.0,26.66666666666788,-5.794921875,0.0,26.66666666666788,5.794921875,0.0,0.0
Kerala,Malappuram,Manjeri,Other,2014-01-13,15000,15000.0,15799.233333333334,15559.475,0.0,-799.2333333333336,-559.474609375,0.0,799.2333333333336,559.474609375,0.0,0.0
Kerala,Malappuram,Parappanangadi,Other,2014-01-13,16000,13000.0,14349.5,14218.627,-3000.0,-1349.5,-1218.626953125,3000.0,1349.5,1218.626953125,-3000.0,-18.75
Kerala,Malappuram,Thirurrangadi,Other,2014-01-13,15000,15000.0,13985.166666666666,14281.297,0.0,1014.8333333333339,718.703125,0.0,1014.8333333333339,718.703125,0.0,0.0
Jharkhand,Deogarh,Madhupur,C.T.C. Dust,2014-01-13,17000,17000.0,17006.666666666668,17013.592,0.0,-6.666666666667879,-13.591796875,0.0,6.666666666667879,13.591796875,0.0,0.0
Jharkhand,Dhanbad,Dhanbad,Other,2014-01-13,23000,23000.0,22970.0,23030.072,0.0,30.0,-30.072265625,0.0,30.0,30.072265625,0.0,0.0
Jharkhand,Deogarh,Madhupur,Assam C.T.C. Leaf,2014-01-13,26000,26000.0,25780.0,26032.752,0.0,220.0,-32.751953125,0.0,220.0,32.751953125,0.0,0.0
Jharkhand,Dhanbad,Dhanbad,Other,2014-01-14,23000,23000.0,23026.666666666668,23000.357,0.0,-26.66666666666788,-0.357421875,0.0,26.66666666666788,0.357421875,0.0,0.0
Kerala,Malappuram,Parappanangadi,Other,2014-01-14,13000,12000.0,12066.166666666666,9874.34,-1000.0,-66.16666666666606,2125.66015625,1000.0,66.16666666666606,2125.66015625,-1000.0,-7.6923076923076925
Kerala,Malappuram,Manjeri,Other,2014-01-14,15000,15000.0,15717.566666666668,15555.586,0.0,-717.5666666666675,-555.5859375,0.0,717.5666666666675,555.5859375,0.0,0.0
Kerala,Malappuram,Thirurrangadi,Other,2014-01-14,15000,15000.0,14518.0,15063.346,0.0,482.0,-63.345703125,0.0,482.0,63.345703125,0.0,0.0
Kerala,Malappuram,Parappanangadi,Other,2014-01-15,12000,13000.0,12379.5,11954.586,1000.0,620.5,1045.4140625,1000.0,620.5,1045.4140625,1000.0,8.333333333333332
Jharkhand,Dhanbad,Dhanbad,Other,2014-01-15,23000,23000.0,22970.0,22995.139,0.0,30.0,4.861328125,0.0,30.0,4.861328125,0.0,0.0
Kerala,Malappuram,Thirurrangadi,Other,2014-01-15,15000,15000.0,14696.333333333334,15078.843,0.0,303.66666666666606,-78.8427734375,0.0,303.66666666666606,78.8427734375,0.0,0.0
Kerala,Malappuram,Manjeri,Other,2014-01-15,15000,15000.0,15721.666666666666,15552.332,0.0,-721.6666666666661,-552.33203125,0.0,721.6666666666661,552.33203125,0.0,0.0
Kerala,Malappuram,Parappanangadi,Other,2014-01-16,13000,13500.0,12854.666666666666,12593.234,500.0,645.3333333333339,906.765625,500.0,645.3333333333339,906.765625,500.0,3.8461538461538463
Jharkhand,Deogarh,Madhupur,Assam C.T.C. Leaf,2014-01-16,26000,26000.0,25800.0,25937.828,0.0,200.0,62.171875,0.0,200.0,62.171875,0.0,0.0
Kerala,Malappuram,Thirurrangadi,Other,2014-01-16,15000,15000.0,14679.666666666666,15036.916,0.0,320.33333333333394,-36.916015625,0.0,320.33333333333394,36.916015625,0.0,0.0
Kerala,Malappuram,Manjeri,Other,2014-01-16,15000,15000.0,15507.666666666666,15239.83,0.0,-507.66666666666606,-239.830078125,0.0,507.66666666666606,239.830078125,0.0,0.0
Jharkhand,Dhanbad,Dhanbad,Other,2014-01-16,23000,23000.0,22970.0,22995.941,0.0,30.0,4.05859375,0.0,30.0,4.05859375,0.0,0.0
Jharkhand,Deogarh,Madhupur,Assam C.T.C. Leaf,2014-01-17,26000,26000.0,25800.0,25945.453,0.0,200.0,54.546875,0.0,200.0,54.546875,0.0,0.0
Kerala,Malappuram,Thirurrangadi,Other,2014-01-17,15000,15000.0,14714.166666666666,15036.226,0.0,285.83333333333394,-36.2255859375,0.0,285.83333333333394,36.2255859375,0.0,0.0
Jharkhand,Dhanbad,Dhanbad,Other,2014-01-17,23000,23000.0,22963.333333333332,23007.068,0.0,36.66666666666788,-7.068359375,0.0,36.66666666666788,7.068359375,0.0,0.0
Kerala,Malappuram,Manjeri,Other,2014-01-17,15000,15000.0,15489.333333333334,15249.138,0.0,-489.33333333333394,-249.1376953125,0.0,489.33333333333394,249.1376953125,0.0,0.0
Kerala,Malappuram,Parappanangadi,Other,2014-01-17,13500,14000.0,13152.0,12949.032,500.0,848.0,1050.9677734375,500.0,848.0,1050.9677734375,500.0,3.7037037037037033
Jharkhand,Deogarh,Madhupur,C.T.C. Dust,2014-01-17,17000,17000.0,17000.0,17010.523,0.0,0.0,-10.5234375,0.0,0.0,10.5234375,0.0,0.0
Kerala,Malappuram,Parappanangadi,Other,2014-01-18,14000,15000.0,13623.833333333334,13659.371,1000.0,1376.166666666666,1340.62890625,1000.0,1376.166666666666,1340.62890625,1000.0,7.142857142857142
Jharkhand,Deogarh,Madhupur,C.T.C. Dust,2014-01-18,17000,17000.0,17000.0,17003.455,0.0,0.0,-3.455078125,0.0,0.0,3.455078125,0.0,0.0
Jharkhand,Dhanbad,Dhanbad,Other,2014-01-18,23000,23000.0,23010.0,23010.51,0.0,-10.0,-10.509765625,0.0,10.0,10.509765625,0.0,0.0
Jharkhand,Deogarh,Madhupur,Assam C.T.C. Leaf,2014-01-18,26000,26000.0,25800.0,25938.385,0.0,200.0,61.615234375,0.0,200.0,61.615234375,0.0,0.0
Kerala,Malappuram,Manjeri,Other,2014-01-18,15000,15000.0,15486.0,15244.852,0.0,-486.0,-244.8515625,0.0,486.0,244.8515625,0.0,0.0
Kerala,Malappuram,Thirurrangadi,Other,2014-01-18,15000,15000.0,14732.833333333334,14976.961,0.0,267.16666666666606,23.0390625,0.0,267.16666666666606,23.0390625,0.0,0.0
Kerala,Malappuram,Manjeri,Other,2014-01-20,15000,15000.0,15474.333333333334,15238.65,0.0,-474.33333333333394,-238.650390625,0.0,474.33333333333394,238.650390625,0.0,0.0
Kerala,Malappuram,Thirurrangadi,Other,2014-01-20,15000,15000.0,14813.166666666666,14986.117,0.0,186.83333333333394,13.8828125,0.0,186.83333333333394,13.8828125,0.0,0.0
Kerala,Malappuram,Parappanangadi,Other,2014-01-20,15000,15000.0,13875.0,14464.4375,0.0,1125.0,535.5625,0.0,1125.0,535.5625,0.0,0.0
Kerala,Malappuram,Thirurrangadi,Other,2014-01-21,15000,15000.0,14804.333333333334,15021.815,0.0,195.66666666666606,-21.8154296875,0.0,195.66666666666606,21.8154296875,0.0,0.0
Kerala,Malappuram,Parappanangadi,Other,2014-01-21,15000,15500.0,14381.5,14843.87,500.0,1118.5,656.1298828125,500.0,1118.5,656.1298828125,500.0,3.3333333333333335
Jharkhand,Dhanbad,Dhanbad,Other,2014-01-21,23000,23000.0,22976.666666666668,23008.652,0.0,23.33333333333212,-8.65234375,0.0,23.33333333333212,8.65234375,0.0,0.0
Kerala,Malappuram,Manjeri,Other,2014-01-21,15000,15000.0,15434.333333333334,15087.661,0.0,-434.33333333333394,-87.6611328125,0.0,434.33333333333394,87.6611328125,0.0,0.0
Kerala,Malappuram,Manjeri,Other,2014-01-22,15000,15000.0,15411.0,15092.065,0.0,-411.0,-92.0654296875,0.0,411.0,92.0654296875,0.0,0.0
Kerala,Malappuram,Thirurrangadi,Other,2014-01-22,15000,15000.0,15090.333333333334,15061.716,0.0,-90.33333333333394,-61.7158203125,0.0,90.33333333333394,61.7158203125,0.0,0.0
Jharkhand,Deogarh,Madhupur,Assam C.T.C. Leaf,2014-01-22,26000,26000.0,25800.0,25934.365,0.0,200.0,65.634765625,0.0,200.0,65.634765625,0.0,0.0
Kerala,Malappuram,Parappanangadi,Other,2014-01-22,15500,15500.0,14494.0,14915.056,0.0,1006.0,584.9443359375,0.0,1006.0,584.9443359375,0.0,0.0
Jharkhand,Deogarh,Madhupur,C.T.C. Dust,2014-01-22,17000,17000.0,17000.0,16999.258,0.0,0.0,0.7421875,0.0,0.0,0.7421875,0.0,0.0
Kerala,Malappuram,Parappanangadi,Other,2014-01-23,15500,16000.0,14746.0,14835.066,500.0,1254.0,1164.93359375,500.0,1254.0,1164.93359375,500.0,3.225806451612903
Kerala,Malappuram,Thirurrangadi,Other,2014-01-23,15000,16000.0,15091.666666666666,15034.613,1000.0,908.3333333333339,965.38671875,1000.0,908.3333333333339,965.38671875,1000.0,6.666666666666667
Kerala,Malappuram,Manjeri,Other,2014-01-23,15000,15000.0,15364.333333333334,15087.471,0.0,-364.33333333333394,-87.470703125,0.0,364.33333333333394,87.470703125,0.0,0.0
Kerala,Malappuram,Thirurrangadi,Other,2014-01-24,16000,15000.0,15632.666666666666,15965.446,-1000.0,-632.6666666666661,-965.4462890625,1000.0,632.6666666666661,965.4462890625,-1000.0,-6.25
Kerala,Malappuram,Manjeri,Other,2014-01-24,15000,15000.0,15188.0,15019.391,0.0,-188.0,-19.390625,0.0,188.0,19.390625,0.0,0.0
Jharkhand,Dhanbad,Dhanbad,Other,2014-01-24,23000,23000.0,22986.666666666668,23059.516,0.0,13.33333333333212,-59.515625,0.0,13.33333333333212,59.515625,0.0,0.0
Kerala,Malappuram,Parappanangadi,Other,2014-01-24,16000,16000.0,15313.5,15742.689,0.0,686.5,257.310546875,0.0,686.5,257.310546875,0.0,0.0
Jharkhand,Deogarh,Madhupur,Assam C.T.C. Leaf,2014-01-24,26000,26000.0,25773.333333333332,25931.947,0.0,226.66666666666788,68.052734375,0.0,226.66666666666788,68.052734375,0.0,0.0
Jharkhand,Deogarh,Madhupur,C.T.C. Dust,2014-01-24,17000,17000.0,16996.666666666668,16996.84,0.0,3.3333333333321207,3.16015625,0.0,3.3333333333321207,3.16015625,0.0,0.0
Jharkhand,Deogarh,Madhupur,Assam C.T.C. Leaf,2014-01-25,26000,26000.0,25826.666666666668,25935.072,0.0,173.33333333333212,64.927734375,0.0,173.33333333333212,64.927734375,0.0,0.0
Kerala,Malappuram,Parappanangadi,Other,2014-01-25,16000,12000.0,15131.0,15570.544,-4000.0,-3131.0,-3570.5439453125,4000.0,3131.0,3570.5439453125,-4000.0,-25.0
Kerala,Malappuram,Thirurrangadi,Other,2014-01-25,15000,14000.0,15439.0,15531.91,-1000.0,-1439.0,-1531.91015625,1000.0,1439.0,1531.91015625,-1000.0,-6.666666666666667
Jharkhand,Deogarh,Madhupur,C.T.C. Dust,2014-01-25,17000,17000.0,17000.0,16997.46,0.0,0.0,2.5390625,0.0,0.0,2.5390625,0.0,0.0
Kerala,Malappuram,Manjeri,Other,2014-01-25,15000,15000.0,15186.333333333334,15000.005,0.0,-186.33333333333394,-0.0048828125,0.0,186.33333333333394,0.0048828125,0.0,0.0
Jharkhand,Dhanbad,Dhanbad,Other,2014-01-26,23000,23000.0,22963.333333333332,23007.684,0.0,36.66666666666788,-7.68359375,0.0,36.66666666666788,7.68359375,0.0,0.0
Jharkhand,Deogarh,Madhupur,Assam C.T.C. Leaf,2014-01-27,26000,26000.0,25933.333333333332,25942.611,0.0,66.66666666666788,57.388671875,0.0,66.66666666666788,57.388671875,0.0,0.0
Kerala,Malappuram,Manjeri,Other,2014-01-27,15000,15000.0,15248.0,15004.079,0.0,-248.0,-4.0791015625,0.0,248.0,4.0791015625,0.0,0.0
Jharkhand,Deogarh,Madhupur,C.T.C. Dust,2014-01-27,17000,17000.0,16996.666666666668,17000.938,0.0,3.3333333333321207,-0.9375,0.0,3.3333333333321207,0.9375,0.0,0.0
Kerala,Malappuram,Manjeri,Other,2014-01-28,15000,15000.0,15221.333333333334,15003.838,0.0,-221.33333333333394,-3.837890625,0.0,221.33333333333394,3.837890625,0.0,0.0
Jharkhand,Deogarh,Madhupur,Assam C.T.C. Leaf,2014-01-28,26000,26000.0,25933.333333333332,25937.691,0.0,66.66666666666788,62.30859375,0.0,66.66666666666788,62.30859375,0.0,0.0
Jharkhand,Deogarh,Madhupur,C.T.C. Dust,2014-01-28,17000,17000.0,17001.333333333332,17003.525,0.0,-1.3333333333321207,-3.525390625,0.0,1.3333333333321207,3.525390625,0.0,0.0
Kerala,Malappuram,Manjeri,Other,2014-01-29,15000,15000.0,15196.333333333334,15000.688,0.0,-196.33333333333394,-0.6884765625,0.0,196.33333333333394,0.6884765625,0.0,0.0
Jharkhand,Deogarh,Madhupur,Assam C.T.C. Leaf,2014-01-29,26000,26000.0,25933.333333333332,25937.693,0.0,66.66666666666788,62.306640625,0.0,66.66666666666788,62.306640625,0.0,0.0
Jharkhand,Deogarh,Madhupur,C.T.C. Dust,2014-01-29,17000,17000.0,16996.666666666668,16998.207,0.0,3.3333333333321207,1.79296875,0.0,3.3333333333321207,1.79296875,0.0,0.0
Jharkhand,Deogarh,Madhupur,Assam C.T.C. Leaf,2014-01-30,26000,26000.0,25933.333333333332,25944.678,0.0,66.66666666666788,55.322265625,0.0,66.66666666666788,55.322265625,0.0,0.0
Jharkhand,Deogarh,Madhupur,C.T.C. Dust,2014-01-30,17000,17000.0,16996.666666666668,17003.8,0.0,3.3333333333321207,-3.80078125,0.0,3.3333333333321207,3.80078125,0.0,0.0
Kerala,Malappuram,Manjeri,Other,2014-01-30,15000,15000.0,15056.333333333334,14742.829,0.0,-56.33333333333394,257.1708984375,0.0,56.33333333333394,257.1708984375,0.0,0.0
Kerala,Malappuram,Manjeri,Other,2014-01-31,15000,15000.0,14776.333333333334,14479.475,0.0,223.66666666666606,520.525390625,0.0,223.66666666666606,520.525390625,0.0,0.0
Jharkhand,Deogarh,Madhupur,C.T.C. Dust,2014-01-31,17000,17000.0,16996.666666666668,17007.664,0.0,3.3333333333321207,-7.6640625,0.0,3.3333333333321207,7.6640625,0.0,0.0
Kerala,Malappuram,Parappanangadi,Other,2014-01-31,12000,12000.0,12791.666666666666,12567.064,0.0,-791.6666666666661,-567.064453125,0.0,791.6666666666661,567.064453125,0.0,0.0
Jharkhand,Deogarh,Madhupur,Assam C.T.C. Leaf,2014-01-31,26000,26000.0,25933.333333333332,25936.096,0.0,66.66666666666788,63.904296875,0.0,66.66666666666788,63.904296875,0.0,0.0
Kerala,Malappuram,Thirurrangadi,Other,2014-02-01,14000,13000.0,14316.166666666666,13840.219,-1000.0,-1316.166666666666,-840.21875,1000.0,1316.166666666666,840.21875,-1000.0,-7.142857142857142
Kerala,Malappuram,Parappanangadi,Other,2014-02-01,12000,13000.0,12538.666666666666,12242.131,1000.0,461.33333333333394,757.869140625,1000.0,461.33333333333394,757.869140625,1000.0,8.333333333333332
Kerala,Malappuram,Manjeri,Other,2014-02-01,15000,15000.0,15151.333333333334,15020.301,0.0,-151.33333333333394,-20.30078125,0.0,151.33333333333394,20.30078125,0.0,0.0
Jharkhand,Deogarh,Madhupur,Assam C.T.C. Leaf,2014-02-01,26000,26000.0,25933.333333333332,25929.191,0.0,66.66666666666788,70.80859375,0.0,66.66666666666788,70.80859375,0.0,0.0
Jharkhand,Dhanbad,Dhanbad,Other,2014-02-02,23000,23000.0,22963.333333333332,22988.105,0.0,36.66666666666788,11.89453125,0.0,36.66666666666788,11.89453125,0.0,0.0
Kerala,Malappuram,Parappanangadi,Other,2014-02-03,13000,13000.0,13010.166666666666,12207.41,0.0,-10.16666666666606,792.58984375,0.0,10.16666666666606,792.58984375,0.0,0.0
Kerala,Malappuram,Manjeri,Other,2014-02-03,15000,15000.0,15159.666666666666,15014.574,0.0,-159.66666666666606,-14.57421875,0.0,159.66666666666606,14.57421875,0.0,0.0
Jharkhand,Deogarh,Madhupur,C.T.C. Dust,2014-02-03,17000,17000.0,16996.666666666668,16988.025,0.0,3.3333333333321207,11.974609375,0.0,3.3333333333321207,11.974609375,0.0,0.0
Kerala,Malappuram,Thirurrangadi,Other,2014-02-03,13000,14000.0,13568.166666666666,13343.875,1000.0,431.83333333333394,656.125,1000.0,431.83333333333394,656.125,1000.0,7.6923076923076925
Jharkhand,Deogarh,Madhupur,Assam C.T.C. Leaf,2014-02-03,26000,26000.0,25933.333333333332,25941.342,0.0,66.66666666666788,58.658203125,0.0,66.66666666666788,58.658203125,0.0,0.0
Kerala,Malappuram,Manjeri,Other,2014-02-04,15000,15000.0,15159.666666666666,15019.4375,0.0,-159.66666666666606,-19.4375,0.0,159.66666666666606,19.4375,0.0,0.0
Kerala,Malappuram,Thirurrangadi,Other,2014-02-04,14000,14000.0,13924.333333333334,13518.131,0.0,75.66666666666606,481.869140625,0.0,75.66666666666606,481.869140625,0.0,0.0
Jharkhand,Dhanbad,Dhanbad,Other,2014-02-04,23000,23000.0,22956.666666666668,23015.154,0.0,43.33333333333212,-15.154296875,0.0,43.33333333333212,15.154296875,0.0,0.0
Kerala,Malappuram,Parappanangadi,Other,2014-02-04,13000,13000.0,12949.833333333334,12550.652,0.0,50.16666666666606,449.34765625,0.0,50.16666666666606,449.34765625,0.0,0.0
Jharkhand,Deogarh,Madhupur,C.T.C. Dust,2014-02-05,17000,17000.0,16996.666666666668,16991.145,0.0,3.3333333333321207,8.85546875,0.0,3.3333333333321207,8.85546875,0.0,0.0
Kerala,Malappuram,Parappanangadi,Other,2014-02-05,13000,14000.0,12875.833333333334,12543.857,1000.0,1124.166666666666,1456.142578125,1000.0,1124.166666666666,1456.142578125,1000.0,7.6923076923076925
Kerala,Malappuram,Thirurrangadi,Other,2014-02-05,14000,14000.0,14110.0,13745.191,0.0,-110.0,254.80859375,0.0,110.0,254.80859375,0.0,0.0
Kerala,Malappuram,Manjeri,Other,2014-02-05,15000,15000.0,15156.333333333334,15017.0,0.0,-156.33333333333394,-17.0,0.0,156.33333333333394,17.0,0.0,0.0
Jharkhand,Dhanbad,Dhanbad,Other,2014-02-05,23000,23000.0,22983.333333333332,23084.646,0.0,16.66666666666788,-84.646484375,0.0,16.66666666666788,84.646484375,0.0,0.0
Jharkhand,Deogarh,Madhupur,Assam C.T.C. Leaf,2014-02-05,26000,26000.0,25933.333333333332,25943.049,0.0,66.66666666666788,56.951171875,0.0,66.66666666666788,56.951171875,0.0,0.0
Kerala,Malappuram,Manjeri,Other,2014-02-06,15000,15000.0,15148.0,15016.714,0.0,-148.0,-16.7138671875,0.0,148.0,16.7138671875,0.0,0.0
Jharkhand,Deogarh,Madhupur,C.T.C. Dust,2014-02-06,17000,17000.0,16996.666666666668,16990.857,0.0,3.3333333333321207,9.142578125,0.0,3.3333333333321207,9.142578125,0.0,0.0
Kerala,Malappuram,Thirurrangadi,Other,2014-02-06,14000,12000.0,14120.5,13919.777,-2000.0,-2120.5,-1919.77734375,2000.0,2120.5,1919.77734375,-2000.0,-14.285714285714285
Jharkhand,Dhanbad,Dhanbad,Other,2014-02-06,23000,23000.0,22983.333333333332,23006.705,0.0,16.66666666666788,-6.705078125,0.0,16.66666666666788,6.705078125,0.0,0.0
Kerala,Malappuram,Parappanangadi,Other,2014-02-06,14000,12000.0,13507.666666666666,13332.84,-2000.0,-1507.666666666666,-1332.83984375,2000.0,1507.666666666666,1332.83984375,-2000.0,-14.285714285714285
Jharkhand,Deogarh,Madhupur,Assam C.T.C. Leaf,2014-02-06,26000,26000.0,25933.333333333332,25942.762,0.0,66.66666666666788,57.23828125,0.0,66.66666666666788,57.23828125,0.0,0.0
Jharkhand,Dhanbad,Dhanbad,Other,2014-02-07,23000,23500.0,22980.0,22980.46,500.0,520.0,519.5390625,500.0,520.0,519.5390625,500.0,2.1739130434782608
Kerala,Malappuram,Thirurrangadi,Other,2014-02-07,12000,12000.0,12966.5,12400.458,0.0,-966.5,-400.4580078125,0.0,966.5,400.4580078125,0.0,0.0
Kerala,Malappuram,Parappanangadi,Other,2014-02-07,12000,13000.0,12580.666666666666,11816.119,1000.0,419.33333333333394,1183.880859375,1000.0,419.33333333333394,1183.880859375,1000.0,8.333333333333332
Kerala,Malappuram,Manjeri,Other,2014-02-07,15000,15000.0,15143.0,15014.926,0.0,-143.0,-14.92578125,0.0,143.0,14.92578125,0.0,0.0
Jharkhand,Deogarh,Madhupur,Assam C.T.C. Leaf,2014-02-07,26000,26000.0,25933.333333333332,25941.08,0.0,66.66666666666788,58.919921875,0.0,66.66666666666788,58.919921875,0.0,0.0
Jharkhand,Deogarh,Madhupur,C.T.C. Dust,2014-02-07,17000,17000.0,16998.0,16987.389,0.0,2.0,12.611328125,0.0,2.0,12.611328125,0.0,0.0
Kerala,Malappuram,Thirurrangadi,Other,2014-02-08,12000,13000.0,12510.166666666666,12134.042,1000.0,489.83333333333394,865.9580078125,1000.0,489.83333333333394,865.9580078125,1000.0,8.333333333333332
Kerala,Malappuram,Parappanangadi,Other,2014-02-08,13000,13000.0,12621.333333333334,12240.551,0.0,378.66666666666606,759.44921875,0.0,378.66666666666606,759.44921875,0.0,0.0
Kerala,Malappuram,Manjeri,Other,2014-02-08,15000,15000.0,15136.333333333334,15013.49,0.0,-136.33333333333394,-13.490234375,0.0,136.33333333333394,13.490234375,0.0,0.0
Jharkhand,Deogarh,Madhupur,Assam C.T.C. Leaf,2014-02-08,26000,26000.0,25933.333333333332,25939.318,0.0,66.66666666666788,60.681640625,0.0,66.66666666666788,60.681640625,0.0,0.0
Jharkhand,Deogarh,Madhupur,C.T.C. Dust,2014-02-08,17000,17000.0,16994.0,16985.627,0.0,6.0,14.373046875,0.0,6.0,14.373046875,0.0,0.0
Jharkhand,Dhanbad,Dhanbad,Other,2014-02-09,23500,23000.0,22973.333333333332,23022.18,-500.0,26.66666666666788,-22.1796875,500.0,26.66666666666788,22.1796875,-500.0,-2.127659574468085
Kerala,Malappuram,Manjeri,Other,2014-02-10,15000,15000.0,15143.0,15012.786,0.0,-143.0,-12.7861328125,0.0,143.0,12.7861328125,0.0,0.0
Jharkhand,Deogarh,Madhupur,Assam C.T.C. Leaf,2014-02-10,26000,26000.0,25933.333333333332,25942.37,0.0,66.66666666666788,57.630859375,0.0,66.66666666666788,57.630859375,0.0,0.0
Kerala,Malappuram,Parappanangadi,Other,2014-02-10,13000,15000.0,12807.666666666666,12476.638,2000.0,2192.333333333334,2523.3623046875,2000.0,2192.333333333334,2523.3623046875,2000.0,15.384615384615385
Jharkhand,Deogarh,Madhupur,C.T.C. Dust,2014-02-10,17000,17000.0,16997.333333333332,16988.838,0.0,2.6666666666678793,11.162109375,0.0,2.6666666666678793,11.162109375,0.0,0.0
Jharkhand,Dhanbad,Dhanbad,Other,2014-02-10,23000,23000.0,22949.666666666668,22999.564,0.0,50.33333333333212,0.435546875,0.0,50.33333333333212,0.435546875,0.0,0.0
Kerala,Malappuram,Thirurrangadi,Other,2014-02-10,13000,14000.0,12784.833333333334,12311.966,1000.0,1215.166666666666,1688.0341796875,1000.0,1215.166666666666,1688.0341796875,1000.0,7.6923076923076925
Kerala,Malappuram,Thirurrangadi,Other,2014-02-11,14000,13000.0,13510.833333333334,13275.137,-1000.0,-510.83333333333394,-275.13671875,1000.0,510.83333333333394,275.13671875,-1000.0,-7.142857142857142
Jharkhand,Deogarh,Madhupur,Assam C.T.C. Leaf,2014-02-11,26000,26000.0,25933.333333333332,25945.24,0.0,66.66666666666788,54.759765625,0.0,66.66666666666788,54.759765625,0.0,0.0
Jharkhand,Deogarh,Madhupur,C.T.C. Dust,2014-02-11,17000,17000.0,16997.333333333332,16993.02,0.0,2.6666666666678793,6.98046875,0.0,2.6666666666678793,6.98046875,0.0,0.0
Kerala,Malappuram,Parappanangadi,Other,2014-02-11,15000,12000.0,13767.0,13686.489,-3000.0,-1767.0,-1686.4892578125,3000.0,1767.0,1686.4892578125,-3000.0,-20.0
Kerala,Malappuram,Manjeri,Other,2014-02-11,15000,15000.0,15134.666666666666,15017.649,0.0,-134.66666666666606,-17.6494140625,0.0,134.66666666666606,17.6494140625,0.0,0.0
Kerala,Malappuram,Parappanangadi,Other,2014-02-12,12000,11000.0,12192.0,11742.163,-1000.0,-1192.0,-742.1630859375,1000.0,1192.0,742.1630859375,-1000.0,-8.333333333333332
Jharkhand,Dhanbad,Dhanbad,Other,2014-02-12,23000,23000.0,22990.0,22991.566,0.0,10.0,8.43359375,0.0,10.0,8.43359375,0.0,0.0
Kerala,Malappuram,Thirurrangadi,Other,2014-02-12,13000,13000.0,12910.166666666666,12898.084,0.0,89.83333333333394,101.916015625,0.0,89.83333333333394,101.916015625,0.0,0.0
Kerala,Malappuram,Manjeri,Other,2014-02-12,15000,15000.0,15078.0,15009.76,0.0,-78.0,-9.759765625,0.0,78.0,9.759765625,0.0,0.0
Jharkhand,Deogarh,Madhupur,C.T.C. Dust,2014-02-13,17000,17000.0,17001.333333333332,17007.818,0.0,-1.3333333333321207,-7.818359375,0.0,1.3333333333321207,7.818359375,0.0,0.0
Jharkhand,Deogarh,Madhupur,Assam C.T.C. Leaf,2014-02-13,26000,26000.0,25933.333333333332,25949.926,0.0,66.66666666666788,50.07421875,0.0,66.66666666666788,50.07421875,0.0,0.0
Kerala,Malappuram,Manjeri,Other,2014-02-13,15000,15000.0,15076.333333333334,15012.224,0.0,-76.33333333333394,-12.2236328125,0.0,76.33333333333394,12.2236328125,0.0,0.0
Kerala,Malappuram,Thirurrangadi,Other,2014-02-13,13000,13000.0,12765.166666666666,12645.965,0.0,234.83333333333394,354.03515625,0.0,234.83333333333394,354.03515625,0.0,0.0
Kerala,Malappuram,Parappanangadi,Other,2014-02-13,11000,13500.0,12017.666666666666,12159.976,2500.0,1482.333333333334,1340.0244140625,2500.0,1482.333333333334,1340.0244140625,2500.0,22.727272727272727
Kerala,Malappuram,Thirurrangadi,Other,2014-02-14,13000,12000.0,12718.0,12624.292,-1000.0,-718.0,-624.2919921875,1000.0,718.0,624.2919921875,-1000.0,-7.6923076923076925
Kerala,Malappuram,Manjeri,Other,2014-02-14,15000,15000.0,15073.0,15012.224,0.0,-73.0,-12.2236328125,0.0,73.0,12.2236328125,0.0,0.0
Kerala,Malappuram,Parappanangadi,Other,2014-02-14,13500,12000.0,13093.666666666666,13105.995,-1500.0,-1093.666666666666,-1105.9951171875,1500.0,1093.666666666666,1105.9951171875,-1500.0,-11.11111111111111
Jharkhand,Dhanbad,Dhanbad,Other,2014-02-14,23000,23000.0,22986.666666666668,22987.732,0.0,13.33333333333212,12.267578125,0.0,13.33333333333212,12.267578125,0.0,0.0
Jharkhand,Deogarh,Madhupur,Assam C.T.C. Leaf,2014-02-15,26000,26000.0,25933.333333333332,25945.707,0.0,66.66666666666788,54.29296875,0.0,66.66666666666788,54.29296875,0.0,0.0
Kerala,Malappuram,Manjeri,Other,2014-02-15,15000,15000.0,15073.0,15010.788,0.0,-73.0,-10.7880859375,0.0,73.0,10.7880859375,0.0,0.0
Kerala,Malappuram,Parappanangadi,Other,2014-02-15,12000,13000.0,12304.833333333334,12295.161,1000.0,695.1666666666661,704.8388671875,1000.0,695.1666666666661,704.8388671875,1000.0,8.333333333333332
Kerala,Malappuram,Thirurrangadi,Other,2014-02-15,12000,13000.0,12632.166666666666,12321.223,1000.0,367.83333333333394,678.77734375,1000.0,367.83333333333394,678.77734375,1000.0,8.333333333333332
Jharkhand,Dhanbad,Dhanbad,Other,2014-02-15,23000,23000.0,23060.0,23022.186,0.0,-60.0,-22.185546875,0.0,60.0,22.185546875,0.0,0.0
Jharkhand,Deogarh,Madhupur,C.T.C. Dust,2014-02-15,17000,17000.0,16996.666666666668,16999.172,0.0,3.3333333333321207,0.828125,0.0,3.3333333333321207,0.828125,0.0,0.0
Jharkhand,Dhanbad,Dhanbad,Other,2014-02-16,23000,23000.0,22983.333333333332,22984.85,0.0,16.66666666666788,15.150390625,0.0,16.66666666666788,15.150390625,0.0,0.0
Jharkhand,Dhanbad,Dhanbad,Other,2014-02-17,23000,23500.0,23000.0,23034.557,500.0,500.0,465.443359375,500.0,500.0,465.443359375,500.0,2.1739130434782608
Kerala,Malappuram,Manjeri,Other,2014-02-17,15000,15000.0,15111.333333333334,15028.681,0.0,-111.33333333333394,-28.6806640625,0.0,111.33333333333394,28.6806640625,0.0,0.0
Kerala,Malappuram,Thirurrangadi,Other,2014-02-17,13000,14000.0,12777.333333333334,12553.649,1000.0,1222.666666666666,1446.3505859375,1000.0,1222.666666666666,1446.3505859375,1000.0,7.6923076923076925
Jharkhand,Deogarh,Madhupur,Assam C.T.C. Leaf,2014-02-17,26000,26000.0,25933.333333333332,25971.62,0.0,66.66666666666788,28.380859375,0.0,66.66666666666788,28.380859375,0.0,0.0
Kerala,Malappuram,Parappanangadi,Other,2014-02-17,13000,12000.0,12511.666666666666,11937.9375,-1000.0,-511.66666666666606,62.0625,1000.0,511.66666666666606,62.0625,-1000.0,-7.6923076923076925
Jharkhand,Deogarh,Madhupur,C.T.C. Dust,2014-02-17,17000,17000.0,16996.666666666668,17021.26,0.0,3.3333333333321207,-21.259765625,0.0,3.3333333333321207,21.259765625,0.0,0.0
Jharkhand,Deogarh,Madhupur,C.T.C. Dust,2014-02-18,17000,17000.0,16996.666666666668,17018.928,0.0,3.3333333333321207,-18.927734375,0.0,3.3333333333321207,18.927734375,0.0,0.0
Jharkhand,Deogarh,Madhupur,Assam C.T.C. Leaf,2014-02-18,26000,26000.0,25933.333333333332,25970.512,0.0,66.66666666666788,29.48828125,0.0,66.66666666666788,29.48828125,0.0,0.0
Kerala,Malappuram,Parappanangadi,Other,2014-02-18,12000,13000.0,12320.5,11958.788,1000.0,679.5,1041.2119140625,1000.0,679.5,1041.2119140625,1000.0,8.333333333333332
Kerala,Malappuram,Manjeri,Other,2014-02-18,15000,15000.0,15096.333333333334,15029.385,0.0,-96.33333333333394,-29.384765625,0.0,96.33333333333394,29.384765625,0.0,0.0
Jharkhand,Dhanbad,Dhanbad,Other,2014-02-18,23500,23400.0,22986.666666666668,23018.91,-100.0,413.3333333333321,381.08984375,100.0,413.3333333333321,381.08984375,-100.0,-0.425531914893617
Kerala,Malappuram,Thirurrangadi,Other,2014-02-18,14000,12000.0,13547.5,13996.943,-2000.0,-1547.5,-1996.943359375,2000.0,1547.5,1996.943359375,-2000.0,-14.285714285714285
Kerala,Malappuram,Parappanangadi,Other,2014-02-19,13000,12000.0,12577.5,12317.096,-1000.0,-577.5,-317.095703125,1000.0,577.5,317.095703125,-1000.0,-7.6923076923076925
Kerala,Malappuram,Thirurrangadi,Other,2014-02-19,12000,12000.0,12864.166666666666,12083.584,0.0,-864.1666666666661,-83.583984375,0.0,864.1666666666661,83.583984375,0.0,0.0
Jharkhand,Deogarh,Madhupur,Assam C.T.C. Leaf,2014-02-19,26000,26000.0,25933.333333333332,25956.12,0.0,66.66666666666788,43.880859375,0.0,66.66666666666788,43.880859375,0.0,0.0
Jharkhand,Deogarh,Madhupur,C.T.C. Dust,2014-02-19,17000,17000.0,16996.666666666668,17002.664,0.0,3.3333333333321207,-2.6640625,0.0,3.3333333333321207,2.6640625,0.0,0.0
Jharkhand,Dhanbad,Dhanbad,Other,2014-02-19,23400,23400.0,22996.666666666668,22988.25,0.0,403.3333333333321,411.75,0.0,403.3333333333321,411.75,0.0,0.0
Kerala,Malappuram,Manjeri,Other,2014-02-19,15000,15000.0,15086.333333333334,15009.394,0.0,-86.33333333333394,-9.3935546875,0.0,86.33333333333394,9.3935546875,0.0,0.0
Kerala,Malappuram,Thirurrangadi,Other,2014-02-20,12000,11000.0,12590.333333333334,12466.276,-1000.0,-1590.333333333334,-1466.2763671875,1000.0,1590.333333333334,1466.2763671875,-1000.0,-8.333333333333332
Jharkhand,Dhanbad,Dhanbad,Other,2014-02-20,23400,23550.0,23106.666666666668,22986.8,150.0,443.3333333333321,563.19921875,150.0,443.3333333333321,563.19921875,150.0,0.641025641025641
Jharkhand,Deogarh,Madhupur,C.T.C. Dust,2014-02-20,17000,17000.0,16996.666666666668,17001.854,0.0,3.3333333333321207,-1.853515625,0.0,3.3333333333321207,1.853515625,0.0,0.0
Kerala,Malappuram,Manjeri,Other,2014-02-20,15000,15000.0,15109.666666666666,15009.107,0.0,-109.66666666666606,-9.107421875,0.0,109.66666666666606,9.107421875,0.0,0.0
Kerala,Malappuram,Parappanangadi,Other,2014-02-20,12000,12000.0,12452.666666666666,12161.766,0.0,-452.66666666666606,-161.765625,0.0,452.66666666666606,161.765625,0.0,0.0
Jharkhand,Deogarh,Madhupur,Assam C.T.C. Leaf,2014-02-20,26000,26000.0,25883.333333333332,25950.361,0.0,116.66666666666788,49.638671875,0.0,116.66666666666788,49.638671875,0.0,0.0
Jharkhand,Deogarh,Madhupur,Assam C.T.C. Leaf,2014-02-21,26000,26000.0,25913.333333333332,26020.469,0.0,86.66666666666788,-20.46875,0.0,86.66666666666788,20.46875,0.0,0.0
Jharkhand,Dhanbad,Dhanbad,Other,2014-02-21,23550,23500.0,23276.666666666668,22993.832,-50.0,223.33333333333212,506.16796875,50.0,223.33333333333212,506.16796875,-50.0,-0.21231422505307856
Jharkhand,Deogarh,Madhupur,C.T.C. Dust,2014-02-21,17000,17000.0,16980.0,16974.703,0.0,20.0,25.296875,0.0,20.0,25.296875,0.0,0.0
Kerala,Malappuram,Parappanangadi,Other,2014-02-21,12000,12000.0,12381.0,12082.749,0.0,-381.0,-82.7490234375,0.0,381.0,82.7490234375,0.0,0.0
Kerala,Malappuram,Thirurrangadi,Other,2014-02-21,11000,11000.0,12367.666666666666,12681.72,0.0,-1367.666666666666,-1681.7197265625,0.0,1367.666666666666,1681.7197265625,0.0,0.0
Kerala,Malappuram,Manjeri,Other,2014-02-21,15000,15000.0,15106.333333333334,15007.4375,0.0,-106.33333333333394,-7.4375,0.0,106.33333333333394,7.4375,0.0,0.0
Kerala,Malappuram,Parappanangadi,Other,2014-02-22,12000,12000.0,12400.333333333334,11830.59,0.0,-400.33333333333394,169.41015625,0.0,400.33333333333394,169.41015625,0.0,0.0
Kerala,Malappuram,Thirurrangadi,Other,2014-02-22,11000,13000.0,11870.333333333334,11820.501,2000.0,1129.666666666666,1179.4990234375,2000.0,1129.666666666666,1179.4990234375,2000.0,18.181818181818183
Kerala,Malappuram,Manjeri,Other,2014-02-22,15000,15000.0,15106.333333333334,15006.37,0.0,-106.33333333333394,-6.3701171875,0.0,106.33333333333394,6.3701171875,0.0,0.0
Jharkhand,Dhanbad,Dhanbad,Other,2014-02-23,23500,23500.0,23313.333333333332,23036.176,0.0,186.66666666666788,463.82421875,0.0,186.66666666666788,463.82421875,0.0,0.0
Jharkhand,Deogarh,Madhupur,C.T.C. Dust,2014-02-24,17000,17000.0,16993.333333333332,17003.086,0.0,6.666666666667879,-3.0859375,0.0,6.666666666667879,3.0859375,0.0,0.0
Kerala,Malappuram,Parappanangadi,Other,2014-02-24,12000,11500.0,12328.5,12116.583,-500.0,-828.5,-616.5830078125,500.0,828.5,616.5830078125,-500.0,-4.166666666666666
Jharkhand,Deogarh,Madhupur,Assam C.T.C. Leaf,2014-02-24,26000,26000.0,25933.333333333332,25951.268,0.0,66.66666666666788,48.732421875,0.0,66.66666666666788,48.732421875,0.0,0.0
Kerala,Malappuram,Manjeri,Other,2014-02-24,15000,15000.0,15134.666666666666,15008.153,0.0,-134.66666666666606,-8.1533203125,0.0,134.66666666666606,8.1533203125,0.0,0.0
Kerala,Malappuram,Thirurrangadi,Other,2014-02-24,13000,12000.0,12428.333333333334,12189.097,-1000.0,-428.33333333333394,-189.0966796875,1000.0,428.33333333333394,189.0966796875,-1000.0,-7.6923076923076925
Kerala,Malappuram,Thirurrangadi,Other,2014-02-25,12000,12700.0,12335.666666666666,11754.268,700.0,364.33333333333394,945.732421875,700.0,364.33333333333394,945.732421875,700.0,5.833333333333333
Kerala,Malappuram,Manjeri,Other,2014-02-25,15000,15000.0,15116.333333333334,14986.184,0.0,-116.33333333333394,13.81640625,0.0,116.33333333333394,13.81640625,0.0,0.0
Jharkhand,Dhanbad,Dhanbad,Other,2014-02-25,23500,23500.0,23130.0,23023.785,0.0,370.0,476.21484375,0.0,370.0,476.21484375,0.0,0.0
Kerala,Malappuram,Parappanangadi,Other,2014-02-25,11500,13000.0,12226.0,12006.346,1500.0,774.0,993.654296875,1500.0,774.0,993.654296875,1500.0,13.043478260869565
Kerala,Malappuram,Parappanangadi,Other,2014-02-26,13000,13000.0,12296.0,11977.701,0.0,704.0,1022.298828125,0.0,704.0,1022.298828125,0.0,0.0
Jharkhand,Deogarh,Madhupur,Assam C.T.C. Leaf,2014-02-26,26000,26000.0,25926.666666666668,25950.94,0.0,73.33333333333212,49.060546875,0.0,73.33333333333212,49.060546875,0.0,0.0
Jharkhand,Dhanbad,Dhanbad,Other,2014-02-26,23500,23500.0,23173.333333333332,23040.277,0.0,326.6666666666679,459.72265625,0.0,326.6666666666679,459.72265625,0.0,0.0
Jharkhand,Deogarh,Madhupur,C.T.C. Dust,2014-02-26,17000,17000.0,16996.666666666668,16997.824,0.0,3.3333333333321207,2.17578125,0.0,3.3333333333321207,2.17578125,0.0,0.0
Kerala,Malappuram,Manjeri,Other,2014-02-26,15000,15000.0,15109.666666666666,14983.746,0.0,-109.66666666666606,16.25390625,0.0,109.66666666666606,16.25390625,0.0,0.0
Kerala,Malappuram,Manjeri,Other,2014-02-27,15000,15000.0,15108.0,14983.801,0.0,-108.0,16.19921875,0.0,108.0,16.19921875,0.0,0.0
Jharkhand,Dhanbad,Dhanbad,Other,2014-02-27,23500,23500.0,23150.0,23012.877,0.0,350.0,487.123046875,0.0,350.0,487.123046875,0.0,0.0
Kerala,Malappuram,Thirurrangadi,Other,2014-02-27,12700,12500.0,12460.0,12495.185,-200.0,40.0,4.8154296875,200.0,40.0,4.8154296875,-200.0,-1.574803149606299
Kerala,Malappuram,Parappanangadi,Other,2014-02-27,13000,12000.0,12526.0,12417.317,-1000.0,-526.0,-417.3173828125,1000.0,526.0,417.3173828125,-1000.0,-7.6923076923076925
Kerala,Malappuram,Manjeri,Other,2014-02-28,15000,15000.0,15104.666666666666,14987.322,0.0,-104.66666666666606,12.677734375,0.0,104.66666666666606,12.677734375,0.0,0.0
Jharkhand,Dhanbad,Dhanbad,Other,2014-02-28,23500,22000.0,23143.333333333332,23111.35,-1500.0,-1143.3333333333321,-1111.349609375,1500.0,1143.3333333333321,1111.349609375,-1500.0,-6.382978723404255
Jharkhand,Deogarh,Madhupur,Assam C.T.C. Leaf,2014-02-28,26000,26000.0,25926.666666666668,25954.682,0.0,73.33333333333212,45.318359375,0.0,73.33333333333212,45.318359375,0.0,0.0
Jharkhand,Deogarh,Madhupur,C.T.C. Dust,2014-02-28,17000,17000.0,16996.666666666668,17001.566,0.0,3.3333333333321207,-1.56640625,0.0,3.3333333333321207,1.56640625,0.0,0.0
Kerala,Malappuram,Manjeri,Other,2014-03-01,15000,15000.0,15079.666666666666,15002.395,0.0,-79.66666666666606,-2.39453125,0.0,79.66666666666606,2.39453125,0.0,0.0
Jharkhand,Dhanbad,Dhanbad,Other,2014-03-01,22000,22000.0,22866.333333333332,22169.275,0.0,-866.3333333333321,-169.275390625,0.0,866.3333333333321,169.275390625,0.0,0.0
Jharkhand,Dhanbad,Dhanbad,Other,2014-03-02,22000,22000.0,22953.333333333332,22086.803,0.0,-953.3333333333321,-86.802734375,0.0,953.3333333333321,86.802734375,0.0,0.0
Jharkhand,Dhanbad,Dhanbad,Other,2014-03-03,22000,22000.0,22740.0,21861.426,0.0,-740.0,138.57421875,0.0,740.0,138.57421875,0.0,0.0
Kerala,Malappuram,Parappanangadi,Other,2014-03-03,12000,12000.0,12305.333333333334,12540.979,0.0,-305.33333333333394,-540.978515625,0.0,305.33333333333394,540.978515625,0.0,0.0
Kerala,Malappuram,Manjeri,Other,2014-03-03,15000,15000.0,15093.0,14996.668,0.0,-93.0,3.33203125,0.0,93.0,3.33203125,0.0,0.0
Kerala,Malappuram,Manjeri,Other,2014-03-04,15000,15000.0,15084.666666666666,15001.531,0.0,-84.66666666666606,-1.53125,0.0,84.66666666666606,1.53125,0.0,0.0
Jharkhand,Deogarh,Madhupur,Assam C.T.C. Leaf,2014-03-04,26000,26000.0,25933.333333333332,25941.658,0.0,66.66666666666788,58.341796875,0.0,66.66666666666788,58.341796875,0.0,0.0
Jharkhand,Deogarh,Madhupur,Assam C.T.C. Leaf,2014-03-05,26000,26000.0,25933.333333333332,25940.494,0.0,66.66666666666788,59.505859375,0.0,66.66666666666788,59.505859375,0.0,0.0
Jharkhand,Dhanbad,Dhanbad,Other,2014-03-05,22000,22000.0,22756.666666666668,22142.727,0.0,-756.6666666666679,-142.7265625,0.0,756.6666666666679,142.7265625,0.0,0.0
Kerala,Malappuram,Manjeri,Other,2014-03-05,15000,15000.0,15078.0,14999.094,0.0,-78.0,0.90625,0.0,78.0,0.90625,0.0,0.0
Jharkhand,Deogarh,Madhupur,Assam C.T.C. Leaf,2014-03-06,26000,26000.0,25903.333333333332,25938.186,0.0,96.66666666666788,61.814453125,0.0,96.66666666666788,61.814453125,0.0,0.0
Kerala,Malappuram,Manjeri,Other,2014-03-06,15000,15000.0,15076.333333333334,14998.808,0.0,-76.33333333333394,1.1923828125,0.0,76.33333333333394,1.1923828125,0.0,0.0
Jharkhand,Dhanbad,Dhanbad,Other,2014-03-07,22000,22000.0,22600.0,22085.049,0.0,-600.0,-85.048828125,0.0,600.0,85.048828125,0.0,0.0
Jharkhand,Deogarh,Madhupur,Assam C.T.C. Leaf,2014-03-07,26000,26000.0,25940.0,25940.887,0.0,60.0,59.11328125,0.0,60.0,59.11328125,0.0,0.0
Kerala,Malappuram,Manjeri,Other,2014-03-07,15000,15000.0,15073.0,14997.02,0.0,-73.0,2.98046875,0.0,73.0,2.98046875,0.0,0.0
Jharkhand,Dhanbad,Dhanbad,Other,2014-03-08,22000,22000.0,22616.666666666668,22096.664,0.0,-616.6666666666679,-96.6640625,0.0,616.6666666666679,96.6640625,0.0,0.0
Kerala,Malappuram,Manjeri,Other,2014-03-08,15000,15000.0,15073.0,14995.584,0.0,-73.0,4.416015625,0.0,73.0,4.416015625,0.0,0.0
Jharkhand,Deogarh,Madhupur,Assam C.T.C. Leaf,2014-03-08,26000,26000.0,25946.666666666668,25933.484,0.0,53.33333333333212,66.515625,0.0,53.33333333333212,66.515625,0.0,0.0
Jharkhand,Dhanbad,Dhanbad,Other,2014-03-09,22000,22000.0,22626.666666666668,22104.967,0.0,-626.6666666666679,-104.966796875,0.0,626.6666666666679,104.966796875,0.0,0.0
Kerala,Malappuram,Manjeri,Other,2014-03-10,15000,15000.0,15088.0,14993.976,0.0,-88.0,6.0244140625,0.0,88.0,6.0244140625,0.0,0.0
Jharkhand,Dhanbad,Dhanbad,Other,2014-03-10,22000,22000.0,22546.666666666668,22067.646,0.0,-546.6666666666679,-67.646484375,0.0,546.6666666666679,67.646484375,0.0,0.0
Kerala,Malappuram,Parappanangadi,Other,2014-03-10,12000,12000.0,12287.666666666666,12384.507,0.0,-287.66666666666606,-384.5068359375,0.0,287.66666666666606,384.5068359375,0.0,0.0
Jharkhand,Deogarh,Madhupur,Assam C.T.C. Leaf,2014-03-11,26000,26000.0,25946.666666666668,25944.143,0.0,53.33333333333212,55.857421875,0.0,53.33333333333212,55.857421875,0.0,0.0
Kerala,Malappuram,Manjeri,Other,2014-03-11,15000,15000.0,15084.666666666666,14998.839,0.0,-84.66666666666606,1.1611328125,0.0,84.66666666666606,1.1611328125,0.0,0.0
Jharkhand,Dhanbad,Dhanbad,Other,2014-03-11,22000,22000.0,22726.666666666668,22110.639,0.0,-726.6666666666679,-110.638671875,0.0,726.6666666666679,110.638671875,0.0,0.0
Jharkhand,Deogarh,Madhupur,C.T.C. Dust,2014-03-11,17000,17000.0,16996.666666666668,16993.28,0.0,3.3333333333321207,6.720703125,0.0,3.3333333333321207,6.720703125,0.0,0.0
Kerala,Malappuram,Manjeri,Other,2014-03-12,15000,15000.0,15078.0,15007.479,0.0,-78.0,-7.478515625,0.0,78.0,7.478515625,0.0,0.0
Jharkhand,Dhanbad,Dhanbad,Other,2014-03-12,22000,22000.0,22616.666666666668,22092.877,0.0,-616.6666666666679,-92.876953125,0.0,616.6666666666679,92.876953125,0.0,0.0
Kerala,Malappuram,Manjeri,Other,2014-03-13,15000,15000.0,15076.333333333334,15009.942,0.0,-76.33333333333394,-9.9423828125,0.0,76.33333333333394,9.9423828125,0.0,0.0
Jharkhand,Deogarh,Madhupur,Assam C.T.C. Leaf,2014-03-13,26000,26000.0,25946.666666666668,25950.85,0.0,53.33333333333212,49.150390625,0.0,53.33333333333212,49.150390625,0.0,0.0
Jharkhand,Dhanbad,Dhanbad,Other,2014-03-13,22000,22000.0,22510.0,22061.549,0.0,-510.0,-61.548828125,0.0,510.0,61.548828125,0.0,0.0
Jharkhand,Deogarh,Madhupur,C.T.C. Dust,2014-03-13,17000,17000.0,16996.666666666668,17003.398,0.0,3.3333333333321207,-3.3984375,0.0,3.3333333333321207,3.3984375,0.0,0.0
Kerala,Malappuram,Manjeri,Other,2014-03-14,15000,15000.0,15073.0,15009.942,0.0,-73.0,-9.9423828125,0.0,73.0,9.9423828125,0.0,0.0
Jharkhand,Dhanbad,Dhanbad,Other,2014-03-14,22000,22000.0,22550.0,22109.418,0.0,-550.0,-109.41796875,0.0,550.0,109.41796875,0.0,0.0
Kerala,Malappuram,Parappanangadi,Other,2014-03-15,12000,12000.0,12462.666666666666,12320.938,0.0,-462.66666666666606,-320.9384765625,0.0,462.66666666666606,320.9384765625,0.0,0.0
Kerala,Malappuram,Manjeri,Other,2014-03-15,15000,15000.0,15073.0,15008.507,0.0,-73.0,-8.5068359375,0.0,73.0,8.5068359375,0.0,0.0
Kerala,Malappuram,Manjeri,Other,2014-03-17,15000,15000.0,15111.333333333334,15026.399,0.0,-111.33333333333394,-26.3994140625,0.0,111.33333333333394,26.3994140625,0.0,0.0
Kerala,Malappuram,Manjeri,Other,2014-03-18,15000,15000.0,15096.333333333334,15027.104,0.0,-96.33333333333394,-27.103515625,0.0,96.33333333333394,27.103515625,0.0,0.0
Kerala,Malappuram,Parappanangadi,Other,2014-03-18,12000,12000.0,12307.333333333334,12407.042,0.0,-307.33333333333394,-407.0419921875,0.0,307.33333333333394,407.0419921875,0.0,0.0
Jharkhand,Dhanbad,Dhanbad,Other,2014-03-19,22000,22000.0,22533.333333333332,22055.445,0.0,-533.3333333333321,-55.4453125,0.0,533.3333333333321,55.4453125,0.0,0.0
Kerala,Malappuram,Manjeri,Other,2014-03-19,15000,15000.0,15086.333333333334,15007.112,0.0,-86.33333333333394,-7.1123046875,0.0,86.33333333333394,7.1123046875,0.0,0.0
Jharkhand,Deogarh,Madhupur,C.T.C. Dust,2014-03-19,17000,17000.0,16996.666666666668,17002.924,0.0,3.3333333333321207,-2.923828125,0.0,3.3333333333321207,2.923828125,0.0,0.0
Jharkhand,Deogarh,Madhupur,Assam C.T.C. Leaf,2014-03-19,26000,26000.0,25946.666666666668,25955.021,0.0,53.33333333333212,44.978515625,0.0,53.33333333333212,44.978515625,0.0,0.0
Kerala,Malappuram,Manjeri,Other,2014-03-20,15000,15000.0,15109.666666666666,15006.826,0.0,-109.66666666666606,-6.826171875,0.0,109.66666666666606,6.826171875,0.0,0.0
Jharkhand,Deogarh,Madhupur,C.T.C. Dust,2014-03-21,17000,17000.0,16997.333333333332,16997.928,0.0,2.6666666666678793,2.072265625,0.0,2.6666666666678793,2.072265625,0.0,0.0
Kerala,Malappuram,Manjeri,Other,2014-03-21,15000,15000.0,15106.333333333334,15005.156,0.0,-106.33333333333394,-5.15625,0.0,106.33333333333394,5.15625,0.0,0.0
Jharkhand,Deogarh,Madhupur,Assam C.T.C. Leaf,2014-03-21,26000,26000.0,25946.666666666668,25951.383,0.0,53.33333333333212,48.6171875,0.0,53.33333333333212,48.6171875,0.0,0.0
Jharkhand,Dhanbad,Dhanbad,Other,2014-03-22,22000,22000.0,22536.666666666668,22155.258,0.0,-536.6666666666679,-155.2578125,0.0,536.6666666666679,155.2578125,0.0,0.0
Kerala,Malappuram,Manjeri,Other,2014-03-22,15000,15000.0,15106.333333333334,15004.089,0.0,-106.33333333333394,-4.0888671875,0.0,106.33333333333394,4.0888671875,0.0,0.0
Jharkhand,Dhanbad,Dhanbad,Other,2014-03-23,22000,22000.0,22536.666666666668,22175.094,0.0,-536.6666666666679,-175.09375,0.0,536.6666666666679,175.09375,0.0,0.0
Jharkhand,Deogarh,Madhupur,C.T.C. Dust,2014-03-24,17000,17000.0,16994.0,16999.633,0.0,6.0,0.3671875,0.0,6.0,0.3671875,0.0,0.0
Kerala,Malappuram,Manjeri,Other,2014-03-24,15000,15000.0,15134.666666666666,14955.762,0.0,-134.66666666666606,44.23828125,0.0,134.66666666666606,44.23828125,0.0,0.0
Jharkhand,Dhanbad,Dhanbad,Other,2014-03-24,22000,22000.0,22513.333333333332,22098.55,0.0,-513.3333333333321,-98.55078125,0.0,513.3333333333321,98.55078125,0.0,0.0
Jharkhand,Deogarh,Madhupur,Assam C.T.C. Leaf,2014-03-24,26000,26000.0,25946.666666666668,25950.17,0.0,53.33333333333212,49.830078125,0.0,53.33333333333212,49.830078125,0.0,0.0
Jharkhand,Dhanbad,Dhanbad,Other,2014-03-25,22000,19000.0,22623.333333333332,22178.69,-3000.0,-3623.333333333332,-3178.689453125,3000.0,3623.333333333332,3178.689453125,-3000.0,-13.636363636363635
Kerala,Malappuram,Manjeri,Other,2014-03-25,15000,15000.0,15116.333333333334,14933.792,0.0,-116.33333333333394,66.2080078125,0.0,116.33333333333394,66.2080078125,0.0,0.0
Kerala,Malappuram,Manjeri,Other,2014-03-26,15000,15000.0,15109.666666666666,14931.3545,0.0,-109.66666666666606,68.6455078125,0.0,109.66666666666606,68.6455078125,0.0,0.0
Jharkhand,Deogarh,Madhupur,C.T.C. Dust,2014-03-26,17000,17000.0,16997.333333333332,16995.37,0.0,2.6666666666678793,4.630859375,0.0,2.6666666666678793,4.630859375,0.0,0.0
Jharkhand,Deogarh,Madhupur,Assam C.T.C. Leaf,2014-03-26,26000,26000.0,25940.0,25952.203,0.0,60.0,47.796875,0.0,60.0,47.796875,0.0,0.0
Jharkhand,Deogarh,Madhupur,C.T.C. Dust,2014-03-27,17000,17000.0,16997.333333333332,16995.424,0.0,2.6666666666678793,4.576171875,0.0,2.6666666666678793,4.576171875,0.0,0.0
Jharkhand,Deogarh,Madhupur,Assam C.T.C. Leaf,2014-03-27,26000,26000.0,25940.0,25952.258,0.0,60.0,47.7421875,0.0,60.0,47.7421875,0.0,0.0
Kerala,Malappuram,Manjeri,Other,2014-03-27,15000,15000.0,15108.0,14931.409,0.0,-108.0,68.5908203125,0.0,108.0,68.5908203125,0.0,0.0
Jharkhand,Deogarh,Madhupur,C.T.C. Dust,2014-03-28,17000,17000.0,16997.333333333332,16999.111,0.0,2.6666666666678793,0.888671875,0.0,2.6666666666678793,0.888671875,0.0,0.0
Jharkhand,Deogarh,Madhupur,Assam C.T.C. Leaf,2014-03-28,26000,26000.0,25940.0,25955.945,0.0,60.0,44.0546875,0.0,60.0,44.0546875,0.0,0.0
Kerala,Malappuram,Manjeri,Other,2014-03-28,15000,15000.0,15104.666666666666,14934.931,0.0,-104.66666666666606,65.0693359375,0.0,104.66666666666606,65.0693359375,0.0,0.0
Kerala,Malappuram,Manjeri,Other,2014-03-29,15000,15000.0,15088.0,14936.186,0.0,-88.0,63.814453125,0.0,88.0,63.814453125,0.0,0.0
Kerala,Malappuram,Parappanangadi,Other,2014-03-29,12000,12000.0,12474.666666666666,12531.252,0.0,-474.66666666666606,-531.251953125,0.0,474.66666666666606,531.251953125,0.0,0.0
Kerala,Malappuram,Parappanangadi,Other,2014-03-31,12000,13000.0,12607.333333333334,13041.474,1000.0,392.66666666666606,-41.4736328125,1000.0,392.66666666666606,41.4736328125,1000.0,8.333333333333332
Kerala,Malappuram,Manjeri,Other,2014-03-31,15000,15000.0,14716.333333333334,14431.997,0.0,283.66666666666606,568.0029296875,0.0,283.66666666666606,568.0029296875,0.0,0.0
Jharkhand,Deogarh,Madhupur,C.T.C. Dust,2014-04-01,17000,17000.0,16996.666666666668,16995.426,0.0,3.3333333333321207,4.57421875,0.0,3.3333333333321207,4.57421875,0.0,0.0
Kerala,Malappuram,Manjeri,Other,2014-04-01,15000,15000.0,15091.333333333334,14955.539,0.0,-91.33333333333394,44.4609375,0.0,91.33333333333394,44.4609375,0.0,0.0
Jharkhand,Deogarh,Madhupur,Assam C.T.C. Leaf,2014-04-01,26000,26000.0,25940.0,25945.389,0.0,60.0,54.611328125,0.0,60.0,54.611328125,0.0,0.0
Kerala,Malappuram,Manjeri,Other,2014-04-02,15000,15000.0,15084.666666666666,14950.232,0.0,-84.66666666666606,49.767578125,0.0,84.66666666666606,49.767578125,0.0,0.0
Kerala,Malappuram,Manjeri,Other,2014-04-03,15000,15000.0,15081.333333333334,14947.793,0.0,-81.33333333333394,52.20703125,0.0,81.33333333333394,52.20703125,0.0,0.0
Kerala,Malappuram,Parappanangadi,Other,2014-04-03,13000,12000.0,12546.333333333334,12539.447,-1000.0,-546.3333333333339,-539.447265625,1000.0,546.3333333333339,539.447265625,-1000.0,-7.6923076923076925
Jharkhand,Deogarh,Madhupur,Assam C.T.C. Leaf,2014-04-03,26000,26000.0,25940.0,25941.664,0.0,60.0,58.3359375,0.0,60.0,58.3359375,0.0,0.0
Jharkhand,Deogarh,Madhupur,C.T.C. Dust,2014-04-03,17000,17000.0,16996.666666666668,16989.76,0.0,3.3333333333321207,10.240234375,0.0,3.3333333333321207,10.240234375,0.0,0.0
Jharkhand,Deogarh,Madhupur,C.T.C. Dust,2014-04-04,17000,17000.0,16998.0,16988.078,0.0,2.0,11.921875,0.0,2.0,11.921875,0.0,0.0
Kerala,Malappuram,Manjeri,Other,2014-04-04,15000,15000.0,15073.0,14947.793,0.0,-73.0,52.20703125,0.0,73.0,52.20703125,0.0,0.0
Jharkhand,Deogarh,Madhupur,Assam C.T.C. Leaf,2014-04-04,26000,26000.0,25940.0,25939.982,0.0,60.0,60.017578125,0.0,60.0,60.017578125,0.0,0.0
Kerala,Malappuram,Manjeri,Other,2014-04-05,15000,15000.0,15073.0,14946.357,0.0,-73.0,53.642578125,0.0,73.0,53.642578125,0.0,0.0
Jharkhand,Deogarh,Madhupur,Assam C.T.C. Leaf,2014-04-05,26000,26000.0,25940.0,25938.22,0.0,60.0,61.779296875,0.0,60.0,61.779296875,0.0,0.0
Jharkhand,Deogarh,Madhupur,C.T.C. Dust,2014-04-05,17000,17000.0,16994.0,16986.316,0.0,6.0,13.68359375,0.0,6.0,13.68359375,0.0,0.0
Kerala,Malappuram,Parappanangadi,Other,2014-04-07,12000,12000.0,12414.0,12439.645,0.0,-414.0,-439.64453125,0.0,414.0,439.64453125,0.0,0.0
Kerala,Malappuram,Manjeri,Other,2014-04-07,15000,15000.0,15088.0,14997.316,0.0,-88.0,2.68359375,0.0,88.0,2.68359375,0.0,0.0
Kerala,Malappuram,Parappanangadi,Other,2014-04-08,12000,12000.0,12322.333333333334,12393.554,0.0,-322.33333333333394,-393.5537109375,0.0,322.33333333333394,393.5537109375,0.0,0.0
Kerala,Malappuram,Manjeri,Other,2014-04-08,15000,15000.0,15084.666666666666,15002.18,0.0,-84.66666666666606,-2.1796875,0.0,84.66666666666606,2.1796875,0.0,0.0
Jharkhand,Deogarh,Madhupur,C.T.C. Dust,2014-04-09,17000,17000.0,16997.333333333332,16988.26,0.0,2.6666666666678793,11.740234375,0.0,2.6666666666678793,11.740234375,0.0,0.0
Kerala,Malappuram,Parappanangadi,Other,2014-04-09,12000,13000.0,12288.666666666666,12387.568,1000.0,711.3333333333339,612.431640625,1000.0,711.3333333333339,612.431640625,1000.0,8.333333333333332
Jharkhand,Deogarh,Madhupur,Assam C.T.C. Leaf,2014-04-09,26000,26000.0,25940.0,25941.951,0.0,60.0,58.048828125,0.0,60.0,58.048828125,0.0,0.0
Kerala,Malappuram,Manjeri,Other,2014-04-09,15000,15000.0,15078.0,14999.742,0.0,-78.0,0.2578125,0.0,78.0,0.2578125,0.0,0.0
Jharkhand,Deogarh,Madhupur,Assam C.T.C. Leaf,2014-04-10,26000,27000.0,25940.0,25942.691,1000.0,1060.0,1057.30859375,1000.0,1060.0,1057.30859375,1000.0,3.8461538461538463
Kerala,Malappuram,Parappanangadi,Other,2014-04-10,13000,12000.0,12508.333333333334,12514.522,-1000.0,-508.33333333333394,-514.5224609375,1000.0,508.33333333333394,514.5224609375,-1000.0,-7.6923076923076925
Jharkhand,Deogarh,Madhupur,C.T.C. Dust,2014-04-10,17000,17000.0,16997.333333333332,16990.572,0.0,2.6666666666678793,9.427734375,0.0,2.6666666666678793,9.427734375,0.0,0.0
Kerala,Malappuram,Parappanangadi,Other,2014-04-11,12000,7500.0,12473.333333333334,12599.999,-4500.0,-4973.333333333334,-5099.9990234375,4500.0,4973.333333333334,5099.9990234375,-4500.0,-37.5
Jharkhand,Deogarh,Madhupur,C.T.C. Dust,2014-04-11,17000,17000.0,16998.666666666668,16988.89,0.0,1.3333333333321207,11.109375,0.0,1.3333333333321207,11.109375,0.0,0.0
Kerala,Malappuram,Manjeri,Other,2014-04-11,15000,15000.0,15073.0,14999.456,0.0,-73.0,0.5439453125,0.0,73.0,0.5439453125,0.0,0.0
Jharkhand,Deogarh,Madhupur,Assam C.T.C. Leaf,2014-04-11,27000,26000.0,25933.333333333332,25929.281,-1000.0,66.66666666666788,70.71875,1000.0,66.66666666666788,70.71875,-1000.0,-3.7037037037037033
Jharkhand,Deogarh,Madhupur,C.T.C. Dust,2014-04-12,17000,17000.0,16994.666666666668,16995.85,0.0,5.333333333332121,4.150390625,0.0,5.333333333332121,4.150390625,0.0,0.0
Kerala,Malappuram,Manjeri,Other,2014-04-12,15000,15000.0,15073.0,15009.098,0.0,-73.0,-9.09765625,0.0,73.0,9.09765625,0.0,0.0
Jharkhand,Deogarh,Madhupur,Assam C.T.C. Leaf,2014-04-12,26000,26000.0,25903.333333333332,25915.578,0.0,96.66666666666788,84.421875,0.0,96.66666666666788,84.421875,0.0,0.0
Kerala,Malappuram,Manjeri,Other,2014-04-14,15000,15000.0,15088.0,15017.452,0.0,-88.0,-17.4521484375,0.0,88.0,17.4521484375,0.0,0.0
Jharkhand,Deogarh,Madhupur,C.T.C. Dust,2014-04-15,17000,17000.0,16997.333333333332,17003.39,0.0,2.6666666666678793,-3.390625,0.0,2.6666666666678793,3.390625,0.0,0.0
Jharkhand,Deogarh,Madhupur,Assam C.T.C. Leaf,2014-04-15,26000,26000.0,25936.666666666668,25944.19,0.0,63.33333333333212,55.810546875,0.0,63.33333333333212,55.810546875,0.0,0.0
Kerala,Malappuram,Manjeri,Other,2014-04-16,15000,15000.0,15078.0,15013.569,0.0,-78.0,-13.5693359375,0.0,78.0,13.5693359375,0.0,0.0
Jharkhand,Deogarh,Madhupur,C.T.C. Dust,2014-04-16,17000,17000.0,16997.333333333332,17002.328,0.0,2.6666666666678793,-2.328125,0.0,2.6666666666678793,2.328125,0.0,0.0
Jharkhand,Deogarh,Madhupur,Assam C.T.C. Leaf,2014-04-16,26000,26000.0,25936.666666666668,25942.443,0.0,63.33333333333212,57.556640625,0.0,63.33333333333212,57.556640625,0.0,0.0
Kerala,Malappuram,Manjeri,Other,2014-04-17,15000,15000.0,15076.333333333334,15022.591,0.0,-76.33333333333394,-22.5908203125,0.0,76.33333333333394,22.5908203125,0.0,0.0
Kerala,Malappuram,Manjeri,Other,2014-04-18,15000,15000.0,15084.666666666666,15027.721,0.0,-84.66666666666606,-27.720703125,0.0,84.66666666666606,27.720703125,0.0,0.0
Kerala,Malappuram,Manjeri,Other,2014-04-19,15000,15000.0,15081.333333333334,15009.1,0.0,-81.33333333333394,-9.099609375,0.0,81.33333333333394,9.099609375,0.0,0.0
Jharkhand,Deogarh,Madhupur,C.T.C. Dust,2014-04-21,17000,17000.0,16997.333333333332,17004.932,0.0,2.6666666666678793,-4.931640625,0.0,2.6666666666678793,4.931640625,0.0,0.0
Kerala,Malappuram,Manjeri,Other,2014-04-21,15000,15000.0,15134.666666666666,15014.512,0.0,-134.66666666666606,-14.51171875,0.0,134.66666666666606,14.51171875,0.0,0.0
Jharkhand,Deogarh,Madhupur,Assam C.T.C. Leaf,2014-04-21,26000,27000.0,25936.666666666668,25938.076,1000.0,1063.3333333333321,1061.923828125,1000.0,1063.3333333333321,1061.923828125,1000.0,3.8461538461538463
Kerala,Malappuram,Manjeri,Other,2014-04-22,15000,15000.0,15118.0,15010.496,0.0,-118.0,-10.49609375,0.0,118.0,10.49609375,0.0,0.0
Kerala,Malappuram,Manjeri,Other,2014-04-23,15000,15000.0,15111.333333333334,15008.323,0.0,-111.33333333333394,-8.3232421875,0.0,111.33333333333394,8.3232421875,0.0,0.0
Kerala,Malappuram,Manjeri,Other,2014-04-24,15000,15000.0,15109.666666666666,15004.741,0.0,-109.66666666666606,-4.7412109375,0.0,109.66666666666606,4.7412109375,0.0,0.0
Kerala,Malappuram,Manjeri,Other,2014-04-25,15000,15000.0,15104.666666666666,14987.872,0.0,-104.66666666666606,12.1279296875,0.0,104.66666666666606,12.1279296875,0.0,0.0
Kerala,Malappuram,Manjeri,Other,2014-04-26,15000,15000.0,15104.666666666666,14988.18,0.0,-104.66666666666606,11.8203125,0.0,104.66666666666606,11.8203125,0.0,0.0
Kerala,Malappuram,Manjeri,Other,2014-04-28,15000,15000.0,15143.0,14993.153,0.0,-143.0,6.8466796875,0.0,143.0,6.8466796875,0.0,0.0
Kerala,Malappuram,Parappanangadi,Other,2014-04-28,7500,14000.0,10024.333333333334,9512.844,6500.0,3975.666666666666,4487.15625,6500.0,3975.666666666666,4487.15625,6500.0,86.66666666666667
Kerala,Malappuram,Manjeri,Other,2014-04-29,15000,15000.0,15099.666666666666,14991.581,0.0,-99.66666666666606,8.4189453125,0.0,99.66666666666606,8.4189453125,0.0,0.0
Kerala,Malappuram,Parappanangadi,Other,2014-04-30,14000,14000.0,12280.0,11127.269,0.0,1720.0,2872.7314453125,0.0,1720.0,2872.7314453125,0.0,0.0
Kerala,Malappuram,Manjeri,Other,2014-04-30,15000,15000.0,14926.333333333334,14729.911,0.0,73.66666666666606,270.0888671875,0.0,73.66666666666606,270.0888671875,0.0,0.0
Kerala,Malappuram,Parappanangadi,Other,2014-05-01,14000,14500.0,12647.166666666666,10483.627,500.0,1852.833333333334,4016.373046875,500.0,1852.833333333334,4016.373046875,500.0,3.571428571428571
Jharkhand,Deogarh,Madhupur,Assam C.T.C. Leaf,2014-05-02,27000,26000.0,25936.666666666668,25945.14,-1000.0,63.33333333333212,54.859375,1000.0,63.33333333333212,54.859375,-1000.0,-3.7037037037037033
Kerala,Malappuram,Parappanangadi,Other,2014-05-02,14500,14000.0,13410.333333333334,13709.167,-500.0,589.6666666666661,290.8330078125,500.0,589.6666666666661,290.8330078125,-500.0,-3.4482758620689653
Kerala,Malappuram,Manjeri,Other,2014-05-02,15000,15000.0,15083.0,15004.169,0.0,-83.0,-4.1689453125,0.0,83.0,4.1689453125,0.0,0.0
Jharkhand,Deogarh,Madhupur,Assam C.T.C. Leaf,2014-05-03,26000,26000.0,25916.666666666668,25929.605,0.0,83.33333333333212,70.39453125,0.0,83.33333333333212,70.39453125,0.0,0.0
Kerala,Malappuram,Parappanangadi,Other,2014-05-03,14000,14000.0,12672.333333333334,12437.871,0.0,1327.666666666666,1562.12890625,0.0,1327.666666666666,1562.12890625,0.0,0.0
Kerala,Malappuram,Manjeri,Other,2014-05-03,15000,15000.0,15081.333333333334,15000.58,0.0,-81.33333333333394,-0.580078125,0.0,81.33333333333394,0.580078125,0.0,0.0
Jharkhand,Deogarh,Madhupur,C.T.C. Dust,2014-05-05,17000,17000.0,17000.666666666668,16996.467,0.0,-0.6666666666678793,3.533203125,0.0,0.6666666666678793,3.533203125,0.0,0.0
Kerala,Malappuram,Parappanangadi,Other,2014-05-05,14000,14000.0,12668.166666666666,13018.862,0.0,1331.833333333334,981.1376953125,0.0,1331.833333333334,981.1376953125,0.0,0.0
Kerala,Malappuram,Manjeri,Other,2014-05-05,15000,15000.0,15101.333333333334,15000.295,0.0,-101.33333333333394,-0.294921875,0.0,101.33333333333394,0.294921875,0.0,0.0
Jharkhand,Deogarh,Madhupur,Assam C.T.C. Leaf,2014-05-05,26000,26000.0,25943.333333333332,25946.617,0.0,56.66666666666788,53.3828125,0.0,56.66666666666788,53.3828125,0.0,0.0
Kerala,Malappuram,Manjeri,Other,2014-05-06,15000,15000.0,15088.0,15005.158,0.0,-88.0,-5.158203125,0.0,88.0,5.158203125,0.0,0.0
Kerala,Malappuram,Parappanangadi,Other,2014-05-06,14000,9600.0,12885.5,13033.771,-4400.0,-3285.5,-3433.771484375,4400.0,3285.5,3433.771484375,-4400.0,-31.428571428571427
Jharkhand,Deogarh,Madhupur,C.T.C. Dust,2014-05-07,17000,17000.0,17000.666666666668,16989.752,0.0,-0.6666666666678793,10.248046875,0.0,0.6666666666678793,10.248046875,0.0,0.0
Kerala,Malappuram,Manjeri,Other,2014-05-07,15000,15000.0,15081.333333333334,15000.933,0.0,-81.33333333333394,-0.9326171875,0.0,81.33333333333394,0.9326171875,0.0,0.0
Kerala,Malappuram,Parappanangadi,Other,2014-05-07,9600,13500.0,10845.0,12139.377,3900.0,2655.0,1360.623046875,3900.0,2655.0,1360.623046875,3900.0,40.625
Jharkhand,Deogarh,Madhupur,Assam C.T.C. Leaf,2014-05-07,26000,26000.0,25943.333333333332,25909.525,0.0,56.66666666666788,90.474609375,0.0,56.66666666666788,90.474609375,0.0,0.0
Kerala,Malappuram,Manjeri,Other,2014-05-08,15000,15000.0,15079.666666666666,15000.646,0.0,-79.66666666666606,-0.646484375,0.0,79.66666666666606,0.646484375,0.0,0.0
Kerala,Malappuram,Parappanangadi,Other,2014-05-08,13500,13000.0,12840.666666666666,12650.209,-500.0,159.33333333333394,349.791015625,500.0,159.33333333333394,349.791015625,-500.0,-3.7037037037037033
Jharkhand,Deogarh,Madhupur,C.T.C. Dust,2014-05-09,17000,17000.0,16998.666666666668,16991.15,0.0,1.3333333333321207,8.849609375,0.0,1.3333333333321207,8.849609375,0.0,0.0
Kerala,Malappuram,Manjeri,Other,2014-05-09,15000,15000.0,15076.333333333334,15000.646,0.0,-76.33333333333394,-0.646484375,0.0,76.33333333333394,0.646484375,0.0,0.0
Jharkhand,Deogarh,Madhupur,Assam C.T.C. Leaf,2014-05-09,26000,26000.0,25943.333333333332,25915.932,0.0,56.66666666666788,84.068359375,0.0,56.66666666666788,84.068359375,0.0,0.0
Kerala,Malappuram,Parappanangadi,Other,2014-05-09,13000,13000.0,12762.5,12897.03,0.0,237.5,102.9697265625,0.0,237.5,102.9697265625,0.0,0.0
Kerala,Malappuram,Parappanangadi,Other,2014-05-10,13000,14000.0,12599.166666666666,12516.379,1000.0,1400.833333333334,1483.62109375,1000.0,1400.833333333334,1483.62109375,1000.0,7.6923076923076925
Jharkhand,Deogarh,Madhupur,C.T.C. Dust,2014-05-10,17000,17000.0,16994.666666666668,16991.988,0.0,5.333333333332121,8.01171875,0.0,5.333333333332121,8.01171875,0.0,0.0
Kerala,Malappuram,Manjeri,Other,2014-05-10,15000,15000.0,15076.333333333334,14999.211,0.0,-76.33333333333394,0.7890625,0.0,76.33333333333394,0.7890625,0.0,0.0
Jharkhand,Deogarh,Madhupur,Assam C.T.C. Leaf,2014-05-10,26000,26000.0,25943.333333333332,25915.197,0.0,56.66666666666788,84.802734375,0.0,56.66666666666788,84.802734375,0.0,0.0
Jharkhand,Deogarh,Madhupur,Assam C.T.C. Leaf,2014-05-12,26000,26000.0,25983.333333333332,25956.783,0.0,16.66666666666788,43.216796875,0.0,16.66666666666788,43.216796875,0.0,0.0
Kerala,Malappuram,Parappanangadi,Other,2014-05-12,14000,14000.0,13160.166666666666,13324.062,0.0,839.8333333333339,675.9384765625,0.0,839.8333333333339,675.9384765625,0.0,0.0
Jharkhand,Deogarh,Madhupur,C.T.C. Dust,2014-05-12,17000,17000.0,17003.333333333332,17009.984,0.0,-3.3333333333321207,-9.984375,0.0,3.3333333333321207,9.984375,0.0,0.0
Kerala,Malappuram,Manjeri,Other,2014-05-12,15000,15000.0,15101.333333333334,15015.893,0.0,-101.33333333333394,-15.892578125,0.0,101.33333333333394,15.892578125,0.0,0.0
Jharkhand,Dhanbad,Dhanbad,Other,2014-05-12,19000,19000.0,22004.666666666668,20167.209,0.0,-3004.666666666668,-1167.208984375,0.0,3004.666666666668,1167.208984375,0.0,0.0
Kerala,Malappuram,Parappanangadi,Other,2014-05-13,14000,13500.0,13393.5,13699.612,-500.0,106.5,-199.6123046875,500.0,106.5,199.6123046875,-500.0,-3.571428571428571
Kerala,Malappuram,Manjeri,Other,2014-05-13,15000,15000.0,15088.0,15017.197,0.0,-88.0,-17.197265625,0.0,88.0,17.197265625,0.0,0.0
Kerala,Malappuram,Parappanangadi,Other,2014-05-14,13500,13000.0,13270.5,13482.754,-500.0,-270.5,-482.75390625,500.0,270.5,482.75390625,-500.0,-3.7037037037037033
Kerala,Malappuram,Manjeri,Other,2014-05-14,15000,15000.0,15081.333333333334,15014.76,0.0,-81.33333333333394,-14.759765625,0.0,81.33333333333394,14.759765625,0.0,0.0
Kerala,Malappuram,Parappanangadi,Other,2014-05-15,13000,14000.0,12394.5,12813.8,1000.0,1605.5,1186.2001953125,1000.0,1605.5,1186.2001953125,1000.0,7.6923076923076925
Jharkhand,Deogarh,Madhupur,C.T.C. Dust,2014-05-15,17000,17000.0,17006.666666666668,17006.9,0.0,-6.666666666667879,-6.900390625,0.0,6.666666666667879,6.900390625,0.0,0.0
Kerala,Malappuram,Manjeri,Other,2014-05-15,15000,15000.0,15079.666666666666,15014.474,0.0,-79.66666666666606,-14.4736328125,0.0,79.66666666666606,14.4736328125,0.0,0.0
Jharkhand,Deogarh,Madhupur,Assam C.T.C. Leaf,2014-05-15,26000,26000.0,25983.333333333332,25948.508,0.0,16.66666666666788,51.4921875,0.0,16.66666666666788,51.4921875,0.0,0.0
Jharkhand,Deogarh,Madhupur,Assam C.T.C. Leaf,2014-05-16,26000,26000.0,25963.333333333332,25955.168,0.0,36.66666666666788,44.83203125,0.0,36.66666666666788,44.83203125,0.0,0.0
Jharkhand,Deogarh,Madhupur,C.T.C. Dust,2014-05-16,17000,17000.0,17008.0,17005.219,0.0,-8.0,-5.21875,0.0,8.0,5.21875,0.0,0.0
Kerala,Malappuram,Manjeri,Other,2014-05-16,15000,15000.0,15076.333333333334,15014.474,0.0,-76.33333333333394,-14.4736328125,0.0,76.33333333333394,14.4736328125,0.0,0.0
Kerala,Malappuram,Parappanangadi,Other,2014-05-16,14000,13000.0,13634.5,13543.38,-1000.0,-634.5,-543.3798828125,1000.0,634.5,543.3798828125,-1000.0,-7.142857142857142
Kerala,Malappuram,Parappanangadi,Other,2014-05-17,13000,14000.0,13142.0,13270.256,1000.0,858.0,729.744140625,1000.0,858.0,729.744140625,1000.0,7.6923076923076925
Kerala,Malappuram,Manjeri,Other,2014-05-17,15000,15000.0,15076.333333333334,15012.149,0.0,-76.33333333333394,-12.1494140625,0.0,76.33333333333394,12.1494140625,0.0,0.0
Jharkhand,Deogarh,Madhupur,C.T.C. Dust,2014-05-17,17000,17000.0,17018.666666666668,17005.686,0.0,-18.66666666666788,-5.685546875,0.0,18.66666666666788,5.685546875,0.0,0.0
Jharkhand,Deogarh,Madhupur,Assam C.T.C. Leaf,2014-05-17,26000,26000.0,25963.333333333332,25948.797,0.0,36.66666666666788,51.203125,0.0,36.66666666666788,51.203125,0.0,0.0
Kerala,Malappuram,Manjeri,Other,2014-05-19,15000,15000.0,15218.0,15021.588,0.0,-218.0,-21.587890625,0.0,218.0,21.587890625,0.0,0.0
Kerala,Malappuram,Parappanangadi,Other,2014-05-19,14000,14000.0,13829.666666666666,13965.475,0.0,170.33333333333394,34.525390625,0.0,170.33333333333394,34.525390625,0.0,0.0
Kerala,Malappuram,Manjeri,Other,2014-05-20,15000,15000.0,15176.333333333334,15019.068,0.0,-176.33333333333394,-19.068359375,0.0,176.33333333333394,19.068359375,0.0,0.0
Jharkhand,Dhanbad,Dhanbad,Other,2014-05-20,19000,14000.0,21341.666666666668,20019.463,-5000.0,-7341.666666666668,-6019.462890625,5000.0,7341.666666666668,6019.462890625,-5000.0,-26.31578947368421
Kerala,Malappuram,Parappanangadi,Other,2014-05-20,14000,14000.0,13881.333333333334,14148.406,0.0,118.66666666666606,-148.40625,0.0,118.66666666666606,148.40625,0.0,0.0
Jharkhand,Deogarh,Madhupur,Assam C.T.C. Leaf,2014-05-21,26000,26000.0,25983.333333333332,25954.754,0.0,16.66666666666788,45.24609375,0.0,16.66666666666788,45.24609375,0.0,0.0
Jharkhand,Deogarh,Madhupur,C.T.C. Dust,2014-05-21,17000,17000.0,17003.333333333332,17004.232,0.0,-3.3333333333321207,-4.232421875,0.0,3.3333333333321207,4.232421875,0.0,0.0
Kerala,Malappuram,Parappanangadi,Other,2014-05-21,14000,14000.0,13900.5,14314.025,0.0,99.5,-314.025390625,0.0,99.5,314.025390625,0.0,0.0
Kerala,Malappuram,Manjeri,Other,2014-05-21,15000,15000.0,15171.333333333334,15009.974,0.0,-171.33333333333394,-9.9736328125,0.0,171.33333333333394,9.9736328125,0.0,0.0
Kerala,Malappuram,Parappanangadi,Other,2014-05-22,14000,14000.0,13797.666666666666,14092.492,0.0,202.33333333333394,-92.4921875,0.0,202.33333333333394,92.4921875,0.0,0.0
Kerala,Malappuram,Manjeri,Other,2014-05-22,15000,15000.0,15169.666666666666,15008.191,0.0,-169.66666666666606,-8.19140625,0.0,169.66666666666606,8.19140625,0.0,0.0
Kerala,Malappuram,Parappanangadi,Other,2014-05-23,14000,14000.0,13484.833333333334,13901.924,0.0,515.1666666666661,98.076171875,0.0,515.1666666666661,98.076171875,0.0,0.0
Kerala,Malappuram,Manjeri,Other,2014-05-23,15000,15000.0,15166.333333333334,15008.456,0.0,-166.33333333333394,-8.4560546875,0.0,166.33333333333394,8.4560546875,0.0,0.0
Jharkhand,Deogarh,Madhupur,Assam C.T.C. Leaf,2014-05-23,26000,26000.0,25983.333333333332,25955.662,0.0,16.66666666666788,44.337890625,0.0,16.66666666666788,44.337890625,0.0,0.0
Jharkhand,Deogarh,Madhupur,C.T.C. Dust,2014-05-23,17000,17000.0,17004.0,17001.555,0.0,-4.0,-1.5546875,0.0,4.0,1.5546875,0.0,0.0
Kerala,Malappuram,Parappanangadi,Other,2014-05-24,14000,14000.0,13918.666666666666,13869.777,0.0,81.33333333333394,130.22265625,0.0,81.33333333333394,130.22265625,0.0,0.0
Kerala,Malappuram,Manjeri,Other,2014-05-24,15000,15000.0,15166.333333333334,15008.049,0.0,-166.33333333333394,-8.048828125,0.0,166.33333333333394,8.048828125,0.0,0.0
Kerala,Malappuram,Manjeri,Other,2014-05-26,15000,15000.0,15224.666666666666,14995.94,0.0,-224.66666666666606,4.0595703125,0.0,224.66666666666606,4.0595703125,0.0,0.0
Kerala,Malappuram,Parappanangadi,Other,2014-05-26,14000,13000.0,13914.5,14191.493,-1000.0,-914.5,-1191.4931640625,1000.0,914.5,1191.4931640625,-1000.0,-7.142857142857142
Jharkhand,Deogarh,Madhupur,Assam C.T.C. Leaf,2014-05-26,26000,27000.0,26000.0,25969.074,1000.0,1000.0,1030.92578125,1000.0,1000.0,1030.92578125,1000.0,3.8461538461538463
Jharkhand,Deogarh,Madhupur,C.T.C. Dust,2014-05-26,17000,17000.0,16996.666666666668,17009.479,0.0,3.3333333333321207,-9.478515625,0.0,3.3333333333321207,9.478515625,0.0,0.0
Jharkhand,Dhanbad,Dhanbad,Other,2014-05-26,14000,14000.0,17970.666666666668,15219.211,0.0,-3970.666666666668,-1219.2109375,0.0,3970.666666666668,1219.2109375,0.0,0.0
Kerala,Malappuram,Manjeri,Other,2014-05-27,15000,15000.0,15154.666666666666,14993.762,0.0,-154.66666666666606,6.23828125,0.0,154.66666666666606,6.23828125,0.0,0.0
Jharkhand,Dhanbad,Dhanbad,Other,2014-05-27,14000,17000.0,16620.333333333332,16304.582,3000.0,379.6666666666679,695.41796875,3000.0,379.6666666666679,695.41796875,3000.0,21.428571428571427
Kerala,Malappuram,Parappanangadi,Other,2014-05-27,13000,14000.0,13228.0,13299.574,1000.0,772.0,700.42578125,1000.0,772.0,700.42578125,1000.0,7.6923076923076925
Kerala,Malappuram,Parappanangadi,Other,2014-05-28,14000,12500.0,13799.666666666666,13655.808,-1500.0,-1299.666666666666,-1155.8076171875,1500.0,1299.666666666666,1155.8076171875,-1500.0,-10.714285714285714
Jharkhand,Dhanbad,Dhanbad,Other,2014-05-28,17000,17000.0,18162.0,16682.502,0.0,-1162.0,317.498046875,0.0,1162.0,317.498046875,0.0,0.0
Kerala,Malappuram,Manjeri,Other,2014-05-28,15000,15000.0,15149.666666666666,14986.956,0.0,-149.66666666666606,13.0439453125,0.0,149.66666666666606,13.0439453125,0.0,0.0
Kerala,Malappuram,Manjeri,Other,2014-05-29,15000,15000.0,15131.333333333334,14986.215,0.0,-131.33333333333394,13.78515625,0.0,131.33333333333394,13.78515625,0.0,0.0
Kerala,Malappuram,Parappanangadi,Other,2014-05-29,12500,13000.0,12798.833333333334,13199.652,500.0,201.16666666666606,-199.65234375,500.0,201.16666666666606,199.65234375,500.0,4.0
Jharkhand,Dhanbad,Dhanbad,Other,2014-05-29,17000,17000.0,18614.0,17418.707,0.0,-1614.0,-418.70703125,0.0,1614.0,418.70703125,0.0,0.0
Kerala,Malappuram,Parappanangadi,Other,2014-05-30,13000,13500.0,12864.0,13150.142,500.0,636.0,349.8583984375,500.0,636.0,349.8583984375,500.0,3.8461538461538463
Jharkhand,Dhanbad,Dhanbad,Other,2014-05-30,17000,17000.0,18504.333333333332,17416.25,0.0,-1504.3333333333321,-416.25,0.0,1504.3333333333321,416.25,0.0,0.0
Kerala,Malappuram,Manjeri,Other,2014-05-30,15000,15000.0,14954.666666666666,14733.039,0.0,45.33333333333394,266.9609375,0.0,45.33333333333394,266.9609375,0.0,0.0
Jharkhand,Dhanbad,Dhanbad,Other,2014-05-31,17000,17000.0,18439.333333333332,17164.143,0.0,-1439.3333333333321,-164.142578125,0.0,1439.3333333333321,164.142578125,0.0,0.0
Kerala,Malappuram,Parappanangadi,Other,2014-05-31,13500,13000.0,13393.666666666666,13365.961,-500.0,-393.66666666666606,-365.9609375,500.0,393.66666666666606,365.9609375,-500.0,-3.7037037037037033
Kerala,Malappuram,Manjeri,Other,2014-05-31,15000,15000.0,14649.666666666666,14352.381,0.0,350.33333333333394,647.619140625,0.0,350.33333333333394,647.619140625,0.0,0.0
Kerala,Malappuram,Parappanangadi,Other,2014-06-01,13000,12000.0,12977.833333333334,13212.303,-1000.0,-977.8333333333339,-1212.302734375,1000.0,977.8333333333339,1212.302734375,-1000.0,-7.6923076923076925
Jharkhand,Dhanbad,Dhanbad,Other,2014-06-02,17000,17000.0,18272.666666666668,16967.984,0.0,-1272.6666666666679,32.015625,0.0,1272.6666666666679,32.015625,0.0,0.0
Kerala,Malappuram,Parappanangadi,Other,2014-06-02,12000,13000.0,12680.5,12317.005,1000.0,319.5,682.9951171875,1000.0,319.5,682.9951171875,1000.0,8.333333333333332
Kerala,Malappuram,Manjeri,Other,2014-06-02,15000,15000.0,15144.666666666666,15004.879,0.0,-144.66666666666606,-4.87890625,0.0,144.66666666666606,4.87890625,0.0,0.0
Jharkhand,Deogarh,Madhupur,C.T.C. Dust,2014-06-03,17000,17000.0,17001.333333333332,17004.102,0.0,-1.3333333333321207,-4.1015625,0.0,1.3333333333321207,4.1015625,0.0,0.0
Kerala,Malappuram,Manjeri,Other,2014-06-03,15000,15000.0,15106.333333333334,15009.631,0.0,-106.33333333333394,-9.630859375,0.0,106.33333333333394,9.630859375,0.0,0.0
Jharkhand,Deogarh,Madhupur,Assam C.T.C. Leaf,2014-06-03,27000,27000.0,25993.333333333332,25971.61,0.0,1006.6666666666679,1028.390625,0.0,1006.6666666666679,1028.390625,0.0,0.0
Kerala,Malappuram,Parappanangadi,Other,2014-06-03,13000,13000.0,12766.333333333334,12443.966,0.0,233.66666666666606,556.0341796875,0.0,233.66666666666606,556.0341796875,0.0,0.0
Jharkhand,Deogarh,Madhupur,C.T.C. Dust,2014-06-04,17000,17000.0,17000.0,16990.006,0.0,0.0,9.994140625,0.0,0.0,9.994140625,0.0,0.0
Jharkhand,Deogarh,Madhupur,Assam C.T.C. Leaf,2014-06-04,27000,27000.0,26000.0,25925.695,0.0,1000.0,1074.3046875,0.0,1000.0,1074.3046875,0.0,0.0
Kerala,Malappuram,Parappanangadi,Other,2014-06-04,13000,14000.0,12996.333333333334,12465.104,1000.0,1003.6666666666661,1534.896484375,1000.0,1003.6666666666661,1534.896484375,1000.0,7.6923076923076925
Jharkhand,Dhanbad,Dhanbad,Other,2014-06-04,17000,17000.0,17700.4,16773.62,0.0,-700.4000000000015,226.380859375,0.0,700.4000000000015,226.380859375,0.0,0.0
Kerala,Malappuram,Manjeri,Other,2014-06-04,15000,15000.0,15096.333333333334,15002.206,0.0,-96.33333333333394,-2.2060546875,0.0,96.33333333333394,2.2060546875,0.0,0.0
Kerala,Malappuram,Parappanangadi,Other,2014-06-05,14000,13500.0,13463.833333333334,13700.978,-500.0,36.16666666666606,-200.9775390625,500.0,36.16666666666606,200.9775390625,-500.0,-3.571428571428571
Kerala,Malappuram,Manjeri,Other,2014-06-05,15000,15000.0,15094.666666666666,15001.92,0.0,-94.66666666666606,-1.919921875,0.0,94.66666666666606,1.919921875,0.0,0.0
Jharkhand,Dhanbad,Dhanbad,Other,2014-06-06,17000,17500.0,17623.5,16724.451,500.0,-123.5,775.548828125,500.0,123.5,775.548828125,500.0,2.941176470588235
Jharkhand,Deogarh,Madhupur,C.T.C. Dust,2014-06-06,17000,17000.0,16998.666666666668,16991.404,0.0,1.3333333333321207,8.595703125,0.0,1.3333333333321207,8.595703125,0.0,0.0
Kerala,Malappuram,Parappanangadi,Other,2014-06-06,13500,13000.0,13567.166666666666,13787.268,-500.0,-567.1666666666661,-787.267578125,500.0,567.1666666666661,787.267578125,-500.0,-3.7037037037037033
Kerala,Malappuram,Manjeri,Other,2014-06-06,15000,15000.0,15091.333333333334,15001.92,0.0,-91.33333333333394,-1.919921875,0.0,91.33333333333394,1.919921875,0.0,0.0
Jharkhand,Deogarh,Madhupur,Assam C.T.C. Leaf,2014-06-06,27000,26000.0,26000.0,25977.475,-1000.0,0.0,22.525390625,1000.0,0.0,22.525390625,-1000.0,-3.7037037037037033
Kerala,Malappuram,Parappanangadi,Other,2014-06-07,13000,12500.0,12997.166666666666,13262.223,-500.0,-497.16666666666606,-762.22265625,500.0,497.16666666666606,762.22265625,-500.0,-3.8461538461538463
Kerala,Malappuram,Manjeri,Other,2014-06-07,15000,15000.0,15091.333333333334,14998.696,0.0,-91.33333333333394,1.3037109375,0.0,91.33333333333394,1.3037109375,0.0,0.0
Jharkhand,Dhanbad,Dhanbad,Other,2014-06-08,17500,17400.0,17977.833333333332,17515.605,-100.0,-577.8333333333321,-115.60546875,100.0,577.8333333333321,115.60546875,-100.0,-0.5714285714285714
Kerala,Malappuram,Thirurrangadi,Other,2014-06-09,12500,14000.0,12250.666666666666,11349.078,1500.0,1749.333333333334,2650.921875,1500.0,1749.333333333334,2650.921875,1500.0,12.0
Kerala,Malappuram,Manjeri,Other,2014-06-09,15000,15000.0,15138.0,14995.789,0.0,-138.0,4.2109375,0.0,138.0,4.2109375,0.0,0.0
Kerala,Malappuram,Parappanangadi,Other,2014-06-09,12500,13500.0,12816.0,12782.564,1000.0,684.0,717.435546875,1000.0,684.0,717.435546875,1000.0,8.0
Kerala,Malappuram,Thirurrangadi,Other,2014-06-10,14000,13000.0,12735.333333333334,12556.526,-1000.0,264.66666666666606,443.4736328125,1000.0,264.66666666666606,443.4736328125,-1000.0,-7.142857142857142
Kerala,Malappuram,Parappanangadi,Other,2014-06-10,13500,14000.0,13225.0,12788.877,500.0,775.0,1211.123046875,500.0,775.0,1211.123046875,500.0,3.7037037037037033
Kerala,Malappuram,Manjeri,Other,2014-06-10,15000,15000.0,15101.333333333334,15000.652,0.0,-101.33333333333394,-0.65234375,0.0,101.33333333333394,0.65234375,0.0,0.0
Kerala,Malappuram,Thirurrangadi,Other,2014-06-11,13000,13000.0,12303.666666666666,12788.752,0.0,696.3333333333339,211.248046875,0.0,696.3333333333339,211.248046875,0.0,0.0
Kerala,Malappuram,Parappanangadi,Other,2014-06-11,14000,13000.0,13654.0,13675.577,-1000.0,-654.0,-675.5771484375,1000.0,654.0,675.5771484375,-1000.0,-7.142857142857142
Jharkhand,Dhanbad,Dhanbad,Other,2014-06-11,17400,17500.0,17895.333333333332,17176.338,100.0,-395.3333333333321,323.662109375,100.0,395.3333333333321,323.662109375,100.0,0.5747126436781609
Kerala,Malappuram,Manjeri,Other,2014-06-11,15000,15000.0,15096.333333333334,14993.228,0.0,-96.33333333333394,6.7724609375,0.0,96.33333333333394,6.7724609375,0.0,0.0
Kerala,Malappuram,Parappanangadi,Other,2014-06-12,13000,13000.0,13128.166666666666,13253.654,0.0,-128.16666666666606,-253.654296875,0.0,128.16666666666606,253.654296875,0.0,0.0
Kerala,Malappuram,Manjeri,Other,2014-06-12,15000,15000.0,15094.666666666666,15001.806,0.0,-94.66666666666606,-1.8056640625,0.0,94.66666666666606,1.8056640625,0.0,0.0
Kerala,Malappuram,Thirurrangadi,Other,2014-06-12,13000,13500.0,12275.833333333334,12518.185,500.0,1224.166666666666,981.8154296875,500.0,1224.166666666666,981.8154296875,500.0,3.8461538461538463
Kerala,Malappuram,Thirurrangadi,Other,2014-06-13,13500,12250.0,13060.666666666666,13316.193,-1250.0,-810.6666666666661,-1066.193359375,1250.0,810.6666666666661,1066.193359375,-1250.0,-9.25925925925926
Kerala,Malappuram,Parappanangadi,Other,2014-06-13,13000,13500.0,12969.166666666666,12873.597,500.0,530.8333333333339,626.4033203125,500.0,530.8333333333339,626.4033203125,500.0,3.8461538461538463
Jharkhand,Dhanbad,Dhanbad,Other,2014-06-13,17500,17000.0,17848.666666666668,17415.17,-500.0,-848.6666666666679,-415.169921875,500.0,848.6666666666679,415.169921875,-500.0,-2.857142857142857
Kerala,Malappuram,Manjeri,Other,2014-06-13,15000,15000.0,15091.333333333334,15004.556,0.0,-91.33333333333394,-4.5556640625,0.0,91.33333333333394,4.5556640625,0.0,0.0
Kerala,Malappuram,Parappanangadi,Other,2014-06-14,13500,13000.0,13374.166666666666,13453.471,-500.0,-374.16666666666606,-453.470703125,500.0,374.16666666666606,453.470703125,-500.0,-3.7037037037037033
Kerala,Malappuram,Manjeri,Other,2014-06-14,15000,15000.0,15091.333333333334,15003.12,0.0,-91.33333333333394,-3.1201171875,0.0,91.33333333333394,3.1201171875,0.0,0.0
Kerala,Malappuram,Thirurrangadi,Other,2014-06-14,12250,12000.0,12411.666666666666,12262.353,-250.0,-411.66666666666606,-262.3525390625,250.0,411.66666666666606,262.3525390625,-250.0,-2.0408163265306123
Jharkhand,Dhanbad,Dhanbad,Other,2014-06-15,17000,17500.0,17665.0,17238.318,500.0,-165.0,261.681640625,500.0,165.0,261.681640625,500.0,2.941176470588235
Kerala,Malappuram,Thirurrangadi,Other,2014-06-16,12000,15000.0,12299.5,12280.243,3000.0,2700.5,2719.7568359375,3000.0,2700.5,2719.7568359375,3000.0,25.0
Kerala,Malappuram,Parappanangadi,Other,2014-06-16,13000,13000.0,13014.833333333334,13273.467,0.0,-14.83333333333394,-273.466796875,0.0,14.83333333333394,273.466796875,0.0,0.0
Kerala,Malappuram,Manjeri,Other,2014-06-16,15000,15000.0,15138.0,15025.732,0.0,-138.0,-25.732421875,0.0,138.0,25.732421875,0.0,0.0
Kerala,Malappuram,Manjeri,Other,2014-06-17,15000,15000.0,15091.333333333334,15024.87,0.0,-91.33333333333394,-24.8701171875,0.0,91.33333333333394,24.8701171875,0.0,0.0
Jharkhand,Dhanbad,Dhanbad,Other,2014-06-17,17500,17000.0,17742.0,17308.338,-500.0,-742.0,-308.337890625,500.0,742.0,308.337890625,-500.0,-2.857142857142857
Kerala,Malappuram,Thirurrangadi,Other,2014-06-17,15000,14000.0,13576.666666666666,14108.171,-1000.0,423.33333333333394,-108.1708984375,1000.0,423.33333333333394,108.1708984375,-1000.0,-6.666666666666667
Kerala,Malappuram,Parappanangadi,Other,2014-06-17,13000,13000.0,13018.833333333334,13236.806,0.0,-18.83333333333394,-236.8056640625,0.0,18.83333333333394,236.8056640625,0.0,0.0
Kerala,Malappuram,Parappanangadi,Other,2014-06-18,13000,14500.0,12989.0,13167.746,1500.0,1511.0,1332.25390625,1500.0,1511.0,1332.25390625,1500.0,11.538461538461538
Kerala,Malappuram,Manjeri,Other,2014-06-18,15000,15000.0,15088.0,15022.575,0.0,-88.0,-22.5751953125,0.0,88.0,22.5751953125,0.0,0.0
Kerala,Malappuram,Thirurrangadi,Other,2014-06-18,14000,14200.0,13253.666666666666,13709.763,200.0,946.3333333333339,490.2373046875,200.0,946.3333333333339,490.2373046875,200.0,1.4285714285714286
Jharkhand,Dhanbad,Dhanbad,Other,2014-06-18,17000,17000.0,17406.8,17355.684,0.0,-406.7999999999993,-355.68359375,0.0,406.7999999999993,355.68359375,0.0,0.0
Kerala,Malappuram,Parappanangadi,Other,2014-06-19,14500,13500.0,13921.166666666666,14395.758,-1000.0,-421.16666666666606,-895.7578125,1000.0,421.16666666666606,895.7578125,-1000.0,-6.896551724137931
Kerala,Malappuram,Thirurrangadi,Other,2014-06-19,14200,14500.0,13478.0,13874.753,300.0,1022.0,625.2470703125,300.0,1022.0,625.2470703125,300.0,2.112676056338028
Jharkhand,Deogarh,Madhupur,C.T.C. Dust,2014-06-19,17000,17000.0,16996.666666666668,17007.22,0.0,3.3333333333321207,-7.220703125,0.0,3.3333333333321207,7.220703125,0.0,0.0
Jharkhand,Deogarh,Madhupur,Assam C.T.C. Leaf,2014-06-19,26000,27000.0,25946.666666666668,26033.4,1000.0,1053.3333333333321,966.599609375,1000.0,1053.3333333333321,966.599609375,1000.0,3.8461538461538463
Kerala,Malappuram,Manjeri,Other,2014-06-19,15000,15000.0,15083.0,15013.46,0.0,-83.0,-13.4599609375,0.0,83.0,13.4599609375,0.0,0.0
Kerala,Malappuram,Parappanangadi,Other,2014-06-20,13500,13000.0,13406.5,13648.071,-500.0,-406.5,-648.0712890625,500.0,406.5,648.0712890625,-500.0,-3.7037037037037033
Kerala,Malappuram,Thirurrangadi,Other,2014-06-20,14500,14000.0,13972.0,13775.366,-500.0,28.0,224.6337890625,500.0,28.0,224.6337890625,-500.0,-3.4482758620689653
Kerala,Malappuram,Manjeri,Other,2014-06-20,15000,15000.0,15104.666666666666,15013.46,0.0,-104.66666666666606,-13.4599609375,0.0,104.66666666666606,13.4599609375,0.0,0.0
Jharkhand,Dhanbad,Dhanbad,Other,2014-06-21,17000,17000.0,17325.633333333335,17276.092,0.0,-325.63333333333503,-276.091796875,0.0,325.63333333333503,276.091796875,0.0,0.0
Kerala,Malappuram,Parappanangadi,Other,2014-06-21,13000,13500.0,13181.166666666666,13329.991,500.0,318.83333333333394,170.0087890625,500.0,318.83333333333394,170.0087890625,500.0,3.8461538461538463
Kerala,Malappuram,Manjeri,Other,2014-06-21,15000,15000.0,15104.666666666666,15010.723,0.0,-104.66666666666606,-10.72265625,0.0,104.66666666666606,10.72265625,0.0,0.0
Jharkhand,Deogarh,Madhupur,Assam C.T.C. Leaf,2014-06-21,27000,26000.0,25986.666666666668,26018.953,-1000.0,13.33333333333212,-18.953125,1000.0,13.33333333333212,18.953125,-1000.0,-3.7037037037037033
Jharkhand,Deogarh,Madhupur,C.T.C. Dust,2014-06-21,17000,17000.0,17004.666666666668,17005.592,0.0,-4.666666666667879,-5.591796875,0.0,4.666666666667879,5.591796875,0.0,0.0
Kerala,Malappuram,Thirurrangadi,Other,2014-06-21,14000,13200.0,13685.0,13888.006,-800.0,-485.0,-688.005859375,800.0,485.0,688.005859375,-800.0,-5.714285714285714
Jharkhand,Deogarh,Madhupur,C.T.C. Dust,2014-06-23,17000,18000.0,17003.333333333332,17016.133,1000.0,996.6666666666679,983.8671875,1000.0,996.6666666666679,983.8671875,1000.0,5.88235294117647
Kerala,Malappuram,Manjeri,Other,2014-06-23,15000,15500.0,15144.666666666666,15021.025,500.0,355.33333333333394,478.974609375,500.0,355.33333333333394,478.974609375,500.0,3.3333333333333335
Kerala,Malappuram,Thirurrangadi,Other,2014-06-23,13200,14000.0,12938.666666666666,12556.65,800.0,1061.333333333334,1443.349609375,800.0,1061.333333333334,1443.349609375,800.0,6.0606060606060606
Jharkhand,Deogarh,Madhupur,Assam C.T.C. Leaf,2014-06-23,26000,27000.0,25960.0,26035.43,1000.0,1040.0,964.5703125,1000.0,1040.0,964.5703125,1000.0,3.8461538461538463
Kerala,Malappuram,Parappanangadi,Other,2014-06-23,13500,14500.0,13296.166666666666,13389.787,1000.0,1203.833333333334,1110.212890625,1000.0,1203.833333333334,1110.212890625,1000.0,7.4074074074074066
Kerala,Malappuram,Manjeri,Other,2014-06-24,15500,15500.0,15338.333333333334,15387.554,0.0,161.66666666666606,112.4462890625,0.0,161.66666666666606,112.4462890625,0.0,0.0
Kerala,Malappuram,Thirurrangadi,Other,2014-06-24,14000,13500.0,13478.833333333334,13561.488,-500.0,21.16666666666606,-61.48828125,500.0,21.16666666666606,61.48828125,-500.0,-3.571428571428571
Kerala,Malappuram,Parappanangadi,Other,2014-06-24,14500,14000.0,14091.833333333334,14404.06,-500.0,-91.83333333333394,-404.0595703125,500.0,91.83333333333394,404.0595703125,-500.0,-3.4482758620689653
Jharkhand,Dhanbad,Dhanbad,Other,2014-06-25,17000,17000.0,17702.666666666668,17230.865,0.0,-702.6666666666679,-230.865234375,0.0,702.6666666666679,230.865234375,0.0,0.0
Kerala,Malappuram,Manjeri,Other,2014-06-25,15500,15500.0,15480.0,15483.508,0.0,20.0,16.4921875,0.0,20.0,16.4921875,0.0,0.0
Kerala,Malappuram,Parappanangadi,Other,2014-06-25,14000,16000.0,13752.833333333334,13974.936,2000.0,2247.166666666666,2025.064453125,2000.0,2247.166666666666,2025.064453125,2000.0,14.285714285714285
Kerala,Malappuram,Thirurrangadi,Other,2014-06-25,13500,15000.0,13611.5,13609.105,1500.0,1388.5,1390.89453125,1500.0,1388.5,1390.89453125,1500.0,11.11111111111111
Kerala,Malappuram,Thirurrangadi,Other,2014-06-26,15000,15000.0,14328.333333333334,14545.429,0.0,671.6666666666661,454.5712890625,0.0,671.6666666666661,454.5712890625,0.0,0.0
Kerala,Malappuram,Manjeri,Other,2014-06-26,15500,15500.0,15505.0,15509.4,0.0,-5.0,-9.400390625,0.0,5.0,9.400390625,0.0,0.0
Jharkhand,Dhanbad,Dhanbad,Other,2014-06-26,17000,17000.0,17692.666666666668,17198.037,0.0,-692.6666666666679,-198.037109375,0.0,692.6666666666679,198.037109375,0.0,0.0
Kerala,Malappuram,Parappanangadi,Other,2014-06-26,16000,15000.0,14752.5,15221.429,-1000.0,247.5,-221.4287109375,1000.0,247.5,221.4287109375,-1000.0,-6.25
Kerala,Malappuram,Thirurrangadi,Other,2014-06-27,15000,15000.0,14643.833333333334,14797.092,0.0,356.16666666666606,202.908203125,0.0,356.16666666666606,202.908203125,0.0,0.0
Kerala,Malappuram,Manjeri,Other,2014-06-27,15500,15500.0,15505.0,15507.098,0.0,-5.0,-7.09765625,0.0,5.0,7.09765625,0.0,0.0
Kerala,Malappuram,Parappanangadi,Other,2014-06-27,15000,15000.0,14799.833333333334,15017.337,0.0,200.16666666666606,-17.3369140625,0.0,200.16666666666606,17.3369140625,0.0,0.0
Kerala,Malappuram,Thirurrangadi,Other,2014-06-28,15000,15000.0,14619.666666666666,14576.174,0.0,380.33333333333394,423.826171875,0.0,380.33333333333394,423.826171875,0.0,0.0
Kerala,Malappuram,Parappanangadi,Other,2014-06-28,15000,15000.0,14556.166666666666,14587.802,0.0,443.83333333333394,412.1982421875,0.0,443.83333333333394,412.1982421875,0.0,0.0
Kerala,Malappuram,Manjeri,Other,2014-06-28,15500,15500.0,15506.666666666666,15489.866,0.0,-6.66666666666606,10.1337890625,0.0,6.66666666666606,10.1337890625,0.0,0.0
Kerala,Malappuram,Parappanangadi,Other,2014-06-30,15000,15000.0,14574.5,14456.79,0.0,425.5,543.2099609375,0.0,425.5,543.2099609375,0.0,0.0
Jharkhand,Deogarh,Madhupur,Assam C.T.C. Leaf,2014-06-30,27000,28000.0,25980.0,26069.38,1000.0,2020.0,1930.619140625,1000.0,2020.0,1930.619140625,1000.0,3.7037037037037033
Kerala,Malappuram,Manjeri,Other,2014-06-30,15500,15500.0,15476.666666666666,15512.568,0.0,23.33333333333394,-12.568359375,0.0,23.33333333333394,12.568359375,0.0,0.0
Jharkhand,Deogarh,Madhupur,C.T.C. Dust,2014-06-30,18000,18000.0,17506.666666666668,17723.35,0.0,493.3333333333321,276.650390625,0.0,493.3333333333321,276.650390625,0.0,0.0
Kerala,Malappuram,Thirurrangadi,Other,2014-06-30,15000,14500.0,14649.166666666666,14492.547,-500.0,-149.16666666666606,7.453125,500.0,149.16666666666606,7.453125,-500.0,-3.3333333333333335
Kerala,Malappuram,Parappanangadi,Other,2014-07-01,15000,14500.0,14732.5,15015.716,-500.0,-232.5,-515.7158203125,500.0,232.5,515.7158203125,-500.0,-3.3333333333333335
Jharkhand,Deogarh,Madhupur,Assam C.T.C. Leaf,2014-07-01,28000,26000.0,25973.333333333332,26018.156,-2000.0,26.66666666666788,-18.15625,2000.0,26.66666666666788,18.15625,-2000.0,-7.142857142857142
Kerala,Malappuram,Manjeri,Other,2014-07-01,15500,15500.0,15495.0,15535.966,0.0,5.0,-35.9658203125,0.0,5.0,35.9658203125,0.0,0.0
Jharkhand,Deogarh,Madhupur,C.T.C. Dust,2014-07-01,18000,18000.0,17345.0,17752.354,0.0,655.0,247.646484375,0.0,655.0,247.646484375,0.0,0.0
Jharkhand,Dhanbad,Dhanbad,Other,2014-07-01,17000,1700.0,17667.666666666668,17242.123,-15300.0,-15967.666666666668,-15542.123046875,15300.0,15967.666666666668,15542.123046875,-15300.0,-90.0
Kerala,Malappuram,Thirurrangadi,Other,2014-07-01,14500,16500.0,14387.666666666666,14581.883,2000.0,2112.333333333334,1918.1171875,2000.0,2112.333333333334,1918.1171875,2000.0,13.793103448275861
Jharkhand,Deogarh,Madhupur,Assam C.T.C. Leaf,2014-07-02,26000,26000.0,25960.0,25956.277,0.0,40.0,43.72265625,0.0,40.0,43.72265625,0.0,0.0
Jharkhand,Deogarh,Madhupur,C.T.C. Dust,2014-07-02,18000,17500.0,17460.333333333332,17939.283,-500.0,39.66666666666788,-439.283203125,500.0,39.66666666666788,439.283203125,-500.0,-2.7777777777777777
Kerala,Malappuram,Parappanangadi,Other,2014-07-02,14500,15000.0,14744.5,14838.925,500.0,255.5,161.0751953125,500.0,255.5,161.0751953125,500.0,3.4482758620689653
Kerala,Malappuram,Thirurrangadi,Other,2014-07-02,16500,16000.0,15171.666666666666,16035.903,-500.0,828.3333333333339,-35.9033203125,500.0,828.3333333333339,35.9033203125,-500.0,-3.0303030303030303
Kerala,Malappuram,Manjeri,Other,2014-07-02,15500,15500.0,15491.666666666666,15515.952,0.0,8.33333333333394,-15.9521484375,0.0,8.33333333333394,15.9521484375,0.0,0.0
Kerala,Malappuram,Thirurrangadi,Other,2014-07-03,16000,15000.0,15755.666666666666,16008.211,-1000.0,-755.6666666666661,-1008.2109375,1000.0,755.6666666666661,1008.2109375,-1000.0,-6.25
Kerala,Malappuram,Parappanangadi,Other,2014-07-03,15000,15500.0,14862.5,15112.988,500.0,637.5,387.01171875,500.0,637.5,387.01171875,500.0,3.3333333333333335
Kerala,Malappuram,Manjeri,Other,2014-07-03,15500,15500.0,15491.666666666666,15512.37,0.0,8.33333333333394,-12.3701171875,0.0,8.33333333333394,12.3701171875,0.0,0.0
Kerala,Malappuram,Manjeri,Other,2014-07-04,15500,15500.0,15491.666666666666,15512.37,0.0,8.33333333333394,-12.3701171875,0.0,8.33333333333394,12.3701171875,0.0,0.0
Jharkhand,Dhanbad,Dhanbad,Other,2014-07-04,1700,17000.0,14371.8,11569.167,15300.0,2628.2000000000007,5430.8330078125,15300.0,2628.2000000000007,5430.8330078125,15300.0,900.0
Kerala,Malappuram,Manjeri,Other,2014-07-05,15500,15500.0,15491.666666666666,15510.935,0.0,8.33333333333394,-10.9345703125,0.0,8.33333333333394,10.9345703125,0.0,0.0
Jharkhand,Deogarh,Madhupur,C.T.C. Dust,2014-07-05,17500,18000.0,17161.666666666668,17238.938,500.0,838.3333333333321,761.0625,500.0,838.3333333333321,761.0625,500.0,2.857142857142857
Jharkhand,Deogarh,Madhupur,Assam C.T.C. Leaf,2014-07-05,26000,26000.0,25986.666666666668,25989.621,0.0,13.33333333333212,10.37890625,0.0,13.33333333333212,10.37890625,0.0,0.0
Kerala,Malappuram,Manjeri,Other,2014-07-07,15500,15500.0,15491.666666666666,15508.285,0.0,8.33333333333394,-8.28515625,0.0,8.33333333333394,8.28515625,0.0,0.0
Kerala,Malappuram,Manjeri,Other,2014-07-08,15500,15500.0,15495.0,15513.148,0.0,5.0,-13.1484375,0.0,5.0,13.1484375,0.0,0.0
Jharkhand,Dhanbad,Dhanbad,Other,2014-07-08,17000,17000.0,16136.633333333333,16765.41,0.0,863.3666666666668,234.58984375,0.0,863.3666666666668,234.58984375,0.0,0.0
Kerala,Malappuram,Manjeri,Other,2014-07-09,15500,15500.0,15495.0,15543.879,0.0,5.0,-43.87890625,0.0,5.0,43.87890625,0.0,0.0
Jharkhand,Dhanbad,Dhanbad,Other,2014-07-10,17000,17000.0,17075.166666666668,16319.537,0.0,-75.16666666666788,680.462890625,0.0,75.16666666666788,680.462890625,0.0,0.0
Jharkhand,Dhanbad,Dhanbad,Other,2014-07-11,17000,17000.0,17081.833333333332,16497.39,0.0,-81.83333333333212,502.609375,0.0,81.83333333333212,502.609375,0.0,0.0
Jharkhand,Dhanbad,Dhanbad,Other,2014-07-12,17000,17000.0,17091.833333333332,16237.227,0.0,-91.83333333333212,762.7734375,0.0,91.83333333333212,762.7734375,0.0,0.0
Jharkhand,Deogarh,Madhupur,C.T.C. Dust,2014-07-12,18000,17000.0,17395.333333333332,17641.105,-1000.0,-395.3333333333321,-641.10546875,1000.0,395.3333333333321,641.10546875,-1000.0,-5.555555555555555
Jharkhand,Deogarh,Madhupur,Assam C.T.C. Leaf,2014-07-12,26000,26000.0,25986.666666666668,25960.062,0.0,13.33333333333212,39.9375,0.0,13.33333333333212,39.9375,0.0,0.0
Jharkhand,Dhanbad,Dhanbad,Other,2014-07-14,17000,17600.0,17030.166666666668,16274.724,600.0,569.8333333333321,1325.2763671875,600.0,569.8333333333321,1325.2763671875,600.0,3.5294117647058822
Jharkhand,Deogarh,Madhupur,C.T.C. Dust,2014-07-14,17000,18000.0,17176.666666666668,17219.916,1000.0,823.3333333333321,780.083984375,1000.0,823.3333333333321,780.083984375,1000.0,5.88235294117647
Jharkhand,Deogarh,Madhupur,Assam C.T.C. Leaf,2014-07-14,26000,26000.0,25586.666666666668,24401.861,0.0,413.3333333333321,1598.138671875,0.0,413.3333333333321,1598.138671875,0.0,0.0
Jharkhand,Deogarh,Madhupur,Assam C.T.C. Leaf,2014-07-15,26000,30000.0,25573.333333333332,24492.775,4000.0,4426.666666666668,5507.224609375,4000.0,4426.666666666668,5507.224609375,4000.0,15.384615384615385
Jharkhand,Dhanbad,Dhanbad,Other,2014-07-15,17600,17600.0,17031.833333333332,16552.812,0.0,568.1666666666679,1047.1875,0.0,568.1666666666679,1047.1875,0.0,0.0
Jharkhand,Deogarh,Madhupur,C.T.C. Dust,2014-07-15,18000,25000.0,17542.0,17336.152,7000.0,7458.0,7663.84765625,7000.0,7458.0,7663.84765625,7000.0,38.88888888888889
Jharkhand,Dhanbad,Dhanbad,Other,2014-07-16,17600,16500.0,16698.0,14861.437,-1100.0,-198.0,1638.5634765625,1100.0,198.0,1638.5634765625,-1100.0,-6.25
Jharkhand,Dhanbad,Dhanbad,Other,2014-07-20,16500,17500.0,17216.666666666668,16653.117,1000.0,283.3333333333321,846.8828125,1000.0,283.3333333333321,846.8828125,1000.0,6.0606060606060606
Jharkhand,Dhanbad,Dhanbad,Other,2014-07-22,17500,17000.0,17298.666666666668,16894.586,-500.0,-298.6666666666679,105.4140625,500.0,298.6666666666679,105.4140625,-500.0,-2.857142857142857
Jharkhand,Dhanbad,Dhanbad,Other,2014-07-23,17000,17000.0,17213.333333333332,16736.99,0.0,-213.33333333333212,263.009765625,0.0,213.33333333333212,263.009765625,0.0,0.0
Jharkhand,Deogarh,Madhupur,Assam C.T.C. Leaf,2014-07-24,30000,30000.0,25913.333333333332,26021.502,0.0,4086.666666666668,3978.498046875,0.0,4086.666666666668,3978.498046875,0.0,0.0
Jharkhand,Dhanbad,Dhanbad,Other,2014-07-24,17000,17000.0,17032.833333333332,16746.148,0.0,-32.83333333333212,253.8515625,0.0,32.83333333333212,253.8515625,0.0,0.0
Jharkhand,Deogarh,Madhupur,C.T.C. Dust,2014-07-24,25000,25500.0,19385.0,20265.084,500.0,6115.0,5234.916015625,500.0,6115.0,5234.916015625,500.0,2.0
Jharkhand,Dhanbad,Dhanbad,Other,2014-07-25,17000,17500.0,16977.833333333332,16746.64,500.0,522.1666666666679,753.359375,500.0,522.1666666666679,753.359375,500.0,2.941176470588235
Jharkhand,Deogarh,Madhupur,C.T.C. Dust,2014-07-25,25500,25000.0,21163.333333333332,23298.674,-500.0,3836.666666666668,1701.326171875,500.0,3836.666666666668,1701.326171875,-500.0,-1.9607843137254901
Jharkhand,Deogarh,Madhupur,Assam C.T.C. Leaf,2014-07-25,30000,30000.0,25900.0,25786.86,0.0,4100.0,4213.140625,0.0,4100.0,4213.140625,0.0,0.0
Jharkhand,Dhanbad,Dhanbad,Other,2014-07-27,17500,17000.0,17360.333333333332,17142.205,-500.0,-360.3333333333321,-142.205078125,500.0,360.3333333333321,142.205078125,-500.0,-2.857142857142857
Jharkhand,Dhanbad,Dhanbad,Other,2014-07-30,17000,17500.0,16926.133333333335,16153.542,500.0,573.866666666665,1346.4580078125,500.0,573.866666666665,1346.4580078125,500.0,2.941176470588235
Jharkhand,Deogarh,Madhupur,Assam C.T.C. Leaf,2014-07-30,30000,29000.0,25860.0,25581.75,-1000.0,3140.0,3418.25,1000.0,3140.0,3418.25,-1000.0,-3.3333333333333335
Jharkhand,Deogarh,Madhupur,C.T.C. Dust,2014-07-30,25000,25500.0,21406.666666666668,22976.678,500.0,4093.333333333332,2523.322265625,500.0,4093.333333333332,2523.322265625,500.0,2.0
Jharkhand,Deogarh,Madhupur,Assam C.T.C. Leaf,2014-07-31,29000,31000.0,25866.666666666668,25600.158,2000.0,5133.333333333332,5399.841796875,2000.0,5133.333333333332,5399.841796875,2000.0,6.896551724137931
Jharkhand,Deogarh,Madhupur,C.T.C. Dust,2014-07-31,25500,26000.0,21800.0,23438.58,500.0,4200.0,2561.419921875,500.0,4200.0,2561.419921875,500.0,1.9607843137254901
Jharkhand,Deogarh,Madhupur,Assam C.T.C. Leaf,2014-08-01,31000,31000.0,25880.0,25548.45,0.0,5120.0,5451.55078125,0.0,5120.0,5451.55078125,0.0,0.0
Jharkhand,Deogarh,Madhupur,C.T.C. Dust,2014-08-01,26000,26000.0,22251.666666666668,22822.21,0.0,3748.333333333332,3177.7890625,0.0,3748.333333333332,3177.7890625,0.0,0.0
Jharkhand,Dhanbad,Dhanbad,Other,2014-08-02,17500,17400.0,17246.666666666668,17227.459,-100.0,153.33333333333212,172.541015625,100.0,153.33333333333212,172.541015625,-100.0,-0.5714285714285714
Jharkhand,Dhanbad,Dhanbad,Other,2014-08-03,17400,17000.0,17332.666666666668,17023.31,-400.0,-332.6666666666679,-23.310546875,400.0,332.6666666666679,23.310546875,-400.0,-2.2988505747126435
Jharkhand,Deogarh,Madhupur,Assam C.T.C. Leaf,2014-08-04,31000,31000.0,25820.0,25679.012,0.0,5180.0,5320.98828125,0.0,5180.0,5320.98828125,0.0,0.0
Jharkhand,Deogarh,Madhupur,C.T.C. Dust,2014-08-04,26000,26000.0,22311.666666666668,22826.143,0.0,3688.333333333332,3173.857421875,0.0,3688.333333333332,3173.857421875,0.0,0.0
Jharkhand,Deogarh,Madhupur,Assam C.T.C. Leaf,2014-08-06,31000,30500.0,25840.0,25964.773,-500.0,4660.0,4535.2265625,500.0,4660.0,4535.2265625,-500.0,-1.6129032258064515
Jharkhand,Deogarh,Madhupur,C.T.C. Dust,2014-08-06,26000,25500.0,22791.666666666668,25020.758,-500.0,2708.333333333332,479.2421875,500.0,2708.333333333332,479.2421875,-500.0,-1.9230769230769231
Jharkhand,Deogarh,Madhupur,C.T.C. Dust,2014-08-09,25500,25000.0,23773.333333333332,23367.023,-500.0,1226.6666666666679,1632.9765625,500.0,1226.6666666666679,1632.9765625,-500.0,-1.9607843137254901
Jharkhand,Deogarh,Madhupur,Assam C.T.C. Leaf,2014-08-09,30500,31000.0,25906.666666666668,25811.602,500.0,5093.333333333332,5188.3984375,500.0,5093.333333333332,5188.3984375,500.0,1.639344262295082
Jharkhand,Deogarh,Madhupur,Assam C.T.C. Leaf,2014-08-11,31000,31000.0,25880.0,26018.33,0.0,5120.0,4981.669921875,0.0,5120.0,4981.669921875,0.0,0.0
Jharkhand,Deogarh,Madhupur,C.T.C. Dust,2014-08-11,25000,25000.0,23570.0,23382.605,0.0,1430.0,1617.39453125,0.0,1430.0,1617.39453125,0.0,0.0
Jharkhand,Deogarh,Madhupur,C.T.C. Dust,2014-08-12,25000,26000.0,23473.333333333332,23433.773,1000.0,2526.666666666668,2566.2265625,1000.0,2526.666666666668,2566.2265625,1000.0,4.0
Jharkhand,Dhanbad,Dhanbad,Other,2014-08-12,17000,17500.0,17174.0,16970.844,500.0,326.0,529.15625,500.0,326.0,529.15625,500.0,2.941176470588235
Jharkhand,Deogarh,Madhupur,Assam C.T.C. Leaf,2014-08-12,31000,31000.0,25880.0,25983.533,0.0,5120.0,5016.466796875,0.0,5120.0,5016.466796875,0.0,0.0
Jharkhand,Deogarh,Madhupur,Assam C.T.C. Leaf,2014-08-13,31000,32000.0,25886.666666666668,25982.975,1000.0,6113.333333333332,6017.025390625,1000.0,6113.333333333332,6017.025390625,1000.0,3.225806451612903
Jharkhand,Deogarh,Madhupur,C.T.C. Dust,2014-08-13,26000,25500.0,23713.333333333332,23501.646,-500.0,1786.6666666666679,1998.353515625,500.0,1786.6666666666679,1998.353515625,-500.0,-1.9230769230769231
Jharkhand,Dhanbad,Dhanbad,Other,2014-08-13,17500,17500.0,17399.333333333332,17436.383,0.0,100.66666666666788,63.6171875,0.0,100.66666666666788,63.6171875,0.0,0.0
Jharkhand,Dhanbad,Dhanbad,Other,2014-08-16,17500,17500.0,17307.666666666668,17149.002,0.0,192.33333333333212,350.998046875,0.0,192.33333333333212,350.998046875,0.0,0.0
Jharkhand,Deogarh,Madhupur,Assam C.T.C. Leaf,2014-08-22,32000,31500.0,25823.333333333332,25999.965,-500.0,5676.666666666668,5500.03515625,500.0,5676.666666666668,5500.03515625,-500.0,-1.5625
Jharkhand,Deogarh,Madhupur,C.T.C. Dust,2014-08-22,25500,25500.0,23790.0,24131.115,0.0,1710.0,1368.884765625,0.0,1710.0,1368.884765625,0.0,0.0
Jharkhand,Dhanbad,Dhanbad,Other,2014-08-22,17500,17400.0,17473.666666666668,17497.088,-100.0,-73.66666666666788,-97.087890625,100.0,73.66666666666788,97.087890625,-100.0,-0.5714285714285714
Jharkhand,Dhanbad,Dhanbad,Other,2014-08-23,17400,17000.0,17318.666666666668,16927.8,-400.0,-318.6666666666679,72.19921875,400.0,318.6666666666679,72.19921875,-400.0,-2.2988505747126435
Jharkhand,Dhanbad,Dhanbad,Other,2014-08-26,17000,17000.0,17233.333333333332,16947.314,0.0,-233.33333333333212,52.685546875,0.0,233.33333333333212,52.685546875,0.0,0.0
Jharkhand,Dhanbad,Dhanbad,Other,2014-08-28,17000,17000.0,17333.666666666668,16991.578,0.0,-333.6666666666679,8.421875,0.0,333.6666666666679,8.421875,0.0,0.0
Jharkhand,Dhanbad,Dhanbad,Other,2014-08-29,17000,17000.0,17211.0,16906.49,0.0,-211.0,93.509765625,0.0,211.0,93.509765625,0.0,0.0
Jharkhand,Deogarh,Madhupur,C.T.C. Dust,2014-08-30,25500,26000.0,24136.666666666668,24182.58,500.0,1863.3333333333321,1817.419921875,500.0,1863.3333333333321,1817.419921875,500.0,1.9607843137254901
Jharkhand,Deogarh,Madhupur,Assam C.T.C. Leaf,2014-08-30,31500,32000.0,25803.333333333332,25968.967,500.0,6196.666666666668,6031.033203125,500.0,6196.666666666668,6031.033203125,500.0,1.5873015873015872
Jharkhand,Dhanbad,Dhanbad,Other,2014-09-01,17000,17500.0,17257.666666666668,17021.81,500.0,242.33333333333212,478.189453125,500.0,242.33333333333212,478.189453125,500.0,2.941176470588235
Jharkhand,Deogarh,Madhupur,C.T.C. Dust,2014-09-01,26000,26000.0,24433.333333333332,25659.93,0.0,1566.6666666666679,340.0703125,0.0,1566.6666666666679,340.0703125,0.0,0.0
Jharkhand,Deogarh,Madhupur,Assam C.T.C. Leaf,2014-09-01,32000,31500.0,25900.0,26067.281,-500.0,5600.0,5432.71875,500.0,5600.0,5432.71875,-500.0,-1.5625
Jharkhand,Dhanbad,Dhanbad,Other,2014-09-03,17500,17000.0,17476.0,17550.443,-500.0,-476.0,-550.443359375,500.0,476.0,550.443359375,-500.0,-2.857142857142857
Jharkhand,Deogarh,Madhupur,C.T.C. Dust,2014-09-03,26000,26000.0,25236.666666666668,25885.107,0.0,763.3333333333321,114.892578125,0.0,763.3333333333321,114.892578125,0.0,0.0
Jharkhand,Deogarh,Madhupur,Assam C.T.C. Leaf,2014-09-03,31500,32000.0,25886.666666666668,25843.738,500.0,6113.333333333332,6156.26171875,500.0,6113.333333333332,6156.26171875,500.0,1.5873015873015872
Jharkhand,Deogarh,Madhupur,Assam C.T.C. Leaf,2014-09-04,32000,31000.0,25906.666666666668,25984.33,-1000.0,5093.333333333332,5015.669921875,1000.0,5093.333333333332,5015.669921875,-1000.0,-3.125
Jharkhand,Deogarh,Madhupur,C.T.C. Dust,2014-09-04,26000,25200.0,25256.666666666668,25846.795,-800.0,-56.66666666666788,-646.794921875,800.0,56.66666666666788,646.794921875,-800.0,-3.076923076923077
Jharkhand,Dhanbad,Dhanbad,Other,2014-09-06,17000,17000.0,17281.333333333332,16998.045,0.0,-281.3333333333321,1.955078125,0.0,281.3333333333321,1.955078125,0.0,0.0
Jharkhand,Dhanbad,Dhanbad,Other,2014-09-07,17000,17000.0,17252.666666666668,17009.256,0.0,-252.66666666666788,-9.255859375,0.0,252.66666666666788,9.255859375,0.0,0.0
Jharkhand,Dhanbad,Dhanbad,Other,2014-09-10,17000,17000.0,17221.166666666668,17012.848,0.0,-221.16666666666788,-12.84765625,0.0,221.16666666666788,12.84765625,0.0,0.0
Jharkhand,Dhanbad,Dhanbad,Other,2014-09-12,17000,18000.0,17061.333333333332,17045.715,1000.0,938.6666666666679,954.28515625,1000.0,938.6666666666679,954.28515625,1000.0,5.88235294117647
Jharkhand,Deogarh,Madhupur,C.T.C. Dust,2014-09-13,25200,25300.0,25163.333333333332,24218.295,100.0,136.66666666666788,1081.705078125,100.0,136.66666666666788,1081.705078125,100.0,0.3968253968253968
Jharkhand,Dhanbad,Dhanbad,Other,2014-09-13,18000,18000.0,17504.333333333332,17358.066,0.0,495.6666666666679,641.93359375,0.0,495.6666666666679,641.93359375,0.0,0.0
Jharkhand,Deogarh,Madhupur,Assam C.T.C. Leaf,2014-09-13,31000,31200.0,25833.333333333332,25883.295,200.0,5366.666666666668,5316.705078125,200.0,5366.666666666668,5316.705078125,200.0,0.6451612903225806
Jharkhand,Deogarh,Madhupur,Assam C.T.C. Leaf,2014-09-15,31200,31500.0,25876.666666666668,26357.055,300.0,5623.333333333332,5142.9453125,300.0,5623.333333333332,5142.9453125,300.0,0.9615384615384616
Jharkhand,Deogarh,Madhupur,C.T.C. Dust,2014-09-15,25300,25200.0,25080.0,24576.912,-100.0,120.0,623.087890625,100.0,120.0,623.087890625,-100.0,-0.3952569169960474
Jharkhand,Dhanbad,Dhanbad,Other,2014-09-18,18000,17500.0,17817.666666666668,17832.562,-500.0,-317.6666666666679,-332.5625,500.0,317.6666666666679,332.5625,-500.0,-2.7777777777777777
Jharkhand,Dhanbad,Dhanbad,Other,2014-09-19,17500,18000.0,18050.0,18320.924,500.0,-50.0,-320.923828125,500.0,50.0,320.923828125,500.0,2.857142857142857
Jharkhand,Deogarh,Madhupur,C.T.C. Dust,2014-09-20,25200,25500.0,25006.666666666668,24107.22,300.0,493.3333333333321,1392.779296875,300.0,493.3333333333321,1392.779296875,300.0,1.1904761904761905
Jharkhand,Deogarh,Madhupur,Assam C.T.C. Leaf,2014-09-20,31500,32100.0,25906.666666666668,26003.44,600.0,6193.333333333332,6096.560546875,600.0,6193.333333333332,6096.560546875,600.0,1.9047619047619049
Jharkhand,Dhanbad,Dhanbad,Other,2014-09-20,18000,17500.0,17900.333333333332,17969.697,-500.0,-400.3333333333321,-469.697265625,500.0,400.3333333333321,469.697265625,-500.0,-2.7777777777777777
Jharkhand,Dhanbad,Dhanbad,Other,2014-09-22,17500,17600.0,17703.333333333332,17581.53,100.0,-103.33333333333212,18.470703125,100.0,103.33333333333212,18.470703125,100.0,0.5714285714285714
Jharkhand,Deogarh,Madhupur,Assam C.T.C. Leaf,2014-09-23,32100,31000.0,25840.0,25941.896,-1100.0,5160.0,5058.103515625,1100.0,5160.0,5058.103515625,-1100.0,-3.4267912772585665
Jharkhand,Deogarh,Madhupur,C.T.C. Dust,2014-09-23,25500,16500.0,25213.333333333332,24218.594,-9000.0,-8713.333333333332,-7718.59375,9000.0,8713.333333333332,7718.59375,-9000.0,-35.294117647058826
Jharkhand,Deogarh,Madhupur,Assam C.T.C. Leaf,2014-09-24,31000,28500.0,25810.0,26131.508,-2500.0,2690.0,2368.4921875,2500.0,2690.0,2368.4921875,-2500.0,-8.064516129032258
Jharkhand,Dhanbad,Dhanbad,Other,2014-09-26,17600,18000.0,18065.333333333332,17932.637,400.0,-65.33333333333212,67.36328125,400.0,65.33333333333212,67.36328125,400.0,2.272727272727273
Jharkhand,Dhanbad,Dhanbad,Other,2014-09-27,18000,18000.0,17973.666666666668,17691.463,0.0,26.33333333333212,308.537109375,0.0,26.33333333333212,308.537109375,0.0,0.0
Jharkhand,Dhanbad,Dhanbad,Other,2014-09-28,18000,18500.0,17957.0,17314.697,500.0,543.0,1185.302734375,500.0,543.0,1185.302734375,500.0,2.7777777777777777
Jharkhand,Dhanbad,Dhanbad,Other,2014-09-29,18500,17000.0,18000.333333333332,17399.684,-1500.0,-1000.3333333333321,-399.68359375,1500.0,1000.3333333333321,399.68359375,-1500.0,-8.108108108108109
Jharkhand,Dhanbad,Dhanbad,Other,2014-10-02,17000,19500.0,17829.166666666668,17193.756,2500.0,1670.8333333333321,2306.244140625,2500.0,1670.8333333333321,2306.244140625,2500.0,14.705882352941178
Jharkhand,Deogarh,Madhupur,Assam C.T.C. Dust,2014-10-04,17200,16500.0,17370.666666666668,17573.68,-700.0,-870.6666666666679,-1073.6796875,700.0,870.6666666666679,1073.6796875,-700.0,-4.069767441860465
Jharkhand,Deogarh,Madhupur,Assam C.T.C. Leaf,2014-10-04,28500,29000.0,25766.666666666668,26514.162,500.0,3233.333333333332,2485.837890625,500.0,3233.333333333332,2485.837890625,500.0,1.7543859649122806
Jharkhand,Dhanbad,Dhanbad,Other,2014-10-07,19500,17500.0,19194.833333333332,19341.152,-2000.0,-1694.8333333333321,-1841.15234375,2000.0,1694.8333333333321,1841.15234375,-2000.0,-10.256410256410255
Jharkhand,Deogarh,Madhupur,Assam C.T.C. Dust,2014-10-10,16500,14950.0,17074.666666666668,17294.562,-1550.0,-2124.666666666668,-2344.5625,1550.0,2124.666666666668,2344.5625,-1550.0,-9.393939393939393
Jharkhand,Deogarh,Madhupur,Assam C.T.C. Leaf,2014-10-10,29000,24050.0,25836.666666666668,25981.268,-4950.0,-1786.6666666666679,-1931.267578125,4950.0,1786.6666666666679,1931.267578125,-4950.0,-17.06896551724138
Jharkhand,Dhanbad,Dhanbad,Other,2014-10-13,17500,21500.0,17981.833333333332,17716.744,4000.0,3518.166666666668,3783.255859375,4000.0,3518.166666666668,3783.255859375,4000.0,22.857142857142858
Jharkhand,Dhanbad,Dhanbad,Other,2014-10-14,21500,18500.0,19369.833333333332,19374.74,-3000.0,-869.8333333333321,-874.740234375,3000.0,869.8333333333321,874.740234375,-3000.0,-13.953488372093023
Jharkhand,Dhanbad,Dhanbad,Other,2014-10-15,18500,17500.0,18630.166666666668,18007.043,-1000.0,-1130.1666666666679,-507.04296875,1000.0,1130.1666666666679,507.04296875,-1000.0,-5.405405405405405
Jharkhand,Dhanbad,Dhanbad,Other,2014-10-16,17500,17500.0,17983.5,17414.027,0.0,-483.5,85.97265625,0.0,483.5,85.97265625,0.0,0.0
Jharkhand,Dhanbad,Dhanbad,Other,2014-10-19,17500,17800.0,17968.666666666668,17474.244,300.0,-168.66666666666788,325.755859375,300.0,168.66666666666788,325.755859375,300.0,1.7142857142857144
Jharkhand,Dhanbad,Dhanbad,Other,2014-10-22,17800,17600.0,18018.666666666668,17402.707,-200.0,-418.6666666666679,197.29296875,200.0,418.6666666666679,197.29296875,-200.0,-1.1235955056179776
Jharkhand,Dhanbad,Dhanbad,Other,2014-10-24,17600,17800.0,18006.666666666668,17478.822,200.0,-206.66666666666788,321.177734375,200.0,206.66666666666788,321.177734375,200.0,1.1363636363636365
Jharkhand,Dhanbad,Dhanbad,Other,2014-10-29,17800,17800.0,18035.333333333332,17388.875,0.0,-235.33333333333212,411.125,0.0,235.33333333333212,411.125,0.0,0.0
Jharkhand,Dhanbad,Dhanbad,Other,2014-10-30,17800,17600.0,18107.0,17594.502,-200.0,-507.0,5.498046875,200.0,507.0,5.498046875,-200.0,-1.1235955056179776
Jharkhand,Dhanbad,Dhanbad,Other,2014-10-31,17600,17500.0,17940.0,17479.068,-100.0,-440.0,20.931640625,100.0,440.0,20.931640625,-100.0,-0.5681818181818182
Jharkhand,Dhanbad,Dhanbad,Other,2014-11-07,17500,18500.0,17932.666666666668,17479.92,1000.0,567.3333333333321,1020.080078125,1000.0,567.3333333333321,1020.080078125,1000.0,5.714285714285714
Jharkhand,Dhanbad,Dhanbad,Other,2014-11-08,18500,18550.0,18340.333333333332,17895.113,50.0,209.66666666666788,654.88671875,50.0,209.66666666666788,654.88671875,50.0,0.2702702702702703
Jharkhand,Dhanbad,Dhanbad,Other,2014-11-09,18550,18550.0,18747.166666666668,18098.986,0.0,-197.16666666666788,451.013671875,0.0,197.16666666666788,451.013671875,0.0,0.0
Jharkhand,Dhanbad,Dhanbad,Other,2014-11-10,18550,18500.0,18793.833333333332,17690.227,-50.0,-293.8333333333321,809.7734375,50.0,293.8333333333321,809.7734375,-50.0,-0.2695417789757413
Jharkhand,Dhanbad,Dhanbad,Other,2014-11-11,18500,18500.0,18550.5,17908.074,0.0,-50.5,591.92578125,0.0,50.5,591.92578125,0.0,0.0
Jharkhand,Dhanbad,Dhanbad,Other,2014-11-12,18500,18550.0,18402.166666666668,17875.33,50.0,147.83333333333212,674.669921875,50.0,147.83333333333212,674.669921875,50.0,0.2702702702702703
Jharkhand,Dhanbad,Dhanbad,Other,2014-11-14,18550,18650.0,18757.166666666668,18492.08,100.0,-107.16666666666788,157.919921875,100.0,107.16666666666788,157.919921875,100.0,0.5390835579514826
Jharkhand,Dhanbad,Dhanbad,Other,2014-11-15,18650,18650.0,18883.833333333332,17974.139,0.0,-233.83333333333212,675.861328125,0.0,233.83333333333212,675.861328125,0.0,0.0
Jharkhand,Dhanbad,Dhanbad,Other,2014-11-16,18650,18500.0,18927.166666666668,18101.873,-150.0,-427.1666666666679,398.126953125,150.0,427.1666666666679,398.126953125,-150.0,-0.8042895442359249
Jharkhand,Dhanbad,Dhanbad,Other,2014-11-18,18500,18550.0,18521.833333333332,18065.822,50.0,28.16666666666788,484.177734375,50.0,28.16666666666788,484.177734375,50.0,0.2702702702702703
Jharkhand,Dhanbad,Dhanbad,Other,2014-11-19,18550,18550.0,18645.5,17940.793,0.0,-95.5,609.20703125,0.0,95.5,609.20703125,0.0,0.0
Jharkhand,Dhanbad,Dhanbad,Other,2014-11-20,18550,18500.0,18932.166666666668,18106.973,-50.0,-432.1666666666679,393.02734375,50.0,432.1666666666679,393.02734375,-50.0,-0.2695417789757413
Jharkhand,Dhanbad,Dhanbad,Other,2014-11-22,18500,18550.0,18647.166666666668,18189.088,50.0,-97.16666666666788,360.912109375,50.0,97.16666666666788,360.912109375,50.0,0.2702702702702703
Jharkhand,Dhanbad,Dhanbad,Other,2014-11-24,18550,18500.0,18715.5,18067.512,-50.0,-215.5,432.48828125,50.0,215.5,432.48828125,-50.0,-0.2695417789757413
Jharkhand,Dhanbad,Dhanbad,Other,2014-11-25,18500,18550.0,18553.833333333332,18074.922,50.0,-3.8333333333321207,475.078125,50.0,3.8333333333321207,475.078125,50.0,0.2702702702702703
Jharkhand,Dhanbad,Dhanbad,Other,2014-11-30,18550,18550.0,18757.166666666668,18504.404,0.0,-207.16666666666788,45.595703125,0.0,207.16666666666788,45.595703125,0.0,0.0
Jharkhand,Dhanbad,Dhanbad,Other,2014-12-03,18550,18550.0,18840.5,18125.564,0.0,-290.5,424.435546875,0.0,290.5,424.435546875,0.0,0.0
Jharkhand,Dhanbad,Dhanbad,Other,2014-12-04,18550,18550.0,18800.5,18127.244,0.0,-250.5,422.755859375,0.0,250.5,422.755859375,0.0,0.0
Jharkhand,Dhanbad,Dhanbad,Other,2014-12-05,18550,18500.0,18882.166666666668,18495.115,-50.0,-382.1666666666679,4.884765625,50.0,382.1666666666679,4.884765625,-50.0,-0.2695417789757413
Jharkhand,Dhanbad,Dhanbad,Other,2014-12-07,18500,18500.0,18623.833333333332,18117.18,0.0,-123.83333333333212,382.8203125,0.0,123.83333333333212,382.8203125,0.0,0.0
Jharkhand,Dhanbad,Dhanbad,Other,2014-12-10,18500,18550.0,18502.166666666668,18492.943,50.0,47.83333333333212,57.056640625,50.0,47.83333333333212,57.056640625,50.0,0.2702702702702703
Jharkhand,Dhanbad,Dhanbad,Other,2014-12-15,18550,18500.0,18812.166666666668,18086.918,-50.0,-312.1666666666679,413.08203125,50.0,312.1666666666679,413.08203125,-50.0,-0.2695417789757413
Jharkhand,Dhanbad,Dhanbad,Other,2014-12-16,18500,18500.0,18535.5,18088.717,0.0,-35.5,411.283203125,0.0,35.5,411.283203125,0.0,0.0
Jharkhand,Dhanbad,Dhanbad,Other,2014-12-17,18500,18500.0,18535.5,18471.309,0.0,-35.5,28.69140625,0.0,35.5,28.69140625,0.0,0.0
Jharkhand,Dhanbad,Dhanbad,Other,2014-12-18,18500,18500.0,18423.833333333332,18045.807,0.0,76.16666666666788,454.193359375,0.0,76.16666666666788,454.193359375,0.0,0.0
Jharkhand,Dhanbad,Dhanbad,Other,2014-12-23,18500,18500.0,18483.833333333332,18461.555,0.0,16.16666666666788,38.4453125,0.0,16.16666666666788,38.4453125,0.0,0.0
Jharkhand,Dhanbad,Dhanbad,Other,2014-12-25,18500,19550.0,18502.166666666668,18054.656,1050.0,1047.8333333333321,1495.34375,1050.0,1047.8333333333321,1495.34375,1050.0,5.675675675675676
Jharkhand,Dhanbad,Dhanbad,Other,2014-12-30,19550,18500.0,19435.0,18802.396,-1050.0,-935.0,-302.396484375,1050.0,935.0,302.396484375,-1050.0,-5.3708439897698215
Jharkhand,Dhanbad,Dhanbad,Other,2015-01-08,18500,18500.0,18648.5,18135.451,0.0,-148.5,364.548828125,0.0,148.5,364.548828125,0.0,0.0
Jharkhand,Dhanbad,Dhanbad,Other,2015-01-11,18500,19550.0,18558.833333333332,17980.273,1050.0,991.1666666666679,1569.7265625,1050.0,991.1666666666679,1569.7265625,1050.0,5.675675675675676
Jharkhand,Dhanbad,Dhanbad,Other,2015-01-13,19550,19550.0,19230.5,18401.955,0.0,319.5,1148.044921875,0.0,319.5,1148.044921875,0.0,0.0
Jharkhand,Dhanbad,Dhanbad,Other,2015-01-16,19550,19565.0,19405.5,18832.75,15.0,159.5,732.25,15.0,159.5,732.25,15.0,0.07672634271099744
Jharkhand,Dhanbad,Dhanbad,Other,2015-01-17,19565,19500.0,19618.833333333332,19781.879,-65.0,-118.83333333333212,-281.87890625,65.0,118.83333333333212,281.87890625,-65.0,-0.33222591362126247
Jharkhand,Dhanbad,Dhanbad,Other,2015-01-19,19500,18500.0,19323.833333333332,19000.541,-1000.0,-823.8333333333321,-500.541015625,1000.0,823.8333333333321,500.541015625,-1000.0,-5.128205128205128
Jharkhand,Dhanbad,Dhanbad,Other,2015-01-21,18500,18500.0,18848.5,18223.45,0.0,-348.5,276.55078125,0.0,348.5,276.55078125,0.0,0.0
Jharkhand,Dhanbad,Dhanbad,Other,2015-01-22,18500,18500.0,18615.5,18127.596,0.0,-115.5,372.404296875,0.0,115.5,372.404296875,0.0,0.0
Jharkhand,Dhanbad,Dhanbad,Other,2015-01-23,18500,18500.0,18660.5,18391.24,0.0,-160.5,108.759765625,0.0,160.5,108.759765625,0.0,0.0
Jharkhand,Dhanbad,Dhanbad,Other,2015-01-27,18500,18500.0,18613.833333333332,18047.223,0.0,-113.83333333333212,452.77734375,0.0,113.83333333333212,452.77734375,0.0,0.0
Jharkhand,Dhanbad,Dhanbad,Other,2015-01-28,18500,19500.0,18582.166666666668,18180.531,1000.0,917.8333333333321,1319.46875,1000.0,917.8333333333321,1319.46875,1000.0,5.405405405405405
Jharkhand,Dhanbad,Dhanbad,Other,2015-02-02,19500,22500.0,19118.833333333332,18462.852,3000.0,3381.166666666668,4037.1484375,3000.0,3381.166666666668,4037.1484375,3000.0,15.384615384615385
Jharkhand,Dhanbad,Dhanbad,Other,2015-02-09,22500,19500.0,20396.666666666668,21097.465,-3000.0,-896.6666666666679,-1597.46484375,3000.0,896.6666666666679,1597.46484375,-3000.0,-13.333333333333334
Jharkhand,Dhanbad,Dhanbad,Other,2015-02-13,19500,19500.0,19631.833333333332,18408.613,0.0,-131.83333333333212,1091.38671875,0.0,131.83333333333212,1091.38671875,0.0,0.0
Jharkhand,Dhanbad,Dhanbad,Other,2015-02-14,19500,19500.0,19427.166666666668,18907.893,0.0,72.83333333333212,592.107421875,0.0,72.83333333333212,592.107421875,0.0,0.0
Jharkhand,Dhanbad,Dhanbad,Other,2015-02-17,19500,19500.0,19398.833333333332,18815.535,0.0,101.16666666666788,684.46484375,0.0,101.16666666666788,684.46484375,0.0,0.0
Jharkhand,Dhanbad,Dhanbad,Other,2015-02-20,19500,19500.0,19413.833333333332,18733.291,0.0,86.16666666666788,766.708984375,0.0,86.16666666666788,766.708984375,0.0,0.0
Jharkhand,Dhanbad,Dhanbad,Other,2015-02-21,19500,19500.0,19412.166666666668,18773.47,0.0,87.83333333333212,726.529296875,0.0,87.83333333333212,726.529296875,0.0,0.0
Jharkhand,Dhanbad,Dhanbad,Other,2015-02-24,19500,19500.0,19425.5,18780.314,0.0,74.5,719.685546875,0.0,74.5,719.685546875,0.0,0.0
Jharkhand,Dhanbad,Dhanbad,Other,2015-02-26,19500,19500.0,19740.5,18897.666,0.0,-240.5,602.333984375,0.0,240.5,602.333984375,0.0,0.0
Jharkhand,Dhanbad,Dhanbad,Other,2015-02-28,19500,19500.0,19453.833333333332,18745.146,0.0,46.16666666666788,754.853515625,0.0,46.16666666666788,754.853515625,0.0,0.0
Jharkhand,Dhanbad,Dhanbad,Other,2015-03-01,19500,20500.0,19468.833333333332,18823.99,1000.0,1031.1666666666679,1676.009765625,1000.0,1031.1666666666679,1676.009765625,1000.0,5.128205128205128
Jharkhand,Dhanbad,Dhanbad,Other,2015-03-04,20500,20500.0,19900.0,20039.66,0.0,600.0,460.33984375,0.0,600.0,460.33984375,0.0,0.0
Jharkhand,Dhanbad,Dhanbad,Other,2015-03-08,20500,20500.0,20000.0,19998.834,0.0,500.0,501.166015625,0.0,500.0,501.166015625,0.0,0.0
Jharkhand,Dhanbad,Dhanbad,Other,2015-03-09,20500,19500.0,20000.0,19985.5,-1000.0,-500.0,-485.5,1000.0,500.0,485.5,-1000.0,-4.878048780487805
Jharkhand,Dhanbad,Dhanbad,Other,2015-03-17,19500,19550.0,19491.833333333332,18792.664,50.0,58.16666666666788,757.3359375,50.0,58.16666666666788,757.3359375,50.0,0.2564102564102564
Jharkhand,Dhanbad,Dhanbad,Other,2015-03-18,19550,19850.0,20220.0,20174.643,300.0,-370.0,-324.642578125,300.0,370.0,324.642578125,300.0,1.5345268542199488
Jharkhand,Dhanbad,Dhanbad,Other,2015-03-20,19850,20500.0,20006.666666666668,20031.275,650.0,493.3333333333321,468.724609375,650.0,493.3333333333321,468.724609375,650.0,3.27455919395466
Jharkhand,Dhanbad,Dhanbad,Other,2015-03-21,20500,20500.0,20266.666666666668,20155.09,0.0,233.33333333333212,344.91015625,0.0,233.33333333333212,344.91015625,0.0,0.0
Jharkhand,Dhanbad,Dhanbad,Other,2015-03-23,20500,21250.0,20373.333333333332,20130.678,750.0,876.6666666666679,1119.322265625,750.0,876.6666666666679,1119.322265625,750.0,3.6585365853658534
Jharkhand,Dhanbad,Dhanbad,Other,2015-04-05,21250,20500.0,20623.333333333332,20292.377,-750.0,-123.33333333333212,207.623046875,750.0,123.33333333333212,207.623046875,-750.0,-3.5294117647058822
Jharkhand,Dhanbad,Dhanbad,Other,2015-04-11,20500,20500.0,20208.0,19999.777,0.0,292.0,500.22265625,0.0,292.0,500.22265625,0.0,0.0
Telangana,Adilabad,Adilabad(Rythu Bazar),Other,2015-07-20,26000,26000.0,25986.666666666668,25993.314,0.0,13.33333333333212,6.685546875,0.0,13.33333333333212,6.685546875,0.0,0.0
Telangana,Adilabad,Adilabad(Rythu Bazar),Other,2015-07-22,26000,26000.0,25986.666666666668,25966.32,0.0,13.33333333333212,33.6796875,0.0,13.33333333333212,33.6796875,0.0,0.0
Telangana,Adilabad,Adilabad(Rythu Bazar),Other,2015-07-23,26000,26000.0,25986.666666666668,25967.906,0.0,13.33333333333212,32.09375,0.0,13.33333333333212,32.09375,0.0,0.0
Telangana,Adilabad,Adilabad(Rythu Bazar),Other,2015-07-24,26000,26000.0,25986.666666666668,25914.623,0.0,13.33333333333212,85.376953125,0.0,13.33333333333212,85.376953125,0.0,0.0
Telangana,Adilabad,Adilabad(Rythu Bazar),Other,2015-07-25,26000,26000.0,25986.666666666668,25918.4,0.0,13.33333333333212,81.599609375,0.0,13.33333333333212,81.599609375,0.0,0.0
Telangana,Adilabad,Adilabad(Rythu Bazar),Other,2015-07-26,26000,26000.0,25986.666666666668,25958.902,0.0,13.33333333333212,41.09765625,0.0,13.33333333333212,41.09765625,0.0,0.0
Telangana,Adilabad,Adilabad(Rythu Bazar),Other,2015-07-27,26000,26000.0,25986.666666666668,25941.5,0.0,13.33333333333212,58.5,0.0,13.33333333333212,58.5,0.0,0.0
Telangana,Adilabad,Adilabad(Rythu Bazar),Other,2015-07-28,26000,26000.0,25986.666666666668,25901.908,0.0,13.33333333333212,98.091796875,0.0,13.33333333333212,98.091796875,0.0,0.0
Telangana,Adilabad,Adilabad(Rythu Bazar),Other,2015-07-29,26000,26000.0,25986.666666666668,25901.576,0.0,13.33333333333212,98.423828125,0.0,13.33333333333212,98.423828125,0.0,0.0
Telangana,Adilabad,Adilabad(Rythu Bazar),Other,2015-07-30,26000,26000.0,25986.666666666668,25907.229,0.0,13.33333333333212,92.771484375,0.0,13.33333333333212,92.771484375,0.0,0.0
Telangana,Adilabad,Adilabad(Rythu Bazar),Other,2015-07-31,26000,26000.0,25986.666666666668,25890.578,0.0,13.33333333333212,109.421875,0.0,13.33333333333212,109.421875,0.0,0.0
Telangana,Adilabad,Adilabad(Rythu Bazar),Other,2015-08-02,26000,26000.0,25993.333333333332,25955.936,0.0,6.666666666667879,44.064453125,0.0,6.666666666667879,44.064453125,0.0,0.0
Telangana,Adilabad,Adilabad(Rythu Bazar),Other,2015-08-03,26000,26000.0,25973.333333333332,25938.404,0.0,26.66666666666788,61.595703125,0.0,26.66666666666788,61.595703125,0.0,0.0
Kerala,Malappuram,Kondotty,Other,2015-08-25,13100,12000.0,13063.5,13019.04,-1100.0,-1063.5,-1019.0400390625,1100.0,1063.5,1019.0400390625,-1100.0,-8.396946564885496
Kerala,Malappuram,Kondotty,Other,2015-10-26,12000,13000.0,12463.5,12627.845,1000.0,536.5,372.1552734375,1000.0,536.5,372.1552734375,1000.0,8.333333333333332
Telangana,Adilabad,Adilabad(Rythu Bazar),Other,2016-02-03,26000,26000.0,25920.0,25940.924,0.0,80.0,59.076171875,0.0,80.0,59.076171875,0.0,0.0
Kerala,Malappuram,Kondotty,Other,2016-02-06,13000,3600.0,12693.666666666666,12625.497,-9400.0,-9093.666666666666,-9025.4970703125,9400.0,9093.666666666666,9025.4970703125,-9400.0,-72.3076923076923
Kerala,Malappuram,Kondotty,Other,2016-06-01,3600,14000.0,10709.0,11554.832,10400.0,3291.0,2445.16796875,10400.0,3291.0,2445.16796875,10400.0,288.88888888888886
Kerala,Malappuram,Kondotty,Other,2016-06-18,14000,13100.0,12942.833333333334,12417.494,-900.0,157.16666666666606,682.505859375,900.0,157.16666666666606,682.505859375,-900.0,-6.428571428571428
Kerala,Malappuram,Kondotty,Other,2016-06-27,13100,13500.0,12930.333333333334,12626.397,400.0,569.6666666666661,873.6025390625,400.0,569.6666666666661,873.6025390625,400.0,3.0534351145038165
Kerala,Malappuram,Kondotty,Other,2016-08-08,13500,13200.0,12533.5,11981.626,-300.0,666.5,1218.3740234375,300.0,666.5,1218.3740234375,-300.0,-2.2222222222222223
Kerala,Malappuram,Kondotty,Other,2016-08-15,13200,12500.0,12507.5,12384.303,-700.0,-7.5,115.697265625,700.0,7.5,115.697265625,-700.0,-5.303030303030303
Kerala,Malappuram,Kondotty,Other,2017-01-16,12500,13500.0,12294.333333333334,11242.661,1000.0,1205.666666666666,2257.3388671875,1000.0,1205.666666666666,2257.3388671875,1000.0,8.0
Kerala,Malappuram,Kondotty,Other,2017-02-13,13500,3100.0,12115.333333333334,10850.065,-10400.0,-9015.333333333334,-7750.0654296875,10400.0,9015.333333333334,7750.0654296875,-10400.0,-77.03703703703704
Kerala,Malappuram,Kondotty,Other,2017-08-01,3100,3100.0,9623.466666666667,11531.248,0.0,-6523.466666666667,-8431.248046875,0.0,6523.466666666667,8431.248046875,0.0,0.0
Kerala,Malappuram,Kondotty,Other,2017-08-17,3100,11000.0,8806.066666666668,8752.539,7900.0,2193.9333333333325,2247.4609375,7900.0,2193.9333333333325,2247.4609375,7900.0,254.83870967741936
Kerala,Malappuram,Kondotty,Other,2018-01-06,11000,11000.0,11232.9,10534.594,0.0,-232.89999999999964,465.40625,0.0,232.89999999999964,465.40625,0.0,0.0
Kerala,Malappuram,Kondotty,Other,2018-01-10,11000,13500.0,11216.4,10336.5625,2500.0,2283.6000000000004,3163.4375,2500.0,2283.6000000000004,3163.4375,2500.0,22.727272727272727
Kerala,Malappuram,Kondotty,Other,2018-06-25,13500,13000.0,11900.733333333334,12115.923,-500.0,1099.2666666666664,884.0771484375,500.0,1099.2666666666664,884.0771484375,-500.0,-3.7037037037037033
Kerala,Malappuram,Kondotty,Other,2018-08-10,13000,15000.0,12177.066666666668,11559.82,2000.0,2822.9333333333325,3440.1796875,2000.0,2822.9333333333325,3440.1796875,2000.0,15.384615384615385
