State Name,District Name,Market Name,Variety,Group,Arrivals (Tonnes),Min Price (Rs./Quintal),Max Price (Rs./Quintal),Modal Price (Rs./Quintal),Reported Date,future_modal_price,future_price_pct_change,future_log_return,days_to_next,lag_1,lag_7,lag_14,lag_30
Telangana,Adilabad,Adilabad(Rythu Bazar),All Dust,Beverages,0.01,26000,26000,26000,2015-07-05,26000.0,0.0,0.0,1.0,,,,
Telangana,Adilabad,Adilabad(Rythu Bazar),Other,Beverages,0.01,26000,26000,26000,2015-06-10,26000.0,0.0,0.0,2.0,,,,
Telangana,Adilabad,Adilabad(Rythu Bazar),Other,Beverages,0.01,26000,26000,26000,2015-06-12,26000.0,0.0,0.0,1.0,26000.0,,,
Telangana,Adilabad,Adilabad(Rythu Bazar),Other,Beverages,0.01,26000,26000,26000,2015-06-13,26000.0,0.0,0.0,1.0,26000.0,,,
Telangana,Adilabad,Adilabad(Rythu Bazar),Other,Beverages,0.01,26000,26000,26000,2015-06-14,26000.0,0.0,0.0,2.0,26000.0,,,
Telangana,Adilabad,Adilabad(Rythu Bazar),Other,Beverages,0.01,26000,26000,26000,2015-06-16,26000.0,0.0,0.0,2.0,26000.0,,,
Telangana,Adilabad,Adilabad(Rythu Bazar),Other,Beverages,0.01,26000,26000,26000,2015-06-18,26000.0,0.0,0.0,1.0,26000.0,,,
Telangana,Adilabad,Adilabad(Rythu Bazar),Other,Beverages,0.01,26000,26000,26000,2015-06-19,26000.0,0.0,0.0,1.0,26000.0,,,
Telangana,Adilabad,Adilabad(Rythu Bazar),Other,Beverages,0.01,26000,26000,26000,2015-06-20,26000.0,0.0,0.0,1.0,26000.0,26000.0,,
Telangana,Adilabad,Adilabad(Rythu Bazar),Other,Beverages,0.01,26000,26000,26000,2015-06-21,26000.0,0.0,0.0,1.0,26000.0,26000.0,,
Telangana,Adilabad,Adilabad(Rythu Bazar),Other,Beverages,0.01,26000,26000,26000,2015-06-22,26000.0,0.0,0.0,2.0,26000.0,26000.0,,
Telangana,Adilabad,Adilabad(Rythu Bazar),Other,Beverages,0.01,26000,26000,26000,2015-06-24,26000.0,0.0,0.0,1.0,26000.0,26000.0,,
Telangana,Adilabad,Adilabad(Rythu Bazar),Other,Beverages,0.01,26000,26000,26000,2015-06-25,26000.0,0.0,0.0,1.0,26000.0,26000.0,,
Telangana,Adilabad,Adilabad(Rythu Bazar),Other,Beverages,0.01,26000,26000,26000,2015-06-26,26000.0,0.0,0.0,1.0,26000.0,26000.0,,
Telangana,Adilabad,Adilabad(Rythu Bazar),Other,Beverages,0.01,26000,26000,26000,2015-06-27,26000.0,0.0,0.0,1.0,26000.0,26000.0,,
Telangana,Adilabad,Adilabad(Rythu Bazar),Other,Beverages,0.01,26000,26000,26000,2015-06-28,26000.0,0.0,0.0,1.0,26000.0,26000.0,26000.0,
Telangana,Adilabad,Adilabad(Rythu Bazar),Other,Beverages,0.01,26000,26000,26000,2015-06-29,26000.0,0.0,0.0,1.0,26000.0,26000.0,26000.0,
Telangana,Adilabad,Adilabad(Rythu Bazar),Other,Beverages,0.01,26000,26000,26000,2015-06-30,26000.0,0.0,0.0,1.0,26000.0,26000.0,26000.0,
Telangana,Adilabad,Adilabad(Rythu Bazar),Other,Beverages,0.01,26000,26000,26000,2015-07-01,26000.0,0.0,0.0,1.0,26000.0,26000.0,26000.0,
Telangana,Adilabad,Adilabad(Rythu Bazar),Other,Beverages,0.01,26000,26000,26000,2015-07-02,26000.0,0.0,0.0,1.0,26000.0,26000.0,26000.0,
Telangana,Adilabad,Adilabad(Rythu Bazar),Other,Beverages,0.01,26000,26000,26000,2015-07-03,26000.0,0.0,0.0,1.0,26000.0,26000.0,26000.0,
Telangana,Adilabad,Adilabad(Rythu Bazar),Other,Beverages,0.01,26000,26000,26000,2015-07-04,26000.0,0.0,0.0,4.0,26000.0,26000.0,26000.0,
Telangana,Adilabad,Adilabad(Rythu Bazar),Other,Beverages,0.01,26000,26000,26000,2015-07-08,26000.0,0.0,0.0,1.0,26000.0,26000.0,26000.0,
Telangana,Adilabad,Adilabad(Rythu Bazar),Other,Beverages,0.01,26000,26000,26000,2015-07-09,26000.0,0.0,0.0,1.0,26000.0,26000.0,26000.0,
Telangana,Adilabad,Adilabad(Rythu Bazar),Other,Beverages,0.01,26000,26000,26000,2015-07-10,26000.0,0.0,0.0,1.0,26000.0,26000.0,26000.0,
Telangana,Adilabad,Adilabad(Rythu Bazar),Other,Beverages,0.01,26000,26000,26000,2015-07-11,26000.0,0.0,0.0,1.0,26000.0,26000.0,26000.0,
Telangana,Adilabad,Adilabad(Rythu Bazar),Other,Beverages,0.01,26000,26000,26000,2015-07-12,26000.0,0.0,0.0,1.0,26000.0,26000.0,26000.0,
Telangana,Adilabad,Adilabad(Rythu Bazar),Other,Beverages,0.01,26000,26000,26000,2015-07-13,26000.0,0.0,0.0,1.0,26000.0,26000.0,26000.0,
Telangana,Adilabad,Adilabad(Rythu Bazar),Other,Beverages,0.01,26000,26000,26000,2015-07-14,26000.0,0.0,0.0,4.0,26000.0,26000.0,26000.0,
Telangana,Adilabad,Adilabad(Rythu Bazar),Other,Beverages,0.01,26000,26000,26000,2015-07-18,26000.0,0.0,0.0,1.0,26000.0,26000.0,26000.0,
Telangana,Adilabad,Adilabad(Rythu Bazar),Other,Beverages,0.02,26000,26000,26000,2015-07-19,26000.0,0.0,0.0,1.0,26000.0,26000.0,26000.0,
Telangana,Adilabad,Adilabad(Rythu Bazar),Other,Beverages,0.01,26000,26000,26000,2015-07-20,26000.0,0.0,0.0,2.0,26000.0,26000.0,26000.0,26000.0
Telangana,Adilabad,Adilabad(Rythu Bazar),Other,Beverages,0.01,26000,26000,26000,2015-07-22,26000.0,0.0,0.0,1.0,26000.0,26000.0,26000.0,26000.0
Telangana,Adilabad,Adilabad(Rythu Bazar),Other,Beverages,0.01,26000,26000,26000,2015-07-23,26000.0,0.0,0.0,1.0,26000.0,26000.0,26000.0,26000.0
Telangana,Adilabad,Adilabad(Rythu Bazar),Other,Beverages,0.01,26000,26000,26000,2015-07-24,26000.0,0.0,0.0,1.0,26000.0,26000.0,26000.0,26000.0
Telangana,Adilabad,Adilabad(Rythu Bazar),Other,Beverages,0.01,26000,26000,26000,2015-07-25,26000.0,0.0,0.0,1.0,26000.0,26000.0,26000.0,26000.0
Telangana,Adilabad,Adilabad(Rythu Bazar),Other,Beverages,0.01,26000,26000,26000,2015-07-26,26000.0,0.0,0.0,1.0,26000.0,26000.0,26000.0,26000.0
Telangana,Adilabad,Adilabad(Rythu Bazar),Other,Beverages,0.01,26000,26000,26000,2015-07-27,26000.0,0.0,0.0,1.0,26000.0,26000.0,26000.0,26000.0
Telangana,Adilabad,Adilabad(Rythu Bazar),Other,Beverages,0.01,26000,26000,26000,2015-07-28,26000.0,0.0,0.0,1.0,26000.0,26000.0,26000.0,26000.0
Telangana,Adilabad,Adilabad(Rythu Bazar),Other,Beverages,0.01,26000,26000,26000,2015-07-29,26000.0,0.0,0.0,1.0,26000.0,26000.0,26000.0,26000.0
Telangana,Adilabad,Adilabad(Rythu Bazar),Other,Beverages,0.01,26000,26000,26000,2015-07-30,26000.0,0.0,0.0,1.0,26000.0,26000.0,26000.0,26000.0
Telangana,Adilabad,Adilabad(Rythu Bazar),Other,Beverages,0.01,26000,26000,26000,2015-07-31,26000.0,0.0,0.0,2.0,26000.0,26000.0,26000.0,26000.0
Telangana,Adilabad,Adilabad(Rythu Bazar),Other,Beverages,0.01,26000,26000,26000,2015-08-02,26000.0,0.0,0.0,1.0,26000.0,26000.0,26000.0,26000.0
Telangana,Adilabad,Adilabad(Rythu Bazar),Other,Beverages,0.01,26000,26000,26000,2016-02-03,26000.0,0.0,0.0,3.0,26000.0,26000.0,26000.0,26000.0
Tripura,Sepahijala,Bishalgarh,Assam C.T.C. Leaf,Beverages,1.5,7800,12000,10000,2002-02-14,10000.0,0.0,0.0,1.0,,,,
Tripura,Sepahijala,Bishalgarh,Assam C.T.C. Leaf,Beverages,2.5,7000,12000,10000,2002-02-25,14000.0,0.4,0.3364722366212129,1.0,10000.0,,,
Tripura,Sepahijala,Bishalgarh,Assam C.T.C. Leaf,Beverages,3.7,12000,16000,14000,2002-02-26,12000.0,-0.1428571428571428,-0.1541506798272583,1.0,10000.0,,,
Tripura,Sepahijala,Bishalgarh,Assam C.T.C. Leaf,Beverages,3.0,10000,14000,12000,2002-02-27,14000.0,0.1666666666666666,0.1541506798272583,1.0,14000.0,,,
Tripura,Sepahijala,Bishalgarh,Assam C.T.C. Leaf,Beverages,3.6,12000,16000,14000,2002-02-28,12000.0,-0.1428571428571428,-0.1541506798272583,2.0,12000.0,,,
Tripura,Sepahijala,Bishalgarh,Assam C.T.C. Leaf,Beverages,4.0,9000,13000,12000,2002-03-02,12000.0,0.0,0.0,2.0,14000.0,,,
Tripura,Sepahijala,Bishalgarh,Assam C.T.C. Leaf,Beverages,5.0,10000,13000,12000,2002-03-04,12000.0,0.0,0.0,2.0,12000.0,,,
Tripura,Sepahijala,Bishalgarh,Assam C.T.C. Leaf,Beverages,5.0,9000,14000,12000,2002-03-06,12000.0,0.0,0.0,1.0,12000.0,10000.0,,
Tripura,Sepahijala,Bishalgarh,Assam C.T.C. Leaf,Beverages,4.0,10000,14000,12000,2002-03-07,12000.0,0.0,0.0,1.0,12000.0,10000.0,,
Tripura,Sepahijala,Bishalgarh,Assam C.T.C. Leaf,Beverages,3.0,9000,14000,12000,2002-03-08,12000.0,0.0,0.0,3.0,12000.0,14000.0,,
Tripura,Sepahijala,Bishalgarh,Assam C.T.C. Leaf,Beverages,3.0,10100,14000,12000,2002-03-11,12000.0,0.0,0.0,2.0,12000.0,12000.0,,
Tripura,Sepahijala,Bishalgarh,Assam C.T.C. Leaf,Beverages,2.7,10000,14000,12000,2002-03-13,12000.0,0.0,0.0,1.0,12000.0,14000.0,,
Tripura,Sepahijala,Bishalgarh,Assam C.T.C. Leaf,Beverages,3.0,10000,14000,12000,2002-03-14,12000.0,0.0,0.0,1.0,12000.0,12000.0,,
Tripura,Sepahijala,Bishalgarh,Assam C.T.C. Leaf,Beverages,2.8,10000,14000,12000,2002-03-15,12000.0,0.0,0.0,1.0,12000.0,12000.0,,
Tripura,Sepahijala,Bishalgarh,Assam C.T.C. Leaf,Beverages,3.0,10000,14000,12000,2002-03-16,12000.0,0.0,0.0,1.0,12000.0,12000.0,10000.0,
Tripura,Sepahijala,Bishalgarh,Assam C.T.C. Leaf,Beverages,3.8,10000,14000,12000,2002-03-17,12000.0,0.0,0.0,2.0,12000.0,12000.0,10000.0,
Tripura,Sepahijala,Bishalgarh,Assam C.T.C. Leaf,Beverages,3.0,10000,14000,12000,2002-03-19,12000.0,0.0,0.0,1.0,12000.0,12000.0,14000.0,
Tripura,Sepahijala,Bishalgarh,Assam C.T.C. Leaf,Beverages,3.0,10000,14000,12000,2002-03-20,12000.0,0.0,0.0,1.0,12000.0,12000.0,12000.0,
Tripura,Sepahijala,Bishalgarh,Assam C.T.C. Leaf,Beverages,4.0,11000,14000,12000,2002-03-21,12000.0,0.0,0.0,1.0,12000.0,12000.0,14000.0,
Tripura,Sepahijala,Bishalgarh,Assam C.T.C. Leaf,Beverages,2.3,11000,14000,12000,2002-03-22,12000.0,0.0,0.0,1.0,12000.0,12000.0,12000.0,
Tripura,Sepahijala,Bishalgarh,Assam C.T.C. Leaf,Beverages,3.5,10000,14000,12000,2002-03-23,12000.0,0.0,0.0,3.0,12000.0,12000.0,12000.0,
Tripura,Sepahijala,Bishalgarh,Assam C.T.C. Leaf,Beverages,3.7,10000,14000,12000,2002-03-26,12000.0,0.0,0.0,1.0,12000.0,12000.0,12000.0,
Tripura,Sepahijala,Bishalgarh,Assam C.T.C. Leaf,Beverages,3.7,10000,14000,12000,2002-03-27,12000.0,0.0,0.0,3.0,12000.0,12000.0,12000.0,
Tripura,Sepahijala,Bishalgarh,Assam C.T.C. Leaf,Beverages,3.0,10000,14000,12000,2002-03-30,14000.0,0.1666666666666666,0.1541506798272583,2.0,12000.0,12000.0,12000.0,
Tripura,Sepahijala,Bishalgarh,Assam C.T.C. Leaf,Beverages,2.0,11000,16000,14000,2002-04-01,12000.0,-0.1428571428571428,-0.1541506798272583,1.0,12000.0,12000.0,12000.0,
Tripura,Sepahijala,Bishalgarh,Assam C.T.C. Leaf,Beverages,3.5,10000,14000,12000,2002-04-02,12000.0,0.0,0.0,1.0,14000.0,12000.0,12000.0,
Tripura,Sepahijala,Bishalgarh,Assam C.T.C. Leaf,Beverages,0.02,10000,14000,12000,2002-04-03,12000.0,0.0,0.0,1.0,12000.0,12000.0,12000.0,
Tripura,Sepahijala,Bishalgarh,Assam C.T.C. Leaf,Beverages,0.03,11000,14000,12000,2002-04-04,12000.0,0.0,0.0,1.0,12000.0,12000.0,12000.0,
Tripura,Sepahijala,Bishalgarh,Assam C.T.C. Leaf,Beverages,0.02,10000,14000,12000,2002-05-27,12000.0,0.0,0.0,1.0,12000.0,12000.0,12000.0,
Tripura,Sepahijala,Bishalgarh,Assam C.T.C. Leaf,Beverages,0.01,10000,14000,12000,2002-05-28,12000.0,0.0,0.0,1.0,12000.0,12000.0,12000.0,
Tripura,Sepahijala,Bishalgarh,Assam C.T.C. Leaf,Beverages,0.02,10000,14000,12000,2002-05-29,12000.0,0.0,0.0,2.0,12000.0,12000.0,12000.0,10000.0
Tripura,Sepahijala,Bishalgarh,Assam C.T.C. Leaf,Beverages,0.02,10000,14000,12000,2002-05-31,12000.0,0.0,0.0,1.0,12000.0,14000.0,12000.0,10000.0
Tripura,Sepahijala,Bishalgarh,Assam C.T.C. Leaf,Beverages,0.04,10000,14000,12000,2002-06-01,12000.0,0.0,0.0,2.0,12000.0,12000.0,12000.0,14000.0
Tripura,Sepahijala,Bishalgarh,Assam C.T.C. Leaf,Beverages,0.02,10000,14000,12000,2002-06-03,12000.0,0.0,0.0,1.0,12000.0,12000.0,12000.0,12000.0
Tripura,Sepahijala,Bishalgarh,Assam C.T.C. Leaf,Beverages,0.03,10000,14000,12000,2002-06-04,12000.0,0.0,0.0,1.0,12000.0,12000.0,12000.0,14000.0
Tripura,Sepahijala,Bishalgarh,Assam C.T.C. Leaf,Beverages,0.03,10000,14000,12000,2002-06-05,12000.0,0.0,0.0,1.0,12000.0,12000.0,12000.0,12000.0
Tripura,Sepahijala,Bishalgarh,Assam C.T.C. Leaf,Beverages,0.02,10000,14000,12000,2002-06-06,12000.0,0.0,0.0,1.0,12000.0,12000.0,12000.0,12000.0
Tripura,Sepahijala,Bishalgarh,Assam C.T.C. Leaf,Beverages,0.03,10000,14000,12000,2002-06-07,12000.0,0.0,0.0,3.0,12000.0,12000.0,12000.0,12000.0
Tripura,Sepahijala,Bishalgarh,Assam C.T.C. Leaf,Beverages,0.02,9000,14000,12000,2002-06-10,9000.0,-0.25,-0.2876820724517809,1.0,12000.0,12000.0,14000.0,12000.0
Tripura,Sepahijala,Bishalgarh,Assam C.T.C. Leaf,Beverages,0.03,7500,10000,9000,2002-06-11,9000.0,0.0,0.0,1.0,12000.0,12000.0,12000.0,12000.0
Tripura,Sepahijala,Bishalgarh,Assam C.T.C. Leaf,Beverages,0.03,7500,10000,9000,2002-06-12,10000.0,0.1111111111111111,0.1053605156578263,1.0,9000.0,12000.0,12000.0,12000.0
Tripura,Sepahijala,Bishalgarh,Assam C.T.C. Leaf,Beverages,0.01,8000,12000,10000,2002-06-13,9000.0,-0.1,-0.1053605156578262,1.0,9000.0,12000.0,12000.0,12000.0
Tripura,Sepahijala,Bishalgarh,Assam C.T.C. Leaf,Beverages,0.02,7500,10000,9000,2002-06-14,10000.0,0.1111111111111111,0.1053605156578263,1.0,10000.0,12000.0,12000.0,12000.0
Tripura,Sepahijala,Bishalgarh,Assam C.T.C. Leaf,Beverages,0.04,8000,12000,10000,2002-06-15,10000.0,0.0,0.0,2.0,9000.0,12000.0,12000.0,12000.0
Tripura,Sepahijala,Bishalgarh,Assam C.T.C. Leaf,Beverages,0.02,8000,12000,10000,2002-06-17,10000.0,0.0,0.0,1.0,10000.0,12000.0,12000.0,12000.0
Tripura,Sepahijala,Bishalgarh,Assam C.T.C. Leaf,Beverages,0.03,8000,12000,10000,2002-06-18,10000.0,0.0,0.0,1.0,10000.0,12000.0,12000.0,12000.0
Tripura,Sepahijala,Bishalgarh,Assam C.T.C. Leaf,Beverages,0.03,8000,12000,10000,2002-06-19,12000.0,0.2,0.1823215567939546,1.0,10000.0,9000.0,12000.0,12000.0
Tripura,Sepahijala,Bishalgarh,Assam C.T.C. Leaf,Beverages,0.02,9000,14000,12000,2002-06-20,10000.0,-0.1666666666666666,-0.1823215567939546,1.0,10000.0,9000.0,12000.0,12000.0
Tripura,Sepahijala,Bishalgarh,Assam C.T.C. Leaf,Beverages,0.03,8000,12000,10000,2002-06-21,12000.0,0.2,0.1823215567939546,1.0,12000.0,10000.0,12000.0,12000.0
Tripura,Sepahijala,Bishalgarh,Assam C.T.C. Leaf,Beverages,0.03,8000,14000,12000,2002-06-22,10000.0,-0.1666666666666666,-0.1823215567939546,2.0,10000.0,9000.0,12000.0,12000.0
Tripura,Sepahijala,Bishalgarh,Assam C.T.C. Leaf,Beverages,0.02,8000,12000,10000,2002-06-24,10000.0,0.0,0.0,1.0,12000.0,10000.0,12000.0,12000.0
Tripura,Sepahijala,Bishalgarh,Assam C.T.C. Leaf,Beverages,0.03,8000,12000,10000,2002-06-25,8000.0,-0.2,-0.2231435513142097,3.0,10000.0,10000.0,12000.0,12000.0
Tripura,Sepahijala,Bishalgarh,Assam C.T.C. Leaf,Beverages,0.03,7000,10000,8000,2002-06-28,8000.0,0.0,0.0,1.0,10000.0,10000.0,12000.0,12000.0
Tripura,Sepahijala,Bishalgarh,Assam C.T.C. Leaf,Beverages,0.04,7000,10000,8000,2002-06-29,8000.0,0.0,0.0,2.0,8000.0,10000.0,9000.0,12000.0
Tripura,Sepahijala,Bishalgarh,Assam C.T.C. Leaf,Beverages,0.03,7000,10000,8000,2002-07-01,8000.0,0.0,0.0,1.0,8000.0,12000.0,9000.0,14000.0
Tripura,Sepahijala,Bishalgarh,Assam C.T.C. Leaf,Beverages,0.04,7500,10000,8000,2002-07-02,8000.0,0.0,0.0,1.0,8000.0,10000.0,10000.0,12000.0
Tripura,Sepahijala,Bishalgarh,Assam C.T.C. Leaf,Beverages,0.04,7500,10000,8000,2002-07-03,10000.0,0.25,0.2231435513142097,1.0,8000.0,12000.0,9000.0,12000.0
Tripura,Sepahijala,Bishalgarh,Assam C.T.C. Leaf,Beverages,0.03,7000,12000,10000,2002-07-04,10000.0,0.0,0.0,1.0,8000.0,10000.0,10000.0,12000.0
Tripura,Sepahijala,Bishalgarh,Assam C.T.C. Leaf,Beverages,0.04,7000,12000,10000,2002-07-05,8000.0,-0.2,-0.2231435513142097,1.0,10000.0,10000.0,10000.0,12000.0
Tripura,Sepahijala,Bishalgarh,Assam C.T.C. Leaf,Beverages,0.05,7000,10000,8000,2002-07-06,10000.0,0.25,0.2231435513142097,2.0,10000.0,8000.0,10000.0,12000.0
Tripura,Sepahijala,Bishalgarh,Assam C.T.C. Leaf,Beverages,0.02,8000,12000,10000,2002-07-08,9000.0,-0.1,-0.1053605156578262,1.0,8000.0,8000.0,10000.0,12000.0
Tripura,Sepahijala,Bishalgarh,Assam C.T.C. Leaf,Beverages,0.02,7000,10000,9000,2002-07-09,9000.0,0.0,0.0,1.0,10000.0,8000.0,12000.0,12000.0
Tripura,Sepahijala,Bishalgarh,Assam C.T.C. Leaf,Beverages,0.03,7000,10000,9000,2002-07-10,9000.0,0.0,0.0,1.0,9000.0,8000.0,10000.0,12000.0
Tripura,Sepahijala,Bishalgarh,Assam C.T.C. Leaf,Beverages,0.02,7000,10000,9000,2002-07-11,8000.0,-0.1111111111111111,-0.1177830356563835,1.0,9000.0,8000.0,12000.0,12000.0
Tripura,Sepahijala,Bishalgarh,Assam C.T.C. Leaf,Beverages,0.02,7000,10000,8000,2002-07-12,9000.0,0.125,0.1177830356563834,3.0,9000.0,10000.0,10000.0,12000.0
Tripura,Sepahijala,Bishalgarh,Assam C.T.C. Leaf,Beverages,0.03,8000,12000,9000,2002-07-15,8000.0,-0.1111111111111111,-0.1177830356563835,1.0,8000.0,10000.0,10000.0,12000.0
Tripura,Sepahijala,Bishalgarh,Assam C.T.C. Leaf,Beverages,0.02,7000,10000,8000,2002-07-16,8000.0,0.0,0.0,2.0,9000.0,8000.0,8000.0,12000.0
Tripura,Sepahijala,Bishalgarh,Assam C.T.C. Leaf,Beverages,0.02,7000,10000,8000,2002-07-18,9000.0,0.125,0.1177830356563834,1.0,8000.0,10000.0,8000.0,12000.0
Tripura,Sepahijala,Bishalgarh,Assam C.T.C. Leaf,Beverages,0.03,7500,10000,9000,2002-07-19,8000.0,-0.1111111111111111,-0.1177830356563835,1.0,8000.0,9000.0,8000.0,12000.0
Tripura,Sepahijala,Bishalgarh,Assam C.T.C. Leaf,Beverages,0.04,7500,10000,8000,2002-07-20,8000.0,0.0,0.0,2.0,9000.0,9000.0,8000.0,9000.0
Tripura,Sepahijala,Bishalgarh,Assam C.T.C. Leaf,Beverages,0.02,7000,10000,8000,2002-07-22,8000.0,0.0,0.0,1.0,8000.0,9000.0,8000.0,9000.0
Tripura,Sepahijala,Bishalgarh,Assam C.T.C. Leaf,Beverages,0.01,7000,10000,8000,2002-07-23,10000.0,0.25,0.2231435513142097,1.0,8000.0,8000.0,10000.0,10000.0
Tripura,Sepahijala,Bishalgarh,Assam C.T.C. Leaf,Beverages,0.01,7500,12000,10000,2002-07-24,9000.0,-0.1,-0.1053605156578262,1.0,8000.0,9000.0,10000.0,9000.0
Tripura,Sepahijala,Bishalgarh,Assam C.T.C. Leaf,Beverages,0.02,8000,10000,9000,2002-07-25,10000.0,0.1111111111111111,0.1053605156578263,1.0,10000.0,8000.0,8000.0,10000.0
Tripura,Sepahijala,Bishalgarh,Assam C.T.C. Leaf,Beverages,0.03,8000,12000,10000,2002-07-26,10000.0,0.0,0.0,1.0,9000.0,8000.0,10000.0,10000.0
Tripura,Sepahijala,Bishalgarh,Assam C.T.C. Leaf,Beverages,0.04,8000,12000,10000,2002-07-27,10000.0,0.0,0.0,2.0,10000.0,9000.0,9000.0,10000.0
Tripura,Sepahijala,Bishalgarh,Assam C.T.C. Leaf,Beverages,0.02,8000,12000,10000,2002-07-29,10000.0,0.0,0.0,1.0,10000.0,8000.0,9000.0,10000.0
Tripura,Sepahijala,Bishalgarh,Assam C.T.C. Leaf,Beverages,0.03,8000,12000,10000,2002-07-30,10000.0,0.0,0.0,1.0,10000.0,8000.0,9000.0,12000.0
Tripura,Sepahijala,Bishalgarh,Assam C.T.C. Leaf,Beverages,0.02,8000,12000,10000,2002-07-31,9000.0,-0.1,-0.1053605156578262,1.0,10000.0,8000.0,8000.0,10000.0
Tripura,Sepahijala,Bishalgarh,Assam C.T.C. Leaf,Beverages,0.03,8000,12000,9000,2002-08-01,10000.0,0.1111111111111111,0.1053605156578263,1.0,10000.0,10000.0,9000.0,12000.0
Tripura,Sepahijala,Bishalgarh,Assam C.T.C. Leaf,Beverages,0.04,8000,12000,10000,2002-08-02,10000.0,0.0,0.0,3.0,9000.0,9000.0,8000.0,10000.0
Tripura,Sepahijala,Bishalgarh,Assam C.T.C. Leaf,Beverages,0.03,8000,12000,10000,2002-08-05,10000.0,0.0,0.0,2.0,10000.0,10000.0,8000.0,10000.0
Tripura,Sepahijala,Bishalgarh,Assam C.T.C. Leaf,Beverages,0.02,8000,12000,10000,2002-08-07,10000.0,0.0,0.0,1.0,10000.0,10000.0,9000.0,8000.0
Tripura,Sepahijala,Bishalgarh,Assam C.T.C. Leaf,Beverages,0.01,8000,12000,10000,2002-08-08,10000.0,0.0,0.0,1.0,10000.0,10000.0,8000.0,8000.0
Tripura,Sepahijala,Bishalgarh,Assam C.T.C. Leaf,Beverages,0.03,8000,12000,10000,2002-08-09,10000.0,0.0,0.0,3.0,10000.0,10000.0,8000.0,8000.0
Tripura,Sepahijala,Bishalgarh,Assam C.T.C. Leaf,Beverages,0.02,8000,12000,10000,2002-08-12,12000.0,0.2,0.1823215567939546,1.0,10000.0,10000.0,8000.0,8000.0
Tripura,Sepahijala,Bishalgarh,Assam C.T.C. Leaf,Beverages,0.03,8000,14000,12000,2002-08-13,10000.0,-0.1666666666666666,-0.1823215567939546,4.0,10000.0,9000.0,10000.0,8000.0
Tripura,Sepahijala,Bishalgarh,Assam C.T.C. Leaf,Beverages,0.03,8000,12000,10000,2002-08-17,10000.0,0.0,0.0,2.0,12000.0,10000.0,9000.0,10000.0
Tripura,Sepahijala,Bishalgarh,Assam C.T.C. Leaf,Beverages,0.02,7500,12000,10000,2002-08-19,10000.0,0.0,0.0,1.0,10000.0,10000.0,10000.0,10000.0
Tripura,Sepahijala,Bishalgarh,Assam C.T.C. Leaf,Beverages,0.03,7500,12000,10000,2002-08-20,10000.0,0.0,0.0,2.0,10000.0,10000.0,10000.0,8000.0
Tripura,Sepahijala,Bishalgarh,Assam C.T.C. Leaf,Beverages,0.02,8000,12000,10000,2002-08-22,10000.0,0.0,0.0,1.0,10000.0,10000.0,10000.0,10000.0
Tripura,Sepahijala,Bishalgarh,Assam C.T.C. Leaf,Beverages,0.02,8000,12000,10000,2002-08-23,10000.0,0.0,0.0,1.0,10000.0,10000.0,10000.0,9000.0
Tripura,Sepahijala,Bishalgarh,Assam C.T.C. Leaf,Beverages,0.04,8000,12000,10000,2002-08-24,10000.0,0.0,0.0,3.0,10000.0,10000.0,10000.0,9000.0
Tripura,Sepahijala,Bishalgarh,Assam C.T.C. Leaf,Beverages,0.03,8000,12000,10000,2002-08-27,10000.0,0.0,0.0,1.0,10000.0,12000.0,9000.0,9000.0
Tripura,Sepahijala,Bishalgarh,Assam C.T.C. Leaf,Beverages,0.03,8000,12000,10000,2002-08-28,10000.0,0.0,0.0,1.0,10000.0,10000.0,10000.0,8000.0
Tripura,Sepahijala,Bishalgarh,Assam C.T.C. Leaf,Beverages,0.02,8000,12000,10000,2002-08-29,10000.0,0.0,0.0,4.0,10000.0,10000.0,10000.0,9000.0
Tripura,Sepahijala,Bishalgarh,Assam C.T.C. Leaf,Beverages,0.03,7500,12000,10000,2002-09-02,10000.0,0.0,0.0,1.0,10000.0,10000.0,10000.0,8000.0
Tripura,Sepahijala,Bishalgarh,Assam C.T.C. Leaf,Beverages,0.02,8000,12000,10000,2002-09-03,10000.0,0.0,0.0,1.0,10000.0,10000.0,10000.0,8000.0
Tripura,Sepahijala,Bishalgarh,Assam C.T.C. Leaf,Beverages,0.03,8000,14000,10000,2002-09-04,10000.0,0.0,0.0,1.0,10000.0,10000.0,10000.0,9000.0
Tripura,Sepahijala,Bishalgarh,Assam C.T.C. Leaf,Beverages,0.02,8000,12000,10000,2002-09-05,12000.0,0.2,0.1823215567939546,1.0,10000.0,10000.0,10000.0,8000.0
Tripura,Sepahijala,Bishalgarh,Assam C.T.C. Leaf,Beverages,0.03,7500,14000,12000,2002-09-06,12000.0,0.0,0.0,1.0,10000.0,10000.0,12000.0,8000.0
Tripura,Sepahijala,Bishalgarh,Assam C.T.C. Leaf,Beverages,0.04,8000,14000,12000,2002-09-07,10000.0,-0.1666666666666666,-0.1823215567939546,2.0,12000.0,10000.0,10000.0,8000.0
Tripura,Sepahijala,Bishalgarh,Assam C.T.C. Leaf,Beverages,0.02,7500,12000,10000,2002-09-09,10000.0,0.0,0.0,1.0,12000.0,10000.0,10000.0,10000.0
Tripura,Sepahijala,Bishalgarh,Assam C.T.C. Leaf,Beverages,0.03,8000,12000,10000,2002-09-10,12000.0,0.2,0.1823215567939546,1.0,10000.0,10000.0,10000.0,9000.0
Tripura,Sepahijala,Bishalgarh,Assam C.T.C. Leaf,Beverages,0.01,8000,14000,12000,2002-09-11,10000.0,-0.1666666666666666,-0.1823215567939546,1.0,10000.0,10000.0,10000.0,10000.0
Tripura,Sepahijala,Bishalgarh,Assam C.T.C. Leaf,Beverages,0.02,9000,12000,10000,2002-09-12,12000.0,0.2,0.1823215567939546,1.0,12000.0,10000.0,10000.0,10000.0
Tripura,Sepahijala,Bishalgarh,Assam C.T.C. Leaf,Beverages,0.03,8000,14000,12000,2002-09-13,12000.0,0.0,0.0,3.0,10000.0,10000.0,10000.0,10000.0
Tripura,Sepahijala,Bishalgarh,Assam C.T.C. Leaf,Beverages,0.02,10000,14000,12000,2002-09-16,12000.0,0.0,0.0,1.0,12000.0,12000.0,10000.0,10000.0
Tripura,Sepahijala,Bishalgarh,Assam C.T.C. Leaf,Beverages,0.01,10000,14000,12000,2002-09-17,12000.0,0.0,0.0,1.0,12000.0,12000.0,10000.0,10000.0
Tripura,Sepahijala,Bishalgarh,Assam C.T.C. Leaf,Beverages,0.02,8000,14000,12000,2002-09-18,12000.0,0.0,0.0,3.0,12000.0,10000.0,10000.0,9000.0
Tripura,Sepahijala,Bishalgarh,Assam C.T.C. Leaf,Beverages,0.04,8000,16000,12000,2002-09-21,12000.0,0.0,0.0,2.0,12000.0,10000.0,10000.0,10000.0
Tripura,Sepahijala,Bishalgarh,Assam C.T.C. Leaf,Beverages,0.02,8000,14000,12000,2002-09-23,10000.0,-0.1666666666666666,-0.1823215567939546,1.0,12000.0,12000.0,10000.0,10000.0
Tripura,Sepahijala,Bishalgarh,Assam C.T.C. Leaf,Beverages,0.02,8000,12000,10000,2002-09-24,10000.0,0.0,0.0,1.0,12000.0,10000.0,10000.0,10000.0
Tripura,Sepahijala,Bishalgarh,Assam C.T.C. Leaf,Beverages,0.02,8000,12000,10000,2002-09-25,12000.0,0.2,0.1823215567939546,1.0,10000.0,12000.0,10000.0,10000.0
Tripura,Sepahijala,Bishalgarh,Assam C.T.C. Leaf,Beverages,0.02,8000,14000,12000,2002-09-26,12000.0,0.0,0.0,1.0,10000.0,12000.0,12000.0,10000.0
Tripura,Sepahijala,Bishalgarh,Assam C.T.C. Leaf,Beverages,0.02,8000,14000,12000,2002-09-27,10000.0,-0.1666666666666666,-0.1823215567939546,3.0,12000.0,12000.0,12000.0,10000.0
Tripura,Sepahijala,Bishalgarh,Assam C.T.C. Leaf,Beverages,0.02,8000,14000,10000,2002-09-30,9000.0,-0.1,-0.1053605156578262,1.0,12000.0,12000.0,10000.0,12000.0
Tripura,Sepahijala,Bishalgarh,Assam C.T.C. Leaf,Beverages,0.02,7500,12000,9000,2002-10-01,9000.0,0.0,0.0,2.0,10000.0,12000.0,10000.0,10000.0
Tripura,Sepahijala,Bishalgarh,Assam C.T.C. Leaf,Beverages,0.02,7500,12000,9000,2002-10-03,10000.0,0.1111111111111111,0.1053605156578263,1.0,9000.0,12000.0,12000.0,10000.0
Tripura,Sepahijala,Bishalgarh,Assam C.T.C. Leaf,Beverages,0.02,8000,12000,10000,2002-10-04,10000.0,0.0,0.0,1.0,9000.0,10000.0,10000.0,10000.0
Tripura,Sepahijala,Bishalgarh,Assam C.T.C. Leaf,Beverages,0.03,8000,12000,10000,2002-10-05,12000.0,0.2,0.1823215567939546,2.0,10000.0,10000.0,12000.0,10000.0
Tripura,Sepahijala,Bishalgarh,Assam C.T.C. Leaf,Beverages,0.02,8000,14000,12000,2002-10-07,12000.0,0.0,0.0,3.0,10000.0,12000.0,12000.0,10000.0
Tripura,Sepahijala,Bishalgarh,Assam C.T.C. Leaf,Beverages,0.01,7500,14000,12000,2002-10-10,12000.0,0.0,0.0,1.0,12000.0,12000.0,12000.0,10000.0
Tripura,Sepahijala,Bishalgarh,Assam C.T.C. Leaf,Beverages,0.01,7500,14000,12000,2002-10-21,12000.0,0.0,0.0,1.0,12000.0,10000.0,12000.0,10000.0
Tripura,Sepahijala,Bishalgarh,Assam C.T.C. Leaf,Beverages,0.02,8000,14000,12000,2002-10-22,12000.0,0.0,0.0,1.0,12000.0,9000.0,12000.0,10000.0
Tripura,Sepahijala,Bishalgarh,Assam C.T.C. Leaf,Beverages,0.02,8000,14000,12000,2002-10-23,12000.0,0.0,0.0,1.0,12000.0,9000.0,12000.0,10000.0
Tripura,Sepahijala,Bishalgarh,Assam C.T.C. Leaf,Beverages,0.02,8000,14000,12000,2002-10-24,12000.0,0.0,0.0,1.0,12000.0,10000.0,10000.0,10000.0
Tripura,Sepahijala,Bishalgarh,Assam C.T.C. Leaf,Beverages,0.01,8000,14000,12000,2002-10-25,12000.0,0.0,0.0,1.0,12000.0,10000.0,10000.0,10000.0
Tripura,Sepahijala,Bishalgarh,Assam C.T.C. Leaf,Beverages,0.03,8000,14000,12000,2002-10-26,10000.0,-0.1666666666666666,-0.1823215567939546,2.0,12000.0,12000.0,12000.0,10000.0
Tripura,Sepahijala,Bishalgarh,Assam C.T.C. Leaf,Beverages,0.02,7500,12000,10000,2002-10-28,12000.0,0.2,0.1823215567939546,1.0,12000.0,12000.0,12000.0,10000.0
Tripura,Sepahijala,Bishalgarh,Assam C.T.C. Leaf,Beverages,0.02,8000,14000,12000,2002-10-29,12000.0,0.0,0.0,1.0,10000.0,12000.0,10000.0,12000.0
Tripura,Sepahijala,Bishalgarh,Assam C.T.C. Leaf,Beverages,0.02,8000,14000,12000,2002-10-30,12000.0,0.0,0.0,1.0,12000.0,12000.0,9000.0,12000.0
Tripura,Sepahijala,Bishalgarh,Assam C.T.C. Leaf,Beverages,0.02,8000,14000,12000,2002-10-31,12000.0,0.0,0.0,2.0,12000.0,12000.0,9000.0,10000.0
Tripura,Sepahijala,Bishalgarh,Assam C.T.C. Leaf,Beverages,0.03,8000,14000,12000,2002-11-02,12000.0,0.0,0.0,3.0,12000.0,12000.0,10000.0,10000.0
Tripura,Sepahijala,Bishalgarh,Assam C.T.C. Leaf,Beverages,0.01,7500,14000,12000,2002-11-05,12000.0,0.0,0.0,1.0,12000.0,12000.0,10000.0,12000.0
Tripura,Sepahijala,Bishalgarh,Assam C.T.C. Leaf,Beverages,0.02,8000,14000,12000,2002-11-06,12000.0,0.0,0.0,1.0,12000.0,12000.0,12000.0,10000.0
Tripura,Sepahijala,Bishalgarh,Assam C.T.C. Leaf,Beverages,0.01,8000,14000,12000,2002-11-07,12000.0,0.0,0.0,4.0,12000.0,10000.0,12000.0,12000.0
Tripura,Sepahijala,Bishalgarh,Other,Beverages,1.5,6000,9000,8000,2002-02-14,8000.0,0.0,0.0,1.0,,,,
Tripura,Sepahijala,Bishalgarh,Other,Beverages,2.5,5000,10000,8000,2002-02-25,7000.0,-0.125,-0.1335313926245226,1.0,8000.0,,,
Tripura,Sepahijala,Bishalgarh,Other,Beverages,3.7,6000,8000,7000,2002-02-26,7000.0,0.0,0.0,1.0,8000.0,,,
Tripura,Sepahijala,Bishalgarh,Other,Beverages,3.0,6000,8000,7000,2002-02-27,7000.0,0.0,0.0,1.0,7000.0,,,
Tripura,Sepahijala,Bishalgarh,Other,Beverages,3.6,6000,8000,7000,2002-02-28,6000.0,-0.1428571428571428,-0.1541506798272583,2.0,7000.0,,,
Tripura,Sepahijala,Bishalgarh,Other,Beverages,4.0,4500,8000,6000,2002-03-02,6000.0,0.0,0.0,2.0,7000.0,,,
Tripura,Sepahijala,Bishalgarh,Other,Beverages,5.0,5000,8000,6000,2002-03-04,8000.0,0.3333333333333333,0.2876820724517808,2.0,6000.0,,,
Tripura,Sepahijala,Bishalgarh,Other,Beverages,5.0,6000,9000,8000,2002-03-06,7000.0,-0.125,-0.1335313926245226,1.0,6000.0,8000.0,,
Tripura,Sepahijala,Bishalgarh,Other,Beverages,4.0,6000,8000,7000,2002-03-07,7000.0,0.0,0.0,1.0,8000.0,8000.0,,
Tripura,Sepahijala,Bishalgarh,Other,Beverages,3.0,6000,8000,7000,2002-03-08,6000.0,-0.1428571428571428,-0.1541506798272583,3.0,7000.0,7000.0,,
Tripura,Sepahijala,Bishalgarh,Other,Beverages,3.0,5000,8000,6000,2002-03-11,8000.0,0.3333333333333333,0.2876820724517808,2.0,7000.0,7000.0,,
Tripura,Sepahijala,Bishalgarh,Other,Beverages,2.7,6000,9000,8000,2002-03-13,8000.0,0.0,0.0,1.0,6000.0,7000.0,,
Tripura,Sepahijala,Bishalgarh,Other,Beverages,3.0,6000,9000,8000,2002-03-14,8000.0,0.0,0.0,1.0,8000.0,6000.0,,
Tripura,Sepahijala,Bishalgarh,Other,Beverages,2.8,6000,9000,8000,2002-03-15,8000.0,0.0,0.0,1.0,8000.0,6000.0,,
Tripura,Sepahijala,Bishalgarh,Other,Beverages,3.0,6000,9000,8000,2002-03-16,8000.0,0.0,0.0,1.0,8000.0,8000.0,8000.0,
Tripura,Sepahijala,Bishalgarh,Other,Beverages,3.8,6000,9000,8000,2002-03-17,7000.0,-0.125,-0.1335313926245226,2.0,8000.0,7000.0,8000.0,
Tripura,Sepahijala,Bishalgarh,Other,Beverages,3.0,5000,8000,7000,2002-03-19,7000.0,0.0,0.0,1.0,8000.0,7000.0,7000.0,
Tripura,Sepahijala,Bishalgarh,Other,Beverages,3.0,5000,8000,7000,2002-03-20,8000.0,0.1428571428571428,0.1335313926245225,1.0,7000.0,6000.0,7000.0,
Tripura,Sepahijala,Bishalgarh,Other,Beverages,4.0,6000,9000,8000,2002-03-21,8000.0,0.0,0.0,1.0,7000.0,8000.0,7000.0,
Tripura,Sepahijala,Bishalgarh,Other,Beverages,2.3,6000,10000,8000,2002-03-22,7000.0,-0.125,-0.1335313926245226,1.0,8000.0,8000.0,6000.0,
Tripura,Sepahijala,Bishalgarh,Other,Beverages,3.5,6000,9000,7000,2002-03-23,6000.0,-0.1428571428571428,-0.1541506798272583,3.0,8000.0,8000.0,6000.0,
Tripura,Sepahijala,Bishalgarh,Other,Beverages,3.7,5000,8000,6000,2002-03-26,6000.0,0.0,0.0,1.0,7000.0,8000.0,8000.0,
Tripura,Sepahijala,Bishalgarh,Other,Beverages,3.7,5000,8000,6000,2002-03-27,8000.0,0.3333333333333333,0.2876820724517808,3.0,6000.0,8000.0,7000.0,
Tripura,Sepahijala,Bishalgarh,Other,Beverages,3.0,5000,9000,8000,2002-03-30,6000.0,-0.25,-0.2876820724517809,2.0,6000.0,7000.0,7000.0,
Tripura,Sepahijala,Bishalgarh,Other,Beverages,2.0,5000,8000,6000,2002-04-01,6000.0,0.0,0.0,1.0,8000.0,7000.0,6000.0,
Tripura,Sepahijala,Bishalgarh,Other,Beverages,3.5,5000,8000,6000,2002-04-02,6000.0,0.0,0.0,1.0,6000.0,8000.0,8000.0,
Tripura,Sepahijala,Bishalgarh,Other,Beverages,0.02,5000,8000,6000,2002-04-03,6000.0,0.0,0.0,1.0,6000.0,8000.0,8000.0,
Tripura,Sepahijala,Bishalgarh,Other,Beverages,0.03,5000,8000,6000,2002-04-04,6000.0,0.0,0.0,1.0,6000.0,7000.0,8000.0,
Tripura,Sepahijala,Bishalgarh,Other,Beverages,0.02,8000,11000,10000,2002-05-27,10000.0,0.0,0.0,1.0,6000.0,6000.0,8000.0,
Tripura,Sepahijala,Bishalgarh,Other,Beverages,0.01,7000,11000,10000,2002-05-28,9000.0,-0.1,-0.1053605156578262,1.0,10000.0,6000.0,8000.0,
Tripura,Sepahijala,Bishalgarh,Other,Beverages,0.02,6000,10000,9000,2002-05-29,10000.0,0.1111111111111111,0.1053605156578263,2.0,10000.0,8000.0,7000.0,8000.0
Tripura,Sepahijala,Bishalgarh,Other,Beverages,0.02,7000,11000,10000,2002-05-31,10000.0,0.0,0.0,1.0,9000.0,6000.0,7000.0,8000.0
Tripura,Sepahijala,Bishalgarh,Other,Beverages,0.04,6000,11000,10000,2002-06-01,10000.0,0.0,0.0,2.0,10000.0,6000.0,8000.0,7000.0
Tripura,Sepahijala,Bishalgarh,Other,Beverages,0.02,6000,11000,10000,2002-06-03,10000.0,0.0,0.0,1.0,10000.0,6000.0,8000.0,7000.0
Tripura,Sepahijala,Bishalgarh,Other,Beverages,0.03,7000,11000,10000,2002-06-04,10000.0,0.0,0.0,1.0,10000.0,6000.0,7000.0,7000.0
Tripura,Sepahijala,Bishalgarh,Other,Beverages,0.03,7000,11000,10000,2002-06-05,10000.0,0.0,0.0,1.0,10000.0,10000.0,6000.0,6000.0
Tripura,Sepahijala,Bishalgarh,Other,Beverages,0.02,6000,11000,10000,2002-06-06,10000.0,0.0,0.0,1.0,10000.0,10000.0,6000.0,6000.0
Tripura,Sepahijala,Bishalgarh,Other,Beverages,0.03,6000,11000,10000,2002-06-07,8000.0,-0.2,-0.2231435513142097,3.0,10000.0,9000.0,8000.0,8000.0
Tripura,Sepahijala,Bishalgarh,Other,Beverages,0.02,4000,10000,8000,2002-06-10,8000.0,0.0,0.0,1.0,10000.0,10000.0,6000.0,7000.0
Tripura,Sepahijala,Bishalgarh,Other,Beverages,0.03,5000,9000,8000,2002-06-11,8000.0,0.0,0.0,1.0,8000.0,10000.0,6000.0,7000.0
Tripura,Sepahijala,Bishalgarh,Other,Beverages,0.03,5000,9000,8000,2002-06-12,8000.0,0.0,0.0,1.0,8000.0,10000.0,6000.0,6000.0
Tripura,Sepahijala,Bishalgarh,Other,Beverages,0.01,5000,10000,8000,2002-06-13,8000.0,0.0,0.0,1.0,8000.0,10000.0,6000.0,8000.0
Tripura,Sepahijala,Bishalgarh,Other,Beverages,0.02,5000,9000,8000,2002-06-14,8000.0,0.0,0.0,1.0,8000.0,10000.0,10000.0,8000.0
Tripura,Sepahijala,Bishalgarh,Other,Beverages,0.04,6000,10000,8000,2002-06-15,8000.0,0.0,0.0,2.0,8000.0,10000.0,10000.0,8000.0
Tripura,Sepahijala,Bishalgarh,Other,Beverages,0.02,5000,10000,8000,2002-06-17,8000.0,0.0,0.0,1.0,8000.0,10000.0,9000.0,8000.0
Tripura,Sepahijala,Bishalgarh,Other,Beverages,0.03,6000,10000,8000,2002-06-18,8000.0,0.0,0.0,1.0,8000.0,8000.0,10000.0,8000.0
Tripura,Sepahijala,Bishalgarh,Other,Beverages,0.03,6000,10000,8000,2002-06-19,8000.0,0.0,0.0,1.0,8000.0,8000.0,10000.0,7000.0
Tripura,Sepahijala,Bishalgarh,Other,Beverages,0.02,6000,10000,8000,2002-06-20,8000.0,0.0,0.0,1.0,8000.0,8000.0,10000.0,7000.0
Tripura,Sepahijala,Bishalgarh,Other,Beverages,0.03,5000,10000,8000,2002-06-21,10000.0,0.25,0.2231435513142097,1.0,8000.0,8000.0,10000.0,8000.0
Tripura,Sepahijala,Bishalgarh,Other,Beverages,0.03,6000,11000,10000,2002-06-22,8000.0,-0.2,-0.2231435513142097,2.0,8000.0,8000.0,10000.0,8000.0
Tripura,Sepahijala,Bishalgarh,Other,Beverages,0.02,6000,9000,8000,2002-06-24,8000.0,0.0,0.0,1.0,10000.0,8000.0,10000.0,7000.0
Tripura,Sepahijala,Bishalgarh,Other,Beverages,0.03,6000,9000,8000,2002-06-25,7000.0,-0.125,-0.1335313926245226,3.0,8000.0,8000.0,10000.0,6000.0
Tripura,Sepahijala,Bishalgarh,Other,Beverages,0.03,5000,8000,7000,2002-06-28,7000.0,0.0,0.0,1.0,8000.0,8000.0,8000.0,6000.0
Tripura,Sepahijala,Bishalgarh,Other,Beverages,0.04,5000,8000,7000,2002-06-29,7000.0,0.0,0.0,2.0,7000.0,8000.0,8000.0,8000.0
Tripura,Sepahijala,Bishalgarh,Other,Beverages,0.03,5000,8000,7000,2002-07-01,7000.0,0.0,0.0,1.0,7000.0,8000.0,8000.0,6000.0
Tripura,Sepahijala,Bishalgarh,Other,Beverages,0.04,5000,9000,7000,2002-07-02,7000.0,0.0,0.0,1.0,7000.0,8000.0,8000.0,6000.0
Tripura,Sepahijala,Bishalgarh,Other,Beverages,0.04,5000,9000,7000,2002-07-03,8000.0,0.1428571428571428,0.1335313926245225,1.0,7000.0,10000.0,8000.0,6000.0
Tripura,Sepahijala,Bishalgarh,Other,Beverages,0.03,5000,10000,8000,2002-07-04,8000.0,0.0,0.0,1.0,7000.0,8000.0,8000.0,6000.0
Tripura,Sepahijala,Bishalgarh,Other,Beverages,0.04,5000,10000,8000,2002-07-05,7000.0,-0.125,-0.1335313926245226,1.0,8000.0,8000.0,8000.0,10000.0
Tripura,Sepahijala,Bishalgarh,Other,Beverages,0.05,5000,9000,7000,2002-07-06,7000.0,0.0,0.0,2.0,8000.0,7000.0,8000.0,10000.0
Tripura,Sepahijala,Bishalgarh,Other,Beverages,0.02,5000,9000,7000,2002-07-08,8000.0,0.1428571428571428,0.1335313926245225,1.0,7000.0,7000.0,8000.0,9000.0
Tripura,Sepahijala,Bishalgarh,Other,Beverages,0.02,5000,9000,8000,2002-07-09,8000.0,0.0,0.0,1.0,7000.0,7000.0,8000.0,10000.0
Tripura,Sepahijala,Bishalgarh,Other,Beverages,0.03,5000,9000,8000,2002-07-10,7000.0,-0.125,-0.1335313926245226,1.0,8000.0,7000.0,8000.0,10000.0
Tripura,Sepahijala,Bishalgarh,Other,Beverages,0.02,5000,8000,7000,2002-07-11,7000.0,0.0,0.0,1.0,8000.0,7000.0,10000.0,10000.0
Tripura,Sepahijala,Bishalgarh,Other,Beverages,0.02,5000,9000,7000,2002-07-12,8000.0,0.1428571428571428,0.1335313926245225,3.0,7000.0,8000.0,8000.0,10000.0
Tripura,Sepahijala,Bishalgarh,Other,Beverages,0.03,6000,10000,8000,2002-07-15,7000.0,-0.125,-0.1335313926245226,1.0,7000.0,8000.0,8000.0,10000.0
Tripura,Sepahijala,Bishalgarh,Other,Beverages,0.02,5000,9000,7000,2002-07-16,7000.0,0.0,0.0,2.0,8000.0,7000.0,7000.0,10000.0
Tripura,Sepahijala,Bishalgarh,Other,Beverages,0.02,4500,8000,7000,2002-07-18,7000.0,0.0,0.0,1.0,7000.0,7000.0,7000.0,10000.0
Tripura,Sepahijala,Bishalgarh,Other,Beverages,0.03,5000,8000,7000,2002-07-19,7000.0,0.0,0.0,1.0,7000.0,8000.0,7000.0,8000.0
Tripura,Sepahijala,Bishalgarh,Other,Beverages,0.04,4500,8000,7000,2002-07-20,7000.0,0.0,0.0,2.0,7000.0,8000.0,7000.0,8000.0
Tripura,Sepahijala,Bishalgarh,Other,Beverages,0.02,4500,8000,7000,2002-07-22,7000.0,0.0,0.0,1.0,7000.0,7000.0,7000.0,8000.0
Tripura,Sepahijala,Bishalgarh,Other,Beverages,0.01,4500,8000,7000,2002-07-23,8000.0,0.1428571428571428,0.1335313926245225,1.0,7000.0,7000.0,8000.0,8000.0
Tripura,Sepahijala,Bishalgarh,Other,Beverages,0.01,5000,10000,8000,2002-07-24,7000.0,-0.125,-0.1335313926245226,1.0,7000.0,8000.0,8000.0,8000.0
Tripura,Sepahijala,Bishalgarh,Other,Beverages,0.02,5000,9000,7000,2002-07-25,7000.0,0.0,0.0,1.0,8000.0,7000.0,7000.0,8000.0
Tripura,Sepahijala,Bishalgarh,Other,Beverages,0.03,5000,8000,7000,2002-07-26,8000.0,0.1428571428571428,0.1335313926245225,1.0,7000.0,7000.0,7000.0,8000.0
Tripura,Sepahijala,Bishalgarh,Other,Beverages,0.04,5000,9000,8000,2002-07-27,8000.0,0.0,0.0,2.0,7000.0,7000.0,8000.0,8000.0
Tripura,Sepahijala,Bishalgarh,Other,Beverages,0.02,5000,9000,8000,2002-07-29,8000.0,0.0,0.0,1.0,8000.0,7000.0,8000.0,8000.0
Tripura,Sepahijala,Bishalgarh,Other,Beverages,0.03,5000,9000,8000,2002-07-30,8000.0,0.0,0.0,1.0,8000.0,7000.0,7000.0,8000.0
Tripura,Sepahijala,Bishalgarh,Other,Beverages,0.02,5000,9000,8000,2002-07-31,8000.0,0.0,0.0,1.0,8000.0,7000.0,7000.0,8000.0
Tripura,Sepahijala,Bishalgarh,Other,Beverages,0.03,5000,9000,8000,2002-08-01,9000.0,0.125,0.1177830356563834,1.0,8000.0,8000.0,8000.0,10000.0
Tripura,Sepahijala,Bishalgarh,Other,Beverages,0.04,5000,10000,9000,2002-08-02,8000.0,-0.1111111111111111,-0.1177830356563835,3.0,8000.0,7000.0,7000.0,8000.0
Tripura,Sepahijala,Bishalgarh,Other,Beverages,0.03,5000,9000,8000,2002-08-05,8000.0,0.0,0.0,2.0,9000.0,7000.0,7000.0,8000.0
Tripura,Sepahijala,Bishalgarh,Other,Beverages,0.02,6000,9000,8000,2002-08-07,8000.0,0.0,0.0,1.0,8000.0,8000.0,7000.0,7000.0
Tripura,Sepahijala,Bishalgarh,Other,Beverages,0.01,6000,9000,8000,2002-08-08,8000.0,0.0,0.0,1.0,8000.0,8000.0,7000.0,7000.0
Tripura,Sepahijala,Bishalgarh,Other,Beverages,0.03,6000,9000,8000,2002-08-09,9000.0,0.125,0.1177830356563834,3.0,8000.0,8000.0,7000.0,7000.0
Tripura,Sepahijala,Bishalgarh,Other,Beverages,0.02,5000,10000,9000,2002-08-12,10000.0,0.1111111111111111,0.1053605156578263,1.0,8000.0,8000.0,7000.0,7000.0
Tripura,Sepahijala,Bishalgarh,Other,Beverages,0.03,5000,11000,10000,2002-08-13,7000.0,-0.3,-0.3566749439387324,4.0,9000.0,8000.0,8000.0,7000.0
Tripura,Sepahijala,Bishalgarh,Other,Beverages,0.03,5000,9000,7000,2002-08-17,8000.0,0.1428571428571428,0.1335313926245225,2.0,10000.0,9000.0,7000.0,8000.0
Tripura,Sepahijala,Bishalgarh,Other,Beverages,0.02,5000,9000,8000,2002-08-19,8000.0,0.0,0.0,1.0,7000.0,8000.0,7000.0,8000.0
Tripura,Sepahijala,Bishalgarh,Other,Beverages,0.03,5000,9000,8000,2002-08-20,7000.0,-0.125,-0.1335313926245226,2.0,8000.0,8000.0,8000.0,7000.0
Tripura,Sepahijala,Bishalgarh,Other,Beverages,0.02,4500,8000,7000,2002-08-22,7000.0,0.0,0.0,1.0,8000.0,8000.0,8000.0,7000.0
Tripura,Sepahijala,Bishalgarh,Other,Beverages,0.02,5000,8000,7000,2002-08-23,7000.0,0.0,0.0,1.0,7000.0,8000.0,8000.0,8000.0
Tripura,Sepahijala,Bishalgarh,Other,Beverages,0.04,5000,9000,7000,2002-08-24,7000.0,0.0,0.0,3.0,7000.0,9000.0,8000.0,8000.0
Tripura,Sepahijala,Bishalgarh,Other,Beverages,0.03,5000,9000,7000,2002-08-27,7000.0,0.0,0.0,1.0,7000.0,10000.0,8000.0,7000.0
Tripura,Sepahijala,Bishalgarh,Other,Beverages,0.03,5000,9000,7000,2002-08-28,8000.0,0.1428571428571428,0.1335313926245225,1.0,7000.0,7000.0,9000.0,7000.0
Tripura,Sepahijala,Bishalgarh,Other,Beverages,0.02,5000,9000,8000,2002-08-29,7000.0,-0.125,-0.1335313926245226,4.0,7000.0,8000.0,8000.0,8000.0
Tripura,Sepahijala,Bishalgarh,Other,Beverages,0.03,5000,8000,7000,2002-09-02,8000.0,0.1428571428571428,0.1335313926245225,1.0,8000.0,8000.0,8000.0,7000.0
Tripura,Sepahijala,Bishalgarh,Other,Beverages,0.02,5000,9000,8000,2002-09-03,7000.0,-0.125,-0.1335313926245226,1.0,7000.0,7000.0,8000.0,7000.0
Tripura,Sepahijala,Bishalgarh,Other,Beverages,0.03,5000,8000,7000,2002-09-04,8000.0,0.1428571428571428,0.1335313926245225,1.0,8000.0,7000.0,8000.0,7000.0
Tripura,Sepahijala,Bishalgarh,Other,Beverages,0.02,5000,9000,8000,2002-09-05,8000.0,0.0,0.0,1.0,7000.0,7000.0,9000.0,7000.0
Tripura,Sepahijala,Bishalgarh,Other,Beverages,0.03,5000,9000,8000,2002-09-06,9000.0,0.125,0.1177830356563834,1.0,8000.0,7000.0,10000.0,7000.0
Tripura,Sepahijala,Bishalgarh,Other,Beverages,0.04,5000,10000,9000,2002-09-07,7000.0,-0.2222222222222222,-0.251314428280906,2.0,8000.0,7000.0,7000.0,7000.0
Tripura,Sepahijala,Bishalgarh,Other,Beverages,0.02,5000,8000,7000,2002-09-09,7000.0,0.0,0.0,1.0,9000.0,8000.0,8000.0,8000.0
Tripura,Sepahijala,Bishalgarh,Other,Beverages,0.03,5000,8000,7000,2002-09-10,10000.0,0.4285714285714285,0.3566749439387324,1.0,7000.0,7000.0,8000.0,7000.0
Tripura,Sepahijala,Bishalgarh,Other,Beverages,0.01,6000,11000,10000,2002-09-11,8000.0,-0.2,-0.2231435513142097,1.0,7000.0,8000.0,7000.0,7000.0
Tripura,Sepahijala,Bishalgarh,Other,Beverages,0.02,5000,10000,8000,2002-09-12,9000.0,0.125,0.1177830356563834,1.0,10000.0,7000.0,7000.0,8000.0
Tripura,Sepahijala,Bishalgarh,Other,Beverages,0.03,5000,10000,9000,2002-09-13,7000.0,-0.2222222222222222,-0.251314428280906,3.0,8000.0,8000.0,7000.0,8000.0
Tripura,Sepahijala,Bishalgarh,Other,Beverages,0.02,5000,9000,7000,2002-09-16,9000.0,0.2857142857142857,0.2513144282809061,1.0,9000.0,8000.0,7000.0,8000.0
Tripura,Sepahijala,Bishalgarh,Other,Beverages,0.01,5000,10000,9000,2002-09-17,9000.0,0.0,0.0,1.0,7000.0,9000.0,7000.0,8000.0
Tripura,Sepahijala,Bishalgarh,Other,Beverages,0.02,6000,10000,9000,2002-09-18,9000.0,0.0,0.0,3.0,9000.0,7000.0,8000.0,8000.0
Tripura,Sepahijala,Bishalgarh,Other,Beverages,0.04,5000,14000,9000,2002-09-21,9000.0,0.0,0.0,2.0,9000.0,7000.0,7000.0,9000.0
Tripura,Sepahijala,Bishalgarh,Other,Beverages,0.02,6000,10000,9000,2002-09-23,9000.0,0.0,0.0,1.0,9000.0,10000.0,8000.0,8000.0
Tripura,Sepahijala,Bishalgarh,Other,Beverages,0.02,5000,10000,9000,2002-09-24,9000.0,0.0,0.0,1.0,9000.0,8000.0,7000.0,8000.0
Tripura,Sepahijala,Bishalgarh,Other,Beverages,0.02,5000,10000,9000,2002-09-25,8000.0,-0.1111111111111111,-0.1177830356563835,1.0,9000.0,9000.0,8000.0,8000.0
Tripura,Sepahijala,Bishalgarh,Other,Beverages,0.02,5000,10000,8000,2002-09-26,9000.0,0.125,0.1177830356563834,1.0,9000.0,7000.0,8000.0,8000.0
Tripura,Sepahijala,Bishalgarh,Other,Beverages,0.02,6000,10000,9000,2002-09-27,9000.0,0.0,0.0,3.0,8000.0,9000.0,9000.0,9000.0
Tripura,Sepahijala,Bishalgarh,Other,Beverages,0.02,5000,10000,9000,2002-09-30,7000.0,-0.2222222222222222,-0.251314428280906,1.0,9000.0,9000.0,7000.0,10000.0
Tripura,Sepahijala,Bishalgarh,Other,Beverages,0.02,5000,8000,7000,2002-10-01,7000.0,0.0,0.0,2.0,9000.0,9000.0,7000.0,7000.0
Tripura,Sepahijala,Bishalgarh,Other,Beverages,0.02,5000,9000,7000,2002-10-03,9000.0,0.2857142857142857,0.2513144282809061,1.0,7000.0,9000.0,10000.0,8000.0
Tripura,Sepahijala,Bishalgarh,Other,Beverages,0.02,6000,10000,9000,2002-10-04,8000.0,-0.1111111111111111,-0.1177830356563835,1.0,7000.0,9000.0,8000.0,8000.0
Tripura,Sepahijala,Bishalgarh,Other,Beverages,0.03,6000,9000,8000,2002-10-05,9000.0,0.125,0.1177830356563834,2.0,9000.0,9000.0,9000.0,7000.0
Tripura,Sepahijala,Bishalgarh,Other,Beverages,0.02,6000,10000,9000,2002-10-07,8000.0,-0.1111111111111111,-0.1177830356563835,3.0,8000.0,8000.0,7000.0,7000.0
Tripura,Sepahijala,Bishalgarh,Other,Beverages,0.01,5000,9000,8000,2002-10-10,9000.0,0.125,0.1177830356563834,1.0,9000.0,9000.0,9000.0,7000.0
Tripura,Sepahijala,Bishalgarh,Other,Beverages,0.01,6000,11000,10000,2002-10-21,10000.0,0.0,0.0,1.0,8000.0,9000.0,9000.0,7000.0
Tripura,Sepahijala,Bishalgarh,Other,Beverages,0.02,6000,11000,10000,2002-10-22,10000.0,0.0,0.0,1.0,10000.0,7000.0,9000.0,7000.0
Tripura,Sepahijala,Bishalgarh,Other,Beverages,0.02,6000,11000,10000,2002-10-23,9000.0,-0.1,-0.1053605156578262,1.0,10000.0,7000.0,9000.0,8000.0
Tripura,Sepahijala,Bishalgarh,Other,Beverages,0.02,6000,10000,9000,2002-10-24,10000.0,0.1111111111111111,0.1053605156578263,1.0,10000.0,9000.0,9000.0,7000.0
Tripura,Sepahijala,Bishalgarh,Other,Beverages,0.01,6000,11000,10000,2002-10-25,10000.0,0.0,0.0,1.0,9000.0,8000.0,9000.0,8000.0
Tripura,Sepahijala,Bishalgarh,Other,Beverages,0.03,6000,11000,10000,2002-10-26,8000.0,-0.2,-0.2231435513142097,2.0,10000.0,9000.0,8000.0,7000.0
Tripura,Sepahijala,Bishalgarh,Other,Beverages,0.02,5000,9000,8000,2002-10-28,9000.0,0.125,0.1177830356563834,1.0,10000.0,8000.0,9000.0,8000.0
Tripura,Sepahijala,Bishalgarh,Other,Beverages,0.02,6000,10000,9000,2002-10-29,9000.0,0.0,0.0,1.0,8000.0,10000.0,9000.0,8000.0
Tripura,Sepahijala,Bishalgarh,Other,Beverages,0.02,6000,10000,9000,2002-10-30,10000.0,0.1111111111111111,0.1053605156578263,1.0,9000.0,10000.0,7000.0,9000.0
Tripura,Sepahijala,Bishalgarh,Other,Beverages,0.02,6000,11000,10000,2002-10-31,10000.0,0.0,0.0,2.0,9000.0,10000.0,7000.0,7000.0
Tripura,Sepahijala,Bishalgarh,Other,Beverages,0.03,6000,11000,10000,2002-11-02,10000.0,0.0,0.0,3.0,10000.0,9000.0,9000.0,7000.0
Tripura,Sepahijala,Bishalgarh,Other,Beverages,0.01,5000,11000,10000,2002-11-05,10000.0,0.0,0.0,1.0,10000.0,10000.0,8000.0,10000.0
Tripura,Sepahijala,Bishalgarh,Other,Beverages,0.02,5000,11000,10000,2002-11-06,10000.0,0.0,0.0,1.0,10000.0,10000.0,9000.0,8000.0
Tripura,Sepahijala,Bishalgarh,Other,Beverages,0.01,6000,11000,10000,2002-11-07,10000.0,0.0,0.0,4.0,10000.0,8000.0,8000.0,9000.0
Jharkhand,Dhanbad,Dhanbad,Other,Beverages,1.5,12000,14000,13000,2009-03-17,13000.0,0.0,0.0,1.0,,,,
Jharkhand,Dhanbad,Dhanbad,Other,Beverages,1.0,13000,14000,13500,2009-03-29,13500.0,0.0,0.0,1.0,13000.0,,,
Jharkhand,Dhanbad,Dhanbad,Other,Beverages,1.0,12000,15000,13500,2009-03-30,13500.0,0.0,0.0,1.0,13500.0,,,
Jharkhand,Dhanbad,Dhanbad,Other,Beverages,1.0,12000,14500,13500,2009-03-31,13500.0,0.0,0.0,1.0,13500.0,,,
Jharkhand,Dhanbad,Dhanbad,Other,Beverages,1.0,13000,15000,14000,2009-05-10,14000.0,0.0,0.0,5.0,13500.0,,,
Jharkhand,Dhanbad,Dhanbad,Other,Beverages,0.1,13000,14500,14000,2009-05-15,14000.0,0.0,0.0,3.0,14000.0,,,
Jharkhand,Dhanbad,Dhanbad,Other,Beverages,0.5,13500,14500,14000,2009-05-18,14500.0,0.0357142857142857,0.0350913198112701,2.0,14000.0,,,
Jharkhand,Dhanbad,Dhanbad,Other,Beverages,0.5,13000,15000,14500,2009-05-20,14000.0,-0.0344827586206896,-0.03509131981127,4.0,14000.0,13000.0,,
Jharkhand,Dhanbad,Dhanbad,Other,Beverages,0.5,13500,14500,14000,2009-05-24,14000.0,0.0,0.0,2.0,14500.0,13500.0,,
Jharkhand,Dhanbad,Dhanbad,Other,Beverages,0.5,13500,14500,14000,2009-05-26,14000.0,0.0,0.0,5.0,14000.0,13500.0,,
Jharkhand,Dhanbad,Dhanbad,Other,Beverages,0.5,12000,15000,14000,2009-06-30,14000.0,0.0,0.0,7.0,14000.0,13500.0,,
Jharkhand,Dhanbad,Dhanbad,Other,Beverages,1.0,12000,16000,14000,2009-07-07,16000.0,0.1428571428571428,0.1335313926245225,4.0,14000.0,14000.0,,
Jharkhand,Dhanbad,Dhanbad,Other,Beverages,1.0,14000,18000,16000,2009-07-11,13500.0,-0.15625,-0.1698990367953974,3.0,14000.0,14000.0,,
Jharkhand,Dhanbad,Dhanbad,Other,Beverages,1.0,13000,14000,13500,2009-07-14,13500.0,0.0,0.0,1.0,16000.0,14000.0,,
Jharkhand,Dhanbad,Dhanbad,Other,Beverages,1.0,13000,14000,13500,2009-07-15,15000.0,0.1111111111111111,0.1053605156578263,6.0,13500.0,14500.0,13000.0,
Jharkhand,Dhanbad,Dhanbad,Other,Beverages,1.0,13000,18000,15000,2009-07-21,15000.0,0.0,0.0,1.0,13500.0,14000.0,13500.0,
Jharkhand,Dhanbad,Dhanbad,Other,Beverages,0.5,13000,18000,15000,2009-07-22,15000.0,0.0,0.0,4.0,15000.0,14000.0,13500.0,
Jharkhand,Dhanbad,Dhanbad,Other,Beverages,1.0,13000,15000,14500,2009-08-05,15000.0,0.0344827586206896,0.0339015516756814,6.0,15000.0,14000.0,13500.0,
Jharkhand,Dhanbad,Dhanbad,Other,Beverages,0.3,13000,18000,15000,2009-08-11,15000.0,0.0,0.0,3.0,14500.0,14000.0,14000.0,
Jharkhand,Dhanbad,Dhanbad,Other,Beverages,0.1,13000,18000,15000,2009-08-14,15000.0,0.0,0.0,7.0,15000.0,16000.0,14000.0,
Jharkhand,Dhanbad,Dhanbad,Other,Beverages,1.0,14000,18000,15000,2009-08-21,15000.0,0.0,0.0,4.0,15000.0,13500.0,14000.0,
Jharkhand,Dhanbad,Dhanbad,Other,Beverages,0.5,13500,18000,15000,2009-09-06,16000.0,0.0666666666666666,0.0645385211375711,3.0,15000.0,13500.0,14500.0,
Jharkhand,Dhanbad,Dhanbad,Other,Beverages,0.5,13000,18000,16000,2009-09-09,16000.0,0.0,0.0,6.0,15000.0,15000.0,14000.0,
Jharkhand,Dhanbad,Dhanbad,Other,Beverages,1.0,13000,18000,16000,2009-09-15,16000.0,0.0,0.0,1.0,16000.0,15000.0,14000.0,
Jharkhand,Dhanbad,Dhanbad,Other,Beverages,1.0,13000,18000,16000,2009-09-16,16000.0,0.0,0.0,2.0,16000.0,14500.0,14000.0,
Jharkhand,Dhanbad,Dhanbad,Other,Beverages,1.0,13000,18000,16000,2009-09-18,16000.0,0.0,0.0,4.0,16000.0,15000.0,14000.0,
Jharkhand,Dhanbad,Dhanbad,Other,Beverages,0.5,13000,18000,16000,2009-09-22,15000.0,-0.0625,-0.0645385211375711,1.0,16000.0,15000.0,16000.0,
Jharkhand,Dhanbad,Dhanbad,Other,Beverages,0.5,13000,18000,15500,2009-10-02,16500.0,0.064516129032258,0.0625203569813339,1.0,16000.0,15000.0,13500.0,
Jharkhand,Dhanbad,Dhanbad,Other,Beverages,0.5,13500,18000,16500,2009-10-03,16500.0,0.0,0.0,1.0,15500.0,15000.0,13500.0,
Jharkhand,Dhanbad,Dhanbad,Other,Beverages,0.1,13500,18000,16500,2009-10-04,19000.0,0.1515151515151515,0.1410785982599056,5.0,16500.0,16000.0,15000.0,
Jharkhand,Dhanbad,Dhanbad,Other,Beverages,1.0,13000,19000,19000,2009-10-09,16000.0,-0.1578947368421052,-0.1718502569266592,4.0,16500.0,16000.0,15000.0,13000.0
Jharkhand,Dhanbad,Dhanbad,Other,Beverages,0.5,14000,18000,16000,2009-10-13,15000.0,-0.0625,-0.0645385211375711,3.0,19000.0,16000.0,14500.0,13500.0
Jharkhand,Dhanbad,Dhanbad,Other,Beverages,1.2,13000,18000,15000,2009-10-16,16000.0,0.0666666666666666,0.0645385211375711,1.0,16000.0,16000.0,15000.0,13500.0
Jharkhand,Dhanbad,Dhanbad,Other,Beverages,0.2,13000,18000,16000,2009-10-17,14000.0,-0.125,-0.1335313926245226,4.0,15000.0,16000.0,15000.0,13500.0
Jharkhand,Dhanbad,Dhanbad,Other,Beverages,0.5,13500,17500,14000,2009-10-21,14000.0,0.0,0.0,2.0,16000.0,15500.0,15000.0,14000.0
Jharkhand,Dhanbad,Dhanbad,Other,Beverages,0.1,13500,17500,14000,2009-10-23,16000.0,0.1428571428571428,0.1335313926245225,5.0,14000.0,16500.0,15000.0,14000.0
Jharkhand,Dhanbad,Dhanbad,Other,Beverages,1.0,13000,18000,16000,2009-10-28,16000.0,0.0,0.0,7.0,14000.0,16500.0,16000.0,14000.0
Jharkhand,Dhanbad,Dhanbad,Other,Beverages,1.4,13000,18000,16000,2009-11-04,16000.0,0.0,0.0,2.0,16000.0,19000.0,16000.0,14500.0
Jharkhand,Dhanbad,Dhanbad,Other,Beverages,10.6,14000,18000,16000,2009-11-06,17000.0,0.0625,0.0606246218164348,4.0,16000.0,16000.0,16000.0,14000.0
Jharkhand,Dhanbad,Dhanbad,Other,Beverages,0.1,14000,18000,17000,2009-11-10,16000.0,-0.0588235294117647,-0.0606246218164348,1.0,16000.0,15000.0,16000.0,14000.0
Jharkhand,Dhanbad,Dhanbad,Other,Beverages,0.1,14000,18000,16000,2009-11-11,16000.0,0.0,0.0,6.0,17000.0,16000.0,16000.0,14000.0
Jharkhand,Dhanbad,Dhanbad,Other,Beverages,0.1,14000,18000,16000,2009-11-17,16000.0,0.0,0.0,1.0,16000.0,14000.0,15500.0,14000.0
Jharkhand,Dhanbad,Dhanbad,Other,Beverages,0.2,14000,18000,16000,2009-11-18,16000.0,0.0,0.0,2.0,16000.0,14000.0,16500.0,16000.0
Jharkhand,Dhanbad,Dhanbad,Other,Beverages,0.5,14000,18000,16000,2009-11-20,16000.0,0.0,0.0,2.0,16000.0,16000.0,16500.0,13500.0
Jharkhand,Dhanbad,Dhanbad,Other,Beverages,0.1,14000,18000,16000,2009-11-22,16000.0,0.0,0.0,4.0,16000.0,16000.0,19000.0,13500.0
Jharkhand,Dhanbad,Dhanbad,Other,Beverages,0.1,14000,18000,16000,2009-11-26,16000.0,0.0,0.0,1.0,16000.0,16000.0,16000.0,15000.0
Jharkhand,Dhanbad,Dhanbad,Other,Beverages,0.1,14000,18000,16000,2009-11-27,16000.0,0.0,0.0,3.0,16000.0,17000.0,15000.0,15000.0
Jharkhand,Dhanbad,Dhanbad,Other,Beverages,0.2,14000,18000,16000,2009-11-30,16000.0,0.0,0.0,7.0,16000.0,16000.0,16000.0,14500.0
Jharkhand,Dhanbad,Dhanbad,Other,Beverages,0.1,14000,18000,16000,2009-12-07,16100.0,0.00625,0.0062305497506361,1.0,16000.0,16000.0,14000.0,15000.0
Jharkhand,Dhanbad,Dhanbad,Other,Beverages,1.0,14100,18000,16100,2009-12-08,16000.0,-0.0062111801242236,-0.006230549750636,3.0,16000.0,16000.0,14000.0,15000.0
Jharkhand,Dhanbad,Dhanbad,Other,Beverages,0.2,14000,18000,16000,2009-12-11,16000.0,0.0,0.0,6.0,16100.0,16000.0,16000.0,15000.0
Jharkhand,Dhanbad,Dhanbad,Other,Beverages,5.0,14000,18000,16000,2009-12-17,16000.0,0.0,0.0,1.0,16000.0,16000.0,16000.0,15000.0
Jharkhand,Dhanbad,Dhanbad,Other,Beverages,1.2,14500,18000,16000,2009-12-18,16000.0,0.0,0.0,4.0,16000.0,16000.0,16000.0,16000.0
Jharkhand,Dhanbad,Dhanbad,Other,Beverages,1.0,14000,18000,16000,2009-12-30,16000.0,0.0,0.0,3.0,16000.0,16000.0,17000.0,16000.0
Jharkhand,Dhanbad,Dhanbad,Other,Beverages,0.5,14000,18000,16000,2010-01-02,16000.0,0.0,0.0,4.0,16000.0,16000.0,16000.0,16000.0
Jharkhand,Dhanbad,Dhanbad,Other,Beverages,0.5,14000,18000,16000,2010-01-06,16000.0,0.0,0.0,4.0,16000.0,16000.0,16000.0,16000.0
Jharkhand,Dhanbad,Dhanbad,Other,Beverages,1.0,14000,18000,16000,2010-01-10,16000.0,0.0,0.0,2.0,16000.0,16100.0,16000.0,16000.0
Jharkhand,Dhanbad,Dhanbad,Other,Beverages,0.4,14000,18000,16000,2010-01-12,16000.0,0.0,0.0,1.0,16000.0,16000.0,16000.0,15500.0
Jharkhand,Dhanbad,Dhanbad,Other,Beverages,0.5,14000,18000,16000,2010-01-13,16000.0,0.0,0.0,3.0,16000.0,16000.0,16000.0,16500.0
Jharkhand,Dhanbad,Dhanbad,Other,Beverages,0.3,14000,18000,16000,2010-01-16,16000.0,0.0,0.0,3.0,16000.0,16000.0,16000.0,16500.0
Jharkhand,Dhanbad,Dhanbad,Other,Beverages,0.2,14000,18000,16000,2010-01-19,16500.0,0.03125,0.0307716586667536,6.0,16000.0,16000.0,16000.0,19000.0
Jharkhand,Dhanbad,Dhanbad,Other,Beverages,0.5,14000,18000,16500,2010-01-25,16000.0,-0.0303030303030303,-0.0307716586667536,6.0,16000.0,16000.0,16000.0,16000.0
Jharkhand,Dhanbad,Dhanbad,Other,Beverages,0.5,14500,18000,16000,2010-01-31,16000.0,0.0,0.0,2.0,16500.0,16000.0,16000.0,15000.0
Jharkhand,Dhanbad,Dhanbad,Other,Beverages,1.0,14000,18000,16000,2010-02-02,16500.0,0.03125,0.0307716586667536,1.0,16000.0,16000.0,16100.0,16000.0
Jharkhand,Dhanbad,Dhanbad,Other,Beverages,0.2,14000,18000,16500,2010-02-03,16500.0,0.0,0.0,2.0,16000.0,16000.0,16000.0,14000.0
Jharkhand,Dhanbad,Dhanbad,Other,Beverages,1.0,14500,18200,16500,2010-02-05,16000.0,-0.0303030303030303,-0.0307716586667536,2.0,16500.0,16000.0,16000.0,14000.0
Jharkhand,Dhanbad,Dhanbad,Other,Beverages,0.5,14500,18000,16000,2010-02-07,16500.0,0.03125,0.0307716586667536,5.0,16500.0,16000.0,16000.0,16000.0
Jharkhand,Dhanbad,Dhanbad,Other,Beverages,1.0,14500,18000,16500,2010-02-12,16500.0,0.0,0.0,4.0,16000.0,16000.0,16000.0,16000.0
Jharkhand,Dhanbad,Dhanbad,Other,Beverages,0.5,14000,18000,16500,2010-02-16,16500.0,0.0,0.0,3.0,16500.0,16500.0,16000.0,16000.0
Jharkhand,Dhanbad,Dhanbad,Other,Beverages,0.5,14500,18000,16500,2010-02-19,16500.0,0.0,0.0,2.0,16500.0,16000.0,16000.0,17000.0
Jharkhand,Dhanbad,Dhanbad,Other,Beverages,1.0,14500,18000,16500,2010-02-21,16500.0,0.0,0.0,5.0,16500.0,16000.0,16000.0,16000.0
Jharkhand,Dhanbad,Dhanbad,Other,Beverages,3.1,14500,18000,16500,2010-02-26,16000.0,-0.0303030303030303,-0.0307716586667536,1.0,16500.0,16500.0,16000.0,16000.0
Jharkhand,Dhanbad,Dhanbad,Other,Beverages,0.1,14000,18500,16000,2010-02-27,16000.0,0.0,0.0,1.0,16500.0,16500.0,16000.0,16000.0
Jharkhand,Dhanbad,Dhanbad,Other,Beverages,0.5,14500,18000,16500,2010-03-10,16500.0,0.0,0.0,2.0,16000.0,16000.0,16000.0,16000.0
Jharkhand,Dhanbad,Dhanbad,Other,Beverages,0.4,14500,18000,16500,2010-03-12,16000.0,-0.0303030303030303,-0.0307716586667536,2.0,16500.0,16500.0,16000.0,16000.0
Jharkhand,Dhanbad,Dhanbad,Other,Beverages,0.7,14500,18000,16000,2010-03-14,16000.0,0.0,0.0,2.0,16500.0,16500.0,16500.0,16000.0
Jharkhand,Dhanbad,Dhanbad,Other,Beverages,0.3,14500,18000,16000,2010-03-16,16500.0,0.03125,0.0307716586667536,1.0,16000.0,16500.0,16000.0,16000.0
Jharkhand,Dhanbad,Dhanbad,Other,Beverages,4.0,14500,18000,16500,2010-03-17,16000.0,-0.0303030303030303,-0.0307716586667536,2.0,16000.0,16500.0,16000.0,16000.0
Jharkhand,Dhanbad,Dhanbad,Other,Beverages,0.3,14000,18000,16000,2010-03-19,16500.0,0.03125,0.0307716586667536,4.0,16500.0,16500.0,16500.0,16000.0
Jharkhand,Dhanbad,Dhanbad,Other,Beverages,0.2,14500,18000,16500,2010-03-23,16500.0,0.0,0.0,1.0,16000.0,16000.0,16500.0,16100.0
Jharkhand,Dhanbad,Dhanbad,Other,Beverages,0.3,14500,18000,16500,2010-03-24,16000.0,-0.0303030303030303,-0.0307716586667536,4.0,16500.0,16500.0,16000.0,16000.0
Jharkhand,Dhanbad,Dhanbad,Other,Beverages,0.4,14500,18000,16000,2010-03-28,16500.0,0.03125,0.0307716586667536,2.0,16500.0,16500.0,16500.0,16000.0
Jharkhand,Dhanbad,Dhanbad,Other,Beverages,1.0,14500,18000,16500,2010-03-30,16500.0,0.0,0.0,1.0,16000.0,16000.0,16500.0,16000.0
Jharkhand,Dhanbad,Dhanbad,Other,Beverages,0.6,14500,18000,16500,2010-03-31,16500.0,0.0,0.0,2.0,16500.0,16000.0,16500.0,16000.0
Jharkhand,Dhanbad,Dhanbad,Other,Beverages,1.0,14000,18000,16500,2010-04-02,16500.0,0.0,0.0,5.0,16500.0,16500.0,16500.0,16000.0
Jharkhand,Dhanbad,Dhanbad,Other,Beverages,0.1,14500,18000,16500,2010-04-07,16500.0,0.0,0.0,2.0,16500.0,16000.0,16500.0,16000.0
Jharkhand,Dhanbad,Dhanbad,Other,Beverages,0.2,14500,18000,16500,2010-04-09,16500.0,0.0,0.0,1.0,16500.0,16500.0,16000.0,16000.0
Jharkhand,Dhanbad,Dhanbad,Other,Beverages,0.3,14500,18000,16500,2010-04-10,16500.0,0.0,0.0,1.0,16500.0,16500.0,16500.0,16000.0
Jharkhand,Dhanbad,Dhanbad,Other,Beverages,0.1,14500,18000,16500,2010-04-11,16500.0,0.0,0.0,2.0,16500.0,16000.0,16500.0,16000.0
Jharkhand,Dhanbad,Dhanbad,Other,Beverages,1.0,14500,18000,16500,2010-04-13,16000.0,-0.0303030303030303,-0.0307716586667536,7.0,16500.0,16500.0,16000.0,16000.0
Jharkhand,Dhanbad,Dhanbad,Other,Beverages,0.5,15000,18000,16000,2010-04-20,16500.0,0.03125,0.0307716586667536,5.0,16500.0,16500.0,16000.0,16000.0
Jharkhand,Dhanbad,Dhanbad,Other,Beverages,0.8,15000,18000,16500,2010-04-25,16500.0,0.0,0.0,5.0,16000.0,16500.0,16500.0,16500.0
Jharkhand,Dhanbad,Dhanbad,Other,Beverages,1.0,15000,18000,16500,2010-04-30,16500.0,0.0,0.0,1.0,16500.0,16500.0,16000.0,16000.0
Jharkhand,Dhanbad,Dhanbad,Other,Beverages,0.2,15000,18000,16500,2010-05-01,17000.0,0.0303030303030303,0.0298529631496811,6.0,16500.0,16500.0,16500.0,16000.0
Jharkhand,Dhanbad,Dhanbad,Other,Beverages,0.5,15000,18000,17000,2010-05-07,16500.0,-0.0294117647058823,-0.0298529631496811,3.0,16500.0,16500.0,16500.0,16500.0
Jharkhand,Dhanbad,Dhanbad,Other,Beverages,0.7,15500,18000,16500,2010-05-10,16500.0,0.0,0.0,1.0,17000.0,16500.0,16000.0,16500.0
Jharkhand,Dhanbad,Dhanbad,Other,Beverages,0.4,15500,18000,16500,2010-05-11,17000.0,0.0303030303030303,0.0298529631496811,1.0,16500.0,16500.0,16500.0,16000.0
Jharkhand,Dhanbad,Dhanbad,Other,Beverages,0.2,15500,18000,17000,2010-05-12,17500.0,0.0294117647058823,0.0289875368732521,2.0,16500.0,16000.0,16500.0,16500.0
Jharkhand,Dhanbad,Dhanbad,Other,Beverages,2.3,15000,18000,17500,2010-05-14,17500.0,0.0,0.0,2.0,17000.0,16500.0,16500.0,16500.0
Jharkhand,Dhanbad,Dhanbad,Other,Beverages,0.5,15000,18000,17500,2010-05-16,17000.0,-0.0285714285714285,-0.0289875368732522,6.0,17500.0,16500.0,16500.0,16500.0
Jharkhand,Dhanbad,Dhanbad,Other,Beverages,0.6,15000,18000,17000,2010-05-22,16500.0,-0.0294117647058823,-0.0298529631496811,6.0,17500.0,16500.0,16500.0,16500.0
Jharkhand,Dhanbad,Dhanbad,Other,Beverages,0.2,15000,18000,16500,2010-05-28,17500.0,0.0606060606060606,0.0588405000229333,5.0,17000.0,17000.0,16500.0,16500.0
Jharkhand,Dhanbad,Dhanbad,Other,Beverages,1.0,15000,18000,17500,2010-06-02,17500.0,0.0,0.0,2.0,16500.0,16500.0,16500.0,16000.0
Jharkhand,Dhanbad,Dhanbad,Other,Beverages,0.5,16000,18000,17500,2010-06-04,17000.0,-0.0285714285714285,-0.0289875368732522,5.0,17500.0,16500.0,16500.0,16500.0
Jharkhand,Dhanbad,Dhanbad,Other,Beverages,0.3,15000,18000,17000,2010-06-09,16500.0,-0.0294117647058823,-0.0298529631496811,6.0,17500.0,17000.0,16000.0,16500.0
Jharkhand,Dhanbad,Dhanbad,Other,Beverages,0.5,15000,18000,16500,2010-06-15,16500.0,0.0,0.0,3.0,17000.0,17500.0,16500.0,16000.0
Jharkhand,Dhanbad,Dhanbad,Other,Beverages,0.7,15000,18000,16500,2010-06-18,17500.0,0.0606060606060606,0.0588405000229333,7.0,16500.0,17500.0,16500.0,16000.0
Jharkhand,Dhanbad,Dhanbad,Other,Beverages,0.3,16000,18000,17500,2010-06-25,17000.0,-0.0285714285714285,-0.0289875368732522,4.0,16500.0,17000.0,16500.0,16500.0
Jharkhand,Dhanbad,Dhanbad,Other,Beverages,0.7,16000,19000,17000,2010-07-14,17000.0,0.0,0.0,3.0,17500.0,16500.0,17000.0,16000.0
Jharkhand,Dhanbad,Dhanbad,Other,Beverages,0.7,16000,19000,17000,2010-07-17,17500.0,0.0294117647058823,0.0289875368732521,2.0,17000.0,17500.0,16500.0,16500.0
Jharkhand,Dhanbad,Dhanbad,Other,Beverages,0.8,16000,19000,17500,2010-07-19,17500.0,0.0,0.0,2.0,17000.0,17500.0,16500.0,16500.0
Jharkhand,Dhanbad,Dhanbad,Other,Beverages,0.3,16000,19000,17500,2010-07-21,17000.0,-0.0285714285714285,-0.0289875368732522,4.0,17500.0,17000.0,17000.0,16000.0
Jharkhand,Dhanbad,Dhanbad,Other,Beverages,2.0,16000,19000,17000,2010-08-02,17000.0,0.0,0.0,1.0,17500.0,16500.0,17500.0,16500.0
Jharkhand,Dhanbad,Dhanbad,Other,Beverages,0.4,16000,19000,17000,2010-08-03,16500.0,-0.0294117647058823,-0.0298529631496811,7.0,17000.0,16500.0,17500.0,16500.0
Jharkhand,Dhanbad,Dhanbad,Other,Beverages,0.1,16000,19000,16500,2010-08-10,17000.0,0.0303030303030303,0.0298529631496811,1.0,17000.0,17500.0,17000.0,16500.0
Jharkhand,Dhanbad,Dhanbad,Other,Beverages,0.2,16000,19000,17000,2010-08-11,17000.0,0.0,0.0,2.0,16500.0,17000.0,16500.0,16500.0
Jharkhand,Dhanbad,Dhanbad,Other,Beverages,0.1,16000,19000,17000,2010-08-13,17000.0,0.0,0.0,3.0,17000.0,17000.0,17500.0,16500.0
Jharkhand,Dhanbad,Dhanbad,Other,Beverages,0.2,16000,19000,17000,2010-08-16,17000.0,0.0,0.0,2.0,17000.0,17500.0,17500.0,16500.0
Jharkhand,Dhanbad,Dhanbad,Other,Beverages,0.8,16000,19000,17000,2010-08-18,16500.0,-0.0294117647058823,-0.0298529631496811,2.0,17000.0,17500.0,17000.0,16500.0
Jharkhand,Dhanbad,Dhanbad,Other,Beverages,1.7,16000,19000,16500,2010-08-20,17000.0,0.0303030303030303,0.0298529631496811,3.0,17000.0,17000.0,16500.0,16500.0
Jharkhand,Dhanbad,Dhanbad,Other,Beverages,0.3,16000,19000,17000,2010-08-23,17000.0,0.0,0.0,2.0,16500.0,17000.0,16500.0,16000.0
Jharkhand,Dhanbad,Dhanbad,Other,Beverages,1.2,16000,19000,17000,2010-08-25,17000.0,0.0,0.0,4.0,17000.0,16500.0,17500.0,16500.0
Jharkhand,Dhanbad,Dhanbad,Other,Beverages,0.3,16000,19000,17000,2010-08-29,16500.0,-0.0294117647058823,-0.0298529631496811,3.0,17000.0,17000.0,17000.0,16500.0
Jharkhand,Dhanbad,Dhanbad,Other,Beverages,0.3,16000,19000,16500,2010-09-01,17000.0,0.0303030303030303,0.0298529631496811,2.0,17000.0,17000.0,17000.0,16500.0
Jharkhand,Dhanbad,Dhanbad,Other,Beverages,0.5,15000,19000,17000,2010-09-03,17000.0,0.0,0.0,5.0,16500.0,17000.0,17500.0,17000.0
Jharkhand,Dhanbad,Dhanbad,Other,Beverages,0.8,16000,19000,17000,2010-09-08,17000.0,0.0,0.0,2.0,17000.0,17000.0,17500.0,16500.0
Jharkhand,Dhanbad,Dhanbad,Other,Beverages,0.3,16000,19000,17000,2010-09-10,17000.0,0.0,0.0,1.0,17000.0,16500.0,17000.0,16500.0
Jharkhand,Dhanbad,Dhanbad,Other,Beverages,0.3,16000,19000,17000,2010-09-11,17000.0,0.0,0.0,1.0,17000.0,17000.0,17000.0,17000.0
Jharkhand,Dhanbad,Dhanbad,Other,Beverages,0.3,16000,19000,17000,2010-09-12,17000.0,0.0,0.0,5.0,17000.0,17000.0,16500.0,17500.0
Jharkhand,Dhanbad,Dhanbad,Other,Beverages,0.1,16000,19000,17000,2010-09-17,17000.0,0.0,0.0,2.0,17000.0,17000.0,17000.0,17500.0
Jharkhand,Dhanbad,Dhanbad,Other,Beverages,2.0,16000,19000,17000,2010-09-19,17000.0,0.0,0.0,1.0,17000.0,16500.0,17000.0,17000.0
Jharkhand,Dhanbad,Dhanbad,Other,Beverages,2.0,16000,19000,17000,2010-09-20,17000.0,0.0,0.0,4.0,17000.0,17000.0,17000.0,16500.0
Jharkhand,Dhanbad,Dhanbad,Other,Beverages,0.2,16000,19000,17000,2010-09-24,17500.0,0.0294117647058823,0.0289875368732521,2.0,17000.0,17000.0,17000.0,17500.0
Jharkhand,Dhanbad,Dhanbad,Other,Beverages,0.5,16000,19000,17500,2010-09-26,17500.0,0.0,0.0,2.0,17000.0,17000.0,16500.0,17500.0
Jharkhand,Dhanbad,Dhanbad,Other,Beverages,1.0,16000,18000,17000,2010-10-08,17000.0,0.0,0.0,2.0,17500.0,17000.0,17000.0,17000.0
Jharkhand,Dhanbad,Dhanbad,Other,Beverages,0.5,16000,18000,17000,2010-10-10,17000.0,0.0,0.0,4.0,17000.0,17000.0,17000.0,16500.0
Jharkhand,Dhanbad,Dhanbad,Other,Beverages,1.5,16000,18000,17000,2010-10-24,17000.0,0.0,0.0,3.0,17000.0,17000.0,17000.0,16500.0
Jharkhand,Dhanbad,Dhanbad,Other,Beverages,0.1,16000,18000,17000,2010-10-27,17000.0,0.0,0.0,2.0,17000.0,17000.0,16500.0,17500.0
Jharkhand,Dhanbad,Dhanbad,Other,Beverages,0.4,16000,18000,17000,2010-10-29,17000.0,0.0,0.0,1.0,17000.0,17000.0,17000.0,17000.0
Jharkhand,Dhanbad,Dhanbad,Other,Beverages,0.4,16000,18000,17000,2010-10-30,17000.0,0.0,0.0,2.0,17000.0,17000.0,17000.0,17000.0
Jharkhand,Dhanbad,Dhanbad,Other,Beverages,0.2,16000,18000,17000,2010-11-01,17000.0,0.0,0.0,2.0,17000.0,17500.0,17000.0,17500.0
Jharkhand,Dhanbad,Dhanbad,Other,Beverages,0.5,16000,18000,17000,2010-11-03,17000.0,0.0,0.0,1.0,17000.0,17000.0,17000.0,17500.0
Jharkhand,Dhanbad,Dhanbad,Other,Beverages,24.4,16000,18000,17000,2010-11-04,17000.0,0.0,0.0,3.0,17000.0,17000.0,17000.0,17000.0
Jharkhand,Dhanbad,Dhanbad,Other,Beverages,1.5,16000,18000,17000,2010-11-07,17000.0,0.0,0.0,2.0,17000.0,17000.0,17000.0,17000.0
Jharkhand,Dhanbad,Dhanbad,Other,Beverages,0.3,16000,18000,17000,2010-11-17,17000.0,0.0,0.0,4.0,17000.0,17000.0,17000.0,16500.0
Jharkhand,Dhanbad,Dhanbad,Other,Beverages,1.3,16000,18000,17000,2010-11-21,17000.0,0.0,0.0,2.0,17000.0,17000.0,17000.0,17000.0
Jharkhand,Dhanbad,Dhanbad,Other,Beverages,0.8,16000,18000,17000,2010-11-23,17000.0,0.0,0.0,5.0,17000.0,17000.0,17000.0,17000.0
Jharkhand,Dhanbad,Dhanbad,Other,Beverages,0.2,16000,19000,17000,2010-11-28,17000.0,0.0,0.0,3.0,17000.0,17000.0,17500.0,17000.0
Jharkhand,Dhanbad,Dhanbad,Other,Beverages,1.0,16000,19000,17000,2010-12-01,17000.0,0.0,0.0,2.0,17000.0,17000.0,17000.0,17000.0
Jharkhand,Dhanbad,Dhanbad,Other,Beverages,1.0,16000,19000,17000,2010-12-03,17000.0,0.0,0.0,1.0,17000.0,17000.0,17000.0,16500.0
Jharkhand,Dhanbad,Dhanbad,Other,Beverages,0.2,16000,19000,17000,2010-12-04,17500.0,0.0294117647058823,0.0289875368732521,1.0,17000.0,17000.0,17000.0,17000.0
Jharkhand,Dhanbad,Dhanbad,Other,Beverages,0.4,16000,19000,17500,2010-12-05,17000.0,-0.0285714285714285,-0.0289875368732522,3.0,17000.0,17000.0,17000.0,17000.0
Jharkhand,Dhanbad,Dhanbad,Other,Beverages,1.0,16000,18000,17000,2010-12-08,17000.0,0.0,0.0,2.0,17500.0,17000.0,17000.0,17000.0
Jharkhand,Dhanbad,Dhanbad,Other,Beverages,0.2,16000,18000,17000,2010-12-10,18000.0,0.0588235294117647,0.0571584138399486,2.0,17000.0,17000.0,17000.0,16500.0
Jharkhand,Dhanbad,Dhanbad,Other,Beverages,0.4,16000,19000,18000,2010-12-12,17000.0,-0.0555555555555555,-0.0571584138399486,2.0,17000.0,17000.0,17000.0,17000.0
Jharkhand,Dhanbad,Dhanbad,Other,Beverages,0.1,16000,19000,17000,2010-12-14,17500.0,0.0294117647058823,0.0289875368732521,1.0,18000.0,17000.0,17000.0,17000.0
Jharkhand,Dhanbad,Dhanbad,Other,Beverages,0.3,16000,18000,17500,2010-12-15,17500.0,0.0,0.0,2.0,17000.0,17000.0,17000.0,17000.0
Jharkhand,Dhanbad,Dhanbad,Other,Beverages,0.4,16000,18000,17500,2010-12-17,17000.0,-0.0285714285714285,-0.0289875368732522,1.0,17500.0,17000.0,17000.0,17000.0
Jharkhand,Dhanbad,Dhanbad,Other,Beverages,1.5,16000,18000,17000,2010-12-18,17500.0,0.0294117647058823,0.0289875368732521,6.0,17500.0,17500.0,17000.0,17000.0
Jharkhand,Dhanbad,Dhanbad,Other,Beverages,0.2,16000,18000,17500,2010-12-24,17000.0,-0.0285714285714285,-0.0289875368732522,1.0,17000.0,17000.0,17000.0,17000.0
Jharkhand,Dhanbad,Dhanbad,Other,Beverages,1.5,16000,18000,17000,2010-12-25,17000.0,0.0,0.0,1.0,17500.0,17000.0,17000.0,17000.0
Jharkhand,Dhanbad,Dhanbad,Other,Beverages,0.2,16000,18000,17000,2010-12-26,17500.0,0.0294117647058823,0.0289875368732521,2.0,17000.0,18000.0,17000.0,17000.0
Jharkhand,Dhanbad,Dhanbad,Other,Beverages,0.5,16000,18000,17500,2010-12-28,17500.0,0.0,0.0,3.0,17000.0,17000.0,17000.0,17000.0
Jharkhand,Dhanbad,Dhanbad,Other,Beverages,0.2,16000,18000,17500,2010-12-31,17500.0,0.0,0.0,3.0,17500.0,17500.0,17000.0,17500.0
Jharkhand,Dhanbad,Dhanbad,Other,Beverages,0.1,16600,18200,17500,2011-01-03,17500.0,0.0,0.0,5.0,17500.0,17500.0,17000.0,17000.0
Jharkhand,Dhanbad,Dhanbad,Other,Beverages,3.2,16600,18200,17500,2011-01-08,17500.0,0.0,0.0,1.0,17500.0,17000.0,17500.0,17000.0
Jharkhand,Dhanbad,Dhanbad,Other,Beverages,0.3,16600,18200,17500,2011-01-09,17500.0,0.0,0.0,1.0,17500.0,17500.0,17000.0,17000.0
Jharkhand,Dhanbad,Dhanbad,Other,Beverages,1.0,16600,18200,17500,2011-01-10,17500.0,0.0,0.0,2.0,17500.0,17000.0,17000.0,17000.0
Jharkhand,Dhanbad,Dhanbad,Other,Beverages,0.6,16600,18200,17500,2011-01-12,17500.0,0.0,0.0,2.0,17500.0,17000.0,18000.0,17000.0
Jharkhand,Dhanbad,Dhanbad,Other,Beverages,16.0,18000,21000,20000,2012-01-09,20000.0,0.0,0.0,1.0,17500.0,17500.0,17000.0,17000.0
Jharkhand,Dhanbad,Dhanbad,Other,Beverages,5.0,18000,21000,20000,2012-01-10,20000.0,0.0,0.0,1.0,20000.0,17500.0,17500.0,17000.0
Jharkhand,Dhanbad,Dhanbad,Other,Beverages,2.5,18000,21000,20000,2012-01-11,20000.0,0.0,0.0,1.0,20000.0,17500.0,17500.0,17000.0
Jharkhand,Dhanbad,Dhanbad,Other,Beverages,8.0,18000,21000,20000,2012-01-12,20000.0,0.0,0.0,1.0,20000.0,17500.0,17000.0,17000.0
Jharkhand,Dhanbad,Dhanbad,Other,Beverages,8.2,18000,21000,20000,2012-01-13,20000.0,0.0,0.0,1.0,20000.0,17500.0,17500.0,17000.0
Jharkhand,Dhanbad,Dhanbad,Other,Beverages,10.0,18000,21000,20000,2012-01-14,20000.0,0.0,0.0,2.0,20000.0,17500.0,17000.0,17000.0
Jharkhand,Dhanbad,Dhanbad,Other,Beverages,9.6,18000,21000,20000,2012-01-16,20000.0,0.0,0.0,4.0,20000.0,17500.0,17000.0,17000.0
Jharkhand,Dhanbad,Dhanbad,Other,Beverages,1.5,18000,21000,20000,2012-01-20,20000.0,0.0,0.0,4.0,20000.0,20000.0,17500.0,17000.0
Jharkhand,Dhanbad,Dhanbad,Other,Beverages,7.7,18000,21000,20000,2012-01-24,20000.0,0.0,0.0,3.0,20000.0,20000.0,17500.0,17000.0
Jharkhand,Dhanbad,Dhanbad,Other,Beverages,12.8,18000,21000,20000,2012-01-27,20000.0,0.0,0.0,1.0,20000.0,20000.0,17500.0,17000.0
Jharkhand,Dhanbad,Dhanbad,Other,Beverages,24.85,18000,21000,20000,2012-02-10,20000.0,0.0,0.0,2.0,20000.0,20000.0,17500.0,17000.0
Jharkhand,Dhanbad,Dhanbad,Other,Beverages,40.7,18000,21000,20000,2012-02-12,20000.0,0.0,0.0,5.0,20000.0,20000.0,17500.0,17000.0
Jharkhand,Dhanbad,Dhanbad,Other,Beverages,4.52,18000,21000,20000,2012-02-17,20000.0,0.0,0.0,1.0,20000.0,20000.0,17500.0,17500.0
Jharkhand,Dhanbad,Dhanbad,Other,Beverages,8.7,18000,21000,20000,2012-02-18,20000.0,0.0,0.0,2.0,20000.0,20000.0,17500.0,17000.0
Jharkhand,Dhanbad,Dhanbad,Other,Beverages,74.0,18000,21000,20000,2012-02-20,20000.0,0.0,0.0,1.0,20000.0,20000.0,20000.0,17000.0
Jharkhand,Dhanbad,Dhanbad,Other,Beverages,16.6,18000,21000,20000,2012-02-21,20000.0,0.0,0.0,1.0,20000.0,20000.0,20000.0,18000.0
Jharkhand,Dhanbad,Dhanbad,Other,Beverages,7.5,18000,21000,20000,2012-02-22,20000.0,0.0,0.0,5.0,20000.0,20000.0,20000.0,17000.0
Jharkhand,Dhanbad,Dhanbad,Other,Beverages,5.7,18000,21000,20000,2012-02-27,20000.0,0.0,0.0,5.0,20000.0,20000.0,20000.0,17500.0
Jharkhand,Dhanbad,Dhanbad,Other,Beverages,6.8,18000,21000,20000,2012-03-03,20000.0,0.0,0.0,1.0,20000.0,20000.0,20000.0,17500.0
Jharkhand,Dhanbad,Dhanbad,Other,Beverages,2.9,18000,21000,20000,2012-03-04,20000.0,0.0,0.0,1.0,20000.0,20000.0,20000.0,17000.0
Jharkhand,Dhanbad,Dhanbad,Other,Beverages,5.3,18000,21000,20000,2012-03-05,20000.0,0.0,0.0,5.0,20000.0,20000.0,20000.0,17500.0
Jharkhand,Dhanbad,Dhanbad,Other,Beverages,7.8,18000,21000,20000,2012-03-10,20000.0,0.0,0.0,2.0,20000.0,20000.0,20000.0,17000.0
Jharkhand,Dhanbad,Dhanbad,Other,Beverages,7.0,18000,21000,20000,2012-03-12,20000.0,0.0,0.0,5.0,20000.0,20000.0,20000.0,17000.0
Jharkhand,Dhanbad,Dhanbad,Other,Beverages,10.0,18000,21000,20000,2012-03-17,20000.0,0.0,0.0,6.0,20000.0,20000.0,20000.0,17500.0
Jharkhand,Dhanbad,Dhanbad,Other,Beverages,8.0,18000,21000,20000,2012-03-23,20000.0,0.0,0.0,2.0,20000.0,20000.0,20000.0,17500.0
Jharkhand,Dhanbad,Dhanbad,Other,Beverages,0.03,18000,21000,20000,2012-03-25,20000.0,0.0,0.0,1.0,20000.0,20000.0,20000.0,17500.0
Jharkhand,Dhanbad,Dhanbad,Other,Beverages,26.6,18000,21000,20000,2012-03-26,20000.0,0.0,0.0,4.0,20000.0,20000.0,20000.0,17500.0
Jharkhand,Dhanbad,Dhanbad,Other,Beverages,69.0,18000,21000,20000,2012-03-30,20000.0,0.0,0.0,4.0,20000.0,20000.0,20000.0,17500.0
Jharkhand,Dhanbad,Dhanbad,Other,Beverages,0.5,18000,21000,20000,2012-04-03,20000.0,0.0,0.0,1.0,20000.0,20000.0,20000.0,17500.0
Jharkhand,Dhanbad,Dhanbad,Other,Beverages,8.0,18000,21000,20000,2012-04-04,20000.0,0.0,0.0,2.0,20000.0,20000.0,20000.0,17500.0
Jharkhand,Dhanbad,Dhanbad,Other,Beverages,2.0,18000,21000,20000,2012-04-06,20000.0,0.0,0.0,3.0,20000.0,20000.0,20000.0,20000.0
Jharkhand,Dhanbad,Dhanbad,Other,Beverages,83.29,18000,21000,20000,2012-04-09,20000.0,0.0,0.0,2.0,20000.0,20000.0,20000.0,20000.0
Jharkhand,Dhanbad,Dhanbad,Other,Beverages,164.82,18000,21000,20000,2012-04-11,20000.0,0.0,0.0,2.0,20000.0,20000.0,20000.0,20000.0
Jharkhand,Dhanbad,Dhanbad,Other,Beverages,6.49,18000,21000,20000,2012-04-13,20000.0,0.0,0.0,2.0,20000.0,20000.0,20000.0,20000.0
Jharkhand,Dhanbad,Dhanbad,Other,Beverages,78.0,18000,21000,20000,2012-04-15,20000.0,0.0,0.0,1.0,20000.0,20000.0,20000.0,20000.0
Jharkhand,Dhanbad,Dhanbad,Other,Beverages,75.42,18000,21000,20000,2012-04-16,20000.0,0.0,0.0,2.0,20000.0,20000.0,20000.0,20000.0
Jharkhand,Dhanbad,Dhanbad,Other,Beverages,5.56,18000,21000,20000,2012-04-18,20000.0,0.0,0.0,6.0,20000.0,20000.0,20000.0,20000.0
Jharkhand,Dhanbad,Dhanbad,Other,Beverages,42.81,18000,21000,20000,2012-04-24,20000.0,0.0,0.0,6.0,20000.0,20000.0,20000.0,20000.0
Jharkhand,Dhanbad,Dhanbad,Other,Beverages,28.0,18000,21000,20000,2012-04-30,20000.0,0.0,0.0,4.0,20000.0,20000.0,20000.0,20000.0
Jharkhand,Dhanbad,Dhanbad,Other,Beverages,99.96,18000,21000,20000,2012-05-04,20000.0,0.0,0.0,3.0,20000.0,20000.0,20000.0,20000.0
Jharkhand,Dhanbad,Dhanbad,Other,Beverages,75.05,18000,21000,20000,2012-05-07,20000.0,0.0,0.0,7.0,20000.0,20000.0,20000.0,20000.0
Jharkhand,Dhanbad,Dhanbad,Other,Beverages,161.0,18000,21000,20000,2012-05-14,20000.0,0.0,0.0,2.0,20000.0,20000.0,20000.0,20000.0
Jharkhand,Dhanbad,Dhanbad,Other,Beverages,80.96,18000,21000,20000,2012-05-16,20000.0,0.0,0.0,3.0,20000.0,20000.0,20000.0,20000.0
Jharkhand,Dhanbad,Dhanbad,Other,Beverages,3.65,18000,21000,20000,2012-05-19,20000.0,0.0,0.0,2.0,20000.0,20000.0,20000.0,20000.0
Jharkhand,Dhanbad,Dhanbad,Other,Beverages,5.54,18000,21000,20000,2012-05-21,20000.0,0.0,0.0,5.0,20000.0,20000.0,20000.0,20000.0
Jharkhand,Dhanbad,Dhanbad,Other,Beverages,138.0,18000,21000,20000,2012-05-26,20000.0,0.0,0.0,1.0,20000.0,20000.0,20000.0,20000.0
Jharkhand,Dhanbad,Dhanbad,Other,Beverages,0.7,18000,21000,20000,2012-05-27,20000.0,0.0,0.0,1.0,20000.0,20000.0,20000.0,20000.0
Jharkhand,Dhanbad,Dhanbad,Other,Beverages,212.0,18000,21000,20000,2012-05-28,20000.0,0.0,0.0,2.0,20000.0,20000.0,20000.0,20000.0
Jharkhand,Dhanbad,Dhanbad,Other,Beverages,1.9,18000,21000,20000,2012-05-30,20000.0,0.0,0.0,6.0,20000.0,20000.0,20000.0,20000.0
Jharkhand,Dhanbad,Dhanbad,Other,Beverages,128.0,18000,21000,20000,2012-06-05,20000.0,0.0,0.0,5.0,20000.0,20000.0,20000.0,20000.0
Jharkhand,Dhanbad,Dhanbad,Other,Beverages,9.7,18000,21000,20000,2012-06-10,20000.0,0.0,0.0,1.0,20000.0,20000.0,20000.0,20000.0
Jharkhand,Dhanbad,Dhanbad,Other,Beverages,11.6,18000,21000,20000,2012-06-11,20000.0,0.0,0.0,1.0,20000.0,20000.0,20000.0,20000.0
Jharkhand,Dhanbad,Dhanbad,Other,Beverages,9.4,18000,21000,20000,2012-06-12,20000.0,0.0,0.0,1.0,20000.0,20000.0,20000.0,20000.0
Jharkhand,Dhanbad,Dhanbad,Other,Beverages,6.48,18000,21000,20000,2012-06-13,20000.0,0.0,0.0,5.0,20000.0,20000.0,20000.0,20000.0
Jharkhand,Dhanbad,Dhanbad,Other,Beverages,2.5,18000,21000,20000,2012-06-18,20000.0,0.0,0.0,2.0,20000.0,20000.0,20000.0,20000.0
Jharkhand,Dhanbad,Dhanbad,Other,Beverages,31.0,18000,21000,20000,2012-06-20,20000.0,0.0,0.0,3.0,20000.0,20000.0,20000.0,20000.0
Jharkhand,Dhanbad,Dhanbad,Other,Beverages,39.0,18000,21000,20000,2012-06-23,20000.0,0.0,0.0,1.0,20000.0,20000.0,20000.0,20000.0
Jharkhand,Dhanbad,Dhanbad,Other,Beverages,6.6,18000,21000,20000,2012-06-24,20000.0,0.0,0.0,1.0,20000.0,20000.0,20000.0,20000.0
Jharkhand,Dhanbad,Dhanbad,Other,Beverages,2.0,18000,21000,20000,2012-06-25,20000.0,0.0,0.0,4.0,20000.0,20000.0,20000.0,20000.0
Jharkhand,Dhanbad,Dhanbad,Other,Beverages,33.0,18000,21000,20000,2012-06-29,20000.0,0.0,0.0,1.0,20000.0,20000.0,20000.0,20000.0
Jharkhand,Dhanbad,Dhanbad,Other,Beverages,3.0,18000,21000,20000,2012-06-30,20000.0,0.0,0.0,4.0,20000.0,20000.0,20000.0,20000.0
Jharkhand,Dhanbad,Dhanbad,Other,Beverages,6.0,18000,21000,20000,2012-07-04,20000.0,0.0,0.0,2.0,20000.0,20000.0,20000.0,20000.0
Jharkhand,Dhanbad,Dhanbad,Other,Beverages,34.14,18000,21000,20000,2012-07-06,20000.0,0.0,0.0,1.0,20000.0,20000.0,20000.0,20000.0
Jharkhand,Dhanbad,Dhanbad,Other,Beverages,2.0,18000,21000,20000,2012-07-07,20000.0,0.0,0.0,3.0,20000.0,20000.0,20000.0,20000.0
Jharkhand,Dhanbad,Dhanbad,Other,Beverages,2.0,18000,21000,20000,2012-07-10,20000.0,0.0,0.0,1.0,20000.0,20000.0,20000.0,20000.0
Jharkhand,Dhanbad,Dhanbad,Other,Beverages,40.0,18000,21000,20000,2012-07-11,20000.0,0.0,0.0,3.0,20000.0,20000.0,20000.0,20000.0
Jharkhand,Dhanbad,Dhanbad,Other,Beverages,5.6,18000,21000,20000,2012-07-14,20000.0,0.0,0.0,4.0,20000.0,20000.0,20000.0,20000.0
Jharkhand,Dhanbad,Dhanbad,Other,Beverages,1.96,18000,21000,20000,2012-07-18,20000.0,0.0,0.0,2.0,20000.0,20000.0,20000.0,20000.0
Jharkhand,Dhanbad,Dhanbad,Other,Beverages,3.5,18000,21000,20000,2012-07-20,20000.0,0.0,0.0,2.0,20000.0,20000.0,20000.0,20000.0
Jharkhand,Dhanbad,Dhanbad,Other,Beverages,40.8,18000,21000,20000,2012-07-22,20000.0,0.0,0.0,1.0,20000.0,20000.0,20000.0,20000.0
Jharkhand,Dhanbad,Dhanbad,Other,Beverages,3.5,18000,21000,20000,2012-07-23,20000.0,0.0,0.0,4.0,20000.0,20000.0,20000.0,20000.0
Jharkhand,Dhanbad,Dhanbad,Other,Beverages,7.4,18000,21000,20000,2012-07-27,20000.0,0.0,0.0,1.0,20000.0,20000.0,20000.0,20000.0
Jharkhand,Dhanbad,Dhanbad,Other,Beverages,7.8,18000,21000,20000,2012-07-28,20000.0,0.0,0.0,2.0,20000.0,20000.0,20000.0,20000.0
Jharkhand,Dhanbad,Dhanbad,Other,Beverages,1.6,18000,21000,20000,2012-08-07,20000.0,0.0,0.0,1.0,20000.0,20000.0,20000.0,20000.0
Jharkhand,Dhanbad,Dhanbad,Other,Beverages,41.7,18000,21000,20000,2012-08-08,20000.0,0.0,0.0,4.0,20000.0,20000.0,20000.0,20000.0
Jharkhand,Dhanbad,Dhanbad,Other,Beverages,2.9,18000,21000,20000,2012-08-12,20000.0,0.0,0.0,2.0,20000.0,20000.0,20000.0,20000.0
Jharkhand,Dhanbad,Dhanbad,Other,Beverages,42.0,18000,21000,20000,2012-08-14,20000.0,0.0,0.0,1.0,20000.0,20000.0,20000.0,20000.0
Jharkhand,Dhanbad,Dhanbad,Other,Beverages,33.0,18000,21000,20000,2012-08-15,20000.0,0.0,0.0,3.0,20000.0,20000.0,20000.0,20000.0
Jharkhand,Dhanbad,Dhanbad,Other,Beverages,5.93,18000,21000,20000,2012-08-18,20000.0,0.0,0.0,7.0,20000.0,20000.0,20000.0,20000.0
Jharkhand,Dhanbad,Dhanbad,Other,Beverages,39.8,18000,21000,20000,2012-08-25,20000.0,0.0,0.0,4.0,20000.0,20000.0,20000.0,20000.0
Jharkhand,Dhanbad,Dhanbad,Other,Beverages,6.13,18000,21000,20000,2012-08-29,20000.0,0.0,0.0,2.0,20000.0,20000.0,20000.0,20000.0
Jharkhand,Dhanbad,Dhanbad,Other,Beverages,6.45,18000,21000,20000,2012-08-31,20000.0,0.0,0.0,2.0,20000.0,20000.0,20000.0,20000.0
Jharkhand,Dhanbad,Dhanbad,Other,Beverages,6.0,18000,21000,20000,2012-09-02,20000.0,0.0,0.0,6.0,20000.0,20000.0,20000.0,20000.0
Jharkhand,Dhanbad,Dhanbad,Other,Beverages,5.86,18000,21000,20000,2012-09-08,20000.0,0.0,0.0,3.0,20000.0,20000.0,20000.0,20000.0
Jharkhand,Dhanbad,Dhanbad,Other,Beverages,8.5,18000,21000,20000,2012-09-11,20000.0,0.0,0.0,1.0,20000.0,20000.0,20000.0,20000.0
Jharkhand,Dhanbad,Dhanbad,Other,Beverages,86.0,18000,21000,20000,2012-09-12,20000.0,0.0,0.0,3.0,20000.0,20000.0,20000.0,20000.0
Jharkhand,Dhanbad,Dhanbad,Other,Beverages,11.0,18000,21000,20000,2012-09-15,20000.0,0.0,0.0,1.0,20000.0,20000.0,20000.0,20000.0
Jharkhand,Dhanbad,Dhanbad,Other,Beverages,78.0,18000,21000,20000,2012-09-16,20000.0,0.0,0.0,1.0,20000.0,20000.0,20000.0,20000.0
Jharkhand,Dhanbad,Dhanbad,Other,Beverages,4.8,18000,21000,20000,2012-09-17,20000.0,0.0,0.0,1.0,20000.0,20000.0,20000.0,20000.0
Jharkhand,Dhanbad,Dhanbad,Other,Beverages,2.89,18000,21000,20000,2012-09-18,20000.0,0.0,0.0,3.0,20000.0,20000.0,20000.0,20000.0
Jharkhand,Dhanbad,Dhanbad,Other,Beverages,6.8,18000,21000,20000,2012-09-21,20000.0,0.0,0.0,1.0,20000.0,20000.0,20000.0,20000.0
Jharkhand,Dhanbad,Dhanbad,Other,Beverages,69.0,18000,21000,20000,2012-09-22,20000.0,0.0,0.0,2.0,20000.0,20000.0,20000.0,20000.0
Jharkhand,Dhanbad,Dhanbad,Other,Beverages,158.0,18000,21000,20000,2012-09-24,20000.0,0.0,0.0,1.0,20000.0,20000.0,20000.0,20000.0
Jharkhand,Dhanbad,Dhanbad,Other,Beverages,12.7,18000,21000,20000,2012-09-25,20000.0,0.0,0.0,1.0,20000.0,20000.0,20000.0,20000.0
Jharkhand,Dhanbad,Dhanbad,Other,Beverages,73.2,18000,21000,20000,2012-09-26,20000.0,0.0,0.0,2.0,20000.0,20000.0,20000.0,20000.0
Jharkhand,Dhanbad,Dhanbad,Other,Beverages,0.7,18000,21000,20000,2012-09-28,20000.0,0.0,0.0,1.0,20000.0,20000.0,20000.0,20000.0
Jharkhand,Dhanbad,Dhanbad,Other,Beverages,75.0,18000,21000,20000,2012-09-29,20000.0,0.0,0.0,6.0,20000.0,20000.0,20000.0,20000.0
Jharkhand,Dhanbad,Dhanbad,Other,Beverages,11.6,18000,21000,20000,2012-10-05,20000.0,0.0,0.0,3.0,20000.0,20000.0,20000.0,20000.0
Jharkhand,Dhanbad,Dhanbad,Other,Beverages,80.0,18000,21000,20000,2012-10-08,20000.0,0.0,0.0,1.0,20000.0,20000.0,20000.0,20000.0
Jharkhand,Dhanbad,Dhanbad,Other,Beverages,13.0,18000,21000,20000,2012-10-09,20000.0,0.0,0.0,1.0,20000.0,20000.0,20000.0,20000.0
Jharkhand,Dhanbad,Dhanbad,Other,Beverages,82.58,18000,21000,20000,2012-10-10,20000.0,0.0,0.0,5.0,20000.0,20000.0,20000.0,20000.0
Jharkhand,Dhanbad,Dhanbad,Other,Beverages,13.7,18000,21000,20000,2012-10-15,20000.0,0.0,0.0,2.0,20000.0,20000.0,20000.0,20000.0
Jharkhand,Dhanbad,Dhanbad,Other,Beverages,8.8,18000,21000,20000,2012-10-17,20000.0,0.0,0.0,5.0,20000.0,20000.0,20000.0,20000.0
Jharkhand,Dhanbad,Dhanbad,Other,Beverages,52.0,18000,21000,20000,2012-10-22,20000.0,0.0,0.0,4.0,20000.0,20000.0,20000.0,20000.0
Jharkhand,Dhanbad,Dhanbad,Other,Beverages,83.0,18000,21000,20000,2012-10-26,20000.0,0.0,0.0,7.0,20000.0,20000.0,20000.0,20000.0
Jharkhand,Dhanbad,Dhanbad,Other,Beverages,11.0,18000,21000,20000,2012-11-02,20000.0,0.0,0.0,7.0,20000.0,20000.0,20000.0,20000.0
Jharkhand,Dhanbad,Dhanbad,Other,Beverages,6.9,18000,21000,20000,2012-11-09,20000.0,0.0,0.0,1.0,20000.0,20000.0,20000.0,20000.0
Jharkhand,Dhanbad,Dhanbad,Other,Beverages,9.0,18000,21000,20000,2012-11-10,20000.0,0.0,0.0,1.0,20000.0,20000.0,20000.0,20000.0
Jharkhand,Dhanbad,Dhanbad,Other,Beverages,7.0,18000,21000,20000,2012-11-11,20000.0,0.0,0.0,1.0,20000.0,20000.0,20000.0,20000.0
Jharkhand,Dhanbad,Dhanbad,Other,Beverages,16.0,18000,21000,20000,2012-11-12,20000.0,0.0,0.0,6.0,20000.0,20000.0,20000.0,20000.0
Jharkhand,Dhanbad,Dhanbad,Other,Beverages,8.2,18000,21000,20000,2012-11-18,20000.0,0.0,0.0,1.0,20000.0,20000.0,20000.0,20000.0
Jharkhand,Dhanbad,Dhanbad,Other,Beverages,7.7,18000,21000,20000,2012-11-19,20000.0,0.0,0.0,7.0,20000.0,20000.0,20000.0,20000.0
Jharkhand,Dhanbad,Dhanbad,Other,Beverages,6.3,18000,21000,20000,2012-11-26,20000.0,0.0,0.0,2.0,20000.0,20000.0,20000.0,20000.0
Jharkhand,Dhanbad,Dhanbad,Other,Beverages,4.7,18000,21000,20000,2012-11-28,20000.0,0.0,0.0,2.0,20000.0,20000.0,20000.0,20000.0
Jharkhand,Dhanbad,Dhanbad,Other,Beverages,76.7,18000,21000,20000,2012-12-15,20000.0,0.0,0.0,3.0,20000.0,20000.0,20000.0,20000.0
Jharkhand,Dhanbad,Dhanbad,Other,Beverages,6.36,18000,21000,20000,2012-12-18,20000.0,0.0,0.0,4.0,20000.0,20000.0,20000.0,20000.0
Jharkhand,Dhanbad,Dhanbad,Other,Beverages,16.0,18000,21000,20000,2012-12-22,20000.0,0.0,0.0,4.0,20000.0,20000.0,20000.0,20000.0
Jharkhand,Dhanbad,Dhanbad,Other,Beverages,166.0,18000,21000,20000,2012-12-26,20000.0,0.0,0.0,3.0,20000.0,20000.0,20000.0,20000.0
Jharkhand,Dhanbad,Dhanbad,Other,Beverages,82.0,18000,21000,20000,2012-12-29,20000.0,0.0,0.0,2.0,20000.0,20000.0,20000.0,20000.0
Jharkhand,Dhanbad,Dhanbad,Other,Beverages,79.0,18000,21000,20000,2012-12-31,20000.0,0.0,0.0,6.0,20000.0,20000.0,20000.0,20000.0
Jharkhand,Dhanbad,Dhanbad,Other,Beverages,10.0,18000,21000,20000,2013-01-06,20000.0,0.0,0.0,6.0,20000.0,20000.0,20000.0,20000.0
Jharkhand,Dhanbad,Dhanbad,Other,Beverages,80.0,18000,21000,20000,2013-01-12,20000.0,0.0,0.0,4.0,20000.0,20000.0,20000.0,20000.0
Jharkhand,Dhanbad,Dhanbad,Other,Beverages,160.0,18000,21000,20000,2013-01-16,20000.0,0.0,0.0,4.0,20000.0,20000.0,20000.0,20000.0
Jharkhand,Dhanbad,Dhanbad,Other,Beverages,67.0,18000,21000,20000,2013-01-20,20000.0,0.0,0.0,1.0,20000.0,20000.0,20000.0,20000.0
Jharkhand,Dhanbad,Dhanbad,Other,Beverages,90.0,18000,21000,20000,2013-01-21,20000.0,0.0,0.0,1.0,20000.0,20000.0,20000.0,20000.0
Jharkhand,Dhanbad,Dhanbad,Other,Beverages,67.0,18000,21000,20000,2013-01-30,20000.0,0.0,0.0,3.0,20000.0,20000.0,20000.0,20000.0
Jharkhand,Dhanbad,Dhanbad,Other,Beverages,5.9,18000,21000,20000,2013-02-02,20000.0,0.0,0.0,2.0,20000.0,20000.0,20000.0,20000.0
Jharkhand,Dhanbad,Dhanbad,Other,Beverages,0.01,18000,21000,20000,2013-02-04,20000.0,0.0,0.0,7.0,20000.0,20000.0,20000.0,20000.0
Jharkhand,Dhanbad,Dhanbad,Other,Beverages,54.8,18000,21000,20000,2013-02-11,20000.0,0.0,0.0,2.0,20000.0,20000.0,20000.0,20000.0
Jharkhand,Dhanbad,Dhanbad,Other,Beverages,10.8,18000,21000,20000,2013-02-13,20000.0,0.0,0.0,2.0,20000.0,20000.0,20000.0,20000.0
Jharkhand,Dhanbad,Dhanbad,Other,Beverages,8.3,18000,21000,20000,2013-02-15,20000.0,0.0,0.0,2.0,20000.0,20000.0,20000.0,20000.0
Jharkhand,Dhanbad,Dhanbad,Other,Beverages,8.4,18000,21000,20000,2013-02-17,20000.0,0.0,0.0,2.0,20000.0,20000.0,20000.0,20000.0
Jharkhand,Dhanbad,Dhanbad,Other,Beverages,8.4,18000,21000,20000,2013-02-19,20000.0,0.0,0.0,3.0,20000.0,20000.0,20000.0,20000.0
Jharkhand,Dhanbad,Dhanbad,Other,Beverages,16.0,18000,21000,20000,2013-02-22,21000.0,0.05,0.048790164169432,1.0,20000.0,20000.0,20000.0,20000.0
Jharkhand,Dhanbad,Dhanbad,Other,Beverages,9.9,20000,22000,21000,2013-02-23,21000.0,0.0,0.0,2.0,20000.0,20000.0,20000.0,20000.0
Jharkhand,Dhanbad,Dhanbad,Other,Beverages,320.0,20000,22000,21000,2013-02-25,21000.0,0.0,0.0,1.0,21000.0,20000.0,20000.0,20000.0
Jharkhand,Dhanbad,Dhanbad,Other,Beverages,7.7,20000,22000,21000,2013-02-26,21000.0,0.0,0.0,3.0,21000.0,20000.0,20000.0,20000.0
Jharkhand,Dhanbad,Dhanbad,Other,Beverages,8.8,20000,22000,21000,2013-03-01,21000.0,0.0,0.0,6.0,21000.0,20000.0,20000.0,20000.0
Jharkhand,Dhanbad,Dhanbad,Other,Beverages,8.1,20000,22000,21000,2013-03-07,21000.0,0.0,0.0,3.0,21000.0,20000.0,20000.0,20000.0
Jharkhand,Dhanbad,Dhanbad,Other,Beverages,26.0,20000,22000,21000,2013-03-10,21000.0,0.0,0.0,1.0,21000.0,20000.0,20000.0,20000.0
Jharkhand,Dhanbad,Dhanbad,Other,Beverages,10.32,20000,22000,21000,2013-03-11,21000.0,0.0,0.0,1.0,21000.0,20000.0,20000.0,20000.0
Jharkhand,Dhanbad,Dhanbad,Other,Beverages,12.2,20000,22000,21000,2013-03-12,21000.0,0.0,0.0,1.0,21000.0,21000.0,20000.0,20000.0
Jharkhand,Dhanbad,Dhanbad,Other,Beverages,10.8,20000,22000,21000,2013-03-13,21000.0,0.0,0.0,2.0,21000.0,21000.0,20000.0,20000.0
Jharkhand,Dhanbad,Dhanbad,Other,Beverages,8.1,20000,22000,21000,2013-03-15,21000.0,0.0,0.0,1.0,21000.0,21000.0,20000.0,20000.0
Jharkhand,Dhanbad,Dhanbad,Other,Beverages,8.3,20000,22000,21000,2013-03-16,21000.0,0.0,0.0,1.0,21000.0,21000.0,20000.0,20000.0
Jharkhand,Dhanbad,Dhanbad,Other,Beverages,7.8,20000,22000,21000,2013-03-17,21000.0,0.0,0.0,2.0,21000.0,21000.0,20000.0,20000.0
Jharkhand,Dhanbad,Dhanbad,Other,Beverages,13.0,20000,22000,21000,2013-03-19,21000.0,0.0,0.0,3.0,21000.0,21000.0,20000.0,20000.0
Jharkhand,Dhanbad,Dhanbad,Other,Beverages,7.6,20000,22000,21000,2013-03-22,21000.0,0.0,0.0,1.0,21000.0,21000.0,20000.0,20000.0
Jharkhand,Dhanbad,Dhanbad,Other,Beverages,7.7,20000,22000,21000,2013-03-23,22000.0,0.0476190476190476,0.0465200156348929,6.0,21000.0,21000.0,21000.0,20000.0
Jharkhand,Dhanbad,Dhanbad,Other,Beverages,7.6,20000,25000,22000,2013-04-06,22000.0,0.0,0.0,1.0,21000.0,21000.0,21000.0,20000.0
Jharkhand,Dhanbad,Dhanbad,Other,Beverages,4.6,20000,25000,22000,2013-04-07,22000.0,0.0,0.0,3.0,22000.0,21000.0,21000.0,20000.0
Jharkhand,Dhanbad,Dhanbad,Other,Beverages,6.4,20000,25000,22000,2013-04-10,23000.0,0.0454545454545454,0.0444517625708337,5.0,22000.0,21000.0,21000.0,20000.0
Jharkhand,Dhanbad,Dhanbad,Other,Beverages,4.96,22000,25000,23000,2013-04-15,23000.0,0.0,0.0,4.0,22000.0,21000.0,21000.0,20000.0
Jharkhand,Dhanbad,Dhanbad,Other,Beverages,12.3,22000,24000,23000,2013-04-19,23000.0,0.0,0.0,2.0,23000.0,21000.0,21000.0,20000.0
Jharkhand,Dhanbad,Dhanbad,Other,Beverages,7.0,22000,24000,23000,2013-04-21,23000.0,0.0,0.0,2.0,23000.0,21000.0,21000.0,20000.0
Jharkhand,Dhanbad,Dhanbad,Other,Beverages,8.1,22000,24000,23000,2013-04-23,23000.0,0.0,0.0,3.0,23000.0,21000.0,21000.0,20000.0
Jharkhand,Dhanbad,Dhanbad,Other,Beverages,3.5,22000,24000,23000,2013-04-26,23000.0,0.0,0.0,1.0,23000.0,22000.0,21000.0,20000.0
Jharkhand,Dhanbad,Dhanbad,Other,Beverages,15.0,22000,24000,23000,2013-04-27,23000.0,0.0,0.0,4.0,23000.0,22000.0,21000.0,20000.0
Jharkhand,Dhanbad,Dhanbad,Other,Beverages,0.34,22000,24000,23000,2013-05-01,23000.0,0.0,0.0,2.0,23000.0,22000.0,21000.0,20000.0
Jharkhand,Dhanbad,Dhanbad,Other,Beverages,10.07,22000,24000,23000,2013-05-03,23000.0,0.0,0.0,2.0,23000.0,23000.0,21000.0,20000.0
Jharkhand,Dhanbad,Dhanbad,Other,Beverages,0.07,22000,24000,23000,2013-05-05,23000.0,0.0,0.0,5.0,23000.0,23000.0,21000.0,20000.0
Jharkhand,Dhanbad,Dhanbad,Other,Beverages,16.27,22000,24000,23000,2013-05-21,23000.0,0.0,0.0,3.0,23000.0,23000.0,21000.0,20000.0
Jharkhand,Dhanbad,Dhanbad,Other,Beverages,8.25,22000,24000,23000,2013-05-24,23000.0,0.0,0.0,1.0,23000.0,23000.0,21000.0,20000.0
Jharkhand,Dhanbad,Dhanbad,Other,Beverages,8.34,22000,24000,23000,2013-05-25,23000.0,0.0,0.0,1.0,23000.0,23000.0,22000.0,20000.0
Jharkhand,Dhanbad,Dhanbad,Other,Beverages,8.5,22000,24000,23000,2013-05-26,23000.0,0.0,0.0,1.0,23000.0,23000.0,22000.0,21000.0
Jharkhand,Dhanbad,Dhanbad,Other,Beverages,7.42,22000,24000,23000,2013-05-27,23000.0,0.0,0.0,4.0,23000.0,23000.0,22000.0,21000.0
Jharkhand,Dhanbad,Dhanbad,Other,Beverages,12.85,22000,24000,23000,2013-05-31,23000.0,0.0,0.0,3.0,23000.0,23000.0,23000.0,21000.0
Jharkhand,Dhanbad,Dhanbad,Other,Beverages,5.64,22000,24000,23000,2013-06-03,23000.0,0.0,0.0,3.0,23000.0,23000.0,23000.0,21000.0
Jharkhand,Dhanbad,Dhanbad,Other,Beverages,7.78,22000,24000,23000,2013-06-06,23000.0,0.0,0.0,2.0,23000.0,23000.0,23000.0,21000.0
Jharkhand,Dhanbad,Dhanbad,Other,Beverages,0.06,22000,24000,23000,2013-06-08,23000.0,0.0,0.0,1.0,23000.0,23000.0,23000.0,21000.0
Jharkhand,Dhanbad,Dhanbad,Other,Beverages,4.47,22000,24000,23000,2013-06-09,23000.0,0.0,0.0,1.0,23000.0,23000.0,23000.0,21000.0
Jharkhand,Dhanbad,Dhanbad,Other,Beverages,5.77,22000,24000,23000,2013-06-10,23000.0,0.0,0.0,1.0,23000.0,23000.0,23000.0,21000.0
Jharkhand,Dhanbad,Dhanbad,Other,Beverages,7.59,22000,24000,23000,2013-06-11,23000.0,0.0,0.0,1.0,23000.0,23000.0,23000.0,21000.0
Jharkhand,Dhanbad,Dhanbad,Other,Beverages,0.08,22000,24000,23000,2013-06-12,23000.0,0.0,0.0,2.0,23000.0,23000.0,23000.0,21000.0
Jharkhand,Dhanbad,Dhanbad,Other,Beverages,13.98,22000,24000,23000,2013-06-14,23000.0,0.0,0.0,1.0,23000.0,23000.0,23000.0,21000.0
Jharkhand,Dhanbad,Dhanbad,Other,Beverages,7.24,22000,24000,23000,2013-06-15,23000.0,0.0,0.0,1.0,23000.0,23000.0,23000.0,21000.0
Jharkhand,Dhanbad,Dhanbad,Other,Beverages,5.34,22000,24000,23000,2013-06-16,23000.0,0.0,0.0,1.0,23000.0,23000.0,23000.0,21000.0
Jharkhand,Dhanbad,Dhanbad,Other,Beverages,5.4,22000,24000,23000,2013-06-17,23000.0,0.0,0.0,2.0,23000.0,23000.0,23000.0,21000.0
Jharkhand,Dhanbad,Dhanbad,Other,Beverages,0.15,22000,24000,23000,2013-06-19,23000.0,0.0,0.0,2.0,23000.0,23000.0,23000.0,21000.0
Jharkhand,Dhanbad,Dhanbad,Other,Beverages,10.82,22000,24000,23000,2013-06-21,23000.0,0.0,0.0,1.0,23000.0,23000.0,23000.0,22000.0
Jharkhand,Dhanbad,Dhanbad,Other,Beverages,8.76,22000,24000,23000,2013-06-22,23000.0,0.0,0.0,2.0,23000.0,23000.0,23000.0,22000.0
Jharkhand,Dhanbad,Dhanbad,Other,Beverages,6.0,22000,24000,23000,2013-06-24,23000.0,0.0,0.0,2.0,23000.0,23000.0,23000.0,22000.0
Jharkhand,Dhanbad,Dhanbad,Other,Beverages,13.74,22000,24000,23000,2013-06-26,23000.0,0.0,0.0,2.0,23000.0,23000.0,23000.0,23000.0
Jharkhand,Dhanbad,Dhanbad,Other,Beverages,16.19,22000,24000,23000,2013-06-28,23000.0,0.0,0.0,3.0,23000.0,23000.0,23000.0,23000.0
Jharkhand,Dhanbad,Dhanbad,Other,Beverages,8.89,22000,24000,23000,2013-07-01,23000.0,0.0,0.0,2.0,23000.0,23000.0,23000.0,23000.0
Jharkhand,Dhanbad,Dhanbad,Other,Beverages,10.81,22000,24000,23000,2013-07-03,23000.0,0.0,0.0,2.0,23000.0,23000.0,23000.0,23000.0
Jharkhand,Dhanbad,Dhanbad,Other,Beverages,13.28,22000,24000,23000,2013-07-05,23000.0,0.0,0.0,2.0,23000.0,23000.0,23000.0,23000.0
Jharkhand,Dhanbad,Dhanbad,Other,Beverages,9.28,22000,24000,23000,2013-07-07,23000.0,0.0,0.0,2.0,23000.0,23000.0,23000.0,23000.0
Jharkhand,Dhanbad,Dhanbad,Other,Beverages,5.4,22000,24000,23000,2013-07-09,23000.0,0.0,0.0,3.0,23000.0,23000.0,23000.0,23000.0
Jharkhand,Dhanbad,Dhanbad,Other,Beverages,0.06,22000,24000,23000,2013-07-12,23000.0,0.0,0.0,3.0,23000.0,23000.0,23000.0,23000.0
Jharkhand,Dhanbad,Dhanbad,Other,Beverages,0.14,22000,24000,23000,2013-07-15,23000.0,0.0,0.0,1.0,23000.0,23000.0,23000.0,23000.0
Jharkhand,Dhanbad,Dhanbad,Other,Beverages,6.6,22000,24000,23000,2013-07-16,23000.0,0.0,0.0,3.0,23000.0,23000.0,23000.0,23000.0
Jharkhand,Dhanbad,Dhanbad,Other,Beverages,8.19,22000,24000,23000,2013-07-19,23000.0,0.0,0.0,1.0,23000.0,23000.0,23000.0,23000.0
Jharkhand,Dhanbad,Dhanbad,Other,Beverages,8.34,22000,24000,23000,2013-07-20,23000.0,0.0,0.0,2.0,23000.0,23000.0,23000.0,23000.0
Jharkhand,Dhanbad,Dhanbad,Other,Beverages,9.48,22000,24000,23000,2013-07-22,23000.0,0.0,0.0,1.0,23000.0,23000.0,23000.0,23000.0
Jharkhand,Dhanbad,Dhanbad,Other,Beverages,7.82,22000,24000,23000,2013-07-23,23000.0,0.0,0.0,4.0,23000.0,23000.0,23000.0,23000.0
Jharkhand,Dhanbad,Dhanbad,Other,Beverages,8.8,22000,24000,23000,2013-07-27,23000.0,0.0,0.0,4.0,23000.0,23000.0,23000.0,23000.0
Jharkhand,Dhanbad,Dhanbad,Other,Beverages,7.83,22000,24000,23000,2013-07-31,23000.0,0.0,0.0,2.0,23000.0,23000.0,23000.0,23000.0
Jharkhand,Dhanbad,Dhanbad,Other,Beverages,8.35,22000,24000,23000,2013-08-02,23000.0,0.0,0.0,1.0,23000.0,23000.0,23000.0,23000.0
Jharkhand,Dhanbad,Dhanbad,Other,Beverages,0.52,22000,24000,23000,2013-08-03,23000.0,0.0,0.0,1.0,23000.0,23000.0,23000.0,23000.0
Jharkhand,Dhanbad,Dhanbad,Other,Beverages,0.32,22000,24000,23000,2013-08-04,23000.0,0.0,0.0,2.0,23000.0,23000.0,23000.0,23000.0
Jharkhand,Dhanbad,Dhanbad,Other,Beverages,16.81,22000,24000,23000,2013-08-06,23000.0,0.0,0.0,1.0,23000.0,23000.0,23000.0,23000.0
Jharkhand,Dhanbad,Dhanbad,Other,Beverages,0.63,22000,24000,23000,2013-08-07,23000.0,0.0,0.0,2.0,23000.0,23000.0,23000.0,23000.0
Jharkhand,Dhanbad,Dhanbad,Other,Beverages,8.51,22000,24000,23000,2013-08-09,23000.0,0.0,0.0,2.0,23000.0,23000.0,23000.0,23000.0
Jharkhand,Dhanbad,Dhanbad,Other,Beverages,0.01,22000,24000,23000,2013-08-11,23000.0,0.0,0.0,2.0,23000.0,23000.0,23000.0,23000.0
Jharkhand,Dhanbad,Dhanbad,Other,Beverages,19.17,22000,24000,23000,2013-08-13,23000.0,0.0,0.0,3.0,23000.0,23000.0,23000.0,23000.0
Jharkhand,Dhanbad,Dhanbad,Other,Beverages,8.16,22000,24000,23000,2013-08-16,23000.0,0.0,0.0,1.0,23000.0,23000.0,23000.0,23000.0
Jharkhand,Dhanbad,Dhanbad,Other,Beverages,8.63,22000,24000,23000,2013-08-17,23000.0,0.0,0.0,2.0,23000.0,23000.0,23000.0,23000.0
Jharkhand,Dhanbad,Dhanbad,Other,Beverages,6.5,22000,24000,23000,2013-08-19,23000.0,0.0,0.0,3.0,23000.0,23000.0,23000.0,23000.0
Jharkhand,Dhanbad,Dhanbad,Other,Beverages,8.52,22000,24000,23000,2013-08-22,23000.0,0.0,0.0,2.0,23000.0,23000.0,23000.0,23000.0
Jharkhand,Dhanbad,Dhanbad,Other,Beverages,7.2,22000,24000,23000,2013-08-24,23000.0,0.0,0.0,1.0,23000.0,23000.0,23000.0,23000.0
Jharkhand,Dhanbad,Dhanbad,Other,Beverages,16.7,22000,24000,23000,2013-08-25,23000.0,0.0,0.0,1.0,23000.0,23000.0,23000.0,23000.0
Jharkhand,Dhanbad,Dhanbad,Other,Beverages,16.2,22000,24000,23000,2013-08-26,23000.0,0.0,0.0,2.0,23000.0,23000.0,23000.0,23000.0
Jharkhand,Dhanbad,Dhanbad,Other,Beverages,12.6,22000,24000,23000,2013-08-28,23000.0,0.0,0.0,3.0,23000.0,23000.0,23000.0,23000.0
Jharkhand,Dhanbad,Dhanbad,Other,Beverages,15.4,22000,24000,23000,2013-08-31,23000.0,0.0,0.0,1.0,23000.0,23000.0,23000.0,23000.0
Jharkhand,Dhanbad,Dhanbad,Other,Beverages,6.8,22000,24000,23000,2013-09-01,23000.0,0.0,0.0,1.0,23000.0,23000.0,23000.0,23000.0
Jharkhand,Dhanbad,Dhanbad,Other,Beverages,0.28,22000,24000,23000,2013-09-02,23000.0,0.0,0.0,2.0,23000.0,23000.0,23000.0,23000.0
Jharkhand,Dhanbad,Dhanbad,Other,Beverages,0.1,22000,24000,23000,2013-09-04,23000.0,0.0,0.0,2.0,23000.0,23000.0,23000.0,23000.0
Jharkhand,Dhanbad,Dhanbad,Other,Beverages,0.21,22000,24000,23000,2013-09-06,23000.0,0.0,0.0,1.0,23000.0,23000.0,23000.0,23000.0
Jharkhand,Dhanbad,Dhanbad,Other,Beverages,7.7,22000,24000,23000,2013-09-07,23000.0,0.0,0.0,1.0,23000.0,23000.0,23000.0,23000.0
Jharkhand,Dhanbad,Dhanbad,Other,Beverages,5.2,22000,24000,23000,2013-09-08,23000.0,0.0,0.0,3.0,23000.0,23000.0,23000.0,23000.0
Jharkhand,Dhanbad,Dhanbad,Other,Beverages,24.6,22000,24000,23000,2013-09-11,23000.0,0.0,0.0,1.0,23000.0,23000.0,23000.0,23000.0
Jharkhand,Dhanbad,Dhanbad,Other,Beverages,10.38,22000,24000,23000,2013-09-12,23000.0,0.0,0.0,2.0,23000.0,23000.0,23000.0,23000.0
Jharkhand,Dhanbad,Dhanbad,Other,Beverages,9.5,22000,24000,23000,2013-09-14,23000.0,0.0,0.0,1.0,23000.0,23000.0,23000.0,23000.0
Jharkhand,Dhanbad,Dhanbad,Other,Beverages,8.75,22000,24000,23000,2013-09-15,23000.0,0.0,0.0,3.0,23000.0,23000.0,23000.0,23000.0
Jharkhand,Dhanbad,Dhanbad,Other,Beverages,8.28,22000,24000,23000,2013-09-18,23000.0,0.0,0.0,2.0,23000.0,23000.0,23000.0,23000.0
Jharkhand,Dhanbad,Dhanbad,Other,Beverages,16.06,22000,24000,23000,2013-09-20,23000.0,0.0,0.0,2.0,23000.0,23000.0,23000.0,23000.0
Jharkhand,Dhanbad,Dhanbad,Other,Beverages,0.03,22000,24000,23000,2013-09-22,23000.0,0.0,0.0,1.0,23000.0,23000.0,23000.0,23000.0
Jharkhand,Dhanbad,Dhanbad,Other,Beverages,16.37,22000,24000,23000,2013-09-23,23000.0,0.0,0.0,1.0,23000.0,23000.0,23000.0,23000.0
Jharkhand,Dhanbad,Dhanbad,Other,Beverages,8.33,22000,24000,23000,2013-09-24,23000.0,0.0,0.0,1.0,23000.0,23000.0,23000.0,23000.0
Jharkhand,Dhanbad,Dhanbad,Other,Beverages,7.1,22000,24000,23000,2013-09-25,23000.0,0.0,0.0,2.0,23000.0,23000.0,23000.0,23000.0
Jharkhand,Dhanbad,Dhanbad,Other,Beverages,7.54,22000,24000,23000,2013-09-27,23000.0,0.0,0.0,2.0,23000.0,23000.0,23000.0,23000.0
Jharkhand,Dhanbad,Dhanbad,Other,Beverages,7.08,22000,24000,23000,2013-09-29,23000.0,0.0,0.0,1.0,23000.0,23000.0,23000.0,23000.0
Jharkhand,Dhanbad,Dhanbad,Other,Beverages,8.91,22000,24000,23000,2013-09-30,23000.0,0.0,0.0,1.0,23000.0,23000.0,23000.0,23000.0
Jharkhand,Dhanbad,Dhanbad,Other,Beverages,7.6,22000,24000,23000,2013-10-01,23000.0,0.0,0.0,4.0,23000.0,23000.0,23000.0,23000.0
Jharkhand,Dhanbad,Dhanbad,Other,Beverages,0.04,22000,24000,23000,2013-10-05,23000.0,0.0,0.0,3.0,23000.0,23000.0,23000.0,23000.0
Jharkhand,Dhanbad,Dhanbad,Other,Beverages,7.33,22000,24000,23000,2013-10-08,23000.0,0.0,0.0,1.0,23000.0,23000.0,23000.0,23000.0
Jharkhand,Dhanbad,Dhanbad,Other,Beverages,0.12,22000,24000,23000,2013-10-09,23000.0,0.0,0.0,3.0,23000.0,23000.0,23000.0,23000.0
Jharkhand,Dhanbad,Dhanbad,Other,Beverages,8.24,22000,24000,23000,2013-10-12,23000.0,0.0,0.0,3.0,23000.0,23000.0,23000.0,23000.0
Jharkhand,Dhanbad,Dhanbad,Other,Beverages,7.8,22000,24000,23000,2013-10-15,23000.0,0.0,0.0,1.0,23000.0,23000.0,23000.0,23000.0
Jharkhand,Dhanbad,Dhanbad,Other,Beverages,8.02,22000,24000,23000,2013-10-16,23000.0,0.0,0.0,1.0,23000.0,23000.0,23000.0,23000.0
Jharkhand,Dhanbad,Dhanbad,Other,Beverages,6.74,22000,24000,23000,2013-10-17,23000.0,0.0,0.0,1.0,23000.0,23000.0,23000.0,23000.0
Jharkhand,Dhanbad,Dhanbad,Other,Beverages,0.06,22000,24000,23000,2013-10-18,23000.0,0.0,0.0,1.0,23000.0,23000.0,23000.0,23000.0
Jharkhand,Dhanbad,Dhanbad,Other,Beverages,0.04,22000,24000,23000,2013-10-19,23000.0,0.0,0.0,1.0,23000.0,23000.0,23000.0,23000.0
Jharkhand,Dhanbad,Dhanbad,Other,Beverages,0.24,22000,24000,23000,2013-10-20,23000.0,0.0,0.0,1.0,23000.0,23000.0,23000.0,23000.0
Jharkhand,Dhanbad,Dhanbad,Other,Beverages,6.78,22000,24000,23000,2013-10-21,23000.0,0.0,0.0,6.0,23000.0,23000.0,23000.0,23000.0
Jharkhand,Dhanbad,Dhanbad,Other,Beverages,0.07,22000,24000,23000,2013-10-27,23000.0,0.0,0.0,1.0,23000.0,23000.0,23000.0,23000.0
Jharkhand,Dhanbad,Dhanbad,Other,Beverages,8.11,22000,24000,23000,2013-10-28,23000.0,0.0,0.0,1.0,23000.0,23000.0,23000.0,23000.0
Jharkhand,Dhanbad,Dhanbad,Other,Beverages,7.7,22000,24000,23000,2013-10-29,23000.0,0.0,0.0,1.0,23000.0,23000.0,23000.0,23000.0
Jharkhand,Dhanbad,Dhanbad,Other,Beverages,0.75,22000,24000,23000,2013-10-30,23000.0,0.0,0.0,1.0,23000.0,23000.0,23000.0,23000.0
Jharkhand,Dhanbad,Dhanbad,Other,Beverages,6.0,22000,24000,23000,2013-10-31,23000.0,0.0,0.0,1.0,23000.0,23000.0,23000.0,23000.0
Jharkhand,Dhanbad,Dhanbad,Other,Beverages,8.18,22000,24000,23000,2013-11-01,23000.0,0.0,0.0,3.0,23000.0,23000.0,23000.0,23000.0
Jharkhand,Dhanbad,Dhanbad,Other,Beverages,8.4,22000,24000,23000,2013-11-04,23000.0,0.0,0.0,1.0,23000.0,23000.0,23000.0,23000.0
Jharkhand,Dhanbad,Dhanbad,Other,Beverages,8.14,22000,24000,23000,2013-11-05,23000.0,0.0,0.0,1.0,23000.0,23000.0,23000.0,23000.0
Jharkhand,Dhanbad,Dhanbad,Other,Beverages,0.24,22000,24000,23000,2013-11-06,23000.0,0.0,0.0,2.0,23000.0,23000.0,23000.0,23000.0
Jharkhand,Dhanbad,Dhanbad,Other,Beverages,0.3,22000,24000,23000,2013-11-08,23000.0,0.0,0.0,4.0,23000.0,23000.0,23000.0,23000.0
Jharkhand,Dhanbad,Dhanbad,Other,Beverages,8.26,22000,24000,23000,2013-11-12,23000.0,0.0,0.0,1.0,23000.0,23000.0,23000.0,23000.0
Jharkhand,Dhanbad,Dhanbad,Other,Beverages,0.31,22000,24000,23000,2013-11-13,23000.0,0.0,0.0,3.0,23000.0,23000.0,23000.0,23000.0
Jharkhand,Dhanbad,Dhanbad,Other,Beverages,8.26,22000,24000,23000,2013-11-16,23000.0,0.0,0.0,2.0,23000.0,23000.0,23000.0,23000.0
Jharkhand,Dhanbad,Dhanbad,Other,Beverages,7.98,22000,24000,23000,2013-11-18,23000.0,0.0,0.0,1.0,23000.0,23000.0,23000.0,23000.0
Jharkhand,Dhanbad,Dhanbad,Other,Beverages,7.77,22000,24000,23000,2013-11-19,23000.0,0.0,0.0,1.0,23000.0,23000.0,23000.0,23000.0
Jharkhand,Dhanbad,Dhanbad,Other,Beverages,0.12,22000,24000,23000,2013-11-20,23000.0,0.0,0.0,2.0,23000.0,23000.0,23000.0,23000.0
Jharkhand,Dhanbad,Dhanbad,Other,Beverages,30.26,22000,24000,23000,2013-11-22,23000.0,0.0,0.0,1.0,23000.0,23000.0,23000.0,23000.0
Jharkhand,Dhanbad,Dhanbad,Other,Beverages,8.25,22000,24000,23000,2013-11-23,23000.0,0.0,0.0,1.0,23000.0,23000.0,23000.0,23000.0
Jharkhand,Dhanbad,Dhanbad,Other,Beverages,8.74,22000,24000,23000,2013-11-24,23000.0,0.0,0.0,1.0,23000.0,23000.0,23000.0,23000.0
Jharkhand,Dhanbad,Dhanbad,Other,Beverages,16.0,22000,24000,23000,2013-11-25,23000.0,0.0,0.0,1.0,23000.0,23000.0,23000.0,23000.0
Jharkhand,Dhanbad,Dhanbad,Other,Beverages,8.17,22000,24000,23000,2013-11-26,23000.0,0.0,0.0,2.0,23000.0,23000.0,23000.0,23000.0
Jharkhand,Dhanbad,Dhanbad,Other,Beverages,7.91,22000,24000,23000,2013-11-28,23000.0,0.0,0.0,1.0,23000.0,23000.0,23000.0,23000.0
Jharkhand,Dhanbad,Dhanbad,Other,Beverages,0.21,22000,24000,23000,2013-11-29,23000.0,0.0,0.0,2.0,23000.0,23000.0,23000.0,23000.0
Jharkhand,Dhanbad,Dhanbad,Other,Beverages,8.24,22000,24000,23000,2013-12-01,23000.0,0.0,0.0,1.0,23000.0,23000.0,23000.0,23000.0
Jharkhand,Dhanbad,Dhanbad,Other,Beverages,8.03,22000,24000,23000,2013-12-02,23000.0,0.0,0.0,2.0,23000.0,23000.0,23000.0,23000.0
Jharkhand,Dhanbad,Dhanbad,Other,Beverages,8.34,22000,24000,23000,2013-12-04,23000.0,0.0,0.0,2.0,23000.0,23000.0,23000.0,23000.0
Jharkhand,Dhanbad,Dhanbad,Other,Beverages,0.03,22000,24000,23000,2013-12-06,23000.0,0.0,0.0,1.0,23000.0,23000.0,23000.0,23000.0
Jharkhand,Dhanbad,Dhanbad,Other,Beverages,7.62,22000,24000,23000,2013-12-07,23000.0,0.0,0.0,1.0,23000.0,23000.0,23000.0,23000.0
Jharkhand,Dhanbad,Dhanbad,Other,Beverages,13.77,22000,24000,23000,2013-12-08,23000.0,0.0,0.0,1.0,23000.0,23000.0,23000.0,23000.0
Jharkhand,Dhanbad,Dhanbad,Other,Beverages,24.45,22000,24000,23000,2013-12-09,23000.0,0.0,0.0,2.0,23000.0,23000.0,23000.0,23000.0
Jharkhand,Dhanbad,Dhanbad,Other,Beverages,5.98,22000,24000,23000,2013-12-11,23000.0,0.0,0.0,1.0,23000.0,23000.0,23000.0,23000.0
Jharkhand,Dhanbad,Dhanbad,Other,Beverages,8.13,22000,24000,23000,2013-12-12,23000.0,0.0,0.0,1.0,23000.0,23000.0,23000.0,23000.0
Jharkhand,Dhanbad,Dhanbad,Other,Beverages,8.05,22000,24000,23000,2013-12-13,23000.0,0.0,0.0,1.0,23000.0,23000.0,23000.0,23000.0
Jharkhand,Dhanbad,Dhanbad,Other,Beverages,0.33,22000,24000,23000,2013-12-14,23000.0,0.0,0.0,1.0,23000.0,23000.0,23000.0,23000.0
Jharkhand,Dhanbad,Dhanbad,Other,Beverages,7.51,22000,24000,23000,2013-12-15,23000.0,0.0,0.0,1.0,23000.0,23000.0,23000.0,23000.0
Jharkhand,Dhanbad,Dhanbad,Other,Beverages,62.56,22000,24000,23000,2013-12-16,23000.0,0.0,0.0,1.0,23000.0,23000.0,23000.0,23000.0
Jharkhand,Dhanbad,Dhanbad,Other,Beverages,8.9,22000,24000,23000,2013-12-17,23000.0,0.0,0.0,1.0,23000.0,23000.0,23000.0,23000.0
Jharkhand,Dhanbad,Dhanbad,Other,Beverages,8.17,22000,24000,23000,2013-12-18,23000.0,0.0,0.0,1.0,23000.0,23000.0,23000.0,23000.0
Jharkhand,Dhanbad,Dhanbad,Other,Beverages,13.71,22000,24000,23000,2013-12-19,23000.0,0.0,0.0,1.0,23000.0,23000.0,23000.0,23000.0
Jharkhand,Dhanbad,Dhanbad,Other,Beverages,7.76,22000,24000,23000,2013-12-20,23000.0,0.0,0.0,2.0,23000.0,23000.0,23000.0,23000.0
Jharkhand,Dhanbad,Dhanbad,Other,Beverages,15.42,22000,24000,23000,2013-12-22,23000.0,0.0,0.0,1.0,23000.0,23000.0,23000.0,23000.0
Jharkhand,Dhanbad,Dhanbad,Other,Beverages,8.28,22000,24000,23000,2013-12-23,23000.0,0.0,0.0,2.0,23000.0,23000.0,23000.0,23000.0
Jharkhand,Dhanbad,Dhanbad,Other,Beverages,7.55,22000,24000,23000,2013-12-25,23000.0,0.0,0.0,1.0,23000.0,23000.0,23000.0,23000.0
Jharkhand,Dhanbad,Dhanbad,Other,Beverages,8.7,22000,24000,23000,2013-12-26,23000.0,0.0,0.0,2.0,23000.0,23000.0,23000.0,23000.0
Jharkhand,Dhanbad,Dhanbad,Other,Beverages,15.75,22000,24000,23000,2013-12-28,23000.0,0.0,0.0,1.0,23000.0,23000.0,23000.0,23000.0
Jharkhand,Dhanbad,Dhanbad,Other,Beverages,6.78,22000,24000,23000,2013-12-29,23000.0,0.0,0.0,1.0,23000.0,23000.0,23000.0,23000.0
Jharkhand,Dhanbad,Dhanbad,Other,Beverages,25.37,22000,24000,23000,2013-12-30,23000.0,0.0,0.0,2.0,23000.0,23000.0,23000.0,23000.0
Jharkhand,Dhanbad,Dhanbad,Other,Beverages,0.04,22000,24000,23000,2014-01-01,23000.0,0.0,0.0,1.0,23000.0,23000.0,23000.0,23000.0
Jharkhand,Dhanbad,Dhanbad,Other,Beverages,6.78,22000,24000,23000,2014-01-02,23000.0,0.0,0.0,4.0,23000.0,23000.0,23000.0,23000.0
Jharkhand,Dhanbad,Dhanbad,Other,Beverages,8.35,22000,24000,23000,2014-01-06,23000.0,0.0,0.0,1.0,23000.0,23000.0,23000.0,23000.0
Jharkhand,Dhanbad,Dhanbad,Other,Beverages,8.2,22000,24000,23000,2014-01-07,23000.0,0.0,0.0,3.0,23000.0,23000.0,23000.0,23000.0
Jharkhand,Dhanbad,Dhanbad,Other,Beverages,0.04,22000,24000,23000,2014-01-10,23000.0,0.0,0.0,2.0,23000.0,23000.0,23000.0,23000.0
Jharkhand,Dhanbad,Dhanbad,Other,Beverages,0.08,22000,24000,23000,2014-01-12,23000.0,0.0,0.0,1.0,23000.0,23000.0,23000.0,23000.0
Jharkhand,Dhanbad,Dhanbad,Other,Beverages,9.36,22000,24000,23000,2014-01-13,23000.0,0.0,0.0,1.0,23000.0,23000.0,23000.0,23000.0
Jharkhand,Dhanbad,Dhanbad,Other,Beverages,7.77,22000,24000,23000,2014-01-14,23000.0,0.0,0.0,1.0,23000.0,23000.0,23000.0,23000.0
Jharkhand,Dhanbad,Dhanbad,Other,Beverages,7.93,22000,24000,23000,2014-01-15,23000.0,0.0,0.0,1.0,23000.0,23000.0,23000.0,23000.0
Jharkhand,Dhanbad,Dhanbad,Other,Beverages,7.8,22000,24000,23000,2014-01-16,23000.0,0.0,0.0,1.0,23000.0,23000.0,23000.0,23000.0
Jharkhand,Dhanbad,Dhanbad,Other,Beverages,0.12,22000,24000,23000,2014-01-17,23000.0,0.0,0.0,1.0,23000.0,23000.0,23000.0,23000.0
Jharkhand,Dhanbad,Dhanbad,Other,Beverages,8.4,22000,24000,23000,2014-01-18,23000.0,0.0,0.0,3.0,23000.0,23000.0,23000.0,23000.0
Jharkhand,Dhanbad,Dhanbad,Other,Beverages,0.36,22000,24000,23000,2014-01-21,23000.0,0.0,0.0,3.0,23000.0,23000.0,23000.0,23000.0
Jharkhand,Dhanbad,Dhanbad,Other,Beverages,8.43,22000,24000,23000,2014-01-24,23000.0,0.0,0.0,2.0,23000.0,23000.0,23000.0,23000.0
Jharkhand,Dhanbad,Dhanbad,Other,Beverages,8.22,22000,24000,23000,2014-01-26,23000.0,0.0,0.0,7.0,23000.0,23000.0,23000.0,23000.0
Jharkhand,Dhanbad,Dhanbad,Other,Beverages,0.1,22000,24000,23000,2014-02-02,23000.0,0.0,0.0,2.0,23000.0,23000.0,23000.0,23000.0
Jharkhand,Dhanbad,Dhanbad,Other,Beverages,7.82,22000,24000,23000,2014-02-04,23000.0,0.0,0.0,1.0,23000.0,23000.0,23000.0,23000.0
Jharkhand,Dhanbad,Dhanbad,Other,Beverages,0.05,22000,24000,23000,2014-02-05,23000.0,0.0,0.0,1.0,23000.0,23000.0,23000.0,23000.0
Jharkhand,Dhanbad,Dhanbad,Other,Beverages,15.82,22000,24000,23000,2014-02-06,23000.0,0.0,0.0,1.0,23000.0,23000.0,23000.0,23000.0
Jharkhand,Dhanbad,Dhanbad,Other,Beverages,0.29,22000,24000,23000,2014-02-07,23500.0,0.0217391304347826,0.0215062052209636,2.0,23000.0,23000.0,23000.0,23000.0
Jharkhand,Dhanbad,Dhanbad,Other,Beverages,0.13,22000,24000,23500,2014-02-09,23000.0,-0.0212765957446808,-0.0215062052209636,1.0,23000.0,23000.0,23000.0,23000.0
Jharkhand,Dhanbad,Dhanbad,Other,Beverages,17.22,22000,24000,23000,2014-02-10,23000.0,0.0,0.0,2.0,23500.0,23000.0,23000.0,23000.0
Jharkhand,Dhanbad,Dhanbad,Other,Beverages,17.37,22000,24000,23000,2014-02-12,23000.0,0.0,0.0,2.0,23000.0,23000.0,23000.0,23000.0
Jharkhand,Dhanbad,Dhanbad,Other,Beverages,0.19,22000,24000,23000,2014-02-14,23000.0,0.0,0.0,1.0,23000.0,23000.0,23000.0,23000.0
Jharkhand,Dhanbad,Dhanbad,Other,Beverages,8.08,22000,24000,23000,2014-02-15,23000.0,0.0,0.0,1.0,23000.0,23000.0,23000.0,23000.0
Jharkhand,Dhanbad,Dhanbad,Other,Beverages,7.78,22000,24000,23000,2014-02-16,23000.0,0.0,0.0,1.0,23000.0,23000.0,23000.0,23000.0
Jharkhand,Dhanbad,Dhanbad,Other,Beverages,8.3,22000,24000,23000,2014-02-17,23500.0,0.0217391304347826,0.0215062052209636,1.0,23000.0,23000.0,23000.0,23000.0
Jharkhand,Dhanbad,Dhanbad,Other,Beverages,14.26,22000,24000,23500,2014-02-18,23400.0,-0.0042553191489361,-0.0042643987864575,1.0,23000.0,23500.0,23000.0,23000.0
Jharkhand,Dhanbad,Dhanbad,Other,Beverages,8.1,22500,24500,23400,2014-02-19,23400.0,0.0,0.0,1.0,23500.0,23000.0,23000.0,23000.0
Jharkhand,Dhanbad,Dhanbad,Other,Beverages,6.41,22500,24500,23400,2014-02-20,23550.0,0.0064102564102564,0.0063897980987709,1.0,23400.0,23000.0,23000.0,23000.0
Jharkhand,Dhanbad,Dhanbad,Other,Beverages,14.77,22500,24950,23550,2014-02-21,23500.0,-0.0021231422505307,-0.0021253993123134,2.0,23400.0,23000.0,23000.0,23000.0
Jharkhand,Dhanbad,Dhanbad,Other,Beverages,0.09,22500,24500,23500,2014-02-23,23500.0,0.0,0.0,2.0,23550.0,23000.0,23000.0,23000.0
Jharkhand,Dhanbad,Dhanbad,Other,Beverages,0.77,22500,24500,23500,2014-02-25,23500.0,0.0,0.0,1.0,23500.0,23000.0,23000.0,23000.0
Jharkhand,Dhanbad,Dhanbad,Other,Beverages,0.1,22500,24500,23500,2014-02-26,23500.0,0.0,0.0,1.0,23500.0,23000.0,23000.0,23000.0
Jharkhand,Dhanbad,Dhanbad,Other,Beverages,7.74,22500,24500,23500,2014-02-27,23500.0,0.0,0.0,1.0,23500.0,23500.0,23500.0,23000.0
Jharkhand,Dhanbad,Dhanbad,Other,Beverages,0.05,22500,24500,23500,2014-02-28,22000.0,-0.0638297872340425,-0.0659579677917974,1.0,23500.0,23400.0,23000.0,23000.0
Jharkhand,Dhanbad,Dhanbad,Other,Beverages,12.96,21000,23000,22000,2014-03-01,22000.0,0.0,0.0,1.0,23500.0,23400.0,23000.0,23000.0
Jharkhand,Dhanbad,Dhanbad,Other,Beverages,9.88,21000,23000,22000,2014-03-02,22000.0,0.0,0.0,1.0,22000.0,23550.0,23000.0,23000.0
Jharkhand,Dhanbad,Dhanbad,Other,Beverages,0.06,21000,23000,22000,2014-03-03,22000.0,0.0,0.0,2.0,22000.0,23500.0,23000.0,23000.0
Jharkhand,Dhanbad,Dhanbad,Other,Beverages,30.05,21000,23000,22000,2014-03-05,22000.0,0.0,0.0,2.0,22000.0,23500.0,23000.0,23000.0
Jharkhand,Dhanbad,Dhanbad,Other,Beverages,15.68,21000,23000,22000,2014-03-07,22000.0,0.0,0.0,1.0,22000.0,23500.0,23000.0,23000.0
Jharkhand,Dhanbad,Dhanbad,Other,Beverages,7.96,21000,23000,22000,2014-03-08,22000.0,0.0,0.0,1.0,22000.0,23500.0,23500.0,23000.0
Jharkhand,Dhanbad,Dhanbad,Other,Beverages,6.2,21000,23000,22000,2014-03-09,22000.0,0.0,0.0,1.0,22000.0,23500.0,23400.0,23000.0
Jharkhand,Dhanbad,Dhanbad,Other,Beverages,0.09,21000,23000,22000,2014-03-10,22000.0,0.0,0.0,1.0,22000.0,22000.0,23400.0,23000.0
Jharkhand,Dhanbad,Dhanbad,Other,Beverages,8.51,21000,23000,22000,2014-03-11,22000.0,0.0,0.0,1.0,22000.0,22000.0,23550.0,23000.0
Jharkhand,Dhanbad,Dhanbad,Other,Beverages,14.66,21000,23000,22000,2014-03-12,22000.0,0.0,0.0,1.0,22000.0,22000.0,23500.0,23000.0
Jharkhand,Dhanbad,Dhanbad,Other,Beverages,8.68,21000,23000,22000,2014-03-13,22000.0,0.0,0.0,1.0,22000.0,22000.0,23500.0,23000.0
Jharkhand,Dhanbad,Dhanbad,Other,Beverages,8.71,21000,23000,22000,2014-03-14,22000.0,0.0,0.0,5.0,22000.0,22000.0,23500.0,23000.0
Jharkhand,Dhanbad,Dhanbad,Other,Beverages,0.1,21000,23000,22000,2014-03-19,22000.0,0.0,0.0,3.0,22000.0,22000.0,23500.0,23000.0
Jharkhand,Dhanbad,Dhanbad,Other,Beverages,0.09,21000,23000,22000,2014-03-22,22000.0,0.0,0.0,1.0,22000.0,22000.0,23500.0,23000.0
Jharkhand,Dhanbad,Dhanbad,Other,Beverages,7.86,21000,23000,22000,2014-03-23,22000.0,0.0,0.0,1.0,22000.0,22000.0,22000.0,23500.0
Jharkhand,Dhanbad,Dhanbad,Other,Beverages,0.12,21000,23000,22000,2014-03-24,22000.0,0.0,0.0,1.0,22000.0,22000.0,22000.0,23000.0
Jharkhand,Dhanbad,Dhanbad,Other,Beverages,0.3,18000,21000,19000,2014-05-20,14000.0,-0.2631578947368421,-0.3053816495511819,6.0,22000.0,22000.0,22000.0,23000.0
Jharkhand,Dhanbad,Dhanbad,Other,Beverages,7.0,12000,18000,14000,2014-05-26,14000.0,0.0,0.0,1.0,19000.0,22000.0,22000.0,23000.0
Jharkhand,Dhanbad,Dhanbad,Other,Beverages,9.0,12000,18000,14000,2014-05-27,17000.0,0.2142857142857142,0.1941560144409574,1.0,14000.0,22000.0,22000.0,23000.0
Jharkhand,Dhanbad,Dhanbad,Other,Beverages,0.06,16000,18000,17000,2014-05-28,17000.0,0.0,0.0,1.0,14000.0,22000.0,22000.0,23000.0
Jharkhand,Dhanbad,Dhanbad,Other,Beverages,8.0,16000,18000,17000,2014-05-29,17000.0,0.0,0.0,1.0,17000.0,22000.0,22000.0,23000.0
Jharkhand,Dhanbad,Dhanbad,Other,Beverages,9.0,16000,18000,17000,2014-05-30,17000.0,0.0,0.0,1.0,17000.0,22000.0,22000.0,23500.0
Jharkhand,Dhanbad,Dhanbad,Other,Beverages,8.0,16000,18000,17000,2014-05-31,17000.0,0.0,0.0,2.0,17000.0,22000.0,22000.0,23400.0
Jharkhand,Dhanbad,Dhanbad,Other,Beverages,8.0,16000,18000,17000,2014-06-02,17000.0,0.0,0.0,2.0,17000.0,19000.0,22000.0,23400.0
Jharkhand,Dhanbad,Dhanbad,Other,Beverages,15.0,16000,18000,17000,2014-06-04,17000.0,0.0,0.0,2.0,17000.0,14000.0,22000.0,23550.0
Jharkhand,Dhanbad,Dhanbad,Other,Beverages,0.2,16000,18000,17000,2014-06-06,17500.0,0.0294117647058823,0.0289875368732521,2.0,17000.0,14000.0,22000.0,23500.0
Jharkhand,Dhanbad,Dhanbad,Other,Beverages,8.0,16000,18000,17500,2014-06-08,17400.0,-0.0057142857142857,-0.0057306747089849,3.0,17000.0,17000.0,22000.0,23500.0
Jharkhand,Dhanbad,Dhanbad,Other,Beverages,9.0,16000,18000,17400,2014-06-11,17500.0,0.0057471264367816,0.005730674708985,2.0,17500.0,17000.0,22000.0,23500.0
Jharkhand,Dhanbad,Dhanbad,Other,Beverages,8.0,16000,18000,17500,2014-06-13,17000.0,-0.0285714285714285,-0.0289875368732522,2.0,17400.0,17000.0,22000.0,23500.0
Jharkhand,Dhanbad,Dhanbad,Other,Beverages,18.0,16000,18000,17000,2014-06-15,17500.0,0.0294117647058823,0.0289875368732521,2.0,17500.0,17000.0,22000.0,23500.0
Jharkhand,Dhanbad,Dhanbad,Other,Beverages,9.0,16000,18000,17500,2014-06-17,17000.0,-0.0285714285714285,-0.0289875368732522,1.0,17000.0,17000.0,19000.0,22000.0
Jharkhand,Dhanbad,Dhanbad,Other,Beverages,0.1,16000,18000,17000,2014-06-18,17000.0,0.0,0.0,3.0,17500.0,17000.0,14000.0,22000.0
Jharkhand,Dhanbad,Dhanbad,Other,Beverages,10.0,16000,18000,17000,2014-06-21,17000.0,0.0,0.0,4.0,17000.0,17000.0,14000.0,22000.0
Jharkhand,Dhanbad,Dhanbad,Other,Beverages,8.0,16000,18000,17000,2014-06-25,17000.0,0.0,0.0,1.0,17000.0,17500.0,17000.0,22000.0
Jharkhand,Dhanbad,Dhanbad,Other,Beverages,7.0,16000,18000,17000,2014-06-26,17000.0,0.0,0.0,5.0,17000.0,17400.0,17000.0,22000.0
Jharkhand,Dhanbad,Dhanbad,Other,Beverages,7.0,16000,18000,17000,2014-07-01,1700.0,-0.9,-2.302585092994045,3.0,17000.0,17500.0,17000.0,22000.0
Jharkhand,Dhanbad,Dhanbad,Other,Beverages,8.0,1600,1800,1700,2014-07-04,17000.0,9.0,2.302585092994046,4.0,17000.0,17000.0,17000.0,22000.0
Jharkhand,Dhanbad,Dhanbad,Other,Beverages,29.0,16000,18000,17000,2014-07-08,17000.0,0.0,0.0,2.0,1700.0,17500.0,17000.0,22000.0
Jharkhand,Dhanbad,Dhanbad,Other,Beverages,9.0,16000,18000,17000,2014-07-10,17000.0,0.0,0.0,1.0,17000.0,17000.0,17000.0,22000.0
Jharkhand,Dhanbad,Dhanbad,Other,Beverages,18.0,16000,18000,17000,2014-07-11,17000.0,0.0,0.0,1.0,17000.0,17000.0,17000.0,22000.0
Jharkhand,Dhanbad,Dhanbad,Other,Beverages,8.0,16000,18000,17000,2014-07-12,17000.0,0.0,0.0,2.0,17000.0,17000.0,17500.0,22000.0
Jharkhand,Dhanbad,Dhanbad,Other,Beverages,8.0,16000,18000,17000,2014-07-14,17600.0,0.0352941176470588,0.0346855579878901,1.0,17000.0,17000.0,17400.0,22000.0
Jharkhand,Dhanbad,Dhanbad,Other,Beverages,29.0,16000,18000,17600,2014-07-15,17600.0,0.0,0.0,1.0,17000.0,17000.0,17500.0,22000.0
Jharkhand,Dhanbad,Dhanbad,Other,Beverages,9.0,16000,18000,17600,2014-07-16,16500.0,-0.0625,-0.0645385211375711,4.0,17600.0,1700.0,17000.0,22000.0
Jharkhand,Dhanbad,Dhanbad,Other,Beverages,9.0,16000,18000,16500,2014-07-20,17500.0,0.0606060606060606,0.0588405000229333,2.0,17600.0,17000.0,17500.0,22000.0
Jharkhand,Dhanbad,Dhanbad,Other,Beverages,8.0,16000,18000,17500,2014-07-22,17000.0,-0.0285714285714285,-0.0289875368732522,1.0,16500.0,17000.0,17000.0,22000.0
Jharkhand,Dhanbad,Dhanbad,Other,Beverages,8.0,16000,18000,17000,2014-07-23,17000.0,0.0,0.0,1.0,17500.0,17000.0,17000.0,19000.0
Jharkhand,Dhanbad,Dhanbad,Other,Beverages,9.0,16000,18000,17000,2014-07-24,17000.0,0.0,0.0,1.0,17000.0,17000.0,17000.0,14000.0
Jharkhand,Dhanbad,Dhanbad,Other,Beverages,7.0,16000,18000,17000,2014-07-25,17500.0,0.0294117647058823,0.0289875368732521,2.0,17000.0,17000.0,17000.0,14000.0
Jharkhand,Dhanbad,Dhanbad,Other,Beverages,15.0,16000,18000,17500,2014-07-27,17000.0,-0.0285714285714285,-0.0289875368732522,3.0,17000.0,17600.0,17000.0,17000.0
Jharkhand,Dhanbad,Dhanbad,Other,Beverages,16.0,16000,18000,17000,2014-07-30,17500.0,0.0294117647058823,0.0289875368732521,3.0,17500.0,17600.0,1700.0,17000.0
Jharkhand,Dhanbad,Dhanbad,Other,Beverages,8.0,16000,18000,17500,2014-08-02,17400.0,-0.0057142857142857,-0.0057306747089849,1.0,17000.0,16500.0,17000.0,17000.0
Jharkhand,Dhanbad,Dhanbad,Other,Beverages,9.0,16000,18000,17000,2014-08-12,17500.0,0.0294117647058823,0.0289875368732521,1.0,17500.0,17500.0,17000.0,17000.0
Jharkhand,Dhanbad,Dhanbad,Other,Beverages,23.0,16000,18000,17500,2014-08-13,17500.0,0.0,0.0,3.0,17000.0,17000.0,17000.0,17000.0
Jharkhand,Dhanbad,Dhanbad,Other,Beverages,7.0,16000,18000,17500,2014-08-16,17500.0,0.0,0.0,6.0,17500.0,17000.0,17000.0,17000.0
Jharkhand,Dhanbad,Dhanbad,Other,Beverages,9.0,16000,18000,17500,2014-08-22,17400.0,-0.0057142857142857,-0.0057306747089849,1.0,17500.0,17000.0,17000.0,17000.0
Jharkhand,Dhanbad,Dhanbad,Other,Beverages,7.0,16000,18000,17400,2014-08-23,17000.0,-0.0229885057471264,-0.0232568621642672,3.0,17500.0,17500.0,17600.0,17500.0
Jharkhand,Dhanbad,Dhanbad,Other,Beverages,6.0,16000,18000,17000,2014-08-26,17000.0,0.0,0.0,2.0,17400.0,17000.0,17600.0,17400.0
Jharkhand,Dhanbad,Dhanbad,Other,Beverages,15.0,16000,18000,17000,2014-08-28,17000.0,0.0,0.0,1.0,17000.0,17500.0,16500.0,17500.0
Jharkhand,Dhanbad,Dhanbad,Other,Beverages,6.0,16000,18000,17000,2014-08-29,17000.0,0.0,0.0,3.0,17000.0,17000.0,17500.0,17000.0
Jharkhand,Dhanbad,Dhanbad,Other,Beverages,6.0,16000,18000,17000,2014-09-01,17500.0,0.0294117647058823,0.0289875368732521,2.0,17000.0,17500.0,17000.0,17500.0
Jharkhand,Dhanbad,Dhanbad,Other,Beverages,17.0,16000,18000,17500,2014-09-03,17000.0,-0.0285714285714285,-0.0289875368732522,3.0,17000.0,17500.0,17000.0,17000.0
Jharkhand,Dhanbad,Dhanbad,Other,Beverages,7.0,16000,18000,17000,2014-09-06,17000.0,0.0,0.0,1.0,17500.0,17500.0,17000.0,17000.0
Jharkhand,Dhanbad,Dhanbad,Other,Beverages,8.0,16000,18000,17000,2014-09-07,17000.0,0.0,0.0,3.0,17000.0,17400.0,17500.0,17000.0
Jharkhand,Dhanbad,Dhanbad,Other,Beverages,2.0,16000,18000,17000,2014-09-10,17000.0,0.0,0.0,2.0,17000.0,17000.0,17000.0,17000.0
Jharkhand,Dhanbad,Dhanbad,Other,Beverages,8.0,16000,18000,17000,2014-09-12,18000.0,0.0588235294117647,0.0571584138399486,1.0,17000.0,17000.0,17500.0,17000.0
Jharkhand,Dhanbad,Dhanbad,Other,Beverages,8.0,16000,19000,18000,2014-09-13,18000.0,0.0,0.0,5.0,17000.0,17000.0,17000.0,1700.0
Jharkhand,Dhanbad,Dhanbad,Other,Beverages,7.0,17000,19000,18000,2014-09-18,17500.0,-0.0277777777777777,-0.0281708769666963,1.0,18000.0,17000.0,17500.0,17000.0
Jharkhand,Dhanbad,Dhanbad,Other,Beverages,16.0,17000,18000,17500,2014-09-19,18000.0,0.0285714285714285,0.0281708769666962,1.0,18000.0,17500.0,17500.0,17000.0
Jharkhand,Dhanbad,Dhanbad,Other,Beverages,16.0,17000,18000,18000,2014-09-20,17500.0,-0.0277777777777777,-0.0281708769666963,2.0,17500.0,17000.0,17500.0,17000.0
Jharkhand,Dhanbad,Dhanbad,Other,Beverages,8.0,16000,18000,17500,2014-09-22,17600.0,0.0057142857142857,0.0056980211146377,4.0,18000.0,17000.0,17400.0,17000.0
Jharkhand,Dhanbad,Dhanbad,Other,Beverages,8.0,17000,18000,17600,2014-09-26,18000.0,0.0227272727272727,0.0224728558520585,1.0,17500.0,17000.0,17000.0,17000.0
Jharkhand,Dhanbad,Dhanbad,Other,Beverages,15.0,16000,19000,18000,2014-09-27,18000.0,0.0,0.0,1.0,17600.0,17000.0,17000.0,17600.0
Jharkhand,Dhanbad,Dhanbad,Other,Beverages,9.0,16000,19000,18000,2014-09-28,18500.0,0.0277777777777777,0.0273989741881143,1.0,18000.0,18000.0,17000.0,17600.0
Jharkhand,Dhanbad,Dhanbad,Other,Beverages,8.0,16000,19000,18500,2014-09-29,17000.0,-0.081081081081081,-0.084557388028063,3.0,18000.0,18000.0,17000.0,16500.0
Jharkhand,Dhanbad,Dhanbad,Other,Beverages,7.0,16000,18000,17000,2014-10-02,19500.0,0.1470588235294117,0.1372011215134849,5.0,18500.0,17500.0,17500.0,17500.0
Jharkhand,Dhanbad,Dhanbad,Other,Beverages,16.0,18000,20000,19500,2014-10-07,17500.0,-0.1025641025641025,-0.1082135846402327,6.0,17000.0,18000.0,17000.0,17000.0
Jharkhand,Dhanbad,Dhanbad,Other,Beverages,9.0,16000,18000,17500,2014-10-13,21500.0,0.2285714285714285,0.2058520542041488,1.0,19500.0,17500.0,17000.0,17000.0
Jharkhand,Dhanbad,Dhanbad,Other,Beverages,8.0,19000,22000,21500,2014-10-14,18500.0,-0.1395348837209302,-0.150282203049338,1.0,17500.0,17600.0,17000.0,17000.0
Jharkhand,Dhanbad,Dhanbad,Other,Beverages,13.0,17000,19000,18500,2014-10-15,17500.0,-0.054054054054054,-0.0555698511548107,1.0,21500.0,18000.0,17000.0,17500.0
Jharkhand,Dhanbad,Dhanbad,Other,Beverages,9.0,16000,18000,17500,2014-10-16,17500.0,0.0,0.0,3.0,18500.0,18000.0,18000.0,17000.0
Jharkhand,Dhanbad,Dhanbad,Other,Beverages,8.0,16000,18000,17500,2014-10-19,17800.0,0.0171428571428571,0.016997576368571,3.0,17500.0,18500.0,18000.0,17500.0
Jharkhand,Dhanbad,Dhanbad,Other,Beverages,7.0,16000,18000,17800,2014-10-22,17600.0,-0.0112359550561797,-0.0112995552539333,2.0,17500.0,17000.0,17500.0,17000.0
Jharkhand,Dhanbad,Dhanbad,Other,Beverages,6.0,16000,18000,17600,2014-10-24,17800.0,0.0113636363636363,0.0112995552539334,5.0,17800.0,19500.0,18000.0,17500.0
Jharkhand,Dhanbad,Dhanbad,Other,Beverages,7.0,16000,18000,17800,2014-10-29,17800.0,0.0,0.0,1.0,17600.0,17500.0,17500.0,17500.0
Jharkhand,Dhanbad,Dhanbad,Other,Beverages,14.0,16000,18000,17800,2014-10-30,17600.0,-0.0112359550561797,-0.0112995552539333,1.0,17800.0,21500.0,17600.0,17500.0
Jharkhand,Dhanbad,Dhanbad,Other,Beverages,8.0,16000,18000,17600,2014-10-31,17500.0,-0.0056818181818181,-0.0056980211146377,7.0,17800.0,18500.0,18000.0,17400.0
Jharkhand,Dhanbad,Dhanbad,Other,Beverages,6.0,16000,18000,17500,2014-11-07,18500.0,0.0571428571428571,0.0555698511548107,1.0,17600.0,17500.0,18000.0,17000.0
Jharkhand,Dhanbad,Dhanbad,Other,Beverages,7.0,17000,19000,18500,2014-11-08,18550.0,0.0027027027027027,0.0026990569691649,1.0,17500.0,17500.0,18500.0,17000.0
Jharkhand,Dhanbad,Dhanbad,Other,Beverages,17.0,17000,19000,18550,2014-11-09,18550.0,0.0,0.0,1.0,18500.0,17800.0,17000.0,17000.0
Jharkhand,Dhanbad,Dhanbad,Other,Beverages,7.0,17000,19000,18550,2014-11-10,18500.0,-0.0026954177897574,-0.002699056969165,1.0,18550.0,17600.0,19500.0,17000.0
Jharkhand,Dhanbad,Dhanbad,Other,Beverages,8.0,17000,19000,18500,2014-11-11,18500.0,0.0,0.0,1.0,18550.0,17800.0,17500.0,17500.0
Jharkhand,Dhanbad,Dhanbad,Other,Beverages,8.0,17000,19000,18500,2014-11-12,18550.0,0.0027027027027027,0.0026990569691649,2.0,18500.0,17800.0,21500.0,17000.0
Jharkhand,Dhanbad,Dhanbad,Other,Beverages,30.0,17000,19000,18550,2014-11-14,18650.0,0.0053908355795148,0.0053763570363804,1.0,18500.0,17600.0,18500.0,17000.0
Jharkhand,Dhanbad,Dhanbad,Other,Beverages,8.0,17000,19000,18650,2014-11-15,18650.0,0.0,0.0,1.0,18550.0,17500.0,17500.0,17000.0
Jharkhand,Dhanbad,Dhanbad,Other,Beverages,7.0,17000,19000,18650,2014-11-16,18500.0,-0.0080428954423592,-0.0080754140055454,2.0,18650.0,18500.0,17500.0,17000.0
Jharkhand,Dhanbad,Dhanbad,Other,Beverages,8.0,17000,19000,18500,2014-11-18,18550.0,0.0027027027027027,0.0026990569691649,1.0,18650.0,18550.0,17800.0,18000.0
Jharkhand,Dhanbad,Dhanbad,Other,Beverages,8.0,17000,19000,18550,2014-11-19,18550.0,0.0,0.0,1.0,18500.0,18550.0,17600.0,18000.0
Jharkhand,Dhanbad,Dhanbad,Other,Beverages,8.0,17000,19000,18550,2014-11-20,18500.0,-0.0026954177897574,-0.002699056969165,2.0,18550.0,18500.0,17800.0,17500.0
Jharkhand,Dhanbad,Dhanbad,Other,Beverages,9.0,17000,19000,18500,2014-11-22,18550.0,0.0027027027027027,0.0026990569691649,2.0,18550.0,18500.0,17800.0,18000.0
Jharkhand,Dhanbad,Dhanbad,Other,Beverages,7.0,17000,19000,18550,2014-11-24,18500.0,-0.0026954177897574,-0.002699056969165,1.0,18500.0,18550.0,17600.0,17500.0
Jharkhand,Dhanbad,Dhanbad,Other,Beverages,6.0,17000,19000,18500,2014-11-25,18550.0,0.0027027027027027,0.0026990569691649,5.0,18550.0,18650.0,17500.0,17600.0
Jharkhand,Dhanbad,Dhanbad,Other,Beverages,9.0,17000,19000,18550,2014-11-30,18550.0,0.0,0.0,3.0,18500.0,18650.0,18500.0,18000.0
Jharkhand,Dhanbad,Dhanbad,Other,Beverages,8.0,17000,19000,18550,2014-12-03,18550.0,0.0,0.0,1.0,18550.0,18500.0,18550.0,18000.0
Jharkhand,Dhanbad,Dhanbad,Other,Beverages,8.0,17000,19000,18550,2014-12-04,18550.0,0.0,0.0,1.0,18550.0,18550.0,18550.0,18500.0
Jharkhand,Dhanbad,Dhanbad,Other,Beverages,15.0,17000,19000,18550,2014-12-05,18500.0,-0.0026954177897574,-0.002699056969165,2.0,18550.0,18550.0,18500.0,17000.0
Jharkhand,Dhanbad,Dhanbad,Other,Beverages,7.0,17000,19000,18500,2014-12-07,18500.0,0.0,0.0,3.0,18550.0,18500.0,18500.0,19500.0
Jharkhand,Dhanbad,Dhanbad,Other,Beverages,23.0,17000,19000,18500,2014-12-10,18550.0,0.0027027027027027,0.0026990569691649,5.0,18500.0,18550.0,18550.0,17500.0
Jharkhand,Dhanbad,Dhanbad,Other,Beverages,8.0,17000,19000,18550,2014-12-15,18500.0,-0.0026954177897574,-0.002699056969165,1.0,18500.0,18500.0,18650.0,21500.0
Jharkhand,Dhanbad,Dhanbad,Other,Beverages,8.0,17000,19000,18500,2014-12-16,18500.0,0.0,0.0,1.0,18550.0,18550.0,18650.0,18500.0
Jharkhand,Dhanbad,Dhanbad,Other,Beverages,14.0,17000,19000,18500,2014-12-17,18500.0,0.0,0.0,1.0,18500.0,18550.0,18500.0,17500.0
Jharkhand,Dhanbad,Dhanbad,Other,Beverages,7.0,17000,19000,18500,2014-12-18,18500.0,0.0,0.0,5.0,18500.0,18550.0,18550.0,17500.0
Jharkhand,Dhanbad,Dhanbad,Other,Beverages,32.0,17000,19000,18500,2014-12-23,18500.0,0.0,0.0,2.0,18500.0,18550.0,18550.0,17800.0
Jharkhand,Dhanbad,Dhanbad,Other,Beverages,15.0,17000,19000,18500,2014-12-25,19550.0,0.0567567567567567,0.0552045543470957,5.0,18500.0,18500.0,18500.0,17600.0
Jharkhand,Dhanbad,Dhanbad,Other,Beverages,13.0,17000,19000,18500,2015-01-08,18500.0,0.0,0.0,3.0,18500.0,18500.0,18550.0,17800.0
Jharkhand,Dhanbad,Dhanbad,Other,Beverages,7.0,17000,19000,18500,2015-01-11,19550.0,0.0567567567567567,0.0552045543470957,2.0,18500.0,18550.0,18500.0,17800.0
Jharkhand,Dhanbad,Dhanbad,Other,Beverages,16.0,17000,21000,19550,2015-01-13,19550.0,0.0,0.0,3.0,18500.0,18500.0,18550.0,17600.0
Jharkhand,Dhanbad,Dhanbad,Other,Beverages,15.0,17000,21000,19550,2015-01-16,19565.0,0.0007672634271099,0.0007669692310009,1.0,19550.0,18500.0,18550.0,17500.0
Jharkhand,Dhanbad,Dhanbad,Other,Beverages,14.0,17500,21000,19565,2015-01-17,19500.0,-0.0033222591362126,-0.0033277900926746,2.0,19550.0,18500.0,18550.0,18500.0
Jharkhand,Dhanbad,Dhanbad,Other,Beverages,17.0,17000,21000,19500,2015-01-19,18500.0,-0.0512820512820512,-0.052643733485422,2.0,19565.0,18500.0,18550.0,18550.0
Jharkhand,Dhanbad,Dhanbad,Other,Beverages,8.0,17000,19000,18500,2015-01-21,18500.0,0.0,0.0,1.0,19500.0,18500.0,18500.0,18550.0
Jharkhand,Dhanbad,Dhanbad,Other,Beverages,5.0,17000,19000,18500,2015-01-22,18500.0,0.0,0.0,1.0,18500.0,18500.0,18500.0,18500.0
Jharkhand,Dhanbad,Dhanbad,Other,Beverages,15.0,17000,19000,18500,2015-01-23,18500.0,0.0,0.0,4.0,18500.0,18500.0,18550.0,18500.0
Jharkhand,Dhanbad,Dhanbad,Other,Beverages,7.0,17000,19000,18500,2015-01-27,18500.0,0.0,0.0,1.0,18500.0,19550.0,18500.0,18550.0
Jharkhand,Dhanbad,Dhanbad,Other,Beverages,8.0,17000,19000,18500,2015-01-28,19500.0,0.054054054054054,0.0526437334854218,5.0,18500.0,19550.0,18500.0,18650.0
Jharkhand,Dhanbad,Dhanbad,Other,Beverages,15.0,17000,21000,19500,2015-02-02,22500.0,0.1538461538461538,0.1431008436406732,7.0,18500.0,19565.0,18500.0,18650.0
Jharkhand,Dhanbad,Dhanbad,Other,Beverages,26.0,19000,24000,22500,2015-02-09,19500.0,-0.1333333333333333,-0.1431008436406733,4.0,19500.0,19500.0,18500.0,18500.0
Jharkhand,Dhanbad,Dhanbad,Other,Beverages,8.0,17000,21000,19500,2015-02-13,19500.0,0.0,0.0,1.0,22500.0,18500.0,18500.0,18550.0
Jharkhand,Dhanbad,Dhanbad,Other,Beverages,16.0,17000,21000,19500,2015-02-14,19500.0,0.0,0.0,3.0,19500.0,18500.0,18500.0,18550.0
Jharkhand,Dhanbad,Dhanbad,Other,Beverages,16.0,17000,21000,19500,2015-02-17,19500.0,0.0,0.0,3.0,19500.0,18500.0,18500.0,18500.0
Jharkhand,Dhanbad,Dhanbad,Other,Beverages,8.0,17000,21000,19500,2015-02-20,19500.0,0.0,0.0,1.0,19500.0,18500.0,19550.0,18550.0
Jharkhand,Dhanbad,Dhanbad,Other,Beverages,8.0,17000,21000,19500,2015-02-21,19500.0,0.0,0.0,3.0,19500.0,18500.0,19550.0,18500.0
Jharkhand,Dhanbad,Dhanbad,Other,Beverages,8.0,17000,21000,19500,2015-02-24,19500.0,0.0,0.0,2.0,19500.0,19500.0,19565.0,18550.0
Jharkhand,Dhanbad,Dhanbad,Other,Beverages,15.0,17000,21000,19500,2015-02-26,19500.0,0.0,0.0,2.0,19500.0,22500.0,19500.0,18550.0
Jharkhand,Dhanbad,Dhanbad,Other,Beverages,8.0,17000,21000,19500,2015-02-28,19500.0,0.0,0.0,1.0,19500.0,19500.0,18500.0,18550.0
Jharkhand,Dhanbad,Dhanbad,Other,Beverages,17.0,17000,21000,19500,2015-03-01,20500.0,0.0512820512820512,0.0500104205746614,3.0,19500.0,19500.0,18500.0,18550.0
Jharkhand,Dhanbad,Dhanbad,Other,Beverages,8.0,19000,21000,20500,2015-03-04,20500.0,0.0,0.0,4.0,19500.0,19500.0,18500.0,18500.0
Jharkhand,Dhanbad,Dhanbad,Other,Beverages,8.0,19000,21000,20500,2015-03-08,20500.0,0.0,0.0,1.0,20500.0,19500.0,18500.0,18500.0
Jharkhand,Dhanbad,Dhanbad,Other,Beverages,11.0,17000,21000,19500,2015-03-17,19550.0,0.0025641025641025,0.0025608208616736,1.0,20500.0,19500.0,18500.0,18550.0
Jharkhand,Dhanbad,Dhanbad,Other,Beverages,8.0,18000,21000,19550,2015-03-18,19850.0,0.0153452685421994,0.0152287207018246,2.0,19500.0,19500.0,19500.0,18500.0
Jharkhand,Dhanbad,Dhanbad,Other,Beverages,8.0,18000,21000,19850,2015-03-20,20500.0,0.0327455919395466,0.0322208790111629,1.0,19550.0,19500.0,22500.0,18500.0
Jharkhand,Dhanbad,Dhanbad,Other,Beverages,8.0,18000,22000,20500,2015-03-21,20500.0,0.0,0.0,2.0,19850.0,19500.0,19500.0,18500.0
Jharkhand,Dhanbad,Dhanbad,Other,Beverages,8.0,19000,22000,21250,2015-04-05,20500.0,-0.0352941176470588,-0.0359320092260633,6.0,20500.0,19500.0,19500.0,18500.0
Jharkhand,Dhanbad,Dhanbad,Other,Beverages,14.0,19000,21000,20500,2015-04-11,20500.0,0.0,0.0,6.0,21250.0,20500.0,19500.0,18500.0
Kerala,Alappuzha,Harippad,Other,Beverages,0.5,12500,13500,13500,2012-12-06,12500.0,-0.074074074074074,-0.0769610411361283,1.0,,,,
Kerala,Alappuzha,Harippad,Other,Beverages,1.0,12500,13500,12500,2012-12-07,13500.0,0.08,0.0769610411361284,2.0,13500.0,,,
Kerala,Alappuzha,Harippad,Other,Beverages,0.5,12500,14000,13500,2012-12-09,13800.0,0.0222222222222222,0.0219789067187751,1.0,12500.0,,,
Kerala,Alappuzha,Harippad,Other,Beverages,0.5,12800,13800,13800,2012-12-10,13800.0,0.0,0.0,1.0,13500.0,,,
Kerala,Alappuzha,Harippad,Other,Beverages,0.5,12800,13800,13800,2012-12-11,13500.0,-0.0217391304347826,-0.0219789067187752,2.0,13800.0,,,
Kerala,Alappuzha,Harippad,Other,Beverages,1.0,12500,13800,13500,2012-12-13,13500.0,0.0,0.0,1.0,13800.0,,,
Kerala,Kollam,Kollam,Other,Beverages,5.0,8500,10000,8500,2003-06-17,8500.0,0.0,0.0,3.0,,,,
Kerala,Kollam,Kollam,Other,Beverages,2.0,8500,10000,8500,2003-06-20,8500.0,0.0,0.0,4.0,8500.0,,,
Kerala,Kollam,Kollam,Other,Beverages,3.0,8500,10000,8500,2003-06-24,8500.0,0.0,0.0,7.0,8500.0,,,
Kerala,Kollam,Kollam,Other,Beverages,2.0,7000,10000,8500,2003-07-01,8500.0,0.0,0.0,3.0,8500.0,,,
Kerala,Kollam,Kollam,Other,Beverages,2.0,8500,10000,8500,2003-07-04,9000.0,0.0588235294117647,0.0571584138399486,4.0,8500.0,,,
Kerala,Kollam,Kollam,Other,Beverages,9.0,7000,10000,8500,2003-07-18,8500.0,0.0,0.0,4.0,8500.0,,,
Kerala,Kollam,Kollam,Other,Beverages,5.0,7500,9000,8500,2003-07-22,8500.0,0.0,0.0,3.0,8500.0,,,
Kerala,Kollam,Kollam,Other,Beverages,2.0,7500,9000,8500,2003-07-25,8500.0,0.0,0.0,4.0,8500.0,8500.0,,
Kerala,Kollam,Kollam,Other,Beverages,2.0,7500,9000,8500,2003-07-29,9000.0,0.0588235294117647,0.0571584138399486,3.0,8500.0,8500.0,,
Kerala,Kollam,Kollam,Other,Beverages,2.0,8500,11000,9000,2003-08-01,9000.0,0.0,0.0,4.0,8500.0,8500.0,,
Kerala,Kollam,Kollam,Other,Beverages,2.0,8500,11500,9000,2003-08-05,9000.0,0.0,0.0,7.0,9000.0,8500.0,,
Kerala,Kollam,Kollam,Other,Beverages,5.0,7500,10000,8500,2003-08-20,8500.0,0.0,0.0,2.0,9000.0,8500.0,,
Kerala,Kollam,Kollam,Other,Beverages,5.0,7000,10000,8000,2003-09-26,8000.0,0.0,0.0,7.0,8500.0,8500.0,,
Kerala,Kollam,Kollam,Other,Beverages,5.0,7000,10000,8500,2003-10-14,7500.0,-0.1176470588235294,-0.125163142954006,7.0,8000.0,8500.0,,
Kerala,Kollam,Kollam,Other,Beverages,2.0,6000,10000,7500,2003-10-21,7000.0,-0.0666666666666666,-0.0689928714869514,4.0,8500.0,8500.0,8500.0,
Kerala,Kollam,Kollam,Other,Beverages,3.0,5000,10000,7000,2003-10-25,6500.0,-0.0714285714285714,-0.0741079721537218,6.0,7500.0,8500.0,8500.0,
Kerala,Kollam,Kollam,Other,Beverages,3.0,5500,10000,6500,2003-10-31,7500.0,0.1538461538461538,0.1431008436406732,7.0,7000.0,9000.0,8500.0,
Kerala,Kollam,Kollam,Other,Beverages,3.0,7000,10500,9000,2003-12-23,9000.0,0.0,0.0,7.0,6500.0,9000.0,8500.0,
Kerala,Kollam,Kollam,Other,Beverages,3.0,7000,10500,9000,2004-01-16,9000.0,0.0,0.0,7.0,9000.0,8500.0,8500.0,
Kerala,Kollam,Kollam,Other,Beverages,2.0,7500,10500,9000,2004-01-23,8500.0,-0.0555555555555555,-0.0571584138399486,7.0,9000.0,8000.0,8500.0,
Kerala,Kollam,Kollam,Other,Beverages,3.0,7000,10500,9000,2004-02-10,9000.0,0.0,0.0,7.0,9000.0,8500.0,8500.0,
Kerala,Kollam,Kollam,Other,Beverages,2.0,7000,10500,9000,2004-02-17,9000.0,0.0,0.0,3.0,9000.0,7500.0,8500.0,
Kerala,Kollam,Kollam,Other,Beverages,1.0,7000,10500,9000,2004-03-05,9000.0,0.0,0.0,4.0,9000.0,7000.0,8500.0,
Kerala,Kollam,Kollam,Other,Beverages,5.0,7000,10500,9000,2004-03-19,9000.0,0.0,0.0,4.0,9000.0,6500.0,9000.0,
Kerala,Kollam,Kollam,Other,Beverages,5.0,7000,10500,8500,2004-05-28,8500.0,0.0,0.0,4.0,9000.0,9000.0,9000.0,
Kerala,Kollam,Kollam,Other,Beverages,3.0,7000,10500,9000,2004-06-11,9000.0,0.0,0.0,7.0,8500.0,9000.0,8500.0,
Kerala,Kollam,Kollam,Other,Beverages,5.0,7400,10600,10000,2004-07-30,9000.0,-0.1,-0.1053605156578262,7.0,9000.0,9000.0,8000.0,
Kerala,Kollam,Kollam,Other,Beverages,5.0,7000,10500,9000,2004-08-17,9000.0,0.0,0.0,3.0,10000.0,9000.0,8500.0,
Kerala,Kollam,Kollam,Other,Beverages,5.0,7000,10500,9500,2004-09-07,9000.0,-0.0526315789473684,-0.0540672212702758,7.0,9000.0,9000.0,7500.0,
Kerala,Kollam,Kollam,Other,Beverages,5.0,7000,10500,9000,2004-11-06,9000.0,0.0,0.0,3.0,9500.0,9000.0,7000.0,
Kerala,Kollam,Kollam,Other,Beverages,5.0,7000,10500,9000,2004-11-23,9000.0,0.0,0.0,7.0,9000.0,9000.0,6500.0,8500.0
Kerala,Kollam,Kollam,Other,Beverages,5.0,7000,10500,9000,2004-11-30,9000.0,0.0,0.0,7.0,9000.0,8500.0,9000.0,8500.0
Kerala,Kollam,Kollam,Other,Beverages,5.0,8000,11000,9500,2005-07-29,9000.0,-0.0526315789473684,-0.0540672212702758,7.0,9000.0,9000.0,9000.0,8500.0
Kerala,Kollam,Kollam,Other,Beverages,5.0,8000,11000,9000,2005-08-05,9000.0,0.0,0.0,7.0,9500.0,10000.0,9000.0,8500.0
Kerala,Kollam,Kollam,Other,Beverages,5.0,7500,11000,9000,2005-08-12,9000.0,0.0,0.0,4.0,9000.0,9000.0,9000.0,8500.0
Kerala,Kollam,Kollam,Other,Beverages,5.0,7500,11000,9000,2005-08-16,9000.0,0.0,0.0,3.0,9000.0,9500.0,9000.0,8500.0
Kerala,Kollam,Kollam,Other,Beverages,3.0,8500,10500,9000,2005-10-14,9200.0,0.0222222222222222,0.0219789067187751,7.0,9000.0,9000.0,9000.0,8500.0
Kerala,Kollam,Kollam,Other,Beverages,5.0,7000,10500,9000,2006-01-13,9000.0,0.0,0.0,7.0,9000.0,9000.0,9000.0,8500.0
Kerala,Kollam,Kollam,Other,Beverages,3.0,7500,11000,9500,2006-03-21,9500.0,0.0,0.0,7.0,9000.0,9000.0,8500.0,8500.0
Kerala,Kollam,Kollam,Other,Beverages,3.0,7500,11000,9500,2006-03-28,950.0,-0.9,-2.302585092994045,7.0,9500.0,9500.0,9000.0,9000.0
Kerala,Kollam,Kollam,Other,Beverages,5.0,8000,10000,9000,2006-08-18,9000.0,0.0,0.0,7.0,9500.0,9000.0,10000.0,9000.0
Kerala,Kollam,Kollam,Other,Beverages,10.0,8000,8500,8300,2007-05-29,8500.0,0.0240963855421686,0.0238106486937186,7.0,9000.0,9000.0,9000.0,8500.0
Kerala,Kollam,Kollam,Other,Beverages,2.0,12800,13000,12900,2009-06-12,12950.0,0.003875968992248,0.0038684767779203,4.0,8300.0,9000.0,9500.0,8000.0
Kerala,Kollam,Kollam,Other,Beverages,2.0,12800,13000,12900,2009-06-24,13800.0,0.0697674418604651,0.0674412807955324,6.0,12900.0,9000.0,9000.0,8500.0
Kerala,Kollam,Kollam,Other,Beverages,5.0,14400,14500,14450,2009-07-31,14450.0,0.0,0.0,4.0,12900.0,9000.0,9000.0,7500.0
Kerala,Kollam,Kollam,Other,Beverages,4.0,14400,14500,14450,2009-08-04,13900.0,-0.0380622837370242,-0.0388055744217951,3.0,14450.0,9500.0,9000.0,7000.0
Kerala,Kollam,Kollam,Other,Beverages,5.0,13800,14000,13900,2009-08-07,14450.0,0.039568345323741,0.038805574421795,4.0,14450.0,9500.0,9500.0,6500.0
Kerala,Kollam,Kollam,Other,Beverages,2.0,14400,14500,14450,2009-08-11,14450.0,0.0,0.0,3.0,13900.0,9000.0,9000.0,9000.0
Kerala,Kollam,Kollam,Other,Beverages,2.0,14400,14500,14450,2009-08-14,14450.0,0.0,0.0,7.0,14450.0,8300.0,9000.0,9000.0
Kerala,Kollam,Kollam,Other,Beverages,5.0,14400,14500,14450,2009-08-21,12900.0,-0.1072664359861591,-0.1134671031908147,4.0,14450.0,12900.0,9000.0,9000.0
Kerala,Kollam,Kollam,Other,Beverages,2.0,12800,13000,12900,2009-08-25,12900.0,0.0,0.0,3.0,14450.0,12900.0,9000.0,9000.0
Kerala,Kollam,Kollam,Other,Beverages,5.0,13800,14000,13900,2009-09-15,13900.0,0.0,0.0,3.0,12900.0,14450.0,9000.0,9000.0
Kerala,Kollam,Kollam,Other,Beverages,2.0,13800,14000,13900,2009-09-18,14300.0,0.0287769784172661,0.0283706971292155,7.0,13900.0,14450.0,9500.0,9000.0
Kerala,Kollam,Kollam,Other,Beverages,4.0,14000,14500,14300,2009-09-25,14450.0,0.0104895104895104,0.0104348772925794,4.0,13900.0,13900.0,9500.0,9000.0
Kerala,Kollam,Kollam,Other,Beverages,1.0,14400,14500,14450,2009-10-13,14400.0,-0.0034602076124567,-0.0034662079764862,7.0,14300.0,14450.0,9000.0,8500.0
Kerala,Kollam,Kollam,Other,Beverages,2.0,14300,14500,14400,2009-10-20,13900.0,-0.0347222222222222,-0.0353393664453088,3.0,14450.0,14450.0,8300.0,9000.0
Kerala,Kollam,Kollam,Other,Beverages,1.0,13800,14000,13900,2009-10-23,13900.0,0.0,0.0,7.0,14400.0,14450.0,12900.0,10000.0
Kerala,Kollam,Kollam,Other,Beverages,2.0,13800,14000,13900,2009-10-30,13950.0,0.0035971223021582,0.0035906681307285,4.0,13900.0,12900.0,12900.0,9000.0
Kerala,Kollam,Kollam,Other,Beverages,1.0,13900,14000,13950,2009-11-03,13900.0,-0.003584229390681,-0.0035906681307285,7.0,13900.0,13900.0,14450.0,9500.0
Kerala,Kollam,Kollam,Other,Beverages,2.0,13800,14000,13900,2009-11-10,13950.0,0.0035971223021582,0.0035906681307285,3.0,13950.0,13900.0,14450.0,9000.0
Kerala,Kollam,Kollam,Other,Beverages,2.0,13900,14000,13950,2009-11-13,13900.0,-0.003584229390681,-0.0035906681307285,4.0,13900.0,14300.0,13900.0,9000.0
Kerala,Kollam,Kollam,Other,Beverages,2.0,13800,14000,13900,2009-11-17,12950.0,-0.0683453237410072,-0.0707930519910993,2.0,13950.0,14450.0,14450.0,9000.0
Kerala,Kollam,Kollam,Other,Beverages,1.0,12900,13000,12950,2009-11-19,13800.0,0.0656370656370656,0.0635728040176123,2.0,13900.0,14400.0,14450.0,9500.0
Kerala,Kollam,Kollam,Other,Beverages,2.0,13500,14000,13800,2009-11-21,12950.0,-0.0615942028985507,-0.0635728040176123,4.0,12950.0,13900.0,14450.0,9000.0
Kerala,Kollam,Kollam,Other,Beverages,0.03,12900,13000,12950,2009-11-25,12950.0,0.0,0.0,5.0,13800.0,13900.0,12900.0,9000.0
Kerala,Kollam,Kollam,Other,Beverages,0.2,12900,13000,12950,2009-11-30,12450.0,-0.0386100386100386,-0.0393751652348301,2.0,12950.0,13950.0,13900.0,9000.0
Kerala,Kollam,Kollam,Other,Beverages,0.5,12400,12500,12450,2009-12-02,12900.0,0.036144578313253,0.0355066884569098,3.0,12950.0,13900.0,13900.0,9000.0
Kerala,Kollam,Kollam,Other,Beverages,0.1,12800,13000,12900,2009-12-05,13250.0,0.0271317829457364,0.0267702410646048,3.0,12450.0,13950.0,14300.0,9000.0
Kerala,Kollam,Kollam,Other,Beverages,0.15,13000,13500,13250,2009-12-08,11800.0,-0.1094339622641509,-0.1158980209606121,7.0,12900.0,13900.0,14450.0,9500.0
Kerala,Kollam,Kollam,Other,Beverages,0.5,11500,12000,11800,2009-12-15,11500.0,-0.0254237288135593,-0.0257524961024147,7.0,13250.0,12950.0,14400.0,9500.0
Kerala,Kollam,Kollam,Other,Beverages,0.01,11000,12000,11500,2009-12-22,13900.0,0.208695652173913,0.1895418047674416,6.0,11800.0,13800.0,13900.0,9000.0
Kerala,Kollam,Kollam,Other,Beverages,0.2,13800,14000,13900,2009-12-28,12800.0,-0.079136690647482,-0.0824436692110745,7.0,11500.0,12950.0,13900.0,8300.0
Kerala,Kollam,Kollam,Other,Beverages,0.2,12500,13000,12800,2010-01-04,13500.0,0.0546875,0.0532445145188122,2.0,13900.0,12950.0,13950.0,12900.0
Kerala,Kollam,Kollam,Other,Beverages,0.8,12000,12500,12200,2010-01-27,13900.0,0.1393442622950819,0.1304528883974352,5.0,12800.0,12450.0,13900.0,12900.0
Kerala,Kollam,Kollam,Other,Beverages,0.5,13800,14000,13900,2010-02-01,13000.0,-0.0647482014388489,-0.0669394826751093,4.0,12200.0,12900.0,13950.0,14450.0
Kerala,Kollam,Kollam,Other,Beverages,0.01,12500,13000,12800,2010-03-03,12500.0,-0.0234375,-0.023716526617316,2.0,13900.0,13250.0,13900.0,14450.0
Kerala,Kollam,Kollam,Other,Beverages,0.01,12000,13000,12500,2010-03-05,12500.0,0.0,0.0,5.0,12800.0,11800.0,12950.0,13900.0
Kerala,Kollam,Kollam,Other,Beverages,0.8,13600,14000,13800,2010-05-12,13500.0,-0.0217391304347826,-0.0219789067187752,1.0,12500.0,11500.0,13800.0,14450.0
Kerala,Kollam,Kollam,Other,Beverages,0.5,13000,14000,13500,2010-05-13,13800.0,0.0222222222222222,0.0219789067187751,1.0,13800.0,13900.0,12950.0,14450.0
Kerala,Kollam,Kollam,Other,Beverages,0.5,13600,14000,13800,2010-05-14,13500.0,-0.0217391304347826,-0.0219789067187752,3.0,13500.0,12800.0,12950.0,14450.0
Kerala,Kollam,Kollam,Other,Beverages,0.8,13000,14000,13500,2010-05-17,13500.0,0.0,0.0,1.0,13800.0,12200.0,12450.0,12900.0
Kerala,Kollam,Kollam,Other,Beverages,0.5,13000,14000,13500,2010-05-18,13900.0,0.0296296296296296,0.0291991546922623,1.0,13500.0,13900.0,12900.0,13900.0
Kerala,Kollam,Kollam,Other,Beverages,0.5,13800,14000,13900,2010-05-19,13800.0,-0.0071942446043165,-0.007220247973487,1.0,13500.0,12800.0,13250.0,13900.0
Kerala,Kollam,Kollam,Other,Beverages,0.5,13600,14000,13800,2010-05-20,13500.0,-0.0217391304347826,-0.0219789067187752,1.0,13900.0,12500.0,11800.0,14300.0
Kerala,Kollam,Kollam,Other,Beverages,0.5,13000,14000,13500,2010-05-21,13900.0,0.0296296296296296,0.0291991546922623,1.0,13800.0,13800.0,11500.0,14450.0
Kerala,Kollam,Kollam,Other,Beverages,0.5,13800,14000,13900,2010-05-22,13800.0,-0.0071942446043165,-0.007220247973487,2.0,13500.0,13500.0,13900.0,14400.0
Kerala,Kollam,Kollam,Other,Beverages,0.8,13600,14000,13800,2010-05-24,13800.0,0.0,0.0,1.0,13900.0,13800.0,12800.0,13900.0
Kerala,Kollam,Kollam,Other,Beverages,0.5,13600,14000,13800,2010-05-25,13500.0,-0.0217391304347826,-0.0219789067187752,1.0,13800.0,13500.0,12200.0,13900.0
Kerala,Kollam,Kollam,Other,Beverages,0.5,13000,14000,13500,2010-05-26,13500.0,0.0,0.0,1.0,13800.0,13500.0,13900.0,13950.0
Kerala,Kollam,Kollam,Other,Beverages,0.5,13000,14000,13500,2010-05-27,13800.0,0.0222222222222222,0.0219789067187751,1.0,13500.0,13900.0,12800.0,13900.0
Kerala,Kollam,Kollam,Other,Beverages,0.5,13600,14000,13800,2010-05-28,13500.0,-0.0217391304347826,-0.0219789067187752,3.0,13500.0,13800.0,12500.0,13950.0
Kerala,Kollam,Kollam,Other,Beverages,0.5,13000,14000,13500,2010-05-31,13800.0,0.0222222222222222,0.0219789067187751,1.0,13800.0,13500.0,13800.0,13900.0
Kerala,Kollam,Kollam,Other,Beverages,0.5,13600,14000,13800,2010-06-01,13500.0,-0.0217391304347826,-0.0219789067187752,1.0,13500.0,13900.0,13500.0,12950.0
Kerala,Kollam,Kollam,Other,Beverages,0.5,13000,14000,13500,2010-06-02,13500.0,0.0,0.0,1.0,13800.0,13800.0,13800.0,13800.0
Kerala,Kollam,Kollam,Other,Beverages,0.5,13000,14000,13500,2010-06-03,13500.0,0.0,0.0,1.0,13500.0,13800.0,13500.0,12950.0
Kerala,Kollam,Kollam,Other,Beverages,0.5,13000,14000,13500,2010-06-04,13500.0,0.0,0.0,1.0,13500.0,13500.0,13500.0,12950.0
Kerala,Kollam,Kollam,Other,Beverages,0.5,13000,14000,13500,2010-06-05,13500.0,0.0,0.0,2.0,13500.0,13500.0,13900.0,12450.0
Kerala,Kollam,Kollam,Other,Beverages,0.7,13000,14000,13500,2010-06-07,13500.0,0.0,0.0,1.0,13500.0,13800.0,13800.0,12900.0
Kerala,Kollam,Kollam,Other,Beverages,0.5,13000,14000,13500,2010-06-08,13500.0,0.0,0.0,1.0,13500.0,13500.0,13500.0,13250.0
Kerala,Kollam,Kollam,Other,Beverages,0.5,13000,14000,13500,2010-06-09,13500.0,0.0,0.0,1.0,13500.0,13800.0,13900.0,11800.0
Kerala,Kollam,Kollam,Other,Beverages,0.5,13000,14000,13500,2010-06-10,13500.0,0.0,0.0,1.0,13500.0,13500.0,13800.0,11500.0
Kerala,Kollam,Kollam,Other,Beverages,0.7,13000,14000,13500,2010-06-11,13500.0,0.0,0.0,4.0,13500.0,13500.0,13800.0,13900.0
Kerala,Kollam,Kollam,Other,Beverages,0.5,13000,14000,13500,2010-06-15,13500.0,0.0,0.0,1.0,13500.0,13500.0,13500.0,12800.0
Kerala,Kollam,Kollam,Other,Beverages,0.5,13000,14000,13500,2010-06-16,13500.0,0.0,0.0,1.0,13500.0,13500.0,13500.0,12200.0
Kerala,Kollam,Kollam,Other,Beverages,0.4,13000,14000,13500,2010-06-17,13500.0,0.0,0.0,1.0,13500.0,13500.0,13800.0,13900.0
Kerala,Kollam,Kollam,Other,Beverages,0.4,13000,14000,13500,2010-06-18,13500.0,0.0,0.0,1.0,13500.0,13500.0,13500.0,12800.0
Kerala,Kollam,Kollam,Other,Beverages,0.5,13000,14000,13500,2010-06-19,13500.0,0.0,0.0,2.0,13500.0,13500.0,13800.0,12500.0
Kerala,Kollam,Kollam,Other,Beverages,0.5,13000,14000,13500,2010-06-21,13500.0,0.0,0.0,1.0,13500.0,13500.0,13500.0,13800.0
Kerala,Kollam,Kollam,Other,Beverages,0.5,13000,14000,13500,2010-06-22,13500.0,0.0,0.0,1.0,13500.0,13500.0,13500.0,13500.0
Kerala,Kollam,Kollam,Other,Beverages,0.5,13000,14000,13500,2010-06-23,13500.0,0.0,0.0,1.0,13500.0,13500.0,13500.0,13800.0
Kerala,Kollam,Kollam,Other,Beverages,0.5,13000,14000,13500,2010-06-24,13500.0,0.0,0.0,1.0,13500.0,13500.0,13500.0,13500.0
Kerala,Kollam,Kollam,Other,Beverages,0.5,13000,14000,13500,2010-06-25,13500.0,0.0,0.0,3.0,13500.0,13500.0,13500.0,13500.0
Kerala,Kollam,Kollam,Other,Beverages,0.5,13000,14000,13500,2010-06-28,13500.0,0.0,0.0,2.0,13500.0,13500.0,13500.0,13900.0
Kerala,Kollam,Kollam,Other,Beverages,0.5,13000,14000,13500,2010-06-30,13500.0,0.0,0.0,1.0,13500.0,13500.0,13500.0,13800.0
Kerala,Kollam,Kollam,Other,Beverages,0.5,13000,14000,13500,2010-07-01,13500.0,0.0,0.0,1.0,13500.0,13500.0,13500.0,13500.0
Kerala,Kollam,Kollam,Other,Beverages,0.5,13000,14000,13500,2010-07-02,13500.0,0.0,0.0,1.0,13500.0,13500.0,13500.0,13900.0
Kerala,Kollam,Kollam,Other,Beverages,0.5,13000,14000,13500,2010-07-03,13500.0,0.0,0.0,3.0,13500.0,13500.0,13500.0,13800.0
Kerala,Kollam,Kollam,Other,Beverages,0.5,13000,14000,13500,2010-07-06,13500.0,0.0,0.0,1.0,13500.0,13500.0,13500.0,13800.0
Kerala,Kollam,Kollam,Other,Beverages,0.5,13000,14000,13500,2010-07-07,13500.0,0.0,0.0,1.0,13500.0,13500.0,13500.0,13500.0
Kerala,Kollam,Kollam,Other,Beverages,0.5,13000,14000,13500,2010-07-08,13500.0,0.0,0.0,4.0,13500.0,13500.0,13500.0,13500.0
Kerala,Kollam,Kollam,Other,Beverages,0.5,13000,14000,13500,2010-07-12,13500.0,0.0,0.0,1.0,13500.0,13500.0,13500.0,13800.0
Kerala,Kollam,Kollam,Other,Beverages,0.5,13000,14000,13500,2010-07-13,13500.0,0.0,0.0,1.0,13500.0,13500.0,13500.0,13500.0
Kerala,Kollam,Kollam,Other,Beverages,0.5,13000,14000,13500,2010-07-14,13500.0,0.0,0.0,1.0,13500.0,13500.0,13500.0,13800.0
Kerala,Kollam,Kollam,Other,Beverages,0.5,13000,14000,13500,2010-07-15,13500.0,0.0,0.0,1.0,13500.0,13500.0,13500.0,13500.0
Kerala,Kollam,Kollam,Other,Beverages,0.5,13000,14000,13500,2010-07-16,13500.0,0.0,0.0,1.0,13500.0,13500.0,13500.0,13500.0
Kerala,Kollam,Kollam,Other,Beverages,0.5,13000,14000,13500,2010-07-17,13500.0,0.0,0.0,2.0,13500.0,13500.0,13500.0,13500.0
Kerala,Kollam,Kollam,Other,Beverages,0.5,13000,14000,13500,2010-07-19,13500.0,0.0,0.0,1.0,13500.0,13500.0,13500.0,13500.0
Kerala,Kollam,Kollam,Other,Beverages,0.5,13000,14000,13500,2010-07-20,13500.0,0.0,0.0,1.0,13500.0,13500.0,13500.0,13500.0
Kerala,Kollam,Kollam,Other,Beverages,0.5,13000,14000,13500,2010-07-21,13500.0,0.0,0.0,1.0,13500.0,13500.0,13500.0,13500.0
Kerala,Kollam,Kollam,Other,Beverages,0.5,13000,14000,13500,2010-07-22,13500.0,0.0,0.0,1.0,13500.0,13500.0,13500.0,13500.0
Kerala,Kollam,Kollam,Other,Beverages,0.5,13000,14000,13500,2010-07-23,13500.0,0.0,0.0,1.0,13500.0,13500.0,13500.0,13500.0
Kerala,Kollam,Kollam,Other,Beverages,0.5,13000,14000,13500,2010-07-24,13500.0,0.0,0.0,2.0,13500.0,13500.0,13500.0,13500.0
Kerala,Kollam,Kollam,Other,Beverages,0.5,13000,14000,13500,2010-07-26,13500.0,0.0,0.0,1.0,13500.0,13500.0,13500.0,13500.0
Kerala,Kollam,Kollam,Other,Beverages,0.5,13000,14000,13500,2010-07-27,13750.0,0.0185185185185185,0.0183491386681966,1.0,13500.0,13500.0,13500.0,13500.0
Kerala,Kollam,Kollam,Other,Beverages,0.45,13000,14000,13750,2010-07-28,13500.0,-0.0181818181818181,-0.0183491386681965,2.0,13500.0,13500.0,13500.0,13500.0
Kerala,Kollam,Kollam,Other,Beverages,0.5,13000,14000,13500,2010-07-30,13500.0,0.0,0.0,1.0,13750.0,13500.0,13500.0,13500.0
Kerala,Kollam,Kollam,Other,Beverages,0.5,13000,14000,13500,2010-07-31,13500.0,0.0,0.0,2.0,13500.0,13500.0,13500.0,13500.0
Kerala,Kollam,Kollam,Other,Beverages,0.5,13000,14000,13500,2010-08-02,13500.0,0.0,0.0,1.0,13500.0,13500.0,13500.0,13500.0
Kerala,Kollam,Kollam,Other,Beverages,0.5,13000,14000,13500,2010-08-03,13500.0,0.0,0.0,1.0,13500.0,13500.0,13500.0,13500.0
Kerala,Kollam,Kollam,Other,Beverages,0.5,13000,14000,13500,2010-08-04,13500.0,0.0,0.0,1.0,13500.0,13500.0,13500.0,13500.0
Kerala,Kollam,Kollam,Other,Beverages,0.5,13000,14000,13500,2010-08-05,13500.0,0.0,0.0,1.0,13500.0,13500.0,13500.0,13500.0
Kerala,Kollam,Kollam,Other,Beverages,0.5,13000,14000,13500,2010-08-06,13500.0,0.0,0.0,1.0,13500.0,13750.0,13500.0,13500.0
Kerala,Kollam,Kollam,Other,Beverages,0.5,13000,14000,13500,2010-08-07,13500.0,0.0,0.0,3.0,13500.0,13500.0,13500.0,13500.0
Kerala,Kollam,Kollam,Other,Beverages,0.5,13000,14000,13500,2010-08-10,13500.0,0.0,0.0,1.0,13500.0,13500.0,13500.0,13500.0
Kerala,Kollam,Kollam,Other,Beverages,0.5,13000,14000,13500,2010-08-11,13500.0,0.0,0.0,1.0,13500.0,13500.0,13500.0,13500.0
Kerala,Kollam,Kollam,Other,Beverages,0.5,13000,14000,13500,2010-08-12,13500.0,0.0,0.0,1.0,13500.0,13500.0,13500.0,13500.0
Kerala,Kollam,Kollam,Other,Beverages,0.5,13000,14000,13500,2010-08-13,13500.0,0.0,0.0,3.0,13500.0,13500.0,13500.0,13500.0
Kerala,Kollam,Kollam,Other,Beverages,0.5,13000,14000,13500,2010-08-16,13500.0,0.0,0.0,1.0,13500.0,13500.0,13500.0,13500.0
Kerala,Kollam,Kollam,Other,Beverages,0.5,13000,14000,13500,2010-08-17,13500.0,0.0,0.0,1.0,13500.0,13500.0,13750.0,13500.0
Kerala,Kollam,Kollam,Other,Beverages,0.5,13000,14000,13500,2010-08-18,13500.0,0.0,0.0,1.0,13500.0,13500.0,13500.0,13500.0
Kerala,Kollam,Kollam,Other,Beverages,0.5,13000,14000,13500,2010-08-19,13500.0,0.0,0.0,1.0,13500.0,13500.0,13500.0,13500.0
Kerala,Kollam,Kollam,Other,Beverages,0.5,13000,14000,13500,2010-08-20,13500.0,0.0,0.0,1.0,13500.0,13500.0,13500.0,13500.0
Kerala,Kollam,Kollam,Other,Beverages,0.5,13000,14000,13500,2010-08-21,13500.0,0.0,0.0,5.0,13500.0,13500.0,13500.0,13500.0
Kerala,Kollam,Kollam,Other,Beverages,0.5,13000,14000,13500,2010-08-26,13500.0,0.0,0.0,1.0,13500.0,13500.0,13500.0,13500.0
Kerala,Kollam,Kollam,Other,Beverages,0.5,13000,14000,13500,2010-08-27,13500.0,0.0,0.0,1.0,13500.0,13500.0,13500.0,13500.0
Kerala,Kollam,Kollam,Other,Beverages,0.5,13000,14000,13500,2010-08-28,13500.0,0.0,0.0,2.0,13500.0,13500.0,13500.0,13500.0
Kerala,Kollam,Kollam,Other,Beverages,0.5,13000,14000,13500,2010-08-30,13500.0,0.0,0.0,1.0,13500.0,13500.0,13500.0,13500.0
Kerala,Kollam,Kollam,Other,Beverages,0.4,13000,14000,13500,2010-08-31,13500.0,0.0,0.0,2.0,13500.0,13500.0,13500.0,13500.0
Kerala,Kollam,Kollam,Other,Beverages,0.5,13000,14000,13500,2010-09-02,13500.0,0.0,0.0,1.0,13500.0,13500.0,13500.0,13500.0
Kerala,Kollam,Kollam,Other,Beverages,0.5,13000,14000,13500,2010-09-03,13500.0,0.0,0.0,1.0,13500.0,13500.0,13500.0,13500.0
Kerala,Kollam,Kollam,Other,Beverages,0.5,13000,14000,13500,2010-09-04,13500.0,0.0,0.0,2.0,13500.0,13500.0,13500.0,13500.0
Kerala,Kollam,Kollam,Other,Beverages,0.5,13000,14000,13500,2010-09-06,13500.0,0.0,0.0,2.0,13500.0,13500.0,13500.0,13500.0
Kerala,Kollam,Kollam,Other,Beverages,0.5,13000,14000,13500,2010-09-08,13500.0,0.0,0.0,1.0,13500.0,13500.0,13500.0,13500.0
Kerala,Kollam,Kollam,Other,Beverages,0.5,13000,14000,13500,2010-09-09,13500.0,0.0,0.0,4.0,13500.0,13500.0,13500.0,13500.0
Kerala,Kollam,Kollam,Other,Beverages,0.5,13000,14000,13500,2010-09-13,13500.0,0.0,0.0,1.0,13500.0,13500.0,13500.0,13750.0
Kerala,Kollam,Kollam,Other,Beverages,0.5,13000,14000,13500,2010-09-14,13500.0,0.0,0.0,1.0,13500.0,13500.0,13500.0,13500.0
Kerala,Kollam,Kollam,Other,Beverages,0.5,13000,14000,13500,2010-09-15,13500.0,0.0,0.0,1.0,13500.0,13500.0,13500.0,13500.0
Kerala,Kollam,Kollam,Other,Beverages,0.5,13000,14000,13500,2010-09-16,13500.0,0.0,0.0,1.0,13500.0,13500.0,13500.0,13500.0
Kerala,Kollam,Kollam,Other,Beverages,0.5,13000,14000,13500,2010-09-17,13500.0,0.0,0.0,1.0,13500.0,13500.0,13500.0,13500.0
Kerala,Kollam,Kollam,Other,Beverages,0.5,13000,14000,13500,2010-09-18,13500.0,0.0,0.0,2.0,13500.0,13500.0,13500.0,13500.0
Kerala,Kollam,Kollam,Other,Beverages,0.5,13000,14000,13500,2010-09-20,13500.0,0.0,0.0,2.0,13500.0,13500.0,13500.0,13500.0
Kerala,Kollam,Kollam,Other,Beverages,0.5,13000,14000,13500,2010-09-22,13500.0,0.0,0.0,1.0,13500.0,13500.0,13500.0,13500.0
Kerala,Kollam,Kollam,Other,Beverages,0.5,13000,14000,13500,2010-09-23,13500.0,0.0,0.0,1.0,13500.0,13500.0,13500.0,13500.0
Kerala,Kollam,Kollam,Other,Beverages,0.5,13000,14000,13500,2010-09-24,13500.0,0.0,0.0,1.0,13500.0,13500.0,13500.0,13500.0
Kerala,Kollam,Kollam,Other,Beverages,0.5,13000,14000,13500,2010-09-25,13500.0,0.0,0.0,2.0,13500.0,13500.0,13500.0,13500.0
Kerala,Kollam,Kollam,Other,Beverages,0.5,13000,14000,13500,2010-09-27,13500.0,0.0,0.0,1.0,13500.0,13500.0,13500.0,13500.0
Kerala,Kollam,Kollam,Other,Beverages,0.5,13000,14000,13500,2010-09-28,13500.0,0.0,0.0,1.0,13500.0,13500.0,13500.0,13500.0
Kerala,Kollam,Kollam,Other,Beverages,0.5,13000,14000,13500,2010-09-29,13500.0,0.0,0.0,1.0,13500.0,13500.0,13500.0,13500.0
Kerala,Kollam,Kollam,Other,Beverages,0.5,13000,14000,13500,2010-09-30,13500.0,0.0,0.0,1.0,13500.0,13500.0,13500.0,13500.0
Kerala,Kollam,Kollam,Other,Beverages,0.5,13000,14000,13500,2010-10-01,13500.0,0.0,0.0,3.0,13500.0,13500.0,13500.0,13500.0
Kerala,Kollam,Kollam,Other,Beverages,0.5,13000,14000,13500,2010-10-04,13500.0,0.0,0.0,1.0,13500.0,13500.0,13500.0,13500.0
Kerala,Kollam,Kollam,Other,Beverages,0.5,13000,14000,13500,2010-10-05,13500.0,0.0,0.0,1.0,13500.0,13500.0,13500.0,13500.0
Kerala,Kollam,Kollam,Other,Beverages,0.5,13000,14000,13500,2010-10-06,13500.0,0.0,0.0,1.0,13500.0,13500.0,13500.0,13500.0
Kerala,Kollam,Kollam,Other,Beverages,0.5,13000,14000,13500,2010-10-07,13500.0,0.0,0.0,1.0,13500.0,13500.0,13500.0,13500.0
Kerala,Kollam,Kollam,Other,Beverages,0.5,13000,14000,13500,2010-10-08,13500.0,0.0,0.0,3.0,13500.0,13500.0,13500.0,13500.0
Kerala,Kollam,Kollam,Other,Beverages,0.5,13000,14000,13500,2010-10-11,13500.0,0.0,0.0,1.0,13500.0,13500.0,13500.0,13500.0
Kerala,Kollam,Kollam,Other,Beverages,0.5,13000,14000,13500,2010-10-12,13500.0,0.0,0.0,1.0,13500.0,13500.0,13500.0,13500.0
Kerala,Kollam,Kollam,Other,Beverages,0.5,13000,14000,13500,2010-10-13,13500.0,0.0,0.0,1.0,13500.0,13500.0,13500.0,13500.0
Kerala,Kollam,Kollam,Other,Beverages,0.5,13000,14000,13500,2010-10-14,13500.0,0.0,0.0,1.0,13500.0,13500.0,13500.0,13500.0
Kerala,Kollam,Kollam,Other,Beverages,0.5,13000,14000,13500,2010-10-15,13500.0,0.0,0.0,3.0,13500.0,13500.0,13500.0,13500.0
Kerala,Kollam,Kollam,Other,Beverages,0.5,13000,14000,13500,2010-10-18,13500.0,0.0,0.0,1.0,13500.0,13500.0,13500.0,13500.0
Kerala,Kollam,Kollam,Other,Beverages,0.5,13000,14000,13500,2010-10-19,13500.0,0.0,0.0,1.0,13500.0,13500.0,13500.0,13500.0
Kerala,Kollam,Kollam,Other,Beverages,0.5,13000,14000,13500,2010-10-20,13500.0,0.0,0.0,1.0,13500.0,13500.0,13500.0,13500.0
Kerala,Kollam,Kollam,Other,Beverages,0.5,13000,14000,13500,2010-10-21,13500.0,0.0,0.0,4.0,13500.0,13500.0,13500.0,13500.0
Kerala,Kollam,Kollam,Other,Beverages,0.5,13000,14000,13500,2010-10-25,13500.0,0.0,0.0,1.0,13500.0,13500.0,13500.0,13500.0
Kerala,Kollam,Kollam,Other,Beverages,0.5,13000,14000,13500,2010-10-26,13500.0,0.0,0.0,2.0,13500.0,13500.0,13500.0,13500.0
Kerala,Kollam,Kollam,Other,Beverages,0.5,13000,14000,13500,2010-10-28,13500.0,0.0,0.0,1.0,13500.0,13500.0,13500.0,13500.0
Kerala,Kollam,Kollam,Other,Beverages,0.5,13000,14000,13500,2010-10-29,13500.0,0.0,0.0,1.0,13500.0,13500.0,13500.0,13500.0
Kerala,Kollam,Kollam,Other,Beverages,0.5,13000,14000,13500,2010-10-30,13500.0,0.0,0.0,2.0,13500.0,13500.0,13500.0,13500.0
Kerala,Kollam,Kollam,Other,Beverages,0.5,13000,14000,13500,2010-11-01,13500.0,0.0,0.0,1.0,13500.0,13500.0,13500.0,13500.0
Kerala,Kollam,Kollam,Other,Beverages,0.5,13000,14000,13500,2010-11-02,13500.0,0.0,0.0,1.0,13500.0,13500.0,13500.0,13500.0
Kerala,Kollam,Kollam,Other,Beverages,0.5,13000,14000,13500,2010-11-03,13500.0,0.0,0.0,1.0,13500.0,13500.0,13500.0,13500.0
Kerala,Kollam,Kollam,Other,Beverages,0.5,13000,14000,13500,2010-11-04,13500.0,0.0,0.0,2.0,13500.0,13500.0,13500.0,13500.0
Kerala,Kollam,Kollam,Other,Beverages,0.5,13000,14000,13500,2010-11-06,13500.0,0.0,0.0,2.0,13500.0,13500.0,13500.0,13500.0
Kerala,Kollam,Kollam,Other,Beverages,0.5,13000,14000,13500,2010-11-08,13500.0,0.0,0.0,1.0,13500.0,13500.0,13500.0,13500.0
Kerala,Kollam,Kollam,Other,Beverages,0.5,13000,14000,13500,2010-11-09,13500.0,0.0,0.0,1.0,13500.0,13500.0,13500.0,13500.0
Kerala,Kollam,Kollam,Other,Beverages,0.5,13000,14000,13500,2010-11-10,13500.0,0.0,0.0,1.0,13500.0,13500.0,13500.0,13500.0
Kerala,Kollam,Kollam,Other,Beverages,0.5,13000,14000,13500,2010-11-11,13500.0,0.0,0.0,1.0,13500.0,13500.0,13500.0,13500.0
Kerala,Kollam,Kollam,Other,Beverages,0.5,13000,14000,13500,2010-11-12,13500.0,0.0,0.0,3.0,13500.0,13500.0,13500.0,13500.0
Kerala,Kollam,Kollam,Other,Beverages,0.5,13000,14000,13500,2010-11-15,13500.0,0.0,0.0,1.0,13500.0,13500.0,13500.0,13500.0
Kerala,Kollam,Kollam,Other,Beverages,0.4,13000,14000,13500,2010-11-16,13500.0,0.0,0.0,2.0,13500.0,13500.0,13500.0,13500.0
Kerala,Kollam,Kollam,Other,Beverages,0.5,13000,14000,13500,2010-11-18,13500.0,0.0,0.0,1.0,13500.0,13500.0,13500.0,13500.0
Kerala,Kollam,Kollam,Other,Beverages,0.5,13000,14000,13500,2010-11-19,13500.0,0.0,0.0,1.0,13500.0,13500.0,13500.0,13500.0
Kerala,Kollam,Kollam,Other,Beverages,0.5,13000,14000,13500,2010-11-20,13500.0,0.0,0.0,2.0,13500.0,13500.0,13500.0,13500.0
Kerala,Kollam,Kollam,Other,Beverages,0.5,13000,14000,13500,2010-11-22,13500.0,0.0,0.0,1.0,13500.0,13500.0,13500.0,13500.0
Kerala,Kollam,Kollam,Other,Beverages,0.5,13000,14000,13500,2010-11-23,13500.0,0.0,0.0,1.0,13500.0,13500.0,13500.0,13500.0
Kerala,Kollam,Kollam,Other,Beverages,0.5,13000,14000,13500,2010-11-24,13500.0,0.0,0.0,1.0,13500.0,13500.0,13500.0,13500.0
Kerala,Kollam,Kollam,Other,Beverages,0.5,13000,14000,13500,2010-11-25,13500.0,0.0,0.0,1.0,13500.0,13500.0,13500.0,13500.0
Kerala,Kollam,Kollam,Other,Beverages,0.5,13000,14000,13500,2010-11-26,13500.0,0.0,0.0,1.0,13500.0,13500.0,13500.0,13500.0
Kerala,Kollam,Kollam,Other,Beverages,0.5,13000,14000,13500,2010-11-27,13500.0,0.0,0.0,4.0,13500.0,13500.0,13500.0,13500.0
Kerala,Kollam,Kollam,Other,Beverages,0.5,13000,14000,13500,2010-12-01,13500.0,0.0,0.0,1.0,13500.0,13500.0,13500.0,13500.0
Kerala,Kollam,Kollam,Other,Beverages,0.5,13000,14000,13500,2010-12-02,13500.0,0.0,0.0,1.0,13500.0,13500.0,13500.0,13500.0
Kerala,Kollam,Kollam,Other,Beverages,0.5,13000,14000,13500,2010-12-03,13500.0,0.0,0.0,1.0,13500.0,13500.0,13500.0,13500.0
Kerala,Kollam,Kollam,Other,Beverages,0.5,13000,14000,13500,2010-12-04,13500.0,0.0,0.0,2.0,13500.0,13500.0,13500.0,13500.0
Kerala,Kollam,Kollam,Other,Beverages,0.5,13000,14000,13500,2010-12-06,13500.0,0.0,0.0,1.0,13500.0,13500.0,13500.0,13500.0
Kerala,Kollam,Kollam,Other,Beverages,0.5,13000,14000,13500,2010-12-07,13500.0,0.0,0.0,1.0,13500.0,13500.0,13500.0,13500.0
Kerala,Kollam,Kollam,Other,Beverages,0.5,13000,14000,13500,2010-12-08,13500.0,0.0,0.0,1.0,13500.0,13500.0,13500.0,13500.0
Kerala,Kollam,Kollam,Other,Beverages,0.5,13000,14000,13500,2010-12-09,13500.0,0.0,0.0,1.0,13500.0,13500.0,13500.0,13500.0
Kerala,Kollam,Kollam,Other,Beverages,0.5,13000,14000,13500,2010-12-10,13500.0,0.0,0.0,3.0,13500.0,13500.0,13500.0,13500.0
Kerala,Kollam,Kollam,Other,Beverages,0.5,13000,14000,13500,2010-12-13,13500.0,0.0,0.0,1.0,13500.0,13500.0,13500.0,13500.0
Kerala,Kollam,Kollam,Other,Beverages,0.5,13000,14000,13500,2010-12-14,13500.0,0.0,0.0,1.0,13500.0,13500.0,13500.0,13500.0
Kerala,Kollam,Kollam,Other,Beverages,0.5,13000,14000,13500,2010-12-15,13500.0,0.0,0.0,2.0,13500.0,13500.0,13500.0,13500.0
Kerala,Kollam,Kollam,Other,Beverages,0.5,13000,14000,13500,2010-12-17,13500.0,0.0,0.0,1.0,13500.0,13500.0,13500.0,13500.0
Kerala,Kollam,Kollam,Other,Beverages,0.5,13000,14000,13500,2010-12-18,13500.0,0.0,0.0,2.0,13500.0,13500.0,13500.0,13500.0
Kerala,Kollam,Kollam,Other,Beverages,0.5,13000,14000,13500,2010-12-20,13500.0,0.0,0.0,1.0,13500.0,13500.0,13500.0,13500.0
Kerala,Kollam,Kollam,Other,Beverages,0.5,13000,14000,13500,2010-12-21,13500.0,0.0,0.0,1.0,13500.0,13500.0,13500.0,13500.0
Kerala,Kollam,Kollam,Other,Beverages,0.5,13000,14000,13500,2010-12-22,13500.0,0.0,0.0,1.0,13500.0,13500.0,13500.0,13500.0
Kerala,Kollam,Kollam,Other,Beverages,0.5,13000,14000,13500,2010-12-23,13500.0,0.0,0.0,4.0,13500.0,13500.0,13500.0,13500.0
Kerala,Kollam,Kollam,Other,Beverages,0.5,13000,14000,13500,2010-12-27,13500.0,0.0,0.0,1.0,13500.0,13500.0,13500.0,13500.0
Kerala,Kollam,Kollam,Other,Beverages,0.2,13000,14000,13500,2010-12-28,13500.0,0.0,0.0,4.0,13500.0,13500.0,13500.0,13500.0
Kerala,Kollam,Kollam,Other,Beverages,0.5,13000,14000,13500,2011-01-01,13500.0,0.0,0.0,2.0,13500.0,13500.0,13500.0,13500.0
Kerala,Kollam,Kollam,Other,Beverages,0.5,13000,14000,13500,2011-01-03,13500.0,0.0,0.0,1.0,13500.0,13500.0,13500.0,13500.0
Kerala,Kollam,Kollam,Other,Beverages,0.5,13000,14000,13500,2011-01-04,13500.0,0.0,0.0,1.0,13500.0,13500.0,13500.0,13500.0
Kerala,Kollam,Kollam,Other,Beverages,0.5,13000,14000,13500,2011-01-05,13500.0,0.0,0.0,1.0,13500.0,13500.0,13500.0,13500.0
Kerala,Kollam,Kollam,Other,Beverages,0.5,13000,14000,13500,2011-01-06,13500.0,0.0,0.0,1.0,13500.0,13500.0,13500.0,13500.0
Kerala,Kollam,Kollam,Other,Beverages,0.5,13000,14000,13500,2011-01-07,13500.0,0.0,0.0,3.0,13500.0,13500.0,13500.0,13500.0
Kerala,Kollam,Kollam,Other,Beverages,0.5,13000,14000,13500,2011-01-10,13500.0,0.0,0.0,1.0,13500.0,13500.0,13500.0,13500.0
Kerala,Kollam,Kollam,Other,Beverages,0.5,13000,14000,13500,2011-01-11,13500.0,0.0,0.0,1.0,13500.0,13500.0,13500.0,13500.0
Kerala,Kollam,Kollam,Other,Beverages,0.5,13000,14000,13500,2011-01-12,13500.0,0.0,0.0,1.0,13500.0,13500.0,13500.0,13500.0
Kerala,Kollam,Kollam,Other,Beverages,0.5,13000,14000,13500,2011-01-13,13500.0,0.0,0.0,1.0,13500.0,13500.0,13500.0,13500.0
Kerala,Kollam,Kollam,Other,Beverages,0.5,13000,14000,13500,2011-01-14,13500.0,0.0,0.0,1.0,13500.0,13500.0,13500.0,13500.0
Kerala,Kollam,Kollam,Other,Beverages,0.5,13000,14000,13500,2011-01-15,13500.0,0.0,0.0,2.0,13500.0,13500.0,13500.0,13500.0
Kerala,Kollam,Kollam,Other,Beverages,0.5,13000,14000,13500,2011-01-17,13500.0,0.0,0.0,1.0,13500.0,13500.0,13500.0,13500.0
Kerala,Kollam,Kollam,Other,Beverages,0.5,13000,14000,13500,2011-01-18,13500.0,0.0,0.0,1.0,13500.0,13500.0,13500.0,13500.0
Kerala,Kollam,Kollam,Other,Beverages,0.5,13000,14000,13500,2011-01-19,13500.0,0.0,0.0,1.0,13500.0,13500.0,13500.0,13500.0
Kerala,Kollam,Kollam,Other,Beverages,0.5,13000,14000,13500,2011-01-20,13500.0,0.0,0.0,1.0,13500.0,13500.0,13500.0,13500.0
Kerala,Kollam,Kollam,Other,Beverages,0.5,13000,14000,13500,2011-01-21,13500.0,0.0,0.0,1.0,13500.0,13500.0,13500.0,13500.0
Kerala,Kollam,Kollam,Other,Beverages,0.5,13000,14000,13500,2011-01-22,13500.0,0.0,0.0,2.0,13500.0,13500.0,13500.0,13500.0
Kerala,Kollam,Kollam,Other,Beverages,0.5,13000,14000,13500,2011-01-24,13500.0,0.0,0.0,1.0,13500.0,13500.0,13500.0,13500.0
Kerala,Kollam,Kollam,Other,Beverages,0.5,13000,14000,13500,2011-01-25,13500.0,0.0,0.0,2.0,13500.0,13500.0,13500.0,13500.0
Kerala,Kollam,Kollam,Other,Beverages,0.5,13000,14000,13500,2011-01-27,13500.0,0.0,0.0,1.0,13500.0,13500.0,13500.0,13500.0
Kerala,Kollam,Kollam,Other,Beverages,0.5,13000,14000,13500,2011-01-28,13500.0,0.0,0.0,1.0,13500.0,13500.0,13500.0,13500.0
Kerala,Kollam,Kollam,Other,Beverages,0.5,13000,14000,13500,2011-01-29,13500.0,0.0,0.0,3.0,13500.0,13500.0,13500.0,13500.0
Kerala,Kollam,Kollam,Other,Beverages,0.5,13000,14000,13500,2011-02-01,13500.0,0.0,0.0,1.0,13500.0,13500.0,13500.0,13500.0
Kerala,Kollam,Kollam,Other,Beverages,0.5,13000,14000,13500,2011-02-02,13500.0,0.0,0.0,1.0,13500.0,13500.0,13500.0,13500.0
Kerala,Kollam,Kollam,Other,Beverages,0.5,13000,14000,13500,2011-02-03,13500.0,0.0,0.0,1.0,13500.0,13500.0,13500.0,13500.0
Kerala,Kollam,Kollam,Other,Beverages,0.5,13000,14000,13500,2011-02-04,13500.0,0.0,0.0,1.0,13500.0,13500.0,13500.0,13500.0
Kerala,Kollam,Kollam,Other,Beverages,0.5,13000,14000,13500,2011-02-05,13500.0,0.0,0.0,2.0,13500.0,13500.0,13500.0,13500.0
Kerala,Kollam,Kollam,Other,Beverages,0.5,13000,14000,13500,2011-02-07,13500.0,0.0,0.0,1.0,13500.0,13500.0,13500.0,13500.0
Kerala,Kollam,Kollam,Other,Beverages,0.5,13000,14000,13500,2011-02-08,13500.0,0.0,0.0,1.0,13500.0,13500.0,13500.0,13500.0
Kerala,Kollam,Kollam,Other,Beverages,0.5,13000,14000,13500,2011-02-09,13500.0,0.0,0.0,1.0,13500.0,13500.0,13500.0,13500.0
Kerala,Kollam,Kollam,Other,Beverages,0.5,13000,14000,13500,2011-02-10,13500.0,0.0,0.0,1.0,13500.0,13500.0,13500.0,13500.0
Kerala,Kollam,Kollam,Other,Beverages,0.5,13000,14000,13500,2011-02-11,13500.0,0.0,0.0,3.0,13500.0,13500.0,13500.0,13500.0
Kerala,Kollam,Kollam,Other,Beverages,0.5,13000,14000,13500,2011-02-14,13500.0,0.0,0.0,2.0,13500.0,13500.0,13500.0,13500.0
Kerala,Kollam,Kollam,Other,Beverages,0.5,13000,14000,13500,2011-02-16,13500.0,0.0,0.0,1.0,13500.0,13500.0,13500.0,13500.0
Kerala,Kollam,Kollam,Other,Beverages,0.5,13000,14000,13500,2011-02-17,13500.0,0.0,0.0,1.0,13500.0,13500.0,13500.0,13500.0
Kerala,Kollam,Kollam,Other,Beverages,0.5,13000,14000,13500,2011-02-18,13500.0,0.0,0.0,1.0,13500.0,13500.0,13500.0,13500.0
Kerala,Kollam,Kollam,Other,Beverages,0.5,13000,14000,13500,2011-02-19,13500.0,0.0,0.0,2.0,13500.0,13500.0,13500.0,13500.0
Kerala,Kollam,Kollam,Other,Beverages,0.5,13000,14000,13500,2011-02-21,13500.0,0.0,0.0,1.0,13500.0,13500.0,13500.0,13500.0
Kerala,Kollam,Kollam,Other,Beverages,0.5,13000,14000,13500,2011-02-22,13500.0,0.0,0.0,1.0,13500.0,13500.0,13500.0,13500.0
Kerala,Kollam,Kollam,Other,Beverages,0.5,13000,14000,13500,2011-02-23,13500.0,0.0,0.0,1.0,13500.0,13500.0,13500.0,13500.0
Kerala,Kollam,Kollam,Other,Beverages,0.5,13000,14000,13500,2011-02-24,13500.0,0.0,0.0,1.0,13500.0,13500.0,13500.0,13500.0
Kerala,Kollam,Kollam,Other,Beverages,0.5,13000,14000,13500,2011-02-25,13500.0,0.0,0.0,1.0,13500.0,13500.0,13500.0,13500.0
Kerala,Kollam,Kollam,Other,Beverages,0.5,13000,14000,13500,2011-02-26,13500.0,0.0,0.0,3.0,13500.0,13500.0,13500.0,13500.0
Kerala,Kollam,Kollam,Other,Beverages,0.5,13000,14000,13500,2011-03-01,13500.0,0.0,0.0,2.0,13500.0,13500.0,13500.0,13500.0
Kerala,Kollam,Kollam,Other,Beverages,0.5,13000,14000,13500,2011-03-03,13500.0,0.0,0.0,1.0,13500.0,13500.0,13500.0,13500.0
Kerala,Kollam,Kollam,Other,Beverages,0.5,13000,14000,13500,2011-03-04,13500.0,0.0,0.0,1.0,13500.0,13500.0,13500.0,13500.0
Kerala,Kollam,Kollam,Other,Beverages,0.5,13000,14000,13500,2011-03-05,13800.0,0.0222222222222222,0.0219789067187751,2.0,13500.0,13500.0,13500.0,13500.0
Kerala,Kollam,Kollam,Other,Beverages,0.5,13600,14000,13800,2011-03-07,13500.0,-0.0217391304347826,-0.0219789067187752,1.0,13500.0,13500.0,13500.0,13500.0
Kerala,Kollam,Kollam,Other,Beverages,0.5,13000,14000,13500,2011-03-08,13500.0,0.0,0.0,1.0,13800.0,13500.0,13500.0,13500.0
Kerala,Kollam,Kollam,Other,Beverages,0.5,13000,14000,13500,2011-03-09,13500.0,0.0,0.0,1.0,13500.0,13500.0,13500.0,13500.0
Kerala,Kollam,Kollam,Other,Beverages,0.5,13000,14000,13500,2011-03-10,13500.0,0.0,0.0,1.0,13500.0,13500.0,13500.0,13500.0
Kerala,Kollam,Kollam,Other,Beverages,0.5,13000,14000,13500,2011-03-11,13500.0,0.0,0.0,3.0,13500.0,13500.0,13500.0,13500.0
Kerala,Kollam,Kollam,Other,Beverages,0.5,13000,14000,13500,2011-03-14,13500.0,0.0,0.0,1.0,13500.0,13500.0,13500.0,13500.0
Kerala,Kollam,Kollam,Other,Beverages,0.5,13000,14000,13500,2011-03-15,13500.0,0.0,0.0,1.0,13500.0,13500.0,13500.0,13500.0
Kerala,Kollam,Kollam,Other,Beverages,0.5,13000,14000,13500,2011-03-16,13500.0,0.0,0.0,1.0,13500.0,13800.0,13500.0,13500.0
Kerala,Kollam,Kollam,Other,Beverages,0.5,13000,14000,13500,2011-03-17,13500.0,0.0,0.0,1.0,13500.0,13500.0,13500.0,13500.0
Kerala,Kollam,Kollam,Other,Beverages,0.5,13000,14000,13500,2011-03-18,13500.0,0.0,0.0,1.0,13500.0,13500.0,13500.0,13500.0
Kerala,Kollam,Kollam,Other,Beverages,0.5,13000,14000,13500,2011-03-19,13500.0,0.0,0.0,2.0,13500.0,13500.0,13500.0,13500.0
Kerala,Kollam,Kollam,Other,Beverages,0.5,13000,14000,13500,2011-03-21,13500.0,0.0,0.0,1.0,13500.0,13500.0,13500.0,13500.0
Kerala,Kollam,Kollam,Other,Beverages,0.5,13000,14000,13500,2011-03-22,13500.0,0.0,0.0,1.0,13500.0,13500.0,13500.0,13500.0
Kerala,Kollam,Kollam,Other,Beverages,0.5,13000,14000,13500,2011-03-23,13500.0,0.0,0.0,1.0,13500.0,13500.0,13500.0,13500.0
Kerala,Kollam,Kollam,Other,Beverages,0.5,13000,14000,13500,2011-03-24,13500.0,0.0,0.0,1.0,13500.0,13500.0,13800.0,13500.0
Kerala,Kollam,Kollam,Other,Beverages,0.5,13000,14000,13500,2011-03-25,13500.0,0.0,0.0,1.0,13500.0,13500.0,13500.0,13500.0
Kerala,Kollam,Kollam,Other,Beverages,0.5,13000,14000,13500,2011-03-26,13500.0,0.0,0.0,2.0,13500.0,13500.0,13500.0,13500.0
Kerala,Kollam,Kollam,Other,Beverages,0.5,13000,14000,13500,2011-03-28,13500.0,0.0,0.0,1.0,13500.0,13500.0,13500.0,13500.0
Kerala,Kollam,Kollam,Other,Beverages,0.5,13000,14000,13500,2011-03-29,13500.0,0.0,0.0,3.0,13500.0,13500.0,13500.0,13500.0
Kerala,Kollam,Kollam,Other,Beverages,0.5,13000,14000,13500,2011-04-01,13500.0,0.0,0.0,1.0,13500.0,13500.0,13500.0,13500.0
Kerala,Kollam,Kollam,Other,Beverages,0.5,13000,14000,13500,2011-04-02,13500.0,0.0,0.0,3.0,13500.0,13500.0,13500.0,13500.0
Kerala,Kollam,Kollam,Other,Beverages,0.5,13000,14000,13500,2011-04-05,13500.0,0.0,0.0,1.0,13500.0,13500.0,13500.0,13500.0
Kerala,Kollam,Kollam,Other,Beverages,0.5,13000,14000,13500,2011-04-06,13500.0,0.0,0.0,1.0,13500.0,13500.0,13500.0,13500.0
Kerala,Kollam,Kollam,Other,Beverages,0.5,13000,14000,13500,2011-04-07,13500.0,0.0,0.0,1.0,13500.0,13500.0,13500.0,13500.0
Kerala,Kollam,Kollam,Other,Beverages,0.5,13000,14000,13500,2011-04-08,13500.0,0.0,0.0,3.0,13500.0,13500.0,13500.0,13500.0
Kerala,Kollam,Kollam,Other,Beverages,0.5,13000,14000,13500,2011-04-11,13500.0,0.0,0.0,1.0,13500.0,13500.0,13500.0,13500.0
Kerala,Kollam,Kollam,Other,Beverages,0.5,13000,14000,13500,2011-04-12,13500.0,0.0,0.0,4.0,13500.0,13500.0,13500.0,13500.0
Kerala,Kollam,Kollam,Other,Beverages,0.5,13000,14000,13500,2011-04-16,13500.0,0.0,0.0,2.0,13500.0,13500.0,13500.0,13500.0
Kerala,Kollam,Kollam,Other,Beverages,0.5,13000,14000,13500,2011-04-18,13500.0,0.0,0.0,1.0,13500.0,13500.0,13500.0,13500.0
Kerala,Kollam,Kollam,Other,Beverages,0.5,13000,14000,13500,2011-04-19,13500.0,0.0,0.0,1.0,13500.0,13500.0,13500.0,13500.0
Kerala,Kollam,Kollam,Other,Beverages,0.5,13000,14000,13500,2011-04-20,13500.0,0.0,0.0,3.0,13500.0,13500.0,13500.0,13800.0
Kerala,Kollam,Kollam,Other,Beverages,0.5,13000,14000,13500,2011-04-23,13500.0,0.0,0.0,2.0,13500.0,13500.0,13500.0,13500.0
Kerala,Kollam,Kollam,Other,Beverages,0.5,13000,14000,13500,2011-04-25,13500.0,0.0,0.0,1.0,13500.0,13500.0,13500.0,13500.0
Kerala,Kollam,Kollam,Other,Beverages,0.5,13000,14000,13500,2011-04-26,13500.0,0.0,0.0,1.0,13500.0,13500.0,13500.0,13500.0
Kerala,Kollam,Kollam,Other,Beverages,0.5,13000,14000,13500,2011-04-27,13500.0,0.0,0.0,1.0,13500.0,13500.0,13500.0,13500.0
Kerala,Kollam,Kollam,Other,Beverages,0.5,13000,14000,13500,2011-04-28,13500.0,0.0,0.0,2.0,13500.0,13500.0,13500.0,13500.0
Kerala,Kollam,Kollam,Other,Beverages,0.5,13000,14000,13500,2011-04-30,13000.0,-0.037037037037037,-0.037740327982847,3.0,13500.0,13500.0,13500.0,13500.0
Kerala,Kollam,Kollam,Other,Beverages,0.5,12500,13500,13000,2011-05-03,13000.0,0.0,0.0,1.0,13500.0,13500.0,13500.0,13500.0
Kerala,Kollam,Kollam,Other,Beverages,0.5,12500,13500,13000,2011-05-04,13000.0,0.0,0.0,1.0,13000.0,13500.0,13500.0,13500.0
Kerala,Kollam,Kollam,Other,Beverages,0.5,12500,13500,13000,2011-05-05,13300.0,0.023076923076923,0.0228146777661712,1.0,13000.0,13500.0,13500.0,13500.0
Kerala,Kollam,Kollam,Other,Beverages,0.5,13100,13500,13300,2011-05-06,13000.0,-0.0225563909774436,-0.0228146777661714,1.0,13000.0,13500.0,13500.0,13500.0
Kerala,Kollam,Kollam,Other,Beverages,0.5,12500,13500,13000,2011-05-07,13000.0,0.0,0.0,2.0,13300.0,13500.0,13500.0,13500.0
Kerala,Kollam,Kollam,Other,Beverages,0.5,12500,13500,13000,2011-05-09,13000.0,0.0,0.0,1.0,13000.0,13500.0,13500.0,13500.0
Kerala,Kollam,Kollam,Other,Beverages,0.5,12500,13500,13000,2011-05-10,13000.0,0.0,0.0,1.0,13000.0,13500.0,13500.0,13500.0
Kerala,Kollam,Kollam,Other,Beverages,0.5,12500,13500,13000,2011-05-11,13000.0,0.0,0.0,1.0,13000.0,13000.0,13500.0,13500.0
Kerala,Kollam,Kollam,Other,Beverages,0.5,12500,13500,13000,2011-05-12,13000.0,0.0,0.0,1.0,13000.0,13000.0,13500.0,13500.0
Kerala,Kollam,Kollam,Other,Beverages,0.5,12500,13500,13000,2011-05-13,13500.0,0.0384615384615384,0.0377403279828471,3.0,13000.0,13000.0,13500.0,13500.0
Kerala,Kollam,Kollam,Other,Beverages,0.5,13000,14000,13500,2011-05-16,13500.0,0.0,0.0,1.0,13000.0,13300.0,13500.0,13500.0
Kerala,Kollam,Kollam,Other,Beverages,0.5,13000,14000,13500,2011-05-17,13500.0,0.0,0.0,1.0,13500.0,13000.0,13500.0,13500.0
Kerala,Kollam,Kollam,Other,Beverages,0.5,13000,14000,13500,2011-05-18,13500.0,0.0,0.0,1.0,13500.0,13000.0,13500.0,13500.0
Kerala,Kollam,Kollam,Other,Beverages,0.5,13000,14000,13500,2011-05-19,13500.0,0.0,0.0,2.0,13500.0,13000.0,13500.0,13500.0
Kerala,Kollam,Kollam,Other,Beverages,0.5,13000,14000,13500,2011-05-21,13500.0,0.0,0.0,2.0,13500.0,13000.0,13000.0,13500.0
Kerala,Kollam,Kollam,Other,Beverages,0.5,13000,14000,13500,2011-05-23,13500.0,0.0,0.0,1.0,13500.0,13000.0,13000.0,13500.0
Kerala,Kollam,Kollam,Other,Beverages,0.5,13000,14000,13500,2011-05-24,13500.0,0.0,0.0,1.0,13500.0,13000.0,13000.0,13500.0
Kerala,Kollam,Kollam,Other,Beverages,0.5,13000,14000,13500,2011-05-25,13500.0,0.0,0.0,1.0,13500.0,13500.0,13300.0,13500.0
Kerala,Kollam,Kollam,Other,Beverages,0.5,13000,14000,13500,2011-05-26,13500.0,0.0,0.0,1.0,13500.0,13500.0,13000.0,13500.0
Kerala,Kollam,Kollam,Other,Beverages,0.5,13000,14000,13500,2011-05-27,13500.0,0.0,0.0,3.0,13500.0,13500.0,13000.0,13500.0
Kerala,Kollam,Kollam,Other,Beverages,0.5,13000,14000,13500,2011-05-30,13300.0,-0.0148148148148148,-0.0149256502166757,2.0,13500.0,13500.0,13000.0,13500.0
Kerala,Kollam,Kollam,Other,Beverages,0.5,13000,13500,13300,2011-06-01,13300.0,0.0,0.0,1.0,13500.0,13500.0,13000.0,13500.0
Kerala,Kollam,Kollam,Other,Beverages,0.5,13000,13500,13300,2011-06-02,13300.0,0.0,0.0,1.0,13300.0,13500.0,13000.0,13500.0
Kerala,Kollam,Kollam,Other,Beverages,0.5,13000,13500,13300,2011-06-03,12900.0,-0.0300751879699248,-0.0305367238600816,1.0,13300.0,13500.0,13000.0,13500.0
Kerala,Kollam,Kollam,Other,Beverages,0.5,12800,13000,12900,2011-06-04,12500.0,-0.0310077519379844,-0.031498667059371,2.0,13300.0,13500.0,13500.0,13500.0
Kerala,Kollam,Kollam,Other,Beverages,0.5,12000,13000,12500,2011-06-06,12500.0,0.0,0.0,1.0,12900.0,13500.0,13500.0,13500.0
Kerala,Kollam,Kollam,Other,Beverages,0.5,12000,13000,12500,2011-06-07,12500.0,0.0,0.0,1.0,12500.0,13500.0,13500.0,13500.0
Kerala,Kollam,Kollam,Other,Beverages,0.5,12000,13000,12500,2011-06-08,12500.0,0.0,0.0,1.0,12500.0,13500.0,13500.0,13500.0
Kerala,Kollam,Kollam,Other,Beverages,0.5,12000,13000,12500,2011-06-09,12800.0,0.024,0.023716526617316,1.0,12500.0,13300.0,13500.0,13500.0
Kerala,Kollam,Kollam,Other,Beverages,0.5,12600,13000,12800,2011-06-10,12800.0,0.0,0.0,3.0,12500.0,13300.0,13500.0,13500.0
Kerala,Kollam,Kollam,Other,Beverages,0.5,12600,13000,12800,2011-06-13,12500.0,-0.0234375,-0.023716526617316,1.0,12800.0,13300.0,13500.0,13000.0
Kerala,Kollam,Kollam,Other,Beverages,0.5,12000,13000,12500,2011-06-14,12800.0,0.024,0.023716526617316,1.0,12800.0,12900.0,13500.0,13000.0
Kerala,Kollam,Kollam,Other,Beverages,0.5,12500,13000,12800,2011-06-15,12800.0,0.0,0.0,1.0,12500.0,12500.0,13500.0,13000.0
Kerala,Kollam,Kollam,Other,Beverages,0.5,12500,13000,12800,2011-06-16,12500.0,-0.0234375,-0.023716526617316,1.0,12800.0,12500.0,13500.0,13300.0
Kerala,Kollam,Kollam,Other,Beverages,0.5,12000,13000,12500,2011-06-17,12500.0,0.0,0.0,1.0,12800.0,12500.0,13500.0,13000.0
Kerala,Kollam,Kollam,Other,Beverages,0.5,12000,13000,12500,2011-06-18,12500.0,0.0,0.0,2.0,12500.0,12500.0,13300.0,13000.0
Kerala,Kollam,Kollam,Other,Beverages,0.5,12000,13000,12500,2011-06-20,12500.0,0.0,0.0,1.0,12500.0,12800.0,13300.0,13000.0
Kerala,Kollam,Kollam,Other,Beverages,0.5,12000,13000,12500,2011-06-21,12500.0,0.0,0.0,1.0,12500.0,12800.0,13300.0,13000.0
Kerala,Kollam,Kollam,Other,Beverages,0.5,12000,13000,12500,2011-06-22,12500.0,0.0,0.0,2.0,12500.0,12500.0,12900.0,13000.0
Kerala,Kollam,Kollam,Other,Beverages,0.5,12000,13000,12500,2011-06-24,12500.0,0.0,0.0,1.0,12500.0,12800.0,12500.0,13000.0
Kerala,Kollam,Kollam,Other,Beverages,0.5,12000,13000,12500,2011-06-25,12500.0,0.0,0.0,5.0,12500.0,12800.0,12500.0,13500.0
Kerala,Kollam,Kollam,Other,Beverages,0.5,12000,13000,12500,2011-06-30,12800.0,0.024,0.023716526617316,1.0,12500.0,12500.0,12500.0,13500.0
Kerala,Kollam,Kollam,Other,Beverages,0.5,12500,13000,12800,2011-07-01,12500.0,-0.0234375,-0.023716526617316,1.0,12500.0,12500.0,12500.0,13500.0
Kerala,Kollam,Kollam,Other,Beverages,0.5,12000,13000,12500,2011-07-02,12500.0,0.0,0.0,2.0,12800.0,12500.0,12800.0,13500.0
Kerala,Kollam,Kollam,Other,Beverages,0.5,12000,13000,12500,2011-07-04,12500.0,0.0,0.0,1.0,12500.0,12500.0,12800.0,13500.0
Kerala,Kollam,Kollam,Other,Beverages,0.5,12000,13000,12500,2011-07-05,12500.0,0.0,0.0,1.0,12500.0,12500.0,12500.0,13500.0
Kerala,Kollam,Kollam,Other,Beverages,0.5,12000,13000,12500,2011-07-06,12500.0,0.0,0.0,1.0,12500.0,12500.0,12800.0,13500.0
Kerala,Kollam,Kollam,Other,Beverages,0.5,12000,13000,12500,2011-07-07,12500.0,0.0,0.0,1.0,12500.0,12500.0,12800.0,13500.0
Kerala,Kollam,Kollam,Other,Beverages,0.5,12000,13000,12500,2011-07-08,12500.0,0.0,0.0,3.0,12500.0,12500.0,12500.0,13500.0
Kerala,Kollam,Kollam,Other,Beverages,0.5,12000,13000,12500,2011-07-11,12500.0,0.0,0.0,1.0,12500.0,12800.0,12500.0,13500.0
Kerala,Kollam,Kollam,Other,Beverages,0.5,12000,13000,12500,2011-07-12,12500.0,0.0,0.0,1.0,12500.0,12500.0,12500.0,13500.0
Kerala,Kollam,Kollam,Other,Beverages,0.5,12000,13000,12500,2011-07-13,12500.0,0.0,0.0,1.0,12500.0,12500.0,12500.0,13300.0
Kerala,Kollam,Kollam,Other,Beverages,0.5,12000,13000,12500,2011-07-14,12500.0,0.0,0.0,1.0,12500.0,12500.0,12500.0,13300.0
Kerala,Kollam,Kollam,Other,Beverages,0.5,12000,13000,12500,2011-07-15,12500.0,0.0,0.0,1.0,12500.0,12500.0,12500.0,13300.0
Kerala,Kollam,Kollam,Other,Beverages,0.5,12000,13000,12500,2011-07-16,12500.0,0.0,0.0,2.0,12500.0,12500.0,12500.0,12900.0
Kerala,Kollam,Kollam,Other,Beverages,0.5,12000,13000,12500,2011-07-18,12500.0,0.0,0.0,1.0,12500.0,12500.0,12500.0,12500.0
Kerala,Kollam,Kollam,Other,Beverages,0.5,12000,13000,12500,2011-07-19,12500.0,0.0,0.0,1.0,12500.0,12500.0,12800.0,12500.0
Kerala,Kollam,Kollam,Other,Beverages,0.5,12000,13000,12500,2011-07-20,12500.0,0.0,0.0,1.0,12500.0,12500.0,12500.0,12500.0
Kerala,Kollam,Kollam,Other,Beverages,0.5,12000,13000,12500,2011-07-21,12500.0,0.0,0.0,1.0,12500.0,12500.0,12500.0,12500.0
Kerala,Kollam,Kollam,Other,Beverages,0.5,12000,13000,12500,2011-07-22,12500.0,0.0,0.0,1.0,12500.0,12500.0,12500.0,12800.0
Kerala,Kollam,Kollam,Other,Beverages,0.5,12000,13000,12500,2011-07-23,12500.0,0.0,0.0,2.0,12500.0,12500.0,12500.0,12800.0
Kerala,Kollam,Kollam,Other,Beverages,0.5,12000,13000,12500,2011-07-25,12500.0,0.0,0.0,1.0,12500.0,12500.0,12500.0,12500.0
Kerala,Kollam,Kollam,Other,Beverages,0.5,12000,13000,12500,2011-07-26,12500.0,0.0,0.0,6.0,12500.0,12500.0,12500.0,12800.0
Kerala,Kollam,Kollam,Other,Beverages,0.5,12000,13000,12500,2011-08-01,12500.0,0.0,0.0,1.0,12500.0,12500.0,12500.0,12800.0
Kerala,Kollam,Kollam,Other,Beverages,0.5,12000,13000,12500,2011-08-02,12500.0,0.0,0.0,1.0,12500.0,12500.0,12500.0,12500.0
Kerala,Kollam,Kollam,Other,Beverages,0.5,12000,13000,12500,2011-08-03,12500.0,0.0,0.0,1.0,12500.0,12500.0,12500.0,12500.0
Kerala,Kollam,Kollam,Other,Beverages,0.5,12000,13000,12500,2011-08-04,12500.0,0.0,0.0,1.0,12500.0,12500.0,12500.0,12500.0
Kerala,Kollam,Kollam,Other,Beverages,0.5,12000,13000,12500,2011-08-05,12500.0,0.0,0.0,1.0,12500.0,12500.0,12500.0,12500.0
Kerala,Kollam,Kollam,Other,Beverages,0.5,12000,13000,12500,2011-08-06,12500.0,0.0,0.0,2.0,12500.0,12500.0,12500.0,12500.0
Kerala,Kollam,Kollam,Other,Beverages,0.5,12000,13000,12500,2011-08-08,12500.0,0.0,0.0,1.0,12500.0,12500.0,12500.0,12500.0
Kerala,Kollam,Kollam,Other,Beverages,0.5,12000,13000,12500,2011-08-09,12800.0,0.024,0.023716526617316,1.0,12500.0,12500.0,12500.0,12500.0
Kerala,Kollam,Kollam,Other,Beverages,0.5,12500,13000,12800,2011-08-10,12500.0,-0.0234375,-0.023716526617316,1.0,12500.0,12500.0,12500.0,12500.0
Kerala,Kollam,Kollam,Other,Beverages,0.5,12000,13000,12500,2011-08-11,12500.0,0.0,0.0,1.0,12800.0,12500.0,12500.0,12800.0
Kerala,Kollam,Kollam,Other,Beverages,0.5,12000,13000,12500,2011-08-12,12500.0,0.0,0.0,4.0,12500.0,12500.0,12500.0,12500.0
Kerala,Kollam,Kollam,Other,Beverages,0.5,12000,13000,12500,2011-08-16,12500.0,0.0,0.0,1.0,12500.0,12500.0,12500.0,12500.0
Kerala,Kollam,Kollam,Other,Beverages,0.5,12000,13000,12500,2011-08-17,12500.0,0.0,0.0,1.0,12500.0,12500.0,12500.0,12500.0
Kerala,Kollam,Kollam,Other,Beverages,0.5,12000,13000,12500,2011-08-18,12500.0,0.0,0.0,1.0,12500.0,12500.0,12500.0,12500.0
Kerala,Kollam,Kollam,Other,Beverages,0.5,12000,13000,12500,2011-08-19,12500.0,0.0,0.0,1.0,12500.0,12500.0,12500.0,12500.0
Kerala,Kollam,Kollam,Other,Beverages,0.5,12000,13000,12500,2011-08-20,12500.0,0.0,0.0,2.0,12500.0,12800.0,12500.0,12500.0
Kerala,Kollam,Kollam,Other,Beverages,0.5,12000,13000,12500,2011-08-22,12500.0,0.0,0.0,1.0,12500.0,12500.0,12500.0,12500.0
Kerala,Kollam,Kollam,Other,Beverages,0.5,12000,13000,12500,2011-08-23,12500.0,0.0,0.0,1.0,12500.0,12500.0,12500.0,12500.0
Kerala,Kollam,Kollam,Other,Beverages,0.5,12000,13000,12500,2011-08-24,12500.0,0.0,0.0,1.0,12500.0,12500.0,12500.0,12500.0
Kerala,Kollam,Kollam,Other,Beverages,0.5,12000,13000,12500,2011-08-25,12500.0,0.0,0.0,1.0,12500.0,12500.0,12500.0,12500.0
Kerala,Kollam,Kollam,Other,Beverages,0.5,12000,13000,12500,2011-08-26,12500.0,0.0,0.0,6.0,12500.0,12500.0,12500.0,12500.0
Kerala,Kollam,Kollam,Other,Beverages,0.5,12000,13000,12500,2011-09-01,12500.0,0.0,0.0,1.0,12500.0,12500.0,12500.0,12500.0
Kerala,Kollam,Kollam,Other,Beverages,0.5,12000,13000,12500,2011-09-02,13000.0,0.04,0.0392207131532813,1.0,12500.0,12500.0,12800.0,12500.0
Kerala,Kollam,Kollam,Other,Beverages,0.5,12500,13500,13000,2011-09-03,12500.0,-0.0384615384615384,-0.0392207131532812,2.0,12500.0,12500.0,12500.0,12500.0
Kerala,Kollam,Kollam,Other,Beverages,0.5,12000,13000,12500,2011-09-05,12500.0,0.0,0.0,1.0,13000.0,12500.0,12500.0,12500.0
Kerala,Kollam,Kollam,Other,Beverages,0.5,12000,13000,12500,2011-09-06,12500.0,0.0,0.0,1.0,12500.0,12500.0,12500.0,12500.0
Kerala,Kollam,Kollam,Other,Beverages,0.5,12000,13000,12500,2011-09-28,12500.0,0.0,0.0,1.0,12500.0,12500.0,12500.0,12500.0
Kerala,Kollam,Kollam,Other,Beverages,0.5,12000,13000,12500,2011-09-29,12500.0,0.0,0.0,1.0,12500.0,12500.0,12500.0,12500.0
Kerala,Kollam,Kollam,Other,Beverages,0.5,12000,13000,12500,2011-09-30,12500.0,0.0,0.0,1.0,12500.0,12500.0,12500.0,12500.0
Kerala,Kollam,Kollam,Other,Beverages,0.5,12000,13000,12500,2011-10-01,12500.0,0.0,0.0,2.0,12500.0,12500.0,12500.0,12500.0
Kerala,Kollam,Kollam,Other,Beverages,0.5,12000,13000,12500,2011-10-03,12500.0,0.0,0.0,1.0,12500.0,13000.0,12500.0,12500.0
Kerala,Kollam,Kollam,Other,Beverages,0.5,12000,13000,12500,2011-10-04,12500.0,0.0,0.0,3.0,12500.0,12500.0,12500.0,12500.0
Kerala,Kollam,Kollam,Other,Beverages,0.5,12000,13000,12500,2011-10-07,12500.0,0.0,0.0,3.0,12500.0,12500.0,12500.0,12500.0
Kerala,Kollam,Kollam,Other,Beverages,0.5,12000,13000,12500,2011-10-10,12500.0,0.0,0.0,1.0,12500.0,12500.0,12500.0,12500.0
Kerala,Kollam,Kollam,Other,Beverages,0.5,12000,13000,12500,2011-10-11,12500.0,0.0,0.0,1.0,12500.0,12500.0,12500.0,12500.0
Kerala,Kollam,Kollam,Other,Beverages,0.5,12000,13000,12500,2011-10-12,12500.0,0.0,0.0,1.0,12500.0,12500.0,12500.0,12500.0
Kerala,Kollam,Kollam,Other,Beverages,0.5,12000,13000,12500,2011-10-13,12500.0,0.0,0.0,1.0,12500.0,12500.0,12500.0,12500.0
Kerala,Kollam,Kollam,Other,Beverages,0.5,12000,13000,12500,2011-10-14,12500.0,0.0,0.0,1.0,12500.0,12500.0,13000.0,12500.0
Kerala,Kollam,Kollam,Other,Beverages,0.5,12000,13000,12500,2011-10-15,12500.0,0.0,0.0,2.0,12500.0,12500.0,12500.0,12800.0
Kerala,Kollam,Kollam,Other,Beverages,0.5,12000,13000,12500,2011-10-17,12500.0,0.0,0.0,1.0,12500.0,12500.0,12500.0,12500.0
Kerala,Kollam,Kollam,Other,Beverages,0.5,12000,13000,12500,2011-10-18,12500.0,0.0,0.0,1.0,12500.0,12500.0,12500.0,12500.0
Kerala,Kollam,Kollam,Other,Beverages,0.5,12000,13000,12500,2011-10-19,12500.0,0.0,0.0,1.0,12500.0,12500.0,12500.0,12500.0
Kerala,Kollam,Kollam,Other,Beverages,0.5,12000,13000,12500,2011-10-20,12500.0,0.0,0.0,1.0,12500.0,12500.0,12500.0,12500.0
Kerala,Kollam,Kollam,Other,Beverages,0.5,12000,13000,12500,2011-10-21,12500.0,0.0,0.0,1.0,12500.0,12500.0,12500.0,12500.0
Kerala,Kollam,Kollam,Other,Beverages,0.5,12000,13000,12500,2011-10-22,12500.0,0.0,0.0,2.0,12500.0,12500.0,12500.0,12500.0
Kerala,Kollam,Kollam,Other,Beverages,0.5,12000,13000,12500,2011-10-24,12500.0,0.0,0.0,1.0,12500.0,12500.0,12500.0,12500.0
Kerala,Kollam,Kollam,Other,Beverages,0.5,12000,13000,12500,2011-10-25,12500.0,0.0,0.0,2.0,12500.0,12500.0,12500.0,12500.0
Kerala,Kollam,Kollam,Other,Beverages,0.5,12000,13000,12500,2011-10-27,12500.0,0.0,0.0,1.0,12500.0,12500.0,12500.0,12500.0
Kerala,Kollam,Kollam,Other,Beverages,0.5,12000,13000,12500,2011-10-28,12500.0,0.0,0.0,5.0,12500.0,12500.0,12500.0,12500.0
Kerala,Kollam,Kollam,Other,Beverages,0.5,12000,13000,12500,2011-11-02,12500.0,0.0,0.0,1.0,12500.0,12500.0,12500.0,12500.0
Kerala,Kollam,Kollam,Other,Beverages,0.5,12000,13000,12500,2011-11-03,12500.0,0.0,0.0,1.0,12500.0,12500.0,12500.0,12500.0
Kerala,Kollam,Kollam,Other,Beverages,0.5,12000,13000,12500,2011-11-04,12500.0,0.0,0.0,4.0,12500.0,12500.0,12500.0,12500.0
Kerala,Kollam,Kollam,Other,Beverages,0.5,12000,13000,12500,2011-11-08,12500.0,0.0,0.0,1.0,12500.0,12500.0,12500.0,12500.0
Kerala,Kollam,Kollam,Other,Beverages,0.5,12000,13000,12500,2011-11-09,12500.0,0.0,0.0,1.0,12500.0,12500.0,12500.0,13000.0
Kerala,Kollam,Kollam,Other,Beverages,0.5,12000,13000,12500,2011-11-10,12500.0,0.0,0.0,1.0,12500.0,12500.0,12500.0,12500.0
Kerala,Kollam,Kollam,Other,Beverages,0.5,12000,13000,12500,2011-11-11,12500.0,0.0,0.0,3.0,12500.0,12500.0,12500.0,12500.0
Kerala,Kollam,Kollam,Other,Beverages,0.5,12000,13000,12500,2011-11-14,12500.0,0.0,0.0,1.0,12500.0,12500.0,12500.0,12500.0
Kerala,Kollam,Kollam,Other,Beverages,0.5,12000,13000,12500,2011-11-15,12500.0,0.0,0.0,1.0,12500.0,12500.0,12500.0,12500.0
Kerala,Kollam,Kollam,Other,Beverages,0.5,12000,13000,12500,2011-11-16,12500.0,0.0,0.0,1.0,12500.0,12500.0,12500.0,12500.0
Kerala,Kollam,Kollam,Other,Beverages,0.5,12000,13000,12500,2011-11-17,12500.0,0.0,0.0,1.0,12500.0,12500.0,12500.0,12500.0
Kerala,Kollam,Kollam,Other,Beverages,0.5,12000,13000,12500,2011-11-18,12500.0,0.0,0.0,1.0,12500.0,12500.0,12500.0,12500.0
Kerala,Kollam,Kollam,Other,Beverages,0.5,12000,13000,12500,2011-11-19,12500.0,0.0,0.0,2.0,12500.0,12500.0,12500.0,12500.0
Kerala,Kollam,Kollam,Other,Beverages,0.5,12000,13000,12500,2011-11-21,12500.0,0.0,0.0,1.0,12500.0,12500.0,12500.0,12500.0
Kerala,Kollam,Kollam,Other,Beverages,0.5,12000,13000,12500,2011-11-22,12500.0,0.0,0.0,1.0,12500.0,12500.0,12500.0,12500.0
Kerala,Kollam,Kollam,Other,Beverages,0.5,12000,13000,12500,2011-11-23,12500.0,0.0,0.0,1.0,12500.0,12500.0,12500.0,12500.0
Kerala,Kollam,Kollam,Other,Beverages,0.5,12000,13000,12500,2011-11-24,12500.0,0.0,0.0,1.0,12500.0,12500.0,12500.0,12500.0
Kerala,Kollam,Kollam,Other,Beverages,0.5,12000,13000,12500,2011-11-25,12500.0,0.0,0.0,1.0,12500.0,12500.0,12500.0,12500.0
Kerala,Kollam,Kollam,Other,Beverages,0.5,12000,13000,12500,2011-11-26,12500.0,0.0,0.0,2.0,12500.0,12500.0,12500.0,12500.0
Kerala,Malappuram,Kondotty,Other,Beverages,0.2,8000,10000,9000,2015-06-06,9000.0,0.0,0.0,2.0,,,,
Kerala,Malappuram,Kondotty,Other,Beverages,0.15,8500,9500,9000,2015-06-08,8500.0,-0.0555555555555555,-0.0571584138399486,1.0,9000.0,,,
Kerala,Malappuram,Kondotty,Other,Beverages,0.25,8000,9000,8500,2015-06-09,13000.0,0.5294117647058824,0.4248831939652659,1.0,9000.0,,,
Kerala,Malappuram,Kondotty,Other,Beverages,1.0,12000,14000,13000,2015-06-10,13000.0,0.0,0.0,1.0,8500.0,,,
Kerala,Malappuram,Kondotty,Other,Beverages,0.1,12000,14000,13000,2015-06-11,12000.0,-0.0769230769230769,-0.0800427076735363,1.0,13000.0,,,
Kerala,Malappuram,Kondotty,Other,Beverages,0.1,11000,13000,12000,2015-06-12,12100.0,0.0083333333333333,0.008298802814695,3.0,13000.0,,,
Kerala,Malappuram,Kondotty,Other,Beverages,1.0,12000,12200,12100,2015-06-15,12100.0,0.0,0.0,1.0,12000.0,,,
Kerala,Malappuram,Kondotty,Other,Beverages,0.25,12000,12200,12100,2015-06-16,10100.0,-0.1652892561983471,-0.1806700287554816,1.0,12100.0,9000.0,,
Kerala,Malappuram,Kondotty,Other,Beverages,0.25,10000,10200,10100,2015-06-17,10000.0,-0.0099009900990099,-0.009950330853168,2.0,12100.0,9000.0,,
Kerala,Malappuram,Kondotty,Other,Beverages,0.5,9000,11000,10000,2015-06-19,14500.0,0.45,0.371563556432483,3.0,10100.0,8500.0,,
Kerala,Malappuram,Kondotty,Other,Beverages,0.5,13000,16000,14500,2015-06-22,13000.0,-0.1034482758620689,-0.1091992919649919,2.0,10000.0,13000.0,,
Kerala,Malappuram,Kondotty,Other,Beverages,0.5,12000,14000,13000,2015-06-24,12500.0,-0.0384615384615384,-0.0392207131532812,1.0,14500.0,13000.0,,
Kerala,Malappuram,Kondotty,Other,Beverages,0.5,12000,13000,12500,2015-06-25,12500.0,0.0,0.0,1.0,13000.0,12000.0,,
Kerala,Malappuram,Kondotty,Other,Beverages,0.5,12000,13000,12500,2015-06-26,13000.0,0.04,0.0392207131532813,3.0,12500.0,12100.0,,
Kerala,Malappuram,Kondotty,Other,Beverages,0.25,12000,14000,13000,2015-06-29,12500.0,-0.0384615384615384,-0.0392207131532812,1.0,12500.0,12100.0,9000.0,
Kerala,Malappuram,Kondotty,Other,Beverages,1.0,12000,13000,12500,2015-06-30,12500.0,0.0,0.0,1.0,13000.0,10100.0,9000.0,
Kerala,Malappuram,Kondotty,Other,Beverages,1.0,12000,13000,12500,2015-07-01,12500.0,0.0,0.0,2.0,12500.0,10000.0,8500.0,
Kerala,Malappuram,Kondotty,Other,Beverages,0.5,12000,13000,12500,2015-07-03,13000.0,0.04,0.0392207131532813,1.0,12500.0,14500.0,13000.0,
Kerala,Malappuram,Kondotty,Other,Beverages,0.25,12000,14000,13000,2015-07-04,12500.0,-0.0384615384615384,-0.0392207131532812,2.0,12500.0,13000.0,13000.0,
Kerala,Malappuram,Kondotty,Other,Beverages,0.15,12000,13000,12500,2015-07-06,12500.0,0.0,0.0,3.0,13000.0,12500.0,12000.0,
Kerala,Malappuram,Kondotty,Other,Beverages,0.5,12000,13000,12500,2015-07-09,15100.0,0.208,0.1889660995126231,7.0,12500.0,12500.0,12100.0,
Kerala,Malappuram,Kondotty,Other,Beverages,0.5,15000,15200,15100,2015-07-16,14000.0,-0.0728476821192053,-0.07563741420562,1.0,12500.0,13000.0,12100.0,
Kerala,Malappuram,Kondotty,Other,Beverages,0.5,13500,14500,14000,2015-07-17,15000.0,0.0714285714285714,0.0689928714869514,3.0,15100.0,12500.0,10100.0,
Kerala,Malappuram,Kondotty,Other,Beverages,0.5,14500,15500,15000,2015-07-20,14000.0,-0.0666666666666666,-0.0689928714869514,1.0,14000.0,12500.0,10000.0,
Kerala,Malappuram,Kondotty,Other,Beverages,0.5,13500,14500,14000,2015-07-21,14000.0,0.0,0.0,1.0,15000.0,12500.0,14500.0,
Kerala,Malappuram,Kondotty,Other,Beverages,0.8,13500,15000,14000,2015-07-22,14000.0,0.0,0.0,2.0,14000.0,13000.0,13000.0,
Kerala,Malappuram,Kondotty,Other,Beverages,0.8,13500,15000,14000,2015-07-24,13500.0,-0.0357142857142857,-0.0363676441708748,1.0,14000.0,12500.0,12500.0,
Kerala,Malappuram,Kondotty,Other,Beverages,0.5,13000,15000,14000,2015-08-12,13500.0,-0.0357142857142857,-0.0363676441708748,6.0,14000.0,12500.0,12500.0,
Kerala,Malappuram,Kondotty,Other,Beverages,0.5,13000,14000,13500,2015-08-18,13100.0,-0.0296296296296296,-0.0300774552372779,7.0,14000.0,15100.0,13000.0,
Kerala,Malappuram,Kondotty,Other,Beverages,0.5,13000,14000,13500,2016-08-08,13200.0,-0.0222222222222222,-0.0224728558520586,7.0,13500.0,14000.0,12500.0,
Kerala,Malappuram,Kondotty,Other,Beverages,1.0,10000,13000,11000,2018-01-06,11000.0,0.0,0.0,4.0,13500.0,15000.0,12500.0,9000.0
Jharkhand,Deogarh,Madhupur,Assam C.T.C. Dust,Beverages,0.05,11500,12000,12000,2008-01-01,12000.0,0.0,0.0,1.0,,,,
Jharkhand,Deogarh,Madhupur,Assam C.T.C. Dust,Beverages,0.05,11500,12000,12000,2008-01-02,12000.0,0.0,0.0,1.0,12000.0,,,
Jharkhand,Deogarh,Madhupur,Assam C.T.C. Dust,Beverages,0.05,11500,12000,12000,2008-01-03,12000.0,0.0,0.0,1.0,12000.0,,,
Jharkhand,Deogarh,Madhupur,Assam C.T.C. Dust,Beverages,0.05,11500,12000,12000,2008-01-04,12000.0,0.0,0.0,3.0,12000.0,,,
Jharkhand,Deogarh,Madhupur,Assam C.T.C. Dust,Beverages,0.05,11500,12000,12000,2008-01-07,12000.0,0.0,0.0,1.0,12000.0,,,
Jharkhand,Deogarh,Madhupur,Assam C.T.C. Dust,Beverages,0.05,11500,12000,12000,2008-01-08,12000.0,0.0,0.0,1.0,12000.0,,,
Jharkhand,Deogarh,Madhupur,Assam C.T.C. Dust,Beverages,0.05,11500,12000,12000,2008-01-09,12000.0,0.0,0.0,1.0,12000.0,,,
Jharkhand,Deogarh,Madhupur,Assam C.T.C. Dust,Beverages,0.05,11500,12000,12000,2008-01-10,12000.0,0.0,0.0,1.0,12000.0,12000.0,,
Jharkhand,Deogarh,Madhupur,Assam C.T.C. Dust,Beverages,0.06,11500,12000,12000,2008-01-11,11755.0,-0.0204166666666666,-0.0206279677959674,4.0,12000.0,12000.0,,
Jharkhand,Deogarh,Madhupur,Assam C.T.C. Dust,Beverages,0.05,11500,12000,11755,2008-01-15,12000.0,0.0208421948107188,0.0206279677959675,1.0,12000.0,12000.0,,
Jharkhand,Deogarh,Madhupur,Assam C.T.C. Dust,Beverages,0.05,11500,12000,12000,2008-01-16,12000.0,0.0,0.0,1.0,11755.0,12000.0,,
Jharkhand,Deogarh,Madhupur,Assam C.T.C. Dust,Beverages,0.05,11500,12000,12000,2008-01-17,12000.0,0.0,0.0,1.0,12000.0,12000.0,,
Jharkhand,Deogarh,Madhupur,Assam C.T.C. Dust,Beverages,0.05,11500,12000,12000,2008-01-18,12000.0,0.0,0.0,3.0,12000.0,12000.0,,
Jharkhand,Deogarh,Madhupur,Assam C.T.C. Dust,Beverages,0.05,11500,12000,12000,2008-01-21,12000.0,0.0,0.0,1.0,12000.0,12000.0,,
Jharkhand,Deogarh,Madhupur,Assam C.T.C. Dust,Beverages,0.05,11500,12000,12000,2008-01-22,12000.0,0.0,0.0,2.0,12000.0,12000.0,12000.0,
Jharkhand,Deogarh,Madhupur,Assam C.T.C. Dust,Beverages,0.05,11500,12000,12000,2008-01-24,11775.0,-0.01875,-0.0189280098855189,1.0,12000.0,12000.0,12000.0,
Jharkhand,Deogarh,Madhupur,Assam C.T.C. Dust,Beverages,0.05,11500,12000,11775,2008-01-25,12000.0,0.019108280254777,0.0189280098855188,3.0,12000.0,11755.0,12000.0,
Jharkhand,Deogarh,Madhupur,Assam C.T.C. Dust,Beverages,0.06,11500,12000,12000,2008-01-28,12000.0,0.0,0.0,1.0,11775.0,12000.0,12000.0,
Jharkhand,Deogarh,Madhupur,Assam C.T.C. Dust,Beverages,0.05,11500,12000,12000,2008-01-29,12000.0,0.0,0.0,1.0,12000.0,12000.0,12000.0,
Jharkhand,Deogarh,Madhupur,Assam C.T.C. Dust,Beverages,0.05,11500,12000,12000,2008-01-30,12000.0,0.0,0.0,1.0,12000.0,12000.0,12000.0,
Jharkhand,Deogarh,Madhupur,Assam C.T.C. Dust,Beverages,0.05,11500,12000,12000,2008-01-31,12000.0,0.0,0.0,1.0,12000.0,12000.0,12000.0,
Jharkhand,Deogarh,Madhupur,Assam C.T.C. Dust,Beverages,0.05,11500,12000,11890,2008-04-01,12000.0,0.009251471825063,0.0092089390853099,1.0,12000.0,12000.0,12000.0,
Jharkhand,Deogarh,Madhupur,Assam C.T.C. Dust,Beverages,0.05,11500,12000,12000,2008-04-02,12000.0,0.0,0.0,1.0,11890.0,12000.0,12000.0,
Jharkhand,Deogarh,Madhupur,Assam C.T.C. Dust,Beverages,0.05,11500,12000,12000,2008-04-03,12000.0,0.0,0.0,1.0,12000.0,11775.0,11755.0,
Jharkhand,Deogarh,Madhupur,Assam C.T.C. Dust,Beverages,0.05,11500,12000,12000,2008-04-04,12000.0,0.0,0.0,1.0,12000.0,12000.0,12000.0,
Jharkhand,Deogarh,Madhupur,Assam C.T.C. Dust,Beverages,0.05,11500,12000,12000,2008-04-05,12000.0,0.0,0.0,2.0,12000.0,12000.0,12000.0,
Jharkhand,Deogarh,Madhupur,Assam C.T.C. Dust,Beverages,0.05,11500,12000,12000,2008-04-07,12000.0,0.0,0.0,2.0,12000.0,12000.0,12000.0,
Jharkhand,Deogarh,Madhupur,Assam C.T.C. Dust,Beverages,0.05,11500,12000,12000,2008-04-09,12000.0,0.0,0.0,1.0,12000.0,12000.0,12000.0,
Jharkhand,Deogarh,Madhupur,Assam C.T.C. Dust,Beverages,0.05,11500,12000,12000,2008-04-10,12000.0,0.0,0.0,1.0,12000.0,11890.0,12000.0,
Jharkhand,Deogarh,Madhupur,Assam C.T.C. Dust,Beverages,0.05,11500,12000,12000,2008-04-11,12000.0,0.0,0.0,1.0,12000.0,12000.0,12000.0,
Jharkhand,Deogarh,Madhupur,Assam C.T.C. Dust,Beverages,0.05,11500,12000,12000,2008-04-12,12000.0,0.0,0.0,3.0,12000.0,12000.0,11775.0,12000.0
Jharkhand,Deogarh,Madhupur,Assam C.T.C. Dust,Beverages,0.05,11500,12000,12000,2008-04-15,12000.0,0.0,0.0,1.0,12000.0,12000.0,12000.0,12000.0
Jharkhand,Deogarh,Madhupur,Assam C.T.C. Dust,Beverages,0.05,11500,12000,12000,2008-04-16,12000.0,0.0,0.0,1.0,12000.0,12000.0,12000.0,12000.0
Jharkhand,Deogarh,Madhupur,Assam C.T.C. Dust,Beverages,0.05,11500,12000,12000,2008-04-17,12000.0,0.0,0.0,2.0,12000.0,12000.0,12000.0,12000.0
Jharkhand,Deogarh,Madhupur,Assam C.T.C. Dust,Beverages,0.05,11500,12000,12000,2008-04-19,12000.0,0.0,0.0,2.0,12000.0,12000.0,12000.0,12000.0
Jharkhand,Deogarh,Madhupur,Assam C.T.C. Dust,Beverages,0.05,11500,12000,12000,2008-04-21,12000.0,0.0,0.0,1.0,12000.0,12000.0,11890.0,12000.0
Jharkhand,Deogarh,Madhupur,Assam C.T.C. Dust,Beverages,0.05,11500,12000,12000,2008-04-22,12000.0,0.0,0.0,2.0,12000.0,12000.0,12000.0,12000.0
Jharkhand,Deogarh,Madhupur,Assam C.T.C. Dust,Beverages,0.05,11500,12000,12000,2008-04-24,12000.0,0.0,0.0,2.0,12000.0,12000.0,12000.0,12000.0
Jharkhand,Deogarh,Madhupur,Assam C.T.C. Dust,Beverages,0.01,11500,12000,12000,2008-04-26,12000.0,0.0,0.0,2.0,12000.0,12000.0,12000.0,12000.0
Jharkhand,Deogarh,Madhupur,Assam C.T.C. Dust,Beverages,0.05,11500,12000,12000,2008-04-28,12000.0,0.0,0.0,1.0,12000.0,12000.0,12000.0,11755.0
Jharkhand,Deogarh,Madhupur,Assam C.T.C. Dust,Beverages,0.05,11500,12000,12000,2008-04-29,12000.0,0.0,0.0,1.0,12000.0,12000.0,12000.0,12000.0
Jharkhand,Deogarh,Madhupur,Assam C.T.C. Dust,Beverages,0.05,11500,12000,12000,2008-06-02,12000.0,0.0,0.0,1.0,12000.0,12000.0,12000.0,12000.0
Jharkhand,Deogarh,Madhupur,Assam C.T.C. Dust,Beverages,0.05,11500,12000,12000,2008-06-03,12000.0,0.0,0.0,1.0,12000.0,12000.0,12000.0,12000.0
Jharkhand,Deogarh,Madhupur,Assam C.T.C. Dust,Beverages,0.06,11500,12000,12000,2008-06-04,12000.0,0.0,0.0,1.0,12000.0,12000.0,12000.0,12000.0
Jharkhand,Deogarh,Madhupur,Assam C.T.C. Dust,Beverages,0.05,11500,12000,12000,2008-06-05,12000.0,0.0,0.0,1.0,12000.0,12000.0,12000.0,12000.0
Jharkhand,Deogarh,Madhupur,Assam C.T.C. Dust,Beverages,0.05,11500,12000,12000,2008-06-06,12000.0,0.0,0.0,1.0,12000.0,12000.0,12000.0,12000.0
Jharkhand,Deogarh,Madhupur,Assam C.T.C. Dust,Beverages,0.05,11500,12000,12000,2008-06-07,12000.0,0.0,0.0,2.0,12000.0,12000.0,12000.0,11775.0
Jharkhand,Deogarh,Madhupur,Assam C.T.C. Dust,Beverages,0.05,11500,12000,12000,2008-06-09,12000.0,0.0,0.0,1.0,12000.0,12000.0,12000.0,12000.0
Jharkhand,Deogarh,Madhupur,Assam C.T.C. Dust,Beverages,0.05,11500,12000,12000,2008-06-10,12000.0,0.0,0.0,1.0,12000.0,12000.0,12000.0,12000.0
Jharkhand,Deogarh,Madhupur,Assam C.T.C. Dust,Beverages,0.05,11500,12000,12000,2008-06-11,12000.0,0.0,0.0,1.0,12000.0,12000.0,12000.0,12000.0
Jharkhand,Deogarh,Madhupur,Assam C.T.C. Dust,Beverages,0.05,11500,12000,12000,2008-06-12,12000.0,0.0,0.0,1.0,12000.0,12000.0,12000.0,12000.0
Jharkhand,Deogarh,Madhupur,Assam C.T.C. Dust,Beverages,0.05,11500,12000,12000,2008-06-13,12000.0,0.0,0.0,1.0,12000.0,12000.0,12000.0,11890.0
Jharkhand,Deogarh,Madhupur,Assam C.T.C. Dust,Beverages,0.05,11500,12000,12000,2008-07-01,13000.0,0.0833333333333333,0.0800427076735363,1.0,12000.0,12000.0,12000.0,12000.0
Jharkhand,Deogarh,Madhupur,Assam C.T.C. Dust,Beverages,0.05,12500,13000,13000,2008-07-02,13000.0,0.0,0.0,1.0,12000.0,12000.0,12000.0,12000.0
Jharkhand,Deogarh,Madhupur,Assam C.T.C. Dust,Beverages,0.05,12500,13000,13000,2008-07-03,13000.0,0.0,0.0,2.0,13000.0,12000.0,12000.0,12000.0
Jharkhand,Deogarh,Madhupur,Assam C.T.C. Dust,Beverages,0.05,12500,13000,13000,2008-07-05,13000.0,0.0,0.0,2.0,13000.0,12000.0,12000.0,12000.0
Jharkhand,Deogarh,Madhupur,Assam C.T.C. Dust,Beverages,0.05,12500,13000,13000,2008-07-07,13000.0,0.0,0.0,1.0,13000.0,12000.0,12000.0,12000.0
Jharkhand,Deogarh,Madhupur,Assam C.T.C. Dust,Beverages,0.05,12500,13000,13000,2008-07-08,14000.0,0.0769230769230769,0.0741079721537218,1.0,13000.0,12000.0,12000.0,12000.0
Jharkhand,Deogarh,Madhupur,Assam C.T.C. Dust,Beverages,0.05,13500,14000,14000,2008-07-09,14000.0,0.0,0.0,1.0,13000.0,12000.0,12000.0,12000.0
Jharkhand,Deogarh,Madhupur,Assam C.T.C. Dust,Beverages,0.05,13500,14000,14000,2008-07-10,14000.0,0.0,0.0,1.0,14000.0,12000.0,12000.0,12000.0
Jharkhand,Deogarh,Madhupur,Assam C.T.C. Dust,Beverages,0.05,13500,14000,14000,2008-07-11,14000.0,0.0,0.0,1.0,14000.0,13000.0,12000.0,12000.0
Jharkhand,Deogarh,Madhupur,Assam C.T.C. Dust,Beverages,0.05,13500,14000,14000,2008-07-12,14000.0,0.0,0.0,2.0,14000.0,13000.0,12000.0,12000.0
Jharkhand,Deogarh,Madhupur,Assam C.T.C. Dust,Beverages,0.05,13500,14000,14000,2008-07-14,14000.0,0.0,0.0,1.0,14000.0,13000.0,12000.0,12000.0
Jharkhand,Deogarh,Madhupur,Assam C.T.C. Dust,Beverages,0.05,13500,14000,14000,2008-07-15,14000.0,0.0,0.0,1.0,14000.0,13000.0,12000.0,12000.0
Jharkhand,Deogarh,Madhupur,Assam C.T.C. Dust,Beverages,0.05,13500,14000,14000,2008-07-16,14000.0,0.0,0.0,1.0,14000.0,13000.0,12000.0,12000.0
Jharkhand,Deogarh,Madhupur,Assam C.T.C. Dust,Beverages,0.05,13500,14000,14000,2008-07-17,14000.0,0.0,0.0,1.0,14000.0,14000.0,12000.0,12000.0
Jharkhand,Deogarh,Madhupur,Assam C.T.C. Dust,Beverages,0.05,13500,14000,14000,2008-07-18,14000.0,0.0,0.0,1.0,14000.0,14000.0,12000.0,12000.0
Jharkhand,Deogarh,Madhupur,Assam C.T.C. Dust,Beverages,0.05,13500,14000,14000,2008-07-19,14000.0,0.0,0.0,2.0,14000.0,14000.0,13000.0,12000.0
Jharkhand,Deogarh,Madhupur,Assam C.T.C. Dust,Beverages,0.05,13500,14000,14000,2008-07-21,14000.0,0.0,0.0,1.0,14000.0,14000.0,13000.0,12000.0
Jharkhand,Deogarh,Madhupur,Assam C.T.C. Dust,Beverages,0.05,13500,14000,14000,2008-07-22,14000.0,0.0,0.0,1.0,14000.0,14000.0,13000.0,12000.0
Jharkhand,Deogarh,Madhupur,Assam C.T.C. Dust,Beverages,0.05,13500,14000,14000,2008-07-23,14000.0,0.0,0.0,1.0,14000.0,14000.0,13000.0,12000.0
Jharkhand,Deogarh,Madhupur,Assam C.T.C. Dust,Beverages,0.05,13500,14000,14000,2008-07-24,14000.0,0.0,0.0,1.0,14000.0,14000.0,13000.0,12000.0
Jharkhand,Deogarh,Madhupur,Assam C.T.C. Dust,Beverages,0.05,13500,14000,14000,2008-07-25,14000.0,0.0,0.0,1.0,14000.0,14000.0,14000.0,12000.0
Jharkhand,Deogarh,Madhupur,Assam C.T.C. Dust,Beverages,0.06,13500,14000,14000,2008-07-26,14000.0,0.0,0.0,2.0,14000.0,14000.0,14000.0,12000.0
Jharkhand,Deogarh,Madhupur,Assam C.T.C. Dust,Beverages,0.05,13500,14000,14000,2008-07-28,14000.0,0.0,0.0,4.0,14000.0,14000.0,14000.0,12000.0
Jharkhand,Deogarh,Madhupur,Assam C.T.C. Dust,Beverages,0.06,13500,14000,14000,2008-08-01,14000.0,0.0,0.0,1.0,14000.0,14000.0,14000.0,12000.0
Jharkhand,Deogarh,Madhupur,Assam C.T.C. Dust,Beverages,0.05,13500,14000,14000,2008-08-02,14000.0,0.0,0.0,3.0,14000.0,14000.0,14000.0,12000.0
Jharkhand,Deogarh,Madhupur,Assam C.T.C. Dust,Beverages,0.05,13500,14000,14000,2008-08-05,14000.0,0.0,0.0,1.0,14000.0,14000.0,14000.0,12000.0
Jharkhand,Deogarh,Madhupur,Assam C.T.C. Dust,Beverages,0.05,13500,14000,14000,2008-08-06,14000.0,0.0,0.0,1.0,14000.0,14000.0,14000.0,12000.0
Jharkhand,Deogarh,Madhupur,Assam C.T.C. Dust,Beverages,0.05,13500,14000,14000,2008-08-07,14000.0,0.0,0.0,1.0,14000.0,14000.0,14000.0,12000.0
Jharkhand,Deogarh,Madhupur,Assam C.T.C. Dust,Beverages,0.06,13500,14000,14000,2008-08-08,14000.0,0.0,0.0,1.0,14000.0,14000.0,14000.0,12000.0
Jharkhand,Deogarh,Madhupur,Assam C.T.C. Dust,Beverages,0.05,13500,14000,14000,2008-08-09,14000.0,0.0,0.0,2.0,14000.0,14000.0,14000.0,12000.0
Jharkhand,Deogarh,Madhupur,Assam C.T.C. Dust,Beverages,0.05,13500,14000,14000,2008-08-11,14000.0,0.0,0.0,1.0,14000.0,14000.0,14000.0,12000.0
Jharkhand,Deogarh,Madhupur,Assam C.T.C. Dust,Beverages,0.05,13500,14000,14000,2008-08-12,14000.0,0.0,0.0,1.0,14000.0,14000.0,14000.0,13000.0
Jharkhand,Deogarh,Madhupur,Assam C.T.C. Dust,Beverages,0.05,13500,14000,14000,2008-08-13,14000.0,0.0,0.0,1.0,14000.0,14000.0,14000.0,13000.0
Jharkhand,Deogarh,Madhupur,Assam C.T.C. Dust,Beverages,0.05,13500,14000,14000,2008-08-14,14000.0,0.0,0.0,4.0,14000.0,14000.0,14000.0,13000.0
Jharkhand,Deogarh,Madhupur,Assam C.T.C. Dust,Beverages,0.05,13500,14000,14000,2008-08-18,14000.0,0.0,0.0,1.0,14000.0,14000.0,14000.0,13000.0
Jharkhand,Deogarh,Madhupur,Assam C.T.C. Dust,Beverages,0.05,13500,14000,14000,2008-08-19,14000.0,0.0,0.0,1.0,14000.0,14000.0,14000.0,13000.0
Jharkhand,Deogarh,Madhupur,Assam C.T.C. Dust,Beverages,0.05,13500,14000,14000,2008-08-20,14000.0,0.0,0.0,1.0,14000.0,14000.0,14000.0,14000.0
Jharkhand,Deogarh,Madhupur,Assam C.T.C. Dust,Beverages,0.05,13500,14000,14000,2008-08-21,14000.0,0.0,0.0,1.0,14000.0,14000.0,14000.0,14000.0
Jharkhand,Deogarh,Madhupur,Assam C.T.C. Dust,Beverages,0.05,13500,14000,14000,2008-08-22,14000.0,0.0,0.0,1.0,14000.0,14000.0,14000.0,14000.0
Jharkhand,Deogarh,Madhupur,Assam C.T.C. Dust,Beverages,0.06,13500,14000,14000,2008-08-23,14000.0,0.0,0.0,2.0,14000.0,14000.0,14000.0,14000.0
Jharkhand,Deogarh,Madhupur,Assam C.T.C. Dust,Beverages,0.06,13500,14000,14000,2008-08-25,14000.0,0.0,0.0,1.0,14000.0,14000.0,14000.0,14000.0
Jharkhand,Deogarh,Madhupur,Assam C.T.C. Dust,Beverages,0.05,13500,14000,14000,2008-08-26,14000.0,0.0,0.0,1.0,14000.0,14000.0,14000.0,14000.0
Jharkhand,Deogarh,Madhupur,Assam C.T.C. Dust,Beverages,0.05,13500,14000,14000,2008-08-27,14000.0,0.0,0.0,1.0,14000.0,14000.0,14000.0,14000.0
Jharkhand,Deogarh,Madhupur,Assam C.T.C. Dust,Beverages,0.05,13500,14000,14000,2008-08-28,14000.0,0.0,0.0,1.0,14000.0,14000.0,14000.0,14000.0
Jharkhand,Deogarh,Madhupur,Assam C.T.C. Dust,Beverages,0.05,13500,14000,14000,2008-08-29,14000.0,0.0,0.0,3.0,14000.0,14000.0,14000.0,14000.0
Jharkhand,Deogarh,Madhupur,Assam C.T.C. Dust,Beverages,0.05,13500,14000,14000,2008-09-01,14000.0,0.0,0.0,1.0,14000.0,14000.0,14000.0,14000.0
Jharkhand,Deogarh,Madhupur,Assam C.T.C. Dust,Beverages,0.05,13500,14000,14000,2008-09-02,14000.0,0.0,0.0,1.0,14000.0,14000.0,14000.0,14000.0
Jharkhand,Deogarh,Madhupur,Assam C.T.C. Dust,Beverages,0.05,13500,14000,14000,2008-09-03,14000.0,0.0,0.0,1.0,14000.0,14000.0,14000.0,14000.0
Jharkhand,Deogarh,Madhupur,Assam C.T.C. Dust,Beverages,0.05,13500,14000,14000,2008-09-04,14000.0,0.0,0.0,1.0,14000.0,14000.0,14000.0,14000.0
Jharkhand,Deogarh,Madhupur,Assam C.T.C. Dust,Beverages,0.05,13500,14000,14000,2008-09-05,14000.0,0.0,0.0,1.0,14000.0,14000.0,14000.0,14000.0
Jharkhand,Deogarh,Madhupur,Assam C.T.C. Dust,Beverages,0.05,13500,14000,14000,2008-09-06,14000.0,0.0,0.0,2.0,14000.0,14000.0,14000.0,14000.0
Jharkhand,Deogarh,Madhupur,Assam C.T.C. Dust,Beverages,0.06,13500,14000,14000,2008-09-08,14000.0,0.0,0.0,1.0,14000.0,14000.0,14000.0,14000.0
Jharkhand,Deogarh,Madhupur,Assam C.T.C. Dust,Beverages,0.05,13500,14000,14000,2008-09-09,14000.0,0.0,0.0,1.0,14000.0,14000.0,14000.0,14000.0
Jharkhand,Deogarh,Madhupur,Assam C.T.C. Dust,Beverages,0.05,13500,14000,14000,2008-09-10,14000.0,0.0,0.0,2.0,14000.0,14000.0,14000.0,14000.0
Jharkhand,Deogarh,Madhupur,Assam C.T.C. Dust,Beverages,0.05,13500,14000,14000,2008-09-12,14000.0,0.0,0.0,1.0,14000.0,14000.0,14000.0,14000.0
Jharkhand,Deogarh,Madhupur,Assam C.T.C. Dust,Beverages,0.05,13500,14000,14000,2008-09-13,14000.0,0.0,0.0,2.0,14000.0,14000.0,14000.0,14000.0
Jharkhand,Deogarh,Madhupur,Assam C.T.C. Dust,Beverages,0.05,13500,14000,14000,2008-09-15,14000.0,0.0,0.0,1.0,14000.0,14000.0,14000.0,14000.0
Jharkhand,Deogarh,Madhupur,Assam C.T.C. Dust,Beverages,0.05,13500,14000,14000,2008-09-16,14000.0,0.0,0.0,1.0,14000.0,14000.0,14000.0,14000.0
Jharkhand,Deogarh,Madhupur,Assam C.T.C. Dust,Beverages,0.05,13500,14000,14000,2008-09-17,14000.0,0.0,0.0,1.0,14000.0,14000.0,14000.0,14000.0
Jharkhand,Deogarh,Madhupur,Assam C.T.C. Dust,Beverages,0.05,13500,14000,14000,2008-09-18,14000.0,0.0,0.0,1.0,14000.0,14000.0,14000.0,14000.0
Jharkhand,Deogarh,Madhupur,Assam C.T.C. Dust,Beverages,0.05,13500,14000,14000,2008-09-19,14000.0,0.0,0.0,3.0,14000.0,14000.0,14000.0,14000.0
Jharkhand,Deogarh,Madhupur,Assam C.T.C. Dust,Beverages,0.05,13500,14000,14000,2008-09-22,14000.0,0.0,0.0,1.0,14000.0,14000.0,14000.0,14000.0
Jharkhand,Deogarh,Madhupur,Assam C.T.C. Dust,Beverages,0.05,13500,14000,14000,2008-09-23,14000.0,0.0,0.0,1.0,14000.0,14000.0,14000.0,14000.0
Jharkhand,Deogarh,Madhupur,Assam C.T.C. Dust,Beverages,0.05,13500,14000,14000,2008-09-24,14000.0,0.0,0.0,1.0,14000.0,14000.0,14000.0,14000.0
Jharkhand,Deogarh,Madhupur,Assam C.T.C. Dust,Beverages,0.05,13500,14000,14000,2008-09-25,14000.0,0.0,0.0,1.0,14000.0,14000.0,14000.0,14000.0
Jharkhand,Deogarh,Madhupur,Assam C.T.C. Dust,Beverages,0.05,13500,14000,14000,2008-09-26,14000.0,0.0,0.0,1.0,14000.0,14000.0,14000.0,14000.0
Jharkhand,Deogarh,Madhupur,Assam C.T.C. Dust,Beverages,0.05,13500,14000,14000,2008-09-27,14000.0,0.0,0.0,2.0,14000.0,14000.0,14000.0,14000.0
Jharkhand,Deogarh,Madhupur,Assam C.T.C. Dust,Beverages,0.05,13500,14000,14000,2008-09-29,14000.0,0.0,0.0,1.0,14000.0,14000.0,14000.0,14000.0
Jharkhand,Deogarh,Madhupur,Assam C.T.C. Dust,Beverages,0.05,13500,14000,14000,2008-09-30,14000.0,0.0,0.0,1.0,14000.0,14000.0,14000.0,14000.0
Jharkhand,Deogarh,Madhupur,Assam C.T.C. Dust,Beverages,5.0,13500,14000,14000,2008-10-01,14000.0,0.0,0.0,2.0,14000.0,14000.0,14000.0,14000.0
Jharkhand,Deogarh,Madhupur,Assam C.T.C. Dust,Beverages,0.05,13500,14000,14000,2008-10-03,14000.0,0.0,0.0,1.0,14000.0,14000.0,14000.0,14000.0
Jharkhand,Deogarh,Madhupur,Assam C.T.C. Dust,Beverages,0.05,13500,14000,14000,2008-10-04,14000.0,0.0,0.0,6.0,14000.0,14000.0,14000.0,14000.0
Jharkhand,Deogarh,Madhupur,Assam C.T.C. Dust,Beverages,0.06,13000,14000,14000,2008-10-10,14000.0,0.0,0.0,1.0,14000.0,14000.0,14000.0,14000.0
Jharkhand,Deogarh,Madhupur,Assam C.T.C. Dust,Beverages,0.05,13500,14000,14000,2008-10-11,14000.0,0.0,0.0,2.0,14000.0,14000.0,14000.0,14000.0
Jharkhand,Deogarh,Madhupur,Assam C.T.C. Dust,Beverages,0.06,13500,14000,14000,2008-10-13,14000.0,0.0,0.0,1.0,14000.0,14000.0,14000.0,14000.0
Jharkhand,Deogarh,Madhupur,Assam C.T.C. Dust,Beverages,0.05,13500,14000,14000,2008-10-14,14000.0,0.0,0.0,1.0,14000.0,14000.0,14000.0,14000.0
Jharkhand,Deogarh,Madhupur,Assam C.T.C. Dust,Beverages,0.06,13500,14000,14000,2008-10-15,14000.0,0.0,0.0,1.0,14000.0,14000.0,14000.0,14000.0
Jharkhand,Deogarh,Madhupur,Assam C.T.C. Dust,Beverages,0.06,13500,14000,14000,2008-10-16,14000.0,0.0,0.0,1.0,14000.0,14000.0,14000.0,14000.0
Jharkhand,Deogarh,Madhupur,Assam C.T.C. Dust,Beverages,0.05,13500,14000,14000,2008-10-17,14000.0,0.0,0.0,1.0,14000.0,14000.0,14000.0,14000.0
Jharkhand,Deogarh,Madhupur,Assam C.T.C. Dust,Beverages,0.05,13500,14000,14000,2008-10-18,14000.0,0.0,0.0,2.0,14000.0,14000.0,14000.0,14000.0
Jharkhand,Deogarh,Madhupur,Assam C.T.C. Dust,Beverages,0.06,13500,14000,14000,2008-10-20,14000.0,0.0,0.0,1.0,14000.0,14000.0,14000.0,14000.0
Jharkhand,Deogarh,Madhupur,Assam C.T.C. Dust,Beverages,0.05,13500,14000,14000,2008-10-21,14000.0,0.0,0.0,1.0,14000.0,14000.0,14000.0,14000.0
Jharkhand,Deogarh,Madhupur,Assam C.T.C. Dust,Beverages,0.05,13500,14000,14000,2008-10-22,14000.0,0.0,0.0,1.0,14000.0,14000.0,14000.0,14000.0
Jharkhand,Deogarh,Madhupur,Assam C.T.C. Dust,Beverages,0.05,13500,14000,14000,2008-10-23,14000.0,0.0,0.0,1.0,14000.0,14000.0,14000.0,14000.0
Jharkhand,Deogarh,Madhupur,Assam C.T.C. Dust,Beverages,0.05,13500,14000,14000,2008-10-24,14000.0,0.0,0.0,1.0,14000.0,14000.0,14000.0,14000.0
Jharkhand,Deogarh,Madhupur,Assam C.T.C. Dust,Beverages,0.05,13500,14000,14000,2008-10-25,14000.0,0.0,0.0,2.0,14000.0,14000.0,14000.0,14000.0
Jharkhand,Deogarh,Madhupur,Assam C.T.C. Dust,Beverages,0.05,13500,14000,14000,2008-10-27,14000.0,0.0,0.0,2.0,14000.0,14000.0,14000.0,14000.0
Jharkhand,Deogarh,Madhupur,Assam C.T.C. Dust,Beverages,0.05,13500,14000,14000,2008-10-29,14000.0,0.0,0.0,2.0,14000.0,14000.0,14000.0,14000.0
Jharkhand,Deogarh,Madhupur,Assam C.T.C. Dust,Beverages,0.06,13500,14000,14000,2008-10-31,14000.0,0.0,0.0,1.0,14000.0,14000.0,14000.0,14000.0
Jharkhand,Deogarh,Madhupur,Assam C.T.C. Dust,Beverages,0.05,13500,14000,14000,2008-11-01,14000.0,0.0,0.0,2.0,14000.0,14000.0,14000.0,14000.0
Jharkhand,Deogarh,Madhupur,Assam C.T.C. Dust,Beverages,0.05,13500,14000,14000,2008-11-03,14000.0,0.0,0.0,3.0,14000.0,14000.0,14000.0,14000.0
Jharkhand,Deogarh,Madhupur,Assam C.T.C. Dust,Beverages,0.05,13500,14000,14000,2008-11-06,14000.0,0.0,0.0,1.0,14000.0,14000.0,14000.0,14000.0
Jharkhand,Deogarh,Madhupur,Assam C.T.C. Dust,Beverages,0.05,13500,14000,14000,2008-11-07,14000.0,0.0,0.0,1.0,14000.0,14000.0,14000.0,14000.0
Jharkhand,Deogarh,Madhupur,Assam C.T.C. Dust,Beverages,0.05,13500,14000,14000,2008-11-08,14000.0,0.0,0.0,2.0,14000.0,14000.0,14000.0,14000.0
Jharkhand,Deogarh,Madhupur,Assam C.T.C. Dust,Beverages,0.06,13500,14000,14000,2008-11-10,14000.0,0.0,0.0,1.0,14000.0,14000.0,14000.0,14000.0
Jharkhand,Deogarh,Madhupur,Assam C.T.C. Dust,Beverages,0.05,13500,14000,14000,2008-11-11,14000.0,0.0,0.0,1.0,14000.0,14000.0,14000.0,14000.0
Jharkhand,Deogarh,Madhupur,Assam C.T.C. Dust,Beverages,0.06,13500,14000,14000,2008-11-12,14000.0,0.0,0.0,2.0,14000.0,14000.0,14000.0,14000.0
Jharkhand,Deogarh,Madhupur,Assam C.T.C. Dust,Beverages,0.05,13500,14000,14000,2008-11-14,14000.0,0.0,0.0,3.0,14000.0,14000.0,14000.0,14000.0
Jharkhand,Deogarh,Madhupur,Assam C.T.C. Dust,Beverages,0.05,13500,14000,14000,2008-11-17,14000.0,0.0,0.0,1.0,14000.0,14000.0,14000.0,14000.0
Jharkhand,Deogarh,Madhupur,Assam C.T.C. Dust,Beverages,0.06,13500,14000,14000,2008-11-18,14000.0,0.0,0.0,2.0,14000.0,14000.0,14000.0,14000.0
Jharkhand,Deogarh,Madhupur,Assam C.T.C. Dust,Beverages,0.06,13500,14000,14000,2008-11-20,14000.0,0.0,0.0,1.0,14000.0,14000.0,14000.0,14000.0
Jharkhand,Deogarh,Madhupur,Assam C.T.C. Dust,Beverages,0.06,13500,14000,14000,2008-11-21,14000.0,0.0,0.0,1.0,14000.0,14000.0,14000.0,14000.0
Jharkhand,Deogarh,Madhupur,Assam C.T.C. Dust,Beverages,0.05,13500,14000,14000,2008-11-22,14000.0,0.0,0.0,2.0,14000.0,14000.0,14000.0,14000.0
Jharkhand,Deogarh,Madhupur,Assam C.T.C. Dust,Beverages,0.05,13500,14000,14000,2008-11-24,14000.0,0.0,0.0,1.0,14000.0,14000.0,14000.0,14000.0
Jharkhand,Deogarh,Madhupur,Assam C.T.C. Dust,Beverages,0.06,13500,14000,14000,2008-11-25,14000.0,0.0,0.0,1.0,14000.0,14000.0,14000.0,14000.0
Jharkhand,Deogarh,Madhupur,Assam C.T.C. Dust,Beverages,0.06,13500,14000,14000,2008-11-26,14000.0,0.0,0.0,1.0,14000.0,14000.0,14000.0,14000.0
Jharkhand,Deogarh,Madhupur,Assam C.T.C. Dust,Beverages,0.05,13500,14000,14000,2008-11-27,14000.0,0.0,0.0,4.0,14000.0,14000.0,14000.0,14000.0
Jharkhand,Deogarh,Madhupur,Assam C.T.C. Dust,Beverages,0.05,13500,14000,14000,2008-12-01,14000.0,0.0,0.0,1.0,14000.0,14000.0,14000.0,14000.0
Jharkhand,Deogarh,Madhupur,Assam C.T.C. Dust,Beverages,0.05,13500,14000,14000,2008-12-02,14000.0,0.0,0.0,2.0,14000.0,14000.0,14000.0,14000.0
Jharkhand,Deogarh,Madhupur,Assam C.T.C. Dust,Beverages,0.06,13500,14000,14000,2008-12-04,14000.0,0.0,0.0,1.0,14000.0,14000.0,14000.0,14000.0
Jharkhand,Deogarh,Madhupur,Assam C.T.C. Dust,Beverages,0.05,13500,14000,14000,2008-12-05,14000.0,0.0,0.0,1.0,14000.0,14000.0,14000.0,14000.0
Jharkhand,Deogarh,Madhupur,Assam C.T.C. Dust,Beverages,0.05,13500,14000,14000,2008-12-06,14000.0,0.0,0.0,7.0,14000.0,14000.0,14000.0,14000.0
Jharkhand,Deogarh,Madhupur,Assam C.T.C. Dust,Beverages,0.05,13500,14000,14000,2008-12-13,14000.0,0.0,0.0,2.0,14000.0,14000.0,14000.0,14000.0
Jharkhand,Deogarh,Madhupur,Assam C.T.C. Dust,Beverages,0.06,13500,14000,14000,2008-12-15,14000.0,0.0,0.0,1.0,14000.0,14000.0,14000.0,14000.0
Jharkhand,Deogarh,Madhupur,Assam C.T.C. Dust,Beverages,0.05,13500,14000,14000,2008-12-16,14000.0,0.0,0.0,1.0,14000.0,14000.0,14000.0,14000.0
Jharkhand,Deogarh,Madhupur,Assam C.T.C. Dust,Beverages,0.06,13500,14000,14000,2008-12-17,14000.0,0.0,0.0,1.0,14000.0,14000.0,14000.0,14000.0
Jharkhand,Deogarh,Madhupur,Assam C.T.C. Dust,Beverages,0.05,13500,14000,14000,2008-12-18,14000.0,0.0,0.0,1.0,14000.0,14000.0,14000.0,14000.0
Jharkhand,Deogarh,Madhupur,Assam C.T.C. Dust,Beverages,0.04,13500,14000,14000,2008-12-19,14000.0,0.0,0.0,1.0,14000.0,14000.0,14000.0,14000.0
Jharkhand,Deogarh,Madhupur,Assam C.T.C. Dust,Beverages,0.05,13500,14000,14000,2008-12-20,14000.0,0.0,0.0,2.0,14000.0,14000.0,14000.0,14000.0
Jharkhand,Deogarh,Madhupur,Assam C.T.C. Dust,Beverages,0.05,13500,14000,14000,2008-12-22,14000.0,0.0,0.0,1.0,14000.0,14000.0,14000.0,14000.0
Jharkhand,Deogarh,Madhupur,Assam C.T.C. Dust,Beverages,0.05,13500,14000,14000,2008-12-23,14000.0,0.0,0.0,1.0,14000.0,14000.0,14000.0,14000.0
Jharkhand,Deogarh,Madhupur,Assam C.T.C. Dust,Beverages,0.05,13500,14000,14000,2008-12-24,14000.0,0.0,0.0,2.0,14000.0,14000.0,14000.0,14000.0
Jharkhand,Deogarh,Madhupur,Assam C.T.C. Dust,Beverages,0.06,13500,14000,14000,2008-12-26,14000.0,0.0,0.0,1.0,14000.0,14000.0,14000.0,14000.0
Jharkhand,Deogarh,Madhupur,Assam C.T.C. Dust,Beverages,0.04,13500,14000,14000,2008-12-27,14000.0,0.0,0.0,2.0,14000.0,14000.0,14000.0,14000.0
Jharkhand,Deogarh,Madhupur,Assam C.T.C. Dust,Beverages,0.06,13500,14000,14000,2008-12-29,14000.0,0.0,0.0,1.0,14000.0,14000.0,14000.0,14000.0
Jharkhand,Deogarh,Madhupur,Assam C.T.C. Dust,Beverages,0.05,13500,14000,14000,2008-12-30,14000.0,0.0,0.0,1.0,14000.0,14000.0,14000.0,14000.0
Jharkhand,Deogarh,Madhupur,Assam C.T.C. Dust,Beverages,0.05,13500,14000,14000,2008-12-31,14000.0,0.0,0.0,1.0,14000.0,14000.0,14000.0,14000.0
Jharkhand,Deogarh,Madhupur,Assam C.T.C. Dust,Beverages,0.05,13500,14000,14000,2009-01-01,14000.0,0.0,0.0,1.0,14000.0,14000.0,14000.0,14000.0
Jharkhand,Deogarh,Madhupur,Assam C.T.C. Dust,Beverages,0.05,13500,14000,14000,2009-01-02,14000.0,0.0,0.0,1.0,14000.0,14000.0,14000.0,14000.0
Jharkhand,Deogarh,Madhupur,Assam C.T.C. Dust,Beverages,0.05,13500,14000,14000,2009-01-03,14000.0,0.0,0.0,3.0,14000.0,14000.0,14000.0,14000.0
Jharkhand,Deogarh,Madhupur,Assam C.T.C. Dust,Beverages,0.05,13500,14000,14000,2009-01-06,14000.0,0.0,0.0,1.0,14000.0,14000.0,14000.0,14000.0
Jharkhand,Deogarh,Madhupur,Assam C.T.C. Dust,Beverages,0.05,13500,14000,14000,2009-01-07,14000.0,0.0,0.0,2.0,14000.0,14000.0,14000.0,14000.0
Jharkhand,Deogarh,Madhupur,Assam C.T.C. Dust,Beverages,0.05,13500,14000,14000,2009-01-09,14000.0,0.0,0.0,3.0,14000.0,14000.0,14000.0,14000.0
Jharkhand,Deogarh,Madhupur,Assam C.T.C. Dust,Beverages,0.05,13500,14000,14000,2009-01-12,14000.0,0.0,0.0,1.0,14000.0,14000.0,14000.0,14000.0
Jharkhand,Deogarh,Madhupur,Assam C.T.C. Dust,Beverages,0.05,13500,14000,14000,2009-01-13,14000.0,0.0,0.0,2.0,14000.0,14000.0,14000.0,14000.0
Jharkhand,Deogarh,Madhupur,Assam C.T.C. Dust,Beverages,0.05,13500,14000,14000,2009-01-15,14000.0,0.0,0.0,1.0,14000.0,14000.0,14000.0,14000.0
Jharkhand,Deogarh,Madhupur,Assam C.T.C. Dust,Beverages,0.05,13500,14000,14000,2009-01-16,14000.0,0.0,0.0,1.0,14000.0,14000.0,14000.0,14000.0
Jharkhand,Deogarh,Madhupur,Assam C.T.C. Dust,Beverages,0.05,13500,14000,14000,2009-01-17,14000.0,0.0,0.0,2.0,14000.0,14000.0,14000.0,14000.0
Jharkhand,Deogarh,Madhupur,Assam C.T.C. Dust,Beverages,0.05,13500,14000,14000,2009-01-19,14000.0,0.0,0.0,1.0,14000.0,14000.0,14000.0,14000.0
Jharkhand,Deogarh,Madhupur,Assam C.T.C. Dust,Beverages,0.05,13500,14000,14000,2009-01-20,14000.0,0.0,0.0,1.0,14000.0,14000.0,14000.0,14000.0
Jharkhand,Deogarh,Madhupur,Assam C.T.C. Dust,Beverages,0.05,13500,14000,14000,2009-01-21,14000.0,0.0,0.0,1.0,14000.0,14000.0,14000.0,14000.0
Jharkhand,Deogarh,Madhupur,Assam C.T.C. Dust,Beverages,0.05,13500,14500,14500,2009-02-02,14000.0,-0.0344827586206896,-0.03509131981127,1.0,14000.0,14000.0,14000.0,14000.0
Jharkhand,Deogarh,Madhupur,Assam C.T.C. Dust,Beverages,0.05,13500,14000,14000,2009-02-03,14000.0,0.0,0.0,1.0,14500.0,14000.0,14000.0,14000.0
Jharkhand,Deogarh,Madhupur,Assam C.T.C. Dust,Beverages,0.05,13500,14000,14000,2009-02-04,14000.0,0.0,0.0,1.0,14000.0,14000.0,14000.0,14000.0
Jharkhand,Deogarh,Madhupur,Assam C.T.C. Dust,Beverages,0.05,13500,14000,14000,2009-02-05,14000.0,0.0,0.0,1.0,14000.0,14000.0,14000.0,14000.0
Jharkhand,Deogarh,Madhupur,Assam C.T.C. Dust,Beverages,0.05,13500,14000,14000,2009-02-06,14000.0,0.0,0.0,1.0,14000.0,14000.0,14000.0,14000.0
Jharkhand,Deogarh,Madhupur,Assam C.T.C. Dust,Beverages,0.05,13500,14000,14000,2009-02-07,14000.0,0.0,0.0,3.0,14000.0,14000.0,14000.0,14000.0
Jharkhand,Deogarh,Madhupur,Assam C.T.C. Dust,Beverages,0.05,13500,14000,14000,2009-02-10,14000.0,0.0,0.0,1.0,14000.0,14000.0,14000.0,14000.0
Jharkhand,Deogarh,Madhupur,Assam C.T.C. Dust,Beverages,0.05,13500,14000,14000,2009-03-03,14000.0,0.0,0.0,1.0,14000.0,14500.0,14000.0,14000.0
Jharkhand,Deogarh,Madhupur,Assam C.T.C. Dust,Beverages,0.05,13500,14000,14000,2009-03-04,14000.0,0.0,0.0,1.0,14000.0,14000.0,14000.0,14000.0
Jharkhand,Deogarh,Madhupur,Assam C.T.C. Dust,Beverages,0.06,13500,14000,14000,2009-03-05,14000.0,0.0,0.0,1.0,14000.0,14000.0,14000.0,14000.0
Jharkhand,Deogarh,Madhupur,Assam C.T.C. Dust,Beverages,0.05,13500,14000,14000,2009-03-06,14000.0,0.0,0.0,1.0,14000.0,14000.0,14000.0,14000.0
Jharkhand,Deogarh,Madhupur,Assam C.T.C. Dust,Beverages,0.05,13500,14000,14000,2009-03-07,14000.0,0.0,0.0,2.0,14000.0,14000.0,14000.0,14000.0
Jharkhand,Deogarh,Madhupur,Assam C.T.C. Dust,Beverages,0.06,13500,14000,14000,2009-03-09,14000.0,0.0,0.0,3.0,14000.0,14000.0,14000.0,14000.0
Jharkhand,Deogarh,Madhupur,Assam C.T.C. Dust,Beverages,0.05,13500,14000,14000,2009-03-12,14000.0,0.0,0.0,1.0,14000.0,14000.0,14000.0,14000.0
Jharkhand,Deogarh,Madhupur,Assam C.T.C. Dust,Beverages,0.05,13500,14000,14000,2009-03-13,14000.0,0.0,0.0,1.0,14000.0,14000.0,14500.0,14000.0
Jharkhand,Deogarh,Madhupur,Assam C.T.C. Dust,Beverages,0.05,13500,14000,14000,2009-03-14,14000.0,0.0,0.0,5.0,14000.0,14000.0,14000.0,14000.0
Jharkhand,Deogarh,Madhupur,Assam C.T.C. Dust,Beverages,0.05,13500,14000,14000,2009-03-19,14000.0,0.0,0.0,1.0,14000.0,14000.0,14000.0,14000.0
Jharkhand,Deogarh,Madhupur,Assam C.T.C. Dust,Beverages,0.05,13500,14000,14000,2009-03-20,14000.0,0.0,0.0,1.0,14000.0,14000.0,14000.0,14000.0
Jharkhand,Deogarh,Madhupur,Assam C.T.C. Dust,Beverages,0.05,13500,14000,14000,2009-03-21,14000.0,0.0,0.0,2.0,14000.0,14000.0,14000.0,14000.0
Jharkhand,Deogarh,Madhupur,Assam C.T.C. Dust,Beverages,0.06,13500,14000,14000,2009-03-23,14000.0,0.0,0.0,1.0,14000.0,14000.0,14000.0,14000.0
Jharkhand,Deogarh,Madhupur,Assam C.T.C. Dust,Beverages,0.06,13500,14000,14000,2009-03-24,14000.0,0.0,0.0,1.0,14000.0,14000.0,14000.0,14000.0
Jharkhand,Deogarh,Madhupur,Assam C.T.C. Dust,Beverages,0.05,13500,14000,14000,2009-03-25,14000.0,0.0,0.0,1.0,14000.0,14000.0,14000.0,14000.0
Jharkhand,Deogarh,Madhupur,Assam C.T.C. Dust,Beverages,0.05,13500,14000,14000,2009-03-26,14000.0,0.0,0.0,1.0,14000.0,14000.0,14000.0,14000.0
Jharkhand,Deogarh,Madhupur,Assam C.T.C. Dust,Beverages,0.06,13500,14000,14000,2009-03-27,14000.0,0.0,0.0,1.0,14000.0,14000.0,14000.0,14000.0
Jharkhand,Deogarh,Madhupur,Assam C.T.C. Dust,Beverages,0.05,13500,14000,14000,2009-03-28,14000.0,0.0,0.0,2.0,14000.0,14000.0,14000.0,14000.0
Jharkhand,Deogarh,Madhupur,Assam C.T.C. Dust,Beverages,0.05,13500,14000,14000,2009-03-30,14000.0,0.0,0.0,2.0,14000.0,14000.0,14000.0,14000.0
Jharkhand,Deogarh,Madhupur,Assam C.T.C. Dust,Beverages,0.06,13500,14000,14000,2009-04-01,14000.0,0.0,0.0,1.0,14000.0,14000.0,14000.0,14000.0
Jharkhand,Deogarh,Madhupur,Assam C.T.C. Dust,Beverages,0.05,13500,14000,14000,2009-04-02,14000.0,0.0,0.0,2.0,14000.0,14000.0,14000.0,14000.0
Jharkhand,Deogarh,Madhupur,Assam C.T.C. Dust,Beverages,0.05,13500,14000,14000,2009-04-04,14000.0,0.0,0.0,2.0,14000.0,14000.0,14000.0,14000.0
Jharkhand,Deogarh,Madhupur,Assam C.T.C. Dust,Beverages,0.05,13500,14000,14000,2009-04-06,14000.0,0.0,0.0,2.0,14000.0,14000.0,14000.0,14000.0
Jharkhand,Deogarh,Madhupur,Assam C.T.C. Dust,Beverages,0.05,13500,14000,14000,2009-05-02,14000.0,0.0,0.0,2.0,14000.0,14000.0,14000.0,14500.0
Jharkhand,Deogarh,Madhupur,Assam C.T.C. Dust,Beverages,0.06,13500,14000,14000,2009-05-04,14000.0,0.0,0.0,1.0,14000.0,14000.0,14000.0,14000.0
Jharkhand,Deogarh,Madhupur,Assam C.T.C. Dust,Beverages,0.05,13500,14000,14000,2009-05-05,14000.0,0.0,0.0,1.0,14000.0,14000.0,14000.0,14000.0
Jharkhand,Deogarh,Madhupur,Assam C.T.C. Dust,Beverages,0.05,13500,14000,14000,2009-05-06,14000.0,0.0,0.0,1.0,14000.0,14000.0,14000.0,14000.0
Jharkhand,Deogarh,Madhupur,Assam C.T.C. Dust,Beverages,0.05,13500,14000,14000,2009-05-07,14000.0,0.0,0.0,1.0,14000.0,14000.0,14000.0,14000.0
Jharkhand,Deogarh,Madhupur,Assam C.T.C. Dust,Beverages,0.05,13500,14000,14000,2009-05-08,14000.0,0.0,0.0,3.0,14000.0,14000.0,14000.0,14000.0
Jharkhand,Deogarh,Madhupur,Assam C.T.C. Dust,Beverages,0.05,13500,14000,14000,2009-05-11,14000.0,0.0,0.0,1.0,14000.0,14000.0,14000.0,14000.0
Jharkhand,Deogarh,Madhupur,Assam C.T.C. Dust,Beverages,0.05,13500,14000,14000,2009-05-12,14000.0,0.0,0.0,1.0,14000.0,14000.0,14000.0,14000.0
Jharkhand,Deogarh,Madhupur,Assam C.T.C. Dust,Beverages,0.05,13500,14000,14000,2009-05-13,14000.0,0.0,0.0,1.0,14000.0,14000.0,14000.0,14000.0
Jharkhand,Deogarh,Madhupur,Assam C.T.C. Dust,Beverages,0.06,13500,14000,14000,2009-05-14,14000.0,0.0,0.0,1.0,14000.0,14000.0,14000.0,14000.0
Jharkhand,Deogarh,Madhupur,Assam C.T.C. Dust,Beverages,0.05,13500,14000,14000,2009-05-15,14000.0,0.0,0.0,1.0,14000.0,14000.0,14000.0,14000.0
Jharkhand,Deogarh,Madhupur,Assam C.T.C. Dust,Beverages,0.05,13500,14000,14000,2009-05-16,14000.0,0.0,0.0,2.0,14000.0,14000.0,14000.0,14000.0
Jharkhand,Deogarh,Madhupur,Assam C.T.C. Dust,Beverages,0.05,13500,14000,14000,2009-05-18,17000.0,0.2142857142857142,0.1941560144409574,1.0,14000.0,14000.0,14000.0,14000.0
Jharkhand,Deogarh,Madhupur,Assam C.T.C. Dust,Beverages,0.05,15000,16000,16000,2009-06-06,16000.0,0.0,0.0,2.0,14000.0,14000.0,14000.0,14000.0
Jharkhand,Deogarh,Madhupur,Assam C.T.C. Dust,Beverages,0.05,15000,16000,16000,2009-06-08,16000.0,0.0,0.0,1.0,16000.0,14000.0,14000.0,14000.0
Jharkhand,Deogarh,Madhupur,Assam C.T.C. Dust,Beverages,0.05,15000,16000,16000,2009-06-09,16000.0,0.0,0.0,1.0,16000.0,14000.0,14000.0,14000.0
Jharkhand,Deogarh,Madhupur,Assam C.T.C. Dust,Beverages,0.04,15000,16000,16000,2009-06-10,16000.0,0.0,0.0,1.0,16000.0,14000.0,14000.0,14000.0
Jharkhand,Deogarh,Madhupur,Assam C.T.C. Dust,Beverages,0.05,15000,16000,16000,2009-06-11,16000.0,0.0,0.0,1.0,16000.0,14000.0,14000.0,14000.0
Jharkhand,Deogarh,Madhupur,Assam C.T.C. Dust,Beverages,0.05,15000,16000,16000,2009-06-12,16000.0,0.0,0.0,1.0,16000.0,14000.0,14000.0,14000.0
Jharkhand,Deogarh,Madhupur,Assam C.T.C. Dust,Beverages,0.05,15000,16000,16000,2009-06-13,16000.0,0.0,0.0,2.0,16000.0,14000.0,14000.0,14000.0
Jharkhand,Deogarh,Madhupur,Assam C.T.C. Dust,Beverages,0.05,15000,16000,16000,2009-06-15,16000.0,0.0,0.0,1.0,16000.0,16000.0,14000.0,14000.0
Jharkhand,Deogarh,Madhupur,Assam C.T.C. Dust,Beverages,0.05,15000,16000,16000,2009-06-16,16000.0,0.0,0.0,1.0,16000.0,16000.0,14000.0,14000.0
Jharkhand,Deogarh,Madhupur,Assam C.T.C. Dust,Beverages,0.05,15000,16000,16000,2009-07-01,16000.0,0.0,0.0,1.0,16000.0,16000.0,14000.0,14000.0
Jharkhand,Deogarh,Madhupur,Assam C.T.C. Dust,Beverages,0.05,15000,16000,16000,2009-07-02,16000.0,0.0,0.0,1.0,16000.0,16000.0,14000.0,14000.0
Jharkhand,Deogarh,Madhupur,Assam C.T.C. Dust,Beverages,0.05,15000,16000,16000,2009-07-03,16000.0,0.0,0.0,1.0,16000.0,16000.0,14000.0,14000.0
Jharkhand,Deogarh,Madhupur,Assam C.T.C. Dust,Beverages,0.05,15000,16000,16000,2009-07-04,16000.0,0.0,0.0,2.0,16000.0,16000.0,14000.0,14000.0
Jharkhand,Deogarh,Madhupur,Assam C.T.C. Dust,Beverages,0.05,15000,16000,16000,2009-07-06,16000.0,0.0,0.0,1.0,16000.0,16000.0,14000.0,14000.0
Jharkhand,Deogarh,Madhupur,Assam C.T.C. Dust,Beverages,0.05,15000,16000,16000,2009-07-07,16000.0,0.0,0.0,1.0,16000.0,16000.0,16000.0,14000.0
Jharkhand,Deogarh,Madhupur,Assam C.T.C. Dust,Beverages,0.05,15000,16000,16000,2009-07-08,16000.0,0.0,0.0,1.0,16000.0,16000.0,16000.0,14000.0
Jharkhand,Deogarh,Madhupur,Assam C.T.C. Dust,Beverages,0.05,15000,16000,16000,2009-07-09,15000.0,-0.0625,-0.0645385211375711,1.0,16000.0,16000.0,16000.0,14000.0
Jharkhand,Deogarh,Madhupur,Assam C.T.C. Dust,Beverages,0.05,15000,16000,15000,2009-07-10,16000.0,0.0666666666666666,0.0645385211375711,1.0,16000.0,16000.0,16000.0,14000.0
Jharkhand,Deogarh,Madhupur,Assam C.T.C. Dust,Beverages,0.05,15000,16000,16000,2009-07-11,16000.0,0.0,0.0,2.0,15000.0,16000.0,16000.0,14000.0
Jharkhand,Deogarh,Madhupur,Assam C.T.C. Dust,Beverages,0.05,15000,16000,16000,2009-07-13,16000.0,0.0,0.0,1.0,16000.0,16000.0,16000.0,14000.0
Jharkhand,Deogarh,Madhupur,Assam C.T.C. Dust,Beverages,0.05,15000,16000,16000,2009-07-14,16000.0,0.0,0.0,1.0,16000.0,16000.0,16000.0,14000.0
Jharkhand,Deogarh,Madhupur,Assam C.T.C. Dust,Beverages,0.05,15000,16000,16000,2009-07-15,16000.0,0.0,0.0,1.0,16000.0,16000.0,16000.0,14000.0
Jharkhand,Deogarh,Madhupur,Assam C.T.C. Dust,Beverages,0.05,15000,16000,16000,2009-07-16,16000.0,0.0,0.0,1.0,16000.0,16000.0,16000.0,14000.0
Jharkhand,Deogarh,Madhupur,Assam C.T.C. Dust,Beverages,0.05,15000,16000,16000,2009-07-17,16000.0,0.0,0.0,1.0,16000.0,16000.0,16000.0,14000.0
Jharkhand,Deogarh,Madhupur,Assam C.T.C. Dust,Beverages,0.05,15000,16000,16000,2009-07-18,16000.0,0.0,0.0,2.0,16000.0,15000.0,16000.0,14000.0
Jharkhand,Deogarh,Madhupur,Assam C.T.C. Dust,Beverages,0.06,15000,16000,16000,2009-07-20,16000.0,0.0,0.0,1.0,16000.0,16000.0,16000.0,14000.0
Jharkhand,Deogarh,Madhupur,Assam C.T.C. Dust,Beverages,0.05,15000,16000,16000,2009-07-21,16000.0,0.0,0.0,1.0,16000.0,16000.0,16000.0,14000.0
Jharkhand,Deogarh,Madhupur,Assam C.T.C. Dust,Beverages,0.04,15000,16000,16000,2009-07-22,16000.0,0.0,0.0,1.0,16000.0,16000.0,16000.0,14000.0
Jharkhand,Deogarh,Madhupur,Assam C.T.C. Dust,Beverages,0.05,15000,16000,16000,2009-07-23,16000.0,0.0,0.0,1.0,16000.0,16000.0,16000.0,14000.0
Jharkhand,Deogarh,Madhupur,Assam C.T.C. Dust,Beverages,0.05,15000,16000,16000,2009-07-24,16000.0,0.0,0.0,1.0,16000.0,16000.0,16000.0,14000.0
Jharkhand,Deogarh,Madhupur,Assam C.T.C. Dust,Beverages,0.06,15000,16000,16000,2009-07-25,16000.0,0.0,0.0,2.0,16000.0,16000.0,16000.0,16000.0
Jharkhand,Deogarh,Madhupur,Assam C.T.C. Dust,Beverages,0.05,15000,16000,16000,2009-07-27,16000.0,0.0,0.0,1.0,16000.0,16000.0,15000.0,16000.0
Jharkhand,Deogarh,Madhupur,Assam C.T.C. Dust,Beverages,0.05,15000,16000,16000,2009-07-28,16000.0,0.0,0.0,1.0,16000.0,16000.0,16000.0,16000.0
Jharkhand,Deogarh,Madhupur,Assam C.T.C. Dust,Beverages,0.05,11550,16000,16000,2009-07-29,16000.0,0.0,0.0,3.0,16000.0,16000.0,16000.0,16000.0
Jharkhand,Deogarh,Madhupur,Assam C.T.C. Dust,Beverages,0.05,15000,16000,16000,2009-08-01,16000.0,0.0,0.0,2.0,16000.0,16000.0,16000.0,16000.0
Jharkhand,Deogarh,Madhupur,Assam C.T.C. Dust,Beverages,0.05,15000,16000,16000,2009-08-03,16000.0,0.0,0.0,1.0,16000.0,16000.0,16000.0,16000.0
Jharkhand,Deogarh,Madhupur,Assam C.T.C. Dust,Beverages,0.05,15000,16000,16000,2009-08-04,16000.0,0.0,0.0,1.0,16000.0,16000.0,16000.0,16000.0
Jharkhand,Deogarh,Madhupur,Assam C.T.C. Dust,Beverages,0.05,15000,16000,16000,2009-08-05,16000.0,0.0,0.0,1.0,16000.0,16000.0,16000.0,16000.0
Jharkhand,Deogarh,Madhupur,Assam C.T.C. Dust,Beverages,0.05,15000,16000,16000,2009-08-06,16000.0,0.0,0.0,1.0,16000.0,16000.0,16000.0,16000.0
Jharkhand,Deogarh,Madhupur,Assam C.T.C. Dust,Beverages,0.05,15000,16000,16000,2009-08-07,16000.0,0.0,0.0,1.0,16000.0,16000.0,16000.0,16000.0
Jharkhand,Deogarh,Madhupur,Assam C.T.C. Dust,Beverages,0.05,15000,16000,16000,2009-08-08,16000.0,0.0,0.0,2.0,16000.0,16000.0,16000.0,16000.0
Jharkhand,Deogarh,Madhupur,Assam C.T.C. Dust,Beverages,0.05,15000,16000,16000,2009-08-10,16000.0,0.0,0.0,1.0,16000.0,16000.0,16000.0,16000.0
Jharkhand,Deogarh,Madhupur,Assam C.T.C. Dust,Beverages,0.04,15000,16000,16000,2009-08-11,16000.0,0.0,0.0,1.0,16000.0,16000.0,16000.0,16000.0
Jharkhand,Deogarh,Madhupur,Assam C.T.C. Dust,Beverages,0.05,15000,16000,16000,2009-08-12,16000.0,0.0,0.0,1.0,16000.0,16000.0,16000.0,16000.0
Jharkhand,Deogarh,Madhupur,Assam C.T.C. Dust,Beverages,0.05,15000,16000,16000,2009-08-26,16000.0,0.0,0.0,1.0,16000.0,16000.0,16000.0,16000.0
Jharkhand,Deogarh,Madhupur,Assam C.T.C. Dust,Beverages,0.05,15000,16000,16000,2009-08-27,16000.0,0.0,0.0,5.0,16000.0,16000.0,16000.0,16000.0
Jharkhand,Deogarh,Madhupur,Assam C.T.C. Dust,Beverages,0.5,15000,16000,16000,2009-09-01,16000.0,0.0,0.0,1.0,16000.0,16000.0,16000.0,16000.0
Jharkhand,Deogarh,Madhupur,Assam C.T.C. Dust,Beverages,0.5,15000,16000,16000,2009-09-02,16000.0,0.0,0.0,1.0,16000.0,16000.0,16000.0,15000.0
Jharkhand,Deogarh,Madhupur,Assam C.T.C. Dust,Beverages,0.5,15000,16000,16000,2009-09-03,16000.0,0.0,0.0,1.0,16000.0,16000.0,16000.0,16000.0
Jharkhand,Deogarh,Madhupur,Assam C.T.C. Dust,Beverages,0.5,15000,16000,16000,2009-09-04,16000.0,0.0,0.0,1.0,16000.0,16000.0,16000.0,16000.0
Jharkhand,Deogarh,Madhupur,Assam C.T.C. Dust,Beverages,0.4,15000,16000,16000,2009-09-05,16000.0,0.0,0.0,2.0,16000.0,16000.0,16000.0,16000.0
Jharkhand,Deogarh,Madhupur,Assam C.T.C. Dust,Beverages,0.55,15000,16000,16000,2009-09-07,16000.0,0.0,0.0,1.0,16000.0,16000.0,16000.0,16000.0
Jharkhand,Deogarh,Madhupur,Assam C.T.C. Dust,Beverages,0.5,15000,16000,16000,2009-09-08,16000.0,0.0,0.0,1.0,16000.0,16000.0,16000.0,16000.0
Jharkhand,Deogarh,Madhupur,Assam C.T.C. Dust,Beverages,0.5,15000,16000,16000,2009-09-09,16000.0,0.0,0.0,1.0,16000.0,16000.0,16000.0,16000.0
Jharkhand,Deogarh,Madhupur,Assam C.T.C. Dust,Beverages,0.4,15000,16000,16000,2009-09-10,16000.0,0.0,0.0,1.0,16000.0,16000.0,16000.0,16000.0
Jharkhand,Deogarh,Madhupur,Assam C.T.C. Dust,Beverages,0.45,15000,16000,16000,2009-09-11,16000.0,0.0,0.0,1.0,16000.0,16000.0,16000.0,16000.0
Jharkhand,Deogarh,Madhupur,Assam C.T.C. Dust,Beverages,0.5,15000,16000,16000,2009-09-12,16000.0,0.0,0.0,2.0,16000.0,16000.0,16000.0,16000.0
Jharkhand,Deogarh,Madhupur,Assam C.T.C. Dust,Beverages,0.4,15000,16000,16000,2009-09-14,16000.0,0.0,0.0,1.0,16000.0,16000.0,16000.0,16000.0
Jharkhand,Deogarh,Madhupur,Assam C.T.C. Dust,Beverages,0.5,15000,16000,16000,2009-09-15,16000.0,0.0,0.0,1.0,16000.0,16000.0,16000.0,16000.0
Jharkhand,Deogarh,Madhupur,Assam C.T.C. Dust,Beverages,0.4,15000,16000,16000,2009-09-16,16000.0,0.0,0.0,1.0,16000.0,16000.0,16000.0,16000.0
Jharkhand,Deogarh,Madhupur,Assam C.T.C. Dust,Beverages,0.5,15000,16000,16000,2009-09-17,16000.0,0.0,0.0,1.0,16000.0,16000.0,16000.0,16000.0
Jharkhand,Deogarh,Madhupur,Assam C.T.C. Dust,Beverages,0.5,15000,16000,16000,2009-09-18,16000.0,0.0,0.0,4.0,16000.0,16000.0,16000.0,16000.0
Jharkhand,Deogarh,Madhupur,Assam C.T.C. Dust,Beverages,0.5,15000,16000,16000,2009-09-22,16000.0,0.0,0.0,1.0,16000.0,16000.0,16000.0,16000.0
Jharkhand,Deogarh,Madhupur,Assam C.T.C. Dust,Beverages,0.45,15000,16000,16000,2009-09-23,16000.0,0.0,0.0,1.0,16000.0,16000.0,16000.0,16000.0
Jharkhand,Deogarh,Madhupur,Assam C.T.C. Dust,Beverages,0.5,15000,16000,16000,2009-09-24,16000.0,0.0,0.0,5.0,16000.0,16000.0,16000.0,16000.0
Jharkhand,Deogarh,Madhupur,Assam C.T.C. Dust,Beverages,0.5,15000,16000,16000,2009-09-29,16000.0,0.0,0.0,1.0,16000.0,16000.0,16000.0,16000.0
Jharkhand,Deogarh,Madhupur,Assam C.T.C. Dust,Beverages,0.5,15000,16000,16000,2009-09-30,16000.0,0.0,0.0,1.0,16000.0,16000.0,16000.0,16000.0
Jharkhand,Deogarh,Madhupur,Assam C.T.C. Dust,Beverages,0.5,15000,16000,16000,2009-10-01,16000.0,0.0,0.0,2.0,16000.0,16000.0,16000.0,16000.0
Jharkhand,Deogarh,Madhupur,Assam C.T.C. Dust,Beverages,0.5,15000,16000,16000,2009-10-03,16000.0,0.0,0.0,2.0,16000.0,16000.0,16000.0,16000.0
Jharkhand,Deogarh,Madhupur,Assam C.T.C. Dust,Beverages,0.4,15000,16000,16000,2009-10-05,16000.0,0.0,0.0,1.0,16000.0,16000.0,16000.0,16000.0
Jharkhand,Deogarh,Madhupur,Assam C.T.C. Dust,Beverages,0.5,15000,16000,16000,2009-10-06,16000.0,0.0,0.0,1.0,16000.0,16000.0,16000.0,16000.0
Jharkhand,Deogarh,Madhupur,Assam C.T.C. Dust,Beverages,0.5,15000,16000,16000,2009-10-07,16000.0,0.0,0.0,1.0,16000.0,16000.0,16000.0,16000.0
Jharkhand,Deogarh,Madhupur,Assam C.T.C. Dust,Beverages,0.5,15000,16000,16000,2009-10-08,16000.0,0.0,0.0,1.0,16000.0,16000.0,16000.0,16000.0
Jharkhand,Deogarh,Madhupur,Assam C.T.C. Dust,Beverages,0.4,15000,16000,16000,2009-10-09,16000.0,0.0,0.0,1.0,16000.0,16000.0,16000.0,16000.0
Jharkhand,Deogarh,Madhupur,Assam C.T.C. Dust,Beverages,0.5,15000,16000,16000,2009-10-10,16000.0,0.0,0.0,2.0,16000.0,16000.0,16000.0,16000.0
Jharkhand,Deogarh,Madhupur,Assam C.T.C. Dust,Beverages,0.4,15000,16000,16000,2009-10-12,16000.0,0.0,0.0,1.0,16000.0,16000.0,16000.0,16000.0
Jharkhand,Deogarh,Madhupur,Assam C.T.C. Dust,Beverages,0.5,15000,16000,16000,2009-10-13,16000.0,0.0,0.0,1.0,16000.0,16000.0,16000.0,16000.0
Jharkhand,Deogarh,Madhupur,Assam C.T.C. Dust,Beverages,0.5,15000,16000,16000,2009-10-14,16000.0,0.0,0.0,1.0,16000.0,16000.0,16000.0,16000.0
Jharkhand,Deogarh,Madhupur,Assam C.T.C. Dust,Beverages,0.5,15000,16000,16000,2009-10-15,16000.0,0.0,0.0,1.0,16000.0,16000.0,16000.0,16000.0
Jharkhand,Deogarh,Madhupur,Assam C.T.C. Dust,Beverages,0.5,15000,16000,16000,2009-10-16,16000.0,0.0,0.0,3.0,16000.0,16000.0,16000.0,16000.0
Jharkhand,Deogarh,Madhupur,Assam C.T.C. Dust,Beverages,40.0,15000,16000,16000,2009-10-19,16000.0,0.0,0.0,2.0,16000.0,16000.0,16000.0,16000.0
Jharkhand,Deogarh,Madhupur,Assam C.T.C. Dust,Beverages,0.5,15000,16000,16000,2009-10-21,16000.0,0.0,0.0,1.0,16000.0,16000.0,16000.0,16000.0
Jharkhand,Deogarh,Madhupur,Assam C.T.C. Dust,Beverages,0.4,15000,16000,16000,2009-10-22,16000.0,0.0,0.0,1.0,16000.0,16000.0,16000.0,16000.0
Jharkhand,Deogarh,Madhupur,Assam C.T.C. Dust,Beverages,0.5,15000,16000,16000,2009-10-23,16000.0,0.0,0.0,3.0,16000.0,16000.0,16000.0,16000.0
Jharkhand,Deogarh,Madhupur,Assam C.T.C. Dust,Beverages,0.5,15000,16000,16000,2009-10-26,16000.0,0.0,0.0,1.0,16000.0,16000.0,16000.0,16000.0
Jharkhand,Deogarh,Madhupur,Assam C.T.C. Dust,Beverages,0.5,15000,16000,16000,2009-10-27,16000.0,0.0,0.0,1.0,16000.0,16000.0,16000.0,16000.0
Jharkhand,Deogarh,Madhupur,Assam C.T.C. Dust,Beverages,0.5,15000,16000,16000,2009-10-28,16000.0,0.0,0.0,1.0,16000.0,16000.0,16000.0,16000.0
Jharkhand,Deogarh,Madhupur,Assam C.T.C. Dust,Beverages,0.5,15000,16000,16000,2009-10-29,16000.0,0.0,0.0,1.0,16000.0,16000.0,16000.0,16000.0
Jharkhand,Deogarh,Madhupur,Assam C.T.C. Dust,Beverages,0.5,15000,16000,16000,2009-10-30,16000.0,0.0,0.0,4.0,16000.0,16000.0,16000.0,16000.0
Jharkhand,Deogarh,Madhupur,Assam C.T.C. Dust,Beverages,0.5,15000,16000,16000,2009-11-03,16000.0,0.0,0.0,1.0,16000.0,16000.0,16000.0,16000.0
Jharkhand,Deogarh,Madhupur,Assam C.T.C. Dust,Beverages,0.3,15000,16000,16000,2009-11-04,16000.0,0.0,0.0,1.0,16000.0,16000.0,16000.0,16000.0
Jharkhand,Deogarh,Madhupur,Assam C.T.C. Dust,Beverages,0.2,15000,16000,16000,2009-11-05,16000.0,0.0,0.0,2.0,16000.0,16000.0,16000.0,16000.0
Jharkhand,Deogarh,Madhupur,Assam C.T.C. Dust,Beverages,0.5,15000,16000,16000,2009-11-07,16000.0,0.0,0.0,2.0,16000.0,16000.0,16000.0,16000.0
Jharkhand,Deogarh,Madhupur,Assam C.T.C. Dust,Beverages,0.4,15000,16000,16000,2009-11-09,16000.0,0.0,0.0,1.0,16000.0,16000.0,16000.0,16000.0
Jharkhand,Deogarh,Madhupur,Assam C.T.C. Dust,Beverages,0.5,15000,16000,16000,2009-11-10,16000.0,0.0,0.0,1.0,16000.0,16000.0,16000.0,16000.0
Jharkhand,Deogarh,Madhupur,Assam C.T.C. Dust,Beverages,0.3,15000,16000,16000,2009-11-11,16000.0,0.0,0.0,1.0,16000.0,16000.0,16000.0,16000.0
Jharkhand,Deogarh,Madhupur,Assam C.T.C. Dust,Beverages,0.3,15000,16000,16000,2009-11-12,17000.0,0.0625,0.0606246218164348,2.0,16000.0,16000.0,16000.0,16000.0
Jharkhand,Deogarh,Madhupur,Assam C.T.C. Dust,Beverages,0.3,16000,17000,17000,2009-11-14,17000.0,0.0,0.0,2.0,16000.0,16000.0,16000.0,16000.0
Jharkhand,Deogarh,Madhupur,Assam C.T.C. Dust,Beverages,0.4,16000,17000,17000,2009-11-16,17000.0,0.0,0.0,1.0,17000.0,16000.0,16000.0,16000.0
Jharkhand,Deogarh,Madhupur,Assam C.T.C. Dust,Beverages,0.5,16000,17000,17000,2009-11-17,17000.0,0.0,0.0,1.0,17000.0,16000.0,16000.0,16000.0
Jharkhand,Deogarh,Madhupur,Assam C.T.C. Dust,Beverages,0.4,16000,17000,17000,2009-11-18,17000.0,0.0,0.0,1.0,17000.0,16000.0,16000.0,16000.0
Jharkhand,Deogarh,Madhupur,Assam C.T.C. Dust,Beverages,0.4,16000,17000,17000,2009-11-19,18000.0,0.0588235294117647,0.0571584138399486,4.0,17000.0,16000.0,16000.0,16000.0
Jharkhand,Deogarh,Madhupur,Assam C.T.C. Dust,Beverages,0.4,17000,18000,18000,2009-11-23,18000.0,0.0,0.0,1.0,17000.0,16000.0,16000.0,16000.0
Jharkhand,Deogarh,Madhupur,Assam C.T.C. Dust,Beverages,0.5,17000,18000,18000,2009-11-24,18000.0,0.0,0.0,2.0,18000.0,16000.0,16000.0,16000.0
Jharkhand,Deogarh,Madhupur,Assam C.T.C. Dust,Beverages,0.3,17000,18000,18000,2009-11-26,18000.0,0.0,0.0,1.0,18000.0,17000.0,16000.0,16000.0
Jharkhand,Deogarh,Madhupur,Assam C.T.C. Dust,Beverages,0.4,17000,18000,18000,2009-11-27,17000.0,-0.0555555555555555,-0.0571584138399486,4.0,18000.0,17000.0,16000.0,16000.0
Jharkhand,Deogarh,Madhupur,Assam C.T.C. Dust,Beverages,0.5,16000,17000,17000,2009-12-01,17000.0,0.0,0.0,1.0,18000.0,17000.0,16000.0,16000.0
Jharkhand,Deogarh,Madhupur,Assam C.T.C. Dust,Beverages,0.45,16000,17000,17000,2009-12-02,17000.0,0.0,0.0,1.0,17000.0,17000.0,16000.0,16000.0
Jharkhand,Deogarh,Madhupur,Assam C.T.C. Dust,Beverages,0.5,16000,17000,17000,2009-12-03,17000.0,0.0,0.0,1.0,17000.0,17000.0,16000.0,16000.0
Jharkhand,Deogarh,Madhupur,Assam C.T.C. Dust,Beverages,0.5,16000,17000,17000,2009-12-04,17000.0,0.0,0.0,1.0,17000.0,18000.0,16000.0,16000.0
Jharkhand,Deogarh,Madhupur,Assam C.T.C. Dust,Beverages,0.4,16000,17000,17000,2009-12-05,17000.0,0.0,0.0,2.0,17000.0,18000.0,16000.0,16000.0
Jharkhand,Deogarh,Madhupur,Assam C.T.C. Dust,Beverages,0.5,16000,17000,17000,2009-12-07,17000.0,0.0,0.0,1.0,17000.0,18000.0,17000.0,16000.0
Jharkhand,Deogarh,Madhupur,Assam C.T.C. Dust,Beverages,0.3,16000,17000,17000,2009-12-08,17000.0,0.0,0.0,1.0,17000.0,18000.0,17000.0,16000.0
Jharkhand,Deogarh,Madhupur,Assam C.T.C. Dust,Beverages,0.2,16000,17000,17000,2009-12-09,17000.0,0.0,0.0,1.0,17000.0,17000.0,17000.0,16000.0
Jharkhand,Deogarh,Madhupur,Assam C.T.C. Dust,Beverages,0.3,16000,17000,17000,2009-12-10,17000.0,0.0,0.0,1.0,17000.0,17000.0,17000.0,16000.0
Jharkhand,Deogarh,Madhupur,Assam C.T.C. Dust,Beverages,0.5,16000,17000,17000,2009-12-11,17000.0,0.0,0.0,1.0,17000.0,17000.0,17000.0,16000.0
Jharkhand,Deogarh,Madhupur,Assam C.T.C. Dust,Beverages,0.4,16000,17000,17000,2009-12-12,17000.0,0.0,0.0,2.0,17000.0,17000.0,18000.0,16000.0
Jharkhand,Deogarh,Madhupur,Assam C.T.C. Dust,Beverages,0.4,16000,17000,17000,2009-12-14,17000.0,0.0,0.0,1.0,17000.0,17000.0,18000.0,16000.0
Jharkhand,Deogarh,Madhupur,Assam C.T.C. Dust,Beverages,0.5,16000,17000,17000,2009-12-15,17000.0,0.0,0.0,1.0,17000.0,17000.0,18000.0,16000.0
Jharkhand,Deogarh,Madhupur,Assam C.T.C. Dust,Beverages,0.4,16000,17000,17000,2009-12-16,17000.0,0.0,0.0,1.0,17000.0,17000.0,18000.0,16000.0
Jharkhand,Deogarh,Madhupur,Assam C.T.C. Dust,Beverages,0.4,16000,17000,17000,2009-12-17,17000.0,0.0,0.0,1.0,17000.0,17000.0,17000.0,16000.0
Jharkhand,Deogarh,Madhupur,Assam C.T.C. Dust,Beverages,0.45,16000,17000,17000,2009-12-18,17000.0,0.0,0.0,1.0,17000.0,17000.0,17000.0,16000.0
Jharkhand,Deogarh,Madhupur,Assam C.T.C. Dust,Beverages,0.4,16000,17000,17000,2009-12-19,17000.0,0.0,0.0,2.0,17000.0,17000.0,17000.0,16000.0
Jharkhand,Deogarh,Madhupur,Assam C.T.C. Dust,Beverages,0.4,16000,17000,17000,2009-12-21,17000.0,0.0,0.0,1.0,17000.0,17000.0,17000.0,16000.0
Jharkhand,Deogarh,Madhupur,Assam C.T.C. Dust,Beverages,0.4,16000,17000,17000,2009-12-22,17000.0,0.0,0.0,1.0,17000.0,17000.0,17000.0,16000.0
Jharkhand,Deogarh,Madhupur,Assam C.T.C. Dust,Beverages,0.3,16000,17000,17000,2009-12-23,17000.0,0.0,0.0,1.0,17000.0,17000.0,17000.0,16000.0
Jharkhand,Deogarh,Madhupur,Assam C.T.C. Dust,Beverages,0.3,16000,17000,17000,2009-12-24,17000.0,0.0,0.0,2.0,17000.0,17000.0,17000.0,16000.0
Jharkhand,Deogarh,Madhupur,Assam C.T.C. Dust,Beverages,0.4,16000,17000,17000,2009-12-26,17000.0,0.0,0.0,3.0,17000.0,17000.0,17000.0,17000.0
Jharkhand,Deogarh,Madhupur,Assam C.T.C. Dust,Beverages,0.4,16000,17000,17000,2009-12-29,17000.0,0.0,0.0,3.0,17000.0,17000.0,17000.0,17000.0
Jharkhand,Deogarh,Madhupur,Assam C.T.C. Dust,Beverages,0.5,16000,17000,17000,2010-01-01,17000.0,0.0,0.0,1.0,17000.0,17000.0,17000.0,17000.0
Jharkhand,Deogarh,Madhupur,Assam C.T.C. Dust,Beverages,0.4,16000,17000,17000,2010-01-02,17000.0,0.0,0.0,2.0,17000.0,17000.0,17000.0,17000.0
Jharkhand,Deogarh,Madhupur,Assam C.T.C. Dust,Beverages,0.45,16000,17000,17000,2010-01-04,17000.0,0.0,0.0,2.0,17000.0,17000.0,17000.0,17000.0
Jharkhand,Deogarh,Madhupur,Assam C.T.C. Dust,Beverages,0.5,16000,17000,17000,2010-01-06,17000.0,0.0,0.0,1.0,17000.0,17000.0,17000.0,18000.0
Jharkhand,Deogarh,Madhupur,Assam C.T.C. Dust,Beverages,0.4,16000,17000,17000,2010-01-07,17000.0,0.0,0.0,1.0,17000.0,17000.0,17000.0,18000.0
Jharkhand,Deogarh,Madhupur,Assam C.T.C. Dust,Beverages,0.5,16000,17000,17000,2010-01-08,17000.0,0.0,0.0,1.0,17000.0,17000.0,17000.0,18000.0
Jharkhand,Deogarh,Madhupur,Assam C.T.C. Dust,Beverages,0.3,16000,17000,17000,2010-01-09,17000.0,0.0,0.0,2.0,17000.0,17000.0,17000.0,18000.0
Jharkhand,Deogarh,Madhupur,Assam C.T.C. Dust,Beverages,0.4,16000,17000,17000,2010-02-01,17000.0,0.0,0.0,1.0,17000.0,17000.0,17000.0,17000.0
Jharkhand,Deogarh,Madhupur,Assam C.T.C. Dust,Beverages,0.4,16000,17000,17000,2010-02-02,17000.0,0.0,0.0,1.0,17000.0,17000.0,17000.0,17000.0
Jharkhand,Deogarh,Madhupur,Assam C.T.C. Dust,Beverages,0.5,16000,17000,17000,2010-02-03,17000.0,0.0,0.0,1.0,17000.0,17000.0,17000.0,17000.0
Jharkhand,Deogarh,Madhupur,Assam C.T.C. Dust,Beverages,0.4,16000,17000,17000,2010-02-04,17000.0,0.0,0.0,2.0,17000.0,17000.0,17000.0,17000.0
Jharkhand,Deogarh,Madhupur,Assam C.T.C. Dust,Beverages,0.4,16000,17000,17000,2010-02-06,17000.0,0.0,0.0,2.0,17000.0,17000.0,17000.0,17000.0
Jharkhand,Deogarh,Madhupur,Assam C.T.C. Dust,Beverages,0.5,16000,17000,17000,2010-02-08,17000.0,0.0,0.0,1.0,17000.0,17000.0,17000.0,17000.0
Jharkhand,Deogarh,Madhupur,Assam C.T.C. Dust,Beverages,0.3,16000,17000,17000,2010-02-09,17000.0,0.0,0.0,1.0,17000.0,17000.0,17000.0,17000.0
Jharkhand,Deogarh,Madhupur,Assam C.T.C. Dust,Beverages,0.4,16000,17000,17000,2010-02-10,17000.0,0.0,0.0,1.0,17000.0,17000.0,17000.0,17000.0
Jharkhand,Deogarh,Madhupur,Assam C.T.C. Dust,Beverages,0.5,16000,17000,17000,2010-02-11,17000.0,0.0,0.0,2.0,17000.0,17000.0,17000.0,17000.0
Jharkhand,Deogarh,Madhupur,Assam C.T.C. Dust,Beverages,30.0,16000,17000,17000,2010-02-13,17000.0,0.0,0.0,2.0,17000.0,17000.0,17000.0,17000.0
Jharkhand,Deogarh,Madhupur,Assam C.T.C. Dust,Beverages,0.3,16000,17000,17000,2010-02-15,17000.0,0.0,0.0,1.0,17000.0,17000.0,17000.0,17000.0
Jharkhand,Deogarh,Madhupur,Assam C.T.C. Dust,Beverages,0.1,16000,17000,17000,2010-02-16,17000.0,0.0,0.0,1.0,17000.0,17000.0,17000.0,17000.0
Jharkhand,Deogarh,Madhupur,Assam C.T.C. Dust,Beverages,0.1,16000,17000,17000,2010-02-17,17000.0,0.0,0.0,1.0,17000.0,17000.0,17000.0,17000.0
Jharkhand,Deogarh,Madhupur,Assam C.T.C. Dust,Beverages,0.1,16000,17000,17000,2010-02-18,17000.0,0.0,0.0,1.0,17000.0,17000.0,17000.0,17000.0
Jharkhand,Deogarh,Madhupur,Assam C.T.C. Dust,Beverages,0.3,16000,17000,17000,2010-02-19,17000.0,0.0,0.0,1.0,17000.0,17000.0,17000.0,17000.0
Jharkhand,Deogarh,Madhupur,Assam C.T.C. Dust,Beverages,0.5,16000,17000,17000,2010-02-20,17000.0,0.0,0.0,2.0,17000.0,17000.0,17000.0,17000.0
Jharkhand,Deogarh,Madhupur,Assam C.T.C. Dust,Beverages,0.4,16000,17000,17000,2010-02-22,17000.0,0.0,0.0,1.0,17000.0,17000.0,17000.0,17000.0
Jharkhand,Deogarh,Madhupur,Assam C.T.C. Dust,Beverages,0.3,16000,17000,17000,2010-02-23,17000.0,0.0,0.0,1.0,17000.0,17000.0,17000.0,17000.0
Jharkhand,Deogarh,Madhupur,Assam C.T.C. Dust,Beverages,0.2,16000,17000,17000,2010-02-24,17000.0,0.0,0.0,1.0,17000.0,17000.0,17000.0,17000.0
Jharkhand,Deogarh,Madhupur,Assam C.T.C. Dust,Beverages,0.6,16000,17000,17000,2010-02-25,17000.0,0.0,0.0,1.0,17000.0,17000.0,17000.0,17000.0
Jharkhand,Deogarh,Madhupur,Assam C.T.C. Dust,Beverages,0.45,16000,17000,17000,2010-02-26,17000.0,0.0,0.0,4.0,17000.0,17000.0,17000.0,17000.0
Jharkhand,Deogarh,Madhupur,Assam C.T.C. Dust,Beverages,0.9,16000,17000,17000,2010-03-02,17000.0,0.0,0.0,1.0,17000.0,17000.0,17000.0,17000.0
Jharkhand,Deogarh,Madhupur,Assam C.T.C. Dust,Beverages,0.6,16000,17000,17000,2010-03-03,17000.0,0.0,0.0,1.0,17000.0,17000.0,17000.0,17000.0
Jharkhand,Deogarh,Madhupur,Assam C.T.C. Dust,Beverages,0.4,16000,17000,17000,2010-03-04,17000.0,0.0,0.0,1.0,17000.0,17000.0,17000.0,17000.0
Jharkhand,Deogarh,Madhupur,Assam C.T.C. Dust,Beverages,0.45,16000,17000,17000,2010-03-05,17000.0,0.0,0.0,1.0,17000.0,17000.0,17000.0,17000.0
Jharkhand,Deogarh,Madhupur,Assam C.T.C. Dust,Beverages,0.6,16000,17000,17000,2010-03-06,17000.0,0.0,0.0,2.0,17000.0,17000.0,17000.0,17000.0
Jharkhand,Deogarh,Madhupur,Assam C.T.C. Dust,Beverages,0.4,16000,17000,17000,2010-03-08,17000.0,0.0,0.0,1.0,17000.0,17000.0,17000.0,17000.0
Jharkhand,Deogarh,Madhupur,Assam C.T.C. Dust,Beverages,0.3,16000,17000,17000,2010-03-09,17000.0,0.0,0.0,1.0,17000.0,17000.0,17000.0,17000.0
Jharkhand,Deogarh,Madhupur,Assam C.T.C. Dust,Beverages,0.5,16000,17000,17000,2010-03-10,17000.0,0.0,0.0,1.0,17000.0,17000.0,17000.0,17000.0
Jharkhand,Deogarh,Madhupur,Assam C.T.C. Dust,Beverages,0.4,16000,17000,17000,2010-03-11,17000.0,0.0,0.0,1.0,17000.0,17000.0,17000.0,17000.0
Jharkhand,Deogarh,Madhupur,Assam C.T.C. Dust,Beverages,0.45,16000,17000,17000,2010-03-12,17000.0,0.0,0.0,1.0,17000.0,17000.0,17000.0,17000.0
Jharkhand,Deogarh,Madhupur,Assam C.T.C. Dust,Beverages,0.5,16000,17000,17000,2010-03-13,17000.0,0.0,0.0,2.0,17000.0,17000.0,17000.0,17000.0
Jharkhand,Deogarh,Madhupur,Assam C.T.C. Dust,Beverages,0.45,16000,17000,17000,2010-03-15,17000.0,0.0,0.0,1.0,17000.0,17000.0,17000.0,17000.0
Jharkhand,Deogarh,Madhupur,Assam C.T.C. Dust,Beverages,0.45,16000,17000,17000,2010-03-16,17000.0,0.0,0.0,1.0,17000.0,17000.0,17000.0,17000.0
Jharkhand,Deogarh,Madhupur,Assam C.T.C. Dust,Beverages,0.4,16000,17000,17000,2010-03-17,17000.0,0.0,0.0,2.0,17000.0,17000.0,17000.0,17000.0
Jharkhand,Deogarh,Madhupur,Assam C.T.C. Dust,Beverages,0.45,16000,17000,17000,2010-03-19,17000.0,0.0,0.0,1.0,17000.0,17000.0,17000.0,17000.0
Jharkhand,Deogarh,Madhupur,Assam C.T.C. Dust,Beverages,0.45,16000,17000,17000,2010-03-20,17000.0,0.0,0.0,2.0,17000.0,17000.0,17000.0,17000.0
Jharkhand,Deogarh,Madhupur,Assam C.T.C. Dust,Beverages,0.5,16000,17000,17000,2010-03-22,17000.0,0.0,0.0,1.0,17000.0,17000.0,17000.0,17000.0
Jharkhand,Deogarh,Madhupur,Assam C.T.C. Dust,Beverages,0.45,16000,17000,17000,2010-03-23,17000.0,0.0,0.0,2.0,17000.0,17000.0,17000.0,17000.0
Jharkhand,Deogarh,Madhupur,Assam C.T.C. Dust,Beverages,0.45,16000,17000,17000,2010-03-25,17000.0,0.0,0.0,1.0,17000.0,17000.0,17000.0,17000.0
Jharkhand,Deogarh,Madhupur,Assam C.T.C. Dust,Beverages,0.45,16000,17000,17000,2010-03-26,17000.0,0.0,0.0,1.0,17000.0,17000.0,17000.0,17000.0
Jharkhand,Deogarh,Madhupur,Assam C.T.C. Dust,Beverages,0.3,16000,17000,17000,2010-03-27,17000.0,0.0,0.0,2.0,17000.0,17000.0,17000.0,17000.0
Jharkhand,Deogarh,Madhupur,Assam C.T.C. Dust,Beverages,0.4,16000,17000,17000,2010-03-29,17000.0,0.0,0.0,1.0,17000.0,17000.0,17000.0,17000.0
Jharkhand,Deogarh,Madhupur,Assam C.T.C. Dust,Beverages,0.4,16000,17000,17000,2010-03-30,17000.0,0.0,0.0,1.0,17000.0,17000.0,17000.0,17000.0
Jharkhand,Deogarh,Madhupur,Assam C.T.C. Dust,Beverages,0.45,16000,17000,17000,2010-03-31,17000.0,0.0,0.0,1.0,17000.0,17000.0,17000.0,17000.0
Jharkhand,Deogarh,Madhupur,Assam C.T.C. Dust,Beverages,0.45,16000,17000,17000,2010-04-01,17000.0,0.0,0.0,2.0,17000.0,17000.0,17000.0,17000.0
Jharkhand,Deogarh,Madhupur,Assam C.T.C. Dust,Beverages,0.5,16000,17000,17000,2010-04-03,17000.0,0.0,0.0,2.0,17000.0,17000.0,17000.0,17000.0
Jharkhand,Deogarh,Madhupur,Assam C.T.C. Dust,Beverages,0.3,16000,17000,17000,2010-04-05,17000.0,0.0,0.0,1.0,17000.0,17000.0,17000.0,17000.0
Jharkhand,Deogarh,Madhupur,Assam C.T.C. Dust,Beverages,0.4,16000,17000,17000,2010-04-06,17000.0,0.0,0.0,1.0,17000.0,17000.0,17000.0,17000.0
Jharkhand,Deogarh,Madhupur,Assam C.T.C. Dust,Beverages,0.45,16000,17000,17000,2010-04-07,17000.0,0.0,0.0,1.0,17000.0,17000.0,17000.0,17000.0
Jharkhand,Deogarh,Madhupur,Assam C.T.C. Dust,Beverages,0.4,16000,17000,17000,2010-04-08,17000.0,0.0,0.0,1.0,17000.0,17000.0,17000.0,17000.0
Jharkhand,Deogarh,Madhupur,Assam C.T.C. Dust,Beverages,0.25,16000,17000,17000,2010-04-09,17000.0,0.0,0.0,1.0,17000.0,17000.0,17000.0,17000.0
Jharkhand,Deogarh,Madhupur,Assam C.T.C. Dust,Beverages,0.25,16000,17000,17000,2010-04-10,17000.0,0.0,0.0,2.0,17000.0,17000.0,17000.0,17000.0
Jharkhand,Deogarh,Madhupur,Assam C.T.C. Dust,Beverages,0.4,16000,17000,17000,2010-04-12,17000.0,0.0,0.0,1.0,17000.0,17000.0,17000.0,17000.0
Jharkhand,Deogarh,Madhupur,Assam C.T.C. Dust,Beverages,0.4,16000,17000,17000,2010-04-13,17000.0,0.0,0.0,2.0,17000.0,17000.0,17000.0,17000.0
Jharkhand,Deogarh,Madhupur,Assam C.T.C. Dust,Beverages,0.08,16000,17000,17000,2010-04-15,17000.0,0.0,0.0,1.0,17000.0,17000.0,17000.0,17000.0
Jharkhand,Deogarh,Madhupur,Assam C.T.C. Dust,Beverages,0.05,16000,17000,17000,2010-04-16,17000.0,0.0,0.0,1.0,17000.0,17000.0,17000.0,17000.0
Jharkhand,Deogarh,Madhupur,Assam C.T.C. Dust,Beverages,0.15,16000,17000,17000,2010-04-17,17000.0,0.0,0.0,2.0,17000.0,17000.0,17000.0,17000.0
Jharkhand,Deogarh,Madhupur,Assam C.T.C. Dust,Beverages,0.15,16000,17000,17000,2010-04-19,17000.0,0.0,0.0,1.0,17000.0,17000.0,17000.0,17000.0
Jharkhand,Deogarh,Madhupur,Assam C.T.C. Dust,Beverages,0.1,16000,17000,17000,2010-04-20,17000.0,0.0,0.0,1.0,17000.0,17000.0,17000.0,17000.0
Jharkhand,Deogarh,Madhupur,Assam C.T.C. Dust,Beverages,0.3,16000,17000,17000,2010-04-21,17000.0,0.0,0.0,1.0,17000.0,17000.0,17000.0,17000.0
Jharkhand,Deogarh,Madhupur,Assam C.T.C. Dust,Beverages,0.5,16000,17000,17000,2010-05-03,17000.0,0.0,0.0,1.0,17000.0,17000.0,17000.0,17000.0
Jharkhand,Deogarh,Madhupur,Assam C.T.C. Dust,Beverages,0.15,16000,17000,17000,2010-05-04,17000.0,0.0,0.0,1.0,17000.0,17000.0,17000.0,17000.0
Jharkhand,Deogarh,Madhupur,Assam C.T.C. Dust,Beverages,0.2,16000,17000,17000,2010-05-05,17000.0,0.0,0.0,1.0,17000.0,17000.0,17000.0,17000.0
Jharkhand,Deogarh,Madhupur,Assam C.T.C. Dust,Beverages,0.42,16000,17000,17000,2010-05-06,17000.0,0.0,0.0,1.0,17000.0,17000.0,17000.0,17000.0
Jharkhand,Deogarh,Madhupur,Assam C.T.C. Dust,Beverages,0.2,16000,17000,17000,2010-05-07,17000.0,0.0,0.0,1.0,17000.0,17000.0,17000.0,17000.0
Jharkhand,Deogarh,Madhupur,Assam C.T.C. Dust,Beverages,0.2,16000,17000,17000,2010-05-08,17000.0,0.0,0.0,2.0,17000.0,17000.0,17000.0,17000.0
Jharkhand,Deogarh,Madhupur,Assam C.T.C. Dust,Beverages,0.05,16000,17000,17000,2010-05-10,17000.0,0.0,0.0,1.0,17000.0,17000.0,17000.0,17000.0
Jharkhand,Deogarh,Madhupur,Assam C.T.C. Dust,Beverages,0.2,16000,17000,17000,2010-05-11,17000.0,0.0,0.0,1.0,17000.0,17000.0,17000.0,17000.0
Jharkhand,Deogarh,Madhupur,Assam C.T.C. Dust,Beverages,0.15,16000,17000,17000,2010-05-12,17000.0,0.0,0.0,1.0,17000.0,17000.0,17000.0,17000.0
Jharkhand,Deogarh,Madhupur,Assam C.T.C. Dust,Beverages,0.15,16000,17000,17000,2010-05-13,17000.0,0.0,0.0,1.0,17000.0,17000.0,17000.0,17000.0
Jharkhand,Deogarh,Madhupur,Assam C.T.C. Dust,Beverages,0.15,16000,17000,17000,2010-05-14,17000.0,0.0,0.0,1.0,17000.0,17000.0,17000.0,17000.0
Jharkhand,Deogarh,Madhupur,Assam C.T.C. Dust,Beverages,0.06,16000,17000,17000,2010-05-15,17000.0,0.0,0.0,2.0,17000.0,17000.0,17000.0,17000.0
Jharkhand,Deogarh,Madhupur,Assam C.T.C. Dust,Beverages,0.02,16000,17000,17000,2010-05-17,17000.0,0.0,0.0,1.0,17000.0,17000.0,17000.0,17000.0
Jharkhand,Deogarh,Madhupur,Assam C.T.C. Dust,Beverages,0.02,16000,17000,17000,2010-05-18,17000.0,0.0,0.0,1.0,17000.0,17000.0,17000.0,17000.0
Jharkhand,Deogarh,Madhupur,Assam C.T.C. Dust,Beverages,0.02,16000,17000,17000,2010-05-19,17000.0,0.0,0.0,1.0,17000.0,17000.0,17000.0,17000.0
Jharkhand,Deogarh,Madhupur,Assam C.T.C. Dust,Beverages,0.2,16000,17000,17000,2010-05-20,17000.0,0.0,0.0,1.0,17000.0,17000.0,17000.0,17000.0
Jharkhand,Deogarh,Madhupur,Assam C.T.C. Dust,Beverages,0.3,16000,17000,17000,2010-05-21,17000.0,0.0,0.0,1.0,17000.0,17000.0,17000.0,17000.0
Jharkhand,Deogarh,Madhupur,Assam C.T.C. Dust,Beverages,0.01,16000,17000,17000,2010-05-22,17000.0,0.0,0.0,2.0,17000.0,17000.0,17000.0,17000.0
Jharkhand,Deogarh,Madhupur,Assam C.T.C. Dust,Beverages,0.05,16000,17000,17000,2010-06-01,17000.0,0.0,0.0,1.0,17000.0,17000.0,17000.0,17000.0
Jharkhand,Deogarh,Madhupur,Assam C.T.C. Dust,Beverages,0.25,16000,17000,17000,2010-06-02,17000.0,0.0,0.0,1.0,17000.0,17000.0,17000.0,17000.0
Jharkhand,Deogarh,Madhupur,Assam C.T.C. Dust,Beverages,0.15,16000,17000,17000,2010-06-03,17000.0,0.0,0.0,1.0,17000.0,17000.0,17000.0,17000.0
Jharkhand,Deogarh,Madhupur,Assam C.T.C. Dust,Beverages,0.05,16000,17000,17000,2010-06-04,17000.0,0.0,0.0,1.0,17000.0,17000.0,17000.0,17000.0
Jharkhand,Deogarh,Madhupur,Assam C.T.C. Dust,Beverages,0.05,16000,17000,17000,2010-06-05,17000.0,0.0,0.0,2.0,17000.0,17000.0,17000.0,17000.0
Jharkhand,Deogarh,Madhupur,Assam C.T.C. Dust,Beverages,0.1,16000,17000,17000,2010-06-07,17000.0,0.0,0.0,1.0,17000.0,17000.0,17000.0,17000.0
Jharkhand,Deogarh,Madhupur,Assam C.T.C. Dust,Beverages,0.2,16000,17000,17000,2010-06-08,17000.0,0.0,0.0,1.0,17000.0,17000.0,17000.0,17000.0
Jharkhand,Deogarh,Madhupur,Assam C.T.C. Dust,Beverages,0.15,16000,17000,17000,2010-06-09,17000.0,0.0,0.0,1.0,17000.0,17000.0,17000.0,17000.0
Jharkhand,Deogarh,Madhupur,Assam C.T.C. Dust,Beverages,0.2,16000,17000,17000,2010-06-10,17000.0,0.0,0.0,1.0,17000.0,17000.0,17000.0,17000.0
Jharkhand,Deogarh,Madhupur,Assam C.T.C. Dust,Beverages,0.15,16000,17000,17000,2010-06-11,17000.0,0.0,0.0,1.0,17000.0,17000.0,17000.0,17000.0
Jharkhand,Deogarh,Madhupur,Assam C.T.C. Dust,Beverages,0.05,16000,17000,17000,2010-06-12,17000.0,0.0,0.0,2.0,17000.0,17000.0,17000.0,17000.0
Jharkhand,Deogarh,Madhupur,Assam C.T.C. Dust,Beverages,0.15,16000,17000,17000,2010-06-14,17000.0,0.0,0.0,1.0,17000.0,17000.0,17000.0,17000.0
Jharkhand,Deogarh,Madhupur,Assam C.T.C. Dust,Beverages,0.25,16000,17000,17000,2010-06-15,17000.0,0.0,0.0,1.0,17000.0,17000.0,17000.0,17000.0
Jharkhand,Deogarh,Madhupur,Assam C.T.C. Dust,Beverages,0.2,16000,17000,17000,2010-06-16,17000.0,0.0,0.0,1.0,17000.0,17000.0,17000.0,17000.0
Jharkhand,Deogarh,Madhupur,Assam C.T.C. Dust,Beverages,0.2,16000,17000,17000,2010-06-17,17000.0,0.0,0.0,1.0,17000.0,17000.0,17000.0,17000.0
Jharkhand,Deogarh,Madhupur,Assam C.T.C. Dust,Beverages,0.2,16000,17000,17000,2010-06-18,17000.0,0.0,0.0,3.0,17000.0,17000.0,17000.0,17000.0
Jharkhand,Deogarh,Madhupur,Assam C.T.C. Dust,Beverages,0.3,16000,17000,17000,2010-06-21,17000.0,0.0,0.0,1.0,17000.0,17000.0,17000.0,17000.0
Jharkhand,Deogarh,Madhupur,Assam C.T.C. Dust,Beverages,0.4,16000,17000,17000,2010-06-22,17000.0,0.0,0.0,1.0,17000.0,17000.0,17000.0,17000.0
Jharkhand,Deogarh,Madhupur,Assam C.T.C. Dust,Beverages,0.25,16000,17000,17000,2010-06-23,17000.0,0.0,0.0,1.0,17000.0,17000.0,17000.0,17000.0
Jharkhand,Deogarh,Madhupur,Assam C.T.C. Dust,Beverages,0.4,16000,17000,17000,2010-06-24,17000.0,0.0,0.0,1.0,17000.0,17000.0,17000.0,17000.0
Jharkhand,Deogarh,Madhupur,Assam C.T.C. Dust,Beverages,0.2,16000,17000,17000,2010-06-25,17000.0,0.0,0.0,1.0,17000.0,17000.0,17000.0,17000.0
Jharkhand,Deogarh,Madhupur,Assam C.T.C. Dust,Beverages,0.15,16000,17000,17000,2010-06-26,17000.0,0.0,0.0,2.0,17000.0,17000.0,17000.0,17000.0
Jharkhand,Deogarh,Madhupur,Assam C.T.C. Dust,Beverages,0.1,16000,17000,17000,2010-06-28,17000.0,0.0,0.0,3.0,17000.0,17000.0,17000.0,17000.0
Jharkhand,Deogarh,Madhupur,Assam C.T.C. Dust,Beverages,0.04,16000,17000,17000,2010-07-01,17000.0,0.0,0.0,1.0,17000.0,17000.0,17000.0,17000.0
Jharkhand,Deogarh,Madhupur,Assam C.T.C. Dust,Beverages,0.1,16000,17000,17000,2010-07-02,17000.0,0.0,0.0,1.0,17000.0,17000.0,17000.0,17000.0
Jharkhand,Deogarh,Madhupur,Assam C.T.C. Dust,Beverages,0.4,16000,17000,17000,2010-07-03,17000.0,0.0,0.0,2.0,17000.0,17000.0,17000.0,17000.0
Jharkhand,Deogarh,Madhupur,Assam C.T.C. Dust,Beverages,0.2,16000,17000,17000,2010-07-05,17000.0,0.0,0.0,1.0,17000.0,17000.0,17000.0,17000.0
Jharkhand,Deogarh,Madhupur,Assam C.T.C. Dust,Beverages,0.1,16000,17000,17000,2010-07-06,17000.0,0.0,0.0,1.0,17000.0,17000.0,17000.0,17000.0
Jharkhand,Deogarh,Madhupur,Assam C.T.C. Dust,Beverages,0.1,16000,17000,17000,2010-07-07,17000.0,0.0,0.0,1.0,17000.0,17000.0,17000.0,17000.0
Jharkhand,Deogarh,Madhupur,Assam C.T.C. Dust,Beverages,0.25,16000,17000,17000,2010-07-08,17000.0,0.0,0.0,1.0,17000.0,17000.0,17000.0,17000.0
Jharkhand,Deogarh,Madhupur,Assam C.T.C. Dust,Beverages,0.25,16000,17000,17000,2010-07-09,17000.0,0.0,0.0,3.0,17000.0,17000.0,17000.0,17000.0
Jharkhand,Deogarh,Madhupur,Assam C.T.C. Dust,Beverages,0.3,16000,17000,17000,2010-07-12,17000.0,0.0,0.0,2.0,17000.0,17000.0,17000.0,17000.0
Jharkhand,Deogarh,Madhupur,Assam C.T.C. Dust,Beverages,0.4,16000,17000,17000,2010-07-14,17000.0,0.0,0.0,1.0,17000.0,17000.0,17000.0,17000.0
Jharkhand,Deogarh,Madhupur,Assam C.T.C. Dust,Beverages,0.2,16000,17000,17000,2010-07-15,17000.0,0.0,0.0,1.0,17000.0,17000.0,17000.0,17000.0
Jharkhand,Deogarh,Madhupur,Assam C.T.C. Dust,Beverages,0.25,16000,17000,17000,2010-07-16,17000.0,0.0,0.0,1.0,17000.0,17000.0,17000.0,17000.0
Jharkhand,Deogarh,Madhupur,Assam C.T.C. Dust,Beverages,0.2,16000,17000,17000,2010-07-17,17000.0,0.0,0.0,2.0,17000.0,17000.0,17000.0,17000.0
Jharkhand,Deogarh,Madhupur,Assam C.T.C. Dust,Beverages,0.3,16000,17000,17000,2010-07-19,17000.0,0.0,0.0,1.0,17000.0,17000.0,17000.0,17000.0
Jharkhand,Deogarh,Madhupur,Assam C.T.C. Dust,Beverages,0.1,16000,17000,17000,2010-07-20,17000.0,0.0,0.0,1.0,17000.0,17000.0,17000.0,17000.0
Jharkhand,Deogarh,Madhupur,Assam C.T.C. Dust,Beverages,0.2,16000,17000,17000,2010-07-21,17000.0,0.0,0.0,1.0,17000.0,17000.0,17000.0,17000.0
Jharkhand,Deogarh,Madhupur,Assam C.T.C. Dust,Beverages,0.3,16000,17000,17000,2010-07-22,17000.0,0.0,0.0,1.0,17000.0,17000.0,17000.0,17000.0
Jharkhand,Deogarh,Madhupur,Assam C.T.C. Dust,Beverages,0.45,16000,17000,17000,2010-07-23,17000.0,0.0,0.0,1.0,17000.0,17000.0,17000.0,17000.0
Jharkhand,Deogarh,Madhupur,Assam C.T.C. Dust,Beverages,0.25,16000,17000,17000,2010-07-24,17000.0,0.0,0.0,2.0,17000.0,17000.0,17000.0,17000.0
Jharkhand,Deogarh,Madhupur,Assam C.T.C. Dust,Beverages,0.5,16000,17000,17000,2010-07-26,17000.0,0.0,0.0,1.0,17000.0,17000.0,17000.0,17000.0
Jharkhand,Deogarh,Madhupur,Assam C.T.C. Dust,Beverages,0.6,16000,17000,17000,2010-07-27,17000.0,0.0,0.0,1.0,17000.0,17000.0,17000.0,17000.0
Jharkhand,Deogarh,Madhupur,Assam C.T.C. Dust,Beverages,0.5,16000,17000,17000,2010-07-28,17000.0,0.0,0.0,1.0,17000.0,17000.0,17000.0,17000.0
Jharkhand,Deogarh,Madhupur,Assam C.T.C. Dust,Beverages,0.6,16000,17000,17000,2010-07-29,17000.0,0.0,0.0,1.0,17000.0,17000.0,17000.0,17000.0
Jharkhand,Deogarh,Madhupur,Assam C.T.C. Dust,Beverages,0.45,16000,17000,17000,2010-07-30,17000.0,0.0,0.0,1.0,17000.0,17000.0,17000.0,17000.0
Jharkhand,Deogarh,Madhupur,Assam C.T.C. Dust,Beverages,0.7,16000,17000,17000,2010-07-31,17000.0,0.0,0.0,2.0,17000.0,17000.0,17000.0,17000.0
Jharkhand,Deogarh,Madhupur,Assam C.T.C. Dust,Beverages,0.4,16000,17000,17000,2010-08-02,17000.0,0.0,0.0,1.0,17000.0,17000.0,17000.0,17000.0
Jharkhand,Deogarh,Madhupur,Assam C.T.C. Dust,Beverages,0.5,16000,17000,17000,2010-08-03,17000.0,0.0,0.0,1.0,17000.0,17000.0,17000.0,17000.0
Jharkhand,Deogarh,Madhupur,Assam C.T.C. Dust,Beverages,0.4,16000,17000,17000,2010-08-04,17000.0,0.0,0.0,1.0,17000.0,17000.0,17000.0,17000.0
Jharkhand,Deogarh,Madhupur,Assam C.T.C. Dust,Beverages,0.45,16000,17000,17000,2010-08-05,17000.0,0.0,0.0,1.0,17000.0,17000.0,17000.0,17000.0
Jharkhand,Deogarh,Madhupur,Assam C.T.C. Dust,Beverages,0.4,16000,17000,17000,2010-08-06,17000.0,0.0,0.0,1.0,17000.0,17000.0,17000.0,17000.0
Jharkhand,Deogarh,Madhupur,Assam C.T.C. Dust,Beverages,0.4,16000,17000,17000,2010-08-07,17000.0,0.0,0.0,2.0,17000.0,17000.0,17000.0,17000.0
Jharkhand,Deogarh,Madhupur,Assam C.T.C. Dust,Beverages,0.4,16000,17000,17000,2010-08-09,17000.0,0.0,0.0,1.0,17000.0,17000.0,17000.0,17000.0
Jharkhand,Deogarh,Madhupur,Assam C.T.C. Dust,Beverages,0.4,16000,17000,17000,2010-08-10,17000.0,0.0,0.0,1.0,17000.0,17000.0,17000.0,17000.0
Jharkhand,Deogarh,Madhupur,Assam C.T.C. Dust,Beverages,0.45,16000,17000,17000,2010-08-11,17000.0,0.0,0.0,1.0,17000.0,17000.0,17000.0,17000.0
Jharkhand,Deogarh,Madhupur,Assam C.T.C. Dust,Beverages,0.4,16000,17000,17000,2010-08-12,17000.0,0.0,0.0,1.0,17000.0,17000.0,17000.0,17000.0
Jharkhand,Deogarh,Madhupur,Assam C.T.C. Dust,Beverages,0.4,16000,17000,17000,2010-08-13,17000.0,0.0,0.0,1.0,17000.0,17000.0,17000.0,17000.0
Jharkhand,Deogarh,Madhupur,Assam C.T.C. Dust,Beverages,0.4,16000,17000,17000,2010-08-14,17000.0,0.0,0.0,2.0,17000.0,17000.0,17000.0,17000.0
Jharkhand,Deogarh,Madhupur,Assam C.T.C. Dust,Beverages,0.3,16000,17000,17000,2010-08-16,17000.0,0.0,0.0,1.0,17000.0,17000.0,17000.0,17000.0
Jharkhand,Deogarh,Madhupur,Assam C.T.C. Dust,Beverages,0.15,16000,17000,17000,2010-08-17,17000.0,0.0,0.0,1.0,17000.0,17000.0,17000.0,17000.0
Jharkhand,Deogarh,Madhupur,Assam C.T.C. Dust,Beverages,0.3,16000,17000,17000,2010-08-18,17000.0,0.0,0.0,1.0,17000.0,17000.0,17000.0,17000.0
Jharkhand,Deogarh,Madhupur,Assam C.T.C. Dust,Beverages,0.35,16000,17000,17000,2010-08-19,17000.0,0.0,0.0,1.0,17000.0,17000.0,17000.0,17000.0
Jharkhand,Deogarh,Madhupur,Assam C.T.C. Dust,Beverages,0.4,16000,17000,17000,2010-08-20,17000.0,0.0,0.0,1.0,17000.0,17000.0,17000.0,17000.0
Jharkhand,Deogarh,Madhupur,Assam C.T.C. Dust,Beverages,0.25,16000,17000,17000,2010-08-21,17000.0,0.0,0.0,2.0,17000.0,17000.0,17000.0,17000.0
Jharkhand,Deogarh,Madhupur,Assam C.T.C. Dust,Beverages,0.25,16000,17000,17000,2010-08-23,17000.0,0.0,0.0,2.0,17000.0,17000.0,17000.0,17000.0
Jharkhand,Deogarh,Madhupur,Assam C.T.C. Dust,Beverages,0.3,16000,17000,17000,2010-08-25,17000.0,0.0,0.0,7.0,17000.0,17000.0,17000.0,17000.0
Jharkhand,Deogarh,Madhupur,Assam C.T.C. Dust,Beverages,0.2,16000,17000,17000,2010-09-01,17000.0,0.0,0.0,2.0,17000.0,17000.0,17000.0,17000.0
Jharkhand,Deogarh,Madhupur,Assam C.T.C. Dust,Beverages,0.2,16000,17000,17000,2010-09-03,17000.0,0.0,0.0,1.0,17000.0,17000.0,17000.0,17000.0
Jharkhand,Deogarh,Madhupur,Assam C.T.C. Dust,Beverages,0.15,16000,17000,17000,2010-09-04,17000.0,0.0,0.0,2.0,17000.0,17000.0,17000.0,17000.0
Jharkhand,Deogarh,Madhupur,Assam C.T.C. Dust,Beverages,0.2,16000,17000,17000,2010-09-06,17000.0,0.0,0.0,1.0,17000.0,17000.0,17000.0,17000.0
Jharkhand,Deogarh,Madhupur,Assam C.T.C. Dust,Beverages,0.1,16000,17000,17000,2010-09-07,17000.0,0.0,0.0,1.0,17000.0,17000.0,17000.0,17000.0
Jharkhand,Deogarh,Madhupur,Assam C.T.C. Dust,Beverages,0.2,16000,17000,17000,2010-09-08,17000.0,0.0,0.0,1.0,17000.0,17000.0,17000.0,17000.0
Jharkhand,Deogarh,Madhupur,Assam C.T.C. Dust,Beverages,0.1,16000,17000,17000,2010-09-09,17000.0,0.0,0.0,1.0,17000.0,17000.0,17000.0,17000.0
Jharkhand,Deogarh,Madhupur,Assam C.T.C. Dust,Beverages,0.3,16000,17000,17000,2010-09-27,17000.0,0.0,0.0,1.0,17000.0,17000.0,17000.0,17000.0
Jharkhand,Deogarh,Madhupur,Assam C.T.C. Dust,Beverages,0.25,16000,17000,17000,2010-09-28,17000.0,0.0,0.0,1.0,17000.0,17000.0,17000.0,17000.0
Jharkhand,Deogarh,Madhupur,Assam C.T.C. Dust,Beverages,0.2,16000,17000,17000,2010-09-29,17000.0,0.0,0.0,1.0,17000.0,17000.0,17000.0,17000.0
Jharkhand,Deogarh,Madhupur,Assam C.T.C. Dust,Beverages,0.45,16000,17000,17000,2010-09-30,17000.0,0.0,0.0,1.0,17000.0,17000.0,17000.0,17000.0
Jharkhand,Deogarh,Madhupur,Assam C.T.C. Dust,Beverages,0.3,16000,17000,17000,2010-10-01,17000.0,0.0,0.0,3.0,17000.0,17000.0,17000.0,17000.0
Jharkhand,Deogarh,Madhupur,Assam C.T.C. Dust,Beverages,0.4,16000,17000,17000,2010-10-04,17000.0,0.0,0.0,1.0,17000.0,17000.0,17000.0,17000.0
Jharkhand,Deogarh,Madhupur,Assam C.T.C. Dust,Beverages,0.6,16000,17000,17000,2010-10-05,17000.0,0.0,0.0,1.0,17000.0,17000.0,17000.0,17000.0
Jharkhand,Deogarh,Madhupur,Assam C.T.C. Dust,Beverages,0.5,16000,17000,17000,2010-10-06,17000.0,0.0,0.0,1.0,17000.0,17000.0,17000.0,17000.0
Jharkhand,Deogarh,Madhupur,Assam C.T.C. Dust,Beverages,0.5,16000,17000,17000,2010-10-07,17000.0,0.0,0.0,1.0,17000.0,17000.0,17000.0,17000.0
Jharkhand,Deogarh,Madhupur,Assam C.T.C. Dust,Beverages,0.4,16000,17000,17000,2010-10-08,17000.0,0.0,0.0,1.0,17000.0,17000.0,17000.0,17000.0
Jharkhand,Deogarh,Madhupur,Assam C.T.C. Dust,Beverages,0.4,16000,17000,17000,2010-10-09,17000.0,0.0,0.0,2.0,17000.0,17000.0,17000.0,17000.0
Jharkhand,Deogarh,Madhupur,Assam C.T.C. Dust,Beverages,0.6,16000,17000,17000,2010-10-11,17000.0,0.0,0.0,1.0,17000.0,17000.0,17000.0,17000.0
Jharkhand,Deogarh,Madhupur,Assam C.T.C. Dust,Beverages,0.4,16000,17000,17000,2010-10-12,17000.0,0.0,0.0,1.0,17000.0,17000.0,17000.0,17000.0
Jharkhand,Deogarh,Madhupur,Assam C.T.C. Dust,Beverages,0.35,16000,17000,17000,2010-10-13,17000.0,0.0,0.0,5.0,17000.0,17000.0,17000.0,17000.0
Jharkhand,Deogarh,Madhupur,Assam C.T.C. Dust,Beverages,0.4,16000,17000,17000,2010-10-18,17000.0,0.0,0.0,1.0,17000.0,17000.0,17000.0,17000.0
Jharkhand,Deogarh,Madhupur,Assam C.T.C. Dust,Beverages,0.45,16000,17000,17000,2010-10-19,17000.0,0.0,0.0,1.0,17000.0,17000.0,17000.0,17000.0
Jharkhand,Deogarh,Madhupur,Assam C.T.C. Dust,Beverages,0.4,16000,17000,17000,2010-10-20,17000.0,0.0,0.0,1.0,17000.0,17000.0,17000.0,17000.0
Jharkhand,Deogarh,Madhupur,Assam C.T.C. Dust,Beverages,0.45,16000,17000,17000,2010-10-21,17000.0,0.0,0.0,1.0,17000.0,17000.0,17000.0,17000.0
Jharkhand,Deogarh,Madhupur,Assam C.T.C. Dust,Beverages,0.3,16000,17000,17000,2010-10-22,17000.0,0.0,0.0,1.0,17000.0,17000.0,17000.0,17000.0
Jharkhand,Deogarh,Madhupur,Assam C.T.C. Dust,Beverages,0.4,16000,17000,17000,2010-10-23,17000.0,0.0,0.0,2.0,17000.0,17000.0,17000.0,17000.0
Jharkhand,Deogarh,Madhupur,Assam C.T.C. Dust,Beverages,0.3,16000,17000,17000,2010-10-25,17000.0,0.0,0.0,1.0,17000.0,17000.0,17000.0,17000.0
Jharkhand,Deogarh,Madhupur,Assam C.T.C. Dust,Beverages,0.4,16000,17000,17000,2010-10-26,17000.0,0.0,0.0,6.0,17000.0,17000.0,17000.0,17000.0
Jharkhand,Deogarh,Madhupur,Assam C.T.C. Dust,Beverages,0.08,16000,17000,17000,2010-11-01,17000.0,0.0,0.0,1.0,17000.0,17000.0,17000.0,17000.0
Jharkhand,Deogarh,Madhupur,Assam C.T.C. Dust,Beverages,0.08,16000,17000,17000,2010-11-02,17000.0,0.0,0.0,1.0,17000.0,17000.0,17000.0,17000.0
Jharkhand,Deogarh,Madhupur,Assam C.T.C. Dust,Beverages,0.15,16000,17000,17000,2010-11-03,17000.0,0.0,0.0,1.0,17000.0,17000.0,17000.0,17000.0
Jharkhand,Deogarh,Madhupur,Assam C.T.C. Dust,Beverages,0.1,16000,17000,17000,2010-11-04,17000.0,0.0,0.0,2.0,17000.0,17000.0,17000.0,17000.0
Jharkhand,Deogarh,Madhupur,Assam C.T.C. Dust,Beverages,0.05,16000,17000,17000,2010-11-16,17000.0,0.0,0.0,1.0,17000.0,17000.0,17000.0,17000.0
Jharkhand,Deogarh,Madhupur,Assam C.T.C. Dust,Beverages,0.2,16000,17000,17000,2010-11-17,17000.0,0.0,0.0,2.0,17000.0,17000.0,17000.0,17000.0
Jharkhand,Deogarh,Madhupur,Assam C.T.C. Dust,Beverages,0.05,16000,17000,17000,2010-11-19,17000.0,0.0,0.0,1.0,17000.0,17000.0,17000.0,17000.0
Jharkhand,Deogarh,Madhupur,Assam C.T.C. Dust,Beverages,0.05,16000,17000,17000,2010-11-20,17000.0,0.0,0.0,2.0,17000.0,17000.0,17000.0,17000.0
Jharkhand,Deogarh,Madhupur,Assam C.T.C. Dust,Beverages,0.4,16000,17000,17000,2010-11-22,17000.0,0.0,0.0,1.0,17000.0,17000.0,17000.0,17000.0
Jharkhand,Deogarh,Madhupur,Assam C.T.C. Dust,Beverages,0.1,16000,17000,17000,2010-11-23,17000.0,0.0,0.0,1.0,17000.0,17000.0,17000.0,17000.0
Jharkhand,Deogarh,Madhupur,Assam C.T.C. Dust,Beverages,0.2,16000,17000,17000,2010-11-24,17000.0,0.0,0.0,1.0,17000.0,17000.0,17000.0,17000.0
Jharkhand,Deogarh,Madhupur,Assam C.T.C. Dust,Beverages,0.25,16000,17000,17000,2010-11-25,17000.0,0.0,0.0,4.0,17000.0,17000.0,17000.0,17000.0
Jharkhand,Deogarh,Madhupur,Assam C.T.C. Dust,Beverages,0.2,16000,17000,17000,2010-11-29,17000.0,0.0,0.0,1.0,17000.0,17000.0,17000.0,17000.0
Jharkhand,Deogarh,Madhupur,Assam C.T.C. Dust,Beverages,0.15,16000,17000,17000,2010-11-30,17000.0,0.0,0.0,1.0,17000.0,17000.0,17000.0,17000.0
Jharkhand,Deogarh,Madhupur,Assam C.T.C. Dust,Beverages,0.2,16000,17000,17000,2010-12-01,17000.0,0.0,0.0,1.0,17000.0,17000.0,17000.0,17000.0
Jharkhand,Deogarh,Madhupur,Assam C.T.C. Dust,Beverages,0.2,16000,17000,17000,2010-12-02,17000.0,0.0,0.0,1.0,17000.0,17000.0,17000.0,17000.0
Jharkhand,Deogarh,Madhupur,Assam C.T.C. Dust,Beverages,0.2,16000,17000,17000,2010-12-03,17000.0,0.0,0.0,1.0,17000.0,17000.0,17000.0,17000.0
Jharkhand,Deogarh,Madhupur,Assam C.T.C. Dust,Beverages,0.15,16000,17000,17000,2010-12-04,17000.0,0.0,0.0,3.0,17000.0,17000.0,17000.0,17000.0
Jharkhand,Deogarh,Madhupur,Assam C.T.C. Dust,Beverages,0.1,16000,17000,17000,2010-12-07,17000.0,0.0,0.0,1.0,17000.0,17000.0,17000.0,17000.0
Jharkhand,Deogarh,Madhupur,Assam C.T.C. Dust,Beverages,0.1,16000,17000,17000,2010-12-08,17000.0,0.0,0.0,1.0,17000.0,17000.0,17000.0,17000.0
Jharkhand,Deogarh,Madhupur,Assam C.T.C. Dust,Beverages,0.1,16000,17000,17000,2010-12-09,17000.0,0.0,0.0,1.0,17000.0,17000.0,17000.0,17000.0
Jharkhand,Deogarh,Madhupur,Assam C.T.C. Dust,Beverages,0.05,16000,17000,17000,2010-12-10,17000.0,0.0,0.0,1.0,17000.0,17000.0,17000.0,17000.0
Jharkhand,Deogarh,Madhupur,Assam C.T.C. Dust,Beverages,0.05,16000,17000,17000,2010-12-11,17000.0,0.0,0.0,2.0,17000.0,17000.0,17000.0,17000.0
Jharkhand,Deogarh,Madhupur,Assam C.T.C. Dust,Beverages,0.05,16000,17000,17000,2010-12-13,17000.0,0.0,0.0,1.0,17000.0,17000.0,17000.0,17000.0
Jharkhand,Deogarh,Madhupur,Assam C.T.C. Dust,Beverages,0.2,16000,17000,17000,2010-12-14,17000.0,0.0,0.0,2.0,17000.0,17000.0,17000.0,17000.0
Jharkhand,Deogarh,Madhupur,Assam C.T.C. Dust,Beverages,0.2,16000,17000,17000,2010-12-16,17000.0,0.0,0.0,2.0,17000.0,17000.0,17000.0,17000.0
Jharkhand,Deogarh,Madhupur,Assam C.T.C. Dust,Beverages,0.15,16000,17000,17000,2010-12-18,16000.0,-0.0588235294117647,-0.0606246218164348,2.0,17000.0,17000.0,17000.0,17000.0
Jharkhand,Deogarh,Madhupur,Assam C.T.C. Dust,Beverages,0.05,15000,16000,16000,2010-12-20,17000.0,0.0625,0.0606246218164348,1.0,17000.0,17000.0,17000.0,17000.0
Jharkhand,Deogarh,Madhupur,Assam C.T.C. Dust,Beverages,0.05,16000,17000,17000,2010-12-21,17000.0,0.0,0.0,1.0,16000.0,17000.0,17000.0,17000.0
Jharkhand,Deogarh,Madhupur,Assam C.T.C. Dust,Beverages,0.03,16000,17000,17000,2010-12-22,16000.0,-0.0588235294117647,-0.0606246218164348,2.0,17000.0,17000.0,17000.0,17000.0
Jharkhand,Deogarh,Madhupur,Assam C.T.C. Dust,Beverages,0.03,15000,16000,16000,2010-12-24,16000.0,0.0,0.0,3.0,17000.0,17000.0,17000.0,17000.0
Jharkhand,Deogarh,Madhupur,Assam C.T.C. Dust,Beverages,0.2,15000,16000,16000,2010-12-27,16000.0,0.0,0.0,1.0,16000.0,17000.0,17000.0,17000.0
Jharkhand,Deogarh,Madhupur,Assam C.T.C. Dust,Beverages,0.04,15000,16000,16000,2010-12-28,17000.0,0.0625,0.0606246218164348,1.0,16000.0,17000.0,17000.0,17000.0
Jharkhand,Deogarh,Madhupur,Assam C.T.C. Dust,Beverages,0.05,16000,17000,17000,2010-12-29,17000.0,0.0,0.0,1.0,16000.0,17000.0,17000.0,17000.0
Jharkhand,Deogarh,Madhupur,Assam C.T.C. Dust,Beverages,0.02,16000,17000,17000,2010-12-30,17000.0,0.0,0.0,7.0,17000.0,16000.0,17000.0,17000.0
Jharkhand,Deogarh,Madhupur,Assam C.T.C. Dust,Beverages,0.02,16000,17000,17000,2011-01-06,17000.0,0.0,0.0,1.0,17000.0,17000.0,17000.0,17000.0
Jharkhand,Deogarh,Madhupur,Assam C.T.C. Dust,Beverages,0.05,16000,17000,17000,2011-01-07,17000.0,0.0,0.0,1.0,17000.0,17000.0,17000.0,17000.0
Jharkhand,Deogarh,Madhupur,Assam C.T.C. Dust,Beverages,0.3,16000,17000,17000,2011-01-08,17000.0,0.0,0.0,2.0,17000.0,16000.0,17000.0,17000.0
Jharkhand,Deogarh,Madhupur,Assam C.T.C. Dust,Beverages,0.02,16000,17000,17000,2011-01-10,17000.0,0.0,0.0,1.0,17000.0,16000.0,17000.0,17000.0
Jharkhand,Deogarh,Madhupur,Assam C.T.C. Dust,Beverages,0.01,16000,17000,17000,2011-01-11,17000.0,0.0,0.0,1.0,17000.0,16000.0,17000.0,17000.0
Jharkhand,Deogarh,Madhupur,Assam C.T.C. Dust,Beverages,0.05,16000,17000,17000,2011-01-12,17000.0,0.0,0.0,1.0,17000.0,17000.0,17000.0,17000.0
Jharkhand,Deogarh,Madhupur,Assam C.T.C. Dust,Beverages,0.02,16000,17000,17000,2011-01-13,17000.0,0.0,0.0,2.0,17000.0,17000.0,16000.0,17000.0
Jharkhand,Deogarh,Madhupur,Assam C.T.C. Dust,Beverages,0.01,16000,17000,17000,2011-01-15,17000.0,0.0,0.0,2.0,17000.0,17000.0,17000.0,17000.0
Jharkhand,Deogarh,Madhupur,Assam C.T.C. Dust,Beverages,0.04,16000,17000,17000,2011-01-17,17000.0,0.0,0.0,1.0,17000.0,17000.0,17000.0,17000.0
Jharkhand,Deogarh,Madhupur,Assam C.T.C. Dust,Beverages,0.01,16000,17000,17000,2011-01-18,17000.0,0.0,0.0,1.0,17000.0,17000.0,16000.0,17000.0
Jharkhand,Deogarh,Madhupur,Assam C.T.C. Dust,Beverages,0.02,16000,17000,17000,2011-01-19,17000.0,0.0,0.0,1.0,17000.0,17000.0,16000.0,17000.0
Jharkhand,Deogarh,Madhupur,Assam C.T.C. Dust,Beverages,0.02,16000,17000,17000,2011-01-20,17000.0,0.0,0.0,1.0,17000.0,17000.0,16000.0,17000.0
Jharkhand,Deogarh,Madhupur,Assam C.T.C. Dust,Beverages,0.02,16000,17000,17000,2011-01-21,17000.0,0.0,0.0,1.0,17000.0,17000.0,17000.0,17000.0
Jharkhand,Deogarh,Madhupur,Assam C.T.C. Dust,Beverages,0.01,16000,17000,17000,2011-01-22,17000.0,0.0,0.0,2.0,17000.0,17000.0,17000.0,17000.0
Jharkhand,Deogarh,Madhupur,Assam C.T.C. Dust,Beverages,0.02,16000,17000,17000,2011-01-24,17000.0,0.0,0.0,3.0,17000.0,17000.0,17000.0,17000.0
Jharkhand,Deogarh,Madhupur,Assam C.T.C. Dust,Beverages,0.01,16000,17000,17000,2011-01-27,17000.0,0.0,0.0,2.0,17000.0,17000.0,17000.0,17000.0
Jharkhand,Deogarh,Madhupur,Assam C.T.C. Dust,Beverages,0.1,16000,17000,17000,2011-01-29,17000.0,0.0,0.0,2.0,17000.0,17000.0,17000.0,17000.0
Jharkhand,Deogarh,Madhupur,Assam C.T.C. Dust,Beverages,0.02,16000,17000,17000,2011-01-31,17000.0,0.0,0.0,1.0,17000.0,17000.0,17000.0,17000.0
Jharkhand,Deogarh,Madhupur,Assam C.T.C. Dust,Beverages,0.03,16000,17000,17000,2011-02-01,17000.0,0.0,0.0,1.0,17000.0,17000.0,17000.0,17000.0
Jharkhand,Deogarh,Madhupur,Assam C.T.C. Dust,Beverages,0.05,16000,17000,17000,2011-02-02,17000.0,0.0,0.0,1.0,17000.0,17000.0,17000.0,17000.0
Jharkhand,Deogarh,Madhupur,Assam C.T.C. Dust,Beverages,0.05,16000,17000,17000,2011-02-03,17000.0,0.0,0.0,1.0,17000.0,17000.0,17000.0,17000.0
Jharkhand,Deogarh,Madhupur,Assam C.T.C. Dust,Beverages,0.02,16000,17000,17000,2011-02-04,17000.0,0.0,0.0,1.0,17000.0,17000.0,17000.0,17000.0
Jharkhand,Deogarh,Madhupur,Assam C.T.C. Dust,Beverages,0.05,16000,17000,17000,2011-02-05,17000.0,0.0,0.0,2.0,17000.0,17000.0,17000.0,16000.0
Jharkhand,Deogarh,Madhupur,Assam C.T.C. Dust,Beverages,0.05,16000,17000,17000,2011-02-07,17000.0,0.0,0.0,2.0,17000.0,17000.0,17000.0,17000.0
Jharkhand,Deogarh,Madhupur,Assam C.T.C. Dust,Beverages,0.02,16000,17000,17000,2011-02-09,17000.0,0.0,0.0,1.0,17000.0,17000.0,17000.0,17000.0
Jharkhand,Deogarh,Madhupur,Assam C.T.C. Dust,Beverages,0.03,16000,17000,17000,2011-02-10,17000.0,0.0,0.0,1.0,17000.0,17000.0,17000.0,16000.0
Jharkhand,Deogarh,Madhupur,Assam C.T.C. Dust,Beverages,0.02,16000,17000,17000,2011-02-11,17000.0,0.0,0.0,1.0,17000.0,17000.0,17000.0,16000.0
Jharkhand,Deogarh,Madhupur,Assam C.T.C. Dust,Beverages,0.03,16000,17000,17000,2011-02-12,17000.0,0.0,0.0,2.0,17000.0,17000.0,17000.0,16000.0
Jharkhand,Deogarh,Madhupur,Assam C.T.C. Dust,Beverages,0.05,16000,17000,17000,2011-02-14,17000.0,0.0,0.0,1.0,17000.0,17000.0,17000.0,17000.0
Jharkhand,Deogarh,Madhupur,Assam C.T.C. Dust,Beverages,0.05,16000,17000,17000,2011-02-15,17000.0,0.0,0.0,2.0,17000.0,17000.0,17000.0,17000.0
Jharkhand,Deogarh,Madhupur,Assam C.T.C. Dust,Beverages,0.02,16000,17000,17000,2011-02-17,17000.0,0.0,0.0,1.0,17000.0,17000.0,17000.0,17000.0
Jharkhand,Deogarh,Madhupur,Assam C.T.C. Dust,Beverages,0.05,16000,17000,17000,2011-02-18,17000.0,0.0,0.0,1.0,17000.0,17000.0,17000.0,17000.0
Jharkhand,Deogarh,Madhupur,Assam C.T.C. Dust,Beverages,0.02,16000,17000,17000,2011-02-19,17000.0,0.0,0.0,2.0,17000.0,17000.0,17000.0,17000.0
Jharkhand,Deogarh,Madhupur,Assam C.T.C. Dust,Beverages,0.02,16000,17000,17000,2011-02-21,17000.0,0.0,0.0,1.0,17000.0,17000.0,17000.0,17000.0
Jharkhand,Deogarh,Madhupur,Assam C.T.C. Dust,Beverages,0.03,16000,17000,17000,2011-02-22,17000.0,0.0,0.0,1.0,17000.0,17000.0,17000.0,17000.0
Jharkhand,Deogarh,Madhupur,Assam C.T.C. Dust,Beverages,0.06,16000,17000,17000,2011-02-23,17000.0,0.0,0.0,1.0,17000.0,17000.0,17000.0,17000.0
Jharkhand,Deogarh,Madhupur,Assam C.T.C. Dust,Beverages,0.1,16000,17000,17000,2011-02-24,17000.0,0.0,0.0,1.0,17000.0,17000.0,17000.0,17000.0
Jharkhand,Deogarh,Madhupur,Assam C.T.C. Dust,Beverages,0.05,16000,17000,17000,2011-02-25,17000.0,0.0,0.0,1.0,17000.0,17000.0,17000.0,17000.0
Jharkhand,Deogarh,Madhupur,Assam C.T.C. Dust,Beverages,0.03,16000,17000,17000,2011-02-26,17000.0,0.0,0.0,3.0,17000.0,17000.0,17000.0,17000.0
Jharkhand,Deogarh,Madhupur,Assam C.T.C. Dust,Beverages,0.05,16000,17000,17000,2011-03-01,17000.0,0.0,0.0,2.0,17000.0,17000.0,17000.0,17000.0
Jharkhand,Deogarh,Madhupur,Assam C.T.C. Dust,Beverages,0.02,16000,17000,17000,2011-03-03,17000.0,0.0,0.0,1.0,17000.0,17000.0,17000.0,17000.0
Jharkhand,Deogarh,Madhupur,Assam C.T.C. Dust,Beverages,0.1,16000,17000,17000,2011-03-04,17000.0,0.0,0.0,3.0,17000.0,17000.0,17000.0,17000.0
Jharkhand,Deogarh,Madhupur,Assam C.T.C. Dust,Beverages,0.05,16000,17000,17000,2011-03-07,17000.0,0.0,0.0,1.0,17000.0,17000.0,17000.0,17000.0
Jharkhand,Deogarh,Madhupur,Assam C.T.C. Dust,Beverages,0.1,16000,17000,17000,2011-03-08,17000.0,0.0,0.0,1.0,17000.0,17000.0,17000.0,17000.0
Jharkhand,Deogarh,Madhupur,Assam C.T.C. Dust,Beverages,0.06,16000,17000,17000,2011-03-09,17000.0,0.0,0.0,1.0,17000.0,17000.0,17000.0,17000.0
Jharkhand,Deogarh,Madhupur,Assam C.T.C. Dust,Beverages,0.05,16000,17000,17000,2011-03-10,17000.0,0.0,0.0,1.0,17000.0,17000.0,17000.0,17000.0
Jharkhand,Deogarh,Madhupur,Assam C.T.C. Dust,Beverages,0.05,16000,17000,17000,2011-03-11,17000.0,0.0,0.0,1.0,17000.0,17000.0,17000.0,17000.0
Jharkhand,Deogarh,Madhupur,Assam C.T.C. Dust,Beverages,0.02,16000,17000,17000,2011-03-12,17000.0,0.0,0.0,2.0,17000.0,17000.0,17000.0,17000.0
Jharkhand,Deogarh,Madhupur,Assam C.T.C. Dust,Beverages,0.03,16000,17000,17000,2011-03-14,17000.0,0.0,0.0,1.0,17000.0,17000.0,17000.0,17000.0
Jharkhand,Deogarh,Madhupur,Assam C.T.C. Dust,Beverages,0.05,16000,17000,17000,2011-03-15,17000.0,0.0,0.0,1.0,17000.0,17000.0,17000.0,17000.0
Jharkhand,Deogarh,Madhupur,Assam C.T.C. Dust,Beverages,0.03,16000,17000,17000,2011-03-16,17000.0,0.0,0.0,1.0,17000.0,17000.0,17000.0,17000.0
Jharkhand,Deogarh,Madhupur,Assam C.T.C. Dust,Beverages,0.04,16000,17000,17000,2011-03-17,17000.0,0.0,0.0,1.0,17000.0,17000.0,17000.0,17000.0
Jharkhand,Deogarh,Madhupur,Assam C.T.C. Dust,Beverages,2.0,16000,17000,17000,2011-03-18,17000.0,0.0,0.0,4.0,17000.0,17000.0,17000.0,17000.0
Jharkhand,Deogarh,Madhupur,Assam C.T.C. Dust,Beverages,0.3,16000,17000,17000,2011-03-22,17000.0,0.0,0.0,1.0,17000.0,17000.0,17000.0,17000.0
Jharkhand,Deogarh,Madhupur,Assam C.T.C. Dust,Beverages,0.02,16000,17000,17000,2011-03-23,17000.0,0.0,0.0,2.0,17000.0,17000.0,17000.0,17000.0
Jharkhand,Deogarh,Madhupur,Assam C.T.C. Dust,Beverages,0.05,16000,17000,17000,2011-03-25,17000.0,0.0,0.0,1.0,17000.0,17000.0,17000.0,17000.0
Jharkhand,Deogarh,Madhupur,Assam C.T.C. Dust,Beverages,0.02,16000,17000,17000,2011-03-26,17000.0,0.0,0.0,4.0,17000.0,17000.0,17000.0,17000.0
Jharkhand,Deogarh,Madhupur,Assam C.T.C. Dust,Beverages,0.02,16000,17000,17000,2011-03-30,17000.0,0.0,0.0,1.0,17000.0,17000.0,17000.0,17000.0
Jharkhand,Deogarh,Madhupur,Assam C.T.C. Dust,Beverages,0.02,16000,17000,17000,2011-03-31,17000.0,0.0,0.0,2.0,17000.0,17000.0,17000.0,17000.0
Jharkhand,Deogarh,Madhupur,Assam C.T.C. Dust,Beverages,0.02,16000,17000,17000,2011-04-02,17000.0,0.0,0.0,2.0,17000.0,17000.0,17000.0,17000.0
Jharkhand,Deogarh,Madhupur,Assam C.T.C. Dust,Beverages,0.05,16000,17000,17000,2011-04-04,17000.0,0.0,0.0,1.0,17000.0,17000.0,17000.0,17000.0
Jharkhand,Deogarh,Madhupur,Assam C.T.C. Dust,Beverages,0.1,16000,17000,17000,2011-04-05,17000.0,0.0,0.0,2.0,17000.0,17000.0,17000.0,17000.0
Jharkhand,Deogarh,Madhupur,Assam C.T.C. Dust,Beverages,0.05,16000,17000,17000,2011-04-07,17000.0,0.0,0.0,1.0,17000.0,17000.0,17000.0,17000.0
Jharkhand,Deogarh,Madhupur,Assam C.T.C. Dust,Beverages,0.02,16000,17000,17000,2011-04-08,17000.0,0.0,0.0,1.0,17000.0,17000.0,17000.0,17000.0
Jharkhand,Deogarh,Madhupur,Assam C.T.C. Dust,Beverages,0.05,16000,17000,17000,2011-04-09,17000.0,0.0,0.0,2.0,17000.0,17000.0,17000.0,17000.0
Jharkhand,Deogarh,Madhupur,Assam C.T.C. Dust,Beverages,0.3,16000,17000,17000,2011-04-11,17000.0,0.0,0.0,2.0,17000.0,17000.0,17000.0,17000.0
Jharkhand,Deogarh,Madhupur,Assam C.T.C. Dust,Beverages,0.02,16000,17000,17000,2011-04-13,17000.0,0.0,0.0,1.0,17000.0,17000.0,17000.0,17000.0
Jharkhand,Deogarh,Madhupur,Assam C.T.C. Dust,Beverages,0.02,16000,17000,17000,2011-04-14,17000.0,0.0,0.0,1.0,17000.0,17000.0,17000.0,17000.0
Jharkhand,Deogarh,Madhupur,Assam C.T.C. Dust,Beverages,0.03,16000,17000,17000,2011-04-15,17000.0,0.0,0.0,3.0,17000.0,17000.0,17000.0,17000.0
Jharkhand,Deogarh,Madhupur,Assam C.T.C. Dust,Beverages,0.02,16000,17000,17000,2011-04-18,17000.0,0.0,0.0,2.0,17000.0,17000.0,17000.0,17000.0
Jharkhand,Deogarh,Madhupur,Assam C.T.C. Dust,Beverages,0.02,16000,17000,17000,2011-04-20,17000.0,0.0,0.0,5.0,17000.0,17000.0,17000.0,17000.0
Jharkhand,Deogarh,Madhupur,Assam C.T.C. Dust,Beverages,0.02,16000,17000,17000,2011-04-25,17000.0,0.0,0.0,1.0,17000.0,17000.0,17000.0,17000.0
Jharkhand,Deogarh,Madhupur,Assam C.T.C. Dust,Beverages,0.03,16000,17000,17000,2011-04-26,17000.0,0.0,0.0,1.0,17000.0,17000.0,17000.0,17000.0
Jharkhand,Deogarh,Madhupur,Assam C.T.C. Dust,Beverages,0.02,16000,17000,17000,2011-04-27,17000.0,0.0,0.0,1.0,17000.0,17000.0,17000.0,17000.0
Jharkhand,Deogarh,Madhupur,Assam C.T.C. Dust,Beverages,0.2,16000,17000,17000,2011-04-28,17000.0,0.0,0.0,1.0,17000.0,17000.0,17000.0,17000.0
Jharkhand,Deogarh,Madhupur,Assam C.T.C. Dust,Beverages,0.03,16000,17000,17000,2011-04-29,17000.0,0.0,0.0,3.0,17000.0,17000.0,17000.0,17000.0
Jharkhand,Deogarh,Madhupur,Assam C.T.C. Dust,Beverages,0.05,16000,17000,17000,2011-05-02,17000.0,0.0,0.0,1.0,17000.0,17000.0,17000.0,17000.0
Jharkhand,Deogarh,Madhupur,Assam C.T.C. Dust,Beverages,0.02,16000,17000,17000,2011-05-03,17000.0,0.0,0.0,1.0,17000.0,17000.0,17000.0,17000.0
Jharkhand,Deogarh,Madhupur,Assam C.T.C. Dust,Beverages,0.03,16000,17000,17000,2011-05-04,17000.0,0.0,0.0,1.0,17000.0,17000.0,17000.0,17000.0
Jharkhand,Deogarh,Madhupur,Assam C.T.C. Dust,Beverages,0.02,16000,17000,17000,2011-05-05,17000.0,0.0,0.0,1.0,17000.0,17000.0,17000.0,17000.0
Jharkhand,Deogarh,Madhupur,Assam C.T.C. Dust,Beverages,0.04,16000,17000,17000,2011-05-06,16000.0,-0.0588235294117647,-0.0606246218164348,1.0,17000.0,17000.0,17000.0,17000.0
Jharkhand,Deogarh,Madhupur,Assam C.T.C. Dust,Beverages,0.01,16000,17000,16000,2011-05-07,17000.0,0.0625,0.0606246218164348,2.0,17000.0,17000.0,17000.0,17000.0
Jharkhand,Deogarh,Madhupur,Assam C.T.C. Dust,Beverages,0.02,16000,17000,17000,2011-05-09,17000.0,0.0,0.0,1.0,16000.0,17000.0,17000.0,17000.0
Jharkhand,Deogarh,Madhupur,Assam C.T.C. Dust,Beverages,0.02,16000,17000,17000,2011-05-10,17000.0,0.0,0.0,1.0,17000.0,17000.0,17000.0,17000.0
Jharkhand,Deogarh,Madhupur,Assam C.T.C. Dust,Beverages,0.06,16000,17000,17000,2011-05-11,17000.0,0.0,0.0,2.0,17000.0,17000.0,17000.0,17000.0
Jharkhand,Deogarh,Madhupur,Assam C.T.C. Dust,Beverages,0.05,16000,17000,17000,2011-05-13,17000.0,0.0,0.0,1.0,17000.0,17000.0,17000.0,17000.0
Jharkhand,Deogarh,Madhupur,Assam C.T.C. Dust,Beverages,0.02,16000,17000,17000,2011-05-14,17000.0,0.0,0.0,2.0,17000.0,17000.0,17000.0,17000.0
Jharkhand,Deogarh,Madhupur,Assam C.T.C. Dust,Beverages,0.02,16000,17000,17000,2011-05-16,17000.0,0.0,0.0,3.0,17000.0,17000.0,17000.0,17000.0
Jharkhand,Deogarh,Madhupur,Assam C.T.C. Dust,Beverages,0.02,16000,17000,17000,2011-05-19,17000.0,0.0,0.0,2.0,17000.0,16000.0,17000.0,17000.0
Jharkhand,Deogarh,Madhupur,Assam C.T.C. Dust,Beverages,0.02,16000,17000,17000,2011-05-21,17000.0,0.0,0.0,3.0,17000.0,17000.0,17000.0,17000.0
Jharkhand,Deogarh,Madhupur,Assam C.T.C. Dust,Beverages,0.05,16000,17000,17000,2011-05-24,17000.0,0.0,0.0,1.0,17000.0,17000.0,17000.0,17000.0
Jharkhand,Deogarh,Madhupur,Assam C.T.C. Dust,Beverages,0.02,16000,17000,17000,2011-05-25,17000.0,0.0,0.0,1.0,17000.0,17000.0,17000.0,17000.0
Jharkhand,Deogarh,Madhupur,Assam C.T.C. Dust,Beverages,0.02,16000,17000,17000,2011-05-26,17000.0,0.0,0.0,1.0,17000.0,17000.0,17000.0,17000.0
Jharkhand,Deogarh,Madhupur,Assam C.T.C. Dust,Beverages,0.05,16000,17000,17000,2011-05-27,17000.0,0.0,0.0,3.0,17000.0,17000.0,17000.0,17000.0
Jharkhand,Deogarh,Madhupur,Assam C.T.C. Dust,Beverages,0.01,16000,17000,17000,2011-05-30,17000.0,0.0,0.0,1.0,17000.0,17000.0,17000.0,17000.0
Jharkhand,Deogarh,Madhupur,Assam C.T.C. Dust,Beverages,0.02,16000,17000,17000,2011-05-31,17000.0,0.0,0.0,1.0,17000.0,17000.0,16000.0,17000.0
Jharkhand,Deogarh,Madhupur,Assam C.T.C. Dust,Beverages,0.2,16000,17000,17000,2011-06-01,17000.0,0.0,0.0,2.0,17000.0,17000.0,17000.0,17000.0
Jharkhand,Deogarh,Madhupur,Assam C.T.C. Dust,Beverages,0.01,16000,17000,17000,2011-06-03,17000.0,0.0,0.0,1.0,17000.0,17000.0,17000.0,17000.0
Jharkhand,Deogarh,Madhupur,Assam C.T.C. Dust,Beverages,0.02,16000,17000,17000,2011-06-04,17000.0,0.0,0.0,2.0,17000.0,17000.0,17000.0,17000.0
Jharkhand,Deogarh,Madhupur,Assam C.T.C. Dust,Beverages,0.03,16000,17000,17000,2011-06-06,17000.0,0.0,0.0,1.0,17000.0,17000.0,17000.0,17000.0
Jharkhand,Deogarh,Madhupur,Assam C.T.C. Dust,Beverages,0.02,16000,17000,17000,2011-06-07,17000.0,0.0,0.0,1.0,17000.0,17000.0,17000.0,17000.0
Jharkhand,Deogarh,Madhupur,Assam C.T.C. Dust,Beverages,0.02,16000,17000,17000,2011-06-08,17000.0,0.0,0.0,2.0,17000.0,17000.0,17000.0,17000.0
Jharkhand,Deogarh,Madhupur,Assam C.T.C. Dust,Beverages,0.01,16000,17000,17000,2011-06-10,17000.0,0.0,0.0,4.0,17000.0,17000.0,17000.0,17000.0
Jharkhand,Deogarh,Madhupur,Assam C.T.C. Dust,Beverages,0.02,16000,17000,17000,2011-06-14,17000.0,0.0,0.0,1.0,17000.0,17000.0,17000.0,17000.0
Jharkhand,Deogarh,Madhupur,Assam C.T.C. Dust,Beverages,0.02,16000,17000,17000,2011-06-15,17000.0,0.0,0.0,3.0,17000.0,17000.0,17000.0,17000.0
Jharkhand,Deogarh,Madhupur,Assam C.T.C. Dust,Beverages,0.01,16000,17000,17000,2011-06-18,17000.0,0.0,0.0,2.0,17000.0,17000.0,17000.0,17000.0
Jharkhand,Deogarh,Madhupur,Assam C.T.C. Dust,Beverages,0.02,16000,17000,17000,2011-06-20,17000.0,0.0,0.0,1.0,17000.0,17000.0,17000.0,17000.0
Jharkhand,Deogarh,Madhupur,Assam C.T.C. Dust,Beverages,0.05,16000,17000,17000,2011-06-21,17000.0,0.0,0.0,2.0,17000.0,17000.0,17000.0,17000.0
Jharkhand,Deogarh,Madhupur,Assam C.T.C. Dust,Beverages,0.2,16000,17000,17000,2011-06-23,17000.0,0.0,0.0,2.0,17000.0,17000.0,17000.0,17000.0
Jharkhand,Deogarh,Madhupur,Assam C.T.C. Dust,Beverages,0.02,16000,17000,17000,2011-06-25,17000.0,0.0,0.0,2.0,17000.0,17000.0,17000.0,17000.0
Jharkhand,Deogarh,Madhupur,Assam C.T.C. Dust,Beverages,0.02,16000,17000,17000,2011-06-27,17000.0,0.0,0.0,4.0,17000.0,17000.0,17000.0,17000.0
Jharkhand,Deogarh,Madhupur,Assam C.T.C. Dust,Beverages,0.02,16000,17000,17000,2011-07-01,17000.0,0.0,0.0,3.0,17000.0,17000.0,17000.0,16000.0
Jharkhand,Deogarh,Madhupur,Assam C.T.C. Dust,Beverages,0.01,16000,17000,17000,2011-07-04,17000.0,0.0,0.0,2.0,17000.0,17000.0,17000.0,17000.0
Jharkhand,Deogarh,Madhupur,Assam C.T.C. Dust,Beverages,0.02,16000,17000,17000,2011-07-06,17000.0,0.0,0.0,3.0,17000.0,17000.0,17000.0,17000.0
Jharkhand,Deogarh,Madhupur,Assam C.T.C. Dust,Beverages,0.02,16000,17000,17000,2011-07-09,17000.0,0.0,0.0,2.0,17000.0,17000.0,17000.0,17000.0
Jharkhand,Deogarh,Madhupur,Assam C.T.C. Dust,Beverages,0.01,16000,17000,17000,2011-07-11,17000.0,0.0,0.0,1.0,17000.0,17000.0,17000.0,17000.0
Jharkhand,Deogarh,Madhupur,Assam C.T.C. Dust,Beverages,0.05,16000,17000,17000,2011-07-12,17000.0,0.0,0.0,4.0,17000.0,17000.0,17000.0,17000.0
Jharkhand,Deogarh,Madhupur,Assam C.T.C. Dust,Beverages,0.01,16000,17000,17000,2011-07-16,17000.0,0.0,0.0,4.0,17000.0,17000.0,17000.0,17000.0
Jharkhand,Deogarh,Madhupur,Assam C.T.C. Dust,Beverages,0.05,16000,17000,17000,2011-07-20,17000.0,0.0,0.0,1.0,17000.0,17000.0,17000.0,17000.0
Jharkhand,Deogarh,Madhupur,Assam C.T.C. Dust,Beverages,0.03,16000,17000,17000,2011-07-21,17000.0,0.0,0.0,1.0,17000.0,17000.0,17000.0,17000.0
Jharkhand,Deogarh,Madhupur,Assam C.T.C. Dust,Beverages,0.01,16000,17000,17000,2011-07-22,17000.0,0.0,0.0,1.0,17000.0,17000.0,17000.0,17000.0
Jharkhand,Deogarh,Madhupur,Assam C.T.C. Dust,Beverages,0.01,16000,17000,17000,2011-07-23,17000.0,0.0,0.0,2.0,17000.0,17000.0,17000.0,17000.0
Jharkhand,Deogarh,Madhupur,Assam C.T.C. Dust,Beverages,0.01,16000,17000,17000,2011-07-25,17000.0,0.0,0.0,1.0,17000.0,17000.0,17000.0,17000.0
Jharkhand,Deogarh,Madhupur,Assam C.T.C. Dust,Beverages,0.02,16000,17000,17000,2011-07-26,17000.0,0.0,0.0,1.0,17000.0,17000.0,17000.0,17000.0
Jharkhand,Deogarh,Madhupur,Assam C.T.C. Dust,Beverages,0.01,16000,17000,17000,2011-07-27,17000.0,0.0,0.0,3.0,17000.0,17000.0,17000.0,17000.0
Jharkhand,Deogarh,Madhupur,Assam C.T.C. Dust,Beverages,0.02,16000,17000,17000,2011-07-30,17000.0,0.0,0.0,2.0,17000.0,17000.0,17000.0,17000.0
Jharkhand,Deogarh,Madhupur,Assam C.T.C. Dust,Beverages,0.02,16000,17000,17000,2011-08-01,17000.0,0.0,0.0,1.0,17000.0,17000.0,17000.0,17000.0
Jharkhand,Deogarh,Madhupur,Assam C.T.C. Dust,Beverages,0.01,16000,17000,17000,2011-08-02,17000.0,0.0,0.0,2.0,17000.0,17000.0,17000.0,17000.0
Jharkhand,Deogarh,Madhupur,Assam C.T.C. Dust,Beverages,0.02,16000,17000,17000,2011-08-04,17000.0,0.0,0.0,2.0,17000.0,17000.0,17000.0,17000.0
Jharkhand,Deogarh,Madhupur,Assam C.T.C. Dust,Beverages,0.02,16000,17000,17000,2011-08-06,17000.0,0.0,0.0,2.0,17000.0,17000.0,17000.0,17000.0
Jharkhand,Deogarh,Madhupur,Assam C.T.C. Dust,Beverages,0.1,16000,17000,17000,2011-08-08,17000.0,0.0,0.0,2.0,17000.0,17000.0,17000.0,17000.0
Jharkhand,Deogarh,Madhupur,Assam C.T.C. Dust,Beverages,0.02,16000,17000,17000,2011-08-10,17000.0,0.0,0.0,2.0,17000.0,17000.0,17000.0,17000.0
Jharkhand,Deogarh,Madhupur,Assam C.T.C. Dust,Beverages,0.03,16000,17000,17000,2011-08-12,17000.0,0.0,0.0,4.0,17000.0,17000.0,17000.0,17000.0
Jharkhand,Deogarh,Madhupur,Assam C.T.C. Dust,Beverages,0.02,16000,17000,17000,2011-08-16,17000.0,0.0,0.0,1.0,17000.0,17000.0,17000.0,17000.0
Jharkhand,Deogarh,Madhupur,Assam C.T.C. Dust,Beverages,0.02,16000,17000,17000,2011-08-17,17000.0,0.0,0.0,1.0,17000.0,17000.0,17000.0,17000.0
Jharkhand,Deogarh,Madhupur,Assam C.T.C. Dust,Beverages,0.02,16000,17000,17000,2011-08-18,17000.0,0.0,0.0,2.0,17000.0,17000.0,17000.0,17000.0
Jharkhand,Deogarh,Madhupur,Assam C.T.C. Dust,Beverages,0.02,16000,17000,17000,2011-08-20,17000.0,0.0,0.0,5.0,17000.0,17000.0,17000.0,17000.0
Jharkhand,Deogarh,Madhupur,Assam C.T.C. Dust,Beverages,0.02,16000,17000,17000,2011-08-25,17000.0,0.0,0.0,1.0,17000.0,17000.0,17000.0,17000.0
Jharkhand,Deogarh,Madhupur,Assam C.T.C. Dust,Beverages,0.02,16000,17000,17000,2011-08-26,17000.0,0.0,0.0,4.0,17000.0,17000.0,17000.0,17000.0
Jharkhand,Deogarh,Madhupur,Assam C.T.C. Dust,Beverages,0.02,16000,17000,17000,2011-08-30,17000.0,0.0,0.0,3.0,17000.0,17000.0,17000.0,17000.0
Jharkhand,Deogarh,Madhupur,Assam C.T.C. Dust,Beverages,0.02,16000,17000,17000,2011-09-02,17000.0,0.0,0.0,4.0,17000.0,17000.0,17000.0,17000.0
Jharkhand,Deogarh,Madhupur,Assam C.T.C. Dust,Beverages,0.02,16000,17000,17000,2011-09-06,17000.0,0.0,0.0,1.0,17000.0,17000.0,17000.0,17000.0
Jharkhand,Deogarh,Madhupur,Assam C.T.C. Dust,Beverages,0.02,16000,17000,17000,2011-09-07,17000.0,0.0,0.0,2.0,17000.0,17000.0,17000.0,17000.0
Jharkhand,Deogarh,Madhupur,Assam C.T.C. Dust,Beverages,0.05,16000,17000,17000,2011-09-09,16000.0,-0.0588235294117647,-0.0606246218164348,6.0,17000.0,17000.0,17000.0,17000.0
Jharkhand,Deogarh,Madhupur,Assam C.T.C. Dust,Beverages,0.02,15000,16000,16000,2011-09-15,17000.0,0.0625,0.0606246218164348,2.0,17000.0,17000.0,17000.0,17000.0
Jharkhand,Deogarh,Madhupur,Assam C.T.C. Dust,Beverages,0.02,16000,17000,17000,2011-09-17,17000.0,0.0,0.0,2.0,16000.0,17000.0,17000.0,17000.0
Jharkhand,Deogarh,Madhupur,Assam C.T.C. Dust,Beverages,0.02,16000,17000,17000,2011-09-19,17000.0,0.0,0.0,3.0,17000.0,17000.0,17000.0,17000.0
Jharkhand,Deogarh,Madhupur,Assam C.T.C. Dust,Beverages,0.02,16000,17000,17000,2011-09-22,17000.0,0.0,0.0,1.0,17000.0,17000.0,17000.0,17000.0
Jharkhand,Deogarh,Madhupur,Assam C.T.C. Dust,Beverages,0.01,16000,17000,17000,2011-09-23,17000.0,0.0,0.0,3.0,17000.0,17000.0,17000.0,17000.0
Jharkhand,Deogarh,Madhupur,Assam C.T.C. Dust,Beverages,0.01,16000,17000,17000,2011-09-26,17000.0,0.0,0.0,1.0,17000.0,17000.0,17000.0,17000.0
Jharkhand,Deogarh,Madhupur,Assam C.T.C. Dust,Beverages,0.02,16000,17000,17000,2011-09-27,17000.0,0.0,0.0,4.0,17000.0,17000.0,17000.0,17000.0
Jharkhand,Deogarh,Madhupur,Assam C.T.C. Dust,Beverages,0.02,16000,17000,17000,2011-10-01,17000.0,0.0,0.0,6.0,17000.0,16000.0,17000.0,17000.0
Jharkhand,Deogarh,Madhupur,Assam C.T.C. Dust,Beverages,0.02,16000,17000,17000,2011-10-07,17000.0,0.0,0.0,1.0,17000.0,17000.0,17000.0,17000.0
Jharkhand,Deogarh,Madhupur,Assam C.T.C. Dust,Beverages,0.02,16000,17000,17000,2011-10-08,17000.0,0.0,0.0,2.0,17000.0,17000.0,17000.0,17000.0
Jharkhand,Deogarh,Madhupur,Assam C.T.C. Dust,Beverages,0.02,16000,17000,17000,2011-11-03,17000.0,0.0,0.0,2.0,17000.0,17000.0,17000.0,17000.0
Jharkhand,Deogarh,Madhupur,Assam C.T.C. Dust,Beverages,0.05,16000,17000,17000,2011-11-05,17000.0,0.0,0.0,4.0,17000.0,17000.0,17000.0,17000.0
Jharkhand,Deogarh,Madhupur,Assam C.T.C. Dust,Beverages,0.05,16000,17000,17000,2011-11-09,17000.0,0.0,0.0,2.0,17000.0,17000.0,17000.0,17000.0
Jharkhand,Deogarh,Madhupur,Assam C.T.C. Dust,Beverages,0.02,16000,17000,17000,2011-11-11,17000.0,0.0,0.0,1.0,17000.0,17000.0,17000.0,17000.0
Jharkhand,Deogarh,Madhupur,Assam C.T.C. Dust,Beverages,0.05,16000,17000,17000,2011-11-12,17000.0,0.0,0.0,2.0,17000.0,17000.0,16000.0,17000.0
Jharkhand,Deogarh,Madhupur,Assam C.T.C. Dust,Beverages,0.05,16000,17000,17000,2011-11-14,17000.0,0.0,0.0,2.0,17000.0,17000.0,17000.0,17000.0
Jharkhand,Deogarh,Madhupur,Assam C.T.C. Dust,Beverages,0.02,16000,17000,17000,2011-11-16,17000.0,0.0,0.0,1.0,17000.0,17000.0,17000.0,17000.0
Jharkhand,Deogarh,Madhupur,Assam C.T.C. Dust,Beverages,0.02,16000,17000,17000,2011-11-17,17000.0,0.0,0.0,1.0,17000.0,17000.0,17000.0,17000.0
Jharkhand,Deogarh,Madhupur,Assam C.T.C. Dust,Beverages,0.02,16000,17000,17000,2011-11-18,17000.0,0.0,0.0,3.0,17000.0,17000.0,17000.0,17000.0
Jharkhand,Deogarh,Madhupur,Assam C.T.C. Dust,Beverages,0.05,16000,17000,17000,2011-11-21,17000.0,0.0,0.0,1.0,17000.0,17000.0,17000.0,17000.0
Jharkhand,Deogarh,Madhupur,Assam C.T.C. Dust,Beverages,0.05,16000,17000,17000,2011-11-22,17000.0,0.0,0.0,2.0,17000.0,17000.0,17000.0,17000.0
Jharkhand,Deogarh,Madhupur,Assam C.T.C. Dust,Beverages,0.05,16000,17000,17000,2011-11-24,16000.0,-0.0588235294117647,-0.0606246218164348,6.0,17000.0,17000.0,17000.0,17000.0
Jharkhand,Deogarh,Madhupur,Assam C.T.C. Dust,Beverages,0.02,16000,17000,16000,2011-11-30,16500.0,0.03125,0.0307716586667536,1.0,17000.0,17000.0,17000.0,17000.0
Jharkhand,Deogarh,Madhupur,Assam C.T.C. Dust,Beverages,0.05,16000,17000,16500,2011-12-01,17000.0,0.0303030303030303,0.0298529631496811,2.0,16000.0,17000.0,17000.0,17000.0
Jharkhand,Deogarh,Madhupur,Assam C.T.C. Dust,Beverages,0.02,16000,17000,17000,2011-12-03,17000.0,0.0,0.0,2.0,16500.0,17000.0,17000.0,17000.0
Jharkhand,Deogarh,Madhupur,Assam C.T.C. Dust,Beverages,0.02,16000,17000,17000,2011-12-05,17000.0,0.0,0.0,2.0,17000.0,17000.0,17000.0,17000.0
Jharkhand,Deogarh,Madhupur,Assam C.T.C. Dust,Beverages,0.02,16000,17000,17000,2011-12-07,17000.0,0.0,0.0,2.0,17000.0,17000.0,17000.0,17000.0
Jharkhand,Deogarh,Madhupur,Assam C.T.C. Dust,Beverages,0.02,16000,17000,17000,2011-12-09,17000.0,0.0,0.0,3.0,17000.0,17000.0,17000.0,17000.0
Jharkhand,Deogarh,Madhupur,Assam C.T.C. Dust,Beverages,0.05,16000,17000,17000,2011-12-12,17000.0,0.0,0.0,1.0,17000.0,17000.0,17000.0,17000.0
Jharkhand,Deogarh,Madhupur,Assam C.T.C. Dust,Beverages,0.1,16000,17000,17000,2011-12-13,17000.0,0.0,0.0,1.0,17000.0,16000.0,17000.0,17000.0
Jharkhand,Deogarh,Madhupur,Assam C.T.C. Dust,Beverages,0.02,16000,17000,17000,2011-12-14,17000.0,0.0,0.0,2.0,17000.0,16500.0,17000.0,16000.0
Jharkhand,Deogarh,Madhupur,Assam C.T.C. Dust,Beverages,0.01,16000,17000,17000,2011-12-16,17000.0,0.0,0.0,1.0,17000.0,17000.0,17000.0,17000.0
Jharkhand,Deogarh,Madhupur,Assam C.T.C. Dust,Beverages,0.03,16000,17000,17000,2011-12-17,17000.0,0.0,0.0,3.0,17000.0,17000.0,17000.0,17000.0
Jharkhand,Deogarh,Madhupur,Assam C.T.C. Dust,Beverages,0.02,16000,17000,17000,2011-12-20,17000.0,0.0,0.0,1.0,17000.0,17000.0,17000.0,17000.0
Jharkhand,Deogarh,Madhupur,Assam C.T.C. Dust,Beverages,0.02,16000,17000,17000,2011-12-21,17000.0,0.0,0.0,1.0,17000.0,17000.0,17000.0,17000.0
Jharkhand,Deogarh,Madhupur,Assam C.T.C. Dust,Beverages,0.02,16000,17000,17000,2011-12-22,17000.0,0.0,0.0,4.0,17000.0,17000.0,17000.0,17000.0
Jharkhand,Deogarh,Madhupur,Assam C.T.C. Dust,Beverages,0.03,16000,17000,17000,2011-12-26,17000.0,0.0,0.0,1.0,17000.0,17000.0,16000.0,17000.0
Jharkhand,Deogarh,Madhupur,Assam C.T.C. Dust,Beverages,0.02,16000,17000,17000,2011-12-27,17000.0,0.0,0.0,1.0,17000.0,17000.0,16500.0,17000.0
Jharkhand,Deogarh,Madhupur,Assam C.T.C. Dust,Beverages,0.02,16000,17000,17000,2011-12-28,17000.0,0.0,0.0,1.0,17000.0,17000.0,17000.0,17000.0
Jharkhand,Deogarh,Madhupur,Assam C.T.C. Dust,Beverages,0.02,16000,17000,17000,2011-12-29,17000.0,0.0,0.0,4.0,17000.0,17000.0,17000.0,17000.0
Jharkhand,Deogarh,Madhupur,Assam C.T.C. Dust,Beverages,0.01,16000,17000,17000,2012-01-02,17000.0,0.0,0.0,1.0,17000.0,17000.0,17000.0,17000.0
Jharkhand,Deogarh,Madhupur,Assam C.T.C. Dust,Beverages,0.01,16000,17000,17000,2012-01-03,17000.0,0.0,0.0,1.0,17000.0,17000.0,17000.0,17000.0
Jharkhand,Deogarh,Madhupur,Assam C.T.C. Dust,Beverages,0.02,16000,17000,17000,2012-01-04,17000.0,0.0,0.0,1.0,17000.0,17000.0,17000.0,17000.0
Jharkhand,Deogarh,Madhupur,Assam C.T.C. Dust,Beverages,0.02,16000,17000,17000,2012-01-05,17000.0,0.0,0.0,1.0,17000.0,17000.0,17000.0,17000.0
Jharkhand,Deogarh,Madhupur,Assam C.T.C. Dust,Beverages,0.02,16000,17000,17000,2012-01-06,17000.0,0.0,0.0,1.0,17000.0,17000.0,17000.0,17000.0
Jharkhand,Deogarh,Madhupur,Assam C.T.C. Dust,Beverages,0.02,16000,17000,17000,2012-01-07,17000.0,0.0,0.0,2.0,17000.0,17000.0,17000.0,17000.0
Jharkhand,Deogarh,Madhupur,Assam C.T.C. Dust,Beverages,0.02,16000,17000,17000,2012-01-17,17000.0,0.0,0.0,1.0,17000.0,17000.0,17000.0,17000.0
Jharkhand,Deogarh,Madhupur,Assam C.T.C. Dust,Beverages,0.02,16000,17000,17000,2012-01-18,17000.0,0.0,0.0,1.0,17000.0,17000.0,17000.0,17000.0
Jharkhand,Deogarh,Madhupur,Assam C.T.C. Dust,Beverages,0.02,16000,17000,17000,2012-01-19,17000.0,0.0,0.0,2.0,17000.0,17000.0,17000.0,17000.0
Jharkhand,Deogarh,Madhupur,Assam C.T.C. Dust,Beverages,0.1,16000,17000,17000,2012-01-21,17000.0,0.0,0.0,3.0,17000.0,17000.0,17000.0,17000.0
Jharkhand,Deogarh,Madhupur,Assam C.T.C. Dust,Beverages,0.02,16000,17000,17000,2012-01-24,17000.0,0.0,0.0,3.0,17000.0,17000.0,17000.0,17000.0
Jharkhand,Deogarh,Madhupur,Assam C.T.C. Dust,Beverages,0.05,16000,17000,17000,2012-01-27,17000.0,0.0,0.0,4.0,17000.0,17000.0,17000.0,17000.0
Jharkhand,Deogarh,Madhupur,Assam C.T.C. Dust,Beverages,0.02,16000,17000,17000,2012-01-31,17000.0,0.0,0.0,1.0,17000.0,17000.0,17000.0,16000.0
Jharkhand,Deogarh,Madhupur,Assam C.T.C. Dust,Beverages,0.05,16000,17000,17000,2012-02-01,17000.0,0.0,0.0,1.0,17000.0,17000.0,17000.0,16500.0
Jharkhand,Deogarh,Madhupur,Assam C.T.C. Dust,Beverages,0.02,16000,17000,17000,2012-02-02,17000.0,0.0,0.0,1.0,17000.0,17000.0,17000.0,17000.0
Jharkhand,Deogarh,Madhupur,Assam C.T.C. Dust,Beverages,0.02,16000,17000,17000,2012-02-03,17000.0,0.0,0.0,3.0,17000.0,17000.0,17000.0,17000.0
Jharkhand,Deogarh,Madhupur,Assam C.T.C. Dust,Beverages,0.02,16000,17000,17000,2012-02-06,17000.0,0.0,0.0,3.0,17000.0,17000.0,17000.0,17000.0
Jharkhand,Deogarh,Madhupur,Assam C.T.C. Dust,Beverages,0.1,16000,17000,17000,2012-02-09,17000.0,0.0,0.0,1.0,17000.0,17000.0,17000.0,17000.0
Jharkhand,Deogarh,Madhupur,Assam C.T.C. Dust,Beverages,0.02,16000,17000,17000,2012-02-10,17000.0,0.0,0.0,1.0,17000.0,17000.0,17000.0,17000.0
Jharkhand,Deogarh,Madhupur,Assam C.T.C. Dust,Beverages,0.02,16000,17000,17000,2012-02-11,17000.0,0.0,0.0,2.0,17000.0,17000.0,17000.0,17000.0
Jharkhand,Deogarh,Madhupur,Assam C.T.C. Dust,Beverages,0.05,16500,17500,17000,2012-03-03,17000.0,0.0,0.0,2.0,17000.0,17000.0,17000.0,17000.0
Jharkhand,Deogarh,Madhupur,Assam C.T.C. Dust,Beverages,0.05,16500,17500,17000,2012-03-05,17000.0,0.0,0.0,2.0,17000.0,17000.0,17000.0,17000.0
Jharkhand,Deogarh,Madhupur,Assam C.T.C. Dust,Beverages,0.02,16500,17500,17000,2012-03-07,17000.0,0.0,0.0,3.0,17000.0,17000.0,17000.0,17000.0
Jharkhand,Deogarh,Madhupur,Assam C.T.C. Dust,Beverages,0.05,16500,17500,17000,2012-03-10,17000.0,0.0,0.0,2.0,17000.0,17000.0,17000.0,17000.0
Jharkhand,Deogarh,Madhupur,Assam C.T.C. Dust,Beverages,0.05,16000,17000,17000,2012-03-12,17000.0,0.0,0.0,2.0,17000.0,17000.0,17000.0,17000.0
Jharkhand,Deogarh,Madhupur,Assam C.T.C. Dust,Beverages,0.02,16500,17500,17000,2012-03-14,17000.0,0.0,0.0,5.0,17000.0,17000.0,17000.0,17000.0
Jharkhand,Deogarh,Madhupur,Assam C.T.C. Dust,Beverages,0.02,16000,17000,17000,2012-03-19,17000.0,0.0,0.0,5.0,17000.0,17000.0,17000.0,17000.0
Jharkhand,Deogarh,Madhupur,Assam C.T.C. Dust,Beverages,0.02,16000,17000,17000,2012-03-24,17000.0,0.0,0.0,2.0,17000.0,17000.0,17000.0,17000.0
Jharkhand,Deogarh,Madhupur,Assam C.T.C. Dust,Beverages,0.02,16000,17000,17000,2012-03-26,17000.0,0.0,0.0,2.0,17000.0,17000.0,17000.0,17000.0
Jharkhand,Deogarh,Madhupur,Assam C.T.C. Dust,Beverages,0.02,16000,17000,17000,2012-03-28,17000.0,0.0,0.0,2.0,17000.0,17000.0,17000.0,17000.0
Jharkhand,Deogarh,Madhupur,Assam C.T.C. Dust,Beverages,0.02,16000,17000,17000,2012-04-07,17000.0,0.0,0.0,5.0,17000.0,17000.0,17000.0,17000.0
Jharkhand,Deogarh,Madhupur,Assam C.T.C. Dust,Beverages,0.05,16000,17000,17000,2012-04-12,17000.0,0.0,0.0,1.0,17000.0,17000.0,17000.0,17000.0
Jharkhand,Deogarh,Madhupur,Assam C.T.C. Dust,Beverages,0.02,16000,17000,17000,2012-04-13,17000.0,0.0,0.0,6.0,17000.0,17000.0,17000.0,17000.0
Jharkhand,Deogarh,Madhupur,Assam C.T.C. Dust,Beverages,0.05,16000,17000,17000,2012-04-19,17000.0,0.0,0.0,1.0,17000.0,17000.0,17000.0,17000.0
Jharkhand,Deogarh,Madhupur,Assam C.T.C. Dust,Beverages,0.02,16000,17000,17000,2012-04-20,17000.0,0.0,0.0,1.0,17000.0,17000.0,17000.0,17000.0
Jharkhand,Deogarh,Madhupur,Assam C.T.C. Dust,Beverages,0.05,16000,17000,17000,2012-04-21,17000.0,0.0,0.0,3.0,17000.0,17000.0,17000.0,17000.0
Jharkhand,Deogarh,Madhupur,Assam C.T.C. Dust,Beverages,0.02,16000,17000,17000,2012-04-24,17000.0,0.0,0.0,1.0,17000.0,17000.0,17000.0,17000.0
Jharkhand,Deogarh,Madhupur,Assam C.T.C. Dust,Beverages,0.05,16000,17000,17000,2012-04-25,17000.0,0.0,0.0,2.0,17000.0,17000.0,17000.0,17000.0
Jharkhand,Deogarh,Madhupur,Assam C.T.C. Dust,Beverages,0.02,16000,17000,17000,2012-04-27,17000.0,0.0,0.0,5.0,17000.0,17000.0,17000.0,17000.0
Jharkhand,Deogarh,Madhupur,Assam C.T.C. Dust,Beverages,0.02,16000,17000,17000,2012-05-02,17000.0,0.0,0.0,1.0,17000.0,17000.0,17000.0,17000.0
Jharkhand,Deogarh,Madhupur,Assam C.T.C. Dust,Beverages,0.1,16000,17000,17000,2012-05-03,17000.0,0.0,0.0,4.0,17000.0,17000.0,17000.0,17000.0
Jharkhand,Deogarh,Madhupur,Assam C.T.C. Dust,Beverages,0.05,16000,17000,17000,2012-05-07,17000.0,0.0,0.0,1.0,17000.0,17000.0,17000.0,17000.0
Jharkhand,Deogarh,Madhupur,Assam C.T.C. Dust,Beverages,0.02,16000,17000,17000,2012-05-08,17000.0,0.0,0.0,1.0,17000.0,17000.0,17000.0,17000.0
Jharkhand,Deogarh,Madhupur,Assam C.T.C. Dust,Beverages,0.05,16000,17000,17000,2012-05-09,17000.0,0.0,0.0,2.0,17000.0,17000.0,17000.0,17000.0
Jharkhand,Deogarh,Madhupur,Assam C.T.C. Dust,Beverages,0.05,16000,17000,17000,2012-05-11,17000.0,0.0,0.0,3.0,17000.0,17000.0,17000.0,17000.0
Jharkhand,Deogarh,Madhupur,Assam C.T.C. Dust,Beverages,0.05,16000,17000,17000,2012-05-14,17000.0,0.0,0.0,1.0,17000.0,17000.0,17000.0,17000.0
Jharkhand,Deogarh,Madhupur,Assam C.T.C. Dust,Beverages,0.02,16000,17000,17000,2012-05-15,17000.0,0.0,0.0,1.0,17000.0,17000.0,17000.0,17000.0
Jharkhand,Deogarh,Madhupur,Assam C.T.C. Dust,Beverages,0.03,16000,17000,17000,2012-05-16,17000.0,0.0,0.0,1.0,17000.0,17000.0,17000.0,17000.0
Jharkhand,Deogarh,Madhupur,Assam C.T.C. Dust,Beverages,0.03,16000,17000,17000,2012-05-17,17000.0,0.0,0.0,1.0,17000.0,17000.0,17000.0,17000.0
Jharkhand,Deogarh,Madhupur,Assam C.T.C. Dust,Beverages,0.05,16000,17000,17000,2012-05-18,19000.0,0.1176470588235294,0.1112256351102244,1.0,17000.0,17000.0,17000.0,17000.0
Jharkhand,Deogarh,Madhupur,Assam C.T.C. Dust,Beverages,0.02,18000,19000,19000,2012-05-19,17000.0,-0.1052631578947368,-0.1112256351102243,5.0,17000.0,17000.0,17000.0,17000.0
Jharkhand,Deogarh,Madhupur,Assam C.T.C. Dust,Beverages,0.1,16000,17000,17000,2012-05-24,17000.0,0.0,0.0,2.0,19000.0,17000.0,17000.0,17000.0
Jharkhand,Deogarh,Madhupur,Assam C.T.C. Dust,Beverages,0.1,16000,17000,17000,2012-05-26,17000.0,0.0,0.0,2.0,17000.0,17000.0,17000.0,17000.0
Jharkhand,Deogarh,Madhupur,Assam C.T.C. Dust,Beverages,0.05,16000,17000,17000,2012-05-28,17000.0,0.0,0.0,3.0,17000.0,17000.0,17000.0,17000.0
Jharkhand,Deogarh,Madhupur,Assam C.T.C. Dust,Beverages,0.02,16000,17000,17000,2012-05-31,17000.0,0.0,0.0,1.0,17000.0,17000.0,17000.0,17000.0
Jharkhand,Deogarh,Madhupur,Assam C.T.C. Dust,Beverages,0.05,16000,17000,17000,2012-06-01,17000.0,0.0,0.0,3.0,17000.0,17000.0,17000.0,17000.0
Jharkhand,Deogarh,Madhupur,Assam C.T.C. Dust,Beverages,0.02,16000,17000,17000,2012-06-04,17000.0,0.0,0.0,3.0,17000.0,17000.0,17000.0,17000.0
Jharkhand,Deogarh,Madhupur,Assam C.T.C. Dust,Beverages,0.05,16000,17000,17000,2012-06-07,17000.0,0.0,0.0,2.0,17000.0,19000.0,17000.0,17000.0
Jharkhand,Deogarh,Madhupur,Assam C.T.C. Dust,Beverages,0.1,16000,17000,17000,2012-06-09,17000.0,0.0,0.0,4.0,17000.0,17000.0,17000.0,17000.0
Jharkhand,Deogarh,Madhupur,Assam C.T.C. Dust,Beverages,0.05,16000,17000,17000,2012-06-13,17000.0,0.0,0.0,3.0,17000.0,17000.0,17000.0,17000.0
Jharkhand,Deogarh,Madhupur,Assam C.T.C. Dust,Beverages,0.05,16000,17000,17000,2012-06-25,19000.0,0.1176470588235294,0.1112256351102244,2.0,17000.0,17000.0,17000.0,17000.0
Jharkhand,Deogarh,Madhupur,Assam C.T.C. Dust,Beverages,0.05,18000,19000,19000,2012-06-27,19000.0,0.0,0.0,1.0,17000.0,17000.0,17000.0,17000.0
Jharkhand,Deogarh,Madhupur,Assam C.T.C. Dust,Beverages,0.05,18000,19000,19000,2012-06-28,19000.0,0.0,0.0,4.0,19000.0,17000.0,17000.0,17000.0
Jharkhand,Deogarh,Madhupur,Assam C.T.C. Dust,Beverages,0.05,18000,19000,19000,2012-07-02,19000.0,0.0,0.0,4.0,19000.0,17000.0,17000.0,17000.0
Jharkhand,Deogarh,Madhupur,Assam C.T.C. Dust,Beverages,0.02,18000,19000,19000,2012-07-06,19000.0,0.0,0.0,1.0,19000.0,17000.0,19000.0,17000.0
Jharkhand,Deogarh,Madhupur,Assam C.T.C. Dust,Beverages,0.02,18000,19000,19000,2012-07-07,19000.0,0.0,0.0,3.0,19000.0,17000.0,17000.0,17000.0
Jharkhand,Deogarh,Madhupur,Assam C.T.C. Dust,Beverages,0.02,18000,19000,19000,2012-07-10,19000.0,0.0,0.0,1.0,19000.0,17000.0,17000.0,17000.0
Jharkhand,Deogarh,Madhupur,Assam C.T.C. Dust,Beverages,0.02,18000,19000,19000,2012-07-11,19000.0,0.0,0.0,1.0,19000.0,17000.0,17000.0,17000.0
Jharkhand,Deogarh,Madhupur,Assam C.T.C. Dust,Beverages,0.02,18000,19000,19000,2012-07-12,19000.0,0.0,0.0,1.0,19000.0,19000.0,17000.0,17000.0
Jharkhand,Deogarh,Madhupur,Assam C.T.C. Dust,Beverages,0.02,18000,19000,19000,2012-07-13,19000.0,0.0,0.0,3.0,19000.0,19000.0,17000.0,17000.0
Jharkhand,Deogarh,Madhupur,Assam C.T.C. Dust,Beverages,0.02,18000,19000,19000,2012-07-16,19000.0,0.0,0.0,1.0,19000.0,19000.0,17000.0,17000.0
Jharkhand,Deogarh,Madhupur,Assam C.T.C. Dust,Beverages,0.02,18000,19000,19000,2012-07-17,19000.0,0.0,0.0,2.0,19000.0,19000.0,17000.0,17000.0
Jharkhand,Deogarh,Madhupur,Assam C.T.C. Dust,Beverages,0.1,18000,19000,19000,2012-07-19,19000.0,0.0,0.0,1.0,19000.0,19000.0,17000.0,17000.0
Jharkhand,Deogarh,Madhupur,Assam C.T.C. Dust,Beverages,0.1,18000,19000,19000,2012-07-20,19000.0,0.0,0.0,4.0,19000.0,19000.0,17000.0,17000.0
Jharkhand,Deogarh,Madhupur,Assam C.T.C. Dust,Beverages,0.05,18000,19000,19000,2012-07-24,19000.0,0.0,0.0,2.0,19000.0,19000.0,17000.0,17000.0
Jharkhand,Deogarh,Madhupur,Assam C.T.C. Dust,Beverages,0.02,18000,19000,19000,2012-07-26,19000.0,0.0,0.0,2.0,19000.0,19000.0,19000.0,17000.0
Jharkhand,Deogarh,Madhupur,Assam C.T.C. Dust,Beverages,0.05,18000,19000,19000,2012-07-28,19000.0,0.0,0.0,2.0,19000.0,19000.0,19000.0,17000.0
Jharkhand,Deogarh,Madhupur,Assam C.T.C. Dust,Beverages,0.05,18000,19000,19000,2012-07-30,19000.0,0.0,0.0,3.0,19000.0,19000.0,19000.0,17000.0
Jharkhand,Deogarh,Madhupur,Assam C.T.C. Dust,Beverages,0.05,18000,19000,19000,2012-08-02,19000.0,0.0,0.0,5.0,19000.0,19000.0,19000.0,17000.0
Jharkhand,Deogarh,Madhupur,Assam C.T.C. Dust,Beverages,0.02,18000,19000,19000,2012-08-07,19000.0,0.0,0.0,1.0,19000.0,19000.0,19000.0,17000.0
Jharkhand,Deogarh,Madhupur,Assam C.T.C. Dust,Beverages,0.05,18000,19000,19000,2012-08-08,19000.0,0.0,0.0,3.0,19000.0,19000.0,19000.0,19000.0
Jharkhand,Deogarh,Madhupur,Assam C.T.C. Dust,Beverages,0.05,18000,19000,19000,2012-08-24,19000.0,0.0,0.0,3.0,19000.0,19000.0,19000.0,17000.0
Jharkhand,Deogarh,Madhupur,Assam C.T.C. Dust,Beverages,0.1,18000,19000,19000,2012-08-27,19000.0,0.0,0.0,3.0,19000.0,19000.0,19000.0,17000.0
Jharkhand,Deogarh,Madhupur,Assam C.T.C. Dust,Beverages,0.05,18000,19000,19000,2012-09-15,19000.0,0.0,0.0,2.0,19000.0,19000.0,19000.0,17000.0
Jharkhand,Deogarh,Madhupur,Assam C.T.C. Dust,Beverages,0.1,18000,19000,19000,2012-09-17,19000.0,0.0,0.0,7.0,19000.0,19000.0,19000.0,17000.0
Jharkhand,Deogarh,Madhupur,Assam C.T.C. Dust,Beverages,0.05,18000,19000,19000,2012-10-08,19000.0,0.0,0.0,1.0,19000.0,19000.0,19000.0,17000.0
Jharkhand,Deogarh,Madhupur,Assam C.T.C. Dust,Beverages,0.02,18000,19000,19000,2012-10-18,20000.0,0.0526315789473684,0.0512932943875504,1.0,19000.0,19000.0,19000.0,17000.0
Jharkhand,Deogarh,Madhupur,Assam C.T.C. Dust,Beverages,0.05,19000,20000,20000,2012-10-19,19000.0,-0.05,-0.0512932943875505,7.0,19000.0,19000.0,19000.0,17000.0
Jharkhand,Deogarh,Madhupur,Assam C.T.C. Dust,Beverages,0.02,18000,19000,19000,2012-10-26,19000.0,0.0,0.0,6.0,20000.0,19000.0,19000.0,17000.0
Jharkhand,Deogarh,Madhupur,Assam C.T.C. Dust,Beverages,0.02,18000,19000,19000,2012-11-23,19000.0,0.0,0.0,3.0,19000.0,19000.0,19000.0,17000.0
Jharkhand,Deogarh,Madhupur,Assam C.T.C. Dust,Beverages,0.02,18000,19000,19000,2012-11-26,19000.0,0.0,0.0,4.0,19000.0,19000.0,19000.0,17000.0
Jharkhand,Deogarh,Madhupur,Assam C.T.C. Dust,Beverages,0.05,18000,19000,19000,2012-11-30,19000.0,0.0,0.0,3.0,19000.0,19000.0,19000.0,19000.0
Jharkhand,Deogarh,Madhupur,Assam C.T.C. Dust,Beverages,0.05,18000,19000,19000,2012-12-03,19000.0,0.0,0.0,4.0,19000.0,19000.0,19000.0,19000.0
Jharkhand,Deogarh,Madhupur,Assam C.T.C. Dust,Beverages,0.1,18000,19000,19000,2012-12-07,19000.0,0.0,0.0,3.0,19000.0,19000.0,19000.0,19000.0
Jharkhand,Deogarh,Madhupur,Assam C.T.C. Dust,Beverages,0.1,18000,19000,19000,2012-12-10,19000.0,0.0,0.0,1.0,19000.0,20000.0,19000.0,19000.0
Jharkhand,Deogarh,Madhupur,Assam C.T.C. Dust,Beverages,0.05,18000,19000,19000,2012-12-11,19000.0,0.0,0.0,1.0,19000.0,19000.0,19000.0,19000.0
Jharkhand,Deogarh,Madhupur,Assam C.T.C. Dust,Beverages,0.1,18000,19000,19000,2012-12-24,19000.0,0.0,0.0,2.0,19000.0,19000.0,19000.0,19000.0
Jharkhand,Deogarh,Madhupur,Assam C.T.C. Dust,Beverages,0.05,17000,18000,18000,2013-01-08,18000.0,0.0,0.0,1.0,19000.0,19000.0,19000.0,19000.0
Jharkhand,Deogarh,Madhupur,Assam C.T.C. Dust,Beverages,0.1,17000,18000,18000,2013-01-09,18000.0,0.0,0.0,1.0,18000.0,19000.0,19000.0,19000.0
Jharkhand,Deogarh,Madhupur,Assam C.T.C. Dust,Beverages,0.05,17000,18000,18000,2013-01-10,18000.0,0.0,0.0,1.0,18000.0,19000.0,19000.0,19000.0
Jharkhand,Deogarh,Madhupur,Assam C.T.C. Dust,Beverages,0.1,17000,18000,18000,2013-01-11,18000.0,0.0,0.0,1.0,18000.0,19000.0,19000.0,19000.0
Jharkhand,Deogarh,Madhupur,Assam C.T.C. Dust,Beverages,0.05,17000,18000,18000,2013-01-12,18000.0,0.0,0.0,3.0,18000.0,19000.0,20000.0,19000.0
Jharkhand,Deogarh,Madhupur,Assam C.T.C. Dust,Beverages,0.1,17000,18000,18000,2013-01-15,18000.0,0.0,0.0,1.0,18000.0,19000.0,19000.0,19000.0
Jharkhand,Deogarh,Madhupur,Assam C.T.C. Dust,Beverages,0.1,17000,18000,18000,2013-01-16,18000.0,0.0,0.0,6.0,18000.0,19000.0,19000.0,19000.0
Jharkhand,Deogarh,Madhupur,Assam C.T.C. Dust,Beverages,0.05,17000,18000,18000,2013-01-22,18000.0,0.0,0.0,2.0,18000.0,18000.0,19000.0,19000.0
Jharkhand,Deogarh,Madhupur,Assam C.T.C. Dust,Beverages,0.1,17000,18000,18000,2013-01-24,18000.0,0.0,0.0,5.0,18000.0,18000.0,19000.0,19000.0
Jharkhand,Deogarh,Madhupur,Assam C.T.C. Dust,Beverages,0.1,17000,18000,18000,2013-01-29,18000.0,0.0,0.0,1.0,18000.0,18000.0,19000.0,19000.0
Jharkhand,Deogarh,Madhupur,Assam C.T.C. Dust,Beverages,0.1,17000,18000,18000,2013-01-30,18000.0,0.0,0.0,1.0,18000.0,18000.0,19000.0,19000.0
Jharkhand,Deogarh,Madhupur,Assam C.T.C. Dust,Beverages,0.1,17000,18000,18000,2013-01-31,18000.0,0.0,0.0,1.0,18000.0,18000.0,19000.0,19000.0
Jharkhand,Deogarh,Madhupur,Assam C.T.C. Dust,Beverages,0.05,17000,18000,18000,2013-02-01,18000.0,0.0,0.0,1.0,18000.0,18000.0,19000.0,19000.0
Jharkhand,Deogarh,Madhupur,Assam C.T.C. Dust,Beverages,0.05,17000,18000,18000,2013-02-02,18000.0,0.0,0.0,2.0,18000.0,18000.0,19000.0,19000.0
Jharkhand,Deogarh,Madhupur,Assam C.T.C. Dust,Beverages,0.05,17000,18000,18000,2013-02-04,18000.0,0.0,0.0,1.0,18000.0,18000.0,18000.0,19000.0
Jharkhand,Deogarh,Madhupur,Assam C.T.C. Dust,Beverages,0.1,17000,18000,18000,2013-02-05,18000.0,0.0,0.0,1.0,18000.0,18000.0,18000.0,19000.0
Jharkhand,Deogarh,Madhupur,Assam C.T.C. Dust,Beverages,0.1,17000,18000,18000,2013-02-06,18000.0,0.0,0.0,1.0,18000.0,18000.0,18000.0,19000.0
Jharkhand,Deogarh,Madhupur,Assam C.T.C. Dust,Beverages,0.05,17000,18000,18000,2013-02-07,18000.0,0.0,0.0,1.0,18000.0,18000.0,18000.0,19000.0
Jharkhand,Deogarh,Madhupur,Assam C.T.C. Dust,Beverages,0.1,17000,18000,18000,2013-02-08,18000.0,0.0,0.0,3.0,18000.0,18000.0,18000.0,19000.0
Jharkhand,Deogarh,Madhupur,Assam C.T.C. Dust,Beverages,0.05,17000,18000,18000,2013-02-11,18000.0,0.0,0.0,1.0,18000.0,18000.0,18000.0,19000.0
Jharkhand,Deogarh,Madhupur,Assam C.T.C. Dust,Beverages,0.1,17000,18000,18000,2013-02-12,18000.0,0.0,0.0,1.0,18000.0,18000.0,18000.0,20000.0
Jharkhand,Deogarh,Madhupur,Assam C.T.C. Dust,Beverages,1.0,17000,18000,18000,2013-02-13,18000.0,0.0,0.0,1.0,18000.0,18000.0,18000.0,19000.0
Jharkhand,Deogarh,Madhupur,Assam C.T.C. Dust,Beverages,0.02,17000,18000,18000,2013-02-14,18000.0,0.0,0.0,2.0,18000.0,18000.0,18000.0,19000.0
Jharkhand,Deogarh,Madhupur,Assam C.T.C. Dust,Beverages,0.1,17000,18000,18000,2013-02-16,18000.0,0.0,0.0,2.0,18000.0,18000.0,18000.0,19000.0
Jharkhand,Deogarh,Madhupur,Assam C.T.C. Dust,Beverages,0.05,17000,18000,18000,2013-02-18,18000.0,0.0,0.0,1.0,18000.0,18000.0,18000.0,19000.0
Jharkhand,Deogarh,Madhupur,Assam C.T.C. Dust,Beverages,0.1,17000,18000,18000,2013-02-19,18000.0,0.0,0.0,1.0,18000.0,18000.0,18000.0,19000.0
Jharkhand,Deogarh,Madhupur,Assam C.T.C. Dust,Beverages,0.02,17000,18000,18000,2013-02-20,20000.0,0.1111111111111111,0.1053605156578263,6.0,18000.0,18000.0,18000.0,19000.0
Jharkhand,Deogarh,Madhupur,Assam C.T.C. Dust,Beverages,0.02,19000,20000,20000,2013-02-26,18000.0,-0.1,-0.1053605156578262,1.0,18000.0,18000.0,18000.0,19000.0
Jharkhand,Deogarh,Madhupur,Assam C.T.C. Dust,Beverages,0.05,17000,18000,18000,2013-02-27,18000.0,0.0,0.0,1.0,20000.0,18000.0,18000.0,19000.0
Jharkhand,Deogarh,Madhupur,Assam C.T.C. Dust,Beverages,0.05,17000,18000,18000,2013-02-28,18000.0,0.0,0.0,2.0,18000.0,18000.0,18000.0,19000.0
Jharkhand,Deogarh,Madhupur,Assam C.T.C. Dust,Beverages,0.1,17000,18000,18000,2013-03-02,18000.0,0.0,0.0,2.0,18000.0,18000.0,18000.0,18000.0
Jharkhand,Deogarh,Madhupur,Assam C.T.C. Dust,Beverages,0.1,17000,18000,18000,2013-03-04,18000.0,0.0,0.0,1.0,18000.0,18000.0,18000.0,18000.0
Jharkhand,Deogarh,Madhupur,Assam C.T.C. Dust,Beverages,0.1,17000,18000,18000,2013-03-05,18000.0,0.0,0.0,1.0,18000.0,18000.0,18000.0,18000.0
Jharkhand,Deogarh,Madhupur,Assam C.T.C. Dust,Beverages,0.1,17000,18000,18000,2013-03-06,18000.0,0.0,0.0,2.0,18000.0,18000.0,18000.0,18000.0
Jharkhand,Deogarh,Madhupur,Assam C.T.C. Dust,Beverages,0.05,17000,18000,18000,2013-03-08,18000.0,0.0,0.0,3.0,18000.0,20000.0,18000.0,18000.0
Jharkhand,Deogarh,Madhupur,Assam C.T.C. Dust,Beverages,0.05,16000,17000,17000,2013-04-01,17000.0,0.0,0.0,1.0,18000.0,18000.0,18000.0,18000.0
Jharkhand,Deogarh,Madhupur,Assam C.T.C. Dust,Beverages,0.05,16000,17000,17000,2013-04-02,17000.0,0.0,0.0,1.0,17000.0,18000.0,18000.0,18000.0
Jharkhand,Deogarh,Madhupur,Assam C.T.C. Dust,Beverages,0.05,16000,17000,17000,2013-04-03,17000.0,0.0,0.0,1.0,17000.0,18000.0,18000.0,18000.0
Jharkhand,Deogarh,Madhupur,Assam C.T.C. Dust,Beverages,0.02,16000,17000,17000,2013-04-04,17000.0,0.0,0.0,1.0,17000.0,18000.0,18000.0,18000.0
Jharkhand,Deogarh,Madhupur,Assam C.T.C. Dust,Beverages,0.02,16000,17000,17000,2013-04-05,17000.0,0.0,0.0,1.0,17000.0,18000.0,18000.0,18000.0
Jharkhand,Deogarh,Madhupur,Assam C.T.C. Dust,Beverages,0.02,16000,17000,17000,2013-04-06,17000.0,0.0,0.0,3.0,17000.0,18000.0,18000.0,18000.0
Jharkhand,Deogarh,Madhupur,Assam C.T.C. Dust,Beverages,0.02,16000,17000,17000,2013-04-09,17000.0,0.0,0.0,1.0,17000.0,18000.0,20000.0,18000.0
Jharkhand,Deogarh,Madhupur,Assam C.T.C. Dust,Beverages,0.02,16000,17000,17000,2013-04-10,17000.0,0.0,0.0,1.0,17000.0,17000.0,18000.0,18000.0
Jharkhand,Deogarh,Madhupur,Assam C.T.C. Dust,Beverages,0.02,16000,17000,17000,2013-04-11,17000.0,0.0,0.0,1.0,17000.0,17000.0,18000.0,18000.0
Jharkhand,Deogarh,Madhupur,Assam C.T.C. Dust,Beverages,0.02,16000,17000,17000,2013-04-12,17000.0,0.0,0.0,3.0,17000.0,17000.0,18000.0,18000.0
Jharkhand,Deogarh,Madhupur,Assam C.T.C. Dust,Beverages,0.02,16000,17000,17000,2013-04-15,17000.0,0.0,0.0,1.0,17000.0,17000.0,18000.0,18000.0
Jharkhand,Deogarh,Madhupur,Assam C.T.C. Dust,Beverages,0.02,16000,17000,17000,2013-04-16,17000.0,0.0,0.0,6.0,17000.0,17000.0,18000.0,18000.0
Jharkhand,Deogarh,Madhupur,Assam C.T.C. Dust,Beverages,0.1,16000,17000,17000,2013-04-22,17000.0,0.0,0.0,3.0,17000.0,17000.0,18000.0,18000.0
Jharkhand,Deogarh,Madhupur,Assam C.T.C. Dust,Beverages,0.05,16000,17000,17000,2013-04-25,17000.0,0.0,0.0,6.0,17000.0,17000.0,18000.0,18000.0
Jharkhand,Deogarh,Madhupur,Assam C.T.C. Dust,Beverages,0.02,16000,17000,17000,2013-05-01,17000.0,0.0,0.0,5.0,17000.0,17000.0,17000.0,18000.0
Jharkhand,Deogarh,Madhupur,Assam C.T.C. Dust,Beverages,0.05,16000,17000,17000,2013-05-06,17000.0,0.0,0.0,1.0,17000.0,17000.0,17000.0,18000.0
Jharkhand,Deogarh,Madhupur,Assam C.T.C. Dust,Beverages,0.02,16000,17000,17000,2013-05-07,17000.0,0.0,0.0,1.0,17000.0,17000.0,17000.0,18000.0
Jharkhand,Deogarh,Madhupur,Assam C.T.C. Dust,Beverages,0.05,16000,17000,17000,2013-05-08,17000.0,0.0,0.0,1.0,17000.0,17000.0,17000.0,18000.0
Jharkhand,Deogarh,Madhupur,Assam C.T.C. Dust,Beverages,0.05,16000,17000,17000,2013-05-09,17000.0,0.0,0.0,4.0,17000.0,17000.0,17000.0,18000.0
Jharkhand,Deogarh,Madhupur,Assam C.T.C. Dust,Beverages,0.15,16000,17000,17000,2013-05-13,17000.0,0.0,0.0,1.0,17000.0,17000.0,17000.0,18000.0
Jharkhand,Deogarh,Madhupur,Assam C.T.C. Dust,Beverages,0.1,16000,17000,17000,2013-05-14,18000.0,0.0588235294117647,0.0571584138399486,1.0,17000.0,17000.0,17000.0,18000.0
Jharkhand,Deogarh,Madhupur,Assam C.T.C. Dust,Beverages,0.1,17000,18000,18000,2013-05-15,18000.0,0.0,0.0,1.0,17000.0,17000.0,17000.0,18000.0
Jharkhand,Deogarh,Madhupur,Assam C.T.C. Dust,Beverages,0.1,17000,18000,18000,2013-05-16,17000.0,-0.0555555555555555,-0.0571584138399486,2.0,18000.0,17000.0,17000.0,20000.0
Jharkhand,Deogarh,Madhupur,Assam C.T.C. Dust,Beverages,0.1,16000,17000,17000,2013-05-18,17000.0,0.0,0.0,6.0,18000.0,17000.0,17000.0,18000.0
Jharkhand,Deogarh,Madhupur,Assam C.T.C. Dust,Beverages,0.02,16000,17000,17000,2013-05-24,17000.0,0.0,0.0,3.0,17000.0,17000.0,17000.0,18000.0
Jharkhand,Deogarh,Madhupur,Assam C.T.C. Dust,Beverages,0.2,16000,17000,17000,2013-05-27,17000.0,0.0,0.0,1.0,17000.0,17000.0,17000.0,18000.0
Jharkhand,Deogarh,Madhupur,Assam C.T.C. Dust,Beverages,0.1,16000,17000,17000,2013-05-28,17000.0,0.0,0.0,2.0,17000.0,17000.0,17000.0,18000.0
Jharkhand,Deogarh,Madhupur,Assam C.T.C. Dust,Beverages,0.1,16000,17000,17000,2013-05-30,17000.0,0.0,0.0,1.0,17000.0,17000.0,17000.0,18000.0
Jharkhand,Deogarh,Madhupur,Assam C.T.C. Dust,Beverages,0.1,16000,17000,17000,2013-05-31,17000.0,0.0,0.0,3.0,17000.0,18000.0,17000.0,18000.0
Jharkhand,Deogarh,Madhupur,Assam C.T.C. Dust,Beverages,0.1,16000,17000,17000,2013-06-03,17000.0,0.0,0.0,2.0,17000.0,18000.0,17000.0,18000.0
Jharkhand,Deogarh,Madhupur,Assam C.T.C. Dust,Beverages,0.1,16000,17000,17000,2013-06-05,17000.0,0.0,0.0,2.0,17000.0,17000.0,17000.0,17000.0
Jharkhand,Deogarh,Madhupur,Assam C.T.C. Dust,Beverages,0.3,17000,18000,17200,2014-10-04,16500.0,-0.0406976744186046,-0.0415490029128723,6.0,17000.0,17000.0,17000.0,17000.0
Jharkhand,Deogarh,Madhupur,Assam C.T.C. Leaf,Beverages,0.05,12500,13000,13000,2008-01-01,13000.0,0.0,0.0,1.0,,,,
Jharkhand,Deogarh,Madhupur,Assam C.T.C. Leaf,Beverages,0.05,12500,13000,13000,2008-01-02,13000.0,0.0,0.0,1.0,13000.0,,,
Jharkhand,Deogarh,Madhupur,Assam C.T.C. Leaf,Beverages,0.05,12500,13000,13000,2008-01-03,13000.0,0.0,0.0,1.0,13000.0,,,
Jharkhand,Deogarh,Madhupur,Assam C.T.C. Leaf,Beverages,0.05,12500,13000,13000,2008-01-04,13000.0,0.0,0.0,3.0,13000.0,,,
Jharkhand,Deogarh,Madhupur,Assam C.T.C. Leaf,Beverages,0.05,12500,13000,13000,2008-01-07,13000.0,0.0,0.0,1.0,13000.0,,,
Jharkhand,Deogarh,Madhupur,Assam C.T.C. Leaf,Beverages,0.05,12500,13000,13000,2008-01-08,13000.0,0.0,0.0,1.0,13000.0,,,
Jharkhand,Deogarh,Madhupur,Assam C.T.C. Leaf,Beverages,0.05,12500,13000,13000,2008-01-09,13000.0,0.0,0.0,1.0,13000.0,,,
Jharkhand,Deogarh,Madhupur,Assam C.T.C. Leaf,Beverages,0.05,12500,13000,13000,2008-01-10,13000.0,0.0,0.0,1.0,13000.0,13000.0,,
Jharkhand,Deogarh,Madhupur,Assam C.T.C. Leaf,Beverages,0.06,12500,13000,13000,2008-01-11,12800.0,-0.0153846153846153,-0.0155041865359651,4.0,13000.0,13000.0,,
Jharkhand,Deogarh,Madhupur,Assam C.T.C. Leaf,Beverages,0.05,12500,13000,12800,2008-01-15,13000.0,0.015625,0.0155041865359652,1.0,13000.0,13000.0,,
Jharkhand,Deogarh,Madhupur,Assam C.T.C. Leaf,Beverages,0.05,12500,13000,13000,2008-01-16,13000.0,0.0,0.0,1.0,12800.0,13000.0,,
Jharkhand,Deogarh,Madhupur,Assam C.T.C. Leaf,Beverages,0.05,12500,13000,13000,2008-01-17,13000.0,0.0,0.0,1.0,13000.0,13000.0,,
Jharkhand,Deogarh,Madhupur,Assam C.T.C. Leaf,Beverages,0.05,12500,13000,13000,2008-01-18,13000.0,0.0,0.0,3.0,13000.0,13000.0,,
Jharkhand,Deogarh,Madhupur,Assam C.T.C. Leaf,Beverages,0.05,12500,13000,13000,2008-01-21,13000.0,0.0,0.0,1.0,13000.0,13000.0,,
Jharkhand,Deogarh,Madhupur,Assam C.T.C. Leaf,Beverages,0.05,12500,13000,13000,2008-01-22,13000.0,0.0,0.0,2.0,13000.0,13000.0,13000.0,
Jharkhand,Deogarh,Madhupur,Assam C.T.C. Leaf,Beverages,0.05,12500,13000,13000,2008-01-24,12750.0,-0.0192307692307692,-0.0194180858571016,1.0,13000.0,13000.0,13000.0,
Jharkhand,Deogarh,Madhupur,Assam C.T.C. Leaf,Beverages,0.05,12500,13000,12750,2008-01-25,13000.0,0.0196078431372549,0.0194180858571015,3.0,13000.0,12800.0,13000.0,
Jharkhand,Deogarh,Madhupur,Assam C.T.C. Leaf,Beverages,0.06,12500,13000,13000,2008-01-28,13000.0,0.0,0.0,1.0,12750.0,13000.0,13000.0,
Jharkhand,Deogarh,Madhupur,Assam C.T.C. Leaf,Beverages,0.05,12500,13000,13000,2008-01-29,13000.0,0.0,0.0,1.0,13000.0,13000.0,13000.0,
Jharkhand,Deogarh,Madhupur,Assam C.T.C. Leaf,Beverages,0.05,12500,13000,13000,2008-01-30,13000.0,0.0,0.0,1.0,13000.0,13000.0,13000.0,
Jharkhand,Deogarh,Madhupur,Assam C.T.C. Leaf,Beverages,0.05,12500,13000,13000,2008-01-31,13000.0,0.0,0.0,1.0,13000.0,13000.0,13000.0,
Jharkhand,Deogarh,Madhupur,Assam C.T.C. Leaf,Beverages,0.05,12500,13000,12880,2008-04-01,13000.0,0.0093167701863354,0.0092736367853292,1.0,13000.0,13000.0,13000.0,
Jharkhand,Deogarh,Madhupur,Assam C.T.C. Leaf,Beverages,0.05,12500,13000,13000,2008-04-02,13000.0,0.0,0.0,1.0,12880.0,13000.0,13000.0,
Jharkhand,Deogarh,Madhupur,Assam C.T.C. Leaf,Beverages,0.05,12500,13000,13000,2008-04-03,13000.0,0.0,0.0,1.0,13000.0,12750.0,12800.0,
Jharkhand,Deogarh,Madhupur,Assam C.T.C. Leaf,Beverages,0.05,12500,13000,13000,2008-04-04,13000.0,0.0,0.0,1.0,13000.0,13000.0,13000.0,
Jharkhand,Deogarh,Madhupur,Assam C.T.C. Leaf,Beverages,0.05,12500,13000,13000,2008-04-05,13000.0,0.0,0.0,2.0,13000.0,13000.0,13000.0,
Jharkhand,Deogarh,Madhupur,Assam C.T.C. Leaf,Beverages,0.05,12500,13000,13000,2008-04-07,13000.0,0.0,0.0,2.0,13000.0,13000.0,13000.0,
Jharkhand,Deogarh,Madhupur,Assam C.T.C. Leaf,Beverages,0.05,12500,13000,13000,2008-04-09,13000.0,0.0,0.0,1.0,13000.0,13000.0,13000.0,
Jharkhand,Deogarh,Madhupur,Assam C.T.C. Leaf,Beverages,0.05,12500,13000,13000,2008-04-10,13000.0,0.0,0.0,1.0,13000.0,12880.0,13000.0,
Jharkhand,Deogarh,Madhupur,Assam C.T.C. Leaf,Beverages,0.05,12500,13000,13000,2008-04-11,13000.0,0.0,0.0,1.0,13000.0,13000.0,13000.0,
Jharkhand,Deogarh,Madhupur,Assam C.T.C. Leaf,Beverages,0.05,12500,13000,13000,2008-04-12,13000.0,0.0,0.0,3.0,13000.0,13000.0,12750.0,13000.0
Jharkhand,Deogarh,Madhupur,Assam C.T.C. Leaf,Beverages,0.05,12500,13000,13000,2008-04-15,13000.0,0.0,0.0,1.0,13000.0,13000.0,13000.0,13000.0
Jharkhand,Deogarh,Madhupur,Assam C.T.C. Leaf,Beverages,0.05,12500,13000,13000,2008-04-16,13000.0,0.0,0.0,1.0,13000.0,13000.0,13000.0,13000.0
Jharkhand,Deogarh,Madhupur,Assam C.T.C. Leaf,Beverages,0.05,12500,13000,13000,2008-04-17,13000.0,0.0,0.0,2.0,13000.0,13000.0,13000.0,13000.0
Jharkhand,Deogarh,Madhupur,Assam C.T.C. Leaf,Beverages,0.05,12500,13000,13000,2008-04-19,13000.0,0.0,0.0,2.0,13000.0,13000.0,13000.0,13000.0
Jharkhand,Deogarh,Madhupur,Assam C.T.C. Leaf,Beverages,0.05,12500,13000,13000,2008-04-21,13000.0,0.0,0.0,1.0,13000.0,13000.0,12880.0,13000.0
Jharkhand,Deogarh,Madhupur,Assam C.T.C. Leaf,Beverages,0.05,12500,13000,13000,2008-04-22,13000.0,0.0,0.0,2.0,13000.0,13000.0,13000.0,13000.0
Jharkhand,Deogarh,Madhupur,Assam C.T.C. Leaf,Beverages,0.05,12500,13000,13000,2008-04-24,13000.0,0.0,0.0,2.0,13000.0,13000.0,13000.0,13000.0
Jharkhand,Deogarh,Madhupur,Assam C.T.C. Leaf,Beverages,0.01,12500,13000,13000,2008-04-26,13000.0,0.0,0.0,2.0,13000.0,13000.0,13000.0,13000.0
Jharkhand,Deogarh,Madhupur,Assam C.T.C. Leaf,Beverages,0.05,12500,13000,13000,2008-04-28,13000.0,0.0,0.0,1.0,13000.0,13000.0,13000.0,12800.0
Jharkhand,Deogarh,Madhupur,Assam C.T.C. Leaf,Beverages,0.05,12500,13000,13000,2008-04-29,13000.0,0.0,0.0,1.0,13000.0,13000.0,13000.0,13000.0
Jharkhand,Deogarh,Madhupur,Assam C.T.C. Leaf,Beverages,0.05,12500,13000,13000,2008-06-02,13000.0,0.0,0.0,1.0,13000.0,13000.0,13000.0,13000.0
Jharkhand,Deogarh,Madhupur,Assam C.T.C. Leaf,Beverages,0.05,12500,13000,13000,2008-06-03,13000.0,0.0,0.0,1.0,13000.0,13000.0,13000.0,13000.0
Jharkhand,Deogarh,Madhupur,Assam C.T.C. Leaf,Beverages,0.06,12500,13000,13000,2008-06-04,13000.0,0.0,0.0,1.0,13000.0,13000.0,13000.0,13000.0
Jharkhand,Deogarh,Madhupur,Assam C.T.C. Leaf,Beverages,0.05,12500,13000,13000,2008-06-05,13000.0,0.0,0.0,1.0,13000.0,13000.0,13000.0,13000.0
Jharkhand,Deogarh,Madhupur,Assam C.T.C. Leaf,Beverages,0.05,12500,13000,13000,2008-06-06,13000.0,0.0,0.0,1.0,13000.0,13000.0,13000.0,13000.0
Jharkhand,Deogarh,Madhupur,Assam C.T.C. Leaf,Beverages,0.05,12500,13000,13000,2008-06-07,13000.0,0.0,0.0,2.0,13000.0,13000.0,13000.0,12750.0
Jharkhand,Deogarh,Madhupur,Assam C.T.C. Leaf,Beverages,0.05,12500,13000,13000,2008-06-09,13000.0,0.0,0.0,1.0,13000.0,13000.0,13000.0,13000.0
Jharkhand,Deogarh,Madhupur,Assam C.T.C. Leaf,Beverages,0.05,12500,13000,13000,2008-06-10,13000.0,0.0,0.0,1.0,13000.0,13000.0,13000.0,13000.0
Jharkhand,Deogarh,Madhupur,Assam C.T.C. Leaf,Beverages,0.05,12500,13000,13000,2008-06-11,13000.0,0.0,0.0,1.0,13000.0,13000.0,13000.0,13000.0
Jharkhand,Deogarh,Madhupur,Assam C.T.C. Leaf,Beverages,0.05,12500,13000,13000,2008-06-12,13000.0,0.0,0.0,1.0,13000.0,13000.0,13000.0,13000.0
Jharkhand,Deogarh,Madhupur,Assam C.T.C. Leaf,Beverages,0.05,12500,13000,13000,2008-06-13,13000.0,0.0,0.0,1.0,13000.0,13000.0,13000.0,12880.0
Jharkhand,Deogarh,Madhupur,Assam C.T.C. Leaf,Beverages,0.05,12500,13000,13000,2008-07-01,14000.0,0.0769230769230769,0.0741079721537218,1.0,13000.0,13000.0,13000.0,13000.0
Jharkhand,Deogarh,Madhupur,Assam C.T.C. Leaf,Beverages,0.05,13500,14000,14000,2008-07-02,14000.0,0.0,0.0,1.0,13000.0,13000.0,13000.0,13000.0
Jharkhand,Deogarh,Madhupur,Assam C.T.C. Leaf,Beverages,0.05,13500,14000,14000,2008-07-03,14000.0,0.0,0.0,4.0,14000.0,13000.0,13000.0,13000.0
Jharkhand,Deogarh,Madhupur,Assam C.T.C. Leaf,Beverages,0.05,13500,14000,14000,2008-07-07,14000.0,0.0,0.0,1.0,14000.0,13000.0,13000.0,13000.0
Jharkhand,Deogarh,Madhupur,Assam C.T.C. Leaf,Beverages,0.05,13500,14000,14000,2008-07-08,15000.0,0.0714285714285714,0.0689928714869514,1.0,14000.0,13000.0,13000.0,13000.0
Jharkhand,Deogarh,Madhupur,Assam C.T.C. Leaf,Beverages,0.05,14500,15000,15000,2008-07-09,15000.0,0.0,0.0,1.0,14000.0,13000.0,13000.0,13000.0
Jharkhand,Deogarh,Madhupur,Assam C.T.C. Leaf,Beverages,0.05,14500,15000,15000,2008-07-10,15000.0,0.0,0.0,1.0,15000.0,13000.0,13000.0,13000.0
Jharkhand,Deogarh,Madhupur,Assam C.T.C. Leaf,Beverages,0.05,14500,15000,15000,2008-07-11,15000.0,0.0,0.0,1.0,15000.0,13000.0,13000.0,13000.0
Jharkhand,Deogarh,Madhupur,Assam C.T.C. Leaf,Beverages,0.05,14500,15000,15000,2008-07-12,15000.0,0.0,0.0,2.0,15000.0,14000.0,13000.0,13000.0
Jharkhand,Deogarh,Madhupur,Assam C.T.C. Leaf,Beverages,0.05,14500,15000,15000,2008-07-14,15000.0,0.0,0.0,1.0,15000.0,14000.0,13000.0,13000.0
Jharkhand,Deogarh,Madhupur,Assam C.T.C. Leaf,Beverages,0.05,14500,15000,15000,2008-07-15,15000.0,0.0,0.0,1.0,15000.0,14000.0,13000.0,13000.0
Jharkhand,Deogarh,Madhupur,Assam C.T.C. Leaf,Beverages,0.05,14500,15000,15000,2008-07-16,15000.0,0.0,0.0,1.0,15000.0,14000.0,13000.0,13000.0
Jharkhand,Deogarh,Madhupur,Assam C.T.C. Leaf,Beverages,0.05,14500,15000,15000,2008-07-17,15000.0,0.0,0.0,1.0,15000.0,15000.0,13000.0,13000.0
Jharkhand,Deogarh,Madhupur,Assam C.T.C. Leaf,Beverages,0.05,14500,15000,15000,2008-07-18,15000.0,0.0,0.0,1.0,15000.0,15000.0,13000.0,13000.0
Jharkhand,Deogarh,Madhupur,Assam C.T.C. Leaf,Beverages,0.05,14500,15000,15000,2008-07-19,15000.0,0.0,0.0,2.0,15000.0,15000.0,13000.0,13000.0
Jharkhand,Deogarh,Madhupur,Assam C.T.C. Leaf,Beverages,0.05,14500,15000,15000,2008-07-21,15000.0,0.0,0.0,1.0,15000.0,15000.0,14000.0,13000.0
Jharkhand,Deogarh,Madhupur,Assam C.T.C. Leaf,Beverages,0.05,14500,15000,15000,2008-07-22,15000.0,0.0,0.0,1.0,15000.0,15000.0,14000.0,13000.0
Jharkhand,Deogarh,Madhupur,Assam C.T.C. Leaf,Beverages,0.05,14500,15000,15000,2008-07-23,15000.0,0.0,0.0,1.0,15000.0,15000.0,14000.0,13000.0
Jharkhand,Deogarh,Madhupur,Assam C.T.C. Leaf,Beverages,0.05,14500,15000,15000,2008-07-24,15000.0,0.0,0.0,1.0,15000.0,15000.0,14000.0,13000.0
Jharkhand,Deogarh,Madhupur,Assam C.T.C. Leaf,Beverages,0.05,14500,15000,15000,2008-07-25,15000.0,0.0,0.0,1.0,15000.0,15000.0,15000.0,13000.0
Jharkhand,Deogarh,Madhupur,Assam C.T.C. Leaf,Beverages,0.06,14500,15000,15000,2008-07-26,15000.0,0.0,0.0,2.0,15000.0,15000.0,15000.0,13000.0
Jharkhand,Deogarh,Madhupur,Assam C.T.C. Leaf,Beverages,0.05,14500,15000,15000,2008-07-28,15000.0,0.0,0.0,4.0,15000.0,15000.0,15000.0,13000.0
Jharkhand,Deogarh,Madhupur,Assam C.T.C. Leaf,Beverages,0.06,14500,15000,15000,2008-08-01,15000.0,0.0,0.0,1.0,15000.0,15000.0,15000.0,13000.0
Jharkhand,Deogarh,Madhupur,Assam C.T.C. Leaf,Beverages,0.05,14500,15000,15000,2008-08-02,15000.0,0.0,0.0,3.0,15000.0,15000.0,15000.0,13000.0
Jharkhand,Deogarh,Madhupur,Assam C.T.C. Leaf,Beverages,0.05,14500,15000,15000,2008-08-05,15000.0,0.0,0.0,1.0,15000.0,15000.0,15000.0,13000.0
Jharkhand,Deogarh,Madhupur,Assam C.T.C. Leaf,Beverages,0.05,14500,15000,15000,2008-08-06,15000.0,0.0,0.0,1.0,15000.0,15000.0,15000.0,13000.0
Jharkhand,Deogarh,Madhupur,Assam C.T.C. Leaf,Beverages,0.05,14500,15000,15000,2008-08-07,15000.0,0.0,0.0,1.0,15000.0,15000.0,15000.0,13000.0
Jharkhand,Deogarh,Madhupur,Assam C.T.C. Leaf,Beverages,0.06,14500,15000,15000,2008-08-08,15000.0,0.0,0.0,1.0,15000.0,15000.0,15000.0,13000.0
Jharkhand,Deogarh,Madhupur,Assam C.T.C. Leaf,Beverages,0.05,14500,15000,15000,2008-08-09,15000.0,0.0,0.0,2.0,15000.0,15000.0,15000.0,13000.0
Jharkhand,Deogarh,Madhupur,Assam C.T.C. Leaf,Beverages,0.05,14500,15000,15000,2008-08-11,15000.0,0.0,0.0,1.0,15000.0,15000.0,15000.0,13000.0
Jharkhand,Deogarh,Madhupur,Assam C.T.C. Leaf,Beverages,0.05,14500,15000,15000,2008-08-12,15000.0,0.0,0.0,1.0,15000.0,15000.0,15000.0,13000.0
Jharkhand,Deogarh,Madhupur,Assam C.T.C. Leaf,Beverages,0.05,14500,15000,15000,2008-08-13,15000.0,0.0,0.0,1.0,15000.0,15000.0,15000.0,14000.0
Jharkhand,Deogarh,Madhupur,Assam C.T.C. Leaf,Beverages,0.05,14500,15000,15000,2008-08-14,15000.0,0.0,0.0,4.0,15000.0,15000.0,15000.0,14000.0
Jharkhand,Deogarh,Madhupur,Assam C.T.C. Leaf,Beverages,0.05,14500,15000,15000,2008-08-18,15000.0,0.0,0.0,1.0,15000.0,15000.0,15000.0,14000.0
Jharkhand,Deogarh,Madhupur,Assam C.T.C. Leaf,Beverages,0.05,14500,15000,15000,2008-08-19,15000.0,0.0,0.0,1.0,15000.0,15000.0,15000.0,14000.0
Jharkhand,Deogarh,Madhupur,Assam C.T.C. Leaf,Beverages,0.05,14500,15000,15000,2008-08-20,15000.0,0.0,0.0,1.0,15000.0,15000.0,15000.0,15000.0
Jharkhand,Deogarh,Madhupur,Assam C.T.C. Leaf,Beverages,0.05,14500,15000,15000,2008-08-21,15000.0,0.0,0.0,1.0,15000.0,15000.0,15000.0,15000.0
Jharkhand,Deogarh,Madhupur,Assam C.T.C. Leaf,Beverages,0.05,14500,15000,15000,2008-08-22,15000.0,0.0,0.0,1.0,15000.0,15000.0,15000.0,15000.0
Jharkhand,Deogarh,Madhupur,Assam C.T.C. Leaf,Beverages,0.06,14500,15000,15000,2008-08-23,15000.0,0.0,0.0,2.0,15000.0,15000.0,15000.0,15000.0
Jharkhand,Deogarh,Madhupur,Assam C.T.C. Leaf,Beverages,0.06,14500,15000,15000,2008-08-25,15000.0,0.0,0.0,1.0,15000.0,15000.0,15000.0,15000.0
Jharkhand,Deogarh,Madhupur,Assam C.T.C. Leaf,Beverages,0.05,14500,15000,15000,2008-08-26,15000.0,0.0,0.0,1.0,15000.0,15000.0,15000.0,15000.0
Jharkhand,Deogarh,Madhupur,Assam C.T.C. Leaf,Beverages,0.05,14500,15000,15000,2008-08-27,15000.0,0.0,0.0,1.0,15000.0,15000.0,15000.0,15000.0
Jharkhand,Deogarh,Madhupur,Assam C.T.C. Leaf,Beverages,0.05,14500,15000,15000,2008-08-28,15000.0,0.0,0.0,1.0,15000.0,15000.0,15000.0,15000.0
Jharkhand,Deogarh,Madhupur,Assam C.T.C. Leaf,Beverages,0.05,14500,15000,15000,2008-08-29,15000.0,0.0,0.0,3.0,15000.0,15000.0,15000.0,15000.0
Jharkhand,Deogarh,Madhupur,Assam C.T.C. Leaf,Beverages,0.05,14500,15000,15000,2008-09-01,15000.0,0.0,0.0,1.0,15000.0,15000.0,15000.0,15000.0
Jharkhand,Deogarh,Madhupur,Assam C.T.C. Leaf,Beverages,0.05,14500,15000,15000,2008-09-02,15000.0,0.0,0.0,1.0,15000.0,15000.0,15000.0,15000.0
Jharkhand,Deogarh,Madhupur,Assam C.T.C. Leaf,Beverages,0.05,14500,15000,15000,2008-09-03,15000.0,0.0,0.0,1.0,15000.0,15000.0,15000.0,15000.0
Jharkhand,Deogarh,Madhupur,Assam C.T.C. Leaf,Beverages,0.05,14500,15000,15000,2008-09-04,15000.0,0.0,0.0,1.0,15000.0,15000.0,15000.0,15000.0
Jharkhand,Deogarh,Madhupur,Assam C.T.C. Leaf,Beverages,0.05,14500,15000,15000,2008-09-05,15000.0,0.0,0.0,1.0,15000.0,15000.0,15000.0,15000.0
Jharkhand,Deogarh,Madhupur,Assam C.T.C. Leaf,Beverages,0.05,14500,15000,15000,2008-09-06,15000.0,0.0,0.0,2.0,15000.0,15000.0,15000.0,15000.0
Jharkhand,Deogarh,Madhupur,Assam C.T.C. Leaf,Beverages,0.06,14500,15000,15000,2008-09-08,15000.0,0.0,0.0,1.0,15000.0,15000.0,15000.0,15000.0
Jharkhand,Deogarh,Madhupur,Assam C.T.C. Leaf,Beverages,0.05,14500,15000,15000,2008-09-09,15000.0,0.0,0.0,1.0,15000.0,15000.0,15000.0,15000.0
Jharkhand,Deogarh,Madhupur,Assam C.T.C. Leaf,Beverages,0.05,14500,15000,15000,2008-09-10,15000.0,0.0,0.0,2.0,15000.0,15000.0,15000.0,15000.0
Jharkhand,Deogarh,Madhupur,Assam C.T.C. Leaf,Beverages,0.05,14500,15000,15000,2008-09-12,15000.0,0.0,0.0,1.0,15000.0,15000.0,15000.0,15000.0
Jharkhand,Deogarh,Madhupur,Assam C.T.C. Leaf,Beverages,0.05,14500,15000,15000,2008-09-13,15000.0,0.0,0.0,2.0,15000.0,15000.0,15000.0,15000.0
Jharkhand,Deogarh,Madhupur,Assam C.T.C. Leaf,Beverages,0.05,14500,15000,15000,2008-09-15,15000.0,0.0,0.0,1.0,15000.0,15000.0,15000.0,15000.0
Jharkhand,Deogarh,Madhupur,Assam C.T.C. Leaf,Beverages,0.05,14500,15000,15000,2008-09-16,15000.0,0.0,0.0,1.0,15000.0,15000.0,15000.0,15000.0
Jharkhand,Deogarh,Madhupur,Assam C.T.C. Leaf,Beverages,0.05,14500,15000,15000,2008-09-17,15000.0,0.0,0.0,1.0,15000.0,15000.0,15000.0,15000.0
Jharkhand,Deogarh,Madhupur,Assam C.T.C. Leaf,Beverages,0.05,14500,15000,15000,2008-09-18,15000.0,0.0,0.0,1.0,15000.0,15000.0,15000.0,15000.0
Jharkhand,Deogarh,Madhupur,Assam C.T.C. Leaf,Beverages,0.05,14500,15000,15000,2008-09-19,15000.0,0.0,0.0,3.0,15000.0,15000.0,15000.0,15000.0
Jharkhand,Deogarh,Madhupur,Assam C.T.C. Leaf,Beverages,0.05,14500,15000,15000,2008-09-22,15000.0,0.0,0.0,1.0,15000.0,15000.0,15000.0,15000.0
Jharkhand,Deogarh,Madhupur,Assam C.T.C. Leaf,Beverages,0.05,14500,15000,15000,2008-09-23,15000.0,0.0,0.0,1.0,15000.0,15000.0,15000.0,15000.0
Jharkhand,Deogarh,Madhupur,Assam C.T.C. Leaf,Beverages,0.05,14500,15000,15000,2008-09-24,15000.0,0.0,0.0,1.0,15000.0,15000.0,15000.0,15000.0
Jharkhand,Deogarh,Madhupur,Assam C.T.C. Leaf,Beverages,0.05,14500,15000,15000,2008-09-25,15000.0,0.0,0.0,1.0,15000.0,15000.0,15000.0,15000.0
Jharkhand,Deogarh,Madhupur,Assam C.T.C. Leaf,Beverages,0.05,14500,15000,15000,2008-09-26,15000.0,0.0,0.0,1.0,15000.0,15000.0,15000.0,15000.0
Jharkhand,Deogarh,Madhupur,Assam C.T.C. Leaf,Beverages,0.05,14500,15000,15000,2008-09-27,15000.0,0.0,0.0,2.0,15000.0,15000.0,15000.0,15000.0
Jharkhand,Deogarh,Madhupur,Assam C.T.C. Leaf,Beverages,0.05,14500,15000,15000,2008-09-29,15000.0,0.0,0.0,1.0,15000.0,15000.0,15000.0,15000.0
Jharkhand,Deogarh,Madhupur,Assam C.T.C. Leaf,Beverages,0.05,14500,15000,15000,2008-09-30,15000.0,0.0,0.0,1.0,15000.0,15000.0,15000.0,15000.0
Jharkhand,Deogarh,Madhupur,Assam C.T.C. Leaf,Beverages,5.0,14500,15000,15000,2008-10-01,15000.0,0.0,0.0,2.0,15000.0,15000.0,15000.0,15000.0
Jharkhand,Deogarh,Madhupur,Assam C.T.C. Leaf,Beverages,0.05,14500,15000,15000,2008-10-03,15000.0,0.0,0.0,1.0,15000.0,15000.0,15000.0,15000.0
Jharkhand,Deogarh,Madhupur,Assam C.T.C. Leaf,Beverages,0.05,14500,15000,15000,2008-10-04,15000.0,0.0,0.0,6.0,15000.0,15000.0,15000.0,15000.0
Jharkhand,Deogarh,Madhupur,Assam C.T.C. Leaf,Beverages,0.06,14000,15000,15000,2008-10-10,15000.0,0.0,0.0,1.0,15000.0,15000.0,15000.0,15000.0
Jharkhand,Deogarh,Madhupur,Assam C.T.C. Leaf,Beverages,0.05,14500,15000,15000,2008-10-11,15000.0,0.0,0.0,2.0,15000.0,15000.0,15000.0,15000.0
Jharkhand,Deogarh,Madhupur,Assam C.T.C. Leaf,Beverages,0.06,14500,15000,15000,2008-10-13,15000.0,0.0,0.0,1.0,15000.0,15000.0,15000.0,15000.0
Jharkhand,Deogarh,Madhupur,Assam C.T.C. Leaf,Beverages,0.05,14500,15000,15000,2008-10-14,15000.0,0.0,0.0,1.0,15000.0,15000.0,15000.0,15000.0
Jharkhand,Deogarh,Madhupur,Assam C.T.C. Leaf,Beverages,0.06,14500,15000,15000,2008-10-15,15000.0,0.0,0.0,1.0,15000.0,15000.0,15000.0,15000.0
Jharkhand,Deogarh,Madhupur,Assam C.T.C. Leaf,Beverages,0.06,14500,15000,15000,2008-10-16,15000.0,0.0,0.0,1.0,15000.0,15000.0,15000.0,15000.0
Jharkhand,Deogarh,Madhupur,Assam C.T.C. Leaf,Beverages,0.05,14500,15000,15000,2008-10-17,15000.0,0.0,0.0,1.0,15000.0,15000.0,15000.0,15000.0
Jharkhand,Deogarh,Madhupur,Assam C.T.C. Leaf,Beverages,0.05,14500,15000,15000,2008-10-18,15000.0,0.0,0.0,2.0,15000.0,15000.0,15000.0,15000.0
Jharkhand,Deogarh,Madhupur,Assam C.T.C. Leaf,Beverages,0.06,14500,15000,15000,2008-10-20,15000.0,0.0,0.0,1.0,15000.0,15000.0,15000.0,15000.0
Jharkhand,Deogarh,Madhupur,Assam C.T.C. Leaf,Beverages,0.05,14500,15000,15000,2008-10-21,15000.0,0.0,0.0,1.0,15000.0,15000.0,15000.0,15000.0
Jharkhand,Deogarh,Madhupur,Assam C.T.C. Leaf,Beverages,0.05,14500,15000,15000,2008-10-22,15000.0,0.0,0.0,1.0,15000.0,15000.0,15000.0,15000.0
Jharkhand,Deogarh,Madhupur,Assam C.T.C. Leaf,Beverages,0.05,14500,15000,15000,2008-10-23,15000.0,0.0,0.0,1.0,15000.0,15000.0,15000.0,15000.0
Jharkhand,Deogarh,Madhupur,Assam C.T.C. Leaf,Beverages,0.05,14500,15000,15000,2008-10-24,15000.0,0.0,0.0,1.0,15000.0,15000.0,15000.0,15000.0
Jharkhand,Deogarh,Madhupur,Assam C.T.C. Leaf,Beverages,0.05,14500,15000,15000,2008-10-25,15000.0,0.0,0.0,2.0,15000.0,15000.0,15000.0,15000.0
Jharkhand,Deogarh,Madhupur,Assam C.T.C. Leaf,Beverages,0.05,14500,15000,15000,2008-10-27,15000.0,0.0,0.0,2.0,15000.0,15000.0,15000.0,15000.0
Jharkhand,Deogarh,Madhupur,Assam C.T.C. Leaf,Beverages,0.05,14500,15000,15000,2008-10-29,15000.0,0.0,0.0,2.0,15000.0,15000.0,15000.0,15000.0
Jharkhand,Deogarh,Madhupur,Assam C.T.C. Leaf,Beverages,0.06,14500,15000,15000,2008-10-31,15000.0,0.0,0.0,1.0,15000.0,15000.0,15000.0,15000.0
Jharkhand,Deogarh,Madhupur,Assam C.T.C. Leaf,Beverages,0.05,14500,15000,15000,2008-11-01,15000.0,0.0,0.0,2.0,15000.0,15000.0,15000.0,15000.0
Jharkhand,Deogarh,Madhupur,Assam C.T.C. Leaf,Beverages,0.05,14500,15000,15000,2008-11-03,15000.0,0.0,0.0,3.0,15000.0,15000.0,15000.0,15000.0
Jharkhand,Deogarh,Madhupur,Assam C.T.C. Leaf,Beverages,0.05,14500,15000,15000,2008-11-06,15000.0,0.0,0.0,1.0,15000.0,15000.0,15000.0,15000.0
Jharkhand,Deogarh,Madhupur,Assam C.T.C. Leaf,Beverages,0.05,14500,15000,15000,2008-11-07,15000.0,0.0,0.0,1.0,15000.0,15000.0,15000.0,15000.0
Jharkhand,Deogarh,Madhupur,Assam C.T.C. Leaf,Beverages,0.05,14500,15000,15000,2008-11-08,15000.0,0.0,0.0,2.0,15000.0,15000.0,15000.0,15000.0
Jharkhand,Deogarh,Madhupur,Assam C.T.C. Leaf,Beverages,0.06,14500,15000,15000,2008-11-10,15000.0,0.0,0.0,1.0,15000.0,15000.0,15000.0,15000.0
Jharkhand,Deogarh,Madhupur,Assam C.T.C. Leaf,Beverages,0.05,14500,15000,15000,2008-11-11,15000.0,0.0,0.0,1.0,15000.0,15000.0,15000.0,15000.0
Jharkhand,Deogarh,Madhupur,Assam C.T.C. Leaf,Beverages,0.06,14500,15000,15000,2008-11-12,15000.0,0.0,0.0,2.0,15000.0,15000.0,15000.0,15000.0
Jharkhand,Deogarh,Madhupur,Assam C.T.C. Leaf,Beverages,0.05,14500,15000,15000,2008-11-14,15000.0,0.0,0.0,3.0,15000.0,15000.0,15000.0,15000.0
Jharkhand,Deogarh,Madhupur,Assam C.T.C. Leaf,Beverages,0.05,14500,15000,15000,2008-11-17,15000.0,0.0,0.0,1.0,15000.0,15000.0,15000.0,15000.0
Jharkhand,Deogarh,Madhupur,Assam C.T.C. Leaf,Beverages,0.06,14500,15000,15000,2008-11-18,15000.0,0.0,0.0,2.0,15000.0,15000.0,15000.0,15000.0
Jharkhand,Deogarh,Madhupur,Assam C.T.C. Leaf,Beverages,0.06,14500,15000,15000,2008-11-20,15000.0,0.0,0.0,1.0,15000.0,15000.0,15000.0,15000.0
Jharkhand,Deogarh,Madhupur,Assam C.T.C. Leaf,Beverages,0.06,14500,15000,15000,2008-11-21,15000.0,0.0,0.0,1.0,15000.0,15000.0,15000.0,15000.0
Jharkhand,Deogarh,Madhupur,Assam C.T.C. Leaf,Beverages,0.05,14500,15000,15000,2008-11-22,15000.0,0.0,0.0,2.0,15000.0,15000.0,15000.0,15000.0
Jharkhand,Deogarh,Madhupur,Assam C.T.C. Leaf,Beverages,0.05,14500,15000,15000,2008-11-24,15000.0,0.0,0.0,1.0,15000.0,15000.0,15000.0,15000.0
Jharkhand,Deogarh,Madhupur,Assam C.T.C. Leaf,Beverages,0.06,14500,15000,15000,2008-11-25,15000.0,0.0,0.0,1.0,15000.0,15000.0,15000.0,15000.0
Jharkhand,Deogarh,Madhupur,Assam C.T.C. Leaf,Beverages,0.06,14500,15000,15000,2008-11-26,15000.0,0.0,0.0,1.0,15000.0,15000.0,15000.0,15000.0
Jharkhand,Deogarh,Madhupur,Assam C.T.C. Leaf,Beverages,0.05,14500,15000,15000,2008-11-27,15000.0,0.0,0.0,4.0,15000.0,15000.0,15000.0,15000.0
Jharkhand,Deogarh,Madhupur,Assam C.T.C. Leaf,Beverages,0.05,14500,15000,15000,2008-12-01,15000.0,0.0,0.0,1.0,15000.0,15000.0,15000.0,15000.0
Jharkhand,Deogarh,Madhupur,Assam C.T.C. Leaf,Beverages,0.05,14500,15000,15000,2008-12-02,15000.0,0.0,0.0,2.0,15000.0,15000.0,15000.0,15000.0
Jharkhand,Deogarh,Madhupur,Assam C.T.C. Leaf,Beverages,0.06,14500,15000,15000,2008-12-04,15000.0,0.0,0.0,1.0,15000.0,15000.0,15000.0,15000.0
Jharkhand,Deogarh,Madhupur,Assam C.T.C. Leaf,Beverages,0.05,14500,15000,15000,2008-12-05,15000.0,0.0,0.0,1.0,15000.0,15000.0,15000.0,15000.0
Jharkhand,Deogarh,Madhupur,Assam C.T.C. Leaf,Beverages,0.05,14500,15000,15000,2008-12-06,15000.0,0.0,0.0,6.0,15000.0,15000.0,15000.0,15000.0
Jharkhand,Deogarh,Madhupur,Assam C.T.C. Leaf,Beverages,0.06,14500,15000,15000,2008-12-12,15000.0,0.0,0.0,1.0,15000.0,15000.0,15000.0,15000.0
Jharkhand,Deogarh,Madhupur,Assam C.T.C. Leaf,Beverages,0.05,14500,15000,15000,2008-12-13,15000.0,0.0,0.0,2.0,15000.0,15000.0,15000.0,15000.0
Jharkhand,Deogarh,Madhupur,Assam C.T.C. Leaf,Beverages,0.06,14500,15000,15000,2008-12-15,15000.0,0.0,0.0,1.0,15000.0,15000.0,15000.0,15000.0
Jharkhand,Deogarh,Madhupur,Assam C.T.C. Leaf,Beverages,0.05,14500,15000,15000,2008-12-16,15000.0,0.0,0.0,1.0,15000.0,15000.0,15000.0,15000.0
Jharkhand,Deogarh,Madhupur,Assam C.T.C. Leaf,Beverages,0.06,14500,15000,15000,2008-12-17,15000.0,0.0,0.0,1.0,15000.0,15000.0,15000.0,15000.0
Jharkhand,Deogarh,Madhupur,Assam C.T.C. Leaf,Beverages,0.05,14500,15000,15000,2008-12-18,15000.0,0.0,0.0,1.0,15000.0,15000.0,15000.0,15000.0
Jharkhand,Deogarh,Madhupur,Assam C.T.C. Leaf,Beverages,0.04,14000,15000,15000,2008-12-19,15000.0,0.0,0.0,1.0,15000.0,15000.0,15000.0,15000.0
Jharkhand,Deogarh,Madhupur,Assam C.T.C. Leaf,Beverages,0.05,14000,15000,15000,2008-12-20,15000.0,0.0,0.0,2.0,15000.0,15000.0,15000.0,15000.0
Jharkhand,Deogarh,Madhupur,Assam C.T.C. Leaf,Beverages,0.05,14500,15000,15000,2008-12-22,15000.0,0.0,0.0,1.0,15000.0,15000.0,15000.0,15000.0
Jharkhand,Deogarh,Madhupur,Assam C.T.C. Leaf,Beverages,0.05,14500,15000,15000,2008-12-23,15000.0,0.0,0.0,1.0,15000.0,15000.0,15000.0,15000.0
Jharkhand,Deogarh,Madhupur,Assam C.T.C. Leaf,Beverages,0.05,14500,15000,15000,2008-12-24,15000.0,0.0,0.0,2.0,15000.0,15000.0,15000.0,15000.0
Jharkhand,Deogarh,Madhupur,Assam C.T.C. Leaf,Beverages,0.06,14500,15000,15000,2008-12-26,15000.0,0.0,0.0,1.0,15000.0,15000.0,15000.0,15000.0
Jharkhand,Deogarh,Madhupur,Assam C.T.C. Leaf,Beverages,0.04,14500,15000,15000,2008-12-27,15000.0,0.0,0.0,2.0,15000.0,15000.0,15000.0,15000.0
Jharkhand,Deogarh,Madhupur,Assam C.T.C. Leaf,Beverages,0.06,14500,15000,15000,2008-12-29,15000.0,0.0,0.0,1.0,15000.0,15000.0,15000.0,15000.0
Jharkhand,Deogarh,Madhupur,Assam C.T.C. Leaf,Beverages,0.05,14500,15000,15000,2008-12-30,15000.0,0.0,0.0,1.0,15000.0,15000.0,15000.0,15000.0
Jharkhand,Deogarh,Madhupur,Assam C.T.C. Leaf,Beverages,0.05,14500,15000,15000,2008-12-31,15000.0,0.0,0.0,1.0,15000.0,15000.0,15000.0,15000.0
Jharkhand,Deogarh,Madhupur,Assam C.T.C. Leaf,Beverages,0.05,14500,15000,15000,2009-01-01,15000.0,0.0,0.0,1.0,15000.0,15000.0,15000.0,15000.0
Jharkhand,Deogarh,Madhupur,Assam C.T.C. Leaf,Beverages,0.05,14500,15000,15000,2009-01-02,15000.0,0.0,0.0,1.0,15000.0,15000.0,15000.0,15000.0
Jharkhand,Deogarh,Madhupur,Assam C.T.C. Leaf,Beverages,0.05,14500,15000,15000,2009-01-03,15000.0,0.0,0.0,3.0,15000.0,15000.0,15000.0,15000.0
Jharkhand,Deogarh,Madhupur,Assam C.T.C. Leaf,Beverages,0.05,14500,15000,15000,2009-01-06,15000.0,0.0,0.0,1.0,15000.0,15000.0,15000.0,15000.0
Jharkhand,Deogarh,Madhupur,Assam C.T.C. Leaf,Beverages,0.05,14500,15000,15000,2009-01-07,15000.0,0.0,0.0,2.0,15000.0,15000.0,15000.0,15000.0
Jharkhand,Deogarh,Madhupur,Assam C.T.C. Leaf,Beverages,0.05,14500,15000,15000,2009-01-09,15000.0,0.0,0.0,3.0,15000.0,15000.0,15000.0,15000.0
Jharkhand,Deogarh,Madhupur,Assam C.T.C. Leaf,Beverages,0.05,14500,15000,15000,2009-01-12,15000.0,0.0,0.0,1.0,15000.0,15000.0,15000.0,15000.0
Jharkhand,Deogarh,Madhupur,Assam C.T.C. Leaf,Beverages,0.05,14500,15000,15000,2009-01-13,15000.0,0.0,0.0,2.0,15000.0,15000.0,15000.0,15000.0
Jharkhand,Deogarh,Madhupur,Assam C.T.C. Leaf,Beverages,0.05,14500,15000,15000,2009-01-15,15000.0,0.0,0.0,1.0,15000.0,15000.0,15000.0,15000.0
Jharkhand,Deogarh,Madhupur,Assam C.T.C. Leaf,Beverages,0.05,14500,15000,15000,2009-01-16,15000.0,0.0,0.0,1.0,15000.0,15000.0,15000.0,15000.0
Jharkhand,Deogarh,Madhupur,Assam C.T.C. Leaf,Beverages,0.05,14500,15000,15000,2009-01-17,15000.0,0.0,0.0,2.0,15000.0,15000.0,15000.0,15000.0
Jharkhand,Deogarh,Madhupur,Assam C.T.C. Leaf,Beverages,0.05,14500,15000,15000,2009-01-19,15000.0,0.0,0.0,1.0,15000.0,15000.0,15000.0,15000.0
Jharkhand,Deogarh,Madhupur,Assam C.T.C. Leaf,Beverages,0.05,14500,15000,15000,2009-01-20,15000.0,0.0,0.0,1.0,15000.0,15000.0,15000.0,15000.0
Jharkhand,Deogarh,Madhupur,Assam C.T.C. Leaf,Beverages,0.05,14500,15000,15000,2009-01-21,15000.0,0.0,0.0,1.0,15000.0,15000.0,15000.0,15000.0
Jharkhand,Deogarh,Madhupur,Assam C.T.C. Leaf,Beverages,0.05,14500,15000,15000,2009-02-02,15000.0,0.0,0.0,1.0,15000.0,15000.0,15000.0,15000.0
Jharkhand,Deogarh,Madhupur,Assam C.T.C. Leaf,Beverages,0.05,14500,15000,15000,2009-02-03,15000.0,0.0,0.0,1.0,15000.0,15000.0,15000.0,15000.0
Jharkhand,Deogarh,Madhupur,Assam C.T.C. Leaf,Beverages,0.05,14500,15000,15000,2009-02-04,15000.0,0.0,0.0,1.0,15000.0,15000.0,15000.0,15000.0
Jharkhand,Deogarh,Madhupur,Assam C.T.C. Leaf,Beverages,0.05,14500,15000,15000,2009-02-05,15000.0,0.0,0.0,1.0,15000.0,15000.0,15000.0,15000.0
Jharkhand,Deogarh,Madhupur,Assam C.T.C. Leaf,Beverages,0.05,14500,15000,15000,2009-02-06,15000.0,0.0,0.0,1.0,15000.0,15000.0,15000.0,15000.0
Jharkhand,Deogarh,Madhupur,Assam C.T.C. Leaf,Beverages,0.05,14500,15000,15000,2009-02-07,15000.0,0.0,0.0,3.0,15000.0,15000.0,15000.0,15000.0
Jharkhand,Deogarh,Madhupur,Assam C.T.C. Leaf,Beverages,0.05,14500,15000,15000,2009-02-10,15000.0,0.0,0.0,1.0,15000.0,15000.0,15000.0,15000.0
Jharkhand,Deogarh,Madhupur,Assam C.T.C. Leaf,Beverages,0.05,14500,15000,15000,2009-03-03,15000.0,0.0,0.0,1.0,15000.0,15000.0,15000.0,15000.0
Jharkhand,Deogarh,Madhupur,Assam C.T.C. Leaf,Beverages,0.05,14500,15000,15000,2009-03-04,15000.0,0.0,0.0,1.0,15000.0,15000.0,15000.0,15000.0
Jharkhand,Deogarh,Madhupur,Assam C.T.C. Leaf,Beverages,0.06,14500,15000,15000,2009-03-05,15000.0,0.0,0.0,1.0,15000.0,15000.0,15000.0,15000.0
Jharkhand,Deogarh,Madhupur,Assam C.T.C. Leaf,Beverages,0.05,14500,15000,15000,2009-03-06,15000.0,0.0,0.0,1.0,15000.0,15000.0,15000.0,15000.0
Jharkhand,Deogarh,Madhupur,Assam C.T.C. Leaf,Beverages,0.05,14500,15000,15000,2009-03-07,15000.0,0.0,0.0,2.0,15000.0,15000.0,15000.0,15000.0
Jharkhand,Deogarh,Madhupur,Assam C.T.C. Leaf,Beverages,0.06,14500,15000,15000,2009-03-09,15000.0,0.0,0.0,3.0,15000.0,15000.0,15000.0,15000.0
Jharkhand,Deogarh,Madhupur,Assam C.T.C. Leaf,Beverages,0.05,14500,15000,15000,2009-03-12,15000.0,0.0,0.0,1.0,15000.0,15000.0,15000.0,15000.0
Jharkhand,Deogarh,Madhupur,Assam C.T.C. Leaf,Beverages,0.05,14500,15000,15000,2009-03-13,15000.0,0.0,0.0,1.0,15000.0,15000.0,15000.0,15000.0
Jharkhand,Deogarh,Madhupur,Assam C.T.C. Leaf,Beverages,0.05,14500,15000,15000,2009-03-14,15000.0,0.0,0.0,5.0,15000.0,15000.0,15000.0,15000.0
Jharkhand,Deogarh,Madhupur,Assam C.T.C. Leaf,Beverages,0.05,14500,15000,15000,2009-03-19,15000.0,0.0,0.0,1.0,15000.0,15000.0,15000.0,15000.0
Jharkhand,Deogarh,Madhupur,Assam C.T.C. Leaf,Beverages,0.05,14500,15000,15000,2009-03-20,15000.0,0.0,0.0,1.0,15000.0,15000.0,15000.0,15000.0
Jharkhand,Deogarh,Madhupur,Assam C.T.C. Leaf,Beverages,0.05,14500,15000,15000,2009-03-21,15000.0,0.0,0.0,2.0,15000.0,15000.0,15000.0,15000.0
Jharkhand,Deogarh,Madhupur,Assam C.T.C. Leaf,Beverages,0.06,14500,15000,15000,2009-03-23,15000.0,0.0,0.0,1.0,15000.0,15000.0,15000.0,15000.0
Jharkhand,Deogarh,Madhupur,Assam C.T.C. Leaf,Beverages,0.06,14500,15000,15000,2009-03-24,15000.0,0.0,0.0,1.0,15000.0,15000.0,15000.0,15000.0
Jharkhand,Deogarh,Madhupur,Assam C.T.C. Leaf,Beverages,0.05,14500,15000,15000,2009-03-25,15000.0,0.0,0.0,1.0,15000.0,15000.0,15000.0,15000.0
Jharkhand,Deogarh,Madhupur,Assam C.T.C. Leaf,Beverages,0.05,14500,15000,15000,2009-03-26,15000.0,0.0,0.0,1.0,15000.0,15000.0,15000.0,15000.0
Jharkhand,Deogarh,Madhupur,Assam C.T.C. Leaf,Beverages,0.06,14500,15000,15000,2009-03-27,15000.0,0.0,0.0,1.0,15000.0,15000.0,15000.0,15000.0
Jharkhand,Deogarh,Madhupur,Assam C.T.C. Leaf,Beverages,0.05,14500,15000,15000,2009-03-28,15000.0,0.0,0.0,2.0,15000.0,15000.0,15000.0,15000.0
Jharkhand,Deogarh,Madhupur,Assam C.T.C. Leaf,Beverages,0.05,14500,15000,15000,2009-03-30,15000.0,0.0,0.0,2.0,15000.0,15000.0,15000.0,15000.0
Jharkhand,Deogarh,Madhupur,Assam C.T.C. Leaf,Beverages,0.06,14500,15000,15000,2009-04-01,15000.0,0.0,0.0,1.0,15000.0,15000.0,15000.0,15000.0
Jharkhand,Deogarh,Madhupur,Assam C.T.C. Leaf,Beverages,0.05,14500,15000,15000,2009-04-02,15000.0,0.0,0.0,2.0,15000.0,15000.0,15000.0,15000.0
Jharkhand,Deogarh,Madhupur,Assam C.T.C. Leaf,Beverages,0.05,14500,15000,15000,2009-04-04,15000.0,0.0,0.0,2.0,15000.0,15000.0,15000.0,15000.0
Jharkhand,Deogarh,Madhupur,Assam C.T.C. Leaf,Beverages,0.05,14500,15000,15000,2009-04-06,15000.0,0.0,0.0,2.0,15000.0,15000.0,15000.0,15000.0
Jharkhand,Deogarh,Madhupur,Assam C.T.C. Leaf,Beverages,0.05,14500,15000,15000,2009-05-02,15000.0,0.0,0.0,2.0,15000.0,15000.0,15000.0,15000.0
Jharkhand,Deogarh,Madhupur,Assam C.T.C. Leaf,Beverages,0.06,14500,15000,15000,2009-05-04,15000.0,0.0,0.0,1.0,15000.0,15000.0,15000.0,15000.0
Jharkhand,Deogarh,Madhupur,Assam C.T.C. Leaf,Beverages,0.05,14500,15000,15000,2009-05-05,15000.0,0.0,0.0,1.0,15000.0,15000.0,15000.0,15000.0
Jharkhand,Deogarh,Madhupur,Assam C.T.C. Leaf,Beverages,0.05,14500,15000,15000,2009-05-06,15000.0,0.0,0.0,1.0,15000.0,15000.0,15000.0,15000.0
Jharkhand,Deogarh,Madhupur,Assam C.T.C. Leaf,Beverages,0.05,14500,15000,15000,2009-05-07,15000.0,0.0,0.0,1.0,15000.0,15000.0,15000.0,15000.0
Jharkhand,Deogarh,Madhupur,Assam C.T.C. Leaf,Beverages,0.05,14500,15000,15000,2009-05-08,15000.0,0.0,0.0,3.0,15000.0,15000.0,15000.0,15000.0
Jharkhand,Deogarh,Madhupur,Assam C.T.C. Leaf,Beverages,0.05,14500,15000,15000,2009-05-11,15000.0,0.0,0.0,1.0,15000.0,15000.0,15000.0,15000.0
Jharkhand,Deogarh,Madhupur,Assam C.T.C. Leaf,Beverages,0.05,14500,15000,15000,2009-05-12,15000.0,0.0,0.0,1.0,15000.0,15000.0,15000.0,15000.0
Jharkhand,Deogarh,Madhupur,Assam C.T.C. Leaf,Beverages,0.05,14500,15000,15000,2009-05-13,15000.0,0.0,0.0,1.0,15000.0,15000.0,15000.0,15000.0
Jharkhand,Deogarh,Madhupur,Assam C.T.C. Leaf,Beverages,0.06,14500,15000,15000,2009-05-14,15000.0,0.0,0.0,1.0,15000.0,15000.0,15000.0,15000.0
Jharkhand,Deogarh,Madhupur,Assam C.T.C. Leaf,Beverages,0.05,14500,15000,15000,2009-05-15,15000.0,0.0,0.0,1.0,15000.0,15000.0,15000.0,15000.0
Jharkhand,Deogarh,Madhupur,Assam C.T.C. Leaf,Beverages,0.05,14500,15000,15000,2009-05-16,15000.0,0.0,0.0,2.0,15000.0,15000.0,15000.0,15000.0
Jharkhand,Deogarh,Madhupur,Assam C.T.C. Leaf,Beverages,0.05,14500,15000,15000,2009-05-18,18000.0,0.2,0.1823215567939546,1.0,15000.0,15000.0,15000.0,15000.0
Jharkhand,Deogarh,Madhupur,Assam C.T.C. Leaf,Beverages,0.05,18000,19000,19000,2009-06-06,19000.0,0.0,0.0,2.0,15000.0,15000.0,15000.0,15000.0
Jharkhand,Deogarh,Madhupur,Assam C.T.C. Leaf,Beverages,0.05,18000,19000,19000,2009-06-08,19000.0,0.0,0.0,1.0,19000.0,15000.0,15000.0,15000.0
Jharkhand,Deogarh,Madhupur,Assam C.T.C. Leaf,Beverages,0.05,18000,19000,19000,2009-06-09,19000.0,0.0,0.0,1.0,19000.0,15000.0,15000.0,15000.0
Jharkhand,Deogarh,Madhupur,Assam C.T.C. Leaf,Beverages,0.04,18000,19000,19000,2009-06-10,19000.0,0.0,0.0,1.0,19000.0,15000.0,15000.0,15000.0
Jharkhand,Deogarh,Madhupur,Assam C.T.C. Leaf,Beverages,0.05,18000,19000,19000,2009-06-11,19000.0,0.0,0.0,1.0,19000.0,15000.0,15000.0,15000.0
Jharkhand,Deogarh,Madhupur,Assam C.T.C. Leaf,Beverages,0.05,18000,19000,19000,2009-06-12,19000.0,0.0,0.0,1.0,19000.0,15000.0,15000.0,15000.0
Jharkhand,Deogarh,Madhupur,Assam C.T.C. Leaf,Beverages,0.05,18000,19000,19000,2009-06-13,19000.0,0.0,0.0,2.0,19000.0,15000.0,15000.0,15000.0
Jharkhand,Deogarh,Madhupur,Assam C.T.C. Leaf,Beverages,0.05,18000,19000,19000,2009-06-15,19000.0,0.0,0.0,1.0,19000.0,19000.0,15000.0,15000.0
Jharkhand,Deogarh,Madhupur,Assam C.T.C. Leaf,Beverages,0.05,18000,19000,19000,2009-06-16,19000.0,0.0,0.0,1.0,19000.0,19000.0,15000.0,15000.0
Jharkhand,Deogarh,Madhupur,Assam C.T.C. Leaf,Beverages,0.05,18000,19000,19000,2009-07-01,19000.0,0.0,0.0,1.0,19000.0,19000.0,15000.0,15000.0
Jharkhand,Deogarh,Madhupur,Assam C.T.C. Leaf,Beverages,0.05,18000,19000,19000,2009-07-02,19000.0,0.0,0.0,1.0,19000.0,19000.0,15000.0,15000.0
Jharkhand,Deogarh,Madhupur,Assam C.T.C. Leaf,Beverages,0.05,18000,19000,19000,2009-07-03,19000.0,0.0,0.0,1.0,19000.0,19000.0,15000.0,15000.0
Jharkhand,Deogarh,Madhupur,Assam C.T.C. Leaf,Beverages,0.05,18000,19000,19000,2009-07-04,19000.0,0.0,0.0,2.0,19000.0,19000.0,15000.0,15000.0
Jharkhand,Deogarh,Madhupur,Assam C.T.C. Leaf,Beverages,0.05,18000,19000,19000,2009-07-06,19000.0,0.0,0.0,1.0,19000.0,19000.0,15000.0,15000.0
Jharkhand,Deogarh,Madhupur,Assam C.T.C. Leaf,Beverages,0.05,18000,19000,19000,2009-07-07,19000.0,0.0,0.0,1.0,19000.0,19000.0,19000.0,15000.0
Jharkhand,Deogarh,Madhupur,Assam C.T.C. Leaf,Beverages,0.05,18000,19000,19000,2009-07-08,19000.0,0.0,0.0,1.0,19000.0,19000.0,19000.0,15000.0
Jharkhand,Deogarh,Madhupur,Assam C.T.C. Leaf,Beverages,0.05,18000,19000,19000,2009-07-09,19000.0,0.0,0.0,1.0,19000.0,19000.0,19000.0,15000.0
Jharkhand,Deogarh,Madhupur,Assam C.T.C. Leaf,Beverages,0.05,18000,19000,19000,2009-07-10,19000.0,0.0,0.0,1.0,19000.0,19000.0,19000.0,15000.0
Jharkhand,Deogarh,Madhupur,Assam C.T.C. Leaf,Beverages,0.05,18000,19000,19000,2009-07-11,19000.0,0.0,0.0,2.0,19000.0,19000.0,19000.0,15000.0
Jharkhand,Deogarh,Madhupur,Assam C.T.C. Leaf,Beverages,0.05,18000,19000,19000,2009-07-13,19000.0,0.0,0.0,1.0,19000.0,19000.0,19000.0,15000.0
Jharkhand,Deogarh,Madhupur,Assam C.T.C. Leaf,Beverages,0.05,18000,19000,19000,2009-07-14,19000.0,0.0,0.0,1.0,19000.0,19000.0,19000.0,15000.0
Jharkhand,Deogarh,Madhupur,Assam C.T.C. Leaf,Beverages,0.05,18000,19000,19000,2009-07-15,19000.0,0.0,0.0,1.0,19000.0,19000.0,19000.0,15000.0
Jharkhand,Deogarh,Madhupur,Assam C.T.C. Leaf,Beverages,0.05,18000,19000,19000,2009-07-16,19000.0,0.0,0.0,1.0,19000.0,19000.0,19000.0,15000.0
Jharkhand,Deogarh,Madhupur,Assam C.T.C. Leaf,Beverages,0.05,18000,19000,19000,2009-07-17,19000.0,0.0,0.0,1.0,19000.0,19000.0,19000.0,15000.0
Jharkhand,Deogarh,Madhupur,Assam C.T.C. Leaf,Beverages,0.05,18000,19000,19000,2009-07-18,19000.0,0.0,0.0,2.0,19000.0,19000.0,19000.0,15000.0
Jharkhand,Deogarh,Madhupur,Assam C.T.C. Leaf,Beverages,0.06,18000,19000,19000,2009-07-20,19000.0,0.0,0.0,1.0,19000.0,19000.0,19000.0,15000.0
Jharkhand,Deogarh,Madhupur,Assam C.T.C. Leaf,Beverages,0.05,18000,19000,19000,2009-07-21,19000.0,0.0,0.0,1.0,19000.0,19000.0,19000.0,15000.0
Jharkhand,Deogarh,Madhupur,Assam C.T.C. Leaf,Beverages,0.04,18000,19000,19000,2009-07-22,19000.0,0.0,0.0,1.0,19000.0,19000.0,19000.0,15000.0
Jharkhand,Deogarh,Madhupur,Assam C.T.C. Leaf,Beverages,0.05,18000,19000,19000,2009-07-23,19000.0,0.0,0.0,1.0,19000.0,19000.0,19000.0,15000.0
Jharkhand,Deogarh,Madhupur,Assam C.T.C. Leaf,Beverages,0.05,18000,19000,19000,2009-07-24,19000.0,0.0,0.0,1.0,19000.0,19000.0,19000.0,15000.0
Jharkhand,Deogarh,Madhupur,Assam C.T.C. Leaf,Beverages,0.06,18000,19000,19000,2009-07-25,19000.0,0.0,0.0,2.0,19000.0,19000.0,19000.0,19000.0
Jharkhand,Deogarh,Madhupur,Assam C.T.C. Leaf,Beverages,0.05,18000,19000,19000,2009-07-27,19000.0,0.0,0.0,1.0,19000.0,19000.0,19000.0,19000.0
Jharkhand,Deogarh,Madhupur,Assam C.T.C. Leaf,Beverages,0.05,18000,19000,19000,2009-07-28,19000.0,0.0,0.0,1.0,19000.0,19000.0,19000.0,19000.0
Jharkhand,Deogarh,Madhupur,Assam C.T.C. Leaf,Beverages,0.05,18500,19000,19000,2009-07-29,19000.0,0.0,0.0,3.0,19000.0,19000.0,19000.0,19000.0
Jharkhand,Deogarh,Madhupur,Assam C.T.C. Leaf,Beverages,0.05,18000,19000,19000,2009-08-01,19000.0,0.0,0.0,2.0,19000.0,19000.0,19000.0,19000.0
Jharkhand,Deogarh,Madhupur,Assam C.T.C. Leaf,Beverages,0.05,18000,19000,19000,2009-08-03,19000.0,0.0,0.0,1.0,19000.0,19000.0,19000.0,19000.0
Jharkhand,Deogarh,Madhupur,Assam C.T.C. Leaf,Beverages,0.05,18000,19000,19000,2009-08-04,19000.0,0.0,0.0,1.0,19000.0,19000.0,19000.0,19000.0
Jharkhand,Deogarh,Madhupur,Assam C.T.C. Leaf,Beverages,0.05,18000,19000,19000,2009-08-05,19000.0,0.0,0.0,1.0,19000.0,19000.0,19000.0,19000.0
Jharkhand,Deogarh,Madhupur,Assam C.T.C. Leaf,Beverages,0.05,18000,19000,19000,2009-08-06,19000.0,0.0,0.0,1.0,19000.0,19000.0,19000.0,19000.0
Jharkhand,Deogarh,Madhupur,Assam C.T.C. Leaf,Beverages,0.05,18000,19000,19000,2009-08-07,19000.0,0.0,0.0,1.0,19000.0,19000.0,19000.0,19000.0
Jharkhand,Deogarh,Madhupur,Assam C.T.C. Leaf,Beverages,0.05,18000,19000,19000,2009-08-08,19000.0,0.0,0.0,2.0,19000.0,19000.0,19000.0,19000.0
Jharkhand,Deogarh,Madhupur,Assam C.T.C. Leaf,Beverages,0.05,18000,19000,19000,2009-08-10,19000.0,0.0,0.0,1.0,19000.0,19000.0,19000.0,19000.0
Jharkhand,Deogarh,Madhupur,Assam C.T.C. Leaf,Beverages,0.04,18000,19000,19000,2009-08-11,19000.0,0.0,0.0,1.0,19000.0,19000.0,19000.0,19000.0
Jharkhand,Deogarh,Madhupur,Assam C.T.C. Leaf,Beverages,0.05,18000,19000,19000,2009-08-12,19000.0,0.0,0.0,1.0,19000.0,19000.0,19000.0,19000.0
Jharkhand,Deogarh,Madhupur,Assam C.T.C. Leaf,Beverages,0.05,18000,19000,19000,2009-08-26,19000.0,0.0,0.0,1.0,19000.0,19000.0,19000.0,19000.0
Jharkhand,Deogarh,Madhupur,Assam C.T.C. Leaf,Beverages,0.05,18000,19000,19000,2009-08-27,19000.0,0.0,0.0,5.0,19000.0,19000.0,19000.0,19000.0
Jharkhand,Deogarh,Madhupur,Assam C.T.C. Leaf,Beverages,0.5,18000,19000,19000,2009-09-01,19000.0,0.0,0.0,1.0,19000.0,19000.0,19000.0,19000.0
Jharkhand,Deogarh,Madhupur,Assam C.T.C. Leaf,Beverages,0.5,18000,19000,19000,2009-09-02,19000.0,0.0,0.0,1.0,19000.0,19000.0,19000.0,19000.0
Jharkhand,Deogarh,Madhupur,Assam C.T.C. Leaf,Beverages,0.5,18000,19000,19000,2009-09-03,19000.0,0.0,0.0,1.0,19000.0,19000.0,19000.0,19000.0
Jharkhand,Deogarh,Madhupur,Assam C.T.C. Leaf,Beverages,0.5,18000,19000,19000,2009-09-04,19000.0,0.0,0.0,1.0,19000.0,19000.0,19000.0,19000.0
Jharkhand,Deogarh,Madhupur,Assam C.T.C. Leaf,Beverages,0.4,18000,19000,19000,2009-09-05,19000.0,0.0,0.0,2.0,19000.0,19000.0,19000.0,19000.0
Jharkhand,Deogarh,Madhupur,Assam C.T.C. Leaf,Beverages,0.55,18000,19000,19000,2009-09-07,19000.0,0.0,0.0,1.0,19000.0,19000.0,19000.0,19000.0
Jharkhand,Deogarh,Madhupur,Assam C.T.C. Leaf,Beverages,0.5,18000,19000,19000,2009-09-08,19000.0,0.0,0.0,1.0,19000.0,19000.0,19000.0,19000.0
Jharkhand,Deogarh,Madhupur,Assam C.T.C. Leaf,Beverages,0.5,18000,19000,19000,2009-09-09,19000.0,0.0,0.0,1.0,19000.0,19000.0,19000.0,19000.0
Jharkhand,Deogarh,Madhupur,Assam C.T.C. Leaf,Beverages,0.4,18000,19000,19000,2009-09-10,19000.0,0.0,0.0,1.0,19000.0,19000.0,19000.0,19000.0
Jharkhand,Deogarh,Madhupur,Assam C.T.C. Leaf,Beverages,0.45,18000,19000,19000,2009-09-11,19000.0,0.0,0.0,1.0,19000.0,19000.0,19000.0,19000.0
Jharkhand,Deogarh,Madhupur,Assam C.T.C. Leaf,Beverages,0.5,18000,19000,19000,2009-09-12,19000.0,0.0,0.0,2.0,19000.0,19000.0,19000.0,19000.0
Jharkhand,Deogarh,Madhupur,Assam C.T.C. Leaf,Beverages,0.4,18000,19000,19000,2009-09-14,19000.0,0.0,0.0,1.0,19000.0,19000.0,19000.0,19000.0
Jharkhand,Deogarh,Madhupur,Assam C.T.C. Leaf,Beverages,0.5,18000,19000,19000,2009-09-15,19000.0,0.0,0.0,1.0,19000.0,19000.0,19000.0,19000.0
Jharkhand,Deogarh,Madhupur,Assam C.T.C. Leaf,Beverages,0.4,18000,19000,19000,2009-09-16,19000.0,0.0,0.0,1.0,19000.0,19000.0,19000.0,19000.0
Jharkhand,Deogarh,Madhupur,Assam C.T.C. Leaf,Beverages,0.5,18000,19000,19000,2009-09-17,19000.0,0.0,0.0,5.0,19000.0,19000.0,19000.0,19000.0
Jharkhand,Deogarh,Madhupur,Assam C.T.C. Leaf,Beverages,0.5,18000,19000,19000,2009-09-22,19000.0,0.0,0.0,1.0,19000.0,19000.0,19000.0,19000.0
Jharkhand,Deogarh,Madhupur,Assam C.T.C. Leaf,Beverages,0.45,18000,19000,19000,2009-09-23,19000.0,0.0,0.0,1.0,19000.0,19000.0,19000.0,19000.0
Jharkhand,Deogarh,Madhupur,Assam C.T.C. Leaf,Beverages,0.5,18000,19000,19000,2009-09-24,19000.0,0.0,0.0,5.0,19000.0,19000.0,19000.0,19000.0
Jharkhand,Deogarh,Madhupur,Assam C.T.C. Leaf,Beverages,0.5,18000,19000,19000,2009-09-29,19000.0,0.0,0.0,1.0,19000.0,19000.0,19000.0,19000.0
Jharkhand,Deogarh,Madhupur,Assam C.T.C. Leaf,Beverages,0.5,18000,19000,19000,2009-09-30,19000.0,0.0,0.0,1.0,19000.0,19000.0,19000.0,19000.0
Jharkhand,Deogarh,Madhupur,Assam C.T.C. Leaf,Beverages,0.5,18000,19000,19000,2009-10-01,19000.0,0.0,0.0,2.0,19000.0,19000.0,19000.0,19000.0
Jharkhand,Deogarh,Madhupur,Assam C.T.C. Leaf,Beverages,0.5,18000,19000,19000,2009-10-03,19000.0,0.0,0.0,2.0,19000.0,19000.0,19000.0,19000.0
Jharkhand,Deogarh,Madhupur,Assam C.T.C. Leaf,Beverages,0.4,18000,19000,19000,2009-10-05,19000.0,0.0,0.0,1.0,19000.0,19000.0,19000.0,19000.0
Jharkhand,Deogarh,Madhupur,Assam C.T.C. Leaf,Beverages,0.5,18000,19000,19000,2009-10-06,19000.0,0.0,0.0,1.0,19000.0,19000.0,19000.0,19000.0
Jharkhand,Deogarh,Madhupur,Assam C.T.C. Leaf,Beverages,0.5,18000,19000,19000,2009-10-07,19000.0,0.0,0.0,1.0,19000.0,19000.0,19000.0,19000.0
Jharkhand,Deogarh,Madhupur,Assam C.T.C. Leaf,Beverages,0.5,18000,19000,19000,2009-10-08,19000.0,0.0,0.0,1.0,19000.0,19000.0,19000.0,19000.0
Jharkhand,Deogarh,Madhupur,Assam C.T.C. Leaf,Beverages,0.4,18000,19000,19000,2009-10-09,19000.0,0.0,0.0,1.0,19000.0,19000.0,19000.0,19000.0
Jharkhand,Deogarh,Madhupur,Assam C.T.C. Leaf,Beverages,0.5,18000,19000,19000,2009-10-10,19000.0,0.0,0.0,2.0,19000.0,19000.0,19000.0,19000.0
Jharkhand,Deogarh,Madhupur,Assam C.T.C. Leaf,Beverages,0.4,18000,19000,19000,2009-10-12,19000.0,0.0,0.0,1.0,19000.0,19000.0,19000.0,19000.0
Jharkhand,Deogarh,Madhupur,Assam C.T.C. Leaf,Beverages,0.5,18000,19000,19000,2009-10-13,19000.0,0.0,0.0,1.0,19000.0,19000.0,19000.0,19000.0
Jharkhand,Deogarh,Madhupur,Assam C.T.C. Leaf,Beverages,0.5,18000,19000,19000,2009-10-14,19000.0,0.0,0.0,1.0,19000.0,19000.0,19000.0,19000.0
Jharkhand,Deogarh,Madhupur,Assam C.T.C. Leaf,Beverages,0.5,18000,19000,19000,2009-10-15,19000.0,0.0,0.0,1.0,19000.0,19000.0,19000.0,19000.0
Jharkhand,Deogarh,Madhupur,Assam C.T.C. Leaf,Beverages,0.5,18000,19000,19000,2009-10-16,19000.0,0.0,0.0,3.0,19000.0,19000.0,19000.0,19000.0
Jharkhand,Deogarh,Madhupur,Assam C.T.C. Leaf,Beverages,40.0,18000,19000,19000,2009-10-19,19000.0,0.0,0.0,2.0,19000.0,19000.0,19000.0,19000.0
Jharkhand,Deogarh,Madhupur,Assam C.T.C. Leaf,Beverages,0.5,18000,19000,19000,2009-10-21,19000.0,0.0,0.0,1.0,19000.0,19000.0,19000.0,19000.0
Jharkhand,Deogarh,Madhupur,Assam C.T.C. Leaf,Beverages,0.4,18000,19000,19000,2009-10-22,19000.0,0.0,0.0,1.0,19000.0,19000.0,19000.0,19000.0
Jharkhand,Deogarh,Madhupur,Assam C.T.C. Leaf,Beverages,0.5,18000,19000,19000,2009-10-23,19000.0,0.0,0.0,3.0,19000.0,19000.0,19000.0,19000.0
Jharkhand,Deogarh,Madhupur,Assam C.T.C. Leaf,Beverages,0.5,18000,19000,19000,2009-10-26,19000.0,0.0,0.0,1.0,19000.0,19000.0,19000.0,19000.0
Jharkhand,Deogarh,Madhupur,Assam C.T.C. Leaf,Beverages,0.5,18000,19000,19000,2009-10-27,19000.0,0.0,0.0,1.0,19000.0,19000.0,19000.0,19000.0
Jharkhand,Deogarh,Madhupur,Assam C.T.C. Leaf,Beverages,0.5,18000,19000,19000,2009-10-28,19000.0,0.0,0.0,1.0,19000.0,19000.0,19000.0,19000.0
Jharkhand,Deogarh,Madhupur,Assam C.T.C. Leaf,Beverages,0.5,18000,19000,19000,2009-10-29,19000.0,0.0,0.0,1.0,19000.0,19000.0,19000.0,19000.0
Jharkhand,Deogarh,Madhupur,Assam C.T.C. Leaf,Beverages,0.5,18000,19000,19000,2009-10-30,19000.0,0.0,0.0,4.0,19000.0,19000.0,19000.0,19000.0
Jharkhand,Deogarh,Madhupur,Assam C.T.C. Leaf,Beverages,0.5,18000,19000,19000,2009-11-03,19000.0,0.0,0.0,1.0,19000.0,19000.0,19000.0,19000.0
Jharkhand,Deogarh,Madhupur,Assam C.T.C. Leaf,Beverages,0.3,18000,19000,19000,2009-11-04,19000.0,0.0,0.0,1.0,19000.0,19000.0,19000.0,19000.0
Jharkhand,Deogarh,Madhupur,Assam C.T.C. Leaf,Beverages,0.2,18000,19000,19000,2009-11-05,19000.0,0.0,0.0,2.0,19000.0,19000.0,19000.0,19000.0
Jharkhand,Deogarh,Madhupur,Assam C.T.C. Leaf,Beverages,0.5,18000,19000,19000,2009-11-07,19000.0,0.0,0.0,2.0,19000.0,19000.0,19000.0,19000.0
Jharkhand,Deogarh,Madhupur,Assam C.T.C. Leaf,Beverages,0.4,18000,19000,19000,2009-11-09,19000.0,0.0,0.0,1.0,19000.0,19000.0,19000.0,19000.0
Jharkhand,Deogarh,Madhupur,Assam C.T.C. Leaf,Beverages,0.5,18000,19000,19000,2009-11-10,19000.0,0.0,0.0,1.0,19000.0,19000.0,19000.0,19000.0
Jharkhand,Deogarh,Madhupur,Assam C.T.C. Leaf,Beverages,0.3,18000,19000,19000,2009-11-11,19000.0,0.0,0.0,1.0,19000.0,19000.0,19000.0,19000.0
Jharkhand,Deogarh,Madhupur,Assam C.T.C. Leaf,Beverages,0.3,18000,19000,19000,2009-11-12,20000.0,0.0526315789473684,0.0512932943875504,1.0,19000.0,19000.0,19000.0,19000.0
Jharkhand,Deogarh,Madhupur,Assam C.T.C. Leaf,Beverages,0.5,19000,20000,20000,2009-11-13,20000.0,0.0,0.0,1.0,19000.0,19000.0,19000.0,19000.0
Jharkhand,Deogarh,Madhupur,Assam C.T.C. Leaf,Beverages,0.3,19000,20000,20000,2009-11-14,20000.0,0.0,0.0,2.0,20000.0,19000.0,19000.0,19000.0
Jharkhand,Deogarh,Madhupur,Assam C.T.C. Leaf,Beverages,0.4,19000,20000,20000,2009-11-16,20000.0,0.0,0.0,1.0,20000.0,19000.0,19000.0,19000.0
Jharkhand,Deogarh,Madhupur,Assam C.T.C. Leaf,Beverages,0.5,19000,20000,20000,2009-11-17,20000.0,0.0,0.0,1.0,20000.0,19000.0,19000.0,19000.0
Jharkhand,Deogarh,Madhupur,Assam C.T.C. Leaf,Beverages,0.4,19000,20000,20000,2009-11-18,20000.0,0.0,0.0,1.0,20000.0,19000.0,19000.0,19000.0
Jharkhand,Deogarh,Madhupur,Assam C.T.C. Leaf,Beverages,0.4,19000,20000,20000,2009-11-19,20000.0,0.0,0.0,4.0,20000.0,19000.0,19000.0,19000.0
Jharkhand,Deogarh,Madhupur,Assam C.T.C. Leaf,Beverages,0.4,19000,20000,20000,2009-11-23,20000.0,0.0,0.0,1.0,20000.0,19000.0,19000.0,19000.0
Jharkhand,Deogarh,Madhupur,Assam C.T.C. Leaf,Beverages,0.5,19000,20000,20000,2009-11-24,20000.0,0.0,0.0,2.0,20000.0,20000.0,19000.0,19000.0
Jharkhand,Deogarh,Madhupur,Assam C.T.C. Leaf,Beverages,0.3,19000,20000,20000,2009-11-26,20000.0,0.0,0.0,1.0,20000.0,20000.0,19000.0,19000.0
Jharkhand,Deogarh,Madhupur,Assam C.T.C. Leaf,Beverages,0.4,19000,20000,20000,2009-11-27,20000.0,0.0,0.0,4.0,20000.0,20000.0,19000.0,19000.0
Jharkhand,Deogarh,Madhupur,Assam C.T.C. Leaf,Beverages,0.5,19000,20000,20000,2009-12-01,20000.0,0.0,0.0,1.0,20000.0,20000.0,19000.0,19000.0
Jharkhand,Deogarh,Madhupur,Assam C.T.C. Leaf,Beverages,0.45,19000,20000,20000,2009-12-02,20000.0,0.0,0.0,1.0,20000.0,20000.0,19000.0,19000.0
Jharkhand,Deogarh,Madhupur,Assam C.T.C. Leaf,Beverages,0.5,19000,20000,20000,2009-12-03,20000.0,0.0,0.0,1.0,20000.0,20000.0,19000.0,19000.0
Jharkhand,Deogarh,Madhupur,Assam C.T.C. Leaf,Beverages,0.5,19000,20000,20000,2009-12-04,20000.0,0.0,0.0,1.0,20000.0,20000.0,19000.0,19000.0
Jharkhand,Deogarh,Madhupur,Assam C.T.C. Leaf,Beverages,0.4,19000,20000,20000,2009-12-05,20000.0,0.0,0.0,2.0,20000.0,20000.0,20000.0,19000.0
Jharkhand,Deogarh,Madhupur,Assam C.T.C. Leaf,Beverages,0.5,19000,20000,20000,2009-12-07,20000.0,0.0,0.0,1.0,20000.0,20000.0,20000.0,19000.0
Jharkhand,Deogarh,Madhupur,Assam C.T.C. Leaf,Beverages,0.3,19000,20000,20000,2009-12-08,20000.0,0.0,0.0,1.0,20000.0,20000.0,20000.0,19000.0
Jharkhand,Deogarh,Madhupur,Assam C.T.C. Leaf,Beverages,0.2,19000,20000,20000,2009-12-09,20000.0,0.0,0.0,1.0,20000.0,20000.0,20000.0,19000.0
Jharkhand,Deogarh,Madhupur,Assam C.T.C. Leaf,Beverages,0.3,19000,20000,20000,2009-12-10,20000.0,0.0,0.0,1.0,20000.0,20000.0,20000.0,19000.0
Jharkhand,Deogarh,Madhupur,Assam C.T.C. Leaf,Beverages,0.5,19000,20000,20000,2009-12-11,20000.0,0.0,0.0,1.0,20000.0,20000.0,20000.0,19000.0
Jharkhand,Deogarh,Madhupur,Assam C.T.C. Leaf,Beverages,0.4,19000,20000,20000,2009-12-12,20000.0,0.0,0.0,2.0,20000.0,20000.0,20000.0,19000.0
Jharkhand,Deogarh,Madhupur,Assam C.T.C. Leaf,Beverages,0.4,19000,20000,20000,2009-12-14,20000.0,0.0,0.0,1.0,20000.0,20000.0,20000.0,19000.0
Jharkhand,Deogarh,Madhupur,Assam C.T.C. Leaf,Beverages,0.5,19000,20000,20000,2009-12-15,20000.0,0.0,0.0,1.0,20000.0,20000.0,20000.0,19000.0
Jharkhand,Deogarh,Madhupur,Assam C.T.C. Leaf,Beverages,0.4,19000,20000,20000,2009-12-16,20000.0,0.0,0.0,1.0,20000.0,20000.0,20000.0,19000.0
Jharkhand,Deogarh,Madhupur,Assam C.T.C. Leaf,Beverages,0.4,19000,20000,20000,2009-12-17,20000.0,0.0,0.0,1.0,20000.0,20000.0,20000.0,19000.0
Jharkhand,Deogarh,Madhupur,Assam C.T.C. Leaf,Beverages,0.45,19000,20000,20000,2009-12-18,20000.0,0.0,0.0,1.0,20000.0,20000.0,20000.0,19000.0
Jharkhand,Deogarh,Madhupur,Assam C.T.C. Leaf,Beverages,0.4,19000,20000,20000,2009-12-19,20000.0,0.0,0.0,2.0,20000.0,20000.0,20000.0,19000.0
Jharkhand,Deogarh,Madhupur,Assam C.T.C. Leaf,Beverages,0.4,19000,20000,20000,2009-12-21,20000.0,0.0,0.0,1.0,20000.0,20000.0,20000.0,19000.0
Jharkhand,Deogarh,Madhupur,Assam C.T.C. Leaf,Beverages,0.4,19000,20000,20000,2009-12-22,20000.0,0.0,0.0,1.0,20000.0,20000.0,20000.0,19000.0
Jharkhand,Deogarh,Madhupur,Assam C.T.C. Leaf,Beverages,0.3,19000,20000,20000,2009-12-23,20000.0,0.0,0.0,1.0,20000.0,20000.0,20000.0,19000.0
Jharkhand,Deogarh,Madhupur,Assam C.T.C. Leaf,Beverages,0.3,19000,20000,20000,2009-12-24,20000.0,0.0,0.0,2.0,20000.0,20000.0,20000.0,20000.0
Jharkhand,Deogarh,Madhupur,Assam C.T.C. Leaf,Beverages,0.4,19000,20000,20000,2009-12-26,20000.0,0.0,0.0,3.0,20000.0,20000.0,20000.0,20000.0
Jharkhand,Deogarh,Madhupur,Assam C.T.C. Leaf,Beverages,0.4,19000,20000,20000,2009-12-29,20000.0,0.0,0.0,3.0,20000.0,20000.0,20000.0,20000.0
Jharkhand,Deogarh,Madhupur,Assam C.T.C. Leaf,Beverages,0.5,19000,20000,20000,2010-01-01,20000.0,0.0,0.0,1.0,20000.0,20000.0,20000.0,20000.0
Jharkhand,Deogarh,Madhupur,Assam C.T.C. Leaf,Beverages,0.4,19000,20000,20000,2010-01-02,20000.0,0.0,0.0,2.0,20000.0,20000.0,20000.0,20000.0
Jharkhand,Deogarh,Madhupur,Assam C.T.C. Leaf,Beverages,0.45,19000,20000,20000,2010-01-04,20000.0,0.0,0.0,2.0,20000.0,20000.0,20000.0,20000.0
Jharkhand,Deogarh,Madhupur,Assam C.T.C. Leaf,Beverages,0.5,19000,20000,20000,2010-01-06,20000.0,0.0,0.0,1.0,20000.0,20000.0,20000.0,20000.0
Jharkhand,Deogarh,Madhupur,Assam C.T.C. Leaf,Beverages,0.4,19000,20000,20000,2010-01-07,20000.0,0.0,0.0,1.0,20000.0,20000.0,20000.0,20000.0
Jharkhand,Deogarh,Madhupur,Assam C.T.C. Leaf,Beverages,0.5,19000,20000,20000,2010-01-08,20000.0,0.0,0.0,1.0,20000.0,20000.0,20000.0,20000.0
Jharkhand,Deogarh,Madhupur,Assam C.T.C. Leaf,Beverages,0.3,19000,20000,20000,2010-01-09,20000.0,0.0,0.0,2.0,20000.0,20000.0,20000.0,20000.0
Jharkhand,Deogarh,Madhupur,Assam C.T.C. Leaf,Beverages,0.4,19000,20000,20000,2010-02-01,20000.0,0.0,0.0,1.0,20000.0,20000.0,20000.0,20000.0
Jharkhand,Deogarh,Madhupur,Assam C.T.C. Leaf,Beverages,0.4,19000,20000,20000,2010-02-02,20000.0,0.0,0.0,1.0,20000.0,20000.0,20000.0,20000.0
Jharkhand,Deogarh,Madhupur,Assam C.T.C. Leaf,Beverages,0.5,19000,20000,20000,2010-02-03,20000.0,0.0,0.0,1.0,20000.0,20000.0,20000.0,20000.0
Jharkhand,Deogarh,Madhupur,Assam C.T.C. Leaf,Beverages,0.4,19000,20000,20000,2010-02-04,20000.0,0.0,0.0,2.0,20000.0,20000.0,20000.0,20000.0
Jharkhand,Deogarh,Madhupur,Assam C.T.C. Leaf,Beverages,0.4,19000,20000,20000,2010-02-06,20000.0,0.0,0.0,2.0,20000.0,20000.0,20000.0,20000.0
Jharkhand,Deogarh,Madhupur,Assam C.T.C. Leaf,Beverages,0.5,19000,20000,20000,2010-02-08,20000.0,0.0,0.0,1.0,20000.0,20000.0,20000.0,20000.0
Jharkhand,Deogarh,Madhupur,Assam C.T.C. Leaf,Beverages,0.3,19000,20000,20000,2010-02-09,20000.0,0.0,0.0,1.0,20000.0,20000.0,20000.0,20000.0
Jharkhand,Deogarh,Madhupur,Assam C.T.C. Leaf,Beverages,0.4,19000,20000,20000,2010-02-10,20000.0,0.0,0.0,1.0,20000.0,20000.0,20000.0,20000.0
Jharkhand,Deogarh,Madhupur,Assam C.T.C. Leaf,Beverages,0.5,19000,20000,20000,2010-02-11,20000.0,0.0,0.0,2.0,20000.0,20000.0,20000.0,20000.0
Jharkhand,Deogarh,Madhupur,Assam C.T.C. Leaf,Beverages,30.0,19000,20000,20000,2010-02-13,20000.0,0.0,0.0,2.0,20000.0,20000.0,20000.0,20000.0
Jharkhand,Deogarh,Madhupur,Assam C.T.C. Leaf,Beverages,0.3,19000,20000,20000,2010-02-15,20000.0,0.0,0.0,1.0,20000.0,20000.0,20000.0,20000.0
Jharkhand,Deogarh,Madhupur,Assam C.T.C. Leaf,Beverages,0.1,19000,20000,20000,2010-02-16,20000.0,0.0,0.0,1.0,20000.0,20000.0,20000.0,20000.0
Jharkhand,Deogarh,Madhupur,Assam C.T.C. Leaf,Beverages,0.1,19000,20000,20000,2010-02-17,20000.0,0.0,0.0,1.0,20000.0,20000.0,20000.0,20000.0
Jharkhand,Deogarh,Madhupur,Assam C.T.C. Leaf,Beverages,0.1,19000,20000,20000,2010-02-18,20000.0,0.0,0.0,1.0,20000.0,20000.0,20000.0,20000.0
Jharkhand,Deogarh,Madhupur,Assam C.T.C. Leaf,Beverages,0.3,19000,20000,20000,2010-02-19,20000.0,0.0,0.0,1.0,20000.0,20000.0,20000.0,20000.0
Jharkhand,Deogarh,Madhupur,Assam C.T.C. Leaf,Beverages,0.5,19000,20000,20000,2010-02-20,20000.0,0.0,0.0,2.0,20000.0,20000.0,20000.0,20000.0
Jharkhand,Deogarh,Madhupur,Assam C.T.C. Leaf,Beverages,0.4,19000,20000,20000,2010-02-22,20000.0,0.0,0.0,1.0,20000.0,20000.0,20000.0,20000.0
Jharkhand,Deogarh,Madhupur,Assam C.T.C. Leaf,Beverages,0.3,19000,20000,20000,2010-02-23,20000.0,0.0,0.0,2.0,20000.0,20000.0,20000.0,20000.0
Jharkhand,Deogarh,Madhupur,Assam C.T.C. Leaf,Beverages,0.6,19000,20000,20000,2010-02-25,20000.0,0.0,0.0,1.0,20000.0,20000.0,20000.0,20000.0
Jharkhand,Deogarh,Madhupur,Assam C.T.C. Leaf,Beverages,0.45,19000,20000,20000,2010-02-26,20000.0,0.0,0.0,4.0,20000.0,20000.0,20000.0,20000.0
Jharkhand,Deogarh,Madhupur,Assam C.T.C. Leaf,Beverages,0.9,19000,20000,20000,2010-03-02,20000.0,0.0,0.0,1.0,20000.0,20000.0,20000.0,20000.0
Jharkhand,Deogarh,Madhupur,Assam C.T.C. Leaf,Beverages,0.6,19000,20000,20000,2010-03-03,20000.0,0.0,0.0,1.0,20000.0,20000.0,20000.0,20000.0
Jharkhand,Deogarh,Madhupur,Assam C.T.C. Leaf,Beverages,0.4,19000,20000,20000,2010-03-04,20000.0,0.0,0.0,1.0,20000.0,20000.0,20000.0,20000.0
Jharkhand,Deogarh,Madhupur,Assam C.T.C. Leaf,Beverages,0.45,19000,20000,20000,2010-03-05,20000.0,0.0,0.0,1.0,20000.0,20000.0,20000.0,20000.0
Jharkhand,Deogarh,Madhupur,Assam C.T.C. Leaf,Beverages,0.6,19000,20000,20000,2010-03-06,20000.0,0.0,0.0,2.0,20000.0,20000.0,20000.0,20000.0
Jharkhand,Deogarh,Madhupur,Assam C.T.C. Leaf,Beverages,0.4,19000,20000,20000,2010-03-08,20000.0,0.0,0.0,1.0,20000.0,20000.0,20000.0,20000.0
Jharkhand,Deogarh,Madhupur,Assam C.T.C. Leaf,Beverages,0.3,19000,20000,20000,2010-03-09,20000.0,0.0,0.0,1.0,20000.0,20000.0,20000.0,20000.0
Jharkhand,Deogarh,Madhupur,Assam C.T.C. Leaf,Beverages,0.5,19000,20000,20000,2010-03-10,20000.0,0.0,0.0,1.0,20000.0,20000.0,20000.0,20000.0
Jharkhand,Deogarh,Madhupur,Assam C.T.C. Leaf,Beverages,0.4,19000,20000,20000,2010-03-11,20000.0,0.0,0.0,1.0,20000.0,20000.0,20000.0,20000.0
Jharkhand,Deogarh,Madhupur,Assam C.T.C. Leaf,Beverages,0.45,19000,20000,20000,2010-03-12,20000.0,0.0,0.0,1.0,20000.0,20000.0,20000.0,20000.0
Jharkhand,Deogarh,Madhupur,Assam C.T.C. Leaf,Beverages,0.5,19000,20000,20000,2010-03-13,20000.0,0.0,0.0,2.0,20000.0,20000.0,20000.0,20000.0
Jharkhand,Deogarh,Madhupur,Assam C.T.C. Leaf,Beverages,0.45,19000,20000,20000,2010-03-15,20000.0,0.0,0.0,1.0,20000.0,20000.0,20000.0,20000.0
Jharkhand,Deogarh,Madhupur,Assam C.T.C. Leaf,Beverages,0.45,19000,20000,20000,2010-03-16,20000.0,0.0,0.0,1.0,20000.0,20000.0,20000.0,20000.0
Jharkhand,Deogarh,Madhupur,Assam C.T.C. Leaf,Beverages,0.4,19000,20000,20000,2010-03-17,20000.0,0.0,0.0,2.0,20000.0,20000.0,20000.0,20000.0
Jharkhand,Deogarh,Madhupur,Assam C.T.C. Leaf,Beverages,0.45,19000,20000,20000,2010-03-19,20000.0,0.0,0.0,1.0,20000.0,20000.0,20000.0,20000.0
Jharkhand,Deogarh,Madhupur,Assam C.T.C. Leaf,Beverages,0.45,19000,20000,20000,2010-03-20,20000.0,0.0,0.0,2.0,20000.0,20000.0,20000.0,20000.0
Jharkhand,Deogarh,Madhupur,Assam C.T.C. Leaf,Beverages,0.5,19000,20000,20000,2010-03-22,20000.0,0.0,0.0,1.0,20000.0,20000.0,20000.0,20000.0
Jharkhand,Deogarh,Madhupur,Assam C.T.C. Leaf,Beverages,0.45,19000,20000,20000,2010-03-23,20000.0,0.0,0.0,2.0,20000.0,20000.0,20000.0,20000.0
Jharkhand,Deogarh,Madhupur,Assam C.T.C. Leaf,Beverages,0.45,19000,20000,20000,2010-03-25,20000.0,0.0,0.0,1.0,20000.0,20000.0,20000.0,20000.0
Jharkhand,Deogarh,Madhupur,Assam C.T.C. Leaf,Beverages,0.45,19000,20000,20000,2010-03-26,20000.0,0.0,0.0,1.0,20000.0,20000.0,20000.0,20000.0
Jharkhand,Deogarh,Madhupur,Assam C.T.C. Leaf,Beverages,0.3,19000,20000,20000,2010-03-27,20000.0,0.0,0.0,2.0,20000.0,20000.0,20000.0,20000.0
Jharkhand,Deogarh,Madhupur,Assam C.T.C. Leaf,Beverages,0.4,19000,20000,20000,2010-03-29,20000.0,0.0,0.0,1.0,20000.0,20000.0,20000.0,20000.0
Jharkhand,Deogarh,Madhupur,Assam C.T.C. Leaf,Beverages,0.4,19000,20000,20000,2010-03-30,20000.0,0.0,0.0,1.0,20000.0,20000.0,20000.0,20000.0
Jharkhand,Deogarh,Madhupur,Assam C.T.C. Leaf,Beverages,0.45,19000,20000,20000,2010-03-31,20000.0,0.0,0.0,1.0,20000.0,20000.0,20000.0,20000.0
Jharkhand,Deogarh,Madhupur,Assam C.T.C. Leaf,Beverages,0.45,19000,20000,20000,2010-04-01,20000.0,0.0,0.0,2.0,20000.0,20000.0,20000.0,20000.0
Jharkhand,Deogarh,Madhupur,Assam C.T.C. Leaf,Beverages,0.5,19000,20000,20000,2010-04-03,20000.0,0.0,0.0,2.0,20000.0,20000.0,20000.0,20000.0
Jharkhand,Deogarh,Madhupur,Assam C.T.C. Leaf,Beverages,0.3,19000,20000,20000,2010-04-05,20000.0,0.0,0.0,1.0,20000.0,20000.0,20000.0,20000.0
Jharkhand,Deogarh,Madhupur,Assam C.T.C. Leaf,Beverages,0.4,19000,20000,20000,2010-04-06,20000.0,0.0,0.0,1.0,20000.0,20000.0,20000.0,20000.0
Jharkhand,Deogarh,Madhupur,Assam C.T.C. Leaf,Beverages,0.45,19000,20000,20000,2010-04-07,20000.0,0.0,0.0,1.0,20000.0,20000.0,20000.0,20000.0
Jharkhand,Deogarh,Madhupur,Assam C.T.C. Leaf,Beverages,0.4,19000,20000,20000,2010-04-08,20000.0,0.0,0.0,1.0,20000.0,20000.0,20000.0,20000.0
Jharkhand,Deogarh,Madhupur,Assam C.T.C. Leaf,Beverages,0.25,19000,20000,20000,2010-04-09,20000.0,0.0,0.0,1.0,20000.0,20000.0,20000.0,20000.0
Jharkhand,Deogarh,Madhupur,Assam C.T.C. Leaf,Beverages,0.25,19000,20000,20000,2010-04-10,20000.0,0.0,0.0,2.0,20000.0,20000.0,20000.0,20000.0
Jharkhand,Deogarh,Madhupur,Assam C.T.C. Leaf,Beverages,0.4,19000,20000,20000,2010-04-12,20000.0,0.0,0.0,1.0,20000.0,20000.0,20000.0,20000.0
Jharkhand,Deogarh,Madhupur,Assam C.T.C. Leaf,Beverages,0.4,19000,20000,20000,2010-04-13,20000.0,0.0,0.0,2.0,20000.0,20000.0,20000.0,20000.0
Jharkhand,Deogarh,Madhupur,Assam C.T.C. Leaf,Beverages,0.08,19000,20000,20000,2010-04-15,20000.0,0.0,0.0,1.0,20000.0,20000.0,20000.0,20000.0
Jharkhand,Deogarh,Madhupur,Assam C.T.C. Leaf,Beverages,0.05,19000,20000,20000,2010-04-16,20000.0,0.0,0.0,1.0,20000.0,20000.0,20000.0,20000.0
Jharkhand,Deogarh,Madhupur,Assam C.T.C. Leaf,Beverages,0.15,19000,20000,20000,2010-04-17,20000.0,0.0,0.0,2.0,20000.0,20000.0,20000.0,20000.0
Jharkhand,Deogarh,Madhupur,Assam C.T.C. Leaf,Beverages,0.15,19000,20000,20000,2010-04-19,20000.0,0.0,0.0,1.0,20000.0,20000.0,20000.0,20000.0
Jharkhand,Deogarh,Madhupur,Assam C.T.C. Leaf,Beverages,0.1,19000,20000,20000,2010-04-20,20000.0,0.0,0.0,1.0,20000.0,20000.0,20000.0,20000.0
Jharkhand,Deogarh,Madhupur,Assam C.T.C. Leaf,Beverages,0.3,19000,20000,20000,2010-04-21,20000.0,0.0,0.0,1.0,20000.0,20000.0,20000.0,20000.0
Jharkhand,Deogarh,Madhupur,Assam C.T.C. Leaf,Beverages,0.5,19000,20000,20000,2010-05-03,20000.0,0.0,0.0,1.0,20000.0,20000.0,20000.0,20000.0
Jharkhand,Deogarh,Madhupur,Assam C.T.C. Leaf,Beverages,0.15,19000,20000,20000,2010-05-04,20000.0,0.0,0.0,1.0,20000.0,20000.0,20000.0,20000.0
Jharkhand,Deogarh,Madhupur,Assam C.T.C. Leaf,Beverages,0.2,19000,20000,20000,2010-05-05,20000.0,0.0,0.0,1.0,20000.0,20000.0,20000.0,20000.0
Jharkhand,Deogarh,Madhupur,Assam C.T.C. Leaf,Beverages,0.42,19000,20000,20000,2010-05-06,20000.0,0.0,0.0,1.0,20000.0,20000.0,20000.0,20000.0
Jharkhand,Deogarh,Madhupur,Assam C.T.C. Leaf,Beverages,0.2,19000,20000,20000,2010-05-07,20000.0,0.0,0.0,1.0,20000.0,20000.0,20000.0,20000.0
Jharkhand,Deogarh,Madhupur,Assam C.T.C. Leaf,Beverages,0.2,19000,20000,20000,2010-05-08,20000.0,0.0,0.0,2.0,20000.0,20000.0,20000.0,20000.0
Jharkhand,Deogarh,Madhupur,Assam C.T.C. Leaf,Beverages,0.05,19000,20000,20000,2010-05-10,20000.0,0.0,0.0,1.0,20000.0,20000.0,20000.0,20000.0
Jharkhand,Deogarh,Madhupur,Assam C.T.C. Leaf,Beverages,0.2,19000,20000,20000,2010-05-11,20000.0,0.0,0.0,1.0,20000.0,20000.0,20000.0,20000.0
Jharkhand,Deogarh,Madhupur,Assam C.T.C. Leaf,Beverages,0.15,19000,20000,20000,2010-05-12,20000.0,0.0,0.0,1.0,20000.0,20000.0,20000.0,20000.0
Jharkhand,Deogarh,Madhupur,Assam C.T.C. Leaf,Beverages,0.15,19000,20000,20000,2010-05-13,20000.0,0.0,0.0,1.0,20000.0,20000.0,20000.0,20000.0
Jharkhand,Deogarh,Madhupur,Assam C.T.C. Leaf,Beverages,0.15,19000,20000,20000,2010-05-14,20000.0,0.0,0.0,1.0,20000.0,20000.0,20000.0,20000.0
Jharkhand,Deogarh,Madhupur,Assam C.T.C. Leaf,Beverages,0.06,19000,20000,20000,2010-05-15,20000.0,0.0,0.0,2.0,20000.0,20000.0,20000.0,20000.0
Jharkhand,Deogarh,Madhupur,Assam C.T.C. Leaf,Beverages,0.02,19000,20000,20000,2010-05-17,20000.0,0.0,0.0,1.0,20000.0,20000.0,20000.0,20000.0
Jharkhand,Deogarh,Madhupur,Assam C.T.C. Leaf,Beverages,0.02,19000,20000,20000,2010-05-18,20000.0,0.0,0.0,1.0,20000.0,20000.0,20000.0,20000.0
Jharkhand,Deogarh,Madhupur,Assam C.T.C. Leaf,Beverages,0.02,19000,20000,20000,2010-05-19,20000.0,0.0,0.0,1.0,20000.0,20000.0,20000.0,20000.0
Jharkhand,Deogarh,Madhupur,Assam C.T.C. Leaf,Beverages,0.2,19000,20000,20000,2010-05-20,20000.0,0.0,0.0,1.0,20000.0,20000.0,20000.0,20000.0
Jharkhand,Deogarh,Madhupur,Assam C.T.C. Leaf,Beverages,0.3,19000,20000,20000,2010-05-21,20000.0,0.0,0.0,1.0,20000.0,20000.0,20000.0,20000.0
Jharkhand,Deogarh,Madhupur,Assam C.T.C. Leaf,Beverages,0.01,19000,20000,20000,2010-05-22,20000.0,0.0,0.0,2.0,20000.0,20000.0,20000.0,20000.0
Jharkhand,Deogarh,Madhupur,Assam C.T.C. Leaf,Beverages,0.05,19000,20000,20000,2010-06-01,20000.0,0.0,0.0,1.0,20000.0,20000.0,20000.0,20000.0
Jharkhand,Deogarh,Madhupur,Assam C.T.C. Leaf,Beverages,0.25,19000,20000,20000,2010-06-02,20000.0,0.0,0.0,1.0,20000.0,20000.0,20000.0,20000.0
Jharkhand,Deogarh,Madhupur,Assam C.T.C. Leaf,Beverages,0.15,19000,20000,20000,2010-06-03,20000.0,0.0,0.0,1.0,20000.0,20000.0,20000.0,20000.0
Jharkhand,Deogarh,Madhupur,Assam C.T.C. Leaf,Beverages,0.05,19000,20000,20000,2010-06-04,20000.0,0.0,0.0,1.0,20000.0,20000.0,20000.0,20000.0
Jharkhand,Deogarh,Madhupur,Assam C.T.C. Leaf,Beverages,0.05,19000,20000,20000,2010-06-05,20000.0,0.0,0.0,2.0,20000.0,20000.0,20000.0,20000.0
Jharkhand,Deogarh,Madhupur,Assam C.T.C. Leaf,Beverages,0.1,19000,20000,20000,2010-06-07,20000.0,0.0,0.0,1.0,20000.0,20000.0,20000.0,20000.0
Jharkhand,Deogarh,Madhupur,Assam C.T.C. Leaf,Beverages,0.2,19000,20000,20000,2010-06-08,20000.0,0.0,0.0,1.0,20000.0,20000.0,20000.0,20000.0
Jharkhand,Deogarh,Madhupur,Assam C.T.C. Leaf,Beverages,0.15,19000,20000,20000,2010-06-09,20000.0,0.0,0.0,1.0,20000.0,20000.0,20000.0,20000.0
Jharkhand,Deogarh,Madhupur,Assam C.T.C. Leaf,Beverages,0.2,19000,20000,20000,2010-06-10,20000.0,0.0,0.0,1.0,20000.0,20000.0,20000.0,20000.0
Jharkhand,Deogarh,Madhupur,Assam C.T.C. Leaf,Beverages,0.15,19000,20000,20000,2010-06-11,20000.0,0.0,0.0,1.0,20000.0,20000.0,20000.0,20000.0
Jharkhand,Deogarh,Madhupur,Assam C.T.C. Leaf,Beverages,0.05,19000,20000,20000,2010-06-12,20000.0,0.0,0.0,2.0,20000.0,20000.0,20000.0,20000.0
Jharkhand,Deogarh,Madhupur,Assam C.T.C. Leaf,Beverages,0.15,19000,20000,20000,2010-06-14,20000.0,0.0,0.0,1.0,20000.0,20000.0,20000.0,20000.0
Jharkhand,Deogarh,Madhupur,Assam C.T.C. Leaf,Beverages,0.25,19000,20000,20000,2010-06-15,20000.0,0.0,0.0,1.0,20000.0,20000.0,20000.0,20000.0
Jharkhand,Deogarh,Madhupur,Assam C.T.C. Leaf,Beverages,0.2,19000,20000,20000,2010-06-16,20000.0,0.0,0.0,1.0,20000.0,20000.0,20000.0,20000.0
Jharkhand,Deogarh,Madhupur,Assam C.T.C. Leaf,Beverages,0.2,19000,20000,20000,2010-06-17,20000.0,0.0,0.0,1.0,20000.0,20000.0,20000.0,20000.0
Jharkhand,Deogarh,Madhupur,Assam C.T.C. Leaf,Beverages,0.2,19000,20000,20000,2010-06-18,20000.0,0.0,0.0,3.0,20000.0,20000.0,20000.0,20000.0
Jharkhand,Deogarh,Madhupur,Assam C.T.C. Leaf,Beverages,0.3,19000,20000,20000,2010-06-21,20000.0,0.0,0.0,1.0,20000.0,20000.0,20000.0,20000.0
Jharkhand,Deogarh,Madhupur,Assam C.T.C. Leaf,Beverages,0.4,19000,20000,20000,2010-06-22,20000.0,0.0,0.0,1.0,20000.0,20000.0,20000.0,20000.0
Jharkhand,Deogarh,Madhupur,Assam C.T.C. Leaf,Beverages,0.25,19000,20000,20000,2010-06-23,20000.0,0.0,0.0,1.0,20000.0,20000.0,20000.0,20000.0
Jharkhand,Deogarh,Madhupur,Assam C.T.C. Leaf,Beverages,0.4,19000,20000,20000,2010-06-24,20000.0,0.0,0.0,1.0,20000.0,20000.0,20000.0,20000.0
Jharkhand,Deogarh,Madhupur,Assam C.T.C. Leaf,Beverages,0.2,19000,20000,20000,2010-06-25,20000.0,0.0,0.0,1.0,20000.0,20000.0,20000.0,20000.0
Jharkhand,Deogarh,Madhupur,Assam C.T.C. Leaf,Beverages,0.15,19000,20000,20000,2010-06-26,20000.0,0.0,0.0,2.0,20000.0,20000.0,20000.0,20000.0
Jharkhand,Deogarh,Madhupur,Assam C.T.C. Leaf,Beverages,0.1,19000,20000,20000,2010-06-28,20000.0,0.0,0.0,3.0,20000.0,20000.0,20000.0,20000.0
Jharkhand,Deogarh,Madhupur,Assam C.T.C. Leaf,Beverages,0.04,19000,20000,20000,2010-07-01,20000.0,0.0,0.0,1.0,20000.0,20000.0,20000.0,20000.0
Jharkhand,Deogarh,Madhupur,Assam C.T.C. Leaf,Beverages,0.1,19000,20000,20000,2010-07-02,20000.0,0.0,0.0,1.0,20000.0,20000.0,20000.0,20000.0
Jharkhand,Deogarh,Madhupur,Assam C.T.C. Leaf,Beverages,0.4,19000,20000,20000,2010-07-03,20000.0,0.0,0.0,2.0,20000.0,20000.0,20000.0,20000.0
Jharkhand,Deogarh,Madhupur,Assam C.T.C. Leaf,Beverages,0.2,19000,20000,20000,2010-07-05,20000.0,0.0,0.0,1.0,20000.0,20000.0,20000.0,20000.0
Jharkhand,Deogarh,Madhupur,Assam C.T.C. Leaf,Beverages,0.1,19000,20000,20000,2010-07-06,20000.0,0.0,0.0,1.0,20000.0,20000.0,20000.0,20000.0
Jharkhand,Deogarh,Madhupur,Assam C.T.C. Leaf,Beverages,0.1,19000,20000,20000,2010-07-07,20000.0,0.0,0.0,1.0,20000.0,20000.0,20000.0,20000.0
Jharkhand,Deogarh,Madhupur,Assam C.T.C. Leaf,Beverages,0.25,19000,20000,20000,2010-07-08,20000.0,0.0,0.0,1.0,20000.0,20000.0,20000.0,20000.0
Jharkhand,Deogarh,Madhupur,Assam C.T.C. Leaf,Beverages,0.25,19000,20000,20000,2010-07-09,20000.0,0.0,0.0,3.0,20000.0,20000.0,20000.0,20000.0
Jharkhand,Deogarh,Madhupur,Assam C.T.C. Leaf,Beverages,0.3,19000,20000,20000,2010-07-12,20000.0,0.0,0.0,2.0,20000.0,20000.0,20000.0,20000.0
Jharkhand,Deogarh,Madhupur,Assam C.T.C. Leaf,Beverages,0.4,19000,20000,20000,2010-07-14,20000.0,0.0,0.0,1.0,20000.0,20000.0,20000.0,20000.0
Jharkhand,Deogarh,Madhupur,Assam C.T.C. Leaf,Beverages,0.2,19000,20000,20000,2010-07-15,19000.0,-0.05,-0.0512932943875505,1.0,20000.0,20000.0,20000.0,20000.0
Jharkhand,Deogarh,Madhupur,Assam C.T.C. Leaf,Beverages,0.25,18000,19000,19000,2010-07-16,20000.0,0.0526315789473684,0.0512932943875504,1.0,20000.0,20000.0,20000.0,20000.0
Jharkhand,Deogarh,Madhupur,Assam C.T.C. Leaf,Beverages,0.2,19000,20000,20000,2010-07-17,20000.0,0.0,0.0,2.0,19000.0,20000.0,20000.0,20000.0
Jharkhand,Deogarh,Madhupur,Assam C.T.C. Leaf,Beverages,0.3,19000,20000,20000,2010-07-19,20000.0,0.0,0.0,1.0,20000.0,20000.0,20000.0,20000.0
Jharkhand,Deogarh,Madhupur,Assam C.T.C. Leaf,Beverages,0.1,19000,20000,20000,2010-07-20,20000.0,0.0,0.0,1.0,20000.0,20000.0,20000.0,20000.0
Jharkhand,Deogarh,Madhupur,Assam C.T.C. Leaf,Beverages,0.2,19000,20000,20000,2010-07-21,20000.0,0.0,0.0,1.0,20000.0,20000.0,20000.0,20000.0
Jharkhand,Deogarh,Madhupur,Assam C.T.C. Leaf,Beverages,0.3,19000,20000,20000,2010-07-22,20000.0,0.0,0.0,1.0,20000.0,20000.0,20000.0,20000.0
Jharkhand,Deogarh,Madhupur,Assam C.T.C. Leaf,Beverages,0.45,19000,20000,20000,2010-07-23,20000.0,0.0,0.0,1.0,20000.0,20000.0,20000.0,20000.0
Jharkhand,Deogarh,Madhupur,Assam C.T.C. Leaf,Beverages,0.25,19000,20000,20000,2010-07-24,20000.0,0.0,0.0,2.0,20000.0,19000.0,20000.0,20000.0
Jharkhand,Deogarh,Madhupur,Assam C.T.C. Leaf,Beverages,0.5,19000,20000,20000,2010-07-26,20000.0,0.0,0.0,1.0,20000.0,20000.0,20000.0,20000.0
Jharkhand,Deogarh,Madhupur,Assam C.T.C. Leaf,Beverages,0.6,19000,20000,20000,2010-07-27,20000.0,0.0,0.0,1.0,20000.0,20000.0,20000.0,20000.0
Jharkhand,Deogarh,Madhupur,Assam C.T.C. Leaf,Beverages,0.5,19000,20000,20000,2010-07-28,20000.0,0.0,0.0,1.0,20000.0,20000.0,20000.0,20000.0
Jharkhand,Deogarh,Madhupur,Assam C.T.C. Leaf,Beverages,0.6,19000,20000,20000,2010-07-29,20000.0,0.0,0.0,1.0,20000.0,20000.0,20000.0,20000.0
Jharkhand,Deogarh,Madhupur,Assam C.T.C. Leaf,Beverages,0.45,19000,20000,20000,2010-07-30,20000.0,0.0,0.0,1.0,20000.0,20000.0,20000.0,20000.0
Jharkhand,Deogarh,Madhupur,Assam C.T.C. Leaf,Beverages,0.7,19000,20000,20000,2010-07-31,20000.0,0.0,0.0,2.0,20000.0,20000.0,20000.0,20000.0
Jharkhand,Deogarh,Madhupur,Assam C.T.C. Leaf,Beverages,0.4,19000,20000,20000,2010-08-02,20000.0,0.0,0.0,1.0,20000.0,20000.0,19000.0,20000.0
Jharkhand,Deogarh,Madhupur,Assam C.T.C. Leaf,Beverages,0.5,19000,20000,20000,2010-08-03,20000.0,0.0,0.0,1.0,20000.0,20000.0,20000.0,20000.0
Jharkhand,Deogarh,Madhupur,Assam C.T.C. Leaf,Beverages,0.4,19000,20000,20000,2010-08-04,20000.0,0.0,0.0,1.0,20000.0,20000.0,20000.0,20000.0
Jharkhand,Deogarh,Madhupur,Assam C.T.C. Leaf,Beverages,0.45,19000,20000,20000,2010-08-05,20000.0,0.0,0.0,1.0,20000.0,20000.0,20000.0,20000.0
Jharkhand,Deogarh,Madhupur,Assam C.T.C. Leaf,Beverages,0.4,19000,20000,20000,2010-08-06,20000.0,0.0,0.0,1.0,20000.0,20000.0,20000.0,20000.0
Jharkhand,Deogarh,Madhupur,Assam C.T.C. Leaf,Beverages,0.4,19000,20000,20000,2010-08-07,20000.0,0.0,0.0,2.0,20000.0,20000.0,20000.0,20000.0
Jharkhand,Deogarh,Madhupur,Assam C.T.C. Leaf,Beverages,0.4,19000,20000,20000,2010-08-09,20000.0,0.0,0.0,1.0,20000.0,20000.0,20000.0,20000.0
Jharkhand,Deogarh,Madhupur,Assam C.T.C. Leaf,Beverages,0.4,19000,20000,20000,2010-08-10,20000.0,0.0,0.0,1.0,20000.0,20000.0,20000.0,20000.0
Jharkhand,Deogarh,Madhupur,Assam C.T.C. Leaf,Beverages,0.45,19000,20000,20000,2010-08-11,20000.0,0.0,0.0,1.0,20000.0,20000.0,20000.0,20000.0
Jharkhand,Deogarh,Madhupur,Assam C.T.C. Leaf,Beverages,0.4,19000,20000,20000,2010-08-12,20000.0,0.0,0.0,1.0,20000.0,20000.0,20000.0,20000.0
Jharkhand,Deogarh,Madhupur,Assam C.T.C. Leaf,Beverages,0.4,19000,20000,20000,2010-08-13,20000.0,0.0,0.0,1.0,20000.0,20000.0,20000.0,20000.0
Jharkhand,Deogarh,Madhupur,Assam C.T.C. Leaf,Beverages,0.4,19000,20000,20000,2010-08-14,20000.0,0.0,0.0,2.0,20000.0,20000.0,20000.0,20000.0
Jharkhand,Deogarh,Madhupur,Assam C.T.C. Leaf,Beverages,0.3,19000,20000,20000,2010-08-16,20000.0,0.0,0.0,1.0,20000.0,20000.0,20000.0,20000.0
Jharkhand,Deogarh,Madhupur,Assam C.T.C. Leaf,Beverages,0.15,19000,20000,20000,2010-08-17,20000.0,0.0,0.0,1.0,20000.0,20000.0,20000.0,20000.0
Jharkhand,Deogarh,Madhupur,Assam C.T.C. Leaf,Beverages,0.3,19000,20000,20000,2010-08-18,20000.0,0.0,0.0,1.0,20000.0,20000.0,20000.0,20000.0
Jharkhand,Deogarh,Madhupur,Assam C.T.C. Leaf,Beverages,0.35,19000,20000,20000,2010-08-19,20000.0,0.0,0.0,1.0,20000.0,20000.0,20000.0,20000.0
Jharkhand,Deogarh,Madhupur,Assam C.T.C. Leaf,Beverages,0.4,19000,20000,20000,2010-08-20,20000.0,0.0,0.0,1.0,20000.0,20000.0,20000.0,19000.0
Jharkhand,Deogarh,Madhupur,Assam C.T.C. Leaf,Beverages,0.25,19000,20000,20000,2010-08-21,20000.0,0.0,0.0,2.0,20000.0,20000.0,20000.0,20000.0
Jharkhand,Deogarh,Madhupur,Assam C.T.C. Leaf,Beverages,0.25,19000,20000,20000,2010-08-23,20000.0,0.0,0.0,2.0,20000.0,20000.0,20000.0,20000.0
Jharkhand,Deogarh,Madhupur,Assam C.T.C. Leaf,Beverages,0.3,19000,20000,20000,2010-08-25,20000.0,0.0,0.0,7.0,20000.0,20000.0,20000.0,20000.0
Jharkhand,Deogarh,Madhupur,Assam C.T.C. Leaf,Beverages,0.2,19000,20000,20000,2010-09-01,20000.0,0.0,0.0,2.0,20000.0,20000.0,20000.0,20000.0
Jharkhand,Deogarh,Madhupur,Assam C.T.C. Leaf,Beverages,0.2,19000,20000,20000,2010-09-03,20000.0,0.0,0.0,1.0,20000.0,20000.0,20000.0,20000.0
Jharkhand,Deogarh,Madhupur,Assam C.T.C. Leaf,Beverages,0.15,19000,20000,20000,2010-09-04,20000.0,0.0,0.0,2.0,20000.0,20000.0,20000.0,20000.0
Jharkhand,Deogarh,Madhupur,Assam C.T.C. Leaf,Beverages,0.2,19000,20000,20000,2010-09-06,20000.0,0.0,0.0,1.0,20000.0,20000.0,20000.0,20000.0
Jharkhand,Deogarh,Madhupur,Assam C.T.C. Leaf,Beverages,0.1,19000,20000,20000,2010-09-07,20000.0,0.0,0.0,1.0,20000.0,20000.0,20000.0,20000.0
Jharkhand,Deogarh,Madhupur,Assam C.T.C. Leaf,Beverages,0.2,19000,20000,20000,2010-09-08,20000.0,0.0,0.0,1.0,20000.0,20000.0,20000.0,20000.0
Jharkhand,Deogarh,Madhupur,Assam C.T.C. Leaf,Beverages,0.1,19000,20000,20000,2010-09-09,20000.0,0.0,0.0,1.0,20000.0,20000.0,20000.0,20000.0
Jharkhand,Deogarh,Madhupur,Assam C.T.C. Leaf,Beverages,0.3,19000,20000,20000,2010-09-27,20000.0,0.0,0.0,1.0,20000.0,20000.0,20000.0,20000.0
Jharkhand,Deogarh,Madhupur,Assam C.T.C. Leaf,Beverages,0.25,19000,20000,20000,2010-09-28,20000.0,0.0,0.0,1.0,20000.0,20000.0,20000.0,20000.0
Jharkhand,Deogarh,Madhupur,Assam C.T.C. Leaf,Beverages,0.2,19000,20000,20000,2010-09-29,20000.0,0.0,0.0,1.0,20000.0,20000.0,20000.0,20000.0
Jharkhand,Deogarh,Madhupur,Assam C.T.C. Leaf,Beverages,0.45,19000,20000,20000,2010-09-30,20000.0,0.0,0.0,1.0,20000.0,20000.0,20000.0,20000.0
Jharkhand,Deogarh,Madhupur,Assam C.T.C. Leaf,Beverages,0.3,19000,20000,20000,2010-10-01,20000.0,0.0,0.0,3.0,20000.0,20000.0,20000.0,20000.0
Jharkhand,Deogarh,Madhupur,Assam C.T.C. Leaf,Beverages,0.4,19000,20000,20000,2010-10-04,20000.0,0.0,0.0,1.0,20000.0,20000.0,20000.0,20000.0
Jharkhand,Deogarh,Madhupur,Assam C.T.C. Leaf,Beverages,0.6,19000,20000,20000,2010-10-05,20000.0,0.0,0.0,2.0,20000.0,20000.0,20000.0,20000.0
Jharkhand,Deogarh,Madhupur,Assam C.T.C. Leaf,Beverages,0.5,19000,20000,20000,2010-10-07,20000.0,0.0,0.0,1.0,20000.0,20000.0,20000.0,20000.0
Jharkhand,Deogarh,Madhupur,Assam C.T.C. Leaf,Beverages,0.4,19000,20000,20000,2010-10-08,20000.0,0.0,0.0,1.0,20000.0,20000.0,20000.0,20000.0
Jharkhand,Deogarh,Madhupur,Assam C.T.C. Leaf,Beverages,0.4,19000,20000,20000,2010-10-09,20000.0,0.0,0.0,2.0,20000.0,20000.0,20000.0,20000.0
Jharkhand,Deogarh,Madhupur,Assam C.T.C. Leaf,Beverages,0.6,19000,20000,20000,2010-10-11,20000.0,0.0,0.0,1.0,20000.0,20000.0,20000.0,20000.0
Jharkhand,Deogarh,Madhupur,Assam C.T.C. Leaf,Beverages,0.4,19000,20000,20000,2010-10-12,20000.0,0.0,0.0,1.0,20000.0,20000.0,20000.0,20000.0
Jharkhand,Deogarh,Madhupur,Assam C.T.C. Leaf,Beverages,0.35,19000,20000,20000,2010-10-13,20000.0,0.0,0.0,5.0,20000.0,20000.0,20000.0,20000.0
Jharkhand,Deogarh,Madhupur,Assam C.T.C. Leaf,Beverages,0.4,19000,20000,20000,2010-10-18,20000.0,0.0,0.0,1.0,20000.0,20000.0,20000.0,20000.0
Jharkhand,Deogarh,Madhupur,Assam C.T.C. Leaf,Beverages,0.45,19000,20000,20000,2010-10-19,20000.0,0.0,0.0,1.0,20000.0,20000.0,20000.0,20000.0
Jharkhand,Deogarh,Madhupur,Assam C.T.C. Leaf,Beverages,0.4,19000,20000,20000,2010-10-20,20000.0,0.0,0.0,1.0,20000.0,20000.0,20000.0,20000.0
Jharkhand,Deogarh,Madhupur,Assam C.T.C. Leaf,Beverages,0.45,19000,20000,20000,2010-10-21,20000.0,0.0,0.0,1.0,20000.0,20000.0,20000.0,20000.0
Jharkhand,Deogarh,Madhupur,Assam C.T.C. Leaf,Beverages,0.3,19000,20000,20000,2010-10-22,20000.0,0.0,0.0,1.0,20000.0,20000.0,20000.0,20000.0
Jharkhand,Deogarh,Madhupur,Assam C.T.C. Leaf,Beverages,0.4,19000,20000,20000,2010-10-23,20000.0,0.0,0.0,2.0,20000.0,20000.0,20000.0,20000.0
Jharkhand,Deogarh,Madhupur,Assam C.T.C. Leaf,Beverages,0.3,19000,20000,20000,2010-10-25,20000.0,0.0,0.0,1.0,20000.0,20000.0,20000.0,20000.0
Jharkhand,Deogarh,Madhupur,Assam C.T.C. Leaf,Beverages,0.4,19000,20000,20000,2010-10-26,20000.0,0.0,0.0,6.0,20000.0,20000.0,20000.0,20000.0
Jharkhand,Deogarh,Madhupur,Assam C.T.C. Leaf,Beverages,0.08,19000,20000,20000,2010-11-01,20000.0,0.0,0.0,1.0,20000.0,20000.0,20000.0,20000.0
Jharkhand,Deogarh,Madhupur,Assam C.T.C. Leaf,Beverages,0.08,19000,20000,20000,2010-11-02,20000.0,0.0,0.0,2.0,20000.0,20000.0,20000.0,20000.0
Jharkhand,Deogarh,Madhupur,Assam C.T.C. Leaf,Beverages,0.1,19000,20000,20000,2010-11-04,20000.0,0.0,0.0,2.0,20000.0,20000.0,20000.0,20000.0
Jharkhand,Deogarh,Madhupur,Assam C.T.C. Leaf,Beverages,0.05,19000,20000,20000,2010-11-16,20000.0,0.0,0.0,1.0,20000.0,20000.0,20000.0,20000.0
Jharkhand,Deogarh,Madhupur,Assam C.T.C. Leaf,Beverages,0.2,19000,20000,20000,2010-11-17,20000.0,0.0,0.0,2.0,20000.0,20000.0,20000.0,20000.0
Jharkhand,Deogarh,Madhupur,Assam C.T.C. Leaf,Beverages,0.05,19000,20000,20000,2010-11-19,20000.0,0.0,0.0,1.0,20000.0,20000.0,20000.0,20000.0
Jharkhand,Deogarh,Madhupur,Assam C.T.C. Leaf,Beverages,0.05,19000,20000,20000,2010-11-20,20000.0,0.0,0.0,2.0,20000.0,20000.0,20000.0,20000.0
Jharkhand,Deogarh,Madhupur,Assam C.T.C. Leaf,Beverages,0.4,19000,20000,20000,2010-11-22,20000.0,0.0,0.0,1.0,20000.0,20000.0,20000.0,20000.0
Jharkhand,Deogarh,Madhupur,Assam C.T.C. Leaf,Beverages,0.1,19000,20000,20000,2010-11-23,20000.0,0.0,0.0,1.0,20000.0,20000.0,20000.0,20000.0
Jharkhand,Deogarh,Madhupur,Assam C.T.C. Leaf,Beverages,0.2,19000,20000,20000,2010-11-24,20000.0,0.0,0.0,1.0,20000.0,20000.0,20000.0,20000.0
Jharkhand,Deogarh,Madhupur,Assam C.T.C. Leaf,Beverages,0.25,19000,20000,20000,2010-11-25,20000.0,0.0,0.0,4.0,20000.0,20000.0,20000.0,20000.0
Jharkhand,Deogarh,Madhupur,Assam C.T.C. Leaf,Beverages,0.2,19000,20000,20000,2010-11-29,20000.0,0.0,0.0,1.0,20000.0,20000.0,20000.0,20000.0
Jharkhand,Deogarh,Madhupur,Assam C.T.C. Leaf,Beverages,0.15,19000,20000,20000,2010-11-30,20000.0,0.0,0.0,1.0,20000.0,20000.0,20000.0,20000.0
Jharkhand,Deogarh,Madhupur,Assam C.T.C. Leaf,Beverages,0.2,19000,20000,20000,2010-12-01,20000.0,0.0,0.0,1.0,20000.0,20000.0,20000.0,20000.0
Jharkhand,Deogarh,Madhupur,Assam C.T.C. Leaf,Beverages,0.2,19000,20000,20000,2010-12-02,20000.0,0.0,0.0,1.0,20000.0,20000.0,20000.0,20000.0
Jharkhand,Deogarh,Madhupur,Assam C.T.C. Leaf,Beverages,0.2,19000,20000,20000,2010-12-03,20000.0,0.0,0.0,1.0,20000.0,20000.0,20000.0,20000.0
Jharkhand,Deogarh,Madhupur,Assam C.T.C. Leaf,Beverages,0.15,19000,20000,20000,2010-12-04,20000.0,0.0,0.0,3.0,20000.0,20000.0,20000.0,20000.0
Jharkhand,Deogarh,Madhupur,Assam C.T.C. Leaf,Beverages,0.1,19000,20000,20000,2010-12-07,20000.0,0.0,0.0,1.0,20000.0,20000.0,20000.0,20000.0
Jharkhand,Deogarh,Madhupur,Assam C.T.C. Leaf,Beverages,0.1,19000,20000,20000,2010-12-08,20000.0,0.0,0.0,1.0,20000.0,20000.0,20000.0,20000.0
Jharkhand,Deogarh,Madhupur,Assam C.T.C. Leaf,Beverages,0.1,19000,20000,20000,2010-12-09,20000.0,0.0,0.0,1.0,20000.0,20000.0,20000.0,20000.0
Jharkhand,Deogarh,Madhupur,Assam C.T.C. Leaf,Beverages,0.05,19000,20000,20000,2010-12-10,20000.0,0.0,0.0,1.0,20000.0,20000.0,20000.0,20000.0
Jharkhand,Deogarh,Madhupur,Assam C.T.C. Leaf,Beverages,0.05,19000,20000,20000,2010-12-11,20000.0,0.0,0.0,2.0,20000.0,20000.0,20000.0,20000.0
Jharkhand,Deogarh,Madhupur,Assam C.T.C. Leaf,Beverages,0.05,19000,20000,20000,2010-12-13,20000.0,0.0,0.0,1.0,20000.0,20000.0,20000.0,20000.0
Jharkhand,Deogarh,Madhupur,Assam C.T.C. Leaf,Beverages,0.2,19000,20000,20000,2010-12-14,20000.0,0.0,0.0,2.0,20000.0,20000.0,20000.0,20000.0
Jharkhand,Deogarh,Madhupur,Assam C.T.C. Leaf,Beverages,0.2,19000,20000,20000,2010-12-16,20000.0,0.0,0.0,2.0,20000.0,20000.0,20000.0,20000.0
Jharkhand,Deogarh,Madhupur,Assam C.T.C. Leaf,Beverages,0.15,19000,20000,20000,2010-12-18,20000.0,0.0,0.0,2.0,20000.0,20000.0,20000.0,20000.0
Jharkhand,Deogarh,Madhupur,Assam C.T.C. Leaf,Beverages,0.05,19000,20000,20000,2010-12-20,20000.0,0.0,0.0,1.0,20000.0,20000.0,20000.0,20000.0
Jharkhand,Deogarh,Madhupur,Assam C.T.C. Leaf,Beverages,0.05,19000,20000,20000,2010-12-21,20000.0,0.0,0.0,1.0,20000.0,20000.0,20000.0,20000.0
Jharkhand,Deogarh,Madhupur,Assam C.T.C. Leaf,Beverages,0.03,19000,20000,20000,2010-12-22,20000.0,0.0,0.0,2.0,20000.0,20000.0,20000.0,20000.0
Jharkhand,Deogarh,Madhupur,Assam C.T.C. Leaf,Beverages,0.03,19000,20000,20000,2010-12-24,20000.0,0.0,0.0,3.0,20000.0,20000.0,20000.0,20000.0
Jharkhand,Deogarh,Madhupur,Assam C.T.C. Leaf,Beverages,0.2,19000,20000,20000,2010-12-27,20000.0,0.0,0.0,1.0,20000.0,20000.0,20000.0,20000.0
Jharkhand,Deogarh,Madhupur,Assam C.T.C. Leaf,Beverages,0.04,19000,20000,20000,2010-12-28,20000.0,0.0,0.0,1.0,20000.0,20000.0,20000.0,20000.0
Jharkhand,Deogarh,Madhupur,Assam C.T.C. Leaf,Beverages,0.05,19000,20000,20000,2010-12-29,20000.0,0.0,0.0,1.0,20000.0,20000.0,20000.0,20000.0
Jharkhand,Deogarh,Madhupur,Assam C.T.C. Leaf,Beverages,0.02,19000,20000,20000,2010-12-30,20000.0,0.0,0.0,7.0,20000.0,20000.0,20000.0,20000.0
Jharkhand,Deogarh,Madhupur,Assam C.T.C. Leaf,Beverages,0.02,19000,20000,20000,2011-01-06,20000.0,0.0,0.0,1.0,20000.0,20000.0,20000.0,20000.0
Jharkhand,Deogarh,Madhupur,Assam C.T.C. Leaf,Beverages,0.05,19000,20000,20000,2011-01-07,20000.0,0.0,0.0,1.0,20000.0,20000.0,20000.0,20000.0
Jharkhand,Deogarh,Madhupur,Assam C.T.C. Leaf,Beverages,0.3,19000,20000,20000,2011-01-08,20000.0,0.0,0.0,2.0,20000.0,20000.0,20000.0,20000.0
Jharkhand,Deogarh,Madhupur,Assam C.T.C. Leaf,Beverages,0.02,19000,20000,20000,2011-01-10,20000.0,0.0,0.0,1.0,20000.0,20000.0,20000.0,20000.0
Jharkhand,Deogarh,Madhupur,Assam C.T.C. Leaf,Beverages,0.01,19000,20000,20000,2011-01-11,20000.0,0.0,0.0,1.0,20000.0,20000.0,20000.0,20000.0
Jharkhand,Deogarh,Madhupur,Assam C.T.C. Leaf,Beverages,0.05,19000,20000,20000,2011-01-12,20000.0,0.0,0.0,1.0,20000.0,20000.0,20000.0,20000.0
Jharkhand,Deogarh,Madhupur,Assam C.T.C. Leaf,Beverages,0.02,19000,20000,20000,2011-01-13,20000.0,0.0,0.0,2.0,20000.0,20000.0,20000.0,20000.0
Jharkhand,Deogarh,Madhupur,Assam C.T.C. Leaf,Beverages,0.01,19000,20000,20000,2011-01-15,20000.0,0.0,0.0,2.0,20000.0,20000.0,20000.0,20000.0
Jharkhand,Deogarh,Madhupur,Assam C.T.C. Leaf,Beverages,0.04,19000,20000,20000,2011-01-17,20000.0,0.0,0.0,1.0,20000.0,20000.0,20000.0,20000.0
Jharkhand,Deogarh,Madhupur,Assam C.T.C. Leaf,Beverages,0.01,19000,20000,20000,2011-01-18,20000.0,0.0,0.0,1.0,20000.0,20000.0,20000.0,20000.0
Jharkhand,Deogarh,Madhupur,Assam C.T.C. Leaf,Beverages,0.02,19000,20000,20000,2011-01-19,20000.0,0.0,0.0,1.0,20000.0,20000.0,20000.0,20000.0
Jharkhand,Deogarh,Madhupur,Assam C.T.C. Leaf,Beverages,0.02,19000,20000,20000,2011-01-20,20000.0,0.0,0.0,1.0,20000.0,20000.0,20000.0,20000.0
Jharkhand,Deogarh,Madhupur,Assam C.T.C. Leaf,Beverages,0.02,19000,20000,20000,2011-01-21,20000.0,0.0,0.0,1.0,20000.0,20000.0,20000.0,20000.0
Jharkhand,Deogarh,Madhupur,Assam C.T.C. Leaf,Beverages,0.01,19000,20000,20000,2011-01-22,20000.0,0.0,0.0,2.0,20000.0,20000.0,20000.0,20000.0
Jharkhand,Deogarh,Madhupur,Assam C.T.C. Leaf,Beverages,0.02,19000,20000,20000,2011-01-24,20000.0,0.0,0.0,3.0,20000.0,20000.0,20000.0,20000.0
Jharkhand,Deogarh,Madhupur,Assam C.T.C. Leaf,Beverages,0.01,19000,20000,20000,2011-01-27,20000.0,0.0,0.0,2.0,20000.0,20000.0,20000.0,20000.0
Jharkhand,Deogarh,Madhupur,Assam C.T.C. Leaf,Beverages,0.1,19000,20000,20000,2011-01-29,20000.0,0.0,0.0,2.0,20000.0,20000.0,20000.0,20000.0
Jharkhand,Deogarh,Madhupur,Assam C.T.C. Leaf,Beverages,0.02,19000,20000,20000,2011-01-31,20000.0,0.0,0.0,1.0,20000.0,20000.0,20000.0,20000.0
Jharkhand,Deogarh,Madhupur,Assam C.T.C. Leaf,Beverages,0.03,19000,20000,20000,2011-02-01,20000.0,0.0,0.0,1.0,20000.0,20000.0,20000.0,20000.0
Jharkhand,Deogarh,Madhupur,Assam C.T.C. Leaf,Beverages,0.05,19000,20000,20000,2011-02-02,20000.0,0.0,0.0,1.0,20000.0,20000.0,20000.0,20000.0
Jharkhand,Deogarh,Madhupur,Assam C.T.C. Leaf,Beverages,0.05,19000,20000,20000,2011-02-03,20000.0,0.0,0.0,1.0,20000.0,20000.0,20000.0,20000.0
Jharkhand,Deogarh,Madhupur,Assam C.T.C. Leaf,Beverages,0.02,19000,20000,20000,2011-02-04,20000.0,0.0,0.0,1.0,20000.0,20000.0,20000.0,20000.0
Jharkhand,Deogarh,Madhupur,Assam C.T.C. Leaf,Beverages,0.05,19000,20000,20000,2011-02-05,20000.0,0.0,0.0,2.0,20000.0,20000.0,20000.0,20000.0
Jharkhand,Deogarh,Madhupur,Assam C.T.C. Leaf,Beverages,0.05,19000,20000,20000,2011-02-07,20000.0,0.0,0.0,2.0,20000.0,20000.0,20000.0,20000.0
Jharkhand,Deogarh,Madhupur,Assam C.T.C. Leaf,Beverages,0.02,19000,20000,20000,2011-02-09,20000.0,0.0,0.0,1.0,20000.0,20000.0,20000.0,20000.0
Jharkhand,Deogarh,Madhupur,Assam C.T.C. Leaf,Beverages,0.03,19000,20000,20000,2011-02-10,20000.0,0.0,0.0,1.0,20000.0,20000.0,20000.0,20000.0
Jharkhand,Deogarh,Madhupur,Assam C.T.C. Leaf,Beverages,0.02,19000,20000,20000,2011-02-11,20000.0,0.0,0.0,1.0,20000.0,20000.0,20000.0,20000.0
Jharkhand,Deogarh,Madhupur,Assam C.T.C. Leaf,Beverages,0.03,19000,20000,20000,2011-02-12,20000.0,0.0,0.0,2.0,20000.0,20000.0,20000.0,20000.0
Jharkhand,Deogarh,Madhupur,Assam C.T.C. Leaf,Beverages,0.05,19000,20000,20000,2011-02-14,20000.0,0.0,0.0,1.0,20000.0,20000.0,20000.0,20000.0
Jharkhand,Deogarh,Madhupur,Assam C.T.C. Leaf,Beverages,0.05,19000,20000,20000,2011-02-15,20000.0,0.0,0.0,2.0,20000.0,20000.0,20000.0,20000.0
Jharkhand,Deogarh,Madhupur,Assam C.T.C. Leaf,Beverages,0.02,19000,20000,20000,2011-02-17,20000.0,0.0,0.0,1.0,20000.0,20000.0,20000.0,20000.0
Jharkhand,Deogarh,Madhupur,Assam C.T.C. Leaf,Beverages,0.05,19000,20000,20000,2011-02-18,20000.0,0.0,0.0,1.0,20000.0,20000.0,20000.0,20000.0
Jharkhand,Deogarh,Madhupur,Assam C.T.C. Leaf,Beverages,0.02,19000,20000,20000,2011-02-19,20000.0,0.0,0.0,2.0,20000.0,20000.0,20000.0,20000.0
Jharkhand,Deogarh,Madhupur,Assam C.T.C. Leaf,Beverages,0.02,19000,20000,20000,2011-02-21,20000.0,0.0,0.0,1.0,20000.0,20000.0,20000.0,20000.0
Jharkhand,Deogarh,Madhupur,Assam C.T.C. Leaf,Beverages,0.03,19000,20000,20000,2011-02-22,20000.0,0.0,0.0,1.0,20000.0,20000.0,20000.0,20000.0
Jharkhand,Deogarh,Madhupur,Assam C.T.C. Leaf,Beverages,0.06,19000,20000,20000,2011-02-23,20000.0,0.0,0.0,1.0,20000.0,20000.0,20000.0,20000.0
Jharkhand,Deogarh,Madhupur,Assam C.T.C. Leaf,Beverages,0.1,19000,20000,20000,2011-02-24,20000.0,0.0,0.0,1.0,20000.0,20000.0,20000.0,20000.0
Jharkhand,Deogarh,Madhupur,Assam C.T.C. Leaf,Beverages,0.05,19000,20000,20000,2011-02-25,20000.0,0.0,0.0,1.0,20000.0,20000.0,20000.0,20000.0
Jharkhand,Deogarh,Madhupur,Assam C.T.C. Leaf,Beverages,0.03,19000,20000,20000,2011-02-26,20000.0,0.0,0.0,3.0,20000.0,20000.0,20000.0,20000.0
Jharkhand,Deogarh,Madhupur,Assam C.T.C. Leaf,Beverages,0.05,19000,20000,20000,2011-03-01,20000.0,0.0,0.0,2.0,20000.0,20000.0,20000.0,20000.0
Jharkhand,Deogarh,Madhupur,Assam C.T.C. Leaf,Beverages,0.02,19000,20000,20000,2011-03-03,20000.0,0.0,0.0,1.0,20000.0,20000.0,20000.0,20000.0
Jharkhand,Deogarh,Madhupur,Assam C.T.C. Leaf,Beverages,0.1,19000,20000,20000,2011-03-04,20000.0,0.0,0.0,3.0,20000.0,20000.0,20000.0,20000.0
Jharkhand,Deogarh,Madhupur,Assam C.T.C. Leaf,Beverages,0.05,19000,20000,20000,2011-03-07,20000.0,0.0,0.0,1.0,20000.0,20000.0,20000.0,20000.0
Jharkhand,Deogarh,Madhupur,Assam C.T.C. Leaf,Beverages,0.1,19000,20000,20000,2011-03-08,20000.0,0.0,0.0,1.0,20000.0,20000.0,20000.0,20000.0
Jharkhand,Deogarh,Madhupur,Assam C.T.C. Leaf,Beverages,0.06,19000,20000,20000,2011-03-09,20000.0,0.0,0.0,1.0,20000.0,20000.0,20000.0,20000.0
Jharkhand,Deogarh,Madhupur,Assam C.T.C. Leaf,Beverages,0.05,19000,20000,20000,2011-03-10,20000.0,0.0,0.0,1.0,20000.0,20000.0,20000.0,20000.0
Jharkhand,Deogarh,Madhupur,Assam C.T.C. Leaf,Beverages,0.05,19000,20000,20000,2011-03-11,20000.0,0.0,0.0,1.0,20000.0,20000.0,20000.0,20000.0
Jharkhand,Deogarh,Madhupur,Assam C.T.C. Leaf,Beverages,0.02,19000,20000,20000,2011-03-12,20000.0,0.0,0.0,2.0,20000.0,20000.0,20000.0,20000.0
Jharkhand,Deogarh,Madhupur,Assam C.T.C. Leaf,Beverages,0.03,19000,20000,20000,2011-03-14,20000.0,0.0,0.0,1.0,20000.0,20000.0,20000.0,20000.0
Jharkhand,Deogarh,Madhupur,Assam C.T.C. Leaf,Beverages,0.05,19000,20000,20000,2011-03-15,20000.0,0.0,0.0,1.0,20000.0,20000.0,20000.0,20000.0
Jharkhand,Deogarh,Madhupur,Assam C.T.C. Leaf,Beverages,0.03,19000,20000,20000,2011-03-16,20000.0,0.0,0.0,1.0,20000.0,20000.0,20000.0,20000.0
Jharkhand,Deogarh,Madhupur,Assam C.T.C. Leaf,Beverages,0.04,19000,20000,20000,2011-03-17,20000.0,0.0,0.0,1.0,20000.0,20000.0,20000.0,20000.0
Jharkhand,Deogarh,Madhupur,Assam C.T.C. Leaf,Beverages,2.0,19000,20000,20000,2011-03-18,20000.0,0.0,0.0,4.0,20000.0,20000.0,20000.0,20000.0
Jharkhand,Deogarh,Madhupur,Assam C.T.C. Leaf,Beverages,0.3,19000,20000,20000,2011-03-22,20000.0,0.0,0.0,1.0,20000.0,20000.0,20000.0,20000.0
Jharkhand,Deogarh,Madhupur,Assam C.T.C. Leaf,Beverages,0.02,19000,20000,20000,2011-03-23,20000.0,0.0,0.0,2.0,20000.0,20000.0,20000.0,20000.0
Jharkhand,Deogarh,Madhupur,Assam C.T.C. Leaf,Beverages,0.05,19000,20000,20000,2011-03-25,20000.0,0.0,0.0,1.0,20000.0,20000.0,20000.0,20000.0
Jharkhand,Deogarh,Madhupur,Assam C.T.C. Leaf,Beverages,0.02,19000,20000,20000,2011-03-26,20000.0,0.0,0.0,4.0,20000.0,20000.0,20000.0,20000.0
Jharkhand,Deogarh,Madhupur,Assam C.T.C. Leaf,Beverages,0.02,19000,20000,20000,2011-03-30,20000.0,0.0,0.0,1.0,20000.0,20000.0,20000.0,20000.0
Jharkhand,Deogarh,Madhupur,Assam C.T.C. Leaf,Beverages,0.02,19000,20000,20000,2011-03-31,20000.0,0.0,0.0,2.0,20000.0,20000.0,20000.0,20000.0
Jharkhand,Deogarh,Madhupur,Assam C.T.C. Leaf,Beverages,0.02,19000,20000,20000,2011-04-02,20000.0,0.0,0.0,2.0,20000.0,20000.0,20000.0,20000.0
Jharkhand,Deogarh,Madhupur,Assam C.T.C. Leaf,Beverages,0.05,19000,20000,20000,2011-04-04,20000.0,0.0,0.0,1.0,20000.0,20000.0,20000.0,20000.0
Jharkhand,Deogarh,Madhupur,Assam C.T.C. Leaf,Beverages,0.1,19000,20000,20000,2011-04-05,20000.0,0.0,0.0,2.0,20000.0,20000.0,20000.0,20000.0
Jharkhand,Deogarh,Madhupur,Assam C.T.C. Leaf,Beverages,0.05,19000,20000,20000,2011-04-07,20000.0,0.0,0.0,1.0,20000.0,20000.0,20000.0,20000.0
Jharkhand,Deogarh,Madhupur,Assam C.T.C. Leaf,Beverages,0.02,19000,20000,20000,2011-04-08,20000.0,0.0,0.0,1.0,20000.0,20000.0,20000.0,20000.0
Jharkhand,Deogarh,Madhupur,Assam C.T.C. Leaf,Beverages,0.05,19000,20000,20000,2011-04-09,20000.0,0.0,0.0,2.0,20000.0,20000.0,20000.0,20000.0
Jharkhand,Deogarh,Madhupur,Assam C.T.C. Leaf,Beverages,0.3,19000,20000,20000,2011-04-11,20000.0,0.0,0.0,2.0,20000.0,20000.0,20000.0,20000.0
Jharkhand,Deogarh,Madhupur,Assam C.T.C. Leaf,Beverages,0.02,19000,20000,20000,2011-04-13,20000.0,0.0,0.0,1.0,20000.0,20000.0,20000.0,20000.0
Jharkhand,Deogarh,Madhupur,Assam C.T.C. Leaf,Beverages,0.02,19000,20000,20000,2011-04-14,20000.0,0.0,0.0,1.0,20000.0,20000.0,20000.0,20000.0
Jharkhand,Deogarh,Madhupur,Assam C.T.C. Leaf,Beverages,0.03,19000,20000,20000,2011-04-15,20000.0,0.0,0.0,3.0,20000.0,20000.0,20000.0,20000.0
Jharkhand,Deogarh,Madhupur,Assam C.T.C. Leaf,Beverages,0.02,19000,20000,20000,2011-04-18,20000.0,0.0,0.0,2.0,20000.0,20000.0,20000.0,20000.0
Jharkhand,Deogarh,Madhupur,Assam C.T.C. Leaf,Beverages,0.02,19000,20000,20000,2011-04-20,20000.0,0.0,0.0,5.0,20000.0,20000.0,20000.0,20000.0
Jharkhand,Deogarh,Madhupur,Assam C.T.C. Leaf,Beverages,0.02,19000,20000,20000,2011-04-25,20000.0,0.0,0.0,1.0,20000.0,20000.0,20000.0,20000.0
Jharkhand,Deogarh,Madhupur,Assam C.T.C. Leaf,Beverages,0.03,19000,20000,20000,2011-04-26,20000.0,0.0,0.0,1.0,20000.0,20000.0,20000.0,20000.0
Jharkhand,Deogarh,Madhupur,Assam C.T.C. Leaf,Beverages,0.02,19000,20000,20000,2011-04-27,20000.0,0.0,0.0,1.0,20000.0,20000.0,20000.0,20000.0
Jharkhand,Deogarh,Madhupur,Assam C.T.C. Leaf,Beverages,0.2,19000,20000,20000,2011-04-28,20000.0,0.0,0.0,1.0,20000.0,20000.0,20000.0,20000.0
Jharkhand,Deogarh,Madhupur,Assam C.T.C. Leaf,Beverages,0.03,19000,20000,20000,2011-04-29,20000.0,0.0,0.0,3.0,20000.0,20000.0,20000.0,20000.0
Jharkhand,Deogarh,Madhupur,Assam C.T.C. Leaf,Beverages,0.05,19000,20000,20000,2011-05-02,20000.0,0.0,0.0,1.0,20000.0,20000.0,20000.0,20000.0
Jharkhand,Deogarh,Madhupur,Assam C.T.C. Leaf,Beverages,0.02,19000,20000,20000,2011-05-03,20000.0,0.0,0.0,1.0,20000.0,20000.0,20000.0,20000.0
Jharkhand,Deogarh,Madhupur,Assam C.T.C. Leaf,Beverages,0.03,19000,20000,20000,2011-05-04,20000.0,0.0,0.0,1.0,20000.0,20000.0,20000.0,20000.0
Jharkhand,Deogarh,Madhupur,Assam C.T.C. Leaf,Beverages,0.02,19000,20000,20000,2011-05-05,20000.0,0.0,0.0,1.0,20000.0,20000.0,20000.0,20000.0
Jharkhand,Deogarh,Madhupur,Assam C.T.C. Leaf,Beverages,0.04,19000,20000,20000,2011-05-06,20000.0,0.0,0.0,1.0,20000.0,20000.0,20000.0,20000.0
Jharkhand,Deogarh,Madhupur,Assam C.T.C. Leaf,Beverages,0.01,19000,20000,20000,2011-05-07,20000.0,0.0,0.0,2.0,20000.0,20000.0,20000.0,20000.0
Jharkhand,Deogarh,Madhupur,Assam C.T.C. Leaf,Beverages,0.02,19000,20000,20000,2011-05-09,20000.0,0.0,0.0,1.0,20000.0,20000.0,20000.0,20000.0
Jharkhand,Deogarh,Madhupur,Assam C.T.C. Leaf,Beverages,0.02,19000,20000,20000,2011-05-10,20000.0,0.0,0.0,1.0,20000.0,20000.0,20000.0,20000.0
Jharkhand,Deogarh,Madhupur,Assam C.T.C. Leaf,Beverages,0.06,19000,20000,20000,2011-05-11,20000.0,0.0,0.0,2.0,20000.0,20000.0,20000.0,20000.0
Jharkhand,Deogarh,Madhupur,Assam C.T.C. Leaf,Beverages,0.05,19000,20000,20000,2011-05-13,20000.0,0.0,0.0,1.0,20000.0,20000.0,20000.0,20000.0
Jharkhand,Deogarh,Madhupur,Assam C.T.C. Leaf,Beverages,0.02,19000,20000,20000,2011-05-14,20000.0,0.0,0.0,2.0,20000.0,20000.0,20000.0,20000.0
Jharkhand,Deogarh,Madhupur,Assam C.T.C. Leaf,Beverages,0.02,19000,20000,20000,2011-05-16,20000.0,0.0,0.0,3.0,20000.0,20000.0,20000.0,20000.0
Jharkhand,Deogarh,Madhupur,Assam C.T.C. Leaf,Beverages,0.02,19000,20000,20000,2011-05-19,20000.0,0.0,0.0,2.0,20000.0,20000.0,20000.0,20000.0
Jharkhand,Deogarh,Madhupur,Assam C.T.C. Leaf,Beverages,0.02,19000,20000,20000,2011-05-21,20000.0,0.0,0.0,3.0,20000.0,20000.0,20000.0,20000.0
Jharkhand,Deogarh,Madhupur,Assam C.T.C. Leaf,Beverages,0.05,19000,20000,20000,2011-05-24,20000.0,0.0,0.0,1.0,20000.0,20000.0,20000.0,20000.0
Jharkhand,Deogarh,Madhupur,Assam C.T.C. Leaf,Beverages,0.02,19000,20000,20000,2011-05-25,20000.0,0.0,0.0,1.0,20000.0,20000.0,20000.0,20000.0
Jharkhand,Deogarh,Madhupur,Assam C.T.C. Leaf,Beverages,0.02,19000,20000,20000,2011-05-26,20000.0,0.0,0.0,1.0,20000.0,20000.0,20000.0,20000.0
Jharkhand,Deogarh,Madhupur,Assam C.T.C. Leaf,Beverages,0.05,19000,20000,20000,2011-05-27,20000.0,0.0,0.0,3.0,20000.0,20000.0,20000.0,20000.0
Jharkhand,Deogarh,Madhupur,Assam C.T.C. Leaf,Beverages,0.01,19000,20000,20000,2011-05-30,20000.0,0.0,0.0,1.0,20000.0,20000.0,20000.0,20000.0
Jharkhand,Deogarh,Madhupur,Assam C.T.C. Leaf,Beverages,0.02,19000,20000,20000,2011-05-31,20000.0,0.0,0.0,1.0,20000.0,20000.0,20000.0,20000.0
Jharkhand,Deogarh,Madhupur,Assam C.T.C. Leaf,Beverages,0.2,19000,20000,20000,2011-06-01,20000.0,0.0,0.0,2.0,20000.0,20000.0,20000.0,20000.0
Jharkhand,Deogarh,Madhupur,Assam C.T.C. Leaf,Beverages,0.01,19000,20000,20000,2011-06-03,20000.0,0.0,0.0,1.0,20000.0,20000.0,20000.0,20000.0
Jharkhand,Deogarh,Madhupur,Assam C.T.C. Leaf,Beverages,0.02,19000,20000,20000,2011-06-04,20000.0,0.0,0.0,2.0,20000.0,20000.0,20000.0,20000.0
Jharkhand,Deogarh,Madhupur,Assam C.T.C. Leaf,Beverages,0.03,19000,20000,20000,2011-06-06,20000.0,0.0,0.0,1.0,20000.0,20000.0,20000.0,20000.0
Jharkhand,Deogarh,Madhupur,Assam C.T.C. Leaf,Beverages,0.02,19000,20000,20000,2011-06-07,20000.0,0.0,0.0,1.0,20000.0,20000.0,20000.0,20000.0
Jharkhand,Deogarh,Madhupur,Assam C.T.C. Leaf,Beverages,0.02,19000,20000,20000,2011-06-08,20000.0,0.0,0.0,2.0,20000.0,20000.0,20000.0,20000.0
Jharkhand,Deogarh,Madhupur,Assam C.T.C. Leaf,Beverages,0.01,19000,20000,20000,2011-06-10,20000.0,0.0,0.0,4.0,20000.0,20000.0,20000.0,20000.0
Jharkhand,Deogarh,Madhupur,Assam C.T.C. Leaf,Beverages,0.02,19000,20000,20000,2011-06-14,20000.0,0.0,0.0,1.0,20000.0,20000.0,20000.0,20000.0
Jharkhand,Deogarh,Madhupur,Assam C.T.C. Leaf,Beverages,0.02,19000,20000,20000,2011-06-15,20000.0,0.0,0.0,3.0,20000.0,20000.0,20000.0,20000.0
Jharkhand,Deogarh,Madhupur,Assam C.T.C. Leaf,Beverages,0.01,19000,20000,20000,2011-06-18,20000.0,0.0,0.0,2.0,20000.0,20000.0,20000.0,20000.0
Jharkhand,Deogarh,Madhupur,Assam C.T.C. Leaf,Beverages,0.02,19000,20000,20000,2011-06-20,20000.0,0.0,0.0,1.0,20000.0,20000.0,20000.0,20000.0
Jharkhand,Deogarh,Madhupur,Assam C.T.C. Leaf,Beverages,0.05,19000,20000,20000,2011-06-21,20000.0,0.0,0.0,2.0,20000.0,20000.0,20000.0,20000.0
Jharkhand,Deogarh,Madhupur,Assam C.T.C. Leaf,Beverages,0.2,19000,20000,20000,2011-06-23,20000.0,0.0,0.0,2.0,20000.0,20000.0,20000.0,20000.0
Jharkhand,Deogarh,Madhupur,Assam C.T.C. Leaf,Beverages,0.02,19000,20000,20000,2011-06-25,20000.0,0.0,0.0,2.0,20000.0,20000.0,20000.0,20000.0
Jharkhand,Deogarh,Madhupur,Assam C.T.C. Leaf,Beverages,0.02,19000,20000,20000,2011-06-27,20000.0,0.0,0.0,4.0,20000.0,20000.0,20000.0,20000.0
Jharkhand,Deogarh,Madhupur,Assam C.T.C. Leaf,Beverages,0.02,19000,20000,20000,2011-07-01,20000.0,0.0,0.0,3.0,20000.0,20000.0,20000.0,20000.0
Jharkhand,Deogarh,Madhupur,Assam C.T.C. Leaf,Beverages,0.01,19000,20000,20000,2011-07-04,20000.0,0.0,0.0,2.0,20000.0,20000.0,20000.0,20000.0
Jharkhand,Deogarh,Madhupur,Assam C.T.C. Leaf,Beverages,0.02,19000,20000,20000,2011-07-06,20000.0,0.0,0.0,3.0,20000.0,20000.0,20000.0,20000.0
Jharkhand,Deogarh,Madhupur,Assam C.T.C. Leaf,Beverages,0.02,19000,20000,20000,2011-07-09,20000.0,0.0,0.0,2.0,20000.0,20000.0,20000.0,20000.0
Jharkhand,Deogarh,Madhupur,Assam C.T.C. Leaf,Beverages,0.01,19000,20000,20000,2011-07-11,20000.0,0.0,0.0,1.0,20000.0,20000.0,20000.0,20000.0
Jharkhand,Deogarh,Madhupur,Assam C.T.C. Leaf,Beverages,0.05,19000,20000,20000,2011-07-12,20000.0,0.0,0.0,4.0,20000.0,20000.0,20000.0,20000.0
Jharkhand,Deogarh,Madhupur,Assam C.T.C. Leaf,Beverages,0.01,19000,20000,20000,2011-07-16,20000.0,0.0,0.0,4.0,20000.0,20000.0,20000.0,20000.0
Jharkhand,Deogarh,Madhupur,Assam C.T.C. Leaf,Beverages,0.05,19000,20000,20000,2011-07-20,20000.0,0.0,0.0,1.0,20000.0,20000.0,20000.0,20000.0
Jharkhand,Deogarh,Madhupur,Assam C.T.C. Leaf,Beverages,0.03,19000,20000,20000,2011-07-21,20000.0,0.0,0.0,1.0,20000.0,20000.0,20000.0,20000.0
Jharkhand,Deogarh,Madhupur,Assam C.T.C. Leaf,Beverages,0.01,19000,20000,20000,2011-07-22,20000.0,0.0,0.0,1.0,20000.0,20000.0,20000.0,20000.0
Jharkhand,Deogarh,Madhupur,Assam C.T.C. Leaf,Beverages,0.01,19000,20000,20000,2011-07-23,20000.0,0.0,0.0,2.0,20000.0,20000.0,20000.0,20000.0
Jharkhand,Deogarh,Madhupur,Assam C.T.C. Leaf,Beverages,0.01,19000,20000,20000,2011-07-25,20000.0,0.0,0.0,1.0,20000.0,20000.0,20000.0,20000.0
Jharkhand,Deogarh,Madhupur,Assam C.T.C. Leaf,Beverages,0.02,19000,20000,20000,2011-07-26,20000.0,0.0,0.0,1.0,20000.0,20000.0,20000.0,20000.0
Jharkhand,Deogarh,Madhupur,Assam C.T.C. Leaf,Beverages,0.01,19000,20000,20000,2011-07-27,20000.0,0.0,0.0,3.0,20000.0,20000.0,20000.0,20000.0
Jharkhand,Deogarh,Madhupur,Assam C.T.C. Leaf,Beverages,0.02,19000,20000,20000,2011-07-30,20000.0,0.0,0.0,2.0,20000.0,20000.0,20000.0,20000.0
Jharkhand,Deogarh,Madhupur,Assam C.T.C. Leaf,Beverages,0.02,19000,20000,20000,2011-08-01,20000.0,0.0,0.0,1.0,20000.0,20000.0,20000.0,20000.0
Jharkhand,Deogarh,Madhupur,Assam C.T.C. Leaf,Beverages,0.01,19000,20000,20000,2011-08-02,20000.0,0.0,0.0,2.0,20000.0,20000.0,20000.0,20000.0
Jharkhand,Deogarh,Madhupur,Assam C.T.C. Leaf,Beverages,0.02,19000,20000,20000,2011-08-04,20000.0,0.0,0.0,2.0,20000.0,20000.0,20000.0,20000.0
Jharkhand,Deogarh,Madhupur,Assam C.T.C. Leaf,Beverages,0.02,19000,20000,20000,2011-08-06,20000.0,0.0,0.0,2.0,20000.0,20000.0,20000.0,20000.0
Jharkhand,Deogarh,Madhupur,Assam C.T.C. Leaf,Beverages,0.1,19000,20000,20000,2011-08-08,20000.0,0.0,0.0,2.0,20000.0,20000.0,20000.0,20000.0
Jharkhand,Deogarh,Madhupur,Assam C.T.C. Leaf,Beverages,0.02,19000,20000,20000,2011-08-10,20000.0,0.0,0.0,2.0,20000.0,20000.0,20000.0,20000.0
Jharkhand,Deogarh,Madhupur,Assam C.T.C. Leaf,Beverages,0.03,19000,20000,20000,2011-08-12,20000.0,0.0,0.0,4.0,20000.0,20000.0,20000.0,20000.0
Jharkhand,Deogarh,Madhupur,Assam C.T.C. Leaf,Beverages,0.02,19000,20000,20000,2011-08-16,20000.0,0.0,0.0,1.0,20000.0,20000.0,20000.0,20000.0
Jharkhand,Deogarh,Madhupur,Assam C.T.C. Leaf,Beverages,0.02,19000,20000,20000,2011-08-17,20000.0,0.0,0.0,1.0,20000.0,20000.0,20000.0,20000.0
Jharkhand,Deogarh,Madhupur,Assam C.T.C. Leaf,Beverages,0.02,19000,20000,20000,2011-08-18,20000.0,0.0,0.0,2.0,20000.0,20000.0,20000.0,20000.0
Jharkhand,Deogarh,Madhupur,Assam C.T.C. Leaf,Beverages,0.02,19000,20000,20000,2011-08-20,20000.0,0.0,0.0,5.0,20000.0,20000.0,20000.0,20000.0
Jharkhand,Deogarh,Madhupur,Assam C.T.C. Leaf,Beverages,0.02,19000,20000,20000,2011-08-25,20000.0,0.0,0.0,1.0,20000.0,20000.0,20000.0,20000.0
Jharkhand,Deogarh,Madhupur,Assam C.T.C. Leaf,Beverages,0.02,19000,20000,20000,2011-08-26,20000.0,0.0,0.0,4.0,20000.0,20000.0,20000.0,20000.0
Jharkhand,Deogarh,Madhupur,Assam C.T.C. Leaf,Beverages,0.02,19000,20000,20000,2011-08-30,20000.0,0.0,0.0,3.0,20000.0,20000.0,20000.0,20000.0
Jharkhand,Deogarh,Madhupur,Assam C.T.C. Leaf,Beverages,0.02,19000,20000,20000,2011-09-02,20000.0,0.0,0.0,4.0,20000.0,20000.0,20000.0,20000.0
Jharkhand,Deogarh,Madhupur,Assam C.T.C. Leaf,Beverages,0.02,19000,20000,20000,2011-09-06,20000.0,0.0,0.0,1.0,20000.0,20000.0,20000.0,20000.0
Jharkhand,Deogarh,Madhupur,Assam C.T.C. Leaf,Beverages,0.02,19000,20000,20000,2011-09-07,20000.0,0.0,0.0,2.0,20000.0,20000.0,20000.0,20000.0
Jharkhand,Deogarh,Madhupur,Assam C.T.C. Leaf,Beverages,0.05,19000,20000,20000,2011-09-09,20000.0,0.0,0.0,6.0,20000.0,20000.0,20000.0,20000.0
Jharkhand,Deogarh,Madhupur,Assam C.T.C. Leaf,Beverages,0.02,19000,20000,20000,2011-09-15,20000.0,0.0,0.0,2.0,20000.0,20000.0,20000.0,20000.0
Jharkhand,Deogarh,Madhupur,Assam C.T.C. Leaf,Beverages,0.02,19000,20000,20000,2011-09-17,20000.0,0.0,0.0,2.0,20000.0,20000.0,20000.0,20000.0
Jharkhand,Deogarh,Madhupur,Assam C.T.C. Leaf,Beverages,0.02,19000,20000,20000,2011-09-19,20000.0,0.0,0.0,3.0,20000.0,20000.0,20000.0,20000.0
Jharkhand,Deogarh,Madhupur,Assam C.T.C. Leaf,Beverages,0.02,19000,20000,20000,2011-09-22,20000.0,0.0,0.0,1.0,20000.0,20000.0,20000.0,20000.0
Jharkhand,Deogarh,Madhupur,Assam C.T.C. Leaf,Beverages,0.01,19000,20000,20000,2011-09-23,20000.0,0.0,0.0,3.0,20000.0,20000.0,20000.0,20000.0
Jharkhand,Deogarh,Madhupur,Assam C.T.C. Leaf,Beverages,0.01,19000,20000,20000,2011-09-26,20000.0,0.0,0.0,1.0,20000.0,20000.0,20000.0,20000.0
Jharkhand,Deogarh,Madhupur,Assam C.T.C. Leaf,Beverages,0.02,19000,20000,20000,2011-09-27,20000.0,0.0,0.0,4.0,20000.0,20000.0,20000.0,20000.0
Jharkhand,Deogarh,Madhupur,Assam C.T.C. Leaf,Beverages,0.02,19000,20000,20000,2011-10-01,20000.0,0.0,0.0,6.0,20000.0,20000.0,20000.0,20000.0
Jharkhand,Deogarh,Madhupur,Assam C.T.C. Leaf,Beverages,0.02,19000,20000,20000,2011-10-07,20000.0,0.0,0.0,1.0,20000.0,20000.0,20000.0,20000.0
Jharkhand,Deogarh,Madhupur,Assam C.T.C. Leaf,Beverages,0.02,19000,20000,20000,2011-10-08,20000.0,0.0,0.0,2.0,20000.0,20000.0,20000.0,20000.0
Jharkhand,Deogarh,Madhupur,Assam C.T.C. Leaf,Beverages,0.02,19000,20000,20000,2011-11-03,20000.0,0.0,0.0,2.0,20000.0,20000.0,20000.0,20000.0
Jharkhand,Deogarh,Madhupur,Assam C.T.C. Leaf,Beverages,0.05,19000,20000,20000,2011-11-05,20000.0,0.0,0.0,4.0,20000.0,20000.0,20000.0,20000.0
Jharkhand,Deogarh,Madhupur,Assam C.T.C. Leaf,Beverages,0.05,19000,20000,20000,2011-11-09,20000.0,0.0,0.0,2.0,20000.0,20000.0,20000.0,20000.0
Jharkhand,Deogarh,Madhupur,Assam C.T.C. Leaf,Beverages,0.02,19000,20000,20000,2011-11-11,20000.0,0.0,0.0,1.0,20000.0,20000.0,20000.0,20000.0
Jharkhand,Deogarh,Madhupur,Assam C.T.C. Leaf,Beverages,0.05,19000,20000,20000,2011-11-12,20000.0,0.0,0.0,2.0,20000.0,20000.0,20000.0,20000.0
Jharkhand,Deogarh,Madhupur,Assam C.T.C. Leaf,Beverages,0.05,19000,20000,20000,2011-11-14,20000.0,0.0,0.0,2.0,20000.0,20000.0,20000.0,20000.0
Jharkhand,Deogarh,Madhupur,Assam C.T.C. Leaf,Beverages,0.02,19000,20000,20000,2011-11-16,20000.0,0.0,0.0,1.0,20000.0,20000.0,20000.0,20000.0
Jharkhand,Deogarh,Madhupur,Assam C.T.C. Leaf,Beverages,0.02,19000,20000,20000,2011-11-17,20000.0,0.0,0.0,1.0,20000.0,20000.0,20000.0,20000.0
Jharkhand,Deogarh,Madhupur,Assam C.T.C. Leaf,Beverages,0.02,19000,20000,20000,2011-11-18,20000.0,0.0,0.0,3.0,20000.0,20000.0,20000.0,20000.0
Jharkhand,Deogarh,Madhupur,Assam C.T.C. Leaf,Beverages,0.05,19000,20000,20000,2011-11-21,20000.0,0.0,0.0,1.0,20000.0,20000.0,20000.0,20000.0
Jharkhand,Deogarh,Madhupur,Assam C.T.C. Leaf,Beverages,0.05,19000,20000,20000,2011-11-22,20000.0,0.0,0.0,2.0,20000.0,20000.0,20000.0,20000.0
Jharkhand,Deogarh,Madhupur,Assam C.T.C. Leaf,Beverages,0.05,19000,20000,20000,2011-11-24,19000.0,-0.05,-0.0512932943875505,6.0,20000.0,20000.0,20000.0,20000.0
Jharkhand,Deogarh,Madhupur,Assam C.T.C. Leaf,Beverages,0.02,19000,20000,19000,2011-11-30,19500.0,0.0263157894736842,0.0259754864032607,1.0,20000.0,20000.0,20000.0,20000.0
Jharkhand,Deogarh,Madhupur,Assam C.T.C. Leaf,Beverages,0.05,19000,20000,19500,2011-12-01,20000.0,0.0256410256410256,0.0253178079842897,2.0,19000.0,20000.0,20000.0,20000.0
Jharkhand,Deogarh,Madhupur,Assam C.T.C. Leaf,Beverages,0.02,19000,20000,20000,2011-12-03,20000.0,0.0,0.0,2.0,19500.0,20000.0,20000.0,20000.0
Jharkhand,Deogarh,Madhupur,Assam C.T.C. Leaf,Beverages,0.02,19000,20000,20000,2011-12-05,20000.0,0.0,0.0,2.0,20000.0,20000.0,20000.0,20000.0
Jharkhand,Deogarh,Madhupur,Assam C.T.C. Leaf,Beverages,0.02,19000,20000,20000,2011-12-07,20000.0,0.0,0.0,2.0,20000.0,20000.0,20000.0,20000.0
Jharkhand,Deogarh,Madhupur,Assam C.T.C. Leaf,Beverages,0.02,19000,20000,20000,2011-12-09,20000.0,0.0,0.0,3.0,20000.0,20000.0,20000.0,20000.0
Jharkhand,Deogarh,Madhupur,Assam C.T.C. Leaf,Beverages,0.05,19000,20000,20000,2011-12-12,20000.0,0.0,0.0,1.0,20000.0,20000.0,20000.0,20000.0
Jharkhand,Deogarh,Madhupur,Assam C.T.C. Leaf,Beverages,0.1,19000,20000,20000,2011-12-13,20000.0,0.0,0.0,1.0,20000.0,19000.0,20000.0,20000.0
Jharkhand,Deogarh,Madhupur,Assam C.T.C. Leaf,Beverages,0.02,19000,20000,20000,2011-12-14,20000.0,0.0,0.0,2.0,20000.0,19500.0,20000.0,20000.0
Jharkhand,Deogarh,Madhupur,Assam C.T.C. Leaf,Beverages,0.01,19000,20000,20000,2011-12-16,20000.0,0.0,0.0,1.0,20000.0,20000.0,20000.0,20000.0
Jharkhand,Deogarh,Madhupur,Assam C.T.C. Leaf,Beverages,0.03,19000,20000,20000,2011-12-17,20000.0,0.0,0.0,3.0,20000.0,20000.0,20000.0,20000.0
Jharkhand,Deogarh,Madhupur,Assam C.T.C. Leaf,Beverages,0.02,19000,20000,20000,2011-12-20,20000.0,0.0,0.0,1.0,20000.0,20000.0,20000.0,20000.0
Jharkhand,Deogarh,Madhupur,Assam C.T.C. Leaf,Beverages,0.02,19000,20000,20000,2011-12-21,20000.0,0.0,0.0,1.0,20000.0,20000.0,20000.0,20000.0
Jharkhand,Deogarh,Madhupur,Assam C.T.C. Leaf,Beverages,0.02,19000,20000,20000,2011-12-22,20000.0,0.0,0.0,4.0,20000.0,20000.0,20000.0,20000.0
Jharkhand,Deogarh,Madhupur,Assam C.T.C. Leaf,Beverages,0.03,19000,20000,20000,2011-12-26,20000.0,0.0,0.0,1.0,20000.0,20000.0,19000.0,20000.0
Jharkhand,Deogarh,Madhupur,Assam C.T.C. Leaf,Beverages,0.02,19000,20000,20000,2011-12-27,20000.0,0.0,0.0,1.0,20000.0,20000.0,19500.0,20000.0
Jharkhand,Deogarh,Madhupur,Assam C.T.C. Leaf,Beverages,0.02,19000,20000,20000,2011-12-28,20000.0,0.0,0.0,1.0,20000.0,20000.0,20000.0,20000.0
Jharkhand,Deogarh,Madhupur,Assam C.T.C. Leaf,Beverages,0.02,19000,20000,20000,2011-12-29,20000.0,0.0,0.0,4.0,20000.0,20000.0,20000.0,20000.0
Jharkhand,Deogarh,Madhupur,Assam C.T.C. Leaf,Beverages,0.01,19000,20000,20000,2012-01-02,20000.0,0.0,0.0,1.0,20000.0,20000.0,20000.0,20000.0
Jharkhand,Deogarh,Madhupur,Assam C.T.C. Leaf,Beverages,0.01,19000,20000,20000,2012-01-03,20000.0,0.0,0.0,1.0,20000.0,20000.0,20000.0,20000.0
Jharkhand,Deogarh,Madhupur,Assam C.T.C. Leaf,Beverages,0.02,19000,20000,20000,2012-01-04,20000.0,0.0,0.0,1.0,20000.0,20000.0,20000.0,20000.0
Jharkhand,Deogarh,Madhupur,Assam C.T.C. Leaf,Beverages,0.02,19000,20000,20000,2012-01-05,20000.0,0.0,0.0,1.0,20000.0,20000.0,20000.0,20000.0
Jharkhand,Deogarh,Madhupur,Assam C.T.C. Leaf,Beverages,0.02,19000,20000,20000,2012-01-06,20000.0,0.0,0.0,1.0,20000.0,20000.0,20000.0,20000.0
Jharkhand,Deogarh,Madhupur,Assam C.T.C. Leaf,Beverages,0.02,19000,20000,20000,2012-01-07,20000.0,0.0,0.0,2.0,20000.0,20000.0,20000.0,20000.0
Jharkhand,Deogarh,Madhupur,Assam C.T.C. Leaf,Beverages,0.02,19000,20000,20000,2012-01-17,20000.0,0.0,0.0,1.0,20000.0,20000.0,20000.0,20000.0
Jharkhand,Deogarh,Madhupur,Assam C.T.C. Leaf,Beverages,0.02,19000,20000,20000,2012-01-18,20000.0,0.0,0.0,1.0,20000.0,20000.0,20000.0,20000.0
Jharkhand,Deogarh,Madhupur,Assam C.T.C. Leaf,Beverages,0.02,19000,20000,20000,2012-01-19,20000.0,0.0,0.0,2.0,20000.0,20000.0,20000.0,20000.0
Jharkhand,Deogarh,Madhupur,Assam C.T.C. Leaf,Beverages,0.1,19000,20000,20000,2012-01-21,20000.0,0.0,0.0,3.0,20000.0,20000.0,20000.0,20000.0
Jharkhand,Deogarh,Madhupur,Assam C.T.C. Leaf,Beverages,0.02,19000,20000,20000,2012-01-24,20000.0,0.0,0.0,3.0,20000.0,20000.0,20000.0,20000.0
Jharkhand,Deogarh,Madhupur,Assam C.T.C. Leaf,Beverages,0.05,19000,20000,20000,2012-01-27,20000.0,0.0,0.0,4.0,20000.0,20000.0,20000.0,20000.0
Jharkhand,Deogarh,Madhupur,Assam C.T.C. Leaf,Beverages,0.02,19000,20000,20000,2012-01-31,20000.0,0.0,0.0,1.0,20000.0,20000.0,20000.0,19000.0
Jharkhand,Deogarh,Madhupur,Assam C.T.C. Leaf,Beverages,0.05,19000,20000,20000,2012-02-01,20000.0,0.0,0.0,1.0,20000.0,20000.0,20000.0,19500.0
Jharkhand,Deogarh,Madhupur,Assam C.T.C. Leaf,Beverages,0.02,19000,20000,20000,2012-02-02,20000.0,0.0,0.0,1.0,20000.0,20000.0,20000.0,20000.0
Jharkhand,Deogarh,Madhupur,Assam C.T.C. Leaf,Beverages,0.02,19000,20000,20000,2012-02-03,20000.0,0.0,0.0,3.0,20000.0,20000.0,20000.0,20000.0
Jharkhand,Deogarh,Madhupur,Assam C.T.C. Leaf,Beverages,0.02,19000,20000,20000,2012-02-06,20000.0,0.0,0.0,3.0,20000.0,20000.0,20000.0,20000.0
Jharkhand,Deogarh,Madhupur,Assam C.T.C. Leaf,Beverages,0.1,19000,20000,20000,2012-02-09,20000.0,0.0,0.0,1.0,20000.0,20000.0,20000.0,20000.0
Jharkhand,Deogarh,Madhupur,Assam C.T.C. Leaf,Beverages,0.02,19000,20000,20000,2012-02-10,20000.0,0.0,0.0,1.0,20000.0,20000.0,20000.0,20000.0
Jharkhand,Deogarh,Madhupur,Assam C.T.C. Leaf,Beverages,0.02,19000,20000,20000,2012-02-11,20000.0,0.0,0.0,2.0,20000.0,20000.0,20000.0,20000.0
Jharkhand,Deogarh,Madhupur,Assam C.T.C. Leaf,Beverages,0.05,21500,22500,22000,2012-03-03,22000.0,0.0,0.0,2.0,20000.0,20000.0,20000.0,20000.0
Jharkhand,Deogarh,Madhupur,Assam C.T.C. Leaf,Beverages,0.05,21500,22500,22000,2012-03-05,22000.0,0.0,0.0,2.0,22000.0,20000.0,20000.0,20000.0
Jharkhand,Deogarh,Madhupur,Assam C.T.C. Leaf,Beverages,0.02,21500,22500,22000,2012-03-07,22000.0,0.0,0.0,3.0,22000.0,20000.0,20000.0,20000.0
Jharkhand,Deogarh,Madhupur,Assam C.T.C. Leaf,Beverages,0.05,21000,22500,22000,2012-03-10,22000.0,0.0,0.0,2.0,22000.0,20000.0,20000.0,20000.0
Jharkhand,Deogarh,Madhupur,Assam C.T.C. Leaf,Beverages,0.05,21000,22000,22000,2012-03-12,22000.0,0.0,0.0,2.0,22000.0,20000.0,20000.0,20000.0
Jharkhand,Deogarh,Madhupur,Assam C.T.C. Leaf,Beverages,0.02,21500,22500,22000,2012-03-14,22000.0,0.0,0.0,5.0,22000.0,20000.0,20000.0,20000.0
Jharkhand,Deogarh,Madhupur,Assam C.T.C. Leaf,Beverages,0.02,21000,22000,22000,2012-03-19,22000.0,0.0,0.0,5.0,22000.0,20000.0,20000.0,20000.0
Jharkhand,Deogarh,Madhupur,Assam C.T.C. Leaf,Beverages,0.02,21000,22000,22000,2012-03-24,22000.0,0.0,0.0,2.0,22000.0,22000.0,20000.0,20000.0
Jharkhand,Deogarh,Madhupur,Assam C.T.C. Leaf,Beverages,0.02,21000,22000,22000,2012-03-26,22000.0,0.0,0.0,2.0,22000.0,22000.0,20000.0,20000.0
Jharkhand,Deogarh,Madhupur,Assam C.T.C. Leaf,Beverages,0.02,21000,22000,22000,2012-03-28,22000.0,0.0,0.0,2.0,22000.0,22000.0,20000.0,20000.0
Jharkhand,Deogarh,Madhupur,Assam C.T.C. Leaf,Beverages,0.02,21000,22000,22000,2012-04-07,22000.0,0.0,0.0,5.0,22000.0,22000.0,20000.0,20000.0
Jharkhand,Deogarh,Madhupur,Assam C.T.C. Leaf,Beverages,0.05,21000,22000,22000,2012-04-12,22000.0,0.0,0.0,1.0,22000.0,22000.0,20000.0,20000.0
Jharkhand,Deogarh,Madhupur,Assam C.T.C. Leaf,Beverages,0.02,21000,22000,22000,2012-04-13,22000.0,0.0,0.0,6.0,22000.0,22000.0,20000.0,20000.0
Jharkhand,Deogarh,Madhupur,Assam C.T.C. Leaf,Beverages,0.05,21000,22000,22000,2012-04-19,22000.0,0.0,0.0,1.0,22000.0,22000.0,20000.0,20000.0
Jharkhand,Deogarh,Madhupur,Assam C.T.C. Leaf,Beverages,0.02,21000,22000,22000,2012-04-20,22000.0,0.0,0.0,1.0,22000.0,22000.0,22000.0,20000.0
Jharkhand,Deogarh,Madhupur,Assam C.T.C. Leaf,Beverages,0.05,21000,22000,22000,2012-04-21,22000.0,0.0,0.0,3.0,22000.0,22000.0,22000.0,20000.0
Jharkhand,Deogarh,Madhupur,Assam C.T.C. Leaf,Beverages,0.02,21000,22000,22000,2012-04-24,22000.0,0.0,0.0,1.0,22000.0,22000.0,22000.0,20000.0
Jharkhand,Deogarh,Madhupur,Assam C.T.C. Leaf,Beverages,0.05,21000,22000,22000,2012-04-25,22000.0,0.0,0.0,2.0,22000.0,22000.0,22000.0,20000.0
Jharkhand,Deogarh,Madhupur,Assam C.T.C. Leaf,Beverages,0.02,21000,22000,22000,2012-04-27,22000.0,0.0,0.0,5.0,22000.0,22000.0,22000.0,20000.0
Jharkhand,Deogarh,Madhupur,Assam C.T.C. Leaf,Beverages,0.02,21000,22000,22000,2012-05-02,22000.0,0.0,0.0,1.0,22000.0,22000.0,22000.0,20000.0
Jharkhand,Deogarh,Madhupur,Assam C.T.C. Leaf,Beverages,0.1,21000,22000,22000,2012-05-03,22000.0,0.0,0.0,4.0,22000.0,22000.0,22000.0,20000.0
Jharkhand,Deogarh,Madhupur,Assam C.T.C. Leaf,Beverages,0.05,21000,22000,22000,2012-05-07,22000.0,0.0,0.0,1.0,22000.0,22000.0,22000.0,20000.0
Jharkhand,Deogarh,Madhupur,Assam C.T.C. Leaf,Beverages,0.02,21000,22000,22000,2012-05-08,22000.0,0.0,0.0,1.0,22000.0,22000.0,22000.0,20000.0
Jharkhand,Deogarh,Madhupur,Assam C.T.C. Leaf,Beverages,0.05,21000,22000,22000,2012-05-09,22000.0,0.0,0.0,2.0,22000.0,22000.0,22000.0,20000.0
Jharkhand,Deogarh,Madhupur,Assam C.T.C. Leaf,Beverages,0.05,21000,22000,22000,2012-05-11,22000.0,0.0,0.0,3.0,22000.0,22000.0,22000.0,20000.0
Jharkhand,Deogarh,Madhupur,Assam C.T.C. Leaf,Beverages,0.05,21000,22000,22000,2012-05-14,22000.0,0.0,0.0,1.0,22000.0,22000.0,22000.0,20000.0
Jharkhand,Deogarh,Madhupur,Assam C.T.C. Leaf,Beverages,0.02,21000,22000,22000,2012-05-15,22000.0,0.0,0.0,1.0,22000.0,22000.0,22000.0,20000.0
Jharkhand,Deogarh,Madhupur,Assam C.T.C. Leaf,Beverages,0.03,21000,22000,22000,2012-05-16,22000.0,0.0,0.0,1.0,22000.0,22000.0,22000.0,20000.0
Jharkhand,Deogarh,Madhupur,Assam C.T.C. Leaf,Beverages,0.03,21000,22000,22000,2012-05-17,22000.0,0.0,0.0,1.0,22000.0,22000.0,22000.0,20000.0
Jharkhand,Deogarh,Madhupur,Assam C.T.C. Leaf,Beverages,0.05,21000,22000,22000,2012-05-18,22000.0,0.0,0.0,1.0,22000.0,22000.0,22000.0,20000.0
Jharkhand,Deogarh,Madhupur,Assam C.T.C. Leaf,Beverages,0.02,21000,22000,22000,2012-05-19,22000.0,0.0,0.0,5.0,22000.0,22000.0,22000.0,22000.0
Jharkhand,Deogarh,Madhupur,Assam C.T.C. Leaf,Beverages,0.1,21000,22000,22000,2012-05-24,22000.0,0.0,0.0,2.0,22000.0,22000.0,22000.0,22000.0
Jharkhand,Deogarh,Madhupur,Assam C.T.C. Leaf,Beverages,0.1,21000,22000,22000,2012-05-26,22000.0,0.0,0.0,2.0,22000.0,22000.0,22000.0,22000.0
Jharkhand,Deogarh,Madhupur,Assam C.T.C. Leaf,Beverages,0.05,21000,22000,22000,2012-05-28,22000.0,0.0,0.0,3.0,22000.0,22000.0,22000.0,22000.0
Jharkhand,Deogarh,Madhupur,Assam C.T.C. Leaf,Beverages,0.02,21000,22000,22000,2012-05-31,22000.0,0.0,0.0,1.0,22000.0,22000.0,22000.0,22000.0
Jharkhand,Deogarh,Madhupur,Assam C.T.C. Leaf,Beverages,0.05,21000,22000,22000,2012-06-01,22000.0,0.0,0.0,3.0,22000.0,22000.0,22000.0,22000.0
Jharkhand,Deogarh,Madhupur,Assam C.T.C. Leaf,Beverages,0.02,21000,22000,22000,2012-06-04,22000.0,0.0,0.0,3.0,22000.0,22000.0,22000.0,22000.0
Jharkhand,Deogarh,Madhupur,Assam C.T.C. Leaf,Beverages,0.05,21000,22000,22000,2012-06-07,22000.0,0.0,0.0,2.0,22000.0,22000.0,22000.0,22000.0
Jharkhand,Deogarh,Madhupur,Assam C.T.C. Leaf,Beverages,0.1,21000,22000,22000,2012-06-09,22000.0,0.0,0.0,4.0,22000.0,22000.0,22000.0,22000.0
Jharkhand,Deogarh,Madhupur,Assam C.T.C. Leaf,Beverages,0.05,21000,22000,22000,2012-06-13,22000.0,0.0,0.0,3.0,22000.0,22000.0,22000.0,22000.0
Jharkhand,Deogarh,Madhupur,Assam C.T.C. Leaf,Beverages,0.05,21000,22000,22000,2012-06-25,24000.0,0.0909090909090909,0.0870113769896296,2.0,22000.0,22000.0,22000.0,22000.0
Jharkhand,Deogarh,Madhupur,Assam C.T.C. Leaf,Beverages,0.05,23000,24000,24000,2012-06-27,24000.0,0.0,0.0,1.0,22000.0,22000.0,22000.0,22000.0
Jharkhand,Deogarh,Madhupur,Assam C.T.C. Leaf,Beverages,0.05,23000,24000,24000,2012-06-28,24000.0,0.0,0.0,4.0,24000.0,22000.0,22000.0,22000.0
Jharkhand,Deogarh,Madhupur,Assam C.T.C. Leaf,Beverages,0.05,23000,24000,24000,2012-07-02,24000.0,0.0,0.0,4.0,24000.0,22000.0,22000.0,22000.0
Jharkhand,Deogarh,Madhupur,Assam C.T.C. Leaf,Beverages,0.02,23000,24000,24000,2012-07-06,24000.0,0.0,0.0,1.0,24000.0,22000.0,22000.0,22000.0
Jharkhand,Deogarh,Madhupur,Assam C.T.C. Leaf,Beverages,0.02,23000,24000,24000,2012-07-07,24000.0,0.0,0.0,3.0,24000.0,22000.0,22000.0,22000.0
Jharkhand,Deogarh,Madhupur,Assam C.T.C. Leaf,Beverages,0.02,23000,24000,24000,2012-07-10,24000.0,0.0,0.0,1.0,24000.0,22000.0,22000.0,22000.0
Jharkhand,Deogarh,Madhupur,Assam C.T.C. Leaf,Beverages,0.02,23000,24000,24000,2012-07-11,24000.0,0.0,0.0,1.0,24000.0,22000.0,22000.0,22000.0
Jharkhand,Deogarh,Madhupur,Assam C.T.C. Leaf,Beverages,0.02,23000,24000,24000,2012-07-12,24000.0,0.0,0.0,1.0,24000.0,24000.0,22000.0,22000.0
Jharkhand,Deogarh,Madhupur,Assam C.T.C. Leaf,Beverages,0.02,23000,24000,24000,2012-07-13,24000.0,0.0,0.0,3.0,24000.0,24000.0,22000.0,22000.0
Jharkhand,Deogarh,Madhupur,Assam C.T.C. Leaf,Beverages,0.02,23000,24000,24000,2012-07-16,24000.0,0.0,0.0,1.0,24000.0,24000.0,22000.0,22000.0
Jharkhand,Deogarh,Madhupur,Assam C.T.C. Leaf,Beverages,0.02,23000,24000,24000,2012-07-17,24000.0,0.0,0.0,2.0,24000.0,24000.0,22000.0,22000.0
Jharkhand,Deogarh,Madhupur,Assam C.T.C. Leaf,Beverages,0.1,23000,24000,24000,2012-07-19,24000.0,0.0,0.0,1.0,24000.0,24000.0,22000.0,22000.0
Jharkhand,Deogarh,Madhupur,Assam C.T.C. Leaf,Beverages,0.1,23000,24000,24000,2012-07-20,24000.0,0.0,0.0,4.0,24000.0,24000.0,22000.0,22000.0
Jharkhand,Deogarh,Madhupur,Assam C.T.C. Leaf,Beverages,0.05,23000,24000,24000,2012-07-24,24000.0,0.0,0.0,2.0,24000.0,24000.0,22000.0,22000.0
Jharkhand,Deogarh,Madhupur,Assam C.T.C. Leaf,Beverages,0.02,23000,24000,24000,2012-07-26,24000.0,0.0,0.0,2.0,24000.0,24000.0,24000.0,22000.0
Jharkhand,Deogarh,Madhupur,Assam C.T.C. Leaf,Beverages,0.05,23000,24000,24000,2012-07-28,24000.0,0.0,0.0,2.0,24000.0,24000.0,24000.0,22000.0
Jharkhand,Deogarh,Madhupur,Assam C.T.C. Leaf,Beverages,0.05,23000,24000,24000,2012-07-30,24000.0,0.0,0.0,3.0,24000.0,24000.0,24000.0,22000.0
Jharkhand,Deogarh,Madhupur,Assam C.T.C. Leaf,Beverages,0.05,23000,24000,24000,2012-08-02,24000.0,0.0,0.0,5.0,24000.0,24000.0,24000.0,22000.0
Jharkhand,Deogarh,Madhupur,Assam C.T.C. Leaf,Beverages,0.02,23000,24000,24000,2012-08-07,24000.0,0.0,0.0,1.0,24000.0,24000.0,24000.0,22000.0
Jharkhand,Deogarh,Madhupur,Assam C.T.C. Leaf,Beverages,0.05,23000,24000,24000,2012-08-08,24000.0,0.0,0.0,3.0,24000.0,24000.0,24000.0,22000.0
Jharkhand,Deogarh,Madhupur,Assam C.T.C. Leaf,Beverages,0.05,23000,24000,24000,2012-08-24,24000.0,0.0,0.0,3.0,24000.0,24000.0,24000.0,22000.0
Jharkhand,Deogarh,Madhupur,Assam C.T.C. Leaf,Beverages,0.1,23000,24000,24000,2012-08-27,24000.0,0.0,0.0,3.0,24000.0,24000.0,24000.0,22000.0
Jharkhand,Deogarh,Madhupur,Assam C.T.C. Leaf,Beverages,0.05,23000,24000,24000,2012-09-15,24000.0,0.0,0.0,2.0,24000.0,24000.0,24000.0,22000.0
Jharkhand,Deogarh,Madhupur,Assam C.T.C. Leaf,Beverages,0.1,23000,24000,24000,2012-09-17,24000.0,0.0,0.0,7.0,24000.0,24000.0,24000.0,22000.0
Jharkhand,Deogarh,Madhupur,Assam C.T.C. Leaf,Beverages,0.05,23000,24000,24000,2012-10-08,24000.0,0.0,0.0,1.0,24000.0,24000.0,24000.0,22000.0
Jharkhand,Deogarh,Madhupur,Assam C.T.C. Leaf,Beverages,0.02,23000,24000,24000,2012-10-18,24000.0,0.0,0.0,1.0,24000.0,24000.0,24000.0,22000.0
Jharkhand,Deogarh,Madhupur,Assam C.T.C. Leaf,Beverages,0.05,23000,24000,24000,2012-10-19,24000.0,0.0,0.0,7.0,24000.0,24000.0,24000.0,22000.0
Jharkhand,Deogarh,Madhupur,Assam C.T.C. Leaf,Beverages,0.02,23000,24000,24000,2012-10-26,24000.0,0.0,0.0,6.0,24000.0,24000.0,24000.0,22000.0
Jharkhand,Deogarh,Madhupur,Assam C.T.C. Leaf,Beverages,0.02,23000,24000,24000,2012-11-23,24000.0,0.0,0.0,3.0,24000.0,24000.0,24000.0,22000.0
Jharkhand,Deogarh,Madhupur,Assam C.T.C. Leaf,Beverages,0.02,23000,24000,24000,2012-11-26,24000.0,0.0,0.0,4.0,24000.0,24000.0,24000.0,22000.0
Jharkhand,Deogarh,Madhupur,Assam C.T.C. Leaf,Beverages,0.05,23000,24000,24000,2012-11-30,24000.0,0.0,0.0,3.0,24000.0,24000.0,24000.0,24000.0
Jharkhand,Deogarh,Madhupur,Assam C.T.C. Leaf,Beverages,0.05,23000,24000,24000,2012-12-03,24000.0,0.0,0.0,4.0,24000.0,24000.0,24000.0,24000.0
Jharkhand,Deogarh,Madhupur,Assam C.T.C. Leaf,Beverages,0.1,23000,24000,24000,2012-12-07,24000.0,0.0,0.0,3.0,24000.0,24000.0,24000.0,24000.0
Jharkhand,Deogarh,Madhupur,Assam C.T.C. Leaf,Beverages,0.1,23000,24000,24000,2012-12-10,24000.0,0.0,0.0,1.0,24000.0,24000.0,24000.0,24000.0
Jharkhand,Deogarh,Madhupur,Assam C.T.C. Leaf,Beverages,0.05,23000,24000,24000,2012-12-11,24000.0,0.0,0.0,1.0,24000.0,24000.0,24000.0,24000.0
Jharkhand,Deogarh,Madhupur,Assam C.T.C. Leaf,Beverages,0.1,23000,24000,24000,2012-12-24,24000.0,0.0,0.0,2.0,24000.0,24000.0,24000.0,24000.0
Jharkhand,Deogarh,Madhupur,Assam C.T.C. Leaf,Beverages,0.05,23000,24000,24000,2013-01-08,24000.0,0.0,0.0,1.0,24000.0,24000.0,24000.0,24000.0
Jharkhand,Deogarh,Madhupur,Assam C.T.C. Leaf,Beverages,0.1,23000,24000,24000,2013-01-09,24000.0,0.0,0.0,1.0,24000.0,24000.0,24000.0,24000.0
Jharkhand,Deogarh,Madhupur,Assam C.T.C. Leaf,Beverages,0.05,23000,24000,24000,2013-01-10,24000.0,0.0,0.0,1.0,24000.0,24000.0,24000.0,24000.0
Jharkhand,Deogarh,Madhupur,Assam C.T.C. Leaf,Beverages,0.1,23000,24000,24000,2013-01-11,24000.0,0.0,0.0,1.0,24000.0,24000.0,24000.0,24000.0
Jharkhand,Deogarh,Madhupur,Assam C.T.C. Leaf,Beverages,0.05,23000,24000,24000,2013-01-12,24000.0,0.0,0.0,3.0,24000.0,24000.0,24000.0,24000.0
Jharkhand,Deogarh,Madhupur,Assam C.T.C. Leaf,Beverages,0.1,23000,24000,24000,2013-01-15,24000.0,0.0,0.0,1.0,24000.0,24000.0,24000.0,24000.0
Jharkhand,Deogarh,Madhupur,Assam C.T.C. Leaf,Beverages,0.1,23000,24000,24000,2013-01-16,24000.0,0.0,0.0,6.0,24000.0,24000.0,24000.0,24000.0
Jharkhand,Deogarh,Madhupur,Assam C.T.C. Leaf,Beverages,0.05,23000,24000,24000,2013-01-22,24000.0,0.0,0.0,2.0,24000.0,24000.0,24000.0,24000.0
Jharkhand,Deogarh,Madhupur,Assam C.T.C. Leaf,Beverages,0.1,23000,24000,24000,2013-01-24,24000.0,0.0,0.0,5.0,24000.0,24000.0,24000.0,24000.0
Jharkhand,Deogarh,Madhupur,Assam C.T.C. Leaf,Beverages,0.1,23000,24000,24000,2013-01-29,24000.0,0.0,0.0,1.0,24000.0,24000.0,24000.0,24000.0
Jharkhand,Deogarh,Madhupur,Assam C.T.C. Leaf,Beverages,0.1,23000,24000,24000,2013-01-30,24000.0,0.0,0.0,1.0,24000.0,24000.0,24000.0,24000.0
Jharkhand,Deogarh,Madhupur,Assam C.T.C. Leaf,Beverages,0.1,23000,24000,24000,2013-01-31,24000.0,0.0,0.0,1.0,24000.0,24000.0,24000.0,24000.0
Jharkhand,Deogarh,Madhupur,Assam C.T.C. Leaf,Beverages,0.05,23000,24000,24000,2013-02-01,24000.0,0.0,0.0,1.0,24000.0,24000.0,24000.0,24000.0
Jharkhand,Deogarh,Madhupur,Assam C.T.C. Leaf,Beverages,0.05,23000,24000,24000,2013-02-02,24000.0,0.0,0.0,2.0,24000.0,24000.0,24000.0,24000.0
Jharkhand,Deogarh,Madhupur,Assam C.T.C. Leaf,Beverages,0.05,23000,24000,24000,2013-02-04,24000.0,0.0,0.0,1.0,24000.0,24000.0,24000.0,24000.0
Jharkhand,Deogarh,Madhupur,Assam C.T.C. Leaf,Beverages,0.1,23000,24000,24000,2013-02-05,24000.0,0.0,0.0,1.0,24000.0,24000.0,24000.0,24000.0
Jharkhand,Deogarh,Madhupur,Assam C.T.C. Leaf,Beverages,0.1,23000,24000,24000,2013-02-06,24000.0,0.0,0.0,1.0,24000.0,24000.0,24000.0,24000.0
Jharkhand,Deogarh,Madhupur,Assam C.T.C. Leaf,Beverages,0.05,23000,24000,24000,2013-02-07,24000.0,0.0,0.0,1.0,24000.0,24000.0,24000.0,24000.0
Jharkhand,Deogarh,Madhupur,Assam C.T.C. Leaf,Beverages,0.1,23000,24000,24000,2013-02-08,24000.0,0.0,0.0,3.0,24000.0,24000.0,24000.0,24000.0
Jharkhand,Deogarh,Madhupur,Assam C.T.C. Leaf,Beverages,0.05,23000,24000,24000,2013-02-11,24000.0,0.0,0.0,1.0,24000.0,24000.0,24000.0,24000.0
Jharkhand,Deogarh,Madhupur,Assam C.T.C. Leaf,Beverages,0.1,23000,24000,24000,2013-02-12,24000.0,0.0,0.0,1.0,24000.0,24000.0,24000.0,24000.0
Jharkhand,Deogarh,Madhupur,Assam C.T.C. Leaf,Beverages,1.0,23000,24000,24000,2013-02-13,24000.0,0.0,0.0,1.0,24000.0,24000.0,24000.0,24000.0
Jharkhand,Deogarh,Madhupur,Assam C.T.C. Leaf,Beverages,0.02,23000,24000,24000,2013-02-14,24000.0,0.0,0.0,2.0,24000.0,24000.0,24000.0,24000.0
Jharkhand,Deogarh,Madhupur,Assam C.T.C. Leaf,Beverages,0.1,23000,24000,24000,2013-02-16,24000.0,0.0,0.0,2.0,24000.0,24000.0,24000.0,24000.0
Jharkhand,Deogarh,Madhupur,Assam C.T.C. Leaf,Beverages,0.05,23000,24000,24000,2013-02-18,24000.0,0.0,0.0,1.0,24000.0,24000.0,24000.0,24000.0
Jharkhand,Deogarh,Madhupur,Assam C.T.C. Leaf,Beverages,0.1,23000,24000,24000,2013-02-19,24000.0,0.0,0.0,1.0,24000.0,24000.0,24000.0,24000.0
Jharkhand,Deogarh,Madhupur,Assam C.T.C. Leaf,Beverages,0.02,23000,24000,24000,2013-02-20,24000.0,0.0,0.0,6.0,24000.0,24000.0,24000.0,24000.0
Jharkhand,Deogarh,Madhupur,Assam C.T.C. Leaf,Beverages,0.02,23000,24000,24000,2013-02-26,24000.0,0.0,0.0,1.0,24000.0,24000.0,24000.0,24000.0
Jharkhand,Deogarh,Madhupur,Assam C.T.C. Leaf,Beverages,0.05,23000,24000,24000,2013-02-27,24000.0,0.0,0.0,1.0,24000.0,24000.0,24000.0,24000.0
Jharkhand,Deogarh,Madhupur,Assam C.T.C. Leaf,Beverages,0.05,23000,24000,24000,2013-02-28,24000.0,0.0,0.0,2.0,24000.0,24000.0,24000.0,24000.0
Jharkhand,Deogarh,Madhupur,Assam C.T.C. Leaf,Beverages,0.1,23000,24000,24000,2013-03-02,24000.0,0.0,0.0,2.0,24000.0,24000.0,24000.0,24000.0
Jharkhand,Deogarh,Madhupur,Assam C.T.C. Leaf,Beverages,0.1,23000,24000,24000,2013-03-04,24000.0,0.0,0.0,1.0,24000.0,24000.0,24000.0,24000.0
Jharkhand,Deogarh,Madhupur,Assam C.T.C. Leaf,Beverages,0.1,23000,24000,24000,2013-03-05,24000.0,0.0,0.0,1.0,24000.0,24000.0,24000.0,24000.0
Jharkhand,Deogarh,Madhupur,Assam C.T.C. Leaf,Beverages,0.1,23000,24000,24000,2013-03-06,24000.0,0.0,0.0,2.0,24000.0,24000.0,24000.0,24000.0
Jharkhand,Deogarh,Madhupur,Assam C.T.C. Leaf,Beverages,0.05,23000,24000,24000,2013-03-08,24000.0,0.0,0.0,3.0,24000.0,24000.0,24000.0,24000.0
Jharkhand,Deogarh,Madhupur,Assam C.T.C. Leaf,Beverages,0.05,23000,24000,24000,2013-04-01,24000.0,0.0,0.0,1.0,24000.0,24000.0,24000.0,24000.0
Jharkhand,Deogarh,Madhupur,Assam C.T.C. Leaf,Beverages,0.05,23000,24000,24000,2013-04-02,24000.0,0.0,0.0,1.0,24000.0,24000.0,24000.0,24000.0
Jharkhand,Deogarh,Madhupur,Assam C.T.C. Leaf,Beverages,0.05,23000,24000,24000,2013-04-03,24000.0,0.0,0.0,1.0,24000.0,24000.0,24000.0,24000.0
Jharkhand,Deogarh,Madhupur,Assam C.T.C. Leaf,Beverages,0.02,23000,24000,24000,2013-04-04,24000.0,0.0,0.0,1.0,24000.0,24000.0,24000.0,24000.0
Jharkhand,Deogarh,Madhupur,Assam C.T.C. Leaf,Beverages,0.02,23000,24000,24000,2013-04-05,24000.0,0.0,0.0,1.0,24000.0,24000.0,24000.0,24000.0
Jharkhand,Deogarh,Madhupur,Assam C.T.C. Leaf,Beverages,0.02,23000,24000,24000,2013-04-06,24000.0,0.0,0.0,3.0,24000.0,24000.0,24000.0,24000.0
Jharkhand,Deogarh,Madhupur,Assam C.T.C. Leaf,Beverages,0.02,23000,24000,24000,2013-04-09,24000.0,0.0,0.0,1.0,24000.0,24000.0,24000.0,24000.0
Jharkhand,Deogarh,Madhupur,Assam C.T.C. Leaf,Beverages,0.02,23000,24000,24000,2013-04-10,24000.0,0.0,0.0,1.0,24000.0,24000.0,24000.0,24000.0
Jharkhand,Deogarh,Madhupur,Assam C.T.C. Leaf,Beverages,0.02,23000,24000,24000,2013-04-11,24000.0,0.0,0.0,1.0,24000.0,24000.0,24000.0,24000.0
Jharkhand,Deogarh,Madhupur,Assam C.T.C. Leaf,Beverages,0.02,23000,24000,24000,2013-04-12,24000.0,0.0,0.0,3.0,24000.0,24000.0,24000.0,24000.0
Jharkhand,Deogarh,Madhupur,Assam C.T.C. Leaf,Beverages,0.02,23000,24000,24000,2013-04-15,24000.0,0.0,0.0,1.0,24000.0,24000.0,24000.0,24000.0
Jharkhand,Deogarh,Madhupur,Assam C.T.C. Leaf,Beverages,0.02,23000,24000,24000,2013-04-16,24000.0,0.0,0.0,6.0,24000.0,24000.0,24000.0,24000.0
Jharkhand,Deogarh,Madhupur,Assam C.T.C. Leaf,Beverages,0.1,23000,24000,24000,2013-04-22,24000.0,0.0,0.0,3.0,24000.0,24000.0,24000.0,24000.0
Jharkhand,Deogarh,Madhupur,Assam C.T.C. Leaf,Beverages,0.05,23000,24000,24000,2013-04-25,24000.0,0.0,0.0,6.0,24000.0,24000.0,24000.0,24000.0
Jharkhand,Deogarh,Madhupur,Assam C.T.C. Leaf,Beverages,0.02,23000,24000,24000,2013-05-01,24000.0,0.0,0.0,5.0,24000.0,24000.0,24000.0,24000.0
Jharkhand,Deogarh,Madhupur,Assam C.T.C. Leaf,Beverages,0.05,23000,24000,24000,2013-05-06,24000.0,0.0,0.0,1.0,24000.0,24000.0,24000.0,24000.0
Jharkhand,Deogarh,Madhupur,Assam C.T.C. Leaf,Beverages,0.02,23000,24000,24000,2013-05-07,24000.0,0.0,0.0,1.0,24000.0,24000.0,24000.0,24000.0
Jharkhand,Deogarh,Madhupur,Assam C.T.C. Leaf,Beverages,0.05,23000,24000,24000,2013-05-08,24000.0,0.0,0.0,1.0,24000.0,24000.0,24000.0,24000.0
Jharkhand,Deogarh,Madhupur,Assam C.T.C. Leaf,Beverages,0.05,23000,24000,24000,2013-05-09,24000.0,0.0,0.0,4.0,24000.0,24000.0,24000.0,24000.0
Jharkhand,Deogarh,Madhupur,Assam C.T.C. Leaf,Beverages,0.15,23000,24000,24000,2013-05-13,24000.0,0.0,0.0,1.0,24000.0,24000.0,24000.0,24000.0
Jharkhand,Deogarh,Madhupur,Assam C.T.C. Leaf,Beverages,0.1,23000,24000,24000,2013-05-14,26000.0,0.0833333333333333,0.0800427076735363,1.0,24000.0,24000.0,24000.0,24000.0
Jharkhand,Deogarh,Madhupur,Assam C.T.C. Leaf,Beverages,0.1,25000,26000,26000,2013-05-15,26000.0,0.0,0.0,1.0,24000.0,24000.0,24000.0,24000.0
Jharkhand,Deogarh,Madhupur,Assam C.T.C. Leaf,Beverages,0.1,25000,26000,26000,2013-05-16,26000.0,0.0,0.0,2.0,26000.0,24000.0,24000.0,24000.0
Jharkhand,Deogarh,Madhupur,Assam C.T.C. Leaf,Beverages,0.1,25000,26000,26000,2013-05-18,26000.0,0.0,0.0,6.0,26000.0,24000.0,24000.0,24000.0
Jharkhand,Deogarh,Madhupur,Assam C.T.C. Leaf,Beverages,0.02,25000,26000,26000,2013-05-24,26000.0,0.0,0.0,3.0,26000.0,24000.0,24000.0,24000.0
Jharkhand,Deogarh,Madhupur,Assam C.T.C. Leaf,Beverages,0.2,25000,26000,26000,2013-05-27,26000.0,0.0,0.0,1.0,26000.0,24000.0,24000.0,24000.0
Jharkhand,Deogarh,Madhupur,Assam C.T.C. Leaf,Beverages,0.1,25000,26000,26000,2013-05-28,26000.0,0.0,0.0,2.0,26000.0,24000.0,24000.0,24000.0
Jharkhand,Deogarh,Madhupur,Assam C.T.C. Leaf,Beverages,0.1,25000,26000,26000,2013-05-30,26000.0,0.0,0.0,1.0,26000.0,24000.0,24000.0,24000.0
Jharkhand,Deogarh,Madhupur,Assam C.T.C. Leaf,Beverages,0.1,25000,26000,26000,2013-05-31,26000.0,0.0,0.0,3.0,26000.0,26000.0,24000.0,24000.0
Jharkhand,Deogarh,Madhupur,Assam C.T.C. Leaf,Beverages,0.1,25000,26000,26000,2013-06-03,26000.0,0.0,0.0,2.0,26000.0,26000.0,24000.0,24000.0
Jharkhand,Deogarh,Madhupur,Assam C.T.C. Leaf,Beverages,0.1,25000,26000,26000,2013-06-05,26000.0,0.0,0.0,2.0,26000.0,26000.0,24000.0,24000.0
Jharkhand,Deogarh,Madhupur,Assam C.T.C. Leaf,Beverages,0.05,25000,26000,26000,2013-06-07,26000.0,0.0,0.0,3.0,26000.0,26000.0,24000.0,24000.0
Jharkhand,Deogarh,Madhupur,Assam C.T.C. Leaf,Beverages,0.05,25000,26000,26000,2013-06-10,26000.0,0.0,0.0,1.0,26000.0,26000.0,24000.0,24000.0
Jharkhand,Deogarh,Madhupur,Assam C.T.C. Leaf,Beverages,0.05,25000,26000,26000,2013-06-11,26000.0,0.0,0.0,2.0,26000.0,26000.0,24000.0,24000.0
Jharkhand,Deogarh,Madhupur,Assam C.T.C. Leaf,Beverages,0.05,25000,26000,26000,2013-06-13,26000.0,0.0,0.0,1.0,26000.0,26000.0,24000.0,24000.0
Jharkhand,Deogarh,Madhupur,Assam C.T.C. Leaf,Beverages,0.05,25000,26000,26000,2013-06-14,26000.0,0.0,0.0,3.0,26000.0,26000.0,26000.0,24000.0
Jharkhand,Deogarh,Madhupur,Assam C.T.C. Leaf,Beverages,0.02,25000,26000,26000,2013-06-17,26000.0,0.0,0.0,3.0,26000.0,26000.0,26000.0,24000.0
Jharkhand,Deogarh,Madhupur,Assam C.T.C. Leaf,Beverages,0.05,25000,26000,26000,2013-06-20,26000.0,0.0,0.0,1.0,26000.0,26000.0,26000.0,24000.0
Jharkhand,Deogarh,Madhupur,Assam C.T.C. Leaf,Beverages,0.05,25000,26000,26000,2013-06-21,26000.0,0.0,0.0,1.0,26000.0,26000.0,26000.0,24000.0
Jharkhand,Deogarh,Madhupur,Assam C.T.C. Leaf,Beverages,0.05,25000,26000,26000,2013-06-22,26000.0,0.0,0.0,4.0,26000.0,26000.0,26000.0,24000.0
Jharkhand,Deogarh,Madhupur,Assam C.T.C. Leaf,Beverages,0.05,25000,26000,26000,2013-06-26,26000.0,0.0,0.0,1.0,26000.0,26000.0,26000.0,24000.0
Jharkhand,Deogarh,Madhupur,Assam C.T.C. Leaf,Beverages,0.05,25000,26000,26000,2013-06-27,26000.0,0.0,0.0,1.0,26000.0,26000.0,26000.0,24000.0
Jharkhand,Deogarh,Madhupur,Assam C.T.C. Leaf,Beverages,0.02,25000,26000,26000,2013-06-28,26000.0,0.0,0.0,1.0,26000.0,26000.0,26000.0,24000.0
Jharkhand,Deogarh,Madhupur,Assam C.T.C. Leaf,Beverages,0.02,25000,26000,26000,2013-06-29,26000.0,0.0,0.0,2.0,26000.0,26000.0,26000.0,24000.0
Jharkhand,Deogarh,Madhupur,Assam C.T.C. Leaf,Beverages,0.02,25000,26000,26000,2013-07-01,26000.0,0.0,0.0,1.0,26000.0,26000.0,26000.0,24000.0
Jharkhand,Deogarh,Madhupur,Assam C.T.C. Leaf,Beverages,0.02,25000,26000,26000,2013-07-02,26000.0,0.0,0.0,2.0,26000.0,26000.0,26000.0,24000.0
Jharkhand,Deogarh,Madhupur,Assam C.T.C. Leaf,Beverages,0.01,25000,26000,26000,2013-07-04,26000.0,0.0,0.0,2.0,26000.0,26000.0,26000.0,24000.0
Jharkhand,Deogarh,Madhupur,Assam C.T.C. Leaf,Beverages,0.1,25000,26000,26000,2013-07-06,26000.0,0.0,0.0,5.0,26000.0,26000.0,26000.0,24000.0
Jharkhand,Deogarh,Madhupur,Assam C.T.C. Leaf,Beverages,0.02,25000,26000,26000,2013-07-11,26000.0,0.0,0.0,1.0,26000.0,26000.0,26000.0,24000.0
Jharkhand,Deogarh,Madhupur,Assam C.T.C. Leaf,Beverages,0.02,25000,26000,26000,2013-07-12,26000.0,0.0,0.0,1.0,26000.0,26000.0,26000.0,24000.0
Jharkhand,Deogarh,Madhupur,Assam C.T.C. Leaf,Beverages,0.02,25000,26000,26000,2013-07-13,26000.0,0.0,0.0,7.0,26000.0,26000.0,26000.0,24000.0
Jharkhand,Deogarh,Madhupur,Assam C.T.C. Leaf,Beverages,0.01,25000,26000,26000,2013-07-20,26000.0,0.0,0.0,2.0,26000.0,26000.0,26000.0,26000.0
Jharkhand,Deogarh,Madhupur,Assam C.T.C. Leaf,Beverages,0.02,25000,26000,26000,2013-07-22,26000.0,0.0,0.0,5.0,26000.0,26000.0,26000.0,26000.0
Jharkhand,Deogarh,Madhupur,Assam C.T.C. Leaf,Beverages,0.02,25000,26000,26000,2013-07-27,26000.0,0.0,0.0,4.0,26000.0,26000.0,26000.0,26000.0
Jharkhand,Deogarh,Madhupur,Assam C.T.C. Leaf,Beverages,0.05,25000,26000,26000,2013-07-31,26000.0,0.0,0.0,1.0,26000.0,26000.0,26000.0,26000.0
Jharkhand,Deogarh,Madhupur,Assam C.T.C. Leaf,Beverages,0.02,25000,26000,26000,2013-08-01,26000.0,0.0,0.0,4.0,26000.0,26000.0,26000.0,26000.0
Jharkhand,Deogarh,Madhupur,Assam C.T.C. Leaf,Beverages,0.1,25000,26000,26000,2013-08-05,26000.0,0.0,0.0,3.0,26000.0,26000.0,26000.0,26000.0
Jharkhand,Deogarh,Madhupur,Assam C.T.C. Leaf,Beverages,0.1,25000,26000,26000,2013-08-08,26000.0,0.0,0.0,2.0,26000.0,26000.0,26000.0,26000.0
Jharkhand,Deogarh,Madhupur,Assam C.T.C. Leaf,Beverages,0.02,25000,26000,26000,2013-08-10,26000.0,0.0,0.0,2.0,26000.0,26000.0,26000.0,26000.0
Jharkhand,Deogarh,Madhupur,Assam C.T.C. Leaf,Beverages,0.05,25000,26000,26000,2013-08-12,26000.0,0.0,0.0,2.0,26000.0,26000.0,26000.0,26000.0
Jharkhand,Deogarh,Madhupur,Assam C.T.C. Leaf,Beverages,0.05,25000,26000,26000,2013-08-14,26000.0,0.0,0.0,3.0,26000.0,26000.0,26000.0,26000.0
Jharkhand,Deogarh,Madhupur,Assam C.T.C. Leaf,Beverages,0.05,25000,26000,26000,2013-08-17,26000.0,0.0,0.0,6.0,26000.0,26000.0,26000.0,26000.0
Jharkhand,Deogarh,Madhupur,Assam C.T.C. Leaf,Beverages,0.05,25000,26000,26000,2013-08-23,26000.0,0.0,0.0,1.0,26000.0,26000.0,26000.0,26000.0
Jharkhand,Deogarh,Madhupur,Assam C.T.C. Leaf,Beverages,0.05,25000,26000,26000,2013-08-24,26000.0,0.0,0.0,3.0,26000.0,26000.0,26000.0,26000.0
Jharkhand,Deogarh,Madhupur,Assam C.T.C. Leaf,Beverages,0.1,25000,26000,26000,2013-08-27,26000.0,0.0,0.0,2.0,26000.0,26000.0,26000.0,26000.0
Jharkhand,Deogarh,Madhupur,Assam C.T.C. Leaf,Beverages,0.05,25000,26000,26000,2013-08-29,26000.0,0.0,0.0,4.0,26000.0,26000.0,26000.0,26000.0
Jharkhand,Deogarh,Madhupur,Assam C.T.C. Leaf,Beverages,0.05,25000,26000,26000,2013-09-02,26000.0,0.0,0.0,1.0,26000.0,26000.0,26000.0,26000.0
Jharkhand,Deogarh,Madhupur,Assam C.T.C. Leaf,Beverages,0.05,25000,26000,26000,2013-09-03,26000.0,0.0,0.0,1.0,26000.0,26000.0,26000.0,26000.0
Jharkhand,Deogarh,Madhupur,Assam C.T.C. Leaf,Beverages,0.02,25000,26000,26000,2013-09-04,26000.0,0.0,0.0,2.0,26000.0,26000.0,26000.0,26000.0
Jharkhand,Deogarh,Madhupur,Assam C.T.C. Leaf,Beverages,0.05,25000,26000,26000,2013-09-06,26000.0,0.0,0.0,6.0,26000.0,26000.0,26000.0,26000.0
Jharkhand,Deogarh,Madhupur,Assam C.T.C. Leaf,Beverages,0.05,25000,26000,26000,2013-09-12,26000.0,0.0,0.0,5.0,26000.0,26000.0,26000.0,26000.0
Jharkhand,Deogarh,Madhupur,Assam C.T.C. Leaf,Beverages,0.02,25000,26000,26000,2013-09-17,26000.0,0.0,0.0,2.0,26000.0,26000.0,26000.0,26000.0
Jharkhand,Deogarh,Madhupur,Assam C.T.C. Leaf,Beverages,0.05,25000,26000,26000,2013-09-19,26000.0,0.0,0.0,1.0,26000.0,26000.0,26000.0,26000.0
Jharkhand,Deogarh,Madhupur,Assam C.T.C. Leaf,Beverages,0.1,25000,26000,26000,2013-09-20,26000.0,0.0,0.0,3.0,26000.0,26000.0,26000.0,26000.0
Jharkhand,Deogarh,Madhupur,Assam C.T.C. Leaf,Beverages,0.02,25000,26000,26000,2013-09-23,26000.0,0.0,0.0,1.0,26000.0,26000.0,26000.0,26000.0
Jharkhand,Deogarh,Madhupur,Assam C.T.C. Leaf,Beverages,0.02,25000,26000,26000,2013-09-24,26000.0,0.0,0.0,1.0,26000.0,26000.0,26000.0,26000.0
Jharkhand,Deogarh,Madhupur,Assam C.T.C. Leaf,Beverages,0.05,25000,26000,26000,2013-09-25,26000.0,0.0,0.0,1.0,26000.0,26000.0,26000.0,26000.0
Jharkhand,Deogarh,Madhupur,Assam C.T.C. Leaf,Beverages,0.05,25000,26000,26000,2013-09-26,26000.0,0.0,0.0,1.0,26000.0,26000.0,26000.0,26000.0
Jharkhand,Deogarh,Madhupur,Assam C.T.C. Leaf,Beverages,0.05,25000,26000,26000,2013-09-27,26000.0,0.0,0.0,3.0,26000.0,26000.0,26000.0,26000.0
Jharkhand,Deogarh,Madhupur,Assam C.T.C. Leaf,Beverages,0.05,25000,26000,26000,2013-09-30,26000.0,0.0,0.0,1.0,26000.0,26000.0,26000.0,26000.0
Jharkhand,Deogarh,Madhupur,Assam C.T.C. Leaf,Beverages,0.05,25000,26000,26000,2013-10-01,26000.0,0.0,0.0,2.0,26000.0,26000.0,26000.0,26000.0
Jharkhand,Deogarh,Madhupur,Assam C.T.C. Leaf,Beverages,0.05,25000,26000,26000,2013-10-03,26000.0,0.0,0.0,2.0,26000.0,26000.0,26000.0,26000.0
Jharkhand,Deogarh,Madhupur,Assam C.T.C. Leaf,Beverages,0.05,25000,26000,26000,2013-10-05,26000.0,0.0,0.0,3.0,26000.0,26000.0,26000.0,26000.0
Jharkhand,Deogarh,Madhupur,Assam C.T.C. Leaf,Beverages,0.05,25000,26000,26000,2013-10-08,26000.0,0.0,0.0,1.0,26000.0,26000.0,26000.0,26000.0
Jharkhand,Deogarh,Madhupur,Assam C.T.C. Leaf,Beverages,0.05,25000,26000,26000,2013-10-09,26000.0,0.0,0.0,1.0,26000.0,26000.0,26000.0,26000.0
Jharkhand,Deogarh,Madhupur,Assam C.T.C. Leaf,Beverages,0.05,25000,26000,26000,2013-10-21,26000.0,0.0,0.0,3.0,26000.0,26000.0,26000.0,26000.0
Jharkhand,Deogarh,Madhupur,Assam C.T.C. Leaf,Beverages,0.05,25000,26000,26000,2013-10-24,26000.0,0.0,0.0,2.0,26000.0,26000.0,26000.0,26000.0
Jharkhand,Deogarh,Madhupur,Assam C.T.C. Leaf,Beverages,0.1,25000,26000,26000,2013-10-26,26000.0,0.0,0.0,2.0,26000.0,26000.0,26000.0,26000.0
Jharkhand,Deogarh,Madhupur,Assam C.T.C. Leaf,Beverages,0.05,25000,26000,26000,2013-10-28,26000.0,0.0,0.0,4.0,26000.0,26000.0,26000.0,26000.0
Jharkhand,Deogarh,Madhupur,Assam C.T.C. Leaf,Beverages,0.02,25000,26000,26000,2013-11-01,26000.0,0.0,0.0,1.0,26000.0,26000.0,26000.0,26000.0
Jharkhand,Deogarh,Madhupur,Assam C.T.C. Leaf,Beverages,0.05,25000,26000,26000,2013-11-02,26000.0,0.0,0.0,2.0,26000.0,26000.0,26000.0,26000.0
Jharkhand,Deogarh,Madhupur,Assam C.T.C. Leaf,Beverages,0.05,25000,26000,26000,2013-11-04,26000.0,0.0,0.0,2.0,26000.0,26000.0,26000.0,26000.0
Jharkhand,Deogarh,Madhupur,Assam C.T.C. Leaf,Beverages,0.02,25000,26000,26000,2013-11-06,26000.0,0.0,0.0,1.0,26000.0,26000.0,26000.0,26000.0
Jharkhand,Deogarh,Madhupur,Assam C.T.C. Leaf,Beverages,0.05,25000,26000,26000,2013-11-07,26000.0,0.0,0.0,4.0,26000.0,26000.0,26000.0,26000.0
Jharkhand,Deogarh,Madhupur,Assam C.T.C. Leaf,Beverages,0.05,25000,26000,26000,2013-11-11,26000.0,0.0,0.0,2.0,26000.0,26000.0,26000.0,26000.0
Jharkhand,Deogarh,Madhupur,Assam C.T.C. Leaf,Beverages,0.1,25000,26000,26000,2013-11-13,25000.0,-0.0384615384615384,-0.0392207131532812,3.0,26000.0,26000.0,26000.0,26000.0
Jharkhand,Deogarh,Madhupur,Assam C.T.C. Leaf,Beverages,0.02,24000,25000,25000,2013-11-16,25000.0,0.0,0.0,5.0,26000.0,26000.0,26000.0,26000.0
Jharkhand,Deogarh,Madhupur,Assam C.T.C. Leaf,Beverages,0.1,24000,25000,25000,2013-11-21,26000.0,0.04,0.0392207131532813,5.0,25000.0,26000.0,26000.0,26000.0
Jharkhand,Deogarh,Madhupur,Assam C.T.C. Leaf,Beverages,0.5,25000,26000,26000,2013-11-26,26000.0,0.0,0.0,1.0,25000.0,26000.0,26000.0,26000.0
Jharkhand,Deogarh,Madhupur,Assam C.T.C. Leaf,Beverages,0.15,25000,26000,26000,2013-11-27,26000.0,0.0,0.0,7.0,26000.0,26000.0,26000.0,26000.0
Jharkhand,Deogarh,Madhupur,Assam C.T.C. Leaf,Beverages,2.0,25000,26000,26000,2013-12-04,26000.0,0.0,0.0,1.0,26000.0,26000.0,26000.0,26000.0
Jharkhand,Deogarh,Madhupur,Assam C.T.C. Leaf,Beverages,0.5,25000,26000,26000,2013-12-05,26000.0,0.0,0.0,2.0,26000.0,26000.0,26000.0,26000.0
Jharkhand,Deogarh,Madhupur,Assam C.T.C. Leaf,Beverages,0.05,25000,26000,26000,2013-12-07,26000.0,0.0,0.0,2.0,26000.0,26000.0,26000.0,26000.0
Jharkhand,Deogarh,Madhupur,Assam C.T.C. Leaf,Beverages,0.5,25000,26000,26000,2013-12-09,26000.0,0.0,0.0,1.0,26000.0,25000.0,26000.0,26000.0
Jharkhand,Deogarh,Madhupur,Assam C.T.C. Leaf,Beverages,0.1,25000,26000,26000,2013-12-10,26000.0,0.0,0.0,1.0,26000.0,25000.0,26000.0,26000.0
Jharkhand,Deogarh,Madhupur,Assam C.T.C. Leaf,Beverages,0.1,25000,26000,26000,2013-12-11,26000.0,0.0,0.0,1.0,26000.0,26000.0,26000.0,26000.0
Jharkhand,Deogarh,Madhupur,Assam C.T.C. Leaf,Beverages,0.1,25000,26000,26000,2013-12-12,26000.0,0.0,0.0,1.0,26000.0,26000.0,26000.0,26000.0
Jharkhand,Deogarh,Madhupur,Assam C.T.C. Leaf,Beverages,0.1,25000,26000,26000,2013-12-13,26000.0,0.0,0.0,1.0,26000.0,26000.0,26000.0,26000.0
Jharkhand,Deogarh,Madhupur,Assam C.T.C. Leaf,Beverages,0.05,25000,26000,26000,2013-12-14,26000.0,0.0,0.0,2.0,26000.0,26000.0,26000.0,26000.0
Jharkhand,Deogarh,Madhupur,Assam C.T.C. Leaf,Beverages,0.1,25000,26000,26000,2013-12-16,26000.0,0.0,0.0,2.0,26000.0,26000.0,26000.0,26000.0
Jharkhand,Deogarh,Madhupur,Assam C.T.C. Leaf,Beverages,0.1,25000,26000,26000,2013-12-18,26000.0,0.0,0.0,2.0,26000.0,26000.0,25000.0,26000.0
Jharkhand,Deogarh,Madhupur,Assam C.T.C. Leaf,Beverages,0.1,25000,26000,26000,2013-12-20,26000.0,0.0,0.0,1.0,26000.0,26000.0,25000.0,26000.0
Jharkhand,Deogarh,Madhupur,Assam C.T.C. Leaf,Beverages,0.5,25000,26000,26000,2013-12-21,26000.0,0.0,0.0,5.0,26000.0,26000.0,26000.0,26000.0
Jharkhand,Deogarh,Madhupur,Assam C.T.C. Leaf,Beverages,0.5,25000,26000,26000,2013-12-26,26000.0,0.0,0.0,2.0,26000.0,26000.0,26000.0,26000.0
Jharkhand,Deogarh,Madhupur,Assam C.T.C. Leaf,Beverages,0.05,25000,26000,26000,2013-12-28,26000.0,0.0,0.0,5.0,26000.0,26000.0,26000.0,26000.0
Jharkhand,Deogarh,Madhupur,Assam C.T.C. Leaf,Beverages,0.1,25000,26000,26000,2014-01-02,26000.0,0.0,0.0,1.0,26000.0,26000.0,26000.0,26000.0
Jharkhand,Deogarh,Madhupur,Assam C.T.C. Leaf,Beverages,0.1,25000,26000,26000,2014-01-03,26000.0,0.0,0.0,1.0,26000.0,26000.0,26000.0,26000.0
Jharkhand,Deogarh,Madhupur,Assam C.T.C. Leaf,Beverages,0.1,25000,26000,26000,2014-01-04,26000.0,0.0,0.0,4.0,26000.0,26000.0,26000.0,26000.0
Jharkhand,Deogarh,Madhupur,Assam C.T.C. Leaf,Beverages,0.1,25000,26000,26000,2014-01-08,26000.0,0.0,0.0,1.0,26000.0,26000.0,26000.0,26000.0
Jharkhand,Deogarh,Madhupur,Assam C.T.C. Leaf,Beverages,0.5,25000,26000,26000,2014-01-09,26000.0,0.0,0.0,1.0,26000.0,26000.0,26000.0,26000.0
Jharkhand,Deogarh,Madhupur,Assam C.T.C. Leaf,Beverages,0.2,25000,26000,26000,2014-01-10,26000.0,0.0,0.0,3.0,26000.0,26000.0,26000.0,26000.0
Jharkhand,Deogarh,Madhupur,Assam C.T.C. Leaf,Beverages,0.1,25000,26000,26000,2014-01-13,26000.0,0.0,0.0,3.0,26000.0,26000.0,26000.0,26000.0
Jharkhand,Deogarh,Madhupur,Assam C.T.C. Leaf,Beverages,0.1,25000,26000,26000,2014-01-16,26000.0,0.0,0.0,1.0,26000.0,26000.0,26000.0,26000.0
Jharkhand,Deogarh,Madhupur,Assam C.T.C. Leaf,Beverages,0.1,25000,26000,26000,2014-01-17,26000.0,0.0,0.0,1.0,26000.0,26000.0,26000.0,26000.0
Jharkhand,Deogarh,Madhupur,Assam C.T.C. Leaf,Beverages,0.1,25000,26000,26000,2014-01-18,26000.0,0.0,0.0,4.0,26000.0,26000.0,26000.0,26000.0
Jharkhand,Deogarh,Madhupur,Assam C.T.C. Leaf,Beverages,0.1,25000,26000,26000,2014-01-22,26000.0,0.0,0.0,2.0,26000.0,26000.0,26000.0,26000.0
Jharkhand,Deogarh,Madhupur,Assam C.T.C. Leaf,Beverages,0.1,25000,26000,26000,2014-01-24,26000.0,0.0,0.0,1.0,26000.0,26000.0,26000.0,25000.0
Jharkhand,Deogarh,Madhupur,Assam C.T.C. Leaf,Beverages,0.1,25000,26000,26000,2014-01-25,26000.0,0.0,0.0,2.0,26000.0,26000.0,26000.0,25000.0
Jharkhand,Deogarh,Madhupur,Assam C.T.C. Leaf,Beverages,0.1,25000,26000,26000,2014-01-27,26000.0,0.0,0.0,1.0,26000.0,26000.0,26000.0,26000.0
Jharkhand,Deogarh,Madhupur,Assam C.T.C. Leaf,Beverages,0.05,25000,26000,26000,2014-01-28,26000.0,0.0,0.0,1.0,26000.0,26000.0,26000.0,26000.0
Jharkhand,Deogarh,Madhupur,Assam C.T.C. Leaf,Beverages,0.1,25000,26000,26000,2014-01-29,26000.0,0.0,0.0,1.0,26000.0,26000.0,26000.0,26000.0
Jharkhand,Deogarh,Madhupur,Assam C.T.C. Leaf,Beverages,0.1,25000,26000,26000,2014-01-30,26000.0,0.0,0.0,1.0,26000.0,26000.0,26000.0,26000.0
Jharkhand,Deogarh,Madhupur,Assam C.T.C. Leaf,Beverages,0.1,25000,26000,26000,2014-01-31,26000.0,0.0,0.0,1.0,26000.0,26000.0,26000.0,26000.0
Jharkhand,Deogarh,Madhupur,Assam C.T.C. Leaf,Beverages,0.1,25000,26000,26000,2014-02-01,26000.0,0.0,0.0,2.0,26000.0,26000.0,26000.0,26000.0
Jharkhand,Deogarh,Madhupur,Assam C.T.C. Leaf,Beverages,0.1,25000,26000,26000,2014-02-03,26000.0,0.0,0.0,2.0,26000.0,26000.0,26000.0,26000.0
Jharkhand,Deogarh,Madhupur,Assam C.T.C. Leaf,Beverages,0.1,25000,26000,26000,2014-02-05,26000.0,0.0,0.0,1.0,26000.0,26000.0,26000.0,26000.0
Jharkhand,Deogarh,Madhupur,Assam C.T.C. Leaf,Beverages,0.1,25000,26000,26000,2014-02-06,26000.0,0.0,0.0,1.0,26000.0,26000.0,26000.0,26000.0
Jharkhand,Deogarh,Madhupur,Assam C.T.C. Leaf,Beverages,0.1,25000,26000,26000,2014-02-07,26000.0,0.0,0.0,1.0,26000.0,26000.0,26000.0,26000.0
Jharkhand,Deogarh,Madhupur,Assam C.T.C. Leaf,Beverages,0.1,25000,26000,26000,2014-02-08,26000.0,0.0,0.0,2.0,26000.0,26000.0,26000.0,26000.0
Jharkhand,Deogarh,Madhupur,Assam C.T.C. Leaf,Beverages,0.1,25000,26000,26000,2014-02-10,26000.0,0.0,0.0,1.0,26000.0,26000.0,26000.0,26000.0
Jharkhand,Deogarh,Madhupur,Assam C.T.C. Leaf,Beverages,0.1,25000,26000,26000,2014-02-11,26000.0,0.0,0.0,2.0,26000.0,26000.0,26000.0,26000.0
Jharkhand,Deogarh,Madhupur,Assam C.T.C. Leaf,Beverages,0.05,25000,26000,26000,2014-02-13,26000.0,0.0,0.0,2.0,26000.0,26000.0,26000.0,26000.0
Jharkhand,Deogarh,Madhupur,Assam C.T.C. Leaf,Beverages,0.1,25000,26000,26000,2014-02-15,26000.0,0.0,0.0,2.0,26000.0,26000.0,26000.0,26000.0
Jharkhand,Deogarh,Madhupur,Assam C.T.C. Leaf,Beverages,0.1,25000,26000,26000,2014-02-17,26000.0,0.0,0.0,1.0,26000.0,26000.0,26000.0,26000.0
Jharkhand,Deogarh,Madhupur,Assam C.T.C. Leaf,Beverages,0.1,25000,26000,26000,2014-02-18,26000.0,0.0,0.0,1.0,26000.0,26000.0,26000.0,26000.0
Jharkhand,Deogarh,Madhupur,Assam C.T.C. Leaf,Beverages,0.1,25000,26000,26000,2014-02-19,26000.0,0.0,0.0,1.0,26000.0,26000.0,26000.0,26000.0
Jharkhand,Deogarh,Madhupur,Assam C.T.C. Leaf,Beverages,0.2,25000,26000,26000,2014-02-20,26000.0,0.0,0.0,1.0,26000.0,26000.0,26000.0,26000.0
Jharkhand,Deogarh,Madhupur,Assam C.T.C. Leaf,Beverages,0.1,25000,26000,26000,2014-02-21,26000.0,0.0,0.0,3.0,26000.0,26000.0,26000.0,26000.0
Jharkhand,Deogarh,Madhupur,Assam C.T.C. Leaf,Beverages,0.1,25000,26000,26000,2014-02-24,26000.0,0.0,0.0,2.0,26000.0,26000.0,26000.0,26000.0
Jharkhand,Deogarh,Madhupur,Assam C.T.C. Leaf,Beverages,0.1,25000,26000,26000,2014-02-26,26000.0,0.0,0.0,2.0,26000.0,26000.0,26000.0,26000.0
Jharkhand,Deogarh,Madhupur,Assam C.T.C. Leaf,Beverages,0.1,25000,26000,26000,2014-02-28,26000.0,0.0,0.0,4.0,26000.0,26000.0,26000.0,26000.0
Jharkhand,Deogarh,Madhupur,Assam C.T.C. Leaf,Beverages,0.1,25000,26000,26000,2014-03-04,26000.0,0.0,0.0,1.0,26000.0,26000.0,26000.0,26000.0
Jharkhand,Deogarh,Madhupur,Assam C.T.C. Leaf,Beverages,0.1,25000,26000,26000,2014-03-05,26000.0,0.0,0.0,1.0,26000.0,26000.0,26000.0,26000.0
Jharkhand,Deogarh,Madhupur,Assam C.T.C. Leaf,Beverages,0.05,25000,26000,26000,2014-03-06,26000.0,0.0,0.0,1.0,26000.0,26000.0,26000.0,26000.0
Jharkhand,Deogarh,Madhupur,Assam C.T.C. Leaf,Beverages,0.05,25000,26000,26000,2014-03-07,26000.0,0.0,0.0,1.0,26000.0,26000.0,26000.0,26000.0
Jharkhand,Deogarh,Madhupur,Assam C.T.C. Leaf,Beverages,0.1,25000,26000,26000,2014-03-08,26000.0,0.0,0.0,3.0,26000.0,26000.0,26000.0,26000.0
Jharkhand,Deogarh,Madhupur,Assam C.T.C. Leaf,Beverages,0.1,25000,26000,26000,2014-03-11,26000.0,0.0,0.0,2.0,26000.0,26000.0,26000.0,26000.0
Jharkhand,Deogarh,Madhupur,Assam C.T.C. Leaf,Beverages,0.1,25000,26000,26000,2014-03-13,26000.0,0.0,0.0,6.0,26000.0,26000.0,26000.0,26000.0
Jharkhand,Deogarh,Madhupur,Assam C.T.C. Leaf,Beverages,0.1,25000,26000,26000,2014-03-19,26000.0,0.0,0.0,2.0,26000.0,26000.0,26000.0,26000.0
Jharkhand,Deogarh,Madhupur,Assam C.T.C. Leaf,Beverages,0.1,25000,26000,26000,2014-03-21,26000.0,0.0,0.0,3.0,26000.0,26000.0,26000.0,26000.0
Jharkhand,Deogarh,Madhupur,Assam C.T.C. Leaf,Beverages,0.1,25000,26000,26000,2014-03-24,26000.0,0.0,0.0,2.0,26000.0,26000.0,26000.0,26000.0
Jharkhand,Deogarh,Madhupur,Assam C.T.C. Leaf,Beverages,0.1,25000,26000,26000,2014-03-26,26000.0,0.0,0.0,1.0,26000.0,26000.0,26000.0,26000.0
Jharkhand,Deogarh,Madhupur,Assam C.T.C. Leaf,Beverages,0.1,25000,26000,26000,2014-03-27,26000.0,0.0,0.0,1.0,26000.0,26000.0,26000.0,26000.0
Jharkhand,Deogarh,Madhupur,Assam C.T.C. Leaf,Beverages,0.1,25000,26000,26000,2014-03-28,26000.0,0.0,0.0,4.0,26000.0,26000.0,26000.0,26000.0
Jharkhand,Deogarh,Madhupur,Assam C.T.C. Leaf,Beverages,0.1,25000,26000,26000,2014-04-01,26000.0,0.0,0.0,2.0,26000.0,26000.0,26000.0,26000.0
Jharkhand,Deogarh,Madhupur,Assam C.T.C. Leaf,Beverages,0.1,25000,26000,26000,2014-04-03,26000.0,0.0,0.0,1.0,26000.0,26000.0,26000.0,26000.0
Jharkhand,Deogarh,Madhupur,Assam C.T.C. Leaf,Beverages,0.1,25000,26000,26000,2014-04-04,26000.0,0.0,0.0,1.0,26000.0,26000.0,26000.0,26000.0
Jharkhand,Deogarh,Madhupur,Assam C.T.C. Leaf,Beverages,0.1,25000,26000,26000,2014-04-05,26000.0,0.0,0.0,4.0,26000.0,26000.0,26000.0,26000.0
Jharkhand,Deogarh,Madhupur,Assam C.T.C. Leaf,Beverages,0.1,25000,26000,26000,2014-04-09,26000.0,0.0,0.0,1.0,26000.0,26000.0,26000.0,26000.0
Jharkhand,Deogarh,Madhupur,Assam C.T.C. Leaf,Beverages,0.1,25000,26000,26000,2014-04-10,27000.0,0.0384615384615384,0.0377403279828471,1.0,26000.0,26000.0,26000.0,26000.0
Jharkhand,Deogarh,Madhupur,Assam C.T.C. Leaf,Beverages,0.1,26000,27000,27000,2014-04-11,26000.0,-0.037037037037037,-0.037740327982847,1.0,26000.0,26000.0,26000.0,26000.0
Jharkhand,Deogarh,Madhupur,Assam C.T.C. Leaf,Beverages,0.1,25000,26000,26000,2014-04-12,26000.0,0.0,0.0,3.0,27000.0,26000.0,26000.0,26000.0
Jharkhand,Deogarh,Madhupur,Assam C.T.C. Leaf,Beverages,0.1,25000,26000,26000,2014-04-15,26000.0,0.0,0.0,1.0,26000.0,26000.0,26000.0,26000.0
Jharkhand,Deogarh,Madhupur,Assam C.T.C. Leaf,Beverages,0.1,25000,26000,26000,2014-04-16,26000.0,0.0,0.0,5.0,26000.0,26000.0,26000.0,26000.0
Jharkhand,Deogarh,Madhupur,Assam C.T.C. Leaf,Beverages,0.1,26000,27000,27000,2014-05-02,26000.0,-0.037037037037037,-0.037740327982847,1.0,26000.0,26000.0,26000.0,26000.0
Jharkhand,Deogarh,Madhupur,Assam C.T.C. Leaf,Beverages,0.05,25000,26000,26000,2014-05-03,26000.0,0.0,0.0,2.0,27000.0,26000.0,26000.0,26000.0
Jharkhand,Deogarh,Madhupur,Assam C.T.C. Leaf,Beverages,0.05,25000,26000,26000,2014-05-05,26000.0,0.0,0.0,2.0,26000.0,26000.0,26000.0,26000.0
Jharkhand,Deogarh,Madhupur,Assam C.T.C. Leaf,Beverages,0.1,25000,26000,26000,2014-05-07,26000.0,0.0,0.0,2.0,26000.0,27000.0,26000.0,26000.0
Jharkhand,Deogarh,Madhupur,Assam C.T.C. Leaf,Beverages,0.1,25000,26000,26000,2014-05-09,26000.0,0.0,0.0,1.0,26000.0,26000.0,26000.0,26000.0
Jharkhand,Deogarh,Madhupur,Assam C.T.C. Leaf,Beverages,0.1,25000,26000,26000,2014-05-10,26000.0,0.0,0.0,2.0,26000.0,26000.0,26000.0,26000.0
Jharkhand,Deogarh,Madhupur,Assam C.T.C. Leaf,Beverages,0.1,25000,26000,26000,2014-05-12,26000.0,0.0,0.0,3.0,26000.0,26000.0,26000.0,26000.0
Jharkhand,Deogarh,Madhupur,Assam C.T.C. Leaf,Beverages,0.1,25000,26000,26000,2014-05-15,26000.0,0.0,0.0,1.0,26000.0,27000.0,26000.0,26000.0
Jharkhand,Deogarh,Madhupur,Assam C.T.C. Leaf,Beverages,0.1,25000,26000,26000,2014-05-16,26000.0,0.0,0.0,1.0,26000.0,26000.0,26000.0,26000.0
Jharkhand,Deogarh,Madhupur,Assam C.T.C. Leaf,Beverages,0.05,25000,26000,26000,2014-05-17,26000.0,0.0,0.0,4.0,26000.0,26000.0,26000.0,26000.0
Jharkhand,Deogarh,Madhupur,Assam C.T.C. Leaf,Beverages,0.1,25000,26000,26000,2014-05-21,26000.0,0.0,0.0,2.0,26000.0,26000.0,27000.0,26000.0
Jharkhand,Deogarh,Madhupur,Assam C.T.C. Leaf,Beverages,0.1,25000,26000,26000,2014-05-23,26000.0,0.0,0.0,3.0,26000.0,26000.0,26000.0,26000.0
Jharkhand,Deogarh,Madhupur,Assam C.T.C. Leaf,Beverages,0.05,26000,27000,27000,2014-06-03,27000.0,0.0,0.0,1.0,26000.0,26000.0,26000.0,26000.0
Jharkhand,Deogarh,Madhupur,Assam C.T.C. Leaf,Beverages,0.1,26000,27000,27000,2014-06-04,27000.0,0.0,0.0,2.0,27000.0,26000.0,26000.0,26000.0
Jharkhand,Deogarh,Madhupur,Assam C.T.C. Leaf,Beverages,0.1,25000,26000,26000,2014-06-19,27000.0,0.0384615384615384,0.0377403279828471,2.0,27000.0,26000.0,27000.0,26000.0
Jharkhand,Deogarh,Madhupur,Assam C.T.C. Leaf,Beverages,0.05,26000,27000,27000,2014-06-21,26000.0,-0.037037037037037,-0.037740327982847,2.0,26000.0,26000.0,26000.0,26000.0
Jharkhand,Deogarh,Madhupur,Assam C.T.C. Leaf,Beverages,0.1,25000,26000,26000,2014-06-23,27000.0,0.0384615384615384,0.0377403279828471,7.0,27000.0,26000.0,26000.0,26000.0
Jharkhand,Deogarh,Madhupur,Assam C.T.C. Leaf,Beverages,0.05,26000,27000,27000,2014-06-30,28000.0,0.037037037037037,0.0363676441708747,1.0,26000.0,26000.0,26000.0,26000.0
Jharkhand,Deogarh,Madhupur,Assam C.T.C. Leaf,Beverages,0.1,27000,28000,28000,2014-07-01,26000.0,-0.0714285714285714,-0.0741079721537218,1.0,27000.0,26000.0,26000.0,26000.0
Jharkhand,Deogarh,Madhupur,Assam C.T.C. Leaf,Beverages,0.05,25000,26000,26000,2014-07-02,26000.0,0.0,0.0,3.0,28000.0,27000.0,26000.0,26000.0
Jharkhand,Deogarh,Madhupur,Assam C.T.C. Leaf,Beverages,0.05,25000,26000,26000,2014-07-05,26000.0,0.0,0.0,7.0,26000.0,27000.0,26000.0,26000.0
Jharkhand,Deogarh,Madhupur,Assam C.T.C. Leaf,Beverages,0.05,25000,26000,26000,2014-07-12,26000.0,0.0,0.0,2.0,26000.0,26000.0,26000.0,26000.0
Jharkhand,Deogarh,Madhupur,Assam C.T.C. Leaf,Beverages,1.0,24000,26000,26000,2014-07-14,26000.0,0.0,0.0,1.0,26000.0,27000.0,26000.0,26000.0
Jharkhand,Deogarh,Madhupur,Assam C.T.C. Leaf,Beverages,0.05,29000,30000,30000,2014-07-24,30000.0,0.0,0.0,1.0,26000.0,26000.0,26000.0,26000.0
Jharkhand,Deogarh,Madhupur,Assam C.T.C. Leaf,Beverages,0.1,29000,30000,30000,2014-07-25,30000.0,0.0,0.0,5.0,30000.0,27000.0,26000.0,26000.0
Jharkhand,Deogarh,Madhupur,Assam C.T.C. Leaf,Beverages,0.05,29000,30000,30000,2014-07-30,29000.0,-0.0333333333333333,-0.0339015516756813,1.0,30000.0,28000.0,26000.0,26000.0
Jharkhand,Deogarh,Madhupur,Assam C.T.C. Leaf,Beverages,0.1,28000,29000,29000,2014-07-31,31000.0,0.0689655172413793,0.0666913744986721,1.0,30000.0,26000.0,27000.0,27000.0
Jharkhand,Deogarh,Madhupur,Assam C.T.C. Leaf,Beverages,0.1,30000,31000,31000,2014-08-01,31000.0,0.0,0.0,3.0,29000.0,26000.0,27000.0,26000.0
Jharkhand,Deogarh,Madhupur,Assam C.T.C. Leaf,Beverages,0.1,30000,31000,31000,2014-08-04,31000.0,0.0,0.0,2.0,31000.0,26000.0,26000.0,26000.0
Jharkhand,Deogarh,Madhupur,Assam C.T.C. Leaf,Beverages,0.05,30000,31000,31000,2014-08-06,30500.0,-0.0161290322580645,-0.0162605208717802,3.0,31000.0,26000.0,27000.0,26000.0
Jharkhand,Deogarh,Madhupur,Assam C.T.C. Leaf,Beverages,0.1,30000,31000,30500,2014-08-09,31000.0,0.0163934426229508,0.0162605208717803,2.0,31000.0,30000.0,26000.0,27000.0
Jharkhand,Deogarh,Madhupur,Assam C.T.C. Leaf,Beverages,0.1,30000,31000,31000,2014-08-11,31000.0,0.0,0.0,1.0,30500.0,30000.0,27000.0,26000.0
Jharkhand,Deogarh,Madhupur,Assam C.T.C. Leaf,Beverages,0.05,30000,31000,31000,2014-08-12,31000.0,0.0,0.0,1.0,31000.0,30000.0,28000.0,26000.0
Jharkhand,Deogarh,Madhupur,Assam C.T.C. Leaf,Beverages,0.1,31000,32000,31500,2014-08-30,32000.0,0.0158730158730158,0.0157483569681391,2.0,31000.0,29000.0,26000.0,26000.0
Jharkhand,Deogarh,Madhupur,Assam C.T.C. Leaf,Beverages,0.1,31000,32000,32000,2014-09-01,31500.0,-0.015625,-0.0157483569681391,2.0,31500.0,31000.0,26000.0,26000.0
Jharkhand,Deogarh,Madhupur,Assam C.T.C. Leaf,Beverages,0.1,31000,32000,31500,2014-09-03,32000.0,0.0158730158730158,0.0157483569681391,1.0,32000.0,31000.0,26000.0,26000.0
Jharkhand,Deogarh,Madhupur,Assam C.T.C. Leaf,Beverages,0.15,29500,32000,31000,2014-09-13,31200.0,0.0064516129032258,0.0064308903302903,2.0,31500.0,31000.0,26000.0,26000.0
Jharkhand,Deogarh,Madhupur,Assam C.T.C. Leaf,Beverages,0.05,30000,32000,31200,2014-09-15,31500.0,0.0096153846153846,0.0095694510161506,5.0,31000.0,30500.0,30000.0,26000.0
Jharkhand,Deogarh,Madhupur,Assam C.T.C. Leaf,Beverages,0.05,31000,32000,31500,2014-09-20,32100.0,0.019047619047619,0.0188684843043827,3.0,31200.0,31000.0,30000.0,26000.0
Jharkhand,Deogarh,Madhupur,Assam C.T.C. Leaf,Beverages,0.2,30800,32500,32100,2014-09-23,31000.0,-0.0342679127725856,-0.0348688256508239,1.0,31500.0,31000.0,30000.0,26000.0
Jharkhand,Deogarh,Madhupur,Assam C.T.C. Leaf,Beverages,0.3,27000,29500,28500,2014-10-04,29000.0,0.0175438596491228,0.0173917427118692,6.0,32100.0,31500.0,29000.0,26000.0
Jharkhand,Deogarh,Madhupur,C.T.C. Dust,Beverages,0.05,16000,17000,17000,2013-06-10,17000.0,0.0,0.0,1.0,,,,
Jharkhand,Deogarh,Madhupur,C.T.C. Dust,Beverages,0.05,16000,17000,17000,2013-06-11,17000.0,0.0,0.0,2.0,17000.0,,,
Jharkhand,Deogarh,Madhupur,C.T.C. Dust,Beverages,0.05,16000,17000,17000,2013-06-13,17000.0,0.0,0.0,1.0,17000.0,,,
Jharkhand,Deogarh,Madhupur,C.T.C. Dust,Beverages,0.05,16000,17000,17000,2013-06-14,17000.0,0.0,0.0,3.0,17000.0,,,
Jharkhand,Deogarh,Madhupur,C.T.C. Dust,Beverages,0.02,16000,17000,17000,2013-06-17,17000.0,0.0,0.0,3.0,17000.0,,,
Jharkhand,Deogarh,Madhupur,C.T.C. Dust,Beverages,0.05,16000,17000,17000,2013-06-20,17000.0,0.0,0.0,1.0,17000.0,,,
Jharkhand,Deogarh,Madhupur,C.T.C. Dust,Beverages,0.05,16000,17000,17000,2013-06-21,17000.0,0.0,0.0,1.0,17000.0,,,
Jharkhand,Deogarh,Madhupur,C.T.C. Dust,Beverages,0.05,16000,17000,17000,2013-06-22,17000.0,0.0,0.0,4.0,17000.0,17000.0,,
Jharkhand,Deogarh,Madhupur,C.T.C. Dust,Beverages,0.05,16000,17000,17000,2013-06-26,17000.0,0.0,0.0,1.0,17000.0,17000.0,,
Jharkhand,Deogarh,Madhupur,C.T.C. Dust,Beverages,0.05,16000,17000,17000,2013-06-27,17000.0,0.0,0.0,1.0,17000.0,17000.0,,
Jharkhand,Deogarh,Madhupur,C.T.C. Dust,Beverages,0.02,16000,17000,17000,2013-06-28,17000.0,0.0,0.0,1.0,17000.0,17000.0,,
Jharkhand,Deogarh,Madhupur,C.T.C. Dust,Beverages,0.02,16000,17000,17000,2013-06-29,17000.0,0.0,0.0,2.0,17000.0,17000.0,,
Jharkhand,Deogarh,Madhupur,C.T.C. Dust,Beverages,0.02,16000,17000,17000,2013-07-01,17000.0,0.0,0.0,1.0,17000.0,17000.0,,
Jharkhand,Deogarh,Madhupur,C.T.C. Dust,Beverages,0.02,16000,17000,17000,2013-07-02,17000.0,0.0,0.0,2.0,17000.0,17000.0,,
Jharkhand,Deogarh,Madhupur,C.T.C. Dust,Beverages,0.01,16000,17000,17000,2013-07-04,17000.0,0.0,0.0,2.0,17000.0,17000.0,17000.0,
Jharkhand,Deogarh,Madhupur,C.T.C. Dust,Beverages,0.1,16000,17000,17000,2013-07-06,17000.0,0.0,0.0,5.0,17000.0,17000.0,17000.0,
Jharkhand,Deogarh,Madhupur,C.T.C. Dust,Beverages,0.02,16000,17000,17000,2013-07-11,17000.0,0.0,0.0,1.0,17000.0,17000.0,17000.0,
Jharkhand,Deogarh,Madhupur,C.T.C. Dust,Beverages,0.02,16000,17000,17000,2013-07-12,17000.0,0.0,0.0,1.0,17000.0,17000.0,17000.0,
Jharkhand,Deogarh,Madhupur,C.T.C. Dust,Beverages,0.02,16000,17000,17000,2013-07-13,17000.0,0.0,0.0,7.0,17000.0,17000.0,17000.0,
Jharkhand,Deogarh,Madhupur,C.T.C. Dust,Beverages,0.01,16000,17000,17000,2013-07-20,17000.0,0.0,0.0,2.0,17000.0,17000.0,17000.0,
Jharkhand,Deogarh,Madhupur,C.T.C. Dust,Beverages,0.02,16000,17000,17000,2013-07-22,17000.0,0.0,0.0,5.0,17000.0,17000.0,17000.0,
Jharkhand,Deogarh,Madhupur,C.T.C. Dust,Beverages,0.02,16000,17000,17000,2013-07-27,17000.0,0.0,0.0,4.0,17000.0,17000.0,17000.0,
Jharkhand,Deogarh,Madhupur,C.T.C. Dust,Beverages,0.05,16000,17000,17000,2013-07-31,17000.0,0.0,0.0,5.0,17000.0,17000.0,17000.0,
Jharkhand,Deogarh,Madhupur,C.T.C. Dust,Beverages,0.1,16000,17000,17000,2013-08-05,17000.0,0.0,0.0,3.0,17000.0,17000.0,17000.0,
Jharkhand,Deogarh,Madhupur,C.T.C. Dust,Beverages,0.1,16000,17000,17000,2013-08-08,17000.0,0.0,0.0,2.0,17000.0,17000.0,17000.0,
Jharkhand,Deogarh,Madhupur,C.T.C. Dust,Beverages,0.02,16000,17000,17000,2013-08-10,17000.0,0.0,0.0,2.0,17000.0,17000.0,17000.0,
Jharkhand,Deogarh,Madhupur,C.T.C. Dust,Beverages,0.05,16000,17000,17000,2013-08-12,17000.0,0.0,0.0,2.0,17000.0,17000.0,17000.0,
Jharkhand,Deogarh,Madhupur,C.T.C. Dust,Beverages,0.05,16000,17000,17000,2013-08-14,17000.0,0.0,0.0,3.0,17000.0,17000.0,17000.0,
Jharkhand,Deogarh,Madhupur,C.T.C. Dust,Beverages,0.05,16000,17000,17000,2013-08-17,17000.0,0.0,0.0,6.0,17000.0,17000.0,17000.0,
Jharkhand,Deogarh,Madhupur,C.T.C. Dust,Beverages,0.05,16000,17000,17000,2013-08-23,17000.0,0.0,0.0,1.0,17000.0,17000.0,17000.0,
Jharkhand,Deogarh,Madhupur,C.T.C. Dust,Beverages,0.05,16000,17000,17000,2013-08-24,17000.0,0.0,0.0,3.0,17000.0,17000.0,17000.0,17000.0
Jharkhand,Deogarh,Madhupur,C.T.C. Dust,Beverages,0.1,16000,17000,17000,2013-08-27,17000.0,0.0,0.0,2.0,17000.0,17000.0,17000.0,17000.0
Jharkhand,Deogarh,Madhupur,C.T.C. Dust,Beverages,0.05,16000,17000,17000,2013-08-29,17000.0,0.0,0.0,4.0,17000.0,17000.0,17000.0,17000.0
Jharkhand,Deogarh,Madhupur,C.T.C. Dust,Beverages,0.05,16000,17000,17000,2013-09-02,17000.0,0.0,0.0,1.0,17000.0,17000.0,17000.0,17000.0
Jharkhand,Deogarh,Madhupur,C.T.C. Dust,Beverages,0.05,16000,17000,17000,2013-09-03,17000.0,0.0,0.0,1.0,17000.0,17000.0,17000.0,17000.0
Jharkhand,Deogarh,Madhupur,C.T.C. Dust,Beverages,0.02,16000,17000,17000,2013-09-04,17000.0,0.0,0.0,2.0,17000.0,17000.0,17000.0,17000.0
Jharkhand,Deogarh,Madhupur,C.T.C. Dust,Beverages,0.05,16000,17000,17000,2013-09-06,17000.0,0.0,0.0,6.0,17000.0,17000.0,17000.0,17000.0
Jharkhand,Deogarh,Madhupur,C.T.C. Dust,Beverages,0.05,16000,17000,17000,2013-09-12,17000.0,0.0,0.0,5.0,17000.0,17000.0,17000.0,17000.0
Jharkhand,Deogarh,Madhupur,C.T.C. Dust,Beverages,0.02,16000,17000,17000,2013-09-17,17000.0,0.0,0.0,2.0,17000.0,17000.0,17000.0,17000.0
Jharkhand,Deogarh,Madhupur,C.T.C. Dust,Beverages,0.05,16000,17000,17000,2013-09-19,17000.0,0.0,0.0,1.0,17000.0,17000.0,17000.0,17000.0
Jharkhand,Deogarh,Madhupur,C.T.C. Dust,Beverages,0.1,16000,17000,17000,2013-09-20,17000.0,0.0,0.0,3.0,17000.0,17000.0,17000.0,17000.0
Jharkhand,Deogarh,Madhupur,C.T.C. Dust,Beverages,0.02,16000,17000,17000,2013-09-23,17000.0,0.0,0.0,1.0,17000.0,17000.0,17000.0,17000.0
Jharkhand,Deogarh,Madhupur,C.T.C. Dust,Beverages,0.02,16000,17000,17000,2013-09-24,17000.0,0.0,0.0,1.0,17000.0,17000.0,17000.0,17000.0
Jharkhand,Deogarh,Madhupur,C.T.C. Dust,Beverages,0.05,16000,17000,17000,2013-09-25,17000.0,0.0,0.0,1.0,17000.0,17000.0,17000.0,17000.0
Jharkhand,Deogarh,Madhupur,C.T.C. Dust,Beverages,0.05,16000,17000,17000,2013-09-26,17000.0,0.0,0.0,1.0,17000.0,17000.0,17000.0,17000.0
Jharkhand,Deogarh,Madhupur,C.T.C. Dust,Beverages,0.05,16000,17000,17000,2013-09-27,17000.0,0.0,0.0,3.0,17000.0,17000.0,17000.0,17000.0
Jharkhand,Deogarh,Madhupur,C.T.C. Dust,Beverages,0.05,16000,17000,17000,2013-09-30,17000.0,0.0,0.0,1.0,17000.0,17000.0,17000.0,17000.0
Jharkhand,Deogarh,Madhupur,C.T.C. Dust,Beverages,0.05,16000,17000,17000,2013-10-01,17000.0,0.0,0.0,2.0,17000.0,17000.0,17000.0,17000.0
Jharkhand,Deogarh,Madhupur,C.T.C. Dust,Beverages,0.05,16000,17000,17000,2013-10-03,17000.0,0.0,0.0,2.0,17000.0,17000.0,17000.0,17000.0
Jharkhand,Deogarh,Madhupur,C.T.C. Dust,Beverages,0.05,16000,17000,17000,2013-10-05,17000.0,0.0,0.0,3.0,17000.0,17000.0,17000.0,17000.0
Jharkhand,Deogarh,Madhupur,C.T.C. Dust,Beverages,0.05,16000,17000,17000,2013-10-08,17000.0,0.0,0.0,1.0,17000.0,17000.0,17000.0,17000.0
Jharkhand,Deogarh,Madhupur,C.T.C. Dust,Beverages,0.05,16000,17000,17000,2013-10-09,17000.0,0.0,0.0,1.0,17000.0,17000.0,17000.0,17000.0
Jharkhand,Deogarh,Madhupur,C.T.C. Dust,Beverages,0.05,16000,17000,17000,2013-10-21,17000.0,0.0,0.0,3.0,17000.0,17000.0,17000.0,17000.0
Jharkhand,Deogarh,Madhupur,C.T.C. Dust,Beverages,0.05,16000,17000,17000,2013-10-24,17000.0,0.0,0.0,2.0,17000.0,17000.0,17000.0,17000.0
Jharkhand,Deogarh,Madhupur,C.T.C. Dust,Beverages,0.1,16000,17000,17000,2013-10-26,17000.0,0.0,0.0,2.0,17000.0,17000.0,17000.0,17000.0
Jharkhand,Deogarh,Madhupur,C.T.C. Dust,Beverages,0.05,16000,17000,17000,2013-10-28,17000.0,0.0,0.0,4.0,17000.0,17000.0,17000.0,17000.0
Jharkhand,Deogarh,Madhupur,C.T.C. Dust,Beverages,0.02,16000,17000,17000,2013-11-01,17000.0,0.0,0.0,1.0,17000.0,17000.0,17000.0,17000.0
Jharkhand,Deogarh,Madhupur,C.T.C. Dust,Beverages,0.05,16000,17000,17000,2013-11-02,17000.0,0.0,0.0,2.0,17000.0,17000.0,17000.0,17000.0
Jharkhand,Deogarh,Madhupur,C.T.C. Dust,Beverages,0.05,16000,17000,17000,2013-11-04,17000.0,0.0,0.0,2.0,17000.0,17000.0,17000.0,17000.0
Jharkhand,Deogarh,Madhupur,C.T.C. Dust,Beverages,0.02,16000,17000,17000,2013-11-06,17000.0,0.0,0.0,1.0,17000.0,17000.0,17000.0,17000.0
Jharkhand,Deogarh,Madhupur,C.T.C. Dust,Beverages,0.05,16000,17000,17000,2013-11-07,17000.0,0.0,0.0,4.0,17000.0,17000.0,17000.0,17000.0
Jharkhand,Deogarh,Madhupur,C.T.C. Dust,Beverages,0.05,16000,17000,17000,2013-11-11,17000.0,0.0,0.0,2.0,17000.0,17000.0,17000.0,17000.0
Jharkhand,Deogarh,Madhupur,C.T.C. Dust,Beverages,0.1,16000,17000,17000,2013-11-13,17000.0,0.0,0.0,3.0,17000.0,17000.0,17000.0,17000.0
Jharkhand,Deogarh,Madhupur,C.T.C. Dust,Beverages,0.02,16000,17000,17000,2013-11-16,17000.0,0.0,0.0,5.0,17000.0,17000.0,17000.0,17000.0
Jharkhand,Deogarh,Madhupur,C.T.C. Dust,Beverages,0.1,16000,17000,17000,2013-11-21,17000.0,0.0,0.0,5.0,17000.0,17000.0,17000.0,17000.0
Jharkhand,Deogarh,Madhupur,C.T.C. Dust,Beverages,0.5,16000,17000,17000,2013-11-26,17000.0,0.0,0.0,1.0,17000.0,17000.0,17000.0,17000.0
Jharkhand,Deogarh,Madhupur,C.T.C. Dust,Beverages,0.5,16000,17000,17000,2013-12-09,17000.0,0.0,0.0,1.0,17000.0,17000.0,17000.0,17000.0
Jharkhand,Deogarh,Madhupur,C.T.C. Dust,Beverages,0.1,16000,17000,17000,2013-12-10,17000.0,0.0,0.0,1.0,17000.0,17000.0,17000.0,17000.0
Jharkhand,Deogarh,Madhupur,C.T.C. Dust,Beverages,0.1,16000,17000,17000,2013-12-11,17000.0,0.0,0.0,1.0,17000.0,17000.0,17000.0,17000.0
Jharkhand,Deogarh,Madhupur,C.T.C. Dust,Beverages,0.1,16000,17000,17000,2013-12-12,17000.0,0.0,0.0,1.0,17000.0,17000.0,17000.0,17000.0
Jharkhand,Deogarh,Madhupur,C.T.C. Dust,Beverages,0.1,16000,17000,17000,2013-12-13,17000.0,0.0,0.0,1.0,17000.0,17000.0,17000.0,17000.0
Jharkhand,Deogarh,Madhupur,C.T.C. Dust,Beverages,0.05,16000,17000,17000,2013-12-14,17000.0,0.0,0.0,2.0,17000.0,17000.0,17000.0,17000.0
Jharkhand,Deogarh,Madhupur,C.T.C. Dust,Beverages,0.1,16000,17000,17000,2013-12-16,17000.0,0.0,0.0,2.0,17000.0,17000.0,17000.0,17000.0
Jharkhand,Deogarh,Madhupur,C.T.C. Dust,Beverages,0.1,16000,17000,17000,2013-12-18,17000.0,0.0,0.0,2.0,17000.0,17000.0,17000.0,17000.0
Jharkhand,Deogarh,Madhupur,C.T.C. Dust,Beverages,0.1,16000,17000,17000,2013-12-20,17000.0,0.0,0.0,1.0,17000.0,17000.0,17000.0,17000.0
Jharkhand,Deogarh,Madhupur,C.T.C. Dust,Beverages,0.5,16000,17000,17000,2013-12-21,17000.0,0.0,0.0,5.0,17000.0,17000.0,17000.0,17000.0
Jharkhand,Deogarh,Madhupur,C.T.C. Dust,Beverages,0.5,16000,17000,17000,2013-12-26,17000.0,0.0,0.0,2.0,17000.0,17000.0,17000.0,17000.0
Jharkhand,Deogarh,Madhupur,C.T.C. Dust,Beverages,0.05,16000,17000,17000,2013-12-28,17000.0,0.0,0.0,5.0,17000.0,17000.0,17000.0,17000.0
Jharkhand,Deogarh,Madhupur,C.T.C. Dust,Beverages,0.1,16000,17000,17000,2014-01-02,17000.0,0.0,0.0,1.0,17000.0,17000.0,17000.0,17000.0
Jharkhand,Deogarh,Madhupur,C.T.C. Dust,Beverages,0.1,16000,17000,17000,2014-01-03,17000.0,0.0,0.0,1.0,17000.0,17000.0,17000.0,17000.0
Jharkhand,Deogarh,Madhupur,C.T.C. Dust,Beverages,0.1,16000,17000,17000,2014-01-04,17000.0,0.0,0.0,4.0,17000.0,17000.0,17000.0,17000.0
Jharkhand,Deogarh,Madhupur,C.T.C. Dust,Beverages,0.1,16000,17000,17000,2014-01-08,17000.0,0.0,0.0,1.0,17000.0,17000.0,17000.0,17000.0
Jharkhand,Deogarh,Madhupur,C.T.C. Dust,Beverages,0.5,16000,17000,17000,2014-01-09,17000.0,0.0,0.0,1.0,17000.0,17000.0,17000.0,17000.0
Jharkhand,Deogarh,Madhupur,C.T.C. Dust,Beverages,0.2,16000,17000,17000,2014-01-10,17000.0,0.0,0.0,3.0,17000.0,17000.0,17000.0,17000.0
Jharkhand,Deogarh,Madhupur,C.T.C. Dust,Beverages,0.1,16000,17000,17000,2014-01-13,17000.0,0.0,0.0,4.0,17000.0,17000.0,17000.0,17000.0
Jharkhand,Deogarh,Madhupur,C.T.C. Dust,Beverages,0.1,16000,17000,17000,2014-01-17,17000.0,0.0,0.0,1.0,17000.0,17000.0,17000.0,17000.0
Jharkhand,Deogarh,Madhupur,C.T.C. Dust,Beverages,0.1,16000,17000,17000,2014-01-18,17000.0,0.0,0.0,4.0,17000.0,17000.0,17000.0,17000.0
Jharkhand,Deogarh,Madhupur,C.T.C. Dust,Beverages,0.1,16000,17000,17000,2014-01-22,17000.0,0.0,0.0,2.0,17000.0,17000.0,17000.0,17000.0
Jharkhand,Deogarh,Madhupur,C.T.C. Dust,Beverages,0.1,16000,17000,17000,2014-01-24,17000.0,0.0,0.0,1.0,17000.0,17000.0,17000.0,17000.0
Jharkhand,Deogarh,Madhupur,C.T.C. Dust,Beverages,0.1,16000,17000,17000,2014-01-25,17000.0,0.0,0.0,2.0,17000.0,17000.0,17000.0,17000.0
Jharkhand,Deogarh,Madhupur,C.T.C. Dust,Beverages,0.1,16000,17000,17000,2014-01-27,17000.0,0.0,0.0,1.0,17000.0,17000.0,17000.0,17000.0
Jharkhand,Deogarh,Madhupur,C.T.C. Dust,Beverages,0.05,16000,17000,17000,2014-01-28,17000.0,0.0,0.0,1.0,17000.0,17000.0,17000.0,17000.0
Jharkhand,Deogarh,Madhupur,C.T.C. Dust,Beverages,0.1,16000,17000,17000,2014-01-29,17000.0,0.0,0.0,1.0,17000.0,17000.0,17000.0,17000.0
Jharkhand,Deogarh,Madhupur,C.T.C. Dust,Beverages,0.1,16000,17000,17000,2014-01-30,17000.0,0.0,0.0,1.0,17000.0,17000.0,17000.0,17000.0
Jharkhand,Deogarh,Madhupur,C.T.C. Dust,Beverages,0.1,16000,17000,17000,2014-01-31,17000.0,0.0,0.0,3.0,17000.0,17000.0,17000.0,17000.0
Jharkhand,Deogarh,Madhupur,C.T.C. Dust,Beverages,0.1,16000,17000,17000,2014-02-03,17000.0,0.0,0.0,2.0,17000.0,17000.0,17000.0,17000.0
Jharkhand,Deogarh,Madhupur,C.T.C. Dust,Beverages,0.1,16000,17000,17000,2014-02-05,17000.0,0.0,0.0,1.0,17000.0,17000.0,17000.0,17000.0
Jharkhand,Deogarh,Madhupur,C.T.C. Dust,Beverages,0.1,16000,17000,17000,2014-02-06,17000.0,0.0,0.0,1.0,17000.0,17000.0,17000.0,17000.0
Jharkhand,Deogarh,Madhupur,C.T.C. Dust,Beverages,0.1,16000,17000,17000,2014-02-07,17000.0,0.0,0.0,1.0,17000.0,17000.0,17000.0,17000.0
Jharkhand,Deogarh,Madhupur,C.T.C. Dust,Beverages,0.1,16000,17000,17000,2014-02-08,17000.0,0.0,0.0,2.0,17000.0,17000.0,17000.0,17000.0
Jharkhand,Deogarh,Madhupur,C.T.C. Dust,Beverages,0.1,16000,17000,17000,2014-02-10,17000.0,0.0,0.0,1.0,17000.0,17000.0,17000.0,17000.0
Jharkhand,Deogarh,Madhupur,C.T.C. Dust,Beverages,0.1,16000,17000,17000,2014-02-11,17000.0,0.0,0.0,2.0,17000.0,17000.0,17000.0,17000.0
Jharkhand,Deogarh,Madhupur,C.T.C. Dust,Beverages,0.05,16000,17000,17000,2014-02-13,17000.0,0.0,0.0,2.0,17000.0,17000.0,17000.0,17000.0
Jharkhand,Deogarh,Madhupur,C.T.C. Dust,Beverages,0.1,16000,17000,17000,2014-02-15,17000.0,0.0,0.0,2.0,17000.0,17000.0,17000.0,17000.0
Jharkhand,Deogarh,Madhupur,C.T.C. Dust,Beverages,0.1,16000,17000,17000,2014-02-17,17000.0,0.0,0.0,1.0,17000.0,17000.0,17000.0,17000.0
Jharkhand,Deogarh,Madhupur,C.T.C. Dust,Beverages,0.1,16000,17000,17000,2014-02-18,17000.0,0.0,0.0,1.0,17000.0,17000.0,17000.0,17000.0
Jharkhand,Deogarh,Madhupur,C.T.C. Dust,Beverages,0.1,16000,17000,17000,2014-02-19,17000.0,0.0,0.0,1.0,17000.0,17000.0,17000.0,17000.0
Jharkhand,Deogarh,Madhupur,C.T.C. Dust,Beverages,0.2,16000,17000,17000,2014-02-20,17000.0,0.0,0.0,1.0,17000.0,17000.0,17000.0,17000.0
Jharkhand,Deogarh,Madhupur,C.T.C. Dust,Beverages,0.1,16000,17000,17000,2014-02-21,17000.0,0.0,0.0,3.0,17000.0,17000.0,17000.0,17000.0
Jharkhand,Deogarh,Madhupur,C.T.C. Dust,Beverages,0.1,16000,17000,17000,2014-02-24,17000.0,0.0,0.0,2.0,17000.0,17000.0,17000.0,17000.0
Jharkhand,Deogarh,Madhupur,C.T.C. Dust,Beverages,0.1,16000,17000,17000,2014-02-26,17000.0,0.0,0.0,2.0,17000.0,17000.0,17000.0,17000.0
Jharkhand,Deogarh,Madhupur,C.T.C. Dust,Beverages,0.1,16000,17000,17000,2014-03-11,17000.0,0.0,0.0,2.0,17000.0,17000.0,17000.0,17000.0
Jharkhand,Deogarh,Madhupur,C.T.C. Dust,Beverages,0.1,16000,17000,17000,2014-03-13,17000.0,0.0,0.0,6.0,17000.0,17000.0,17000.0,17000.0
Jharkhand,Deogarh,Madhupur,C.T.C. Dust,Beverages,0.1,16000,17000,17000,2014-03-19,17000.0,0.0,0.0,2.0,17000.0,17000.0,17000.0,17000.0
Jharkhand,Deogarh,Madhupur,C.T.C. Dust,Beverages,0.1,16000,17000,17000,2014-03-21,17000.0,0.0,0.0,3.0,17000.0,17000.0,17000.0,17000.0
Jharkhand,Deogarh,Madhupur,C.T.C. Dust,Beverages,0.1,16000,17000,17000,2014-03-24,17000.0,0.0,0.0,2.0,17000.0,17000.0,17000.0,17000.0
Jharkhand,Deogarh,Madhupur,C.T.C. Dust,Beverages,0.1,16000,17000,17000,2014-03-26,17000.0,0.0,0.0,1.0,17000.0,17000.0,17000.0,17000.0
Jharkhand,Deogarh,Madhupur,C.T.C. Dust,Beverages,0.1,16000,17000,17000,2014-03-27,17000.0,0.0,0.0,1.0,17000.0,17000.0,17000.0,17000.0
Jharkhand,Deogarh,Madhupur,C.T.C. Dust,Beverages,0.1,16000,17000,17000,2014-03-28,17000.0,0.0,0.0,4.0,17000.0,17000.0,17000.0,17000.0
Jharkhand,Deogarh,Madhupur,C.T.C. Dust,Beverages,0.1,16000,17000,17000,2014-04-01,17000.0,0.0,0.0,2.0,17000.0,17000.0,17000.0,17000.0
Jharkhand,Deogarh,Madhupur,C.T.C. Dust,Beverages,0.1,16000,17000,17000,2014-04-03,17000.0,0.0,0.0,1.0,17000.0,17000.0,17000.0,17000.0
Jharkhand,Deogarh,Madhupur,C.T.C. Dust,Beverages,0.1,16000,17000,17000,2014-04-04,17000.0,0.0,0.0,1.0,17000.0,17000.0,17000.0,17000.0
Jharkhand,Deogarh,Madhupur,C.T.C. Dust,Beverages,0.1,16000,17000,17000,2014-04-05,17000.0,0.0,0.0,4.0,17000.0,17000.0,17000.0,17000.0
Jharkhand,Deogarh,Madhupur,C.T.C. Dust,Beverages,0.1,16000,17000,17000,2014-04-09,17000.0,0.0,0.0,1.0,17000.0,17000.0,17000.0,17000.0
Jharkhand,Deogarh,Madhupur,C.T.C. Dust,Beverages,0.1,16000,17000,17000,2014-04-10,17000.0,0.0,0.0,1.0,17000.0,17000.0,17000.0,17000.0
Jharkhand,Deogarh,Madhupur,C.T.C. Dust,Beverages,0.1,16000,17000,17000,2014-04-11,17000.0,0.0,0.0,1.0,17000.0,17000.0,17000.0,17000.0
Jharkhand,Deogarh,Madhupur,C.T.C. Dust,Beverages,0.1,16000,17000,17000,2014-04-12,17000.0,0.0,0.0,3.0,17000.0,17000.0,17000.0,17000.0
Jharkhand,Deogarh,Madhupur,C.T.C. Dust,Beverages,0.1,16000,17000,17000,2014-04-15,17000.0,0.0,0.0,1.0,17000.0,17000.0,17000.0,17000.0
Jharkhand,Deogarh,Madhupur,C.T.C. Dust,Beverages,0.1,16000,17000,17000,2014-04-16,17000.0,0.0,0.0,5.0,17000.0,17000.0,17000.0,17000.0
Jharkhand,Deogarh,Madhupur,C.T.C. Dust,Beverages,0.05,16000,17000,17000,2014-05-05,17000.0,0.0,0.0,2.0,17000.0,17000.0,17000.0,17000.0
Jharkhand,Deogarh,Madhupur,C.T.C. Dust,Beverages,0.1,16000,17000,17000,2014-05-07,17000.0,0.0,0.0,2.0,17000.0,17000.0,17000.0,17000.0
Jharkhand,Deogarh,Madhupur,C.T.C. Dust,Beverages,0.1,16000,17000,17000,2014-05-09,17000.0,0.0,0.0,1.0,17000.0,17000.0,17000.0,17000.0
Jharkhand,Deogarh,Madhupur,C.T.C. Dust,Beverages,0.1,16000,17000,17000,2014-05-10,17000.0,0.0,0.0,2.0,17000.0,17000.0,17000.0,17000.0
Jharkhand,Deogarh,Madhupur,C.T.C. Dust,Beverages,0.1,16000,17000,17000,2014-05-12,17000.0,0.0,0.0,3.0,17000.0,17000.0,17000.0,17000.0
Jharkhand,Deogarh,Madhupur,C.T.C. Dust,Beverages,0.1,16000,17000,17000,2014-05-15,17000.0,0.0,0.0,1.0,17000.0,17000.0,17000.0,17000.0
Jharkhand,Deogarh,Madhupur,C.T.C. Dust,Beverages,0.1,16000,17000,17000,2014-05-16,17000.0,0.0,0.0,1.0,17000.0,17000.0,17000.0,17000.0
Jharkhand,Deogarh,Madhupur,C.T.C. Dust,Beverages,0.05,16000,17000,17000,2014-05-17,17000.0,0.0,0.0,4.0,17000.0,17000.0,17000.0,17000.0
Jharkhand,Deogarh,Madhupur,C.T.C. Dust,Beverages,0.1,16000,17000,17000,2014-05-21,17000.0,0.0,0.0,2.0,17000.0,17000.0,17000.0,17000.0
Jharkhand,Deogarh,Madhupur,C.T.C. Dust,Beverages,0.1,16000,17000,17000,2014-05-23,17000.0,0.0,0.0,3.0,17000.0,17000.0,17000.0,17000.0
Jharkhand,Deogarh,Madhupur,C.T.C. Dust,Beverages,0.05,16000,17000,17000,2014-06-03,17000.0,0.0,0.0,1.0,17000.0,17000.0,17000.0,17000.0
Jharkhand,Deogarh,Madhupur,C.T.C. Dust,Beverages,0.1,16000,17000,17000,2014-06-04,17000.0,0.0,0.0,2.0,17000.0,17000.0,17000.0,17000.0
Jharkhand,Deogarh,Madhupur,C.T.C. Dust,Beverages,0.1,16000,17000,17000,2014-06-19,17000.0,0.0,0.0,2.0,17000.0,17000.0,17000.0,17000.0
Jharkhand,Deogarh,Madhupur,C.T.C. Dust,Beverages,0.05,16000,17000,17000,2014-06-21,17000.0,0.0,0.0,2.0,17000.0,17000.0,17000.0,17000.0
Jharkhand,Deogarh,Madhupur,C.T.C. Dust,Beverages,0.1,16000,17000,17000,2014-06-23,18000.0,0.0588235294117647,0.0571584138399486,7.0,17000.0,17000.0,17000.0,17000.0
Jharkhand,Deogarh,Madhupur,C.T.C. Dust,Beverages,0.05,17000,18000,18000,2014-06-30,18000.0,0.0,0.0,1.0,17000.0,17000.0,17000.0,17000.0
Jharkhand,Deogarh,Madhupur,C.T.C. Dust,Beverages,0.1,17000,18000,18000,2014-07-01,18000.0,0.0,0.0,1.0,18000.0,17000.0,17000.0,17000.0
Jharkhand,Deogarh,Madhupur,C.T.C. Dust,Beverages,0.05,17000,18000,18000,2014-07-02,17500.0,-0.0277777777777777,-0.0281708769666963,3.0,18000.0,17000.0,17000.0,17000.0
Jharkhand,Deogarh,Madhupur,C.T.C. Dust,Beverages,0.05,16000,17500,17500,2014-07-05,18000.0,0.0285714285714285,0.0281708769666962,7.0,18000.0,17000.0,17000.0,17000.0
Jharkhand,Deogarh,Madhupur,C.T.C. Dust,Beverages,0.05,16000,18000,18000,2014-07-12,17000.0,-0.0555555555555555,-0.0571584138399486,2.0,17500.0,17000.0,17000.0,17000.0
Jharkhand,Deogarh,Madhupur,C.T.C. Dust,Beverages,1.0,16000,17500,17000,2014-07-14,18000.0,0.0588235294117647,0.0571584138399486,1.0,18000.0,17000.0,17000.0,17000.0
Jharkhand,Deogarh,Madhupur,C.T.C. Dust,Beverages,0.05,24000,26000,25000,2014-07-24,25500.0,0.02,0.0198026272961797,1.0,17000.0,17000.0,17000.0,17000.0
Jharkhand,Deogarh,Madhupur,C.T.C. Dust,Beverages,0.1,24000,26000,25500,2014-07-25,25000.0,-0.0196078431372549,-0.0198026272961797,5.0,25000.0,18000.0,17000.0,17000.0
Jharkhand,Deogarh,Madhupur,C.T.C. Dust,Beverages,0.05,24000,25000,25000,2014-07-30,25500.0,0.02,0.0198026272961797,1.0,25500.0,18000.0,17000.0,17000.0
Jharkhand,Deogarh,Madhupur,C.T.C. Dust,Beverages,0.1,24000,26000,25500,2014-07-31,26000.0,0.0196078431372549,0.0194180858571015,1.0,25000.0,18000.0,17000.0,17000.0
Jharkhand,Deogarh,Madhupur,C.T.C. Dust,Beverages,0.1,24000,26000,26000,2014-08-01,26000.0,0.0,0.0,3.0,25500.0,17500.0,17000.0,17000.0
Jharkhand,Deogarh,Madhupur,C.T.C. Dust,Beverages,0.1,24000,26000,26000,2014-08-04,26000.0,0.0,0.0,2.0,26000.0,18000.0,17000.0,17000.0
Jharkhand,Deogarh,Madhupur,C.T.C. Dust,Beverages,0.05,25000,26000,26000,2014-08-06,25500.0,-0.0192307692307692,-0.0194180858571016,3.0,26000.0,17000.0,17000.0,17000.0
Jharkhand,Deogarh,Madhupur,C.T.C. Dust,Beverages,0.1,24000,26000,25500,2014-08-09,25000.0,-0.0196078431372549,-0.0198026272961797,2.0,26000.0,25000.0,17000.0,17000.0
Jharkhand,Deogarh,Madhupur,C.T.C. Dust,Beverages,0.1,24000,26000,25000,2014-08-11,25000.0,0.0,0.0,1.0,25500.0,25500.0,18000.0,17000.0
Jharkhand,Deogarh,Madhupur,C.T.C. Dust,Beverages,0.05,24000,26000,25000,2014-08-12,26000.0,0.04,0.0392207131532813,1.0,25000.0,25000.0,18000.0,17000.0
Jharkhand,Deogarh,Madhupur,C.T.C. Dust,Beverages,0.1,24000,26000,25500,2014-08-30,26000.0,0.0196078431372549,0.0194180858571015,2.0,25000.0,25500.0,18000.0,17000.0
Jharkhand,Deogarh,Madhupur,C.T.C. Dust,Beverages,0.1,25000,26000,26000,2014-09-01,26000.0,0.0,0.0,2.0,25500.0,26000.0,17500.0,17000.0
Jharkhand,Deogarh,Madhupur,C.T.C. Dust,Beverages,0.1,25000,26000,26000,2014-09-03,26000.0,0.0,0.0,1.0,26000.0,26000.0,18000.0,17000.0
Jharkhand,Deogarh,Madhupur,C.T.C. Dust,Beverages,0.15,24500,26500,25200,2014-09-13,25300.0,0.0039682539682539,0.0039604012160969,2.0,26000.0,26000.0,17000.0,17000.0
Jharkhand,Deogarh,Madhupur,C.T.C. Dust,Beverages,0.05,24000,26000,25300,2014-09-15,25200.0,-0.0039525691699604,-0.0039604012160969,5.0,25200.0,25500.0,25000.0,17000.0
Jharkhand,Deogarh,Madhupur,C.T.C. Dust,Beverages,0.05,24000,26000,25200,2014-09-20,25500.0,0.0119047619047619,0.0118344576470027,3.0,25300.0,25000.0,25500.0,17000.0
Jharkhand,Deogarh,Madhupur,C.T.C. Dust,Beverages,0.2,24500,26500,25500,2014-09-23,16500.0,-0.3529411764705882,-0.4353180712578455,1.0,25200.0,25000.0,25000.0,17000.0
Kerala,Malappuram,Manjeri,All Dust,Beverages,2.0,18000,52000,22000,2010-10-13,22000.0,0.0,0.0,5.0,,,,
Kerala,Malappuram,Manjeri,All Dust,Beverages,2.0,12000,52000,22000,2010-10-18,22000.0,0.0,0.0,3.0,22000.0,,,
Kerala,Malappuram,Manjeri,Other,Beverages,3.0,40000,85000,62500,2003-02-05,62500.0,0.0,0.0,2.0,,,,
Kerala,Malappuram,Manjeri,Other,Beverages,4.0,40000,85000,62500,2003-02-07,70000.0,0.12,0.1133286853070032,4.0,62500.0,,,
Kerala,Malappuram,Manjeri,Other,Beverages,20.0,45000,95000,70000,2003-02-11,70000.0,0.0,0.0,4.0,62500.0,,,
Kerala,Malappuram,Manjeri,Other,Beverages,10.0,45000,95000,70000,2003-02-15,75000.0,0.0714285714285714,0.0689928714869514,7.0,70000.0,,,
Kerala,Malappuram,Manjeri,Other,Beverages,8.0,45000,90000,75000,2003-02-22,62500.0,-0.1666666666666666,-0.1823215567939546,4.0,70000.0,,,
Kerala,Malappuram,Manjeri,Other,Beverages,5.0,45000,80000,62500,2003-03-08,8000.0,-0.872,-2.05572501506252,4.0,75000.0,,,
Kerala,Malappuram,Manjeri,Other,Beverages,2.0,4500,8000,8000,2003-03-12,6250.0,-0.21875,-0.2468600779315257,7.0,62500.0,,,
Kerala,Malappuram,Manjeri,Other,Beverages,1.0,4500,8000,6250,2003-03-19,6250.0,0.0,0.0,3.0,8000.0,62500.0,,
Kerala,Malappuram,Manjeri,Other,Beverages,3.0,4500,8000,6250,2003-03-22,6500.0,0.04,0.0392207131532813,4.0,6250.0,62500.0,,
Kerala,Malappuram,Manjeri,Other,Beverages,2.0,6000,8000,6500,2003-03-26,6000.0,-0.0769230769230769,-0.0800427076735363,3.0,6250.0,70000.0,,
Kerala,Malappuram,Manjeri,Other,Beverages,2.0,4000,8000,6000,2003-03-29,6000.0,0.0,0.0,4.0,6500.0,70000.0,,
Kerala,Malappuram,Manjeri,Other,Beverages,3.0,4000,8000,6000,2003-04-02,6000.0,0.0,0.0,3.0,6000.0,75000.0,,
Kerala,Malappuram,Manjeri,Other,Beverages,5.0,4000,8000,6000,2003-04-05,6000.0,0.0,0.0,4.0,6000.0,62500.0,,
Kerala,Malappuram,Manjeri,Other,Beverages,5.0,4000,8000,6000,2003-04-09,6000.0,0.0,0.0,7.0,6000.0,8000.0,,
Kerala,Malappuram,Manjeri,Other,Beverages,4.0,5000,8000,6000,2003-04-16,6000.0,0.0,0.0,7.0,6000.0,6250.0,62500.0,
Kerala,Malappuram,Manjeri,Other,Beverages,0.5,4000,8000,6000,2003-04-23,6000.0,0.0,0.0,3.0,6000.0,6250.0,62500.0,
Kerala,Malappuram,Manjeri,Other,Beverages,5.0,4000,8000,6000,2003-04-26,5750.0,-0.0416666666666666,-0.0425596144187958,4.0,6000.0,6500.0,70000.0,
Kerala,Malappuram,Manjeri,Other,Beverages,4.0,4000,7500,5750,2003-04-30,5750.0,0.0,0.0,3.0,6000.0,6000.0,70000.0,
Kerala,Malappuram,Manjeri,Other,Beverages,2.0,4000,7500,5750,2003-05-03,5650.0,-0.017391304347826,-0.0175443096509095,4.0,5750.0,6000.0,75000.0,
Kerala,Malappuram,Manjeri,Other,Beverages,5.0,4000,7300,5650,2003-05-07,5650.0,0.0,0.0,3.0,5750.0,6000.0,62500.0,
Kerala,Malappuram,Manjeri,Other,Beverages,5.0,4000,7300,5650,2003-05-10,5600.0,-0.0088495575221238,-0.008888947417246,4.0,5650.0,6000.0,8000.0,
Kerala,Malappuram,Manjeri,Other,Beverages,3.0,4000,7200,5600,2003-05-14,5600.0,0.0,0.0,3.0,5650.0,6000.0,6250.0,
Kerala,Malappuram,Manjeri,Other,Beverages,5.0,4000,7200,5600,2003-05-17,5200.0,-0.0714285714285714,-0.0741079721537218,5.0,5600.0,6000.0,6250.0,
Kerala,Malappuram,Manjeri,Other,Beverages,10.0,3800,6600,5200,2003-05-22,5500.0,0.0576923076923076,0.0560894666510435,2.0,5600.0,6000.0,6500.0,
Kerala,Malappuram,Manjeri,Other,Beverages,8.0,3800,6800,5500,2003-05-24,5300.0,-0.0363636363636363,-0.0370412716803491,4.0,5200.0,5750.0,6000.0,
Kerala,Malappuram,Manjeri,Other,Beverages,2.0,4000,6600,5300,2003-05-28,5300.0,0.0,0.0,3.0,5500.0,5750.0,6000.0,
Kerala,Malappuram,Manjeri,Other,Beverages,3.0,4000,6600,5300,2003-05-31,5770.0,0.0886792452830188,0.0849652599619321,4.0,5300.0,5650.0,6000.0,
Kerala,Malappuram,Manjeri,Other,Beverages,5.0,4000,7500,5770,2003-06-04,5800.0,0.0051993067590987,0.0051858370323654,3.0,5300.0,5650.0,6000.0,
Kerala,Malappuram,Manjeri,Other,Beverages,5.0,4000,7500,5800,2003-06-07,5770.0,-0.0051724137931034,-0.0051858370323654,4.0,5770.0,5600.0,6000.0,
Kerala,Malappuram,Manjeri,Other,Beverages,5.0,4000,7500,5770,2003-06-11,5770.0,0.0,0.0,3.0,5800.0,5600.0,6000.0,
Kerala,Malappuram,Manjeri,Other,Beverages,4.0,4000,7500,5770,2003-06-14,4650.0,-0.194107452339688,-0.2158048609207432,4.0,5770.0,5200.0,6000.0,62500.0
Kerala,Malappuram,Manjeri,Other,Beverages,5.0,4000,7500,4650,2003-06-18,5500.0,0.1827956989247312,0.1678808726391603,3.0,5770.0,5500.0,5750.0,62500.0
Kerala,Malappuram,Manjeri,Other,Beverages,8.0,4000,7500,5500,2003-06-21,5000.0,-0.0909090909090909,-0.0953101798043249,4.0,4650.0,5300.0,5750.0,70000.0
Kerala,Malappuram,Manjeri,Other,Beverages,8.0,5000,5000,5000,2003-06-25,5000.0,0.0,0.0,3.0,5500.0,5300.0,5650.0,70000.0
Kerala,Malappuram,Manjeri,Other,Beverages,6.0,5000,5800,5000,2003-06-28,5000.0,0.0,0.0,7.0,5000.0,5770.0,5650.0,75000.0
Kerala,Malappuram,Manjeri,Other,Beverages,8.0,4200,5800,5000,2003-07-05,7000.0,0.4,0.3364722366212129,7.0,5000.0,5800.0,5600.0,62500.0
Kerala,Malappuram,Manjeri,Other,Beverages,6.0,5000,10000,7000,2003-07-12,5000.0,-0.2857142857142857,-0.3364722366212129,4.0,5000.0,5770.0,5600.0,8000.0
Kerala,Malappuram,Manjeri,Other,Beverages,3.0,4800,6500,5000,2003-07-16,5000.0,0.0,0.0,7.0,7000.0,5770.0,5200.0,6250.0
Kerala,Malappuram,Manjeri,Other,Beverages,6.0,4800,6500,5000,2003-07-23,5300.0,0.06,0.0582689081239758,3.0,5000.0,4650.0,5500.0,6250.0
Kerala,Malappuram,Manjeri,Other,Beverages,8.0,5200,5500,5300,2003-07-26,5500.0,0.0377358490566037,0.037041271680349,4.0,5000.0,5500.0,5300.0,6500.0
Kerala,Malappuram,Manjeri,Other,Beverages,6.0,5000,7500,5500,2003-07-30,5500.0,0.0,0.0,3.0,5300.0,5000.0,5300.0,6000.0
Kerala,Malappuram,Manjeri,Other,Beverages,4.0,3900,7300,5000,2003-08-30,5200.0,0.04,0.0392207131532813,7.0,5500.0,5000.0,5770.0,6000.0
Kerala,Malappuram,Manjeri,Other,Beverages,4.0,4000,7500,5200,2003-09-06,5000.0,-0.0384615384615384,-0.0392207131532812,7.0,5000.0,5000.0,5800.0,6000.0
Kerala,Malappuram,Manjeri,Other,Beverages,4.0,3900,7300,5000,2003-09-13,5000.0,0.0,0.0,4.0,5200.0,7000.0,5770.0,6000.0
Kerala,Malappuram,Manjeri,Other,Beverages,6.0,3800,7200,5000,2003-09-17,4900.0,-0.02,-0.0202027073175194,3.0,5000.0,5000.0,5770.0,6000.0
Kerala,Malappuram,Manjeri,Other,Beverages,4.0,3800,7100,4900,2003-09-20,4900.0,0.0,0.0,4.0,5000.0,5000.0,4650.0,6000.0
Kerala,Malappuram,Manjeri,Other,Beverages,6.0,3800,7100,4900,2003-09-24,4900.0,0.0,0.0,3.0,4900.0,5300.0,5500.0,6000.0
Kerala,Malappuram,Manjeri,Other,Beverages,5.0,3800,7100,4900,2003-09-27,5100.0,0.0408163265306122,0.0400053346136992,4.0,4900.0,5500.0,5000.0,5750.0
Kerala,Malappuram,Manjeri,Other,Beverages,5.0,4000,7200,5100,2003-10-18,5200.0,0.0196078431372549,0.0194180858571015,4.0,4900.0,5000.0,5000.0,5750.0
Kerala,Malappuram,Manjeri,Other,Beverages,6.0,4100,7300,5200,2003-10-22,5200.0,0.0,0.0,3.0,5100.0,5200.0,5000.0,5650.0
Kerala,Malappuram,Manjeri,Other,Beverages,5.0,4100,7300,5200,2003-10-25,5300.0,0.0192307692307692,0.0190481949706944,4.0,5200.0,5000.0,7000.0,5650.0
Kerala,Malappuram,Manjeri,Other,Beverages,7.0,4300,7500,5300,2003-10-29,5500.0,0.0377358490566037,0.037041271680349,3.0,5200.0,5000.0,5000.0,5600.0
Kerala,Malappuram,Manjeri,Other,Beverages,7.0,4300,7500,5500,2003-11-01,5100.0,-0.0727272727272727,-0.0755075525081451,4.0,5300.0,4900.0,5000.0,5600.0
Kerala,Malappuram,Manjeri,Other,Beverages,6.0,4200,7200,5100,2003-11-05,5100.0,0.0,0.0,1.0,5500.0,4900.0,5300.0,5200.0
Kerala,Malappuram,Manjeri,Other,Beverages,6.0,4200,7200,5100,2003-11-06,5100.0,0.0,0.0,6.0,5100.0,4900.0,5500.0,5500.0
Kerala,Malappuram,Manjeri,Other,Beverages,7.0,4200,7200,5100,2003-11-12,5100.0,0.0,0.0,3.0,5100.0,5100.0,5000.0,5300.0
Kerala,Malappuram,Manjeri,Other,Beverages,4.0,4200,7200,5100,2003-11-15,5100.0,0.0,0.0,4.0,5100.0,5200.0,5200.0,5300.0
Kerala,Malappuram,Manjeri,Other,Beverages,6.0,4200,7200,5100,2003-11-19,5100.0,0.0,0.0,3.0,5100.0,5200.0,5000.0,5770.0
Kerala,Malappuram,Manjeri,Other,Beverages,6.0,4200,7200,5100,2003-11-22,5100.0,0.0,0.0,4.0,5100.0,5300.0,5000.0,5800.0
Kerala,Malappuram,Manjeri,Other,Beverages,6.0,4200,7200,5100,2003-11-26,5000.0,-0.0196078431372549,-0.0198026272961797,3.0,5100.0,5500.0,4900.0,5770.0
Kerala,Malappuram,Manjeri,Other,Beverages,5.0,4200,7000,5000,2003-11-29,5000.0,0.0,0.0,4.0,5100.0,5100.0,4900.0,5770.0
Kerala,Malappuram,Manjeri,Other,Beverages,6.0,4200,7000,5000,2003-12-03,5000.0,0.0,0.0,7.0,5000.0,5100.0,4900.0,4650.0
Kerala,Malappuram,Manjeri,Other,Beverages,6.0,4200,7000,5000,2003-12-10,5000.0,0.0,0.0,3.0,5000.0,5100.0,5100.0,5500.0
Kerala,Malappuram,Manjeri,Other,Beverages,6.0,4200,7000,5000,2003-12-13,5000.0,0.0,0.0,4.0,5000.0,5100.0,5200.0,5000.0
Kerala,Malappuram,Manjeri,Other,Beverages,5.0,4400,7200,5000,2003-12-17,5000.0,0.0,0.0,3.0,5000.0,5100.0,5200.0,5000.0
Kerala,Malappuram,Manjeri,Other,Beverages,3.0,4200,7000,5000,2003-12-20,5200.0,0.04,0.0392207131532813,4.0,5000.0,5100.0,5300.0,5000.0
Kerala,Malappuram,Manjeri,Other,Beverages,6.0,4400,7300,5200,2003-12-24,5200.0,0.0,0.0,3.0,5000.0,5100.0,5500.0,7000.0
Kerala,Malappuram,Manjeri,Other,Beverages,4.0,4400,7300,5200,2003-12-27,5200.0,0.0,0.0,4.0,5200.0,5000.0,5100.0,5000.0
Kerala,Malappuram,Manjeri,Other,Beverages,5.0,4500,7300,5200,2003-12-31,5200.0,0.0,0.0,3.0,5200.0,5000.0,5100.0,5000.0
Kerala,Malappuram,Manjeri,Other,Beverages,4.0,4500,7300,5200,2004-01-03,5200.0,0.0,0.0,4.0,5200.0,5000.0,5100.0,5300.0
Kerala,Malappuram,Manjeri,Other,Beverages,6.0,4500,7500,5200,2004-01-07,5200.0,0.0,0.0,3.0,5200.0,5000.0,5100.0,5500.0
Kerala,Malappuram,Manjeri,Other,Beverages,3.0,4500,7500,5200,2004-01-10,5000.0,-0.0384615384615384,-0.0392207131532812,7.0,5200.0,5000.0,5100.0,5000.0
Kerala,Malappuram,Manjeri,Other,Beverages,3.0,4300,7200,5000,2004-01-17,5600.0,0.12,0.1133286853070032,4.0,5200.0,5000.0,5100.0,5200.0
Kerala,Malappuram,Manjeri,Other,Beverages,4.0,4800,8400,5600,2004-01-21,5600.0,0.0,0.0,3.0,5000.0,5200.0,5100.0,5000.0
Kerala,Malappuram,Manjeri,Other,Beverages,3.0,4700,8300,5600,2004-01-24,5700.0,0.0178571428571428,0.0176995770994008,4.0,5600.0,5200.0,5000.0,5000.0
Kerala,Malappuram,Manjeri,Other,Beverages,4.0,4700,8200,5600,2004-02-11,5600.0,0.0,0.0,3.0,5600.0,5200.0,5000.0,4900.0
Kerala,Malappuram,Manjeri,Other,Beverages,3.0,4700,8200,5600,2004-02-14,5600.0,0.0,0.0,4.0,5600.0,5200.0,5000.0,4900.0
Kerala,Malappuram,Manjeri,Other,Beverages,5.0,4700,8200,5600,2004-02-18,5600.0,0.0,0.0,3.0,5600.0,5200.0,5000.0,4900.0
Kerala,Malappuram,Manjeri,Other,Beverages,3.0,4700,8200,5600,2004-02-21,5600.0,0.0,0.0,7.0,5600.0,5200.0,5000.0,5100.0
Kerala,Malappuram,Manjeri,Other,Beverages,4.0,4600,8200,5600,2004-02-28,5900.0,0.0535714285714285,0.0521857531705702,4.0,5600.0,5000.0,5000.0,5200.0
Kerala,Malappuram,Manjeri,Other,Beverages,5.0,4800,8500,5900,2004-03-03,5900.0,0.0,0.0,3.0,5600.0,5600.0,5200.0,5200.0
Kerala,Malappuram,Manjeri,Other,Beverages,4.0,4800,8500,5900,2004-03-06,6000.0,0.0169491525423728,0.0168071183163811,4.0,5900.0,5600.0,5200.0,5300.0
Kerala,Malappuram,Manjeri,Other,Beverages,7.0,5000,8700,6000,2004-03-10,6100.0,0.0166666666666666,0.0165293019512105,7.0,5900.0,5600.0,5200.0,5500.0
Kerala,Malappuram,Manjeri,Other,Beverages,5.0,5200,8700,6100,2004-03-17,6100.0,0.0,0.0,3.0,6000.0,5600.0,5200.0,5100.0
Kerala,Malappuram,Manjeri,Other,Beverages,3.0,5200,8700,6100,2004-03-20,6300.0,0.0327868852459016,0.0322608622182214,7.0,6100.0,5600.0,5200.0,5100.0
Kerala,Malappuram,Manjeri,Other,Beverages,3.0,5400,9000,6300,2004-03-27,6250.0,-0.0079365079365079,-0.0079681696491768,4.0,6100.0,5600.0,5200.0,5100.0
Kerala,Malappuram,Manjeri,Other,Beverages,5.0,5200,9000,6250,2004-03-31,6250.0,0.0,0.0,3.0,6300.0,5600.0,5000.0,5100.0
Kerala,Malappuram,Manjeri,Other,Beverages,4.0,5200,9000,6250,2004-04-03,6400.0,0.024,0.023716526617316,4.0,6250.0,5900.0,5600.0,5100.0
Kerala,Malappuram,Manjeri,Other,Beverages,5.0,5200,9000,6400,2004-04-07,6400.0,0.0,0.0,3.0,6250.0,5900.0,5600.0,5100.0
Kerala,Malappuram,Manjeri,Other,Beverages,5.0,5000,8700,6200,2004-04-21,6300.0,0.0161290322580645,0.0160003413464411,7.0,6400.0,6000.0,5600.0,5100.0
Kerala,Malappuram,Manjeri,Other,Beverages,4.0,4800,8400,5800,2004-05-15,5600.0,-0.0344827586206896,-0.03509131981127,4.0,6200.0,6100.0,5600.0,5000.0
Kerala,Malappuram,Manjeri,Other,Beverages,6.0,4600,8100,5600,2004-05-19,5600.0,0.0,0.0,7.0,5800.0,6100.0,5600.0,5000.0
Kerala,Malappuram,Manjeri,Other,Beverages,7.0,4600,8100,5600,2004-05-26,5600.0,0.0,0.0,3.0,5600.0,6300.0,5600.0,5000.0
Kerala,Malappuram,Manjeri,Other,Beverages,4.0,4600,8100,5600,2004-06-12,5700.0,0.0178571428571428,0.0176995770994008,4.0,5600.0,6250.0,5600.0,5000.0
Kerala,Malappuram,Manjeri,Other,Beverages,6.0,4500,8400,5800,2004-06-30,5800.0,0.0,0.0,7.0,5600.0,6250.0,5900.0,5000.0
Kerala,Malappuram,Manjeri,Other,Beverages,6.0,4600,8500,5800,2004-07-07,6000.0,0.0344827586206896,0.0339015516756814,7.0,5800.0,6400.0,5900.0,5000.0
Kerala,Malappuram,Manjeri,Other,Beverages,6.0,5100,8600,6400,2004-10-06,6400.0,0.0,0.0,3.0,5800.0,6200.0,6000.0,5200.0
Kerala,Malappuram,Manjeri,Other,Beverages,5.0,5100,8600,6400,2004-10-09,6400.0,0.0,0.0,4.0,6400.0,5800.0,6100.0,5200.0
Kerala,Malappuram,Manjeri,Other,Beverages,7.0,5000,8500,6300,2004-11-06,6200.0,-0.0158730158730158,-0.0160003413464411,4.0,6400.0,5600.0,6100.0,5200.0
Kerala,Malappuram,Manjeri,Other,Beverages,7.0,4900,8300,6200,2004-11-10,6200.0,0.0,0.0,3.0,6300.0,5600.0,6300.0,5200.0
Kerala,Malappuram,Manjeri,Other,Beverages,6.0,4900,8300,6200,2004-12-01,6200.0,0.0,0.0,3.0,6200.0,5600.0,6250.0,5200.0
Kerala,Malappuram,Manjeri,Other,Beverages,6.0,4900,8300,6200,2004-12-29,6300.0,0.0161290322580645,0.0160003413464411,7.0,6200.0,5800.0,6250.0,5200.0
Kerala,Malappuram,Manjeri,Other,Beverages,7.0,5000,8500,6300,2005-01-05,6300.0,0.0,0.0,3.0,6200.0,5800.0,6400.0,5000.0
Kerala,Malappuram,Manjeri,Other,Beverages,5.0,5000,8500,6300,2005-01-08,6400.0,0.0158730158730158,0.0157483569681391,4.0,6300.0,6400.0,6200.0,5600.0
Kerala,Malappuram,Manjeri,Other,Beverages,6.0,5000,8700,6400,2005-01-12,6400.0,0.0,0.0,3.0,6300.0,6400.0,5800.0,5600.0
Kerala,Malappuram,Manjeri,Other,Beverages,4.0,5000,8700,6400,2005-01-15,6400.0,0.0,0.0,4.0,6400.0,6300.0,5600.0,5600.0
Kerala,Malappuram,Manjeri,Other,Beverages,7.0,5000,8700,6400,2005-01-19,6400.0,0.0,0.0,3.0,6400.0,6200.0,5600.0,5600.0
Kerala,Malappuram,Manjeri,Other,Beverages,4.0,5000,8700,6400,2005-01-22,6400.0,0.0,0.0,4.0,6400.0,6200.0,5600.0,5600.0
Kerala,Malappuram,Manjeri,Other,Beverages,6.0,5000,8700,6400,2005-01-26,6400.0,0.0,0.0,3.0,6400.0,6200.0,5800.0,5600.0
Kerala,Malappuram,Manjeri,Other,Beverages,5.0,5000,8700,6400,2005-01-29,6200.0,-0.03125,-0.0317486983145803,4.0,6400.0,6300.0,5800.0,5600.0
Kerala,Malappuram,Manjeri,Other,Beverages,7.0,4800,8400,6200,2005-02-02,6200.0,0.0,0.0,3.0,6400.0,6300.0,6400.0,5900.0
Kerala,Malappuram,Manjeri,Other,Beverages,5.0,4800,8400,6200,2005-02-05,6100.0,-0.0161290322580645,-0.0162605208717802,4.0,6200.0,6400.0,6400.0,5900.0
Kerala,Malappuram,Manjeri,Other,Beverages,7.0,4700,8300,6100,2005-02-09,6100.0,0.0,0.0,3.0,6200.0,6400.0,6300.0,6000.0
Kerala,Malappuram,Manjeri,Other,Beverages,5.0,4700,8300,6100,2005-02-12,6100.0,0.0,0.0,4.0,6100.0,6400.0,6200.0,6100.0
Kerala,Malappuram,Manjeri,Other,Beverages,7.0,4700,8300,6100,2005-02-16,6100.0,0.0,0.0,3.0,6100.0,6400.0,6200.0,6100.0
Kerala,Malappuram,Manjeri,Other,Beverages,6.0,4700,8300,6100,2005-02-19,6000.0,-0.0163934426229508,-0.0165293019512105,4.0,6100.0,6400.0,6200.0,6300.0
Kerala,Malappuram,Manjeri,Other,Beverages,6.0,4700,8300,6000,2005-02-23,6100.0,0.0166666666666666,0.0165293019512105,3.0,6100.0,6400.0,6300.0,6250.0
Kerala,Malappuram,Manjeri,Other,Beverages,4.0,4700,8300,6100,2005-02-26,6000.0,-0.0163934426229508,-0.0165293019512105,4.0,6000.0,6200.0,6300.0,6250.0
Kerala,Malappuram,Manjeri,Other,Beverages,7.0,4600,8100,6000,2005-03-02,6000.0,0.0,0.0,3.0,6100.0,6200.0,6400.0,6400.0
Kerala,Malappuram,Manjeri,Other,Beverages,4.0,4600,8100,6000,2005-03-05,6000.0,0.0,0.0,4.0,6000.0,6100.0,6400.0,6200.0
Kerala,Malappuram,Manjeri,Other,Beverages,6.0,4700,8200,6000,2005-03-09,6000.0,0.0,0.0,7.0,6000.0,6100.0,6400.0,5800.0
Kerala,Malappuram,Manjeri,Other,Beverages,7.0,4700,8200,6000,2005-03-16,6000.0,0.0,0.0,3.0,6000.0,6100.0,6400.0,5600.0
Kerala,Malappuram,Manjeri,Other,Beverages,4.0,4700,8200,6000,2005-03-19,6000.0,0.0,0.0,4.0,6000.0,6100.0,6400.0,5600.0
Kerala,Malappuram,Manjeri,Other,Beverages,7.0,4700,8200,6000,2005-03-23,6000.0,0.0,0.0,3.0,6000.0,6000.0,6400.0,5600.0
Kerala,Malappuram,Manjeri,Other,Beverages,3.0,4700,8200,6000,2005-03-26,6000.0,0.0,0.0,7.0,6000.0,6100.0,6200.0,5800.0
Kerala,Malappuram,Manjeri,Other,Beverages,3.0,4600,8000,6000,2005-04-02,6000.0,0.0,0.0,4.0,6000.0,6000.0,6200.0,5800.0
Kerala,Malappuram,Manjeri,Other,Beverages,8.0,4700,8000,6000,2005-04-06,6100.0,0.0166666666666666,0.0165293019512105,7.0,6000.0,6000.0,6100.0,6400.0
Kerala,Malappuram,Manjeri,Other,Beverages,7.0,4700,8300,6100,2005-04-13,6100.0,0.0,0.0,3.0,6000.0,6000.0,6100.0,6400.0
Kerala,Malappuram,Manjeri,Other,Beverages,5.0,4700,8300,6100,2005-04-16,6100.0,0.0,0.0,4.0,6100.0,6000.0,6100.0,6300.0
Kerala,Malappuram,Manjeri,Other,Beverages,8.0,4700,8300,6100,2005-04-20,6100.0,0.0,0.0,3.0,6100.0,6000.0,6100.0,6200.0
Kerala,Malappuram,Manjeri,Other,Beverages,5.0,4700,8300,6100,2005-04-23,5900.0,-0.0327868852459016,-0.0333364202675918,4.0,6100.0,6000.0,6000.0,6200.0
Kerala,Malappuram,Manjeri,Other,Beverages,5.0,4500,8000,5900,2005-05-07,5900.0,0.0,0.0,4.0,6100.0,6000.0,6100.0,6200.0
Kerala,Malappuram,Manjeri,Other,Beverages,8.0,4500,7900,5900,2005-05-11,5900.0,0.0,0.0,3.0,5900.0,6000.0,6000.0,6300.0
Kerala,Malappuram,Manjeri,Other,Beverages,5.0,4500,7900,5900,2005-05-14,5800.0,-0.0169491525423728,-0.0170944333593,4.0,5900.0,6000.0,6000.0,6300.0
Kerala,Malappuram,Manjeri,Other,Beverages,8.0,4500,7800,5800,2005-05-18,5800.0,0.0,0.0,3.0,5900.0,6100.0,6000.0,6400.0
Kerala,Malappuram,Manjeri,Other,Beverages,5.0,4500,7800,5800,2005-05-21,5800.0,0.0,0.0,4.0,5800.0,6100.0,6000.0,6400.0
Kerala,Malappuram,Manjeri,Other,Beverages,9.0,4500,7800,5800,2005-05-25,6000.0,0.0344827586206896,0.0339015516756814,3.0,5800.0,6100.0,6000.0,6400.0
Kerala,Malappuram,Manjeri,Other,Beverages,6.0,4500,7900,6000,2005-05-28,6100.0,0.0166666666666666,0.0165293019512105,4.0,5800.0,6100.0,6000.0,6400.0
Kerala,Malappuram,Manjeri,Other,Beverages,7.0,4600,8000,6100,2005-06-01,6100.0,0.0,0.0,3.0,6000.0,5900.0,6000.0,6400.0
Kerala,Malappuram,Manjeri,Other,Beverages,5.0,4600,8000,6100,2005-06-04,6100.0,0.0,0.0,4.0,6100.0,5900.0,6000.0,6400.0
Kerala,Malappuram,Manjeri,Other,Beverages,8.0,4600,8000,6100,2005-06-08,6100.0,0.0,0.0,3.0,6100.0,5900.0,6000.0,6200.0
Kerala,Malappuram,Manjeri,Other,Beverages,5.0,4600,8000,6100,2005-06-11,6200.0,0.0163934426229508,0.0162605208717803,4.0,6100.0,5800.0,6100.0,6200.0
Kerala,Malappuram,Manjeri,Other,Beverages,8.0,4700,8200,6200,2005-06-15,6200.0,0.0,0.0,3.0,6100.0,5800.0,6100.0,6100.0
Kerala,Malappuram,Manjeri,Other,Beverages,5.0,4700,8200,6200,2005-06-18,6200.0,0.0,0.0,7.0,6200.0,5800.0,6100.0,6100.0
Kerala,Malappuram,Manjeri,Other,Beverages,5.0,4700,8200,6200,2005-06-25,6200.0,0.0,0.0,7.0,6200.0,6000.0,6100.0,6100.0
Kerala,Malappuram,Manjeri,Other,Beverages,4.0,4700,8200,6200,2005-07-02,6400.0,0.032258064516129,0.0317486983145802,4.0,6200.0,6100.0,5900.0,6100.0
Kerala,Malappuram,Manjeri,Other,Beverages,8.0,4600,8500,6400,2005-07-06,6400.0,0.0,0.0,3.0,6200.0,6100.0,5900.0,6000.0
Kerala,Malappuram,Manjeri,Other,Beverages,5.0,4600,8500,6400,2005-07-09,6400.0,0.0,0.0,4.0,6400.0,6100.0,5900.0,6100.0
Kerala,Malappuram,Manjeri,Other,Beverages,8.0,4600,8500,6400,2005-07-13,6400.0,0.0,0.0,3.0,6400.0,6100.0,5800.0,6000.0
Kerala,Malappuram,Manjeri,Other,Beverages,5.0,4600,8500,6400,2005-07-16,6800.0,0.0625,0.0606246218164348,4.0,6400.0,6200.0,5800.0,6000.0
Kerala,Malappuram,Manjeri,Other,Beverages,8.0,4800,9100,6800,2005-07-20,6800.0,0.0,0.0,3.0,6400.0,6200.0,5800.0,6000.0
Kerala,Malappuram,Manjeri,Other,Beverages,5.0,4800,9100,6800,2005-07-23,7100.0,0.0441176470588235,0.0431721718652087,4.0,6800.0,6200.0,6000.0,6000.0
Kerala,Malappuram,Manjeri,Other,Beverages,8.0,5000,9500,7100,2005-07-27,7100.0,0.0,0.0,3.0,6800.0,6200.0,6100.0,6000.0
Kerala,Malappuram,Manjeri,Other,Beverages,5.0,5000,9500,7100,2005-07-30,7000.0,-0.0140845070422535,-0.0141846349919564,4.0,7100.0,6400.0,6100.0,6000.0
Kerala,Malappuram,Manjeri,Other,Beverages,6.0,5000,9300,7000,2005-08-03,7000.0,0.0,0.0,3.0,7100.0,6400.0,6100.0,6000.0
Kerala,Malappuram,Manjeri,Other,Beverages,6.0,5000,9300,7000,2005-08-06,7000.0,0.0,0.0,4.0,7000.0,6400.0,6100.0,6000.0
Kerala,Malappuram,Manjeri,Other,Beverages,8.0,5000,9300,7000,2005-08-10,7000.0,0.0,0.0,3.0,7000.0,6400.0,6200.0,6000.0
Kerala,Malappuram,Manjeri,Other,Beverages,5.0,5000,9300,7000,2005-08-13,7000.0,0.0,0.0,4.0,7000.0,6800.0,6200.0,6100.0
Kerala,Malappuram,Manjeri,Other,Beverages,7.0,5000,9300,7000,2005-08-17,7000.0,0.0,0.0,3.0,7000.0,6800.0,6200.0,6100.0
Kerala,Malappuram,Manjeri,Other,Beverages,4.0,5000,9300,7000,2005-08-20,7300.0,0.0428571428571428,0.0419641990990322,4.0,7000.0,7100.0,6200.0,6100.0
Kerala,Malappuram,Manjeri,Other,Beverages,7.0,5200,9700,7300,2005-08-24,7300.0,0.0,0.0,3.0,7000.0,7100.0,6400.0,6100.0
Kerala,Malappuram,Manjeri,Other,Beverages,4.0,5200,9700,7300,2005-08-27,7300.0,0.0,0.0,4.0,7300.0,7000.0,6400.0,5900.0
Kerala,Malappuram,Manjeri,Other,Beverages,7.0,5200,9700,7300,2005-08-31,7300.0,0.0,0.0,3.0,7300.0,7000.0,6400.0,5900.0
Kerala,Malappuram,Manjeri,Other,Beverages,5.0,5200,9700,7300,2005-09-03,7300.0,0.0,0.0,4.0,7300.0,7000.0,6400.0,5900.0
Kerala,Malappuram,Manjeri,Other,Beverages,7.0,5200,9700,7300,2005-09-07,7300.0,0.0,0.0,3.0,7300.0,7000.0,6800.0,5800.0
Kerala,Malappuram,Manjeri,Other,Beverages,5.0,5200,9700,7300,2005-09-10,7400.0,0.0136986301369863,0.0136056520557786,4.0,7300.0,7000.0,6800.0,5800.0
Kerala,Malappuram,Manjeri,Other,Beverages,8.0,5200,9800,7400,2005-09-14,7400.0,0.0,0.0,7.0,7300.0,7000.0,7100.0,5800.0
Kerala,Malappuram,Manjeri,Other,Beverages,7.0,5200,9800,7400,2005-09-21,7400.0,0.0,0.0,3.0,7400.0,7300.0,7100.0,6000.0
Kerala,Malappuram,Manjeri,Other,Beverages,5.0,5200,9800,7400,2005-09-24,7000.0,-0.054054054054054,-0.0555698511548107,4.0,7400.0,7300.0,7000.0,6100.0
Kerala,Malappuram,Manjeri,Other,Beverages,8.0,4800,9300,7000,2005-09-28,7000.0,0.0,0.0,3.0,7400.0,7300.0,7000.0,6100.0
Kerala,Malappuram,Manjeri,Other,Beverages,6.0,4800,9300,7000,2005-10-01,6900.0,-0.0142857142857142,-0.0143887374520995,4.0,7000.0,7300.0,7000.0,6100.0
Kerala,Malappuram,Manjeri,Other,Beverages,12.0,4700,9100,6900,2005-10-05,6900.0,0.0,0.0,7.0,7000.0,7300.0,7000.0,6100.0
Kerala,Malappuram,Manjeri,Other,Beverages,8.0,4700,9100,6900,2005-10-12,6900.0,0.0,0.0,3.0,6900.0,7300.0,7000.0,6200.0
Kerala,Malappuram,Manjeri,Other,Beverages,8.0,4700,9100,6900,2005-10-15,6900.0,0.0,0.0,4.0,6900.0,7400.0,7000.0,6200.0
Kerala,Malappuram,Manjeri,Other,Beverages,7.0,4700,9100,6900,2005-10-19,6900.0,0.0,0.0,3.0,6900.0,7400.0,7300.0,6200.0
Kerala,Malappuram,Manjeri,Other,Beverages,5.0,4700,9100,6900,2005-10-22,6900.0,0.0,0.0,4.0,6900.0,7400.0,7300.0,6200.0
Kerala,Malappuram,Manjeri,Other,Beverages,10.0,4700,9100,6900,2005-10-26,6900.0,0.0,0.0,3.0,6900.0,7000.0,7300.0,6400.0
Kerala,Malappuram,Manjeri,Other,Beverages,8.0,4700,9100,6900,2005-10-29,6700.0,-0.0289855072463768,-0.0294138852062933,4.0,6900.0,7000.0,7300.0,6400.0
Kerala,Malappuram,Manjeri,Other,Beverages,8.0,4600,8900,6700,2005-11-02,6700.0,0.0,0.0,3.0,6900.0,6900.0,7300.0,6400.0
Kerala,Malappuram,Manjeri,Other,Beverages,6.0,4600,8900,6700,2005-11-05,6700.0,0.0,0.0,4.0,6700.0,6900.0,7300.0,6400.0
Kerala,Malappuram,Manjeri,Other,Beverages,8.0,4300,8600,6700,2005-11-09,6600.0,-0.0149253731343283,-0.0150378773645405,3.0,6700.0,6900.0,7400.0,6800.0
Kerala,Malappuram,Manjeri,Other,Beverages,6.0,4200,8500,6600,2005-11-12,6500.0,-0.0151515151515151,-0.0152674721307884,4.0,6700.0,6900.0,7400.0,6800.0
Kerala,Malappuram,Manjeri,Other,Beverages,8.0,4100,8400,6500,2005-11-16,6500.0,0.0,0.0,3.0,6600.0,6900.0,7400.0,7100.0
Kerala,Malappuram,Manjeri,Other,Beverages,6.0,4100,8400,6500,2005-11-19,6500.0,0.0,0.0,4.0,6500.0,6900.0,7000.0,7100.0
Kerala,Malappuram,Manjeri,Other,Beverages,8.0,4000,8500,6500,2005-11-23,6500.0,0.0,0.0,3.0,6500.0,6900.0,7000.0,7000.0
Kerala,Malappuram,Manjeri,Other,Beverages,6.0,4000,8500,6500,2005-11-26,6500.0,0.0,0.0,7.0,6500.0,6700.0,6900.0,7000.0
Kerala,Malappuram,Manjeri,Other,Beverages,4.0,4000,8500,6500,2005-12-03,6800.0,0.0461538461538461,0.0451204352804696,4.0,6500.0,6700.0,6900.0,7000.0
Kerala,Malappuram,Manjeri,Other,Beverages,6.0,4200,8800,6800,2005-12-07,6800.0,0.0,0.0,3.0,6500.0,6700.0,6900.0,7000.0
Kerala,Malappuram,Manjeri,Other,Beverages,4.0,4200,8800,6800,2005-12-10,6800.0,0.0,0.0,4.0,6800.0,6600.0,6900.0,7000.0
Kerala,Malappuram,Manjeri,Other,Beverages,7.0,4200,8800,6800,2005-12-14,6800.0,0.0,0.0,3.0,6800.0,6500.0,6900.0,7000.0
Kerala,Malappuram,Manjeri,Other,Beverages,4.0,4300,8900,6800,2005-12-17,6800.0,0.0,0.0,4.0,6800.0,6500.0,6900.0,7300.0
Kerala,Malappuram,Manjeri,Other,Beverages,8.0,4300,8900,6800,2005-12-21,6800.0,0.0,0.0,3.0,6800.0,6500.0,6900.0,7300.0
Kerala,Malappuram,Manjeri,Other,Beverages,4.0,4300,8900,6800,2005-12-24,6800.0,0.0,0.0,4.0,6800.0,6500.0,6700.0,7300.0
Kerala,Malappuram,Manjeri,Other,Beverages,7.0,4300,8900,6800,2005-12-28,6800.0,0.0,0.0,3.0,6800.0,6500.0,6700.0,7300.0
Kerala,Malappuram,Manjeri,Other,Beverages,4.0,4300,8900,6800,2005-12-31,6700.0,-0.0147058823529411,-0.0148150857851405,4.0,6800.0,6800.0,6700.0,7300.0
Kerala,Malappuram,Manjeri,Other,Beverages,7.0,4200,8800,6700,2006-01-04,6700.0,0.0,0.0,3.0,6800.0,6800.0,6600.0,7300.0
Kerala,Malappuram,Manjeri,Other,Beverages,5.0,4200,8800,6700,2006-01-07,6700.0,0.0,0.0,4.0,6700.0,6800.0,6500.0,7400.0
Kerala,Malappuram,Manjeri,Other,Beverages,5.0,4200,8800,6700,2006-01-11,6700.0,0.0,0.0,3.0,6700.0,6800.0,6500.0,7400.0
Kerala,Malappuram,Manjeri,Other,Beverages,4.0,4200,8800,6700,2006-01-14,6500.0,-0.0298507462686567,-0.0303053494953289,4.0,6700.0,6800.0,6500.0,7400.0
Kerala,Malappuram,Manjeri,Other,Beverages,8.0,4400,8500,6500,2006-01-18,6500.0,0.0,0.0,3.0,6700.0,6800.0,6500.0,7000.0
Kerala,Malappuram,Manjeri,Other,Beverages,5.0,4400,8500,6500,2006-01-21,6500.0,0.0,0.0,4.0,6500.0,6800.0,6500.0,7000.0
Kerala,Malappuram,Manjeri,Other,Beverages,12.0,4400,8500,6500,2006-01-25,6500.0,0.0,0.0,3.0,6500.0,6800.0,6800.0,6900.0
Kerala,Malappuram,Manjeri,Other,Beverages,5.0,4400,8500,6500,2006-01-28,6300.0,-0.0307692307692307,-0.0312525435041044,4.0,6500.0,6700.0,6800.0,6900.0
Kerala,Malappuram,Manjeri,Other,Beverages,8.0,4300,8300,6300,2006-02-01,6300.0,0.0,0.0,3.0,6500.0,6700.0,6800.0,6900.0
Kerala,Malappuram,Manjeri,Other,Beverages,5.0,4300,8300,6300,2006-02-04,6600.0,0.0476190476190476,0.0465200156348929,4.0,6300.0,6700.0,6800.0,6900.0
Kerala,Malappuram,Manjeri,Other,Beverages,8.0,4500,8600,6600,2006-02-08,6600.0,0.0,0.0,3.0,6300.0,6700.0,6800.0,6900.0
Kerala,Malappuram,Manjeri,Other,Beverages,5.0,4500,8600,6600,2006-02-11,6800.0,0.0303030303030303,0.0298529631496811,4.0,6600.0,6500.0,6800.0,6900.0
Kerala,Malappuram,Manjeri,Other,Beverages,8.0,4800,8800,6800,2006-02-15,6800.0,0.0,0.0,3.0,6600.0,6500.0,6800.0,6900.0
Kerala,Malappuram,Manjeri,Other,Beverages,5.0,4800,8800,6800,2006-02-18,7100.0,0.0441176470588235,0.0431721718652087,4.0,6800.0,6500.0,6800.0,6700.0
Kerala,Malappuram,Manjeri,Other,Beverages,7.0,5100,9200,7100,2006-02-22,7100.0,0.0,0.0,3.0,6800.0,6500.0,6700.0,6700.0
Kerala,Malappuram,Manjeri,Other,Beverages,5.0,5100,9200,7100,2006-02-25,6900.0,-0.028169014084507,-0.028573372444056,4.0,7100.0,6300.0,6700.0,6700.0
Kerala,Malappuram,Manjeri,Other,Beverages,8.0,5000,8900,6900,2006-03-01,6900.0,0.0,0.0,3.0,7100.0,6300.0,6700.0,6600.0
Kerala,Malappuram,Manjeri,Other,Beverages,5.0,5000,8900,6900,2006-03-04,6600.0,-0.0434782608695652,-0.0444517625708338,4.0,6900.0,6600.0,6700.0,6500.0
Kerala,Malappuram,Manjeri,Other,Beverages,7.0,4800,8500,6600,2006-03-08,6600.0,0.0,0.0,3.0,6900.0,6600.0,6500.0,6500.0
Kerala,Malappuram,Manjeri,Other,Beverages,4.0,4800,8500,6600,2006-03-11,6600.0,0.0,0.0,4.0,6600.0,6800.0,6500.0,6500.0
Kerala,Malappuram,Manjeri,Other,Beverages,7.0,5000,8500,6600,2006-03-15,6600.0,0.0,0.0,3.0,6600.0,6800.0,6500.0,6500.0
Kerala,Malappuram,Manjeri,Other,Beverages,4.0,5000,8500,6600,2006-03-18,6600.0,0.0,0.0,7.0,6600.0,7100.0,6500.0,6500.0
Kerala,Malappuram,Manjeri,Other,Beverages,4.0,5000,8700,6600,2006-03-25,6700.0,0.0151515151515151,0.0150378773645405,7.0,6600.0,7100.0,6300.0,6800.0
Kerala,Malappuram,Manjeri,Other,Beverages,4.0,5100,8800,6700,2006-04-01,6800.0,0.0149253731343283,0.0148150857851406,4.0,6600.0,6900.0,6300.0,6800.0
Kerala,Malappuram,Manjeri,Other,Beverages,7.0,5100,9000,6800,2006-04-05,6800.0,0.0,0.0,3.0,6700.0,6900.0,6600.0,6800.0
Kerala,Malappuram,Manjeri,Other,Beverages,5.0,5100,9000,6800,2006-04-08,6800.0,0.0,0.0,4.0,6800.0,6600.0,6600.0,6800.0
Kerala,Malappuram,Manjeri,Other,Beverages,3.0,5100,9000,6800,2006-04-12,6800.0,0.0,0.0,3.0,6800.0,6600.0,6800.0,6800.0
Kerala,Malappuram,Manjeri,Other,Beverages,3.0,5100,9000,6800,2006-04-15,6500.0,-0.0441176470588235,-0.0451204352804695,4.0,6800.0,6600.0,6800.0,6800.0
Kerala,Malappuram,Manjeri,Other,Beverages,6.0,5000,8600,6500,2006-04-19,6500.0,0.0,0.0,3.0,6800.0,6600.0,7100.0,6800.0
Kerala,Malappuram,Manjeri,Other,Beverages,4.0,5000,8600,6500,2006-04-22,6500.0,0.0,0.0,4.0,6500.0,6600.0,7100.0,6800.0
Kerala,Malappuram,Manjeri,Other,Beverages,7.0,5000,8600,6500,2006-04-26,6500.0,0.0,0.0,1.0,6500.0,6700.0,6900.0,6700.0
Kerala,Malappuram,Manjeri,Other,Beverages,0.5,5000,9000,6500,2006-04-27,6500.0,0.0,0.0,2.0,6500.0,6800.0,6900.0,6700.0
Kerala,Malappuram,Manjeri,Other,Beverages,3.0,5000,8600,6500,2006-04-29,6500.0,0.0,0.0,7.0,6500.0,6800.0,6600.0,6700.0
Kerala,Malappuram,Manjeri,Other,Beverages,4.0,5000,8600,6500,2006-05-06,6600.0,0.0153846153846153,0.0152674721307883,4.0,6500.0,6800.0,6600.0,6700.0
Kerala,Malappuram,Manjeri,Other,Beverages,4.0,5500,8300,6500,2006-05-20,6400.0,-0.0153846153846153,-0.0155041865359651,4.0,6500.0,6800.0,6600.0,6500.0
Kerala,Malappuram,Manjeri,Other,Beverages,7.0,5400,8200,6400,2006-05-24,6400.0,0.0,0.0,3.0,6500.0,6500.0,6600.0,6500.0
Kerala,Malappuram,Manjeri,Other,Beverages,4.0,5400,8200,6400,2006-05-27,6500.0,0.015625,0.0155041865359652,4.0,6400.0,6500.0,6600.0,6500.0
Kerala,Malappuram,Manjeri,Other,Beverages,6.0,5200,8500,6500,2006-05-31,6500.0,0.0,0.0,3.0,6400.0,6500.0,6700.0,6500.0
Kerala,Malappuram,Manjeri,Other,Beverages,4.0,5200,8500,6500,2006-06-03,6500.0,0.0,0.0,4.0,6500.0,6500.0,6800.0,6300.0
Kerala,Malappuram,Manjeri,Other,Beverages,6.0,5200,8500,6500,2006-06-07,6500.0,0.0,0.0,3.0,6500.0,6500.0,6800.0,6300.0
Kerala,Malappuram,Manjeri,Other,Beverages,4.0,5200,8500,6500,2006-06-10,6500.0,0.0,0.0,7.0,6500.0,6500.0,6800.0,6600.0
Kerala,Malappuram,Manjeri,Other,Beverages,5.0,5200,8500,6500,2006-06-17,6700.0,0.0307692307692307,0.0303053494953288,4.0,6500.0,6500.0,6800.0,6600.0
Kerala,Malappuram,Manjeri,Other,Beverages,7.0,5300,8700,6700,2006-06-21,6700.0,0.0,0.0,3.0,6500.0,6400.0,6500.0,6800.0
Kerala,Malappuram,Manjeri,Other,Beverages,4.0,5300,8700,6700,2006-06-24,6700.0,0.0,0.0,4.0,6700.0,6400.0,6500.0,6800.0
Kerala,Malappuram,Manjeri,Other,Beverages,7.0,5600,8800,7000,2006-07-12,7000.0,0.0,0.0,3.0,6700.0,6500.0,6500.0,7100.0
Kerala,Malappuram,Manjeri,Other,Beverages,5.0,5600,8500,7000,2006-07-15,6500.0,-0.0714285714285714,-0.0741079721537218,4.0,7000.0,6500.0,6500.0,7100.0
Kerala,Malappuram,Manjeri,Other,Beverages,7.0,6450,6550,6500,2006-07-19,7000.0,0.0769230769230769,0.0741079721537218,7.0,7000.0,6500.0,6500.0,6900.0
Kerala,Malappuram,Manjeri,Other,Beverages,7.0,5400,8500,7000,2006-07-26,7000.0,0.0,0.0,7.0,6500.0,6500.0,6500.0,6900.0
Kerala,Malappuram,Manjeri,Other,Beverages,6.0,5400,8500,7000,2006-08-02,7000.0,0.0,0.0,7.0,7000.0,6500.0,6500.0,6600.0
Kerala,Malappuram,Manjeri,Other,Beverages,7.0,5600,8500,7000,2006-08-09,7000.0,0.0,0.0,3.0,7000.0,6700.0,6400.0,6600.0
Kerala,Malappuram,Manjeri,Other,Beverages,5.0,5600,8500,7000,2006-08-12,7000.0,0.0,0.0,4.0,7000.0,6700.0,6400.0,6600.0
Kerala,Malappuram,Manjeri,Other,Beverages,8.0,5600,8500,7000,2006-08-16,7000.0,0.0,0.0,3.0,7000.0,7000.0,6500.0,6600.0
Kerala,Malappuram,Manjeri,Other,Beverages,5.0,5600,8500,7000,2006-08-19,7200.0,0.0285714285714285,0.0281708769666962,4.0,7000.0,7000.0,6500.0,6600.0
Kerala,Malappuram,Manjeri,Other,Beverages,7.0,5800,8800,7200,2006-08-23,7200.0,0.0,0.0,3.0,7000.0,6500.0,6500.0,6700.0
Kerala,Malappuram,Manjeri,Other,Beverages,5.0,5800,8800,7200,2006-08-26,7300.0,0.0138888888888888,0.0137933221323357,4.0,7200.0,7000.0,6500.0,6800.0
Kerala,Malappuram,Manjeri,Other,Beverages,7.0,6000,9000,7300,2006-08-30,7300.0,0.0,0.0,3.0,7200.0,7000.0,6500.0,6800.0
Kerala,Malappuram,Manjeri,Other,Beverages,5.0,6000,9000,7300,2006-09-02,7300.0,0.0,0.0,7.0,7300.0,7000.0,6700.0,6800.0
Kerala,Malappuram,Manjeri,Other,Beverages,5.0,6000,9000,7300,2006-09-09,7100.0,-0.0273972602739726,-0.0277795641070757,4.0,7300.0,7000.0,6700.0,6800.0
Kerala,Malappuram,Manjeri,Other,Beverages,8.0,5800,8700,7100,2006-09-13,7100.0,0.0,0.0,3.0,7300.0,7000.0,7000.0,6500.0
Kerala,Malappuram,Manjeri,Other,Beverages,6.0,5800,8700,7100,2006-09-16,7100.0,0.0,0.0,4.0,7100.0,7000.0,7000.0,6500.0
Kerala,Malappuram,Manjeri,Other,Beverages,7.0,5800,8700,7100,2006-09-20,7100.0,0.0,0.0,3.0,7100.0,7200.0,6500.0,6500.0
Kerala,Malappuram,Manjeri,Other,Beverages,6.0,5800,8700,7100,2006-09-23,7000.0,-0.0140845070422535,-0.0141846349919564,4.0,7100.0,7200.0,7000.0,6500.0
Kerala,Malappuram,Manjeri,Other,Beverages,10.0,5700,8600,7000,2006-09-27,7000.0,0.0,0.0,3.0,7100.0,7300.0,7000.0,6500.0
Kerala,Malappuram,Manjeri,Other,Beverages,6.0,5700,8600,7000,2006-09-30,6800.0,-0.0285714285714285,-0.0289875368732522,4.0,7000.0,7300.0,7000.0,6500.0
Kerala,Malappuram,Manjeri,Other,Beverages,8.0,5600,8400,6800,2006-10-04,6800.0,0.0,0.0,3.0,7000.0,7300.0,7000.0,6500.0
Kerala,Malappuram,Manjeri,Other,Beverages,6.0,5600,8400,6800,2006-10-07,6700.0,-0.0147058823529411,-0.0148150857851405,4.0,6800.0,7100.0,7000.0,6400.0
Kerala,Malappuram,Manjeri,Other,Beverages,10.0,5600,8300,6700,2006-10-11,6700.0,0.0,0.0,3.0,6800.0,7100.0,7000.0,6400.0
Kerala,Malappuram,Manjeri,Other,Beverages,6.0,5600,8300,6700,2006-10-14,6700.0,0.0,0.0,4.0,6700.0,7100.0,7200.0,6500.0
Kerala,Malappuram,Manjeri,Other,Beverages,8.0,5700,8450,6700,2006-10-18,6700.0,0.0,0.0,3.0,6700.0,7100.0,7200.0,6500.0
Kerala,Malappuram,Manjeri,Other,Beverages,5.0,5700,8500,6700,2006-10-21,6700.0,0.0,0.0,7.0,6700.0,7000.0,7300.0,6500.0
Kerala,Malappuram,Manjeri,Other,Beverages,4.0,5700,8500,6700,2006-10-28,6700.0,0.0,0.0,4.0,6700.0,7000.0,7300.0,6500.0
Kerala,Malappuram,Manjeri,Other,Beverages,3.0,5700,8500,6700,2006-11-01,6700.0,0.0,0.0,3.0,6700.0,6800.0,7300.0,6500.0
Kerala,Malappuram,Manjeri,Other,Beverages,5.0,5700,8500,6700,2006-11-04,6700.0,0.0,0.0,4.0,6700.0,6800.0,7100.0,6700.0
Kerala,Malappuram,Manjeri,Other,Beverages,6.0,5700,8500,6700,2006-11-08,6700.0,0.0,0.0,3.0,6700.0,6700.0,7100.0,6700.0
Kerala,Malappuram,Manjeri,Other,Beverages,4.0,5700,8500,6700,2006-11-11,6700.0,0.0,0.0,4.0,6700.0,6700.0,7100.0,7000.0
Kerala,Malappuram,Manjeri,Other,Beverages,7.0,5700,8400,6700,2006-11-15,6700.0,0.0,0.0,7.0,6700.0,6700.0,7100.0,7000.0
Kerala,Malappuram,Manjeri,Other,Beverages,8.0,5700,8400,6700,2006-11-22,6700.0,0.0,0.0,3.0,6700.0,6700.0,7000.0,6500.0
Kerala,Malappuram,Manjeri,Other,Beverages,5.0,5700,8400,6700,2006-11-25,6900.0,0.0298507462686567,0.0294138852062934,7.0,6700.0,6700.0,7000.0,7000.0
Kerala,Malappuram,Manjeri,Other,Beverages,4.0,5800,8600,6900,2006-12-02,7100.0,0.0289855072463768,0.0285733724440559,4.0,6700.0,6700.0,6800.0,7000.0
Kerala,Malappuram,Manjeri,Other,Beverages,7.0,6000,8800,7100,2006-12-06,7100.0,0.0,0.0,3.0,6900.0,6700.0,6800.0,7000.0
Kerala,Malappuram,Manjeri,Other,Beverages,4.0,6000,8800,7100,2006-12-09,7300.0,0.028169014084507,0.0277795641070756,4.0,7100.0,6700.0,6700.0,7000.0
Kerala,Malappuram,Manjeri,Other,Beverages,8.0,6000,9000,7300,2006-12-13,7300.0,0.0,0.0,3.0,7100.0,6700.0,6700.0,7000.0
Kerala,Malappuram,Manjeri,Other,Beverages,4.0,6000,9000,7300,2006-12-16,7300.0,0.0,0.0,4.0,7300.0,6700.0,6700.0,7000.0
Kerala,Malappuram,Manjeri,Other,Beverages,7.0,6000,9000,7300,2006-12-20,7300.0,0.0,0.0,3.0,7300.0,6700.0,6700.0,7200.0
Kerala,Malappuram,Manjeri,Other,Beverages,4.0,6000,9000,7300,2006-12-23,7300.0,0.0,0.0,4.0,7300.0,6700.0,6700.0,7200.0
Kerala,Malappuram,Manjeri,Other,Beverages,8.0,6000,9000,7300,2006-12-27,7300.0,0.0,0.0,3.0,7300.0,6900.0,6700.0,7300.0
Kerala,Malappuram,Manjeri,Other,Beverages,4.0,6000,9000,7300,2006-12-30,7300.0,0.0,0.0,7.0,7300.0,7100.0,6700.0,7300.0
Kerala,Malappuram,Manjeri,Other,Beverages,4.0,6000,9000,7300,2007-01-06,7300.0,0.0,0.0,4.0,7300.0,7100.0,6700.0,7300.0
Kerala,Malappuram,Manjeri,Other,Beverages,8.0,6000,9000,7300,2007-01-10,7300.0,0.0,0.0,3.0,7300.0,7300.0,6700.0,7100.0
Kerala,Malappuram,Manjeri,Other,Beverages,5.0,6000,9000,7300,2007-01-13,7500.0,0.0273972602739726,0.0270286723879194,4.0,7300.0,7300.0,6700.0,7100.0
Kerala,Malappuram,Manjeri,Other,Beverages,7.0,6100,9200,7500,2007-01-17,7500.0,0.0,0.0,3.0,7300.0,7300.0,6700.0,7100.0
Kerala,Malappuram,Manjeri,Other,Beverages,4.0,6100,9200,7500,2007-01-20,7700.0,0.0266666666666666,0.0263173083173733,4.0,7500.0,7300.0,6700.0,7100.0
Kerala,Malappuram,Manjeri,Other,Beverages,7.0,6200,9400,7700,2007-01-24,7700.0,0.0,0.0,3.0,7500.0,7300.0,6900.0,7000.0
Kerala,Malappuram,Manjeri,Other,Beverages,4.0,6200,9400,7700,2007-01-27,7500.0,-0.0259740259740259,-0.0263173083173734,4.0,7700.0,7300.0,7100.0,7000.0
Kerala,Malappuram,Manjeri,Other,Beverages,8.0,6000,9200,7500,2007-01-31,7500.0,0.0,0.0,3.0,7700.0,7300.0,7100.0,6800.0
Kerala,Malappuram,Manjeri,Other,Beverages,4.0,6000,9200,7500,2007-02-03,7500.0,0.0,0.0,4.0,7500.0,7300.0,7300.0,6800.0
Kerala,Malappuram,Manjeri,Other,Beverages,6.0,6000,9200,7500,2007-02-07,7500.0,0.0,0.0,3.0,7500.0,7300.0,7300.0,6700.0
Kerala,Malappuram,Manjeri,Other,Beverages,4.0,6000,9200,7500,2007-02-10,7700.0,0.0266666666666666,0.0263173083173733,4.0,7500.0,7500.0,7300.0,6700.0
Kerala,Malappuram,Manjeri,Other,Beverages,7.0,6100,9300,7700,2007-02-14,7700.0,0.0,0.0,3.0,7500.0,7500.0,7300.0,6700.0
Kerala,Malappuram,Manjeri,Other,Beverages,5.0,6100,9300,7700,2007-02-17,7700.0,0.0,0.0,4.0,7700.0,7700.0,7300.0,6700.0
Kerala,Malappuram,Manjeri,Other,Beverages,7.0,6100,9300,7700,2007-02-21,7700.0,0.0,0.0,3.0,7700.0,7700.0,7300.0,6700.0
Kerala,Malappuram,Manjeri,Other,Beverages,4.0,6100,9300,7700,2007-02-24,7700.0,0.0,0.0,4.0,7700.0,7500.0,7300.0,6700.0
Kerala,Malappuram,Manjeri,Other,Beverages,7.0,6100,9300,7700,2007-02-28,7700.0,0.0,0.0,3.0,7700.0,7500.0,7300.0,6700.0
Kerala,Malappuram,Manjeri,Other,Beverages,5.0,6100,9300,7700,2007-03-03,7700.0,0.0,0.0,4.0,7700.0,7500.0,7300.0,6700.0
Kerala,Malappuram,Manjeri,Other,Beverages,7.0,6100,9300,7700,2007-03-07,7800.0,0.0129870129870129,0.0129034048359077,3.0,7700.0,7500.0,7500.0,6700.0
Kerala,Malappuram,Manjeri,Other,Beverages,4.0,6200,9400,7800,2007-03-10,7800.0,0.0,0.0,4.0,7700.0,7700.0,7500.0,6700.0
Kerala,Malappuram,Manjeri,Other,Beverages,8.0,6200,9400,7800,2007-03-14,7800.0,0.0,0.0,3.0,7800.0,7700.0,7700.0,6700.0
Kerala,Malappuram,Manjeri,Other,Beverages,5.0,6200,9400,7800,2007-03-17,7600.0,-0.0256410256410256,-0.0259754864032606,4.0,7800.0,7700.0,7700.0,6700.0
Kerala,Malappuram,Manjeri,Other,Beverages,7.0,6400,9600,7600,2007-03-21,7600.0,0.0,0.0,3.0,7800.0,7700.0,7500.0,6900.0
Kerala,Malappuram,Manjeri,Other,Beverages,4.0,6400,9600,7600,2007-03-24,7700.0,0.0131578947368421,0.0130720815673527,4.0,7600.0,7700.0,7500.0,7100.0
Kerala,Malappuram,Manjeri,Other,Beverages,6.0,6500,9800,7700,2007-03-28,7700.0,0.0,0.0,3.0,7600.0,7700.0,7500.0,7100.0
Kerala,Malappuram,Manjeri,Other,Beverages,4.0,6500,9800,7700,2007-03-31,7700.0,0.0,0.0,4.0,7700.0,7700.0,7500.0,7300.0
Kerala,Malappuram,Manjeri,Other,Beverages,7.0,6500,9800,7700,2007-04-04,7700.0,0.0,0.0,3.0,7700.0,7800.0,7700.0,7300.0
Kerala,Malappuram,Manjeri,Other,Beverages,4.0,6500,9800,7700,2007-04-07,7700.0,0.0,0.0,4.0,7700.0,7800.0,7700.0,7300.0
Kerala,Malappuram,Manjeri,Other,Beverages,7.0,6500,9800,7700,2007-04-11,7700.0,0.0,0.0,3.0,7700.0,7800.0,7700.0,7300.0
Kerala,Malappuram,Manjeri,Other,Beverages,5.0,6500,9800,7700,2007-04-14,7500.0,-0.0259740259740259,-0.0263173083173734,4.0,7700.0,7600.0,7700.0,7300.0
Kerala,Malappuram,Manjeri,Other,Beverages,7.0,6300,9500,7500,2007-04-18,7500.0,0.0,0.0,3.0,7700.0,7600.0,7700.0,7300.0
Kerala,Malappuram,Manjeri,Other,Beverages,4.0,6300,9500,7500,2007-04-21,7500.0,0.0,0.0,4.0,7500.0,7700.0,7700.0,7300.0
Kerala,Malappuram,Manjeri,Other,Beverages,7.0,6300,9500,7500,2007-04-25,7500.0,0.0,0.0,3.0,7500.0,7700.0,7700.0,7300.0
Kerala,Malappuram,Manjeri,Other,Beverages,5.0,6300,9500,7500,2007-04-28,7500.0,0.0,0.0,4.0,7500.0,7700.0,7800.0,7300.0
Kerala,Malappuram,Manjeri,Other,Beverages,7.0,6300,9500,7500,2007-05-02,7500.0,0.0,0.0,3.0,7500.0,7700.0,7800.0,7500.0
Kerala,Malappuram,Manjeri,Other,Beverages,4.0,6300,9500,7500,2007-05-05,7500.0,0.0,0.0,4.0,7500.0,7700.0,7800.0,7500.0
Kerala,Malappuram,Manjeri,Other,Beverages,7.0,6300,9500,7500,2007-05-09,7500.0,0.0,0.0,3.0,7500.0,7700.0,7600.0,7700.0
Kerala,Malappuram,Manjeri,Other,Beverages,4.0,6300,9500,7500,2007-05-12,7500.0,0.0,0.0,4.0,7500.0,7500.0,7600.0,7700.0
Kerala,Malappuram,Manjeri,Other,Beverages,8.0,6300,9500,7500,2007-05-16,7500.0,0.0,0.0,3.0,7500.0,7500.0,7700.0,7500.0
Kerala,Malappuram,Manjeri,Other,Beverages,5.0,6300,9500,7500,2007-05-19,7300.0,-0.0266666666666666,-0.0270286723879192,4.0,7500.0,7500.0,7700.0,7500.0
Kerala,Malappuram,Manjeri,Other,Beverages,7.0,6100,9200,7300,2007-05-23,7300.0,0.0,0.0,3.0,7500.0,7500.0,7700.0,7500.0
Kerala,Malappuram,Manjeri,Other,Beverages,4.0,6100,9200,7300,2007-05-26,7100.0,-0.0273972602739726,-0.0277795641070757,4.0,7300.0,7500.0,7700.0,7500.0
Kerala,Malappuram,Manjeri,Other,Beverages,8.0,6000,9000,7100,2007-05-30,7100.0,0.0,0.0,3.0,7300.0,7500.0,7700.0,7700.0
Kerala,Malappuram,Manjeri,Other,Beverages,5.0,6000,9000,7100,2007-06-02,7000.0,-0.0140845070422535,-0.0141846349919564,4.0,7100.0,7500.0,7700.0,7700.0
Kerala,Malappuram,Manjeri,Other,Beverages,8.0,5300,9400,6400,2007-10-10,6700.0,0.046875,0.0458095360312942,7.0,7100.0,7500.0,7500.0,7700.0
Kerala,Malappuram,Manjeri,Other,Beverages,8.0,5500,9700,6700,2007-10-17,6700.0,0.0,0.0,3.0,6400.0,7500.0,7500.0,7700.0
Kerala,Malappuram,Manjeri,Other,Beverages,4.0,5500,9700,6700,2007-10-20,6700.0,0.0,0.0,4.0,6700.0,7500.0,7500.0,7700.0
Kerala,Malappuram,Manjeri,Other,Beverages,7.0,5500,9700,6700,2007-10-24,6900.0,0.0298507462686567,0.0294138852062934,7.0,6700.0,7300.0,7500.0,7700.0
Kerala,Malappuram,Manjeri,Other,Beverages,8.0,5700,10000,6900,2007-10-31,6900.0,0.0,0.0,3.0,6700.0,7300.0,7500.0,7700.0
Kerala,Malappuram,Manjeri,Other,Beverages,5.0,5700,10000,6900,2007-11-03,6800.0,-0.0144927536231884,-0.0145987994211526,4.0,6900.0,7100.0,7500.0,7800.0
Kerala,Malappuram,Manjeri,Other,Beverages,7.0,5500,9500,6800,2007-11-07,6800.0,0.0,0.0,3.0,6900.0,7100.0,7500.0,7800.0
Kerala,Malappuram,Manjeri,Other,Beverages,4.0,5500,9500,6800,2007-11-10,6800.0,0.0,0.0,4.0,6800.0,6400.0,7500.0,7800.0
Kerala,Malappuram,Manjeri,Other,Beverages,7.0,5500,9500,6800,2007-11-14,6800.0,0.0,0.0,7.0,6800.0,6700.0,7500.0,7600.0
Kerala,Malappuram,Manjeri,Other,Beverages,7.0,5500,9000,6800,2007-11-21,6800.0,0.0,0.0,3.0,6800.0,6700.0,7500.0,7600.0
Kerala,Malappuram,Manjeri,Other,Beverages,4.0,5500,9500,6800,2007-11-24,6800.0,0.0,0.0,4.0,6800.0,6700.0,7300.0,7700.0
Kerala,Malappuram,Manjeri,Other,Beverages,7.0,5500,9500,6800,2007-11-28,6700.0,-0.0147058823529411,-0.0148150857851405,7.0,6800.0,6900.0,7300.0,7700.0
Kerala,Malappuram,Manjeri,Other,Beverages,7.0,5400,9400,6700,2007-12-05,6000.0,-0.1044776119402985,-0.1103480571688653,7.0,6800.0,6900.0,7100.0,7700.0
Kerala,Malappuram,Manjeri,Other,Beverages,8.0,5400,9200,6000,2007-12-12,6800.0,0.1333333333333333,0.125163142954006,3.0,6700.0,6800.0,7100.0,7700.0
Kerala,Malappuram,Manjeri,Other,Beverages,5.0,5400,9200,6800,2007-12-15,7000.0,0.0294117647058823,0.0289875368732521,4.0,6000.0,6800.0,6400.0,7700.0
Kerala,Malappuram,Manjeri,Other,Beverages,7.0,5500,9400,7000,2007-12-19,7000.0,0.0,0.0,3.0,6800.0,6800.0,6700.0,7700.0
Kerala,Malappuram,Manjeri,Other,Beverages,4.0,5500,9400,7000,2007-12-22,7000.0,0.0,0.0,4.0,7000.0,6800.0,6700.0,7500.0
Kerala,Malappuram,Manjeri,Other,Beverages,7.0,5000,9400,7000,2007-12-26,7000.0,0.0,0.0,3.0,7000.0,6800.0,6700.0,7500.0
Kerala,Malappuram,Manjeri,Other,Beverages,4.0,5500,9400,7000,2007-12-29,7200.0,0.0285714285714285,0.0281708769666962,4.0,7000.0,6800.0,6900.0,7500.0
Kerala,Malappuram,Manjeri,Other,Beverages,7.0,5700,9600,7200,2008-01-02,7000.0,-0.0277777777777777,-0.0281708769666963,3.0,7000.0,6700.0,6900.0,7500.0
Kerala,Malappuram,Manjeri,Other,Beverages,4.0,5000,9400,7000,2008-01-05,7000.0,0.0,0.0,4.0,7200.0,6000.0,6800.0,7500.0
Kerala,Malappuram,Manjeri,Other,Beverages,7.0,5000,9200,7000,2008-01-09,7000.0,0.0,0.0,5.0,7000.0,6800.0,6800.0,7500.0
Kerala,Malappuram,Manjeri,Other,Beverages,4.0,5000,9200,7000,2008-01-14,6900.0,-0.0142857142857142,-0.0143887374520995,2.0,7000.0,7000.0,6800.0,7500.0
Kerala,Malappuram,Manjeri,Other,Beverages,8.0,6000,8900,6900,2008-01-16,6900.0,0.0,0.0,5.0,7000.0,7000.0,6800.0,7500.0
Kerala,Malappuram,Manjeri,Other,Beverages,4.0,6000,8900,6900,2008-01-21,7000.0,0.0144927536231884,0.0143887374520996,3.0,6900.0,7000.0,6800.0,7500.0
Kerala,Malappuram,Manjeri,Other,Beverages,8.0,6000,8900,7000,2008-01-24,6900.0,-0.0142857142857142,-0.0143887374520995,4.0,6900.0,7000.0,6800.0,7500.0
Kerala,Malappuram,Manjeri,Other,Beverages,6.0,5900,8900,6900,2008-01-28,6900.0,0.0,0.0,2.0,7000.0,7200.0,6700.0,7300.0
Kerala,Malappuram,Manjeri,Other,Beverages,8.0,6000,9000,6900,2008-01-30,6800.0,-0.0144927536231884,-0.0145987994211526,3.0,6900.0,7000.0,6000.0,7300.0
Kerala,Malappuram,Manjeri,Other,Beverages,6.0,6000,9000,6800,2008-02-02,6500.0,-0.0441176470588235,-0.0451204352804695,4.0,6900.0,7000.0,6800.0,7100.0
Kerala,Malappuram,Manjeri,Other,Beverages,6.0,6000,8500,6500,2008-02-06,6500.0,0.0,0.0,3.0,6800.0,7000.0,7000.0,7100.0
Kerala,Malappuram,Manjeri,Other,Beverages,5.0,6000,9500,6500,2008-02-09,7000.0,0.0769230769230769,0.0741079721537218,4.0,6500.0,6900.0,7000.0,6400.0
Kerala,Malappuram,Manjeri,Other,Beverages,4.0,5800,9000,7000,2008-02-13,7000.0,0.0,0.0,3.0,6500.0,6900.0,7000.0,6700.0
Kerala,Malappuram,Manjeri,Other,Beverages,4.0,5800,9000,7000,2008-02-16,7000.0,0.0,0.0,4.0,7000.0,7000.0,7000.0,6700.0
Kerala,Malappuram,Manjeri,Other,Beverages,3.0,5500,8000,7000,2008-02-20,7000.0,0.0,0.0,5.0,7000.0,6900.0,7200.0,6700.0
Kerala,Malappuram,Manjeri,Other,Beverages,3.5,5500,8000,7000,2008-02-25,7000.0,0.0,0.0,2.0,7000.0,6900.0,7000.0,6900.0
Kerala,Malappuram,Manjeri,Other,Beverages,3.0,5500,8000,7000,2008-02-27,7000.0,0.0,0.0,3.0,7000.0,6800.0,7000.0,6900.0
Kerala,Malappuram,Manjeri,Other,Beverages,2.0,5500,8000,7000,2008-03-01,7000.0,0.0,0.0,4.0,7000.0,6500.0,7000.0,6800.0
Kerala,Malappuram,Manjeri,Other,Beverages,2.0,5500,8000,7000,2008-03-05,7000.0,0.0,0.0,3.0,7000.0,6500.0,6900.0,6800.0
Kerala,Malappuram,Manjeri,Other,Beverages,1.5,5500,8000,7000,2008-03-08,7000.0,0.0,0.0,4.0,7000.0,7000.0,6900.0,6800.0
Kerala,Malappuram,Manjeri,Other,Beverages,1.5,5800,8000,7000,2008-03-12,7000.0,0.0,0.0,3.0,7000.0,7000.0,7000.0,6800.0
Kerala,Malappuram,Manjeri,Other,Beverages,1.0,5800,8000,7000,2008-03-15,7000.0,0.0,0.0,4.0,7000.0,7000.0,6900.0,6800.0
Kerala,Malappuram,Manjeri,Other,Beverages,1.0,5800,8000,7000,2008-03-19,7000.0,0.0,0.0,3.0,7000.0,7000.0,6900.0,6800.0
Kerala,Malappuram,Manjeri,Other,Beverages,1.0,5800,8000,7000,2008-03-22,7000.0,0.0,0.0,4.0,7000.0,7000.0,6800.0,6700.0
Kerala,Malappuram,Manjeri,Other,Beverages,2.0,5700,8000,7000,2008-03-26,7000.0,0.0,0.0,3.0,7000.0,7000.0,6500.0,6000.0
Kerala,Malappuram,Manjeri,Other,Beverages,1.0,5700,8000,7000,2008-03-29,7000.0,0.0,0.0,4.0,7000.0,7000.0,6500.0,6800.0
Kerala,Malappuram,Manjeri,Other,Beverages,1.0,5700,8000,7000,2008-04-02,7000.0,0.0,0.0,3.0,7000.0,7000.0,7000.0,7000.0
Kerala,Malappuram,Manjeri,Other,Beverages,1.0,5700,8000,7000,2008-04-05,7000.0,0.0,0.0,4.0,7000.0,7000.0,7000.0,7000.0
Kerala,Malappuram,Manjeri,Other,Beverages,1.0,5700,8000,7000,2008-04-09,8000.0,0.1428571428571428,0.1335313926245225,3.0,7000.0,7000.0,7000.0,7000.0
Kerala,Malappuram,Manjeri,Other,Beverages,1.0,5700,8000,8000,2008-04-12,7000.0,-0.125,-0.1335313926245226,4.0,7000.0,7000.0,7000.0,7000.0
Kerala,Malappuram,Manjeri,Other,Beverages,1.0,5700,8000,7000,2008-04-16,7000.0,0.0,0.0,3.0,8000.0,7000.0,7000.0,7200.0
Kerala,Malappuram,Manjeri,Other,Beverages,1.0,5700,8000,7000,2008-04-19,7000.0,0.0,0.0,4.0,7000.0,7000.0,7000.0,7000.0
Kerala,Malappuram,Manjeri,Other,Beverages,1.0,5700,8000,7000,2008-04-23,7000.0,0.0,0.0,3.0,7000.0,7000.0,7000.0,7000.0
Kerala,Malappuram,Manjeri,Other,Beverages,1.0,5700,8000,7000,2008-04-26,7000.0,0.0,0.0,4.0,7000.0,7000.0,7000.0,7000.0
Kerala,Malappuram,Manjeri,Other,Beverages,2.0,5800,8000,7000,2008-04-30,7000.0,0.0,0.0,3.0,7000.0,7000.0,7000.0,6900.0
Kerala,Malappuram,Manjeri,Other,Beverages,1.0,5800,8000,7000,2008-05-03,7000.0,0.0,0.0,4.0,7000.0,7000.0,7000.0,6900.0
Kerala,Malappuram,Manjeri,Other,Beverages,1.0,5800,8000,7000,2008-05-07,7000.0,0.0,0.0,5.0,7000.0,8000.0,7000.0,7000.0
Kerala,Malappuram,Manjeri,Other,Beverages,1.0,5800,8000,7000,2008-05-12,7000.0,0.0,0.0,2.0,7000.0,7000.0,7000.0,6900.0
Kerala,Malappuram,Manjeri,Other,Beverages,1.0,5800,8000,7000,2008-05-14,7000.0,0.0,0.0,3.0,7000.0,7000.0,7000.0,6900.0
Kerala,Malappuram,Manjeri,Other,Beverages,1.0,5800,8000,7000,2008-05-17,7000.0,0.0,0.0,4.0,7000.0,7000.0,7000.0,6800.0
Kerala,Malappuram,Manjeri,Other,Beverages,1.0,5800,8000,7000,2008-05-21,7000.0,0.0,0.0,3.0,7000.0,7000.0,7000.0,6500.0
Kerala,Malappuram,Manjeri,Other,Beverages,1.0,5800,8000,7000,2008-05-24,7200.0,0.0285714285714285,0.0281708769666962,4.0,7000.0,7000.0,7000.0,6500.0
Kerala,Malappuram,Manjeri,Other,Beverages,1.0,5600,7800,7200,2008-05-28,7000.0,-0.0277777777777777,-0.0281708769666963,3.0,7000.0,7000.0,7000.0,7000.0
Kerala,Malappuram,Manjeri,Other,Beverages,1.0,5600,7800,7000,2008-05-31,7000.0,0.0,0.0,4.0,7200.0,7000.0,8000.0,7000.0
Kerala,Malappuram,Manjeri,Other,Beverages,1.0,5600,7800,7000,2008-06-04,7000.0,0.0,0.0,3.0,7000.0,7000.0,7000.0,7000.0
Kerala,Malappuram,Manjeri,Other,Beverages,1.0,5600,7800,7000,2008-06-07,7000.0,0.0,0.0,4.0,7000.0,7000.0,7000.0,7000.0
Kerala,Malappuram,Manjeri,Other,Beverages,1.0,5600,7800,7000,2008-06-11,7000.0,0.0,0.0,3.0,7000.0,7000.0,7000.0,7000.0
Kerala,Malappuram,Manjeri,Other,Beverages,1.0,5600,7800,7000,2008-06-14,7500.0,0.0714285714285714,0.0689928714869514,4.0,7000.0,7000.0,7000.0,7000.0
Kerala,Malappuram,Manjeri,Other,Beverages,1.0,6000,8200,7500,2008-06-18,7500.0,0.0,0.0,3.0,7000.0,7000.0,7000.0,7000.0
Kerala,Malappuram,Manjeri,Other,Beverages,1.0,6000,8200,7500,2008-06-21,7500.0,0.0,0.0,4.0,7500.0,7200.0,7000.0,7000.0
Kerala,Malappuram,Manjeri,Other,Beverages,1.0,6000,8200,7500,2008-06-25,7700.0,0.0266666666666666,0.0263173083173733,3.0,7500.0,7000.0,7000.0,7000.0
Kerala,Malappuram,Manjeri,Other,Beverages,1.0,6500,8600,7700,2008-06-28,7700.0,0.0,0.0,4.0,7500.0,7000.0,7000.0,7000.0
Kerala,Malappuram,Manjeri,Other,Beverages,1.0,6500,8600,7700,2008-07-02,7700.0,0.0,0.0,3.0,7700.0,7000.0,7000.0,7000.0
Kerala,Malappuram,Manjeri,Other,Beverages,1.0,6500,8600,7700,2008-07-05,7700.0,0.0,0.0,4.0,7700.0,7000.0,7000.0,7000.0
Kerala,Malappuram,Manjeri,Other,Beverages,1.0,6500,8600,7700,2008-07-09,7700.0,0.0,0.0,5.0,7700.0,7000.0,7000.0,7000.0
Kerala,Malappuram,Manjeri,Other,Beverages,1.0,6500,8600,7700,2008-07-14,7700.0,0.0,0.0,2.0,7700.0,7500.0,7000.0,7000.0
Kerala,Malappuram,Manjeri,Other,Beverages,1.0,6500,8600,7700,2008-07-16,7700.0,0.0,0.0,3.0,7700.0,7500.0,7200.0,7000.0
Kerala,Malappuram,Manjeri,Other,Beverages,1.0,6500,8600,7700,2008-07-19,7700.0,0.0,0.0,4.0,7700.0,7500.0,7000.0,7000.0
Kerala,Malappuram,Manjeri,Other,Beverages,1.0,6500,8600,7700,2008-07-23,8000.0,0.0389610389610389,0.0382212128201976,3.0,7700.0,7700.0,7000.0,7000.0
Kerala,Malappuram,Manjeri,Other,Beverages,1.0,7000,9600,8000,2008-07-26,8000.0,0.0,0.0,4.0,7700.0,7700.0,7000.0,8000.0
Kerala,Malappuram,Manjeri,Other,Beverages,1.0,7000,9600,8000,2008-07-30,8000.0,0.0,0.0,3.0,8000.0,7700.0,7000.0,7000.0
Kerala,Malappuram,Manjeri,Other,Beverages,1.0,7000,9600,8000,2008-08-02,8000.0,0.0,0.0,4.0,8000.0,7700.0,7000.0,7000.0
Kerala,Malappuram,Manjeri,Other,Beverages,1.0,7000,9600,8000,2008-08-06,8500.0,0.0625,0.0606246218164348,5.0,8000.0,7700.0,7500.0,7000.0
Kerala,Malappuram,Manjeri,Other,Beverages,1.0,7400,10000,8500,2008-08-11,8500.0,0.0,0.0,2.0,8000.0,7700.0,7500.0,7000.0
Kerala,Malappuram,Manjeri,Other,Beverages,1.0,7400,10000,8500,2008-08-13,9000.0,0.0588235294117647,0.0571584138399486,3.0,8500.0,7700.0,7500.0,7000.0
Kerala,Malappuram,Manjeri,Other,Beverages,1.0,8500,11000,9000,2008-08-16,9000.0,0.0,0.0,5.0,8500.0,7700.0,7700.0,7000.0
Kerala,Malappuram,Manjeri,Other,Beverages,1.0,8500,11000,9000,2008-08-21,9000.0,0.0,0.0,4.0,9000.0,8000.0,7700.0,7000.0
Kerala,Malappuram,Manjeri,Other,Beverages,1.0,8500,11000,9000,2008-08-25,9000.0,0.0,0.0,2.0,9000.0,8000.0,7700.0,7000.0
Kerala,Malappuram,Manjeri,Other,Beverages,1.0,8500,11000,9000,2008-08-27,9000.0,0.0,0.0,3.0,9000.0,8000.0,7700.0,7000.0
Kerala,Malappuram,Manjeri,Other,Beverages,1.0,8500,11000,9000,2008-08-30,9000.0,0.0,0.0,4.0,9000.0,8000.0,7700.0,7000.0
Kerala,Malappuram,Manjeri,Other,Beverages,1.0,8500,11000,9000,2008-09-03,9500.0,0.0555555555555555,0.0540672212702757,3.0,9000.0,8500.0,7700.0,7000.0
Kerala,Malappuram,Manjeri,Other,Beverages,1.0,9000,11200,9500,2008-09-06,9500.0,0.0,0.0,4.0,9000.0,8500.0,7700.0,7000.0
Kerala,Malappuram,Manjeri,Other,Beverages,1.0,9000,11200,9500,2008-09-10,9500.0,0.0,0.0,5.0,9500.0,9000.0,7700.0,7200.0
Kerala,Malappuram,Manjeri,Other,Beverages,1.0,9000,11200,9500,2008-09-15,9500.0,0.0,0.0,2.0,9500.0,9000.0,8000.0,7000.0
Kerala,Malappuram,Manjeri,Other,Beverages,1.0,9000,11200,9500,2008-09-17,9500.0,0.0,0.0,3.0,9500.0,9000.0,8000.0,7000.0
Kerala,Malappuram,Manjeri,Other,Beverages,1.0,9000,11200,9500,2008-09-20,9500.0,0.0,0.0,4.0,9500.0,9000.0,8000.0,7000.0
Kerala,Malappuram,Manjeri,Other,Beverages,1.0,9000,11200,9500,2008-09-24,9500.0,0.0,0.0,3.0,9500.0,9000.0,8000.0,7000.0
Kerala,Malappuram,Manjeri,Other,Beverages,1.0,9000,11200,9500,2008-09-27,9500.0,0.0,0.0,6.0,9500.0,9000.0,8500.0,7000.0
Kerala,Malappuram,Manjeri,Other,Beverages,1.0,7200,11000,9000,2008-12-03,9000.0,0.0,0.0,3.0,9500.0,9500.0,8500.0,7500.0
Kerala,Malappuram,Manjeri,Other,Beverages,1.0,7200,11000,9000,2008-12-06,10000.0,0.1111111111111111,0.1053605156578263,4.0,9000.0,9500.0,9000.0,7500.0
Kerala,Malappuram,Manjeri,Other,Beverages,1.0,12000,19000,19000,2011-05-19,19000.0,0.0,0.0,2.0,9000.0,9500.0,9000.0,7500.0
Kerala,Malappuram,Manjeri,Other,Beverages,1.0,12500,19000,19000,2011-05-21,19000.0,0.0,0.0,4.0,19000.0,9500.0,9000.0,7700.0
Kerala,Malappuram,Manjeri,Other,Beverages,1.0,12500,19000,19000,2011-05-25,19000.0,0.0,0.0,3.0,19000.0,9500.0,9000.0,7700.0
Kerala,Malappuram,Manjeri,Other,Beverages,1.0,12500,19000,19000,2011-05-28,14500.0,-0.2368421052631578,-0.2702903297399117,4.0,19000.0,9500.0,9000.0,7700.0
Kerala,Malappuram,Manjeri,Other,Beverages,1.0,10500,14500,14500,2011-06-01,14500.0,0.0,0.0,3.0,19000.0,9500.0,9000.0,7700.0
Kerala,Malappuram,Manjeri,Other,Beverages,1.0,10500,14500,14500,2011-06-04,12500.0,-0.1379310344827586,-0.1484200051182733,4.0,14500.0,9000.0,9500.0,7700.0
Kerala,Malappuram,Manjeri,Other,Beverages,1.5,8500,12500,12500,2011-06-08,12500.0,0.0,0.0,7.0,14500.0,9000.0,9500.0,7700.0
Kerala,Malappuram,Manjeri,Other,Beverages,1.0,8200,12000,12000,2011-07-07,12500.0,0.0416666666666666,0.0408219945202552,7.0,12500.0,19000.0,9500.0,7700.0
Kerala,Malappuram,Manjeri,Other,Beverages,1.0,6000,12500,12500,2011-07-14,12500.0,0.0,0.0,2.0,12000.0,19000.0,9500.0,7700.0
Kerala,Malappuram,Manjeri,Other,Beverages,1.0,6000,12500,12500,2011-07-16,12000.0,-0.04,-0.0408219945202551,4.0,12500.0,19000.0,9500.0,8000.0
Kerala,Malappuram,Manjeri,Other,Beverages,1.0,7000,12000,12000,2011-07-20,12000.0,0.0,0.0,3.0,12500.0,19000.0,9500.0,8000.0
Kerala,Malappuram,Manjeri,Other,Beverages,1.0,7000,12000,12000,2011-07-23,12000.0,0.0,0.0,4.0,12000.0,14500.0,9500.0,8000.0
Kerala,Malappuram,Manjeri,Other,Beverages,1.0,7000,12000,12000,2011-07-27,12000.0,0.0,0.0,7.0,12000.0,14500.0,9000.0,8000.0
Kerala,Malappuram,Manjeri,Other,Beverages,1.0,6500,12000,12000,2011-08-03,12000.0,0.0,0.0,5.0,12000.0,12500.0,9000.0,8500.0
Kerala,Malappuram,Manjeri,Other,Beverages,1.0,6500,12000,12000,2011-08-08,12000.0,0.0,0.0,2.0,12000.0,12000.0,19000.0,8500.0
Kerala,Malappuram,Manjeri,Other,Beverages,1.0,6600,12000,12000,2011-08-10,12000.0,0.0,0.0,7.0,12000.0,12500.0,19000.0,9000.0
Kerala,Malappuram,Manjeri,Other,Beverages,1.0,7000,12000,12000,2011-08-17,12000.0,0.0,0.0,3.0,12000.0,12500.0,19000.0,9000.0
Kerala,Malappuram,Manjeri,Other,Beverages,1.0,7000,12000,12000,2011-08-20,12000.0,0.0,0.0,4.0,12000.0,12000.0,19000.0,9000.0
Kerala,Malappuram,Manjeri,Other,Beverages,1.0,7000,12000,12000,2011-08-24,12200.0,0.0166666666666666,0.0165293019512105,3.0,12000.0,12000.0,14500.0,9000.0
Kerala,Malappuram,Manjeri,Other,Beverages,1.0,6800,12200,12200,2011-08-27,12200.0,0.0,0.0,7.0,12000.0,12000.0,14500.0,9000.0
Kerala,Malappuram,Manjeri,Other,Beverages,1.0,6800,12200,12200,2011-09-03,12300.0,0.0081967213114754,0.0081633106391608,4.0,12200.0,12000.0,12500.0,9000.0
Kerala,Malappuram,Manjeri,Other,Beverages,1.0,6800,12300,12300,2011-09-07,12300.0,0.0,0.0,7.0,12200.0,12000.0,12000.0,9500.0
Kerala,Malappuram,Manjeri,Other,Beverages,1.0,6500,12300,12300,2011-09-14,12300.0,0.0,0.0,3.0,12300.0,12000.0,12500.0,9500.0
Kerala,Malappuram,Manjeri,Other,Beverages,1.0,6500,12300,12300,2011-09-17,12000.0,-0.024390243902439,-0.0246926125903715,7.0,12300.0,12000.0,12500.0,9500.0
Kerala,Malappuram,Manjeri,Other,Beverages,1.0,6000,12000,12000,2011-09-24,12000.0,0.0,0.0,4.0,12300.0,12000.0,12000.0,9500.0
Kerala,Malappuram,Manjeri,Other,Beverages,1.0,7800,12500,12500,2011-10-12,12500.0,0.0,0.0,3.0,12000.0,12000.0,12000.0,9500.0
Kerala,Malappuram,Manjeri,Other,Beverages,1.0,7800,12500,12500,2011-10-15,13000.0,0.04,0.0392207131532813,4.0,12500.0,12200.0,12000.0,9500.0
Kerala,Malappuram,Manjeri,Other,Beverages,1.0,7000,13000,13000,2011-10-19,11500.0,-0.1153846153846153,-0.1226023220923323,3.0,12500.0,12200.0,12000.0,9500.0
Kerala,Malappuram,Manjeri,Other,Beverages,1.0,7500,11500,11500,2011-10-22,11500.0,0.0,0.0,7.0,13000.0,12300.0,12000.0,9000.0
Kerala,Malappuram,Manjeri,Other,Beverages,1.0,7500,11500,11500,2011-10-29,12000.0,0.0434782608695652,0.0425596144187959,4.0,11500.0,12300.0,12000.0,9000.0
Kerala,Malappuram,Manjeri,Other,Beverages,1.0,7500,12000,12000,2011-11-02,12200.0,0.0166666666666666,0.0165293019512105,3.0,11500.0,12300.0,12000.0,19000.0
Kerala,Malappuram,Manjeri,Other,Beverages,1.0,7600,12200,12200,2011-11-05,12200.0,0.0,0.0,4.0,12000.0,12000.0,12000.0,19000.0
Kerala,Malappuram,Manjeri,Other,Beverages,1.0,7600,12200,12200,2011-11-09,12200.0,0.0,0.0,7.0,12200.0,12500.0,12000.0,19000.0
Kerala,Malappuram,Manjeri,Other,Beverages,1.0,7600,12200,12200,2011-11-16,11500.0,-0.0573770491803278,-0.0590889163700064,1.0,12200.0,12500.0,12200.0,19000.0
Kerala,Malappuram,Manjeri,Other,Beverages,1.0,7000,11500,11500,2011-11-17,11500.0,0.0,0.0,1.0,12200.0,13000.0,12200.0,14500.0
Kerala,Malappuram,Manjeri,Other,Beverages,1.0,7000,11500,11500,2011-11-18,11500.0,0.0,0.0,1.0,11500.0,11500.0,12300.0,14500.0
Kerala,Malappuram,Manjeri,Other,Beverages,1.0,7000,11500,11500,2011-11-19,7000.0,-0.391304347826087,-0.496436886313891,3.0,11500.0,11500.0,12300.0,12500.0
Kerala,Malappuram,Manjeri,Other,Beverages,1.0,7000,11500,7000,2011-11-22,7000.0,0.0,0.0,1.0,11500.0,12000.0,12300.0,12000.0
Kerala,Malappuram,Manjeri,Other,Beverages,1.0,7000,11500,7000,2011-11-23,7000.0,0.0,0.0,1.0,7000.0,12200.0,12000.0,12500.0
Kerala,Malappuram,Manjeri,Other,Beverages,1.0,7000,11500,7000,2011-11-24,7000.0,0.0,0.0,1.0,7000.0,12200.0,12500.0,12500.0
Kerala,Malappuram,Manjeri,Other,Beverages,1.0,7000,11500,7000,2011-11-25,12000.0,0.7142857142857143,0.5389965007326869,1.0,7000.0,12200.0,12500.0,12000.0
Kerala,Malappuram,Manjeri,Other,Beverages,1.0,7000,12000,12000,2011-11-26,12000.0,0.0,0.0,2.0,7000.0,11500.0,13000.0,12000.0
Kerala,Malappuram,Manjeri,Other,Beverages,1.0,7000,12000,12000,2011-11-28,12000.0,0.0,0.0,4.0,12000.0,11500.0,11500.0,12000.0
Kerala,Malappuram,Manjeri,Other,Beverages,1.0,7000,12000,12000,2011-12-02,12000.0,0.0,0.0,1.0,12000.0,11500.0,11500.0,12000.0
Kerala,Malappuram,Manjeri,Other,Beverages,1.0,8000,12000,12000,2011-12-03,12000.0,0.0,0.0,3.0,12000.0,7000.0,12000.0,12000.0
Kerala,Malappuram,Manjeri,Other,Beverages,1.0,8000,12000,12000,2011-12-06,12000.0,0.0,0.0,1.0,12000.0,7000.0,12200.0,12000.0
Kerala,Malappuram,Manjeri,Other,Beverages,1.0,8000,12000,12000,2011-12-07,12000.0,0.0,0.0,1.0,12000.0,7000.0,12200.0,12000.0
Kerala,Malappuram,Manjeri,Other,Beverages,1.0,7000,12000,12000,2011-12-08,12000.0,0.0,0.0,1.0,12000.0,7000.0,12200.0,12000.0
Kerala,Malappuram,Manjeri,Other,Beverages,1.0,7000,12000,12000,2011-12-09,12000.0,0.0,0.0,3.0,12000.0,12000.0,11500.0,12000.0
Kerala,Malappuram,Manjeri,Other,Beverages,1.0,7000,12000,12000,2011-12-12,12000.0,0.0,0.0,1.0,12000.0,12000.0,11500.0,12200.0
Kerala,Malappuram,Manjeri,Other,Beverages,1.0,7000,12000,12000,2011-12-13,12000.0,0.0,0.0,1.0,12000.0,12000.0,11500.0,12200.0
Kerala,Malappuram,Manjeri,Other,Beverages,1.0,7000,12000,12000,2011-12-14,12000.0,0.0,0.0,1.0,12000.0,12000.0,7000.0,12300.0
Kerala,Malappuram,Manjeri,Other,Beverages,1.0,7000,12000,12000,2011-12-15,12000.0,0.0,0.0,1.0,12000.0,12000.0,7000.0,12300.0
Kerala,Malappuram,Manjeri,Other,Beverages,1.0,7000,12000,12000,2011-12-16,12000.0,0.0,0.0,3.0,12000.0,12000.0,7000.0,12300.0
Kerala,Malappuram,Manjeri,Other,Beverages,1.0,7000,12000,12000,2011-12-29,12000.0,0.0,0.0,1.0,12000.0,12000.0,7000.0,12000.0
Kerala,Malappuram,Manjeri,Other,Beverages,1.0,7000,12000,12000,2011-12-30,12000.0,0.0,0.0,1.0,12000.0,12000.0,12000.0,12500.0
Kerala,Malappuram,Manjeri,Other,Beverages,1.0,7000,12000,12000,2011-12-31,12000.0,0.0,0.0,2.0,12000.0,12000.0,12000.0,12500.0
Kerala,Malappuram,Manjeri,Other,Beverages,1.0,7000,12000,12000,2012-01-02,12000.0,0.0,0.0,1.0,12000.0,12000.0,12000.0,13000.0
Kerala,Malappuram,Manjeri,Other,Beverages,1.0,7000,12000,12000,2012-01-03,12000.0,0.0,0.0,1.0,12000.0,12000.0,12000.0,11500.0
Kerala,Malappuram,Manjeri,Other,Beverages,1.0,7000,12000,12000,2012-01-04,12000.0,0.0,0.0,1.0,12000.0,12000.0,12000.0,11500.0
Kerala,Malappuram,Manjeri,Other,Beverages,1.0,7000,12000,12000,2012-01-05,12000.0,0.0,0.0,1.0,12000.0,12000.0,12000.0,12000.0
Kerala,Malappuram,Manjeri,Other,Beverages,1.0,7000,12000,12000,2012-01-06,12000.0,0.0,0.0,1.0,12000.0,12000.0,12000.0,12200.0
Kerala,Malappuram,Manjeri,Other,Beverages,1.0,7000,12000,12000,2012-01-07,7000.0,-0.4166666666666667,-0.5389965007326869,5.0,12000.0,12000.0,12000.0,12200.0
Kerala,Malappuram,Manjeri,Other,Beverages,1.0,7000,7000,7000,2012-01-12,7000.0,0.0,0.0,4.0,12000.0,12000.0,12000.0,12200.0
Kerala,Malappuram,Manjeri,Other,Beverages,1.0,7000,7000,7000,2012-01-16,8000.0,0.1428571428571428,0.1335313926245225,1.0,7000.0,12000.0,12000.0,11500.0
Kerala,Malappuram,Manjeri,Other,Beverages,1.0,7000,8000,8000,2012-01-17,9000.0,0.125,0.1177830356563834,3.0,7000.0,12000.0,12000.0,11500.0
Kerala,Malappuram,Manjeri,Other,Beverages,1.0,7500,9000,9000,2012-01-20,9000.0,0.0,0.0,1.0,8000.0,12000.0,12000.0,11500.0
Kerala,Malappuram,Manjeri,Other,Beverages,1.0,7500,9000,9000,2012-01-21,9000.0,0.0,0.0,2.0,9000.0,12000.0,12000.0,7000.0
Kerala,Malappuram,Manjeri,Other,Beverages,1.0,7500,9000,9000,2012-01-23,9000.0,0.0,0.0,5.0,9000.0,12000.0,12000.0,7000.0
Kerala,Malappuram,Manjeri,Other,Beverages,1.0,7500,9000,9000,2012-01-28,9000.0,0.0,0.0,2.0,9000.0,12000.0,12000.0,7000.0
Kerala,Malappuram,Manjeri,Other,Beverages,1.0,7300,9000,9000,2012-01-30,9000.0,0.0,0.0,1.0,9000.0,7000.0,12000.0,7000.0
Kerala,Malappuram,Manjeri,Other,Beverages,1.0,7300,9000,9000,2012-01-31,9000.0,0.0,0.0,1.0,9000.0,7000.0,12000.0,12000.0
Kerala,Malappuram,Manjeri,Other,Beverages,1.0,7300,9000,9000,2012-02-01,9000.0,0.0,0.0,1.0,9000.0,8000.0,12000.0,12000.0
Kerala,Malappuram,Manjeri,Other,Beverages,1.0,7300,9000,9000,2012-02-02,9000.0,0.0,0.0,1.0,9000.0,9000.0,12000.0,12000.0
Kerala,Malappuram,Manjeri,Other,Beverages,1.0,7300,9000,9000,2012-02-03,9000.0,0.0,0.0,1.0,9000.0,9000.0,12000.0,12000.0
Kerala,Malappuram,Manjeri,Other,Beverages,1.0,7300,9000,9000,2012-02-04,9000.0,0.0,0.0,4.0,9000.0,9000.0,12000.0,12000.0
Kerala,Malappuram,Manjeri,Other,Beverages,1.0,7300,9000,9000,2012-02-08,9000.0,0.0,0.0,1.0,9000.0,9000.0,12000.0,12000.0
Kerala,Malappuram,Manjeri,Other,Beverages,1.0,7300,9000,9000,2012-02-09,9000.0,0.0,0.0,1.0,9000.0,9000.0,7000.0,12000.0
Kerala,Malappuram,Manjeri,Other,Beverages,1.0,7300,9000,9000,2012-02-10,9000.0,0.0,0.0,3.0,9000.0,9000.0,7000.0,12000.0
Kerala,Malappuram,Manjeri,Other,Beverages,1.0,7300,9000,9000,2012-02-13,9000.0,0.0,0.0,1.0,9000.0,9000.0,8000.0,12000.0
Kerala,Malappuram,Manjeri,Other,Beverages,1.0,7300,9000,9000,2012-02-14,9000.0,0.0,0.0,1.0,9000.0,9000.0,9000.0,12000.0
Kerala,Malappuram,Manjeri,Other,Beverages,1.0,7300,9000,9000,2012-02-15,9000.0,0.0,0.0,1.0,9000.0,9000.0,9000.0,12000.0
Kerala,Malappuram,Manjeri,Other,Beverages,1.0,7300,9000,9000,2012-02-16,9000.0,0.0,0.0,1.0,9000.0,9000.0,9000.0,12000.0
Kerala,Malappuram,Manjeri,Other,Beverages,1.0,7300,9000,9000,2012-02-17,9000.0,0.0,0.0,1.0,9000.0,9000.0,9000.0,12000.0
Kerala,Malappuram,Manjeri,Other,Beverages,1.0,7300,9000,9000,2012-02-18,9000.0,0.0,0.0,3.0,9000.0,9000.0,9000.0,12000.0
Kerala,Malappuram,Manjeri,Other,Beverages,1.0,7300,9000,9000,2012-02-21,9000.0,0.0,0.0,1.0,9000.0,9000.0,9000.0,12000.0
Kerala,Malappuram,Manjeri,Other,Beverages,1.0,7300,9000,9000,2012-02-22,9000.0,0.0,0.0,1.0,9000.0,9000.0,9000.0,12000.0
Kerala,Malappuram,Manjeri,Other,Beverages,1.0,7300,9000,9000,2012-02-23,9000.0,0.0,0.0,1.0,9000.0,9000.0,9000.0,12000.0
Kerala,Malappuram,Manjeri,Other,Beverages,1.0,7300,9000,9000,2012-02-24,9000.0,0.0,0.0,1.0,9000.0,9000.0,9000.0,12000.0
Kerala,Malappuram,Manjeri,Other,Beverages,1.0,7300,9000,9000,2012-02-25,9000.0,0.0,0.0,2.0,9000.0,9000.0,9000.0,12000.0
Kerala,Malappuram,Manjeri,Other,Beverages,1.0,7300,9000,9000,2012-02-27,9000.0,0.0,0.0,2.0,9000.0,9000.0,9000.0,12000.0
Kerala,Malappuram,Manjeri,Other,Beverages,1.0,7500,9000,9000,2012-02-29,9000.0,0.0,0.0,1.0,9000.0,9000.0,9000.0,12000.0
Kerala,Malappuram,Manjeri,Other,Beverages,1.0,7500,9000,9000,2012-03-01,9500.0,0.0555555555555555,0.0540672212702757,1.0,9000.0,9000.0,9000.0,12000.0
Kerala,Malappuram,Manjeri,Other,Beverages,1.0,8000,9500,9500,2012-03-02,9500.0,0.0,0.0,1.0,9000.0,9000.0,9000.0,7000.0
Kerala,Malappuram,Manjeri,Other,Beverages,1.0,8000,9500,9500,2012-03-03,9500.0,0.0,0.0,2.0,9500.0,9000.0,9000.0,7000.0
Kerala,Malappuram,Manjeri,Other,Beverages,1.0,8000,9500,9500,2012-03-05,9500.0,0.0,0.0,1.0,9500.0,9000.0,9000.0,8000.0
Kerala,Malappuram,Manjeri,Other,Beverages,1.0,8000,9500,9500,2012-03-06,9500.0,0.0,0.0,1.0,9500.0,9000.0,9000.0,9000.0
Kerala,Malappuram,Manjeri,Other,Beverages,1.0,8000,9500,9500,2012-03-07,9500.0,0.0,0.0,1.0,9500.0,9000.0,9000.0,9000.0
Kerala,Malappuram,Manjeri,Other,Beverages,1.0,8000,9500,9500,2012-03-08,9500.0,0.0,0.0,2.0,9500.0,9000.0,9000.0,9000.0
Kerala,Malappuram,Manjeri,Other,Beverages,1.0,8000,9500,9500,2012-03-10,9500.0,0.0,0.0,2.0,9500.0,9000.0,9000.0,9000.0
Kerala,Malappuram,Manjeri,Other,Beverages,1.0,8000,9500,9500,2012-03-12,9500.0,0.0,0.0,1.0,9500.0,9500.0,9000.0,9000.0
Kerala,Malappuram,Manjeri,Other,Beverages,1.0,8000,9500,9500,2012-03-13,9500.0,0.0,0.0,1.0,9500.0,9500.0,9000.0,9000.0
Kerala,Malappuram,Manjeri,Other,Beverages,1.0,8000,9500,9500,2012-03-14,9500.0,0.0,0.0,1.0,9500.0,9500.0,9000.0,9000.0
Kerala,Malappuram,Manjeri,Other,Beverages,1.0,8000,9500,9500,2012-03-15,9500.0,0.0,0.0,1.0,9500.0,9500.0,9000.0,9000.0
Kerala,Malappuram,Manjeri,Other,Beverages,1.0,8000,9500,9500,2012-03-16,10000.0,0.0526315789473684,0.0512932943875504,1.0,9500.0,9500.0,9000.0,9000.0
Kerala,Malappuram,Manjeri,Other,Beverages,1.0,8000,10000,10000,2012-03-17,10000.0,0.0,0.0,2.0,9500.0,9500.0,9000.0,9000.0
Kerala,Malappuram,Manjeri,Other,Beverages,1.0,8000,10000,10000,2012-03-19,10000.0,0.0,0.0,1.0,10000.0,9500.0,9000.0,9000.0
Kerala,Malappuram,Manjeri,Other,Beverages,1.0,8000,10000,10000,2012-03-20,10000.0,0.0,0.0,1.0,10000.0,9500.0,9500.0,9000.0
Kerala,Malappuram,Manjeri,Other,Beverages,1.0,8000,10000,10000,2012-03-21,10000.0,0.0,0.0,1.0,10000.0,9500.0,9500.0,9000.0
Kerala,Malappuram,Manjeri,Other,Beverages,1.0,8000,10000,10000,2012-03-22,10000.0,0.0,0.0,1.0,10000.0,9500.0,9500.0,9000.0
Kerala,Malappuram,Manjeri,Other,Beverages,1.0,8000,10000,10000,2012-03-23,10000.0,0.0,0.0,1.0,10000.0,9500.0,9500.0,9000.0
Kerala,Malappuram,Manjeri,Other,Beverages,1.0,8000,10000,10000,2012-03-24,10000.0,0.0,0.0,2.0,10000.0,9500.0,9500.0,9000.0
Kerala,Malappuram,Manjeri,Other,Beverages,1.0,8000,10000,10000,2012-03-26,10000.0,0.0,0.0,1.0,10000.0,10000.0,9500.0,9000.0
Kerala,Malappuram,Manjeri,Other,Beverages,1.0,8000,10000,10000,2012-03-27,10000.0,0.0,0.0,1.0,10000.0,10000.0,9500.0,9000.0
Kerala,Malappuram,Manjeri,Other,Beverages,1.0,8000,10000,10000,2012-03-28,10000.0,0.0,0.0,1.0,10000.0,10000.0,9500.0,9000.0
Kerala,Malappuram,Manjeri,Other,Beverages,1.0,8000,10000,10000,2012-03-29,10000.0,0.0,0.0,1.0,10000.0,10000.0,9500.0,9000.0
Kerala,Malappuram,Manjeri,Other,Beverages,1.0,8000,10000,10000,2012-03-30,10000.0,0.0,0.0,1.0,10000.0,10000.0,9500.0,9000.0
Kerala,Malappuram,Manjeri,Other,Beverages,1.0,8000,10000,10000,2012-03-31,10000.0,0.0,0.0,5.0,10000.0,10000.0,9500.0,9000.0
Kerala,Malappuram,Manjeri,Other,Beverages,1.0,8000,10000,10000,2012-04-05,10000.0,0.0,0.0,1.0,10000.0,10000.0,9500.0,9000.0
Kerala,Malappuram,Manjeri,Other,Beverages,1.0,8000,10000,10000,2012-04-06,10000.0,0.0,0.0,1.0,10000.0,10000.0,10000.0,9000.0
Kerala,Malappuram,Manjeri,Other,Beverages,1.0,8000,10000,10000,2012-04-07,10000.0,0.0,0.0,2.0,10000.0,10000.0,10000.0,9000.0
Kerala,Malappuram,Manjeri,Other,Beverages,1.0,8000,10000,10000,2012-04-09,10000.0,0.0,0.0,1.0,10000.0,10000.0,10000.0,9000.0
Kerala,Malappuram,Manjeri,Other,Beverages,1.0,8000,10000,10000,2012-04-10,10000.0,0.0,0.0,1.0,10000.0,10000.0,10000.0,9000.0
Kerala,Malappuram,Manjeri,Other,Beverages,1.0,8000,10000,10000,2012-04-11,10000.0,0.0,0.0,1.0,10000.0,10000.0,10000.0,9500.0
Kerala,Malappuram,Manjeri,Other,Beverages,1.0,8000,10000,10000,2012-04-12,10000.0,0.0,0.0,4.0,10000.0,10000.0,10000.0,9500.0
Kerala,Malappuram,Manjeri,Other,Beverages,1.0,8000,10000,10000,2012-04-16,10000.0,0.0,0.0,1.0,10000.0,10000.0,10000.0,9500.0
Kerala,Malappuram,Manjeri,Other,Beverages,1.0,8000,10000,10000,2012-04-17,10000.0,0.0,0.0,1.0,10000.0,10000.0,10000.0,9500.0
Kerala,Malappuram,Manjeri,Other,Beverages,1.0,8000,10000,10000,2012-04-18,10000.0,0.0,0.0,1.0,10000.0,10000.0,10000.0,9500.0
Kerala,Malappuram,Manjeri,Other,Beverages,1.0,8000,10000,10000,2012-04-19,10000.0,0.0,0.0,1.0,10000.0,10000.0,10000.0,9500.0
Kerala,Malappuram,Manjeri,Other,Beverages,1.0,8000,10000,10000,2012-04-20,10000.0,0.0,0.0,1.0,10000.0,10000.0,10000.0,9500.0
Kerala,Malappuram,Manjeri,Other,Beverages,1.0,8000,10000,10000,2012-04-21,10000.0,0.0,0.0,2.0,10000.0,10000.0,10000.0,9500.0
Kerala,Malappuram,Manjeri,Other,Beverages,1.0,8000,10000,10000,2012-04-23,10000.0,0.0,0.0,1.0,10000.0,10000.0,10000.0,9500.0
Kerala,Malappuram,Manjeri,Other,Beverages,1.0,8000,10000,10000,2012-04-24,10000.0,0.0,0.0,1.0,10000.0,10000.0,10000.0,9500.0
Kerala,Malappuram,Manjeri,Other,Beverages,1.0,9000,10000,10000,2012-04-25,10000.0,0.0,0.0,1.0,10000.0,10000.0,10000.0,9500.0
Kerala,Malappuram,Manjeri,Other,Beverages,1.0,9000,10000,10000,2012-04-26,10000.0,0.0,0.0,1.0,10000.0,10000.0,10000.0,9500.0
Kerala,Malappuram,Manjeri,Other,Beverages,1.0,9000,10000,10000,2012-04-27,10000.0,0.0,0.0,1.0,10000.0,10000.0,10000.0,10000.0
Kerala,Malappuram,Manjeri,Other,Beverages,1.0,9000,10000,10000,2012-04-28,10000.0,0.0,0.0,2.0,10000.0,10000.0,10000.0,10000.0
Kerala,Malappuram,Manjeri,Other,Beverages,1.0,9000,10000,10000,2012-04-30,10000.0,0.0,0.0,2.0,10000.0,10000.0,10000.0,10000.0
Kerala,Malappuram,Manjeri,Other,Beverages,1.0,9000,10000,10000,2012-05-02,10000.0,0.0,0.0,1.0,10000.0,10000.0,10000.0,10000.0
Kerala,Malappuram,Manjeri,Other,Beverages,1.0,9000,10000,10000,2012-05-03,10000.0,0.0,0.0,1.0,10000.0,10000.0,10000.0,10000.0
Kerala,Malappuram,Manjeri,Other,Beverages,1.0,9000,10000,10000,2012-05-04,10000.0,0.0,0.0,1.0,10000.0,10000.0,10000.0,10000.0
Kerala,Malappuram,Manjeri,Other,Beverages,1.0,9000,10000,10000,2012-05-05,10000.0,0.0,0.0,2.0,10000.0,10000.0,10000.0,10000.0
Kerala,Malappuram,Manjeri,Other,Beverages,1.0,9000,10000,10000,2012-05-07,10000.0,0.0,0.0,1.0,10000.0,10000.0,10000.0,10000.0
Kerala,Malappuram,Manjeri,Other,Beverages,1.0,9000,10000,10000,2012-05-08,10000.0,0.0,0.0,1.0,10000.0,10000.0,10000.0,10000.0
Kerala,Malappuram,Manjeri,Other,Beverages,1.0,9000,10000,10000,2012-05-09,10000.0,0.0,0.0,1.0,10000.0,10000.0,10000.0,10000.0
Kerala,Malappuram,Manjeri,Other,Beverages,1.0,9000,10000,10000,2012-05-10,10000.0,0.0,0.0,1.0,10000.0,10000.0,10000.0,10000.0
Kerala,Malappuram,Manjeri,Other,Beverages,1.0,9000,10000,10000,2012-05-11,10000.0,0.0,0.0,1.0,10000.0,10000.0,10000.0,10000.0
Kerala,Malappuram,Manjeri,Other,Beverages,1.0,9000,10000,10000,2012-05-12,10000.0,0.0,0.0,2.0,10000.0,10000.0,10000.0,10000.0
Kerala,Malappuram,Manjeri,Other,Beverages,1.0,9000,10000,10000,2012-05-14,10000.0,0.0,0.0,1.0,10000.0,10000.0,10000.0,10000.0
Kerala,Malappuram,Manjeri,Other,Beverages,1.0,9000,10000,10000,2012-05-15,10000.0,0.0,0.0,1.0,10000.0,10000.0,10000.0,10000.0
Kerala,Malappuram,Manjeri,Other,Beverages,1.0,9000,10000,10000,2012-05-16,10000.0,0.0,0.0,1.0,10000.0,10000.0,10000.0,10000.0
Kerala,Malappuram,Manjeri,Other,Beverages,1.0,9000,10000,10000,2012-05-17,10000.0,0.0,0.0,1.0,10000.0,10000.0,10000.0,10000.0
Kerala,Malappuram,Manjeri,Other,Beverages,1.0,9000,10000,10000,2012-05-18,10000.0,0.0,0.0,1.0,10000.0,10000.0,10000.0,10000.0
Kerala,Malappuram,Manjeri,Other,Beverages,1.0,9000,10000,10000,2012-05-19,10000.0,0.0,0.0,2.0,10000.0,10000.0,10000.0,10000.0
Kerala,Malappuram,Manjeri,Other,Beverages,1.0,9000,10000,10000,2012-05-21,10000.0,0.0,0.0,1.0,10000.0,10000.0,10000.0,10000.0
Kerala,Malappuram,Manjeri,Other,Beverages,1.0,9000,10000,10000,2012-05-22,10000.0,0.0,0.0,1.0,10000.0,10000.0,10000.0,10000.0
Kerala,Malappuram,Manjeri,Other,Beverages,1.0,9000,10000,10000,2012-05-23,10000.0,0.0,0.0,2.0,10000.0,10000.0,10000.0,10000.0
Kerala,Malappuram,Manjeri,Other,Beverages,1.0,9000,10000,10000,2012-05-25,10000.0,0.0,0.0,1.0,10000.0,10000.0,10000.0,10000.0
Kerala,Malappuram,Manjeri,Other,Beverages,1.0,9000,10000,10000,2012-05-26,10000.0,0.0,0.0,2.0,10000.0,10000.0,10000.0,10000.0
Kerala,Malappuram,Manjeri,Other,Beverages,1.0,9000,10000,10000,2012-05-28,10000.0,0.0,0.0,1.0,10000.0,10000.0,10000.0,10000.0
Kerala,Malappuram,Manjeri,Other,Beverages,1.0,9000,10000,10000,2012-05-29,10000.0,0.0,0.0,1.0,10000.0,10000.0,10000.0,10000.0
Kerala,Malappuram,Manjeri,Other,Beverages,1.0,9000,10000,10000,2012-05-30,10000.0,0.0,0.0,1.0,10000.0,10000.0,10000.0,10000.0
Kerala,Malappuram,Manjeri,Other,Beverages,1.0,9000,10000,10000,2012-05-31,10000.0,0.0,0.0,1.0,10000.0,10000.0,10000.0,10000.0
Kerala,Malappuram,Manjeri,Other,Beverages,1.0,9000,10000,10000,2012-06-01,10000.0,0.0,0.0,1.0,10000.0,10000.0,10000.0,10000.0
Kerala,Malappuram,Manjeri,Other,Beverages,1.0,9000,10000,10000,2012-06-02,10000.0,0.0,0.0,2.0,10000.0,10000.0,10000.0,10000.0
Kerala,Malappuram,Manjeri,Other,Beverages,1.0,9000,10000,10000,2012-06-04,10000.0,0.0,0.0,1.0,10000.0,10000.0,10000.0,10000.0
Kerala,Malappuram,Manjeri,Other,Beverages,1.0,9000,10000,10000,2012-06-05,10000.0,0.0,0.0,1.0,10000.0,10000.0,10000.0,10000.0
Kerala,Malappuram,Manjeri,Other,Beverages,1.0,9000,10000,10000,2012-06-06,10000.0,0.0,0.0,1.0,10000.0,10000.0,10000.0,10000.0
Kerala,Malappuram,Manjeri,Other,Beverages,1.0,9000,10000,10000,2012-06-07,10000.0,0.0,0.0,1.0,10000.0,10000.0,10000.0,10000.0
Kerala,Malappuram,Manjeri,Other,Beverages,1.0,9000,10000,10000,2012-06-08,10000.0,0.0,0.0,1.0,10000.0,10000.0,10000.0,10000.0
Kerala,Malappuram,Manjeri,Other,Beverages,1.0,9000,10000,10000,2012-06-09,10000.0,0.0,0.0,2.0,10000.0,10000.0,10000.0,10000.0
Kerala,Malappuram,Manjeri,Other,Beverages,1.0,9000,10000,10000,2012-06-11,10000.0,0.0,0.0,1.0,10000.0,10000.0,10000.0,10000.0
Kerala,Malappuram,Manjeri,Other,Beverages,1.0,9000,10000,10000,2012-06-12,10000.0,0.0,0.0,1.0,10000.0,10000.0,10000.0,10000.0
Kerala,Malappuram,Manjeri,Other,Beverages,1.0,9000,10000,10000,2012-06-13,10000.0,0.0,0.0,1.0,10000.0,10000.0,10000.0,10000.0
Kerala,Malappuram,Manjeri,Other,Beverages,1.0,9000,10000,10000,2012-06-14,10000.0,0.0,0.0,1.0,10000.0,10000.0,10000.0,10000.0
Kerala,Malappuram,Manjeri,Other,Beverages,1.0,9000,10000,10000,2012-06-15,10000.0,0.0,0.0,1.0,10000.0,10000.0,10000.0,10000.0
Kerala,Malappuram,Manjeri,Other,Beverages,1.0,9000,10000,10000,2012-06-16,10000.0,0.0,0.0,2.0,10000.0,10000.0,10000.0,10000.0
Kerala,Malappuram,Manjeri,Other,Beverages,1.0,9000,10000,10000,2012-06-18,11500.0,0.15,0.1397619423751586,1.0,10000.0,10000.0,10000.0,10000.0
Kerala,Malappuram,Manjeri,Other,Beverages,1.0,8500,11500,11500,2012-06-19,11500.0,0.0,0.0,1.0,10000.0,10000.0,10000.0,10000.0
Kerala,Malappuram,Manjeri,Other,Beverages,1.0,8500,11500,11500,2012-06-20,11500.0,0.0,0.0,1.0,11500.0,10000.0,10000.0,10000.0
Kerala,Malappuram,Manjeri,Other,Beverages,1.0,8500,11500,11500,2012-06-21,11500.0,0.0,0.0,1.0,11500.0,10000.0,10000.0,10000.0
Kerala,Malappuram,Manjeri,Other,Beverages,1.0,8500,11500,11500,2012-06-22,11500.0,0.0,0.0,1.0,11500.0,10000.0,10000.0,10000.0
Kerala,Malappuram,Manjeri,Other,Beverages,1.0,8500,11500,11500,2012-06-23,11500.0,0.0,0.0,2.0,11500.0,10000.0,10000.0,10000.0
Kerala,Malappuram,Manjeri,Other,Beverages,1.0,8500,11500,11500,2012-06-25,11500.0,0.0,0.0,1.0,11500.0,10000.0,10000.0,10000.0
Kerala,Malappuram,Manjeri,Other,Beverages,1.0,8500,11500,11500,2012-06-26,11500.0,0.0,0.0,1.0,11500.0,10000.0,10000.0,10000.0
Kerala,Malappuram,Manjeri,Other,Beverages,1.0,8500,11500,11500,2012-06-27,11500.0,0.0,0.0,1.0,11500.0,11500.0,10000.0,10000.0
Kerala,Malappuram,Manjeri,Other,Beverages,1.0,8500,11500,11500,2012-06-28,11500.0,0.0,0.0,1.0,11500.0,11500.0,10000.0,10000.0
Kerala,Malappuram,Manjeri,Other,Beverages,1.0,8500,11500,11500,2012-06-29,11500.0,0.0,0.0,1.0,11500.0,11500.0,10000.0,10000.0
Kerala,Malappuram,Manjeri,Other,Beverages,1.0,8500,11500,11500,2012-06-30,11500.0,0.0,0.0,2.0,11500.0,11500.0,10000.0,10000.0
Kerala,Malappuram,Manjeri,Other,Beverages,1.0,8500,11500,11500,2012-07-02,11500.0,0.0,0.0,1.0,11500.0,11500.0,10000.0,10000.0
Kerala,Malappuram,Manjeri,Other,Beverages,1.0,8500,11500,11500,2012-07-03,11500.0,0.0,0.0,1.0,11500.0,11500.0,10000.0,10000.0
Kerala,Malappuram,Manjeri,Other,Beverages,1.0,8500,11500,11500,2012-07-04,11500.0,0.0,0.0,1.0,11500.0,11500.0,10000.0,10000.0
Kerala,Malappuram,Manjeri,Other,Beverages,1.0,8500,11500,11500,2012-07-05,11500.0,0.0,0.0,1.0,11500.0,11500.0,11500.0,10000.0
Kerala,Malappuram,Manjeri,Other,Beverages,1.0,8500,11500,11500,2012-07-06,11500.0,0.0,0.0,1.0,11500.0,11500.0,11500.0,10000.0
Kerala,Malappuram,Manjeri,Other,Beverages,1.0,8500,11500,11500,2012-07-07,11500.0,0.0,0.0,2.0,11500.0,11500.0,11500.0,10000.0
Kerala,Malappuram,Manjeri,Other,Beverages,1.0,8500,11500,11500,2012-07-09,11500.0,0.0,0.0,1.0,11500.0,11500.0,11500.0,10000.0
Kerala,Malappuram,Manjeri,Other,Beverages,1.0,8500,11500,11500,2012-07-10,11500.0,0.0,0.0,1.0,11500.0,11500.0,11500.0,10000.0
Kerala,Malappuram,Manjeri,Other,Beverages,1.0,8500,11500,11500,2012-07-11,11500.0,0.0,0.0,1.0,11500.0,11500.0,11500.0,10000.0
Kerala,Malappuram,Manjeri,Other,Beverages,1.0,9000,11500,11500,2012-07-12,11500.0,0.0,0.0,1.0,11500.0,11500.0,11500.0,10000.0
Kerala,Malappuram,Manjeri,Other,Beverages,1.0,9000,11500,11500,2012-07-13,11500.0,0.0,0.0,1.0,11500.0,11500.0,11500.0,10000.0
Kerala,Malappuram,Manjeri,Other,Beverages,1.0,9000,11500,11500,2012-07-14,11500.0,0.0,0.0,2.0,11500.0,11500.0,11500.0,10000.0
Kerala,Malappuram,Manjeri,Other,Beverages,1.0,9000,11500,11500,2012-07-16,11500.0,0.0,0.0,1.0,11500.0,11500.0,11500.0,10000.0
Kerala,Malappuram,Manjeri,Other,Beverages,1.0,9000,11500,11500,2012-07-17,11500.0,0.0,0.0,1.0,11500.0,11500.0,11500.0,10000.0
Kerala,Malappuram,Manjeri,Other,Beverages,1.0,9000,11500,11500,2012-07-18,11500.0,0.0,0.0,1.0,11500.0,11500.0,11500.0,10000.0
Kerala,Malappuram,Manjeri,Other,Beverages,1.0,9000,11500,11500,2012-07-19,11500.0,0.0,0.0,1.0,11500.0,11500.0,11500.0,10000.0
Kerala,Malappuram,Manjeri,Other,Beverages,1.0,9000,11500,11500,2012-07-20,11500.0,0.0,0.0,1.0,11500.0,11500.0,11500.0,10000.0
Kerala,Malappuram,Manjeri,Other,Beverages,1.0,9000,11500,11500,2012-07-21,11500.0,0.0,0.0,2.0,11500.0,11500.0,11500.0,10000.0
Kerala,Malappuram,Manjeri,Other,Beverages,1.0,9000,11500,11500,2012-07-23,11500.0,0.0,0.0,1.0,11500.0,11500.0,11500.0,10000.0
Kerala,Malappuram,Manjeri,Other,Beverages,1.0,9000,11500,11500,2012-07-24,11500.0,0.0,0.0,1.0,11500.0,11500.0,11500.0,11500.0
Kerala,Malappuram,Manjeri,Other,Beverages,1.0,9000,11500,11500,2012-07-25,11500.0,0.0,0.0,1.0,11500.0,11500.0,11500.0,11500.0
Kerala,Malappuram,Manjeri,Other,Beverages,1.0,9000,11500,11500,2012-07-26,11500.0,0.0,0.0,1.0,11500.0,11500.0,11500.0,11500.0
Kerala,Malappuram,Manjeri,Other,Beverages,1.0,9000,11500,11500,2012-07-27,11500.0,0.0,0.0,1.0,11500.0,11500.0,11500.0,11500.0
Kerala,Malappuram,Manjeri,Other,Beverages,1.0,9000,11500,11500,2012-07-28,11500.0,0.0,0.0,2.0,11500.0,11500.0,11500.0,11500.0
Kerala,Malappuram,Manjeri,Other,Beverages,1.0,9000,11500,11500,2012-07-30,11500.0,0.0,0.0,1.0,11500.0,11500.0,11500.0,11500.0
Kerala,Malappuram,Manjeri,Other,Beverages,1.0,9000,11500,11500,2012-07-31,11500.0,0.0,0.0,1.0,11500.0,11500.0,11500.0,11500.0
Kerala,Malappuram,Manjeri,Other,Beverages,1.0,9000,11500,11500,2012-08-01,11500.0,0.0,0.0,2.0,11500.0,11500.0,11500.0,11500.0
Kerala,Malappuram,Manjeri,Other,Beverages,1.0,9000,11500,11500,2012-08-03,11500.0,0.0,0.0,1.0,11500.0,11500.0,11500.0,11500.0
Kerala,Malappuram,Manjeri,Other,Beverages,1.0,9000,11500,11500,2012-08-04,11500.0,0.0,0.0,2.0,11500.0,11500.0,11500.0,11500.0
Kerala,Malappuram,Manjeri,Other,Beverages,1.0,9000,11500,11500,2012-08-06,11500.0,0.0,0.0,1.0,11500.0,11500.0,11500.0,11500.0
Kerala,Malappuram,Manjeri,Other,Beverages,1.0,9000,11500,11500,2012-08-07,11500.0,0.0,0.0,1.0,11500.0,11500.0,11500.0,11500.0
Kerala,Malappuram,Manjeri,Other,Beverages,1.0,9000,11500,11500,2012-08-08,11500.0,0.0,0.0,1.0,11500.0,11500.0,11500.0,11500.0
Kerala,Malappuram,Manjeri,Other,Beverages,1.0,9000,11500,11500,2012-08-09,11500.0,0.0,0.0,1.0,11500.0,11500.0,11500.0,11500.0
Kerala,Malappuram,Manjeri,Other,Beverages,1.0,9000,11500,11500,2012-08-10,11500.0,0.0,0.0,1.0,11500.0,11500.0,11500.0,11500.0
Kerala,Malappuram,Manjeri,Other,Beverages,1.0,9000,11500,11500,2012-08-11,11500.0,0.0,0.0,2.0,11500.0,11500.0,11500.0,11500.0
Kerala,Malappuram,Manjeri,Other,Beverages,1.0,9000,11500,11500,2012-08-13,11500.0,0.0,0.0,1.0,11500.0,11500.0,11500.0,11500.0
Kerala,Malappuram,Manjeri,Other,Beverages,1.0,9000,11500,11500,2012-08-14,11500.0,0.0,0.0,1.0,11500.0,11500.0,11500.0,11500.0
Kerala,Malappuram,Manjeri,Other,Beverages,1.0,9000,11500,11500,2012-08-15,11500.0,0.0,0.0,1.0,11500.0,11500.0,11500.0,11500.0
Kerala,Malappuram,Manjeri,Other,Beverages,1.0,9000,11500,11500,2012-08-16,11500.0,0.0,0.0,1.0,11500.0,11500.0,11500.0,11500.0
Kerala,Malappuram,Manjeri,Other,Beverages,1.0,9000,11500,11500,2012-08-17,11500.0,0.0,0.0,1.0,11500.0,11500.0,11500.0,11500.0
Kerala,Malappuram,Manjeri,Other,Beverages,1.0,10000,11500,11500,2012-08-18,11500.0,0.0,0.0,3.0,11500.0,11500.0,11500.0,11500.0
Kerala,Malappuram,Manjeri,Other,Beverages,1.0,10000,11500,11500,2012-08-21,11500.0,0.0,0.0,2.0,11500.0,11500.0,11500.0,11500.0
Kerala,Malappuram,Manjeri,Other,Beverages,1.0,10000,11500,11500,2012-08-23,11500.0,0.0,0.0,1.0,11500.0,11500.0,11500.0,11500.0
Kerala,Malappuram,Manjeri,Other,Beverages,1.0,10000,11500,11500,2012-08-24,11500.0,0.0,0.0,1.0,11500.0,11500.0,11500.0,11500.0
Kerala,Malappuram,Manjeri,Other,Beverages,1.0,10000,11500,11500,2012-08-25,11500.0,0.0,0.0,2.0,11500.0,11500.0,11500.0,11500.0
Kerala,Malappuram,Manjeri,Other,Beverages,1.0,10000,11500,11500,2012-08-27,11500.0,0.0,0.0,1.0,11500.0,11500.0,11500.0,11500.0
Kerala,Malappuram,Manjeri,Other,Beverages,1.0,10000,11500,11500,2012-08-28,11500.0,0.0,0.0,3.0,11500.0,11500.0,11500.0,11500.0
Kerala,Malappuram,Manjeri,Other,Beverages,1.0,10000,11500,11500,2012-08-31,11500.0,0.0,0.0,1.0,11500.0,11500.0,11500.0,11500.0
Kerala,Malappuram,Manjeri,Other,Beverages,1.0,10000,11500,11500,2012-09-01,11500.0,0.0,0.0,2.0,11500.0,11500.0,11500.0,11500.0
Kerala,Malappuram,Manjeri,Other,Beverages,1.0,10000,11500,11500,2012-09-03,11500.0,0.0,0.0,1.0,11500.0,11500.0,11500.0,11500.0
Kerala,Malappuram,Manjeri,Other,Beverages,1.0,11000,11500,11500,2012-09-04,11500.0,0.0,0.0,1.0,11500.0,11500.0,11500.0,11500.0
Kerala,Malappuram,Manjeri,Other,Beverages,1.0,11000,11500,11500,2012-09-05,11500.0,0.0,0.0,1.0,11500.0,11500.0,11500.0,11500.0
Kerala,Malappuram,Manjeri,Other,Beverages,1.0,11000,11500,11500,2012-09-06,11500.0,0.0,0.0,1.0,11500.0,11500.0,11500.0,11500.0
Kerala,Malappuram,Manjeri,Other,Beverages,1.0,11000,11500,11500,2012-09-07,11500.0,0.0,0.0,1.0,11500.0,11500.0,11500.0,11500.0
Kerala,Malappuram,Manjeri,Other,Beverages,1.0,11000,11500,11500,2012-09-08,11500.0,0.0,0.0,2.0,11500.0,11500.0,11500.0,11500.0
Kerala,Malappuram,Manjeri,Other,Beverages,1.0,11000,11500,11500,2012-09-10,11500.0,0.0,0.0,1.0,11500.0,11500.0,11500.0,11500.0
Kerala,Malappuram,Manjeri,Other,Beverages,1.0,11000,11500,11500,2012-09-11,11500.0,0.0,0.0,1.0,11500.0,11500.0,11500.0,11500.0
Kerala,Malappuram,Manjeri,Other,Beverages,1.0,11000,11500,11500,2012-09-12,11500.0,0.0,0.0,1.0,11500.0,11500.0,11500.0,11500.0
Kerala,Malappuram,Manjeri,Other,Beverages,1.0,11000,11500,11500,2012-09-13,11500.0,0.0,0.0,1.0,11500.0,11500.0,11500.0,11500.0
Kerala,Malappuram,Manjeri,Other,Beverages,1.0,11000,11500,11500,2012-09-14,11500.0,0.0,0.0,3.0,11500.0,11500.0,11500.0,11500.0
Kerala,Malappuram,Manjeri,Other,Beverages,1.0,11000,11500,11500,2012-09-17,11500.0,0.0,0.0,1.0,11500.0,11500.0,11500.0,11500.0
Kerala,Malappuram,Manjeri,Other,Beverages,1.0,11000,11500,11500,2012-09-18,11500.0,0.0,0.0,1.0,11500.0,11500.0,11500.0,11500.0
Kerala,Malappuram,Manjeri,Other,Beverages,1.0,11000,11500,11500,2012-09-19,11500.0,0.0,0.0,1.0,11500.0,11500.0,11500.0,11500.0
Kerala,Malappuram,Manjeri,Other,Beverages,1.0,11000,11500,11500,2012-09-20,11500.0,0.0,0.0,1.0,11500.0,11500.0,11500.0,11500.0
Kerala,Malappuram,Manjeri,Other,Beverages,1.0,11000,11500,11500,2012-09-21,11500.0,0.0,0.0,1.0,11500.0,11500.0,11500.0,11500.0
Kerala,Malappuram,Manjeri,Other,Beverages,1.0,11000,11500,11500,2012-09-22,11500.0,0.0,0.0,2.0,11500.0,11500.0,11500.0,11500.0
Kerala,Malappuram,Manjeri,Other,Beverages,1.0,11000,11500,11500,2012-09-24,11500.0,0.0,0.0,1.0,11500.0,11500.0,11500.0,11500.0
Kerala,Malappuram,Manjeri,Other,Beverages,1.0,11000,11500,11500,2012-09-25,11500.0,0.0,0.0,1.0,11500.0,11500.0,11500.0,11500.0
Kerala,Malappuram,Manjeri,Other,Beverages,1.0,11000,11500,11500,2012-09-26,11500.0,0.0,0.0,1.0,11500.0,11500.0,11500.0,11500.0
Kerala,Malappuram,Manjeri,Other,Beverages,1.0,11000,11500,11500,2012-09-27,11500.0,0.0,0.0,1.0,11500.0,11500.0,11500.0,11500.0
Kerala,Malappuram,Manjeri,Other,Beverages,1.0,11000,11500,11500,2012-09-28,11500.0,0.0,0.0,1.0,11500.0,11500.0,11500.0,11500.0
Kerala,Malappuram,Manjeri,Other,Beverages,1.0,11000,11500,11500,2012-09-29,11500.0,0.0,0.0,2.0,11500.0,11500.0,11500.0,11500.0
Kerala,Malappuram,Manjeri,Other,Beverages,1.0,11000,11500,11500,2012-10-01,11500.0,0.0,0.0,1.0,11500.0,11500.0,11500.0,11500.0
Kerala,Malappuram,Manjeri,Other,Beverages,1.0,11000,11500,11500,2012-10-02,11500.0,0.0,0.0,2.0,11500.0,11500.0,11500.0,11500.0
Kerala,Malappuram,Manjeri,Other,Beverages,1.0,11000,11500,11500,2012-10-04,11500.0,0.0,0.0,1.0,11500.0,11500.0,11500.0,11500.0
Kerala,Malappuram,Manjeri,Other,Beverages,1.0,11000,11500,11500,2012-10-05,11500.0,0.0,0.0,1.0,11500.0,11500.0,11500.0,11500.0
Kerala,Malappuram,Manjeri,Other,Beverages,1.0,11000,11500,11500,2012-10-06,11500.0,0.0,0.0,2.0,11500.0,11500.0,11500.0,11500.0
Kerala,Malappuram,Manjeri,Other,Beverages,1.0,11000,11500,11500,2012-10-08,11500.0,0.0,0.0,1.0,11500.0,11500.0,11500.0,11500.0
Kerala,Malappuram,Manjeri,Other,Beverages,1.0,11000,11500,11500,2012-10-09,11500.0,0.0,0.0,1.0,11500.0,11500.0,11500.0,11500.0
Kerala,Malappuram,Manjeri,Other,Beverages,1.0,11000,11500,11500,2012-10-10,11500.0,0.0,0.0,1.0,11500.0,11500.0,11500.0,11500.0
Kerala,Malappuram,Manjeri,Other,Beverages,1.0,11000,11500,11500,2012-10-11,11500.0,0.0,0.0,1.0,11500.0,11500.0,11500.0,11500.0
Kerala,Malappuram,Manjeri,Other,Beverages,1.0,11000,11500,11500,2012-10-12,11500.0,0.0,0.0,1.0,11500.0,11500.0,11500.0,11500.0
Kerala,Malappuram,Manjeri,Other,Beverages,1.0,11000,11500,11500,2012-10-13,11500.0,0.0,0.0,2.0,11500.0,11500.0,11500.0,11500.0
Kerala,Malappuram,Manjeri,Other,Beverages,1.0,11000,11500,11500,2012-10-15,11500.0,0.0,0.0,1.0,11500.0,11500.0,11500.0,11500.0
Kerala,Malappuram,Manjeri,Other,Beverages,1.0,11000,11500,11500,2012-10-16,11500.0,0.0,0.0,1.0,11500.0,11500.0,11500.0,11500.0
Kerala,Malappuram,Manjeri,Other,Beverages,1.0,11000,11500,11500,2012-10-17,11500.0,0.0,0.0,1.0,11500.0,11500.0,11500.0,11500.0
Kerala,Malappuram,Manjeri,Other,Beverages,1.0,11000,11500,11500,2012-10-18,11500.0,0.0,0.0,1.0,11500.0,11500.0,11500.0,11500.0
Kerala,Malappuram,Manjeri,Other,Beverages,1.0,11000,11500,11500,2012-10-19,11500.0,0.0,0.0,1.0,11500.0,11500.0,11500.0,11500.0
Kerala,Malappuram,Manjeri,Other,Beverages,1.0,11000,11500,11500,2012-10-20,11500.0,0.0,0.0,2.0,11500.0,11500.0,11500.0,11500.0
Kerala,Malappuram,Manjeri,Other,Beverages,1.0,11000,11500,11500,2012-10-22,11500.0,0.0,0.0,1.0,11500.0,11500.0,11500.0,11500.0
Kerala,Malappuram,Manjeri,Other,Beverages,1.0,11000,11500,11500,2012-10-23,11500.0,0.0,0.0,1.0,11500.0,11500.0,11500.0,11500.0
Kerala,Malappuram,Manjeri,Other,Beverages,1.0,11000,11500,11500,2012-10-24,11500.0,0.0,0.0,1.0,11500.0,11500.0,11500.0,11500.0
Kerala,Malappuram,Manjeri,Other,Beverages,1.0,11000,11500,11500,2012-10-25,11500.0,0.0,0.0,2.0,11500.0,11500.0,11500.0,11500.0
Kerala,Malappuram,Manjeri,Other,Beverages,1.0,11000,11500,11500,2012-10-27,11500.0,0.0,0.0,2.0,11500.0,11500.0,11500.0,11500.0
Kerala,Malappuram,Manjeri,Other,Beverages,1.0,11000,11500,11500,2012-10-29,11500.0,0.0,0.0,1.0,11500.0,11500.0,11500.0,11500.0
Kerala,Malappuram,Manjeri,Other,Beverages,1.0,11000,11500,11500,2012-10-30,11500.0,0.0,0.0,1.0,11500.0,11500.0,11500.0,11500.0
Kerala,Malappuram,Manjeri,Other,Beverages,1.0,11000,11500,11500,2012-10-31,11500.0,0.0,0.0,1.0,11500.0,11500.0,11500.0,11500.0
Kerala,Malappuram,Manjeri,Other,Beverages,1.0,11000,11500,11500,2012-11-01,11500.0,0.0,0.0,1.0,11500.0,11500.0,11500.0,11500.0
Kerala,Malappuram,Manjeri,Other,Beverages,1.0,11000,11500,11500,2012-11-02,11500.0,0.0,0.0,1.0,11500.0,11500.0,11500.0,11500.0
Kerala,Malappuram,Manjeri,Other,Beverages,1.0,11000,11500,11500,2012-11-03,11500.0,0.0,0.0,2.0,11500.0,11500.0,11500.0,11500.0
Kerala,Malappuram,Manjeri,Other,Beverages,1.0,11000,11500,11500,2012-11-05,11500.0,0.0,0.0,1.0,11500.0,11500.0,11500.0,11500.0
Kerala,Malappuram,Manjeri,Other,Beverages,1.0,11000,11500,11500,2012-11-06,11500.0,0.0,0.0,1.0,11500.0,11500.0,11500.0,11500.0
Kerala,Malappuram,Manjeri,Other,Beverages,1.0,11000,11500,11500,2012-11-07,11500.0,0.0,0.0,1.0,11500.0,11500.0,11500.0,11500.0
Kerala,Malappuram,Manjeri,Other,Beverages,1.0,11000,11500,11500,2012-11-08,11500.0,0.0,0.0,1.0,11500.0,11500.0,11500.0,11500.0
Kerala,Malappuram,Manjeri,Other,Beverages,1.0,11000,11500,11500,2012-11-09,11500.0,0.0,0.0,1.0,11500.0,11500.0,11500.0,11500.0
Kerala,Malappuram,Manjeri,Other,Beverages,1.0,11000,11500,11500,2012-11-10,11500.0,0.0,0.0,2.0,11500.0,11500.0,11500.0,11500.0
Kerala,Malappuram,Manjeri,Other,Beverages,1.0,11000,11500,11500,2012-11-12,11500.0,0.0,0.0,1.0,11500.0,11500.0,11500.0,11500.0
Kerala,Malappuram,Manjeri,Other,Beverages,1.0,11000,11500,11500,2012-11-13,11500.0,0.0,0.0,1.0,11500.0,11500.0,11500.0,11500.0
Kerala,Malappuram,Manjeri,Other,Beverages,1.0,11000,11500,11500,2012-11-14,11500.0,0.0,0.0,1.0,11500.0,11500.0,11500.0,11500.0
Kerala,Malappuram,Manjeri,Other,Beverages,1.0,11000,11500,11500,2012-11-15,11500.0,0.0,0.0,1.0,11500.0,11500.0,11500.0,11500.0
Kerala,Malappuram,Manjeri,Other,Beverages,1.0,11000,11500,11500,2012-11-16,11500.0,0.0,0.0,1.0,11500.0,11500.0,11500.0,11500.0
Kerala,Malappuram,Manjeri,Other,Beverages,1.0,11000,11500,11500,2012-11-17,11500.0,0.0,0.0,2.0,11500.0,11500.0,11500.0,11500.0
Kerala,Malappuram,Manjeri,Other,Beverages,1.0,11000,11500,11500,2012-11-19,11500.0,0.0,0.0,1.0,11500.0,11500.0,11500.0,11500.0
Kerala,Malappuram,Manjeri,Other,Beverages,1.0,11000,11500,11500,2012-11-20,11500.0,0.0,0.0,1.0,11500.0,11500.0,11500.0,11500.0
Kerala,Malappuram,Manjeri,Other,Beverages,1.0,11000,11500,11500,2012-11-21,11500.0,0.0,0.0,1.0,11500.0,11500.0,11500.0,11500.0
Kerala,Malappuram,Manjeri,Other,Beverages,1.0,11000,11500,11500,2012-11-22,11500.0,0.0,0.0,1.0,11500.0,11500.0,11500.0,11500.0
Kerala,Malappuram,Manjeri,Other,Beverages,1.0,11000,11500,11500,2012-11-23,11500.0,0.0,0.0,1.0,11500.0,11500.0,11500.0,11500.0
Kerala,Malappuram,Manjeri,Other,Beverages,1.0,11000,11500,11500,2012-11-24,11500.0,0.0,0.0,2.0,11500.0,11500.0,11500.0,11500.0
Kerala,Malappuram,Manjeri,Other,Beverages,1.0,11000,11500,11500,2012-11-26,11500.0,0.0,0.0,1.0,11500.0,11500.0,11500.0,11500.0
Kerala,Malappuram,Manjeri,Other,Beverages,1.0,11000,11500,11500,2012-11-27,11500.0,0.0,0.0,1.0,11500.0,11500.0,11500.0,11500.0
Kerala,Malappuram,Manjeri,Other,Beverages,1.0,11000,11500,11500,2012-11-28,11500.0,0.0,0.0,1.0,11500.0,11500.0,11500.0,11500.0
Kerala,Malappuram,Manjeri,Other,Beverages,1.0,11000,11500,11500,2012-11-29,11500.0,0.0,0.0,1.0,11500.0,11500.0,11500.0,11500.0
Kerala,Malappuram,Manjeri,Other,Beverages,1.0,11000,11500,11500,2012-11-30,11500.0,0.0,0.0,1.0,11500.0,11500.0,11500.0,11500.0
Kerala,Malappuram,Manjeri,Other,Beverages,1.0,11000,11500,11500,2012-12-01,11500.0,0.0,0.0,2.0,11500.0,11500.0,11500.0,11500.0
Kerala,Malappuram,Manjeri,Other,Beverages,1.0,11000,11500,11500,2012-12-03,11500.0,0.0,0.0,1.0,11500.0,11500.0,11500.0,11500.0
Kerala,Malappuram,Manjeri,Other,Beverages,1.0,11000,11500,11500,2012-12-04,11500.0,0.0,0.0,1.0,11500.0,11500.0,11500.0,11500.0
Kerala,Malappuram,Manjeri,Other,Beverages,1.0,11000,11500,11500,2012-12-05,11500.0,0.0,0.0,1.0,11500.0,11500.0,11500.0,11500.0
Kerala,Malappuram,Manjeri,Other,Beverages,1.0,11000,11500,11500,2012-12-06,11500.0,0.0,0.0,1.0,11500.0,11500.0,11500.0,11500.0
Kerala,Malappuram,Manjeri,Other,Beverages,1.0,11000,11500,11500,2012-12-07,11500.0,0.0,0.0,1.0,11500.0,11500.0,11500.0,11500.0
Kerala,Malappuram,Manjeri,Other,Beverages,1.0,11000,11500,11500,2012-12-08,11500.0,0.0,0.0,2.0,11500.0,11500.0,11500.0,11500.0
Kerala,Malappuram,Manjeri,Other,Beverages,1.0,11000,11500,11500,2012-12-10,11500.0,0.0,0.0,1.0,11500.0,11500.0,11500.0,11500.0
Kerala,Malappuram,Manjeri,Other,Beverages,1.0,11000,11500,11500,2012-12-11,11500.0,0.0,0.0,1.0,11500.0,11500.0,11500.0,11500.0
Kerala,Malappuram,Manjeri,Other,Beverages,1.0,11000,11500,11500,2012-12-12,11500.0,0.0,0.0,1.0,11500.0,11500.0,11500.0,11500.0
Kerala,Malappuram,Manjeri,Other,Beverages,1.0,11000,11500,11500,2012-12-13,11500.0,0.0,0.0,1.0,11500.0,11500.0,11500.0,11500.0
Kerala,Malappuram,Manjeri,Other,Beverages,1.0,11000,11500,11500,2012-12-14,11500.0,0.0,0.0,1.0,11500.0,11500.0,11500.0,11500.0
Kerala,Malappuram,Manjeri,Other,Beverages,1.0,11000,11500,11500,2012-12-15,11500.0,0.0,0.0,2.0,11500.0,11500.0,11500.0,11500.0
Kerala,Malappuram,Manjeri,Other,Beverages,1.0,11000,11500,11500,2012-12-17,11500.0,0.0,0.0,1.0,11500.0,11500.0,11500.0,11500.0
Kerala,Malappuram,Manjeri,Other,Beverages,1.0,11000,11500,11500,2012-12-18,11500.0,0.0,0.0,1.0,11500.0,11500.0,11500.0,11500.0
Kerala,Malappuram,Manjeri,Other,Beverages,1.0,11000,11500,11500,2012-12-19,11500.0,0.0,0.0,1.0,11500.0,11500.0,11500.0,11500.0
Kerala,Malappuram,Manjeri,Other,Beverages,1.0,11000,11500,11500,2012-12-20,11500.0,0.0,0.0,1.0,11500.0,11500.0,11500.0,11500.0
Kerala,Malappuram,Manjeri,Other,Beverages,1.0,11000,11500,11500,2012-12-21,11500.0,0.0,0.0,1.0,11500.0,11500.0,11500.0,11500.0
Kerala,Malappuram,Manjeri,Other,Beverages,1.0,11000,11500,11500,2012-12-22,11500.0,0.0,0.0,2.0,11500.0,11500.0,11500.0,11500.0
Kerala,Malappuram,Manjeri,Other,Beverages,1.0,11000,11500,11500,2012-12-24,11500.0,0.0,0.0,2.0,11500.0,11500.0,11500.0,11500.0
Kerala,Malappuram,Manjeri,Other,Beverages,1.0,11000,11500,11500,2012-12-26,11500.0,0.0,0.0,2.0,11500.0,11500.0,11500.0,11500.0
Kerala,Malappuram,Manjeri,Other,Beverages,1.0,11000,11500,11500,2012-12-28,11500.0,0.0,0.0,1.0,11500.0,11500.0,11500.0,11500.0
Kerala,Malappuram,Manjeri,Other,Beverages,1.0,11000,11500,11500,2012-12-29,11500.0,0.0,0.0,2.0,11500.0,11500.0,11500.0,11500.0
Kerala,Malappuram,Manjeri,Other,Beverages,1.0,11000,11500,11500,2012-12-31,11500.0,0.0,0.0,1.0,11500.0,11500.0,11500.0,11500.0
Kerala,Malappuram,Manjeri,Other,Beverages,1.0,11000,11500,11500,2013-01-01,11500.0,0.0,0.0,1.0,11500.0,11500.0,11500.0,11500.0
Kerala,Malappuram,Manjeri,Other,Beverages,1.0,11000,11500,11500,2013-01-02,11500.0,0.0,0.0,1.0,11500.0,11500.0,11500.0,11500.0
Kerala,Malappuram,Manjeri,Other,Beverages,1.0,11000,11500,11500,2013-01-03,11500.0,0.0,0.0,1.0,11500.0,11500.0,11500.0,11500.0
Kerala,Malappuram,Manjeri,Other,Beverages,1.0,11000,11500,11500,2013-01-04,11500.0,0.0,0.0,1.0,11500.0,11500.0,11500.0,11500.0
Kerala,Malappuram,Manjeri,Other,Beverages,1.0,11000,11500,11500,2013-01-05,11500.0,0.0,0.0,2.0,11500.0,11500.0,11500.0,11500.0
Kerala,Malappuram,Manjeri,Other,Beverages,1.0,11000,11500,11500,2013-01-07,11500.0,0.0,0.0,1.0,11500.0,11500.0,11500.0,11500.0
Kerala,Malappuram,Manjeri,Other,Beverages,1.0,11000,11500,11500,2013-01-08,11500.0,0.0,0.0,1.0,11500.0,11500.0,11500.0,11500.0
Kerala,Malappuram,Manjeri,Other,Beverages,1.0,11000,11500,11500,2013-01-09,11500.0,0.0,0.0,1.0,11500.0,11500.0,11500.0,11500.0
Kerala,Malappuram,Manjeri,Other,Beverages,1.0,11000,11500,11500,2013-01-10,11500.0,0.0,0.0,1.0,11500.0,11500.0,11500.0,11500.0
Kerala,Malappuram,Manjeri,Other,Beverages,1.0,11000,11500,11500,2013-01-11,11500.0,0.0,0.0,3.0,11500.0,11500.0,11500.0,11500.0
Kerala,Malappuram,Manjeri,Other,Beverages,1.0,11000,11500,11500,2013-01-14,11500.0,0.0,0.0,1.0,11500.0,11500.0,11500.0,11500.0
Kerala,Malappuram,Manjeri,Other,Beverages,1.0,11000,11500,11500,2013-01-15,11500.0,0.0,0.0,1.0,11500.0,11500.0,11500.0,11500.0
Kerala,Malappuram,Manjeri,Other,Beverages,1.0,11000,11500,11500,2013-01-16,11500.0,0.0,0.0,1.0,11500.0,11500.0,11500.0,11500.0
Kerala,Malappuram,Manjeri,Other,Beverages,1.0,11000,11500,11500,2013-01-17,11500.0,0.0,0.0,1.0,11500.0,11500.0,11500.0,11500.0
Kerala,Malappuram,Manjeri,Other,Beverages,1.0,11000,11500,11500,2013-01-18,11500.0,0.0,0.0,1.0,11500.0,11500.0,11500.0,11500.0
Kerala,Malappuram,Manjeri,Other,Beverages,1.0,11000,11500,11500,2013-01-19,11500.0,0.0,0.0,2.0,11500.0,11500.0,11500.0,11500.0
Kerala,Malappuram,Manjeri,Other,Beverages,1.0,11000,11500,11500,2013-01-21,11500.0,0.0,0.0,1.0,11500.0,11500.0,11500.0,11500.0
Kerala,Malappuram,Manjeri,Other,Beverages,1.0,11000,11500,11500,2013-01-22,11500.0,0.0,0.0,1.0,11500.0,11500.0,11500.0,11500.0
Kerala,Malappuram,Manjeri,Other,Beverages,1.0,11000,11500,11500,2013-01-23,11500.0,0.0,0.0,1.0,11500.0,11500.0,11500.0,11500.0
Kerala,Malappuram,Manjeri,Other,Beverages,1.0,11000,11500,11500,2013-01-24,11500.0,0.0,0.0,1.0,11500.0,11500.0,11500.0,11500.0
Kerala,Malappuram,Manjeri,Other,Beverages,1.0,11000,11500,11500,2013-01-25,11500.0,0.0,0.0,3.0,11500.0,11500.0,11500.0,11500.0
Kerala,Malappuram,Manjeri,Other,Beverages,1.0,11000,11500,11500,2013-01-28,11500.0,0.0,0.0,1.0,11500.0,11500.0,11500.0,11500.0
Kerala,Malappuram,Manjeri,Other,Beverages,1.0,11000,11500,11500,2013-01-29,11500.0,0.0,0.0,1.0,11500.0,11500.0,11500.0,11500.0
Kerala,Malappuram,Manjeri,Other,Beverages,1.0,11000,11500,11500,2013-01-30,11500.0,0.0,0.0,1.0,11500.0,11500.0,11500.0,11500.0
Kerala,Malappuram,Manjeri,Other,Beverages,1.0,11000,11500,11500,2013-01-31,11500.0,0.0,0.0,1.0,11500.0,11500.0,11500.0,11500.0
Kerala,Malappuram,Manjeri,Other,Beverages,1.0,11000,11500,11500,2013-02-01,11500.0,0.0,0.0,1.0,11500.0,11500.0,11500.0,11500.0
Kerala,Malappuram,Manjeri,Other,Beverages,1.0,11000,11500,11500,2013-02-02,11500.0,0.0,0.0,2.0,11500.0,11500.0,11500.0,11500.0
Kerala,Malappuram,Manjeri,Other,Beverages,1.0,11000,11500,11500,2013-02-04,11500.0,0.0,0.0,1.0,11500.0,11500.0,11500.0,11500.0
Kerala,Malappuram,Manjeri,Other,Beverages,1.0,11000,11500,11500,2013-02-05,11500.0,0.0,0.0,1.0,11500.0,11500.0,11500.0,11500.0
Kerala,Malappuram,Manjeri,Other,Beverages,1.0,11000,11500,11500,2013-02-06,11500.0,0.0,0.0,1.0,11500.0,11500.0,11500.0,11500.0
Kerala,Malappuram,Manjeri,Other,Beverages,1.0,11000,11500,11500,2013-02-07,11500.0,0.0,0.0,1.0,11500.0,11500.0,11500.0,11500.0
Kerala,Malappuram,Manjeri,Other,Beverages,1.0,11000,11500,11500,2013-02-08,11500.0,0.0,0.0,3.0,11500.0,11500.0,11500.0,11500.0
Kerala,Malappuram,Manjeri,Other,Beverages,1.0,11000,11500,11500,2013-02-11,11500.0,0.0,0.0,1.0,11500.0,11500.0,11500.0,11500.0
Kerala,Malappuram,Manjeri,Other,Beverages,1.0,11000,11500,11500,2013-02-12,11500.0,0.0,0.0,1.0,11500.0,11500.0,11500.0,11500.0
Kerala,Malappuram,Manjeri,Other,Beverages,1.0,11000,11500,11500,2013-02-13,11500.0,0.0,0.0,1.0,11500.0,11500.0,11500.0,11500.0
Kerala,Malappuram,Manjeri,Other,Beverages,1.0,11000,11500,11500,2013-02-14,11500.0,0.0,0.0,1.0,11500.0,11500.0,11500.0,11500.0
Kerala,Malappuram,Manjeri,Other,Beverages,1.0,11000,11500,11500,2013-02-15,11500.0,0.0,0.0,1.0,11500.0,11500.0,11500.0,11500.0
Kerala,Malappuram,Manjeri,Other,Beverages,1.0,11000,11500,11500,2013-02-16,11500.0,0.0,0.0,2.0,11500.0,11500.0,11500.0,11500.0
Kerala,Malappuram,Manjeri,Other,Beverages,1.0,11000,11500,11500,2013-02-18,11500.0,0.0,0.0,1.0,11500.0,11500.0,11500.0,11500.0
Kerala,Malappuram,Manjeri,Other,Beverages,1.0,11000,11500,11500,2013-02-19,11500.0,0.0,0.0,3.0,11500.0,11500.0,11500.0,11500.0
Kerala,Malappuram,Manjeri,Other,Beverages,1.0,11000,11500,11500,2013-02-22,11500.0,0.0,0.0,1.0,11500.0,11500.0,11500.0,11500.0
Kerala,Malappuram,Manjeri,Other,Beverages,1.0,11000,11500,11500,2013-02-23,11500.0,0.0,0.0,2.0,11500.0,11500.0,11500.0,11500.0
Kerala,Malappuram,Manjeri,Other,Beverages,1.0,11000,11500,11500,2013-02-25,11500.0,0.0,0.0,1.0,11500.0,11500.0,11500.0,11500.0
Kerala,Malappuram,Manjeri,Other,Beverages,1.0,11000,11500,11500,2013-02-26,11500.0,0.0,0.0,1.0,11500.0,11500.0,11500.0,11500.0
Kerala,Malappuram,Manjeri,Other,Beverages,1.0,11000,11500,11500,2013-02-27,11500.0,0.0,0.0,1.0,11500.0,11500.0,11500.0,11500.0
Kerala,Malappuram,Manjeri,Other,Beverages,1.0,11000,11500,11500,2013-02-28,11500.0,0.0,0.0,1.0,11500.0,11500.0,11500.0,11500.0
Kerala,Malappuram,Manjeri,Other,Beverages,1.0,11000,11500,11500,2013-03-01,11500.0,0.0,0.0,1.0,11500.0,11500.0,11500.0,11500.0
Kerala,Malappuram,Manjeri,Other,Beverages,1.0,11000,11500,11500,2013-03-02,11500.0,0.0,0.0,2.0,11500.0,11500.0,11500.0,11500.0
Kerala,Malappuram,Manjeri,Other,Beverages,1.0,11000,11500,11500,2013-03-04,11500.0,0.0,0.0,1.0,11500.0,11500.0,11500.0,11500.0
Kerala,Malappuram,Manjeri,Other,Beverages,1.0,11000,11500,11500,2013-03-05,11500.0,0.0,0.0,1.0,11500.0,11500.0,11500.0,11500.0
Kerala,Malappuram,Manjeri,Other,Beverages,1.0,11000,11500,11500,2013-03-06,11500.0,0.0,0.0,1.0,11500.0,11500.0,11500.0,11500.0
Kerala,Malappuram,Manjeri,Other,Beverages,1.0,11000,11500,11500,2013-03-07,11500.0,0.0,0.0,1.0,11500.0,11500.0,11500.0,11500.0
Kerala,Malappuram,Manjeri,Other,Beverages,1.0,11000,11500,11500,2013-03-08,11500.0,0.0,0.0,3.0,11500.0,11500.0,11500.0,11500.0
Kerala,Malappuram,Manjeri,Other,Beverages,1.0,11000,11500,11500,2013-03-11,11500.0,0.0,0.0,1.0,11500.0,11500.0,11500.0,11500.0
Kerala,Malappuram,Manjeri,Other,Beverages,1.0,11000,11500,11500,2013-03-12,11500.0,0.0,0.0,1.0,11500.0,11500.0,11500.0,11500.0
Kerala,Malappuram,Manjeri,Other,Beverages,1.0,11000,11500,11500,2013-03-13,11500.0,0.0,0.0,1.0,11500.0,11500.0,11500.0,11500.0
Kerala,Malappuram,Manjeri,Other,Beverages,1.0,11000,11500,11500,2013-03-14,11500.0,0.0,0.0,1.0,11500.0,11500.0,11500.0,11500.0
Kerala,Malappuram,Manjeri,Other,Beverages,1.0,11000,11500,11500,2013-03-15,11500.0,0.0,0.0,1.0,11500.0,11500.0,11500.0,11500.0
Kerala,Malappuram,Manjeri,Other,Beverages,1.0,11000,11500,11500,2013-03-16,11500.0,0.0,0.0,2.0,11500.0,11500.0,11500.0,11500.0
Kerala,Malappuram,Manjeri,Other,Beverages,1.0,11000,11500,11500,2013-03-18,11500.0,0.0,0.0,1.0,11500.0,11500.0,11500.0,11500.0
Kerala,Malappuram,Manjeri,Other,Beverages,1.0,11000,11500,11500,2013-03-19,11500.0,0.0,0.0,1.0,11500.0,11500.0,11500.0,11500.0
Kerala,Malappuram,Manjeri,Other,Beverages,1.0,11000,11500,11500,2013-03-20,11500.0,0.0,0.0,1.0,11500.0,11500.0,11500.0,11500.0
Kerala,Malappuram,Manjeri,Other,Beverages,1.0,11000,11500,11500,2013-03-21,11500.0,0.0,0.0,1.0,11500.0,11500.0,11500.0,11500.0
Kerala,Malappuram,Manjeri,Other,Beverages,1.0,11000,11500,11500,2013-03-22,11500.0,0.0,0.0,1.0,11500.0,11500.0,11500.0,11500.0
Kerala,Malappuram,Manjeri,Other,Beverages,1.0,11000,11500,11500,2013-03-23,11500.0,0.0,0.0,2.0,11500.0,11500.0,11500.0,11500.0
Kerala,Malappuram,Manjeri,Other,Beverages,1.0,11000,11500,11500,2013-03-25,11500.0,0.0,0.0,1.0,11500.0,11500.0,11500.0,11500.0
Kerala,Malappuram,Manjeri,Other,Beverages,1.0,11000,11500,11500,2013-03-26,11500.0,0.0,0.0,1.0,11500.0,11500.0,11500.0,11500.0
Kerala,Malappuram,Manjeri,Other,Beverages,1.0,11000,11500,11500,2013-03-27,11500.0,0.0,0.0,1.0,11500.0,11500.0,11500.0,11500.0
Kerala,Malappuram,Manjeri,Other,Beverages,1.0,11000,11500,11500,2013-03-28,11500.0,0.0,0.0,1.0,11500.0,11500.0,11500.0,11500.0
Kerala,Malappuram,Manjeri,Other,Beverages,1.0,11000,11500,11500,2013-03-29,11500.0,0.0,0.0,1.0,11500.0,11500.0,11500.0,11500.0
Kerala,Malappuram,Manjeri,Other,Beverages,1.0,11000,11500,11500,2013-03-30,11500.0,0.0,0.0,2.0,11500.0,11500.0,11500.0,11500.0
Kerala,Malappuram,Manjeri,Other,Beverages,1.0,11000,11500,11500,2013-04-01,11500.0,0.0,0.0,1.0,11500.0,11500.0,11500.0,11500.0
Kerala,Malappuram,Manjeri,Other,Beverages,1.0,11000,11500,11500,2013-04-02,11500.0,0.0,0.0,1.0,11500.0,11500.0,11500.0,11500.0
Kerala,Malappuram,Manjeri,Other,Beverages,1.0,11000,11500,11500,2013-04-03,11500.0,0.0,0.0,1.0,11500.0,11500.0,11500.0,11500.0
Kerala,Malappuram,Manjeri,Other,Beverages,1.0,11000,11500,11500,2013-04-04,11500.0,0.0,0.0,1.0,11500.0,11500.0,11500.0,11500.0
Kerala,Malappuram,Manjeri,Other,Beverages,1.0,11000,11500,11500,2013-04-05,11500.0,0.0,0.0,1.0,11500.0,11500.0,11500.0,11500.0
Kerala,Malappuram,Manjeri,Other,Beverages,1.0,11000,11500,11500,2013-04-06,11500.0,0.0,0.0,2.0,11500.0,11500.0,11500.0,11500.0
Kerala,Malappuram,Manjeri,Other,Beverages,1.0,11000,11500,11500,2013-04-08,11500.0,0.0,0.0,1.0,11500.0,11500.0,11500.0,11500.0
Kerala,Malappuram,Manjeri,Other,Beverages,1.0,11000,11500,11500,2013-04-09,11500.0,0.0,0.0,1.0,11500.0,11500.0,11500.0,11500.0
Kerala,Malappuram,Manjeri,Other,Beverages,1.0,11000,11500,11500,2013-04-10,11500.0,0.0,0.0,1.0,11500.0,11500.0,11500.0,11500.0
Kerala,Malappuram,Manjeri,Other,Beverages,1.0,11000,11500,11500,2013-04-11,11500.0,0.0,0.0,1.0,11500.0,11500.0,11500.0,11500.0
Kerala,Malappuram,Manjeri,Other,Beverages,1.0,11000,11500,11500,2013-04-12,11500.0,0.0,0.0,1.0,11500.0,11500.0,11500.0,11500.0
Kerala,Malappuram,Manjeri,Other,Beverages,1.0,11000,11500,11500,2013-04-13,11500.0,0.0,0.0,2.0,11500.0,11500.0,11500.0,11500.0
Kerala,Malappuram,Manjeri,Other,Beverages,1.0,11000,11500,11500,2013-04-15,11500.0,0.0,0.0,1.0,11500.0,11500.0,11500.0,11500.0
Kerala,Malappuram,Manjeri,Other,Beverages,1.0,11000,11500,11500,2013-04-16,11500.0,0.0,0.0,1.0,11500.0,11500.0,11500.0,11500.0
Kerala,Malappuram,Manjeri,Other,Beverages,1.0,11000,11500,11500,2013-04-17,14500.0,0.2608695652173913,0.2318016140573243,1.0,11500.0,11500.0,11500.0,11500.0
Kerala,Malappuram,Manjeri,Other,Beverages,1.0,13000,15000,14500,2013-04-18,14500.0,0.0,0.0,1.0,11500.0,11500.0,11500.0,11500.0
Kerala,Malappuram,Manjeri,Other,Beverages,1.0,13000,15000,14500,2013-04-19,14500.0,0.0,0.0,1.0,14500.0,11500.0,11500.0,11500.0
Kerala,Malappuram,Manjeri,Other,Beverages,1.0,13000,15000,14500,2013-04-20,14500.0,0.0,0.0,2.0,14500.0,11500.0,11500.0,11500.0
Kerala,Malappuram,Manjeri,Other,Beverages,1.0,13000,15000,14500,2013-04-22,14500.0,0.0,0.0,1.0,14500.0,11500.0,11500.0,11500.0
Kerala,Malappuram,Manjeri,Other,Beverages,1.0,13000,15000,14500,2013-04-23,14500.0,0.0,0.0,1.0,14500.0,11500.0,11500.0,11500.0
Kerala,Malappuram,Manjeri,Other,Beverages,1.0,13000,15000,14500,2013-04-24,14500.0,0.0,0.0,1.0,14500.0,11500.0,11500.0,11500.0
Kerala,Malappuram,Manjeri,Other,Beverages,1.0,13000,15000,14500,2013-04-25,14500.0,0.0,0.0,1.0,14500.0,11500.0,11500.0,11500.0
Kerala,Malappuram,Manjeri,Other,Beverages,1.0,13000,15000,14500,2013-04-26,14500.0,0.0,0.0,1.0,14500.0,14500.0,11500.0,11500.0
Kerala,Malappuram,Manjeri,Other,Beverages,2.0,11000,16000,14500,2013-04-27,14500.0,0.0,0.0,2.0,14500.0,14500.0,11500.0,11500.0
Kerala,Malappuram,Manjeri,Other,Beverages,2.0,11000,16000,14500,2013-04-29,14500.0,0.0,0.0,1.0,14500.0,14500.0,11500.0,11500.0
Kerala,Malappuram,Manjeri,Other,Beverages,2.0,11000,16000,14500,2013-04-30,14500.0,0.0,0.0,1.0,14500.0,14500.0,11500.0,11500.0
Kerala,Malappuram,Manjeri,Other,Beverages,2.0,11000,16000,14500,2013-05-01,14500.0,0.0,0.0,1.0,14500.0,14500.0,11500.0,11500.0
Kerala,Malappuram,Manjeri,Other,Beverages,2.0,11000,16000,14500,2013-05-02,14500.0,0.0,0.0,1.0,14500.0,14500.0,11500.0,11500.0
Kerala,Malappuram,Manjeri,Other,Beverages,2.0,11000,16000,14500,2013-05-03,14500.0,0.0,0.0,1.0,14500.0,14500.0,11500.0,11500.0
Kerala,Malappuram,Manjeri,Other,Beverages,2.0,11000,16000,14500,2013-05-04,14500.0,0.0,0.0,2.0,14500.0,14500.0,14500.0,11500.0
Kerala,Malappuram,Manjeri,Other,Beverages,2.0,11000,16000,14500,2013-05-06,14500.0,0.0,0.0,1.0,14500.0,14500.0,14500.0,11500.0
Kerala,Malappuram,Manjeri,Other,Beverages,2.0,11000,16000,14500,2013-05-07,14500.0,0.0,0.0,1.0,14500.0,14500.0,14500.0,11500.0
Kerala,Malappuram,Manjeri,Other,Beverages,2.0,11000,16000,14500,2013-05-08,14500.0,0.0,0.0,1.0,14500.0,14500.0,14500.0,11500.0
Kerala,Malappuram,Manjeri,Other,Beverages,2.0,11000,16000,14500,2013-05-09,14500.0,0.0,0.0,1.0,14500.0,14500.0,14500.0,11500.0
Kerala,Malappuram,Manjeri,Other,Beverages,2.0,11000,16000,14500,2013-05-10,14500.0,0.0,0.0,1.0,14500.0,14500.0,14500.0,11500.0
Kerala,Malappuram,Manjeri,Other,Beverages,2.0,11000,16000,14500,2013-05-11,14500.0,0.0,0.0,2.0,14500.0,14500.0,14500.0,11500.0
Kerala,Malappuram,Manjeri,Other,Beverages,2.0,11000,16000,14500,2013-05-13,14500.0,0.0,0.0,1.0,14500.0,14500.0,14500.0,11500.0
Kerala,Malappuram,Manjeri,Other,Beverages,2.0,11000,16000,14500,2013-05-14,14500.0,0.0,0.0,1.0,14500.0,14500.0,14500.0,11500.0
Kerala,Malappuram,Manjeri,Other,Beverages,2.0,11000,16000,14500,2013-05-15,14500.0,0.0,0.0,1.0,14500.0,14500.0,14500.0,11500.0
Kerala,Malappuram,Manjeri,Other,Beverages,2.0,11000,16000,14500,2013-05-16,14500.0,0.0,0.0,1.0,14500.0,14500.0,14500.0,11500.0
Kerala,Malappuram,Manjeri,Other,Beverages,2.0,11000,16000,14500,2013-05-17,14500.0,0.0,0.0,1.0,14500.0,14500.0,14500.0,11500.0
Kerala,Malappuram,Manjeri,Other,Beverages,2.0,11000,16000,14500,2013-05-18,14500.0,0.0,0.0,2.0,14500.0,14500.0,14500.0,11500.0
Kerala,Malappuram,Manjeri,Other,Beverages,2.0,11000,16000,14500,2013-05-20,15500.0,0.0689655172413793,0.0666913744986721,1.0,14500.0,14500.0,14500.0,11500.0
Kerala,Malappuram,Manjeri,Other,Beverages,2.0,15000,16000,15500,2013-05-21,15500.0,0.0,0.0,1.0,14500.0,14500.0,14500.0,11500.0
Kerala,Malappuram,Manjeri,Other,Beverages,2.0,15000,16000,15500,2013-05-22,15500.0,0.0,0.0,1.0,15500.0,14500.0,14500.0,11500.0
Kerala,Malappuram,Manjeri,Other,Beverages,2.0,15000,16000,15500,2013-05-23,15500.0,0.0,0.0,1.0,15500.0,14500.0,14500.0,14500.0
Kerala,Malappuram,Manjeri,Other,Beverages,2.0,15000,16000,15500,2013-05-24,15500.0,0.0,0.0,1.0,15500.0,14500.0,14500.0,14500.0
Kerala,Malappuram,Manjeri,Other,Beverages,2.0,15000,16000,15500,2013-05-25,15500.0,0.0,0.0,2.0,15500.0,14500.0,14500.0,14500.0
Kerala,Malappuram,Manjeri,Other,Beverages,2.0,15000,16000,15500,2013-05-27,15500.0,0.0,0.0,1.0,15500.0,14500.0,14500.0,14500.0
Kerala,Malappuram,Manjeri,Other,Beverages,2.0,15000,16000,15500,2013-05-28,15500.0,0.0,0.0,1.0,15500.0,14500.0,14500.0,14500.0
Kerala,Malappuram,Manjeri,Other,Beverages,2.0,15000,16000,15500,2013-05-29,15500.0,0.0,0.0,1.0,15500.0,15500.0,14500.0,14500.0
Kerala,Malappuram,Manjeri,Other,Beverages,2.0,15000,16000,15500,2013-05-30,15500.0,0.0,0.0,1.0,15500.0,15500.0,14500.0,14500.0
Kerala,Malappuram,Manjeri,Other,Beverages,2.0,15000,16000,15500,2013-05-31,15500.0,0.0,0.0,1.0,15500.0,15500.0,14500.0,14500.0
Kerala,Malappuram,Manjeri,Other,Beverages,2.0,15000,16000,15500,2013-06-01,15500.0,0.0,0.0,2.0,15500.0,15500.0,14500.0,14500.0
Kerala,Malappuram,Manjeri,Other,Beverages,2.0,15000,16000,15500,2013-06-03,15500.0,0.0,0.0,1.0,15500.0,15500.0,14500.0,14500.0
Kerala,Malappuram,Manjeri,Other,Beverages,2.0,15000,16000,15500,2013-06-04,15500.0,0.0,0.0,1.0,15500.0,15500.0,14500.0,14500.0
Kerala,Malappuram,Manjeri,Other,Beverages,2.0,15000,16000,15500,2013-06-05,15500.0,0.0,0.0,1.0,15500.0,15500.0,14500.0,14500.0
Kerala,Malappuram,Manjeri,Other,Beverages,2.0,15000,16000,15500,2013-06-06,15500.0,0.0,0.0,1.0,15500.0,15500.0,15500.0,14500.0
Kerala,Malappuram,Manjeri,Other,Beverages,2.0,15000,16000,15500,2013-06-07,15500.0,0.0,0.0,1.0,15500.0,15500.0,15500.0,14500.0
Kerala,Malappuram,Manjeri,Other,Beverages,2.0,15000,16000,15500,2013-06-08,15500.0,0.0,0.0,1.0,15500.0,15500.0,15500.0,14500.0
Kerala,Malappuram,Manjeri,Other,Beverages,2.0,15000,16000,15500,2013-06-09,15500.0,0.0,0.0,1.0,15500.0,15500.0,15500.0,14500.0
Kerala,Malappuram,Manjeri,Other,Beverages,2.0,15000,16000,15500,2013-06-10,15500.0,0.0,0.0,1.0,15500.0,15500.0,15500.0,14500.0
Kerala,Malappuram,Manjeri,Other,Beverages,2.0,15000,16000,15500,2013-06-11,15500.0,0.0,0.0,1.0,15500.0,15500.0,15500.0,14500.0
Kerala,Malappuram,Manjeri,Other,Beverages,2.0,15000,16000,15500,2013-06-12,15500.0,0.0,0.0,1.0,15500.0,15500.0,15500.0,14500.0
Kerala,Malappuram,Manjeri,Other,Beverages,2.0,15000,16000,15500,2013-06-13,15500.0,0.0,0.0,1.0,15500.0,15500.0,15500.0,14500.0
Kerala,Malappuram,Manjeri,Other,Beverages,2.0,15000,16000,15500,2013-06-14,15500.0,0.0,0.0,1.0,15500.0,15500.0,15500.0,14500.0
Kerala,Malappuram,Manjeri,Other,Beverages,2.0,15000,16000,15500,2013-06-15,15500.0,0.0,0.0,2.0,15500.0,15500.0,15500.0,14500.0
Kerala,Malappuram,Manjeri,Other,Beverages,2.0,15000,16000,15500,2013-06-17,15500.0,0.0,0.0,1.0,15500.0,15500.0,15500.0,14500.0
Kerala,Malappuram,Manjeri,Other,Beverages,6.0,15000,16000,15500,2013-06-18,15500.0,0.0,0.0,1.0,15500.0,15500.0,15500.0,14500.0
Kerala,Malappuram,Manjeri,Other,Beverages,2.0,15000,16000,15500,2013-06-19,15500.0,0.0,0.0,1.0,15500.0,15500.0,15500.0,14500.0
Kerala,Malappuram,Manjeri,Other,Beverages,2.0,15000,16000,15500,2013-06-20,15500.0,0.0,0.0,1.0,15500.0,15500.0,15500.0,14500.0
Kerala,Malappuram,Manjeri,Other,Beverages,2.0,15000,16000,15500,2013-06-21,15500.0,0.0,0.0,1.0,15500.0,15500.0,15500.0,14500.0
Kerala,Malappuram,Manjeri,Other,Beverages,2.0,15000,16000,15500,2013-06-22,15500.0,0.0,0.0,2.0,15500.0,15500.0,15500.0,14500.0
Kerala,Malappuram,Manjeri,Other,Beverages,2.0,15000,16000,15500,2013-06-24,15500.0,0.0,0.0,1.0,15500.0,15500.0,15500.0,15500.0
Kerala,Malappuram,Manjeri,Other,Beverages,2.0,15000,16000,15500,2013-06-25,15500.0,0.0,0.0,1.0,15500.0,15500.0,15500.0,15500.0
Kerala,Malappuram,Manjeri,Other,Beverages,2.0,15000,16000,15500,2013-06-26,15500.0,0.0,0.0,1.0,15500.0,15500.0,15500.0,15500.0
Kerala,Malappuram,Manjeri,Other,Beverages,2.0,15000,16000,15500,2013-06-27,15500.0,0.0,0.0,1.0,15500.0,15500.0,15500.0,15500.0
Kerala,Malappuram,Manjeri,Other,Beverages,2.0,15000,16000,15500,2013-06-28,15500.0,0.0,0.0,1.0,15500.0,15500.0,15500.0,15500.0
Kerala,Malappuram,Manjeri,Other,Beverages,2.0,15000,16000,15500,2013-06-29,15500.0,0.0,0.0,2.0,15500.0,15500.0,15500.0,15500.0
Kerala,Malappuram,Manjeri,Other,Beverages,2.0,15000,16000,15500,2013-07-01,15500.0,0.0,0.0,1.0,15500.0,15500.0,15500.0,15500.0
Kerala,Malappuram,Manjeri,Other,Beverages,2.0,15000,16000,15500,2013-07-02,15500.0,0.0,0.0,1.0,15500.0,15500.0,15500.0,15500.0
Kerala,Malappuram,Manjeri,Other,Beverages,2.0,15000,16000,15500,2013-07-03,15500.0,0.0,0.0,1.0,15500.0,15500.0,15500.0,15500.0
Kerala,Malappuram,Manjeri,Other,Beverages,2.0,15000,16000,15500,2013-07-04,15500.0,0.0,0.0,1.0,15500.0,15500.0,15500.0,15500.0
Kerala,Malappuram,Manjeri,Other,Beverages,2.0,15000,16000,15500,2013-07-05,15500.0,0.0,0.0,1.0,15500.0,15500.0,15500.0,15500.0
Kerala,Malappuram,Manjeri,Other,Beverages,2.0,15000,16000,15500,2013-07-06,15500.0,0.0,0.0,2.0,15500.0,15500.0,15500.0,15500.0
Kerala,Malappuram,Manjeri,Other,Beverages,2.0,15000,16000,15500,2013-07-08,15500.0,0.0,0.0,1.0,15500.0,15500.0,15500.0,15500.0
Kerala,Malappuram,Manjeri,Other,Beverages,2.0,15000,16000,15500,2013-07-09,15500.0,0.0,0.0,2.0,15500.0,15500.0,15500.0,15500.0
Kerala,Malappuram,Manjeri,Other,Beverages,2.0,15000,16000,15500,2013-07-11,15500.0,0.0,0.0,1.0,15500.0,15500.0,15500.0,15500.0
Kerala,Malappuram,Manjeri,Other,Beverages,2.0,15000,16000,15500,2013-07-12,15500.0,0.0,0.0,1.0,15500.0,15500.0,15500.0,15500.0
Kerala,Malappuram,Manjeri,Other,Beverages,2.0,15000,16000,15500,2013-07-13,15500.0,0.0,0.0,2.0,15500.0,15500.0,15500.0,15500.0
Kerala,Malappuram,Manjeri,Other,Beverages,2.0,15000,16000,15500,2013-07-15,15500.0,0.0,0.0,1.0,15500.0,15500.0,15500.0,15500.0
Kerala,Malappuram,Manjeri,Other,Beverages,2.0,15000,16000,15500,2013-07-16,15500.0,0.0,0.0,1.0,15500.0,15500.0,15500.0,15500.0
Kerala,Malappuram,Manjeri,Other,Beverages,2.0,15000,16000,15500,2013-07-17,15500.0,0.0,0.0,1.0,15500.0,15500.0,15500.0,15500.0
Kerala,Malappuram,Manjeri,Other,Beverages,2.0,15000,16000,15500,2013-07-18,15500.0,0.0,0.0,1.0,15500.0,15500.0,15500.0,15500.0
Kerala,Malappuram,Manjeri,Other,Beverages,2.0,15000,16000,15500,2013-07-19,15500.0,0.0,0.0,1.0,15500.0,15500.0,15500.0,15500.0
Kerala,Malappuram,Manjeri,Other,Beverages,2.0,15000,16000,15500,2013-07-20,15500.0,0.0,0.0,2.0,15500.0,15500.0,15500.0,15500.0
Kerala,Malappuram,Manjeri,Other,Beverages,2.0,15000,16000,15500,2013-07-22,15500.0,0.0,0.0,1.0,15500.0,15500.0,15500.0,15500.0
Kerala,Malappuram,Manjeri,Other,Beverages,2.0,15000,16000,15500,2013-07-23,15500.0,0.0,0.0,1.0,15500.0,15500.0,15500.0,15500.0
Kerala,Malappuram,Manjeri,Other,Beverages,2.0,15000,16000,15500,2013-07-24,15500.0,0.0,0.0,1.0,15500.0,15500.0,15500.0,15500.0
Kerala,Malappuram,Manjeri,Other,Beverages,2.0,15000,16000,15500,2013-07-25,15500.0,0.0,0.0,1.0,15500.0,15500.0,15500.0,15500.0
Kerala,Malappuram,Manjeri,Other,Beverages,2.0,15000,16000,15500,2013-07-26,15500.0,0.0,0.0,1.0,15500.0,15500.0,15500.0,15500.0
Kerala,Malappuram,Manjeri,Other,Beverages,2.0,15000,16000,15500,2013-07-27,15500.0,0.0,0.0,2.0,15500.0,15500.0,15500.0,15500.0
Kerala,Malappuram,Manjeri,Other,Beverages,2.0,15000,16000,15500,2013-07-29,15500.0,0.0,0.0,1.0,15500.0,15500.0,15500.0,15500.0
Kerala,Malappuram,Manjeri,Other,Beverages,2.0,15000,16000,15500,2013-07-30,15500.0,0.0,0.0,1.0,15500.0,15500.0,15500.0,15500.0
Kerala,Malappuram,Manjeri,Other,Beverages,2.0,15000,16000,15500,2013-07-31,15500.0,0.0,0.0,1.0,15500.0,15500.0,15500.0,15500.0
Kerala,Malappuram,Manjeri,Other,Beverages,2.0,15000,16000,15500,2013-08-01,15500.0,0.0,0.0,1.0,15500.0,15500.0,15500.0,15500.0
Kerala,Malappuram,Manjeri,Other,Beverages,2.0,15000,16000,15500,2013-08-02,15500.0,0.0,0.0,1.0,15500.0,15500.0,15500.0,15500.0
Kerala,Malappuram,Manjeri,Other,Beverages,2.0,15000,16000,15500,2013-08-03,15500.0,0.0,0.0,2.0,15500.0,15500.0,15500.0,15500.0
Kerala,Malappuram,Manjeri,Other,Beverages,2.0,15000,16000,15500,2013-08-05,15500.0,0.0,0.0,2.0,15500.0,15500.0,15500.0,15500.0
Kerala,Malappuram,Manjeri,Other,Beverages,2.0,15000,16000,15500,2013-08-07,15500.0,0.0,0.0,3.0,15500.0,15500.0,15500.0,15500.0
Kerala,Malappuram,Manjeri,Other,Beverages,2.0,15000,16000,15500,2013-08-10,15500.0,0.0,0.0,2.0,15500.0,15500.0,15500.0,15500.0
Kerala,Malappuram,Manjeri,Other,Beverages,2.0,15000,16000,15500,2013-08-12,15500.0,0.0,0.0,1.0,15500.0,15500.0,15500.0,15500.0
Kerala,Malappuram,Manjeri,Other,Beverages,2.0,15000,16000,15500,2013-08-13,15500.0,0.0,0.0,1.0,15500.0,15500.0,15500.0,15500.0
Kerala,Malappuram,Manjeri,Other,Beverages,2.0,15000,16000,15500,2013-08-14,15500.0,0.0,0.0,1.0,15500.0,15500.0,15500.0,15500.0
Kerala,Malappuram,Manjeri,Other,Beverages,2.0,15000,16000,15500,2013-08-15,15500.0,0.0,0.0,1.0,15500.0,15500.0,15500.0,15500.0
Kerala,Malappuram,Manjeri,Other,Beverages,2.0,15000,16000,15500,2013-08-16,15500.0,0.0,0.0,1.0,15500.0,15500.0,15500.0,15500.0
Kerala,Malappuram,Manjeri,Other,Beverages,2.0,15000,16000,15500,2013-08-17,15500.0,0.0,0.0,2.0,15500.0,15500.0,15500.0,15500.0
Kerala,Malappuram,Manjeri,Other,Beverages,2.0,15000,16000,15500,2013-08-19,15500.0,0.0,0.0,1.0,15500.0,15500.0,15500.0,15500.0
Kerala,Malappuram,Manjeri,Other,Beverages,2.0,15000,16000,15500,2013-08-20,15500.0,0.0,0.0,1.0,15500.0,15500.0,15500.0,15500.0
Kerala,Malappuram,Manjeri,Other,Beverages,2.0,15000,16000,15500,2013-08-21,15500.0,0.0,0.0,1.0,15500.0,15500.0,15500.0,15500.0
Kerala,Malappuram,Manjeri,Other,Beverages,2.0,15000,16000,15500,2013-08-22,15500.0,0.0,0.0,1.0,15500.0,15500.0,15500.0,15500.0
Kerala,Malappuram,Manjeri,Other,Beverages,2.0,15000,16000,15500,2013-08-23,15500.0,0.0,0.0,1.0,15500.0,15500.0,15500.0,15500.0
Kerala,Malappuram,Manjeri,Other,Beverages,2.0,15000,16000,15500,2013-08-24,15500.0,0.0,0.0,2.0,15500.0,15500.0,15500.0,15500.0
Kerala,Malappuram,Manjeri,Other,Beverages,2.0,15000,16000,15500,2013-08-26,15500.0,0.0,0.0,1.0,15500.0,15500.0,15500.0,15500.0
Kerala,Malappuram,Manjeri,Other,Beverages,2.0,15000,16000,15500,2013-08-27,15500.0,0.0,0.0,1.0,15500.0,15500.0,15500.0,15500.0
Kerala,Malappuram,Manjeri,Other,Beverages,2.0,15000,16000,15500,2013-08-28,15500.0,0.0,0.0,1.0,15500.0,15500.0,15500.0,15500.0
Kerala,Malappuram,Manjeri,Other,Beverages,2.0,15000,16000,15500,2013-08-29,15500.0,0.0,0.0,1.0,15500.0,15500.0,15500.0,15500.0
Kerala,Malappuram,Manjeri,Other,Beverages,2.0,15000,16000,15500,2013-08-30,15500.0,0.0,0.0,1.0,15500.0,15500.0,15500.0,15500.0
Kerala,Malappuram,Manjeri,Other,Beverages,2.0,15000,16000,15500,2013-08-31,15500.0,0.0,0.0,2.0,15500.0,15500.0,15500.0,15500.0
Kerala,Malappuram,Manjeri,Other,Beverages,2.0,15000,16000,15500,2013-09-02,15500.0,0.0,0.0,2.0,15500.0,15500.0,15500.0,15500.0
Kerala,Malappuram,Manjeri,Other,Beverages,2.0,15000,16000,15500,2013-09-04,15500.0,0.0,0.0,1.0,15500.0,15500.0,15500.0,15500.0
Kerala,Malappuram,Manjeri,Other,Beverages,2.0,15000,16000,15500,2013-09-05,15500.0,0.0,0.0,1.0,15500.0,15500.0,15500.0,15500.0
Kerala,Malappuram,Manjeri,Other,Beverages,2.0,15000,16000,15500,2013-09-06,15500.0,0.0,0.0,1.0,15500.0,15500.0,15500.0,15500.0
Kerala,Malappuram,Manjeri,Other,Beverages,2.0,15000,16000,15500,2013-09-07,15500.0,0.0,0.0,2.0,15500.0,15500.0,15500.0,15500.0
Kerala,Malappuram,Manjeri,Other,Beverages,2.0,15000,16000,15500,2013-09-09,15500.0,0.0,0.0,1.0,15500.0,15500.0,15500.0,15500.0
Kerala,Malappuram,Manjeri,Other,Beverages,2.0,15000,16000,15500,2013-09-10,15500.0,0.0,0.0,1.0,15500.0,15500.0,15500.0,15500.0
Kerala,Malappuram,Manjeri,Other,Beverages,2.0,15000,16000,15500,2013-09-11,15500.0,0.0,0.0,1.0,15500.0,15500.0,15500.0,15500.0
Kerala,Malappuram,Manjeri,Other,Beverages,2.0,15000,16000,15500,2013-09-12,15500.0,0.0,0.0,1.0,15500.0,15500.0,15500.0,15500.0
Kerala,Malappuram,Manjeri,Other,Beverages,2.0,15000,16000,15500,2013-09-13,15500.0,0.0,0.0,1.0,15500.0,15500.0,15500.0,15500.0
Kerala,Malappuram,Manjeri,Other,Beverages,2.0,15000,16000,15500,2013-09-14,15500.0,0.0,0.0,3.0,15500.0,15500.0,15500.0,15500.0
Kerala,Malappuram,Manjeri,Other,Beverages,2.0,15000,16000,15500,2013-09-17,15500.0,0.0,0.0,1.0,15500.0,15500.0,15500.0,15500.0
Kerala,Malappuram,Manjeri,Other,Beverages,2.0,15000,16000,15500,2013-09-18,15500.0,0.0,0.0,1.0,15500.0,15500.0,15500.0,15500.0
Kerala,Malappuram,Manjeri,Other,Beverages,2.0,15000,16000,15500,2013-09-19,15500.0,0.0,0.0,1.0,15500.0,15500.0,15500.0,15500.0
Kerala,Malappuram,Manjeri,Other,Beverages,2.0,15000,16000,15500,2013-09-20,15500.0,0.0,0.0,1.0,15500.0,15500.0,15500.0,15500.0
Kerala,Malappuram,Manjeri,Other,Beverages,2.0,15000,16000,15500,2013-09-21,16500.0,0.064516129032258,0.0625203569813339,2.0,15500.0,15500.0,15500.0,15500.0
Kerala,Malappuram,Manjeri,Other,Beverages,2.0,16000,17500,16500,2013-09-23,16500.0,0.0,0.0,1.0,15500.0,15500.0,15500.0,15500.0
Kerala,Malappuram,Manjeri,Other,Beverages,2.0,16000,17500,16500,2013-09-24,16500.0,0.0,0.0,1.0,16500.0,15500.0,15500.0,15500.0
Kerala,Malappuram,Manjeri,Other,Beverages,2.0,16000,17500,16500,2013-09-25,16500.0,0.0,0.0,1.0,16500.0,15500.0,15500.0,15500.0
Kerala,Malappuram,Manjeri,Other,Beverages,2.0,16000,17500,16500,2013-09-26,16500.0,0.0,0.0,1.0,16500.0,15500.0,15500.0,15500.0
Kerala,Malappuram,Manjeri,Other,Beverages,2.0,16000,17500,16500,2013-09-27,16500.0,0.0,0.0,1.0,16500.0,15500.0,15500.0,15500.0
Kerala,Malappuram,Manjeri,Other,Beverages,2.0,16000,17500,16500,2013-09-28,16500.0,0.0,0.0,2.0,16500.0,15500.0,15500.0,15500.0
Kerala,Malappuram,Manjeri,Other,Beverages,2.0,16000,17500,16500,2013-09-30,16500.0,0.0,0.0,1.0,16500.0,15500.0,15500.0,15500.0
Kerala,Malappuram,Manjeri,Other,Beverages,2.0,16000,17500,16500,2013-10-01,16500.0,0.0,0.0,1.0,16500.0,16500.0,15500.0,15500.0
Kerala,Malappuram,Manjeri,Other,Beverages,2.0,16000,17500,16500,2013-10-02,16500.0,0.0,0.0,1.0,16500.0,16500.0,15500.0,15500.0
Kerala,Malappuram,Manjeri,Other,Beverages,2.0,16000,17500,16500,2013-10-03,16500.0,0.0,0.0,1.0,16500.0,16500.0,15500.0,15500.0
Kerala,Malappuram,Manjeri,Other,Beverages,2.0,16000,17500,16500,2013-10-04,16500.0,0.0,0.0,1.0,16500.0,16500.0,15500.0,15500.0
Kerala,Malappuram,Manjeri,Other,Beverages,2.0,16000,17500,16500,2013-10-05,16500.0,0.0,0.0,2.0,16500.0,16500.0,15500.0,15500.0
Kerala,Malappuram,Manjeri,Other,Beverages,2.0,16000,17500,16500,2013-10-07,16500.0,0.0,0.0,1.0,16500.0,16500.0,15500.0,15500.0
Kerala,Malappuram,Manjeri,Other,Beverages,2.0,16000,17500,16500,2013-10-08,16500.0,0.0,0.0,1.0,16500.0,16500.0,15500.0,15500.0
Kerala,Malappuram,Manjeri,Other,Beverages,2.0,16000,17500,16500,2013-10-09,16500.0,0.0,0.0,1.0,16500.0,16500.0,16500.0,15500.0
Kerala,Malappuram,Manjeri,Other,Beverages,2.0,16000,17500,16500,2013-10-10,16500.0,0.0,0.0,1.0,16500.0,16500.0,16500.0,15500.0
Kerala,Malappuram,Manjeri,Other,Beverages,2.0,16000,17500,16500,2013-10-11,16500.0,0.0,0.0,1.0,16500.0,16500.0,16500.0,15500.0
Kerala,Malappuram,Manjeri,Other,Beverages,2.0,16000,17500,16500,2013-10-12,16500.0,0.0,0.0,2.0,16500.0,16500.0,16500.0,15500.0
Kerala,Malappuram,Manjeri,Other,Beverages,2.0,16000,17500,16500,2013-10-14,16500.0,0.0,0.0,1.0,16500.0,16500.0,16500.0,15500.0
Kerala,Malappuram,Manjeri,Other,Beverages,2.0,16000,17500,16500,2013-10-15,16500.0,0.0,0.0,3.0,16500.0,16500.0,16500.0,15500.0
Kerala,Malappuram,Manjeri,Other,Beverages,2.0,16000,17500,16500,2013-10-18,16500.0,0.0,0.0,1.0,16500.0,16500.0,16500.0,15500.0
Kerala,Malappuram,Manjeri,Other,Beverages,2.0,16000,17500,16500,2013-10-19,16500.0,0.0,0.0,2.0,16500.0,16500.0,16500.0,15500.0
Kerala,Malappuram,Manjeri,Other,Beverages,2.0,16000,17500,16500,2013-10-21,16500.0,0.0,0.0,1.0,16500.0,16500.0,16500.0,15500.0
Kerala,Malappuram,Manjeri,Other,Beverages,2.0,16000,17500,16500,2013-10-22,16500.0,0.0,0.0,1.0,16500.0,16500.0,16500.0,15500.0
Kerala,Malappuram,Manjeri,Other,Beverages,2.0,16000,17500,16500,2013-10-23,16500.0,0.0,0.0,1.0,16500.0,16500.0,16500.0,15500.0
Kerala,Malappuram,Manjeri,Other,Beverages,2.0,16000,17500,16500,2013-10-24,16500.0,0.0,0.0,1.0,16500.0,16500.0,16500.0,15500.0
Kerala,Malappuram,Manjeri,Other,Beverages,2.0,16000,17500,16500,2013-10-25,16500.0,0.0,0.0,1.0,16500.0,16500.0,16500.0,15500.0
Kerala,Malappuram,Manjeri,Other,Beverages,2.0,16000,17500,16500,2013-10-26,16500.0,0.0,0.0,2.0,16500.0,16500.0,16500.0,15500.0
Kerala,Malappuram,Manjeri,Other,Beverages,2.0,16000,17500,16500,2013-10-28,16500.0,0.0,0.0,1.0,16500.0,16500.0,16500.0,15500.0
Kerala,Malappuram,Manjeri,Other,Beverages,2.0,16000,17500,16500,2013-10-29,16500.0,0.0,0.0,1.0,16500.0,16500.0,16500.0,15500.0
Kerala,Malappuram,Manjeri,Other,Beverages,2.0,16000,17500,16500,2013-10-30,16500.0,0.0,0.0,1.0,16500.0,16500.0,16500.0,16500.0
Kerala,Malappuram,Manjeri,Other,Beverages,2.0,16000,17500,16500,2013-10-31,16500.0,0.0,0.0,1.0,16500.0,16500.0,16500.0,16500.0
Kerala,Malappuram,Manjeri,Other,Beverages,2.0,16000,17500,16500,2013-11-01,16500.0,0.0,0.0,1.0,16500.0,16500.0,16500.0,16500.0
Kerala,Malappuram,Manjeri,Other,Beverages,2.0,16000,17500,16500,2013-11-02,16500.0,0.0,0.0,2.0,16500.0,16500.0,16500.0,16500.0
Kerala,Malappuram,Manjeri,Other,Beverages,2.0,16000,17500,16500,2013-11-04,16500.0,0.0,0.0,1.0,16500.0,16500.0,16500.0,16500.0
Kerala,Malappuram,Manjeri,Other,Beverages,2.0,16000,17500,16500,2013-11-05,16500.0,0.0,0.0,1.0,16500.0,16500.0,16500.0,16500.0
Kerala,Malappuram,Manjeri,Other,Beverages,2.0,16000,17500,16500,2013-11-06,16500.0,0.0,0.0,1.0,16500.0,16500.0,16500.0,16500.0
Kerala,Malappuram,Manjeri,Other,Beverages,2.0,16000,17500,16500,2013-11-07,16500.0,0.0,0.0,1.0,16500.0,16500.0,16500.0,16500.0
Kerala,Malappuram,Manjeri,Other,Beverages,2.0,16000,17500,16500,2013-11-08,16500.0,0.0,0.0,1.0,16500.0,16500.0,16500.0,16500.0
Kerala,Malappuram,Manjeri,Other,Beverages,2.0,16000,17500,16500,2013-11-09,16500.0,0.0,0.0,2.0,16500.0,16500.0,16500.0,16500.0
Kerala,Malappuram,Manjeri,Other,Beverages,2.0,16000,17500,16500,2013-11-11,16500.0,0.0,0.0,1.0,16500.0,16500.0,16500.0,16500.0
Kerala,Malappuram,Manjeri,Other,Beverages,2.0,16000,17500,16500,2013-11-12,16500.0,0.0,0.0,1.0,16500.0,16500.0,16500.0,16500.0
Kerala,Malappuram,Manjeri,Other,Beverages,2.0,16000,17500,16500,2013-11-13,16500.0,0.0,0.0,1.0,16500.0,16500.0,16500.0,16500.0
Kerala,Malappuram,Manjeri,Other,Beverages,2.0,16000,17500,16500,2013-11-14,16500.0,0.0,0.0,1.0,16500.0,16500.0,16500.0,16500.0
Kerala,Malappuram,Manjeri,Other,Beverages,2.0,16000,17500,16500,2013-11-15,16500.0,0.0,0.0,1.0,16500.0,16500.0,16500.0,16500.0
Kerala,Malappuram,Manjeri,Other,Beverages,2.0,16000,17500,16500,2013-11-16,16500.0,0.0,0.0,3.0,16500.0,16500.0,16500.0,16500.0
Kerala,Malappuram,Manjeri,Other,Beverages,2.0,16000,17500,16500,2013-11-19,16500.0,0.0,0.0,1.0,16500.0,16500.0,16500.0,16500.0
Kerala,Malappuram,Manjeri,Other,Beverages,2.0,16000,17500,16500,2013-11-20,16500.0,0.0,0.0,1.0,16500.0,16500.0,16500.0,16500.0
Kerala,Malappuram,Manjeri,Other,Beverages,2.0,16000,17500,16500,2013-11-21,16500.0,0.0,0.0,1.0,16500.0,16500.0,16500.0,16500.0
Kerala,Malappuram,Manjeri,Other,Beverages,2.0,16000,17500,16500,2013-11-22,16500.0,0.0,0.0,1.0,16500.0,16500.0,16500.0,16500.0
Kerala,Malappuram,Manjeri,Other,Beverages,2.0,16000,17500,16500,2013-11-23,16500.0,0.0,0.0,2.0,16500.0,16500.0,16500.0,16500.0
Kerala,Malappuram,Manjeri,Other,Beverages,2.0,16000,17500,16500,2013-11-25,16500.0,0.0,0.0,1.0,16500.0,16500.0,16500.0,16500.0
Kerala,Malappuram,Manjeri,Other,Beverages,2.0,16000,17500,16500,2013-11-26,16500.0,0.0,0.0,1.0,16500.0,16500.0,16500.0,16500.0
Kerala,Malappuram,Manjeri,Other,Beverages,2.0,16000,17500,16500,2013-11-27,16500.0,0.0,0.0,1.0,16500.0,16500.0,16500.0,16500.0
Kerala,Malappuram,Manjeri,Other,Beverages,2.0,16000,17500,16500,2013-11-28,16500.0,0.0,0.0,1.0,16500.0,16500.0,16500.0,16500.0
Kerala,Malappuram,Manjeri,Other,Beverages,2.0,16000,17500,16500,2013-11-29,16500.0,0.0,0.0,1.0,16500.0,16500.0,16500.0,16500.0
Kerala,Malappuram,Manjeri,Other,Beverages,2.0,16000,17500,16500,2013-11-30,16500.0,0.0,0.0,2.0,16500.0,16500.0,16500.0,16500.0
Kerala,Malappuram,Manjeri,Other,Beverages,2.0,16000,17500,16500,2013-12-02,16500.0,0.0,0.0,1.0,16500.0,16500.0,16500.0,16500.0
Kerala,Malappuram,Manjeri,Other,Beverages,2.0,16000,17500,16500,2013-12-03,16500.0,0.0,0.0,1.0,16500.0,16500.0,16500.0,16500.0
Kerala,Malappuram,Manjeri,Other,Beverages,2.0,16000,17500,16500,2013-12-04,16500.0,0.0,0.0,1.0,16500.0,16500.0,16500.0,16500.0
Kerala,Malappuram,Manjeri,Other,Beverages,2.0,16000,17500,16500,2013-12-05,16500.0,0.0,0.0,1.0,16500.0,16500.0,16500.0,16500.0
Kerala,Malappuram,Manjeri,Other,Beverages,2.0,16000,17500,16500,2013-12-06,16500.0,0.0,0.0,1.0,16500.0,16500.0,16500.0,16500.0
Kerala,Malappuram,Manjeri,Other,Beverages,2.0,16000,17500,16500,2013-12-07,16500.0,0.0,0.0,2.0,16500.0,16500.0,16500.0,16500.0
Kerala,Malappuram,Manjeri,Other,Beverages,2.0,16000,17500,16500,2013-12-09,16500.0,0.0,0.0,1.0,16500.0,16500.0,16500.0,16500.0
Kerala,Malappuram,Manjeri,Other,Beverages,2.0,16000,17500,16500,2013-12-10,16500.0,0.0,0.0,1.0,16500.0,16500.0,16500.0,16500.0
Kerala,Malappuram,Manjeri,Other,Beverages,2.0,16000,17500,16500,2013-12-11,16500.0,0.0,0.0,1.0,16500.0,16500.0,16500.0,16500.0
Kerala,Malappuram,Manjeri,Other,Beverages,2.0,16000,17500,16500,2013-12-12,16500.0,0.0,0.0,1.0,16500.0,16500.0,16500.0,16500.0
Kerala,Malappuram,Manjeri,Other,Beverages,2.0,16000,17500,16500,2013-12-13,16500.0,0.0,0.0,1.0,16500.0,16500.0,16500.0,16500.0
Kerala,Malappuram,Manjeri,Other,Beverages,2.0,16000,17500,16500,2013-12-14,16500.0,0.0,0.0,2.0,16500.0,16500.0,16500.0,16500.0
Kerala,Malappuram,Manjeri,Other,Beverages,2.0,16000,17500,16500,2013-12-16,16500.0,0.0,0.0,1.0,16500.0,16500.0,16500.0,16500.0
Kerala,Malappuram,Manjeri,Other,Beverages,2.0,16000,17500,16500,2013-12-17,16500.0,0.0,0.0,1.0,16500.0,16500.0,16500.0,16500.0
Kerala,Malappuram,Manjeri,Other,Beverages,2.0,16000,17500,16500,2013-12-18,16500.0,0.0,0.0,1.0,16500.0,16500.0,16500.0,16500.0
Kerala,Malappuram,Manjeri,Other,Beverages,2.0,16000,17500,16500,2013-12-19,18500.0,0.1212121212121212,0.1144103511777441,1.0,16500.0,16500.0,16500.0,16500.0
Kerala,Malappuram,Manjeri,Other,Beverages,2.0,18000,19500,18500,2013-12-20,16500.0,-0.1081081081081081,-0.1144103511777442,3.0,16500.0,16500.0,16500.0,16500.0
Kerala,Malappuram,Manjeri,Other,Beverages,2.0,16000,17500,16500,2013-12-23,16500.0,0.0,0.0,1.0,18500.0,16500.0,16500.0,16500.0
Kerala,Malappuram,Manjeri,Other,Beverages,2.0,16000,17500,16500,2013-12-24,16500.0,0.0,0.0,2.0,16500.0,16500.0,16500.0,16500.0
Kerala,Malappuram,Manjeri,Other,Beverages,2.0,16000,17500,16500,2013-12-26,16500.0,0.0,0.0,1.0,16500.0,16500.0,16500.0,16500.0
Kerala,Malappuram,Manjeri,Other,Beverages,2.0,16000,17500,16500,2013-12-27,16500.0,0.0,0.0,1.0,16500.0,16500.0,16500.0,16500.0
Kerala,Malappuram,Manjeri,Other,Beverages,2.0,16000,17500,16500,2013-12-28,16500.0,0.0,0.0,2.0,16500.0,16500.0,16500.0,16500.0
Kerala,Malappuram,Manjeri,Other,Beverages,2.0,16000,17500,16500,2013-12-30,16500.0,0.0,0.0,1.0,16500.0,16500.0,16500.0,16500.0
Kerala,Malappuram,Manjeri,Other,Beverages,2.0,16000,17500,16500,2013-12-31,16500.0,0.0,0.0,1.0,16500.0,18500.0,16500.0,16500.0
Kerala,Malappuram,Manjeri,Other,Beverages,2.0,16000,17500,16500,2014-01-01,16500.0,0.0,0.0,1.0,16500.0,16500.0,16500.0,16500.0
Kerala,Malappuram,Manjeri,Other,Beverages,2.0,16000,17500,16500,2014-01-02,16500.0,0.0,0.0,1.0,16500.0,16500.0,16500.0,16500.0
Kerala,Malappuram,Manjeri,Other,Beverages,2.0,16000,17500,16500,2014-01-03,16500.0,0.0,0.0,1.0,16500.0,16500.0,16500.0,16500.0
Kerala,Malappuram,Manjeri,Other,Beverages,2.0,16000,17500,16500,2014-01-04,16500.0,0.0,0.0,2.0,16500.0,16500.0,16500.0,16500.0
Kerala,Malappuram,Manjeri,Other,Beverages,2.0,16000,17500,16500,2014-01-06,16500.0,0.0,0.0,1.0,16500.0,16500.0,16500.0,16500.0
Kerala,Malappuram,Manjeri,Other,Beverages,2.0,16000,17500,16500,2014-01-07,15000.0,-0.0909090909090909,-0.0953101798043249,1.0,16500.0,16500.0,16500.0,16500.0
Kerala,Malappuram,Manjeri,Other,Beverages,2.0,14500,15500,15000,2014-01-08,15000.0,0.0,0.0,1.0,16500.0,16500.0,18500.0,16500.0
Kerala,Malappuram,Manjeri,Other,Beverages,2.0,14500,15500,15000,2014-01-09,15000.0,0.0,0.0,1.0,15000.0,16500.0,16500.0,16500.0
Kerala,Malappuram,Manjeri,Other,Beverages,2.0,14500,15500,15000,2014-01-10,15000.0,0.0,0.0,1.0,15000.0,16500.0,16500.0,16500.0
Kerala,Malappuram,Manjeri,Other,Beverages,2.0,14500,15500,15000,2014-01-11,15000.0,0.0,0.0,2.0,15000.0,16500.0,16500.0,16500.0
Kerala,Malappuram,Manjeri,Other,Beverages,2.0,14500,15500,15000,2014-01-13,15000.0,0.0,0.0,1.0,15000.0,16500.0,16500.0,16500.0
Kerala,Malappuram,Manjeri,Other,Beverages,2.0,14500,15500,15000,2014-01-14,15000.0,0.0,0.0,1.0,15000.0,16500.0,16500.0,16500.0
Kerala,Malappuram,Manjeri,Other,Beverages,2.0,14500,15500,15000,2014-01-15,15000.0,0.0,0.0,1.0,15000.0,16500.0,16500.0,16500.0
Kerala,Malappuram,Manjeri,Other,Beverages,2.0,14500,15500,15000,2014-01-16,15000.0,0.0,0.0,1.0,15000.0,15000.0,16500.0,16500.0
Kerala,Malappuram,Manjeri,Other,Beverages,2.0,14500,15500,15000,2014-01-17,15000.0,0.0,0.0,1.0,15000.0,15000.0,16500.0,16500.0
Kerala,Malappuram,Manjeri,Other,Beverages,2.0,14500,15500,15000,2014-01-18,15000.0,0.0,0.0,2.0,15000.0,15000.0,16500.0,16500.0
Kerala,Malappuram,Manjeri,Other,Beverages,2.0,14500,15500,15000,2014-01-20,15000.0,0.0,0.0,1.0,15000.0,15000.0,16500.0,16500.0
Kerala,Malappuram,Manjeri,Other,Beverages,2.0,14500,15500,15000,2014-01-21,15000.0,0.0,0.0,1.0,15000.0,15000.0,16500.0,16500.0
Kerala,Malappuram,Manjeri,Other,Beverages,2.0,14500,15500,15000,2014-01-22,15000.0,0.0,0.0,1.0,15000.0,15000.0,16500.0,16500.0
Kerala,Malappuram,Manjeri,Other,Beverages,2.0,14500,15500,15000,2014-01-23,15000.0,0.0,0.0,1.0,15000.0,15000.0,16500.0,16500.0
Kerala,Malappuram,Manjeri,Other,Beverages,2.0,14500,15500,15000,2014-01-24,15000.0,0.0,0.0,1.0,15000.0,15000.0,15000.0,16500.0
Kerala,Malappuram,Manjeri,Other,Beverages,2.0,14500,15500,15000,2014-01-25,15000.0,0.0,0.0,2.0,15000.0,15000.0,15000.0,16500.0
Kerala,Malappuram,Manjeri,Other,Beverages,2.0,14500,15500,15000,2014-01-27,15000.0,0.0,0.0,1.0,15000.0,15000.0,15000.0,18500.0
Kerala,Malappuram,Manjeri,Other,Beverages,2.0,14500,15500,15000,2014-01-28,15000.0,0.0,0.0,1.0,15000.0,15000.0,15000.0,16500.0
Kerala,Malappuram,Manjeri,Other,Beverages,2.0,14500,15500,15000,2014-01-29,15000.0,0.0,0.0,1.0,15000.0,15000.0,15000.0,16500.0
Kerala,Malappuram,Manjeri,Other,Beverages,2.0,14500,15500,15000,2014-01-30,15000.0,0.0,0.0,1.0,15000.0,15000.0,15000.0,16500.0
Kerala,Malappuram,Manjeri,Other,Beverages,2.0,14500,15500,15000,2014-01-31,15000.0,0.0,0.0,1.0,15000.0,15000.0,15000.0,16500.0
Kerala,Malappuram,Manjeri,Other,Beverages,2.0,14500,15500,15000,2014-02-01,15000.0,0.0,0.0,2.0,15000.0,15000.0,15000.0,16500.0
Kerala,Malappuram,Manjeri,Other,Beverages,2.0,14500,15500,15000,2014-02-03,15000.0,0.0,0.0,1.0,15000.0,15000.0,15000.0,16500.0
Kerala,Malappuram,Manjeri,Other,Beverages,2.0,14500,15500,15000,2014-02-04,15000.0,0.0,0.0,1.0,15000.0,15000.0,15000.0,16500.0
Kerala,Malappuram,Manjeri,Other,Beverages,2.0,14500,15500,15000,2014-02-05,15000.0,0.0,0.0,1.0,15000.0,15000.0,15000.0,16500.0
Kerala,Malappuram,Manjeri,Other,Beverages,2.0,14500,15500,15000,2014-02-06,15000.0,0.0,0.0,1.0,15000.0,15000.0,15000.0,16500.0
Kerala,Malappuram,Manjeri,Other,Beverages,2.0,14500,15500,15000,2014-02-07,15000.0,0.0,0.0,1.0,15000.0,15000.0,15000.0,16500.0
Kerala,Malappuram,Manjeri,Other,Beverages,2.0,14500,15500,15000,2014-02-08,15000.0,0.0,0.0,2.0,15000.0,15000.0,15000.0,16500.0
Kerala,Malappuram,Manjeri,Other,Beverages,2.0,14500,15500,15000,2014-02-10,15000.0,0.0,0.0,1.0,15000.0,15000.0,15000.0,16500.0
Kerala,Malappuram,Manjeri,Other,Beverages,2.0,14500,15500,15000,2014-02-11,15000.0,0.0,0.0,1.0,15000.0,15000.0,15000.0,16500.0
Kerala,Malappuram,Manjeri,Other,Beverages,2.0,14500,15500,15000,2014-02-12,15000.0,0.0,0.0,1.0,15000.0,15000.0,15000.0,15000.0
Kerala,Malappuram,Manjeri,Other,Beverages,2.0,14500,15500,15000,2014-02-13,15000.0,0.0,0.0,1.0,15000.0,15000.0,15000.0,15000.0
Kerala,Malappuram,Manjeri,Other,Beverages,2.0,14500,15500,15000,2014-02-14,15000.0,0.0,0.0,1.0,15000.0,15000.0,15000.0,15000.0
Kerala,Malappuram,Manjeri,Other,Beverages,2.0,14500,15500,15000,2014-02-15,15000.0,0.0,0.0,2.0,15000.0,15000.0,15000.0,15000.0
Kerala,Malappuram,Manjeri,Other,Beverages,2.0,14500,15500,15000,2014-02-17,15000.0,0.0,0.0,1.0,15000.0,15000.0,15000.0,15000.0
Kerala,Malappuram,Manjeri,Other,Beverages,2.0,14500,15500,15000,2014-02-18,15000.0,0.0,0.0,1.0,15000.0,15000.0,15000.0,15000.0
Kerala,Malappuram,Manjeri,Other,Beverages,2.0,14500,15500,15000,2014-02-19,15000.0,0.0,0.0,1.0,15000.0,15000.0,15000.0,15000.0
Kerala,Malappuram,Manjeri,Other,Beverages,2.0,14500,15500,15000,2014-02-20,15000.0,0.0,0.0,1.0,15000.0,15000.0,15000.0,15000.0
Kerala,Malappuram,Manjeri,Other,Beverages,2.0,14500,15500,15000,2014-02-21,15000.0,0.0,0.0,1.0,15000.0,15000.0,15000.0,15000.0
Kerala,Malappuram,Manjeri,Other,Beverages,2.0,14500,15500,15000,2014-02-22,15000.0,0.0,0.0,2.0,15000.0,15000.0,15000.0,15000.0
Kerala,Malappuram,Manjeri,Other,Beverages,2.0,14500,15500,15000,2014-02-24,15000.0,0.0,0.0,1.0,15000.0,15000.0,15000.0,15000.0
Kerala,Malappuram,Manjeri,Other,Beverages,2.0,14500,15500,15000,2014-02-25,15000.0,0.0,0.0,1.0,15000.0,15000.0,15000.0,15000.0
Kerala,Malappuram,Manjeri,Other,Beverages,2.0,14500,15500,15000,2014-02-26,15000.0,0.0,0.0,1.0,15000.0,15000.0,15000.0,15000.0
Kerala,Malappuram,Manjeri,Other,Beverages,2.0,14500,15500,15000,2014-02-27,15000.0,0.0,0.0,1.0,15000.0,15000.0,15000.0,15000.0
Kerala,Malappuram,Manjeri,Other,Beverages,2.0,14500,15500,15000,2014-02-28,15000.0,0.0,0.0,1.0,15000.0,15000.0,15000.0,15000.0
Kerala,Malappuram,Manjeri,Other,Beverages,2.0,14500,15500,15000,2014-03-01,15000.0,0.0,0.0,2.0,15000.0,15000.0,15000.0,15000.0
Kerala,Malappuram,Manjeri,Other,Beverages,2.0,14500,15500,15000,2014-03-03,15000.0,0.0,0.0,1.0,15000.0,15000.0,15000.0,15000.0
Kerala,Malappuram,Manjeri,Other,Beverages,2.0,14500,15500,15000,2014-03-04,15000.0,0.0,0.0,1.0,15000.0,15000.0,15000.0,15000.0
Kerala,Malappuram,Manjeri,Other,Beverages,2.0,14500,15500,15000,2014-03-05,15000.0,0.0,0.0,1.0,15000.0,15000.0,15000.0,15000.0
Kerala,Malappuram,Manjeri,Other,Beverages,2.0,14500,15500,15000,2014-03-06,15000.0,0.0,0.0,1.0,15000.0,15000.0,15000.0,15000.0
Kerala,Malappuram,Manjeri,Other,Beverages,2.0,14500,15500,15000,2014-03-07,15000.0,0.0,0.0,1.0,15000.0,15000.0,15000.0,15000.0
Kerala,Malappuram,Manjeri,Other,Beverages,2.0,14500,15500,15000,2014-03-08,15000.0,0.0,0.0,2.0,15000.0,15000.0,15000.0,15000.0
Kerala,Malappuram,Manjeri,Other,Beverages,2.0,14500,15500,15000,2014-03-10,15000.0,0.0,0.0,1.0,15000.0,15000.0,15000.0,15000.0
Kerala,Malappuram,Manjeri,Other,Beverages,2.0,14500,15500,15000,2014-03-11,15000.0,0.0,0.0,1.0,15000.0,15000.0,15000.0,15000.0
Kerala,Malappuram,Manjeri,Other,Beverages,2.0,14500,15500,15000,2014-03-12,15000.0,0.0,0.0,1.0,15000.0,15000.0,15000.0,15000.0
Kerala,Malappuram,Manjeri,Other,Beverages,2.0,14500,15500,15000,2014-03-13,15000.0,0.0,0.0,1.0,15000.0,15000.0,15000.0,15000.0
Kerala,Malappuram,Manjeri,Other,Beverages,2.0,14500,15500,15000,2014-03-14,15000.0,0.0,0.0,1.0,15000.0,15000.0,15000.0,15000.0
Kerala,Malappuram,Manjeri,Other,Beverages,2.0,14500,15500,15000,2014-03-15,15000.0,0.0,0.0,2.0,15000.0,15000.0,15000.0,15000.0
Kerala,Malappuram,Manjeri,Other,Beverages,2.0,14500,15500,15000,2014-03-17,15000.0,0.0,0.0,1.0,15000.0,15000.0,15000.0,15000.0
Kerala,Malappuram,Manjeri,Other,Beverages,2.0,14500,15500,15000,2014-03-18,15000.0,0.0,0.0,1.0,15000.0,15000.0,15000.0,15000.0
Kerala,Malappuram,Manjeri,Other,Beverages,2.0,14500,15500,15000,2014-03-19,15000.0,0.0,0.0,1.0,15000.0,15000.0,15000.0,15000.0
Kerala,Malappuram,Manjeri,Other,Beverages,2.0,14500,15500,15000,2014-03-20,15000.0,0.0,0.0,1.0,15000.0,15000.0,15000.0,15000.0
Kerala,Malappuram,Manjeri,Other,Beverages,2.0,14500,15500,15000,2014-03-21,15000.0,0.0,0.0,1.0,15000.0,15000.0,15000.0,15000.0
Kerala,Malappuram,Manjeri,Other,Beverages,2.0,14500,15500,15000,2014-03-22,15000.0,0.0,0.0,2.0,15000.0,15000.0,15000.0,15000.0
Kerala,Malappuram,Manjeri,Other,Beverages,2.0,14500,15500,15000,2014-03-24,15000.0,0.0,0.0,1.0,15000.0,15000.0,15000.0,15000.0
Kerala,Malappuram,Manjeri,Other,Beverages,2.0,14500,15500,15000,2014-03-25,15000.0,0.0,0.0,1.0,15000.0,15000.0,15000.0,15000.0
Kerala,Malappuram,Manjeri,Other,Beverages,2.0,14500,15500,15000,2014-03-26,15000.0,0.0,0.0,1.0,15000.0,15000.0,15000.0,15000.0
Kerala,Malappuram,Manjeri,Other,Beverages,2.0,14500,15500,15000,2014-03-27,15000.0,0.0,0.0,1.0,15000.0,15000.0,15000.0,15000.0
Kerala,Malappuram,Manjeri,Other,Beverages,2.0,14500,15500,15000,2014-03-28,15000.0,0.0,0.0,1.0,15000.0,15000.0,15000.0,15000.0
Kerala,Malappuram,Manjeri,Other,Beverages,2.0,14500,15500,15000,2014-03-29,15000.0,0.0,0.0,2.0,15000.0,15000.0,15000.0,15000.0
Kerala,Malappuram,Manjeri,Other,Beverages,2.0,14500,15500,15000,2014-03-31,15000.0,0.0,0.0,1.0,15000.0,15000.0,15000.0,15000.0
Kerala,Malappuram,Manjeri,Other,Beverages,2.0,14500,15500,15000,2014-04-01,15000.0,0.0,0.0,1.0,15000.0,15000.0,15000.0,15000.0
Kerala,Malappuram,Manjeri,Other,Beverages,2.0,14500,15500,15000,2014-04-02,15000.0,0.0,0.0,1.0,15000.0,15000.0,15000.0,15000.0
Kerala,Malappuram,Manjeri,Other,Beverages,2.0,14500,15500,15000,2014-04-03,15000.0,0.0,0.0,1.0,15000.0,15000.0,15000.0,15000.0
Kerala,Malappuram,Manjeri,Other,Beverages,2.0,14500,15500,15000,2014-04-04,15000.0,0.0,0.0,1.0,15000.0,15000.0,15000.0,15000.0
Kerala,Malappuram,Manjeri,Other,Beverages,2.0,14500,15500,15000,2014-04-05,15000.0,0.0,0.0,2.0,15000.0,15000.0,15000.0,15000.0
Kerala,Malappuram,Manjeri,Other,Beverages,2.0,14500,15500,15000,2014-04-07,15000.0,0.0,0.0,1.0,15000.0,15000.0,15000.0,15000.0
Kerala,Malappuram,Manjeri,Other,Beverages,2.0,14500,15500,15000,2014-04-08,15000.0,0.0,0.0,1.0,15000.0,15000.0,15000.0,15000.0
Kerala,Malappuram,Manjeri,Other,Beverages,2.0,14500,15500,15000,2014-04-09,15000.0,0.0,0.0,2.0,15000.0,15000.0,15000.0,15000.0
Kerala,Malappuram,Manjeri,Other,Beverages,2.0,14500,15500,15000,2014-04-11,15000.0,0.0,0.0,1.0,15000.0,15000.0,15000.0,15000.0
Kerala,Malappuram,Manjeri,Other,Beverages,2.0,14500,15500,15000,2014-04-12,15000.0,0.0,0.0,2.0,15000.0,15000.0,15000.0,15000.0
Kerala,Malappuram,Manjeri,Other,Beverages,2.0,14500,15500,15000,2014-04-14,15000.0,0.0,0.0,2.0,15000.0,15000.0,15000.0,15000.0
Kerala,Malappuram,Manjeri,Other,Beverages,2.0,14500,15500,15000,2014-04-16,15000.0,0.0,0.0,1.0,15000.0,15000.0,15000.0,15000.0
Kerala,Malappuram,Manjeri,Other,Beverages,2.0,14500,15500,15000,2014-04-17,15000.0,0.0,0.0,1.0,15000.0,15000.0,15000.0,15000.0
Kerala,Malappuram,Manjeri,Other,Beverages,2.0,14500,15500,15000,2014-04-18,15000.0,0.0,0.0,1.0,15000.0,15000.0,15000.0,15000.0
Kerala,Malappuram,Manjeri,Other,Beverages,2.0,14500,15500,15000,2014-04-19,15000.0,0.0,0.0,2.0,15000.0,15000.0,15000.0,15000.0
Kerala,Malappuram,Manjeri,Other,Beverages,2.0,14500,15500,15000,2014-04-21,15000.0,0.0,0.0,1.0,15000.0,15000.0,15000.0,15000.0
Kerala,Malappuram,Manjeri,Other,Beverages,2.0,14500,15500,15000,2014-04-22,15000.0,0.0,0.0,1.0,15000.0,15000.0,15000.0,15000.0
Kerala,Malappuram,Manjeri,Other,Beverages,2.0,14500,15500,15000,2014-04-23,15000.0,0.0,0.0,1.0,15000.0,15000.0,15000.0,15000.0
Kerala,Malappuram,Manjeri,Other,Beverages,2.0,14500,15500,15000,2014-04-24,15000.0,0.0,0.0,1.0,15000.0,15000.0,15000.0,15000.0
Kerala,Malappuram,Manjeri,Other,Beverages,2.0,14500,15500,15000,2014-04-25,15000.0,0.0,0.0,1.0,15000.0,15000.0,15000.0,15000.0
Kerala,Malappuram,Manjeri,Other,Beverages,2.0,14500,15500,15000,2014-04-26,15000.0,0.0,0.0,2.0,15000.0,15000.0,15000.0,15000.0
Kerala,Malappuram,Manjeri,Other,Beverages,2.0,14500,15500,15000,2014-04-28,15000.0,0.0,0.0,1.0,15000.0,15000.0,15000.0,15000.0
Kerala,Malappuram,Manjeri,Other,Beverages,2.0,14500,15500,15000,2014-04-29,15000.0,0.0,0.0,1.0,15000.0,15000.0,15000.0,15000.0
Kerala,Malappuram,Manjeri,Other,Beverages,2.0,14500,15500,15000,2014-04-30,15000.0,0.0,0.0,2.0,15000.0,15000.0,15000.0,15000.0
Kerala,Malappuram,Manjeri,Other,Beverages,2.0,14500,15500,15000,2014-05-02,15000.0,0.0,0.0,1.0,15000.0,15000.0,15000.0,15000.0
Kerala,Malappuram,Manjeri,Other,Beverages,2.0,14500,15500,15000,2014-05-03,15000.0,0.0,0.0,2.0,15000.0,15000.0,15000.0,15000.0
Kerala,Malappuram,Manjeri,Other,Beverages,2.0,14500,15500,15000,2014-05-05,15000.0,0.0,0.0,1.0,15000.0,15000.0,15000.0,15000.0
Kerala,Malappuram,Manjeri,Other,Beverages,2.0,14500,15500,15000,2014-05-06,15000.0,0.0,0.0,1.0,15000.0,15000.0,15000.0,15000.0
Kerala,Malappuram,Manjeri,Other,Beverages,2.0,14500,15500,15000,2014-05-07,15000.0,0.0,0.0,1.0,15000.0,15000.0,15000.0,15000.0
Kerala,Malappuram,Manjeri,Other,Beverages,2.0,14500,15500,15000,2014-05-08,15000.0,0.0,0.0,1.0,15000.0,15000.0,15000.0,15000.0
Kerala,Malappuram,Manjeri,Other,Beverages,2.0,14500,15500,15000,2014-05-09,15000.0,0.0,0.0,1.0,15000.0,15000.0,15000.0,15000.0
Kerala,Malappuram,Manjeri,Other,Beverages,2.0,14500,15500,15000,2014-05-10,15000.0,0.0,0.0,2.0,15000.0,15000.0,15000.0,15000.0
Kerala,Malappuram,Manjeri,Other,Beverages,2.0,14500,15500,15000,2014-05-12,15000.0,0.0,0.0,1.0,15000.0,15000.0,15000.0,15000.0
Kerala,Malappuram,Manjeri,Other,Beverages,2.0,14500,15500,15000,2014-05-13,15000.0,0.0,0.0,1.0,15000.0,15000.0,15000.0,15000.0
Kerala,Malappuram,Manjeri,Other,Beverages,2.0,14500,15500,15000,2014-05-14,15000.0,0.0,0.0,1.0,15000.0,15000.0,15000.0,15000.0
Kerala,Malappuram,Manjeri,Other,Beverages,2.0,14500,15500,15000,2014-05-15,15000.0,0.0,0.0,1.0,15000.0,15000.0,15000.0,15000.0
Kerala,Malappuram,Manjeri,Other,Beverages,2.0,14500,15500,15000,2014-05-16,15000.0,0.0,0.0,1.0,15000.0,15000.0,15000.0,15000.0
Kerala,Malappuram,Manjeri,Other,Beverages,2.0,14500,15500,15000,2014-05-17,15000.0,0.0,0.0,2.0,15000.0,15000.0,15000.0,15000.0
Kerala,Malappuram,Manjeri,Other,Beverages,2.0,14500,15500,15000,2014-05-19,15000.0,0.0,0.0,1.0,15000.0,15000.0,15000.0,15000.0
Kerala,Malappuram,Manjeri,Other,Beverages,2.0,14500,15500,15000,2014-05-20,15000.0,0.0,0.0,1.0,15000.0,15000.0,15000.0,15000.0
Kerala,Malappuram,Manjeri,Other,Beverages,2.0,14500,15500,15000,2014-05-21,15000.0,0.0,0.0,1.0,15000.0,15000.0,15000.0,15000.0
Kerala,Malappuram,Manjeri,Other,Beverages,2.0,14500,15500,15000,2014-05-22,15000.0,0.0,0.0,1.0,15000.0,15000.0,15000.0,15000.0
Kerala,Malappuram,Manjeri,Other,Beverages,2.0,14500,15500,15000,2014-05-23,15000.0,0.0,0.0,1.0,15000.0,15000.0,15000.0,15000.0
Kerala,Malappuram,Manjeri,Other,Beverages,2.0,14500,15500,15000,2014-05-24,15000.0,0.0,0.0,2.0,15000.0,15000.0,15000.0,15000.0
Kerala,Malappuram,Manjeri,Other,Beverages,2.0,14500,15500,15000,2014-05-26,15000.0,0.0,0.0,1.0,15000.0,15000.0,15000.0,15000.0
Kerala,Malappuram,Manjeri,Other,Beverages,2.0,14500,15500,15000,2014-05-27,15000.0,0.0,0.0,1.0,15000.0,15000.0,15000.0,15000.0
Kerala,Malappuram,Manjeri,Other,Beverages,2.0,14500,15500,15000,2014-05-28,15000.0,0.0,0.0,1.0,15000.0,15000.0,15000.0,15000.0
Kerala,Malappuram,Manjeri,Other,Beverages,2.0,14500,15500,15000,2014-05-29,15000.0,0.0,0.0,1.0,15000.0,15000.0,15000.0,15000.0
Kerala,Malappuram,Manjeri,Other,Beverages,2.0,14500,15500,15000,2014-05-30,15000.0,0.0,0.0,1.0,15000.0,15000.0,15000.0,15000.0
Kerala,Malappuram,Manjeri,Other,Beverages,2.0,14500,15500,15000,2014-05-31,15000.0,0.0,0.0,2.0,15000.0,15000.0,15000.0,15000.0
Kerala,Malappuram,Manjeri,Other,Beverages,2.0,14500,15500,15000,2014-06-02,15000.0,0.0,0.0,1.0,15000.0,15000.0,15000.0,15000.0
Kerala,Malappuram,Manjeri,Other,Beverages,2.0,14500,15500,15000,2014-06-03,15000.0,0.0,0.0,1.0,15000.0,15000.0,15000.0,15000.0
Kerala,Malappuram,Manjeri,Other,Beverages,2.0,14500,15500,15000,2014-06-04,15000.0,0.0,0.0,1.0,15000.0,15000.0,15000.0,15000.0
Kerala,Malappuram,Manjeri,Other,Beverages,2.0,14500,15500,15000,2014-06-05,15000.0,0.0,0.0,1.0,15000.0,15000.0,15000.0,15000.0
Kerala,Malappuram,Manjeri,Other,Beverages,2.0,14500,15500,15000,2014-06-06,15000.0,0.0,0.0,1.0,15000.0,15000.0,15000.0,15000.0
Kerala,Malappuram,Manjeri,Other,Beverages,2.0,14500,15500,15000,2014-06-07,15000.0,0.0,0.0,2.0,15000.0,15000.0,15000.0,15000.0
Kerala,Malappuram,Manjeri,Other,Beverages,2.0,14500,15500,15000,2014-06-09,15000.0,0.0,0.0,1.0,15000.0,15000.0,15000.0,15000.0
Kerala,Malappuram,Manjeri,Other,Beverages,2.0,14500,15500,15000,2014-06-10,15000.0,0.0,0.0,1.0,15000.0,15000.0,15000.0,15000.0
Kerala,Malappuram,Manjeri,Other,Beverages,2.0,14500,15500,15000,2014-06-11,15000.0,0.0,0.0,1.0,15000.0,15000.0,15000.0,15000.0
Kerala,Malappuram,Manjeri,Other,Beverages,2.0,14500,15500,15000,2014-06-12,15000.0,0.0,0.0,1.0,15000.0,15000.0,15000.0,15000.0
Kerala,Malappuram,Manjeri,Other,Beverages,2.0,14500,15500,15000,2014-06-13,15000.0,0.0,0.0,1.0,15000.0,15000.0,15000.0,15000.0
Kerala,Malappuram,Manjeri,Other,Beverages,2.0,14500,15500,15000,2014-06-14,15000.0,0.0,0.0,2.0,15000.0,15000.0,15000.0,15000.0
Kerala,Malappuram,Manjeri,Other,Beverages,2.0,14500,15500,15000,2014-06-16,15000.0,0.0,0.0,1.0,15000.0,15000.0,15000.0,15000.0
Kerala,Malappuram,Manjeri,Other,Beverages,2.0,14500,15500,15000,2014-06-17,15000.0,0.0,0.0,1.0,15000.0,15000.0,15000.0,15000.0
Kerala,Malappuram,Manjeri,Other,Beverages,2.0,14500,15500,15000,2014-06-18,15000.0,0.0,0.0,1.0,15000.0,15000.0,15000.0,15000.0
Kerala,Malappuram,Manjeri,Other,Beverages,2.0,14500,15500,15000,2014-06-19,15000.0,0.0,0.0,1.0,15000.0,15000.0,15000.0,15000.0
Kerala,Malappuram,Manjeri,Other,Beverages,2.0,14500,15500,15000,2014-06-20,15000.0,0.0,0.0,1.0,15000.0,15000.0,15000.0,15000.0
Kerala,Malappuram,Manjeri,Other,Beverages,2.0,14500,15500,15000,2014-06-21,15000.0,0.0,0.0,2.0,15000.0,15000.0,15000.0,15000.0
Kerala,Malappuram,Manjeri,Other,Beverages,2.0,14500,15500,15000,2014-06-23,15500.0,0.0333333333333333,0.0327898228229909,1.0,15000.0,15000.0,15000.0,15000.0
Kerala,Malappuram,Manjeri,Other,Beverages,2.0,15000,16000,15500,2014-06-24,15500.0,0.0,0.0,1.0,15000.0,15000.0,15000.0,15000.0
Kerala,Malappuram,Manjeri,Other,Beverages,2.0,15000,16000,15500,2014-06-25,15500.0,0.0,0.0,1.0,15500.0,15000.0,15000.0,15000.0
Kerala,Malappuram,Manjeri,Other,Beverages,2.0,15000,16000,15500,2014-06-26,15500.0,0.0,0.0,1.0,15500.0,15000.0,15000.0,15000.0
Kerala,Malappuram,Manjeri,Other,Beverages,2.0,15000,16000,15500,2014-06-27,15500.0,0.0,0.0,1.0,15500.0,15000.0,15000.0,15000.0
Kerala,Malappuram,Manjeri,Other,Beverages,2.0,15000,16000,15500,2014-06-28,15500.0,0.0,0.0,2.0,15500.0,15000.0,15000.0,15000.0
Kerala,Malappuram,Manjeri,Other,Beverages,2.0,15000,16000,15500,2014-06-30,15500.0,0.0,0.0,1.0,15500.0,15000.0,15000.0,15000.0
Kerala,Malappuram,Manjeri,Other,Beverages,2.0,15000,16000,15500,2014-07-01,15500.0,0.0,0.0,1.0,15500.0,15000.0,15000.0,15000.0
Kerala,Malappuram,Manjeri,Other,Beverages,2.0,15000,16000,15500,2014-07-02,15500.0,0.0,0.0,1.0,15500.0,15500.0,15000.0,15000.0
Kerala,Malappuram,Manjeri,Other,Beverages,2.0,15000,16000,15500,2014-07-03,15500.0,0.0,0.0,1.0,15500.0,15500.0,15000.0,15000.0
Kerala,Malappuram,Manjeri,Other,Beverages,2.0,15000,16000,15500,2014-07-04,15500.0,0.0,0.0,1.0,15500.0,15500.0,15000.0,15000.0
Kerala,Malappuram,Manjeri,Other,Beverages,2.0,15000,16000,15500,2014-07-05,15500.0,0.0,0.0,2.0,15500.0,15500.0,15000.0,15000.0
Kerala,Malappuram,Manjeri,Other,Beverages,2.0,15000,16000,15500,2014-07-07,15500.0,0.0,0.0,1.0,15500.0,15500.0,15000.0,15000.0
Kerala,Malappuram,Manjeri,Other,Beverages,2.0,15000,16000,15500,2014-07-08,15500.0,0.0,0.0,1.0,15500.0,15500.0,15000.0,15000.0
Kerala,Malappuram,Manjeri,Other,Beverages,2.0,15000,16000,15500,2014-07-09,15500.0,0.0,0.0,1.0,15500.0,15500.0,15000.0,15000.0
Kerala,Malappuram,Parappanangadi,Other,Beverages,0.7,6500,9000,7500,2010-12-09,8000.0,0.0666666666666666,0.0645385211375711,1.0,,,,
Kerala,Malappuram,Parappanangadi,Other,Beverages,0.7,8000,10000,8500,2011-01-20,8000.0,-0.0588235294117647,-0.0606246218164348,2.0,7500.0,,,
Kerala,Malappuram,Parappanangadi,Other,Beverages,0.45,12500,13800,13000,2011-02-28,14000.0,0.0769230769230769,0.0741079721537218,6.0,8500.0,,,
Kerala,Malappuram,Parappanangadi,Other,Beverages,0.87,13500,14000,14000,2011-03-06,13500.0,-0.0357142857142857,-0.0363676441708748,2.0,13000.0,,,
Kerala,Malappuram,Parappanangadi,Other,Beverages,0.44,13200,13800,13500,2011-03-08,13500.0,0.0,0.0,1.0,14000.0,,,
Kerala,Malappuram,Parappanangadi,Other,Beverages,0.48,13000,14000,13500,2011-03-09,13500.0,0.0,0.0,1.0,13500.0,,,
Kerala,Malappuram,Parappanangadi,Other,Beverages,0.5,10000,14000,10000,2012-01-18,8500.0,-0.15,-0.1625189294977749,7.0,13500.0,,,
Kerala,Malappuram,Parappanangadi,Other,Beverages,1.0,8000,8700,8500,2012-01-25,9700.0,0.1411764705882353,0.1320597220130663,2.0,10000.0,7500.0,,
Kerala,Malappuram,Parappanangadi,Other,Beverages,0.5,8500,10000,9700,2012-01-27,7400.0,-0.2371134020618556,-0.2706458852992131,5.0,8500.0,8500.0,,
Kerala,Malappuram,Parappanangadi,Other,Beverages,0.3,7500,7800,7650,2012-02-14,9000.0,0.1764705882352941,0.1625189294977749,7.0,9700.0,13000.0,,
Kerala,Malappuram,Parappanangadi,Other,Beverages,0.5,8500,9000,9000,2012-02-21,7800.0,-0.1333333333333333,-0.1431008436406733,4.0,7650.0,14000.0,,
Kerala,Malappuram,Parappanangadi,Other,Beverages,0.4,7500,8000,7800,2012-02-25,7600.0,-0.0256410256410256,-0.0259754864032606,2.0,9000.0,13500.0,,
Kerala,Malappuram,Parappanangadi,Other,Beverages,0.5,7500,7800,7600,2012-02-27,8300.0,0.0921052631578947,0.0881072675102668,3.0,7800.0,13500.0,,
Kerala,Malappuram,Parappanangadi,Other,Beverages,0.1,8000,8500,8300,2012-03-01,7800.0,-0.0602409638554216,-0.0621317811070061,1.0,7600.0,10000.0,,
Kerala,Malappuram,Parappanangadi,Other,Beverages,0.4,7800,8000,7800,2012-03-02,8000.0,0.0256410256410256,0.0253178079842897,4.0,8300.0,8500.0,7500.0,
Kerala,Malappuram,Parappanangadi,Other,Beverages,0.2,7800,8000,8000,2012-03-06,7500.0,-0.0625,-0.0645385211375711,1.0,7800.0,9700.0,8500.0,
Kerala,Malappuram,Parappanangadi,Other,Beverages,0.3,7300,7500,7500,2012-03-07,8000.0,0.0666666666666666,0.0645385211375711,1.0,8000.0,7650.0,13000.0,
Kerala,Malappuram,Parappanangadi,Other,Beverages,0.4,7800,8000,8000,2012-03-08,8000.0,0.0,0.0,1.0,7500.0,9000.0,14000.0,
Kerala,Malappuram,Parappanangadi,Other,Beverages,0.3,7800,8000,8000,2012-03-09,7900.0,-0.0125,-0.01257878220686,3.0,8000.0,7800.0,13500.0,
Kerala,Malappuram,Parappanangadi,Other,Beverages,0.2,7800,8100,7900,2012-03-12,7800.0,-0.0126582278481012,-0.0127390257774297,1.0,8000.0,7600.0,13500.0,
Kerala,Malappuram,Parappanangadi,Other,Beverages,0.3,7700,7900,7800,2012-03-13,7600.0,-0.0256410256410256,-0.0259754864032606,1.0,7900.0,8300.0,10000.0,
Kerala,Malappuram,Parappanangadi,Other,Beverages,0.3,7500,7600,7600,2012-03-14,7500.0,-0.0131578947368421,-0.0132452267500206,1.0,7800.0,7800.0,8500.0,
Kerala,Malappuram,Parappanangadi,Other,Beverages,0.2,7400,7600,7500,2012-03-15,7600.0,0.0133333333333333,0.0132452267500207,1.0,7600.0,8000.0,9700.0,
Kerala,Malappuram,Parappanangadi,Other,Beverages,0.2,7400,7800,7600,2012-03-16,7800.0,0.0263157894736842,0.0259754864032607,1.0,7500.0,7500.0,7650.0,
Kerala,Malappuram,Parappanangadi,Other,Beverages,0.3,7300,7900,7800,2012-03-17,7400.0,-0.0512820512820512,-0.052643733485422,2.0,7600.0,8000.0,9000.0,
Kerala,Malappuram,Parappanangadi,Other,Beverages,0.3,7200,7800,7400,2012-03-19,7500.0,0.0135135135135135,0.0134230203321407,1.0,7800.0,8000.0,7800.0,
Kerala,Malappuram,Parappanangadi,Other,Beverages,0.2,7300,7800,7500,2012-03-20,8000.0,0.0666666666666666,0.0645385211375711,2.0,7400.0,7900.0,7600.0,
Kerala,Malappuram,Parappanangadi,Other,Beverages,0.3,8000,8100,8000,2012-03-22,8000.0,0.0,0.0,1.0,7500.0,7800.0,8300.0,
Kerala,Malappuram,Parappanangadi,Other,Beverages,0.2,8000,8000,8000,2012-03-23,8000.0,0.0,0.0,1.0,8000.0,7600.0,7800.0,
Kerala,Malappuram,Parappanangadi,Other,Beverages,0.2,8000,8000,8000,2012-03-24,8000.0,0.0,0.0,2.0,8000.0,7500.0,8000.0,
Kerala,Malappuram,Parappanangadi,Other,Beverages,0.2,8000,8000,8000,2012-03-26,8000.0,0.0,0.0,2.0,8000.0,7600.0,7500.0,7500.0
Kerala,Malappuram,Parappanangadi,Other,Beverages,0.3,8000,8000,8000,2012-03-28,8000.0,0.0,0.0,1.0,8000.0,7800.0,8000.0,8500.0
Kerala,Malappuram,Parappanangadi,Other,Beverages,0.2,8000,8000,8000,2012-03-29,8000.0,0.0,0.0,1.0,8000.0,7400.0,8000.0,13000.0
Kerala,Malappuram,Parappanangadi,Other,Beverages,0.2,8000,8050,8000,2012-03-30,8000.0,0.0,0.0,1.0,8000.0,7500.0,7900.0,14000.0
Kerala,Malappuram,Parappanangadi,Other,Beverages,0.2,8000,8000,8000,2012-03-31,10000.0,0.25,0.2231435513142097,4.0,8000.0,8000.0,7800.0,13500.0
Kerala,Malappuram,Parappanangadi,Other,Beverages,0.2,10000,10000,10000,2012-04-04,10000.0,0.0,0.0,1.0,8000.0,8000.0,7600.0,13500.0
Kerala,Malappuram,Parappanangadi,Other,Beverages,0.2,10000,10200,10000,2012-04-05,10000.0,0.0,0.0,4.0,10000.0,8000.0,7500.0,10000.0
Kerala,Malappuram,Parappanangadi,Other,Beverages,0.1,10000,10000,10000,2012-04-09,10000.0,0.0,0.0,1.0,10000.0,8000.0,7600.0,8500.0
Kerala,Malappuram,Parappanangadi,Other,Beverages,0.2,10000,10000,10000,2012-04-10,9800.0,-0.02,-0.0202027073175194,1.0,10000.0,8000.0,7800.0,9700.0
Kerala,Malappuram,Parappanangadi,Other,Beverages,0.2,9700,10000,9800,2012-04-11,9900.0,0.010204081632653,0.0101523714640179,1.0,10000.0,8000.0,7400.0,7650.0
Kerala,Malappuram,Parappanangadi,Other,Beverages,0.2,9800,10000,9900,2012-04-12,9900.0,0.0,0.0,1.0,9800.0,8000.0,7500.0,9000.0
Kerala,Malappuram,Parappanangadi,Other,Beverages,0.2,9900,10000,9900,2012-04-13,9900.0,0.0,0.0,3.0,9900.0,8000.0,8000.0,7800.0
Kerala,Malappuram,Parappanangadi,Other,Beverages,0.2,9800,9900,9900,2012-04-16,9900.0,0.0,0.0,1.0,9900.0,10000.0,8000.0,7600.0
Kerala,Malappuram,Parappanangadi,Other,Beverages,0.2,9800,10000,9900,2012-04-17,9900.0,0.0,0.0,3.0,9900.0,10000.0,8000.0,8300.0
Kerala,Malappuram,Parappanangadi,Other,Beverages,0.1,9900,10000,9900,2012-04-20,9900.0,0.0,0.0,1.0,9900.0,10000.0,8000.0,7800.0
Kerala,Malappuram,Parappanangadi,Other,Beverages,0.2,9000,10000,9900,2012-04-21,9900.0,0.0,0.0,2.0,9900.0,10000.0,8000.0,8000.0
Kerala,Malappuram,Parappanangadi,Other,Beverages,0.2,9800,10000,9900,2012-05-03,9900.0,0.0,0.0,7.0,9900.0,9800.0,8000.0,7500.0
Kerala,Malappuram,Parappanangadi,Other,Beverages,0.1,9800,10000,9900,2012-05-10,9900.0,0.0,0.0,1.0,9900.0,9900.0,8000.0,8000.0
Kerala,Malappuram,Parappanangadi,Other,Beverages,0.2,9800,9900,9900,2012-05-11,10200.0,0.0303030303030303,0.0298529631496811,1.0,9900.0,9900.0,8000.0,8000.0
Kerala,Malappuram,Parappanangadi,Other,Beverages,0.2,9900,10500,10200,2012-05-12,9800.0,-0.0392156862745098,-0.0400053346136991,2.0,9900.0,9900.0,10000.0,7900.0
Kerala,Malappuram,Parappanangadi,Other,Beverages,0.3,9600,9900,9800,2012-05-26,9800.0,0.0,0.0,2.0,10200.0,9900.0,10000.0,7800.0
Kerala,Malappuram,Parappanangadi,Other,Beverages,0.3,9600,9900,9800,2012-05-28,10000.0,0.0204081632653061,0.0202027073175194,1.0,9800.0,9900.0,10000.0,7600.0
Kerala,Malappuram,Parappanangadi,Other,Beverages,0.2,10000,10000,10000,2012-05-29,10000.0,0.0,0.0,1.0,9800.0,9900.0,10000.0,7500.0
Kerala,Malappuram,Parappanangadi,Other,Beverages,0.1,10000,10000,10000,2012-05-30,10000.0,0.0,0.0,1.0,10000.0,9900.0,9800.0,7600.0
Kerala,Malappuram,Parappanangadi,Other,Beverages,0.2,10000,10000,10000,2012-05-31,10000.0,0.0,0.0,2.0,10000.0,9900.0,9900.0,7800.0
Kerala,Malappuram,Parappanangadi,Other,Beverages,0.2,10000,10000,10000,2012-06-02,10000.0,0.0,0.0,2.0,10000.0,9900.0,9900.0,7400.0
Kerala,Malappuram,Parappanangadi,Other,Beverages,0.2,10000,10000,10000,2012-06-04,10000.0,0.0,0.0,1.0,10000.0,10200.0,9900.0,7500.0
Kerala,Malappuram,Parappanangadi,Other,Beverages,0.2,10000,10000,10000,2012-06-05,10000.0,0.0,0.0,1.0,10000.0,9800.0,9900.0,8000.0
Kerala,Malappuram,Parappanangadi,Other,Beverages,0.1,10000,10000,10000,2012-06-06,10000.0,0.0,0.0,1.0,10000.0,9800.0,9900.0,8000.0
Kerala,Malappuram,Parappanangadi,Other,Beverages,0.1,10000,10000,10000,2012-06-07,10100.0,0.01,0.009950330853168,1.0,10000.0,10000.0,9900.0,8000.0
Kerala,Malappuram,Parappanangadi,Other,Beverages,0.2,10000,10100,10100,2012-06-08,10000.0,-0.0099009900990099,-0.009950330853168,1.0,10000.0,10000.0,9900.0,8000.0
Kerala,Malappuram,Parappanangadi,Other,Beverages,1.0,10000,10000,10000,2012-06-09,10000.0,0.0,0.0,2.0,10100.0,10000.0,9900.0,8000.0
Kerala,Malappuram,Parappanangadi,Other,Beverages,0.3,1200,1400,1320,2012-08-09,1300.0,-0.0151515151515151,-0.0152674721307884,2.0,10000.0,10000.0,9900.0,8000.0
Kerala,Malappuram,Parappanangadi,Other,Beverages,0.4,1200,1400,1300,2012-08-11,1250.0,-0.0384615384615384,-0.0392207131532812,2.0,1320.0,10000.0,10200.0,8000.0
Kerala,Malappuram,Parappanangadi,Other,Beverages,0.3,1100,1400,1250,2012-08-13,1300.0,0.04,0.0392207131532813,1.0,1300.0,10000.0,9800.0,8000.0
Kerala,Malappuram,Parappanangadi,Other,Beverages,0.3,1100,1400,1300,2012-08-14,1100.0,-0.1538461538461538,-0.1670540846631662,2.0,1250.0,10000.0,9800.0,10000.0
Kerala,Malappuram,Parappanangadi,Other,Beverages,0.2,1000,1200,1100,2012-08-16,1200.0,0.0909090909090909,0.0870113769896296,1.0,1300.0,10000.0,10000.0,10000.0
Kerala,Malappuram,Parappanangadi,Other,Beverages,0.3,1200,1300,1200,2012-08-17,1400.0,0.1666666666666666,0.1541506798272583,1.0,1100.0,10100.0,10000.0,10000.0
Kerala,Malappuram,Parappanangadi,Other,Beverages,0.2,1000,1500,1400,2012-08-18,1200.0,-0.1428571428571428,-0.1541506798272583,2.0,1200.0,10000.0,10000.0,10000.0
Kerala,Malappuram,Parappanangadi,Other,Beverages,0.3,1100,1300,1200,2012-08-20,1000.0,-0.1666666666666666,-0.1823215567939546,1.0,1400.0,1320.0,10000.0,9800.0
Kerala,Malappuram,Parappanangadi,Other,Beverages,0.2,1000,1000,1000,2012-08-21,10000.0,9.0,2.302585092994046,1.0,1200.0,1300.0,10000.0,9900.0
Kerala,Malappuram,Parappanangadi,Other,Beverages,0.2,10000,11000,10000,2012-08-22,11000.0,0.1,0.0953101798043249,1.0,1000.0,1250.0,10000.0,9900.0
Kerala,Malappuram,Parappanangadi,Other,Beverages,0.3,11000,11000,11000,2012-08-23,12000.0,0.0909090909090909,0.0870113769896296,1.0,10000.0,1300.0,10000.0,9900.0
Kerala,Malappuram,Parappanangadi,Other,Beverages,0.2,12000,12000,12000,2012-08-24,1400.0,-0.8833333333333333,-2.1484344131667874,1.0,11000.0,1100.0,10000.0,9900.0
Kerala,Malappuram,Parappanangadi,Other,Beverages,0.2,1200,1500,1400,2012-08-25,1750.0,0.25,0.2231435513142097,3.0,12000.0,1200.0,10100.0,9900.0
Kerala,Malappuram,Parappanangadi,Other,Beverages,0.2,1600,1800,1750,2012-08-28,1800.0,0.0285714285714285,0.0281708769666962,3.0,1400.0,1400.0,10000.0,9900.0
Kerala,Malappuram,Parappanangadi,Other,Beverages,0.5,1700,1900,1800,2012-08-31,22000.0,11.22222222222222,2.503255788456197,4.0,1750.0,1200.0,1320.0,9900.0
Kerala,Malappuram,Parappanangadi,Other,Beverages,0.2,11000,11000,11000,2012-09-12,10500.0,-0.0454545454545454,-0.0465200156348928,7.0,1800.0,1000.0,1300.0,9900.0
Kerala,Malappuram,Parappanangadi,Other,Beverages,0.3,10000,11000,10500,2012-09-19,10600.0,0.0095238095238095,0.0094787439545437,1.0,11000.0,10000.0,1250.0,9900.0
Kerala,Malappuram,Parappanangadi,Other,Beverages,0.3,10500,11000,10600,2012-09-20,10000.0,-0.0566037735849056,-0.0582689081239757,1.0,10500.0,11000.0,1300.0,10200.0
Kerala,Malappuram,Parappanangadi,Other,Beverages,0.3,10000,11000,10000,2012-09-21,11000.0,0.1,0.0953101798043249,1.0,10600.0,12000.0,1100.0,9800.0
Kerala,Malappuram,Parappanangadi,Other,Beverages,0.1,11000,11000,11000,2012-09-22,12000.0,0.0909090909090909,0.0870113769896296,2.0,10000.0,1400.0,1200.0,9800.0
Kerala,Malappuram,Parappanangadi,Other,Beverages,0.1,12000,12000,12000,2012-09-24,12000.0,0.0,0.0,1.0,11000.0,1750.0,1400.0,10000.0
Kerala,Malappuram,Parappanangadi,Other,Beverages,0.3,12000,12000,12000,2012-09-25,12000.0,0.0,0.0,1.0,12000.0,1800.0,1200.0,10000.0
Kerala,Malappuram,Parappanangadi,Other,Beverages,0.4,12000,12000,12000,2012-09-26,12800.0,0.0666666666666666,0.0645385211375711,1.0,12000.0,11000.0,1000.0,10000.0
Kerala,Malappuram,Parappanangadi,Other,Beverages,0.2,12500,13000,12800,2012-09-27,12000.0,-0.0625,-0.0645385211375711,1.0,12000.0,10500.0,10000.0,10000.0
Kerala,Malappuram,Parappanangadi,Other,Beverages,0.3,12000,12000,12000,2012-09-28,13000.0,0.0833333333333333,0.0800427076735363,1.0,12800.0,10600.0,11000.0,10000.0
Kerala,Malappuram,Parappanangadi,Other,Beverages,0.2,12500,13500,13000,2012-09-29,10000.0,-0.2307692307692307,-0.262364264467491,2.0,12000.0,10000.0,12000.0,10000.0
Kerala,Malappuram,Parappanangadi,Other,Beverages,0.3,10000,10000,10000,2012-10-01,10500.0,0.05,0.048790164169432,1.0,13000.0,11000.0,1400.0,10000.0
Kerala,Malappuram,Parappanangadi,Other,Beverages,0.2,10500,10600,10500,2012-10-02,10000.0,-0.0476190476190476,-0.048790164169432,2.0,10000.0,12000.0,1750.0,10000.0
Kerala,Malappuram,Parappanangadi,Other,Beverages,0.3,10000,10000,10000,2012-10-04,10500.0,0.05,0.048790164169432,1.0,10500.0,12000.0,1800.0,10100.0
Kerala,Malappuram,Parappanangadi,Other,Beverages,0.2,10500,11000,10500,2012-10-05,10000.0,-0.0476190476190476,-0.048790164169432,1.0,10000.0,12000.0,11000.0,10000.0
Kerala,Malappuram,Parappanangadi,Other,Beverages,0.2,10000,10000,10000,2012-10-06,10000.0,0.0,0.0,4.0,10500.0,12800.0,10500.0,1320.0
Kerala,Malappuram,Parappanangadi,Other,Beverages,0.4,10000,10000,10000,2012-10-10,10000.0,0.0,0.0,1.0,10000.0,12000.0,10600.0,1300.0
Kerala,Malappuram,Parappanangadi,Other,Beverages,0.3,10000,10000,10000,2012-10-11,10000.0,0.0,0.0,1.0,10000.0,13000.0,10000.0,1250.0
Kerala,Malappuram,Parappanangadi,Other,Beverages,0.3,10000,10000,10000,2012-10-12,10000.0,0.0,0.0,1.0,10000.0,10000.0,11000.0,1300.0
Kerala,Malappuram,Parappanangadi,Other,Beverages,0.4,10000,10000,10000,2012-10-13,10000.0,0.0,0.0,2.0,10000.0,10500.0,12000.0,1100.0
Kerala,Malappuram,Parappanangadi,Other,Beverages,0.3,10000,10000,10000,2012-10-15,10500.0,0.05,0.048790164169432,1.0,10000.0,10000.0,12000.0,1200.0
Kerala,Malappuram,Parappanangadi,Other,Beverages,0.2,10000,11000,10500,2012-10-16,10000.0,-0.0476190476190476,-0.048790164169432,1.0,10000.0,10500.0,12000.0,1400.0
Kerala,Malappuram,Parappanangadi,Other,Beverages,0.3,10000,10000,10000,2012-10-17,10900.0,0.09,0.0861776962410524,1.0,10500.0,10000.0,12800.0,1200.0
Kerala,Malappuram,Parappanangadi,Other,Beverages,0.5,10500,11000,10900,2012-10-18,10500.0,-0.036697247706422,-0.0373875320716203,1.0,10000.0,10000.0,12000.0,1000.0
Kerala,Malappuram,Parappanangadi,Other,Beverages,0.1,10000,11000,10500,2012-10-19,11000.0,0.0476190476190476,0.0465200156348929,1.0,10900.0,10000.0,13000.0,10000.0
Kerala,Malappuram,Parappanangadi,Other,Beverages,0.2,11000,11000,11000,2012-10-20,11000.0,0.0,0.0,2.0,10500.0,10000.0,10000.0,11000.0
Kerala,Malappuram,Parappanangadi,Other,Beverages,0.5,11000,11000,11000,2012-10-22,10000.0,-0.0909090909090909,-0.0953101798043249,1.0,11000.0,10000.0,10500.0,12000.0
Kerala,Malappuram,Parappanangadi,Other,Beverages,0.3,10000,11000,10000,2012-10-23,11000.0,0.1,0.0953101798043249,1.0,11000.0,10000.0,10000.0,1400.0
Kerala,Malappuram,Parappanangadi,Other,Beverages,0.5,11000,11000,11000,2012-10-24,10500.0,-0.0454545454545454,-0.0465200156348928,1.0,10000.0,10500.0,10500.0,1750.0
Kerala,Malappuram,Parappanangadi,Other,Beverages,0.5,10000,11000,10500,2012-10-25,10000.0,-0.0476190476190476,-0.048790164169432,1.0,11000.0,10000.0,10000.0,1800.0
Kerala,Malappuram,Parappanangadi,Other,Beverages,0.6,10000,10000,10000,2012-10-26,10000.0,0.0,0.0,1.0,10500.0,10900.0,10000.0,11000.0
Kerala,Malappuram,Parappanangadi,Other,Beverages,0.2,10000,10500,10000,2012-10-27,10000.0,0.0,0.0,2.0,10000.0,10500.0,10000.0,10500.0
Kerala,Malappuram,Parappanangadi,Other,Beverages,0.2,10000,10000,10000,2012-10-29,11000.0,0.1,0.0953101798043249,1.0,10000.0,11000.0,10000.0,10600.0
Kerala,Malappuram,Parappanangadi,Other,Beverages,0.5,11000,11000,11000,2012-10-30,11000.0,0.0,0.0,1.0,10000.0,11000.0,10000.0,10000.0
Kerala,Malappuram,Parappanangadi,Other,Beverages,0.3,11000,11000,11000,2012-10-31,11000.0,0.0,0.0,1.0,11000.0,10000.0,10000.0,11000.0
Kerala,Malappuram,Parappanangadi,Other,Beverages,0.4,11000,11000,11000,2012-11-01,11000.0,0.0,0.0,1.0,11000.0,11000.0,10500.0,12000.0
Kerala,Malappuram,Parappanangadi,Other,Beverages,0.4,11000,11000,11000,2012-11-02,11000.0,0.0,0.0,1.0,11000.0,10500.0,10000.0,12000.0
Kerala,Malappuram,Parappanangadi,Other,Beverages,0.4,11000,11000,11000,2012-11-03,12000.0,0.0909090909090909,0.0870113769896296,2.0,11000.0,10000.0,10900.0,12000.0
Kerala,Malappuram,Parappanangadi,Other,Beverages,0.5,12000,12000,12000,2012-11-05,12000.0,0.0,0.0,1.0,11000.0,10000.0,10500.0,12800.0
Kerala,Malappuram,Parappanangadi,Other,Beverages,0.5,12000,12000,12000,2012-11-06,12000.0,0.0,0.0,1.0,12000.0,10000.0,11000.0,12000.0
Kerala,Malappuram,Parappanangadi,Other,Beverages,0.1,12000,12000,12000,2012-11-07,12000.0,0.0,0.0,2.0,12000.0,11000.0,11000.0,13000.0
Kerala,Malappuram,Parappanangadi,Other,Beverages,0.2,12000,12000,12000,2012-11-09,12000.0,0.0,0.0,1.0,12000.0,11000.0,10000.0,10000.0
Kerala,Malappuram,Parappanangadi,Other,Beverages,0.2,12000,12000,12000,2012-11-10,12000.0,0.0,0.0,2.0,12000.0,11000.0,11000.0,10500.0
Kerala,Malappuram,Parappanangadi,Other,Beverages,0.2,12000,12000,12000,2012-11-12,12000.0,0.0,0.0,2.0,12000.0,11000.0,10500.0,10000.0
Kerala,Malappuram,Parappanangadi,Other,Beverages,0.5,12000,13000,12000,2012-11-14,12000.0,0.0,0.0,1.0,12000.0,11000.0,10000.0,10500.0
Kerala,Malappuram,Parappanangadi,Other,Beverages,0.4,12000,12000,12000,2012-11-15,12000.0,0.0,0.0,1.0,12000.0,12000.0,10000.0,10000.0
Kerala,Malappuram,Parappanangadi,Other,Beverages,0.5,12000,12000,12000,2012-11-16,12000.0,0.0,0.0,1.0,12000.0,12000.0,10000.0,10000.0
Kerala,Malappuram,Parappanangadi,Other,Beverages,0.5,12000,12000,12000,2012-11-17,14000.0,0.1666666666666666,0.1541506798272583,2.0,12000.0,12000.0,11000.0,10000.0
Kerala,Malappuram,Parappanangadi,Other,Beverages,0.5,12000,15000,14000,2012-11-19,18000.0,0.2857142857142857,0.2513144282809061,1.0,12000.0,12000.0,11000.0,10000.0
Kerala,Malappuram,Parappanangadi,Other,Beverages,0.1,15000,19000,18000,2012-11-20,12500.0,-0.3055555555555556,-0.3646431135879093,2.0,14000.0,12000.0,11000.0,10000.0
Kerala,Malappuram,Parappanangadi,Other,Beverages,0.5,12000,12500,12500,2012-11-22,12000.0,-0.04,-0.0408219945202551,1.0,18000.0,12000.0,11000.0,10000.0
Kerala,Malappuram,Parappanangadi,Other,Beverages,0.5,12000,13000,12000,2012-11-23,12000.0,0.0,0.0,1.0,12500.0,12000.0,11000.0,10500.0
Kerala,Malappuram,Parappanangadi,Other,Beverages,0.5,12000,13000,12000,2012-11-24,12000.0,0.0,0.0,2.0,12000.0,12000.0,12000.0,10000.0
Kerala,Malappuram,Parappanangadi,Other,Beverages,0.1,12000,12000,12000,2012-11-26,12000.0,0.0,0.0,1.0,12000.0,12000.0,12000.0,10900.0
Kerala,Malappuram,Parappanangadi,Other,Beverages,0.5,12000,12000,12000,2012-11-27,11000.0,-0.0833333333333333,-0.0870113769896298,1.0,12000.0,12000.0,12000.0,10500.0
Kerala,Malappuram,Parappanangadi,Other,Beverages,0.5,11000,11000,11000,2012-11-28,11000.0,0.0,0.0,1.0,12000.0,14000.0,12000.0,11000.0
Kerala,Malappuram,Parappanangadi,Other,Beverages,0.5,11000,11000,11000,2012-11-29,11000.0,0.0,0.0,1.0,11000.0,18000.0,12000.0,11000.0
Kerala,Malappuram,Parappanangadi,Other,Beverages,0.5,11000,11000,11000,2012-11-30,11000.0,0.0,0.0,1.0,11000.0,12500.0,12000.0,10000.0
Kerala,Malappuram,Parappanangadi,Other,Beverages,0.1,11000,11000,11000,2012-12-01,11000.0,0.0,0.0,2.0,11000.0,12000.0,12000.0,11000.0
Kerala,Malappuram,Parappanangadi,Other,Beverages,0.5,11000,11000,11000,2012-12-03,11000.0,0.0,0.0,1.0,11000.0,12000.0,12000.0,10500.0
Kerala,Malappuram,Parappanangadi,Other,Beverages,0.5,11000,12000,11000,2012-12-04,11000.0,0.0,0.0,1.0,11000.0,12000.0,12000.0,10000.0
Kerala,Malappuram,Parappanangadi,Other,Beverages,0.5,11000,11000,11000,2012-12-05,11000.0,0.0,0.0,1.0,11000.0,12000.0,12000.0,10000.0
Kerala,Malappuram,Parappanangadi,Other,Beverages,0.5,11000,11100,11000,2012-12-06,11000.0,0.0,0.0,1.0,11000.0,11000.0,14000.0,10000.0
Kerala,Malappuram,Parappanangadi,Other,Beverages,0.2,11000,11000,11000,2012-12-07,11500.0,0.0454545454545454,0.0444517625708337,1.0,11000.0,11000.0,18000.0,11000.0
Kerala,Malappuram,Parappanangadi,Other,Beverages,0.5,11100,12000,11500,2012-12-08,11000.0,-0.0434782608695652,-0.0444517625708338,2.0,11000.0,11000.0,12500.0,11000.0
Kerala,Malappuram,Parappanangadi,Other,Beverages,0.6,11000,11000,11000,2012-12-10,11000.0,0.0,0.0,1.0,11500.0,11000.0,12000.0,11000.0
Kerala,Malappuram,Parappanangadi,Other,Beverages,0.5,11000,11000,11000,2012-12-11,11000.0,0.0,0.0,1.0,11000.0,11000.0,12000.0,11000.0
Kerala,Malappuram,Parappanangadi,Other,Beverages,0.5,11000,11000,11000,2012-12-12,11000.0,0.0,0.0,1.0,11000.0,11000.0,12000.0,11000.0
Kerala,Malappuram,Parappanangadi,Other,Beverages,0.5,11000,11000,11000,2012-12-13,11100.0,0.009090909090909,0.0090498355199178,1.0,11000.0,11000.0,12000.0,12000.0
Kerala,Malappuram,Parappanangadi,Other,Beverages,0.5,11000,11200,11100,2012-12-14,11000.0,-0.009009009009009,-0.0090498355199179,1.0,11000.0,11000.0,11000.0,12000.0
Kerala,Malappuram,Parappanangadi,Other,Beverages,0.5,11000,11000,11000,2012-12-15,11200.0,0.0181818181818181,0.0180185055026782,3.0,11100.0,11000.0,11000.0,12000.0
Kerala,Malappuram,Parappanangadi,Other,Beverages,0.5,11000,11500,11200,2012-12-18,11050.0,-0.0133928571428571,-0.0134833503372869,1.0,11000.0,11500.0,11000.0,12000.0
Kerala,Malappuram,Parappanangadi,Other,Beverages,0.6,11000,11100,11050,2012-12-19,11100.0,0.004524886877828,0.0045146803545266,1.0,11200.0,11000.0,11000.0,12000.0
Kerala,Malappuram,Parappanangadi,Other,Beverages,0.5,11000,11200,11100,2012-12-20,11000.0,-0.009009009009009,-0.0090498355199179,1.0,11050.0,11000.0,11000.0,12000.0
Kerala,Malappuram,Parappanangadi,Other,Beverages,0.4,11000,11000,11000,2012-12-21,11000.0,0.0,0.0,3.0,11100.0,11000.0,11000.0,12000.0
Kerala,Malappuram,Parappanangadi,Other,Beverages,0.5,11000,11000,11000,2012-12-24,11100.0,0.009090909090909,0.0090498355199178,2.0,11000.0,11000.0,11000.0,12000.0
Kerala,Malappuram,Parappanangadi,Other,Beverages,0.5,11000,11200,11100,2012-12-26,11200.0,0.009009009009009,0.0089686699827603,1.0,11000.0,11100.0,11000.0,12000.0
Kerala,Malappuram,Parappanangadi,Other,Beverages,0.5,11000,11300,11200,2012-12-27,11200.0,0.0,0.0,1.0,11100.0,11000.0,11000.0,12000.0
Kerala,Malappuram,Parappanangadi,Other,Beverages,0.5,11000,11500,11200,2012-12-28,11500.0,0.0267857142857142,0.0264332570681554,1.0,11200.0,11200.0,11500.0,14000.0
Kerala,Malappuram,Parappanangadi,Other,Beverages,0.5,11000,12000,11500,2012-12-29,11700.0,0.017391304347826,0.0172418064345059,2.0,11200.0,11050.0,11000.0,18000.0
Kerala,Malappuram,Parappanangadi,Other,Beverages,0.6,11000,11900,11700,2012-12-31,11400.0,-0.0256410256410256,-0.0259754864032606,1.0,11500.0,11100.0,11000.0,12500.0
Kerala,Malappuram,Parappanangadi,Other,Beverages,0.5,11000,11900,11400,2013-01-01,11000.0,-0.0350877192982456,-0.0357180826020792,1.0,11700.0,11000.0,11000.0,12000.0
Kerala,Malappuram,Parappanangadi,Other,Beverages,0.5,11000,12000,11000,2013-01-02,11500.0,0.0454545454545454,0.0444517625708337,3.0,11400.0,11000.0,11000.0,12000.0
Kerala,Malappuram,Parappanangadi,Other,Beverages,2.0,11000,11900,11500,2013-01-05,11500.0,0.0,0.0,3.0,11000.0,11100.0,11100.0,12000.0
Kerala,Malappuram,Parappanangadi,Other,Beverages,0.6,11000,12000,11500,2013-01-08,11000.0,-0.0434782608695652,-0.0444517625708338,1.0,11500.0,11200.0,11000.0,12000.0
Kerala,Malappuram,Parappanangadi,Other,Beverages,0.8,11000,11000,11000,2013-01-09,11000.0,0.0,0.0,1.0,11500.0,11200.0,11200.0,11000.0
Kerala,Malappuram,Parappanangadi,Other,Beverages,0.5,11000,11500,11000,2013-01-10,11200.0,0.0181818181818181,0.0180185055026782,1.0,11000.0,11500.0,11050.0,11000.0
Kerala,Malappuram,Parappanangadi,Other,Beverages,0.5,11000,11500,11200,2013-01-11,11000.0,-0.0178571428571428,-0.0180185055026783,1.0,11000.0,11700.0,11100.0,11000.0
Kerala,Malappuram,Parappanangadi,Other,Beverages,0.5,11000,12000,11000,2013-01-12,11500.0,0.0454545454545454,0.0444517625708337,2.0,11200.0,11400.0,11000.0,11000.0
Kerala,Malappuram,Parappanangadi,Other,Beverages,0.5,11000,12000,11500,2013-01-14,11200.0,-0.0260869565217391,-0.0264332570681554,1.0,11000.0,11000.0,11000.0,11000.0
Kerala,Malappuram,Parappanangadi,Other,Beverages,0.5,11000,11500,11200,2013-01-15,12000.0,0.0714285714285714,0.0689928714869514,1.0,11500.0,11500.0,11100.0,11000.0
Kerala,Malappuram,Parappanangadi,Other,Beverages,0.3,12000,12000,12000,2013-01-16,11000.0,-0.0833333333333333,-0.0870113769896298,1.0,11200.0,11500.0,11200.0,11000.0
Kerala,Malappuram,Parappanangadi,Other,Beverages,3.0,11000,11000,11000,2013-01-17,11000.0,0.0,0.0,2.0,12000.0,11000.0,11200.0,11000.0
Kerala,Malappuram,Parappanangadi,Other,Beverages,3.0,11000,11000,11000,2013-01-19,10000.0,-0.0909090909090909,-0.0953101798043249,2.0,11000.0,11000.0,11500.0,11000.0
Kerala,Malappuram,Parappanangadi,Other,Beverages,0.3,10000,10000,10000,2013-01-21,10000.0,0.0,0.0,2.0,11000.0,11200.0,11700.0,11500.0
Kerala,Malappuram,Parappanangadi,Other,Beverages,0.3,10000,10000,10000,2013-01-23,10000.0,0.0,0.0,1.0,10000.0,11000.0,11400.0,11000.0
Kerala,Malappuram,Parappanangadi,Other,Beverages,0.1,10000,10000,10000,2013-01-24,11500.0,0.15,0.1397619423751586,1.0,10000.0,11500.0,11000.0,11000.0
Kerala,Malappuram,Parappanangadi,Other,Beverages,0.2,11000,11500,11500,2013-01-25,11500.0,0.0,0.0,5.0,10000.0,11200.0,11500.0,11000.0
Kerala,Malappuram,Parappanangadi,Other,Beverages,0.5,11000,11000,11000,2013-02-25,11000.0,0.0,0.0,1.0,11500.0,12000.0,11500.0,11000.0
Kerala,Malappuram,Parappanangadi,Other,Beverages,0.3,11000,11500,11000,2013-02-26,12000.0,0.0909090909090909,0.0870113769896296,1.0,11000.0,11000.0,11000.0,11100.0
Kerala,Malappuram,Parappanangadi,Other,Beverages,0.2,12000,12000,12000,2013-02-27,13000.0,0.0833333333333333,0.0800427076735363,2.0,11000.0,11000.0,11000.0,11000.0
Kerala,Malappuram,Parappanangadi,Other,Beverages,0.2,13000,13000,13000,2013-03-01,12000.0,-0.0769230769230769,-0.0800427076735363,1.0,12000.0,10000.0,11200.0,11200.0
Kerala,Malappuram,Parappanangadi,Other,Beverages,0.3,12000,12000,12000,2013-03-02,12000.0,0.0,0.0,2.0,13000.0,10000.0,11000.0,11050.0
Kerala,Malappuram,Parappanangadi,Other,Beverages,0.2,12000,12000,12000,2013-03-04,12000.0,0.0,0.0,1.0,12000.0,10000.0,11500.0,11100.0
Kerala,Malappuram,Parappanangadi,Other,Beverages,0.6,12000,12000,12000,2013-03-05,11000.0,-0.0833333333333333,-0.0870113769896298,1.0,12000.0,11500.0,11200.0,11000.0
Kerala,Malappuram,Parappanangadi,Other,Beverages,0.2,11000,11000,11000,2013-03-06,11000.0,0.0,0.0,1.0,12000.0,11000.0,12000.0,11000.0
Kerala,Malappuram,Parappanangadi,Other,Beverages,0.6,11000,11000,11000,2013-03-07,13000.0,0.1818181818181818,0.1670540846631662,1.0,11000.0,11000.0,11000.0,11100.0
Kerala,Malappuram,Parappanangadi,Other,Beverages,0.2,13000,13000,13000,2013-03-08,12000.0,-0.0769230769230769,-0.0800427076735363,1.0,11000.0,12000.0,11000.0,11200.0
Kerala,Malappuram,Parappanangadi,Other,Beverages,0.6,12000,12000,12000,2013-03-09,12000.0,0.0,0.0,2.0,13000.0,13000.0,10000.0,11200.0
Kerala,Malappuram,Parappanangadi,Other,Beverages,0.6,12000,12000,12000,2013-03-11,12000.0,0.0,0.0,1.0,12000.0,12000.0,10000.0,11500.0
Kerala,Malappuram,Parappanangadi,Other,Beverages,0.2,12000,12000,12000,2013-03-12,12000.0,0.0,0.0,1.0,12000.0,12000.0,10000.0,11700.0
Kerala,Malappuram,Parappanangadi,Other,Beverages,0.6,12000,12000,12000,2013-03-13,11000.0,-0.0833333333333333,-0.0870113769896298,1.0,12000.0,12000.0,11500.0,11400.0
Kerala,Malappuram,Parappanangadi,Other,Beverages,0.6,11000,11000,11000,2013-03-14,13000.0,0.1818181818181818,0.1670540846631662,1.0,12000.0,11000.0,11000.0,11000.0
Kerala,Malappuram,Parappanangadi,Other,Beverages,0.6,13000,13000,13000,2013-03-15,11000.0,-0.1538461538461538,-0.1670540846631662,1.0,11000.0,11000.0,11000.0,11500.0
Kerala,Malappuram,Parappanangadi,Other,Beverages,0.6,11000,11000,11000,2013-03-16,12000.0,0.0909090909090909,0.0870113769896296,2.0,13000.0,13000.0,12000.0,11500.0
Kerala,Malappuram,Parappanangadi,Other,Beverages,0.6,12000,12000,12000,2013-03-18,12000.0,0.0,0.0,1.0,11000.0,12000.0,13000.0,11000.0
Kerala,Malappuram,Parappanangadi,Other,Beverages,0.6,12000,12000,12000,2013-03-19,11000.0,-0.0833333333333333,-0.0870113769896298,1.0,12000.0,12000.0,12000.0,11000.0
Kerala,Malappuram,Parappanangadi,Other,Beverages,0.5,10000,11000,11000,2013-03-20,12000.0,0.0909090909090909,0.0870113769896296,1.0,12000.0,12000.0,12000.0,11200.0
Kerala,Malappuram,Parappanangadi,Other,Beverages,0.6,12000,12000,12000,2013-03-21,12000.0,0.0,0.0,1.0,11000.0,12000.0,12000.0,11000.0
Kerala,Malappuram,Parappanangadi,Other,Beverages,0.6,12000,12000,12000,2013-03-22,11000.0,-0.0833333333333333,-0.0870113769896298,1.0,12000.0,11000.0,11000.0,11500.0
Kerala,Malappuram,Parappanangadi,Other,Beverages,0.6,11000,11000,11000,2013-03-23,12000.0,0.0909090909090909,0.0870113769896296,2.0,12000.0,13000.0,11000.0,11200.0
Kerala,Malappuram,Parappanangadi,Other,Beverages,0.6,12000,12000,12000,2013-03-25,11000.0,-0.0833333333333333,-0.0870113769896298,1.0,11000.0,11000.0,13000.0,12000.0
Kerala,Malappuram,Parappanangadi,Other,Beverages,0.2,11000,11000,11000,2013-03-26,11000.0,0.0,0.0,1.0,12000.0,12000.0,12000.0,11000.0
Kerala,Malappuram,Parappanangadi,Other,Beverages,0.3,11000,11000,11000,2013-03-27,11000.0,0.0,0.0,1.0,11000.0,12000.0,12000.0,11000.0
Kerala,Malappuram,Parappanangadi,Other,Beverages,0.2,11000,11500,11000,2013-03-28,11000.0,0.0,0.0,1.0,11000.0,11000.0,12000.0,10000.0
Kerala,Malappuram,Parappanangadi,Other,Beverages,0.3,11000,12000,11000,2013-03-29,11000.0,0.0,0.0,1.0,11000.0,12000.0,12000.0,10000.0
Kerala,Malappuram,Parappanangadi,Other,Beverages,0.3,11000,11000,11000,2013-03-30,15000.0,0.3636363636363636,0.3101549283038394,2.0,11000.0,12000.0,11000.0,10000.0
Kerala,Malappuram,Parappanangadi,Other,Beverages,0.1,15000,16000,15000,2013-04-01,11000.0,-0.2666666666666666,-0.3101549283038396,1.0,11000.0,11000.0,13000.0,11500.0
Kerala,Malappuram,Parappanangadi,Other,Beverages,0.2,11000,11000,11000,2013-04-02,11000.0,0.0,0.0,1.0,15000.0,12000.0,11000.0,11000.0
Kerala,Malappuram,Parappanangadi,Other,Beverages,0.3,11000,11000,11000,2013-04-03,10000.0,-0.0909090909090909,-0.0953101798043249,1.0,11000.0,11000.0,12000.0,11000.0
Kerala,Malappuram,Parappanangadi,Other,Beverages,0.2,10000,10000,10000,2013-04-04,10000.0,0.0,0.0,1.0,11000.0,11000.0,12000.0,12000.0
Kerala,Malappuram,Parappanangadi,Other,Beverages,0.6,10000,10000,10000,2013-04-05,11000.0,0.1,0.0953101798043249,1.0,10000.0,11000.0,11000.0,13000.0
Kerala,Malappuram,Parappanangadi,Other,Beverages,0.2,11000,11000,11000,2013-04-06,11000.0,0.0,0.0,2.0,10000.0,11000.0,12000.0,12000.0
Kerala,Malappuram,Parappanangadi,Other,Beverages,0.2,11000,11000,11000,2013-04-08,11000.0,0.0,0.0,2.0,11000.0,11000.0,12000.0,12000.0
Kerala,Malappuram,Parappanangadi,Other,Beverages,0.3,11000,11000,11000,2013-04-10,10000.0,-0.0909090909090909,-0.0953101798043249,1.0,11000.0,15000.0,11000.0,12000.0
Kerala,Malappuram,Parappanangadi,Other,Beverages,0.2,10000,10000,10000,2013-04-11,11000.0,0.1,0.0953101798043249,1.0,11000.0,11000.0,12000.0,11000.0
Kerala,Malappuram,Parappanangadi,Other,Beverages,0.2,10000,12000,11000,2013-04-12,10000.0,-0.0909090909090909,-0.0953101798043249,1.0,10000.0,11000.0,11000.0,11000.0
Kerala,Malappuram,Parappanangadi,Other,Beverages,0.2,10000,10000,10000,2013-04-13,12000.0,0.2,0.1823215567939546,2.0,11000.0,10000.0,11000.0,13000.0
Kerala,Malappuram,Parappanangadi,Other,Beverages,0.6,12000,12000,12000,2013-04-15,13000.0,0.0833333333333333,0.0800427076735363,1.0,10000.0,10000.0,11000.0,12000.0
Kerala,Malappuram,Parappanangadi,Other,Beverages,0.5,13000,13000,13000,2013-04-16,12000.0,-0.0769230769230769,-0.0800427076735363,1.0,12000.0,11000.0,11000.0,12000.0
Kerala,Malappuram,Parappanangadi,Other,Beverages,0.5,12000,12000,12000,2013-04-17,12000.0,0.0,0.0,1.0,13000.0,11000.0,11000.0,12000.0
Kerala,Malappuram,Parappanangadi,Other,Beverages,0.3,12000,12000,12000,2013-04-18,12000.0,0.0,0.0,1.0,12000.0,11000.0,15000.0,12000.0
Kerala,Malappuram,Parappanangadi,Other,Beverages,0.6,12000,12000,12000,2013-04-19,13000.0,0.0833333333333333,0.0800427076735363,1.0,12000.0,10000.0,11000.0,11000.0
Kerala,Malappuram,Parappanangadi,Other,Beverages,0.6,13000,13000,13000,2013-04-20,12000.0,-0.0769230769230769,-0.0800427076735363,2.0,12000.0,11000.0,11000.0,13000.0
Kerala,Malappuram,Parappanangadi,Other,Beverages,0.2,12000,12000,12000,2013-04-22,12000.0,0.0,0.0,1.0,13000.0,10000.0,10000.0,11000.0
Kerala,Malappuram,Parappanangadi,Other,Beverages,0.5,12000,12000,12000,2013-04-23,12000.0,0.0,0.0,1.0,12000.0,12000.0,10000.0,12000.0
Kerala,Malappuram,Parappanangadi,Other,Beverages,0.6,12000,12000,12000,2013-04-24,12000.0,0.0,0.0,1.0,12000.0,13000.0,11000.0,12000.0
Kerala,Malappuram,Parappanangadi,Other,Beverages,0.5,12000,12000,12000,2013-04-25,12000.0,0.0,0.0,1.0,12000.0,12000.0,11000.0,11000.0
Kerala,Malappuram,Parappanangadi,Other,Beverages,0.6,12000,12000,12000,2013-04-26,12000.0,0.0,0.0,1.0,12000.0,12000.0,11000.0,12000.0
Kerala,Malappuram,Parappanangadi,Other,Beverages,0.6,12000,12000,12000,2013-04-27,13000.0,0.0833333333333333,0.0800427076735363,2.0,12000.0,12000.0,10000.0,12000.0
Kerala,Malappuram,Parappanangadi,Other,Beverages,0.6,13000,13000,13000,2013-04-29,12000.0,-0.0769230769230769,-0.0800427076735363,1.0,12000.0,13000.0,11000.0,11000.0
Kerala,Malappuram,Parappanangadi,Other,Beverages,0.6,12000,12000,12000,2013-04-30,11000.0,-0.0833333333333333,-0.0870113769896298,1.0,13000.0,12000.0,10000.0,12000.0
Kerala,Malappuram,Parappanangadi,Other,Beverages,0.6,11000,11000,11000,2013-05-01,12000.0,0.0909090909090909,0.0870113769896296,2.0,12000.0,12000.0,12000.0,11000.0
Kerala,Malappuram,Parappanangadi,Other,Beverages,0.5,12000,12000,12000,2013-05-03,13000.0,0.0833333333333333,0.0800427076735363,1.0,11000.0,12000.0,13000.0,11000.0
Kerala,Malappuram,Parappanangadi,Other,Beverages,0.5,13000,13000,13000,2013-05-04,12000.0,-0.0769230769230769,-0.0800427076735363,2.0,12000.0,12000.0,12000.0,11000.0
Kerala,Malappuram,Parappanangadi,Other,Beverages,0.5,12000,12000,12000,2013-05-06,13000.0,0.0833333333333333,0.0800427076735363,1.0,13000.0,12000.0,12000.0,11000.0
Kerala,Malappuram,Parappanangadi,Other,Beverages,0.5,13000,13000,13000,2013-05-07,13000.0,0.0,0.0,1.0,12000.0,12000.0,12000.0,11000.0
Kerala,Malappuram,Parappanangadi,Other,Beverages,0.6,13000,13000,13000,2013-05-08,13000.0,0.0,0.0,1.0,13000.0,13000.0,13000.0,15000.0
Kerala,Malappuram,Parappanangadi,Other,Beverages,0.6,13000,13000,13000,2013-05-09,12000.0,-0.0769230769230769,-0.0800427076735363,4.0,13000.0,12000.0,12000.0,11000.0
Kerala,Malappuram,Parappanangadi,Other,Beverages,0.6,12000,12000,12000,2013-05-13,12000.0,0.0,0.0,1.0,13000.0,11000.0,12000.0,11000.0
Kerala,Malappuram,Parappanangadi,Other,Beverages,0.6,11000,13000,12000,2013-05-14,12000.0,0.0,0.0,1.0,12000.0,12000.0,12000.0,10000.0
Kerala,Malappuram,Parappanangadi,Other,Beverages,0.8,12000,12000,12000,2013-05-15,12000.0,0.0,0.0,1.0,12000.0,13000.0,12000.0,10000.0
Kerala,Malappuram,Parappanangadi,Other,Beverages,0.6,12000,12000,12000,2013-05-16,12000.0,0.0,0.0,1.0,12000.0,12000.0,12000.0,11000.0
Kerala,Malappuram,Parappanangadi,Other,Beverages,0.6,12000,12000,12000,2013-05-17,13000.0,0.0833333333333333,0.0800427076735363,3.0,12000.0,13000.0,12000.0,11000.0
Kerala,Malappuram,Parappanangadi,Other,Beverages,0.6,13000,13000,13000,2013-05-20,12000.0,-0.0769230769230769,-0.0800427076735363,1.0,12000.0,13000.0,13000.0,11000.0
Kerala,Malappuram,Parappanangadi,Other,Beverages,0.5,12000,12000,12000,2013-05-21,11000.0,-0.0833333333333333,-0.0870113769896298,2.0,13000.0,13000.0,12000.0,10000.0
Kerala,Malappuram,Parappanangadi,Other,Beverages,3.0,11000,11000,11000,2013-05-23,11000.0,0.0,0.0,2.0,12000.0,12000.0,11000.0,11000.0
Kerala,Malappuram,Parappanangadi,Other,Beverages,3.0,11000,11000,11000,2013-05-25,12000.0,0.0909090909090909,0.0870113769896296,2.0,11000.0,12000.0,12000.0,10000.0
Kerala,Malappuram,Parappanangadi,Other,Beverages,3.0,12000,12000,12000,2013-05-27,12000.0,0.0,0.0,1.0,11000.0,12000.0,13000.0,12000.0
Kerala,Malappuram,Parappanangadi,Other,Beverages,0.2,12000,12000,12000,2013-05-28,11000.0,-0.0833333333333333,-0.0870113769896298,1.0,12000.0,12000.0,12000.0,13000.0
Kerala,Malappuram,Parappanangadi,Other,Beverages,0.2,11000,11000,11000,2013-05-29,13000.0,0.1818181818181818,0.1670540846631662,1.0,12000.0,12000.0,13000.0,12000.0
Kerala,Malappuram,Parappanangadi,Other,Beverages,0.2,13000,13000,13000,2013-05-30,12000.0,-0.0769230769230769,-0.0800427076735363,1.0,11000.0,13000.0,13000.0,12000.0
Kerala,Malappuram,Parappanangadi,Other,Beverages,0.2,12000,12000,12000,2013-05-31,15000.0,0.25,0.2231435513142097,1.0,13000.0,12000.0,13000.0,12000.0
Kerala,Malappuram,Parappanangadi,Other,Beverages,0.2,15000,15000,15000,2013-06-01,14000.0,-0.0666666666666666,-0.0689928714869514,2.0,12000.0,11000.0,12000.0,13000.0
Kerala,Malappuram,Parappanangadi,Other,Beverages,0.2,14000,14000,14000,2013-06-03,14000.0,0.0,0.0,1.0,15000.0,11000.0,12000.0,12000.0
Kerala,Malappuram,Parappanangadi,Other,Beverages,0.6,14000,14000,14000,2013-06-04,12000.0,-0.1428571428571428,-0.1541506798272583,2.0,14000.0,12000.0,12000.0,12000.0
Kerala,Malappuram,Parappanangadi,Other,Beverages,0.5,12000,12000,12000,2013-06-06,11000.0,-0.0833333333333333,-0.0870113769896298,1.0,14000.0,12000.0,12000.0,12000.0
Kerala,Malappuram,Parappanangadi,Other,Beverages,0.2,11000,11000,11000,2013-06-07,11000.0,0.0,0.0,1.0,12000.0,11000.0,12000.0,12000.0
Kerala,Malappuram,Parappanangadi,Other,Beverages,0.2,11000,11000,11000,2013-06-08,10000.0,-0.0909090909090909,-0.0953101798043249,2.0,11000.0,13000.0,13000.0,12000.0
Kerala,Malappuram,Parappanangadi,Other,Beverages,0.2,10000,10000,10000,2013-06-10,11000.0,0.1,0.0953101798043249,1.0,11000.0,12000.0,12000.0,12000.0
Kerala,Malappuram,Parappanangadi,Other,Beverages,0.3,11000,11000,11000,2013-06-11,12000.0,0.0909090909090909,0.0870113769896296,1.0,10000.0,15000.0,11000.0,13000.0
Kerala,Malappuram,Parappanangadi,Other,Beverages,0.1,12000,12000,12000,2013-06-12,12000.0,0.0,0.0,1.0,11000.0,14000.0,11000.0,12000.0
Kerala,Malappuram,Parappanangadi,Other,Beverages,0.5,12000,12000,12000,2013-06-13,12000.0,0.0,0.0,1.0,12000.0,14000.0,12000.0,11000.0
Kerala,Malappuram,Parappanangadi,Other,Beverages,0.1,12000,12000,12000,2013-06-14,12000.0,0.0,0.0,1.0,12000.0,12000.0,12000.0,12000.0
Kerala,Malappuram,Parappanangadi,Other,Beverages,0.3,12000,12000,12000,2013-06-15,12000.0,0.0,0.0,3.0,12000.0,11000.0,11000.0,13000.0
Kerala,Malappuram,Parappanangadi,Other,Beverages,0.4,12000,12000,12000,2013-06-18,13000.0,0.0833333333333333,0.0800427076735363,1.0,12000.0,11000.0,13000.0,12000.0
Kerala,Malappuram,Parappanangadi,Other,Beverages,0.3,13000,13000,13000,2013-06-19,12000.0,-0.0769230769230769,-0.0800427076735363,1.0,12000.0,10000.0,12000.0,13000.0
Kerala,Malappuram,Parappanangadi,Other,Beverages,0.5,12000,12000,12000,2013-06-20,12000.0,0.0,0.0,1.0,13000.0,11000.0,15000.0,13000.0
Kerala,Malappuram,Parappanangadi,Other,Beverages,0.2,12000,12000,12000,2013-06-21,12000.0,0.0,0.0,1.0,12000.0,12000.0,14000.0,13000.0
Kerala,Malappuram,Parappanangadi,Other,Beverages,0.5,12000,12000,12000,2013-06-22,12000.0,0.0,0.0,2.0,12000.0,12000.0,14000.0,12000.0
Kerala,Malappuram,Parappanangadi,Other,Beverages,0.5,12000,12000,12000,2013-06-24,13000.0,0.0833333333333333,0.0800427076735363,1.0,12000.0,12000.0,12000.0,12000.0
Kerala,Malappuram,Parappanangadi,Other,Beverages,0.2,13000,13000,13000,2013-06-25,12000.0,-0.0769230769230769,-0.0800427076735363,1.0,12000.0,12000.0,11000.0,12000.0
Kerala,Malappuram,Parappanangadi,Other,Beverages,0.5,12000,12000,12000,2013-06-26,12000.0,0.0,0.0,1.0,13000.0,12000.0,11000.0,12000.0
Kerala,Malappuram,Parappanangadi,Other,Beverages,0.5,12000,12000,12000,2013-06-27,12000.0,0.0,0.0,1.0,12000.0,13000.0,10000.0,12000.0
Kerala,Malappuram,Parappanangadi,Other,Beverages,0.4,12000,12000,12000,2013-06-28,13000.0,0.0833333333333333,0.0800427076735363,3.0,12000.0,12000.0,11000.0,13000.0
Kerala,Malappuram,Parappanangadi,Other,Beverages,0.6,13000,13000,13000,2013-07-01,12000.0,-0.0769230769230769,-0.0800427076735363,1.0,12000.0,12000.0,12000.0,12000.0
Kerala,Malappuram,Parappanangadi,Other,Beverages,0.2,12000,12000,12000,2013-07-02,11000.0,-0.0833333333333333,-0.0870113769896298,1.0,13000.0,12000.0,12000.0,11000.0
Kerala,Malappuram,Parappanangadi,Other,Beverages,0.2,11000,11000,11000,2013-07-03,12000.0,0.0909090909090909,0.0870113769896296,1.0,12000.0,12000.0,12000.0,11000.0
Kerala,Malappuram,Parappanangadi,Other,Beverages,0.1,12000,12000,12000,2013-07-04,12000.0,0.0,0.0,1.0,11000.0,13000.0,12000.0,12000.0
Kerala,Malappuram,Parappanangadi,Other,Beverages,0.2,12000,12000,12000,2013-07-05,12000.0,0.0,0.0,1.0,12000.0,12000.0,12000.0,12000.0
Kerala,Malappuram,Parappanangadi,Other,Beverages,0.3,12000,12000,12000,2013-07-06,13000.0,0.0833333333333333,0.0800427076735363,2.0,12000.0,12000.0,13000.0,11000.0
Kerala,Malappuram,Parappanangadi,Other,Beverages,0.3,13000,13000,13000,2013-07-08,13000.0,0.0,0.0,1.0,12000.0,12000.0,12000.0,13000.0
Kerala,Malappuram,Parappanangadi,Other,Beverages,0.3,13000,13000,13000,2013-07-09,12000.0,-0.0769230769230769,-0.0800427076735363,1.0,13000.0,13000.0,12000.0,12000.0
Kerala,Malappuram,Parappanangadi,Other,Beverages,0.3,12000,12000,12000,2013-07-10,11000.0,-0.0833333333333333,-0.0870113769896298,1.0,13000.0,12000.0,12000.0,15000.0
Kerala,Malappuram,Parappanangadi,Other,Beverages,0.3,11000,11000,11000,2013-07-11,13000.0,0.1818181818181818,0.1670540846631662,1.0,12000.0,11000.0,12000.0,14000.0
Kerala,Malappuram,Parappanangadi,Other,Beverages,0.2,13000,13000,13000,2013-07-12,12000.0,-0.0769230769230769,-0.0800427076735363,1.0,11000.0,12000.0,13000.0,14000.0
Kerala,Malappuram,Parappanangadi,Other,Beverages,0.3,12000,12000,12000,2013-07-13,13000.0,0.0833333333333333,0.0800427076735363,2.0,13000.0,12000.0,12000.0,12000.0
Kerala,Malappuram,Parappanangadi,Other,Beverages,0.3,13000,13000,13000,2013-07-15,12000.0,-0.0769230769230769,-0.0800427076735363,1.0,12000.0,12000.0,12000.0,11000.0
Kerala,Malappuram,Parappanangadi,Other,Beverages,0.2,12000,12000,12000,2013-07-16,13000.0,0.0833333333333333,0.0800427076735363,1.0,13000.0,13000.0,12000.0,11000.0
Kerala,Malappuram,Parappanangadi,Other,Beverages,0.3,13000,13000,13000,2013-07-17,13000.0,0.0,0.0,1.0,12000.0,13000.0,13000.0,10000.0
Kerala,Malappuram,Parappanangadi,Other,Beverages,0.3,13000,13000,13000,2013-07-18,13000.0,0.0,0.0,1.0,13000.0,12000.0,12000.0,11000.0
Kerala,Malappuram,Parappanangadi,Other,Beverages,0.3,13000,13000,13000,2013-07-19,11000.0,-0.1538461538461538,-0.1670540846631662,1.0,13000.0,11000.0,11000.0,12000.0
Kerala,Malappuram,Parappanangadi,Other,Beverages,0.5,11000,11000,11000,2013-07-20,12000.0,0.0909090909090909,0.0870113769896296,1.0,13000.0,13000.0,12000.0,12000.0
Kerala,Malappuram,Parappanangadi,Other,Beverages,0.2,12000,12000,12000,2013-07-21,13000.0,0.0833333333333333,0.0800427076735363,1.0,11000.0,12000.0,12000.0,12000.0
Kerala,Malappuram,Parappanangadi,Other,Beverages,0.6,13000,13000,13000,2013-07-22,13000.0,0.0,0.0,1.0,12000.0,13000.0,12000.0,12000.0
Kerala,Malappuram,Parappanangadi,Other,Beverages,0.3,13000,13000,13000,2013-07-23,12000.0,-0.0769230769230769,-0.0800427076735363,1.0,13000.0,12000.0,13000.0,12000.0
Kerala,Malappuram,Parappanangadi,Other,Beverages,0.4,12000,12000,12000,2013-07-24,12000.0,0.0,0.0,1.0,13000.0,13000.0,13000.0,13000.0
Kerala,Malappuram,Parappanangadi,Other,Beverages,0.2,12000,12000,12000,2013-07-25,12000.0,0.0,0.0,1.0,12000.0,13000.0,12000.0,12000.0
Kerala,Malappuram,Parappanangadi,Other,Beverages,0.2,12000,12000,12000,2013-07-26,13000.0,0.0833333333333333,0.0800427076735363,1.0,12000.0,13000.0,11000.0,12000.0
Kerala,Malappuram,Parappanangadi,Other,Beverages,0.2,13000,13000,13000,2013-07-27,13000.0,0.0,0.0,2.0,12000.0,11000.0,13000.0,12000.0
Kerala,Malappuram,Parappanangadi,Other,Beverages,0.3,13000,13000,13000,2013-07-29,13000.0,0.0,0.0,1.0,13000.0,12000.0,12000.0,12000.0
Kerala,Malappuram,Parappanangadi,Other,Beverages,0.3,13000,13000,13000,2013-07-30,12000.0,-0.0769230769230769,-0.0800427076735363,1.0,13000.0,13000.0,13000.0,13000.0
Kerala,Malappuram,Parappanangadi,Other,Beverages,0.2,12000,12000,12000,2013-07-31,13000.0,0.0833333333333333,0.0800427076735363,1.0,13000.0,13000.0,12000.0,12000.0
Kerala,Malappuram,Parappanangadi,Other,Beverages,0.3,13000,13000,13000,2013-08-01,12000.0,-0.0769230769230769,-0.0800427076735363,1.0,12000.0,12000.0,13000.0,12000.0
Kerala,Malappuram,Parappanangadi,Other,Beverages,0.2,12000,12000,12000,2013-08-02,13000.0,0.0833333333333333,0.0800427076735363,1.0,13000.0,12000.0,13000.0,12000.0
Kerala,Malappuram,Parappanangadi,Other,Beverages,0.5,13000,13000,13000,2013-08-03,12000.0,-0.0769230769230769,-0.0800427076735363,2.0,12000.0,12000.0,13000.0,13000.0
Kerala,Malappuram,Parappanangadi,Other,Beverages,0.1,12000,12000,12000,2013-08-05,13000.0,0.0833333333333333,0.0800427076735363,1.0,13000.0,13000.0,11000.0,12000.0
Kerala,Malappuram,Parappanangadi,Other,Beverages,0.1,13000,13000,13000,2013-08-06,13000.0,0.0,0.0,1.0,12000.0,13000.0,12000.0,11000.0
Kerala,Malappuram,Parappanangadi,Other,Beverages,0.5,13000,13000,13000,2013-08-07,13000.0,0.0,0.0,1.0,13000.0,13000.0,13000.0,12000.0
Kerala,Malappuram,Parappanangadi,Other,Beverages,0.6,13000,13000,13000,2013-08-08,13000.0,0.0,0.0,1.0,13000.0,12000.0,13000.0,12000.0
Kerala,Malappuram,Parappanangadi,Other,Beverages,0.3,13000,13000,13000,2013-08-09,13000.0,0.0,0.0,1.0,13000.0,13000.0,12000.0,12000.0
Kerala,Malappuram,Parappanangadi,Other,Beverages,0.3,13000,13000,13000,2013-08-10,12000.0,-0.0769230769230769,-0.0800427076735363,2.0,13000.0,12000.0,12000.0,13000.0
Kerala,Malappuram,Parappanangadi,Other,Beverages,0.3,12000,12000,12000,2013-08-12,13000.0,0.0833333333333333,0.0800427076735363,1.0,13000.0,13000.0,12000.0,13000.0
Kerala,Malappuram,Parappanangadi,Other,Beverages,0.2,13000,13000,13000,2013-08-13,13000.0,0.0,0.0,1.0,12000.0,12000.0,13000.0,12000.0
Kerala,Malappuram,Parappanangadi,Other,Beverages,0.3,13000,13000,13000,2013-08-14,13000.0,0.0,0.0,1.0,13000.0,13000.0,13000.0,11000.0
Kerala,Malappuram,Parappanangadi,Other,Beverages,0.6,13000,13000,13000,2013-08-15,13000.0,0.0,0.0,1.0,13000.0,13000.0,13000.0,13000.0
Kerala,Malappuram,Parappanangadi,Other,Beverages,0.3,13000,13000,13000,2013-08-16,13000.0,0.0,0.0,1.0,13000.0,13000.0,12000.0,12000.0
Kerala,Malappuram,Parappanangadi,Other,Beverages,0.3,13000,13000,13000,2013-08-17,11000.0,-0.1538461538461538,-0.1670540846631662,2.0,13000.0,13000.0,13000.0,13000.0
Kerala,Malappuram,Parappanangadi,Other,Beverages,0.2,11000,11000,11000,2013-08-19,12000.0,0.0909090909090909,0.0870113769896296,1.0,13000.0,13000.0,12000.0,12000.0
Kerala,Malappuram,Parappanangadi,Other,Beverages,0.4,12000,12000,12000,2013-08-20,11500.0,-0.0416666666666666,-0.0425596144187958,1.0,11000.0,12000.0,13000.0,13000.0
Kerala,Malappuram,Parappanangadi,Other,Beverages,0.2,11000,12000,11500,2013-08-21,12000.0,0.0434782608695652,0.0425596144187959,1.0,12000.0,13000.0,12000.0,13000.0
Kerala,Malappuram,Parappanangadi,Other,Beverages,0.4,12000,12000,12000,2013-08-22,13000.0,0.0833333333333333,0.0800427076735363,1.0,11500.0,13000.0,13000.0,13000.0
Kerala,Malappuram,Parappanangadi,Other,Beverages,0.2,13000,13000,13000,2013-08-23,13000.0,0.0,0.0,1.0,12000.0,13000.0,13000.0,11000.0
Kerala,Malappuram,Parappanangadi,Other,Beverages,0.5,13000,13000,13000,2013-08-24,12000.0,-0.0769230769230769,-0.0800427076735363,2.0,13000.0,13000.0,13000.0,12000.0
Kerala,Malappuram,Parappanangadi,Other,Beverages,0.3,12000,12000,12000,2013-08-26,13000.0,0.0833333333333333,0.0800427076735363,1.0,13000.0,13000.0,13000.0,13000.0
Kerala,Malappuram,Parappanangadi,Other,Beverages,0.2,13000,13000,13000,2013-08-27,13000.0,0.0,0.0,1.0,12000.0,11000.0,13000.0,13000.0
Kerala,Malappuram,Parappanangadi,Other,Beverages,0.2,13000,13000,13000,2013-08-28,12000.0,-0.0769230769230769,-0.0800427076735363,1.0,13000.0,12000.0,12000.0,12000.0
Kerala,Malappuram,Parappanangadi,Other,Beverages,0.6,12000,12000,12000,2013-08-29,13000.0,0.0833333333333333,0.0800427076735363,1.0,13000.0,11500.0,13000.0,12000.0
Kerala,Malappuram,Parappanangadi,Other,Beverages,0.6,13000,13000,13000,2013-08-30,13000.0,0.0,0.0,1.0,12000.0,12000.0,13000.0,12000.0
Kerala,Malappuram,Parappanangadi,Other,Beverages,0.2,13000,13000,13000,2013-08-31,11000.0,-0.1538461538461538,-0.1670540846631662,1.0,13000.0,13000.0,13000.0,13000.0
Kerala,Malappuram,Parappanangadi,Other,Beverages,0.6,11000,11000,11000,2013-09-01,13000.0,0.1818181818181818,0.1670540846631662,1.0,13000.0,13000.0,13000.0,13000.0
Kerala,Malappuram,Parappanangadi,Other,Beverages,0.5,13000,13000,13000,2013-09-02,11000.0,-0.1538461538461538,-0.1670540846631662,1.0,11000.0,12000.0,13000.0,13000.0
Kerala,Malappuram,Parappanangadi,Other,Beverages,0.1,11000,11100,11000,2013-09-03,13000.0,0.1818181818181818,0.1670540846631662,2.0,13000.0,13000.0,11000.0,12000.0
Kerala,Malappuram,Parappanangadi,Other,Beverages,0.6,13000,13000,13000,2013-09-05,13000.0,0.0,0.0,1.0,11000.0,13000.0,12000.0,13000.0
Kerala,Malappuram,Parappanangadi,Other,Beverages,0.2,13000,13000,13000,2013-09-06,13000.0,0.0,0.0,1.0,13000.0,12000.0,11500.0,12000.0
Kerala,Malappuram,Parappanangadi,Other,Beverages,0.6,13000,13000,13000,2013-09-07,11000.0,-0.1538461538461538,-0.1670540846631662,2.0,13000.0,13000.0,12000.0,13000.0
Kerala,Malappuram,Parappanangadi,Other,Beverages,0.6,11000,11000,11000,2013-09-09,11000.0,0.0,0.0,1.0,13000.0,13000.0,13000.0,12000.0
Kerala,Malappuram,Parappanangadi,Other,Beverages,0.3,11000,11000,11000,2013-09-10,11000.0,0.0,0.0,1.0,11000.0,11000.0,13000.0,13000.0
Kerala,Malappuram,Parappanangadi,Other,Beverages,0.5,11000,11000,11000,2013-09-11,13000.0,0.1818181818181818,0.1670540846631662,1.0,11000.0,13000.0,12000.0,13000.0
Kerala,Malappuram,Parappanangadi,Other,Beverages,0.3,13000,13000,13000,2013-09-12,11000.0,-0.1538461538461538,-0.1670540846631662,1.0,11000.0,11000.0,13000.0,13000.0
Kerala,Malappuram,Parappanangadi,Other,Beverages,0.3,11000,11000,11000,2013-09-13,12000.0,0.0909090909090909,0.0870113769896296,1.0,13000.0,13000.0,13000.0,13000.0
Kerala,Malappuram,Parappanangadi,Other,Beverages,0.3,12000,12000,12000,2013-09-14,13000.0,0.0833333333333333,0.0800427076735363,3.0,11000.0,13000.0,12000.0,13000.0
Kerala,Malappuram,Parappanangadi,Other,Beverages,0.2,13000,13000,13000,2013-09-17,11000.0,-0.1538461538461538,-0.1670540846631662,1.0,12000.0,13000.0,13000.0,12000.0
Kerala,Malappuram,Parappanangadi,Other,Beverages,0.4,11000,11000,11000,2013-09-18,11000.0,0.0,0.0,1.0,13000.0,11000.0,13000.0,13000.0
Kerala,Malappuram,Parappanangadi,Other,Beverages,0.3,11000,11000,11000,2013-09-19,11000.0,0.0,0.0,1.0,11000.0,11000.0,11000.0,13000.0
Kerala,Malappuram,Parappanangadi,Other,Beverages,0.3,11000,11000,11000,2013-09-20,11000.0,0.0,0.0,1.0,11000.0,11000.0,13000.0,13000.0
Kerala,Malappuram,Parappanangadi,Other,Beverages,0.3,11000,11000,11000,2013-09-21,10000.0,-0.0909090909090909,-0.0953101798043249,2.0,11000.0,13000.0,11000.0,13000.0
Kerala,Malappuram,Parappanangadi,Other,Beverages,0.3,10000,10000,10000,2013-09-23,12000.0,0.2,0.1823215567939546,1.0,11000.0,11000.0,13000.0,13000.0
Kerala,Malappuram,Parappanangadi,Other,Beverages,0.3,12000,12000,12000,2013-09-24,12000.0,0.0,0.0,1.0,10000.0,12000.0,13000.0,11000.0
Kerala,Malappuram,Parappanangadi,Other,Beverages,0.4,12000,12000,12000,2013-09-25,11000.0,-0.0833333333333333,-0.0870113769896298,1.0,12000.0,13000.0,13000.0,12000.0
Kerala,Malappuram,Parappanangadi,Other,Beverages,0.3,11000,11000,11000,2013-09-26,11000.0,0.0,0.0,1.0,12000.0,11000.0,11000.0,11500.0
Kerala,Malappuram,Parappanangadi,Other,Beverages,0.3,11000,11000,11000,2013-09-27,10000.0,-0.0909090909090909,-0.0953101798043249,1.0,11000.0,11000.0,11000.0,12000.0
Kerala,Malappuram,Parappanangadi,Other,Beverages,0.3,10000,10000,10000,2013-09-28,10000.0,0.0,0.0,2.0,11000.0,11000.0,11000.0,13000.0
Kerala,Malappuram,Parappanangadi,Other,Beverages,0.3,10000,10000,10000,2013-09-30,11000.0,0.1,0.0953101798043249,1.0,10000.0,11000.0,13000.0,13000.0
Kerala,Malappuram,Parappanangadi,Other,Beverages,0.3,11000,11000,11000,2013-10-01,10000.0,-0.0909090909090909,-0.0953101798043249,2.0,10000.0,10000.0,11000.0,12000.0
Kerala,Malappuram,Parappanangadi,Other,Beverages,0.3,10000,10000,10000,2013-10-03,12000.0,0.2,0.1823215567939546,1.0,11000.0,12000.0,12000.0,13000.0
Kerala,Malappuram,Parappanangadi,Other,Beverages,0.2,12000,12000,12000,2013-10-04,12000.0,0.0,0.0,1.0,10000.0,12000.0,13000.0,13000.0
Kerala,Malappuram,Parappanangadi,Other,Beverages,0.1,12000,12000,12000,2013-10-05,13000.0,0.0833333333333333,0.0800427076735363,2.0,12000.0,11000.0,11000.0,12000.0
Kerala,Malappuram,Parappanangadi,Other,Beverages,0.3,13000,13000,13000,2013-10-07,12000.0,-0.0769230769230769,-0.0800427076735363,1.0,12000.0,11000.0,11000.0,13000.0
Kerala,Malappuram,Parappanangadi,Other,Beverages,0.4,12000,12000,12000,2013-10-08,14000.0,0.1666666666666666,0.1541506798272583,1.0,13000.0,10000.0,11000.0,13000.0
Kerala,Malappuram,Parappanangadi,Other,Beverages,0.3,14000,14000,14000,2013-10-09,12000.0,-0.1428571428571428,-0.1541506798272583,1.0,12000.0,10000.0,11000.0,11000.0
Kerala,Malappuram,Parappanangadi,Other,Beverages,0.2,12000,12000,12000,2013-10-10,14000.0,0.1666666666666666,0.1541506798272583,1.0,14000.0,11000.0,10000.0,13000.0
Kerala,Malappuram,Parappanangadi,Other,Beverages,0.2,14000,14000,14000,2013-10-11,13000.0,-0.0714285714285714,-0.0741079721537218,1.0,12000.0,10000.0,12000.0,11000.0
Kerala,Malappuram,Parappanangadi,Other,Beverages,0.3,13000,13000,13000,2013-10-12,12000.0,-0.0769230769230769,-0.0800427076735363,3.0,14000.0,12000.0,12000.0,13000.0
Kerala,Malappuram,Parappanangadi,Other,Beverages,0.2,12000,12000,12000,2013-10-15,13000.0,0.0833333333333333,0.0800427076735363,2.0,13000.0,12000.0,11000.0,13000.0
Kerala,Malappuram,Parappanangadi,Other,Beverages,0.3,13000,13000,13000,2013-10-17,12000.0,-0.0769230769230769,-0.0800427076735363,1.0,12000.0,13000.0,11000.0,13000.0
Kerala,Malappuram,Parappanangadi,Other,Beverages,0.2,12000,12000,12000,2013-10-18,12000.0,0.0,0.0,1.0,13000.0,12000.0,10000.0,11000.0
Kerala,Malappuram,Parappanangadi,Other,Beverages,0.2,12000,12000,12000,2013-10-19,12000.0,0.0,0.0,2.0,12000.0,14000.0,10000.0,11000.0
Kerala,Malappuram,Parappanangadi,Other,Beverages,0.2,12000,12000,12000,2013-10-21,13000.0,0.0833333333333333,0.0800427076735363,1.0,12000.0,12000.0,11000.0,11000.0
Kerala,Malappuram,Parappanangadi,Other,Beverages,0.3,16000,16000,16000,2014-01-01,11000.0,-0.3125,-0.3746934494414107,7.0,12000.0,14000.0,10000.0,13000.0
Kerala,Malappuram,Parappanangadi,Other,Beverages,0.2,11000,11000,11000,2014-01-08,15000.0,0.3636363636363636,0.3101549283038394,2.0,16000.0,13000.0,12000.0,11000.0
Kerala,Malappuram,Parappanangadi,Other,Beverages,0.3,15000,15000,15000,2014-01-10,15000.0,0.0,0.0,1.0,11000.0,12000.0,12000.0,12000.0
Kerala,Malappuram,Parappanangadi,Other,Beverages,0.2,15000,16000,15000,2014-01-11,16000.0,0.0666666666666666,0.0645385211375711,2.0,15000.0,13000.0,13000.0,13000.0
Kerala,Malappuram,Parappanangadi,Other,Beverages,0.2,16000,16000,16000,2014-01-13,13000.0,-0.1875,-0.2076393647782445,1.0,15000.0,12000.0,12000.0,11000.0
Kerala,Malappuram,Parappanangadi,Other,Beverages,0.3,13000,13000,13000,2014-01-14,12000.0,-0.0769230769230769,-0.0800427076735363,1.0,16000.0,12000.0,14000.0,11000.0
Kerala,Malappuram,Parappanangadi,Other,Beverages,0.3,12000,12000,12000,2014-01-15,13000.0,0.0833333333333333,0.0800427076735363,1.0,13000.0,12000.0,12000.0,11000.0
Kerala,Malappuram,Parappanangadi,Other,Beverages,0.3,12000,14000,13000,2014-01-16,13500.0,0.0384615384615384,0.0377403279828471,1.0,12000.0,16000.0,14000.0,11000.0
Kerala,Malappuram,Parappanangadi,Other,Beverages,0.3,13000,14000,13500,2014-01-17,14000.0,0.037037037037037,0.0363676441708747,1.0,13000.0,11000.0,13000.0,10000.0
Kerala,Malappuram,Parappanangadi,Other,Beverages,0.2,14000,14000,14000,2014-01-18,15000.0,0.0714285714285714,0.0689928714869514,2.0,13500.0,15000.0,12000.0,12000.0
Kerala,Malappuram,Parappanangadi,Other,Beverages,0.3,14000,16000,15000,2014-01-20,15000.0,0.0,0.0,1.0,14000.0,15000.0,13000.0,12000.0
Kerala,Malappuram,Parappanangadi,Other,Beverages,0.2,15000,15000,15000,2014-01-21,15500.0,0.0333333333333333,0.0327898228229909,1.0,15000.0,16000.0,12000.0,11000.0
Kerala,Malappuram,Parappanangadi,Other,Beverages,0.2,15000,16000,15500,2014-01-22,15500.0,0.0,0.0,1.0,15000.0,13000.0,12000.0,11000.0
Kerala,Malappuram,Parappanangadi,Other,Beverages,0.2,15000,16000,15500,2014-01-23,16000.0,0.032258064516129,0.0317486983145802,1.0,15500.0,12000.0,12000.0,10000.0
Kerala,Malappuram,Parappanangadi,Other,Beverages,0.2,16000,16000,16000,2014-01-24,16000.0,0.0,0.0,1.0,15500.0,13000.0,16000.0,10000.0
Kerala,Malappuram,Parappanangadi,Other,Beverages,0.2,16000,16000,16000,2014-01-25,12000.0,-0.25,-0.2876820724517809,6.0,16000.0,13500.0,11000.0,11000.0
Kerala,Malappuram,Parappanangadi,Other,Beverages,0.3,12000,12000,12000,2014-01-31,12000.0,0.0,0.0,1.0,16000.0,14000.0,15000.0,10000.0
Kerala,Malappuram,Parappanangadi,Other,Beverages,0.2,12000,12000,12000,2014-02-01,13000.0,0.0833333333333333,0.0800427076735363,2.0,12000.0,15000.0,15000.0,12000.0
Kerala,Malappuram,Parappanangadi,Other,Beverages,0.3,13000,13000,13000,2014-02-03,13000.0,0.0,0.0,1.0,12000.0,15000.0,16000.0,12000.0
Kerala,Malappuram,Parappanangadi,Other,Beverages,0.3,13000,13000,13000,2014-02-04,13000.0,0.0,0.0,1.0,13000.0,15500.0,13000.0,13000.0
Kerala,Malappuram,Parappanangadi,Other,Beverages,0.3,13000,13000,13000,2014-02-05,14000.0,0.0769230769230769,0.0741079721537218,1.0,13000.0,15500.0,12000.0,12000.0
Kerala,Malappuram,Parappanangadi,Other,Beverages,0.2,14000,14000,14000,2014-02-06,12000.0,-0.1428571428571428,-0.1541506798272583,1.0,13000.0,16000.0,13000.0,14000.0
Kerala,Malappuram,Parappanangadi,Other,Beverages,0.2,12000,12000,12000,2014-02-07,13000.0,0.0833333333333333,0.0800427076735363,1.0,14000.0,16000.0,13500.0,12000.0
Kerala,Malappuram,Parappanangadi,Other,Beverages,0.3,13000,13000,13000,2014-02-08,13000.0,0.0,0.0,2.0,12000.0,12000.0,14000.0,14000.0
Kerala,Malappuram,Parappanangadi,Other,Beverages,0.3,13000,13000,13000,2014-02-10,15000.0,0.1538461538461538,0.1431008436406732,1.0,13000.0,12000.0,15000.0,13000.0
Kerala,Malappuram,Parappanangadi,Other,Beverages,0.2,15000,15000,15000,2014-02-11,12000.0,-0.2,-0.2231435513142097,1.0,13000.0,13000.0,15000.0,12000.0
Kerala,Malappuram,Parappanangadi,Other,Beverages,0.3,12000,12000,12000,2014-02-12,11000.0,-0.0833333333333333,-0.0870113769896298,1.0,15000.0,13000.0,15500.0,13000.0
Kerala,Malappuram,Parappanangadi,Other,Beverages,0.2,11000,11000,11000,2014-02-13,13500.0,0.2272727272727272,0.2047944126460132,1.0,12000.0,13000.0,15500.0,12000.0
Kerala,Malappuram,Parappanangadi,Other,Beverages,0.3,13000,14000,13500,2014-02-14,12000.0,-0.1111111111111111,-0.1177830356563835,1.0,11000.0,14000.0,16000.0,12000.0
Kerala,Malappuram,Parappanangadi,Other,Beverages,0.2,12000,12000,12000,2014-02-15,13000.0,0.0833333333333333,0.0800427076735363,2.0,13500.0,12000.0,16000.0,12000.0
Kerala,Malappuram,Parappanangadi,Other,Beverages,0.3,13000,13000,13000,2014-02-17,12000.0,-0.0769230769230769,-0.0800427076735363,1.0,12000.0,13000.0,12000.0,16000.0
Kerala,Malappuram,Parappanangadi,Other,Beverages,0.2,12000,12000,12000,2014-02-18,13000.0,0.0833333333333333,0.0800427076735363,1.0,13000.0,13000.0,12000.0,11000.0
Kerala,Malappuram,Parappanangadi,Other,Beverages,0.3,13000,13000,13000,2014-02-19,12000.0,-0.0769230769230769,-0.0800427076735363,1.0,12000.0,15000.0,13000.0,15000.0
Kerala,Malappuram,Parappanangadi,Other,Beverages,0.2,12000,12000,12000,2014-02-20,12000.0,0.0,0.0,1.0,13000.0,12000.0,13000.0,15000.0
Kerala,Malappuram,Parappanangadi,Other,Beverages,0.3,12000,12000,12000,2014-02-21,12000.0,0.0,0.0,1.0,12000.0,11000.0,13000.0,16000.0
Kerala,Malappuram,Parappanangadi,Other,Beverages,0.3,12000,12000,12000,2014-02-22,12000.0,0.0,0.0,2.0,12000.0,13500.0,14000.0,13000.0
Kerala,Malappuram,Parappanangadi,Other,Beverages,0.2,12000,12000,12000,2014-02-24,11500.0,-0.0416666666666666,-0.0425596144187958,1.0,12000.0,12000.0,12000.0,12000.0
Kerala,Malappuram,Parappanangadi,Other,Beverages,0.2,11000,12000,11500,2014-02-25,13000.0,0.1304347826086956,0.1226023220923322,1.0,12000.0,13000.0,13000.0,13000.0
Kerala,Malappuram,Parappanangadi,Other,Beverages,0.2,13000,13000,13000,2014-02-26,13000.0,0.0,0.0,1.0,11500.0,12000.0,13000.0,13500.0
Kerala,Malappuram,Parappanangadi,Other,Beverages,0.3,13000,13000,13000,2014-02-27,12000.0,-0.0769230769230769,-0.0800427076735363,4.0,13000.0,13000.0,15000.0,14000.0
Kerala,Malappuram,Parappanangadi,Other,Beverages,0.3,12000,12000,12000,2014-03-03,12000.0,0.0,0.0,7.0,13000.0,12000.0,12000.0,15000.0
Kerala,Malappuram,Parappanangadi,Other,Beverages,0.3,12000,12000,12000,2014-03-10,12000.0,0.0,0.0,5.0,12000.0,12000.0,11000.0,15000.0
Kerala,Malappuram,Parappanangadi,Other,Beverages,0.3,12000,12000,12000,2014-03-15,12000.0,0.0,0.0,3.0,12000.0,12000.0,13500.0,15500.0
Kerala,Malappuram,Parappanangadi,Other,Beverages,0.3,12000,12000,12000,2014-03-29,12000.0,0.0,0.0,2.0,12000.0,12000.0,12000.0,15500.0
Kerala,Malappuram,Parappanangadi,Other,Beverages,0.3,12000,12000,12000,2014-03-31,13000.0,0.0833333333333333,0.0800427076735363,3.0,12000.0,11500.0,13000.0,16000.0
Kerala,Malappuram,Parappanangadi,Other,Beverages,0.3,13000,13000,13000,2014-04-03,12000.0,-0.0769230769230769,-0.0800427076735363,4.0,12000.0,13000.0,12000.0,16000.0
Kerala,Malappuram,Parappanangadi,Other,Beverages,0.3,12000,12000,12000,2014-04-07,12000.0,0.0,0.0,1.0,13000.0,13000.0,13000.0,12000.0
Kerala,Malappuram,Parappanangadi,Other,Beverages,0.3,12000,12000,12000,2014-04-08,12000.0,0.0,0.0,1.0,12000.0,12000.0,12000.0,12000.0
Kerala,Malappuram,Parappanangadi,Other,Beverages,0.3,12000,12000,12000,2014-04-09,13000.0,0.0833333333333333,0.0800427076735363,1.0,12000.0,12000.0,12000.0,13000.0
Kerala,Malappuram,Parappanangadi,Other,Beverages,0.3,13000,13000,13000,2014-04-10,12000.0,-0.0769230769230769,-0.0800427076735363,1.0,12000.0,12000.0,12000.0,13000.0
Kerala,Malappuram,Parappanangadi,Other,Beverages,0.2,7000,8000,7500,2014-04-28,14000.0,0.8666666666666667,0.6241543090729939,2.0,13000.0,12000.0,12000.0,13000.0
Kerala,Malappuram,Parappanangadi,Other,Beverages,0.3,14000,14000,14000,2014-04-30,14000.0,0.0,0.0,1.0,7500.0,12000.0,11500.0,14000.0
Kerala,Malappuram,Parappanangadi,Other,Beverages,0.2,14000,14000,14000,2014-05-01,14500.0,0.0357142857142857,0.0350913198112701,1.0,14000.0,13000.0,13000.0,12000.0
Kerala,Malappuram,Parappanangadi,Other,Beverages,0.3,14000,15000,14500,2014-05-02,14000.0,-0.0344827586206896,-0.03509131981127,1.0,14000.0,12000.0,13000.0,13000.0
Kerala,Malappuram,Parappanangadi,Other,Beverages,0.2,14000,14000,14000,2014-05-03,14000.0,0.0,0.0,2.0,14500.0,12000.0,12000.0,13000.0
Kerala,Malappuram,Parappanangadi,Other,Beverages,0.3,14000,14000,14000,2014-05-05,14000.0,0.0,0.0,1.0,14000.0,12000.0,12000.0,15000.0
Kerala,Malappuram,Parappanangadi,Other,Beverages,0.2,14000,14000,14000,2014-05-06,9600.0,-0.3142857142857143,-0.377294231141468,1.0,14000.0,13000.0,12000.0,12000.0
Kerala,Malappuram,Parappanangadi,Other,Beverages,0.5,9500,9800,9600,2014-05-07,13500.0,0.40625,0.3409265869705932,1.0,14000.0,7500.0,12000.0,11000.0
Kerala,Malappuram,Parappanangadi,Other,Beverages,0.3,13500,14000,13500,2014-05-08,13000.0,-0.037037037037037,-0.037740327982847,1.0,9600.0,14000.0,12000.0,13500.0
Kerala,Malappuram,Parappanangadi,Other,Beverages,0.2,13000,14000,13000,2014-05-09,13000.0,0.0,0.0,1.0,13500.0,14000.0,13000.0,12000.0
Kerala,Malappuram,Parappanangadi,Other,Beverages,0.2,13000,13000,13000,2014-05-10,14000.0,0.0769230769230769,0.0741079721537218,2.0,13000.0,14500.0,12000.0,13000.0
Kerala,Malappuram,Parappanangadi,Other,Beverages,0.2,14000,14000,14000,2014-05-12,14000.0,0.0,0.0,1.0,13000.0,14000.0,12000.0,12000.0
Kerala,Malappuram,Parappanangadi,Other,Beverages,0.2,14000,14000,14000,2014-05-13,13500.0,-0.0357142857142857,-0.0363676441708748,1.0,14000.0,14000.0,12000.0,13000.0
Kerala,Malappuram,Parappanangadi,Other,Beverages,0.2,13000,14000,13500,2014-05-14,13000.0,-0.037037037037037,-0.037740327982847,1.0,14000.0,14000.0,13000.0,12000.0
Kerala,Malappuram,Parappanangadi,Other,Beverages,0.2,13000,13000,13000,2014-05-15,14000.0,0.0769230769230769,0.0741079721537218,1.0,13500.0,9600.0,7500.0,12000.0
Kerala,Malappuram,Parappanangadi,Other,Beverages,0.2,14000,14000,14000,2014-05-16,13000.0,-0.0714285714285714,-0.0741079721537218,1.0,13000.0,13500.0,14000.0,12000.0
Kerala,Malappuram,Parappanangadi,Other,Beverages,0.2,13000,14000,13000,2014-05-17,14000.0,0.0769230769230769,0.0741079721537218,2.0,14000.0,13000.0,14000.0,12000.0
Kerala,Malappuram,Parappanangadi,Other,Beverages,0.2,14000,14500,14000,2014-05-19,14000.0,0.0,0.0,1.0,13000.0,13000.0,14500.0,11500.0
Kerala,Malappuram,Parappanangadi,Other,Beverages,0.2,14000,14000,14000,2014-05-20,14000.0,0.0,0.0,1.0,14000.0,14000.0,14000.0,13000.0
Kerala,Malappuram,Parappanangadi,Other,Beverages,0.3,14000,14500,14000,2014-05-21,14000.0,0.0,0.0,1.0,14000.0,14000.0,14000.0,13000.0
Kerala,Malappuram,Parappanangadi,Other,Beverages,0.2,14000,14000,14000,2014-05-22,14000.0,0.0,0.0,1.0,14000.0,13500.0,14000.0,12000.0
Kerala,Malappuram,Parappanangadi,Other,Beverages,0.3,14000,14000,14000,2014-05-23,14000.0,0.0,0.0,1.0,14000.0,13000.0,9600.0,12000.0
Kerala,Malappuram,Parappanangadi,Other,Beverages,0.2,14000,14000,14000,2014-05-24,14000.0,0.0,0.0,2.0,14000.0,14000.0,13500.0,12000.0
Kerala,Malappuram,Parappanangadi,Other,Beverages,0.2,14000,14500,14000,2014-05-26,13000.0,-0.0714285714285714,-0.0741079721537218,1.0,14000.0,13000.0,13000.0,12000.0
Kerala,Malappuram,Parappanangadi,Other,Beverages,0.3,13000,14000,13000,2014-05-27,14000.0,0.0769230769230769,0.0741079721537218,1.0,14000.0,14000.0,13000.0,12000.0
Kerala,Malappuram,Parappanangadi,Other,Beverages,0.3,14000,14000,14000,2014-05-28,12500.0,-0.1071428571428571,-0.1133286853070031,1.0,13000.0,14000.0,14000.0,13000.0
Kerala,Malappuram,Parappanangadi,Other,Beverages,0.2,12000,13000,12500,2014-05-29,13000.0,0.04,0.0392207131532813,1.0,14000.0,14000.0,14000.0,12000.0
Kerala,Malappuram,Parappanangadi,Other,Beverages,0.2,13000,13000,13000,2014-05-30,13500.0,0.0384615384615384,0.0377403279828471,1.0,12500.0,14000.0,13500.0,12000.0
Kerala,Malappuram,Parappanangadi,Other,Beverages,0.2,13000,14000,13500,2014-05-31,13000.0,-0.037037037037037,-0.037740327982847,1.0,13000.0,14000.0,13000.0,12000.0
Kerala,Malappuram,Parappanangadi,Other,Beverages,0.3,13000,13000,13000,2014-06-01,12000.0,-0.0769230769230769,-0.0800427076735363,1.0,13500.0,14000.0,14000.0,13000.0
Kerala,Malappuram,Parappanangadi,Other,Beverages,0.2,12000,13000,12000,2014-06-02,13000.0,0.0833333333333333,0.0800427076735363,1.0,13000.0,14000.0,13000.0,7500.0
Kerala,Malappuram,Parappanangadi,Other,Beverages,0.3,13000,13000,13000,2014-06-03,13000.0,0.0,0.0,1.0,12000.0,13000.0,14000.0,14000.0
Kerala,Malappuram,Parappanangadi,Other,Beverages,0.2,13000,13000,13000,2014-06-04,14000.0,0.0769230769230769,0.0741079721537218,1.0,13000.0,14000.0,14000.0,14000.0
Kerala,Malappuram,Parappanangadi,Other,Beverages,0.2,14000,14000,14000,2014-06-05,13500.0,-0.0357142857142857,-0.0363676441708748,1.0,13000.0,12500.0,14000.0,14500.0
Kerala,Malappuram,Parappanangadi,Other,Beverages,0.2,13000,14000,13500,2014-06-06,13000.0,-0.037037037037037,-0.037740327982847,1.0,14000.0,13000.0,14000.0,14000.0
Kerala,Malappuram,Parappanangadi,Other,Beverages,0.2,13000,13000,13000,2014-06-07,12500.0,-0.0384615384615384,-0.0392207131532812,2.0,13500.0,13500.0,14000.0,14000.0
Kerala,Malappuram,Parappanangadi,Other,Beverages,0.3,12000,13000,12500,2014-06-09,13500.0,0.08,0.0769610411361284,1.0,13000.0,13000.0,14000.0,14000.0
Kerala,Malappuram,Parappanangadi,Other,Beverages,0.2,13000,14000,13500,2014-06-10,14000.0,0.037037037037037,0.0363676441708747,1.0,12500.0,12000.0,14000.0,9600.0
Kerala,Malappuram,Parappanangadi,Other,Beverages,0.3,14000,14000,14000,2014-06-11,13000.0,-0.0714285714285714,-0.0741079721537218,1.0,13500.0,13000.0,13000.0,13500.0
Kerala,Malappuram,Parappanangadi,Other,Beverages,0.2,13000,13000,13000,2014-06-12,13000.0,0.0,0.0,1.0,14000.0,13000.0,14000.0,13000.0
Kerala,Malappuram,Parappanangadi,Other,Beverages,0.3,13000,13000,13000,2014-06-13,13500.0,0.0384615384615384,0.0377403279828471,1.0,13000.0,14000.0,12500.0,13000.0
Kerala,Malappuram,Parappanangadi,Other,Beverages,0.3,13000,14000,13500,2014-06-14,13000.0,-0.037037037037037,-0.037740327982847,2.0,13000.0,13500.0,13000.0,14000.0
Kerala,Malappuram,Parappanangadi,Other,Beverages,0.3,13000,13000,13000,2014-06-16,13000.0,0.0,0.0,1.0,13500.0,13000.0,13500.0,14000.0
Kerala,Malappuram,Parappanangadi,Other,Beverages,0.2,12000,14000,13000,2014-06-17,13000.0,0.0,0.0,1.0,13000.0,12500.0,13000.0,13500.0
Kerala,Malappuram,Parappanangadi,Other,Beverages,0.2,13000,14000,13000,2014-06-18,14500.0,0.1153846153846153,0.109199291964992,1.0,13000.0,13500.0,12000.0,13000.0
Kerala,Malappuram,Parappanangadi,Other,Beverages,0.3,14000,15000,14500,2014-06-19,13500.0,-0.0689655172413793,-0.0714589639821449,1.0,13000.0,14000.0,13000.0,14000.0
Kerala,Malappuram,Parappanangadi,Other,Beverages,0.2,13000,14000,13500,2014-06-20,13000.0,-0.037037037037037,-0.037740327982847,1.0,14500.0,13000.0,13000.0,13000.0
Kerala,Malappuram,Parappanangadi,Other,Beverages,0.2,13000,14000,13000,2014-06-21,13500.0,0.0384615384615384,0.0377403279828471,2.0,13500.0,13000.0,14000.0,14000.0
Kerala,Malappuram,Parappanangadi,Other,Beverages,0.3,13000,14000,13500,2014-06-23,14500.0,0.074074074074074,0.071458963982145,1.0,13000.0,13500.0,13500.0,14000.0
Kerala,Malappuram,Parappanangadi,Other,Beverages,0.3,14000,15000,14500,2014-06-24,14000.0,-0.0344827586206896,-0.03509131981127,1.0,13500.0,13000.0,13000.0,14000.0
Kerala,Malappuram,Parappanangadi,Other,Beverages,0.3,14000,14000,14000,2014-06-25,16000.0,0.1428571428571428,0.1335313926245225,1.0,14500.0,13000.0,12500.0,14000.0
Kerala,Malappuram,Parappanangadi,Other,Beverages,0.3,16000,16000,16000,2014-06-26,15000.0,-0.0625,-0.0645385211375711,1.0,14000.0,13000.0,13500.0,14000.0
Kerala,Malappuram,Parappanangadi,Other,Beverages,0.2,14000,16000,15000,2014-06-27,15000.0,0.0,0.0,1.0,16000.0,14500.0,14000.0,14000.0
Kerala,Malappuram,Parappanangadi,Other,Beverages,0.2,15000,15000,15000,2014-06-28,15000.0,0.0,0.0,2.0,15000.0,13500.0,13000.0,14000.0
Kerala,Malappuram,Parappanangadi,Other,Beverages,0.2,15000,15000,15000,2014-06-30,15000.0,0.0,0.0,1.0,15000.0,13000.0,13000.0,13000.0
Kerala,Malappuram,Parappanangadi,Other,Beverages,0.3,15000,15000,15000,2014-07-01,14500.0,-0.0333333333333333,-0.0339015516756813,1.0,15000.0,13500.0,13500.0,14000.0
Kerala,Malappuram,Parappanangadi,Other,Beverages,0.3,14000,15000,14500,2014-07-02,15000.0,0.0344827586206896,0.0339015516756814,1.0,15000.0,14500.0,13000.0,12500.0
Kerala,Malappuram,Parappanangadi,Other,Beverages,0.2,15000,15000,15000,2014-07-03,15500.0,0.0333333333333333,0.0327898228229909,2.0,14500.0,14000.0,13000.0,13000.0
Odisha,Puri,Sakhigopal,All Dust,Beverages,0.4,9000,16000,15000,2004-02-23,15000.0,0.0,0.0,2.0,,,,
Odisha,Puri,Sakhigopal,All Dust,Beverages,0.4,9000,16000,15000,2004-02-25,15000.0,0.0,0.0,1.0,15000.0,,,
Odisha,Puri,Sakhigopal,All Dust,Beverages,0.5,9000,16000,15000,2004-02-26,15000.0,0.0,0.0,2.0,15000.0,,,
Odisha,Puri,Sakhigopal,All Dust,Beverages,0.5,9000,16000,15000,2004-02-28,15000.0,0.0,0.0,1.0,15000.0,,,
Odisha,Puri,Sakhigopal,All Dust,Beverages,0.4,9000,16000,15000,2004-02-29,15000.0,0.0,0.0,2.0,15000.0,,,
Odisha,Puri,Sakhigopal,All Dust,Beverages,0.5,9000,16000,15000,2004-03-02,15000.0,0.0,0.0,1.0,15000.0,,,
Odisha,Puri,Sakhigopal,All Dust,Beverages,0.4,9000,16000,15000,2004-03-03,15000.0,0.0,0.0,1.0,15000.0,,,
Odisha,Puri,Sakhigopal,All Dust,Beverages,0.4,9000,16000,15000,2004-03-04,15000.0,0.0,0.0,1.0,15000.0,15000.0,,
Odisha,Puri,Sakhigopal,All Dust,Beverages,0.4,9000,16000,15000,2004-03-05,15000.0,0.0,0.0,3.0,15000.0,15000.0,,
Odisha,Puri,Sakhigopal,All Dust,Beverages,0.4,9000,16000,15000,2004-03-08,15000.0,0.0,0.0,1.0,15000.0,15000.0,,
Odisha,Puri,Sakhigopal,All Dust,Beverages,0.4,9000,16000,15000,2004-03-09,15000.0,0.0,0.0,1.0,15000.0,15000.0,,
Odisha,Puri,Sakhigopal,All Dust,Beverages,0.4,9000,16000,15000,2004-03-10,15000.0,0.0,0.0,1.0,15000.0,15000.0,,
Odisha,Puri,Sakhigopal,All Dust,Beverages,0.4,9000,16000,15000,2004-03-11,15000.0,0.0,0.0,1.0,15000.0,15000.0,,
Odisha,Puri,Sakhigopal,All Dust,Beverages,0.5,9000,16000,15000,2004-03-12,15000.0,0.0,0.0,1.0,15000.0,15000.0,,
Odisha,Puri,Sakhigopal,All Dust,Beverages,0.4,8000,16000,15000,2004-03-13,15000.0,0.0,0.0,2.0,15000.0,15000.0,15000.0,
Odisha,Puri,Sakhigopal,All Dust,Beverages,0.4,8000,16000,15000,2004-03-15,15000.0,0.0,0.0,2.0,15000.0,15000.0,15000.0,
Odisha,Puri,Sakhigopal,All Dust,Beverages,0.4,8000,16000,15000,2004-03-17,15000.0,0.0,0.0,1.0,15000.0,15000.0,15000.0,
Odisha,Puri,Sakhigopal,All Dust,Beverages,0.4,8000,16000,15000,2004-03-18,15000.0,0.0,0.0,7.0,15000.0,15000.0,15000.0,
Odisha,Puri,Sakhigopal,All Dust,Beverages,0.5,8000,16000,15000,2004-03-25,15000.0,0.0,0.0,1.0,15000.0,15000.0,15000.0,
Odisha,Puri,Sakhigopal,All Dust,Beverages,0.5,8000,16000,15000,2004-03-26,16000.0,0.0666666666666666,0.0645385211375711,2.0,15000.0,15000.0,15000.0,
Odisha,Puri,Sakhigopal,All Dust,Beverages,0.2,9000,18000,16000,2004-03-28,15000.0,-0.0625,-0.0645385211375711,1.0,15000.0,15000.0,15000.0,
Odisha,Puri,Sakhigopal,All Dust,Beverages,0.4,8000,16000,15000,2004-03-29,15000.0,0.0,0.0,2.0,16000.0,15000.0,15000.0,
Odisha,Puri,Sakhigopal,All Dust,Beverages,0.4,9000,16000,15000,2004-03-31,15000.0,0.0,0.0,1.0,15000.0,15000.0,15000.0,
Odisha,Puri,Sakhigopal,All Dust,Beverages,0.2,9000,16000,15000,2004-04-01,15000.0,0.0,0.0,2.0,15000.0,15000.0,15000.0,
Odisha,Puri,Sakhigopal,All Dust,Beverages,0.4,9000,16000,15000,2004-04-03,15000.0,0.0,0.0,7.0,15000.0,15000.0,15000.0,
Odisha,Puri,Sakhigopal,All Dust,Beverages,0.4,9000,16000,15000,2004-04-10,15000.0,0.0,0.0,1.0,15000.0,15000.0,15000.0,
Odisha,Puri,Sakhigopal,All Dust,Beverages,0.3,9000,16000,15000,2004-04-11,15000.0,0.0,0.0,1.0,15000.0,15000.0,15000.0,
Odisha,Puri,Sakhigopal,All Dust,Beverages,0.3,9000,16000,15000,2004-04-12,15000.0,0.0,0.0,2.0,15000.0,16000.0,15000.0,
Odisha,Puri,Sakhigopal,All Dust,Beverages,0.4,9000,16000,15000,2004-04-14,15000.0,0.0,0.0,5.0,15000.0,15000.0,15000.0,
Odisha,Puri,Sakhigopal,All Dust,Beverages,0.2,8000,16000,15000,2004-04-19,8000.0,-0.4666666666666667,-0.6286086594223742,1.0,15000.0,15000.0,15000.0,
Odisha,Puri,Sakhigopal,All Dust,Beverages,0.2,7000,10000,8000,2004-04-20,15000.0,0.875,0.6286086594223741,1.0,15000.0,15000.0,15000.0,15000.0
Odisha,Puri,Sakhigopal,All Dust,Beverages,0.3,7000,16000,15000,2004-04-21,15000.0,0.0,0.0,1.0,8000.0,15000.0,15000.0,15000.0
Odisha,Puri,Sakhigopal,All Dust,Beverages,0.2,7000,16000,15000,2004-04-22,15000.0,0.0,0.0,1.0,15000.0,15000.0,15000.0,15000.0
Odisha,Puri,Sakhigopal,All Dust,Beverages,0.3,7000,16000,15000,2004-04-23,15000.0,0.0,0.0,1.0,15000.0,15000.0,15000.0,15000.0
Odisha,Puri,Sakhigopal,All Dust,Beverages,0.4,7000,16000,15000,2004-04-24,15000.0,0.0,0.0,1.0,15000.0,15000.0,16000.0,15000.0
Odisha,Puri,Sakhigopal,All Dust,Beverages,0.4,7000,16000,15000,2004-04-25,15000.0,0.0,0.0,2.0,15000.0,15000.0,15000.0,15000.0
Odisha,Puri,Sakhigopal,All Dust,Beverages,0.3,7000,16000,15000,2004-04-27,15000.0,0.0,0.0,1.0,15000.0,15000.0,15000.0,15000.0
Odisha,Puri,Sakhigopal,All Dust,Beverages,0.3,7000,16000,15000,2004-04-28,15000.0,0.0,0.0,2.0,15000.0,8000.0,15000.0,15000.0
Odisha,Puri,Sakhigopal,All Dust,Beverages,0.3,7000,16000,15000,2004-04-30,15000.0,0.0,0.0,1.0,15000.0,15000.0,15000.0,15000.0
Odisha,Puri,Sakhigopal,All Dust,Beverages,0.4,7000,16000,15000,2004-05-01,15000.0,0.0,0.0,1.0,15000.0,15000.0,15000.0,15000.0
Odisha,Puri,Sakhigopal,All Dust,Beverages,0.2,7000,16000,15000,2004-05-02,15000.0,0.0,0.0,1.0,15000.0,15000.0,15000.0,15000.0
Odisha,Puri,Sakhigopal,All Dust,Beverages,0.3,7000,16000,15000,2004-05-03,15000.0,0.0,0.0,1.0,15000.0,15000.0,15000.0,15000.0
Odisha,Puri,Sakhigopal,All Dust,Beverages,0.2,7000,16000,15000,2004-05-04,15000.0,0.0,0.0,2.0,15000.0,15000.0,15000.0,15000.0
Odisha,Puri,Sakhigopal,All Dust,Beverages,0.4,8000,16000,15000,2004-05-06,15000.0,0.0,0.0,2.0,15000.0,15000.0,15000.0,15000.0
Odisha,Puri,Sakhigopal,All Dust,Beverages,0.2,8000,16000,15000,2004-05-08,15000.0,0.0,0.0,1.0,15000.0,15000.0,8000.0,15000.0
Odisha,Puri,Sakhigopal,All Dust,Beverages,0.4,8000,16000,15000,2004-05-09,15000.0,0.0,0.0,2.0,15000.0,15000.0,15000.0,15000.0
Odisha,Puri,Sakhigopal,All Dust,Beverages,0.2,8000,16000,15000,2004-05-11,15000.0,0.0,0.0,1.0,15000.0,15000.0,15000.0,15000.0
Odisha,Puri,Sakhigopal,All Dust,Beverages,0.1,8000,16000,15000,2004-05-12,15000.0,0.0,0.0,3.0,15000.0,15000.0,15000.0,15000.0
Odisha,Puri,Sakhigopal,All Dust,Beverages,0.3,8000,16000,15000,2004-05-15,15000.0,0.0,0.0,3.0,15000.0,15000.0,15000.0,15000.0
Odisha,Puri,Sakhigopal,All Dust,Beverages,0.3,8000,16000,15000,2004-05-18,15000.0,0.0,0.0,1.0,15000.0,15000.0,15000.0,15000.0
Odisha,Puri,Sakhigopal,All Dust,Beverages,0.4,8000,16000,15000,2004-05-19,15000.0,0.0,0.0,2.0,15000.0,15000.0,15000.0,16000.0
Odisha,Puri,Sakhigopal,All Dust,Beverages,0.3,8000,16000,15000,2004-05-21,15000.0,0.0,0.0,1.0,15000.0,15000.0,15000.0,15000.0
Odisha,Puri,Sakhigopal,All Dust,Beverages,0.3,8000,16000,15000,2004-05-22,15000.0,0.0,0.0,1.0,15000.0,15000.0,15000.0,15000.0
Odisha,Puri,Sakhigopal,All Dust,Beverages,0.3,8000,16000,15000,2004-05-23,15000.0,0.0,0.0,2.0,15000.0,15000.0,15000.0,15000.0
Odisha,Puri,Sakhigopal,All Dust,Beverages,0.2,8000,16000,15000,2004-05-25,15000.0,0.0,0.0,2.0,15000.0,15000.0,15000.0,15000.0
Odisha,Puri,Sakhigopal,All Dust,Beverages,0.2,8000,16000,15000,2004-05-27,15000.0,0.0,0.0,5.0,15000.0,15000.0,15000.0,15000.0
Odisha,Puri,Sakhigopal,All Dust,Beverages,0.3,8000,16000,15000,2004-06-01,15000.0,0.0,0.0,3.0,15000.0,15000.0,15000.0,15000.0
Odisha,Puri,Sakhigopal,All Dust,Beverages,0.4,7000,16000,15000,2004-06-04,15000.0,0.0,0.0,1.0,15000.0,15000.0,15000.0,15000.0
Odisha,Puri,Sakhigopal,All Dust,Beverages,0.2,8000,16000,15000,2004-06-05,15000.0,0.0,0.0,1.0,15000.0,15000.0,15000.0,15000.0
Odisha,Puri,Sakhigopal,All Dust,Beverages,0.3,8000,16000,15000,2004-06-06,15000.0,0.0,0.0,1.0,15000.0,15000.0,15000.0,15000.0
Odisha,Puri,Sakhigopal,All Dust,Beverages,0.3,9000,16000,15000,2004-06-07,15000.0,0.0,0.0,1.0,15000.0,15000.0,15000.0,8000.0
Odisha,Puri,Sakhigopal,All Dust,Beverages,0.3,8000,16000,15000,2004-06-08,15000.0,0.0,0.0,2.0,15000.0,15000.0,15000.0,15000.0
Odisha,Puri,Sakhigopal,All Dust,Beverages,0.4,9000,16000,15000,2004-06-10,15000.0,0.0,0.0,1.0,15000.0,15000.0,15000.0,15000.0
Odisha,Puri,Sakhigopal,All Dust,Beverages,0.2,8000,16000,15000,2004-06-11,15000.0,0.0,0.0,1.0,15000.0,15000.0,15000.0,15000.0
Odisha,Puri,Sakhigopal,All Dust,Beverages,0.3,8000,16000,15000,2004-06-12,15000.0,0.0,0.0,4.0,15000.0,15000.0,15000.0,15000.0
Odisha,Puri,Sakhigopal,All Dust,Beverages,0.4,8000,16000,15000,2004-06-16,15000.0,0.0,0.0,1.0,15000.0,15000.0,15000.0,15000.0
Odisha,Puri,Sakhigopal,All Dust,Beverages,0.9,8000,16000,15000,2004-06-17,15000.0,0.0,0.0,3.0,15000.0,15000.0,15000.0,15000.0
Odisha,Puri,Sakhigopal,All Dust,Beverages,0.4,8000,16000,15000,2004-06-20,15000.0,0.0,0.0,2.0,15000.0,15000.0,15000.0,15000.0
Odisha,Puri,Sakhigopal,All Dust,Beverages,0.2,9000,16000,15000,2004-06-22,15000.0,0.0,0.0,1.0,15000.0,15000.0,15000.0,15000.0
Odisha,Puri,Sakhigopal,All Dust,Beverages,0.3,9000,16000,15000,2004-06-23,15000.0,0.0,0.0,2.0,15000.0,15000.0,15000.0,15000.0
Odisha,Puri,Sakhigopal,All Dust,Beverages,0.2,9000,16000,15000,2004-06-25,15000.0,0.0,0.0,1.0,15000.0,15000.0,15000.0,15000.0
Odisha,Puri,Sakhigopal,All Dust,Beverages,0.2,9000,16000,15000,2004-06-26,15000.0,0.0,0.0,1.0,15000.0,15000.0,15000.0,15000.0
Odisha,Puri,Sakhigopal,All Dust,Beverages,0.3,9000,16000,15000,2004-06-27,15000.0,0.0,0.0,1.0,15000.0,15000.0,15000.0,15000.0
Odisha,Puri,Sakhigopal,All Dust,Beverages,0.2,9000,16000,15000,2004-06-28,15000.0,0.0,0.0,1.0,15000.0,15000.0,15000.0,15000.0
Odisha,Puri,Sakhigopal,All Dust,Beverages,0.6,9000,16000,15000,2004-06-29,15000.0,0.0,0.0,1.0,15000.0,15000.0,15000.0,15000.0
Odisha,Puri,Sakhigopal,All Dust,Beverages,0.3,9000,16000,15000,2004-06-30,15000.0,0.0,0.0,1.0,15000.0,15000.0,15000.0,15000.0
Odisha,Puri,Sakhigopal,All Dust,Beverages,0.4,9000,16000,15000,2004-07-01,15000.0,0.0,0.0,1.0,15000.0,15000.0,15000.0,15000.0
Odisha,Puri,Sakhigopal,All Dust,Beverages,0.2,9000,16000,15000,2004-07-02,15000.0,0.0,0.0,1.0,15000.0,15000.0,15000.0,15000.0
Odisha,Puri,Sakhigopal,All Dust,Beverages,0.3,9000,16000,15000,2004-07-03,15000.0,0.0,0.0,2.0,15000.0,15000.0,15000.0,15000.0
Odisha,Puri,Sakhigopal,All Dust,Beverages,0.3,9000,16000,15000,2004-07-05,15000.0,0.0,0.0,3.0,15000.0,15000.0,15000.0,15000.0
Odisha,Puri,Sakhigopal,All Dust,Beverages,0.3,8000,16000,15000,2004-07-08,15000.0,0.0,0.0,2.0,15000.0,15000.0,15000.0,15000.0
Odisha,Puri,Sakhigopal,All Dust,Beverages,0.3,9000,16000,15000,2004-07-10,15000.0,0.0,0.0,2.0,15000.0,15000.0,15000.0,15000.0
Odisha,Puri,Sakhigopal,All Dust,Beverages,0.3,8000,16000,15000,2004-07-12,15000.0,0.0,0.0,1.0,15000.0,15000.0,15000.0,15000.0
Odisha,Puri,Sakhigopal,All Dust,Beverages,0.2,8000,16000,15000,2004-07-13,15000.0,0.0,0.0,1.0,15000.0,15000.0,15000.0,15000.0
Odisha,Puri,Sakhigopal,All Dust,Beverages,0.3,8000,16000,15000,2004-07-14,15000.0,0.0,0.0,2.0,15000.0,15000.0,15000.0,15000.0
Odisha,Puri,Sakhigopal,All Dust,Beverages,0.2,8000,16000,15000,2004-07-16,15000.0,0.0,0.0,1.0,15000.0,15000.0,15000.0,15000.0
Odisha,Puri,Sakhigopal,All Dust,Beverages,0.2,8000,16000,15000,2004-07-17,15000.0,0.0,0.0,2.0,15000.0,15000.0,15000.0,15000.0
Odisha,Puri,Sakhigopal,All Dust,Beverages,0.3,8000,16000,15000,2004-07-19,15000.0,0.0,0.0,1.0,15000.0,15000.0,15000.0,15000.0
Odisha,Puri,Sakhigopal,All Dust,Beverages,0.2,8000,16000,15000,2004-07-20,15000.0,0.0,0.0,1.0,15000.0,15000.0,15000.0,15000.0
Odisha,Puri,Sakhigopal,All Dust,Beverages,0.3,8000,16000,15000,2004-07-21,15000.0,0.0,0.0,1.0,15000.0,15000.0,15000.0,15000.0
Odisha,Puri,Sakhigopal,All Dust,Beverages,0.2,8000,16000,15000,2004-07-22,15000.0,0.0,0.0,1.0,15000.0,15000.0,15000.0,15000.0
Odisha,Puri,Sakhigopal,All Dust,Beverages,0.3,8000,16000,15000,2004-07-23,15000.0,0.0,0.0,1.0,15000.0,15000.0,15000.0,15000.0
Odisha,Puri,Sakhigopal,All Dust,Beverages,0.2,8000,16000,15000,2004-07-24,15000.0,0.0,0.0,1.0,15000.0,15000.0,15000.0,15000.0
Odisha,Puri,Sakhigopal,All Dust,Beverages,0.2,8000,16000,15000,2004-07-25,15000.0,0.0,0.0,1.0,15000.0,15000.0,15000.0,15000.0
Odisha,Puri,Sakhigopal,All Dust,Beverages,0.2,8000,16000,15000,2004-07-26,15000.0,0.0,0.0,2.0,15000.0,15000.0,15000.0,15000.0
Odisha,Puri,Sakhigopal,All Dust,Beverages,0.2,8000,16000,15000,2004-07-28,15000.0,0.0,0.0,3.0,15000.0,15000.0,15000.0,15000.0
Odisha,Puri,Sakhigopal,All Dust,Beverages,0.4,9000,13000,12000,2004-10-13,12000.0,0.0,0.0,1.0,15000.0,15000.0,15000.0,15000.0
Odisha,Puri,Sakhigopal,All Dust,Beverages,0.2,9000,13000,12000,2004-10-14,12000.0,0.0,0.0,3.0,12000.0,15000.0,15000.0,15000.0
Odisha,Puri,Sakhigopal,All Dust,Beverages,0.1,9000,13000,12000,2004-10-17,12000.0,0.0,0.0,6.0,12000.0,15000.0,15000.0,15000.0
Odisha,Puri,Sakhigopal,All Dust,Beverages,0.1,8000,13000,12000,2004-10-23,12000.0,0.0,0.0,1.0,12000.0,15000.0,15000.0,15000.0
Odisha,Puri,Sakhigopal,All Dust,Beverages,0.1,9000,13000,12000,2004-11-01,12000.0,0.0,0.0,2.0,12000.0,15000.0,15000.0,15000.0
Odisha,Puri,Sakhigopal,All Dust,Beverages,0.1,8000,13000,12000,2004-11-03,12000.0,0.0,0.0,1.0,12000.0,15000.0,15000.0,15000.0
Odisha,Puri,Sakhigopal,All Dust,Beverages,0.2,9000,13000,12000,2004-11-04,12000.0,0.0,0.0,1.0,12000.0,15000.0,15000.0,15000.0
Odisha,Puri,Sakhigopal,All Dust,Beverages,0.1,9000,13000,12000,2004-11-05,12000.0,0.0,0.0,1.0,12000.0,12000.0,15000.0,15000.0
Odisha,Puri,Sakhigopal,All Dust,Beverages,0.2,9000,13000,12000,2004-11-06,12000.0,0.0,0.0,3.0,12000.0,12000.0,15000.0,15000.0
Odisha,Puri,Sakhigopal,All Dust,Beverages,0.2,9000,13000,12000,2004-11-09,12000.0,0.0,0.0,2.0,12000.0,12000.0,15000.0,15000.0
Odisha,Puri,Sakhigopal,All Dust,Beverages,0.2,9000,13000,12000,2004-11-11,12000.0,0.0,0.0,4.0,12000.0,12000.0,15000.0,15000.0
Odisha,Puri,Sakhigopal,All Dust,Beverages,0.2,9000,13000,12000,2004-11-15,12000.0,0.0,0.0,3.0,12000.0,12000.0,15000.0,15000.0
Odisha,Puri,Sakhigopal,All Dust,Beverages,0.2,9000,13000,12000,2004-11-18,12000.0,0.0,0.0,1.0,12000.0,12000.0,15000.0,15000.0
Odisha,Puri,Sakhigopal,All Dust,Beverages,0.3,9000,13000,12000,2004-11-19,12000.0,0.0,0.0,2.0,12000.0,12000.0,15000.0,15000.0
Odisha,Puri,Sakhigopal,All Dust,Beverages,0.2,9000,13000,12000,2004-11-21,12000.0,0.0,0.0,2.0,12000.0,12000.0,12000.0,15000.0
Odisha,Puri,Sakhigopal,All Dust,Beverages,0.2,9000,13000,12000,2004-11-23,12000.0,0.0,0.0,3.0,12000.0,12000.0,12000.0,15000.0
Odisha,Puri,Sakhigopal,All Dust,Beverages,0.2,9000,13000,12000,2004-11-26,12000.0,0.0,0.0,2.0,12000.0,12000.0,12000.0,15000.0
Odisha,Puri,Sakhigopal,All Dust,Beverages,0.1,9000,13000,12000,2004-11-28,13000.0,0.0833333333333333,0.0800427076735363,2.0,12000.0,12000.0,12000.0,15000.0
Odisha,Puri,Sakhigopal,All Dust,Beverages,0.1,9000,13000,13000,2004-11-30,12000.0,-0.0769230769230769,-0.0800427076735363,1.0,12000.0,12000.0,12000.0,15000.0
Odisha,Puri,Sakhigopal,All Dust,Beverages,0.1,9000,13000,12000,2004-12-01,12000.0,0.0,0.0,2.0,13000.0,12000.0,12000.0,15000.0
Odisha,Puri,Sakhigopal,All Dust,Beverages,0.2,9000,13000,12000,2004-12-03,12000.0,0.0,0.0,1.0,12000.0,12000.0,12000.0,15000.0
Odisha,Puri,Sakhigopal,All Dust,Beverages,0.2,9000,13000,12000,2004-12-04,12000.0,0.0,0.0,6.0,12000.0,12000.0,12000.0,15000.0
Odisha,Puri,Sakhigopal,All Dust,Beverages,0.2,9000,13000,12000,2004-12-10,13000.0,0.0833333333333333,0.0800427076735363,1.0,12000.0,12000.0,12000.0,15000.0
Odisha,Puri,Sakhigopal,All Dust,Beverages,0.2,9000,13000,13000,2004-12-11,13000.0,0.0,0.0,1.0,12000.0,12000.0,12000.0,15000.0
Odisha,Puri,Sakhigopal,All Dust,Beverages,0.2,9000,13000,13000,2004-12-12,12000.0,-0.0769230769230769,-0.0800427076735363,1.0,13000.0,12000.0,12000.0,15000.0
Odisha,Puri,Sakhigopal,All Dust,Beverages,0.2,9000,13000,12000,2004-12-13,12000.0,0.0,0.0,4.0,13000.0,13000.0,12000.0,15000.0
Odisha,Puri,Sakhigopal,All Dust,Beverages,0.2,9000,13000,12000,2004-12-17,12000.0,0.0,0.0,4.0,12000.0,12000.0,12000.0,15000.0
Odisha,Puri,Sakhigopal,All Dust,Beverages,0.2,9000,15000,12000,2005-09-22,13000.0,0.0833333333333333,0.0800427076735363,4.0,12000.0,12000.0,12000.0,15000.0
Odisha,Puri,Sakhigopal,All Dust,Beverages,0.3,7500,14000,13000,2005-11-02,13000.0,0.0,0.0,7.0,12000.0,12000.0,12000.0,15000.0
Odisha,Puri,Sakhigopal,All Dust,Beverages,0.3,7500,15000,13000,2005-11-19,15000.0,0.1538461538461538,0.1431008436406732,4.0,13000.0,12000.0,12000.0,15000.0
Odisha,Puri,Sakhigopal,All Dust,Beverages,0.2,9000,17000,15000,2005-11-23,13000.0,-0.1333333333333333,-0.1431008436406733,2.0,13000.0,13000.0,12000.0,12000.0
Odisha,Puri,Sakhigopal,All Dust,Beverages,0.2,900,1800,1200,2005-12-08,13000.0,9.833333333333334,2.3826278006675823,4.0,15000.0,13000.0,12000.0,12000.0
Odisha,Puri,Sakhigopal,All Dust,Beverages,0.8,9000,17000,15000,2005-12-27,13000.0,-0.1333333333333333,-0.1431008436406733,3.0,1200.0,12000.0,13000.0,12000.0
Odisha,Puri,Sakhigopal,All Dust,Beverages,0.4,9000,15000,13000,2005-12-30,12000.0,-0.0769230769230769,-0.0800427076735363,7.0,15000.0,12000.0,12000.0,12000.0
Odisha,Puri,Sakhigopal,All Dust,Beverages,0.4,9000,15000,12000,2006-01-06,10000.0,-0.1666666666666666,-0.1823215567939546,4.0,13000.0,12000.0,12000.0,12000.0
Odisha,Puri,Sakhigopal,All Dust,Beverages,0.5,9000,15000,13000,2006-03-28,14000.0,0.0769230769230769,0.0741079721537218,6.0,12000.0,13000.0,12000.0,12000.0
Odisha,Puri,Sakhigopal,All Dust,Beverages,0.5,1000,1600,1400,2006-05-03,10000.0,6.142857142857143,1.9661128563728327,7.0,13000.0,13000.0,12000.0,12000.0
Odisha,Puri,Sakhigopal,All Dust,Beverages,0.5,9000,15000,13000,2006-08-05,12000.0,-0.0769230769230769,-0.0800427076735363,5.0,1400.0,15000.0,13000.0,12000.0
Odisha,Puri,Sakhigopal,Assam C.T.C. Dust,Beverages,0.5,10000,18000,15000,2003-04-25,15000.0,0.0,0.0,1.0,,,,
Odisha,Puri,Sakhigopal,Assam C.T.C. Dust,Beverages,0.5,10000,18000,15000,2003-04-26,15000.0,0.0,0.0,1.0,15000.0,,,
Odisha,Puri,Sakhigopal,Assam C.T.C. Dust,Beverages,0.5,9000,18000,15000,2003-04-27,15000.0,0.0,0.0,1.0,15000.0,,,
Odisha,Puri,Sakhigopal,Assam C.T.C. Dust,Beverages,0.5,10000,18000,15000,2003-04-28,15000.0,0.0,0.0,2.0,15000.0,,,
Odisha,Puri,Sakhigopal,Assam C.T.C. Dust,Beverages,0.6,10000,18000,15000,2003-04-30,15000.0,0.0,0.0,2.0,15000.0,,,
Odisha,Puri,Sakhigopal,Assam C.T.C. Dust,Beverages,0.5,10000,18000,15000,2003-05-02,15000.0,0.0,0.0,1.0,15000.0,,,
Odisha,Puri,Sakhigopal,Assam C.T.C. Dust,Beverages,0.5,9000,18000,15000,2003-05-03,15000.0,0.0,0.0,2.0,15000.0,,,
Odisha,Puri,Sakhigopal,Assam C.T.C. Dust,Beverages,0.6,10000,18000,15000,2003-05-05,15000.0,0.0,0.0,1.0,15000.0,15000.0,,
Odisha,Puri,Sakhigopal,Assam C.T.C. Dust,Beverages,0.5,10000,18000,15000,2003-05-06,15000.0,0.0,0.0,1.0,15000.0,15000.0,,
Odisha,Puri,Sakhigopal,Assam C.T.C. Dust,Beverages,0.6,10000,18000,15000,2003-05-07,15000.0,0.0,0.0,2.0,15000.0,15000.0,,
Odisha,Puri,Sakhigopal,Assam C.T.C. Dust,Beverages,0.6,10000,18000,15000,2003-05-09,15000.0,0.0,0.0,1.0,15000.0,15000.0,,
Odisha,Puri,Sakhigopal,Assam C.T.C. Dust,Beverages,0.5,10000,18000,15000,2003-05-10,15000.0,0.0,0.0,1.0,15000.0,15000.0,,
Odisha,Puri,Sakhigopal,Assam C.T.C. Dust,Beverages,0.5,10000,18000,15000,2003-05-11,15000.0,0.0,0.0,1.0,15000.0,15000.0,,
Odisha,Puri,Sakhigopal,Assam C.T.C. Dust,Beverages,0.5,10000,18000,15000,2003-05-12,15000.0,0.0,0.0,1.0,15000.0,15000.0,,
Odisha,Puri,Sakhigopal,Assam C.T.C. Dust,Beverages,0.4,10000,18000,15000,2003-05-13,15000.0,0.0,0.0,4.0,15000.0,15000.0,15000.0,
Odisha,Puri,Sakhigopal,Assam C.T.C. Dust,Beverages,0.5,10000,18000,15000,2003-05-17,15000.0,0.0,0.0,1.0,15000.0,15000.0,15000.0,
Odisha,Puri,Sakhigopal,Assam C.T.C. Dust,Beverages,0.5,10000,18000,15000,2003-05-18,15000.0,0.0,0.0,1.0,15000.0,15000.0,15000.0,
Odisha,Puri,Sakhigopal,Assam C.T.C. Dust,Beverages,0.3,10000,18000,15000,2003-05-19,15000.0,0.0,0.0,1.0,15000.0,15000.0,15000.0,
Odisha,Puri,Sakhigopal,Assam C.T.C. Dust,Beverages,0.3,10000,18000,15000,2003-05-20,15000.0,0.0,0.0,1.0,15000.0,15000.0,15000.0,
Odisha,Puri,Sakhigopal,Assam C.T.C. Dust,Beverages,0.4,10000,18000,15000,2003-05-21,15000.0,0.0,0.0,1.0,15000.0,15000.0,15000.0,
Odisha,Puri,Sakhigopal,Assam C.T.C. Dust,Beverages,0.4,10000,18000,15000,2003-05-22,15000.0,0.0,0.0,2.0,15000.0,15000.0,15000.0,
Odisha,Puri,Sakhigopal,Assam C.T.C. Dust,Beverages,0.4,10000,18000,15000,2003-05-24,15000.0,0.0,0.0,1.0,15000.0,15000.0,15000.0,
Odisha,Puri,Sakhigopal,Assam C.T.C. Dust,Beverages,0.5,10000,18000,15000,2003-05-25,15000.0,0.0,0.0,2.0,15000.0,15000.0,15000.0,
Odisha,Puri,Sakhigopal,Assam C.T.C. Dust,Beverages,0.5,10000,18000,15000,2003-05-27,15000.0,0.0,0.0,1.0,15000.0,15000.0,15000.0,
Odisha,Puri,Sakhigopal,Assam C.T.C. Dust,Beverages,0.4,10000,18000,15000,2003-05-28,15000.0,0.0,0.0,1.0,15000.0,15000.0,15000.0,
Odisha,Puri,Sakhigopal,Assam C.T.C. Dust,Beverages,0.5,10000,18000,15000,2003-05-29,15000.0,0.0,0.0,1.0,15000.0,15000.0,15000.0,
Odisha,Puri,Sakhigopal,Assam C.T.C. Dust,Beverages,0.4,10000,18000,15000,2003-05-30,15000.0,0.0,0.0,1.0,15000.0,15000.0,15000.0,
Odisha,Puri,Sakhigopal,Assam C.T.C. Dust,Beverages,0.5,10000,18000,15000,2003-05-31,15000.0,0.0,0.0,1.0,15000.0,15000.0,15000.0,
Odisha,Puri,Sakhigopal,Assam C.T.C. Dust,Beverages,0.4,10000,18000,15000,2003-06-01,15000.0,0.0,0.0,1.0,15000.0,15000.0,15000.0,
Odisha,Puri,Sakhigopal,Assam C.T.C. Dust,Beverages,0.5,10000,18000,15000,2003-06-02,15000.0,0.0,0.0,1.0,15000.0,15000.0,15000.0,
Odisha,Puri,Sakhigopal,Assam C.T.C. Dust,Beverages,0.5,10000,18000,15000,2003-06-03,15000.0,0.0,0.0,1.0,15000.0,15000.0,15000.0,15000.0
Odisha,Puri,Sakhigopal,Assam C.T.C. Dust,Beverages,0.5,10000,18000,15000,2003-06-04,15000.0,0.0,0.0,4.0,15000.0,15000.0,15000.0,15000.0
Odisha,Puri,Sakhigopal,Assam C.T.C. Dust,Beverages,0.6,10000,18000,15000,2003-06-08,15000.0,0.0,0.0,1.0,15000.0,15000.0,15000.0,15000.0
Odisha,Puri,Sakhigopal,Assam C.T.C. Dust,Beverages,0.6,10000,18000,15000,2003-06-09,15000.0,0.0,0.0,2.0,15000.0,15000.0,15000.0,15000.0
Odisha,Puri,Sakhigopal,Assam C.T.C. Dust,Beverages,0.5,10000,18000,15000,2003-06-11,15000.0,0.0,0.0,1.0,15000.0,15000.0,15000.0,15000.0
Odisha,Puri,Sakhigopal,Assam C.T.C. Dust,Beverages,0.4,10000,18000,15000,2003-06-12,15000.0,0.0,0.0,1.0,15000.0,15000.0,15000.0,15000.0
Odisha,Puri,Sakhigopal,Assam C.T.C. Dust,Beverages,0.5,10000,18000,15000,2003-06-13,15000.0,0.0,0.0,1.0,15000.0,15000.0,15000.0,15000.0
Odisha,Puri,Sakhigopal,Assam C.T.C. Dust,Beverages,0.5,10000,18000,15000,2003-06-14,15000.0,0.0,0.0,1.0,15000.0,15000.0,15000.0,15000.0
Odisha,Puri,Sakhigopal,Assam C.T.C. Dust,Beverages,0.4,10000,18000,15000,2003-06-15,15000.0,0.0,0.0,1.0,15000.0,15000.0,15000.0,15000.0
Odisha,Puri,Sakhigopal,Assam C.T.C. Dust,Beverages,0.5,10000,18000,15000,2003-06-16,15000.0,0.0,0.0,1.0,15000.0,15000.0,15000.0,15000.0
Odisha,Puri,Sakhigopal,Assam C.T.C. Dust,Beverages,0.5,10000,18000,15000,2003-06-17,15000.0,0.0,0.0,1.0,15000.0,15000.0,15000.0,15000.0
Odisha,Puri,Sakhigopal,Assam C.T.C. Dust,Beverages,0.5,10000,18000,15000,2003-06-18,15000.0,0.0,0.0,2.0,15000.0,15000.0,15000.0,15000.0
Odisha,Puri,Sakhigopal,Assam C.T.C. Dust,Beverages,0.4,10000,18000,15000,2003-06-20,15000.0,0.0,0.0,1.0,15000.0,15000.0,15000.0,15000.0
Odisha,Puri,Sakhigopal,Assam C.T.C. Dust,Beverages,0.5,10000,18000,15000,2003-06-21,15000.0,0.0,0.0,1.0,15000.0,15000.0,15000.0,15000.0
Odisha,Puri,Sakhigopal,Assam C.T.C. Dust,Beverages,0.5,10000,18000,15000,2003-06-22,15000.0,0.0,0.0,1.0,15000.0,15000.0,15000.0,15000.0
Odisha,Puri,Sakhigopal,Assam C.T.C. Dust,Beverages,0.5,10000,18000,15000,2003-06-23,15000.0,0.0,0.0,1.0,15000.0,15000.0,15000.0,15000.0
Odisha,Puri,Sakhigopal,Assam C.T.C. Dust,Beverages,0.5,10000,18000,15000,2003-07-16,15000.0,0.0,0.0,2.0,15000.0,15000.0,15000.0,15000.0
Odisha,Puri,Sakhigopal,Assam C.T.C. Dust,Beverages,0.5,10000,18000,15000,2003-07-18,15000.0,0.0,0.0,3.0,15000.0,15000.0,15000.0,15000.0
Odisha,Puri,Sakhigopal,Assam C.T.C. Dust,Beverages,0.5,10000,18000,15000,2003-07-21,15000.0,0.0,0.0,1.0,15000.0,15000.0,15000.0,15000.0
Odisha,Puri,Sakhigopal,Assam C.T.C. Dust,Beverages,0.6,9000,18000,15000,2003-07-22,15000.0,0.0,0.0,1.0,15000.0,15000.0,15000.0,15000.0
Odisha,Puri,Sakhigopal,Assam C.T.C. Dust,Beverages,0.5,9000,18000,15000,2003-07-23,15000.0,0.0,0.0,2.0,15000.0,15000.0,15000.0,15000.0
Odisha,Puri,Sakhigopal,Assam C.T.C. Dust,Beverages,0.5,9000,18000,15000,2003-07-25,15000.0,0.0,0.0,2.0,15000.0,15000.0,15000.0,15000.0
Odisha,Puri,Sakhigopal,Assam C.T.C. Dust,Beverages,0.5,9000,18000,15000,2003-07-27,15000.0,0.0,0.0,1.0,15000.0,15000.0,15000.0,15000.0
Odisha,Puri,Sakhigopal,Assam C.T.C. Dust,Beverages,0.5,9000,18000,15000,2003-07-28,15000.0,0.0,0.0,1.0,15000.0,15000.0,15000.0,15000.0
Odisha,Puri,Sakhigopal,Assam C.T.C. Dust,Beverages,0.5,9000,18000,15000,2003-07-29,15000.0,0.0,0.0,1.0,15000.0,15000.0,15000.0,15000.0
Odisha,Puri,Sakhigopal,Assam C.T.C. Dust,Beverages,0.5,9000,18000,15000,2003-07-30,10000.0,-0.3333333333333333,-0.4054651081081644,1.0,15000.0,15000.0,15000.0,15000.0
Odisha,Puri,Sakhigopal,Assam C.T.C. Dust,Beverages,0.5,9000,18000,10000,2003-07-31,10000.0,0.0,0.0,2.0,15000.0,15000.0,15000.0,15000.0
Odisha,Puri,Sakhigopal,Assam C.T.C. Dust,Beverages,0.5,9000,18000,10000,2003-08-02,10000.0,0.0,0.0,2.0,10000.0,15000.0,15000.0,15000.0
Odisha,Puri,Sakhigopal,Assam C.T.C. Dust,Beverages,0.5,9000,18000,10000,2003-08-04,10000.0,0.0,0.0,1.0,10000.0,15000.0,15000.0,15000.0
Odisha,Puri,Sakhigopal,Assam C.T.C. Dust,Beverages,0.5,9000,18000,10000,2003-08-05,15000.0,0.5,0.4054651081081644,1.0,10000.0,15000.0,15000.0,15000.0
Odisha,Puri,Sakhigopal,Assam C.T.C. Dust,Beverages,0.5,9000,18000,15000,2003-08-06,15000.0,0.0,0.0,1.0,10000.0,15000.0,15000.0,15000.0
Odisha,Puri,Sakhigopal,Assam C.T.C. Dust,Beverages,0.5,9000,18000,15000,2003-08-07,15000.0,0.0,0.0,1.0,15000.0,15000.0,15000.0,15000.0
Odisha,Puri,Sakhigopal,Assam C.T.C. Dust,Beverages,0.5,9000,18000,15000,2003-08-08,15000.0,0.0,0.0,1.0,15000.0,15000.0,15000.0,15000.0
Odisha,Puri,Sakhigopal,Assam C.T.C. Dust,Beverages,0.6,9000,18000,15000,2003-08-09,15000.0,0.0,0.0,1.0,15000.0,10000.0,15000.0,15000.0
Odisha,Puri,Sakhigopal,Assam C.T.C. Dust,Beverages,0.5,9000,18000,15000,2003-08-10,10000.0,-0.3333333333333333,-0.4054651081081644,2.0,15000.0,10000.0,15000.0,15000.0
Odisha,Puri,Sakhigopal,Assam C.T.C. Dust,Beverages,0.5,9000,18000,10000,2003-08-12,15000.0,0.5,0.4054651081081644,1.0,15000.0,10000.0,15000.0,15000.0
Odisha,Puri,Sakhigopal,Assam C.T.C. Dust,Beverages,0.5,9000,18000,15000,2003-08-13,15000.0,0.0,0.0,1.0,10000.0,10000.0,15000.0,15000.0
Odisha,Puri,Sakhigopal,Assam C.T.C. Dust,Beverages,0.6,9000,18000,15000,2003-08-14,15000.0,0.0,0.0,2.0,15000.0,15000.0,15000.0,15000.0
Odisha,Puri,Sakhigopal,Assam C.T.C. Dust,Beverages,0.5,9000,18000,15000,2003-08-16,15000.0,0.0,0.0,1.0,15000.0,15000.0,15000.0,15000.0
Odisha,Puri,Sakhigopal,Assam C.T.C. Dust,Beverages,0.6,9000,18000,15000,2003-08-17,15000.0,0.0,0.0,1.0,15000.0,15000.0,15000.0,15000.0
Odisha,Puri,Sakhigopal,Assam C.T.C. Dust,Beverages,0.5,9000,18000,15000,2003-08-18,15000.0,0.0,0.0,2.0,15000.0,15000.0,10000.0,15000.0
Odisha,Puri,Sakhigopal,Assam C.T.C. Dust,Beverages,0.6,9000,18000,15000,2003-08-20,15000.0,0.0,0.0,1.0,15000.0,15000.0,10000.0,15000.0
Odisha,Puri,Sakhigopal,Assam C.T.C. Dust,Beverages,0.5,9000,18000,15000,2003-08-21,10000.0,-0.3333333333333333,-0.4054651081081644,1.0,15000.0,10000.0,10000.0,15000.0
Odisha,Puri,Sakhigopal,Assam C.T.C. Dust,Beverages,0.5,9000,18000,10000,2003-08-22,15000.0,0.5,0.4054651081081644,1.0,15000.0,15000.0,10000.0,15000.0
Odisha,Puri,Sakhigopal,Assam C.T.C. Dust,Beverages,0.5,9000,18000,15000,2003-08-23,15000.0,0.0,0.0,1.0,10000.0,15000.0,15000.0,15000.0
Odisha,Puri,Sakhigopal,Assam C.T.C. Dust,Beverages,0.5,9000,18000,15000,2003-08-24,15000.0,0.0,0.0,1.0,15000.0,15000.0,15000.0,15000.0
Odisha,Puri,Sakhigopal,Assam C.T.C. Dust,Beverages,0.6,9000,18000,15000,2003-08-25,15000.0,0.0,0.0,2.0,15000.0,15000.0,15000.0,15000.0
Odisha,Puri,Sakhigopal,Assam C.T.C. Dust,Beverages,0.5,9000,18000,15000,2003-08-27,10000.0,-0.3333333333333333,-0.4054651081081644,2.0,15000.0,15000.0,15000.0,15000.0
Odisha,Puri,Sakhigopal,Assam C.T.C. Dust,Beverages,0.5,9000,18000,10000,2003-08-29,15000.0,0.5,0.4054651081081644,1.0,15000.0,15000.0,15000.0,15000.0
Odisha,Puri,Sakhigopal,Assam C.T.C. Dust,Beverages,0.6,9000,18000,15000,2003-08-30,15000.0,0.0,0.0,1.0,10000.0,15000.0,10000.0,15000.0
Odisha,Puri,Sakhigopal,Assam C.T.C. Dust,Beverages,0.6,9000,18000,15000,2003-08-31,15000.0,0.0,0.0,1.0,15000.0,10000.0,15000.0,15000.0
Odisha,Puri,Sakhigopal,Assam C.T.C. Dust,Beverages,0.5,9000,18000,15000,2003-09-01,15000.0,0.0,0.0,1.0,15000.0,15000.0,15000.0,15000.0
Odisha,Puri,Sakhigopal,Assam C.T.C. Dust,Beverages,0.5,9000,18000,15000,2003-09-02,15000.0,0.0,0.0,1.0,15000.0,15000.0,15000.0,15000.0
Odisha,Puri,Sakhigopal,Assam C.T.C. Dust,Beverages,0.5,9000,18000,15000,2003-09-03,15000.0,0.0,0.0,2.0,15000.0,15000.0,15000.0,15000.0
Odisha,Puri,Sakhigopal,Assam C.T.C. Dust,Beverages,0.5,9000,18000,15000,2003-09-05,15000.0,0.0,0.0,2.0,15000.0,15000.0,15000.0,15000.0
Odisha,Puri,Sakhigopal,Assam C.T.C. Dust,Beverages,0.5,9000,18000,15000,2003-09-07,15000.0,0.0,0.0,1.0,15000.0,10000.0,15000.0,15000.0
Odisha,Puri,Sakhigopal,Assam C.T.C. Dust,Beverages,0.5,9000,18000,15000,2003-09-08,15000.0,0.0,0.0,1.0,15000.0,15000.0,15000.0,10000.0
Odisha,Puri,Sakhigopal,Assam C.T.C. Dust,Beverages,0.5,9000,18000,15000,2003-09-09,15000.0,0.0,0.0,1.0,15000.0,15000.0,10000.0,10000.0
Odisha,Puri,Sakhigopal,Assam C.T.C. Dust,Beverages,0.5,9000,18000,15000,2003-09-10,15000.0,0.0,0.0,2.0,15000.0,15000.0,15000.0,10000.0
Odisha,Puri,Sakhigopal,Assam C.T.C. Dust,Beverages,0.5,9000,18000,15000,2003-09-12,15000.0,0.0,0.0,1.0,15000.0,15000.0,15000.0,10000.0
Odisha,Puri,Sakhigopal,Assam C.T.C. Dust,Beverages,0.5,9000,18000,15000,2003-09-13,15000.0,0.0,0.0,1.0,15000.0,15000.0,15000.0,15000.0
Odisha,Puri,Sakhigopal,Assam C.T.C. Dust,Beverages,0.5,9000,18000,15000,2003-09-14,15000.0,0.0,0.0,2.0,15000.0,15000.0,15000.0,15000.0
Odisha,Puri,Sakhigopal,Assam C.T.C. Dust,Beverages,0.6,9000,18000,15000,2003-09-16,15000.0,0.0,0.0,1.0,15000.0,15000.0,10000.0,15000.0
Odisha,Puri,Sakhigopal,Assam C.T.C. Dust,Beverages,0.6,9000,18000,15000,2003-09-17,15000.0,0.0,0.0,2.0,15000.0,15000.0,15000.0,15000.0
Odisha,Puri,Sakhigopal,Assam C.T.C. Dust,Beverages,0.6,9000,18000,15000,2003-09-19,15000.0,0.0,0.0,1.0,15000.0,15000.0,15000.0,15000.0
Odisha,Puri,Sakhigopal,Assam C.T.C. Dust,Beverages,0.6,9000,18000,15000,2003-09-20,15000.0,0.0,0.0,1.0,15000.0,15000.0,15000.0,10000.0
Odisha,Puri,Sakhigopal,Assam C.T.C. Dust,Beverages,0.6,9000,18000,15000,2003-09-21,15000.0,0.0,0.0,1.0,15000.0,15000.0,15000.0,15000.0
Odisha,Puri,Sakhigopal,Assam C.T.C. Dust,Beverages,0.6,9000,18000,15000,2003-09-22,15000.0,0.0,0.0,1.0,15000.0,15000.0,15000.0,15000.0
Odisha,Puri,Sakhigopal,Assam C.T.C. Dust,Beverages,0.6,9000,18000,15000,2003-09-23,15000.0,0.0,0.0,4.0,15000.0,15000.0,15000.0,15000.0
Odisha,Puri,Sakhigopal,Assam C.T.C. Dust,Beverages,0.6,9000,18000,15000,2003-09-27,15000.0,0.0,0.0,1.0,15000.0,15000.0,15000.0,15000.0
Odisha,Puri,Sakhigopal,Assam C.T.C. Dust,Beverages,0.6,9000,18000,15000,2003-09-28,15000.0,0.0,0.0,1.0,15000.0,15000.0,15000.0,15000.0
Odisha,Puri,Sakhigopal,Assam C.T.C. Dust,Beverages,0.5,9000,18000,15000,2003-09-29,15000.0,0.0,0.0,1.0,15000.0,15000.0,15000.0,15000.0
Odisha,Puri,Sakhigopal,Assam C.T.C. Dust,Beverages,0.6,9000,18000,15000,2003-09-30,15000.0,0.0,0.0,2.0,15000.0,15000.0,15000.0,15000.0
Odisha,Puri,Sakhigopal,Assam C.T.C. Dust,Beverages,0.5,9000,18000,15000,2003-10-02,15000.0,0.0,0.0,1.0,15000.0,15000.0,15000.0,10000.0
Odisha,Puri,Sakhigopal,Assam C.T.C. Dust,Beverages,0.6,9000,18000,15000,2003-10-03,15000.0,0.0,0.0,2.0,15000.0,15000.0,15000.0,15000.0
Odisha,Puri,Sakhigopal,Assam C.T.C. Dust,Beverages,0.6,9000,18000,15000,2003-10-05,15000.0,0.0,0.0,3.0,15000.0,15000.0,15000.0,15000.0
Odisha,Puri,Sakhigopal,Assam C.T.C. Dust,Beverages,0.5,9000,18000,15000,2003-10-08,15000.0,0.0,0.0,1.0,15000.0,15000.0,15000.0,15000.0
Odisha,Puri,Sakhigopal,Assam C.T.C. Dust,Beverages,0.6,9000,18000,15000,2003-10-09,15000.0,0.0,0.0,1.0,15000.0,15000.0,15000.0,15000.0
Odisha,Puri,Sakhigopal,Assam C.T.C. Dust,Beverages,0.5,9000,18000,15000,2003-10-10,15000.0,0.0,0.0,1.0,15000.0,15000.0,15000.0,10000.0
Odisha,Puri,Sakhigopal,Assam C.T.C. Dust,Beverages,0.6,9000,18000,15000,2003-10-11,15000.0,0.0,0.0,2.0,15000.0,15000.0,15000.0,15000.0
Odisha,Puri,Sakhigopal,Assam C.T.C. Dust,Beverages,0.5,9000,18000,15000,2003-10-23,15000.0,0.0,0.0,1.0,15000.0,15000.0,15000.0,15000.0
Odisha,Puri,Sakhigopal,Assam C.T.C. Dust,Beverages,0.5,9000,18000,15000,2003-10-24,15000.0,0.0,0.0,2.0,15000.0,15000.0,15000.0,15000.0
Odisha,Puri,Sakhigopal,Assam C.T.C. Dust,Beverages,0.5,9000,18000,15000,2003-10-26,15000.0,0.0,0.0,1.0,15000.0,15000.0,15000.0,15000.0
Odisha,Puri,Sakhigopal,Assam C.T.C. Dust,Beverages,0.5,9000,18000,15000,2003-10-27,15000.0,0.0,0.0,1.0,15000.0,15000.0,15000.0,15000.0
Odisha,Puri,Sakhigopal,Assam C.T.C. Dust,Beverages,0.5,9000,18000,15000,2003-10-28,15000.0,0.0,0.0,1.0,15000.0,15000.0,15000.0,15000.0
Odisha,Puri,Sakhigopal,Assam C.T.C. Dust,Beverages,0.5,9000,18000,15000,2003-10-29,15000.0,0.0,0.0,1.0,15000.0,15000.0,15000.0,15000.0
Odisha,Puri,Sakhigopal,Assam C.T.C. Dust,Beverages,0.5,9000,18000,15000,2003-10-30,15000.0,0.0,0.0,2.0,15000.0,15000.0,15000.0,15000.0
Odisha,Puri,Sakhigopal,Assam C.T.C. Dust,Beverages,0.6,9000,18000,15000,2003-11-01,15000.0,0.0,0.0,2.0,15000.0,15000.0,15000.0,15000.0
Odisha,Puri,Sakhigopal,Assam C.T.C. Dust,Beverages,0.6,9000,18000,15000,2003-11-03,15000.0,0.0,0.0,2.0,15000.0,15000.0,15000.0,15000.0
Odisha,Puri,Sakhigopal,Assam C.T.C. Dust,Beverages,0.6,9000,18000,15000,2003-11-05,15000.0,0.0,0.0,1.0,15000.0,15000.0,15000.0,15000.0
Odisha,Puri,Sakhigopal,Assam C.T.C. Dust,Beverages,0.5,9000,18000,15000,2003-11-06,15000.0,0.0,0.0,1.0,15000.0,15000.0,15000.0,15000.0
Odisha,Puri,Sakhigopal,Assam C.T.C. Dust,Beverages,0.5,9000,18000,15000,2003-11-07,15000.0,0.0,0.0,3.0,15000.0,15000.0,15000.0,15000.0
Odisha,Puri,Sakhigopal,Assam C.T.C. Dust,Beverages,0.5,9000,18000,15000,2003-11-10,15000.0,0.0,0.0,1.0,15000.0,15000.0,15000.0,15000.0
Odisha,Puri,Sakhigopal,Assam C.T.C. Dust,Beverages,0.5,9000,18000,15000,2003-11-11,15000.0,0.0,0.0,1.0,15000.0,15000.0,15000.0,15000.0
Odisha,Puri,Sakhigopal,Assam C.T.C. Dust,Beverages,0.5,9000,18000,15000,2003-11-12,15000.0,0.0,0.0,1.0,15000.0,15000.0,15000.0,15000.0
Odisha,Puri,Sakhigopal,Assam C.T.C. Dust,Beverages,0.5,9000,18000,15000,2003-11-13,15000.0,0.0,0.0,1.0,15000.0,15000.0,15000.0,15000.0
Odisha,Puri,Sakhigopal,Assam C.T.C. Dust,Beverages,0.5,9000,18000,15000,2003-11-14,15000.0,0.0,0.0,1.0,15000.0,15000.0,15000.0,15000.0
Odisha,Puri,Sakhigopal,Assam C.T.C. Dust,Beverages,0.5,9000,18000,15000,2003-11-15,15000.0,0.0,0.0,1.0,15000.0,15000.0,15000.0,15000.0
Odisha,Puri,Sakhigopal,Assam C.T.C. Dust,Beverages,0.5,9000,18000,15000,2003-11-16,15000.0,0.0,0.0,1.0,15000.0,15000.0,15000.0,15000.0
Odisha,Puri,Sakhigopal,Assam C.T.C. Dust,Beverages,0.5,9000,18000,15000,2003-11-17,15000.0,0.0,0.0,2.0,15000.0,15000.0,15000.0,15000.0
Odisha,Puri,Sakhigopal,Assam C.T.C. Dust,Beverages,0.6,9000,18000,15000,2003-11-19,15000.0,0.0,0.0,1.0,15000.0,15000.0,15000.0,15000.0
Odisha,Puri,Sakhigopal,Assam C.T.C. Dust,Beverages,0.5,9000,18000,15000,2003-11-20,15000.0,0.0,0.0,1.0,15000.0,15000.0,15000.0,15000.0
Odisha,Puri,Sakhigopal,Assam C.T.C. Dust,Beverages,0.6,9000,18000,15000,2003-11-21,15000.0,0.0,0.0,3.0,15000.0,15000.0,15000.0,15000.0
Odisha,Puri,Sakhigopal,Assam C.T.C. Dust,Beverages,0.6,9000,18000,15000,2003-11-24,15000.0,0.0,0.0,1.0,15000.0,15000.0,15000.0,15000.0
Odisha,Puri,Sakhigopal,Assam C.T.C. Dust,Beverages,0.6,9000,18000,15000,2003-11-25,15000.0,0.0,0.0,1.0,15000.0,15000.0,15000.0,15000.0
Odisha,Puri,Sakhigopal,Assam C.T.C. Dust,Beverages,0.6,9000,18000,15000,2003-11-26,15000.0,0.0,0.0,1.0,15000.0,15000.0,15000.0,15000.0
Odisha,Puri,Sakhigopal,Assam C.T.C. Dust,Beverages,0.6,9000,18000,15000,2003-11-27,15000.0,0.0,0.0,1.0,15000.0,15000.0,15000.0,15000.0
Odisha,Puri,Sakhigopal,Assam C.T.C. Dust,Beverages,0.6,9000,18000,15000,2003-11-28,15000.0,0.0,0.0,1.0,15000.0,15000.0,15000.0,15000.0
Odisha,Puri,Sakhigopal,Assam C.T.C. Dust,Beverages,0.6,9000,18000,15000,2003-11-29,15000.0,0.0,0.0,2.0,15000.0,15000.0,15000.0,15000.0
Odisha,Puri,Sakhigopal,Assam C.T.C. Dust,Beverages,0.6,9000,18000,15000,2003-12-01,15000.0,0.0,0.0,2.0,15000.0,15000.0,15000.0,15000.0
Odisha,Puri,Sakhigopal,Assam C.T.C. Dust,Beverages,0.6,9000,18000,15000,2003-12-03,15000.0,0.0,0.0,1.0,15000.0,15000.0,15000.0,15000.0
Odisha,Puri,Sakhigopal,Assam C.T.C. Dust,Beverages,0.5,9000,18000,15000,2003-12-04,15000.0,0.0,0.0,1.0,15000.0,15000.0,15000.0,15000.0
Odisha,Puri,Sakhigopal,Assam C.T.C. Dust,Beverages,0.5,9000,18000,15000,2003-12-05,15000.0,0.0,0.0,2.0,15000.0,15000.0,15000.0,15000.0
Odisha,Puri,Sakhigopal,Assam C.T.C. Dust,Beverages,0.9,9000,18000,15000,2003-12-07,15000.0,0.0,0.0,1.0,15000.0,15000.0,15000.0,15000.0
Odisha,Puri,Sakhigopal,Assam C.T.C. Dust,Beverages,0.9,9000,18000,15000,2003-12-08,15000.0,0.0,0.0,2.0,15000.0,15000.0,15000.0,15000.0
Odisha,Puri,Sakhigopal,Assam C.T.C. Dust,Beverages,0.5,9000,18000,15000,2003-12-10,15000.0,0.0,0.0,3.0,15000.0,15000.0,15000.0,15000.0
Odisha,Puri,Sakhigopal,Assam C.T.C. Dust,Beverages,0.6,9000,18000,15000,2003-12-13,15000.0,0.0,0.0,3.0,15000.0,15000.0,15000.0,15000.0
Odisha,Puri,Sakhigopal,Assam C.T.C. Dust,Beverages,0.5,9000,18000,15000,2003-12-16,15000.0,0.0,0.0,1.0,15000.0,15000.0,15000.0,15000.0
Odisha,Puri,Sakhigopal,Assam C.T.C. Dust,Beverages,0.5,9000,18000,15000,2003-12-17,15000.0,0.0,0.0,1.0,15000.0,15000.0,15000.0,15000.0
Odisha,Puri,Sakhigopal,Assam C.T.C. Dust,Beverages,0.9,9000,18000,15000,2003-12-18,15000.0,0.0,0.0,2.0,15000.0,15000.0,15000.0,15000.0
Odisha,Puri,Sakhigopal,Assam C.T.C. Dust,Beverages,0.5,9000,18000,15000,2003-12-20,15000.0,0.0,0.0,1.0,15000.0,15000.0,15000.0,15000.0
Odisha,Puri,Sakhigopal,Assam C.T.C. Dust,Beverages,0.6,9000,18000,15000,2003-12-21,15000.0,0.0,0.0,1.0,15000.0,15000.0,15000.0,15000.0
Odisha,Puri,Sakhigopal,Assam C.T.C. Dust,Beverages,0.5,9000,18000,15000,2003-12-22,15000.0,0.0,0.0,1.0,15000.0,15000.0,15000.0,15000.0
Odisha,Puri,Sakhigopal,Assam C.T.C. Dust,Beverages,0.5,9000,18000,15000,2003-12-23,15000.0,0.0,0.0,1.0,15000.0,15000.0,15000.0,15000.0
Odisha,Puri,Sakhigopal,Assam C.T.C. Dust,Beverages,0.6,9000,18000,15000,2003-12-24,15000.0,0.0,0.0,3.0,15000.0,15000.0,15000.0,15000.0
Odisha,Puri,Sakhigopal,Assam C.T.C. Dust,Beverages,0.5,9000,18000,15000,2003-12-27,15000.0,0.0,0.0,1.0,15000.0,15000.0,15000.0,15000.0
Odisha,Puri,Sakhigopal,Assam C.T.C. Dust,Beverages,0.5,9000,18000,15000,2003-12-28,15000.0,0.0,0.0,1.0,15000.0,15000.0,15000.0,15000.0
Odisha,Puri,Sakhigopal,Assam C.T.C. Dust,Beverages,0.6,9000,16000,15000,2003-12-29,15000.0,0.0,0.0,1.0,15000.0,15000.0,15000.0,15000.0
Odisha,Puri,Sakhigopal,Assam C.T.C. Dust,Beverages,0.6,9000,16000,15000,2003-12-30,15000.0,0.0,0.0,3.0,15000.0,15000.0,15000.0,15000.0
Odisha,Puri,Sakhigopal,Assam C.T.C. Dust,Beverages,0.6,9000,16000,15000,2004-01-02,15000.0,0.0,0.0,1.0,15000.0,15000.0,15000.0,15000.0
Odisha,Puri,Sakhigopal,Assam C.T.C. Dust,Beverages,0.5,9000,16000,15000,2004-01-03,15000.0,0.0,0.0,2.0,15000.0,15000.0,15000.0,15000.0
Odisha,Puri,Sakhigopal,Assam C.T.C. Dust,Beverages,0.5,9000,16000,15000,2004-01-05,15000.0,0.0,0.0,1.0,15000.0,15000.0,15000.0,15000.0
Odisha,Puri,Sakhigopal,Assam C.T.C. Dust,Beverages,0.6,9000,16000,15000,2004-01-06,15000.0,0.0,0.0,1.0,15000.0,15000.0,15000.0,15000.0
Odisha,Puri,Sakhigopal,Assam C.T.C. Dust,Beverages,0.5,9000,16000,15000,2004-01-07,15000.0,0.0,0.0,3.0,15000.0,15000.0,15000.0,15000.0
Odisha,Puri,Sakhigopal,Assam C.T.C. Dust,Beverages,0.5,9000,16000,15000,2004-01-10,15000.0,0.0,0.0,3.0,15000.0,15000.0,15000.0,15000.0
Odisha,Puri,Sakhigopal,Assam C.T.C. Dust,Beverages,0.5,9000,16000,15000,2004-01-13,15000.0,0.0,0.0,1.0,15000.0,15000.0,15000.0,15000.0
Odisha,Puri,Sakhigopal,Assam C.T.C. Dust,Beverages,0.5,9000,16000,15000,2004-01-14,15000.0,0.0,0.0,3.0,15000.0,15000.0,15000.0,15000.0
Odisha,Puri,Sakhigopal,Assam C.T.C. Dust,Beverages,0.5,9000,16000,15000,2004-01-17,15000.0,0.0,0.0,1.0,15000.0,15000.0,15000.0,15000.0
Odisha,Puri,Sakhigopal,Assam C.T.C. Dust,Beverages,0.5,9000,16000,15000,2004-01-18,15000.0,0.0,0.0,1.0,15000.0,15000.0,15000.0,15000.0
Odisha,Puri,Sakhigopal,Assam C.T.C. Dust,Beverages,0.5,9000,16000,15000,2004-01-19,15000.0,0.0,0.0,1.0,15000.0,15000.0,15000.0,15000.0
Odisha,Puri,Sakhigopal,Assam C.T.C. Dust,Beverages,0.6,9000,16000,15000,2004-01-20,15000.0,0.0,0.0,1.0,15000.0,15000.0,15000.0,15000.0
Odisha,Puri,Sakhigopal,Assam C.T.C. Dust,Beverages,0.6,9000,16000,15000,2004-01-21,15000.0,0.0,0.0,2.0,15000.0,15000.0,15000.0,15000.0
Odisha,Puri,Sakhigopal,Assam C.T.C. Dust,Beverages,0.4,9000,16000,15000,2004-01-23,15000.0,0.0,0.0,5.0,15000.0,15000.0,15000.0,15000.0
Odisha,Puri,Sakhigopal,Assam C.T.C. Dust,Beverages,0.4,9000,16000,15000,2004-01-28,15000.0,0.0,0.0,2.0,15000.0,15000.0,15000.0,15000.0
Odisha,Puri,Sakhigopal,Assam C.T.C. Dust,Beverages,0.5,9000,16000,15000,2004-01-30,15000.0,0.0,0.0,3.0,15000.0,15000.0,15000.0,15000.0
Odisha,Puri,Sakhigopal,Assam C.T.C. Dust,Beverages,0.5,9000,16000,15000,2004-02-02,15000.0,0.0,0.0,1.0,15000.0,15000.0,15000.0,15000.0
Odisha,Puri,Sakhigopal,Assam C.T.C. Dust,Beverages,0.5,9000,16000,15000,2004-02-03,15000.0,0.0,0.0,2.0,15000.0,15000.0,15000.0,15000.0
Odisha,Puri,Sakhigopal,Assam C.T.C. Dust,Beverages,0.4,9000,16000,15000,2004-02-05,15000.0,0.0,0.0,7.0,15000.0,15000.0,15000.0,15000.0
Odisha,Puri,Sakhigopal,Assam C.T.C. Dust,Beverages,0.4,9000,16000,15000,2004-02-12,15000.0,0.0,0.0,1.0,15000.0,15000.0,15000.0,15000.0
Odisha,Puri,Sakhigopal,Assam C.T.C. Dust,Beverages,0.4,9000,16000,15000,2004-02-13,15000.0,0.0,0.0,1.0,15000.0,15000.0,15000.0,15000.0
Odisha,Puri,Sakhigopal,Assam C.T.C. Dust,Beverages,0.5,9000,16000,15000,2004-02-14,15000.0,0.0,0.0,2.0,15000.0,15000.0,15000.0,15000.0
Odisha,Puri,Sakhigopal,Assam C.T.C. Dust,Beverages,0.4,9000,16000,15000,2004-02-16,15000.0,0.0,0.0,1.0,15000.0,15000.0,15000.0,15000.0
Odisha,Puri,Sakhigopal,Assam C.T.C. Dust,Beverages,0.4,9000,16000,15000,2004-02-17,15000.0,0.0,0.0,2.0,15000.0,15000.0,15000.0,15000.0
Kerala,Malappuram,Thirurrangadi,Other,Beverages,0.5,7000,9000,7500,2010-12-09,10000.0,0.3333333333333333,0.2876820724517808,7.0,,,,
Kerala,Malappuram,Thirurrangadi,Other,Beverages,0.5,7000,13000,10000,2010-12-16,8500.0,-0.15,-0.1625189294977749,2.0,7500.0,,,
Kerala,Malappuram,Thirurrangadi,Other,Beverages,0.75,7500,9000,8500,2010-12-18,9000.0,0.0588235294117647,0.0571584138399486,1.0,10000.0,,,
Kerala,Malappuram,Thirurrangadi,Other,Beverages,0.4,8000,10000,9000,2010-12-19,9500.0,0.0555555555555555,0.0540672212702757,1.0,8500.0,,,
Kerala,Malappuram,Thirurrangadi,Other,Beverages,0.5,8000,9000,8500,2011-01-20,7650.0,-0.1,-0.1053605156578262,2.0,9000.0,,,
Kerala,Malappuram,Thirurrangadi,Other,Beverages,0.75,7300,8000,7650,2011-01-22,14000.0,0.8300653594771242,0.6043516817768141,3.0,8500.0,,,
Kerala,Malappuram,Thirurrangadi,Other,Beverages,0.5,13000,14000,13500,2011-03-02,14000.0,0.037037037037037,0.0363676441708747,2.0,7650.0,,,
Kerala,Malappuram,Thirurrangadi,Other,Beverages,0.8,13500,14000,14000,2011-03-04,13000.0,-0.0714285714285714,-0.0741079721537218,5.0,13500.0,7500.0,,
Kerala,Malappuram,Thirurrangadi,Other,Beverages,0.75,13000,13500,13000,2011-03-09,13000.0,0.0,0.0,1.0,14000.0,10000.0,,
Kerala,Malappuram,Thirurrangadi,Other,Beverages,0.45,12900,13500,13000,2011-03-10,13000.0,0.0,0.0,1.0,13000.0,8500.0,,
Kerala,Malappuram,Thirurrangadi,Other,Beverages,0.4,11000,13500,12000,2011-07-15,14000.0,0.1666666666666666,0.1541506798272583,1.0,13000.0,9000.0,,
Kerala,Malappuram,Thirurrangadi,Other,Beverages,0.8,7500,12500,11000,2011-10-15,11000.0,0.0,0.0,2.0,12000.0,8500.0,,
Kerala,Malappuram,Thirurrangadi,Other,Beverages,0.3,9000,10000,9000,2011-11-09,10000.0,0.1111111111111111,0.1053605156578263,7.0,11000.0,7650.0,,
Kerala,Malappuram,Thirurrangadi,Other,Beverages,0.1,9000,10000,10000,2011-11-16,10000.0,0.0,0.0,1.0,9000.0,13500.0,,
Kerala,Malappuram,Thirurrangadi,Other,Beverages,0.2,9000,11000,10000,2011-11-17,10000.0,0.0,0.0,1.0,10000.0,14000.0,7500.0,
Kerala,Malappuram,Thirurrangadi,Other,Beverages,0.2,9000,12000,10000,2011-11-18,10000.0,0.0,0.0,5.0,10000.0,13000.0,10000.0,
Kerala,Malappuram,Thirurrangadi,Other,Beverages,0.2,7000,11500,10000,2011-11-23,10000.0,0.0,0.0,1.0,10000.0,13000.0,8500.0,
Kerala,Malappuram,Thirurrangadi,Other,Beverages,0.2,7000,11000,10000,2011-11-24,10000.0,0.0,0.0,1.0,10000.0,12000.0,9000.0,
Kerala,Malappuram,Thirurrangadi,Other,Beverages,0.2,9000,14000,10000,2011-11-25,12000.0,0.2,0.1823215567939546,1.0,10000.0,11000.0,8500.0,
Kerala,Malappuram,Thirurrangadi,Other,Beverages,0.2,7000,15000,12000,2011-11-26,10000.0,-0.1666666666666666,-0.1823215567939546,2.0,10000.0,9000.0,7650.0,
Kerala,Malappuram,Thirurrangadi,Other,Beverages,0.3,7000,11000,10000,2011-11-28,9000.0,-0.1,-0.1053605156578262,1.0,12000.0,10000.0,13500.0,
Kerala,Malappuram,Thirurrangadi,Other,Beverages,0.3,7000,11000,9000,2011-11-29,9000.0,0.0,0.0,1.0,10000.0,10000.0,14000.0,
Kerala,Malappuram,Thirurrangadi,Other,Beverages,0.3,7000,11000,9000,2011-11-30,10000.0,0.1111111111111111,0.1053605156578263,1.0,9000.0,10000.0,13000.0,
Kerala,Malappuram,Thirurrangadi,Other,Beverages,0.3,8500,13000,10000,2011-12-01,10000.0,0.0,0.0,4.0,9000.0,10000.0,13000.0,
Kerala,Malappuram,Thirurrangadi,Other,Beverages,0.2,7000,12000,10000,2011-12-05,7000.0,-0.3,-0.3566749439387324,3.0,10000.0,10000.0,12000.0,
Kerala,Malappuram,Thirurrangadi,Other,Beverages,0.4,6500,12000,7000,2011-12-08,9000.0,0.2857142857142857,0.2513144282809061,1.0,10000.0,10000.0,11000.0,
Kerala,Malappuram,Thirurrangadi,Other,Beverages,0.3,9000,13000,9000,2011-12-09,9000.0,0.0,0.0,3.0,7000.0,12000.0,9000.0,
Kerala,Malappuram,Thirurrangadi,Other,Beverages,0.3,8000,10000,9000,2011-12-12,8600.0,-0.0444444444444444,-0.0454623740767572,1.0,9000.0,10000.0,10000.0,
Kerala,Malappuram,Thirurrangadi,Other,Beverages,0.3,8500,9000,8600,2011-12-13,10000.0,0.1627906976744186,0.1508228897345837,1.0,9000.0,9000.0,10000.0,
Kerala,Malappuram,Thirurrangadi,Other,Beverages,0.3,7800,12000,10000,2011-12-14,11000.0,0.1,0.0953101798043249,1.0,8600.0,9000.0,10000.0,
Kerala,Malappuram,Thirurrangadi,Other,Beverages,0.2,8500,11500,11000,2011-12-15,9500.0,-0.1363636363636363,-0.1466034741918754,1.0,10000.0,10000.0,10000.0,7500.0
Kerala,Malappuram,Thirurrangadi,Other,Beverages,0.4,8000,10000,9500,2011-12-16,8500.0,-0.1052631578947368,-0.1112256351102243,1.0,11000.0,10000.0,10000.0,10000.0
Kerala,Malappuram,Thirurrangadi,Other,Beverages,0.4,7700,9000,8500,2011-12-17,8500.0,0.0,0.0,3.0,9500.0,7000.0,10000.0,8500.0
Kerala,Malappuram,Thirurrangadi,Other,Beverages,0.2,6500,7000,7000,2011-12-29,7000.0,0.0,0.0,2.0,8500.0,9000.0,12000.0,9000.0
Kerala,Malappuram,Thirurrangadi,Other,Beverages,0.1,7000,9000,8000,2012-01-11,10000.0,0.25,0.2231435513142097,7.0,7000.0,9000.0,10000.0,8500.0
Kerala,Malappuram,Thirurrangadi,Other,Beverages,0.1,8000,11000,10000,2012-01-18,9000.0,-0.1,-0.1053605156578262,7.0,8000.0,8600.0,9000.0,7650.0
Kerala,Malappuram,Thirurrangadi,Other,Beverages,0.4,8500,10000,9000,2012-01-25,8000.0,-0.1111111111111111,-0.1177830356563835,5.0,10000.0,10000.0,9000.0,13500.0
Kerala,Malappuram,Thirurrangadi,Other,Beverages,0.6,7000,7350,7250,2012-02-16,7000.0,-0.0344827586206896,-0.03509131981127,1.0,9000.0,11000.0,10000.0,14000.0
Kerala,Malappuram,Thirurrangadi,Other,Beverages,0.5,6500,7000,7000,2012-02-17,11000.0,0.5714285714285714,0.4519851237430572,1.0,7250.0,9500.0,10000.0,13000.0
Kerala,Malappuram,Thirurrangadi,Other,Beverages,0.7,10000,11500,11000,2012-02-18,8300.0,-0.2454545454545454,-0.2816397579958183,3.0,7000.0,8500.0,7000.0,13000.0
Kerala,Malappuram,Thirurrangadi,Other,Beverages,0.4,8000,8500,8300,2012-02-21,7500.0,-0.0963855421686747,-0.1013524942602874,2.0,11000.0,7000.0,9000.0,12000.0
Kerala,Malappuram,Thirurrangadi,Other,Beverages,0.3,7500,8000,7500,2012-02-23,7000.0,-0.0666666666666666,-0.0689928714869514,4.0,8300.0,8000.0,9000.0,11000.0
Kerala,Malappuram,Thirurrangadi,Other,Beverages,0.6,6800,7000,7000,2012-02-27,7500.0,0.0714285714285714,0.0689928714869514,2.0,7500.0,10000.0,8600.0,9000.0
Kerala,Malappuram,Thirurrangadi,Other,Beverages,0.4,7500,7500,7500,2012-02-29,7000.0,-0.0666666666666666,-0.0689928714869514,3.0,7000.0,9000.0,10000.0,10000.0
Kerala,Malappuram,Thirurrangadi,Other,Beverages,0.5,6500,7000,7000,2012-03-03,7000.0,0.0,0.0,2.0,7500.0,7250.0,11000.0,10000.0
Kerala,Malappuram,Thirurrangadi,Other,Beverages,0.4,6600,7000,7000,2012-03-05,7500.0,0.0714285714285714,0.0689928714869514,1.0,7000.0,7000.0,9500.0,10000.0
Kerala,Malappuram,Thirurrangadi,Other,Beverages,0.2,7300,7500,7500,2012-03-06,8000.0,0.0666666666666666,0.0645385211375711,1.0,7000.0,11000.0,8500.0,10000.0
Kerala,Malappuram,Thirurrangadi,Other,Beverages,0.3,7800,8000,8000,2012-03-07,7500.0,-0.0625,-0.0645385211375711,1.0,7500.0,8300.0,7000.0,10000.0
Kerala,Malappuram,Thirurrangadi,Other,Beverages,0.2,7500,8000,7500,2012-03-08,7500.0,0.0,0.0,1.0,8000.0,7500.0,8000.0,10000.0
Kerala,Malappuram,Thirurrangadi,Other,Beverages,0.3,7000,7500,7500,2012-03-09,7900.0,0.0533333333333333,0.0519597389307109,3.0,7500.0,7000.0,10000.0,12000.0
Kerala,Malappuram,Thirurrangadi,Other,Beverages,0.04,7000,8000,7900,2012-03-12,7950.0,0.0063291139240506,0.0063091691932647,1.0,7500.0,7500.0,9000.0,10000.0
Kerala,Malappuram,Thirurrangadi,Other,Beverages,0.3,7950,8000,7950,2012-03-13,8000.0,0.0062893081761006,0.0062696130135953,1.0,7900.0,7000.0,7250.0,9000.0
Kerala,Malappuram,Thirurrangadi,Other,Beverages,0.2,8000,8000,8000,2012-03-14,8050.0,0.00625,0.0062305497506361,1.0,7950.0,7000.0,7000.0,9000.0
Kerala,Malappuram,Thirurrangadi,Other,Beverages,0.3,8000,8050,8050,2012-03-15,8050.0,0.0,0.0,1.0,8000.0,7500.0,11000.0,10000.0
Kerala,Malappuram,Thirurrangadi,Other,Beverages,0.2,8000,8100,8050,2012-03-16,8100.0,0.0062111801242236,0.0061919702479209,1.0,8050.0,8000.0,8300.0,10000.0
Kerala,Malappuram,Thirurrangadi,Other,Beverages,0.3,7900,8100,8100,2012-03-17,7900.0,-0.0246913580246913,-0.0250013022054172,2.0,8050.0,7500.0,7500.0,7000.0
Kerala,Malappuram,Thirurrangadi,Other,Beverages,0.3,7800,8200,7900,2012-03-19,7900.0,0.0,0.0,1.0,8100.0,7500.0,7000.0,9000.0
Kerala,Malappuram,Thirurrangadi,Other,Beverages,0.2,7700,8200,7900,2012-03-20,8000.0,0.0126582278481012,0.0125787822068601,1.0,7900.0,7900.0,7500.0,9000.0
Kerala,Malappuram,Thirurrangadi,Other,Beverages,0.2,8000,8050,8000,2012-03-21,8000.0,0.0,0.0,1.0,7900.0,7950.0,7000.0,8600.0
Kerala,Malappuram,Thirurrangadi,Other,Beverages,0.2,7900,8100,8000,2012-03-22,8000.0,0.0,0.0,1.0,8000.0,8000.0,7000.0,10000.0
Kerala,Malappuram,Thirurrangadi,Other,Beverages,0.3,8000,8000,8000,2012-03-23,8000.0,0.0,0.0,1.0,8000.0,8050.0,7500.0,11000.0
Kerala,Malappuram,Thirurrangadi,Other,Beverages,0.1,8000,8000,8000,2012-03-24,8000.0,0.0,0.0,2.0,8000.0,8050.0,8000.0,9500.0
Kerala,Malappuram,Thirurrangadi,Other,Beverages,0.2,8000,8000,8000,2012-03-26,8000.0,0.0,0.0,3.0,8000.0,8100.0,7500.0,8500.0
Kerala,Malappuram,Thirurrangadi,Other,Beverages,0.3,8000,8000,8000,2012-03-29,8050.0,0.00625,0.0062305497506361,1.0,8000.0,7900.0,7500.0,7000.0
Kerala,Malappuram,Thirurrangadi,Other,Beverages,0.2,8050,8100,8050,2012-03-30,10000.0,0.2422360248447205,0.2169130015635736,5.0,8000.0,7900.0,7900.0,8000.0
Kerala,Malappuram,Thirurrangadi,Other,Beverages,0.2,10000,10000,10000,2012-04-04,9800.0,-0.02,-0.0202027073175194,1.0,8050.0,8000.0,7950.0,10000.0
Kerala,Malappuram,Thirurrangadi,Other,Beverages,0.3,9800,10000,9800,2012-04-05,9800.0,0.0,0.0,4.0,10000.0,8000.0,8000.0,9000.0
Kerala,Malappuram,Thirurrangadi,Other,Beverages,0.2,9800,10000,9800,2012-04-09,10000.0,0.0204081632653061,0.0202027073175194,1.0,9800.0,8000.0,8050.0,7250.0
Kerala,Malappuram,Thirurrangadi,Other,Beverages,0.2,10000,10000,10000,2012-04-10,10000.0,0.0,0.0,1.0,9800.0,8000.0,8050.0,7000.0
Kerala,Malappuram,Thirurrangadi,Other,Beverages,0.2,10000,10000,10000,2012-04-11,10000.0,0.0,0.0,1.0,10000.0,8000.0,8100.0,11000.0
Kerala,Malappuram,Thirurrangadi,Other,Beverages,0.2,9900,10000,10000,2012-04-12,9900.0,-0.01,-0.0100503358535014,1.0,10000.0,8000.0,7900.0,8300.0
Kerala,Malappuram,Thirurrangadi,Other,Beverages,0.2,9800,9900,9900,2012-04-13,9900.0,0.0,0.0,6.0,10000.0,8050.0,7900.0,7500.0
Kerala,Malappuram,Thirurrangadi,Other,Beverages,0.2,9800,9900,9900,2012-04-19,10000.0,0.0101010101010101,0.0100503358535015,2.0,9900.0,10000.0,8000.0,7000.0
Kerala,Malappuram,Thirurrangadi,Other,Beverages,0.2,10000,10000,10000,2012-04-21,9800.0,-0.02,-0.0202027073175194,2.0,9900.0,9800.0,8000.0,7500.0
Kerala,Malappuram,Thirurrangadi,Other,Beverages,0.1,10000,10100,10000,2012-05-03,9900.0,-0.01,-0.0100503358535014,7.0,10000.0,9800.0,8000.0,7000.0
Kerala,Malappuram,Thirurrangadi,Other,Beverages,0.1,9800,10000,9900,2012-05-10,9900.0,0.0,0.0,1.0,10000.0,10000.0,8000.0,7000.0
Kerala,Malappuram,Thirurrangadi,Other,Beverages,0.2,9900,9900,9900,2012-05-11,9900.0,0.0,0.0,1.0,9900.0,10000.0,8000.0,7500.0
Kerala,Malappuram,Thirurrangadi,Other,Beverages,0.1,9900,9900,9900,2012-05-12,10000.0,0.0101010101010101,0.0100503358535015,3.0,9900.0,10000.0,8000.0,8000.0
Kerala,Malappuram,Thirurrangadi,Other,Beverages,0.02,10000,10500,10000,2012-05-15,10000.0,0.0,0.0,1.0,9900.0,9900.0,8050.0,7500.0
Kerala,Malappuram,Thirurrangadi,Other,Beverages,0.02,10000,10000,10000,2012-05-16,10000.0,0.0,0.0,7.0,10000.0,9900.0,10000.0,7500.0
Kerala,Malappuram,Thirurrangadi,Other,Beverages,0.2,10000,10000,10000,2012-05-23,10000.0,0.0,0.0,2.0,10000.0,10000.0,9800.0,7900.0
Kerala,Malappuram,Thirurrangadi,Other,Beverages,0.2,10000,10000,10000,2012-05-25,9800.0,-0.02,-0.0202027073175194,1.0,10000.0,10000.0,9800.0,7950.0
Kerala,Malappuram,Thirurrangadi,Other,Beverages,0.4,9500,9800,9800,2012-05-26,9800.0,0.0,0.0,2.0,10000.0,9900.0,10000.0,8000.0
Kerala,Malappuram,Thirurrangadi,Other,Beverages,0.4,9800,9900,9800,2012-05-28,10000.0,0.0204081632653061,0.0202027073175194,1.0,9800.0,9900.0,10000.0,8050.0
Kerala,Malappuram,Thirurrangadi,Other,Beverages,0.2,10000,10000,10000,2012-05-29,10000.0,0.0,0.0,1.0,9800.0,9900.0,10000.0,8050.0
Kerala,Malappuram,Thirurrangadi,Other,Beverages,0.2,10000,10000,10000,2012-05-30,11000.0,0.1,0.0953101798043249,1.0,10000.0,10000.0,9900.0,8100.0
Kerala,Malappuram,Thirurrangadi,Other,Beverages,0.2,11000,11000,11000,2012-05-31,10000.0,-0.0909090909090909,-0.0953101798043249,2.0,10000.0,10000.0,9900.0,7900.0
Kerala,Malappuram,Thirurrangadi,Other,Beverages,0.4,10000,10000,10000,2012-06-02,11500.0,0.15,0.1397619423751586,2.0,11000.0,10000.0,10000.0,7900.0
Kerala,Malappuram,Thirurrangadi,Other,Beverages,0.2,11000,12000,11500,2012-06-04,10000.0,-0.1304347826086956,-0.1397619423751587,1.0,10000.0,10000.0,10000.0,8000.0
Kerala,Malappuram,Thirurrangadi,Other,Beverages,0.2,10000,10000,10000,2012-06-05,10000.0,0.0,0.0,1.0,11500.0,9800.0,9900.0,8000.0
Kerala,Malappuram,Thirurrangadi,Other,Beverages,0.2,10000,11000,10000,2012-06-06,10000.0,0.0,0.0,1.0,10000.0,9800.0,9900.0,8000.0
Kerala,Malappuram,Thirurrangadi,Other,Beverages,0.1,10000,10000,10000,2012-06-07,11000.0,0.1,0.0953101798043249,1.0,10000.0,10000.0,9900.0,8000.0
Kerala,Malappuram,Thirurrangadi,Other,Beverages,0.2,11000,11000,11000,2012-06-08,10000.0,-0.0909090909090909,-0.0953101798043249,1.0,10000.0,10000.0,10000.0,8000.0
Kerala,Malappuram,Thirurrangadi,Other,Beverages,0.2,1000,1200,1100,2012-08-11,1000.0,-0.0909090909090909,-0.0953101798043249,2.0,11000.0,11000.0,10000.0,8000.0
Kerala,Malappuram,Thirurrangadi,Other,Beverages,0.2,950,1100,1000,2012-08-13,1100.0,0.1,0.0953101798043249,1.0,1100.0,10000.0,10000.0,8050.0
Kerala,Malappuram,Thirurrangadi,Other,Beverages,0.2,1000,1200,1100,2012-08-14,950.0,-0.1363636363636363,-0.1466034741918754,2.0,1000.0,11500.0,10000.0,10000.0
Kerala,Malappuram,Thirurrangadi,Other,Beverages,0.3,900,1000,950,2012-08-16,1100.0,0.1578947368421052,0.1466034741918754,1.0,1100.0,10000.0,9800.0,9800.0
Kerala,Malappuram,Thirurrangadi,Other,Beverages,0.1,1000,1200,1100,2012-08-17,950.0,-0.1363636363636363,-0.1466034741918754,1.0,950.0,10000.0,9800.0,9800.0
Kerala,Malappuram,Thirurrangadi,Other,Beverages,0.2,950,950,950,2012-08-18,1000.0,0.0526315789473684,0.0512932943875504,2.0,1100.0,10000.0,10000.0,10000.0
Kerala,Malappuram,Thirurrangadi,Other,Beverages,0.2,900,1200,1000,2012-08-20,950.0,-0.05,-0.0512932943875505,1.0,950.0,11000.0,10000.0,10000.0
Kerala,Malappuram,Thirurrangadi,Other,Beverages,0.2,900,950,950,2012-08-21,950.0,0.0,0.0,1.0,1000.0,1100.0,11000.0,10000.0
Kerala,Malappuram,Thirurrangadi,Other,Beverages,0.2,900,1100,950,2012-08-22,1000.0,0.0526315789473684,0.0512932943875504,1.0,950.0,1000.0,10000.0,9900.0
Kerala,Malappuram,Thirurrangadi,Other,Beverages,0.3,1000,1050,1000,2012-08-23,9500.0,8.5,2.2512917986064958,1.0,950.0,1100.0,11500.0,9900.0
Kerala,Malappuram,Thirurrangadi,Other,Beverages,0.2,9500,9500,9500,2012-08-24,1200.0,-0.8736842105263158,-2.0689702418125404,1.0,1000.0,950.0,10000.0,10000.0
Kerala,Malappuram,Thirurrangadi,Other,Beverages,0.2,1100,1300,1200,2012-08-25,1250.0,0.0416666666666666,0.0408219945202552,2.0,9500.0,1100.0,10000.0,10000.0
Kerala,Malappuram,Thirurrangadi,Other,Beverages,0.3,1200,1400,1250,2012-08-27,1450.0,0.16,0.1484200051182732,1.0,1200.0,950.0,10000.0,9900.0
Kerala,Malappuram,Thirurrangadi,Other,Beverages,0.3,1400,1500,1450,2012-08-28,1600.0,0.1034482758620689,0.0984400728132525,3.0,1250.0,1000.0,11000.0,9900.0
Kerala,Malappuram,Thirurrangadi,Other,Beverages,0.2,10000,10000,10000,2012-09-18,10000.0,0.0,0.0,1.0,1450.0,950.0,1100.0,9900.0
Kerala,Malappuram,Thirurrangadi,Other,Beverages,0.2,10000,11000,10000,2012-09-19,11000.0,0.1,0.0953101798043249,1.0,10000.0,950.0,1000.0,10000.0
Kerala,Malappuram,Thirurrangadi,Other,Beverages,0.2,11000,11000,11000,2012-09-20,10000.0,-0.0909090909090909,-0.0953101798043249,1.0,10000.0,1000.0,1100.0,10000.0
Kerala,Malappuram,Thirurrangadi,Other,Beverages,0.2,10000,10000,10000,2012-09-21,11000.0,0.1,0.0953101798043249,1.0,11000.0,9500.0,950.0,10000.0
Kerala,Malappuram,Thirurrangadi,Other,Beverages,0.4,11000,11000,11000,2012-09-22,12000.0,0.0909090909090909,0.0870113769896296,2.0,10000.0,1200.0,1100.0,10000.0
Kerala,Malappuram,Thirurrangadi,Other,Beverages,0.2,12000,12000,12000,2012-09-24,11000.0,-0.0833333333333333,-0.0870113769896298,1.0,11000.0,1250.0,950.0,9800.0
Kerala,Malappuram,Thirurrangadi,Other,Beverages,0.2,11000,12000,11000,2012-09-25,12000.0,0.0909090909090909,0.0870113769896296,1.0,12000.0,1450.0,1000.0,9800.0
Kerala,Malappuram,Thirurrangadi,Other,Beverages,0.3,12000,12000,12000,2012-09-26,12300.0,0.025,0.0246926125903714,1.0,11000.0,10000.0,950.0,10000.0
Kerala,Malappuram,Thirurrangadi,Other,Beverages,0.2,12000,12500,12300,2012-09-27,12550.0,0.0203252032520325,0.020121403199421,1.0,12000.0,10000.0,950.0,10000.0
Kerala,Malappuram,Thirurrangadi,Other,Beverages,0.4,12500,12600,12550,2012-09-28,12600.0,0.0039840637450199,0.0039761483796394,1.0,12300.0,11000.0,1000.0,11000.0
Kerala,Malappuram,Thirurrangadi,Other,Beverages,0.2,12500,13000,12600,2012-09-29,11000.0,-0.1269841269841269,-0.1358015411590617,2.0,12550.0,10000.0,9500.0,10000.0
Kerala,Malappuram,Thirurrangadi,Other,Beverages,0.2,11000,11000,11000,2012-10-01,11000.0,0.0,0.0,1.0,12600.0,11000.0,1200.0,11500.0
Kerala,Malappuram,Thirurrangadi,Other,Beverages,0.2,11000,11000,11000,2012-10-02,11000.0,0.0,0.0,2.0,11000.0,12000.0,1250.0,10000.0
Kerala,Malappuram,Thirurrangadi,Other,Beverages,0.3,11000,11000,11000,2012-10-04,11600.0,0.0545454545454545,0.0531098253139483,1.0,11000.0,11000.0,1450.0,10000.0
Kerala,Malappuram,Thirurrangadi,Other,Beverages,0.2,11500,12000,11600,2012-10-05,11000.0,-0.0517241379310344,-0.0531098253139484,1.0,11000.0,12000.0,10000.0,10000.0
Kerala,Malappuram,Thirurrangadi,Other,Beverages,0.4,11000,11000,11000,2012-10-06,11000.0,0.0,0.0,2.0,11600.0,12300.0,10000.0,11000.0
Kerala,Malappuram,Thirurrangadi,Other,Beverages,0.4,11000,11000,11000,2012-10-08,11000.0,0.0,0.0,1.0,11000.0,12550.0,11000.0,1100.0
Kerala,Malappuram,Thirurrangadi,Other,Beverages,0.2,11000,11000,11000,2012-10-09,11800.0,0.0727272727272727,0.0702042586732485,1.0,11000.0,12600.0,10000.0,1000.0
Kerala,Malappuram,Thirurrangadi,Other,Beverages,0.3,11500,12000,11800,2012-10-10,11000.0,-0.0677966101694915,-0.0702042586732485,1.0,11000.0,11000.0,11000.0,1100.0
Kerala,Malappuram,Thirurrangadi,Other,Beverages,0.4,11000,11000,11000,2012-10-11,11000.0,0.0,0.0,1.0,11800.0,11000.0,12000.0,950.0
Kerala,Malappuram,Thirurrangadi,Other,Beverages,0.3,11000,11000,11000,2012-10-12,11000.0,0.0,0.0,1.0,11000.0,11000.0,11000.0,1100.0
Kerala,Malappuram,Thirurrangadi,Other,Beverages,0.2,11000,11000,11000,2012-10-13,11000.0,0.0,0.0,2.0,11000.0,11600.0,12000.0,950.0
Kerala,Malappuram,Thirurrangadi,Other,Beverages,0.4,11000,11000,11000,2012-10-15,11000.0,0.0,0.0,1.0,11000.0,11000.0,12300.0,1000.0
Kerala,Malappuram,Thirurrangadi,Other,Beverages,0.3,11000,11000,11000,2012-10-16,11000.0,0.0,0.0,4.0,11000.0,11000.0,12550.0,950.0
Kerala,Malappuram,Thirurrangadi,Other,Beverages,0.2,11000,11000,11000,2012-10-20,11000.0,0.0,0.0,2.0,11000.0,11000.0,12600.0,950.0
Kerala,Malappuram,Thirurrangadi,Other,Beverages,0.2,11000,11000,11000,2012-10-22,11000.0,0.0,0.0,1.0,11000.0,11800.0,11000.0,1000.0
Kerala,Malappuram,Thirurrangadi,Other,Beverages,0.5,11000,11000,11000,2012-10-23,11000.0,0.0,0.0,1.0,11000.0,11000.0,11000.0,9500.0
Kerala,Malappuram,Thirurrangadi,Other,Beverages,0.2,11000,11000,11000,2012-10-24,11000.0,0.0,0.0,1.0,11000.0,11000.0,11000.0,1200.0
Kerala,Malappuram,Thirurrangadi,Other,Beverages,0.1,11000,11000,11000,2012-10-25,11000.0,0.0,0.0,1.0,11000.0,11000.0,11600.0,1250.0
Kerala,Malappuram,Thirurrangadi,Other,Beverages,0.5,11000,11000,11000,2012-10-26,11000.0,0.0,0.0,1.0,11000.0,11000.0,11000.0,1450.0
Kerala,Malappuram,Thirurrangadi,Other,Beverages,0.2,11000,11000,11000,2012-10-27,11000.0,0.0,0.0,2.0,11000.0,11000.0,11000.0,10000.0
Kerala,Malappuram,Thirurrangadi,Other,Beverages,0.3,11000,11000,11000,2012-10-29,11000.0,0.0,0.0,1.0,11000.0,11000.0,11000.0,10000.0
Kerala,Malappuram,Thirurrangadi,Other,Beverages,0.5,11000,11000,11000,2012-10-30,11000.0,0.0,0.0,1.0,11000.0,11000.0,11800.0,11000.0
Kerala,Malappuram,Thirurrangadi,Other,Beverages,0.1,11000,11000,11000,2012-10-31,12000.0,0.0909090909090909,0.0870113769896296,1.0,11000.0,11000.0,11000.0,10000.0
Kerala,Malappuram,Thirurrangadi,Other,Beverages,0.3,12000,12000,12000,2012-11-01,12000.0,0.0,0.0,1.0,11000.0,11000.0,11000.0,11000.0
Kerala,Malappuram,Thirurrangadi,Other,Beverages,0.5,12000,12000,12000,2012-11-02,12000.0,0.0,0.0,1.0,12000.0,11000.0,11000.0,12000.0
Kerala,Malappuram,Thirurrangadi,Other,Beverages,0.2,12000,12000,12000,2012-11-03,12000.0,0.0,0.0,2.0,12000.0,11000.0,11000.0,11000.0
Kerala,Malappuram,Thirurrangadi,Other,Beverages,0.4,12000,12000,12000,2012-11-05,12000.0,0.0,0.0,1.0,12000.0,11000.0,11000.0,12000.0
Kerala,Malappuram,Thirurrangadi,Other,Beverages,0.2,12000,12000,12000,2012-11-06,12000.0,0.0,0.0,1.0,12000.0,11000.0,11000.0,12300.0
Kerala,Malappuram,Thirurrangadi,Other,Beverages,0.1,12000,12000,12000,2012-11-07,12000.0,0.0,0.0,1.0,12000.0,11000.0,11000.0,12550.0
Kerala,Malappuram,Thirurrangadi,Other,Beverages,0.6,12000,12000,12000,2012-11-08,12000.0,0.0,0.0,1.0,12000.0,11000.0,11000.0,12600.0
Kerala,Malappuram,Thirurrangadi,Other,Beverages,0.3,12000,12000,12000,2012-11-09,12000.0,0.0,0.0,1.0,12000.0,12000.0,11000.0,11000.0
Kerala,Malappuram,Thirurrangadi,Other,Beverages,0.3,12000,12000,12000,2012-11-10,12000.0,0.0,0.0,2.0,12000.0,12000.0,11000.0,11000.0
Kerala,Malappuram,Thirurrangadi,Other,Beverages,0.2,12000,12000,12000,2012-11-12,12000.0,0.0,0.0,2.0,12000.0,12000.0,11000.0,11000.0
Kerala,Malappuram,Thirurrangadi,Other,Beverages,0.4,12000,12000,12000,2012-11-14,12500.0,0.0416666666666666,0.0408219945202552,1.0,12000.0,12000.0,11000.0,11600.0
Kerala,Malappuram,Thirurrangadi,Other,Beverages,0.4,12000,13000,12500,2012-11-15,12000.0,-0.04,-0.0408219945202551,1.0,12000.0,12000.0,11000.0,11000.0
Kerala,Malappuram,Thirurrangadi,Other,Beverages,0.5,12000,12000,12000,2012-11-16,12000.0,0.0,0.0,1.0,12500.0,12000.0,11000.0,11000.0
Kerala,Malappuram,Thirurrangadi,Other,Beverages,0.5,12000,12500,12000,2012-11-17,12000.0,0.0,0.0,2.0,12000.0,12000.0,11000.0,11000.0
Kerala,Malappuram,Thirurrangadi,Other,Beverages,0.5,11000,14000,12000,2012-11-19,12000.0,0.0,0.0,1.0,12000.0,12000.0,12000.0,11800.0
Kerala,Malappuram,Thirurrangadi,Other,Beverages,0.3,12000,12000,12000,2012-11-20,12000.0,0.0,0.0,2.0,12000.0,12000.0,12000.0,11000.0
Kerala,Malappuram,Thirurrangadi,Other,Beverages,0.4,12000,12000,12000,2012-11-22,12500.0,0.0416666666666666,0.0408219945202552,2.0,12000.0,12000.0,12000.0,11000.0
Kerala,Malappuram,Thirurrangadi,Other,Beverages,0.8,12000,13000,12500,2012-11-24,12000.0,-0.04,-0.0408219945202551,2.0,12000.0,12000.0,12000.0,11000.0
Kerala,Malappuram,Thirurrangadi,Other,Beverages,0.8,12000,13000,12000,2012-11-26,12000.0,0.0,0.0,1.0,12500.0,12500.0,12000.0,11000.0
Kerala,Malappuram,Thirurrangadi,Other,Beverages,0.5,12000,12000,12000,2012-11-27,13000.0,0.0833333333333333,0.0800427076735363,1.0,12000.0,12000.0,12000.0,11000.0
Kerala,Malappuram,Thirurrangadi,Other,Beverages,0.5,13000,13000,13000,2012-11-28,11000.0,-0.1538461538461538,-0.1670540846631662,1.0,12000.0,12000.0,12000.0,11000.0
Kerala,Malappuram,Thirurrangadi,Other,Beverages,0.8,11000,11000,11000,2012-11-29,11000.0,0.0,0.0,1.0,13000.0,12000.0,12000.0,11000.0
Kerala,Malappuram,Thirurrangadi,Other,Beverages,0.5,11000,11000,11000,2012-11-30,12000.0,0.0909090909090909,0.0870113769896296,1.0,11000.0,12000.0,12000.0,11000.0
Kerala,Malappuram,Thirurrangadi,Other,Beverages,0.3,12000,12000,12000,2012-12-01,11000.0,-0.0833333333333333,-0.0870113769896298,2.0,11000.0,12000.0,12000.0,11000.0
Kerala,Malappuram,Thirurrangadi,Other,Beverages,0.2,11000,11000,11000,2012-12-03,11000.0,0.0,0.0,1.0,12000.0,12500.0,12000.0,11000.0
Kerala,Malappuram,Thirurrangadi,Other,Beverages,0.5,11000,11500,11000,2012-12-04,11000.0,0.0,0.0,1.0,11000.0,12000.0,12500.0,11000.0
Kerala,Malappuram,Thirurrangadi,Other,Beverages,0.5,11000,11000,11000,2012-12-05,11000.0,0.0,0.0,1.0,11000.0,12000.0,12000.0,11000.0
Kerala,Malappuram,Thirurrangadi,Other,Beverages,0.2,11000,11000,11000,2012-12-06,11000.0,0.0,0.0,2.0,11000.0,13000.0,12000.0,11000.0
Kerala,Malappuram,Thirurrangadi,Other,Beverages,0.5,11000,11000,11000,2012-12-08,11000.0,0.0,0.0,2.0,11000.0,11000.0,12000.0,11000.0
Kerala,Malappuram,Thirurrangadi,Other,Beverages,0.8,11000,11000,11000,2012-12-10,11100.0,0.009090909090909,0.0090498355199178,1.0,11000.0,11000.0,12000.0,11000.0
Kerala,Malappuram,Thirurrangadi,Other,Beverages,0.5,11000,11500,11100,2012-12-11,11000.0,-0.009009009009009,-0.0090498355199179,1.0,11000.0,12000.0,12000.0,12000.0
Kerala,Malappuram,Thirurrangadi,Other,Beverages,0.5,11000,11000,11000,2012-12-12,11200.0,0.0181818181818181,0.0180185055026782,1.0,11100.0,11000.0,12500.0,12000.0
Kerala,Malappuram,Thirurrangadi,Other,Beverages,0.5,11000,11500,11200,2012-12-13,11000.0,-0.0178571428571428,-0.0180185055026783,1.0,11000.0,11000.0,12000.0,12000.0
Kerala,Malappuram,Thirurrangadi,Other,Beverages,0.5,11000,11000,11000,2012-12-14,11500.0,0.0454545454545454,0.0444517625708337,1.0,11200.0,11000.0,12000.0,12000.0
Kerala,Malappuram,Thirurrangadi,Other,Beverages,0.3,11000,12100,11500,2012-12-15,11000.0,-0.0434782608695652,-0.0444517625708338,3.0,11000.0,11000.0,13000.0,12000.0
Kerala,Malappuram,Thirurrangadi,Other,Beverages,0.5,11000,11100,11000,2012-12-18,11200.0,0.0181818181818181,0.0180185055026782,1.0,11500.0,11000.0,11000.0,12000.0
Kerala,Malappuram,Thirurrangadi,Other,Beverages,0.5,11000,11500,11200,2012-12-19,11000.0,-0.0178571428571428,-0.0180185055026783,1.0,11000.0,11000.0,11000.0,12000.0
Kerala,Malappuram,Thirurrangadi,Other,Beverages,0.5,11000,11000,11000,2012-12-20,11000.0,0.0,0.0,1.0,11200.0,11100.0,12000.0,12000.0
Kerala,Malappuram,Thirurrangadi,Other,Beverages,0.5,11000,11000,11000,2012-12-21,11500.0,0.0454545454545454,0.0444517625708337,3.0,11000.0,11000.0,11000.0,12000.0
Kerala,Malappuram,Thirurrangadi,Other,Beverages,0.2,11000,11700,11500,2012-12-24,11300.0,-0.017391304347826,-0.0175443096509095,2.0,11000.0,11200.0,11000.0,12000.0
Kerala,Malappuram,Thirurrangadi,Other,Beverages,0.5,11000,11500,11300,2012-12-26,11250.0,-0.0044247787610619,-0.0044345970678657,1.0,11500.0,11000.0,11000.0,12000.0
Kerala,Malappuram,Thirurrangadi,Other,Beverages,0.5,11000,11500,11250,2012-12-27,11200.0,-0.0044444444444444,-0.0044543503493803,1.0,11300.0,11500.0,11000.0,12500.0
Kerala,Malappuram,Thirurrangadi,Other,Beverages,0.5,11000,11500,11200,2012-12-28,11550.0,0.03125,0.0307716586667536,1.0,11250.0,11000.0,11000.0,12000.0
Kerala,Malappuram,Thirurrangadi,Other,Beverages,0.5,11000,11900,11550,2012-12-29,11500.0,-0.0043290043290043,-0.0043384015985981,2.0,11200.0,11200.0,11000.0,12000.0
Kerala,Malappuram,Thirurrangadi,Other,Beverages,0.5,11000,12000,11500,2012-12-31,11000.0,-0.0434782608695652,-0.0444517625708338,1.0,11550.0,11000.0,11100.0,12000.0
Kerala,Malappuram,Thirurrangadi,Other,Beverages,0.5,11000,11000,11000,2013-01-01,11000.0,0.0,0.0,1.0,11500.0,11000.0,11000.0,12000.0
Kerala,Malappuram,Thirurrangadi,Other,Beverages,0.3,11000,11000,11000,2013-01-02,11000.0,0.0,0.0,3.0,11000.0,11500.0,11200.0,12000.0
Kerala,Malappuram,Thirurrangadi,Other,Beverages,0.5,11000,11000,11000,2013-01-05,11000.0,0.0,0.0,3.0,11000.0,11300.0,11000.0,12500.0
Kerala,Malappuram,Thirurrangadi,Other,Beverages,0.5,11000,12000,11000,2013-01-08,11500.0,0.0454545454545454,0.0444517625708337,1.0,11000.0,11250.0,11500.0,12000.0
Kerala,Malappuram,Thirurrangadi,Other,Beverages,0.5,11000,12000,11500,2013-01-09,11250.0,-0.0217391304347826,-0.0219789067187752,1.0,11000.0,11200.0,11000.0,12000.0
Kerala,Malappuram,Thirurrangadi,Other,Beverages,0.6,11000,11500,11250,2013-01-10,11000.0,-0.0222222222222222,-0.0224728558520586,1.0,11500.0,11550.0,11200.0,13000.0
Kerala,Malappuram,Thirurrangadi,Other,Beverages,0.5,11000,11000,11000,2013-01-11,11500.0,0.0454545454545454,0.0444517625708337,1.0,11250.0,11500.0,11000.0,11000.0
Kerala,Malappuram,Thirurrangadi,Other,Beverages,0.5,11000,12000,11500,2013-01-12,11000.0,-0.0434782608695652,-0.0444517625708338,2.0,11000.0,11000.0,11000.0,11000.0
Kerala,Malappuram,Thirurrangadi,Other,Beverages,0.5,11000,11000,11000,2013-01-14,11000.0,0.0,0.0,1.0,11500.0,11000.0,11500.0,12000.0
Kerala,Malappuram,Thirurrangadi,Other,Beverages,0.6,11000,11500,11000,2013-01-15,11500.0,0.0454545454545454,0.0444517625708337,1.0,11000.0,11000.0,11300.0,11000.0
Kerala,Malappuram,Thirurrangadi,Other,Beverages,0.4,11000,11500,11000,2013-02-15,12000.0,0.0909090909090909,0.0870113769896296,7.0,11000.0,11000.0,11250.0,11000.0
Kerala,Malappuram,Thirurrangadi,Other,Beverages,0.2,12000,12000,12000,2013-02-22,11500.0,-0.0416666666666666,-0.0425596144187958,1.0,11000.0,11500.0,11200.0,11000.0
Kerala,Malappuram,Thirurrangadi,Other,Beverages,0.4,11000,11500,11500,2013-02-23,11200.0,-0.0260869565217391,-0.0264332570681554,2.0,12000.0,11250.0,11550.0,11000.0
Kerala,Malappuram,Thirurrangadi,Other,Beverages,0.2,11000,11500,11200,2013-02-25,11000.0,-0.0178571428571428,-0.0180185055026783,1.0,11500.0,11000.0,11500.0,11000.0
Kerala,Malappuram,Thirurrangadi,Other,Beverages,0.2,11000,11000,11000,2013-02-26,11500.0,0.0454545454545454,0.0444517625708337,4.0,11200.0,11500.0,11000.0,11000.0
Kerala,Malappuram,Thirurrangadi,Other,Beverages,0.6,11000,11000,11000,2013-03-23,12000.0,0.0909090909090909,0.0870113769896296,3.0,11000.0,11000.0,11000.0,11100.0
Kerala,Malappuram,Thirurrangadi,Other,Beverages,0.2,12000,12000,12000,2013-03-26,12000.0,0.0,0.0,1.0,11000.0,11000.0,11000.0,11000.0
Kerala,Malappuram,Thirurrangadi,Other,Beverages,0.6,12000,12000,12000,2013-03-27,12000.0,0.0,0.0,1.0,12000.0,11000.0,11000.0,11200.0
Kerala,Malappuram,Thirurrangadi,Other,Beverages,0.3,12000,12000,12000,2013-03-28,13000.0,0.0833333333333333,0.0800427076735363,1.0,12000.0,12000.0,11500.0,11000.0
Kerala,Malappuram,Thirurrangadi,Other,Beverages,0.6,13000,13000,13000,2013-03-29,12000.0,-0.0769230769230769,-0.0800427076735363,1.0,12000.0,11500.0,11250.0,11500.0
Kerala,Malappuram,Thirurrangadi,Other,Beverages,0.3,12000,12000,12000,2013-03-30,12000.0,0.0,0.0,2.0,13000.0,11200.0,11000.0,11000.0
Kerala,Malappuram,Thirurrangadi,Other,Beverages,0.6,12000,12000,12000,2013-04-01,11000.0,-0.0833333333333333,-0.0870113769896298,1.0,12000.0,11000.0,11500.0,11200.0
Kerala,Malappuram,Thirurrangadi,Other,Beverages,0.6,11000,11000,11000,2013-04-02,12000.0,0.0909090909090909,0.0870113769896296,1.0,12000.0,11000.0,11000.0,11000.0
Kerala,Malappuram,Thirurrangadi,Other,Beverages,0.6,12000,12000,12000,2013-04-03,12000.0,0.0,0.0,1.0,11000.0,12000.0,11000.0,11000.0
Kerala,Malappuram,Thirurrangadi,Other,Beverages,0.5,12000,12000,12000,2013-04-04,11000.0,-0.0833333333333333,-0.0870113769896298,1.0,12000.0,12000.0,11000.0,11500.0
Kerala,Malappuram,Thirurrangadi,Other,Beverages,0.5,11000,11000,11000,2013-04-05,12000.0,0.0909090909090909,0.0870113769896296,1.0,12000.0,12000.0,12000.0,11300.0
Kerala,Malappuram,Thirurrangadi,Other,Beverages,0.6,12000,12000,12000,2013-04-06,12000.0,0.0,0.0,2.0,11000.0,13000.0,11500.0,11250.0
Kerala,Malappuram,Thirurrangadi,Other,Beverages,0.6,12000,12000,12000,2013-04-08,11000.0,-0.0833333333333333,-0.0870113769896298,1.0,12000.0,12000.0,11200.0,11200.0
Kerala,Malappuram,Thirurrangadi,Other,Beverages,0.5,11000,11000,11000,2013-04-09,12000.0,0.0909090909090909,0.0870113769896296,1.0,12000.0,12000.0,11000.0,11550.0
Kerala,Malappuram,Thirurrangadi,Other,Beverages,0.5,12000,12000,12000,2013-04-10,11000.0,-0.0833333333333333,-0.0870113769896298,1.0,11000.0,11000.0,11000.0,11500.0
Kerala,Malappuram,Thirurrangadi,Other,Beverages,0.5,11000,11000,11000,2013-04-11,12000.0,0.0909090909090909,0.0870113769896296,1.0,12000.0,12000.0,12000.0,11000.0
Kerala,Malappuram,Thirurrangadi,Other,Beverages,0.6,12000,12000,12000,2013-04-12,12000.0,0.0,0.0,3.0,11000.0,12000.0,12000.0,11000.0
Kerala,Malappuram,Thirurrangadi,Other,Beverages,0.5,12000,12000,12000,2013-04-15,12000.0,0.0,0.0,1.0,12000.0,11000.0,12000.0,11000.0
Kerala,Malappuram,Thirurrangadi,Other,Beverages,0.9,12000,12000,12000,2013-04-16,12000.0,0.0,0.0,1.0,12000.0,12000.0,13000.0,11000.0
Kerala,Malappuram,Thirurrangadi,Other,Beverages,0.3,12000,12000,12000,2013-04-17,10000.0,-0.1666666666666666,-0.1823215567939546,1.0,12000.0,12000.0,12000.0,11500.0
Kerala,Malappuram,Thirurrangadi,Other,Beverages,0.5,10000,10000,10000,2013-04-18,12000.0,0.2,0.1823215567939546,2.0,12000.0,11000.0,12000.0,11250.0
Kerala,Malappuram,Thirurrangadi,Other,Beverages,0.5,12000,12000,12000,2013-04-20,12000.0,0.0,0.0,2.0,10000.0,12000.0,11000.0,11000.0
Kerala,Malappuram,Thirurrangadi,Other,Beverages,0.3,12000,12000,12000,2013-04-22,12000.0,0.0,0.0,1.0,12000.0,11000.0,12000.0,11500.0
Kerala,Malappuram,Thirurrangadi,Other,Beverages,0.5,12000,13000,12000,2013-04-23,12000.0,0.0,0.0,1.0,12000.0,12000.0,12000.0,11000.0
Kerala,Malappuram,Thirurrangadi,Other,Beverages,0.6,12000,12000,12000,2013-04-24,12000.0,0.0,0.0,1.0,12000.0,12000.0,11000.0,11000.0
Kerala,Malappuram,Thirurrangadi,Other,Beverages,0.5,12000,12000,12000,2013-04-25,12000.0,0.0,0.0,1.0,12000.0,12000.0,12000.0,11000.0
Kerala,Malappuram,Thirurrangadi,Other,Beverages,0.6,12000,12000,12000,2013-04-26,12000.0,0.0,0.0,1.0,12000.0,12000.0,12000.0,12000.0
Kerala,Malappuram,Thirurrangadi,Other,Beverages,0.5,12000,12000,12000,2013-04-27,12000.0,0.0,0.0,2.0,12000.0,10000.0,11000.0,11500.0
Kerala,Malappuram,Thirurrangadi,Other,Beverages,0.6,12000,12000,12000,2013-04-29,12000.0,0.0,0.0,1.0,12000.0,12000.0,12000.0,11200.0
Kerala,Malappuram,Thirurrangadi,Other,Beverages,0.5,11000,13000,12000,2013-04-30,11000.0,-0.0833333333333333,-0.0870113769896298,1.0,12000.0,12000.0,11000.0,11000.0
Kerala,Malappuram,Thirurrangadi,Other,Beverages,0.5,11000,11000,11000,2013-05-01,12000.0,0.0909090909090909,0.0870113769896296,1.0,12000.0,12000.0,12000.0,11000.0
Kerala,Malappuram,Thirurrangadi,Other,Beverages,0.6,12000,12000,12000,2013-05-02,12000.0,0.0,0.0,1.0,11000.0,12000.0,12000.0,12000.0
Kerala,Malappuram,Thirurrangadi,Other,Beverages,0.5,12000,12000,12000,2013-05-03,12000.0,0.0,0.0,1.0,12000.0,12000.0,12000.0,12000.0
Kerala,Malappuram,Thirurrangadi,Other,Beverages,0.5,12000,12000,12000,2013-05-04,10000.0,-0.1666666666666666,-0.1823215567939546,4.0,12000.0,12000.0,12000.0,12000.0
Kerala,Malappuram,Thirurrangadi,Other,Beverages,0.2,10000,10000,10000,2013-05-08,12000.0,0.2,0.1823215567939546,1.0,12000.0,12000.0,10000.0,13000.0
Kerala,Malappuram,Thirurrangadi,Other,Beverages,0.5,12000,12000,12000,2013-05-09,13000.0,0.0833333333333333,0.0800427076735363,1.0,10000.0,12000.0,12000.0,12000.0
Kerala,Malappuram,Thirurrangadi,Other,Beverages,0.5,13000,13000,13000,2013-05-10,12000.0,-0.0769230769230769,-0.0800427076735363,3.0,12000.0,12000.0,12000.0,12000.0
Kerala,Malappuram,Thirurrangadi,Other,Beverages,0.2,12000,12000,12000,2013-05-13,12000.0,0.0,0.0,3.0,13000.0,11000.0,12000.0,11000.0
Kerala,Malappuram,Thirurrangadi,Other,Beverages,0.4,12000,12000,12000,2013-05-16,12000.0,0.0,0.0,1.0,12000.0,12000.0,12000.0,12000.0
Kerala,Malappuram,Thirurrangadi,Other,Beverages,0.6,12000,12000,12000,2013-05-17,13000.0,0.0833333333333333,0.0800427076735363,1.0,12000.0,12000.0,12000.0,12000.0
Kerala,Malappuram,Thirurrangadi,Other,Beverages,0.5,13000,13000,13000,2013-05-18,12000.0,-0.0769230769230769,-0.0800427076735363,2.0,12000.0,12000.0,12000.0,11000.0
Kerala,Malappuram,Thirurrangadi,Other,Beverages,0.5,12000,12000,12000,2013-05-20,12000.0,0.0,0.0,1.0,13000.0,10000.0,12000.0,12000.0
Kerala,Malappuram,Thirurrangadi,Other,Beverages,0.5,12000,12000,12000,2013-05-21,12000.0,0.0,0.0,1.0,12000.0,12000.0,12000.0,12000.0
Kerala,Malappuram,Thirurrangadi,Other,Beverages,0.2,12000,12000,12000,2013-05-22,13000.0,0.0833333333333333,0.0800427076735363,1.0,12000.0,13000.0,12000.0,11000.0
Kerala,Malappuram,Thirurrangadi,Other,Beverages,0.3,13000,13000,13000,2013-05-23,12000.0,-0.0769230769230769,-0.0800427076735363,1.0,12000.0,12000.0,11000.0,12000.0
Kerala,Malappuram,Thirurrangadi,Other,Beverages,0.2,12000,12000,12000,2013-05-24,13000.0,0.0833333333333333,0.0800427076735363,1.0,13000.0,12000.0,12000.0,11000.0
Kerala,Malappuram,Thirurrangadi,Other,Beverages,0.5,13000,13000,13000,2013-05-25,12000.0,-0.0769230769230769,-0.0800427076735363,2.0,12000.0,12000.0,12000.0,12000.0
Kerala,Malappuram,Thirurrangadi,Other,Beverages,0.2,12000,12000,12000,2013-05-27,12000.0,0.0,0.0,1.0,13000.0,13000.0,12000.0,12000.0
Kerala,Malappuram,Thirurrangadi,Other,Beverages,0.5,12000,12000,12000,2013-05-28,12000.0,0.0,0.0,1.0,12000.0,12000.0,10000.0,12000.0
Kerala,Malappuram,Thirurrangadi,Other,Beverages,0.5,12000,12000,12000,2013-05-29,12000.0,0.0,0.0,2.0,12000.0,12000.0,12000.0,12000.0
Kerala,Malappuram,Thirurrangadi,Other,Beverages,0.3,12000,12000,12000,2013-05-31,15000.0,0.25,0.2231435513142097,1.0,12000.0,12000.0,13000.0,10000.0
Kerala,Malappuram,Thirurrangadi,Other,Beverages,0.2,15000,15000,15000,2013-06-01,14000.0,-0.0666666666666666,-0.0689928714869514,2.0,12000.0,13000.0,12000.0,12000.0
Kerala,Malappuram,Thirurrangadi,Other,Beverages,0.2,14000,14000,14000,2013-06-03,12000.0,-0.1428571428571428,-0.1541506798272583,1.0,15000.0,12000.0,12000.0,12000.0
Kerala,Malappuram,Thirurrangadi,Other,Beverages,0.6,12000,12000,12000,2013-06-04,12000.0,0.0,0.0,1.0,14000.0,13000.0,12000.0,12000.0
Kerala,Malappuram,Thirurrangadi,Other,Beverages,0.6,12000,12200,12000,2013-06-05,12000.0,0.0,0.0,1.0,12000.0,12000.0,13000.0,12000.0
Kerala,Malappuram,Thirurrangadi,Other,Beverages,0.5,12000,12000,12000,2013-06-06,12000.0,0.0,0.0,1.0,12000.0,12000.0,12000.0,12000.0
Kerala,Malappuram,Thirurrangadi,Other,Beverages,0.6,12000,12000,12000,2013-06-07,11000.0,-0.0833333333333333,-0.0870113769896298,1.0,12000.0,12000.0,12000.0,12000.0
Kerala,Malappuram,Thirurrangadi,Other,Beverages,0.1,11000,11000,11000,2013-06-08,10000.0,-0.0909090909090909,-0.0953101798043249,2.0,12000.0,12000.0,12000.0,12000.0
Kerala,Malappuram,Thirurrangadi,Other,Beverages,0.2,10000,10000,10000,2013-06-10,11000.0,0.1,0.0953101798043249,1.0,11000.0,15000.0,13000.0,12000.0
Kerala,Malappuram,Thirurrangadi,Other,Beverages,0.2,11000,11000,11000,2013-06-11,12000.0,0.0909090909090909,0.0870113769896296,1.0,10000.0,14000.0,12000.0,12000.0
Kerala,Malappuram,Thirurrangadi,Other,Beverages,0.2,12000,12000,12000,2013-06-12,12000.0,0.0,0.0,1.0,11000.0,12000.0,13000.0,11000.0
Kerala,Malappuram,Thirurrangadi,Other,Beverages,0.2,12000,12000,12000,2013-06-13,12000.0,0.0,0.0,1.0,12000.0,12000.0,12000.0,12000.0
Kerala,Malappuram,Thirurrangadi,Other,Beverages,0.2,12000,13000,12000,2013-06-14,12000.0,0.0,0.0,1.0,12000.0,12000.0,12000.0,12000.0
Kerala,Malappuram,Thirurrangadi,Other,Beverages,0.3,12000,12000,12000,2013-06-15,12000.0,0.0,0.0,2.0,12000.0,12000.0,12000.0,12000.0
Kerala,Malappuram,Thirurrangadi,Other,Beverages,0.6,12000,12000,12000,2013-06-17,12000.0,0.0,0.0,1.0,12000.0,11000.0,12000.0,10000.0
Kerala,Malappuram,Thirurrangadi,Other,Beverages,0.6,12000,12000,12000,2013-06-18,12000.0,0.0,0.0,1.0,12000.0,10000.0,15000.0,12000.0
Kerala,Malappuram,Thirurrangadi,Other,Beverages,0.4,12000,12000,12000,2013-06-19,12000.0,0.0,0.0,1.0,12000.0,11000.0,14000.0,13000.0
Kerala,Malappuram,Thirurrangadi,Other,Beverages,0.6,12000,12000,12000,2013-06-20,12000.0,0.0,0.0,1.0,12000.0,12000.0,12000.0,12000.0
Kerala,Malappuram,Thirurrangadi,Other,Beverages,0.6,12000,12000,12000,2013-06-21,12000.0,0.0,0.0,1.0,12000.0,12000.0,12000.0,12000.0
Kerala,Malappuram,Thirurrangadi,Other,Beverages,0.5,12000,12000,12000,2013-06-22,12000.0,0.0,0.0,2.0,12000.0,12000.0,12000.0,12000.0
Kerala,Malappuram,Thirurrangadi,Other,Beverages,0.6,12000,12000,12000,2013-06-24,12000.0,0.0,0.0,1.0,12000.0,12000.0,12000.0,13000.0
Kerala,Malappuram,Thirurrangadi,Other,Beverages,0.6,12000,12000,12000,2013-06-25,12000.0,0.0,0.0,1.0,12000.0,12000.0,11000.0,12000.0
Kerala,Malappuram,Thirurrangadi,Other,Beverages,0.6,12000,12000,12000,2013-06-26,12000.0,0.0,0.0,1.0,12000.0,12000.0,10000.0,12000.0
Kerala,Malappuram,Thirurrangadi,Other,Beverages,0.6,12000,12000,12000,2013-06-27,12000.0,0.0,0.0,1.0,12000.0,12000.0,11000.0,12000.0
Kerala,Malappuram,Thirurrangadi,Other,Beverages,0.7,12000,12000,12000,2013-06-28,13000.0,0.0833333333333333,0.0800427076735363,3.0,12000.0,12000.0,12000.0,13000.0
Kerala,Malappuram,Thirurrangadi,Other,Beverages,0.2,13000,13000,13000,2013-07-01,12000.0,-0.0769230769230769,-0.0800427076735363,1.0,12000.0,12000.0,12000.0,12000.0
Kerala,Malappuram,Thirurrangadi,Other,Beverages,0.2,12000,12000,12000,2013-07-02,13000.0,0.0833333333333333,0.0800427076735363,1.0,13000.0,12000.0,12000.0,13000.0
Kerala,Malappuram,Thirurrangadi,Other,Beverages,0.3,13000,13000,13000,2013-07-03,12000.0,-0.0769230769230769,-0.0800427076735363,1.0,12000.0,12000.0,12000.0,12000.0
Kerala,Malappuram,Thirurrangadi,Other,Beverages,0.3,12000,12000,12000,2013-07-04,12000.0,0.0,0.0,1.0,13000.0,12000.0,12000.0,12000.0
Kerala,Malappuram,Thirurrangadi,Other,Beverages,0.2,12000,12000,12000,2013-07-05,13000.0,0.0833333333333333,0.0800427076735363,1.0,12000.0,12000.0,12000.0,12000.0
Kerala,Malappuram,Thirurrangadi,Other,Beverages,0.3,13000,13000,13000,2013-07-06,13000.0,0.0,0.0,3.0,12000.0,12000.0,12000.0,12000.0
Kerala,Malappuram,Thirurrangadi,Other,Beverages,0.2,13000,13000,13000,2013-07-09,12000.0,-0.0769230769230769,-0.0800427076735363,1.0,13000.0,12000.0,12000.0,15000.0
Kerala,Malappuram,Thirurrangadi,Other,Beverages,0.2,12000,12000,12000,2013-07-10,12000.0,0.0,0.0,1.0,13000.0,13000.0,12000.0,14000.0
Kerala,Malappuram,Thirurrangadi,Other,Beverages,0.2,12000,12000,12000,2013-07-11,13000.0,0.0833333333333333,0.0800427076735363,1.0,12000.0,12000.0,12000.0,12000.0
Kerala,Malappuram,Thirurrangadi,Other,Beverages,0.3,13000,13000,13000,2013-07-12,13000.0,0.0,0.0,1.0,12000.0,13000.0,12000.0,12000.0
Kerala,Malappuram,Thirurrangadi,Other,Beverages,0.3,13000,13000,13000,2013-07-13,12000.0,-0.0769230769230769,-0.0800427076735363,2.0,13000.0,12000.0,12000.0,12000.0
Kerala,Malappuram,Thirurrangadi,Other,Beverages,0.3,12000,12000,12000,2013-07-15,13000.0,0.0833333333333333,0.0800427076735363,1.0,13000.0,12000.0,12000.0,12000.0
Kerala,Malappuram,Thirurrangadi,Other,Beverages,0.3,13000,13000,13000,2013-07-16,13000.0,0.0,0.0,1.0,12000.0,13000.0,12000.0,11000.0
Kerala,Malappuram,Thirurrangadi,Other,Beverages,0.3,13000,13000,13000,2013-07-17,13000.0,0.0,0.0,1.0,13000.0,13000.0,12000.0,10000.0
Kerala,Malappuram,Thirurrangadi,Other,Beverages,0.3,13000,13000,13000,2013-07-18,13000.0,0.0,0.0,1.0,13000.0,12000.0,13000.0,11000.0
Kerala,Malappuram,Thirurrangadi,Other,Beverages,0.3,13000,13000,13000,2013-07-19,13000.0,0.0,0.0,1.0,13000.0,12000.0,12000.0,12000.0
Kerala,Malappuram,Thirurrangadi,Other,Beverages,0.3,13000,13000,13000,2013-07-20,13000.0,0.0,0.0,1.0,13000.0,13000.0,13000.0,12000.0
Kerala,Malappuram,Thirurrangadi,Other,Beverages,0.6,13000,13000,13000,2013-07-21,13000.0,0.0,0.0,1.0,13000.0,13000.0,12000.0,12000.0
Kerala,Malappuram,Thirurrangadi,Other,Beverages,0.3,13000,13000,13000,2013-07-22,13000.0,0.0,0.0,1.0,13000.0,12000.0,12000.0,12000.0
Kerala,Malappuram,Thirurrangadi,Other,Beverages,0.6,13000,13000,13000,2013-07-23,13000.0,0.0,0.0,1.0,13000.0,13000.0,13000.0,12000.0
Kerala,Malappuram,Thirurrangadi,Other,Beverages,0.6,13000,13000,13000,2013-07-24,13000.0,0.0,0.0,1.0,13000.0,13000.0,13000.0,12000.0
Kerala,Malappuram,Thirurrangadi,Other,Beverages,0.2,13000,13000,13000,2013-07-25,13000.0,0.0,0.0,1.0,13000.0,13000.0,12000.0,12000.0
Kerala,Malappuram,Thirurrangadi,Other,Beverages,0.5,13000,13000,13000,2013-07-26,12000.0,-0.0769230769230769,-0.0800427076735363,1.0,13000.0,13000.0,12000.0,12000.0
Kerala,Malappuram,Thirurrangadi,Other,Beverages,0.2,12000,12000,12000,2013-07-27,12000.0,0.0,0.0,2.0,13000.0,13000.0,13000.0,12000.0
Kerala,Malappuram,Thirurrangadi,Other,Beverages,0.2,12000,12000,12000,2013-07-29,12000.0,0.0,0.0,1.0,12000.0,13000.0,13000.0,12000.0
Kerala,Malappuram,Thirurrangadi,Other,Beverages,0.3,12000,12000,12000,2013-07-30,12000.0,0.0,0.0,1.0,12000.0,13000.0,12000.0,12000.0
Kerala,Malappuram,Thirurrangadi,Other,Beverages,0.2,12000,12000,12000,2013-07-31,12000.0,0.0,0.0,1.0,12000.0,13000.0,13000.0,12000.0
Kerala,Malappuram,Thirurrangadi,Other,Beverages,0.2,12000,12000,12000,2013-08-01,13000.0,0.0833333333333333,0.0800427076735363,1.0,12000.0,13000.0,13000.0,12000.0
Kerala,Malappuram,Thirurrangadi,Other,Beverages,0.3,13000,13000,13000,2013-08-02,12000.0,-0.0769230769230769,-0.0800427076735363,1.0,12000.0,13000.0,13000.0,12000.0
Kerala,Malappuram,Thirurrangadi,Other,Beverages,0.3,12000,12000,12000,2013-08-03,13000.0,0.0833333333333333,0.0800427076735363,3.0,13000.0,13000.0,13000.0,12000.0
Kerala,Malappuram,Thirurrangadi,Other,Beverages,0.3,13000,13000,13000,2013-08-06,13000.0,0.0,0.0,1.0,12000.0,12000.0,13000.0,13000.0
Kerala,Malappuram,Thirurrangadi,Other,Beverages,0.2,13000,13000,13000,2013-08-07,13000.0,0.0,0.0,1.0,13000.0,12000.0,13000.0,12000.0
Kerala,Malappuram,Thirurrangadi,Other,Beverages,0.2,13000,13000,13000,2013-08-08,11000.0,-0.1538461538461538,-0.1670540846631662,1.0,13000.0,12000.0,13000.0,13000.0
Kerala,Malappuram,Thirurrangadi,Other,Beverages,0.2,11000,11000,11000,2013-08-09,13000.0,0.1818181818181818,0.1670540846631662,1.0,13000.0,12000.0,13000.0,12000.0
Kerala,Malappuram,Thirurrangadi,Other,Beverages,0.5,13000,13000,13000,2013-08-10,13000.0,0.0,0.0,3.0,11000.0,12000.0,13000.0,12000.0
Kerala,Malappuram,Thirurrangadi,Other,Beverages,0.2,13000,13000,13000,2013-08-13,13000.0,0.0,0.0,1.0,13000.0,13000.0,13000.0,13000.0
Kerala,Malappuram,Thirurrangadi,Other,Beverages,0.2,13000,13000,13000,2013-08-14,12000.0,-0.0769230769230769,-0.0800427076735363,1.0,13000.0,12000.0,13000.0,13000.0
Kerala,Malappuram,Thirurrangadi,Other,Beverages,0.6,12000,12000,12000,2013-08-15,13000.0,0.0833333333333333,0.0800427076735363,1.0,13000.0,13000.0,12000.0,12000.0
Kerala,Malappuram,Thirurrangadi,Other,Beverages,0.2,13000,13000,13000,2013-08-16,13000.0,0.0,0.0,1.0,12000.0,13000.0,12000.0,12000.0
Kerala,Malappuram,Thirurrangadi,Other,Beverages,0.3,13000,13000,13000,2013-08-17,12000.0,-0.0769230769230769,-0.0800427076735363,2.0,13000.0,13000.0,12000.0,13000.0
Kerala,Malappuram,Thirurrangadi,Other,Beverages,0.2,12000,12000,12000,2013-08-19,12000.0,0.0,0.0,1.0,13000.0,11000.0,12000.0,13000.0
Kerala,Malappuram,Thirurrangadi,Other,Beverages,0.5,12000,12000,12000,2013-08-20,13000.0,0.0833333333333333,0.0800427076735363,1.0,12000.0,13000.0,12000.0,12000.0
Kerala,Malappuram,Thirurrangadi,Other,Beverages,0.5,13000,13000,13000,2013-08-21,13000.0,0.0,0.0,1.0,12000.0,13000.0,13000.0,13000.0
Kerala,Malappuram,Thirurrangadi,Other,Beverages,0.4,13000,13000,13000,2013-08-22,13000.0,0.0,0.0,1.0,13000.0,13000.0,12000.0,13000.0
Kerala,Malappuram,Thirurrangadi,Other,Beverages,0.2,13000,13000,13000,2013-08-23,13000.0,0.0,0.0,1.0,13000.0,12000.0,13000.0,13000.0
Kerala,Malappuram,Thirurrangadi,Other,Beverages,0.5,13000,13000,13000,2013-08-24,13000.0,0.0,0.0,2.0,13000.0,13000.0,13000.0,13000.0
Kerala,Malappuram,Thirurrangadi,Other,Beverages,0.2,13000,13000,13000,2013-08-26,13000.0,0.0,0.0,1.0,13000.0,13000.0,13000.0,13000.0
Kerala,Malappuram,Thirurrangadi,Other,Beverages,0.6,13000,13000,13000,2013-08-27,13000.0,0.0,0.0,1.0,13000.0,12000.0,11000.0,13000.0
Kerala,Malappuram,Thirurrangadi,Other,Beverages,0.5,13000,13000,13000,2013-08-28,13000.0,0.0,0.0,1.0,13000.0,12000.0,13000.0,13000.0
Kerala,Malappuram,Thirurrangadi,Other,Beverages,0.5,13000,13000,13000,2013-08-29,11000.0,-0.1538461538461538,-0.1670540846631662,1.0,13000.0,13000.0,13000.0,13000.0
Kerala,Malappuram,Thirurrangadi,Other,Beverages,0.6,11000,11000,11000,2013-08-30,12000.0,0.0909090909090909,0.0870113769896296,1.0,13000.0,13000.0,13000.0,13000.0
Kerala,Malappuram,Thirurrangadi,Other,Beverages,0.6,12000,12000,12000,2013-08-31,13000.0,0.0833333333333333,0.0800427076735363,2.0,11000.0,13000.0,12000.0,13000.0
Kerala,Malappuram,Thirurrangadi,Other,Beverages,0.2,13000,13000,13000,2013-09-02,11000.0,-0.1538461538461538,-0.1670540846631662,3.0,12000.0,13000.0,13000.0,13000.0
Kerala,Malappuram,Thirurrangadi,Other,Beverages,0.6,11000,11000,11000,2013-09-05,13000.0,0.1818181818181818,0.1670540846631662,1.0,13000.0,13000.0,13000.0,12000.0
Kerala,Malappuram,Thirurrangadi,Other,Beverages,0.2,13000,13000,13000,2013-09-06,11000.0,-0.1538461538461538,-0.1670540846631662,1.0,11000.0,13000.0,12000.0,12000.0
Kerala,Malappuram,Thirurrangadi,Other,Beverages,0.2,11000,11000,11000,2013-09-07,13000.0,0.1818181818181818,0.1670540846631662,2.0,13000.0,13000.0,12000.0,12000.0
Kerala,Malappuram,Thirurrangadi,Other,Beverages,0.3,13000,13000,13000,2013-09-09,12000.0,-0.0769230769230769,-0.0800427076735363,1.0,11000.0,13000.0,13000.0,12000.0
Kerala,Malappuram,Thirurrangadi,Other,Beverages,0.3,12000,12000,12000,2013-09-10,12000.0,0.0,0.0,1.0,13000.0,11000.0,13000.0,12000.0
Kerala,Malappuram,Thirurrangadi,Other,Beverages,0.3,12000,12000,12000,2013-09-11,12000.0,0.0,0.0,1.0,12000.0,12000.0,13000.0,13000.0
Kerala,Malappuram,Thirurrangadi,Other,Beverages,0.5,12000,12000,12000,2013-09-12,13000.0,0.0833333333333333,0.0800427076735363,1.0,12000.0,13000.0,13000.0,12000.0
Kerala,Malappuram,Thirurrangadi,Other,Beverages,0.3,13000,13000,13000,2013-09-13,11000.0,-0.1538461538461538,-0.1670540846631662,1.0,12000.0,11000.0,13000.0,13000.0
Kerala,Malappuram,Thirurrangadi,Other,Beverages,0.1,11000,11000,11000,2013-09-14,13000.0,0.1818181818181818,0.1670540846631662,3.0,13000.0,13000.0,13000.0,13000.0
Kerala,Malappuram,Thirurrangadi,Other,Beverages,0.3,13000,13000,13000,2013-09-17,13000.0,0.0,0.0,1.0,11000.0,11000.0,13000.0,13000.0
Kerala,Malappuram,Thirurrangadi,Other,Beverages,0.3,13000,13000,13000,2013-09-18,11000.0,-0.1538461538461538,-0.1670540846631662,1.0,13000.0,13000.0,13000.0,11000.0
Kerala,Malappuram,Thirurrangadi,Other,Beverages,0.1,11000,11000,11000,2013-09-19,11000.0,0.0,0.0,1.0,13000.0,12000.0,11000.0,13000.0
Kerala,Malappuram,Thirurrangadi,Other,Beverages,0.5,10000,11000,11000,2013-09-20,11000.0,0.0,0.0,1.0,11000.0,12000.0,12000.0,13000.0
Kerala,Malappuram,Thirurrangadi,Other,Beverages,0.3,11000,11000,11000,2013-09-21,11000.0,0.0,0.0,2.0,11000.0,12000.0,13000.0,13000.0
Kerala,Malappuram,Thirurrangadi,Other,Beverages,0.3,11000,11000,11000,2013-09-23,11000.0,0.0,0.0,1.0,11000.0,13000.0,11000.0,12000.0
Kerala,Malappuram,Thirurrangadi,Other,Beverages,0.5,11000,11000,11000,2013-09-24,12000.0,0.0909090909090909,0.0870113769896296,1.0,11000.0,11000.0,13000.0,13000.0
Kerala,Malappuram,Thirurrangadi,Other,Beverages,0.1,12000,12000,12000,2013-09-25,12000.0,0.0,0.0,1.0,11000.0,13000.0,11000.0,13000.0
Kerala,Malappuram,Thirurrangadi,Other,Beverages,0.3,12000,12000,12000,2013-09-26,12000.0,0.0,0.0,1.0,12000.0,13000.0,13000.0,12000.0
Kerala,Malappuram,Thirurrangadi,Other,Beverages,0.3,12000,12000,12000,2013-09-27,11000.0,-0.0833333333333333,-0.0870113769896298,1.0,12000.0,11000.0,12000.0,12000.0
Kerala,Malappuram,Thirurrangadi,Other,Beverages,0.1,11000,11000,11000,2013-09-28,12000.0,0.0909090909090909,0.0870113769896296,2.0,12000.0,11000.0,12000.0,13000.0
Kerala,Malappuram,Thirurrangadi,Other,Beverages,0.3,12000,12000,12000,2013-09-30,11000.0,-0.0833333333333333,-0.0870113769896298,1.0,11000.0,11000.0,12000.0,13000.0
Kerala,Malappuram,Thirurrangadi,Other,Beverages,0.3,11000,11000,11000,2013-10-01,13000.0,0.1818181818181818,0.1670540846631662,2.0,12000.0,11000.0,13000.0,13000.0
Kerala,Malappuram,Thirurrangadi,Other,Beverages,0.3,13000,13000,13000,2013-10-03,13000.0,0.0,0.0,1.0,11000.0,11000.0,11000.0,13000.0
Kerala,Malappuram,Thirurrangadi,Other,Beverages,0.3,13000,13000,13000,2013-10-04,13000.0,0.0,0.0,1.0,13000.0,12000.0,13000.0,13000.0
Kerala,Malappuram,Thirurrangadi,Other,Beverages,0.2,13000,13000,13000,2013-10-05,12000.0,-0.0769230769230769,-0.0800427076735363,2.0,13000.0,12000.0,13000.0,13000.0
Kerala,Malappuram,Thirurrangadi,Other,Beverages,0.2,12000,12000,12000,2013-10-07,12000.0,0.0,0.0,1.0,13000.0,12000.0,11000.0,13000.0
Kerala,Malappuram,Thirurrangadi,Other,Beverages,0.3,12000,12000,12000,2013-10-08,12000.0,0.0,0.0,1.0,12000.0,11000.0,11000.0,13000.0
Kerala,Malappuram,Thirurrangadi,Other,Beverages,0.3,12000,13000,12000,2013-10-09,13000.0,0.0833333333333333,0.0800427076735363,1.0,12000.0,12000.0,11000.0,11000.0
Kerala,Malappuram,Thirurrangadi,Other,Beverages,0.3,13000,13000,13000,2013-10-10,13000.0,0.0,0.0,1.0,12000.0,11000.0,11000.0,12000.0
Kerala,Malappuram,Thirurrangadi,Other,Beverages,0.3,13000,13000,13000,2013-10-11,13000.0,0.0,0.0,1.0,13000.0,13000.0,11000.0,13000.0
Kerala,Malappuram,Thirurrangadi,Other,Beverages,0.3,13000,13000,13000,2013-10-12,13000.0,0.0,0.0,3.0,13000.0,13000.0,12000.0,11000.0
Kerala,Malappuram,Thirurrangadi,Other,Beverages,0.3,13000,13000,13000,2013-10-15,13000.0,0.0,0.0,2.0,13000.0,13000.0,12000.0,13000.0
Kerala,Malappuram,Thirurrangadi,Other,Beverages,0.3,13000,13000,13000,2013-10-17,13000.0,0.0,0.0,1.0,13000.0,12000.0,12000.0,11000.0
Kerala,Malappuram,Thirurrangadi,Other,Beverages,0.6,13000,13000,13000,2013-10-18,12000.0,-0.0769230769230769,-0.0800427076735363,3.0,13000.0,12000.0,11000.0,13000.0
Kerala,Malappuram,Thirurrangadi,Other,Beverages,0.1,12000,12000,12000,2013-10-21,12000.0,0.0,0.0,1.0,13000.0,12000.0,12000.0,12000.0
Kerala,Malappuram,Thirurrangadi,Other,Beverages,0.2,12000,12000,12000,2013-10-22,12000.0,0.0,0.0,1.0,12000.0,13000.0,11000.0,12000.0
Kerala,Malappuram,Thirurrangadi,Other,Beverages,0.2,13000,15000,14000,2014-01-06,14000.0,0.0,0.0,1.0,12000.0,13000.0,13000.0,12000.0
Kerala,Malappuram,Thirurrangadi,Other,Beverages,0.3,14000,14000,14000,2014-01-07,14000.0,0.0,0.0,1.0,14000.0,13000.0,13000.0,13000.0
Kerala,Malappuram,Thirurrangadi,Other,Beverages,0.2,14000,15000,14000,2014-01-08,15000.0,0.0714285714285714,0.0689928714869514,1.0,14000.0,13000.0,13000.0,11000.0
Kerala,Malappuram,Thirurrangadi,Other,Beverages,0.3,15000,15500,15000,2014-01-09,15000.0,0.0,0.0,1.0,14000.0,13000.0,12000.0,13000.0
Kerala,Malappuram,Thirurrangadi,Other,Beverages,0.2,15000,15000,15000,2014-01-10,15000.0,0.0,0.0,1.0,15000.0,13000.0,12000.0,13000.0
Kerala,Malappuram,Thirurrangadi,Other,Beverages,0.2,15000,15000,15000,2014-01-11,15000.0,0.0,0.0,2.0,15000.0,12000.0,12000.0,11000.0
Kerala,Malappuram,Thirurrangadi,Other,Beverages,0.3,15000,15000,15000,2014-01-13,15000.0,0.0,0.0,1.0,15000.0,12000.0,13000.0,11000.0
Kerala,Malappuram,Thirurrangadi,Other,Beverages,0.2,15000,15000,15000,2014-01-14,15000.0,0.0,0.0,1.0,15000.0,14000.0,13000.0,11000.0
Kerala,Malappuram,Thirurrangadi,Other,Beverages,0.2,15000,15000,15000,2014-01-15,15000.0,0.0,0.0,1.0,15000.0,14000.0,13000.0,11000.0
Kerala,Malappuram,Thirurrangadi,Other,Beverages,0.2,15000,15000,15000,2014-01-16,15000.0,0.0,0.0,1.0,15000.0,14000.0,13000.0,11000.0
Kerala,Malappuram,Thirurrangadi,Other,Beverages,0.3,15000,15000,15000,2014-01-17,15000.0,0.0,0.0,1.0,15000.0,15000.0,13000.0,12000.0
Kerala,Malappuram,Thirurrangadi,Other,Beverages,0.2,15000,15000,15000,2014-01-18,15000.0,0.0,0.0,2.0,15000.0,15000.0,13000.0,12000.0
Kerala,Malappuram,Thirurrangadi,Other,Beverages,0.2,15000,15000,15000,2014-01-20,15000.0,0.0,0.0,1.0,15000.0,15000.0,12000.0,12000.0
Kerala,Malappuram,Thirurrangadi,Other,Beverages,0.3,15000,15000,15000,2014-01-21,15000.0,0.0,0.0,1.0,15000.0,15000.0,12000.0,11000.0
Kerala,Malappuram,Thirurrangadi,Other,Beverages,0.3,15000,16000,15000,2014-01-22,15000.0,0.0,0.0,1.0,15000.0,15000.0,14000.0,12000.0
Kerala,Malappuram,Thirurrangadi,Other,Beverages,0.2,15000,15500,15000,2014-01-23,16000.0,0.0666666666666666,0.0645385211375711,1.0,15000.0,15000.0,14000.0,11000.0
Kerala,Malappuram,Thirurrangadi,Other,Beverages,0.3,16000,16500,16000,2014-01-24,15000.0,-0.0625,-0.0645385211375711,1.0,15000.0,15000.0,14000.0,13000.0
Kerala,Malappuram,Thirurrangadi,Other,Beverages,0.2,15000,15000,15000,2014-01-25,14000.0,-0.0666666666666666,-0.0689928714869514,7.0,16000.0,15000.0,15000.0,13000.0
Kerala,Malappuram,Thirurrangadi,Other,Beverages,0.3,14000,14000,14000,2014-02-01,13000.0,-0.0714285714285714,-0.0741079721537218,2.0,15000.0,15000.0,15000.0,13000.0
Kerala,Malappuram,Thirurrangadi,Other,Beverages,0.2,13000,13000,13000,2014-02-03,14000.0,0.0769230769230769,0.0741079721537218,1.0,14000.0,15000.0,15000.0,12000.0
Kerala,Malappuram,Thirurrangadi,Other,Beverages,0.3,14000,14000,14000,2014-02-04,14000.0,0.0,0.0,1.0,13000.0,15000.0,15000.0,12000.0
Kerala,Malappuram,Thirurrangadi,Other,Beverages,0.3,14000,14000,14000,2014-02-05,14000.0,0.0,0.0,1.0,14000.0,15000.0,15000.0,12000.0
Kerala,Malappuram,Thirurrangadi,Other,Beverages,0.3,14000,14000,14000,2014-02-06,12000.0,-0.1428571428571428,-0.1541506798272583,1.0,14000.0,15000.0,15000.0,13000.0
Kerala,Malappuram,Thirurrangadi,Other,Beverages,0.3,12000,12000,12000,2014-02-07,12000.0,0.0,0.0,1.0,14000.0,16000.0,15000.0,13000.0
Kerala,Malappuram,Thirurrangadi,Other,Beverages,0.2,12000,12000,12000,2014-02-08,13000.0,0.0833333333333333,0.0800427076735363,2.0,12000.0,15000.0,15000.0,13000.0
Kerala,Malappuram,Thirurrangadi,Other,Beverages,0.2,13000,13000,13000,2014-02-10,14000.0,0.0769230769230769,0.0741079721537218,1.0,12000.0,14000.0,15000.0,13000.0
Kerala,Malappuram,Thirurrangadi,Other,Beverages,0.2,14000,14000,14000,2014-02-11,13000.0,-0.0714285714285714,-0.0741079721537218,1.0,13000.0,13000.0,15000.0,13000.0
Kerala,Malappuram,Thirurrangadi,Other,Beverages,0.3,13000,13000,13000,2014-02-12,13000.0,0.0,0.0,1.0,14000.0,14000.0,15000.0,13000.0
Kerala,Malappuram,Thirurrangadi,Other,Beverages,0.2,13000,13000,13000,2014-02-13,13000.0,0.0,0.0,1.0,13000.0,14000.0,15000.0,12000.0
Kerala,Malappuram,Thirurrangadi,Other,Beverages,0.3,13000,13000,13000,2014-02-14,12000.0,-0.0769230769230769,-0.0800427076735363,1.0,13000.0,14000.0,15000.0,12000.0
Kerala,Malappuram,Thirurrangadi,Other,Beverages,0.3,12000,12000,12000,2014-02-15,13000.0,0.0833333333333333,0.0800427076735363,2.0,13000.0,12000.0,16000.0,14000.0
Kerala,Malappuram,Thirurrangadi,Other,Beverages,0.3,13000,13000,13000,2014-02-17,14000.0,0.0769230769230769,0.0741079721537218,1.0,12000.0,12000.0,15000.0,14000.0
Kerala,Malappuram,Thirurrangadi,Other,Beverages,0.3,13000,15000,14000,2014-02-18,12000.0,-0.1428571428571428,-0.1541506798272583,1.0,13000.0,13000.0,14000.0,14000.0
Kerala,Malappuram,Thirurrangadi,Other,Beverages,0.3,12000,12000,12000,2014-02-19,12000.0,0.0,0.0,1.0,14000.0,14000.0,13000.0,15000.0
Kerala,Malappuram,Thirurrangadi,Other,Beverages,0.3,12000,12000,12000,2014-02-20,11000.0,-0.0833333333333333,-0.0870113769896298,1.0,12000.0,13000.0,14000.0,15000.0
Kerala,Malappuram,Thirurrangadi,Other,Beverages,0.1,11000,11000,11000,2014-02-21,11000.0,0.0,0.0,1.0,12000.0,13000.0,14000.0,15000.0
Kerala,Malappuram,Thirurrangadi,Other,Beverages,0.1,11000,11000,11000,2014-02-22,13000.0,0.1818181818181818,0.1670540846631662,2.0,11000.0,13000.0,14000.0,15000.0
Kerala,Malappuram,Thirurrangadi,Other,Beverages,0.3,13000,14000,13000,2014-02-24,12000.0,-0.0769230769230769,-0.0800427076735363,1.0,11000.0,12000.0,12000.0,15000.0
Kerala,Malappuram,Thirurrangadi,Other,Beverages,0.1,12000,12000,12000,2014-02-25,12700.0,0.0583333333333333,0.0566953436765452,2.0,13000.0,13000.0,12000.0,15000.0
Kerala,Malappuram,Thirurrangadi,Other,Beverages,0.3,12000,13000,12500,2014-06-09,14000.0,0.12,0.1133286853070032,1.0,12000.0,14000.0,13000.0,15000.0
Kerala,Malappuram,Thirurrangadi,Other,Beverages,0.2,14000,14000,14000,2014-06-10,13000.0,-0.0714285714285714,-0.0741079721537218,1.0,12500.0,12000.0,14000.0,15000.0
Kerala,Malappuram,Thirurrangadi,Other,Beverages,0.2,13000,13000,13000,2014-06-11,13000.0,0.0,0.0,1.0,14000.0,12000.0,13000.0,15000.0
Kerala,Malappuram,Thirurrangadi,Other,Beverages,0.3,13000,13000,13000,2014-06-12,13500.0,0.0384615384615384,0.0377403279828471,1.0,13000.0,11000.0,13000.0,15000.0
Kerala,Malappuram,Thirurrangadi,Other,Beverages,0.2,13000,14000,13500,2014-06-13,12250.0,-0.0925925925925925,-0.0971637484536477,1.0,13000.0,11000.0,13000.0,15000.0
Kerala,Malappuram,Thirurrangadi,Other,Beverages,0.2,12000,13500,12250,2014-06-14,12000.0,-0.0204081632653061,-0.0206192872027357,2.0,13500.0,13000.0,12000.0,15000.0
Kerala,Malappuram,Thirurrangadi,Other,Beverages,0.2,12000,13000,12000,2014-06-16,15000.0,0.25,0.2231435513142097,1.0,12250.0,12000.0,13000.0,15000.0
Kerala,Malappuram,Thirurrangadi,Other,Beverages,0.2,15000,15000,15000,2014-06-17,14000.0,-0.0666666666666666,-0.0689928714869514,1.0,12000.0,12500.0,14000.0,16000.0
Kerala,Malappuram,Thirurrangadi,Other,Beverages,0.2,14000,14000,14000,2014-06-18,14200.0,0.0142857142857142,0.0141846349919563,1.0,15000.0,14000.0,12000.0,15000.0
Kerala,Malappuram,Thirurrangadi,Other,Beverages,0.3,14000,14500,14200,2014-06-19,14500.0,0.0211267605633802,0.0209066848193136,1.0,14000.0,13000.0,12000.0,14000.0
Kerala,Malappuram,Thirurrangadi,Other,Beverages,0.2,14000,15000,14500,2014-06-20,14000.0,-0.0344827586206896,-0.03509131981127,1.0,14200.0,13000.0,11000.0,13000.0
Kerala,Malappuram,Thirurrangadi,Other,Beverages,0.3,14000,14000,14000,2014-06-21,13200.0,-0.0571428571428571,-0.0588405000229334,2.0,14500.0,13500.0,11000.0,14000.0
Kerala,Malappuram,Thirurrangadi,Other,Beverages,0.2,13000,13500,13200,2014-06-23,14000.0,0.0606060606060606,0.0588405000229333,1.0,14000.0,12250.0,13000.0,14000.0
Kerala,Malappuram,Thirurrangadi,Other,Beverages,0.2,13500,14000,14000,2014-06-24,13500.0,-0.0357142857142857,-0.0363676441708748,1.0,13200.0,12000.0,12000.0,14000.0
Kerala,Malappuram,Thirurrangadi,Other,Beverages,0.3,13000,14000,13500,2014-06-25,15000.0,0.1111111111111111,0.1053605156578263,1.0,14000.0,15000.0,12500.0,12000.0
Kerala,Malappuram,Thirurrangadi,Other,Beverages,0.3,15000,15000,15000,2014-06-26,15000.0,0.0,0.0,1.0,13500.0,14000.0,14000.0,12000.0
Kerala,Malappuram,Thirurrangadi,Other,Beverages,0.3,15000,15000,15000,2014-06-27,15000.0,0.0,0.0,1.0,15000.0,14200.0,13000.0,13000.0
Kerala,Malappuram,Thirurrangadi,Other,Beverages,0.2,15000,15000,15000,2014-06-28,15000.0,0.0,0.0,2.0,15000.0,14500.0,13000.0,14000.0
Kerala,Malappuram,Thirurrangadi,Other,Beverages,0.2,15000,15000,15000,2014-06-30,14500.0,-0.0333333333333333,-0.0339015516756813,1.0,15000.0,14000.0,13500.0,13000.0
Kerala,Malappuram,Thirurrangadi,Other,Beverages,0.2,14000,15000,14500,2014-07-01,16500.0,0.1379310344827586,0.1292117314800062,1.0,15000.0,13200.0,12250.0,13000.0
Kerala,Malappuram,Thirurrangadi,Other,Beverages,0.3,16000,17000,16500,2014-07-02,16000.0,-0.0303030303030303,-0.0307716586667536,1.0,14500.0,14000.0,12000.0,13000.0
Kerala,Malappuram,Thirurrangadi,Other,Beverages,0.3,15000,17000,16000,2014-07-03,15000.0,-0.0625,-0.0645385211375711,2.0,16500.0,13500.0,15000.0,12000.0
Kerala,Idukki,Vandiperiyar,Other,Beverages,4.0,17900,18000,17900,2014-01-16,18450.0,0.0307262569832402,0.0302636576398269,4.0,,,,
Kerala,Idukki,Vandiperiyar,Other,Beverages,1.0,18450,18500,18450,2014-01-20,20000.0,0.084010840108401,0.0806679030674547,3.0,17900.0,,,
Kerala,Idukki,Vandiperiyar,Other,Beverages,2.0,18950,19000,19000,2014-02-10,20000.0,0.0526315789473684,0.0512932943875504,2.0,18450.0,,,
Kerala,Idukki,Vandiperiyar,Other,Beverages,5.0,19950,20000,20000,2014-02-12,21000.0,0.05,0.048790164169432,5.0,19000.0,,,
Kerala,Idukki,Vandiperiyar,Other,Beverages,2.5,20950,21000,21000,2014-02-17,20900.0,-0.0047619047619047,-0.0047732787526576,2.0,20000.0,,,
Kerala,Idukki,Vandiperiyar,Other,Beverages,5.0,20900,21000,20900,2014-02-19,22000.0,0.0526315789473684,0.0512932943875504,5.0,21000.0,,,
Kerala,Idukki,Vandiperiyar,Other,Beverages,1.0,21950,22000,22000,2014-02-24,22000.0,0.0,0.0,2.0,20900.0,,,
Kerala,Idukki,Vandiperiyar,Other,Beverages,4.0,21900,22000,22000,2014-02-26,22400.0,0.0181818181818181,0.0180185055026782,5.0,22000.0,17900.0,,
Kerala,Idukki,Vandiperiyar,Other,Beverages,4.0,22400,22500,22400,2014-03-03,21300.0,-0.0491071428571428,-0.0503538861456147,2.0,22000.0,18450.0,,
Kerala,Idukki,Vandiperiyar,Other,Beverages,8.0,21300,21400,21300,2014-03-05,21000.0,-0.0140845070422535,-0.0141846349919564,5.0,22400.0,19000.0,,
Kerala,Idukki,Vandiperiyar,Other,Beverages,5.5,20000,21800,21000,2014-03-10,20500.0,-0.0238095238095238,-0.0240975515790605,2.0,21300.0,20000.0,,
Kerala,Idukki,Vandiperiyar,Other,Beverages,2.0,20400,20600,20500,2014-03-12,20000.0,-0.024390243902439,-0.0246926125903715,5.0,21000.0,21000.0,,
Kerala,Idukki,Vandiperiyar,Other,Beverages,10.0,19800,20000,20000,2014-03-17,19950.0,-0.0025,-0.0025031302181184,2.0,20500.0,20900.0,,
Kerala,Idukki,Vandiperiyar,Other,Beverages,2.0,19900,20000,19950,2014-03-19,19950.0,0.0,0.0,5.0,20000.0,22000.0,,
Kerala,Idukki,Vandiperiyar,Other,Beverages,2.0,19950,20000,19950,2014-03-24,20300.0,0.0175438596491228,0.0173917427118692,2.0,19950.0,22000.0,17900.0,
Kerala,Idukki,Vandiperiyar,Other,Beverages,1.0,20000,20500,20300,2014-03-26,21000.0,0.0344827586206896,0.0339015516756814,5.0,19950.0,22400.0,18450.0,
Kerala,Idukki,Vandiperiyar,Other,Beverages,3.0,21000,21200,21100,2014-05-07,20900.0,-0.0094786729857819,-0.0095238815112554,7.0,20300.0,21300.0,19000.0,
Kerala,Idukki,Vandiperiyar,Other,Beverages,2.0,20800,21000,20900,2014-05-14,20900.0,0.0,0.0,5.0,21100.0,21000.0,20000.0,
Kerala,Idukki,Vandiperiyar,Other,Beverages,2.0,20800,21000,20900,2014-05-19,20000.0,-0.0430622009569378,-0.0440168854167743,2.0,20900.0,20500.0,21000.0,
Kerala,Idukki,Vandiperiyar,Other,Beverages,2.0,19000,21000,20000,2014-06-04,17000.0,-0.15,-0.1625189294977749,7.0,20900.0,20000.0,20900.0,
Kerala,Idukki,Vandiperiyar,Other,Beverages,2.0,17000,18000,17000,2014-06-11,21000.0,0.2352941176470588,0.2113090936672069,7.0,20000.0,19950.0,22000.0,
Kerala,Idukki,Vandiperiyar,Other,Beverages,2.0,21000,21000,21000,2014-07-09,20000.0,-0.0476190476190476,-0.048790164169432,5.0,17000.0,19950.0,22000.0,
Kerala,Idukki,Vandiperiyar,Other,Beverages,1.0,16000,20000,20000,2014-07-23,20000.0,0.0,0.0,7.0,21000.0,20300.0,22400.0,
