Reported Date,lag_1,lag_7,lag_14,lag_30,rolling_mean_7,rolling_mean_14,rolling_mean_30,rolling_std_7,rolling_std_14,year,day,month,day_of_week,week_of_year,arrival_lag_1,arrival_lag_7,arrival_rolling_mean_7,arrival_rolling_mean_14,arrival_pct_change,price_spread,volatility
2002-05-29,12000.0,12000.0,12000.0,10000.0,12285.714285714286,12142.857142857143,12066.666666666666,755.9289460184539,534.5224838248486,2002,29,5,2,22,0.01,3.0,1.2257142857142858,2.27,100.0,33.33333333333333,LOW
2002-05-31,12000.0,14000.0,12000.0,10000.0,12285.714285714286,12142.857142857143,12133.333333333334,755.9289460184539,534.5224838248486,2002,31,5,4,22,0.02,2.0,0.7999999999999999,2.0571428571428574,0.0,33.33333333333333,LOW
2002-06-01,12000.0,12000.0,12000.0,14000.0,12000.0,12142.857142857143,12200.0,0.0,534.5224838248486,2002,1,6,5,22,0.02,3.5,0.5171428571428571,1.8442857142857143,100.0,33.33333333333333,LOW
2002-06-03,12000.0,12000.0,12000.0,12000.0,12000.0,12142.857142857143,12133.333333333334,0.0,534.5224838248486,2002,3,6,0,23,0.04,0.02,0.022857142857142857,1.5614285714285714,-50.0,33.33333333333333,LOW
2002-06-04,12000.0,12000.0,12000.0,14000.0,12000.0,12142.857142857143,12133.333333333334,0.0,534.5224838248486,2002,4,6,1,23,0.02,0.03,0.022857142857142857,1.3985714285714288,49.999999999999986,33.33333333333333,HIGH
2002-06-05,12000.0,12000.0,12000.0,12000.0,12000.0,12142.857142857143,12066.666666666666,0.0,534.5224838248486,2002,5,6,2,23,0.03,0.02,0.022857142857142857,1.1507142857142856,0.0,33.33333333333333,HIGH
2002-06-06,12000.0,12000.0,12000.0,12000.0,12000.0,12142.857142857143,12066.666666666666,0.0,534.5224838248486,2002,6,6,3,23,0.03,0.01,0.024285714285714282,0.8885714285714286,-33.33333333333333,33.33333333333333,HIGH
2002-06-07,12000.0,12000.0,12000.0,12000.0,12000.0,12142.857142857143,12066.666666666666,0.0,534.5224838248486,2002,7,6,4,23,0.02,0.02,0.025714285714285717,0.6257142857142857,49.999999999999986,33.33333333333333,HIGH
2002-06-10,12000.0,12000.0,14000.0,12000.0,12000.0,12142.857142857143,12066.666666666666,0.0,534.5224838248486,2002,10,6,0,24,0.03,0.02,0.027142857142857142,0.4135714285714286,-33.33333333333333,41.66666666666667,MEDIUM
2002-06-11,12000.0,12000.0,12000.0,12000.0,12000.0,12000.0,12066.666666666666,0.0,0.0,2002,11,6,1,24,0.02,0.04,0.027142857142857142,0.27214285714285713,49.999999999999986,27.77777777777778,MEDIUM
2002-06-12,9000.0,12000.0,12000.0,12000.0,11571.42857142857,11785.714285714286,11966.666666666666,1133.8934190276811,801.7837257372731,2002,12,6,2,24,0.03,0.02,0.025714285714285714,0.02428571428571429,0.0,27.77777777777778,MEDIUM
2002-06-13,9000.0,12000.0,12000.0,12000.0,11142.857142857143,11571.42857142857,11866.666666666666,1463.8501094227995,1089.4095588038444,2002,13,6,3,24,0.03,0.03,0.027142857142857142,0.024999999999999998,-66.66666666666666,40.0,MEDIUM
2002-06-14,10000.0,12000.0,12000.0,12000.0,10857.142857142857,11428.57142857143,11800.0,1463.8501094227995,1157.8684470436792,2002,14,6,4,24,0.01,0.03,0.02428571428571429,0.023571428571428573,100.0,27.77777777777778,HIGH
2002-06-15,9000.0,12000.0,12000.0,12000.0,10428.57142857143,11214.285714285714,11700.0,1511.8578920369084,1311.4039117603015,2002,15,6,5,24,0.02,0.02,0.022857142857142857,0.023571428571428573,100.0,40.0,HIGH
2002-06-17,10000.0,12000.0,12000.0,12000.0,10142.857142857143,11071.42857142857,11633.333333333334,1345.185418269098,1328.057326976612,2002,17,6,0,25,0.04,0.03,0.025714285714285714,0.025714285714285714,-50.0,40.0,HIGH
2002-06-18,10000.0,12000.0,12000.0,12000.0,9857.142857142857,10928.57142857143,11566.666666666666,1069.0449676496967,1328.057326976612,2002,18,6,1,25,0.02,0.02,0.024285714285714282,0.025714285714285717,49.999999999999986,40.0,HIGH
2002-06-19,10000.0,9000.0,12000.0,12000.0,9571.42857142857,10785.714285714286,11500.0,534.522483824847,1311.4039117603015,2002,19,6,2,25,0.03,0.03,0.025714285714285714,0.02642857142857143,0.0,40.0,HIGH
2002-06-20,10000.0,9000.0,12000.0,12000.0,9714.285714285714,10642.857142857143,11433.333333333334,487.9500364742648,1277.4459408789605,2002,20,6,3,25,0.03,0.03,0.025714285714285714,0.025714285714285714,-33.33333333333333,41.66666666666667,HIGH
2002-06-21,12000.0,10000.0,12000.0,12000.0,10142.857142857143,10642.857142857143,11433.333333333334,899.735410842437,1277.4459408789605,2002,21,6,4,25,0.02,0.01,0.02428571428571429,0.025714285714285714,49.999999999999986,40.0,HIGH
2002-06-22,10000.0,9000.0,12000.0,12000.0,10142.857142857143,10500.0,11366.666666666666,899.735410842437,1224.7448713915894,2002,22,6,5,25,0.03,0.02,0.027142857142857142,0.025714285714285714,0.0,50.0,HIGH
2002-06-24,12000.0,10000.0,12000.0,12000.0,10571.42857142857,10500.0,11366.666666666666,975.9000729485334,1224.7448713915894,2002,24,6,0,26,0.03,0.04,0.028571428571428574,0.025714285714285714,-33.33333333333333,40.0,HIGH
2002-06-25,10000.0,10000.0,12000.0,12000.0,10571.42857142857,10357.142857142857,11300.0,975.9000729485334,1150.7283885330303,2002,25,6,1,26,0.02,0.02,0.025714285714285714,0.025714285714285714,49.999999999999986,40.0,LOW
2002-06-28,10000.0,10000.0,12000.0,12000.0,10571.42857142857,10214.285714285714,11233.333333333334,975.9000729485334,1050.9022810878303,2002,28,6,4,26,0.03,0.03,0.027142857142857142,0.025714285714285717,0.0,37.5,HIGH
2002-06-29,8000.0,10000.0,9000.0,12000.0,10285.714285714286,9928.57142857143,11100.0,1380.1311186847083,1071.6117059605351,2002,29,6,5,26,0.03,0.03,0.027142857142857142,0.02642857142857143,33.33333333333334,37.5,HIGH
2002-07-01,8000.0,12000.0,9000.0,14000.0,10000.0,9857.142857142857,10966.666666666666,1632.9931618554517,1167.3205911990767,2002,1,7,0,27,0.04,0.02,0.028571428571428574,0.027142857142857142,-25.000000000000007,37.5,HIGH
2002-07-02,8000.0,10000.0,10000.0,12000.0,9428.57142857143,9785.714285714286,10766.666666666666,1511.8578920369075,1251.3728724621071,2002,2,7,1,27,0.03,0.03,0.03,0.027142857142857142,33.33333333333334,31.25,HIGH
2002-07-03,8000.0,12000.0,9000.0,12000.0,9142.857142857143,9642.857142857143,10633.333333333334,1573.5915849388844,1336.3062095621212,2002,3,7,2,27,0.04,0.03,0.03142857142857143,0.029285714285714283,0.0,31.25,HIGH
2002-07-04,8000.0,10000.0,10000.0,12000.0,8571.42857142857,9571.42857142857,10500.0,975.9000729485277,1398.586413506135,2002,4,7,3,27,0.04,0.02,0.032857142857142856,0.030714285714285715,-25.000000000000007,50.0,HIGH
2002-07-05,10000.0,10000.0,10000.0,12000.0,8571.42857142857,9571.42857142857,10433.333333333334,975.9000729485277,1398.586413506135,2002,5,7,4,27,0.03,0.03,0.03428571428571429,0.03,33.33333333333334,50.0,HIGH
2002-07-06,10000.0,8000.0,10000.0,12000.0,8571.42857142857,9571.42857142857,10366.666666666666,975.9000729485277,1398.586413506135,2002,6,7,5,27,0.04,0.03,0.03571428571428571,0.03142857142857143,25.000000000000007,37.5,HIGH
2002-07-08,8000.0,8000.0,10000.0,12000.0,8571.42857142857,9428.57142857143,10233.333333333334,975.9000729485277,1452.5460784051245,2002,8,7,0,28,0.05,0.04,0.038571428571428576,0.032857142857142856,-60.0,40.0,MEDIUM
2002-07-09,10000.0,8000.0,12000.0,12000.0,8857.142857142857,9428.57142857143,10166.666666666666,1069.0449676496942,1452.5460784051245,2002,9,7,1,28,0.02,0.03,0.03571428571428571,0.03214285714285715,0.0,33.33333333333333,MEDIUM
2002-07-10,9000.0,8000.0,10000.0,12000.0,9000.0,9214.285714285714,10066.666666666666,999.9999999999974,1251.372872462105,2002,10,7,2,28,0.02,0.04,0.03428571428571429,0.03214285714285715,49.999999999999986,33.33333333333333,MEDIUM
2002-07-11,9000.0,8000.0,12000.0,12000.0,9142.857142857143,9142.857142857143,9966.666666666666,899.7354108424356,1231.455852429761,2002,11,7,3,28,0.03,0.04,0.032857142857142856,0.03214285714285715,-33.33333333333333,33.33333333333333,MEDIUM
2002-07-12,9000.0,10000.0,10000.0,12000.0,9285.714285714286,8928.57142857143,9866.666666666666,755.9289460184535,916.8747682531842,2002,12,7,4,28,0.02,0.03,0.030000000000000002,0.03142857142857143,0.0,37.5,MEDIUM
2002-07-15,8000.0,10000.0,10000.0,12000.0,9000.0,8785.714285714286,9733.333333333334,816.4965809277231,892.5823753039735,2002,15,7,0,29,0.02,0.04,0.02857142857142857,0.03142857142857143,49.999999999999986,44.44444444444444,MEDIUM
2002-07-16,9000.0,8000.0,8000.0,12000.0,8857.142857142857,8714.285714285714,9633.333333333334,690.0655593423494,825.4203058555483,2002,16,7,1,29,0.03,0.05,0.027142857142857142,0.03142857142857143,-33.33333333333333,37.5,MEDIUM
2002-07-18,8000.0,10000.0,8000.0,12000.0,8857.142857142857,8714.285714285714,9500.0,690.0655593423494,825.4203058555483,2002,18,7,3,29,0.02,0.02,0.022857142857142857,0.030714285714285715,0.0,37.5,HIGH
2002-07-19,8000.0,9000.0,8000.0,12000.0,8571.42857142857,8714.285714285714,9366.666666666666,534.5224838248392,825.4203058555483,2002,19,7,4,29,0.02,0.02,0.022857142857142857,0.029285714285714286,49.999999999999986,27.77777777777778,HIGH
2002-07-20,9000.0,9000.0,8000.0,9000.0,8571.42857142857,8785.714285714286,9266.666666666666,534.5224838248392,801.7837257372651,2002,20,7,5,29,0.03,0.03,0.02428571428571429,0.029285714285714286,33.33333333333334,31.25,HIGH
2002-07-22,8000.0,9000.0,8000.0,9000.0,8428.57142857143,8785.714285714286,9233.333333333334,534.5224838248378,801.7837257372652,2002,22,7,0,30,0.04,0.02,0.025714285714285717,0.029285714285714286,-50.0,37.5,HIGH
2002-07-23,8000.0,8000.0,10000.0,10000.0,8285.714285714286,8785.714285714286,9200.0,487.950036474253,801.7837257372652,2002,23,7,1,30,0.02,0.02,0.025714285714285714,0.027857142857142858,-50.0,37.5,MEDIUM
2002-07-24,8000.0,9000.0,10000.0,9000.0,8285.714285714286,8642.857142857143,9133.333333333334,487.950036474253,744.9463436684811,2002,24,7,2,30,0.01,0.03,0.02428571428571429,0.02642857142857143,0.0,45.0,MEDIUM
2002-07-25,10000.0,8000.0,8000.0,10000.0,8428.57142857143,8642.857142857143,9166.666666666666,786.7957924694357,744.9463436684811,2002,25,7,3,30,0.01,0.02,0.021428571428571432,0.024285714285714282,100.0,22.22222222222222,LOW
2002-07-26,9000.0,8000.0,10000.0,10000.0,8571.42857142857,8714.285714285714,9133.333333333334,786.7957924694368,726.2730392025529,2002,26,7,4,30,0.02,0.02,0.02142857142857143,0.02214285714285714,49.999999999999986,40.0,MEDIUM
2002-07-27,10000.0,9000.0,9000.0,10000.0,8857.142857142857,8714.285714285714,9133.333333333334,899.7354108424338,726.2730392025529,2002,27,7,5,30,0.03,0.03,0.022857142857142857,0.022857142857142854,33.33333333333334,40.0,MEDIUM
2002-07-29,10000.0,8000.0,9000.0,10000.0,9000.0,8785.714285714286,9133.333333333334,999.9999999999977,801.7837257372652,2002,29,7,0,31,0.04,0.04,0.024285714285714282,0.02428571428571429,-50.0,40.0,MEDIUM
2002-07-30,10000.0,8000.0,9000.0,12000.0,9285.714285714286,8857.142857142857,9133.333333333334,951.1897312113413,864.4378215075599,2002,30,7,1,31,0.02,0.02,0.02142857142857143,0.02357142857142857,49.999999999999986,40.0,MEDIUM
2002-07-31,10000.0,8000.0,8000.0,10000.0,9571.42857142857,8928.57142857143,9066.666666666666,786.7957924694445,916.8747682531845,2002,31,7,2,31,0.03,0.01,0.022857142857142857,0.02428571428571429,-33.33333333333333,40.0,MEDIUM
2002-08-01,10000.0,10000.0,9000.0,12000.0,9857.142857142857,9071.42857142857,9066.666666666666,377.96447300923364,916.8747682531858,2002,1,8,3,31,0.02,0.01,0.024285714285714282,0.02428571428571429,49.999999999999986,44.44444444444444,LOW
2002-08-02,9000.0,9000.0,8000.0,10000.0,9714.285714285714,9071.42857142857,8966.666666666666,487.95003647427006,916.8747682531858,2002,2,8,4,31,0.03,0.02,0.02714285714285714,0.024285714285714282,33.33333333333334,40.0,LOW
2002-08-05,10000.0,10000.0,8000.0,10000.0,9857.142857142857,9214.285714285714,8966.666666666666,377.9644730092336,892.5823753039781,2002,5,8,0,32,0.04,0.03,0.03,0.025714285714285714,-25.000000000000007,40.0,HIGH
2002-08-07,10000.0,10000.0,9000.0,8000.0,9857.142857142857,9357.142857142857,8966.666666666666,377.9644730092336,841.8973861410939,2002,7,8,2,32,0.03,0.04,0.03,0.02642857142857143,-33.33333333333333,40.0,HIGH
2002-08-08,10000.0,10000.0,8000.0,8000.0,9857.142857142857,9428.57142857143,9033.333333333334,377.9644730092336,851.6306272526393,2002,8,8,3,32,0.02,0.02,0.02714285714285714,0.025714285714285714,-50.0,40.0,HIGH
2002-08-09,10000.0,10000.0,8000.0,8000.0,9857.142857142857,9571.42857142857,9100.0,377.9644730092336,755.9289460184552,2002,9,8,4,32,0.01,0.03,0.025714285714285714,0.023571428571428573,199.99999999999994,40.0,HIGH
2002-08-12,10000.0,10000.0,8000.0,8000.0,9857.142857142857,9714.285714285714,9166.666666666666,377.9644730092336,611.2498455021295,2002,12,8,0,33,0.03,0.02,0.025714285714285714,0.024285714285714282,-33.33333333333333,40.0,HIGH
2002-08-13,10000.0,9000.0,10000.0,8000.0,9857.142857142857,9857.142857142857,9233.333333333334,377.9644730092336,363.1365196012895,2002,13,8,1,33,0.02,0.03,0.025714285714285714,0.025,49.999999999999986,50.0,LOW
2002-08-17,12000.0,10000.0,9000.0,10000.0,10285.714285714286,10000.0,9366.666666666666,755.9289460184598,679.3662204867634,2002,17,8,5,33,0.03,0.04,0.025714285714285714,0.02642857142857143,0.0,40.0,LOW
2002-08-19,10000.0,10000.0,10000.0,10000.0,10285.714285714286,10071.42857142857,9366.666666666666,755.9289460184598,615.7279262148894,2002,19,8,0,34,0.03,0.03,0.024285714285714282,0.027142857142857142,-33.33333333333333,45.0,LOW
2002-08-20,10000.0,10000.0,10000.0,8000.0,10285.714285714286,10071.42857142857,9366.666666666666,755.9289460184598,615.7279262148894,2002,20,8,1,34,0.02,0.02,0.022857142857142857,0.02642857142857143,49.999999999999986,45.0,LOW
2002-08-22,10000.0,10000.0,10000.0,10000.0,10285.714285714286,10071.42857142857,9433.333333333334,755.9289460184598,615.7279262148894,2002,22,8,3,34,0.03,0.01,0.02428571428571429,0.025714285714285714,-33.33333333333333,40.0,LOW
2002-08-23,10000.0,10000.0,10000.0,9000.0,10285.714285714286,10071.42857142857,9433.333333333334,755.9289460184598,615.7279262148894,2002,23,8,4,34,0.02,0.03,0.025714285714285714,0.025714285714285717,0.0,40.0,LOW
2002-08-24,10000.0,10000.0,10000.0,9000.0,10285.714285714286,10071.42857142857,9466.666666666666,755.9289460184598,615.7279262148894,2002,24,8,5,34,0.02,0.02,0.024285714285714282,0.024999999999999998,100.0,40.0,LOW
2002-08-27,10000.0,12000.0,9000.0,9000.0,10285.714285714286,10071.42857142857,9500.0,755.9289460184598,615.7279262148894,2002,27,8,1,35,0.04,0.03,0.027142857142857142,0.02642857142857143,-25.000000000000007,40.0,LOW
2002-08-28,10000.0,10000.0,10000.0,8000.0,10000.0,10142.857142857143,9533.333333333334,0.0,534.5224838248585,2002,28,8,2,35,0.03,0.03,0.027142857142857142,0.02642857142857143,0.0,40.0,LOW
2002-08-29,10000.0,10000.0,10000.0,9000.0,10000.0,10142.857142857143,9600.0,0.0,534.5224838248585,2002,29,8,3,35,0.03,0.02,0.027142857142857142,0.025714285714285714,-33.33333333333333,40.0,HIGH
2002-09-02,10000.0,10000.0,10000.0,8000.0,10000.0,10142.857142857143,9633.333333333334,0.0,534.5224838248585,2002,2,9,0,36,0.02,0.03,0.027142857142857142,0.024999999999999998,49.999999999999986,45.0,HIGH
2002-09-03,10000.0,10000.0,10000.0,8000.0,10000.0,10142.857142857143,9700.0,0.0,534.5224838248585,2002,3,9,1,36,0.03,0.02,0.027142857142857142,0.025714285714285714,-33.33333333333333,40.0,HIGH
2002-09-04,10000.0,10000.0,10000.0,9000.0,10000.0,10142.857142857143,9766.666666666666,0.0,534.5224838248585,2002,4,9,2,36,0.02,0.02,0.027142857142857142,0.02642857142857143,49.999999999999986,60.0,HIGH
2002-09-05,10000.0,10000.0,10000.0,8000.0,10000.0,10142.857142857143,9800.0,0.0,534.5224838248585,2002,5,9,3,36,0.03,0.04,0.02857142857142857,0.02642857142857143,-33.33333333333333,40.0,HIGH
2002-09-06,10000.0,10000.0,12000.0,8000.0,10000.0,10142.857142857143,9866.666666666666,0.0,534.5224838248585,2002,6,9,4,36,0.02,0.03,0.025714285714285714,0.02642857142857143,49.999999999999986,54.166666666666664,HIGH
2002-09-07,12000.0,10000.0,10000.0,8000.0,10285.714285714286,10142.857142857143,10000.0,755.9289460184598,534.5224838248585,2002,7,9,5,36,0.03,0.03,0.025714285714285714,0.02642857142857143,33.33333333333334,50.0,HIGH
2002-09-09,12000.0,10000.0,10000.0,10000.0,10571.42857142857,10285.714285714286,10133.333333333334,975.9000729485382,726.2730392025719,2002,9,9,0,37,0.04,0.02,0.027142857142857142,0.027142857142857142,-50.0,45.0,HIGH
2002-09-10,10000.0,10000.0,10000.0,9000.0,10571.42857142857,10285.714285714286,10133.333333333334,975.9000729485382,726.2730392025719,2002,10,9,1,37,0.02,0.03,0.02714285714285714,0.027142857142857142,49.999999999999986,40.0,HIGH
2002-09-11,10000.0,10000.0,10000.0,10000.0,10571.42857142857,10285.714285714286,10166.666666666666,975.9000729485382,726.2730392025719,2002,11,9,2,37,0.03,0.02,0.02714285714285714,0.027142857142857142,-66.66666666666666,50.0,HIGH
2002-09-12,12000.0,10000.0,10000.0,10000.0,10857.142857142857,10428.57142857143,10233.333333333334,1069.0449676497028,851.6306272526494,2002,12,9,3,37,0.01,0.03,0.025714285714285714,0.02642857142857143,100.0,30.0,LOW
2002-09-13,10000.0,10000.0,10000.0,10000.0,10857.142857142857,10428.57142857143,10233.333333333334,1069.0449676497028,851.6306272526494,2002,13,9,4,37,0.02,0.02,0.024285714285714282,0.02642857142857143,49.999999999999986,50.0,LOW
2002-09-16,12000.0,12000.0,10000.0,10000.0,11142.857142857143,10571.42857142857,10300.0,1069.0449676497033,937.6144618770011,2002,16,9,0,38,0.03,0.03,0.025714285714285714,0.025714285714285714,-33.33333333333333,33.33333333333333,HIGH
2002-09-17,12000.0,12000.0,10000.0,10000.0,11142.857142857143,10714.285714285714,10366.666666666666,1069.0449676497033,994.4903161977049,2002,17,9,1,38,0.02,0.04,0.02428571428571429,0.024999999999999998,-50.0,33.33333333333333,HIGH
2002-09-18,12000.0,10000.0,10000.0,9000.0,11142.857142857143,10857.142857142857,10433.333333333334,1069.0449676497033,1027.1051820262032,2002,18,9,2,38,0.01,0.02,0.02,0.02357142857142857,100.0,50.0,HIGH
2002-09-21,12000.0,10000.0,10000.0,10000.0,11428.57142857143,11000.0,10533.333333333334,975.9000729485399,1037.7490433255552,2002,21,9,5,38,0.02,0.03,0.02,0.023571428571428573,100.0,66.66666666666666,HIGH
2002-09-23,12000.0,12000.0,10000.0,10000.0,11714.285714285714,11142.857142857143,10600.0,755.9289460184635,1027.105182026206,2002,23,9,0,39,0.04,0.01,0.02142857142857143,0.024285714285714282,-50.0,50.0,HIGH
2002-09-24,12000.0,10000.0,10000.0,10000.0,11714.285714285714,11285.714285714286,10666.666666666666,755.9289460184635,994.4903161977106,2002,24,9,1,39,0.02,0.02,0.022857142857142857,0.024285714285714282,0.0,40.0,HIGH
2002-09-25,10000.0,12000.0,10000.0,10000.0,11714.285714285714,11285.714285714286,10666.666666666666,755.9289460184635,994.4903161977106,2002,25,9,2,39,0.02,0.03,0.022857142857142857,0.023571428571428573,0.0,40.0,HIGH
2002-09-26,10000.0,12000.0,12000.0,10000.0,11428.57142857143,11285.714285714286,10666.666666666666,975.9000729485399,994.4903161977106,2002,26,9,3,39,0.02,0.02,0.02142857142857143,0.02357142857142857,0.0,50.0,HIGH
2002-09-27,12000.0,12000.0,12000.0,10000.0,11428.57142857143,11285.714285714286,10733.333333333334,975.9000729485399,994.4903161977106,2002,27,9,4,39,0.02,0.01,0.021428571428571432,0.022857142857142857,0.0,50.0,MEDIUM
2002-09-30,12000.0,12000.0,10000.0,12000.0,11428.57142857143,11285.714285714286,10800.0,975.9000729485399,994.4903161977106,2002,30,9,0,40,0.02,0.02,0.022857142857142857,0.021428571428571432,0.0,60.0,HIGH
2002-10-01,10000.0,12000.0,10000.0,10000.0,11142.857142857143,11285.714285714286,10733.333333333334,1069.0449676497033,994.4903161977106,2002,1,10,1,40,0.02,0.04,0.02285714285714286,0.021428571428571432,0.0,50.0,HIGH
2002-10-03,9000.0,12000.0,12000.0,10000.0,10714.285714285714,11214.285714285714,10700.0,1253.5663410560217,1121.713759495617,2002,3,10,3,40,0.02,0.02,0.02,0.020714285714285713,0.0,50.0,HIGH
2002-10-04,9000.0,10000.0,10000.0,10000.0,10285.714285714286,11000.0,10666.666666666666,1253.5663410560205,1240.3473458920962,2002,4,10,4,40,0.02,0.02,0.02,0.02142857142857143,0.0,40.0,HIGH
2002-10-05,10000.0,10000.0,12000.0,10000.0,10285.714285714286,11000.0,10666.666666666666,1253.5663410560205,1240.3473458920962,2002,5,10,5,40,0.02,0.02,0.02,0.021428571428571432,49.999999999999986,40.0,LOW
2002-10-07,10000.0,12000.0,12000.0,10000.0,10285.714285714286,10857.142857142857,10666.666666666666,1253.5663410560205,1231.4558524297747,2002,7,10,0,41,0.03,0.02,0.02142857142857143,0.02142857142857143,-33.33333333333333,50.0,LOW
2002-10-10,12000.0,12000.0,12000.0,10000.0,10285.714285714286,10857.142857142857,10733.333333333334,1253.5663410560205,1231.4558524297747,2002,10,10,3,41,0.02,0.02,0.021428571428571432,0.021428571428571432,-50.0,54.166666666666664,LOW
2002-10-21,12000.0,10000.0,12000.0,10000.0,10285.714285714286,10857.142857142857,10800.0,1253.5663410560205,1231.4558524297747,2002,21,10,0,43,0.01,0.02,0.019999999999999997,0.021428571428571432,0.0,54.166666666666664,LOW
2002-10-22,12000.0,9000.0,12000.0,10000.0,10571.42857142857,10857.142857142857,10866.666666666666,1397.2762620115473,1231.4558524297747,2002,22,10,1,43,0.01,0.02,0.018571428571428572,0.020714285714285713,100.0,50.0,HIGH
2002-10-23,12000.0,9000.0,12000.0,10000.0,11000.0,10857.142857142857,10933.333333333334,1290.9944487358102,1231.4558524297747,2002,23,10,2,43,0.02,0.02,0.018571428571428572,0.019285714285714288,0.0,50.0,HIGH
2002-10-24,12000.0,10000.0,10000.0,10000.0,11428.57142857143,10857.142857142857,11000.0,975.90007294854,1231.4558524297747,2002,24,10,3,43,0.02,0.02,0.018571428571428572,0.019285714285714285,0.0,50.0,HIGH
2002-10-25,12000.0,10000.0,10000.0,10000.0,11714.285714285714,11000.0,11066.666666666666,755.9289460184636,1240.3473458920962,2002,25,10,4,43,0.02,0.03,0.018571428571428572,0.019285714285714288,-50.0,50.0,HIGH
2002-10-26,12000.0,12000.0,12000.0,10000.0,12000.0,11142.857142857143,11133.333333333334,0.0,1231.4558524297765,2002,26,10,5,43,0.01,0.02,0.015714285714285715,0.018571428571428572,199.99999999999994,50.0,HIGH
2002-10-28,12000.0,12000.0,12000.0,10000.0,12000.0,11142.857142857143,11200.0,0.0,1231.4558524297765,2002,28,10,0,44,0.03,0.01,0.017142857142857144,0.019285714285714288,-33.33333333333333,45.0,LOW
2002-10-29,10000.0,12000.0,10000.0,12000.0,11714.285714285714,11000.0,11200.0,755.9289460184636,1240.3473458920962,2002,29,10,1,44,0.02,0.01,0.018571428571428572,0.019285714285714288,0.0,50.0,LOW
2002-10-30,12000.0,12000.0,9000.0,12000.0,11714.285714285714,11142.857142857143,11200.0,755.9289460184636,1231.4558524297765,2002,30,10,2,44,0.02,0.02,0.02,0.019285714285714285,0.0,50.0,LOW
2002-05-29,10000.0,8000.0,7000.0,8000.0,7428.571428571428,7214.285714285715,7266.666666666667,1902.3794624226844,1423.8934396479706,2002,29,5,2,22,0.01,3.0,1.2257142857142858,2.27,100.0,44.44444444444444,LOW
2002-05-31,9000.0,6000.0,7000.0,8000.0,7571.428571428572,7357.142857142857,7300.0,1988.0595947760107,1499.0839693802175,2002,31,5,4,22,0.02,2.0,0.7999999999999999,2.0571428571428574,0.0,40.0,LOW
2002-06-01,10000.0,6000.0,8000.0,7000.0,8142.857142857143,7571.428571428572,7366.666666666667,2035.4009783964311,1650.8406117111144,2002,1,6,5,22,0.02,3.5,0.5171428571428571,1.8442857142857143,100.0,50.0,LOW
2002-06-03,10000.0,6000.0,8000.0,7000.0,8714.285714285714,7714.285714285715,7466.666666666667,1889.8223650461384,1772.810520855837,2002,3,6,0,23,0.04,0.02,0.022857142857142857,1.5614285714285714,-50.0,50.0,HIGH
2002-06-04,10000.0,6000.0,7000.0,7000.0,9285.714285714286,7857.142857142857,7566.666666666667,1496.026483086195,1875.2289237539821,2002,4,6,1,23,0.02,0.03,0.022857142857142857,1.3985714285714288,49.999999999999986,40.0,HIGH
2002-06-05,10000.0,10000.0,6000.0,6000.0,9857.142857142857,8071.428571428572,7666.666666666667,377.9644730092438,1940.0351192017802,2002,5,6,2,23,0.03,0.02,0.022857142857142857,1.1507142857142856,0.0,40.0,HIGH
2002-06-06,10000.0,10000.0,6000.0,6000.0,9857.142857142857,8357.142857142857,7800.0,377.9644730092438,1905.746082737187,2002,6,6,3,23,0.03,0.01,0.024285714285714282,0.8885714285714286,-33.33333333333333,50.0,HIGH
2002-06-07,10000.0,9000.0,8000.0,8000.0,9857.142857142857,8642.857142857143,7933.333333333333,377.9644730092438,1823.232246362439,2002,7,6,4,23,0.02,0.02,0.025714285714285717,0.6257142857142857,49.999999999999986,50.0,LOW
2002-06-10,10000.0,10000.0,6000.0,7000.0,10000.0,8785.714285714286,8000.0,0.0,1847.183778644646,2002,10,6,0,24,0.03,0.02,0.027142857142857142,0.4135714285714286,-33.33333333333333,75.0,LOW
2002-06-11,8000.0,10000.0,6000.0,7000.0,9714.285714285714,8928.57142857143,8033.333333333333,755.9289460184626,1685.4255666327545,2002,11,6,1,24,0.02,0.04,0.027142857142857142,0.27214285714285713,49.999999999999986,50.0,LOW
2002-06-12,8000.0,10000.0,6000.0,6000.0,9428.57142857143,9071.42857142857,8066.666666666667,975.9000729485392,1491.7354742965408,2002,12,6,2,24,0.03,0.02,0.025714285714285714,0.02428571428571429,0.0,50.0,LOW
2002-06-13,8000.0,10000.0,6000.0,8000.0,9142.857142857143,9214.285714285714,8133.333333333333,1069.0449676497028,1251.3728724621076,2002,13,6,3,24,0.03,0.03,0.027142857142857142,0.024999999999999998,-66.66666666666666,62.5,LOW
2002-06-14,8000.0,10000.0,10000.0,8000.0,8857.142857142857,9357.142857142857,8133.333333333333,1069.0449676497021,928.7827316640651,2002,14,6,4,24,0.01,0.03,0.02428571428571429,0.023571428571428573,100.0,50.0,LOW
2002-06-15,8000.0,10000.0,10000.0,8000.0,8571.42857142857,9214.285714285714,8133.333333333333,975.9000729485375,974.9612559222294,2002,15,6,5,24,0.02,0.02,0.022857142857142857,0.023571428571428573,100.0,50.0,LOW
2002-06-17,8000.0,10000.0,9000.0,8000.0,8285.714285714286,9071.42857142857,8133.333333333333,755.928946018459,997.2489631508752,2002,17,6,0,25,0.04,0.03,0.025714285714285714,0.025714285714285714,-50.0,62.5,HIGH
2002-06-18,8000.0,8000.0,10000.0,8000.0,8000.0,9000.0,8133.333333333333,0.0,1037.7490433255423,2002,18,6,1,25,0.02,0.02,0.024285714285714282,0.025714285714285717,49.999999999999986,50.0,HIGH
2002-06-19,8000.0,8000.0,10000.0,7000.0,8000.0,8857.142857142857,8133.333333333333,0.0,1027.1051820261923,2002,19,6,2,25,0.03,0.03,0.025714285714285714,0.02642857142857143,0.0,50.0,HIGH
2002-06-20,8000.0,8000.0,10000.0,7000.0,8000.0,8714.285714285714,8166.666666666667,0.0,994.4903161976957,2002,20,6,3,25,0.03,0.03,0.025714285714285714,0.025714285714285714,-33.33333333333333,50.0,HIGH
2002-06-21,8000.0,8000.0,10000.0,8000.0,8000.0,8571.42857142857,8200.0,0.0,937.6144618769933,2002,21,6,4,25,0.02,0.01,0.02428571428571429,0.025714285714285714,49.999999999999986,62.5,HIGH
2002-06-22,8000.0,8000.0,10000.0,8000.0,8000.0,8428.57142857143,8200.0,0.0,851.6306272526435,2002,22,6,5,25,0.03,0.02,0.027142857142857142,0.025714285714285714,0.0,50.0,MEDIUM
2002-06-24,10000.0,8000.0,10000.0,7000.0,8285.714285714286,8428.57142857143,8266.666666666666,755.928946018459,851.6306272526435,2002,24,6,0,26,0.03,0.04,0.028571428571428574,0.025714285714285714,-33.33333333333333,37.5,MEDIUM
2002-06-25,8000.0,8000.0,10000.0,6000.0,8285.714285714286,8285.714285714286,8300.0,755.928946018459,726.2730392025674,2002,25,6,1,26,0.02,0.02,0.025714285714285714,0.025714285714285714,49.999999999999986,37.5,LOW
2002-06-28,8000.0,8000.0,8000.0,6000.0,8285.714285714286,8142.857142857143,8366.666666666666,755.928946018459,534.5224838248555,2002,28,6,4,26,0.03,0.03,0.027142857142857142,0.025714285714285717,0.0,42.857142857142854,MEDIUM
2002-06-29,7000.0,8000.0,8000.0,8000.0,8142.857142857143,8071.428571428572,8400.0,899.7354108424407,615.727926214888,2002,29,6,5,26,0.03,0.03,0.027142857142857142,0.02642857142857143,33.33333333333334,42.857142857142854,MEDIUM
2002-07-01,7000.0,8000.0,8000.0,6000.0,8000.0,8000.0,8366.666666666666,1000.0000000000027,679.3662204867632,2002,1,7,0,27,0.04,0.02,0.028571428571428574,0.027142857142857142,-25.000000000000007,42.857142857142854,MEDIUM
2002-07-02,7000.0,8000.0,8000.0,6000.0,7857.142857142857,7928.571428571428,8400.0,1069.0449676496999,730.0459115473773,2002,2,7,1,27,0.03,0.03,0.03,0.027142857142857142,33.33333333333334,57.14285714285714,MEDIUM
2002-07-03,7000.0,10000.0,8000.0,6000.0,7714.285714285715,7857.142857142857,8433.333333333334,1112.6972805283756,770.3288865196487,2002,3,7,2,27,0.04,0.03,0.03142857142857143,0.029285714285714283,0.0,57.14285714285714,MEDIUM
2002-07-04,7000.0,8000.0,8000.0,6000.0,7285.714285714285,7785.714285714285,8466.666666666666,487.95003647427006,801.7837257372785,2002,4,7,3,27,0.04,0.02,0.032857142857142856,0.030714285714285715,-25.000000000000007,62.5,MEDIUM
2002-07-05,8000.0,8000.0,8000.0,10000.0,7285.714285714285,7785.714285714285,8533.333333333334,487.95003647427006,801.7837257372785,2002,5,7,4,27,0.03,0.03,0.03428571428571429,0.03,33.33333333333334,62.5,MEDIUM
2002-07-06,8000.0,7000.0,8000.0,10000.0,7285.714285714285,7785.714285714285,8466.666666666666,487.95003647427006,801.7837257372785,2002,6,7,5,27,0.04,0.03,0.03571428571428571,0.03142857142857143,25.000000000000007,57.14285714285714,MEDIUM
2002-07-08,7000.0,7000.0,8000.0,9000.0,7285.714285714285,7714.285714285715,8366.666666666666,487.95003647427006,825.4203058555622,2002,8,7,0,28,0.05,0.04,0.038571428571428576,0.032857142857142856,-60.0,57.14285714285714,MEDIUM
2002-07-09,7000.0,7000.0,8000.0,10000.0,7285.714285714285,7642.857142857143,8300.0,487.95003647427006,841.8973861411007,2002,9,7,1,28,0.02,0.03,0.03571428571428571,0.03214285714285715,0.0,50.0,MEDIUM
2002-07-10,8000.0,7000.0,8000.0,10000.0,7428.571428571428,7642.857142857143,8233.333333333334,534.5224838248523,841.8973861411007,2002,10,7,2,28,0.02,0.04,0.03428571428571429,0.03214285714285715,49.999999999999986,50.0,MEDIUM
2002-07-11,8000.0,7000.0,10000.0,10000.0,7571.428571428572,7642.857142857143,8166.666666666667,534.5224838248525,841.8973861411007,2002,11,7,3,28,0.03,0.04,0.032857142857142856,0.03214285714285715,-33.33333333333333,42.857142857142854,MEDIUM
2002-07-12,7000.0,8000.0,8000.0,10000.0,7571.428571428572,7428.571428571428,8066.666666666667,534.5224838248525,513.5525910131046,2002,12,7,4,28,0.02,0.03,0.030000000000000002,0.03142857142857143,0.0,57.14285714285714,MEDIUM
2002-07-15,7000.0,8000.0,8000.0,10000.0,7428.571428571428,7357.142857142857,7966.666666666667,534.5224838248523,497.24515809885645,2002,15,7,0,29,0.02,0.04,0.02857142857142857,0.03142857142857143,49.999999999999986,50.0,LOW
2002-07-16,8000.0,7000.0,7000.0,10000.0,7428.571428571428,7357.142857142857,7900.0,534.5224838248523,497.24515809885645,2002,16,7,1,29,0.03,0.05,0.027142857142857142,0.03142857142857143,-33.33333333333333,57.14285714285714,LOW
2002-07-18,7000.0,7000.0,7000.0,10000.0,7428.571428571428,7357.142857142857,7800.0,534.5224838248523,497.24515809885645,2002,18,7,3,29,0.02,0.02,0.022857142857142857,0.030714285714285715,0.0,50.0,MEDIUM
2002-07-19,7000.0,8000.0,7000.0,8000.0,7428.571428571428,7357.142857142857,7700.0,534.5224838248523,497.24515809885645,2002,19,7,4,29,0.02,0.02,0.022857142857142857,0.029285714285714286,49.999999999999986,42.857142857142854,MEDIUM
2002-07-20,7000.0,8000.0,7000.0,8000.0,7285.714285714285,7357.142857142857,7666.666666666667,487.95003647427006,497.24515809885645,2002,20,7,5,29,0.03,0.03,0.02428571428571429,0.029285714285714286,33.33333333333334,50.0,MEDIUM
2002-07-22,7000.0,7000.0,7000.0,8000.0,7142.857142857143,7357.142857142857,7633.333333333333,377.96447300923114,497.24515809885645,2002,22,7,0,30,0.04,0.02,0.025714285714285717,0.029285714285714286,-50.0,50.0,MEDIUM
2002-07-23,7000.0,7000.0,8000.0,8000.0,7142.857142857143,7357.142857142857,7600.0,377.96447300923114,497.24515809885645,2002,23,7,1,30,0.02,0.02,0.025714285714285714,0.027857142857142858,-50.0,50.0,MEDIUM
2002-07-24,7000.0,8000.0,8000.0,8000.0,7142.857142857143,7285.714285714285,7566.666666666667,377.96447300923114,468.80723093850565,2002,24,7,2,30,0.01,0.03,0.02428571428571429,0.02642857142857143,0.0,62.5,MEDIUM
2002-07-25,8000.0,7000.0,7000.0,8000.0,7142.857142857143,7285.714285714285,7566.666666666667,377.96447300923114,468.80723093850565,2002,25,7,3,30,0.01,0.02,0.021428571428571432,0.024285714285714282,100.0,57.14285714285714,MEDIUM
2002-07-26,7000.0,7000.0,7000.0,8000.0,7142.857142857143,7285.714285714285,7533.333333333333,377.96447300923114,468.80723093850565,2002,26,7,4,30,0.02,0.02,0.02142857142857143,0.02214285714285714,49.999999999999986,42.857142857142854,LOW
2002-07-27,7000.0,7000.0,8000.0,8000.0,7142.857142857143,7285.714285714285,7500.0,377.96447300923114,468.80723093850565,2002,27,7,5,30,0.03,0.03,0.022857142857142857,0.022857142857142854,33.33333333333334,50.0,MEDIUM
2002-07-29,8000.0,7000.0,8000.0,8000.0,7285.714285714285,7285.714285714285,7500.0,487.95003647427006,468.80723093850565,2002,29,7,0,31,0.04,0.04,0.024285714285714282,0.02428571428571429,-50.0,50.0,MEDIUM
2002-07-30,8000.0,7000.0,7000.0,8000.0,7428.571428571428,7285.714285714285,7500.0,534.5224838248523,468.80723093850565,2002,30,7,1,31,0.02,0.02,0.02142857142857143,0.02357142857142857,49.999999999999986,50.0,MEDIUM
2002-07-31,8000.0,7000.0,7000.0,8000.0,7571.428571428572,7357.142857142857,7500.0,534.5224838248525,497.24515809885645,2002,31,7,2,31,0.03,0.01,0.022857142857142857,0.02428571428571429,-33.33333333333333,50.0,MEDIUM
2002-08-01,8000.0,8000.0,8000.0,10000.0,7714.285714285715,7428.571428571428,7500.0,487.9500364742709,513.5525910131046,2002,1,8,3,31,0.02,0.01,0.024285714285714282,0.02428571428571429,49.999999999999986,50.0,MEDIUM
2002-08-02,8000.0,7000.0,7000.0,8000.0,7714.285714285715,7428.571428571428,7433.333333333333,487.9500364742709,513.5525910131046,2002,2,8,4,31,0.03,0.02,0.02714285714285714,0.024285714285714282,33.33333333333334,55.55555555555556,MEDIUM
2002-08-05,9000.0,7000.0,7000.0,8000.0,8000.0,7571.428571428572,7466.666666666667,577.3502691896296,646.206172658871,2002,5,8,0,32,0.04,0.03,0.03,0.025714285714285714,-25.000000000000007,50.0,HIGH
2002-08-07,8000.0,8000.0,7000.0,7000.0,8142.857142857143,7642.857142857143,7466.666666666667,377.964473009233,633.3236937766579,2002,7,8,2,32,0.03,0.04,0.03,0.02642857142857143,-33.33333333333333,37.5,HIGH
2002-08-08,8000.0,8000.0,7000.0,7000.0,8142.857142857143,7714.285714285715,7500.0,377.964473009233,611.2498455021338,2002,8,8,3,32,0.02,0.02,0.02714285714285714,0.025714285714285714,-50.0,37.5,HIGH
2002-08-09,8000.0,8000.0,7000.0,7000.0,8142.857142857143,7785.714285714285,7533.333333333333,377.964473009233,578.934223521847,2002,9,8,4,32,0.01,0.03,0.025714285714285714,0.023571428571428573,199.99999999999994,37.5,HIGH
2002-08-12,8000.0,8000.0,7000.0,7000.0,8142.857142857143,7857.142857142857,7566.666666666667,377.964473009233,534.5224838248569,2002,12,8,0,33,0.03,0.02,0.025714285714285714,0.024285714285714282,-33.33333333333333,55.55555555555556,HIGH
2002-08-13,9000.0,8000.0,8000.0,7000.0,8285.714285714286,8000.0,7633.333333333333,487.950036474271,554.7001962252367,2002,13,8,1,33,0.02,0.03,0.025714285714285714,0.025,49.999999999999986,60.0,MEDIUM
2002-08-17,10000.0,9000.0,7000.0,8000.0,8571.42857142857,8142.857142857143,7733.333333333333,786.7957924694455,770.3288865196486,2002,17,8,5,33,0.03,0.04,0.025714285714285714,0.02642857142857143,0.0,57.14285714285714,MEDIUM
2002-08-19,7000.0,8000.0,7000.0,8000.0,8285.714285714286,8142.857142857143,7700.0,951.1897312113445,770.3288865196486,2002,19,8,0,34,0.03,0.03,0.024285714285714282,0.027142857142857142,-33.33333333333333,50.0,MEDIUM
2002-08-20,8000.0,8000.0,8000.0,7000.0,8285.714285714286,8214.285714285714,7700.0,951.1897312113445,699.2932067530736,2002,20,8,1,34,0.02,0.02,0.022857142857142857,0.02642857142857143,49.999999999999986,50.0,LOW
2002-08-22,8000.0,8000.0,8000.0,7000.0,8285.714285714286,8214.285714285714,7733.333333333333,951.1897312113445,699.2932067530736,2002,22,8,3,34,0.03,0.01,0.02428571428571429,0.025714285714285714,-33.33333333333333,50.0,MEDIUM
2002-08-23,7000.0,8000.0,8000.0,8000.0,8142.857142857143,8142.857142857143,7733.333333333333,1069.0449676497,770.3288865196486,2002,23,8,4,34,0.02,0.03,0.025714285714285714,0.025714285714285717,0.0,42.857142857142854,MEDIUM
2002-08-24,7000.0,9000.0,8000.0,8000.0,8000.0,8071.428571428572,7700.0,1154.700538379254,828.7419301647499,2002,24,8,5,34,0.02,0.02,0.024285714285714282,0.024999999999999998,100.0,57.14285714285714,MEDIUM
2002-08-27,7000.0,10000.0,8000.0,7000.0,7714.285714285715,8000.0,7666.666666666667,1112.697280528377,877.0580193070341,2002,27,8,1,35,0.04,0.03,0.027142857142857142,0.02642857142857143,-25.000000000000007,57.14285714285714,MEDIUM
2002-08-28,7000.0,7000.0,9000.0,7000.0,7285.714285714285,7928.571428571428,7666.666666666667,487.9500364742764,916.8747682531947,2002,28,8,2,35,0.03,0.03,0.027142857142857142,0.02642857142857143,0.0,57.14285714285714,MEDIUM
2002-08-29,7000.0,8000.0,8000.0,8000.0,7285.714285714285,7785.714285714285,7666.666666666667,487.9500364742764,892.5823753039859,2002,29,8,3,35,0.03,0.02,0.027142857142857142,0.025714285714285714,-33.33333333333333,50.0,MEDIUM
2002-09-02,8000.0,8000.0,8000.0,7000.0,7285.714285714285,7785.714285714285,7666.666666666667,487.9500364742764,892.5823753039859,2002,2,9,0,36,0.02,0.03,0.027142857142857142,0.024999999999999998,49.999999999999986,42.857142857142854,HIGH
2002-09-03,7000.0,7000.0,8000.0,7000.0,7142.857142857143,7714.285714285715,7666.666666666667,377.964473009241,913.8735334633805,2002,3,9,1,36,0.03,0.02,0.027142857142857142,0.025714285714285714,-33.33333333333333,50.0,HIGH
2002-09-04,8000.0,7000.0,8000.0,7000.0,7285.714285714285,7714.285714285715,7700.0,487.9500364742764,913.8735334633805,2002,4,9,2,36,0.02,0.02,0.027142857142857142,0.02642857142857143,49.999999999999986,42.857142857142854,HIGH
2002-09-05,7000.0,7000.0,9000.0,7000.0,7285.714285714285,7642.857142857143,7700.0,487.9500364742764,928.7827316640698,2002,5,9,3,36,0.03,0.04,0.02857142857142857,0.02642857142857143,-33.33333333333333,50.0,HIGH
2002-09-06,8000.0,7000.0,10000.0,7000.0,7428.571428571428,7571.428571428572,7733.333333333333,534.5224838248571,851.6306272526455,2002,6,9,4,36,0.02,0.03,0.025714285714285714,0.02642857142857143,49.999999999999986,50.0,HIGH
2002-09-07,8000.0,7000.0,7000.0,7000.0,7571.428571428572,7428.571428571428,7766.666666666667,534.5224838248565,513.5525910131043,2002,7,9,5,36,0.03,0.03,0.025714285714285714,0.02642857142857143,33.33333333333334,55.55555555555556,HIGH
2002-09-09,9000.0,8000.0,8000.0,8000.0,7857.142857142857,7571.428571428572,7833.333333333333,690.0655593423594,646.2061726588712,2002,9,9,0,37,0.04,0.02,0.027142857142857142,0.027142857142857142,-50.0,42.857142857142854,HIGH
2002-09-10,7000.0,7000.0,8000.0,7000.0,7714.285714285715,7500.0,7800.0,755.9289460184594,650.4436355879978,2002,10,9,1,37,0.02,0.03,0.02714285714285714,0.027142857142857142,49.999999999999986,42.857142857142854,HIGH
2002-09-11,7000.0,8000.0,7000.0,7000.0,7714.285714285715,7428.571428571428,7800.0,755.9289460184594,646.206172658871,2002,11,9,2,37,0.03,0.02,0.02714285714285714,0.027142857142857142,-66.66666666666666,50.0,HIGH
2002-09-12,10000.0,7000.0,7000.0,8000.0,8000.0,7642.857142857143,7900.0,1154.7005383792546,928.7827316640701,2002,12,9,3,37,0.01,0.03,0.025714285714285714,0.02642857142857143,100.0,62.5,HIGH
2002-09-13,8000.0,8000.0,7000.0,8000.0,8142.857142857143,7714.285714285715,7900.0,1069.0449676497005,913.8735334633806,2002,13,9,4,37,0.02,0.02,0.024285714285714282,0.02642857142857143,49.999999999999986,55.55555555555556,HIGH
2002-09-16,9000.0,8000.0,7000.0,8000.0,8285.714285714286,7857.142857142857,7933.333333333333,1112.6972805283765,949.2622930986518,2002,16,9,0,38,0.03,0.03,0.025714285714285714,0.025714285714285714,-33.33333333333333,57.14285714285714,LOW
2002-09-17,7000.0,9000.0,7000.0,8000.0,8142.857142857143,7857.142857142857,7900.0,1214.9857925879146,949.2622930986518,2002,17,9,1,38,0.02,0.04,0.02428571428571429,0.024999999999999998,-50.0,55.55555555555556,LOW
2002-09-18,9000.0,7000.0,8000.0,8000.0,8142.857142857143,8000.0,7933.333333333333,1214.9857925879146,960.7689228305278,2002,18,9,2,38,0.01,0.02,0.02,0.02357142857142857,100.0,44.44444444444444,MEDIUM
2002-09-21,9000.0,7000.0,7000.0,9000.0,8428.57142857143,8071.428571428572,7966.666666666667,1133.8934190276843,997.2489631508795,2002,21,9,5,38,0.02,0.03,0.02,0.023571428571428573,100.0,100.0,MEDIUM
2002-09-23,9000.0,10000.0,8000.0,8000.0,8714.285714285714,8214.285714285714,7966.666666666667,951.1897312113448,974.9612559222342,2002,23,9,0,39,0.04,0.01,0.02142857142857143,0.024285714285714282,-50.0,44.44444444444444,MEDIUM
2002-09-24,9000.0,8000.0,7000.0,8000.0,8571.42857142857,8285.714285714286,8000.0,786.795792469447,994.4903161976988,2002,24,9,1,39,0.02,0.02,0.022857142857142857,0.024285714285714282,0.0,55.55555555555556,HIGH
2002-09-25,9000.0,9000.0,8000.0,8000.0,8714.285714285714,8428.57142857143,8033.333333333333,755.9289460184582,937.614461876996,2002,25,9,2,39,0.02,0.03,0.022857142857142857,0.023571428571428573,0.0,55.55555555555556,HIGH
2002-09-26,9000.0,7000.0,8000.0,8000.0,8714.285714285714,8500.0,8066.666666666667,755.9289460184582,940.5399431259654,2002,26,9,3,39,0.02,0.02,0.02142857142857143,0.02357142857142857,0.0,62.5,HIGH
2002-09-27,8000.0,9000.0,9000.0,9000.0,8857.142857142857,8500.0,8066.666666666667,377.96447300923415,940.5399431259654,2002,27,9,4,39,0.02,0.01,0.021428571428571432,0.022857142857142857,0.0,44.44444444444444,HIGH
2002-09-30,9000.0,9000.0,7000.0,10000.0,8857.142857142857,8500.0,8066.666666666667,377.96447300923415,940.5399431259654,2002,30,9,0,40,0.02,0.02,0.022857142857142857,0.021428571428571432,0.0,55.55555555555556,HIGH
2002-10-01,9000.0,9000.0,7000.0,7000.0,8857.142857142857,8642.857142857143,8033.333333333333,377.96447300923415,841.8973861411008,2002,1,10,1,40,0.02,0.04,0.02285714285714286,0.021428571428571432,0.0,42.857142857142854,HIGH
2002-10-03,7000.0,9000.0,10000.0,8000.0,8571.42857142857,8642.857142857143,8033.333333333333,786.7957924694475,841.8973861411008,2002,3,10,3,40,0.02,0.02,0.02,0.020714285714285713,0.0,57.14285714285714,HIGH
2002-10-04,7000.0,9000.0,8000.0,8000.0,8285.714285714286,8428.57142857143,8000.0,951.1897312113465,851.630627252646,2002,4,10,4,40,0.02,0.02,0.02,0.02142857142857143,0.0,44.44444444444444,HIGH
2002-10-05,9000.0,9000.0,9000.0,7000.0,8285.714285714286,8500.0,8033.333333333333,951.1897312113465,854.850414265116,2002,5,10,5,40,0.02,0.02,0.02,0.021428571428571432,49.999999999999986,37.5,HIGH
2002-10-07,8000.0,8000.0,7000.0,7000.0,8142.857142857143,8428.57142857143,8066.666666666667,899.7354108424427,851.630627252646,2002,7,10,0,41,0.03,0.02,0.02142857142857143,0.02142857142857143,-33.33333333333333,44.44444444444444,HIGH
2002-10-10,9000.0,9000.0,9000.0,7000.0,8285.714285714286,8571.42857142857,8133.333333333333,951.1897312113465,755.9289460184607,2002,10,10,3,41,0.02,0.02,0.021428571428571432,0.021428571428571432,-50.0,50.0,MEDIUM
2002-10-21,8000.0,9000.0,9000.0,7000.0,8142.857142857143,8500.0,8166.666666666667,899.7354108424427,759.5545253127564,2002,21,10,0,43,0.01,0.02,0.019999999999999997,0.021428571428571432,0.0,50.0,MEDIUM
2002-10-22,10000.0,7000.0,9000.0,7000.0,8285.714285714286,8571.42857142857,8266.666666666666,1112.6972805283776,851.6306272526457,2002,22,10,1,43,0.01,0.02,0.018571428571428572,0.020714285714285713,100.0,50.0,HIGH
2002-10-23,10000.0,7000.0,9000.0,8000.0,8714.285714285714,8642.857142857143,8366.666666666666,1112.6972805283763,928.7827316640702,2002,23,10,2,43,0.02,0.02,0.018571428571428572,0.019285714285714288,0.0,50.0,HIGH
2002-10-24,10000.0,9000.0,9000.0,7000.0,9142.857142857143,8714.285714285714,8433.333333333334,899.7354108424388,994.4903161976986,2002,24,10,3,43,0.02,0.02,0.018571428571428572,0.019285714285714285,0.0,44.44444444444444,HIGH
2002-10-25,9000.0,8000.0,9000.0,8000.0,9142.857142857143,8714.285714285714,8500.0,899.7354108424388,994.4903161976986,2002,25,10,4,43,0.02,0.03,0.018571428571428572,0.019285714285714288,-50.0,50.0,HIGH
2002-10-26,10000.0,9000.0,8000.0,7000.0,9428.57142857143,8785.714285714286,8566.666666666666,786.7957924694432,1050.9022810878346,2002,26,10,5,43,0.01,0.02,0.015714285714285715,0.018571428571428572,199.99999999999994,50.0,HIGH
2002-10-28,10000.0,8000.0,9000.0,8000.0,9571.42857142857,8928.57142857143,8666.666666666666,786.7957924694423,1071.61170596054,2002,28,10,0,44,0.03,0.01,0.017142857142857144,0.019285714285714288,-33.33333333333333,50.0,MEDIUM
2002-10-29,8000.0,10000.0,9000.0,8000.0,9571.42857142857,8857.142857142857,8666.666666666666,786.7957924694423,1099.450412156555,2002,29,10,1,44,0.02,0.01,0.018571428571428572,0.019285714285714288,0.0,44.44444444444444,MEDIUM
2002-10-30,9000.0,10000.0,7000.0,9000.0,9428.57142857143,8857.142857142857,8700.0,786.7957924694432,1099.450412156555,2002,30,10,2,44,0.02,0.02,0.02,0.019285714285714285,0.0,44.44444444444444,LOW
2009-10-09,16500.0,16000.0,15000.0,13000.0,16071.42857142857,15571.42857142857,14733.333333333334,345.0327796711924,646.2061726588549,2009,9,10,4,41,0.1,1.0,0.6571428571428573,0.6071428571428571,900.0,31.57894736842105,HIGH
2009-10-13,19000.0,16000.0,14500.0,13500.0,16500.0,15857.142857142857,14933.333333333334,1154.7005383792575,1099.4504121565437,2009,13,10,1,42,1.0,1.0,0.6571428571428571,0.6428571428571429,-50.0,25.0,HIGH
2009-10-16,16000.0,16000.0,15000.0,13500.0,16500.0,15964.285714285714,15016.666666666666,1154.7005383792575,1027.7736527653672,2009,16,10,4,42,0.5,1.0,0.5857142857142856,0.6071428571428571,140.0,33.33333333333333,HIGH
2009-10-17,15000.0,16000.0,15000.0,13500.0,16357.142857142857,15964.285714285714,15066.666666666666,1281.7398889233164,1027.7736527653672,2009,17,10,5,42,1.2,0.5,0.6142857142857142,0.6714285714285715,-83.33333333333334,31.25,HIGH
2009-10-21,16000.0,15500.0,15000.0,14000.0,16357.142857142857,16035.714285714286,15150.0,1281.7398889233161,989.6441807011182,2009,21,10,2,43,0.2,0.5,0.5714285714285714,0.6785714285714286,149.99999999999997,28.57142857142857,HIGH
2009-10-23,14000.0,16500.0,15000.0,14000.0,16142.857142857143,15964.285714285714,15150.0,1546.8862734076965,1100.0749225233794,2009,23,10,4,43,0.5,0.5,0.5714285714285714,0.6428571428571429,-80.0,28.57142857142857,MEDIUM
2009-10-28,14000.0,16500.0,16000.0,14000.0,15785.714285714286,15892.857142857143,15150.0,1728.6107827082535,1195.8031004078557,2009,28,10,2,44,0.1,0.1,0.5142857142857142,0.6142857142857142,900.0,31.25,MEDIUM
2009-11-04,16000.0,19000.0,16000.0,14500.0,15714.285714285714,15892.857142857143,15216.666666666666,1704.336206492694,1195.8031004078557,2009,4,11,2,45,1.0,1.0,0.6428571428571429,0.65,39.99999999999999,31.25,MEDIUM
2009-11-06,16000.0,16000.0,16000.0,14000.0,15285.714285714286,15892.857142857143,15266.666666666666,951.1897312113396,1195.8031004078557,2009,6,11,4,45,1.4,0.5,0.7,0.6785714285714286,657.1428571428571,25.0,MEDIUM
2009-11-10,16000.0,15000.0,16000.0,14000.0,15285.714285714286,15892.857142857143,15333.333333333334,951.1897312113396,1195.8031004078557,2009,10,11,1,46,10.6,1.2,2.142857142857143,1.3642857142857143,-99.05660377358491,23.52941176470588,LOW
2009-11-11,17000.0,16000.0,16000.0,14000.0,15571.42857142857,15964.285714285714,15433.333333333334,1133.8934190276811,1232.0134507614464,2009,11,11,2,46,0.1,0.2,1.9857142857142855,1.3,0.0,25.0,LOW
2009-11-17,16000.0,14000.0,15500.0,14000.0,15571.42857142857,15964.285714285714,15500.0,1133.8934190276811,1232.0134507614464,2009,17,11,1,47,0.1,0.5,1.971428571428571,1.2714285714285716,0.0,25.0,LOW
2009-11-18,16000.0,14000.0,16500.0,16000.0,15857.142857142857,16000.0,15566.666666666666,899.735410842438,1224.7448713915824,2009,18,11,2,47,0.1,0.1,1.9142857142857141,1.2428571428571427,100.0,25.0,LOW
2009-11-20,16000.0,16000.0,16500.0,13500.0,16142.857142857143,15964.285714285714,15566.666666666666,377.9644730092322,1216.3040756305918,2009,20,11,4,47,0.2,1.0,1.9285714285714284,1.2214285714285715,149.99999999999997,25.0,LOW
2009-11-22,16000.0,16000.0,19000.0,13500.0,16142.857142857143,15928.57142857143,15650.0,377.9644730092322,1206.6664642907506,2009,22,11,6,47,0.5,1.4,1.857142857142857,1.25,-80.0,25.0,MEDIUM
2009-11-26,16000.0,16000.0,16000.0,15000.0,16142.857142857143,15714.285714285714,15733.333333333334,377.9644730092322,825.4203058555507,2009,26,11,3,48,0.1,10.6,1.671428571428571,1.1857142857142855,0.0,25.0,MEDIUM
2009-11-27,16000.0,17000.0,15000.0,15000.0,16142.857142857143,15714.285714285714,15766.666666666666,377.9644730092322,825.4203058555507,2009,27,11,4,48,0.1,0.1,0.17142857142857118,1.157142857142857,0.0,25.0,MEDIUM
2009-11-30,16000.0,16000.0,16000.0,14500.0,16000.0,15785.714285714286,15800.0,0.0,801.7837257372659,2009,30,11,0,49,0.1,0.1,0.17142857142857118,1.0785714285714285,100.0,25.0,MEDIUM
2009-12-07,16000.0,16000.0,14000.0,15000.0,16000.0,15785.714285714286,15850.0,0.0,801.7837257372659,2009,7,12,0,50,0.2,0.1,0.18571428571428547,1.0785714285714285,-50.0,25.0,MEDIUM
2009-12-08,16000.0,16000.0,14000.0,15000.0,16000.0,15928.57142857143,15883.333333333334,0.0,615.7279262148705,2009,8,12,1,50,0.1,0.2,0.18571428571428547,1.05,900.0,24.22360248447205,LOW
2009-12-11,16100.0,16000.0,16000.0,15000.0,16014.285714285714,16078.57142857143,15920.0,37.7964473009596,266.5407211739689,2009,11,12,4,50,1.0,0.5,0.29999999999999977,1.1142857142857143,-80.0,25.0,LOW
2009-12-17,16000.0,16000.0,16000.0,15000.0,16014.285714285714,16078.57142857143,15953.333333333334,37.7964473009596,266.5407211739689,2009,17,12,3,51,0.2,0.1,0.2571428571428569,1.0571428571428572,2399.9999999999995,25.0,LOW
2009-12-18,16000.0,16000.0,16000.0,16000.0,16014.285714285714,16078.57142857143,15986.666666666666,37.7964473009596,266.5407211739689,2009,18,12,4,51,5.0,0.1,0.957142857142857,1.3142857142857143,-76.0,21.875,LOW
2009-12-30,16000.0,16000.0,17000.0,16000.0,16014.285714285714,16078.57142857143,15986.666666666666,37.7964473009596,266.5407211739689,2009,30,12,2,53,1.2,0.1,1.114285714285714,0.6428571428571429,-16.666666666666664,25.0,LOW
2010-01-02,16000.0,16000.0,16000.0,16000.0,16014.285714285714,16007.142857142857,15986.666666666666,37.7964473009596,26.726124190953964,2010,2,1,5,53,1.0,0.2,1.2428571428571424,0.7071428571428572,-50.0,25.0,LOW
2010-01-06,16000.0,16000.0,16000.0,16000.0,16014.285714285714,16007.142857142857,15986.666666666666,37.7964473009596,26.726124190953964,2010,6,1,2,1,0.5,0.1,1.2857142857142854,0.7357142857142858,0.0,25.0,LOW
2010-01-10,16000.0,16100.0,16000.0,16000.0,16014.285714285714,16007.142857142857,15986.666666666666,37.7964473009596,26.726124190953964,2010,10,1,6,1,0.5,1.0,1.3428571428571427,0.7642857142857142,100.0,25.0,MEDIUM
2010-01-12,16000.0,16000.0,16000.0,15500.0,16000.0,16007.142857142857,15986.666666666666,0.0,26.726124190953964,2010,12,1,1,2,1.0,0.2,1.3428571428571427,0.8214285714285714,-60.0,25.0,MEDIUM
2010-01-13,16000.0,16000.0,16000.0,16500.0,16000.0,16007.142857142857,16003.333333333334,0.0,26.726124190953964,2010,13,1,2,2,0.4,5.0,1.3714285714285712,0.8142857142857143,24.999999999999993,25.0,MEDIUM
2010-01-16,16000.0,16000.0,16000.0,16500.0,16000.0,16007.142857142857,15986.666666666666,0.0,26.726124190953964,2010,16,1,5,2,0.5,1.2,0.7285714285714283,0.8428571428571429,-40.0,25.0,MEDIUM
2010-01-19,16000.0,16000.0,16000.0,19000.0,16000.0,16007.142857142857,15970.0,0.0,26.726124190953964,2010,19,1,1,3,0.3,1.0,0.5999999999999998,0.8571428571428571,-33.33333333333333,25.0,MEDIUM
2010-01-25,16000.0,16000.0,16000.0,16000.0,16000.0,16007.142857142857,15870.0,0.0,26.726124190953964,2010,25,1,0,4,0.2,0.5,0.48571428571428543,0.8642857142857142,149.99999999999997,24.242424242424242,MEDIUM
2010-01-31,16500.0,16000.0,16000.0,15000.0,16071.42857142857,16042.857142857143,15886.666666666666,188.98223650462202,134.24596091488945,2010,31,1,6,4,0.5,0.5,0.4857142857142855,0.8857142857142858,0.0,21.875,MEDIUM
2010-02-02,16000.0,16000.0,16100.0,16000.0,16071.42857142857,16042.857142857143,15920.0,188.98223650462202,134.24596091488945,2010,2,2,1,5,0.5,1.0,0.4857142857142855,0.9142857142857144,100.0,25.0,MEDIUM
2010-02-03,16000.0,16000.0,16000.0,14000.0,16071.42857142857,16035.714285714286,15920.0,188.98223650462202,133.63062095615277,2010,3,2,2,5,1.0,0.4,0.4857142857142855,0.9142857142857144,-80.0,24.242424242424242,MEDIUM
2010-02-05,16500.0,16000.0,16000.0,14000.0,16142.857142857143,16071.42857142857,16003.333333333334,243.9750182371408,181.5682598005955,2010,5,2,4,5,0.2,0.5,0.45714285714285685,0.9142857142857143,400.0,22.424242424242426,MEDIUM
2010-02-07,16500.0,16000.0,16000.0,16000.0,16214.285714285714,16107.142857142857,16086.666666666666,267.2612419124324,212.90765681312044,2010,7,2,6,5,1.0,0.3,0.5285714285714284,0.6285714285714287,-50.0,21.875,LOW
2010-02-12,16000.0,16000.0,16000.0,16000.0,16214.285714285714,16107.142857142857,16086.666666666666,267.2612419124324,212.90765681312044,2010,12,2,4,6,0.5,0.2,0.5571428571428569,0.5785714285714285,100.0,21.21212121212121,MEDIUM
2010-02-16,16500.0,16500.0,16000.0,16000.0,16285.714285714286,16142.857142857143,16103.333333333334,267.26124191243383,234.4036154692109,2010,16,2,1,7,1.0,0.5,0.6714285714285712,0.5785714285714285,-50.0,24.242424242424242,MEDIUM
2010-02-19,16500.0,16000.0,16000.0,17000.0,16285.714285714286,16178.57142857143,16120.0,267.26124191243383,248.62257904938784,2010,19,2,4,7,0.5,0.5,0.6714285714285712,0.5785714285714285,0.0,21.21212121212121,MEDIUM
2010-02-21,16500.0,16000.0,16000.0,16000.0,16357.142857142857,16214.285714285714,16103.333333333334,243.97501823714512,256.7762955065123,2010,21,2,6,7,0.5,1.0,0.6714285714285712,0.5785714285714285,100.0,21.21212121212121,MEDIUM
2010-02-26,16500.0,16500.0,16000.0,16000.0,16428.571428571428,16250.0,16120.0,188.98223650463092,259.43726083134936,2010,26,2,4,8,1.0,0.2,0.6714285714285712,0.5785714285714285,210.0,21.21212121212121,MEDIUM
2010-02-27,16500.0,16500.0,16000.0,16000.0,16428.571428571428,16285.714285714286,16136.666666666666,188.98223650463092,256.7762955065102,2010,27,2,5,8,3.1,1.0,1.0857142857142854,0.7714285714285715,-96.77419354838709,28.125,MEDIUM
2010-03-10,16000.0,16000.0,16000.0,16000.0,16357.142857142857,16285.714285714286,16136.666666666666,243.97501823714487,256.7762955065102,2010,10,3,2,10,0.1,0.5,0.9571428571428567,0.7428571428571429,400.0,21.21212121212121,MEDIUM
2010-03-12,16500.0,16500.0,16000.0,16000.0,16428.571428571428,16321.42857142857,16153.333333333334,188.98223650463092,248.62257904938346,2010,12,3,4,10,0.5,1.0,0.9571428571428567,0.7571428571428571,-19.999999999999996,21.21212121212121,MEDIUM
2010-03-14,16500.0,16500.0,16500.0,16000.0,16428.571428571428,16357.142857142857,16170.0,188.98223650463092,234.40361546920394,2010,14,3,6,10,0.4,0.5,0.8714285714285711,0.7714285714285715,74.99999999999997,21.875,MEDIUM
2010-03-16,16000.0,16500.0,16000.0,16000.0,16357.142857142857,16321.42857142857,16170.0,243.97501823714487,248.62257904938346,2010,16,3,1,11,0.7,0.5,0.8999999999999997,0.7857142857142857,-57.14285714285714,21.875,MEDIUM
2010-03-17,16000.0,16500.0,16000.0,16000.0,16285.714285714286,16321.42857142857,16170.0,267.26124191243326,248.62257904938346,2010,17,3,2,11,0.3,1.0,0.8714285714285711,0.7714285714285715,1233.3333333333335,21.21212121212121,MEDIUM
2010-03-19,16500.0,16500.0,16500.0,16000.0,16285.714285714286,16357.142857142857,16186.666666666666,267.26124191243326,234.40361546920394,2010,19,3,4,11,4.0,3.1,1.2999999999999996,0.9857142857142858,-92.5,25.0,MEDIUM
2010-03-23,16000.0,16000.0,16500.0,16100.0,16214.285714285714,16321.42857142857,16186.666666666666,267.26124191243184,248.62257904938346,2010,23,3,1,12,0.3,0.1,0.8999999999999997,0.9928571428571429,-33.33333333333333,21.21212121212121,MEDIUM
2010-03-24,16500.0,16500.0,16000.0,16000.0,16285.714285714286,16321.42857142857,16200.0,267.26124191243326,248.62257904938346,2010,24,3,2,12,0.2,0.5,0.914285714285714,0.9357142857142857,49.999999999999986,21.21212121212121,MEDIUM
2010-03-28,16500.0,16500.0,16500.0,16000.0,16285.714285714286,16357.142857142857,16216.666666666666,267.26124191243326,234.40361546920394,2010,28,3,6,12,0.3,0.4,0.8857142857142855,0.9214285714285715,33.33333333333335,21.875,LOW
2010-03-30,16000.0,16000.0,16500.0,16000.0,16214.285714285714,16321.42857142857,16216.666666666666,267.26124191243184,248.62257904938346,2010,30,3,1,13,0.4,0.7,0.8857142857142855,0.8785714285714284,149.99999999999997,21.21212121212121,LOW
2010-03-31,16500.0,16000.0,16500.0,16000.0,16285.714285714286,16321.42857142857,16233.333333333334,267.26124191243326,248.62257904938346,2010,31,3,2,13,1.0,0.3,0.9285714285714283,0.9142857142857143,-40.0,21.21212121212121,LOW
2010-04-02,16500.0,16500.0,16500.0,16000.0,16357.142857142857,16321.42857142857,16250.0,243.9750182371445,248.62257904938346,2010,2,4,4,13,0.6,4.0,0.9714285714285712,0.9214285714285715,66.66666666666667,24.242424242424242,LOW
2010-04-07,16500.0,16000.0,16500.0,16000.0,16357.142857142857,16321.42857142857,16266.666666666666,243.9750182371445,248.62257904938346,2010,7,4,2,14,1.0,0.3,0.5428571428571426,0.9214285714285715,-90.0,21.21212121212121,MEDIUM
2010-04-09,16500.0,16500.0,16000.0,16000.0,16428.571428571428,16321.42857142857,16283.333333333334,188.9822365046301,248.62257904938346,2010,9,4,4,14,0.1,0.2,0.514285714285714,0.7071428571428572,100.0,21.21212121212121,MEDIUM
2010-04-10,16500.0,16500.0,16500.0,16000.0,16428.571428571428,16357.142857142857,16300.0,188.9822365046301,234.40361546920394,2010,10,4,5,14,0.2,0.3,0.514285714285714,0.7142857142857143,49.999999999999986,21.21212121212121,MEDIUM
2010-04-11,16500.0,16000.0,16500.0,16000.0,16428.571428571428,16357.142857142857,16316.666666666666,188.9822365046301,234.40361546920394,2010,11,4,6,14,0.3,0.4,0.514285714285714,0.7000000000000001,-66.66666666666666,21.21212121212121,MEDIUM
2010-04-13,16500.0,16500.0,16000.0,16000.0,16500.0,16357.142857142857,16333.333333333334,0.0,234.40361546920394,2010,13,4,1,15,0.1,1.0,0.47142857142857114,0.6785714285714286,900.0,21.21212121212121,MEDIUM
2010-04-20,16500.0,16500.0,16000.0,16000.0,16500.0,16392.85714285714,16350.0,0.0,212.90765681311026,2010,20,4,1,16,1.0,0.6,0.47142857142857114,0.7000000000000001,-50.0,18.75,MEDIUM
2010-04-25,16000.0,16500.0,16500.0,16500.0,16428.571428571428,16392.85714285714,16350.0,188.9822365046301,212.90765681311026,2010,25,4,6,16,0.5,1.0,0.4571428571428569,0.7142857142857143,60.00000000000001,18.181818181818183,MEDIUM
2010-04-30,16500.0,16500.0,16000.0,16000.0,16428.571428571428,16392.85714285714,16350.0,188.9822365046301,212.90765681311026,2010,30,4,4,17,0.8,0.1,0.4285714285714283,0.4857142857142857,24.999999999999993,18.181818181818183,MEDIUM
2010-05-01,16500.0,16500.0,16500.0,16000.0,16428.571428571428,16428.571428571428,16366.666666666666,188.9822365046301,181.56825980058042,2010,1,5,5,17,1.0,0.2,0.5571428571428568,0.5357142857142857,-80.0,18.181818181818183,MEDIUM
2010-05-07,16500.0,16500.0,16500.0,16500.0,16428.571428571428,16428.571428571428,16383.333333333334,188.9822365046301,181.56825980058042,2010,7,5,4,18,0.2,0.3,0.5571428571428569,0.5357142857142857,149.99999999999997,17.647058823529413,MEDIUM
2010-05-10,17000.0,16500.0,16000.0,16500.0,16500.0,16464.285714285714,16400.0,288.6751345948249,237.31557327461394,2010,10,5,0,19,0.5,0.1,0.5857142857142854,0.55,39.99999999999999,15.151515151515152,MEDIUM
2010-05-11,16500.0,16500.0,16500.0,16000.0,16500.0,16500.0,16400.0,288.6751345948249,196.11613513812424,2010,11,5,1,19,0.7,1.0,0.671428571428571,0.5714285714285714,-42.85714285714285,15.151515151515152,MEDIUM
2010-05-12,16500.0,16000.0,16500.0,16500.0,16500.0,16500.0,16416.666666666668,288.6751345948249,196.11613513812424,2010,12,5,2,19,0.4,0.5,0.5857142857142854,0.5285714285714286,-50.0,14.705882352941178,MEDIUM
2010-05-14,17000.0,16500.0,16500.0,16500.0,16642.85714285714,16535.714285714286,16433.333333333332,243.9750182371504,237.31557327461053,2010,14,5,4,19,0.2,0.8,0.5428571428571426,0.5,1049.9999999999998,17.142857142857142,MEDIUM
2010-05-16,17500.0,16500.0,16500.0,16500.0,16785.714285714286,16607.14285714286,16466.666666666668,393.3978962347347,349.6466033764967,2010,16,5,6,19,2.3,1.0,0.7571428571428569,0.5928571428571429,-78.26086956521739,17.142857142857142,MEDIUM
2010-05-22,17500.0,16500.0,16500.0,16500.0,16928.571428571428,16678.571428571428,16500.0,449.8677054212329,420.94869307051454,2010,22,5,5,20,0.5,0.2,0.6857142857142854,0.6214285714285713,19.999999999999996,17.647058823529413,MEDIUM
2010-05-28,17000.0,17000.0,16500.0,16500.0,17000.0,16714.285714285714,16516.666666666668,408.2482904638805,425.81531362628607,2010,28,5,4,21,0.6,0.5,0.7428571428571425,0.65,-66.66666666666666,18.181818181818183,MEDIUM
2010-06-02,16500.0,16500.0,16500.0,16000.0,16928.571428571428,16714.285714285714,16516.666666666668,449.8677054212323,425.81531362628607,2010,2,6,2,22,0.2,0.7,0.6999999999999996,0.6428571428571429,400.0,17.142857142857142,MEDIUM
2010-06-04,17500.0,16500.0,16500.0,16500.0,17071.428571428572,16785.714285714286,16566.666666666668,449.8677054212369,468.8072309384624,2010,4,6,4,22,1.0,0.4,0.7428571428571425,0.7071428571428572,-50.0,11.428571428571429,MEDIUM
2010-06-09,17500.0,17000.0,16000.0,16500.0,17214.285714285714,16857.14285714286,16600.0,393.3978962347485,497.245158098814,2010,9,6,2,23,0.5,0.2,0.7571428571428569,0.6714285714285715,-40.0,17.647058823529413,MEDIUM
2010-06-15,17000.0,17500.0,16500.0,16000.0,17214.285714285714,16928.571428571428,16616.666666666668,393.3978962347485,432.2189107537431,2010,15,6,1,24,0.3,2.3,0.7714285714285711,0.6571428571428573,66.66666666666667,18.181818181818183,MEDIUM
2010-06-18,16500.0,17500.0,16500.0,16000.0,17071.428571428572,16928.571428571428,16633.333333333332,449.8677054212369,432.2189107537431,2010,18,6,4,24,0.5,0.5,0.514285714285714,0.6357142857142858,39.99999999999999,18.181818181818183,MEDIUM
2010-06-25,16500.0,17000.0,16500.0,16500.0,16928.571428571428,16928.571428571428,16650.0,449.8677054212323,432.2189107537431,2010,25,6,4,25,0.7,0.6,0.5428571428571426,0.6142857142857142,-57.14285714285714,11.428571428571429,MEDIUM
2010-07-14,17500.0,16500.0,17000.0,16000.0,17000.0,17000.0,16683.333333333332,500.0000000000141,438.5290096534727,2010,14,7,2,28,0.3,0.2,0.4999999999999997,0.6214285714285716,133.33333333333331,17.647058823529413,MEDIUM
2010-07-17,17000.0,17500.0,16500.0,16500.0,17071.428571428572,17000.0,16716.666666666668,449.86770542123634,438.5290096534727,2010,17,7,5,28,0.7,1.0,0.5714285714285712,0.6357142857142858,0.0,17.647058823529413,MEDIUM
2010-07-19,17000.0,17500.0,16500.0,16500.0,17000.0,17035.714285714286,16733.333333333332,408.2482904638805,414.37096508232673,2010,19,7,0,29,0.7,0.5,0.5285714285714284,0.6357142857142856,14.285714285714299,17.142857142857142,MEDIUM
2010-07-21,17500.0,17000.0,17000.0,16000.0,17000.0,17107.14285714286,16766.666666666668,408.2482904638805,400.89186286858654,2010,21,7,2,29,0.8,0.3,0.5714285714285712,0.6642857142857143,-62.5,17.142857142857142,MEDIUM
2010-08-02,17500.0,16500.0,17500.0,16500.0,17071.428571428572,17142.85714285714,16816.666666666668,449.86770542123696,412.71015292772836,2010,2,8,0,31,0.3,0.5,0.5714285714285712,0.6714285714285715,566.6666666666667,17.647058823529413,MEDIUM
2010-08-03,17000.0,16500.0,17500.0,16500.0,17142.85714285714,17107.14285714286,16833.333333333332,377.964473009252,400.8918628685865,2010,3,8,1,31,2.0,0.7,0.7857142857142855,0.65,-80.0,17.647058823529413,MEDIUM
2010-08-10,17000.0,17500.0,17000.0,16500.0,17214.285714285714,17071.428571428572,16850.0,267.26124191246447,385.164443259771,2010,10,8,1,32,0.4,0.3,0.7428571428571427,0.6428571428571429,-75.00000000000001,18.181818181818183,MEDIUM
2010-08-11,16500.0,17000.0,16500.0,16500.0,17071.428571428572,17035.714285714286,16850.0,345.03277967120124,414.37096508232673,2010,11,8,2,32,0.1,0.7,0.7142857142857141,0.6071428571428571,100.0,17.647058823529413,MEDIUM
2010-08-13,17000.0,17000.0,17500.0,16500.0,17071.428571428572,17071.428571428572,16866.666666666668,345.03277967120124,385.164443259771,2010,13,8,4,32,0.2,0.7,0.6428571428571426,0.6071428571428571,-50.0,17.647058823529413,MEDIUM
2010-08-16,17000.0,17500.0,17500.0,16500.0,17071.428571428572,17035.714285714286,16883.333333333332,345.03277967120124,365.022955773634,2010,16,8,0,33,0.1,0.8,0.5571428571428569,0.5428571428571429,100.0,17.647058823529413,MEDIUM
2010-08-18,17000.0,17500.0,17000.0,16500.0,17000.0,17000.0,16900.0,288.67513459483797,339.6831102433246,2010,18,8,2,33,0.2,0.3,0.4714285714285712,0.5214285714285715,300.00000000000006,17.647058823529413,MEDIUM
2010-08-20,17000.0,17000.0,16500.0,16500.0,16928.571428571428,17000.0,16916.666666666668,188.98223650464706,339.6831102433246,2010,20,8,4,33,0.8,2.0,0.5428571428571426,0.5571428571428572,112.49999999999997,18.181818181818183,MEDIUM
2010-08-23,16500.0,17000.0,16500.0,16000.0,16857.14285714286,17000.0,16916.666666666668,243.97501823715507,339.6831102433246,2010,23,8,0,34,1.7,0.4,0.4999999999999997,0.6428571428571429,-82.35294117647058,17.647058823529413,MEDIUM
2010-08-25,17000.0,16500.0,17500.0,16500.0,16857.14285714286,17035.714285714286,16950.0,243.97501823715507,307.8639631073795,2010,25,8,2,34,0.3,0.1,0.48571428571428543,0.6142857142857142,300.0,17.647058823529413,MEDIUM
2010-08-29,17000.0,17000.0,17000.0,16500.0,16928.571428571428,17000.0,16966.666666666668,188.98223650464786,277.3500981125483,2010,29,8,6,34,1.2,0.2,0.6428571428571426,0.6785714285714286,-75.0,17.647058823529413,MEDIUM
2010-09-01,17000.0,17000.0,17000.0,16500.0,16928.571428571428,17000.0,16983.333333333332,188.98223650464786,277.3500981125483,2010,1,9,2,35,0.3,0.1,0.6571428571428568,0.65,0.0,18.181818181818183,LOW
2010-09-03,16500.0,17000.0,17500.0,17000.0,16857.14285714286,16964.285714285714,16983.333333333332,243.97501823715507,307.86396310738303,2010,3,9,4,35,0.3,0.2,0.6857142857142854,0.6214285714285713,66.66666666666667,23.52941176470588,LOW
2010-09-08,17000.0,17000.0,17500.0,16500.0,16857.14285714286,16928.571428571428,16983.333333333332,243.97501823715507,267.26124191235954,2010,8,9,2,36,0.5,0.8,0.7285714285714283,0.6,60.00000000000001,17.647058823529413,LOW
2010-09-10,17000.0,16500.0,17000.0,16500.0,16857.14285714286,16892.85714285714,17000.0,243.97501823715507,212.90765681308096,2010,10,9,4,36,0.8,1.7,0.7285714285714284,0.6357142857142858,-62.5,17.647058823529413,LOW
2010-09-11,17000.0,17000.0,17000.0,17000.0,16928.571428571428,16892.85714285714,17016.666666666668,188.98223650464786,212.90765681308096,2010,11,9,5,36,0.3,0.3,0.5285714285714284,0.5142857142857142,0.0,17.647058823529413,LOW
2010-09-12,17000.0,17000.0,16500.0,17500.0,16928.571428571428,16892.85714285714,17016.666666666668,188.98223650464786,212.90765681308096,2010,12,9,6,36,0.3,1.2,0.5285714285714284,0.5071428571428571,0.0,17.647058823529413,MEDIUM
2010-09-17,17000.0,17000.0,17000.0,17500.0,16928.571428571428,16928.571428571428,17000.0,188.98223650464786,181.5682598005453,2010,17,9,4,37,0.3,0.3,0.39999999999999974,0.5214285714285715,-66.66666666666666,17.647058823529413,MEDIUM
2010-09-19,17000.0,16500.0,17000.0,17000.0,16928.571428571428,16928.571428571428,16983.333333333332,188.98223650464786,181.5682598005453,2010,19,9,6,37,0.1,0.3,0.37142857142857116,0.5142857142857143,1899.9999999999995,17.647058823529413,MEDIUM
2010-09-20,17000.0,17000.0,17000.0,16500.0,17000.0,16928.571428571428,16983.333333333332,0.0,181.5682598005453,2010,20,9,0,38,2.0,0.5,0.614285714285714,0.65,0.0,17.647058823529413,MEDIUM
2010-09-24,17000.0,17000.0,17000.0,17500.0,17000.0,16928.571428571428,17000.0,0.0,181.5682598005453,2010,24,9,4,38,2.0,0.8,0.8285714285714283,0.7785714285714286,-90.0,17.647058823529413,MEDIUM
2010-09-26,17000.0,17000.0,16500.0,17500.0,17000.0,16928.571428571428,16983.333333333332,0.0,181.5682598005453,2010,26,9,6,38,0.2,0.3,0.7428571428571427,0.7357142857142857,149.99999999999997,17.142857142857142,LOW
2010-10-08,17500.0,17000.0,17000.0,17000.0,17071.428571428572,17000.0,16983.333333333332,188.98223650466196,196.11613513809036,2010,8,10,4,40,0.5,0.3,0.7714285714285712,0.65,100.0,11.76470588235294,LOW
2010-10-10,17000.0,17000.0,17000.0,16500.0,17071.428571428572,17000.0,16983.333333333332,188.98223650466196,196.11613513809036,2010,10,10,6,40,1.0,0.3,0.8714285714285711,0.7,-50.0,11.76470588235294,LOW
2010-10-24,17000.0,17000.0,17000.0,16500.0,17071.428571428572,17000.0,17000.0,188.98223650466196,196.11613513809036,2010,24,10,6,42,0.5,0.1,0.8999999999999997,0.65,200.0,11.76470588235294,LOW
2010-10-27,17000.0,17000.0,16500.0,17500.0,17071.428571428572,17000.0,17016.666666666668,188.98223650466196,196.11613513809036,2010,27,10,2,43,1.5,2.0,1.0999999999999999,0.7357142857142857,-93.33333333333333,11.76470588235294,LOW
2010-10-29,17000.0,17000.0,17000.0,17000.0,17071.428571428572,17035.714285714286,17000.0,188.98223650466196,133.63062095607066,2010,29,10,4,43,0.1,2.0,0.8285714285714283,0.7214285714285715,300.00000000000006,11.76470588235294,LOW
2010-10-30,17000.0,17000.0,17000.0,17000.0,17071.428571428572,17035.714285714286,17000.0,188.98223650466196,133.63062095607066,2010,30,10,5,43,0.4,0.2,0.5999999999999998,0.7142857142857143,0.0,11.76470588235294,LOW
2010-11-01,17000.0,17500.0,17000.0,17500.0,17071.428571428572,17035.714285714286,17000.0,188.98223650466196,133.63062095607066,2010,1,11,0,44,0.4,0.5,0.6285714285714282,0.6857142857142857,-50.0,11.76470588235294,LOW
2010-11-03,17000.0,17000.0,17000.0,17500.0,17000.0,17035.714285714286,16983.333333333332,0.0,133.63062095607066,2010,3,11,2,44,0.2,1.0,0.5857142857142854,0.6785714285714286,149.99999999999997,11.76470588235294,LOW
2010-11-04,17000.0,17000.0,17000.0,17000.0,17000.0,17035.714285714286,16966.666666666668,0.0,133.63062095607066,2010,4,11,3,44,0.5,0.5,0.514285714285714,0.692857142857143,4780.0,11.76470588235294,LOW
2010-11-07,17000.0,17000.0,17000.0,17000.0,17000.0,17035.714285714286,16966.666666666668,0.0,133.63062095607066,2010,7,11,6,44,24.4,1.5,3.928571428571428,2.414285714285714,-93.85245901639344,11.76470588235294,LOW
2010-11-17,17000.0,17000.0,17000.0,16500.0,17000.0,17035.714285714286,16966.666666666668,0.0,133.63062095607066,2010,17,11,2,46,1.5,0.1,3.928571428571428,2.514285714285714,-80.0,11.76470588235294,LOW
2010-11-21,17000.0,17000.0,17000.0,17000.0,17000.0,17035.714285714286,16983.333333333332,0.0,133.63062095607066,2010,21,11,6,46,0.3,0.4,3.9571428571428564,2.3928571428571423,333.33333333333337,11.76470588235294,LOW
2010-11-23,17000.0,17000.0,17000.0,17000.0,17000.0,17035.714285714286,16983.333333333332,0.0,133.63062095607066,2010,23,11,1,47,1.3,0.4,4.085714285714285,2.3428571428571425,-38.46153846153846,11.76470588235294,MEDIUM
2010-11-28,17000.0,17000.0,17500.0,17000.0,17000.0,17035.714285714286,16983.333333333332,0.0,133.63062095607066,2010,28,11,6,47,0.8,0.2,4.142857142857142,2.3857142857142857,-75.00000000000001,17.647058823529413,MEDIUM
2010-12-01,17000.0,17000.0,17000.0,17000.0,17000.0,17000.0,16983.333333333332,0.0,0.0,2010,1,12,2,48,0.2,0.5,4.142857142857142,2.3642857142857143,400.0,17.647058823529413,MEDIUM
2010-12-03,17000.0,17000.0,17000.0,16500.0,17000.0,17000.0,16983.333333333332,0.0,0.0,2010,3,12,4,48,1.0,24.4,4.2142857142857135,2.3642857142857143,0.0,17.647058823529413,MEDIUM
2010-12-04,17000.0,17000.0,17000.0,17000.0,17000.0,17000.0,17000.0,0.0,0.0,2010,4,12,5,48,1.0,1.5,0.8714285714285709,2.4,-80.0,17.647058823529413,MEDIUM
2010-12-05,17000.0,17000.0,17000.0,17000.0,17000.0,17000.0,17000.0,0.0,0.0,2010,5,12,6,48,0.2,0.3,0.6857142857142852,2.307142857142857,100.0,17.142857142857142,MEDIUM
2010-12-08,17500.0,17000.0,17000.0,17000.0,17071.428571428572,17035.714285714286,17016.666666666668,188.98223650466196,133.63062095607066,2010,8,12,2,49,0.4,1.3,0.6999999999999995,2.3285714285714287,149.99999999999997,11.76470588235294,MEDIUM
2010-12-10,17000.0,17000.0,17000.0,16500.0,17071.428571428572,17035.714285714286,17016.666666666668,188.98223650466196,133.63062095607066,2010,10,12,4,49,1.0,0.8,0.6571428571428566,2.3714285714285714,-80.0,11.76470588235294,MEDIUM
2010-12-12,17000.0,17000.0,17000.0,17000.0,17071.428571428572,17035.714285714286,17033.333333333332,188.98223650466196,133.63062095607066,2010,12,12,6,49,0.2,0.2,0.571428571428571,2.3571428571428568,100.0,16.666666666666664,MEDIUM
2010-12-14,18000.0,17000.0,17000.0,17000.0,17214.285714285714,17107.14285714286,17066.666666666668,393.39789623475156,289.4671117608508,2010,14,12,1,50,0.4,1.0,0.5999999999999995,2.371428571428571,-75.00000000000001,17.647058823529413,MEDIUM
2010-12-15,17000.0,17000.0,17000.0,17000.0,17214.285714285714,17107.14285714286,17066.666666666668,393.39789623475156,289.4671117608508,2010,15,12,2,50,0.1,1.0,0.471428571428571,2.3428571428571425,199.99999999999997,11.428571428571429,MEDIUM
2010-12-17,17500.0,17000.0,17000.0,17000.0,17285.714285714286,17142.85714285714,17083.333333333332,393.39789623475474,305.6249227509965,2010,17,12,4,50,0.3,0.2,0.37142857142857094,0.6214285714285713,33.33333333333335,11.428571428571429,MEDIUM
2010-12-18,17500.0,17500.0,17000.0,17000.0,17357.14285714286,17178.571428571428,17100.0,377.96447300926474,316.66184688825945,2010,18,12,5,50,0.4,0.4,0.39999999999999947,0.5428571428571429,275.0,11.76470588235294,MEDIUM
2010-12-24,17000.0,17000.0,17000.0,17000.0,17285.714285714286,17178.571428571428,17100.0,393.39789623475474,316.66184688825945,2010,24,12,4,51,1.5,1.0,0.5571428571428566,0.6285714285714287,-86.66666666666667,11.428571428571429,MEDIUM
2010-12-25,17500.0,17000.0,17000.0,17000.0,17357.14285714286,17214.285714285714,17116.666666666668,377.96447300926474,323.10308632936574,2010,25,12,5,51,0.2,0.2,0.44285714285714234,0.5499999999999999,650.0,11.76470588235294,MEDIUM
2010-12-26,17000.0,18000.0,17000.0,17000.0,17357.14285714286,17214.285714285714,17116.666666666668,377.96447300926474,323.10308632936574,2010,26,12,6,51,1.5,0.4,0.628571428571428,0.6,-86.66666666666667,11.76470588235294,LOW
2010-12-28,17000.0,17000.0,17000.0,17000.0,17214.285714285714,17214.285714285714,17116.666666666668,267.2612419124696,323.10308632936574,2010,28,12,1,52,0.2,0.1,0.5999999999999995,0.6,149.99999999999997,11.428571428571429,LOW
2010-12-31,17500.0,17500.0,17000.0,17500.0,17285.714285714286,17250.0,17133.333333333332,267.2612419124735,325.221817793928,2010,31,12,4,52,0.5,0.3,0.6571428571428567,0.5642857142857143,-60.0,11.428571428571429,LOW
2011-01-03,17500.0,17500.0,17000.0,17000.0,17285.714285714286,17285.714285714286,17133.333333333332,267.2612419124735,323.1030863293624,2011,3,1,0,1,0.2,0.4,0.6428571428571423,0.5071428571428572,-50.0,9.142857142857142,HIGH
2011-01-08,17500.0,17000.0,17500.0,17000.0,17285.714285714286,17321.428571428572,17150.0,267.2612419124735,316.6618468882526,2011,8,1,5,1,0.1,1.5,0.5999999999999995,0.5,3100.0,9.142857142857142,HIGH
2011-01-09,17500.0,17500.0,17000.0,17000.0,17357.14285714286,17321.428571428572,17166.666666666668,243.97501823719176,316.6618468882526,2011,9,1,6,1,3.2,0.2,0.8428571428571424,0.7000000000000001,-90.62500000000001,9.142857142857142,HIGH
2011-01-10,17500.0,17000.0,17000.0,17000.0,17357.14285714286,17357.14285714286,17183.333333333332,243.97501823719176,305.6249227509859,2011,10,1,0,2,0.3,1.5,0.8571428571428567,0.65,233.33333333333334,9.142857142857142,HIGH
2011-01-12,17500.0,17000.0,18000.0,17000.0,17428.571428571428,17392.85714285714,17200.0,188.9822365046953,289.4671117608359,2011,12,1,2,2,1.0,0.2,0.7857142857142853,0.7071428571428572,-40.0,9.142857142857142,LOW
2012-01-09,17500.0,17500.0,17000.0,17000.0,17500.0,17357.14285714286,17216.666666666668,0.0,234.40361546914696,2012,9,1,0,2,0.6,0.5,0.8428571428571424,0.7214285714285714,2566.666666666667,15.0,LOW
2012-01-10,20000.0,17500.0,17500.0,17000.0,17857.14285714286,17571.428571428572,17316.666666666668,944.9111825230929,730.0459115473334,2012,10,1,1,2,16.0,0.2,3.057142857142857,1.8571428571428572,-68.75,15.0,LOW
2012-01-11,20000.0,17500.0,17500.0,17000.0,18214.285714285714,17750.0,17416.666666666668,1219.8750911856919,975.6654533819541,2012,11,1,2,2,5.0,0.1,3.742857142857143,2.1928571428571426,-50.0,15.0,LOW
2012-01-12,20000.0,17500.0,17000.0,17000.0,18571.428571428572,17928.571428571428,17516.666666666668,1336.3062095621513,1141.1388181101072,2012,12,1,3,2,2.5,3.2,4.085714285714285,2.3428571428571425,220.00000000000003,15.0,LOW
2012-01-13,20000.0,17500.0,17500.0,17000.0,18928.571428571428,18142.85714285714,17616.666666666668,1336.306209562158,1231.4558524297324,2012,13,1,4,2,8.0,0.3,4.771428571428571,2.807142857142857,2.499999999999991,15.0,LOW
2012-01-14,20000.0,17500.0,17000.0,17000.0,19285.714285714286,18321.428571428572,17716.666666666668,1219.8750911857144,1309.831798613569,2012,14,1,5,2,8.2,1.0,5.8999999999999995,3.3785714285714286,21.951219512195134,15.0,LOW
2012-01-16,20000.0,17500.0,17000.0,17000.0,19642.85714285714,18535.714285714286,17816.666666666668,944.9111825231412,1322.3563716435456,2012,16,1,0,3,10.0,0.6,7.185714285714285,3.9857142857142853,-4.0000000000000036,15.0,LOW
2012-01-20,20000.0,20000.0,17500.0,17000.0,20000.0,18750.0,17916.666666666668,0.0,1297.1863041568895,2012,20,1,4,3,9.6,16.0,8.471428571428572,4.6571428571428575,-84.375,15.0,LOW
2012-01-24,20000.0,20000.0,17500.0,17000.0,20000.0,18928.571428571428,18016.666666666668,0.0,1283.8814775326985,2012,24,1,1,4,1.5,5.0,6.3999999999999995,4.728571428571429,413.33333333333337,15.0,LOW
2012-01-27,20000.0,20000.0,17500.0,17000.0,20000.0,19107.14285714286,18116.666666666668,0.0,1243.1128952470738,2012,27,1,4,4,7.7,2.5,6.785714285714286,5.264285714285714,66.23376623376623,15.0,LOW
2012-02-10,20000.0,20000.0,17500.0,17000.0,20000.0,19285.714285714286,18216.666666666668,0.0,1172.0180773461902,2012,10,2,4,6,12.8,8.0,8.257142857142856,6.171428571428572,94.140625,15.0,LOW
2012-02-12,20000.0,20000.0,17500.0,17000.0,20000.0,19464.285714285714,18316.666666666668,0.0,1064.5382840657446,2012,12,2,6,6,24.85,8.2,10.664285714285715,7.717857142857143,63.782696177062384,15.0,LOW
2012-02-17,20000.0,20000.0,17500.0,17500.0,20000.0,19642.85714285714,18416.666666666668,0.0,907.8412990031355,2012,17,2,4,7,40.7,10.0,15.307142857142859,10.60357142857143,-88.89434889434891,15.0,LOW
2012-02-18,20000.0,20000.0,17500.0,17000.0,20000.0,19821.428571428572,18500.0,0.0,668.1531047809635,2012,18,2,5,7,4.52,9.6,14.524285714285714,10.855,92.47787610619469,15.0,LOW
2012-02-20,20000.0,20000.0,20000.0,17000.0,20000.0,20000.0,18600.0,0.0,0.0,2012,20,2,0,8,8.7,1.5,14.395714285714288,11.43357142857143,750.5747126436783,15.0,LOW
2012-02-21,20000.0,20000.0,20000.0,18000.0,20000.0,20000.0,18700.0,0.0,0.0,2012,21,2,1,8,74.0,7.7,24.752857142857145,15.576428571428574,-77.56756756756756,15.0,LOW
2012-02-22,20000.0,20000.0,20000.0,17000.0,20000.0,20000.0,18766.666666666668,0.0,0.0,2012,22,2,2,8,16.6,12.8,26.024285714285718,16.405,-54.81927710843374,15.0,LOW
2012-02-27,20000.0,20000.0,20000.0,17500.0,20000.0,20000.0,18866.666666666668,0.0,0.0,2012,27,2,0,9,7.5,24.85,25.267142857142858,16.76214285714286,-23.999999999999996,15.0,LOW
2012-03-03,20000.0,20000.0,20000.0,17500.0,20000.0,20000.0,18950.0,0.0,0.0,2012,3,3,5,9,5.7,40.7,22.531428571428574,16.597857142857144,19.298245614035082,15.0,LOW
2012-03-04,20000.0,20000.0,20000.0,17000.0,20000.0,20000.0,19033.333333333332,0.0,0.0,2012,4,3,6,9,6.8,4.52,17.68857142857143,16.497857142857143,-57.35294117647059,15.0,LOW
2012-03-05,20000.0,20000.0,20000.0,17500.0,20000.0,20000.0,19133.333333333332,0.0,0.0,2012,5,3,0,10,2.9,8.7,17.45714285714286,15.990714285714287,82.75862068965517,15.0,LOW
2012-03-10,20000.0,20000.0,20000.0,17000.0,20000.0,20000.0,19216.666666666668,0.0,0.0,2012,10,3,5,10,5.3,74.0,16.97142857142857,15.68357142857143,47.16981132075472,15.0,LOW
2012-03-12,20000.0,20000.0,20000.0,17000.0,20000.0,20000.0,19316.666666666668,0.0,0.0,2012,12,3,0,11,7.8,16.6,7.514285714285714,16.13357142857143,-10.256410256410255,15.0,LOW
2012-03-17,20000.0,20000.0,20000.0,17500.0,20000.0,20000.0,19416.666666666668,0.0,0.0,2012,17,3,5,11,7.0,7.5,6.142857142857143,16.083571428571428,42.857142857142854,15.0,LOW
2012-03-23,20000.0,20000.0,20000.0,17500.0,20000.0,20000.0,19500.0,0.0,0.0,2012,23,3,4,12,10.0,5.7,6.5,15.883571428571429,-20.0,15.0,LOW
2012-03-25,20000.0,20000.0,20000.0,17500.0,20000.0,20000.0,19583.333333333332,0.0,0.0,2012,25,3,6,12,8.0,6.8,6.828571428571428,14.680000000000001,-99.625,15.0,LOW
2012-03-26,20000.0,20000.0,20000.0,17500.0,20000.0,20000.0,19666.666666666668,0.0,0.0,2012,26,3,0,13,0.03,2.9,5.861428571428571,11.775,88566.66666666667,15.0,LOW
2012-03-30,20000.0,20000.0,20000.0,17500.0,20000.0,20000.0,19750.0,0.0,0.0,2012,30,3,4,13,26.6,5.3,9.247142857142858,13.352142857142857,159.3984962406015,15.0,LOW
2012-04-03,20000.0,20000.0,20000.0,17500.0,20000.0,20000.0,19833.333333333332,0.0,0.0,2012,3,4,1,14,69.0,7.8,18.34714285714286,17.659285714285716,-99.27536231884058,15.0,LOW
2012-04-04,20000.0,20000.0,20000.0,17500.0,20000.0,20000.0,19916.666666666668,0.0,0.0,2012,4,4,2,14,0.5,7.0,17.304285714285715,12.409285714285716,1500.0,15.0,LOW
2012-04-06,20000.0,20000.0,20000.0,20000.0,20000.0,20000.0,20000.0,0.0,0.0,2012,6,4,4,14,8.0,10.0,17.447142857142858,11.795,-75.0,15.0,LOW
2012-04-09,20000.0,20000.0,20000.0,20000.0,20000.0,20000.0,20000.0,0.0,0.0,2012,9,4,0,15,2.0,8.0,16.304285714285715,11.402142857142858,4064.5000000000005,15.0,LOW
2012-04-11,20000.0,20000.0,20000.0,20000.0,20000.0,20000.0,20000.0,0.0,0.0,2012,11,4,2,15,83.29,0.03,27.060000000000002,16.944285714285716,97.88690118861805,15.0,LOW
2012-04-13,20000.0,20000.0,20000.0,20000.0,20000.0,20000.0,20000.0,0.0,0.0,2012,13,4,4,15,164.82,26.6,50.60142857142858,28.231428571428573,-96.06237107147192,15.0,LOW
2012-04-15,20000.0,20000.0,20000.0,20000.0,20000.0,20000.0,20000.0,0.0,0.0,2012,15,4,6,15,6.49,69.0,47.72857142857142,28.48785714285714,1101.848998459168,15.0,LOW
2012-04-16,20000.0,20000.0,20000.0,20000.0,20000.0,20000.0,20000.0,0.0,0.0,2012,16,4,0,16,78.0,0.5,49.01428571428572,33.68071428571429,-3.3076923076923053,15.0,LOW
2012-04-18,20000.0,20000.0,20000.0,20000.0,20000.0,20000.0,20000.0,0.0,0.0,2012,18,4,2,16,75.42,8.0,59.71714285714286,38.510714285714286,-92.62795014584991,15.0,LOW
2012-04-24,20000.0,20000.0,20000.0,20000.0,20000.0,20000.0,20000.0,0.0,0.0,2012,24,4,1,17,5.56,2.0,59.36857142857143,38.40785714285715,669.9640287769785,15.0,LOW
2012-04-30,20000.0,20000.0,20000.0,20000.0,20000.0,20000.0,20000.0,0.0,0.0,2012,30,4,0,18,42.81,83.29,65.19857142857144,40.75142857142857,-34.594720859612245,15.0,LOW
2012-05-04,20000.0,20000.0,20000.0,20000.0,20000.0,20000.0,20000.0,0.0,0.0,2012,4,5,4,18,28.0,164.82,57.300000000000004,42.18,257.0,15.0,LOW
2012-05-07,20000.0,20000.0,20000.0,20000.0,20000.0,20000.0,20000.0,0.0,0.0,2012,7,5,0,19,99.96,6.49,48.034285714285716,49.31785714285714,-24.919967987194877,15.0,LOW
2012-05-14,20000.0,20000.0,20000.0,20000.0,20000.0,20000.0,20000.0,0.0,0.0,2012,14,5,0,20,75.05,78.0,57.82857142857143,52.778571428571425,114.5236508994004,15.0,LOW
2012-05-16,20000.0,20000.0,20000.0,20000.0,20000.0,20000.0,20000.0,0.0,0.0,2012,16,5,2,20,161.0,75.42,69.68571428571428,59.35,-49.714285714285715,15.0,LOW
2012-05-19,20000.0,20000.0,20000.0,20000.0,20000.0,20000.0,20000.0,0.0,0.0,2012,19,5,5,20,80.96,5.56,70.47714285714285,65.09714285714286,-95.49160079051383,15.0,LOW
2012-05-21,20000.0,20000.0,20000.0,20000.0,20000.0,20000.0,20000.0,0.0,0.0,2012,21,5,0,21,3.65,42.81,70.20428571428572,64.78642857142857,51.780821917808225,15.0,LOW
2012-05-26,20000.0,20000.0,20000.0,20000.0,20000.0,20000.0,20000.0,0.0,0.0,2012,26,5,5,21,5.54,28.0,64.88,65.03928571428571,2390.9747292418774,15.0,LOW
2012-05-27,20000.0,20000.0,20000.0,20000.0,20000.0,20000.0,20000.0,0.0,0.0,2012,27,5,6,21,138.0,99.96,80.5942857142857,68.94714285714285,-99.4927536231884,15.0,LOW
2012-05-28,20000.0,20000.0,20000.0,20000.0,20000.0,20000.0,20000.0,0.0,0.0,2012,28,5,0,22,0.7,75.05,66.41428571428573,57.22428571428571,30185.71428571429,15.0,LOW
2012-05-30,20000.0,20000.0,20000.0,20000.0,20000.0,20000.0,20000.0,0.0,0.0,2012,30,5,2,22,212.0,161.0,85.97857142857143,71.90357142857142,-99.10377358490565,15.0,LOW
2012-06-05,20000.0,20000.0,20000.0,20000.0,20000.0,20000.0,20000.0,0.0,0.0,2012,5,6,1,23,1.9,80.96,63.25,66.46785714285714,6636.8421052631575,15.0,LOW
2012-06-10,20000.0,20000.0,20000.0,20000.0,20000.0,20000.0,20000.0,0.0,0.0,2012,10,6,6,23,128.0,3.65,69.97,70.22357142857143,-92.421875,15.0,LOW
2012-06-11,20000.0,20000.0,20000.0,20000.0,20000.0,20000.0,20000.0,0.0,0.0,2012,11,6,0,24,9.7,5.54,70.83428571428571,70.51928571428572,19.587628865979386,15.0,LOW
2012-06-12,20000.0,20000.0,20000.0,20000.0,20000.0,20000.0,20000.0,0.0,0.0,2012,12,6,1,24,11.6,138.0,71.7,68.29,-18.965517241379303,15.0,LOW
2012-06-13,20000.0,20000.0,20000.0,20000.0,20000.0,20000.0,20000.0,0.0,0.0,2012,13,6,2,24,9.4,0.7,53.32857142857143,66.96142857142857,-31.06382978723404,15.0,LOW
2012-06-18,20000.0,20000.0,20000.0,20000.0,20000.0,20000.0,20000.0,0.0,0.0,2012,18,6,0,25,6.48,212.0,54.15428571428572,60.284285714285716,-61.41975308641976,15.0,LOW
2012-06-20,20000.0,20000.0,20000.0,20000.0,20000.0,20000.0,20000.0,0.0,0.0,2012,20,6,2,25,2.5,1.9,24.225714285714293,55.10214285714286,1140.0,15.0,LOW
2012-06-23,20000.0,20000.0,20000.0,20000.0,20000.0,20000.0,20000.0,0.0,0.0,2012,23,6,5,25,31.0,128.0,28.382857142857148,45.816428571428574,25.806451612903224,15.0,LOW
2012-06-24,20000.0,20000.0,20000.0,20000.0,20000.0,20000.0,20000.0,0.0,0.0,2012,24,6,6,25,39.0,9.7,15.668571428571434,42.81928571428572,-83.07692307692307,15.0,LOW
2012-06-25,20000.0,20000.0,20000.0,20000.0,20000.0,20000.0,20000.0,0.0,0.0,2012,25,6,0,26,6.6,11.6,15.22571428571429,43.029999999999994,-69.69696969696969,15.0,LOW
2012-06-29,20000.0,20000.0,20000.0,20000.0,20000.0,20000.0,20000.0,0.0,0.0,2012,29,6,4,26,2.0,9.4,13.85428571428572,42.777142857142856,1550.0,15.0,LOW
2012-06-30,20000.0,20000.0,20000.0,20000.0,20000.0,20000.0,20000.0,0.0,0.0,2012,30,6,5,26,33.0,6.48,17.22571428571429,35.277142857142856,-90.9090909090909,15.0,LOW
2012-07-04,20000.0,20000.0,20000.0,20000.0,20000.0,20000.0,20000.0,0.0,0.0,2012,4,7,2,27,3.0,2.5,16.72857142857143,35.441428571428574,100.0,15.0,LOW
2012-07-06,20000.0,20000.0,20000.0,20000.0,20000.0,20000.0,20000.0,0.0,0.0,2012,6,7,4,27,6.0,31.0,17.22857142857143,20.72714285714286,469.00000000000006,15.0,LOW
2012-07-07,20000.0,20000.0,20000.0,20000.0,20000.0,20000.0,20000.0,0.0,0.0,2012,7,7,5,27,34.14,39.0,17.67714285714286,23.03,-94.14176918570591,15.0,LOW
2012-07-10,20000.0,20000.0,20000.0,20000.0,20000.0,20000.0,20000.0,0.0,0.0,2012,10,7,1,28,2.0,6.6,12.391428571428577,14.030000000000001,0.0,15.0,LOW
2012-07-11,20000.0,20000.0,20000.0,20000.0,20000.0,20000.0,20000.0,0.0,0.0,2012,11,7,2,28,2.0,2.0,11.734285714285718,13.480000000000002,1900.0,15.0,LOW
2012-07-14,20000.0,20000.0,20000.0,20000.0,20000.0,20000.0,20000.0,0.0,0.0,2012,14,7,5,28,40.0,33.0,17.162857142857145,15.508571428571429,-86.0,15.0,LOW
2012-07-18,20000.0,20000.0,20000.0,20000.0,20000.0,20000.0,20000.0,0.0,0.0,2012,18,7,2,29,5.6,3.0,13.248571428571433,15.237142857142858,-65.0,15.0,LOW
2012-07-20,20000.0,20000.0,20000.0,20000.0,20000.0,20000.0,20000.0,0.0,0.0,2012,20,7,4,29,1.96,6.0,13.100000000000005,14.914285714285713,78.57142857142857,15.0,LOW
2012-07-22,20000.0,20000.0,20000.0,20000.0,20000.0,20000.0,20000.0,0.0,0.0,2012,22,7,6,29,3.5,34.14,12.742857142857147,14.985714285714284,1065.7142857142856,15.0,LOW
2012-07-23,20000.0,20000.0,20000.0,20000.0,20000.0,20000.0,20000.0,0.0,0.0,2012,23,7,0,30,40.8,2.0,13.694285714285718,15.685714285714285,-91.42156862745098,15.0,LOW
2012-07-27,20000.0,20000.0,20000.0,20000.0,20000.0,20000.0,20000.0,0.0,0.0,2012,27,7,4,30,3.5,2.0,13.908571428571433,13.15,111.42857142857143,15.0,LOW
2012-07-28,20000.0,20000.0,20000.0,20000.0,20000.0,20000.0,20000.0,0.0,0.0,2012,28,7,5,30,7.4,40.0,14.680000000000005,13.207142857142857,5.405405405405398,15.0,LOW
2012-08-07,20000.0,20000.0,20000.0,20000.0,20000.0,20000.0,20000.0,0.0,0.0,2012,7,8,1,32,7.8,5.6,10.080000000000004,13.62142857142857,-79.48717948717949,15.0,LOW
2012-08-08,20000.0,20000.0,20000.0,20000.0,20000.0,20000.0,20000.0,0.0,0.0,2012,8,8,2,32,1.6,1.96,9.508571428571432,11.37857142857143,2506.25,15.0,LOW
2012-08-12,20000.0,20000.0,20000.0,20000.0,20000.0,20000.0,20000.0,0.0,0.0,2012,12,8,6,32,41.7,3.5,15.185714285714289,14.142857142857142,-93.04556354916068,15.0,LOW
2012-08-14,20000.0,20000.0,20000.0,20000.0,20000.0,20000.0,20000.0,0.0,0.0,2012,14,8,1,33,2.9,40.8,15.100000000000005,13.921428571428573,1348.2758620689656,15.0,LOW
2012-08-15,20000.0,20000.0,20000.0,20000.0,20000.0,20000.0,20000.0,0.0,0.0,2012,15,8,2,33,42.0,3.5,15.271428571428576,14.482857142857142,-21.428571428571427,15.0,LOW
2012-08-18,20000.0,20000.0,20000.0,20000.0,20000.0,20000.0,20000.0,0.0,0.0,2012,18,8,5,33,33.0,7.4,19.48571428571429,16.697142857142858,-82.03030303030303,15.0,LOW
2012-08-25,20000.0,20000.0,20000.0,20000.0,20000.0,20000.0,20000.0,0.0,0.0,2012,25,8,5,34,5.93,7.8,19.275714285714287,16.977857142857143,571.1635750421584,15.0,LOW
2012-08-29,20000.0,20000.0,20000.0,20000.0,20000.0,20000.0,20000.0,0.0,0.0,2012,29,8,2,35,39.8,1.6,23.84714285714286,16.963571428571427,-84.59798994974874,15.0,LOW
2012-08-31,20000.0,20000.0,20000.0,20000.0,20000.0,20000.0,20000.0,0.0,0.0,2012,31,8,4,35,6.13,41.7,24.49428571428572,17.00142857142857,5.220228384991848,15.0,LOW
2012-09-02,20000.0,20000.0,20000.0,20000.0,20000.0,20000.0,20000.0,0.0,0.0,2012,2,9,6,35,6.45,2.9,19.458571428571435,17.322142857142858,-6.976744186046514,15.0,LOW
2012-09-08,20000.0,20000.0,20000.0,20000.0,20000.0,20000.0,20000.0,0.0,0.0,2012,8,9,5,36,6.0,42.0,19.901428571428575,17.500714285714288,-2.3333333333333277,15.0,LOW
2012-09-11,20000.0,20000.0,20000.0,20000.0,20000.0,20000.0,20000.0,0.0,0.0,2012,11,9,1,37,5.86,33.0,14.738571428571433,15.004999999999999,45.05119453924914,15.0,LOW
2012-09-12,20000.0,20000.0,20000.0,20000.0,20000.0,20000.0,20000.0,0.0,0.0,2012,12,9,2,37,8.5,5.93,11.238571428571431,15.362142857142857,911.7647058823529,15.0,LOW
2012-09-15,20000.0,20000.0,20000.0,20000.0,20000.0,20000.0,20000.0,0.0,0.0,2012,15,9,5,37,86.0,39.8,22.677142857142858,20.976428571428567,-87.20930232558139,15.0,LOW
2012-09-16,20000.0,20000.0,20000.0,20000.0,20000.0,20000.0,20000.0,0.0,0.0,2012,16,9,6,37,11.0,6.13,18.562857142857148,21.205000000000002,609.0909090909091,15.0,LOW
2012-09-17,20000.0,20000.0,20000.0,20000.0,20000.0,20000.0,20000.0,0.0,0.0,2012,17,9,0,38,78.0,6.45,28.830000000000005,26.662142857142857,-93.84615384615384,15.0,LOW
2012-09-18,20000.0,20000.0,20000.0,20000.0,20000.0,20000.0,20000.0,0.0,0.0,2012,18,9,1,38,4.8,6.0,28.594285714285718,24.026428571428568,-39.791666666666664,15.0,LOW
2012-09-21,20000.0,20000.0,20000.0,20000.0,20000.0,20000.0,20000.0,0.0,0.0,2012,21,9,4,38,2.89,5.86,28.150000000000002,24.025714285714287,135.2941176470588,15.0,LOW
2012-09-22,20000.0,20000.0,20000.0,20000.0,20000.0,20000.0,20000.0,0.0,0.0,2012,22,9,5,38,6.8,8.5,28.28428571428572,21.51142857142857,914.7058823529413,15.0,LOW
2012-09-24,20000.0,20000.0,20000.0,20000.0,20000.0,20000.0,20000.0,0.0,0.0,2012,24,9,0,39,69.0,86.0,36.92714285714286,24.08285714285714,128.9855072463768,15.0,LOW
2012-09-25,20000.0,20000.0,20000.0,20000.0,20000.0,20000.0,20000.0,0.0,0.0,2012,25,9,1,39,158.0,11.0,47.212857142857146,34.945,-91.96202531645571,15.0,LOW
2012-09-26,20000.0,20000.0,20000.0,20000.0,20000.0,20000.0,20000.0,0.0,0.0,2012,26,9,2,39,12.7,78.0,47.455714285714286,33.00928571428571,476.37795275590554,15.0,LOW
2012-09-28,20000.0,20000.0,20000.0,20000.0,20000.0,20000.0,20000.0,0.0,0.0,2012,28,9,4,39,73.2,4.8,46.769999999999996,37.8,-99.04371584699453,15.0,LOW
2012-09-29,20000.0,20000.0,20000.0,20000.0,20000.0,20000.0,20000.0,0.0,0.0,2012,29,9,5,39,0.7,2.89,46.184285714285714,37.38928571428572,10614.285714285714,15.0,LOW
2012-10-05,20000.0,20000.0,20000.0,20000.0,20000.0,20000.0,20000.0,0.0,0.0,2012,5,10,4,40,75.0,6.8,56.48571428571429,42.31785714285714,-84.53333333333333,15.0,LOW
2012-10-08,20000.0,20000.0,20000.0,20000.0,20000.0,20000.0,20000.0,0.0,0.0,2012,8,10,0,41,11.6,69.0,57.17142857142857,42.72785714285715,589.6551724137931,15.0,LOW
2012-10-09,20000.0,20000.0,20000.0,20000.0,20000.0,20000.0,20000.0,0.0,0.0,2012,9,10,1,41,80.0,158.0,58.74285714285714,47.835,-83.75,15.0,LOW
2012-10-10,20000.0,20000.0,20000.0,20000.0,20000.0,20000.0,20000.0,0.0,0.0,2012,10,10,2,41,13.0,12.7,38.028571428571425,42.62071428571429,535.2307692307692,15.0,LOW
2012-10-15,20000.0,20000.0,20000.0,20000.0,20000.0,20000.0,20000.0,0.0,0.0,2012,15,10,0,42,82.58,73.2,48.011428571428574,47.73357142857143,-83.41002664083312,15.0,LOW
2012-10-17,20000.0,20000.0,20000.0,20000.0,20000.0,20000.0,20000.0,0.0,0.0,2012,17,10,2,42,13.7,0.7,39.51142857142857,43.14071428571429,-35.76642335766422,15.0,LOW
2012-10-22,20000.0,20000.0,20000.0,20000.0,20000.0,20000.0,20000.0,0.0,0.0,2012,22,10,0,43,8.8,75.0,40.66857142857142,43.426428571428566,490.90909090909093,15.0,LOW
2012-10-26,20000.0,20000.0,20000.0,20000.0,20000.0,20000.0,20000.0,0.0,0.0,2012,26,10,4,43,52.0,11.6,37.382857142857134,46.93428571428571,59.61538461538461,15.0,LOW
2012-11-02,20000.0,20000.0,20000.0,20000.0,20000.0,20000.0,20000.0,0.0,0.0,2012,2,11,4,44,83.0,80.0,47.582857142857144,52.37714285714286,-86.74698795180723,15.0,LOW
2012-11-09,20000.0,20000.0,20000.0,20000.0,20000.0,20000.0,20000.0,0.0,0.0,2012,9,11,4,45,11.0,13.0,37.72571428571428,48.23428571428571,-37.272727272727266,15.0,LOW
2012-11-10,20000.0,20000.0,20000.0,20000.0,20000.0,20000.0,20000.0,0.0,0.0,2012,10,11,5,45,6.9,82.58,36.85428571428571,37.44142857142857,30.43478260869564,15.0,LOW
2012-11-11,20000.0,20000.0,20000.0,20000.0,20000.0,20000.0,20000.0,0.0,0.0,2012,11,11,6,45,9.0,13.7,26.342857142857145,37.17714285714286,-22.22222222222222,15.0,LOW
2012-11-12,20000.0,20000.0,20000.0,20000.0,20000.0,20000.0,20000.0,0.0,0.0,2012,12,11,0,46,7.0,8.8,25.38571428571429,32.44857142857143,128.57142857142858,15.0,LOW
2012-11-18,20000.0,20000.0,20000.0,20000.0,20000.0,20000.0,20000.0,0.0,0.0,2012,18,11,6,46,16.0,52.0,26.414285714285715,33.54142857142857,-48.75000000000001,15.0,LOW
2012-11-19,20000.0,20000.0,20000.0,20000.0,20000.0,20000.0,20000.0,0.0,0.0,2012,19,11,0,47,8.2,83.0,20.157142857142855,28.77,-6.0975609756097455,15.0,LOW
2012-11-26,20000.0,20000.0,20000.0,20000.0,20000.0,20000.0,20000.0,0.0,0.0,2012,26,11,0,48,7.7,11.0,9.4,28.49142857142857,-18.181818181818183,15.0,LOW
2012-11-28,20000.0,20000.0,20000.0,20000.0,20000.0,20000.0,20000.0,0.0,0.0,2012,28,11,2,48,6.3,6.9,8.72857142857143,23.22714285714286,-25.39682539682539,15.0,LOW
2012-12-15,20000.0,20000.0,20000.0,20000.0,20000.0,20000.0,20000.0,0.0,0.0,2012,15,12,5,50,4.7,9.0,8.414285714285715,22.634285714285713,1531.914893617021,15.0,LOW
2012-12-18,20000.0,20000.0,20000.0,20000.0,20000.0,20000.0,20000.0,0.0,0.0,2012,18,12,1,51,76.7,7.0,18.085714285714285,22.214285714285715,-91.70795306388527,15.0,LOW
2012-12-22,20000.0,20000.0,20000.0,20000.0,20000.0,20000.0,20000.0,0.0,0.0,2012,22,12,5,51,6.36,16.0,17.994285714285716,21.69,151.57232704402517,15.0,LOW
2012-12-26,20000.0,20000.0,20000.0,20000.0,20000.0,20000.0,20000.0,0.0,0.0,2012,26,12,2,52,16.0,8.2,17.994285714285716,22.204285714285714,937.5,15.0,LOW
2012-12-29,20000.0,20000.0,20000.0,20000.0,20000.0,20000.0,20000.0,0.0,0.0,2012,29,12,5,52,166.0,7.7,40.537142857142854,30.34714285714286,-50.602409638554214,15.0,LOW
2012-12-31,20000.0,20000.0,20000.0,20000.0,20000.0,20000.0,20000.0,0.0,0.0,2012,31,12,0,1,82.0,6.3,51.151428571428575,30.275714285714287,-3.6585365853658534,15.0,LOW
2013-01-06,20000.0,20000.0,20000.0,20000.0,20000.0,20000.0,20000.0,0.0,0.0,2013,6,1,6,1,79.0,4.7,61.537142857142854,35.13285714285714,-87.34177215189874,15.0,LOW
2013-01-12,20000.0,20000.0,20000.0,20000.0,20000.0,20000.0,20000.0,0.0,0.0,2013,12,1,5,2,10.0,76.7,62.294285714285714,35.354285714285716,700.0,15.0,LOW
2013-01-16,20000.0,20000.0,20000.0,20000.0,20000.0,20000.0,20000.0,0.0,0.0,2013,16,1,2,3,80.0,6.36,62.76571428571429,40.425714285714285,100.0,15.0,LOW
2013-01-20,20000.0,20000.0,20000.0,20000.0,20000.0,20000.0,20000.0,0.0,0.0,2013,20,1,6,3,160.0,16.0,84.71428571428571,51.354285714285716,-58.12500000000001,15.0,LOW
2013-01-21,20000.0,20000.0,20000.0,20000.0,20000.0,20000.0,20000.0,0.0,0.0,2013,21,1,0,4,67.0,166.0,92.0,54.99714285714286,34.32835820895522,15.0,LOW
2013-01-30,20000.0,20000.0,20000.0,20000.0,20000.0,20000.0,20000.0,0.0,0.0,2013,30,1,2,5,90.0,82.0,81.14285714285714,60.839999999999996,-25.555555555555554,15.0,LOW
2013-02-02,20000.0,20000.0,20000.0,20000.0,20000.0,20000.0,20000.0,0.0,0.0,2013,2,2,5,5,67.0,79.0,79.0,65.07571428571428,-91.19402985074628,15.0,LOW
2013-02-04,20000.0,20000.0,20000.0,20000.0,20000.0,20000.0,20000.0,0.0,0.0,2013,4,2,0,6,5.9,10.0,68.55714285714285,65.04714285714286,-99.83050847457628,15.0,LOW
2013-02-11,20000.0,20000.0,20000.0,20000.0,20000.0,20000.0,20000.0,0.0,0.0,2013,11,2,0,7,0.01,80.0,67.13000000000001,64.71214285714287,547900.0,15.0,LOW
2013-02-13,20000.0,20000.0,20000.0,20000.0,20000.0,20000.0,20000.0,0.0,0.0,2013,13,2,2,7,54.8,160.0,63.529999999999994,63.14785714285715,-80.2919708029197,15.0,MEDIUM
2013-02-15,20000.0,20000.0,20000.0,20000.0,20000.0,20000.0,20000.0,0.0,0.0,2013,15,2,4,7,10.8,67.0,42.215714285714284,63.464999999999996,-23.148148148148145,15.0,MEDIUM
2013-02-17,20000.0,20000.0,20000.0,20000.0,20000.0,20000.0,20000.0,0.0,0.0,2013,17,2,6,7,8.3,90.0,33.83,62.915,1.2048192771084292,15.0,MEDIUM
2013-02-19,20000.0,20000.0,20000.0,20000.0,20000.0,20000.0,20000.0,0.0,0.0,2013,19,2,1,8,8.4,67.0,22.172857142857143,51.65785714285715,0.0,15.0,MEDIUM
2013-02-22,20000.0,20000.0,20000.0,20000.0,20000.0,20000.0,20000.0,0.0,0.0,2013,22,2,4,8,8.4,5.9,13.801428571428572,46.40071428571429,90.47619047619047,15.0,LOW
2013-02-23,20000.0,20000.0,20000.0,20000.0,20000.0,20000.0,20000.0,0.0,0.0,2013,23,2,5,8,16.0,0.01,15.244285714285713,41.90071428571429,-38.125,9.523809523809524,LOW
2013-02-25,21000.0,20000.0,20000.0,20000.0,20142.85714285714,20071.428571428572,20033.333333333332,377.9644730094525,267.261241912161,2013,25,2,0,9,9.9,54.8,16.65714285714286,41.89357142857143,3132.3232323232323,9.523809523809524,LOW
2013-02-26,21000.0,20000.0,20000.0,20000.0,20285.714285714286,20142.85714285714,20066.666666666668,487.95003647445054,363.1365196010839,2013,26,2,1,9,320.0,10.8,54.542857142857144,59.03642857142857,-97.59375,9.523809523809524,LOW
2013-03-01,21000.0,20000.0,20000.0,20000.0,20428.571428571428,20214.285714285714,20100.0,534.5224838250258,425.81531362614885,2013,1,3,4,9,7.7,8.3,54.1,48.15785714285715,14.285714285714294,9.523809523809524,LOW
2013-03-07,21000.0,20000.0,20000.0,20000.0,20571.428571428572,20285.714285714286,20133.333333333332,534.5224838250356,468.8072309383379,2013,7,3,3,10,8.8,8.4,54.17142857142857,44.00071428571429,-7.954545454545466,9.523809523809524,LOW
2013-03-10,21000.0,20000.0,20000.0,20000.0,20714.285714285714,20357.14285714286,20166.666666666668,487.9500364744824,497.2451580986966,2013,10,3,6,10,8.1,8.4,54.12857142857143,38.15071428571429,220.98765432098764,9.523809523809524,LOW
2013-03-11,21000.0,20000.0,20000.0,20000.0,20857.14285714286,20428.571428571428,20200.0,377.96447300952013,513.552591012948,2013,11,3,0,11,26.0,16.0,56.64285714285715,35.222142857142856,-60.30769230769231,9.523809523809524,LOW
2013-03-12,21000.0,21000.0,20000.0,20000.0,21000.0,20500.0,20233.333333333332,0.0,518.8745216626229,2013,12,3,1,11,10.32,9.9,55.83142857142858,35.53785714285714,18.21705426356588,9.523809523809524,LOW
2013-03-13,21000.0,21000.0,20000.0,20000.0,21000.0,20571.428571428572,20266.666666666668,0.0,513.5525910129438,2013,13,3,2,11,12.2,320.0,56.160000000000004,36.40857142857143,-11.475409836065563,9.523809523809524,LOW
2013-03-15,21000.0,21000.0,20000.0,20000.0,21000.0,20642.85714285714,20300.0,0.0,497.24515809868785,2013,15,3,4,11,10.8,7.7,11.98857142857143,33.26571428571429,-25.000000000000007,9.523809523809524,LOW
2013-03-16,21000.0,21000.0,20000.0,20000.0,21000.0,20714.285714285714,20333.333333333332,0.0,468.807230938324,2013,16,3,5,11,8.1,8.8,12.045714285714284,33.07285714285714,2.469135802469149,9.523809523809524,MEDIUM
2013-03-17,21000.0,21000.0,20000.0,20000.0,21000.0,20785.714285714286,20366.666666666668,0.0,425.81531362612816,2013,17,3,6,11,8.3,8.1,11.974285714285715,33.07285714285714,-6.024096385542179,9.523809523809524,MEDIUM
2013-03-19,21000.0,21000.0,20000.0,20000.0,21000.0,20857.14285714286,20400.0,0.0,363.1365196010525,2013,19,3,1,12,7.8,26.0,11.931428571428572,33.03,66.66666666666667,9.523809523809524,MEDIUM
2013-03-22,21000.0,21000.0,20000.0,20000.0,21000.0,20928.571428571428,20433.333333333332,0.0,267.2612419121077,2013,22,3,4,12,13.0,10.32,10.074285714285713,33.35857142857143,-41.53846153846154,9.523809523809524,HIGH
2013-03-23,21000.0,21000.0,21000.0,20000.0,21000.0,21000.0,20466.666666666668,0.0,0.0,2013,23,3,5,12,7.6,12.2,9.685714285714285,32.75857142857143,1.3157894736842175,9.523809523809524,MEDIUM
2013-04-06,21000.0,21000.0,21000.0,20000.0,21000.0,21000.0,20500.0,0.0,0.0,2013,6,4,5,14,7.7,10.8,9.042857142857143,32.60142857142857,-1.2987012987013056,22.727272727272727,MEDIUM
2013-04-07,22000.0,21000.0,21000.0,20000.0,21142.85714285714,21071.428571428572,20566.666666666668,377.96447300954753,267.2612419120961,2013,7,4,6,14,7.6,8.1,8.585714285714285,10.287142857142857,-39.473684210526315,22.727272727272727,MEDIUM
2013-04-10,22000.0,21000.0,21000.0,20000.0,21285.714285714286,21142.85714285714,20633.333333333332,487.9500364745248,363.1365196010362,2013,10,4,2,15,4.6,8.3,8.085714285714285,10.065714285714288,39.13043478260872,22.727272727272727,LOW
2013-04-15,22000.0,21000.0,21000.0,20000.0,21428.571428571428,21214.285714285714,20700.0,534.5224838250936,425.81531362610815,2013,15,4,0,16,6.4,7.8,7.814285714285715,9.894285714285715,-22.500000000000007,13.043478260869565,LOW
2013-04-19,23000.0,21000.0,21000.0,20000.0,21714.285714285714,21357.14285714286,20800.0,755.928946018641,633.3236937765053,2013,19,4,4,16,4.96,13.0,7.408571428571428,9.67,147.98387096774195,8.695652173913043,LOW
2013-04-21,23000.0,21000.0,21000.0,20000.0,22000.0,21500.0,20900.0,816.4965809279106,759.5545253126262,2013,21,4,6,16,12.3,7.6,7.308571428571428,8.691428571428572,-43.08943089430895,8.695652173913043,LOW
2013-04-23,23000.0,21000.0,21000.0,20000.0,22285.714285714286,21642.85714285714,21000.0,755.9289460186668,841.8973861409819,2013,23,4,1,17,7.0,7.7,7.222857142857143,8.454285714285714,15.714285714285708,8.695652173913043,LOW
2013-04-26,23000.0,22000.0,21000.0,20000.0,22571.428571428572,21785.714285714286,21100.0,534.5224838251668,892.5823753038724,2013,26,4,4,17,8.1,7.6,7.28,8.161428571428571,-56.79012345679012,8.695652173913043,LOW
2013-04-27,23000.0,22000.0,21000.0,20000.0,22714.285714285714,21928.571428571428,21200.0,487.95003647462426,916.874768253083,2013,27,4,5,17,3.5,4.6,6.694285714285714,7.64,328.57142857142856,8.695652173913043,LOW
2013-05-01,23000.0,22000.0,21000.0,20000.0,22857.14285714286,22071.428571428572,21300.0,377.96447300970044,916.8747682530817,2013,1,5,2,18,15.0,6.4,8.180000000000001,8.132857142857143,-97.73333333333333,8.695652173913043,LOW
2013-05-03,23000.0,23000.0,21000.0,20000.0,23000.0,22214.285714285714,21400.0,0.0,892.5823753038684,2013,3,5,4,18,0.34,4.96,7.314285714285714,7.564285714285714,2861.7647058823527,8.695652173913043,LOW
2013-05-05,23000.0,23000.0,21000.0,20000.0,23000.0,22357.14285714286,21500.0,0.0,841.8973861409742,2013,5,5,6,18,10.07,12.3,8.044285714285714,7.726428571428571,-99.30486593843098,8.695652173913043,LOW
2013-05-21,23000.0,23000.0,21000.0,20000.0,23000.0,22500.0,21600.0,0.0,759.5545253126128,2013,21,5,1,21,0.07,7.0,6.297142857142857,6.8028571428571425,23142.857142857138,8.695652173913043,LOW
2013-05-24,23000.0,23000.0,21000.0,20000.0,23000.0,22642.85714285714,21700.0,0.0,633.3236937764829,2013,24,5,4,21,16.27,8.1,7.621428571428571,7.422142857142857,-49.29317762753534,8.695652173913043,LOW
2013-05-25,23000.0,23000.0,22000.0,20000.0,23000.0,22785.714285714286,21800.0,0.0,425.815313626064,2013,25,5,5,21,8.25,3.5,7.642857142857143,7.461428571428571,1.0909090909090893,8.695652173913043,LOW
2013-05-26,23000.0,23000.0,22000.0,21000.0,23000.0,22857.14285714286,21900.0,0.0,363.13651960097724,2013,26,5,6,21,8.34,15.0,8.334285714285715,7.514285714285714,1.9184652278177474,8.695652173913043,LOW
2013-05-27,23000.0,23000.0,22000.0,21000.0,23000.0,22928.571428571428,21966.666666666668,0.0,267.2612419120054,2013,27,5,0,22,8.5,0.34,7.405714285714285,7.792857142857143,-12.705882352941178,8.695652173913043,LOW
2013-05-31,23000.0,23000.0,23000.0,21000.0,23000.0,23000.0,22033.333333333332,0.0,0.0,2013,31,5,4,22,7.42,10.07,8.417142857142858,7.865714285714286,73.18059299191374,8.695652173913043,LOW
2013-06-03,23000.0,23000.0,23000.0,21000.0,23000.0,23000.0,22100.0,0.0,0.0,2013,3,6,0,23,12.85,0.07,8.814285714285715,8.429285714285713,-56.10894941634241,8.695652173913043,LOW
2013-06-06,23000.0,23000.0,23000.0,21000.0,23000.0,23000.0,22166.666666666668,0.0,0.0,2013,6,6,3,23,5.64,16.27,9.61,7.953571428571428,37.943262411347526,8.695652173913043,LOW
2013-06-08,23000.0,23000.0,23000.0,21000.0,23000.0,23000.0,22233.333333333332,0.0,0.0,2013,8,6,5,23,7.78,8.25,8.397142857142857,8.009285714285713,-99.22879177377892,8.695652173913043,LOW
2013-06-09,23000.0,23000.0,23000.0,21000.0,23000.0,23000.0,22300.0,0.0,0.0,2013,9,6,6,23,0.06,8.34,7.227142857142858,7.4350000000000005,7350.0,8.695652173913043,LOW
2013-06-10,23000.0,23000.0,23000.0,21000.0,23000.0,23000.0,22366.666666666668,0.0,0.0,2013,10,6,0,24,4.47,8.5,6.674285714285714,7.5042857142857144,29.082774049216997,8.695652173913043,LOW
2013-06-11,23000.0,23000.0,23000.0,21000.0,23000.0,23000.0,22433.333333333332,0.0,0.0,2013,11,6,1,24,5.77,7.42,6.284285714285714,6.845,31.542461005199314,8.695652173913043,LOW
2013-06-12,23000.0,23000.0,23000.0,21000.0,23000.0,23000.0,22500.0,0.0,0.0,2013,12,6,2,24,7.59,12.85,6.308571428571428,7.362857142857143,-98.9459815546772,8.695652173913043,LOW
2013-06-14,23000.0,23000.0,23000.0,21000.0,23000.0,23000.0,22566.666666666668,0.0,0.0,2013,14,6,4,24,0.08,5.64,4.484285714285714,6.649285714285713,17375.0,8.695652173913043,LOW
2013-06-15,23000.0,23000.0,23000.0,21000.0,23000.0,23000.0,22633.333333333332,0.0,0.0,2013,15,6,5,24,13.98,7.78,5.675714285714285,7.642857142857143,-48.21173104434907,8.695652173913043,LOW
2013-06-16,23000.0,23000.0,23000.0,21000.0,23000.0,23000.0,22700.0,0.0,0.0,2013,16,6,6,24,7.24,0.06,5.598571428571428,6.997857142857143,-26.243093922651937,8.695652173913043,LOW
2013-06-17,23000.0,23000.0,23000.0,21000.0,23000.0,23000.0,22766.666666666668,0.0,0.0,2013,17,6,0,25,5.34,4.47,6.352857142857142,6.79,1.123595505617987,8.695652173913043,LOW
2013-06-19,23000.0,23000.0,23000.0,21000.0,23000.0,23000.0,22833.333333333332,0.0,0.0,2013,19,6,2,25,5.4,5.77,6.485714285714287,6.58,-97.22222222222221,8.695652173913043,LOW
2013-06-21,23000.0,23000.0,23000.0,22000.0,23000.0,23000.0,22900.0,0.0,0.0,2013,21,6,4,25,0.15,7.59,5.682857142857143,5.9835714285714285,7113.333333333334,8.695652173913043,LOW
2013-06-22,23000.0,23000.0,23000.0,22000.0,23000.0,23000.0,22933.333333333332,0.0,0.0,2013,22,6,5,25,10.82,0.08,6.144285714285714,6.226428571428571,-19.03881700554529,8.695652173913043,LOW
2013-06-24,23000.0,23000.0,23000.0,22000.0,23000.0,23000.0,22966.666666666668,0.0,0.0,2013,24,6,0,26,8.76,13.98,7.384285714285714,5.934285714285714,-31.506849315068493,8.695652173913043,LOW
2013-06-26,23000.0,23000.0,23000.0,23000.0,23000.0,23000.0,23000.0,0.0,0.0,2013,26,6,2,26,6.0,7.24,6.244285714285715,5.96,129.0,8.695652173913043,LOW
2013-06-28,23000.0,23000.0,23000.0,23000.0,23000.0,23000.0,23000.0,0.0,0.0,2013,28,6,4,26,13.74,5.34,7.172857142857143,6.385714285714286,17.8311499272198,8.695652173913043,LOW
2013-07-01,23000.0,23000.0,23000.0,23000.0,23000.0,23000.0,23000.0,0.0,0.0,2013,1,7,0,27,16.19,5.4,8.722857142857142,7.537857142857143,-45.08956145768993,8.695652173913043,LOW
2013-07-03,23000.0,23000.0,23000.0,23000.0,23000.0,23000.0,23000.0,0.0,0.0,2013,3,7,2,27,8.89,0.15,9.221428571428572,7.853571428571429,21.597300337457813,8.695652173913043,LOW
2013-07-05,23000.0,23000.0,23000.0,23000.0,23000.0,23000.0,23000.0,0.0,0.0,2013,5,7,4,27,10.81,10.82,10.744285714285715,8.213571428571429,22.849213691026815,8.695652173913043,LOW
2013-07-07,23000.0,23000.0,23000.0,23000.0,23000.0,23000.0,23000.0,0.0,0.0,2013,7,7,6,27,13.28,8.76,11.095714285714285,8.620000000000001,-30.120481927710845,8.695652173913043,LOW
2013-07-09,23000.0,23000.0,23000.0,23000.0,23000.0,23000.0,23000.0,0.0,0.0,2013,9,7,1,28,9.28,6.0,11.17,9.277142857142858,-41.8103448275862,8.695652173913043,LOW
2013-07-12,23000.0,23000.0,23000.0,23000.0,23000.0,23000.0,23000.0,0.0,0.0,2013,12,7,4,28,5.4,13.74,11.084285714285715,8.664285714285715,-98.88888888888889,8.695652173913043,LOW
2013-07-15,23000.0,23000.0,23000.0,23000.0,23000.0,23000.0,23000.0,0.0,0.0,2013,15,7,0,29,0.06,16.19,9.13,8.151428571428571,133.33333333333337,8.695652173913043,LOW
2013-07-16,23000.0,23000.0,23000.0,23000.0,23000.0,23000.0,23000.0,0.0,0.0,2013,16,7,1,29,0.14,8.89,6.837142857142857,7.78,4614.285714285714,8.695652173913043,LOW
2013-07-19,23000.0,23000.0,23000.0,23000.0,23000.0,23000.0,23000.0,0.0,0.0,2013,19,7,4,29,6.6,10.81,6.509999999999999,7.865714285714285,24.09090909090909,8.695652173913043,LOW
2013-07-20,23000.0,23000.0,23000.0,23000.0,23000.0,23000.0,23000.0,0.0,0.0,2013,20,7,5,29,8.19,13.28,6.135714285714286,8.44,1.831501831501836,8.695652173913043,LOW
2013-07-22,23000.0,23000.0,23000.0,23000.0,23000.0,23000.0,23000.0,0.0,0.0,2013,22,7,0,30,8.34,9.28,5.43,8.262857142857142,13.669064748201446,8.695652173913043,LOW
2013-07-23,23000.0,23000.0,23000.0,23000.0,23000.0,23000.0,23000.0,0.0,0.0,2013,23,7,1,30,9.48,5.4,5.458571428571427,8.314285714285715,-17.51054852320675,8.695652173913043,LOW
2013-07-27,23000.0,23000.0,23000.0,23000.0,23000.0,23000.0,23000.0,0.0,0.0,2013,27,7,5,30,7.82,0.06,5.804285714285713,8.444285714285714,12.53196930946292,8.695652173913043,LOW
2013-07-31,23000.0,23000.0,23000.0,23000.0,23000.0,23000.0,23000.0,0.0,0.0,2013,31,7,2,31,8.8,0.14,7.0528571428571425,8.09142857142857,-11.022727272727279,8.695652173913043,LOW
2004-11-23,9000.0,9000.0,6500.0,8500.0,9142.857142857143,8892.857142857143,8616.666666666666,475.5948656056766,764.0623068776562,2004,23,11,1,48,5.0,5.0,4.714285714285714,3.5714285714285716,0.0,38.88888888888889,MEDIUM
2004-11-30,9000.0,8500.0,9000.0,8500.0,9142.857142857143,9071.42857142857,8633.333333333334,475.5948656056766,331.49677206589183,2004,30,11,1,49,5.0,5.0,4.714285714285714,3.7142857142857144,0.0,38.88888888888889,MEDIUM
2005-07-29,9000.0,9000.0,9000.0,8500.0,9214.285714285714,9071.42857142857,8650.0,393.3978962347292,331.49677206589183,2005,29,7,4,30,5.0,3.0,4.714285714285714,3.857142857142857,0.0,31.57894736842105,LOW
2005-08-05,9500.0,10000.0,9000.0,8500.0,9285.714285714286,9107.142857142857,8683.333333333334,393.39789623472984,349.6466033765279,2005,5,8,4,31,5.0,5.0,5.0,4.0,0.0,33.33333333333333,MEDIUM
2005-08-12,9000.0,9000.0,9000.0,8500.0,9142.857142857143,9107.142857142857,8700.0,243.97501823714427,349.6466033765279,2005,12,8,4,32,5.0,5.0,5.0,4.214285714285714,0.0,38.88888888888889,MEDIUM
2005-08-16,9000.0,9500.0,9000.0,8500.0,9142.857142857143,9107.142857142857,8716.666666666666,243.97501823714427,349.6466033765279,2005,16,8,1,33,5.0,5.0,5.0,4.357142857142857,0.0,38.88888888888889,MEDIUM
2005-10-14,9000.0,9000.0,9000.0,8500.0,9071.42857142857,9107.142857142857,8733.333333333334,188.9822365046261,349.6466033765279,2005,14,10,4,41,5.0,5.0,5.0,4.571428571428571,-40.0,22.22222222222222,HIGH
2006-01-13,9000.0,9000.0,9000.0,8500.0,9071.42857142857,9107.142857142857,8750.0,188.9822365046261,349.6466033765279,2006,13,1,4,2,3.0,5.0,4.714285714285714,4.714285714285714,66.66666666666666,38.88888888888889,HIGH
2006-03-21,9000.0,9000.0,8500.0,8500.0,9071.42857142857,9107.142857142857,8766.666666666666,188.9822365046261,349.6466033765279,2006,21,3,1,12,5.0,5.0,4.714285714285714,4.714285714285714,-40.0,36.84210526315789,HIGH
2006-03-28,9500.0,9500.0,9000.0,9000.0,9142.857142857143,9178.57142857143,8800.0,243.97501823714427,316.66184688831777,2006,28,3,1,13,3.0,5.0,4.428571428571429,4.571428571428571,0.0,36.84210526315789,HIGH
2006-08-18,9500.0,9000.0,10000.0,9000.0,9142.857142857143,9214.285714285714,8816.666666666666,243.97501823714427,323.10308632942395,2006,18,8,4,33,3.0,5.0,4.142857142857143,4.571428571428571,66.66666666666666,22.22222222222222,HIGH
2007-05-29,9000.0,9000.0,9000.0,8500.0,9142.857142857143,9142.857142857143,8816.666666666666,243.97501823714427,234.4036154692383,2007,29,5,1,22,5.0,5.0,4.142857142857143,4.571428571428571,100.0,6.024096385542169,HIGH
2009-06-12,8300.0,9000.0,9500.0,8000.0,9042.857142857143,9092.857142857143,8810.0,403.5556254807352,324.54532862092856,2009,12,6,4,24,10.0,5.0,4.857142857142857,4.928571428571429,-80.0,1.550387596899225,HIGH
2009-06-24,12900.0,9000.0,9000.0,8500.0,9600.0,9335.714285714286,8973.333333333334,1509.966887054153,1069.584493628709,2009,24,6,2,26,2.0,3.0,4.428571428571429,4.714285714285714,0.0,1.550387596899225,MEDIUM
2009-07-31,12900.0,9000.0,9000.0,7500.0,10157.142857142857,9614.285714285714,9120.0,1916.4699692030545,1424.4335677773738,2009,31,7,4,31,2.0,5.0,4.285714285714286,4.5,150.0,0.6920415224913495,MEDIUM
2009-08-04,14450.0,9500.0,9000.0,7000.0,10935.714285714286,10003.57142857143,9351.666666666666,2411.208943959148,1906.7152872972858,2009,4,8,1,32,5.0,3.0,4.285714285714286,4.5,-20.0,0.6920415224913495,HIGH
2009-08-07,14450.0,9500.0,9500.0,6500.0,11642.857142857143,10392.857142857143,9600.0,2635.404550132136,2217.1410161995254,2009,7,8,4,32,4.0,3.0,4.428571428571429,4.428571428571429,25.0,1.4388489208633095,HIGH
2009-08-11,13900.0,9000.0,9000.0,9000.0,12271.42857142857,10707.142857142857,9846.666666666666,2562.8527631751135,2386.24722612218,2009,11,8,1,33,5.0,5.0,4.714285714285714,4.428571428571429,-60.0,0.6920415224913495,HIGH
2009-08-14,14450.0,8300.0,9000.0,9000.0,13050.0,11096.42857142857,10028.333333333334,2206.42999737888,2526.73887464837,2009,14,8,4,33,2.0,10.0,4.285714285714286,4.214285714285714,0.0,0.6920415224913495,HIGH
2009-08-21,14450.0,12900.0,9000.0,9000.0,13928.57142857143,11485.714285714286,10210.0,730.7856177071736,2597.7378155313754,2009,21,8,4,34,2.0,2.0,3.142857142857143,4.0,150.0,0.6920415224913495,HIGH
2009-08-25,14450.0,12900.0,9000.0,9000.0,14150.0,11875.0,10391.666666666666,588.0759588126106,2604.932451508683,2009,25,8,1,35,5.0,2.0,3.5714285714285716,4.0,-60.0,1.550387596899225,MEDIUM
2009-09-15,12900.0,14450.0,9000.0,9000.0,14150.0,12153.57142857143,10521.666666666666,588.0759588126106,2479.334920568741,2009,15,9,1,38,2.0,5.0,3.5714285714285716,3.9285714285714284,150.0,1.4388489208633095,MEDIUM
2009-09-18,13900.0,14450.0,9500.0,9000.0,14071.42857142857,12503.57142857143,10685.0,577.968527731101,2341.963696568311,2009,18,9,4,38,5.0,4.0,3.5714285714285716,3.9285714285714284,-60.0,1.4388489208633095,MEDIUM
2009-09-25,13900.0,13900.0,9500.0,9000.0,13992.857142857143,12817.857142857143,10848.333333333334,554.8487567411319,2198.7415231705236,2009,25,9,4,39,2.0,5.0,3.2857142857142856,3.857142857142857,100.0,3.4965034965034967,MEDIUM
2009-10-13,14300.0,14450.0,9000.0,8500.0,14050.0,13160.714285714286,11025.0,564.2103626603916,2007.503096216448,2009,13,10,1,42,4.0,2.0,3.142857142857143,3.9285714285714284,-75.0,0.6920415224913495,MEDIUM
2009-10-20,14450.0,14450.0,8300.0,9000.0,14050.0,13550.0,11223.333333333334,564.2103626603916,1631.8936616939422,2009,20,10,1,43,1.0,2.0,3.0,3.642857142857143,100.0,1.3888888888888888,MEDIUM
2009-10-23,14400.0,14450.0,12900.0,10000.0,14042.857142857143,13985.714285714286,11403.333333333334,558.5909142868749,627.7029464730283,2009,23,10,4,43,2.0,5.0,3.0,3.0714285714285716,-50.0,1.4388489208633095,MEDIUM
2009-10-30,13900.0,12900.0,12900.0,9000.0,13964.285714285714,14057.142857142857,11533.333333333334,529.7124107431076,546.2660463606763,2009,30,10,4,44,1.0,2.0,2.4285714285714284,3.0,100.0,1.4388489208633095,MEDIUM
2009-11-03,13900.0,13900.0,14450.0,9500.0,14107.142857142857,14128.57142857143,11696.666666666666,262.0886800121546,437.9648237166051,2009,3,11,1,45,2.0,5.0,2.4285714285714284,3.0,-50.0,0.7168458781362007,MEDIUM
2009-11-10,13950.0,13900.0,14450.0,9000.0,14114.285714285714,14092.857142857143,11845.0,256.11567327142535,430.05238627984096,2009,10,11,1,46,1.0,2.0,1.8571428571428572,2.7142857142857144,100.0,1.4388489208633095,MEDIUM
2009-11-13,13900.0,14300.0,13900.0,9000.0,14114.285714285714,14053.57142857143,12008.333333333334,256.11567327142535,419.9195370334043,2009,13,11,4,46,2.0,4.0,1.8571428571428572,2.5714285714285716,0.0,0.7168458781362007,MEDIUM
2009-11-17,13950.0,14450.0,14450.0,9000.0,14064.285714285714,14057.142857142857,12173.333333333334,247.84787961289592,418.72385927912126,2009,17,11,1,47,2.0,1.0,1.5714285714285714,2.357142857142857,0.0,1.4388489208633095,HIGH
2009-11-19,13900.0,14400.0,14450.0,9500.0,13985.714285714286,14017.857142857143,12336.666666666666,184.19709940335116,404.5924553732884,2009,19,11,3,47,2.0,2.0,1.7142857142857142,2.357142857142857,-50.0,0.7722007722007722,HIGH
2009-11-21,12950.0,13900.0,14450.0,9000.0,13778.57142857143,13910.714285714286,12451.666666666666,366.125141239514,474.00850829283456,2009,21,11,5,47,1.0,1.0,1.5714285714285714,2.2857142857142856,100.0,3.6231884057971016,MEDIUM
2009-11-25,13800.0,13900.0,12900.0,9000.0,13764.285714285714,13864.285714285714,12611.666666666666,362.53078687003443,448.25669647423956,2009,25,11,2,48,2.0,2.0,1.7142857142857142,2.0714285714285716,-98.5,0.7722007722007722,HIGH
2009-11-30,12950.0,13950.0,13900.0,9000.0,13628.57142857143,13867.857142857143,12743.333333333334,466.24130274031546,440.1080037274801,2009,30,11,0,49,0.03,1.0,1.4328571428571428,1.9307142857142858,566.6666666666667,0.7722007722007722,HIGH
2009-12-02,12950.0,13900.0,13900.0,9000.0,13485.714285714286,13800.0,12875.0,503.08571644926593,503.44963845599455,2009,2,12,2,49,0.2,2.0,1.3185714285714287,1.5878571428571429,149.99999999999997,0.8032128514056224,HIGH
2009-12-05,12450.0,13950.0,14300.0,9000.0,13278.57142857143,13696.42857142857,12990.0,594.318337016718,617.521187962285,2009,5,12,5,49,0.5,2.0,1.1042857142857143,1.4807142857142856,-80.0,1.550387596899225,HIGH
2009-12-08,12900.0,13900.0,14450.0,9500.0,13128.57142857143,13596.42857142857,13120.0,525.0850271282894,625.5656780725368,2009,8,12,1,50,0.1,2.0,0.8328571428571429,1.202142857142857,49.999999999999986,3.7735849056603774,HIGH
2009-12-15,13250.0,12950.0,14400.0,9500.0,13035.714285714286,13510.714285714286,13245.0,411.009210880488,580.1785439475325,2009,15,12,1,51,0.15,1.0,0.5685714285714286,1.1414285714285715,233.33333333333334,4.23728813559322,HIGH
2009-12-22,11800.0,13800.0,13900.0,9000.0,12871.42857142857,13325.0,13321.666666666666,625.0714244902855,680.991923593766,2009,22,12,1,52,0.5,2.0,0.49714285714285716,1.0342857142857143,-98.0,8.695652173913043,HIGH
2009-12-28,11500.0,12950.0,13900.0,8300.0,12542.857142857143,13153.57142857143,13405.0,659.1841999955983,814.1688271610611,2009,28,12,0,53,0.01,0.03,0.21285714285714286,0.9635714285714286,1900.0,1.4388489208633095,HIGH
2010-01-04,13900.0,12950.0,13950.0,12900.0,12678.57142857143,13153.57142857143,13591.666666666666,832.0943169983677,814.1688271610611,2010,4,1,0,1,0.2,0.2,0.23714285714285713,0.835,0.0,3.90625,HIGH
2010-01-27,12800.0,12450.0,13900.0,12900.0,12657.142857142857,13071.42857142857,13588.333333333334,825.8473282174116,785.1296526233808,2010,27,1,2,4,0.2,0.5,0.23714285714285716,0.7778571428571429,300.00000000000006,4.098360655737705,HIGH
2010-02-01,12200.0,12900.0,13950.0,14450.0,12621.42857142857,12950.0,13565.0,841.5546837338102,778.5588263925764,2010,1,2,0,5,0.8,0.1,0.27999999999999997,0.6921428571428571,-37.50000000000001,1.4388489208633095,HIGH
2010-03-03,13900.0,13250.0,13900.0,14450.0,12764.285714285714,12946.42857142857,13546.666666666666,971.5598650770826,773.7183660028045,2010,3,3,2,9,0.5,0.15,0.33714285714285713,0.585,-98.0,3.90625,HIGH
2010-03-05,12800.0,11800.0,12950.0,13900.0,12700.0,12867.857142857143,13491.666666666666,948.6832980505283,723.667779402258,2010,5,3,4,9,0.01,0.5,0.31714285714285717,0.4428571428571429,0.0,8.0,MEDIUM
2010-05-12,12500.0,11500.0,13800.0,14450.0,12800.0,12835.714285714286,13445.0,871.7797887081507,729.7071518578311,2010,12,5,2,19,0.01,0.01,0.24714285714285714,0.37214285714285716,7900.0,2.898550724637681,MEDIUM
2010-05-13,13800.0,13900.0,12950.0,14450.0,13128.57142857143,12835.714285714286,13423.333333333334,720.4495950777186,729.7071518578311,2010,13,5,3,19,0.8,0.2,0.36,0.2864285714285714,-37.50000000000001,7.4074074074074066,MEDIUM
2010-05-14,13500.0,12800.0,12950.0,14450.0,13071.42857142857,12875.0,13391.666666666666,662.6066850309076,750.8328708840205,2010,14,5,4,19,0.5,0.2,0.40285714285714286,0.32,0.0,2.898550724637681,MEDIUM
2010-05-17,13800.0,12200.0,12450.0,12900.0,13214.285714285714,12935.714285714286,13370.0,701.0196655077526,790.67365908115,2010,17,5,0,20,0.5,0.8,0.44571428571428573,0.34142857142857147,60.00000000000001,7.4074074074074066,MEDIUM
2010-05-18,13500.0,13900.0,12900.0,13900.0,13400.0,13010.714285714286,13390.0,541.6025603090927,790.8560530862968,2010,18,5,1,20,0.8,0.5,0.44571428571428573,0.3628571428571429,-37.50000000000001,7.4074074074074066,MEDIUM
2010-05-19,13500.0,12800.0,13250.0,13900.0,13342.857142857143,13053.57142857143,13376.666666666666,499.5235825502539,800.5921572172318,2010,19,5,2,20,0.5,0.01,0.44571428571428573,0.39142857142857146,0.0,1.4388489208633095,MEDIUM
2010-05-20,13900.0,12500.0,11800.0,14300.0,13500.0,13100.0,13376.666666666666,472.58156262529394,831.1252798279986,2010,20,5,3,20,0.5,0.01,0.5157142857142858,0.4164285714285714,0.0,2.898550724637681,MEDIUM
2010-05-21,13800.0,13800.0,11500.0,14450.0,13685.714285714286,13242.857142857143,13360.0,177.28105208567422,759.2651160717537,2010,21,5,4,20,0.5,0.8,0.5857142857142856,0.4164285714285714,0.0,7.4074074074074066,MEDIUM
2010-05-22,13500.0,13500.0,13900.0,14400.0,13642.857142857143,13385.714285714286,13328.333333333334,181.26539343508125,570.9063547850925,2010,22,5,5,20,0.5,0.5,0.5428571428571429,0.45142857142857146,0.0,1.4388489208633095,MEDIUM
2010-05-24,13900.0,13800.0,12800.0,13900.0,13700.0,13385.714285714286,13311.666666666666,191.48542155135166,570.9063547850925,2010,24,5,0,21,0.5,0.5,0.5428571428571429,0.47285714285714286,60.00000000000001,2.898550724637681,MEDIUM
2010-05-25,13800.0,13500.0,12200.0,13900.0,13700.0,13457.142857142857,13308.333333333334,191.48542155135166,554.303840192978,2010,25,5,1,21,0.8,0.8,0.5857142857142857,0.5157142857142857,-37.50000000000001,2.898550724637681,MEDIUM
2010-05-26,13800.0,13500.0,13900.0,13950.0,13742.857142857143,13571.42857142857,13305.0,171.824938596939,425.0403988555377,2010,26,5,2,21,0.5,0.5,0.5428571428571428,0.4942857142857143,0.0,7.4074074074074066,MEDIUM
2010-05-27,13500.0,13900.0,12800.0,13900.0,13742.857142857143,13542.857142857143,13290.0,171.824938596939,414.5698154328968,2010,27,5,3,21,0.5,0.5,0.5428571428571428,0.4942857142857143,0.0,7.4074074074074066,MEDIUM
2010-05-28,13500.0,13800.0,12500.0,13950.0,13685.714285714286,13592.857142857143,13276.666666666666,177.2810520856742,356.18553012168496,2010,28,5,4,21,0.5,0.5,0.5428571428571428,0.5292857142857142,0.0,2.898550724637681,MEDIUM
2010-05-31,13800.0,13500.0,13800.0,13900.0,13685.714285714286,13685.714285714286,13271.666666666666,177.2810520856742,170.3261254503314,2010,31,5,0,22,0.5,0.5,0.5428571428571428,0.5642857142857143,0.0,7.4074074074074066,MEDIUM
2010-06-01,13500.0,13900.0,13500.0,12950.0,13685.714285714286,13664.285714285714,13258.333333333334,177.2810520856742,173.6802670563596,2010,1,6,1,22,0.5,0.5,0.5428571428571428,0.5428571428571428,0.0,2.898550724637681,LOW
2010-06-02,13800.0,13800.0,13800.0,13800.0,13671.42857142857,13685.714285714286,13286.666666666666,160.3567451475545,170.3261254503314,2010,2,6,2,22,0.5,0.8,0.5428571428571428,0.5428571428571428,0.0,7.4074074074074066,LOW
2010-06-03,13500.0,13800.0,13500.0,12950.0,13628.57142857143,13664.285714285714,13276.666666666666,160.3567451475545,173.6802670563596,2010,3,6,3,22,0.5,0.5,0.5,0.5428571428571428,0.0,7.4074074074074066,LOW
2010-06-04,13500.0,13500.0,13500.0,12950.0,13585.714285714286,13664.285714285714,13295.0,146.3850109423895,173.6802670563596,2010,4,6,4,22,0.5,0.5,0.5,0.5214285714285715,0.0,7.4074074074074066,LOW
2010-06-05,13500.0,13500.0,13900.0,12450.0,13585.714285714286,13664.285714285714,13313.333333333334,146.3850109423895,173.6802670563596,2010,5,6,5,22,0.5,0.5,0.5,0.5214285714285715,0.0,7.4074074074074066,LOW
2010-06-07,13500.0,13800.0,13800.0,12900.0,13585.714285714286,13635.714285714286,13348.333333333334,146.3850109423895,164.58405781802077,2010,7,6,0,23,0.5,0.5,0.5,0.5214285714285715,39.99999999999999,7.4074074074074066,LOW
2010-06-08,13500.0,13500.0,13500.0,13250.0,13542.857142857143,13614.285714285714,13368.333333333334,113.38934190290969,161.04057232262815,2010,8,6,1,23,0.7,0.5,0.5285714285714286,0.5357142857142857,-28.571428571428566,7.4074074074074066,LOW
2010-06-09,13500.0,13800.0,13900.0,11800.0,13542.857142857143,13614.285714285714,13376.666666666666,113.38934190290969,161.04057232262815,2010,9,6,2,23,0.5,0.5,0.5285714285714286,0.5357142857142857,0.0,7.4074074074074066,LOW
2010-06-10,13500.0,13500.0,13800.0,11500.0,13500.0,13585.714285714286,13433.333333333334,0.0,140.6421692813135,2010,10,6,3,23,0.5,0.5,0.5285714285714286,0.5357142857142857,0.0,7.4074074074074066,LOW
2010-06-11,13500.0,13500.0,13800.0,13900.0,13500.0,13564.285714285714,13500.0,0.0,127.74459408763752,2010,11,6,4,23,0.5,0.5,0.5285714285714286,0.5142857142857143,39.99999999999999,7.4074074074074066,LOW
2010-06-15,13500.0,13500.0,13500.0,12800.0,13500.0,13542.857142857143,13486.666666666666,0.0,108.9409558800816,2010,15,6,1,24,0.7,0.5,0.5571428571428572,0.5285714285714286,-28.571428571428566,7.4074074074074066,LOW
2010-06-16,13500.0,13500.0,13500.0,12200.0,13500.0,13542.857142857143,13510.0,0.0,108.9409558800816,2010,16,6,2,24,0.5,0.5,0.5571428571428572,0.5285714285714286,0.0,7.4074074074074066,LOW
2010-06-17,13500.0,13500.0,13800.0,13900.0,13500.0,13542.857142857143,13553.333333333334,0.0,108.9409558800816,2010,17,6,3,24,0.5,0.7,0.5571428571428572,0.5285714285714286,-19.999999999999996,7.4074074074074066,LOW
2010-06-18,13500.0,13500.0,13500.0,12800.0,13500.0,13521.42857142857,13540.0,0.0,80.17837257331651,2010,18,6,4,24,0.4,0.5,0.5142857142857142,0.5214285714285715,0.0,7.4074074074074066,LOW
2010-06-19,13500.0,13500.0,13800.0,12500.0,13500.0,13521.42857142857,13563.333333333334,0.0,80.17837257331651,2010,19,6,5,24,0.4,0.5,0.5,0.5142857142857143,24.999999999999993,7.4074074074074066,LOW
2010-06-21,13500.0,13500.0,13500.0,13800.0,13500.0,13500.0,13596.666666666666,0.0,0.0,2010,21,6,0,25,0.5,0.5,0.5,0.5142857142857143,0.0,7.4074074074074066,LOW
2010-06-22,13500.0,13500.0,13500.0,13500.0,13500.0,13500.0,13586.666666666666,0.0,0.0,2010,22,6,1,25,0.5,0.7,0.5,0.5142857142857143,0.0,7.4074074074074066,LOW
2010-06-23,13500.0,13500.0,13500.0,13800.0,13500.0,13500.0,13586.666666666666,0.0,0.0,2010,23,6,2,25,0.5,0.5,0.4714285714285715,0.5142857142857143,0.0,7.4074074074074066,LOW
2010-06-24,13500.0,13500.0,13500.0,13500.0,13500.0,13500.0,13576.666666666666,0.0,0.0,2010,24,6,3,25,0.5,0.5,0.4714285714285715,0.5142857142857143,0.0,7.4074074074074066,LOW
2010-06-25,13500.0,13500.0,13500.0,13500.0,13500.0,13500.0,13576.666666666666,0.0,0.0,2010,25,6,4,25,0.5,0.4,0.4714285714285715,0.5142857142857143,0.0,7.4074074074074066,LOW
2010-06-28,13500.0,13500.0,13500.0,13900.0,13500.0,13500.0,13576.666666666666,0.0,0.0,2010,28,6,0,26,0.5,0.4,0.48571428571428577,0.5,0.0,7.4074074074074066,LOW
2010-06-30,13500.0,13500.0,13500.0,13800.0,13500.0,13500.0,13563.333333333334,0.0,0.0,2010,30,6,2,26,0.5,0.5,0.5,0.5,0.0,7.4074074074074066,LOW
2010-07-01,13500.0,13500.0,13500.0,13500.0,13500.0,13500.0,13553.333333333334,0.0,0.0,2010,1,7,3,26,0.5,0.5,0.5,0.5,0.0,7.4074074074074066,LOW
2010-07-02,13500.0,13500.0,13500.0,13900.0,13500.0,13500.0,13553.333333333334,0.0,0.0,2010,2,7,4,26,0.5,0.5,0.5,0.5,0.0,7.4074074074074066,LOW
2010-07-03,13500.0,13500.0,13500.0,13800.0,13500.0,13500.0,13540.0,0.0,0.0,2010,3,7,5,26,0.5,0.5,0.5,0.4857142857142857,0.0,7.4074074074074066,LOW
2010-07-06,13500.0,13500.0,13500.0,13800.0,13500.0,13500.0,13530.0,0.0,0.0,2010,6,7,1,27,0.5,0.5,0.5,0.4857142857142857,0.0,7.4074074074074066,LOW
2010-07-07,13500.0,13500.0,13500.0,13500.0,13500.0,13500.0,13520.0,0.0,0.0,2010,7,7,2,27,0.5,0.5,0.5,0.4857142857142857,0.0,7.4074074074074066,LOW
2010-07-08,13500.0,13500.0,13500.0,13500.0,13500.0,13500.0,13520.0,0.0,0.0,2010,8,7,3,27,0.5,0.5,0.5,0.4928571428571429,0.0,7.4074074074074066,LOW
2010-07-12,13500.0,13500.0,13500.0,13800.0,13500.0,13500.0,13520.0,0.0,0.0,2010,12,7,0,28,0.5,0.5,0.5,0.5,0.0,7.4074074074074066,LOW
2010-07-13,13500.0,13500.0,13500.0,13500.0,13500.0,13500.0,13510.0,0.0,0.0,2010,13,7,1,28,0.5,0.5,0.5,0.5,0.0,7.4074074074074066,LOW
2010-07-14,13500.0,13500.0,13500.0,13800.0,13500.0,13500.0,13510.0,0.0,0.0,2010,14,7,2,28,0.5,0.5,0.5,0.5,0.0,7.4074074074074066,LOW
2010-07-15,13500.0,13500.0,13500.0,13500.0,13500.0,13500.0,13500.0,0.0,0.0,2010,15,7,3,28,0.5,0.5,0.5,0.5,0.0,7.4074074074074066,LOW
2010-07-16,13500.0,13500.0,13500.0,13500.0,13500.0,13500.0,13500.0,0.0,0.0,2010,16,7,4,28,0.5,0.5,0.5,0.5,0.0,7.4074074074074066,LOW
2010-07-17,13500.0,13500.0,13500.0,13500.0,13500.0,13500.0,13500.0,0.0,0.0,2010,17,7,5,28,0.5,0.5,0.5,0.5,0.0,7.4074074074074066,LOW
2010-07-19,13500.0,13500.0,13500.0,13500.0,13500.0,13500.0,13500.0,0.0,0.0,2010,19,7,0,29,0.5,0.5,0.5,0.5,0.0,7.4074074074074066,LOW
2010-07-20,13500.0,13500.0,13500.0,13500.0,13500.0,13500.0,13500.0,0.0,0.0,2010,20,7,1,29,0.5,0.5,0.5,0.5,0.0,7.4074074074074066,LOW
2010-07-21,13500.0,13500.0,13500.0,13500.0,13500.0,13500.0,13500.0,0.0,0.0,2010,21,7,2,29,0.5,0.5,0.5,0.5,0.0,7.4074074074074066,LOW
2010-07-22,13500.0,13500.0,13500.0,13500.0,13500.0,13500.0,13500.0,0.0,0.0,2010,22,7,3,29,0.5,0.5,0.5,0.5,0.0,7.4074074074074066,MEDIUM
2010-07-23,13500.0,13500.0,13500.0,13500.0,13500.0,13500.0,13500.0,0.0,0.0,2010,23,7,4,29,0.5,0.5,0.5,0.5,0.0,7.4074074074074066,MEDIUM
2010-07-24,13500.0,13500.0,13500.0,13500.0,13500.0,13500.0,13500.0,0.0,0.0,2010,24,7,5,29,0.5,0.5,0.5,0.5,0.0,7.4074074074074066,MEDIUM
2010-07-26,13500.0,13500.0,13500.0,13500.0,13500.0,13500.0,13500.0,0.0,0.0,2010,26,7,0,30,0.5,0.5,0.5,0.5,0.0,7.4074074074074066,MEDIUM
2010-07-27,13500.0,13500.0,13500.0,13500.0,13500.0,13500.0,13500.0,0.0,0.0,2010,27,7,1,30,0.5,0.5,0.5,0.5,0.0,7.4074074074074066,MEDIUM
2010-07-28,13500.0,13500.0,13500.0,13500.0,13500.0,13500.0,13500.0,0.0,0.0,2010,28,7,2,30,0.5,0.5,0.5,0.5,-9.999999999999998,7.2727272727272725,LOW
2010-07-30,13750.0,13500.0,13500.0,13500.0,13535.714285714286,13517.857142857143,13508.333333333334,94.49111825247658,66.81531047761314,2010,30,7,4,30,0.45,0.5,0.4928571428571428,0.49642857142857144,11.111111111111107,7.4074074074074066,LOW
2010-07-31,13500.0,13500.0,13500.0,13500.0,13535.714285714286,13517.857142857143,13508.333333333334,94.49111825247658,66.81531047761314,2010,31,7,5,30,0.5,0.5,0.4928571428571429,0.49642857142857144,0.0,7.4074074074074066,LOW
2010-08-02,13500.0,13500.0,13500.0,13500.0,13535.714285714286,13517.857142857143,13508.333333333334,94.49111825247658,66.81531047761314,2010,2,8,0,31,0.5,0.5,0.4928571428571429,0.49642857142857144,0.0,7.4074074074074066,LOW
2010-08-03,13500.0,13500.0,13500.0,13500.0,13535.714285714286,13517.857142857143,13508.333333333334,94.49111825247658,66.81531047761314,2010,3,8,1,31,0.5,0.5,0.4928571428571429,0.49642857142857144,0.0,7.4074074074074066,LOW
2010-08-04,13500.0,13500.0,13500.0,13500.0,13535.714285714286,13517.857142857143,13508.333333333334,94.49111825247658,66.81531047761314,2010,4,8,2,31,0.5,0.5,0.4928571428571429,0.49642857142857144,0.0,7.4074074074074066,LOW
2010-08-05,13500.0,13500.0,13500.0,13500.0,13535.714285714286,13517.857142857143,13508.333333333334,94.49111825247658,66.81531047761314,2010,5,8,3,31,0.5,0.5,0.4928571428571429,0.49642857142857144,0.0,7.4074074074074066,LOW
2010-08-06,13500.0,13750.0,13500.0,13500.0,13535.714285714286,13517.857142857143,13508.333333333334,94.49111825247658,66.81531047761314,2010,6,8,4,31,0.5,0.45,0.4928571428571429,0.49642857142857144,0.0,7.4074074074074066,LOW
2010-08-07,13500.0,13500.0,13500.0,13500.0,13500.0,13517.857142857143,13508.333333333334,0.0,66.81531047761314,2010,7,8,5,31,0.5,0.5,0.5,0.49642857142857144,0.0,7.4074074074074066,LOW
2010-08-10,13500.0,13500.0,13500.0,13500.0,13500.0,13517.857142857143,13508.333333333334,0.0,66.81531047761314,2010,10,8,1,32,0.5,0.5,0.5,0.49642857142857144,0.0,7.4074074074074066,LOW
2010-08-11,13500.0,13500.0,13500.0,13500.0,13500.0,13517.857142857143,13508.333333333334,0.0,66.81531047761314,2010,11,8,2,32,0.5,0.5,0.5,0.49642857142857144,0.0,7.4074074074074066,LOW
2010-08-12,13500.0,13500.0,13500.0,13500.0,13500.0,13517.857142857143,13508.333333333334,0.0,66.81531047761314,2010,12,8,3,32,0.5,0.5,0.5,0.49642857142857144,0.0,7.4074074074074066,LOW
2010-08-13,13500.0,13500.0,13500.0,13500.0,13500.0,13517.857142857143,13508.333333333334,0.0,66.81531047761314,2010,13,8,4,32,0.5,0.5,0.5,0.49642857142857144,0.0,7.4074074074074066,LOW
2010-08-16,13500.0,13500.0,13500.0,13500.0,13500.0,13517.857142857143,13508.333333333334,0.0,66.81531047761314,2010,16,8,0,33,0.5,0.5,0.5,0.49642857142857144,0.0,7.4074074074074066,LOW
2010-08-17,13500.0,13500.0,13750.0,13500.0,13500.0,13517.857142857143,13508.333333333334,0.0,66.81531047761314,2010,17,8,1,33,0.5,0.5,0.5,0.49642857142857144,0.0,7.4074074074074066,LOW
2010-08-18,13500.0,13500.0,13500.0,13500.0,13500.0,13500.0,13508.333333333334,0.0,0.0,2010,18,8,2,33,0.5,0.5,0.5,0.5,0.0,7.4074074074074066,LOW
2010-08-19,13500.0,13500.0,13500.0,13500.0,13500.0,13500.0,13508.333333333334,0.0,0.0,2010,19,8,3,33,0.5,0.5,0.5,0.5,0.0,7.4074074074074066,LOW
2010-08-20,13500.0,13500.0,13500.0,13500.0,13500.0,13500.0,13508.333333333334,0.0,0.0,2010,20,8,4,33,0.5,0.5,0.5,0.5,0.0,7.4074074074074066,LOW
2010-08-21,13500.0,13500.0,13500.0,13500.0,13500.0,13500.0,13508.333333333334,0.0,0.0,2010,21,8,5,33,0.5,0.5,0.5,0.5,0.0,7.4074074074074066,LOW
2010-08-26,13500.0,13500.0,13500.0,13500.0,13500.0,13500.0,13508.333333333334,0.0,0.0,2010,26,8,3,34,0.5,0.5,0.5,0.5,0.0,7.4074074074074066,LOW
2010-08-27,13500.0,13500.0,13500.0,13500.0,13500.0,13500.0,13508.333333333334,0.0,0.0,2010,27,8,4,34,0.5,0.5,0.5,0.5,0.0,7.4074074074074066,LOW
2010-08-28,13500.0,13500.0,13500.0,13500.0,13500.0,13500.0,13508.333333333334,0.0,0.0,2010,28,8,5,34,0.5,0.5,0.5,0.5,0.0,7.4074074074074066,LOW
2010-08-30,13500.0,13500.0,13500.0,13500.0,13500.0,13500.0,13508.333333333334,0.0,0.0,2010,30,8,0,35,0.5,0.5,0.5,0.5,0.0,7.4074074074074066,LOW
2010-08-31,13500.0,13500.0,13500.0,13500.0,13500.0,13500.0,13508.333333333334,0.0,0.0,2010,31,8,1,35,0.5,0.5,0.5,0.5,-19.999999999999996,7.4074074074074066,LOW
2010-09-02,13500.0,13500.0,13500.0,13500.0,13500.0,13500.0,13508.333333333334,0.0,0.0,2010,2,9,3,35,0.4,0.5,0.48571428571428577,0.4928571428571429,24.999999999999993,7.4074074074074066,LOW
2010-09-03,13500.0,13500.0,13500.0,13500.0,13500.0,13500.0,13508.333333333334,0.0,0.0,2010,3,9,4,35,0.5,0.5,0.48571428571428577,0.4928571428571429,0.0,7.4074074074074066,LOW
2010-09-04,13500.0,13500.0,13500.0,13500.0,13500.0,13500.0,13508.333333333334,0.0,0.0,2010,4,9,5,35,0.5,0.5,0.48571428571428577,0.4928571428571429,0.0,7.4074074074074066,LOW
2010-09-06,13500.0,13500.0,13500.0,13500.0,13500.0,13500.0,13508.333333333334,0.0,0.0,2010,6,9,0,36,0.5,0.5,0.48571428571428577,0.4928571428571429,0.0,7.4074074074074066,LOW
2010-09-08,13500.0,13500.0,13500.0,13500.0,13500.0,13500.0,13508.333333333334,0.0,0.0,2010,8,9,2,36,0.5,0.5,0.48571428571428577,0.4928571428571429,0.0,7.4074074074074066,LOW
2010-09-09,13500.0,13500.0,13500.0,13500.0,13500.0,13500.0,13508.333333333334,0.0,0.0,2010,9,9,3,36,0.5,0.5,0.48571428571428577,0.4928571428571429,0.0,7.4074074074074066,LOW
2010-09-13,13500.0,13500.0,13500.0,13750.0,13500.0,13500.0,13508.333333333334,0.0,0.0,2010,13,9,0,37,0.5,0.4,0.48571428571428577,0.4928571428571429,0.0,7.4074074074074066,LOW
2010-09-14,13500.0,13500.0,13500.0,13500.0,13500.0,13500.0,13500.0,0.0,0.0,2010,14,9,1,37,0.5,0.5,0.5,0.4928571428571429,0.0,7.4074074074074066,LOW
2010-09-15,13500.0,13500.0,13500.0,13500.0,13500.0,13500.0,13500.0,0.0,0.0,2010,15,9,2,37,0.5,0.5,0.5,0.4928571428571429,0.0,7.4074074074074066,LOW
2010-09-16,13500.0,13500.0,13500.0,13500.0,13500.0,13500.0,13500.0,0.0,0.0,2010,16,9,3,37,0.5,0.5,0.5,0.4928571428571429,0.0,7.4074074074074066,LOW
2010-09-17,13500.0,13500.0,13500.0,13500.0,13500.0,13500.0,13500.0,0.0,0.0,2010,17,9,4,37,0.5,0.5,0.5,0.4928571428571429,0.0,7.4074074074074066,LOW
2010-09-18,13500.0,13500.0,13500.0,13500.0,13500.0,13500.0,13500.0,0.0,0.0,2010,18,9,5,37,0.5,0.5,0.5,0.4928571428571429,0.0,7.4074074074074066,LOW
2010-09-20,13500.0,13500.0,13500.0,13500.0,13500.0,13500.0,13500.0,0.0,0.0,2010,20,9,0,38,0.5,0.5,0.5,0.4928571428571429,0.0,7.4074074074074066,LOW
2010-09-22,13500.0,13500.0,13500.0,13500.0,13500.0,13500.0,13500.0,0.0,0.0,2010,22,9,2,38,0.5,0.5,0.5,0.4928571428571429,0.0,7.4074074074074066,LOW
2010-09-23,13500.0,13500.0,13500.0,13500.0,13500.0,13500.0,13500.0,0.0,0.0,2010,23,9,3,38,0.5,0.5,0.5,0.5,0.0,7.4074074074074066,LOW
2010-09-24,13500.0,13500.0,13500.0,13500.0,13500.0,13500.0,13500.0,0.0,0.0,2010,24,9,4,38,0.5,0.5,0.5,0.5,0.0,7.4074074074074066,LOW
2010-09-25,13500.0,13500.0,13500.0,13500.0,13500.0,13500.0,13500.0,0.0,0.0,2010,25,9,5,38,0.5,0.5,0.5,0.5,0.0,7.4074074074074066,LOW
2010-09-27,13500.0,13500.0,13500.0,13500.0,13500.0,13500.0,13500.0,0.0,0.0,2010,27,9,0,39,0.5,0.5,0.5,0.5,0.0,7.4074074074074066,LOW
2010-09-28,13500.0,13500.0,13500.0,13500.0,13500.0,13500.0,13500.0,0.0,0.0,2010,28,9,1,39,0.5,0.5,0.5,0.5,0.0,7.4074074074074066,LOW
2010-09-29,13500.0,13500.0,13500.0,13500.0,13500.0,13500.0,13500.0,0.0,0.0,2010,29,9,2,39,0.5,0.5,0.5,0.5,0.0,7.4074074074074066,LOW
2010-09-30,13500.0,13500.0,13500.0,13500.0,13500.0,13500.0,13500.0,0.0,0.0,2010,30,9,3,39,0.5,0.5,0.5,0.5,0.0,7.4074074074074066,LOW
2010-10-01,13500.0,13500.0,13500.0,13500.0,13500.0,13500.0,13500.0,0.0,0.0,2010,1,10,4,39,0.5,0.5,0.5,0.5,0.0,7.4074074074074066,LOW
2010-10-04,13500.0,13500.0,13500.0,13500.0,13500.0,13500.0,13500.0,0.0,0.0,2010,4,10,0,40,0.5,0.5,0.5,0.5,0.0,7.4074074074074066,LOW
2010-10-05,13500.0,13500.0,13500.0,13500.0,13500.0,13500.0,13500.0,0.0,0.0,2010,5,10,1,40,0.5,0.5,0.5,0.5,0.0,7.4074074074074066,LOW
2010-10-06,13500.0,13500.0,13500.0,13500.0,13500.0,13500.0,13500.0,0.0,0.0,2010,6,10,2,40,0.5,0.5,0.5,0.5,0.0,7.4074074074074066,LOW
2010-10-07,13500.0,13500.0,13500.0,13500.0,13500.0,13500.0,13500.0,0.0,0.0,2010,7,10,3,40,0.5,0.5,0.5,0.5,0.0,7.4074074074074066,LOW
2010-10-08,13500.0,13500.0,13500.0,13500.0,13500.0,13500.0,13500.0,0.0,0.0,2010,8,10,4,40,0.5,0.5,0.5,0.5,0.0,7.4074074074074066,LOW
2010-10-11,13500.0,13500.0,13500.0,13500.0,13500.0,13500.0,13500.0,0.0,0.0,2010,11,10,0,41,0.5,0.5,0.5,0.5,0.0,7.4074074074074066,LOW
2010-10-12,13500.0,13500.0,13500.0,13500.0,13500.0,13500.0,13500.0,0.0,0.0,2010,12,10,1,41,0.5,0.5,0.5,0.5,0.0,7.4074074074074066,LOW
2010-10-13,13500.0,13500.0,13500.0,13500.0,13500.0,13500.0,13500.0,0.0,0.0,2010,13,10,2,41,0.5,0.5,0.5,0.5,0.0,7.4074074074074066,LOW
2010-10-14,13500.0,13500.0,13500.0,13500.0,13500.0,13500.0,13500.0,0.0,0.0,2010,14,10,3,41,0.5,0.5,0.5,0.5,0.0,7.4074074074074066,LOW
2010-10-15,13500.0,13500.0,13500.0,13500.0,13500.0,13500.0,13500.0,0.0,0.0,2010,15,10,4,41,0.5,0.5,0.5,0.5,0.0,7.4074074074074066,LOW
2010-10-18,13500.0,13500.0,13500.0,13500.0,13500.0,13500.0,13500.0,0.0,0.0,2010,18,10,0,42,0.5,0.5,0.5,0.5,0.0,7.4074074074074066,LOW
2010-10-19,13500.0,13500.0,13500.0,13500.0,13500.0,13500.0,13500.0,0.0,0.0,2010,19,10,1,42,0.5,0.5,0.5,0.5,0.0,7.4074074074074066,LOW
2010-10-20,13500.0,13500.0,13500.0,13500.0,13500.0,13500.0,13500.0,0.0,0.0,2010,20,10,2,42,0.5,0.5,0.5,0.5,0.0,7.4074074074074066,LOW
2010-10-21,13500.0,13500.0,13500.0,13500.0,13500.0,13500.0,13500.0,0.0,0.0,2010,21,10,3,42,0.5,0.5,0.5,0.5,0.0,7.4074074074074066,LOW
2010-10-25,13500.0,13500.0,13500.0,13500.0,13500.0,13500.0,13500.0,0.0,0.0,2010,25,10,0,43,0.5,0.5,0.5,0.5,0.0,7.4074074074074066,LOW
2010-10-26,13500.0,13500.0,13500.0,13500.0,13500.0,13500.0,13500.0,0.0,0.0,2010,26,10,1,43,0.5,0.5,0.5,0.5,0.0,7.4074074074074066,LOW
2010-10-28,13500.0,13500.0,13500.0,13500.0,13500.0,13500.0,13500.0,0.0,0.0,2010,28,10,3,43,0.5,0.5,0.5,0.5,0.0,7.4074074074074066,LOW
2010-10-29,13500.0,13500.0,13500.0,13500.0,13500.0,13500.0,13500.0,0.0,0.0,2010,29,10,4,43,0.5,0.5,0.5,0.5,0.0,7.4074074074074066,LOW
2010-10-30,13500.0,13500.0,13500.0,13500.0,13500.0,13500.0,13500.0,0.0,0.0,2010,30,10,5,43,0.5,0.5,0.5,0.5,0.0,7.4074074074074066,LOW
2010-11-01,13500.0,13500.0,13500.0,13500.0,13500.0,13500.0,13500.0,0.0,0.0,2010,1,11,0,44,0.5,0.5,0.5,0.5,0.0,7.4074074074074066,LOW
2010-11-02,13500.0,13500.0,13500.0,13500.0,13500.0,13500.0,13500.0,0.0,0.0,2010,2,11,1,44,0.5,0.5,0.5,0.5,0.0,7.4074074074074066,LOW
2010-11-03,13500.0,13500.0,13500.0,13500.0,13500.0,13500.0,13500.0,0.0,0.0,2010,3,11,2,44,0.5,0.5,0.5,0.5,0.0,7.4074074074074066,LOW
2010-11-04,13500.0,13500.0,13500.0,13500.0,13500.0,13500.0,13500.0,0.0,0.0,2010,4,11,3,44,0.5,0.5,0.5,0.5,0.0,7.4074074074074066,LOW
2010-11-06,13500.0,13500.0,13500.0,13500.0,13500.0,13500.0,13500.0,0.0,0.0,2010,6,11,5,44,0.5,0.5,0.5,0.5,0.0,7.4074074074074066,LOW
2010-11-08,13500.0,13500.0,13500.0,13500.0,13500.0,13500.0,13500.0,0.0,0.0,2010,8,11,0,45,0.5,0.5,0.5,0.5,0.0,7.4074074074074066,LOW
2010-11-09,13500.0,13500.0,13500.0,13500.0,13500.0,13500.0,13500.0,0.0,0.0,2010,9,11,1,45,0.5,0.5,0.5,0.5,0.0,7.4074074074074066,LOW
2010-11-10,13500.0,13500.0,13500.0,13500.0,13500.0,13500.0,13500.0,0.0,0.0,2010,10,11,2,45,0.5,0.5,0.5,0.5,0.0,7.4074074074074066,LOW
2010-11-11,13500.0,13500.0,13500.0,13500.0,13500.0,13500.0,13500.0,0.0,0.0,2010,11,11,3,45,0.5,0.5,0.5,0.5,0.0,7.4074074074074066,LOW
2010-11-12,13500.0,13500.0,13500.0,13500.0,13500.0,13500.0,13500.0,0.0,0.0,2010,12,11,4,45,0.5,0.5,0.5,0.5,0.0,7.4074074074074066,LOW
2010-11-15,13500.0,13500.0,13500.0,13500.0,13500.0,13500.0,13500.0,0.0,0.0,2010,15,11,0,46,0.5,0.5,0.5,0.5,0.0,7.4074074074074066,LOW
2010-11-16,13500.0,13500.0,13500.0,13500.0,13500.0,13500.0,13500.0,0.0,0.0,2010,16,11,1,46,0.5,0.5,0.5,0.5,-19.999999999999996,7.4074074074074066,LOW
2010-11-18,13500.0,13500.0,13500.0,13500.0,13500.0,13500.0,13500.0,0.0,0.0,2010,18,11,3,46,0.4,0.5,0.4857142857142857,0.4928571428571428,24.999999999999993,7.4074074074074066,LOW
2010-11-19,13500.0,13500.0,13500.0,13500.0,13500.0,13500.0,13500.0,0.0,0.0,2010,19,11,4,46,0.5,0.5,0.4857142857142857,0.4928571428571428,0.0,7.4074074074074066,LOW
2010-11-20,13500.0,13500.0,13500.0,13500.0,13500.0,13500.0,13500.0,0.0,0.0,2010,20,11,5,46,0.5,0.5,0.4857142857142857,0.4928571428571428,0.0,7.4074074074074066,LOW
2010-11-22,13500.0,13500.0,13500.0,13500.0,13500.0,13500.0,13500.0,0.0,0.0,2010,22,11,0,47,0.5,0.5,0.4857142857142857,0.4928571428571428,0.0,7.4074074074074066,LOW
2010-11-23,13500.0,13500.0,13500.0,13500.0,13500.0,13500.0,13500.0,0.0,0.0,2010,23,11,1,47,0.5,0.5,0.4857142857142857,0.4928571428571428,0.0,7.4074074074074066,LOW
2010-11-24,13500.0,13500.0,13500.0,13500.0,13500.0,13500.0,13500.0,0.0,0.0,2010,24,11,2,47,0.5,0.5,0.4857142857142857,0.4928571428571428,0.0,7.4074074074074066,LOW
2010-11-25,13500.0,13500.0,13500.0,13500.0,13500.0,13500.0,13500.0,0.0,0.0,2010,25,11,3,47,0.5,0.4,0.4857142857142857,0.4928571428571428,0.0,7.4074074074074066,LOW
2010-11-26,13500.0,13500.0,13500.0,13500.0,13500.0,13500.0,13500.0,0.0,0.0,2010,26,11,4,47,0.5,0.5,0.5,0.4928571428571428,0.0,7.4074074074074066,LOW
2010-11-27,13500.0,13500.0,13500.0,13500.0,13500.0,13500.0,13500.0,0.0,0.0,2010,27,11,5,47,0.5,0.5,0.5,0.4928571428571428,0.0,7.4074074074074066,LOW
2010-12-01,13500.0,13500.0,13500.0,13500.0,13500.0,13500.0,13500.0,0.0,0.0,2010,1,12,2,48,0.5,0.5,0.5,0.4928571428571428,0.0,7.4074074074074066,LOW
2010-12-02,13500.0,13500.0,13500.0,13500.0,13500.0,13500.0,13500.0,0.0,0.0,2010,2,12,3,48,0.5,0.5,0.5,0.4928571428571428,0.0,7.4074074074074066,LOW
2010-12-03,13500.0,13500.0,13500.0,13500.0,13500.0,13500.0,13500.0,0.0,0.0,2010,3,12,4,48,0.5,0.5,0.5,0.4928571428571428,0.0,7.4074074074074066,LOW
2010-12-04,13500.0,13500.0,13500.0,13500.0,13500.0,13500.0,13500.0,0.0,0.0,2010,4,12,5,48,0.5,0.5,0.5,0.4928571428571428,0.0,7.4074074074074066,LOW
2010-12-06,13500.0,13500.0,13500.0,13500.0,13500.0,13500.0,13500.0,0.0,0.0,2010,6,12,0,49,0.5,0.5,0.5,0.4928571428571428,0.0,7.4074074074074066,LOW
2010-12-07,13500.0,13500.0,13500.0,13500.0,13500.0,13500.0,13500.0,0.0,0.0,2010,7,12,1,49,0.5,0.5,0.5,0.5,0.0,7.4074074074074066,LOW
2010-12-08,13500.0,13500.0,13500.0,13500.0,13500.0,13500.0,13500.0,0.0,0.0,2010,8,12,2,49,0.5,0.5,0.5,0.5,0.0,7.4074074074074066,LOW
2010-12-09,13500.0,13500.0,13500.0,13500.0,13500.0,13500.0,13500.0,0.0,0.0,2010,9,12,3,49,0.5,0.5,0.5,0.5,0.0,7.4074074074074066,LOW
2010-12-10,13500.0,13500.0,13500.0,13500.0,13500.0,13500.0,13500.0,0.0,0.0,2010,10,12,4,49,0.5,0.5,0.5,0.5,0.0,7.4074074074074066,LOW
2010-12-13,13500.0,13500.0,13500.0,13500.0,13500.0,13500.0,13500.0,0.0,0.0,2010,13,12,0,50,0.5,0.5,0.5,0.5,0.0,7.4074074074074066,LOW
2010-12-14,13500.0,13500.0,13500.0,13500.0,13500.0,13500.0,13500.0,0.0,0.0,2010,14,12,1,50,0.5,0.5,0.5,0.5,0.0,7.4074074074074066,LOW
2010-12-15,13500.0,13500.0,13500.0,13500.0,13500.0,13500.0,13500.0,0.0,0.0,2010,15,12,2,50,0.5,0.5,0.5,0.5,0.0,7.4074074074074066,LOW
2010-12-17,13500.0,13500.0,13500.0,13500.0,13500.0,13500.0,13500.0,0.0,0.0,2010,17,12,4,50,0.5,0.5,0.5,0.5,0.0,7.4074074074074066,LOW
2010-12-18,13500.0,13500.0,13500.0,13500.0,13500.0,13500.0,13500.0,0.0,0.0,2010,18,12,5,50,0.5,0.5,0.5,0.5,0.0,7.4074074074074066,LOW
2010-12-20,13500.0,13500.0,13500.0,13500.0,13500.0,13500.0,13500.0,0.0,0.0,2010,20,12,0,51,0.5,0.5,0.5,0.5,0.0,7.4074074074074066,LOW
2010-12-21,13500.0,13500.0,13500.0,13500.0,13500.0,13500.0,13500.0,0.0,0.0,2010,21,12,1,51,0.5,0.5,0.5,0.5,0.0,7.4074074074074066,LOW
2010-12-22,13500.0,13500.0,13500.0,13500.0,13500.0,13500.0,13500.0,0.0,0.0,2010,22,12,2,51,0.5,0.5,0.5,0.5,0.0,7.4074074074074066,LOW
2010-12-23,13500.0,13500.0,13500.0,13500.0,13500.0,13500.0,13500.0,0.0,0.0,2010,23,12,3,51,0.5,0.5,0.5,0.5,0.0,7.4074074074074066,LOW
2010-12-27,13500.0,13500.0,13500.0,13500.0,13500.0,13500.0,13500.0,0.0,0.0,2010,27,12,0,52,0.5,0.5,0.5,0.5,0.0,7.4074074074074066,LOW
2010-12-28,13500.0,13500.0,13500.0,13500.0,13500.0,13500.0,13500.0,0.0,0.0,2010,28,12,1,52,0.5,0.5,0.5,0.5,-60.0,7.4074074074074066,LOW
2011-01-01,13500.0,13500.0,13500.0,13500.0,13500.0,13500.0,13500.0,0.0,0.0,2011,1,1,5,52,0.2,0.5,0.4571428571428572,0.4785714285714286,149.99999999999997,7.4074074074074066,LOW
2011-01-03,13500.0,13500.0,13500.0,13500.0,13500.0,13500.0,13500.0,0.0,0.0,2011,3,1,0,1,0.5,0.5,0.4571428571428572,0.4785714285714286,0.0,7.4074074074074066,LOW
2011-01-04,13500.0,13500.0,13500.0,13500.0,13500.0,13500.0,13500.0,0.0,0.0,2011,4,1,1,1,0.5,0.5,0.4571428571428572,0.4785714285714286,0.0,7.4074074074074066,LOW
2011-01-05,13500.0,13500.0,13500.0,13500.0,13500.0,13500.0,13500.0,0.0,0.0,2011,5,1,2,1,0.5,0.5,0.4571428571428572,0.4785714285714286,0.0,7.4074074074074066,LOW
2011-01-06,13500.0,13500.0,13500.0,13500.0,13500.0,13500.0,13500.0,0.0,0.0,2011,6,1,3,1,0.5,0.5,0.4571428571428572,0.4785714285714286,0.0,7.4074074074074066,LOW
2011-01-07,13500.0,13500.0,13500.0,13500.0,13500.0,13500.0,13500.0,0.0,0.0,2011,7,1,4,1,0.5,0.5,0.4571428571428572,0.4785714285714286,0.0,7.4074074074074066,LOW
2011-01-10,13500.0,13500.0,13500.0,13500.0,13500.0,13500.0,13500.0,0.0,0.0,2011,10,1,0,2,0.5,0.2,0.4571428571428572,0.4785714285714286,0.0,7.4074074074074066,LOW
2011-01-11,13500.0,13500.0,13500.0,13500.0,13500.0,13500.0,13500.0,0.0,0.0,2011,11,1,1,2,0.5,0.5,0.5,0.4785714285714286,0.0,7.4074074074074066,LOW
2011-01-12,13500.0,13500.0,13500.0,13500.0,13500.0,13500.0,13500.0,0.0,0.0,2011,12,1,2,2,0.5,0.5,0.5,0.4785714285714286,0.0,7.4074074074074066,LOW
2011-01-13,13500.0,13500.0,13500.0,13500.0,13500.0,13500.0,13500.0,0.0,0.0,2011,13,1,3,2,0.5,0.5,0.5,0.4785714285714286,0.0,7.4074074074074066,LOW
2011-01-14,13500.0,13500.0,13500.0,13500.0,13500.0,13500.0,13500.0,0.0,0.0,2011,14,1,4,2,0.5,0.5,0.5,0.4785714285714286,0.0,7.4074074074074066,LOW
2011-01-15,13500.0,13500.0,13500.0,13500.0,13500.0,13500.0,13500.0,0.0,0.0,2011,15,1,5,2,0.5,0.5,0.5,0.4785714285714286,0.0,7.4074074074074066,LOW
2011-01-17,13500.0,13500.0,13500.0,13500.0,13500.0,13500.0,13500.0,0.0,0.0,2011,17,1,0,3,0.5,0.5,0.5,0.4785714285714286,0.0,7.4074074074074066,LOW
2011-01-18,13500.0,13500.0,13500.0,13500.0,13500.0,13500.0,13500.0,0.0,0.0,2011,18,1,1,3,0.5,0.5,0.5,0.4785714285714286,0.0,7.4074074074074066,LOW
2011-01-19,13500.0,13500.0,13500.0,13500.0,13500.0,13500.0,13500.0,0.0,0.0,2011,19,1,2,3,0.5,0.5,0.5,0.5,0.0,7.4074074074074066,LOW
2011-01-20,13500.0,13500.0,13500.0,13500.0,13500.0,13500.0,13500.0,0.0,0.0,2011,20,1,3,3,0.5,0.5,0.5,0.5,0.0,7.4074074074074066,LOW
2011-01-21,13500.0,13500.0,13500.0,13500.0,13500.0,13500.0,13500.0,0.0,0.0,2011,21,1,4,3,0.5,0.5,0.5,0.5,0.0,7.4074074074074066,LOW
2011-01-22,13500.0,13500.0,13500.0,13500.0,13500.0,13500.0,13500.0,0.0,0.0,2011,22,1,5,3,0.5,0.5,0.5,0.5,0.0,7.4074074074074066,LOW
2011-01-24,13500.0,13500.0,13500.0,13500.0,13500.0,13500.0,13500.0,0.0,0.0,2011,24,1,0,4,0.5,0.5,0.5,0.5,0.0,7.4074074074074066,LOW
2011-01-25,13500.0,13500.0,13500.0,13500.0,13500.0,13500.0,13500.0,0.0,0.0,2011,25,1,1,4,0.5,0.5,0.5,0.5,0.0,7.4074074074074066,LOW
2011-01-27,13500.0,13500.0,13500.0,13500.0,13500.0,13500.0,13500.0,0.0,0.0,2011,27,1,3,4,0.5,0.5,0.5,0.5,0.0,7.4074074074074066,LOW
2011-01-28,13500.0,13500.0,13500.0,13500.0,13500.0,13500.0,13500.0,0.0,0.0,2011,28,1,4,4,0.5,0.5,0.5,0.5,0.0,7.4074074074074066,LOW
2011-01-29,13500.0,13500.0,13500.0,13500.0,13500.0,13500.0,13500.0,0.0,0.0,2011,29,1,5,4,0.5,0.5,0.5,0.5,0.0,7.4074074074074066,LOW
2011-02-01,13500.0,13500.0,13500.0,13500.0,13500.0,13500.0,13500.0,0.0,0.0,2011,1,2,1,5,0.5,0.5,0.5,0.5,0.0,7.4074074074074066,LOW
2011-02-02,13500.0,13500.0,13500.0,13500.0,13500.0,13500.0,13500.0,0.0,0.0,2011,2,2,2,5,0.5,0.5,0.5,0.5,0.0,7.4074074074074066,LOW
2011-02-03,13500.0,13500.0,13500.0,13500.0,13500.0,13500.0,13500.0,0.0,0.0,2011,3,2,3,5,0.5,0.5,0.5,0.5,0.0,7.4074074074074066,LOW
2011-02-04,13500.0,13500.0,13500.0,13500.0,13500.0,13500.0,13500.0,0.0,0.0,2011,4,2,4,5,0.5,0.5,0.5,0.5,0.0,7.4074074074074066,LOW
2011-02-05,13500.0,13500.0,13500.0,13500.0,13500.0,13500.0,13500.0,0.0,0.0,2011,5,2,5,5,0.5,0.5,0.5,0.5,0.0,7.4074074074074066,LOW
2011-02-07,13500.0,13500.0,13500.0,13500.0,13500.0,13500.0,13500.0,0.0,0.0,2011,7,2,0,6,0.5,0.5,0.5,0.5,0.0,7.4074074074074066,LOW
2011-02-08,13500.0,13500.0,13500.0,13500.0,13500.0,13500.0,13500.0,0.0,0.0,2011,8,2,1,6,0.5,0.5,0.5,0.5,0.0,7.4074074074074066,LOW
2011-02-09,13500.0,13500.0,13500.0,13500.0,13500.0,13500.0,13500.0,0.0,0.0,2011,9,2,2,6,0.5,0.5,0.5,0.5,0.0,7.4074074074074066,LOW
2011-02-10,13500.0,13500.0,13500.0,13500.0,13500.0,13500.0,13500.0,0.0,0.0,2011,10,2,3,6,0.5,0.5,0.5,0.5,0.0,7.4074074074074066,LOW
2011-02-11,13500.0,13500.0,13500.0,13500.0,13500.0,13500.0,13500.0,0.0,0.0,2011,11,2,4,6,0.5,0.5,0.5,0.5,0.0,7.4074074074074066,LOW
2011-02-14,13500.0,13500.0,13500.0,13500.0,13500.0,13500.0,13500.0,0.0,0.0,2011,14,2,0,7,0.5,0.5,0.5,0.5,0.0,7.4074074074074066,LOW
2011-02-16,13500.0,13500.0,13500.0,13500.0,13500.0,13500.0,13500.0,0.0,0.0,2011,16,2,2,7,0.5,0.5,0.5,0.5,0.0,7.4074074074074066,LOW
2011-02-17,13500.0,13500.0,13500.0,13500.0,13500.0,13500.0,13500.0,0.0,0.0,2011,17,2,3,7,0.5,0.5,0.5,0.5,0.0,7.4074074074074066,LOW
2011-02-18,13500.0,13500.0,13500.0,13500.0,13500.0,13500.0,13500.0,0.0,0.0,2011,18,2,4,7,0.5,0.5,0.5,0.5,0.0,7.4074074074074066,LOW
2011-02-19,13500.0,13500.0,13500.0,13500.0,13500.0,13500.0,13500.0,0.0,0.0,2011,19,2,5,7,0.5,0.5,0.5,0.5,0.0,7.4074074074074066,LOW
2011-02-21,13500.0,13500.0,13500.0,13500.0,13500.0,13500.0,13500.0,0.0,0.0,2011,21,2,0,8,0.5,0.5,0.5,0.5,0.0,7.4074074074074066,LOW
2011-02-22,13500.0,13500.0,13500.0,13500.0,13500.0,13500.0,13500.0,0.0,0.0,2011,22,2,1,8,0.5,0.5,0.5,0.5,0.0,7.4074074074074066,LOW
2011-02-23,13500.0,13500.0,13500.0,13500.0,13500.0,13500.0,13500.0,0.0,0.0,2011,23,2,2,8,0.5,0.5,0.5,0.5,0.0,7.4074074074074066,LOW
2011-02-24,13500.0,13500.0,13500.0,13500.0,13500.0,13500.0,13500.0,0.0,0.0,2011,24,2,3,8,0.5,0.5,0.5,0.5,0.0,7.4074074074074066,LOW
2011-02-25,13500.0,13500.0,13500.0,13500.0,13500.0,13500.0,13500.0,0.0,0.0,2011,25,2,4,8,0.5,0.5,0.5,0.5,0.0,7.4074074074074066,LOW
2011-02-26,13500.0,13500.0,13500.0,13500.0,13500.0,13500.0,13500.0,0.0,0.0,2011,26,2,5,8,0.5,0.5,0.5,0.5,0.0,7.4074074074074066,MEDIUM
2011-03-01,13500.0,13500.0,13500.0,13500.0,13500.0,13500.0,13500.0,0.0,0.0,2011,1,3,1,9,0.5,0.5,0.5,0.5,0.0,7.4074074074074066,MEDIUM
2011-03-03,13500.0,13500.0,13500.0,13500.0,13500.0,13500.0,13500.0,0.0,0.0,2011,3,3,3,9,0.5,0.5,0.5,0.5,0.0,7.4074074074074066,MEDIUM
2011-03-04,13500.0,13500.0,13500.0,13500.0,13500.0,13500.0,13500.0,0.0,0.0,2011,4,3,4,9,0.5,0.5,0.5,0.5,0.0,7.4074074074074066,MEDIUM
2011-03-05,13500.0,13500.0,13500.0,13500.0,13500.0,13500.0,13500.0,0.0,0.0,2011,5,3,5,9,0.5,0.5,0.5,0.5,0.0,7.4074074074074066,MEDIUM
2011-03-07,13500.0,13500.0,13500.0,13500.0,13500.0,13500.0,13500.0,0.0,0.0,2011,7,3,0,10,0.5,0.5,0.5,0.5,0.0,2.898550724637681,LOW
2011-03-08,13800.0,13500.0,13500.0,13500.0,13542.857142857143,13521.42857142857,13510.0,113.38934190290969,80.17837257331651,2011,8,3,1,10,0.5,0.5,0.5,0.5,0.0,7.4074074074074066,LOW
2011-03-09,13500.0,13500.0,13500.0,13500.0,13542.857142857143,13521.42857142857,13510.0,113.38934190290969,80.17837257331651,2011,9,3,2,10,0.5,0.5,0.5,0.5,0.0,7.4074074074074066,LOW
2011-03-10,13500.0,13500.0,13500.0,13500.0,13542.857142857143,13521.42857142857,13510.0,113.38934190290969,80.17837257331651,2011,10,3,3,10,0.5,0.5,0.5,0.5,0.0,7.4074074074074066,LOW
2011-03-11,13500.0,13500.0,13500.0,13500.0,13542.857142857143,13521.42857142857,13510.0,113.38934190290969,80.17837257331651,2011,11,3,4,10,0.5,0.5,0.5,0.5,0.0,7.4074074074074066,LOW
2011-03-14,13500.0,13500.0,13500.0,13500.0,13542.857142857143,13521.42857142857,13510.0,113.38934190290969,80.17837257331651,2011,14,3,0,11,0.5,0.5,0.5,0.5,0.0,7.4074074074074066,LOW
2011-03-15,13500.0,13500.0,13500.0,13500.0,13542.857142857143,13521.42857142857,13510.0,113.38934190290969,80.17837257331651,2011,15,3,1,11,0.5,0.5,0.5,0.5,0.0,7.4074074074074066,LOW
2011-03-16,13500.0,13800.0,13500.0,13500.0,13542.857142857143,13521.42857142857,13510.0,113.38934190290969,80.17837257331651,2011,16,3,2,11,0.5,0.5,0.5,0.5,0.0,7.4074074074074066,LOW
2011-03-17,13500.0,13500.0,13500.0,13500.0,13500.0,13521.42857142857,13510.0,0.0,80.17837257331651,2011,17,3,3,11,0.5,0.5,0.5,0.5,0.0,7.4074074074074066,LOW
2011-03-18,13500.0,13500.0,13500.0,13500.0,13500.0,13521.42857142857,13510.0,0.0,80.17837257331651,2011,18,3,4,11,0.5,0.5,0.5,0.5,0.0,7.4074074074074066,LOW
2011-03-19,13500.0,13500.0,13500.0,13500.0,13500.0,13521.42857142857,13510.0,0.0,80.17837257331651,2011,19,3,5,11,0.5,0.5,0.5,0.5,0.0,7.4074074074074066,LOW
2011-03-21,13500.0,13500.0,13500.0,13500.0,13500.0,13521.42857142857,13510.0,0.0,80.17837257331651,2011,21,3,0,12,0.5,0.5,0.5,0.5,0.0,7.4074074074074066,LOW
2011-03-22,13500.0,13500.0,13500.0,13500.0,13500.0,13521.42857142857,13510.0,0.0,80.17837257331651,2011,22,3,1,12,0.5,0.5,0.5,0.5,0.0,7.4074074074074066,LOW
2011-03-23,13500.0,13500.0,13500.0,13500.0,13500.0,13521.42857142857,13510.0,0.0,80.17837257331651,2011,23,3,2,12,0.5,0.5,0.5,0.5,0.0,7.4074074074074066,LOW
2011-03-24,13500.0,13500.0,13800.0,13500.0,13500.0,13521.42857142857,13510.0,0.0,80.17837257331651,2011,24,3,3,12,0.5,0.5,0.5,0.5,0.0,7.4074074074074066,LOW
2011-03-25,13500.0,13500.0,13500.0,13500.0,13500.0,13500.0,13510.0,0.0,0.0,2011,25,3,4,12,0.5,0.5,0.5,0.5,0.0,7.4074074074074066,LOW
2011-03-26,13500.0,13500.0,13500.0,13500.0,13500.0,13500.0,13510.0,0.0,0.0,2011,26,3,5,12,0.5,0.5,0.5,0.5,0.0,7.4074074074074066,LOW
2011-03-28,13500.0,13500.0,13500.0,13500.0,13500.0,13500.0,13510.0,0.0,0.0,2011,28,3,0,13,0.5,0.5,0.5,0.5,0.0,7.4074074074074066,LOW
2011-03-29,13500.0,13500.0,13500.0,13500.0,13500.0,13500.0,13510.0,0.0,0.0,2011,29,3,1,13,0.5,0.5,0.5,0.5,0.0,7.4074074074074066,LOW
2011-04-01,13500.0,13500.0,13500.0,13500.0,13500.0,13500.0,13510.0,0.0,0.0,2011,1,4,4,13,0.5,0.5,0.5,0.5,0.0,7.4074074074074066,LOW
2011-04-02,13500.0,13500.0,13500.0,13500.0,13500.0,13500.0,13510.0,0.0,0.0,2011,2,4,5,13,0.5,0.5,0.5,0.5,0.0,7.4074074074074066,LOW
2011-04-05,13500.0,13500.0,13500.0,13500.0,13500.0,13500.0,13510.0,0.0,0.0,2011,5,4,1,14,0.5,0.5,0.5,0.5,0.0,7.4074074074074066,LOW
2011-04-06,13500.0,13500.0,13500.0,13500.0,13500.0,13500.0,13510.0,0.0,0.0,2011,6,4,2,14,0.5,0.5,0.5,0.5,0.0,7.4074074074074066,LOW
2011-04-07,13500.0,13500.0,13500.0,13500.0,13500.0,13500.0,13510.0,0.0,0.0,2011,7,4,3,14,0.5,0.5,0.5,0.5,0.0,7.4074074074074066,LOW
2011-04-08,13500.0,13500.0,13500.0,13500.0,13500.0,13500.0,13510.0,0.0,0.0,2011,8,4,4,14,0.5,0.5,0.5,0.5,0.0,7.4074074074074066,LOW
2011-04-11,13500.0,13500.0,13500.0,13500.0,13500.0,13500.0,13510.0,0.0,0.0,2011,11,4,0,15,0.5,0.5,0.5,0.5,0.0,7.4074074074074066,LOW
2011-04-12,13500.0,13500.0,13500.0,13500.0,13500.0,13500.0,13510.0,0.0,0.0,2011,12,4,1,15,0.5,0.5,0.5,0.5,0.0,7.4074074074074066,LOW
2011-04-16,13500.0,13500.0,13500.0,13500.0,13500.0,13500.0,13510.0,0.0,0.0,2011,16,4,5,15,0.5,0.5,0.5,0.5,0.0,7.4074074074074066,LOW
2011-04-18,13500.0,13500.0,13500.0,13500.0,13500.0,13500.0,13510.0,0.0,0.0,2011,18,4,0,16,0.5,0.5,0.5,0.5,0.0,7.4074074074074066,LOW
2011-04-19,13500.0,13500.0,13500.0,13500.0,13500.0,13500.0,13510.0,0.0,0.0,2011,19,4,1,16,0.5,0.5,0.5,0.5,0.0,7.4074074074074066,LOW
2011-04-20,13500.0,13500.0,13500.0,13800.0,13500.0,13500.0,13510.0,0.0,0.0,2011,20,4,2,16,0.5,0.5,0.5,0.5,0.0,7.4074074074074066,LOW
2011-04-23,13500.0,13500.0,13500.0,13500.0,13500.0,13500.0,13500.0,0.0,0.0,2011,23,4,5,16,0.5,0.5,0.5,0.5,0.0,7.4074074074074066,LOW
2011-04-25,13500.0,13500.0,13500.0,13500.0,13500.0,13500.0,13500.0,0.0,0.0,2011,25,4,0,17,0.5,0.5,0.5,0.5,0.0,7.4074074074074066,MEDIUM
2011-04-26,13500.0,13500.0,13500.0,13500.0,13500.0,13500.0,13500.0,0.0,0.0,2011,26,4,1,17,0.5,0.5,0.5,0.5,0.0,7.4074074074074066,MEDIUM
2011-04-27,13500.0,13500.0,13500.0,13500.0,13500.0,13500.0,13500.0,0.0,0.0,2011,27,4,2,17,0.5,0.5,0.5,0.5,0.0,7.4074074074074066,MEDIUM
2011-04-28,13500.0,13500.0,13500.0,13500.0,13500.0,13500.0,13500.0,0.0,0.0,2011,28,4,3,17,0.5,0.5,0.5,0.5,0.0,7.4074074074074066,MEDIUM
2011-04-30,13500.0,13500.0,13500.0,13500.0,13500.0,13500.0,13500.0,0.0,0.0,2011,30,4,5,17,0.5,0.5,0.5,0.5,0.0,7.4074074074074066,MEDIUM
2011-05-03,13500.0,13500.0,13500.0,13500.0,13500.0,13500.0,13500.0,0.0,0.0,2011,3,5,1,18,0.5,0.5,0.5,0.5,0.0,7.6923076923076925,MEDIUM
2011-05-04,13000.0,13500.0,13500.0,13500.0,13428.57142857143,13464.285714285714,13483.333333333334,188.98223650469873,133.63062095596717,2011,4,5,2,18,0.5,0.5,0.5,0.5,0.0,7.6923076923076925,MEDIUM
2011-05-05,13000.0,13500.0,13500.0,13500.0,13357.142857142857,13428.57142857143,13466.666666666666,243.97501823719963,181.568259800461,2011,5,5,3,18,0.5,0.5,0.5,0.5,0.0,7.6923076923076925,MEDIUM
2011-05-06,13000.0,13500.0,13500.0,13500.0,13285.714285714286,13392.857142857143,13450.0,267.2612419124856,212.90765681300718,2011,6,5,4,18,0.5,0.5,0.5,0.5,0.0,3.007518796992481,LOW
2011-05-07,13300.0,13500.0,13500.0,13500.0,13257.142857142857,13378.57142857143,13443.333333333334,250.7132682112691,211.8728625615958,2011,7,5,5,18,0.5,0.5,0.5,0.5,0.0,7.6923076923076925,LOW
2011-05-09,13000.0,13500.0,13500.0,13500.0,13185.714285714286,13342.857142857143,13426.666666666666,241.0295378066175,231.09866595575264,2011,9,5,0,19,0.5,0.5,0.5,0.5,0.0,7.6923076923076925,MEDIUM
2011-05-10,13000.0,13500.0,13500.0,13500.0,13114.285714285714,13307.142857142857,13410.0,203.54009783972694,243.26081512598662,2011,10,5,1,19,0.5,0.5,0.5,0.5,0.0,7.6923076923076925,MEDIUM
2011-05-11,13000.0,13000.0,13500.0,13500.0,13042.857142857143,13271.42857142857,13393.333333333334,113.38934190292123,249.3948720357689,2011,11,5,2,19,0.5,0.5,0.5,0.5,0.0,7.6923076923076925,MEDIUM
2011-05-12,13000.0,13000.0,13500.0,13500.0,13042.857142857143,13235.714285714286,13376.666666666666,113.38934190292123,249.94504890568018,2011,12,5,3,19,0.5,0.5,0.5,0.5,0.0,7.6923076923076925,MEDIUM
2011-05-13,13000.0,13000.0,13500.0,13500.0,13042.857142857143,13200.0,13360.0,113.38934190292123,244.94897427818594,2011,13,5,4,19,0.5,0.5,0.5,0.5,0.0,7.6923076923076925,LOW
2011-05-16,13000.0,13300.0,13500.0,13500.0,13042.857142857143,13164.285714285714,13343.333333333334,113.38934190292123,234.05174594553904,2011,16,5,0,20,0.5,0.5,0.5,0.5,0.0,7.4074074074074066,LOW
2011-05-17,13500.0,13000.0,13500.0,13500.0,13071.42857142857,13164.285714285714,13343.333333333334,188.98223650470507,234.05174594553904,2011,17,5,1,20,0.5,0.5,0.5,0.5,0.0,7.4074074074074066,LOW
2011-05-18,13500.0,13000.0,13500.0,13500.0,13142.857142857143,13164.285714285714,13343.333333333334,243.9750182372034,234.05174594553904,2011,18,5,2,20,0.5,0.5,0.5,0.5,0.0,7.4074074074074066,LOW
2011-05-19,13500.0,13000.0,13500.0,13500.0,13214.285714285714,13164.285714285714,13343.333333333334,267.26124191248755,234.05174594553904,2011,19,5,3,20,0.5,0.5,0.5,0.5,0.0,7.4074074074074066,LOW
2011-05-21,13500.0,13000.0,13000.0,13500.0,13285.714285714286,13164.285714285714,13343.333333333334,267.26124191248664,234.05174594553904,2011,21,5,5,20,0.5,0.5,0.5,0.5,0.0,7.4074074074074066,LOW
2011-05-23,13500.0,13000.0,13000.0,13500.0,13357.142857142857,13200.0,13343.333333333334,243.97501823720077,244.94897427818594,2011,23,5,0,21,0.5,0.5,0.5,0.5,0.0,7.4074074074074066,LOW
2011-05-24,13500.0,13000.0,13000.0,13500.0,13428.57142857143,13235.714285714286,13343.333333333334,188.98223650470018,249.94504890568018,2011,24,5,1,21,0.5,0.5,0.5,0.5,0.0,7.4074074074074066,MEDIUM
2011-05-25,13500.0,13500.0,13300.0,13500.0,13500.0,13271.42857142857,13343.333333333334,0.0,249.3948720357689,2011,25,5,2,21,0.5,0.5,0.5,0.5,0.0,7.4074074074074066,MEDIUM
2011-05-26,13500.0,13500.0,13000.0,13500.0,13500.0,13285.714285714286,13343.333333333334,0.0,256.77629550642183,2011,26,5,3,21,0.5,0.5,0.5,0.5,0.0,7.4074074074074066,MEDIUM
2011-05-27,13500.0,13500.0,13000.0,13500.0,13500.0,13321.42857142857,13343.333333333334,0.0,248.6225790492933,2011,27,5,4,21,0.5,0.5,0.5,0.5,0.0,7.4074074074074066,MEDIUM
2011-05-30,13500.0,13500.0,13000.0,13500.0,13500.0,13357.142857142857,13343.333333333334,0.0,234.40361546910947,2011,30,5,0,22,0.5,0.5,0.5,0.5,0.0,7.4074074074074066,MEDIUM
2011-06-01,13500.0,13500.0,13000.0,13500.0,13500.0,13392.857142857143,13343.333333333334,0.0,212.9076568130075,2011,1,6,2,22,0.5,0.5,0.5,0.5,0.0,3.7593984962406015,MEDIUM
2011-06-02,13300.0,13500.0,13000.0,13500.0,13471.42857142857,13414.285714285714,13336.666666666666,75.59289460206124,183.3749536504606,2011,2,6,3,22,0.5,0.5,0.5,0.5,0.0,3.7593984962406015,MEDIUM
2011-06-03,13300.0,13500.0,13000.0,13500.0,13442.857142857143,13435.714285714286,13330.0,97.59000729502038,144.6860944735213,2011,3,6,4,22,0.5,0.5,0.5,0.5,0.0,3.7593984962406015,MEDIUM
2011-06-04,13300.0,13500.0,13500.0,13500.0,13414.285714285714,13457.142857142857,13323.333333333334,106.9044967651225,85.1630627248806,2011,4,6,5,22,0.5,0.5,0.5,0.5,0.0,1.550387596899225,MEDIUM
2011-06-06,12900.0,13500.0,13500.0,13500.0,13328.57142857143,13414.285714285714,13303.333333333334,213.80899353001647,170.3261254503368,2011,6,6,0,23,0.5,0.5,0.5,0.5,0.0,8.0,MEDIUM
2011-06-07,12500.0,13500.0,13500.0,13500.0,13185.714285714286,13342.857142857143,13270.0,362.5307868700318,295.385760070932,2011,7,6,1,23,0.5,0.5,0.5,0.5,0.0,8.0,MEDIUM
2011-06-08,12500.0,13500.0,13500.0,13500.0,13042.857142857143,13271.42857142857,13236.666666666666,411.73269183275045,366.7499073011872,2011,8,6,2,23,0.5,0.5,0.5,0.5,0.0,8.0,MEDIUM
2011-06-09,12500.0,13300.0,13500.0,13500.0,12900.0,13200.0,13203.333333333334,400.00000000004184,413.2423390326376,2011,9,6,3,23,0.5,0.5,0.5,0.5,0.0,8.0,MEDIUM
2011-06-10,12500.0,13300.0,13500.0,13500.0,12785.714285714286,13128.57142857143,13170.0,380.47589248458144,442.76851293185956,2011,10,6,4,23,0.5,0.5,0.5,0.5,0.0,3.125,MEDIUM
2011-06-13,12800.0,13300.0,13500.0,13000.0,12714.285714285714,13078.57142857143,13146.666666666666,307.83421635994137,437.0857536501161,2011,13,6,0,24,0.5,0.5,0.5,0.5,0.0,3.125,MEDIUM
2011-06-14,12800.0,12900.0,13500.0,13000.0,12642.857142857143,13028.57142857143,13140.0,181.26539343508955,425.0403988555374,2011,14,6,1,24,0.5,0.5,0.5,0.5,0.0,8.0,MEDIUM
2011-06-15,12500.0,12500.0,13500.0,13000.0,12585.714285714286,12957.142857142857,13123.333333333334,146.38501094240016,423.7457251234198,2011,15,6,2,24,0.5,0.5,0.5,0.5,0.0,3.90625,MEDIUM
2011-06-16,12800.0,12500.0,13500.0,13300.0,12628.57142857143,12907.142857142857,13116.666666666666,160.35674514756346,395.0935346203911,2011,16,6,3,24,0.5,0.5,0.5,0.5,0.0,3.90625,LOW
2011-06-17,12800.0,12500.0,13500.0,13000.0,12671.42857142857,12857.142857142857,13100.0,160.35674514756255,356.7250303142185,2011,17,6,4,24,0.5,0.5,0.5,0.5,0.0,8.0,LOW
2011-06-18,12500.0,12500.0,13300.0,13000.0,12671.42857142857,12785.714285714286,13083.333333333334,160.35674514756255,315.8800718313079,2011,18,6,5,24,0.5,0.5,0.5,0.5,0.0,8.0,LOW
2011-06-20,12500.0,12800.0,13300.0,13000.0,12671.42857142857,12728.57142857143,13066.666666666666,160.35674514756255,286.70159085316254,2011,20,6,0,25,0.5,0.5,0.5,0.5,0.0,8.0,LOW
2011-06-21,12500.0,12800.0,13300.0,13000.0,12628.57142857143,12671.42857142857,13050.0,160.35674514756346,239.96336716746785,2011,21,6,1,25,0.5,0.5,0.5,0.5,0.0,8.0,MEDIUM
2011-06-22,12500.0,12500.0,12900.0,13000.0,12585.714285714286,12614.285714285714,13033.333333333334,146.38501094240016,161.0405723226194,2011,22,6,2,25,0.5,0.5,0.5,0.5,0.0,8.0,MEDIUM
2011-06-24,12500.0,12800.0,12500.0,13000.0,12585.714285714286,12585.714285714286,13016.666666666666,146.38501094240016,140.64216928130193,2011,24,6,4,25,0.5,0.5,0.5,0.5,0.0,8.0,MEDIUM
2011-06-25,12500.0,12800.0,12500.0,13500.0,12542.857142857143,12585.714285714286,13000.0,113.3893419029246,140.64216928130193,2011,25,6,5,25,0.5,0.5,0.5,0.5,0.0,8.0,MEDIUM
2011-06-30,12500.0,12500.0,12500.0,13500.0,12500.0,12585.714285714286,12966.666666666666,0.0,140.64216928130193,2011,30,6,3,26,0.5,0.5,0.5,0.5,0.0,8.0,MEDIUM
2011-07-01,12500.0,12500.0,12500.0,13500.0,12500.0,12585.714285714286,12933.333333333334,0.0,140.64216928130193,2011,1,7,4,26,0.5,0.5,0.5,0.5,0.0,3.90625,LOW
2011-07-02,12800.0,12500.0,12800.0,13500.0,12542.857142857143,12607.142857142857,12910.0,113.3893419029246,149.17354742942211,2011,2,7,5,26,0.5,0.5,0.5,0.5,0.0,8.0,LOW
2011-07-04,12500.0,12500.0,12800.0,13500.0,12542.857142857143,12585.714285714286,12876.666666666666,113.3893419029246,140.64216928130193,2011,4,7,0,27,0.5,0.5,0.5,0.5,0.0,8.0,LOW
2011-07-05,12500.0,12500.0,12500.0,13500.0,12542.857142857143,12564.285714285714,12843.333333333334,113.3893419029246,127.74459408762354,2011,5,7,1,27,0.5,0.5,0.5,0.5,0.0,8.0,LOW
2011-07-06,12500.0,12500.0,12800.0,13500.0,12542.857142857143,12564.285714285714,12810.0,113.3893419029246,127.74459408762354,2011,6,7,2,27,0.5,0.5,0.5,0.5,0.0,8.0,LOW
2011-07-07,12500.0,12500.0,12800.0,13500.0,12542.857142857143,12542.857142857143,12776.666666666666,113.3893419029246,108.94095588006411,2011,7,7,3,27,0.5,0.5,0.5,0.5,0.0,8.0,LOW
2011-07-08,12500.0,12500.0,12500.0,13500.0,12542.857142857143,12521.42857142857,12743.333333333334,113.3893419029246,80.1783725732912,2011,8,7,4,27,0.5,0.5,0.5,0.5,0.0,8.0,LOW
2011-07-11,12500.0,12800.0,12500.0,13500.0,12542.857142857143,12521.42857142857,12710.0,113.3893419029246,80.1783725732912,2011,11,7,0,28,0.5,0.5,0.5,0.5,0.0,8.0,LOW
2011-07-12,12500.0,12500.0,12500.0,13500.0,12500.0,12521.42857142857,12676.666666666666,0.0,80.1783725732912,2011,12,7,1,28,0.5,0.5,0.5,0.5,0.0,8.0,LOW
2011-07-13,12500.0,12500.0,12500.0,13300.0,12500.0,12521.42857142857,12643.333333333334,0.0,80.1783725732912,2011,13,7,2,28,0.5,0.5,0.5,0.5,0.0,8.0,LOW
2011-07-14,12500.0,12500.0,12500.0,13300.0,12500.0,12521.42857142857,12616.666666666666,0.0,80.1783725732912,2011,14,7,3,28,0.5,0.5,0.5,0.5,0.0,8.0,LOW
2011-07-15,12500.0,12500.0,12500.0,13300.0,12500.0,12521.42857142857,12590.0,0.0,80.1783725732912,2011,15,7,4,28,0.5,0.5,0.5,0.5,0.0,8.0,LOW
2011-07-16,12500.0,12500.0,12500.0,12900.0,12500.0,12521.42857142857,12563.333333333334,0.0,80.1783725732912,2011,16,7,5,28,0.5,0.5,0.5,0.5,0.0,8.0,LOW
2011-07-18,12500.0,12500.0,12500.0,12500.0,12500.0,12521.42857142857,12550.0,0.0,80.1783725732912,2011,18,7,0,29,0.5,0.5,0.5,0.5,0.0,8.0,LOW
2011-07-19,12500.0,12500.0,12800.0,12500.0,12500.0,12521.42857142857,12550.0,0.0,80.1783725732912,2011,19,7,1,29,0.5,0.5,0.5,0.5,0.0,8.0,LOW
2011-07-20,12500.0,12500.0,12500.0,12500.0,12500.0,12500.0,12550.0,0.0,0.0,2011,20,7,2,29,0.5,0.5,0.5,0.5,0.0,8.0,LOW
2011-07-21,12500.0,12500.0,12500.0,12500.0,12500.0,12500.0,12550.0,0.0,0.0,2011,21,7,3,29,0.5,0.5,0.5,0.5,0.0,8.0,LOW
2011-07-22,12500.0,12500.0,12500.0,12800.0,12500.0,12500.0,12550.0,0.0,0.0,2011,22,7,4,29,0.5,0.5,0.5,0.5,0.0,8.0,LOW
2011-07-23,12500.0,12500.0,12500.0,12800.0,12500.0,12500.0,12540.0,0.0,0.0,2011,23,7,5,29,0.5,0.5,0.5,0.5,0.0,8.0,LOW
2011-07-25,12500.0,12500.0,12500.0,12500.0,12500.0,12500.0,12530.0,0.0,0.0,2011,25,7,0,30,0.5,0.5,0.5,0.5,0.0,8.0,LOW
2011-07-26,12500.0,12500.0,12500.0,12800.0,12500.0,12500.0,12530.0,0.0,0.0,2011,26,7,1,30,0.5,0.5,0.5,0.5,0.0,8.0,LOW
2011-08-01,12500.0,12500.0,12500.0,12800.0,12500.0,12500.0,12520.0,0.0,0.0,2011,1,8,0,31,0.5,0.5,0.5,0.5,0.0,8.0,LOW
2011-08-02,12500.0,12500.0,12500.0,12500.0,12500.0,12500.0,12510.0,0.0,0.0,2011,2,8,1,31,0.5,0.5,0.5,0.5,0.0,8.0,LOW
2011-08-03,12500.0,12500.0,12500.0,12500.0,12500.0,12500.0,12510.0,0.0,0.0,2011,3,8,2,31,0.5,0.5,0.5,0.5,0.0,8.0,LOW
2011-08-04,12500.0,12500.0,12500.0,12500.0,12500.0,12500.0,12510.0,0.0,0.0,2011,4,8,3,31,0.5,0.5,0.5,0.5,0.0,8.0,MEDIUM
2011-08-05,12500.0,12500.0,12500.0,12500.0,12500.0,12500.0,12510.0,0.0,0.0,2011,5,8,4,31,0.5,0.5,0.5,0.5,0.0,8.0,MEDIUM
2011-08-06,12500.0,12500.0,12500.0,12500.0,12500.0,12500.0,12510.0,0.0,0.0,2011,6,8,5,31,0.5,0.5,0.5,0.5,0.0,8.0,MEDIUM
2011-08-08,12500.0,12500.0,12500.0,12500.0,12500.0,12500.0,12510.0,0.0,0.0,2011,8,8,0,32,0.5,0.5,0.5,0.5,0.0,8.0,MEDIUM
2011-08-09,12500.0,12500.0,12500.0,12500.0,12500.0,12500.0,12510.0,0.0,0.0,2011,9,8,1,32,0.5,0.5,0.5,0.5,0.0,8.0,MEDIUM
2011-08-10,12500.0,12500.0,12500.0,12500.0,12500.0,12500.0,12510.0,0.0,0.0,2011,10,8,2,32,0.5,0.5,0.5,0.5,0.0,3.90625,LOW
2011-08-11,12800.0,12500.0,12500.0,12800.0,12542.857142857143,12521.42857142857,12520.0,113.3893419029246,80.1783725732912,2011,11,8,3,32,0.5,0.5,0.5,0.5,0.0,8.0,LOW
2011-08-12,12500.0,12500.0,12500.0,12500.0,12542.857142857143,12521.42857142857,12510.0,113.3893419029246,80.1783725732912,2011,12,8,4,32,0.5,0.5,0.5,0.5,0.0,8.0,LOW
2011-08-16,12500.0,12500.0,12500.0,12500.0,12542.857142857143,12521.42857142857,12510.0,113.3893419029246,80.1783725732912,2011,16,8,1,33,0.5,0.5,0.5,0.5,0.0,8.0,LOW
2011-08-17,12500.0,12500.0,12500.0,12500.0,12542.857142857143,12521.42857142857,12510.0,113.3893419029246,80.1783725732912,2011,17,8,2,33,0.5,0.5,0.5,0.5,0.0,8.0,LOW
2011-08-18,12500.0,12500.0,12500.0,12500.0,12542.857142857143,12521.42857142857,12510.0,113.3893419029246,80.1783725732912,2011,18,8,3,33,0.5,0.5,0.5,0.5,0.0,8.0,LOW
2011-08-19,12500.0,12500.0,12500.0,12500.0,12542.857142857143,12521.42857142857,12510.0,113.3893419029246,80.1783725732912,2011,19,8,4,33,0.5,0.5,0.5,0.5,0.0,8.0,LOW
2011-08-20,12500.0,12800.0,12500.0,12500.0,12542.857142857143,12521.42857142857,12510.0,113.3893419029246,80.1783725732912,2011,20,8,5,33,0.5,0.5,0.5,0.5,0.0,8.0,LOW
2011-08-22,12500.0,12500.0,12500.0,12500.0,12500.0,12521.42857142857,12510.0,0.0,80.1783725732912,2011,22,8,0,34,0.5,0.5,0.5,0.5,0.0,8.0,LOW
2011-08-23,12500.0,12500.0,12500.0,12500.0,12500.0,12521.42857142857,12510.0,0.0,80.1783725732912,2011,23,8,1,34,0.5,0.5,0.5,0.5,0.0,8.0,LOW
2011-08-24,12500.0,12500.0,12500.0,12500.0,12500.0,12521.42857142857,12510.0,0.0,80.1783725732912,2011,24,8,2,34,0.5,0.5,0.5,0.5,0.0,8.0,MEDIUM
2011-08-25,12500.0,12500.0,12500.0,12500.0,12500.0,12521.42857142857,12510.0,0.0,80.1783725732912,2011,25,8,3,34,0.5,0.5,0.5,0.5,0.0,8.0,MEDIUM
2011-08-26,12500.0,12500.0,12500.0,12500.0,12500.0,12521.42857142857,12510.0,0.0,80.1783725732912,2011,26,8,4,34,0.5,0.5,0.5,0.5,0.0,8.0,MEDIUM
2011-09-01,12500.0,12500.0,12500.0,12500.0,12500.0,12521.42857142857,12510.0,0.0,80.1783725732912,2011,1,9,3,35,0.5,0.5,0.5,0.5,0.0,8.0,MEDIUM
2011-09-02,12500.0,12500.0,12800.0,12500.0,12500.0,12521.42857142857,12510.0,0.0,80.1783725732912,2011,2,9,4,35,0.5,0.5,0.5,0.5,0.0,8.0,MEDIUM
2011-09-03,12500.0,12500.0,12500.0,12500.0,12500.0,12500.0,12510.0,0.0,0.0,2011,3,9,5,35,0.5,0.5,0.5,0.5,0.0,7.6923076923076925,LOW
2011-09-05,13000.0,12500.0,12500.0,12500.0,12571.42857142857,12535.714285714286,12526.666666666666,188.9822365047071,133.63062095595095,2011,5,9,0,36,0.5,0.5,0.5,0.5,0.0,8.0,LOW
2011-09-06,12500.0,12500.0,12500.0,12500.0,12571.42857142857,12535.714285714286,12526.666666666666,188.9822365047071,133.63062095595095,2011,6,9,1,36,0.5,0.5,0.5,0.5,0.0,8.0,LOW
2011-09-28,12500.0,12500.0,12500.0,12500.0,12571.42857142857,12535.714285714286,12526.666666666666,188.9822365047071,133.63062095595095,2011,28,9,2,39,0.5,0.5,0.5,0.5,0.0,8.0,LOW
2011-09-29,12500.0,12500.0,12500.0,12500.0,12571.42857142857,12535.714285714286,12526.666666666666,188.9822365047071,133.63062095595095,2011,29,9,3,39,0.5,0.5,0.5,0.5,0.0,8.0,LOW
2011-09-30,12500.0,12500.0,12500.0,12500.0,12571.42857142857,12535.714285714286,12526.666666666666,188.9822365047071,133.63062095595095,2011,30,9,4,39,0.5,0.5,0.5,0.5,0.0,8.0,LOW
2011-10-01,12500.0,12500.0,12500.0,12500.0,12571.42857142857,12535.714285714286,12526.666666666666,188.9822365047071,133.63062095595095,2011,1,10,5,39,0.5,0.5,0.5,0.5,0.0,8.0,LOW
2011-10-03,12500.0,13000.0,12500.0,12500.0,12571.42857142857,12535.714285714286,12526.666666666666,188.9822365047071,133.63062095595095,2011,3,10,0,40,0.5,0.5,0.5,0.5,0.0,8.0,LOW
2011-10-04,12500.0,12500.0,12500.0,12500.0,12500.0,12535.714285714286,12526.666666666666,0.0,133.63062095595095,2011,4,10,1,40,0.5,0.5,0.5,0.5,0.0,8.0,LOW
2011-10-07,12500.0,12500.0,12500.0,12500.0,12500.0,12535.714285714286,12526.666666666666,0.0,133.63062095595095,2011,7,10,4,40,0.5,0.5,0.5,0.5,0.0,8.0,LOW
2011-10-10,12500.0,12500.0,12500.0,12500.0,12500.0,12535.714285714286,12526.666666666666,0.0,133.63062095595095,2011,10,10,0,41,0.5,0.5,0.5,0.5,0.0,8.0,LOW
2011-10-11,12500.0,12500.0,12500.0,12500.0,12500.0,12535.714285714286,12526.666666666666,0.0,133.63062095595095,2011,11,10,1,41,0.5,0.5,0.5,0.5,0.0,8.0,LOW
2011-10-12,12500.0,12500.0,12500.0,12500.0,12500.0,12535.714285714286,12526.666666666666,0.0,133.63062095595095,2011,12,10,2,41,0.5,0.5,0.5,0.5,0.0,8.0,LOW
2011-10-13,12500.0,12500.0,12500.0,12500.0,12500.0,12535.714285714286,12526.666666666666,0.0,133.63062095595095,2011,13,10,3,41,0.5,0.5,0.5,0.5,0.0,8.0,LOW
2011-10-14,12500.0,12500.0,13000.0,12500.0,12500.0,12535.714285714286,12526.666666666666,0.0,133.63062095595095,2011,14,10,4,41,0.5,0.5,0.5,0.5,0.0,8.0,LOW
2011-10-15,12500.0,12500.0,12500.0,12800.0,12500.0,12500.0,12526.666666666666,0.0,0.0,2011,15,10,5,41,0.5,0.5,0.5,0.5,0.0,8.0,LOW
2011-10-17,12500.0,12500.0,12500.0,12500.0,12500.0,12500.0,12516.666666666666,0.0,0.0,2011,17,10,0,42,0.5,0.5,0.5,0.5,0.0,8.0,LOW
2011-10-18,12500.0,12500.0,12500.0,12500.0,12500.0,12500.0,12516.666666666666,0.0,0.0,2011,18,10,1,42,0.5,0.5,0.5,0.5,0.0,8.0,LOW
2011-10-19,12500.0,12500.0,12500.0,12500.0,12500.0,12500.0,12516.666666666666,0.0,0.0,2011,19,10,2,42,0.5,0.5,0.5,0.5,0.0,8.0,LOW
2011-10-20,12500.0,12500.0,12500.0,12500.0,12500.0,12500.0,12516.666666666666,0.0,0.0,2011,20,10,3,42,0.5,0.5,0.5,0.5,0.0,8.0,LOW
2011-10-21,12500.0,12500.0,12500.0,12500.0,12500.0,12500.0,12516.666666666666,0.0,0.0,2011,21,10,4,42,0.5,0.5,0.5,0.5,0.0,8.0,LOW
2011-10-22,12500.0,12500.0,12500.0,12500.0,12500.0,12500.0,12516.666666666666,0.0,0.0,2011,22,10,5,42,0.5,0.5,0.5,0.5,0.0,8.0,LOW
2011-10-24,12500.0,12500.0,12500.0,12500.0,12500.0,12500.0,12516.666666666666,0.0,0.0,2011,24,10,0,43,0.5,0.5,0.5,0.5,0.0,8.0,LOW
2011-10-25,12500.0,12500.0,12500.0,12500.0,12500.0,12500.0,12516.666666666666,0.0,0.0,2011,25,10,1,43,0.5,0.5,0.5,0.5,0.0,8.0,LOW
2011-10-27,12500.0,12500.0,12500.0,12500.0,12500.0,12500.0,12516.666666666666,0.0,0.0,2011,27,10,3,43,0.5,0.5,0.5,0.5,0.0,8.0,LOW
2011-10-28,12500.0,12500.0,12500.0,12500.0,12500.0,12500.0,12516.666666666666,0.0,0.0,2011,28,10,4,43,0.5,0.5,0.5,0.5,0.0,8.0,LOW
2011-11-02,12500.0,12500.0,12500.0,12500.0,12500.0,12500.0,12516.666666666666,0.0,0.0,2011,2,11,2,44,0.5,0.5,0.5,0.5,0.0,8.0,LOW
2011-11-03,12500.0,12500.0,12500.0,12500.0,12500.0,12500.0,12516.666666666666,0.0,0.0,2011,3,11,3,44,0.5,0.5,0.5,0.5,0.0,8.0,LOW
2011-11-04,12500.0,12500.0,12500.0,12500.0,12500.0,12500.0,12516.666666666666,0.0,0.0,2011,4,11,4,44,0.5,0.5,0.5,0.5,0.0,8.0,LOW
2011-11-08,12500.0,12500.0,12500.0,12500.0,12500.0,12500.0,12516.666666666666,0.0,0.0,2011,8,11,1,45,0.5,0.5,0.5,0.5,0.0,8.0,LOW
2011-11-09,12500.0,12500.0,12500.0,13000.0,12500.0,12500.0,12516.666666666666,0.0,0.0,2011,9,11,2,45,0.5,0.5,0.5,0.5,0.0,8.0,LOW
2011-11-10,12500.0,12500.0,12500.0,12500.0,12500.0,12500.0,12500.0,0.0,0.0,2011,10,11,3,45,0.5,0.5,0.5,0.5,0.0,8.0,LOW
2011-11-11,12500.0,12500.0,12500.0,12500.0,12500.0,12500.0,12500.0,0.0,0.0,2011,11,11,4,45,0.5,0.5,0.5,0.5,0.0,8.0,LOW
2011-11-14,12500.0,12500.0,12500.0,12500.0,12500.0,12500.0,12500.0,0.0,0.0,2011,14,11,0,46,0.5,0.5,0.5,0.5,0.0,8.0,LOW
2011-11-15,12500.0,12500.0,12500.0,12500.0,12500.0,12500.0,12500.0,0.0,0.0,2011,15,11,1,46,0.5,0.5,0.5,0.5,0.0,8.0,LOW
2011-11-16,12500.0,12500.0,12500.0,12500.0,12500.0,12500.0,12500.0,0.0,0.0,2011,16,11,2,46,0.5,0.5,0.5,0.5,0.0,8.0,LOW
2011-11-17,12500.0,12500.0,12500.0,12500.0,12500.0,12500.0,12500.0,0.0,0.0,2011,17,11,3,46,0.5,0.5,0.5,0.5,0.0,8.0,LOW
2011-11-18,12500.0,12500.0,12500.0,12500.0,12500.0,12500.0,12500.0,0.0,0.0,2011,18,11,4,46,0.5,0.5,0.5,0.5,0.0,8.0,LOW
2011-11-19,12500.0,12500.0,12500.0,12500.0,12500.0,12500.0,12500.0,0.0,0.0,2011,19,11,5,46,0.5,0.5,0.5,0.5,0.0,8.0,LOW
2011-11-21,12500.0,12500.0,12500.0,12500.0,12500.0,12500.0,12500.0,0.0,0.0,2011,21,11,0,47,0.5,0.5,0.5,0.5,0.0,8.0,LOW
2008-04-12,12000.0,12000.0,11775.0,12000.0,12000.0,11976.07142857143,11980.666666666666,0.0,64.87202109445286,2008,12,4,5,15,0.05,0.05,0.05,0.05071428571428571,0.0,4.166666666666666,LOW
2008-04-15,12000.0,12000.0,12000.0,12000.0,12000.0,11992.142857142857,11980.666666666666,0.0,29.398736610367397,2008,15,4,1,16,0.05,0.05,0.05,0.05071428571428571,0.0,4.166666666666666,LOW
2008-04-16,12000.0,12000.0,12000.0,12000.0,12000.0,11992.142857142857,11980.666666666666,0.0,29.398736610367397,2008,16,4,2,16,0.05,0.05,0.05,0.05,0.0,4.166666666666666,LOW
2008-04-17,12000.0,12000.0,12000.0,12000.0,12000.0,11992.142857142857,11980.666666666666,0.0,29.398736610367397,2008,17,4,3,16,0.05,0.05,0.05,0.05,0.0,4.166666666666666,LOW
2008-04-19,12000.0,12000.0,12000.0,12000.0,12000.0,11992.142857142857,11980.666666666666,0.0,29.398736610367397,2008,19,4,5,16,0.05,0.05,0.05,0.05,0.0,4.166666666666666,LOW
2008-04-21,12000.0,12000.0,11890.0,12000.0,12000.0,11992.142857142857,11980.666666666666,0.0,29.398736610367397,2008,21,4,0,17,0.05,0.05,0.05,0.05,0.0,4.166666666666666,LOW
2008-04-22,12000.0,12000.0,12000.0,12000.0,12000.0,12000.0,11980.666666666666,0.0,0.0,2008,22,4,1,17,0.05,0.05,0.05,0.05,0.0,4.166666666666666,LOW
2008-04-24,12000.0,12000.0,12000.0,12000.0,12000.0,12000.0,11980.666666666666,0.0,0.0,2008,24,4,3,17,0.05,0.05,0.05,0.05,0.0,4.166666666666666,LOW
2008-04-26,12000.0,12000.0,12000.0,12000.0,12000.0,12000.0,11980.666666666666,0.0,0.0,2008,26,4,5,17,0.05,0.05,0.05,0.05,-80.0,4.166666666666666,LOW
2008-04-28,12000.0,12000.0,12000.0,11755.0,12000.0,12000.0,11980.666666666666,0.0,0.0,2008,28,4,0,18,0.01,0.05,0.044285714285714296,0.047142857142857146,400.0,4.166666666666666,LOW
2008-04-29,12000.0,12000.0,12000.0,12000.0,12000.0,12000.0,11988.833333333334,0.0,0.0,2008,29,4,1,18,0.05,0.05,0.04428571428571428,0.047142857142857146,0.0,4.166666666666666,LOW
2008-06-02,12000.0,12000.0,12000.0,12000.0,12000.0,12000.0,11988.833333333334,0.0,0.0,2008,2,6,0,23,0.05,0.05,0.04428571428571428,0.047142857142857146,0.0,4.166666666666666,LOW
2008-06-03,12000.0,12000.0,12000.0,12000.0,12000.0,12000.0,11988.833333333334,0.0,0.0,2008,3,6,1,23,0.05,0.05,0.044285714285714296,0.047142857142857146,0.0,4.166666666666666,LOW
2008-06-04,12000.0,12000.0,12000.0,12000.0,12000.0,12000.0,11988.833333333334,0.0,0.0,2008,4,6,2,23,0.05,0.05,0.04428571428571428,0.047142857142857146,19.99999999999999,4.166666666666666,LOW
2008-06-05,12000.0,12000.0,12000.0,12000.0,12000.0,12000.0,11988.833333333334,0.0,0.0,2008,5,6,3,23,0.06,0.05,0.045714285714285714,0.04785714285714286,-16.66666666666666,4.166666666666666,LOW
2008-06-06,12000.0,12000.0,12000.0,12000.0,12000.0,12000.0,11988.833333333334,0.0,0.0,2008,6,6,4,23,0.05,0.01,0.045714285714285714,0.04785714285714286,0.0,4.166666666666666,LOW
2008-06-07,12000.0,12000.0,12000.0,11775.0,12000.0,12000.0,11988.833333333334,0.0,0.0,2008,7,6,5,23,0.05,0.05,0.05142857142857143,0.04785714285714286,0.0,4.166666666666666,LOW
2008-06-09,12000.0,12000.0,12000.0,12000.0,12000.0,12000.0,11996.333333333334,0.0,0.0,2008,9,6,0,24,0.05,0.05,0.051428571428571435,0.04785714285714286,0.0,4.166666666666666,LOW
2008-06-10,12000.0,12000.0,12000.0,12000.0,12000.0,12000.0,11996.333333333334,0.0,0.0,2008,10,6,1,24,0.05,0.05,0.051428571428571435,0.04785714285714286,0.0,4.166666666666666,MEDIUM
2008-06-11,12000.0,12000.0,12000.0,12000.0,12000.0,12000.0,11996.333333333334,0.0,0.0,2008,11,6,2,24,0.05,0.05,0.05142857142857143,0.04785714285714286,0.0,4.166666666666666,MEDIUM
2008-06-12,12000.0,12000.0,12000.0,12000.0,12000.0,12000.0,11996.333333333334,0.0,0.0,2008,12,6,3,24,0.05,0.06,0.05142857142857143,0.04785714285714286,0.0,4.166666666666666,MEDIUM
2008-06-13,12000.0,12000.0,12000.0,11890.0,12000.0,12000.0,11996.333333333334,0.0,0.0,2008,13,6,4,24,0.05,0.05,0.05,0.04785714285714286,0.0,4.166666666666666,MEDIUM
2008-07-01,12000.0,12000.0,12000.0,12000.0,12000.0,12000.0,12000.0,0.0,0.0,2008,1,7,1,27,0.05,0.05,0.05,0.04785714285714286,0.0,4.166666666666666,LOW
2008-07-02,12000.0,12000.0,12000.0,12000.0,12000.0,12000.0,12000.0,0.0,0.0,2008,2,7,2,27,0.05,0.05,0.05,0.05071428571428572,0.0,3.8461538461538463,MEDIUM
2008-07-03,13000.0,12000.0,12000.0,12000.0,12142.857142857143,12071.42857142857,12033.333333333334,377.9644730092272,267.26124191242457,2008,3,7,3,27,0.05,0.05,0.05,0.05071428571428572,0.0,3.8461538461538463,MEDIUM
2008-07-05,13000.0,12000.0,12000.0,12000.0,12285.714285714286,12142.857142857143,12066.666666666666,487.95003647426637,363.1365196012818,2008,5,7,5,27,0.05,0.05,0.05,0.05071428571428571,0.0,3.8461538461538463,MEDIUM
2008-07-07,13000.0,12000.0,12000.0,12000.0,12428.57142857143,12214.285714285714,12100.0,534.5224838248483,425.8153136263206,2008,7,7,0,28,0.05,0.05,0.05,0.05071428571428572,0.0,3.8461538461538463,MEDIUM
2008-07-08,13000.0,12000.0,12000.0,12000.0,12571.42857142857,12285.714285714286,12133.333333333334,534.5224838248483,468.8072309384959,2008,8,7,1,28,0.05,0.05,0.05,0.05071428571428572,0.0,3.8461538461538463,LOW
2008-07-09,13000.0,12000.0,12000.0,12000.0,12714.285714285714,12357.142857142857,12166.666666666666,487.95003647426637,497.24515809884724,2008,9,7,2,28,0.05,0.05,0.05,0.05,0.0,3.571428571428571,LOW
2008-07-10,14000.0,12000.0,12000.0,12000.0,13000.0,12500.0,12233.333333333334,577.3502691896263,650.4436355879907,2008,10,7,3,28,0.05,0.05,0.05,0.05,0.0,3.571428571428571,LOW
2008-07-11,14000.0,13000.0,12000.0,12000.0,13285.714285714286,12642.857142857143,12300.0,487.9500364742684,744.9463436684913,2008,11,7,4,28,0.05,0.05,0.05,0.05,0.0,3.571428571428571,LOW
2008-07-12,14000.0,13000.0,12000.0,12000.0,13428.57142857143,12785.714285714286,12366.666666666666,534.5224838248507,801.7837257372721,2008,12,7,5,28,0.05,0.05,0.05,0.05,0.0,3.571428571428571,LOW
2008-07-14,14000.0,13000.0,12000.0,12000.0,13571.42857142857,12928.57142857143,12433.333333333334,534.5224838248512,828.7419301647434,2008,14,7,0,29,0.05,0.05,0.05,0.05,0.0,3.571428571428571,LOW
2008-07-15,14000.0,13000.0,12000.0,12000.0,13714.285714285714,13071.42857142857,12500.0,487.95003647426944,828.7419301647427,2008,15,7,1,29,0.05,0.05,0.05,0.05,0.0,3.571428571428571,LOW
2008-07-16,14000.0,13000.0,12000.0,12000.0,13857.142857142857,13214.285714285714,12566.666666666666,377.9644730092312,801.7837257372706,2008,16,7,2,29,0.05,0.05,0.05,0.05,0.0,3.571428571428571,LOW
2008-07-17,14000.0,14000.0,12000.0,12000.0,14000.0,13357.142857142857,12633.333333333334,0.0,744.946343668489,2008,17,7,3,29,0.05,0.05,0.05,0.05,0.0,3.571428571428571,LOW
2008-07-18,14000.0,14000.0,12000.0,12000.0,14000.0,13500.0,12700.0,0.0,650.4436355879873,2008,18,7,4,29,0.05,0.05,0.05,0.05,0.0,3.571428571428571,LOW
2008-07-19,14000.0,14000.0,13000.0,12000.0,14000.0,13642.857142857143,12766.666666666666,0.0,497.2451580988416,2008,19,7,5,29,0.05,0.05,0.05,0.05,0.0,3.571428571428571,LOW
2008-07-21,14000.0,14000.0,13000.0,12000.0,14000.0,13714.285714285714,12833.333333333334,0.0,468.8072309384894,2008,21,7,0,30,0.05,0.05,0.05,0.05,0.0,3.571428571428571,LOW
2008-07-22,14000.0,14000.0,13000.0,12000.0,14000.0,13785.714285714286,12900.0,0.0,425.8153136263128,2008,22,7,1,30,0.05,0.05,0.05,0.05,0.0,3.571428571428571,LOW
2008-07-23,14000.0,14000.0,13000.0,12000.0,14000.0,13857.142857142857,12966.666666666666,0.0,363.13651960127197,2008,23,7,2,30,0.05,0.05,0.05,0.05,0.0,3.571428571428571,LOW
2008-07-24,14000.0,14000.0,13000.0,12000.0,14000.0,13928.57142857143,13033.333333333334,0.0,267.26124191240984,2008,24,7,3,30,0.05,0.05,0.05,0.05,0.0,3.571428571428571,LOW
2008-07-25,14000.0,14000.0,14000.0,12000.0,14000.0,14000.0,13100.0,0.0,0.0,2008,25,7,4,30,0.05,0.05,0.05,0.05,0.0,3.571428571428571,LOW
2008-07-26,14000.0,14000.0,14000.0,12000.0,14000.0,14000.0,13166.666666666666,0.0,0.0,2008,26,7,5,30,0.05,0.05,0.05,0.05,19.99999999999999,3.571428571428571,LOW
2008-07-28,14000.0,14000.0,14000.0,12000.0,14000.0,14000.0,13233.333333333334,0.0,0.0,2008,28,7,0,31,0.06,0.05,0.05142857142857143,0.05071428571428572,-16.66666666666666,3.571428571428571,LOW
2008-08-01,14000.0,14000.0,14000.0,12000.0,14000.0,14000.0,13300.0,0.0,0.0,2008,1,8,4,31,0.05,0.05,0.05142857142857143,0.05071428571428572,19.99999999999999,3.571428571428571,LOW
2008-08-02,14000.0,14000.0,14000.0,12000.0,14000.0,14000.0,13366.666666666666,0.0,0.0,2008,2,8,5,31,0.06,0.05,0.05285714285714286,0.05142857142857143,-16.66666666666666,3.571428571428571,LOW
2008-08-05,14000.0,14000.0,14000.0,12000.0,14000.0,14000.0,13433.333333333334,0.0,0.0,2008,5,8,1,32,0.05,0.05,0.052857142857142866,0.051428571428571435,0.0,3.571428571428571,LOW
2008-08-06,14000.0,14000.0,14000.0,12000.0,14000.0,14000.0,13500.0,0.0,0.0,2008,6,8,2,32,0.05,0.05,0.05285714285714286,0.05142857142857143,0.0,3.571428571428571,LOW
2008-08-07,14000.0,14000.0,14000.0,12000.0,14000.0,14000.0,13566.666666666666,0.0,0.0,2008,7,8,3,32,0.05,0.05,0.05285714285714286,0.05142857142857143,0.0,3.571428571428571,LOW
2008-08-08,14000.0,14000.0,14000.0,12000.0,14000.0,14000.0,13633.333333333334,0.0,0.0,2008,8,8,4,32,0.05,0.06,0.05285714285714286,0.051428571428571435,19.99999999999999,3.571428571428571,LOW
2008-08-09,14000.0,14000.0,14000.0,12000.0,14000.0,14000.0,13700.0,0.0,0.0,2008,9,8,5,32,0.06,0.05,0.05285714285714286,0.052142857142857144,-16.66666666666666,3.571428571428571,LOW
2008-08-11,14000.0,14000.0,14000.0,12000.0,14000.0,14000.0,13766.666666666666,0.0,0.0,2008,11,8,0,33,0.05,0.06,0.052857142857142866,0.05214285714285715,0.0,3.571428571428571,LOW
2008-08-12,14000.0,14000.0,14000.0,13000.0,14000.0,14000.0,13833.333333333334,0.0,0.0,2008,12,8,1,33,0.05,0.05,0.051428571428571435,0.052142857142857144,0.0,3.571428571428571,LOW
2008-08-13,14000.0,14000.0,14000.0,13000.0,14000.0,14000.0,13866.666666666666,0.0,0.0,2008,13,8,2,33,0.05,0.05,0.05142857142857143,0.052142857142857144,0.0,3.571428571428571,LOW
2008-08-14,14000.0,14000.0,14000.0,13000.0,14000.0,14000.0,13900.0,0.0,0.0,2008,14,8,3,33,0.05,0.05,0.05142857142857143,0.05214285714285715,0.0,3.571428571428571,LOW
2008-08-18,14000.0,14000.0,14000.0,13000.0,14000.0,14000.0,13933.333333333334,0.0,0.0,2008,18,8,0,34,0.05,0.05,0.051428571428571435,0.052142857142857144,0.0,3.571428571428571,LOW
2008-08-19,14000.0,14000.0,14000.0,13000.0,14000.0,14000.0,13966.666666666666,0.0,0.0,2008,19,8,1,34,0.05,0.06,0.051428571428571435,0.052142857142857144,0.0,3.571428571428571,LOW
2008-08-20,14000.0,14000.0,14000.0,14000.0,14000.0,14000.0,14000.0,0.0,0.0,2008,20,8,2,34,0.05,0.05,0.05,0.051428571428571435,0.0,3.571428571428571,LOW
2008-08-21,14000.0,14000.0,14000.0,14000.0,14000.0,14000.0,14000.0,0.0,0.0,2008,21,8,3,34,0.05,0.05,0.05,0.05142857142857143,0.0,3.571428571428571,LOW
2008-08-22,14000.0,14000.0,14000.0,14000.0,14000.0,14000.0,14000.0,0.0,0.0,2008,22,8,4,34,0.05,0.05,0.05,0.05071428571428572,0.0,3.571428571428571,LOW
2008-08-23,14000.0,14000.0,14000.0,14000.0,14000.0,14000.0,14000.0,0.0,0.0,2008,23,8,5,34,0.05,0.05,0.05,0.05071428571428571,19.99999999999999,3.571428571428571,LOW
2008-08-25,14000.0,14000.0,14000.0,14000.0,14000.0,14000.0,14000.0,0.0,0.0,2008,25,8,0,35,0.06,0.05,0.051428571428571435,0.051428571428571435,0.0,3.571428571428571,LOW
2008-08-26,14000.0,14000.0,14000.0,14000.0,14000.0,14000.0,14000.0,0.0,0.0,2008,26,8,1,35,0.06,0.05,0.05285714285714286,0.052142857142857144,-16.66666666666666,3.571428571428571,LOW
2008-08-27,14000.0,14000.0,14000.0,14000.0,14000.0,14000.0,14000.0,0.0,0.0,2008,27,8,2,35,0.05,0.05,0.05285714285714286,0.052142857142857144,0.0,3.571428571428571,LOW
2008-08-28,14000.0,14000.0,14000.0,14000.0,14000.0,14000.0,14000.0,0.0,0.0,2008,28,8,3,35,0.05,0.05,0.05285714285714286,0.051428571428571435,0.0,3.571428571428571,LOW
2008-08-29,14000.0,14000.0,14000.0,14000.0,14000.0,14000.0,14000.0,0.0,0.0,2008,29,8,4,35,0.05,0.05,0.052857142857142866,0.05142857142857143,0.0,3.571428571428571,LOW
2008-09-01,14000.0,14000.0,14000.0,14000.0,14000.0,14000.0,14000.0,0.0,0.0,2008,1,9,0,36,0.05,0.05,0.05285714285714286,0.051428571428571435,0.0,3.571428571428571,LOW
2008-09-02,14000.0,14000.0,14000.0,14000.0,14000.0,14000.0,14000.0,0.0,0.0,2008,2,9,1,36,0.05,0.06,0.05285714285714286,0.051428571428571435,0.0,3.571428571428571,LOW
2008-09-03,14000.0,14000.0,14000.0,14000.0,14000.0,14000.0,14000.0,0.0,0.0,2008,3,9,2,36,0.05,0.06,0.05142857142857143,0.05142857142857143,0.0,3.571428571428571,LOW
2008-09-04,14000.0,14000.0,14000.0,14000.0,14000.0,14000.0,14000.0,0.0,0.0,2008,4,9,3,36,0.05,0.05,0.05,0.051428571428571435,0.0,3.571428571428571,LOW
2008-09-05,14000.0,14000.0,14000.0,14000.0,14000.0,14000.0,14000.0,0.0,0.0,2008,5,9,4,36,0.05,0.05,0.05,0.05142857142857143,0.0,3.571428571428571,LOW
2008-09-06,14000.0,14000.0,14000.0,14000.0,14000.0,14000.0,14000.0,0.0,0.0,2008,6,9,5,36,0.05,0.05,0.05,0.05142857142857143,0.0,3.571428571428571,LOW
2008-09-08,14000.0,14000.0,14000.0,14000.0,14000.0,14000.0,14000.0,0.0,0.0,2008,8,9,0,37,0.05,0.05,0.05,0.051428571428571435,19.99999999999999,3.571428571428571,LOW
2008-09-09,14000.0,14000.0,14000.0,14000.0,14000.0,14000.0,14000.0,0.0,0.0,2008,9,9,1,37,0.06,0.05,0.05142857142857143,0.052142857142857144,-16.66666666666666,3.571428571428571,LOW
2008-09-10,14000.0,14000.0,14000.0,14000.0,14000.0,14000.0,14000.0,0.0,0.0,2008,10,9,2,37,0.05,0.05,0.051428571428571435,0.05214285714285715,0.0,3.571428571428571,LOW
2008-09-12,14000.0,14000.0,14000.0,14000.0,14000.0,14000.0,14000.0,0.0,0.0,2008,12,9,4,37,0.05,0.05,0.051428571428571435,0.05142857142857143,0.0,3.571428571428571,LOW
2008-09-13,14000.0,14000.0,14000.0,14000.0,14000.0,14000.0,14000.0,0.0,0.0,2008,13,9,5,37,0.05,0.05,0.05142857142857143,0.05071428571428572,0.0,3.571428571428571,LOW
2008-09-15,14000.0,14000.0,14000.0,14000.0,14000.0,14000.0,14000.0,0.0,0.0,2008,15,9,0,38,0.05,0.05,0.05142857142857143,0.05071428571428572,0.0,3.571428571428571,LOW
2008-09-16,14000.0,14000.0,14000.0,14000.0,14000.0,14000.0,14000.0,0.0,0.0,2008,16,9,1,38,0.05,0.05,0.051428571428571435,0.05071428571428571,0.0,3.571428571428571,LOW
2008-09-17,14000.0,14000.0,14000.0,14000.0,14000.0,14000.0,14000.0,0.0,0.0,2008,17,9,2,38,0.05,0.06,0.051428571428571435,0.05071428571428572,0.0,3.571428571428571,LOW
2008-09-18,14000.0,14000.0,14000.0,14000.0,14000.0,14000.0,14000.0,0.0,0.0,2008,18,9,3,38,0.05,0.05,0.05,0.05071428571428572,0.0,3.571428571428571,LOW
2008-09-19,14000.0,14000.0,14000.0,14000.0,14000.0,14000.0,14000.0,0.0,0.0,2008,19,9,4,38,0.05,0.05,0.05,0.05071428571428571,0.0,3.571428571428571,LOW
2008-09-22,14000.0,14000.0,14000.0,14000.0,14000.0,14000.0,14000.0,0.0,0.0,2008,22,9,0,39,0.05,0.05,0.05,0.05071428571428572,0.0,3.571428571428571,LOW
2008-09-23,14000.0,14000.0,14000.0,14000.0,14000.0,14000.0,14000.0,0.0,0.0,2008,23,9,1,39,0.05,0.05,0.05,0.05071428571428571,0.0,3.571428571428571,LOW
2008-09-24,14000.0,14000.0,14000.0,14000.0,14000.0,14000.0,14000.0,0.0,0.0,2008,24,9,2,39,0.05,0.05,0.05,0.05071428571428572,0.0,3.571428571428571,LOW
2008-09-25,14000.0,14000.0,14000.0,14000.0,14000.0,14000.0,14000.0,0.0,0.0,2008,25,9,3,39,0.05,0.05,0.05,0.05071428571428572,0.0,3.571428571428571,LOW
2008-09-26,14000.0,14000.0,14000.0,14000.0,14000.0,14000.0,14000.0,0.0,0.0,2008,26,9,4,39,0.05,0.05,0.05,0.05071428571428571,0.0,3.571428571428571,LOW
2008-09-27,14000.0,14000.0,14000.0,14000.0,14000.0,14000.0,14000.0,0.0,0.0,2008,27,9,5,39,0.05,0.05,0.05,0.05,0.0,3.571428571428571,LOW
2008-09-29,14000.0,14000.0,14000.0,14000.0,14000.0,14000.0,14000.0,0.0,0.0,2008,29,9,0,40,0.05,0.05,0.05,0.05,0.0,3.571428571428571,LOW
2008-09-30,14000.0,14000.0,14000.0,14000.0,14000.0,14000.0,14000.0,0.0,0.0,2008,30,9,1,40,0.05,0.05,0.05,0.05,0.0,3.571428571428571,LOW
2008-10-01,14000.0,14000.0,14000.0,14000.0,14000.0,14000.0,14000.0,0.0,0.0,2008,1,10,2,40,0.05,0.05,0.05,0.05,9900.0,3.571428571428571,LOW
2008-10-03,14000.0,14000.0,14000.0,14000.0,14000.0,14000.0,14000.0,0.0,0.0,2008,3,10,4,40,5.0,0.05,0.7571428571428571,0.4035714285714286,-99.0,3.571428571428571,LOW
2008-10-04,14000.0,14000.0,14000.0,14000.0,14000.0,14000.0,14000.0,0.0,0.0,2008,4,10,5,40,0.05,0.05,0.7571428571428571,0.4035714285714286,0.0,3.571428571428571,LOW
2008-10-10,14000.0,14000.0,14000.0,14000.0,14000.0,14000.0,14000.0,0.0,0.0,2008,10,10,4,41,0.05,0.05,0.7571428571428571,0.4035714285714286,19.99999999999999,7.142857142857142,LOW
2008-10-11,14000.0,14000.0,14000.0,14000.0,14000.0,14000.0,14000.0,0.0,0.0,2008,11,10,5,41,0.06,0.05,0.7585714285714286,0.4042857142857143,-16.66666666666666,3.571428571428571,LOW
2008-10-13,14000.0,14000.0,14000.0,14000.0,14000.0,14000.0,14000.0,0.0,0.0,2008,13,10,0,42,0.05,0.05,0.7585714285714286,0.4042857142857143,19.99999999999999,3.571428571428571,LOW
2008-10-14,14000.0,14000.0,14000.0,14000.0,14000.0,14000.0,14000.0,0.0,0.0,2008,14,10,1,42,0.06,0.05,0.7599999999999999,0.40499999999999997,-16.66666666666666,3.571428571428571,LOW
2008-10-15,14000.0,14000.0,14000.0,14000.0,14000.0,14000.0,14000.0,0.0,0.0,2008,15,10,2,42,0.05,5.0,0.76,0.4050000000000001,19.99999999999999,3.571428571428571,LOW
2008-10-16,14000.0,14000.0,14000.0,14000.0,14000.0,14000.0,14000.0,0.0,0.0,2008,16,10,3,42,0.06,0.05,0.054285714285714284,0.40571428571428575,0.0,3.571428571428571,LOW
2008-10-17,14000.0,14000.0,14000.0,14000.0,14000.0,14000.0,14000.0,0.0,0.0,2008,17,10,4,42,0.06,0.05,0.055714285714285716,0.4064285714285715,-16.66666666666666,3.571428571428571,LOW
2008-10-18,14000.0,14000.0,14000.0,14000.0,14000.0,14000.0,14000.0,0.0,0.0,2008,18,10,5,42,0.05,0.06,0.05571428571428571,0.4064285714285715,0.0,3.571428571428571,LOW
2008-10-20,14000.0,14000.0,14000.0,14000.0,14000.0,14000.0,14000.0,0.0,0.0,2008,20,10,0,43,0.05,0.05,0.054285714285714284,0.4064285714285715,19.99999999999999,3.571428571428571,LOW
2008-10-21,14000.0,14000.0,14000.0,14000.0,14000.0,14000.0,14000.0,0.0,0.0,2008,21,10,1,43,0.06,0.06,0.055714285714285716,0.40714285714285714,-16.66666666666666,3.571428571428571,LOW
2008-10-22,14000.0,14000.0,14000.0,14000.0,14000.0,14000.0,14000.0,0.0,0.0,2008,22,10,2,43,0.05,0.05,0.054285714285714284,0.4071428571428572,0.0,3.571428571428571,LOW
2008-10-23,14000.0,14000.0,14000.0,14000.0,14000.0,14000.0,14000.0,0.0,0.0,2008,23,10,3,43,0.05,0.06,0.054285714285714284,0.40714285714285714,0.0,3.571428571428571,LOW
2008-10-24,14000.0,14000.0,14000.0,14000.0,14000.0,14000.0,14000.0,0.0,0.0,2008,24,10,4,43,0.05,0.06,0.05285714285714286,0.05357142857142857,0.0,3.571428571428571,LOW
2008-10-25,14000.0,14000.0,14000.0,14000.0,14000.0,14000.0,14000.0,0.0,0.0,2008,25,10,5,43,0.05,0.05,0.05142857142857143,0.05357142857142857,0.0,3.571428571428571,LOW
2008-10-27,14000.0,14000.0,14000.0,14000.0,14000.0,14000.0,14000.0,0.0,0.0,2008,27,10,0,44,0.05,0.05,0.051428571428571435,0.05357142857142857,0.0,3.571428571428571,LOW
2008-10-29,14000.0,14000.0,14000.0,14000.0,14000.0,14000.0,14000.0,0.0,0.0,2008,29,10,2,44,0.05,0.06,0.051428571428571435,0.05285714285714286,0.0,3.571428571428571,LOW
2008-10-31,14000.0,14000.0,14000.0,14000.0,14000.0,14000.0,14000.0,0.0,0.0,2008,31,10,4,44,0.05,0.05,0.05,0.052857142857142866,19.99999999999999,3.571428571428571,LOW
2008-11-01,14000.0,14000.0,14000.0,14000.0,14000.0,14000.0,14000.0,0.0,0.0,2008,1,11,5,44,0.06,0.05,0.05142857142857143,0.05285714285714286,-16.66666666666666,3.571428571428571,LOW
2008-11-03,14000.0,14000.0,14000.0,14000.0,14000.0,14000.0,14000.0,0.0,0.0,2008,3,11,0,45,0.05,0.05,0.05142857142857143,0.05285714285714286,0.0,3.571428571428571,LOW
2008-11-06,14000.0,14000.0,14000.0,14000.0,14000.0,14000.0,14000.0,0.0,0.0,2008,6,11,3,45,0.05,0.05,0.051428571428571435,0.052142857142857144,0.0,3.571428571428571,LOW
2008-11-07,14000.0,14000.0,14000.0,14000.0,14000.0,14000.0,14000.0,0.0,0.0,2008,7,11,4,45,0.05,0.05,0.051428571428571435,0.05142857142857143,0.0,3.571428571428571,LOW
2008-11-08,14000.0,14000.0,14000.0,14000.0,14000.0,14000.0,14000.0,0.0,0.0,2008,8,11,5,45,0.05,0.05,0.05142857142857143,0.051428571428571435,0.0,3.571428571428571,LOW
2008-11-10,14000.0,14000.0,14000.0,14000.0,14000.0,14000.0,14000.0,0.0,0.0,2008,10,11,0,46,0.05,0.05,0.05142857142857143,0.05142857142857143,19.99999999999999,3.571428571428571,LOW
2008-11-11,14000.0,14000.0,14000.0,14000.0,14000.0,14000.0,14000.0,0.0,0.0,2008,11,11,1,46,0.06,0.06,0.05285714285714286,0.051428571428571435,-16.66666666666666,3.571428571428571,LOW
2008-11-12,14000.0,14000.0,14000.0,14000.0,14000.0,14000.0,14000.0,0.0,0.0,2008,12,11,2,46,0.05,0.05,0.051428571428571435,0.05142857142857143,19.99999999999999,3.571428571428571,LOW
2008-11-14,14000.0,14000.0,14000.0,14000.0,14000.0,14000.0,14000.0,0.0,0.0,2008,14,11,4,46,0.06,0.05,0.052857142857142866,0.052142857142857144,-16.66666666666666,3.571428571428571,LOW
2008-11-17,14000.0,14000.0,14000.0,14000.0,14000.0,14000.0,14000.0,0.0,0.0,2008,17,11,0,47,0.05,0.05,0.05285714285714286,0.052142857142857144,0.0,3.571428571428571,LOW
2008-11-18,14000.0,14000.0,14000.0,14000.0,14000.0,14000.0,14000.0,0.0,0.0,2008,18,11,1,47,0.05,0.05,0.05285714285714286,0.052142857142857144,19.99999999999999,3.571428571428571,LOW
2008-11-20,14000.0,14000.0,14000.0,14000.0,14000.0,14000.0,14000.0,0.0,0.0,2008,20,11,3,47,0.06,0.05,0.054285714285714284,0.052857142857142866,0.0,3.571428571428571,LOW
2008-11-21,14000.0,14000.0,14000.0,14000.0,14000.0,14000.0,14000.0,0.0,0.0,2008,21,11,4,47,0.06,0.06,0.05571428571428571,0.05357142857142857,0.0,3.571428571428571,LOW
2008-11-22,14000.0,14000.0,14000.0,14000.0,14000.0,14000.0,14000.0,0.0,0.0,2008,22,11,5,47,0.06,0.05,0.05571428571428571,0.054285714285714284,-16.66666666666666,3.571428571428571,LOW
2008-11-24,14000.0,14000.0,14000.0,14000.0,14000.0,14000.0,14000.0,0.0,0.0,2008,24,11,0,48,0.05,0.06,0.055714285714285716,0.05357142857142857,0.0,3.571428571428571,LOW
2008-11-25,14000.0,14000.0,14000.0,14000.0,14000.0,14000.0,14000.0,0.0,0.0,2008,25,11,1,48,0.05,0.05,0.054285714285714284,0.05357142857142857,19.99999999999999,3.571428571428571,LOW
2008-11-26,14000.0,14000.0,14000.0,14000.0,14000.0,14000.0,14000.0,0.0,0.0,2008,26,11,2,48,0.06,0.05,0.055714285714285716,0.054285714285714284,0.0,3.571428571428571,LOW
2008-11-27,14000.0,14000.0,14000.0,14000.0,14000.0,14000.0,14000.0,0.0,0.0,2008,27,11,3,48,0.06,0.06,0.05714285714285715,0.055,-16.66666666666666,3.571428571428571,LOW
2008-12-01,14000.0,14000.0,14000.0,14000.0,14000.0,14000.0,14000.0,0.0,0.0,2008,1,12,0,49,0.05,0.06,0.055714285714285716,0.055,0.0,3.571428571428571,LOW
2008-12-02,14000.0,14000.0,14000.0,14000.0,14000.0,14000.0,14000.0,0.0,0.0,2008,2,12,1,49,0.05,0.06,0.054285714285714284,0.055,0.0,3.571428571428571,LOW
2008-12-04,14000.0,14000.0,14000.0,14000.0,14000.0,14000.0,14000.0,0.0,0.0,2008,4,12,3,49,0.05,0.05,0.05285714285714286,0.054285714285714284,19.99999999999999,3.571428571428571,LOW
2008-12-05,14000.0,14000.0,14000.0,14000.0,14000.0,14000.0,14000.0,0.0,0.0,2008,5,12,4,49,0.06,0.05,0.054285714285714284,0.055,-16.66666666666666,3.571428571428571,LOW
2008-12-06,14000.0,14000.0,14000.0,14000.0,14000.0,14000.0,14000.0,0.0,0.0,2008,6,12,5,49,0.05,0.06,0.054285714285714284,0.054285714285714284,0.0,3.571428571428571,LOW
2008-12-13,14000.0,14000.0,14000.0,14000.0,14000.0,14000.0,14000.0,0.0,0.0,2008,13,12,5,50,0.05,0.06,0.05285714285714286,0.054285714285714284,0.0,3.571428571428571,LOW
2008-12-15,14000.0,14000.0,14000.0,14000.0,14000.0,14000.0,14000.0,0.0,0.0,2008,15,12,0,51,0.05,0.05,0.05142857142857143,0.054285714285714284,19.99999999999999,3.571428571428571,LOW
2008-12-16,14000.0,14000.0,14000.0,14000.0,14000.0,14000.0,14000.0,0.0,0.0,2008,16,12,1,51,0.06,0.05,0.05285714285714286,0.054285714285714284,-16.66666666666666,3.571428571428571,LOW
2008-12-17,14000.0,14000.0,14000.0,14000.0,14000.0,14000.0,14000.0,0.0,0.0,2008,17,12,2,51,0.05,0.05,0.05285714285714286,0.05357142857142857,19.99999999999999,3.571428571428571,LOW
2008-12-18,14000.0,14000.0,14000.0,14000.0,14000.0,14000.0,14000.0,0.0,0.0,2008,18,12,3,51,0.06,0.06,0.054285714285714284,0.05357142857142857,-16.66666666666666,3.571428571428571,LOW
2008-12-19,14000.0,14000.0,14000.0,14000.0,14000.0,14000.0,14000.0,0.0,0.0,2008,19,12,4,51,0.05,0.05,0.052857142857142866,0.05357142857142857,-20.000000000000004,3.571428571428571,LOW
2008-12-20,14000.0,14000.0,14000.0,14000.0,14000.0,14000.0,14000.0,0.0,0.0,2008,20,12,5,51,0.04,0.05,0.05142857142857143,0.05285714285714286,25.000000000000007,3.571428571428571,LOW
2008-12-22,14000.0,14000.0,14000.0,14000.0,14000.0,14000.0,14000.0,0.0,0.0,2008,22,12,0,52,0.05,0.05,0.05142857142857143,0.05214285714285715,0.0,3.571428571428571,LOW
2008-12-23,14000.0,14000.0,14000.0,14000.0,14000.0,14000.0,14000.0,0.0,0.0,2008,23,12,1,52,0.05,0.06,0.051428571428571435,0.05142857142857143,0.0,3.571428571428571,LOW
2008-12-24,14000.0,14000.0,14000.0,14000.0,14000.0,14000.0,14000.0,0.0,0.0,2008,24,12,2,52,0.05,0.05,0.05,0.05142857142857143,0.0,3.571428571428571,LOW
2008-12-26,14000.0,14000.0,14000.0,14000.0,14000.0,14000.0,14000.0,0.0,0.0,2008,26,12,4,52,0.05,0.06,0.05,0.051428571428571435,19.99999999999999,3.571428571428571,LOW
2008-12-27,14000.0,14000.0,14000.0,14000.0,14000.0,14000.0,14000.0,0.0,0.0,2008,27,12,5,52,0.06,0.05,0.05,0.052142857142857144,-33.33333333333333,3.571428571428571,LOW
2008-12-29,14000.0,14000.0,14000.0,14000.0,14000.0,14000.0,14000.0,0.0,0.0,2008,29,12,0,1,0.04,0.04,0.048571428571428564,0.05071428571428572,49.999999999999986,3.571428571428571,LOW
2008-12-30,14000.0,14000.0,14000.0,14000.0,14000.0,14000.0,14000.0,0.0,0.0,2008,30,12,1,1,0.06,0.05,0.05142857142857143,0.05142857142857143,-16.66666666666666,3.571428571428571,LOW
2008-12-31,14000.0,14000.0,14000.0,14000.0,14000.0,14000.0,14000.0,0.0,0.0,2008,31,12,2,1,0.05,0.05,0.051428571428571435,0.05142857142857143,0.0,3.571428571428571,LOW
2009-01-01,14000.0,14000.0,14000.0,14000.0,14000.0,14000.0,14000.0,0.0,0.0,2009,1,1,3,1,0.05,0.05,0.05142857142857143,0.05142857142857143,0.0,3.571428571428571,LOW
2009-01-02,14000.0,14000.0,14000.0,14000.0,14000.0,14000.0,14000.0,0.0,0.0,2009,2,1,4,1,0.05,0.05,0.05142857142857143,0.05071428571428571,0.0,3.571428571428571,LOW
2009-01-03,14000.0,14000.0,14000.0,14000.0,14000.0,14000.0,14000.0,0.0,0.0,2009,3,1,5,1,0.05,0.06,0.05142857142857143,0.05071428571428572,0.0,3.571428571428571,LOW
2009-01-06,14000.0,14000.0,14000.0,14000.0,14000.0,14000.0,14000.0,0.0,0.0,2009,6,1,1,2,0.05,0.04,0.05,0.049999999999999996,0.0,3.571428571428571,LOW
2009-01-07,14000.0,14000.0,14000.0,14000.0,14000.0,14000.0,14000.0,0.0,0.0,2009,7,1,2,2,0.05,0.06,0.051428571428571435,0.05,0.0,3.571428571428571,LOW
2009-01-09,14000.0,14000.0,14000.0,14000.0,14000.0,14000.0,14000.0,0.0,0.0,2009,9,1,4,2,0.05,0.05,0.05,0.05071428571428572,0.0,3.571428571428571,LOW
2009-01-12,14000.0,14000.0,14000.0,14000.0,14000.0,14000.0,14000.0,0.0,0.0,2009,12,1,0,3,0.05,0.05,0.05,0.05071428571428571,0.0,3.571428571428571,LOW
2009-01-13,14000.0,14000.0,14000.0,14000.0,14000.0,14000.0,14000.0,0.0,0.0,2009,13,1,1,3,0.05,0.05,0.05,0.05071428571428572,0.0,3.571428571428571,LOW
2009-01-15,14000.0,14000.0,14000.0,14000.0,14000.0,14000.0,14000.0,0.0,0.0,2009,15,1,3,3,0.05,0.05,0.05,0.05071428571428571,0.0,3.571428571428571,LOW
2009-01-16,14000.0,14000.0,14000.0,14000.0,14000.0,14000.0,14000.0,0.0,0.0,2009,16,1,4,3,0.05,0.05,0.05,0.05071428571428571,0.0,3.571428571428571,MEDIUM
2009-01-17,14000.0,14000.0,14000.0,14000.0,14000.0,14000.0,14000.0,0.0,0.0,2009,17,1,5,3,0.05,0.05,0.05,0.05,0.0,3.571428571428571,MEDIUM
2009-01-19,14000.0,14000.0,14000.0,14000.0,14000.0,14000.0,14000.0,0.0,0.0,2009,19,1,0,4,0.05,0.05,0.05,0.05071428571428571,0.0,3.571428571428571,MEDIUM
2009-01-20,14000.0,14000.0,14000.0,14000.0,14000.0,14000.0,14000.0,0.0,0.0,2009,20,1,1,4,0.05,0.05,0.05,0.05,0.0,3.571428571428571,MEDIUM
2009-01-21,14000.0,14000.0,14000.0,14000.0,14000.0,14000.0,14000.0,0.0,0.0,2009,21,1,2,4,0.05,0.05,0.05,0.05,0.0,3.571428571428571,MEDIUM
2009-02-02,14000.0,14000.0,14000.0,14000.0,14000.0,14000.0,14000.0,0.0,0.0,2009,2,2,0,6,0.05,0.05,0.05,0.05,0.0,6.896551724137931,LOW
2009-02-03,14500.0,14000.0,14000.0,14000.0,14071.42857142857,14035.714285714286,14016.666666666666,188.98223650462185,133.6306209561776,2009,3,2,1,6,0.05,0.05,0.05,0.05,0.0,3.571428571428571,LOW
2009-02-04,14000.0,14000.0,14000.0,14000.0,14071.42857142857,14035.714285714286,14016.666666666666,188.98223650462185,133.6306209561776,2009,4,2,2,6,0.05,0.05,0.05,0.05,0.0,3.571428571428571,LOW
2009-02-05,14000.0,14000.0,14000.0,14000.0,14071.42857142857,14035.714285714286,14016.666666666666,188.98223650462185,133.6306209561776,2009,5,2,3,6,0.05,0.05,0.05,0.05,0.0,3.571428571428571,LOW
2009-02-06,14000.0,14000.0,14000.0,14000.0,14071.42857142857,14035.714285714286,14016.666666666666,188.98223650462185,133.6306209561776,2009,6,2,4,6,0.05,0.05,0.05,0.05,0.0,3.571428571428571,LOW
2009-02-07,14000.0,14000.0,14000.0,14000.0,14071.42857142857,14035.714285714286,14016.666666666666,188.98223650462185,133.6306209561776,2009,7,2,5,6,0.05,0.05,0.05,0.05,0.0,3.571428571428571,LOW
2009-02-10,14000.0,14000.0,14000.0,14000.0,14071.42857142857,14035.714285714286,14016.666666666666,188.98223650462185,133.6306209561776,2009,10,2,1,7,0.05,0.05,0.05,0.05,0.0,3.571428571428571,LOW
2009-03-03,14000.0,14500.0,14000.0,14000.0,14071.42857142857,14035.714285714286,14016.666666666666,188.98223650462185,133.6306209561776,2009,3,3,1,10,0.05,0.05,0.05,0.05,0.0,3.571428571428571,LOW
2009-03-04,14000.0,14000.0,14000.0,14000.0,14000.0,14035.714285714286,14016.666666666666,0.0,133.6306209561776,2009,4,3,2,10,0.05,0.05,0.05,0.05,0.0,3.571428571428571,LOW
2009-03-05,14000.0,14000.0,14000.0,14000.0,14000.0,14035.714285714286,14016.666666666666,0.0,133.6306209561776,2009,5,3,3,10,0.05,0.05,0.05,0.05,19.99999999999999,3.571428571428571,LOW
2009-03-06,14000.0,14000.0,14000.0,14000.0,14000.0,14035.714285714286,14016.666666666666,0.0,133.6306209561776,2009,6,3,4,10,0.06,0.05,0.051428571428571435,0.05071428571428571,-16.66666666666666,3.571428571428571,LOW
2009-03-07,14000.0,14000.0,14000.0,14000.0,14000.0,14035.714285714286,14016.666666666666,0.0,133.6306209561776,2009,7,3,5,10,0.05,0.05,0.051428571428571435,0.05071428571428572,0.0,3.571428571428571,LOW
2009-03-09,14000.0,14000.0,14000.0,14000.0,14000.0,14035.714285714286,14016.666666666666,0.0,133.6306209561776,2009,9,3,0,11,0.05,0.05,0.05142857142857143,0.05071428571428572,19.99999999999999,3.571428571428571,LOW
2009-03-12,14000.0,14000.0,14000.0,14000.0,14000.0,14035.714285714286,14016.666666666666,0.0,133.6306209561776,2009,12,3,3,11,0.06,0.05,0.05285714285714286,0.05142857142857143,-16.66666666666666,3.571428571428571,LOW
2009-03-13,14000.0,14000.0,14500.0,14000.0,14000.0,14035.714285714286,14016.666666666666,0.0,133.6306209561776,2009,13,3,4,11,0.05,0.05,0.05285714285714286,0.051428571428571435,0.0,3.571428571428571,LOW
2009-03-14,14000.0,14000.0,14000.0,14000.0,14000.0,14000.0,14016.666666666666,0.0,0.0,2009,14,3,5,11,0.05,0.05,0.05285714285714286,0.05142857142857143,0.0,3.571428571428571,LOW
2009-03-19,14000.0,14000.0,14000.0,14000.0,14000.0,14000.0,14016.666666666666,0.0,0.0,2009,19,3,3,12,0.05,0.06,0.05285714285714286,0.05142857142857143,0.0,3.571428571428571,LOW
2009-03-20,14000.0,14000.0,14000.0,14000.0,14000.0,14000.0,14016.666666666666,0.0,0.0,2009,20,3,4,12,0.05,0.05,0.05142857142857143,0.051428571428571435,0.0,3.571428571428571,LOW
2009-03-21,14000.0,14000.0,14000.0,14000.0,14000.0,14000.0,14016.666666666666,0.0,0.0,2009,21,3,5,12,0.05,0.05,0.05142857142857143,0.05142857142857143,0.0,3.571428571428571,LOW
2009-03-23,14000.0,14000.0,14000.0,14000.0,14000.0,14000.0,14016.666666666666,0.0,0.0,2009,23,3,0,13,0.05,0.06,0.051428571428571435,0.051428571428571435,19.99999999999999,3.571428571428571,LOW
2009-03-24,14000.0,14000.0,14000.0,14000.0,14000.0,14000.0,14016.666666666666,0.0,0.0,2009,24,3,1,13,0.06,0.05,0.051428571428571435,0.052142857142857144,0.0,3.571428571428571,LOW
2009-03-25,14000.0,14000.0,14000.0,14000.0,14000.0,14000.0,14016.666666666666,0.0,0.0,2009,25,3,2,13,0.06,0.05,0.052857142857142866,0.05285714285714286,-16.66666666666666,3.571428571428571,LOW
2009-03-26,14000.0,14000.0,14000.0,14000.0,14000.0,14000.0,14016.666666666666,0.0,0.0,2009,26,3,3,13,0.05,0.05,0.05285714285714286,0.05285714285714286,0.0,3.571428571428571,LOW
2009-03-27,14000.0,14000.0,14000.0,14000.0,14000.0,14000.0,14016.666666666666,0.0,0.0,2009,27,3,4,13,0.05,0.05,0.05285714285714286,0.05285714285714286,19.99999999999999,3.571428571428571,LOW
2009-03-28,14000.0,14000.0,14000.0,14000.0,14000.0,14000.0,14016.666666666666,0.0,0.0,2009,28,3,5,13,0.06,0.05,0.054285714285714284,0.052857142857142866,-16.66666666666666,3.571428571428571,LOW
2009-03-30,14000.0,14000.0,14000.0,14000.0,14000.0,14000.0,14016.666666666666,0.0,0.0,2009,30,3,0,14,0.05,0.05,0.054285714285714284,0.05285714285714286,0.0,3.571428571428571,LOW
2009-04-01,14000.0,14000.0,14000.0,14000.0,14000.0,14000.0,14016.666666666666,0.0,0.0,2009,1,4,2,14,0.05,0.06,0.054285714285714284,0.05285714285714286,19.99999999999999,3.571428571428571,LOW
2009-04-02,14000.0,14000.0,14000.0,14000.0,14000.0,14000.0,14016.666666666666,0.0,0.0,2009,2,4,3,14,0.06,0.06,0.054285714285714284,0.05285714285714286,-16.66666666666666,3.571428571428571,LOW
2009-04-04,14000.0,14000.0,14000.0,14000.0,14000.0,14000.0,14016.666666666666,0.0,0.0,2009,4,4,5,14,0.05,0.05,0.05285714285714286,0.05285714285714286,0.0,3.571428571428571,LOW
2009-04-06,14000.0,14000.0,14000.0,14000.0,14000.0,14000.0,14016.666666666666,0.0,0.0,2009,6,4,0,15,0.05,0.05,0.05285714285714286,0.052857142857142866,0.0,3.571428571428571,LOW
2009-05-02,14000.0,14000.0,14000.0,14500.0,14000.0,14000.0,14016.666666666666,0.0,0.0,2009,2,5,5,18,0.05,0.06,0.05285714285714286,0.05285714285714286,0.0,3.571428571428571,LOW
2009-05-04,14000.0,14000.0,14000.0,14000.0,14000.0,14000.0,14000.0,0.0,0.0,2009,4,5,0,19,0.05,0.05,0.051428571428571435,0.05285714285714286,19.99999999999999,3.571428571428571,LOW
2009-05-05,14000.0,14000.0,14000.0,14000.0,14000.0,14000.0,14000.0,0.0,0.0,2009,5,5,1,19,0.06,0.05,0.052857142857142866,0.05357142857142857,-16.66666666666666,3.571428571428571,LOW
2009-05-06,14000.0,14000.0,14000.0,14000.0,14000.0,14000.0,14000.0,0.0,0.0,2009,6,5,2,19,0.05,0.06,0.05285714285714286,0.05357142857142857,0.0,3.571428571428571,LOW
2009-05-07,14000.0,14000.0,14000.0,14000.0,14000.0,14000.0,14000.0,0.0,0.0,2009,7,5,3,19,0.05,0.05,0.05142857142857143,0.052857142857142866,0.0,3.571428571428571,LOW
2009-05-08,14000.0,14000.0,14000.0,14000.0,14000.0,14000.0,14000.0,0.0,0.0,2009,8,5,4,19,0.05,0.05,0.05142857142857143,0.052142857142857144,0.0,3.571428571428571,LOW
2009-05-11,14000.0,14000.0,14000.0,14000.0,14000.0,14000.0,14000.0,0.0,0.0,2009,11,5,0,20,0.05,0.05,0.051428571428571435,0.052142857142857144,0.0,3.571428571428571,LOW
2009-05-12,14000.0,14000.0,14000.0,14000.0,14000.0,14000.0,14000.0,0.0,0.0,2009,12,5,1,20,0.05,0.05,0.051428571428571435,0.052142857142857144,0.0,3.571428571428571,LOW
2009-05-13,14000.0,14000.0,14000.0,14000.0,14000.0,14000.0,14000.0,0.0,0.0,2009,13,5,2,20,0.05,0.06,0.05142857142857143,0.05142857142857143,0.0,3.571428571428571,HIGH
2009-05-14,14000.0,14000.0,14000.0,14000.0,14000.0,14000.0,14000.0,0.0,0.0,2009,14,5,3,20,0.05,0.05,0.05,0.051428571428571435,19.99999999999999,3.571428571428571,HIGH
2009-05-15,14000.0,14000.0,14000.0,14000.0,14000.0,14000.0,14000.0,0.0,0.0,2009,15,5,4,20,0.06,0.05,0.05142857142857143,0.052142857142857144,-16.66666666666666,3.571428571428571,HIGH
2009-05-16,14000.0,14000.0,14000.0,14000.0,14000.0,14000.0,14000.0,0.0,0.0,2009,16,5,5,20,0.05,0.05,0.051428571428571435,0.051428571428571435,0.0,3.571428571428571,HIGH
2009-05-18,14000.0,14000.0,14000.0,14000.0,14000.0,14000.0,14000.0,0.0,0.0,2009,18,5,0,21,0.05,0.05,0.051428571428571435,0.05142857142857143,0.0,3.571428571428571,LOW
2009-06-06,14000.0,14000.0,14000.0,14000.0,14000.0,14000.0,14000.0,0.0,0.0,2009,6,6,5,23,0.05,0.05,0.05142857142857143,0.05142857142857143,0.0,6.25,LOW
2009-06-08,16000.0,14000.0,14000.0,14000.0,14285.714285714286,14142.857142857143,14066.666666666666,755.9289460184564,534.5224838248386,2009,8,6,0,24,0.05,0.05,0.05142857142857143,0.051428571428571435,0.0,6.25,LOW
2009-06-09,16000.0,14000.0,14000.0,14000.0,14571.42857142857,14285.714285714286,14133.333333333334,975.9000729485344,726.2730392025537,2009,9,6,1,24,0.05,0.05,0.051428571428571435,0.05142857142857143,0.0,6.25,LOW
2009-06-10,16000.0,14000.0,14000.0,14000.0,14857.142857142857,14428.57142857143,14200.0,1069.0449676496983,851.6306272526309,2009,10,6,2,24,0.05,0.06,0.051428571428571435,0.05071428571428572,-20.000000000000004,6.25,LOW
2009-06-11,16000.0,14000.0,14000.0,14000.0,15142.857142857143,14571.42857142857,14266.666666666666,1069.0449676496978,937.6144618769812,2009,11,6,3,24,0.04,0.05,0.04857142857142858,0.05,25.000000000000007,6.25,LOW
2009-06-12,16000.0,14000.0,14000.0,14000.0,15428.57142857143,14714.285714285714,14333.333333333334,975.9000729485326,994.4903161976833,2009,12,6,4,24,0.05,0.05,0.04857142857142858,0.049999999999999996,0.0,6.25,LOW
2009-06-13,16000.0,14000.0,14000.0,14000.0,15714.285714285714,14857.142857142857,14400.0,755.9289460184526,1027.1051820261796,2009,13,6,5,24,0.05,0.05,0.04857142857142858,0.05,0.0,6.25,LOW
2009-06-15,16000.0,16000.0,14000.0,14000.0,16000.0,15000.0,14466.666666666666,0.0,1037.7490433255289,2009,15,6,0,25,0.05,0.05,0.04857142857142858,0.05,0.0,6.25,LOW
2009-06-16,16000.0,16000.0,14000.0,14000.0,16000.0,15142.857142857143,14533.333333333334,0.0,1027.1051820261769,2009,16,6,1,25,0.05,0.05,0.04857142857142858,0.05,0.0,6.25,LOW
2009-07-01,16000.0,16000.0,14000.0,14000.0,16000.0,15285.714285714286,14600.0,0.0,994.4903161976777,2009,1,7,2,27,0.05,0.05,0.04857142857142858,0.05,0.0,6.25,LOW
2009-07-02,16000.0,16000.0,14000.0,14000.0,16000.0,15428.57142857143,14666.666666666666,0.0,937.6144618769721,2009,2,7,3,27,0.05,0.04,0.04857142857142858,0.049999999999999996,0.0,6.25,LOW
2009-07-03,16000.0,16000.0,14000.0,14000.0,16000.0,15571.42857142857,14733.333333333334,0.0,851.6306272526176,2009,3,7,4,27,0.05,0.05,0.05,0.04928571428571429,0.0,6.25,LOW
2009-07-04,16000.0,16000.0,14000.0,14000.0,16000.0,15714.285714285714,14800.0,0.0,726.2730392025344,2009,4,7,5,27,0.05,0.05,0.05,0.04928571428571429,0.0,6.25,MEDIUM
2009-07-06,16000.0,16000.0,14000.0,14000.0,16000.0,15857.142857142857,14866.666666666666,0.0,534.5224838248076,2009,6,7,0,28,0.05,0.05,0.05,0.04928571428571429,0.0,6.25,MEDIUM
2009-07-07,16000.0,16000.0,16000.0,14000.0,16000.0,16000.0,14933.333333333334,0.0,0.0,2009,7,7,1,28,0.05,0.05,0.05,0.04928571428571429,0.0,6.25,MEDIUM
2009-07-08,16000.0,16000.0,16000.0,14000.0,16000.0,16000.0,15000.0,0.0,0.0,2009,8,7,2,28,0.05,0.05,0.05,0.04928571428571429,0.0,6.25,MEDIUM
2009-07-09,16000.0,16000.0,16000.0,14000.0,16000.0,16000.0,15066.666666666666,0.0,0.0,2009,9,7,3,28,0.05,0.05,0.05,0.04928571428571429,0.0,6.25,MEDIUM
2009-07-10,16000.0,16000.0,16000.0,14000.0,16000.0,16000.0,15133.333333333334,0.0,0.0,2009,10,7,4,28,0.05,0.05,0.05,0.04928571428571429,0.0,6.666666666666667,LOW
2009-07-11,15000.0,16000.0,16000.0,14000.0,15857.142857142857,15928.57142857143,15166.666666666666,377.9644730092222,267.26124191233964,2009,11,7,5,28,0.05,0.05,0.05,0.05,0.0,6.25,LOW
2009-07-13,16000.0,16000.0,16000.0,14000.0,15857.142857142857,15928.57142857143,15233.333333333334,377.9644730092222,267.26124191233964,2009,13,7,0,29,0.05,0.05,0.05,0.05,0.0,6.25,LOW
2009-07-14,16000.0,16000.0,16000.0,14000.0,15857.142857142857,15928.57142857143,15300.0,377.9644730092222,267.26124191233964,2009,14,7,1,29,0.05,0.05,0.05,0.05,0.0,6.25,LOW
2009-07-15,16000.0,16000.0,16000.0,14000.0,15857.142857142857,15928.57142857143,15366.666666666666,377.9644730092222,267.26124191233964,2009,15,7,2,29,0.05,0.05,0.05,0.05,0.0,6.25,LOW
2009-07-16,16000.0,16000.0,16000.0,14000.0,15857.142857142857,15928.57142857143,15433.333333333334,377.9644730092222,267.26124191233964,2009,16,7,3,29,0.05,0.05,0.05,0.05,0.0,6.25,LOW
2009-07-17,16000.0,16000.0,16000.0,14000.0,15857.142857142857,15928.57142857143,15500.0,377.9644730092222,267.26124191233964,2009,17,7,4,29,0.05,0.05,0.05,0.05,0.0,6.25,LOW
2009-07-18,16000.0,15000.0,16000.0,14000.0,15857.142857142857,15928.57142857143,15566.666666666666,377.9644730092222,267.26124191233964,2009,18,7,5,29,0.05,0.05,0.05,0.05,0.0,6.25,LOW
2009-07-20,16000.0,16000.0,16000.0,14000.0,16000.0,15928.57142857143,15633.333333333334,0.0,267.26124191233964,2009,20,7,0,30,0.05,0.05,0.05,0.05,19.99999999999999,6.25,LOW
2009-07-21,16000.0,16000.0,16000.0,14000.0,16000.0,15928.57142857143,15700.0,0.0,267.26124191233964,2009,21,7,1,30,0.06,0.05,0.051428571428571435,0.05071428571428571,-16.66666666666666,6.25,LOW
2009-07-22,16000.0,16000.0,16000.0,14000.0,16000.0,15928.57142857143,15766.666666666666,0.0,267.26124191233964,2009,22,7,2,30,0.05,0.05,0.051428571428571435,0.05071428571428572,-20.000000000000004,6.25,LOW
2009-07-23,16000.0,16000.0,16000.0,14000.0,16000.0,15928.57142857143,15833.333333333334,0.0,267.26124191233964,2009,23,7,3,30,0.04,0.05,0.049999999999999996,0.05,25.000000000000007,6.25,LOW
2009-07-24,16000.0,16000.0,16000.0,14000.0,16000.0,15928.57142857143,15900.0,0.0,267.26124191233964,2009,24,7,4,30,0.05,0.05,0.049999999999999996,0.049999999999999996,0.0,6.25,LOW
2009-07-25,16000.0,16000.0,16000.0,16000.0,16000.0,15928.57142857143,15966.666666666666,0.0,267.26124191233964,2009,25,7,5,30,0.05,0.05,0.05,0.05,19.99999999999999,6.25,LOW
2009-07-27,16000.0,16000.0,15000.0,16000.0,16000.0,15928.57142857143,15966.666666666666,0.0,267.26124191233964,2009,27,7,0,31,0.06,0.05,0.051428571428571435,0.05071428571428571,-16.66666666666666,6.25,LOW
2009-07-28,16000.0,16000.0,16000.0,16000.0,16000.0,16000.0,15966.666666666666,0.0,0.0,2009,28,7,1,31,0.05,0.06,0.05142857142857143,0.05071428571428572,0.0,6.25,LOW
2009-07-29,16000.0,16000.0,16000.0,16000.0,16000.0,16000.0,15966.666666666666,0.0,0.0,2009,29,7,2,31,0.05,0.05,0.049999999999999996,0.05071428571428572,0.0,27.8125,LOW
2009-08-01,16000.0,16000.0,16000.0,16000.0,16000.0,16000.0,15966.666666666666,0.0,0.0,2009,1,8,5,31,0.05,0.04,0.049999999999999996,0.05071428571428571,0.0,6.25,LOW
2009-08-03,16000.0,16000.0,16000.0,16000.0,16000.0,16000.0,15966.666666666666,0.0,0.0,2009,3,8,0,32,0.05,0.05,0.051428571428571435,0.05071428571428572,0.0,6.25,LOW
2009-08-04,16000.0,16000.0,16000.0,16000.0,16000.0,16000.0,15966.666666666666,0.0,0.0,2009,4,8,1,32,0.05,0.05,0.051428571428571435,0.05071428571428571,0.0,6.25,LOW
2009-08-05,16000.0,16000.0,16000.0,16000.0,16000.0,16000.0,15966.666666666666,0.0,0.0,2009,5,8,2,32,0.05,0.06,0.05142857142857143,0.05071428571428571,0.0,6.25,LOW
2009-08-06,16000.0,16000.0,16000.0,16000.0,16000.0,16000.0,15966.666666666666,0.0,0.0,2009,6,8,3,32,0.05,0.05,0.05,0.05071428571428572,0.0,6.25,LOW
2009-08-07,16000.0,16000.0,16000.0,16000.0,16000.0,16000.0,15966.666666666666,0.0,0.0,2009,7,8,4,32,0.05,0.05,0.05,0.05071428571428571,0.0,6.25,LOW
2009-08-08,16000.0,16000.0,16000.0,16000.0,16000.0,16000.0,15966.666666666666,0.0,0.0,2009,8,8,5,32,0.05,0.05,0.05,0.05,0.0,6.25,LOW
2009-08-10,16000.0,16000.0,16000.0,16000.0,16000.0,16000.0,15966.666666666666,0.0,0.0,2009,10,8,0,33,0.05,0.05,0.05,0.05,0.0,6.25,LOW
2009-08-11,16000.0,16000.0,16000.0,16000.0,16000.0,16000.0,15966.666666666666,0.0,0.0,2009,11,8,1,33,0.05,0.05,0.05,0.05071428571428571,-20.000000000000004,6.25,LOW
2009-08-12,16000.0,16000.0,16000.0,16000.0,16000.0,16000.0,15966.666666666666,0.0,0.0,2009,12,8,2,33,0.04,0.05,0.04857142857142858,0.05,25.000000000000007,6.25,LOW
2009-08-26,16000.0,16000.0,16000.0,16000.0,16000.0,16000.0,15966.666666666666,0.0,0.0,2009,26,8,2,35,0.05,0.05,0.04857142857142858,0.05,0.0,6.25,LOW
2009-08-27,16000.0,16000.0,16000.0,16000.0,16000.0,16000.0,15966.666666666666,0.0,0.0,2009,27,8,3,35,0.05,0.05,0.04857142857142858,0.04928571428571429,0.0,6.25,LOW
2009-09-01,16000.0,16000.0,16000.0,16000.0,16000.0,16000.0,15966.666666666666,0.0,0.0,2009,1,9,1,36,0.05,0.05,0.04857142857142858,0.04928571428571429,900.0,6.25,LOW
2009-09-02,16000.0,16000.0,16000.0,15000.0,16000.0,16000.0,15966.666666666666,0.0,0.0,2009,2,9,2,36,0.5,0.05,0.11285714285714286,0.08142857142857143,0.0,6.25,LOW
2009-09-03,16000.0,16000.0,16000.0,16000.0,16000.0,16000.0,16000.0,0.0,0.0,2009,3,9,3,36,0.5,0.05,0.17714285714285713,0.11357142857142856,0.0,6.25,LOW
2009-09-04,16000.0,16000.0,16000.0,16000.0,16000.0,16000.0,16000.0,0.0,0.0,2009,4,9,4,36,0.5,0.04,0.2414285714285714,0.1457142857142857,0.0,6.25,LOW
2009-09-05,16000.0,16000.0,16000.0,16000.0,16000.0,16000.0,16000.0,0.0,0.0,2009,5,9,5,36,0.5,0.05,0.3071428571428572,0.17785714285714288,-19.999999999999996,6.25,LOW
2009-09-07,16000.0,16000.0,16000.0,16000.0,16000.0,16000.0,16000.0,0.0,0.0,2009,7,9,0,37,0.4,0.05,0.35714285714285715,0.20285714285714285,37.50000000000001,6.25,LOW
2009-09-08,16000.0,16000.0,16000.0,16000.0,16000.0,16000.0,16000.0,0.0,0.0,2009,8,9,1,37,0.55,0.05,0.42857142857142855,0.23857142857142857,-9.090909090909099,6.25,LOW
2009-09-09,16000.0,16000.0,16000.0,16000.0,16000.0,16000.0,16000.0,0.0,0.0,2009,9,9,2,37,0.5,0.5,0.4928571428571429,0.27071428571428574,0.0,6.25,LOW
2009-09-10,16000.0,16000.0,16000.0,16000.0,16000.0,16000.0,16000.0,0.0,0.0,2009,10,9,3,37,0.5,0.5,0.4928571428571429,0.3028571428571429,-19.999999999999996,6.25,LOW
2009-09-11,16000.0,16000.0,16000.0,16000.0,16000.0,16000.0,16000.0,0.0,0.0,2009,11,9,4,37,0.4,0.5,0.47857142857142865,0.32785714285714285,12.499999999999996,6.25,LOW
2009-09-12,16000.0,16000.0,16000.0,16000.0,16000.0,16000.0,16000.0,0.0,0.0,2009,12,9,5,37,0.45,0.5,0.4714285714285715,0.35642857142857143,11.111111111111107,6.25,LOW
2009-09-14,16000.0,16000.0,16000.0,16000.0,16000.0,16000.0,16000.0,0.0,0.0,2009,14,9,0,38,0.5,0.4,0.4714285714285714,0.3892857142857143,-19.999999999999996,6.25,LOW
2009-09-15,16000.0,16000.0,16000.0,16000.0,16000.0,16000.0,16000.0,0.0,0.0,2009,15,9,1,38,0.4,0.55,0.4714285714285714,0.4142857142857143,24.999999999999993,6.25,LOW
2009-09-16,16000.0,16000.0,16000.0,16000.0,16000.0,16000.0,16000.0,0.0,0.0,2009,16,9,2,38,0.5,0.5,0.4642857142857143,0.44642857142857145,-19.999999999999996,6.25,LOW
2009-09-17,16000.0,16000.0,16000.0,16000.0,16000.0,16000.0,16000.0,0.0,0.0,2009,17,9,3,38,0.4,0.5,0.45000000000000007,0.4714285714285714,24.999999999999993,6.25,LOW
2009-09-18,16000.0,16000.0,16000.0,16000.0,16000.0,16000.0,16000.0,0.0,0.0,2009,18,9,4,38,0.5,0.4,0.45000000000000007,0.4714285714285714,0.0,6.25,LOW
2009-09-22,16000.0,16000.0,16000.0,16000.0,16000.0,16000.0,16000.0,0.0,0.0,2009,22,9,1,39,0.5,0.45,0.4642857142857143,0.4714285714285714,0.0,6.25,LOW
2009-09-23,16000.0,16000.0,16000.0,16000.0,16000.0,16000.0,16000.0,0.0,0.0,2009,23,9,2,39,0.5,0.5,0.4714285714285714,0.4714285714285714,-9.999999999999998,6.25,LOW
2009-09-24,16000.0,16000.0,16000.0,16000.0,16000.0,16000.0,16000.0,0.0,0.0,2009,24,9,3,39,0.45,0.4,0.4642857142857143,0.46785714285714286,11.111111111111107,6.25,LOW
2009-09-29,16000.0,16000.0,16000.0,16000.0,16000.0,16000.0,16000.0,0.0,0.0,2009,29,9,1,40,0.5,0.5,0.4785714285714286,0.47500000000000003,0.0,6.25,LOW
2009-09-30,16000.0,16000.0,16000.0,16000.0,16000.0,16000.0,16000.0,0.0,0.0,2009,30,9,2,40,0.5,0.4,0.4785714285714286,0.4714285714285714,0.0,6.25,LOW
2009-10-01,16000.0,16000.0,16000.0,16000.0,16000.0,16000.0,16000.0,0.0,0.0,2009,1,10,3,40,0.5,0.5,0.4928571428571429,0.4714285714285714,0.0,6.25,LOW
2009-10-03,16000.0,16000.0,16000.0,16000.0,16000.0,16000.0,16000.0,0.0,0.0,2009,3,10,5,40,0.5,0.5,0.4928571428571429,0.4714285714285714,0.0,6.25,LOW
2009-10-05,16000.0,16000.0,16000.0,16000.0,16000.0,16000.0,16000.0,0.0,0.0,2009,5,10,0,41,0.5,0.5,0.4928571428571429,0.4785714285714286,-19.999999999999996,6.25,LOW
2009-10-06,16000.0,16000.0,16000.0,16000.0,16000.0,16000.0,16000.0,0.0,0.0,2009,6,10,1,41,0.4,0.45,0.4785714285714286,0.47500000000000003,24.999999999999993,6.25,LOW
2009-10-07,16000.0,16000.0,16000.0,16000.0,16000.0,16000.0,16000.0,0.0,0.0,2009,7,10,2,41,0.5,0.5,0.4857142857142857,0.47500000000000003,0.0,6.25,LOW
2009-10-08,16000.0,16000.0,16000.0,16000.0,16000.0,16000.0,16000.0,0.0,0.0,2009,8,10,3,41,0.5,0.5,0.4857142857142857,0.48214285714285715,0.0,6.25,LOW
2009-10-09,16000.0,16000.0,16000.0,16000.0,16000.0,16000.0,16000.0,0.0,0.0,2009,9,10,4,41,0.5,0.5,0.4857142857142857,0.48214285714285715,-19.999999999999996,6.25,LOW
2009-10-10,16000.0,16000.0,16000.0,16000.0,16000.0,16000.0,16000.0,0.0,0.0,2009,10,10,5,41,0.4,0.5,0.4714285714285714,0.48214285714285715,24.999999999999993,6.25,LOW
2009-10-12,16000.0,16000.0,16000.0,16000.0,16000.0,16000.0,16000.0,0.0,0.0,2009,12,10,0,42,0.5,0.5,0.4714285714285714,0.48214285714285715,-19.999999999999996,6.25,LOW
2009-10-13,16000.0,16000.0,16000.0,16000.0,16000.0,16000.0,16000.0,0.0,0.0,2009,13,10,1,42,0.4,0.4,0.4571428571428572,0.475,24.999999999999993,6.25,LOW
2009-10-14,16000.0,16000.0,16000.0,16000.0,16000.0,16000.0,16000.0,0.0,0.0,2009,14,10,2,42,0.5,0.5,0.4714285714285715,0.47500000000000003,0.0,6.25,LOW
2009-10-15,16000.0,16000.0,16000.0,16000.0,16000.0,16000.0,16000.0,0.0,0.0,2009,15,10,3,42,0.5,0.5,0.4714285714285715,0.4785714285714286,0.0,6.25,LOW
2009-10-16,16000.0,16000.0,16000.0,16000.0,16000.0,16000.0,16000.0,0.0,0.0,2009,16,10,4,42,0.5,0.5,0.4714285714285715,0.4785714285714286,0.0,6.25,LOW
2009-10-19,16000.0,16000.0,16000.0,16000.0,16000.0,16000.0,16000.0,0.0,0.0,2009,19,10,0,43,0.5,0.4,0.4714285714285715,0.4785714285714286,7900.0,6.25,LOW
2009-10-21,16000.0,16000.0,16000.0,16000.0,16000.0,16000.0,16000.0,0.0,0.0,2009,21,10,2,43,40.0,0.5,6.128571428571428,3.3000000000000003,-98.75,6.25,LOW
2009-10-22,16000.0,16000.0,16000.0,16000.0,16000.0,16000.0,16000.0,0.0,0.0,2009,22,10,3,43,0.5,0.4,6.128571428571428,3.3000000000000003,-19.999999999999996,6.25,LOW
2009-10-23,16000.0,16000.0,16000.0,16000.0,16000.0,16000.0,16000.0,0.0,0.0,2009,23,10,4,43,0.4,0.5,6.128571428571428,3.292857142857143,24.999999999999993,6.25,LOW
2009-10-26,16000.0,16000.0,16000.0,16000.0,16000.0,16000.0,16000.0,0.0,0.0,2009,26,10,0,44,0.5,0.5,6.128571428571428,3.3000000000000003,0.0,6.25,LOW
2009-10-27,16000.0,16000.0,16000.0,16000.0,16000.0,16000.0,16000.0,0.0,0.0,2009,27,10,1,44,0.5,0.5,6.128571428571428,3.3000000000000003,0.0,6.25,LOW
2009-10-28,16000.0,16000.0,16000.0,16000.0,16000.0,16000.0,16000.0,0.0,0.0,2009,28,10,2,44,0.5,0.5,6.128571428571428,3.3000000000000003,0.0,6.25,LOW
2009-10-29,16000.0,16000.0,16000.0,16000.0,16000.0,16000.0,16000.0,0.0,0.0,2009,29,10,3,44,0.5,40.0,6.128571428571428,3.3000000000000003,0.0,6.25,LOW
2009-10-30,16000.0,16000.0,16000.0,16000.0,16000.0,16000.0,16000.0,0.0,0.0,2009,30,10,4,44,0.5,0.5,0.4857142857142857,3.3071428571428574,0.0,6.25,LOW
2009-11-03,16000.0,16000.0,16000.0,16000.0,16000.0,16000.0,16000.0,0.0,0.0,2009,3,11,1,45,0.5,0.4,0.4857142857142857,3.3071428571428574,0.0,6.25,LOW
2009-11-04,16000.0,16000.0,16000.0,16000.0,16000.0,16000.0,16000.0,0.0,0.0,2009,4,11,2,45,0.5,0.5,0.5,3.314285714285714,-40.0,6.25,LOW
2009-11-05,16000.0,16000.0,16000.0,16000.0,16000.0,16000.0,16000.0,0.0,0.0,2009,5,11,3,45,0.3,0.5,0.4714285714285715,3.3000000000000003,-33.33333333333333,6.25,LOW
2009-11-07,16000.0,16000.0,16000.0,16000.0,16000.0,16000.0,16000.0,0.0,0.0,2009,7,11,5,45,0.2,0.5,0.42857142857142855,3.2785714285714285,149.99999999999997,6.25,MEDIUM
2009-11-09,16000.0,16000.0,16000.0,16000.0,16000.0,16000.0,16000.0,0.0,0.0,2009,9,11,0,46,0.5,0.5,0.42857142857142855,3.2785714285714285,-19.999999999999996,6.25,MEDIUM
2009-11-10,16000.0,16000.0,16000.0,16000.0,16000.0,16000.0,16000.0,0.0,0.0,2009,10,11,1,46,0.4,0.5,0.4142857142857143,3.2714285714285714,24.999999999999993,6.25,MEDIUM
2009-11-11,16000.0,16000.0,16000.0,16000.0,16000.0,16000.0,16000.0,0.0,0.0,2009,11,11,2,46,0.5,0.5,0.4142857142857143,0.45,-40.0,6.25,MEDIUM
2009-11-12,16000.0,16000.0,16000.0,16000.0,16000.0,16000.0,16000.0,0.0,0.0,2009,12,11,3,46,0.3,0.5,0.38571428571428573,0.43571428571428567,0.0,6.25,LOW
2009-11-14,16000.0,16000.0,16000.0,16000.0,16000.0,16000.0,16000.0,0.0,0.0,2009,14,11,5,46,0.3,0.3,0.35714285714285715,0.42857142857142855,0.0,5.88235294117647,MEDIUM
2009-11-16,17000.0,16000.0,16000.0,16000.0,16142.857142857143,16071.42857142857,16033.333333333334,377.96447300921926,267.26124191233487,2009,16,11,0,47,0.3,0.2,0.35714285714285715,0.41428571428571426,33.33333333333335,5.88235294117647,MEDIUM
2009-11-17,17000.0,16000.0,16000.0,16000.0,16285.714285714286,16142.857142857143,16066.666666666666,487.950036474259,363.13651960121393,2009,17,11,1,47,0.4,0.5,0.38571428571428573,0.4071428571428571,24.999999999999993,5.88235294117647,MEDIUM
2009-11-18,17000.0,16000.0,16000.0,16000.0,16428.571428571428,16214.285714285714,16100.0,534.5224838248407,425.81531362626123,2009,18,11,2,47,0.5,0.4,0.38571428571428573,0.4071428571428571,-19.999999999999996,5.88235294117647,MEDIUM
2009-11-19,17000.0,16000.0,16000.0,16000.0,16571.428571428572,16285.714285714286,16133.333333333334,534.5224838248397,468.80723093844097,2009,19,11,3,47,0.4,0.5,0.3857142857142857,0.39999999999999997,0.0,5.88235294117647,MEDIUM
2009-11-23,17000.0,16000.0,16000.0,16000.0,16714.285714285714,16357.142857142857,16166.666666666666,487.9500364742552,497.24515809879466,2009,23,11,0,48,0.4,0.3,0.37142857142857144,0.39285714285714285,0.0,5.555555555555555,MEDIUM
2009-11-24,18000.0,16000.0,16000.0,16000.0,17000.0,16500.0,16233.333333333334,577.3502691896146,650.44363558795,2009,24,11,1,48,0.4,0.3,0.38571428571428573,0.3857142857142857,24.999999999999993,5.555555555555555,MEDIUM
2009-11-26,18000.0,17000.0,16000.0,16000.0,17285.714285714286,16642.85714285714,16300.0,487.9500364742506,744.9463436684556,2009,26,11,3,48,0.5,0.3,0.4142857142857143,0.3857142857142857,-40.0,5.555555555555555,MEDIUM
2009-11-27,18000.0,17000.0,16000.0,16000.0,17428.571428571428,16785.714285714286,16366.666666666666,534.5224838248325,801.7837257372387,2009,27,11,4,48,0.3,0.4,0.41428571428571426,0.38571428571428573,33.33333333333335,5.555555555555555,LOW
2009-12-01,18000.0,17000.0,16000.0,16000.0,17571.428571428572,16928.571428571428,16433.333333333332,534.5224838248307,828.7419301647105,2009,1,12,1,49,0.4,0.5,0.41428571428571426,0.39999999999999997,24.999999999999993,5.88235294117647,LOW
2009-12-02,17000.0,17000.0,16000.0,16000.0,17571.428571428572,17000.0,16466.666666666668,534.5224838248307,784.4645405526992,2009,2,12,2,49,0.5,0.4,0.41428571428571426,0.39999999999999997,-9.999999999999998,5.88235294117647,LOW
2009-12-03,17000.0,17000.0,16000.0,16000.0,17571.428571428572,17071.428571428572,16500.0,534.5224838248307,730.0459115473315,2009,3,12,3,49,0.45,0.4,0.42142857142857143,0.4035714285714286,11.111111111111107,5.88235294117647,LOW
2009-12-04,17000.0,18000.0,16000.0,16000.0,17571.428571428572,17142.85714285714,16533.333333333332,534.5224838248307,662.9935441317505,2009,4,12,4,49,0.5,0.4,0.4357142857142858,0.4035714285714286,0.0,5.88235294117647,LOW
2009-12-05,17000.0,18000.0,16000.0,16000.0,17428.571428571428,17214.285714285714,16566.666666666668,534.5224838248325,578.9342235217862,2009,5,12,5,49,0.5,0.5,0.45,0.41785714285714287,-19.999999999999996,5.88235294117647,LOW
2009-12-07,17000.0,18000.0,17000.0,16000.0,17285.714285714286,17285.714285714286,16600.0,487.9500364742506,468.80723093842795,2009,7,12,0,50,0.4,0.3,0.43571428571428567,0.425,24.999999999999993,5.88235294117647,LOW
2009-12-08,17000.0,18000.0,17000.0,16000.0,17142.85714285714,17285.714285714286,16633.333333333332,377.9644730092085,468.80723093842795,2009,8,12,1,50,0.5,0.4,0.4642857142857143,0.43928571428571433,-40.0,5.88235294117647,LOW
2009-12-09,17000.0,17000.0,17000.0,16000.0,17000.0,17285.714285714286,16666.666666666668,0.0,468.80723093842795,2009,9,12,2,50,0.3,0.5,0.45,0.4321428571428572,-33.33333333333333,5.88235294117647,LOW
2009-12-10,17000.0,17000.0,17000.0,16000.0,17000.0,17285.714285714286,16700.0,0.0,468.80723093842795,2009,10,12,3,50,0.2,0.45,0.40714285714285714,0.41071428571428575,49.999999999999986,5.88235294117647,LOW
2009-12-11,17000.0,17000.0,17000.0,16000.0,17000.0,17285.714285714286,16733.333333333332,0.0,468.80723093842795,2009,11,12,4,50,0.3,0.5,0.3857142857142857,0.4035714285714286,66.66666666666667,5.88235294117647,LOW
2009-12-12,17000.0,17000.0,18000.0,16000.0,17000.0,17285.714285714286,16766.666666666668,0.0,468.80723093842795,2009,12,12,5,50,0.5,0.5,0.38571428571428573,0.4107142857142857,-19.999999999999996,5.88235294117647,LOW
2009-12-14,17000.0,17000.0,18000.0,16000.0,17000.0,17214.285714285714,16800.0,0.0,425.81531362624764,2009,14,12,0,51,0.4,0.4,0.37142857142857144,0.4107142857142857,0.0,5.88235294117647,LOW
2009-12-15,17000.0,17000.0,18000.0,16000.0,17000.0,17142.85714285714,16833.333333333332,0.0,363.1365196011986,2009,15,12,1,51,0.4,0.5,0.37142857142857144,0.4035714285714286,24.999999999999993,5.88235294117647,LOW
2009-12-16,17000.0,17000.0,18000.0,16000.0,17000.0,17071.428571428572,16866.666666666668,0.0,267.26124191231423,2009,16,12,2,51,0.5,0.3,0.37142857142857144,0.4178571428571428,-19.999999999999996,5.88235294117647,LOW
2009-12-17,17000.0,17000.0,17000.0,16000.0,17000.0,17000.0,16900.0,0.0,0.0,2009,17,12,3,51,0.4,0.2,0.38571428571428573,0.41785714285714287,0.0,5.88235294117647,LOW
2009-12-18,17000.0,17000.0,17000.0,16000.0,17000.0,17000.0,16933.333333333332,0.0,0.0,2009,18,12,4,51,0.4,0.3,0.4142857142857143,0.4107142857142857,12.499999999999996,5.88235294117647,LOW
2009-12-19,17000.0,17000.0,17000.0,16000.0,17000.0,17000.0,16966.666666666668,0.0,0.0,2009,19,12,5,51,0.45,0.5,0.4357142857142858,0.4107142857142857,-11.111111111111107,5.88235294117647,LOW
2009-12-21,17000.0,17000.0,17000.0,16000.0,17000.0,17000.0,17000.0,0.0,0.0,2009,21,12,0,52,0.4,0.4,0.4214285714285714,0.4035714285714286,0.0,5.88235294117647,LOW
2009-12-22,17000.0,17000.0,17000.0,16000.0,17000.0,17000.0,17033.333333333332,0.0,0.0,2009,22,12,1,52,0.4,0.4,0.42142857142857143,0.3964285714285714,0.0,5.88235294117647,LOW
2009-12-23,17000.0,17000.0,17000.0,16000.0,17000.0,17000.0,17066.666666666668,0.0,0.0,2009,23,12,2,52,0.4,0.5,0.42142857142857143,0.3964285714285714,-25.000000000000007,5.88235294117647,LOW
2009-12-24,17000.0,17000.0,17000.0,16000.0,17000.0,17000.0,17100.0,0.0,0.0,2009,24,12,3,52,0.3,0.4,0.39285714285714285,0.3821428571428571,0.0,5.88235294117647,LOW
2009-12-26,17000.0,17000.0,17000.0,17000.0,17000.0,17000.0,17133.333333333332,0.0,0.0,2009,26,12,5,52,0.3,0.4,0.3785714285714286,0.3821428571428571,33.33333333333335,5.88235294117647,LOW
2009-12-29,17000.0,17000.0,17000.0,17000.0,17000.0,17000.0,17133.333333333332,0.0,0.0,2009,29,12,1,53,0.4,0.45,0.37857142857142856,0.3964285714285714,0.0,5.88235294117647,LOW
2010-01-01,17000.0,17000.0,17000.0,17000.0,17000.0,17000.0,17133.333333333332,0.0,0.0,2010,1,1,4,53,0.4,0.4,0.37142857142857144,0.4035714285714286,24.999999999999993,5.88235294117647,LOW
2010-01-02,17000.0,17000.0,17000.0,17000.0,17000.0,17000.0,17133.333333333332,0.0,0.0,2010,2,1,5,53,0.5,0.4,0.38571428571428573,0.4035714285714286,-19.999999999999996,5.88235294117647,LOW
2010-01-04,17000.0,17000.0,17000.0,17000.0,17000.0,17000.0,17133.333333333332,0.0,0.0,2010,4,1,0,1,0.4,0.4,0.3857142857142857,0.4035714285714286,12.499999999999996,5.88235294117647,LOW
2010-01-06,17000.0,17000.0,17000.0,18000.0,17000.0,17000.0,17133.333333333332,0.0,0.0,2010,6,1,2,1,0.45,0.3,0.39285714285714285,0.40714285714285714,11.111111111111107,5.88235294117647,LOW
2010-01-07,17000.0,17000.0,17000.0,18000.0,17000.0,17000.0,17100.0,0.0,0.0,2010,7,1,3,1,0.5,0.3,0.42142857142857143,0.40714285714285714,-19.999999999999996,5.88235294117647,LOW
2010-01-08,17000.0,17000.0,17000.0,18000.0,17000.0,17000.0,17066.666666666668,0.0,0.0,2010,8,1,4,1,0.4,0.4,0.43571428571428567,0.40714285714285714,24.999999999999993,5.88235294117647,LOW
2010-01-09,17000.0,17000.0,17000.0,18000.0,17000.0,17000.0,17033.333333333332,0.0,0.0,2010,9,1,5,1,0.5,0.4,0.45,0.4142857142857143,-40.0,5.88235294117647,LOW
2010-02-01,17000.0,17000.0,17000.0,17000.0,17000.0,17000.0,17000.0,0.0,0.0,2010,1,2,0,5,0.3,0.5,0.43571428571428567,0.4035714285714286,33.33333333333335,5.88235294117647,LOW
2010-02-02,17000.0,17000.0,17000.0,17000.0,17000.0,17000.0,17000.0,0.0,0.0,2010,2,2,1,5,0.4,0.4,0.42142857142857143,0.4035714285714285,0.0,5.88235294117647,LOW
2010-02-03,17000.0,17000.0,17000.0,17000.0,17000.0,17000.0,17000.0,0.0,0.0,2010,3,2,2,5,0.4,0.45,0.42142857142857143,0.4035714285714286,24.999999999999993,5.88235294117647,LOW
2010-02-04,17000.0,17000.0,17000.0,17000.0,17000.0,17000.0,17000.0,0.0,0.0,2010,4,2,3,5,0.5,0.5,0.42857142857142855,0.4107142857142857,-19.999999999999996,5.88235294117647,LOW
2010-02-06,17000.0,17000.0,17000.0,17000.0,17000.0,17000.0,17000.0,0.0,0.0,2010,6,2,5,5,0.4,0.4,0.41428571428571426,0.41785714285714287,0.0,5.88235294117647,LOW
2010-02-08,17000.0,17000.0,17000.0,17000.0,17000.0,17000.0,17000.0,0.0,0.0,2010,8,2,0,6,0.4,0.5,0.41428571428571426,0.425,24.999999999999993,5.88235294117647,LOW
2010-02-09,17000.0,17000.0,17000.0,17000.0,17000.0,17000.0,17000.0,0.0,0.0,2010,9,2,1,6,0.5,0.3,0.4142857142857143,0.4321428571428571,-40.0,5.88235294117647,LOW
2010-02-10,17000.0,17000.0,17000.0,17000.0,17000.0,17000.0,17000.0,0.0,0.0,2010,10,2,2,6,0.3,0.4,0.4142857142857143,0.42499999999999993,33.33333333333335,5.88235294117647,LOW
2010-02-11,17000.0,17000.0,17000.0,17000.0,17000.0,17000.0,17000.0,0.0,0.0,2010,11,2,3,6,0.4,0.4,0.41428571428571426,0.4178571428571428,24.999999999999993,5.88235294117647,LOW
2010-02-13,17000.0,17000.0,17000.0,17000.0,17000.0,17000.0,17000.0,0.0,0.0,2010,13,2,5,6,0.5,0.5,0.42857142857142855,0.425,5900.0,5.88235294117647,LOW
2010-02-15,17000.0,17000.0,17000.0,17000.0,17000.0,17000.0,17000.0,0.0,0.0,2010,15,2,0,7,30.0,0.4,4.642857142857143,2.5357142857142856,-99.0,5.88235294117647,LOW
2010-02-16,17000.0,17000.0,17000.0,17000.0,17000.0,17000.0,17000.0,0.0,0.0,2010,16,2,1,7,0.3,0.4,4.628571428571428,2.5214285714285714,-66.66666666666666,5.88235294117647,LOW
2010-02-17,17000.0,17000.0,17000.0,17000.0,17000.0,17000.0,17000.0,0.0,0.0,2010,17,2,2,7,0.1,0.5,4.585714285714286,2.5,0.0,5.88235294117647,LOW
2010-02-18,17000.0,17000.0,17000.0,17000.0,17000.0,17000.0,17000.0,0.0,0.0,2010,18,2,3,7,0.1,0.3,4.5285714285714285,2.4714285714285715,0.0,5.88235294117647,LOW
2010-02-19,17000.0,17000.0,17000.0,17000.0,17000.0,17000.0,17000.0,0.0,0.0,2010,19,2,4,7,0.1,0.4,4.5,2.457142857142857,199.99999999999997,5.88235294117647,LOW
2010-02-20,17000.0,17000.0,17000.0,17000.0,17000.0,17000.0,17000.0,0.0,0.0,2010,20,2,5,7,0.3,0.5,4.485714285714286,2.4499999999999997,66.66666666666667,5.88235294117647,LOW
2010-02-22,17000.0,17000.0,17000.0,17000.0,17000.0,17000.0,17000.0,0.0,0.0,2010,22,2,0,8,0.5,30.0,4.485714285714286,2.457142857142857,-19.999999999999996,5.88235294117647,LOW
2010-02-23,17000.0,17000.0,17000.0,17000.0,17000.0,17000.0,17000.0,0.0,0.0,2010,23,2,1,8,0.4,0.3,0.2571428571428572,2.4499999999999997,-25.000000000000007,5.88235294117647,LOW
2010-02-24,17000.0,17000.0,17000.0,17000.0,17000.0,17000.0,17000.0,0.0,0.0,2010,24,2,2,8,0.3,0.1,0.2571428571428572,2.442857142857143,-33.33333333333333,5.88235294117647,LOW
2010-02-25,17000.0,17000.0,17000.0,17000.0,17000.0,17000.0,17000.0,0.0,0.0,2010,25,2,3,8,0.2,0.1,0.27142857142857146,2.4285714285714284,199.99999999999997,5.88235294117647,LOW
2010-02-26,17000.0,17000.0,17000.0,17000.0,17000.0,17000.0,17000.0,0.0,0.0,2010,26,2,4,8,0.6,0.1,0.34285714285714286,2.435714285714286,-24.999999999999993,5.88235294117647,LOW
2010-03-02,17000.0,17000.0,17000.0,17000.0,17000.0,17000.0,17000.0,0.0,0.0,2010,2,3,1,9,0.45,0.3,0.39285714285714285,2.4464285714285716,100.0,5.88235294117647,LOW
2010-03-03,17000.0,17000.0,17000.0,17000.0,17000.0,17000.0,17000.0,0.0,0.0,2010,3,3,2,9,0.9,0.5,0.4785714285714286,2.482142857142857,-33.333333333333336,5.88235294117647,LOW
2010-03-04,17000.0,17000.0,17000.0,17000.0,17000.0,17000.0,17000.0,0.0,0.0,2010,4,3,3,9,0.6,0.4,0.4928571428571429,2.4892857142857143,-33.33333333333333,5.88235294117647,LOW
2010-03-05,17000.0,17000.0,17000.0,17000.0,17000.0,17000.0,17000.0,0.0,0.0,2010,5,3,4,9,0.4,0.3,0.4928571428571428,0.375,12.499999999999996,5.88235294117647,LOW
2010-03-06,17000.0,17000.0,17000.0,17000.0,17000.0,17000.0,17000.0,0.0,0.0,2010,6,3,5,9,0.45,0.2,0.5142857142857143,0.38571428571428573,33.33333333333333,5.88235294117647,LOW
2010-03-08,17000.0,17000.0,17000.0,17000.0,17000.0,17000.0,17000.0,0.0,0.0,2010,8,3,0,10,0.6,0.6,0.5714285714285714,0.4214285714285714,-33.33333333333333,5.88235294117647,LOW
2010-03-09,17000.0,17000.0,17000.0,17000.0,17000.0,17000.0,17000.0,0.0,0.0,2010,9,3,1,10,0.4,0.45,0.5428571428571429,0.4428571428571429,-25.000000000000007,5.88235294117647,LOW
2010-03-10,17000.0,17000.0,17000.0,17000.0,17000.0,17000.0,17000.0,0.0,0.0,2010,10,3,2,10,0.3,0.9,0.5214285714285715,0.4571428571428572,66.66666666666667,5.88235294117647,LOW
2010-03-11,17000.0,17000.0,17000.0,17000.0,17000.0,17000.0,17000.0,0.0,0.0,2010,11,3,3,10,0.5,0.6,0.4642857142857143,0.4714285714285714,-19.999999999999996,5.88235294117647,LOW
2010-03-12,17000.0,17000.0,17000.0,17000.0,17000.0,17000.0,17000.0,0.0,0.0,2010,12,3,4,10,0.4,0.4,0.43571428571428567,0.4642857142857143,12.499999999999996,5.88235294117647,LOW
2010-03-13,17000.0,17000.0,17000.0,17000.0,17000.0,17000.0,17000.0,0.0,0.0,2010,13,3,5,10,0.45,0.45,0.4428571428571429,0.46785714285714286,11.111111111111107,5.88235294117647,LOW
2010-03-15,17000.0,17000.0,17000.0,17000.0,17000.0,17000.0,17000.0,0.0,0.0,2010,15,3,0,11,0.5,0.6,0.45,0.48214285714285715,-9.999999999999998,5.88235294117647,LOW
2010-03-16,17000.0,17000.0,17000.0,17000.0,17000.0,17000.0,17000.0,0.0,0.0,2010,16,3,1,11,0.45,0.4,0.42857142857142855,0.5,0.0,5.88235294117647,LOW
2010-03-17,17000.0,17000.0,17000.0,17000.0,17000.0,17000.0,17000.0,0.0,0.0,2010,17,3,2,11,0.45,0.3,0.43571428571428567,0.48928571428571427,-11.111111111111107,5.88235294117647,LOW
2010-03-19,17000.0,17000.0,17000.0,17000.0,17000.0,17000.0,17000.0,0.0,0.0,2010,19,3,4,11,0.4,0.5,0.45,0.48571428571428577,12.499999999999996,5.88235294117647,LOW
2010-03-20,17000.0,17000.0,17000.0,17000.0,17000.0,17000.0,17000.0,0.0,0.0,2010,20,3,5,11,0.45,0.4,0.4428571428571429,0.4535714285714286,0.0,5.88235294117647,LOW
2010-03-22,17000.0,17000.0,17000.0,17000.0,17000.0,17000.0,17000.0,0.0,0.0,2010,22,3,0,12,0.45,0.45,0.45000000000000007,0.4428571428571429,11.111111111111107,5.88235294117647,LOW
2010-03-23,17000.0,17000.0,17000.0,17000.0,17000.0,17000.0,17000.0,0.0,0.0,2010,23,3,1,12,0.5,0.5,0.4571428571428572,0.45,-9.999999999999998,5.88235294117647,LOW
2010-03-25,17000.0,17000.0,17000.0,17000.0,17000.0,17000.0,17000.0,0.0,0.0,2010,25,3,3,12,0.45,0.45,0.45,0.45,0.0,5.88235294117647,LOW
2010-03-26,17000.0,17000.0,17000.0,17000.0,17000.0,17000.0,17000.0,0.0,0.0,2010,26,3,4,12,0.45,0.45,0.45000000000000007,0.43928571428571433,0.0,5.88235294117647,LOW
2010-03-27,17000.0,17000.0,17000.0,17000.0,17000.0,17000.0,17000.0,0.0,0.0,2010,27,3,5,12,0.45,0.4,0.45000000000000007,0.4428571428571429,-33.333333333333336,5.88235294117647,LOW
2010-03-29,17000.0,17000.0,17000.0,17000.0,17000.0,17000.0,17000.0,0.0,0.0,2010,29,3,0,13,0.3,0.45,0.4357142857142858,0.4428571428571429,33.33333333333335,5.88235294117647,LOW
2010-03-30,17000.0,17000.0,17000.0,17000.0,17000.0,17000.0,17000.0,0.0,0.0,2010,30,3,1,13,0.4,0.45,0.42857142857142855,0.4357142857142858,0.0,5.88235294117647,LOW
2010-03-31,17000.0,17000.0,17000.0,17000.0,17000.0,17000.0,17000.0,0.0,0.0,2010,31,3,2,13,0.4,0.5,0.4214285714285714,0.43571428571428567,12.499999999999996,5.88235294117647,LOW
2010-04-01,17000.0,17000.0,17000.0,17000.0,17000.0,17000.0,17000.0,0.0,0.0,2010,1,4,3,13,0.45,0.45,0.41428571428571426,0.4357142857142858,0.0,5.88235294117647,LOW
2010-04-03,17000.0,17000.0,17000.0,17000.0,17000.0,17000.0,17000.0,0.0,0.0,2010,3,4,5,13,0.45,0.45,0.4142857142857143,0.4321428571428571,11.111111111111107,5.88235294117647,LOW
2010-04-05,17000.0,17000.0,17000.0,17000.0,17000.0,17000.0,17000.0,0.0,0.0,2010,5,4,0,14,0.5,0.45,0.42142857142857143,0.4357142857142858,-40.0,5.88235294117647,LOW
2010-04-06,17000.0,17000.0,17000.0,17000.0,17000.0,17000.0,17000.0,0.0,0.0,2010,6,4,1,14,0.3,0.3,0.39999999999999997,0.425,33.33333333333335,5.88235294117647,LOW
2010-04-07,17000.0,17000.0,17000.0,17000.0,17000.0,17000.0,17000.0,0.0,0.0,2010,7,4,2,14,0.4,0.4,0.41428571428571426,0.425,12.499999999999996,5.88235294117647,LOW
2010-04-08,17000.0,17000.0,17000.0,17000.0,17000.0,17000.0,17000.0,0.0,0.0,2010,8,4,3,14,0.45,0.4,0.42142857142857143,0.42499999999999993,-11.111111111111107,5.88235294117647,LOW
2010-04-09,17000.0,17000.0,17000.0,17000.0,17000.0,17000.0,17000.0,0.0,0.0,2010,9,4,4,14,0.4,0.45,0.42142857142857143,0.42142857142857143,-37.50000000000001,5.88235294117647,LOW
2010-04-10,17000.0,17000.0,17000.0,17000.0,17000.0,17000.0,17000.0,0.0,0.0,2010,10,4,5,14,0.25,0.45,0.39285714285714285,0.4035714285714286,0.0,5.88235294117647,LOW
2010-04-12,17000.0,17000.0,17000.0,17000.0,17000.0,17000.0,17000.0,0.0,0.0,2010,12,4,0,15,0.25,0.5,0.36428571428571427,0.3892857142857143,60.00000000000001,5.88235294117647,LOW
2010-04-13,17000.0,17000.0,17000.0,17000.0,17000.0,17000.0,17000.0,0.0,0.0,2010,13,4,1,15,0.4,0.3,0.35,0.38571428571428573,0.0,5.88235294117647,LOW
2010-04-15,17000.0,17000.0,17000.0,17000.0,17000.0,17000.0,17000.0,0.0,0.0,2010,15,4,3,15,0.4,0.4,0.3642857142857143,0.3821428571428571,-80.0,5.88235294117647,LOW
2010-04-16,17000.0,17000.0,17000.0,17000.0,17000.0,17000.0,17000.0,0.0,0.0,2010,16,4,4,15,0.08,0.45,0.31857142857142856,0.36642857142857144,-37.5,5.88235294117647,LOW
2010-04-17,17000.0,17000.0,17000.0,17000.0,17000.0,17000.0,17000.0,0.0,0.0,2010,17,4,5,15,0.05,0.4,0.26142857142857145,0.34142857142857136,199.99999999999997,5.88235294117647,LOW
2010-04-19,17000.0,17000.0,17000.0,17000.0,17000.0,17000.0,17000.0,0.0,0.0,2010,19,4,0,16,0.15,0.25,0.22571428571428573,0.32357142857142857,0.0,5.88235294117647,LOW
2010-04-20,17000.0,17000.0,17000.0,17000.0,17000.0,17000.0,17000.0,0.0,0.0,2010,20,4,1,16,0.15,0.25,0.21142857142857144,0.30214285714285716,-33.33333333333333,5.88235294117647,LOW
2010-04-21,17000.0,17000.0,17000.0,17000.0,17000.0,17000.0,17000.0,0.0,0.0,2010,21,4,2,16,0.1,0.4,0.19,0.27714285714285714,199.99999999999997,5.88235294117647,LOW
2010-05-03,17000.0,17000.0,17000.0,17000.0,17000.0,17000.0,17000.0,0.0,0.0,2010,3,5,0,18,0.3,0.4,0.1757142857142857,0.26285714285714284,66.66666666666667,5.88235294117647,LOW
2010-05-04,17000.0,17000.0,17000.0,17000.0,17000.0,17000.0,17000.0,0.0,0.0,2010,4,5,1,18,0.5,0.08,0.19,0.27714285714285714,-70.0,5.88235294117647,LOW
2010-05-05,17000.0,17000.0,17000.0,17000.0,17000.0,17000.0,17000.0,0.0,0.0,2010,5,5,2,18,0.15,0.05,0.19999999999999998,0.2592857142857143,33.33333333333335,5.88235294117647,LOW
2010-05-06,17000.0,17000.0,17000.0,17000.0,17000.0,17000.0,17000.0,0.0,0.0,2010,6,5,3,18,0.2,0.15,0.22142857142857145,0.2414285714285714,109.99999999999999,5.88235294117647,LOW
2010-05-07,17000.0,17000.0,17000.0,17000.0,17000.0,17000.0,17000.0,0.0,0.0,2010,7,5,4,18,0.42,0.15,0.26,0.24285714285714288,-52.38095238095237,5.88235294117647,LOW
2010-05-08,17000.0,17000.0,17000.0,17000.0,17000.0,17000.0,17000.0,0.0,0.0,2010,8,5,5,18,0.2,0.1,0.2671428571428571,0.2392857142857143,0.0,5.88235294117647,LOW
2010-05-10,17000.0,17000.0,17000.0,17000.0,17000.0,17000.0,17000.0,0.0,0.0,2010,10,5,0,19,0.2,0.3,0.2814285714285715,0.23571428571428574,-75.00000000000001,5.88235294117647,LOW
2010-05-11,17000.0,17000.0,17000.0,17000.0,17000.0,17000.0,17000.0,0.0,0.0,2010,11,5,1,19,0.05,0.5,0.24571428571428572,0.21071428571428572,300.00000000000006,5.88235294117647,LOW
2010-05-12,17000.0,17000.0,17000.0,17000.0,17000.0,17000.0,17000.0,0.0,0.0,2010,12,5,2,19,0.2,0.15,0.20285714285714285,0.19642857142857142,-25.000000000000007,5.88235294117647,LOW
2010-05-13,17000.0,17000.0,17000.0,17000.0,17000.0,17000.0,17000.0,0.0,0.0,2010,13,5,3,19,0.15,0.2,0.20285714285714287,0.20142857142857143,0.0,5.88235294117647,LOW
2010-05-14,17000.0,17000.0,17000.0,17000.0,17000.0,17000.0,17000.0,0.0,0.0,2010,14,5,4,19,0.15,0.42,0.1957142857142857,0.20857142857142857,0.0,5.88235294117647,LOW
2010-05-15,17000.0,17000.0,17000.0,17000.0,17000.0,17000.0,17000.0,0.0,0.0,2010,15,5,5,19,0.15,0.2,0.15714285714285717,0.20857142857142857,-60.0,5.88235294117647,LOW
2010-05-17,17000.0,17000.0,17000.0,17000.0,17000.0,17000.0,17000.0,0.0,0.0,2010,17,5,0,20,0.06,0.2,0.13714285714285715,0.20214285714285715,-66.66666666666666,5.88235294117647,LOW
2010-05-18,17000.0,17000.0,17000.0,17000.0,17000.0,17000.0,17000.0,0.0,0.0,2010,18,5,1,20,0.02,0.05,0.11142857142857143,0.19642857142857142,0.0,5.88235294117647,LOW
2010-05-19,17000.0,17000.0,17000.0,17000.0,17000.0,17000.0,17000.0,0.0,0.0,2010,19,5,2,20,0.02,0.2,0.10714285714285712,0.17642857142857143,0.0,5.88235294117647,LOW
2010-05-20,17000.0,17000.0,17000.0,17000.0,17000.0,17000.0,17000.0,0.0,0.0,2010,20,5,3,20,0.02,0.15,0.08142857142857142,0.14214285714285715,900.0,5.88235294117647,LOW
2010-05-21,17000.0,17000.0,17000.0,17000.0,17000.0,17000.0,17000.0,0.0,0.0,2010,21,5,4,20,0.2,0.15,0.08857142857142856,0.1457142857142857,49.999999999999986,5.88235294117647,LOW
2010-05-22,17000.0,17000.0,17000.0,17000.0,17000.0,17000.0,17000.0,0.0,0.0,2010,22,5,5,20,0.3,0.15,0.11,0.15285714285714283,-96.66666666666667,5.88235294117647,LOW
2010-06-01,17000.0,17000.0,17000.0,17000.0,17000.0,17000.0,17000.0,0.0,0.0,2010,1,6,1,22,0.01,0.06,0.08999999999999998,0.12357142857142857,400.0,5.88235294117647,LOW
2010-06-02,17000.0,17000.0,17000.0,17000.0,17000.0,17000.0,17000.0,0.0,0.0,2010,2,6,2,22,0.05,0.02,0.08857142857142856,0.11285714285714286,400.0,5.88235294117647,LOW
2010-06-03,17000.0,17000.0,17000.0,17000.0,17000.0,17000.0,17000.0,0.0,0.0,2010,3,6,3,22,0.25,0.02,0.12142857142857143,0.11642857142857142,-40.0,5.88235294117647,LOW
2010-06-04,17000.0,17000.0,17000.0,17000.0,17000.0,17000.0,17000.0,0.0,0.0,2010,4,6,4,22,0.15,0.02,0.13999999999999999,0.12357142857142857,-66.66666666666666,5.88235294117647,LOW
2010-06-05,17000.0,17000.0,17000.0,17000.0,17000.0,17000.0,17000.0,0.0,0.0,2010,5,6,5,22,0.05,0.2,0.1442857142857143,0.11285714285714285,0.0,5.88235294117647,LOW
2010-06-07,17000.0,17000.0,17000.0,17000.0,17000.0,17000.0,17000.0,0.0,0.0,2010,7,6,0,23,0.05,0.3,0.12285714285714286,0.10571428571428572,100.0,5.88235294117647,LOW
2010-06-08,17000.0,17000.0,17000.0,17000.0,17000.0,17000.0,17000.0,0.0,0.0,2010,8,6,1,23,0.1,0.01,0.09428571428571428,0.10214285714285713,100.0,5.88235294117647,LOW
2010-06-09,17000.0,17000.0,17000.0,17000.0,17000.0,17000.0,17000.0,0.0,0.0,2010,9,6,2,23,0.2,0.05,0.12142857142857143,0.10571428571428572,-25.000000000000007,5.88235294117647,LOW
2010-06-10,17000.0,17000.0,17000.0,17000.0,17000.0,17000.0,17000.0,0.0,0.0,2010,10,6,3,23,0.15,0.25,0.1357142857142857,0.11214285714285714,33.33333333333335,5.88235294117647,LOW
2010-06-11,17000.0,17000.0,17000.0,17000.0,17000.0,17000.0,17000.0,0.0,0.0,2010,11,6,4,23,0.2,0.15,0.12857142857142856,0.125,-25.000000000000007,5.88235294117647,LOW
2010-06-12,17000.0,17000.0,17000.0,17000.0,17000.0,17000.0,17000.0,0.0,0.0,2010,12,6,5,23,0.15,0.05,0.1285714285714286,0.13428571428571429,-66.66666666666666,5.88235294117647,LOW
2010-06-14,17000.0,17000.0,17000.0,17000.0,17000.0,17000.0,17000.0,0.0,0.0,2010,14,6,0,24,0.05,0.05,0.12857142857142856,0.13642857142857143,199.99999999999997,5.88235294117647,LOW
2010-06-15,17000.0,17000.0,17000.0,17000.0,17000.0,17000.0,17000.0,0.0,0.0,2010,15,6,1,24,0.15,0.1,0.14285714285714285,0.13285714285714287,66.66666666666667,5.88235294117647,LOW
2010-06-16,17000.0,17000.0,17000.0,17000.0,17000.0,17000.0,17000.0,0.0,0.0,2010,16,6,2,24,0.25,0.2,0.16428571428571428,0.12928571428571428,-19.999999999999996,5.88235294117647,LOW
2010-06-17,17000.0,17000.0,17000.0,17000.0,17000.0,17000.0,17000.0,0.0,0.0,2010,17,6,3,24,0.2,0.15,0.16428571428571428,0.14285714285714285,0.0,5.88235294117647,LOW
2010-06-18,17000.0,17000.0,17000.0,17000.0,17000.0,17000.0,17000.0,0.0,0.0,2010,18,6,4,24,0.2,0.2,0.17142857142857143,0.15357142857142855,0.0,5.88235294117647,LOW
2010-06-21,17000.0,17000.0,17000.0,17000.0,17000.0,17000.0,17000.0,0.0,0.0,2010,21,6,0,25,0.2,0.15,0.17142857142857143,0.15,49.999999999999986,5.88235294117647,LOW
2010-06-22,17000.0,17000.0,17000.0,17000.0,17000.0,17000.0,17000.0,0.0,0.0,2010,22,6,1,25,0.3,0.05,0.19285714285714284,0.16071428571428573,33.33333333333335,5.88235294117647,LOW
2010-06-23,17000.0,17000.0,17000.0,17000.0,17000.0,17000.0,17000.0,0.0,0.0,2010,23,6,2,25,0.4,0.15,0.24285714285714288,0.18571428571428572,-37.50000000000001,5.88235294117647,LOW
2010-06-24,17000.0,17000.0,17000.0,17000.0,17000.0,17000.0,17000.0,0.0,0.0,2010,24,6,3,25,0.25,0.25,0.2571428571428571,0.19999999999999998,60.00000000000001,5.88235294117647,LOW
2010-06-25,17000.0,17000.0,17000.0,17000.0,17000.0,17000.0,17000.0,0.0,0.0,2010,25,6,4,25,0.4,0.2,0.2785714285714286,0.22142857142857145,-50.0,5.88235294117647,LOW
2010-06-26,17000.0,17000.0,17000.0,17000.0,17000.0,17000.0,17000.0,0.0,0.0,2010,26,6,5,25,0.2,0.2,0.2785714285714286,0.22142857142857145,-25.000000000000007,5.88235294117647,LOW
2010-06-28,17000.0,17000.0,17000.0,17000.0,17000.0,17000.0,17000.0,0.0,0.0,2010,28,6,0,26,0.15,0.2,0.27142857142857146,0.22142857142857145,-33.33333333333333,5.88235294117647,LOW
2010-07-01,17000.0,17000.0,17000.0,17000.0,17000.0,17000.0,17000.0,0.0,0.0,2010,1,7,3,26,0.1,0.3,0.2571428571428572,0.21428571428571427,-60.0,5.88235294117647,LOW
2010-07-02,17000.0,17000.0,17000.0,17000.0,17000.0,17000.0,17000.0,0.0,0.0,2010,2,7,4,26,0.04,0.4,0.22,0.20642857142857143,150.0,5.88235294117647,LOW
2010-07-03,17000.0,17000.0,17000.0,17000.0,17000.0,17000.0,17000.0,0.0,0.0,2010,3,7,5,26,0.1,0.25,0.17714285714285713,0.21,300.00000000000006,5.88235294117647,LOW
2010-07-05,17000.0,17000.0,17000.0,17000.0,17000.0,17000.0,17000.0,0.0,0.0,2010,5,7,0,27,0.4,0.4,0.19857142857142857,0.22785714285714284,-50.0,5.88235294117647,LOW
2010-07-06,17000.0,17000.0,17000.0,17000.0,17000.0,17000.0,17000.0,0.0,0.0,2010,6,7,1,27,0.2,0.2,0.16999999999999998,0.22428571428571428,-50.0,5.88235294117647,LOW
2010-07-07,17000.0,17000.0,17000.0,17000.0,17000.0,17000.0,17000.0,0.0,0.0,2010,7,7,2,27,0.1,0.15,0.15571428571428572,0.21714285714285717,0.0,5.88235294117647,LOW
2010-07-08,17000.0,17000.0,17000.0,17000.0,17000.0,17000.0,17000.0,0.0,0.0,2010,8,7,3,27,0.1,0.1,0.14857142857142858,0.21000000000000002,149.99999999999997,5.88235294117647,LOW
2010-07-09,17000.0,17000.0,17000.0,17000.0,17000.0,17000.0,17000.0,0.0,0.0,2010,9,7,4,27,0.25,0.04,0.16999999999999998,0.21357142857142858,0.0,5.88235294117647,LOW
2010-07-12,17000.0,17000.0,17000.0,17000.0,17000.0,17000.0,17000.0,0.0,0.0,2010,12,7,0,28,0.25,0.1,0.19999999999999998,0.21000000000000002,19.999999999999996,5.88235294117647,LOW
2010-07-14,17000.0,17000.0,17000.0,17000.0,17000.0,17000.0,17000.0,0.0,0.0,2010,14,7,2,28,0.3,0.4,0.22857142857142856,0.20285714285714287,33.33333333333335,5.88235294117647,LOW
2010-07-15,17000.0,17000.0,17000.0,17000.0,17000.0,17000.0,17000.0,0.0,0.0,2010,15,7,3,28,0.4,0.2,0.2285714285714286,0.21357142857142858,-50.0,5.88235294117647,LOW
2010-07-16,17000.0,17000.0,17000.0,17000.0,17000.0,17000.0,17000.0,0.0,0.0,2010,16,7,4,28,0.2,0.1,0.2285714285714286,0.1992857142857143,24.999999999999993,5.88235294117647,LOW
2010-07-17,17000.0,17000.0,17000.0,17000.0,17000.0,17000.0,17000.0,0.0,0.0,2010,17,7,5,28,0.25,0.1,0.25,0.20285714285714287,-19.999999999999996,5.88235294117647,LOW
2010-07-19,17000.0,17000.0,17000.0,17000.0,17000.0,17000.0,17000.0,0.0,0.0,2010,19,7,0,29,0.2,0.25,0.2642857142857143,0.20642857142857143,49.999999999999986,5.88235294117647,LOW
2010-07-20,17000.0,17000.0,17000.0,17000.0,17000.0,17000.0,17000.0,0.0,0.0,2010,20,7,1,29,0.3,0.25,0.27142857142857146,0.22071428571428572,-66.66666666666666,5.88235294117647,LOW
2010-07-21,17000.0,17000.0,17000.0,17000.0,17000.0,17000.0,17000.0,0.0,0.0,2010,21,7,2,29,0.1,0.3,0.24999999999999997,0.22500000000000003,100.0,5.88235294117647,LOW
2010-07-22,17000.0,17000.0,17000.0,17000.0,17000.0,17000.0,17000.0,0.0,0.0,2010,22,7,3,29,0.2,0.4,0.23571428571428574,0.23214285714285715,49.999999999999986,5.88235294117647,LOW
2010-07-23,17000.0,17000.0,17000.0,17000.0,17000.0,17000.0,17000.0,0.0,0.0,2010,23,7,4,29,0.3,0.2,0.2214285714285714,0.22500000000000003,50.000000000000014,5.88235294117647,LOW
2010-07-24,17000.0,17000.0,17000.0,17000.0,17000.0,17000.0,17000.0,0.0,0.0,2010,24,7,5,29,0.45,0.25,0.2571428571428572,0.24285714285714285,-44.44444444444445,5.88235294117647,LOW
2010-07-26,17000.0,17000.0,17000.0,17000.0,17000.0,17000.0,17000.0,0.0,0.0,2010,26,7,0,30,0.25,0.2,0.2571428571428572,0.25357142857142856,100.0,5.88235294117647,LOW
2010-07-27,17000.0,17000.0,17000.0,17000.0,17000.0,17000.0,17000.0,0.0,0.0,2010,27,7,1,30,0.5,0.3,0.3,0.28214285714285714,19.999999999999996,5.88235294117647,LOW
2010-07-28,17000.0,17000.0,17000.0,17000.0,17000.0,17000.0,17000.0,0.0,0.0,2010,28,7,2,30,0.6,0.1,0.34285714285714286,0.3071428571428571,-16.666666666666664,5.88235294117647,LOW
2010-07-29,17000.0,17000.0,17000.0,17000.0,17000.0,17000.0,17000.0,0.0,0.0,2010,29,7,3,30,0.5,0.2,0.39999999999999997,0.325,19.999999999999996,5.88235294117647,LOW
2010-07-30,17000.0,17000.0,17000.0,17000.0,17000.0,17000.0,17000.0,0.0,0.0,2010,30,7,4,30,0.6,0.3,0.4571428571428572,0.3464285714285715,-24.999999999999993,5.88235294117647,LOW
2010-07-31,17000.0,17000.0,17000.0,17000.0,17000.0,17000.0,17000.0,0.0,0.0,2010,31,7,5,30,0.45,0.45,0.47857142857142854,0.35000000000000003,55.55555555555555,5.88235294117647,LOW
2010-08-02,17000.0,17000.0,17000.0,17000.0,17000.0,17000.0,17000.0,0.0,0.0,2010,2,8,0,31,0.7,0.25,0.5142857142857143,0.3857142857142857,-42.85714285714285,5.88235294117647,LOW
2010-08-03,17000.0,17000.0,17000.0,17000.0,17000.0,17000.0,17000.0,0.0,0.0,2010,3,8,1,31,0.4,0.5,0.5357142857142857,0.3964285714285714,24.999999999999993,5.88235294117647,LOW
2010-08-04,17000.0,17000.0,17000.0,17000.0,17000.0,17000.0,17000.0,0.0,0.0,2010,4,8,2,31,0.5,0.6,0.5357142857142857,0.4178571428571428,-19.999999999999996,5.88235294117647,LOW
2010-08-05,17000.0,17000.0,17000.0,17000.0,17000.0,17000.0,17000.0,0.0,0.0,2010,5,8,3,31,0.4,0.5,0.5071428571428571,0.42499999999999993,12.499999999999996,5.88235294117647,LOW
2010-08-06,17000.0,17000.0,17000.0,17000.0,17000.0,17000.0,17000.0,0.0,0.0,2010,6,8,4,31,0.45,0.6,0.5,0.45,-11.111111111111107,5.88235294117647,LOW
2010-08-07,17000.0,17000.0,17000.0,17000.0,17000.0,17000.0,17000.0,0.0,0.0,2010,7,8,5,31,0.4,0.45,0.4714285714285714,0.4642857142857143,0.0,5.88235294117647,LOW
2010-08-09,17000.0,17000.0,17000.0,17000.0,17000.0,17000.0,17000.0,0.0,0.0,2010,9,8,0,32,0.4,0.7,0.4642857142857143,0.4714285714285715,0.0,5.88235294117647,LOW
2010-08-10,17000.0,17000.0,17000.0,17000.0,17000.0,17000.0,17000.0,0.0,0.0,2010,10,8,1,32,0.4,0.4,0.42142857142857143,0.46785714285714286,0.0,5.88235294117647,LOW
2010-08-11,17000.0,17000.0,17000.0,17000.0,17000.0,17000.0,17000.0,0.0,0.0,2010,11,8,2,32,0.4,0.5,0.42142857142857143,0.4785714285714286,12.499999999999996,5.88235294117647,LOW
2010-08-12,17000.0,17000.0,17000.0,17000.0,17000.0,17000.0,17000.0,0.0,0.0,2010,12,8,3,32,0.45,0.4,0.4142857142857143,0.47500000000000003,-11.111111111111107,5.88235294117647,LOW
2010-08-13,17000.0,17000.0,17000.0,17000.0,17000.0,17000.0,17000.0,0.0,0.0,2010,13,8,4,32,0.4,0.45,0.41428571428571426,0.46071428571428574,0.0,5.88235294117647,LOW
2010-08-14,17000.0,17000.0,17000.0,17000.0,17000.0,17000.0,17000.0,0.0,0.0,2010,14,8,5,32,0.4,0.4,0.40714285714285714,0.4535714285714286,0.0,5.88235294117647,LOW
2010-08-16,17000.0,17000.0,17000.0,17000.0,17000.0,17000.0,17000.0,0.0,0.0,2010,16,8,0,33,0.4,0.4,0.4071428571428572,0.43928571428571433,-25.000000000000007,5.88235294117647,LOW
2010-08-17,17000.0,17000.0,17000.0,17000.0,17000.0,17000.0,17000.0,0.0,0.0,2010,17,8,1,33,0.3,0.4,0.39285714285714285,0.42857142857142855,-50.0,5.88235294117647,LOW
2010-08-18,17000.0,17000.0,17000.0,17000.0,17000.0,17000.0,17000.0,0.0,0.0,2010,18,8,2,33,0.15,0.4,0.35714285714285715,0.3892857142857143,100.0,5.88235294117647,LOW
2010-08-19,17000.0,17000.0,17000.0,17000.0,17000.0,17000.0,17000.0,0.0,0.0,2010,19,8,3,33,0.3,0.45,0.3428571428571429,0.3821428571428571,16.666666666666664,5.88235294117647,LOW
2010-08-20,17000.0,17000.0,17000.0,17000.0,17000.0,17000.0,17000.0,0.0,0.0,2010,20,8,4,33,0.35,0.4,0.32857142857142857,0.37142857142857144,14.285714285714299,5.88235294117647,LOW
2010-08-21,17000.0,17000.0,17000.0,17000.0,17000.0,17000.0,17000.0,0.0,0.0,2010,21,8,5,33,0.4,0.4,0.32857142857142857,0.3714285714285715,-37.50000000000001,5.88235294117647,LOW
2010-08-23,17000.0,17000.0,17000.0,17000.0,17000.0,17000.0,17000.0,0.0,0.0,2010,23,8,0,34,0.25,0.4,0.3071428571428572,0.35714285714285715,0.0,5.88235294117647,LOW
2010-08-25,17000.0,17000.0,17000.0,17000.0,17000.0,17000.0,17000.0,0.0,0.0,2010,25,8,2,34,0.25,0.3,0.2857142857142857,0.3464285714285714,19.999999999999996,5.88235294117647,LOW
2010-09-01,17000.0,17000.0,17000.0,17000.0,17000.0,17000.0,17000.0,0.0,0.0,2010,1,9,2,35,0.3,0.15,0.2857142857142857,0.3392857142857143,-33.33333333333333,5.88235294117647,LOW
2010-09-03,17000.0,17000.0,17000.0,17000.0,17000.0,17000.0,17000.0,0.0,0.0,2010,3,9,4,35,0.2,0.3,0.2928571428571428,0.32500000000000007,0.0,5.88235294117647,LOW
2010-09-04,17000.0,17000.0,17000.0,17000.0,17000.0,17000.0,17000.0,0.0,0.0,2010,4,9,5,35,0.2,0.35,0.2785714285714286,0.31071428571428567,-25.000000000000007,5.88235294117647,LOW
2010-09-06,17000.0,17000.0,17000.0,17000.0,17000.0,17000.0,17000.0,0.0,0.0,2010,6,9,0,36,0.15,0.4,0.25000000000000006,0.28928571428571426,33.33333333333335,5.88235294117647,LOW
2010-09-07,17000.0,17000.0,17000.0,17000.0,17000.0,17000.0,17000.0,0.0,0.0,2010,7,9,1,36,0.2,0.25,0.22142857142857145,0.27499999999999997,-50.0,5.88235294117647,LOW
2010-09-08,17000.0,17000.0,17000.0,17000.0,17000.0,17000.0,17000.0,0.0,0.0,2010,8,9,2,36,0.1,0.25,0.19999999999999998,0.25357142857142856,100.0,5.88235294117647,LOW
2010-09-09,17000.0,17000.0,17000.0,17000.0,17000.0,17000.0,17000.0,0.0,0.0,2010,9,9,3,36,0.2,0.3,0.19285714285714287,0.2392857142857143,-50.0,5.88235294117647,LOW
2010-09-27,17000.0,17000.0,17000.0,17000.0,17000.0,17000.0,17000.0,0.0,0.0,2010,27,9,0,39,0.1,0.2,0.16428571428571428,0.22500000000000003,199.99999999999997,5.88235294117647,LOW
2010-09-28,17000.0,17000.0,17000.0,17000.0,17000.0,17000.0,17000.0,0.0,0.0,2010,28,9,1,39,0.3,0.2,0.17857142857142858,0.2357142857142857,-16.666666666666664,5.88235294117647,LOW
2010-09-29,17000.0,17000.0,17000.0,17000.0,17000.0,17000.0,17000.0,0.0,0.0,2010,29,9,2,39,0.25,0.15,0.18571428571428572,0.23214285714285715,-19.999999999999996,5.88235294117647,LOW
2010-09-30,17000.0,17000.0,17000.0,17000.0,17000.0,17000.0,17000.0,0.0,0.0,2010,30,9,3,39,0.2,0.2,0.19285714285714284,0.22142857142857145,125.0,5.88235294117647,LOW
2010-10-01,17000.0,17000.0,17000.0,17000.0,17000.0,17000.0,17000.0,0.0,0.0,2010,1,10,4,39,0.45,0.1,0.2285714285714286,0.225,-33.333333333333336,5.88235294117647,LOW
2010-10-04,17000.0,17000.0,17000.0,17000.0,17000.0,17000.0,17000.0,0.0,0.0,2010,4,10,0,40,0.3,0.2,0.2571428571428571,0.2285714285714286,33.33333333333335,5.88235294117647,LOW
2010-10-05,17000.0,17000.0,17000.0,17000.0,17000.0,17000.0,17000.0,0.0,0.0,2010,5,10,1,40,0.4,0.1,0.2857142857142857,0.2392857142857143,49.999999999999986,5.88235294117647,LOW
2010-10-06,17000.0,17000.0,17000.0,17000.0,17000.0,17000.0,17000.0,0.0,0.0,2010,6,10,2,40,0.6,0.3,0.35714285714285715,0.26071428571428573,-16.666666666666664,5.88235294117647,LOW
2010-10-07,17000.0,17000.0,17000.0,17000.0,17000.0,17000.0,17000.0,0.0,0.0,2010,7,10,3,40,0.5,0.25,0.38571428571428573,0.28214285714285714,0.0,5.88235294117647,LOW
2010-10-08,17000.0,17000.0,17000.0,17000.0,17000.0,17000.0,17000.0,0.0,0.0,2010,8,10,4,40,0.5,0.2,0.42142857142857143,0.30357142857142855,-19.999999999999996,5.88235294117647,LOW
2010-10-09,17000.0,17000.0,17000.0,17000.0,17000.0,17000.0,17000.0,0.0,0.0,2010,9,10,5,40,0.4,0.45,0.45,0.32142857142857145,0.0,5.88235294117647,LOW
2010-10-11,17000.0,17000.0,17000.0,17000.0,17000.0,17000.0,17000.0,0.0,0.0,2010,11,10,0,41,0.4,0.3,0.4428571428571428,0.33571428571428574,49.999999999999986,5.88235294117647,LOW
2010-10-12,17000.0,17000.0,17000.0,17000.0,17000.0,17000.0,17000.0,0.0,0.0,2010,12,10,1,41,0.6,0.4,0.4857142857142857,0.3714285714285714,-33.33333333333333,5.88235294117647,LOW
2010-10-13,17000.0,17000.0,17000.0,17000.0,17000.0,17000.0,17000.0,0.0,0.0,2010,13,10,2,41,0.4,0.6,0.48571428571428577,0.38571428571428573,-12.50000000000001,5.88235294117647,LOW
2010-10-18,17000.0,17000.0,17000.0,17000.0,17000.0,17000.0,17000.0,0.0,0.0,2010,18,10,0,42,0.35,0.5,0.45,0.4035714285714285,14.285714285714299,5.88235294117647,LOW
2010-10-19,17000.0,17000.0,17000.0,17000.0,17000.0,17000.0,17000.0,0.0,0.0,2010,19,10,1,42,0.4,0.5,0.43571428571428567,0.4107142857142857,12.499999999999996,5.88235294117647,LOW
2010-10-20,17000.0,17000.0,17000.0,17000.0,17000.0,17000.0,17000.0,0.0,0.0,2010,20,10,2,42,0.45,0.4,0.42857142857142855,0.425,-11.111111111111107,5.88235294117647,LOW
2010-10-21,17000.0,17000.0,17000.0,17000.0,17000.0,17000.0,17000.0,0.0,0.0,2010,21,10,3,42,0.4,0.4,0.42857142857142855,0.4392857142857142,12.499999999999996,5.88235294117647,LOW
2010-10-22,17000.0,17000.0,17000.0,17000.0,17000.0,17000.0,17000.0,0.0,0.0,2010,22,10,4,42,0.45,0.6,0.43571428571428567,0.4392857142857142,-33.333333333333336,5.88235294117647,LOW
2010-10-23,17000.0,17000.0,17000.0,17000.0,17000.0,17000.0,17000.0,0.0,0.0,2010,23,10,5,42,0.3,0.4,0.39285714285714285,0.4392857142857142,33.33333333333335,5.88235294117647,LOW
2010-10-25,17000.0,17000.0,17000.0,17000.0,17000.0,17000.0,17000.0,0.0,0.0,2010,25,10,0,43,0.4,0.35,0.39285714285714285,0.43928571428571433,-25.000000000000007,5.88235294117647,LOW
2010-10-26,17000.0,17000.0,17000.0,17000.0,17000.0,17000.0,17000.0,0.0,0.0,2010,26,10,1,43,0.3,0.4,0.38571428571428573,0.4178571428571428,33.33333333333335,5.88235294117647,LOW
2010-11-01,17000.0,17000.0,17000.0,17000.0,17000.0,17000.0,17000.0,0.0,0.0,2010,1,11,0,44,0.4,0.45,0.3857142857142857,0.4107142857142857,-80.0,5.88235294117647,LOW
2010-11-02,17000.0,17000.0,17000.0,17000.0,17000.0,17000.0,17000.0,0.0,0.0,2010,2,11,1,44,0.08,0.4,0.33285714285714285,0.3807142857142857,0.0,5.88235294117647,LOW
2010-11-03,17000.0,17000.0,17000.0,17000.0,17000.0,17000.0,17000.0,0.0,0.0,2010,3,11,2,44,0.08,0.45,0.2871428571428571,0.35785714285714293,87.49999999999999,5.88235294117647,LOW
2010-11-04,17000.0,17000.0,17000.0,17000.0,17000.0,17000.0,17000.0,0.0,0.0,2010,4,11,3,44,0.15,0.3,0.24428571428571427,0.33999999999999997,-33.33333333333333,5.88235294117647,LOW
2010-11-16,17000.0,17000.0,17000.0,17000.0,17000.0,17000.0,17000.0,0.0,0.0,2010,16,11,1,46,0.1,0.4,0.21571428571428572,0.3042857142857143,-50.0,5.88235294117647,LOW
2010-11-17,17000.0,17000.0,17000.0,17000.0,17000.0,17000.0,17000.0,0.0,0.0,2010,17,11,2,46,0.05,0.3,0.16571428571428573,0.2792857142857143,300.00000000000006,5.88235294117647,LOW
2010-11-19,17000.0,17000.0,17000.0,17000.0,17000.0,17000.0,17000.0,0.0,0.0,2010,19,11,4,46,0.2,0.4,0.15142857142857144,0.26857142857142857,-75.00000000000001,5.88235294117647,LOW
2010-11-20,17000.0,17000.0,17000.0,17000.0,17000.0,17000.0,17000.0,0.0,0.0,2010,20,11,5,46,0.05,0.08,0.10142857142857144,0.24357142857142858,0.0,5.88235294117647,LOW
2010-11-22,17000.0,17000.0,17000.0,17000.0,17000.0,17000.0,17000.0,0.0,0.0,2010,22,11,0,47,0.05,0.08,0.09714285714285716,0.215,700.0,5.88235294117647,LOW
2010-11-23,17000.0,17000.0,17000.0,17000.0,17000.0,17000.0,17000.0,0.0,0.0,2010,23,11,1,47,0.4,0.15,0.14285714285714285,0.215,-75.00000000000001,5.88235294117647,LOW
2010-11-24,17000.0,17000.0,17000.0,17000.0,17000.0,17000.0,17000.0,0.0,0.0,2010,24,11,2,47,0.1,0.1,0.13571428571428573,0.18999999999999997,100.0,5.88235294117647,LOW
2010-11-25,17000.0,17000.0,17000.0,17000.0,17000.0,17000.0,17000.0,0.0,0.0,2010,25,11,3,47,0.2,0.05,0.15,0.18285714285714286,24.999999999999993,5.88235294117647,LOW
2010-11-29,17000.0,17000.0,17000.0,17000.0,17000.0,17000.0,17000.0,0.0,0.0,2010,29,11,0,48,0.25,0.2,0.17857142857142858,0.17214285714285715,-19.999999999999996,5.88235294117647,LOW
2010-11-30,17000.0,17000.0,17000.0,17000.0,17000.0,17000.0,17000.0,0.0,0.0,2010,30,11,1,48,0.2,0.05,0.17857142857142858,0.16500000000000004,-25.000000000000007,5.88235294117647,LOW
2010-12-01,17000.0,17000.0,17000.0,17000.0,17000.0,17000.0,17000.0,0.0,0.0,2010,1,12,2,48,0.15,0.05,0.19285714285714287,0.14714285714285716,33.33333333333335,5.88235294117647,LOW
2010-12-02,17000.0,17000.0,17000.0,17000.0,17000.0,17000.0,17000.0,0.0,0.0,2010,2,12,3,48,0.2,0.4,0.21428571428571427,0.15571428571428572,0.0,5.88235294117647,LOW
2010-12-03,17000.0,17000.0,17000.0,17000.0,17000.0,17000.0,17000.0,0.0,0.0,2010,3,12,4,48,0.2,0.1,0.18571428571428572,0.16428571428571428,0.0,5.88235294117647,LOW
2010-12-04,17000.0,17000.0,17000.0,17000.0,17000.0,17000.0,17000.0,0.0,0.0,2010,4,12,5,48,0.2,0.2,0.19999999999999998,0.16785714285714287,-25.000000000000007,5.88235294117647,LOW
2010-12-07,17000.0,17000.0,17000.0,17000.0,17000.0,17000.0,17000.0,0.0,0.0,2010,7,12,1,49,0.15,0.25,0.19285714285714287,0.17142857142857143,-33.33333333333333,5.88235294117647,LOW
2010-12-08,17000.0,17000.0,17000.0,17000.0,17000.0,17000.0,17000.0,0.0,0.0,2010,8,12,2,49,0.1,0.2,0.17142857142857143,0.17500000000000002,0.0,5.88235294117647,LOW
2010-12-09,17000.0,17000.0,17000.0,17000.0,17000.0,17000.0,17000.0,0.0,0.0,2010,9,12,3,49,0.1,0.15,0.15714285714285717,0.16785714285714287,0.0,5.88235294117647,LOW
2010-12-10,17000.0,17000.0,17000.0,17000.0,17000.0,17000.0,17000.0,0.0,0.0,2010,10,12,4,49,0.1,0.2,0.15,0.17142857142857146,-50.0,5.88235294117647,LOW
2010-12-11,17000.0,17000.0,17000.0,17000.0,17000.0,17000.0,17000.0,0.0,0.0,2010,11,12,5,49,0.05,0.2,0.1285714285714286,0.17142857142857143,0.0,5.88235294117647,MEDIUM
2010-12-13,17000.0,17000.0,17000.0,17000.0,17000.0,17000.0,17000.0,0.0,0.0,2010,13,12,0,50,0.05,0.2,0.10714285714285714,0.14642857142857144,0.0,5.88235294117647,MEDIUM
2010-12-14,17000.0,17000.0,17000.0,17000.0,17000.0,17000.0,17000.0,0.0,0.0,2010,14,12,1,50,0.05,0.15,0.08571428571428573,0.14285714285714285,300.00000000000006,5.88235294117647,MEDIUM
2010-12-16,17000.0,17000.0,17000.0,17000.0,17000.0,17000.0,17000.0,0.0,0.0,2010,16,12,3,50,0.2,0.1,0.09285714285714287,0.14285714285714285,0.0,5.88235294117647,MEDIUM
2010-12-18,17000.0,17000.0,17000.0,17000.0,17000.0,17000.0,17000.0,0.0,0.0,2010,18,12,5,50,0.2,0.1,0.10714285714285714,0.1392857142857143,-25.000000000000007,5.88235294117647,MEDIUM
2010-12-20,17000.0,17000.0,17000.0,17000.0,17000.0,17000.0,17000.0,0.0,0.0,2010,20,12,0,51,0.15,0.1,0.1142857142857143,0.13571428571428573,-66.66666666666666,6.25,MEDIUM
2010-12-21,16000.0,17000.0,17000.0,17000.0,16857.14285714286,16928.571428571428,16966.666666666668,377.96447300921363,267.26124191231827,2010,21,12,1,51,0.05,0.05,0.10714285714285714,0.1285714285714286,0.0,5.88235294117647,MEDIUM
2010-12-22,17000.0,17000.0,17000.0,17000.0,16857.14285714286,16928.571428571428,16966.666666666668,377.96447300921363,267.26124191231827,2010,22,12,2,51,0.05,0.05,0.10714285714285714,0.11785714285714285,-40.00000000000001,5.88235294117647,MEDIUM
2010-12-24,17000.0,17000.0,17000.0,17000.0,16857.14285714286,16928.571428571428,16966.666666666668,377.96447300921363,267.26124191231827,2010,24,12,4,51,0.03,0.05,0.1042857142857143,0.10571428571428572,0.0,6.25,MEDIUM
2010-12-27,16000.0,17000.0,17000.0,17000.0,16714.285714285714,16857.14285714286,16933.333333333332,487.9500364742581,363.1365196012045,2010,27,12,0,52,0.03,0.2,0.10142857142857142,0.09357142857142857,566.6666666666667,6.25,MEDIUM
2010-12-28,16000.0,17000.0,17000.0,17000.0,16571.428571428572,16785.714285714286,16900.0,534.5224838248433,425.81531362625526,2010,28,12,1,52,0.2,0.2,0.10142857142857144,0.09714285714285713,-80.0,6.25,LOW
2010-12-29,16000.0,17000.0,17000.0,17000.0,16428.571428571428,16714.285714285714,16866.666666666668,534.5224838248463,468.8072309384371,2010,29,12,2,52,0.04,0.15,0.07857142857142858,0.09285714285714286,25.000000000000007,5.88235294117647,LOW
2010-12-30,17000.0,16000.0,17000.0,17000.0,16428.571428571428,16714.285714285714,16866.666666666668,534.5224838248463,468.8072309384371,2010,30,12,3,52,0.05,0.05,0.0642857142857143,0.08928571428571429,-60.0,5.88235294117647,LOW
2011-01-06,17000.0,17000.0,17000.0,17000.0,16571.428571428572,16714.285714285714,16866.666666666668,534.5224838248433,468.8072309384371,2011,6,1,3,1,0.02,0.05,0.06,0.08357142857142856,0.0,5.88235294117647,LOW
2011-01-07,17000.0,17000.0,17000.0,17000.0,16571.428571428572,16714.285714285714,16866.666666666668,534.5224838248433,468.8072309384371,2011,7,1,4,1,0.02,0.03,0.055714285714285716,0.08142857142857143,150.0,5.88235294117647,LOW
2011-01-08,17000.0,16000.0,17000.0,17000.0,16571.428571428572,16714.285714285714,16866.666666666668,534.5224838248433,468.8072309384371,2011,8,1,5,1,0.05,0.03,0.058571428571428566,0.08142857142857143,500.0,5.88235294117647,LOW
2011-01-10,17000.0,16000.0,17000.0,17000.0,16714.285714285714,16714.285714285714,16866.666666666668,487.9500364742581,468.8072309384371,2011,10,1,0,2,0.3,0.2,0.09714285714285713,0.0992857142857143,-93.33333333333333,5.88235294117647,LOW
2011-01-11,17000.0,16000.0,17000.0,17000.0,16857.14285714286,16714.285714285714,16866.666666666668,377.96447300921284,468.8072309384371,2011,11,1,1,2,0.02,0.04,0.07142857142857142,0.08642857142857142,-50.0,5.88235294117647,LOW
2011-01-12,17000.0,17000.0,17000.0,17000.0,17000.0,16714.285714285714,16866.666666666668,0.0,468.8072309384371,2011,12,1,2,2,0.01,0.05,0.06714285714285714,0.07285714285714284,400.0,5.88235294117647,LOW
2011-01-13,17000.0,17000.0,16000.0,17000.0,17000.0,16714.285714285714,16866.666666666668,0.0,468.8072309384371,2011,13,1,3,2,0.05,0.02,0.06714285714285714,0.06571428571428571,-60.0,5.88235294117647,LOW
2011-01-15,17000.0,17000.0,17000.0,17000.0,17000.0,16785.714285714286,16866.666666666668,0.0,425.8153136262552,2011,15,1,5,2,0.02,0.02,0.06714285714285714,0.06357142857142857,-50.0,5.88235294117647,LOW
2011-01-17,17000.0,17000.0,17000.0,17000.0,17000.0,16785.714285714286,16866.666666666668,0.0,425.8153136262552,2011,17,1,0,3,0.01,0.05,0.06571428571428571,0.060714285714285714,300.0,5.88235294117647,LOW
2011-01-18,17000.0,17000.0,16000.0,17000.0,17000.0,16785.714285714286,16866.666666666668,0.0,425.8153136262552,2011,18,1,1,3,0.04,0.3,0.0642857142857143,0.06142857142857143,-75.0,5.88235294117647,LOW
2011-01-19,17000.0,17000.0,16000.0,17000.0,17000.0,16857.14285714286,16866.666666666668,0.0,363.1365196012045,2011,19,1,2,3,0.01,0.02,0.022857142857142857,0.060000000000000005,100.0,5.88235294117647,LOW
2011-01-20,17000.0,17000.0,16000.0,17000.0,17000.0,16928.571428571428,16866.666666666668,0.0,267.2612419123182,2011,20,1,3,3,0.02,0.01,0.022857142857142857,0.047142857142857146,0.0,5.88235294117647,LOW
2011-01-21,17000.0,17000.0,17000.0,17000.0,17000.0,17000.0,16866.666666666668,0.0,0.0,2011,21,1,4,3,0.02,0.05,0.02428571428571429,0.04571428571428571,0.0,5.88235294117647,LOW
2011-01-22,17000.0,17000.0,17000.0,17000.0,17000.0,17000.0,16866.666666666668,0.0,0.0,2011,22,1,5,3,0.02,0.02,0.02,0.04357142857142857,-50.0,5.88235294117647,LOW
2011-01-24,17000.0,17000.0,17000.0,17000.0,17000.0,17000.0,16866.666666666668,0.0,0.0,2011,24,1,0,4,0.01,0.01,0.018571428571428572,0.04285714285714286,100.0,5.88235294117647,LOW
2011-01-27,17000.0,17000.0,17000.0,17000.0,17000.0,17000.0,16866.666666666668,0.0,0.0,2011,27,1,3,4,0.02,0.04,0.02,0.04285714285714286,-50.0,5.88235294117647,LOW
2011-01-29,17000.0,17000.0,17000.0,17000.0,17000.0,17000.0,16866.666666666668,0.0,0.0,2011,29,1,5,4,0.01,0.01,0.015714285714285712,0.039999999999999994,900.0,5.88235294117647,LOW
2011-01-31,17000.0,17000.0,17000.0,17000.0,17000.0,17000.0,16866.666666666668,0.0,0.0,2011,31,1,0,5,0.1,0.02,0.028571428571428574,0.025714285714285714,-80.0,5.88235294117647,LOW
2011-02-01,17000.0,17000.0,17000.0,17000.0,17000.0,17000.0,16866.666666666668,0.0,0.0,2011,1,2,1,5,0.02,0.02,0.028571428571428574,0.025714285714285714,49.999999999999986,5.88235294117647,LOW
2011-02-02,17000.0,17000.0,17000.0,17000.0,17000.0,17000.0,16866.666666666668,0.0,0.0,2011,2,2,2,5,0.03,0.02,0.03,0.02714285714285714,66.66666666666669,5.88235294117647,LOW
2011-02-03,17000.0,17000.0,17000.0,17000.0,17000.0,17000.0,16866.666666666668,0.0,0.0,2011,3,2,3,5,0.05,0.01,0.03428571428571429,0.027142857142857142,0.0,5.88235294117647,LOW
2011-02-04,17000.0,17000.0,17000.0,17000.0,17000.0,17000.0,16866.666666666668,0.0,0.0,2011,4,2,4,5,0.05,0.02,0.04,0.029285714285714286,-60.0,5.88235294117647,LOW
2011-02-05,17000.0,17000.0,17000.0,16000.0,17000.0,17000.0,16866.666666666668,0.0,0.0,2011,5,2,5,5,0.02,0.01,0.039999999999999994,0.030000000000000002,150.0,5.88235294117647,LOW
2011-02-07,17000.0,17000.0,17000.0,17000.0,17000.0,17000.0,16900.0,0.0,0.0,2011,7,2,0,6,0.05,0.1,0.04571428571428572,0.030714285714285715,0.0,5.88235294117647,LOW
2011-02-09,17000.0,17000.0,17000.0,17000.0,17000.0,17000.0,16900.0,0.0,0.0,2011,9,2,2,6,0.05,0.02,0.038571428571428576,0.03357142857142857,-60.0,5.88235294117647,LOW
2011-02-10,17000.0,17000.0,17000.0,16000.0,17000.0,17000.0,16900.0,0.0,0.0,2011,10,2,3,6,0.02,0.03,0.038571428571428576,0.03357142857142857,49.999999999999986,5.88235294117647,LOW
2011-02-11,17000.0,17000.0,17000.0,16000.0,17000.0,17000.0,16933.333333333332,0.0,0.0,2011,11,2,4,6,0.03,0.05,0.038571428571428576,0.03428571428571429,-33.33333333333333,5.88235294117647,LOW
2011-02-12,17000.0,17000.0,17000.0,16000.0,17000.0,17000.0,16966.666666666668,0.0,0.0,2011,12,2,5,6,0.02,0.05,0.03428571428571429,0.03428571428571429,49.999999999999986,5.88235294117647,LOW
2011-02-14,17000.0,17000.0,17000.0,17000.0,17000.0,17000.0,17000.0,0.0,0.0,2011,14,2,0,7,0.03,0.02,0.03142857142857143,0.03571428571428571,66.66666666666669,5.88235294117647,LOW
2011-02-15,17000.0,17000.0,17000.0,17000.0,17000.0,17000.0,17000.0,0.0,0.0,2011,15,2,1,7,0.05,0.05,0.03571428571428571,0.03785714285714286,0.0,5.88235294117647,LOW
2011-02-17,17000.0,17000.0,17000.0,17000.0,17000.0,17000.0,17000.0,0.0,0.0,2011,17,2,3,7,0.05,0.05,0.03571428571428571,0.04071428571428572,-60.0,5.88235294117647,LOW
2011-02-18,17000.0,17000.0,17000.0,17000.0,17000.0,17000.0,17000.0,0.0,0.0,2011,18,2,4,7,0.02,0.02,0.03142857142857143,0.035,150.0,5.88235294117647,LOW
2011-02-19,17000.0,17000.0,17000.0,17000.0,17000.0,17000.0,17000.0,0.0,0.0,2011,19,2,5,7,0.05,0.03,0.03571428571428571,0.037142857142857144,-60.0,5.88235294117647,LOW
2011-02-21,17000.0,17000.0,17000.0,17000.0,17000.0,17000.0,17000.0,0.0,0.0,2011,21,2,0,8,0.02,0.02,0.03428571428571429,0.03642857142857143,0.0,5.88235294117647,LOW
2011-02-22,17000.0,17000.0,17000.0,17000.0,17000.0,17000.0,17000.0,0.0,0.0,2011,22,2,1,8,0.02,0.03,0.03428571428571429,0.03428571428571429,49.999999999999986,5.88235294117647,LOW
2011-02-23,17000.0,17000.0,17000.0,17000.0,17000.0,17000.0,17000.0,0.0,0.0,2011,23,2,2,8,0.03,0.05,0.03428571428571429,0.032857142857142856,100.0,5.88235294117647,LOW
2011-02-24,17000.0,17000.0,17000.0,17000.0,17000.0,17000.0,17000.0,0.0,0.0,2011,24,2,3,8,0.06,0.05,0.03571428571428571,0.03571428571428571,66.66666666666669,5.88235294117647,LOW
2011-02-25,17000.0,17000.0,17000.0,17000.0,17000.0,17000.0,17000.0,0.0,0.0,2011,25,2,4,8,0.1,0.02,0.042857142857142864,0.03928571428571429,-50.0,5.88235294117647,LOW
2011-02-26,17000.0,17000.0,17000.0,17000.0,17000.0,17000.0,17000.0,0.0,0.0,2011,26,2,5,8,0.05,0.05,0.047142857142857146,0.03928571428571428,-40.00000000000001,5.88235294117647,LOW
2011-03-01,17000.0,17000.0,17000.0,17000.0,17000.0,17000.0,17000.0,0.0,0.0,2011,1,3,1,9,0.03,0.02,0.04428571428571428,0.04,66.66666666666669,5.88235294117647,LOW
2011-03-03,17000.0,17000.0,17000.0,17000.0,17000.0,17000.0,17000.0,0.0,0.0,2011,3,3,3,9,0.05,0.02,0.048571428571428564,0.04142857142857143,-60.0,5.88235294117647,LOW
2011-03-04,17000.0,17000.0,17000.0,17000.0,17000.0,17000.0,17000.0,0.0,0.0,2011,4,3,4,9,0.02,0.03,0.04857142857142858,0.04142857142857143,400.0,5.88235294117647,LOW
2011-03-07,17000.0,17000.0,17000.0,17000.0,17000.0,17000.0,17000.0,0.0,0.0,2011,7,3,0,10,0.1,0.06,0.05857142857142857,0.04642857142857143,-50.0,5.88235294117647,LOW
2011-03-08,17000.0,17000.0,17000.0,17000.0,17000.0,17000.0,17000.0,0.0,0.0,2011,8,3,1,10,0.05,0.1,0.05714285714285715,0.04642857142857144,100.0,5.88235294117647,LOW
2011-03-09,17000.0,17000.0,17000.0,17000.0,17000.0,17000.0,17000.0,0.0,0.0,2011,9,3,2,10,0.1,0.05,0.05714285714285715,0.05,-40.00000000000001,5.88235294117647,LOW
2011-03-10,17000.0,17000.0,17000.0,17000.0,17000.0,17000.0,17000.0,0.0,0.0,2011,10,3,3,10,0.06,0.03,0.05857142857142857,0.05285714285714286,-16.66666666666666,5.88235294117647,LOW
2011-03-11,17000.0,17000.0,17000.0,17000.0,17000.0,17000.0,17000.0,0.0,0.0,2011,11,3,4,10,0.05,0.05,0.06142857142857144,0.05285714285714286,0.0,5.88235294117647,LOW
2011-03-12,17000.0,17000.0,17000.0,17000.0,17000.0,17000.0,17000.0,0.0,0.0,2011,12,3,5,10,0.05,0.02,0.06142857142857143,0.055,-60.0,5.88235294117647,LOW
2011-03-14,17000.0,17000.0,17000.0,17000.0,17000.0,17000.0,17000.0,0.0,0.0,2011,14,3,0,11,0.02,0.1,0.06142857142857144,0.055,49.999999999999986,5.88235294117647,LOW
2011-03-15,17000.0,17000.0,17000.0,17000.0,17000.0,17000.0,17000.0,0.0,0.0,2011,15,3,1,11,0.03,0.05,0.05142857142857143,0.055,66.66666666666669,5.88235294117647,LOW
2011-03-16,17000.0,17000.0,17000.0,17000.0,17000.0,17000.0,17000.0,0.0,0.0,2011,16,3,2,11,0.05,0.1,0.05142857142857143,0.05428571428571429,-40.00000000000001,5.88235294117647,LOW
2011-03-17,17000.0,17000.0,17000.0,17000.0,17000.0,17000.0,17000.0,0.0,0.0,2011,17,3,3,11,0.03,0.06,0.04142857142857143,0.04928571428571428,33.33333333333334,5.88235294117647,LOW
2011-03-18,17000.0,17000.0,17000.0,17000.0,17000.0,17000.0,17000.0,0.0,0.0,2011,18,3,4,11,0.04,0.05,0.038571428571428576,0.04857142857142858,4900.0,5.88235294117647,LOW
2011-03-22,17000.0,17000.0,17000.0,17000.0,17000.0,17000.0,17000.0,0.0,0.0,2011,22,3,1,12,2.0,0.05,0.31714285714285717,0.18928571428571428,-85.0,5.88235294117647,LOW
2011-03-23,17000.0,17000.0,17000.0,17000.0,17000.0,17000.0,17000.0,0.0,0.0,2011,23,3,2,12,0.3,0.02,0.35285714285714287,0.20714285714285713,-93.33333333333333,5.88235294117647,LOW
2011-03-25,17000.0,17000.0,17000.0,17000.0,17000.0,17000.0,17000.0,0.0,0.0,2011,25,3,4,12,0.02,0.03,0.35285714285714287,0.20714285714285713,150.0,5.88235294117647,LOW
2011-03-26,17000.0,17000.0,17000.0,17000.0,17000.0,17000.0,17000.0,0.0,0.0,2011,26,3,5,12,0.05,0.05,0.35571428571428576,0.20357142857142857,-60.0,5.88235294117647,LOW
2011-03-30,17000.0,17000.0,17000.0,17000.0,17000.0,17000.0,17000.0,0.0,0.0,2011,30,3,2,13,0.02,0.03,0.3514285714285715,0.20142857142857143,0.0,5.88235294117647,LOW
2011-03-31,17000.0,17000.0,17000.0,17000.0,17000.0,17000.0,17000.0,0.0,0.0,2011,31,3,3,13,0.02,0.04,0.35000000000000003,0.19571428571428573,0.0,5.88235294117647,LOW
2011-04-02,17000.0,17000.0,17000.0,17000.0,17000.0,17000.0,17000.0,0.0,0.0,2011,2,4,5,13,0.02,2.0,0.34714285714285714,0.19285714285714287,0.0,5.88235294117647,LOW
2011-04-04,17000.0,17000.0,17000.0,17000.0,17000.0,17000.0,17000.0,0.0,0.0,2011,4,4,0,14,0.02,0.3,0.06428571428571432,0.1907142857142857,150.0,5.88235294117647,LOW
2011-04-05,17000.0,17000.0,17000.0,17000.0,17000.0,17000.0,17000.0,0.0,0.0,2011,5,4,1,14,0.05,0.02,0.028571428571428605,0.1907142857142857,100.0,5.88235294117647,LOW
2011-04-07,17000.0,17000.0,17000.0,17000.0,17000.0,17000.0,17000.0,0.0,0.0,2011,7,4,3,14,0.1,0.05,0.040000000000000036,0.19642857142857142,-50.0,5.88235294117647,LOW
2011-04-08,17000.0,17000.0,17000.0,17000.0,17000.0,17000.0,17000.0,0.0,0.0,2011,8,4,4,14,0.05,0.02,0.040000000000000036,0.19785714285714281,-60.0,5.88235294117647,LOW
2011-04-09,17000.0,17000.0,17000.0,17000.0,17000.0,17000.0,17000.0,0.0,0.0,2011,9,4,5,14,0.02,0.02,0.04000000000000003,0.1957142857142857,150.0,5.88235294117647,LOW
2011-04-11,17000.0,17000.0,17000.0,17000.0,17000.0,17000.0,17000.0,0.0,0.0,2011,11,4,0,15,0.05,0.02,0.044285714285714324,0.19714285714285715,500.0,5.88235294117647,LOW
2011-04-13,17000.0,17000.0,17000.0,17000.0,17000.0,17000.0,17000.0,0.0,0.0,2011,13,4,2,15,0.3,0.02,0.08428571428571432,0.21571428571428572,-93.33333333333333,5.88235294117647,LOW
2011-04-14,17000.0,17000.0,17000.0,17000.0,17000.0,17000.0,17000.0,0.0,0.0,2011,14,4,3,15,0.02,0.05,0.08428571428571431,0.07428571428571429,0.0,5.88235294117647,LOW
2011-04-15,17000.0,17000.0,17000.0,17000.0,17000.0,17000.0,17000.0,0.0,0.0,2011,15,4,4,15,0.02,0.1,0.08000000000000004,0.054285714285714284,49.999999999999986,5.88235294117647,LOW
2011-04-18,17000.0,17000.0,17000.0,17000.0,17000.0,17000.0,17000.0,0.0,0.0,2011,18,4,0,16,0.03,0.05,0.07000000000000003,0.055,-33.33333333333333,5.88235294117647,LOW
2011-04-20,17000.0,17000.0,17000.0,17000.0,17000.0,17000.0,17000.0,0.0,0.0,2011,20,4,2,16,0.02,0.02,0.06571428571428575,0.05285714285714286,0.0,5.88235294117647,LOW
2011-04-25,17000.0,17000.0,17000.0,17000.0,17000.0,17000.0,17000.0,0.0,0.0,2011,25,4,0,17,0.02,0.05,0.06571428571428575,0.05285714285714286,0.0,5.88235294117647,LOW
2011-04-26,17000.0,17000.0,17000.0,17000.0,17000.0,17000.0,17000.0,0.0,0.0,2011,26,4,1,17,0.02,0.3,0.06142857142857146,0.05285714285714286,49.999999999999986,5.88235294117647,LOW
2011-04-27,17000.0,17000.0,17000.0,17000.0,17000.0,17000.0,17000.0,0.0,0.0,2011,27,4,2,17,0.03,0.02,0.02285714285714289,0.05357142857142857,-33.33333333333333,5.88235294117647,LOW
2011-04-28,17000.0,17000.0,17000.0,17000.0,17000.0,17000.0,17000.0,0.0,0.0,2011,28,4,3,17,0.02,0.02,0.02285714285714289,0.05357142857142858,900.0,5.88235294117647,LOW
2011-04-29,17000.0,17000.0,17000.0,17000.0,17000.0,17000.0,17000.0,0.0,0.0,2011,29,4,4,17,0.2,0.03,0.0485714285714286,0.0642857142857143,-85.0,5.88235294117647,LOW
2011-05-02,17000.0,17000.0,17000.0,17000.0,17000.0,17000.0,17000.0,0.0,0.0,2011,2,5,0,18,0.03,0.02,0.048571428571428606,0.05928571428571429,66.66666666666669,5.88235294117647,MEDIUM
2011-05-03,17000.0,17000.0,17000.0,17000.0,17000.0,17000.0,17000.0,0.0,0.0,2011,3,5,1,18,0.05,0.02,0.05285714285714289,0.05928571428571428,-60.0,5.88235294117647,MEDIUM
2011-05-04,17000.0,17000.0,17000.0,17000.0,17000.0,17000.0,17000.0,0.0,0.0,2011,4,5,2,18,0.02,0.02,0.05285714285714289,0.05928571428571428,49.999999999999986,5.88235294117647,MEDIUM
2011-05-05,17000.0,17000.0,17000.0,17000.0,17000.0,17000.0,17000.0,0.0,0.0,2011,5,5,3,18,0.03,0.03,0.05428571428571432,0.057857142857142864,-33.33333333333333,5.88235294117647,MEDIUM
2011-05-06,17000.0,17000.0,17000.0,17000.0,17000.0,17000.0,17000.0,0.0,0.0,2011,6,5,4,18,0.02,0.02,0.05285714285714289,0.03785714285714286,100.0,5.88235294117647,MEDIUM
2011-05-07,17000.0,17000.0,17000.0,17000.0,17000.0,17000.0,17000.0,0.0,0.0,2011,7,5,5,18,0.04,0.2,0.05571428571428575,0.03928571428571429,-75.0,6.25,LOW
2011-05-09,16000.0,17000.0,17000.0,17000.0,16857.14285714286,16928.571428571428,16966.666666666668,377.9644730092144,267.2612419123182,2011,9,5,0,19,0.01,0.03,0.028571428571428605,0.03857142857142857,100.0,5.88235294117647,LOW
2011-05-10,17000.0,17000.0,17000.0,17000.0,16857.14285714286,16928.571428571428,16966.666666666668,377.9644730092144,267.2612419123182,2011,10,5,1,19,0.02,0.05,0.027142857142857173,0.03785714285714286,0.0,5.88235294117647,LOW
2011-05-11,17000.0,17000.0,17000.0,17000.0,16857.14285714286,16928.571428571428,16966.666666666668,377.9644730092144,267.2612419123182,2011,11,5,2,19,0.02,0.02,0.02285714285714289,0.03785714285714286,199.99999999999994,5.88235294117647,LOW
2011-05-13,17000.0,17000.0,17000.0,17000.0,16857.14285714286,16928.571428571428,16966.666666666668,377.9644730092144,267.2612419123182,2011,13,5,4,19,0.06,0.03,0.028571428571428605,0.04071428571428572,-16.66666666666666,5.88235294117647,LOW
2011-05-14,17000.0,17000.0,17000.0,17000.0,16857.14285714286,16928.571428571428,16966.666666666668,377.9644730092144,267.2612419123182,2011,14,5,5,19,0.05,0.02,0.03142857142857146,0.04285714285714286,-60.0,5.88235294117647,LOW
2011-05-16,17000.0,17000.0,17000.0,17000.0,16857.14285714286,16928.571428571428,16966.666666666668,377.9644730092144,267.2612419123182,2011,16,5,0,20,0.02,0.04,0.03142857142857146,0.04214285714285714,0.0,5.88235294117647,LOW
2011-05-19,17000.0,16000.0,17000.0,17000.0,16857.14285714286,16928.571428571428,16966.666666666668,377.9644730092144,267.2612419123182,2011,19,5,3,20,0.02,0.01,0.028571428571428605,0.04214285714285714,0.0,5.88235294117647,LOW
2011-05-21,17000.0,17000.0,17000.0,17000.0,17000.0,16928.571428571428,16966.666666666668,0.0,267.2612419123182,2011,21,5,5,20,0.02,0.02,0.03000000000000003,0.029285714285714286,0.0,5.88235294117647,LOW
2011-05-24,17000.0,17000.0,17000.0,17000.0,17000.0,16928.571428571428,16966.666666666668,0.0,267.2612419123182,2011,24,5,1,21,0.02,0.02,0.030000000000000034,0.02857142857142857,150.0,5.88235294117647,LOW
2011-05-25,17000.0,17000.0,17000.0,17000.0,17000.0,16928.571428571428,16966.666666666668,0.0,267.2612419123182,2011,25,5,2,21,0.05,0.06,0.03428571428571432,0.028571428571428574,-60.0,5.88235294117647,LOW
2011-05-26,17000.0,17000.0,17000.0,17000.0,17000.0,16928.571428571428,16966.666666666668,0.0,267.2612419123182,2011,26,5,3,21,0.02,0.05,0.028571428571428602,0.028571428571428574,0.0,5.88235294117647,LOW
2011-05-27,17000.0,17000.0,17000.0,17000.0,17000.0,16928.571428571428,16966.666666666668,0.0,267.2612419123182,2011,27,5,4,21,0.02,0.02,0.02428571428571432,0.027857142857142858,150.0,5.88235294117647,LOW
2011-05-30,17000.0,17000.0,17000.0,17000.0,17000.0,16928.571428571428,16966.666666666668,0.0,267.2612419123182,2011,30,5,0,22,0.05,0.02,0.028571428571428605,0.03,-80.0,5.88235294117647,LOW
2011-05-31,17000.0,17000.0,16000.0,17000.0,17000.0,16928.571428571428,16966.666666666668,0.0,267.2612419123182,2011,31,5,1,22,0.01,0.02,0.027142857142857173,0.027857142857142858,100.0,5.88235294117647,LOW
2011-06-01,17000.0,17000.0,17000.0,17000.0,17000.0,17000.0,16966.666666666668,0.0,0.0,2011,1,6,2,22,0.02,0.02,0.027142857142857173,0.028571428571428574,900.0,5.88235294117647,LOW
2011-06-03,17000.0,17000.0,17000.0,17000.0,17000.0,17000.0,16966.666666666668,0.0,0.0,2011,3,6,4,22,0.2,0.05,0.05285714285714289,0.041428571428571426,-95.0,5.88235294117647,LOW
2011-06-04,17000.0,17000.0,17000.0,17000.0,17000.0,17000.0,16966.666666666668,0.0,0.0,2011,4,6,5,22,0.01,0.02,0.047142857142857174,0.04071428571428571,100.0,5.88235294117647,LOW
2011-06-06,17000.0,17000.0,17000.0,17000.0,17000.0,17000.0,16966.666666666668,0.0,0.0,2011,6,6,0,23,0.02,0.02,0.04714285714285717,0.03785714285714286,49.999999999999986,5.88235294117647,LOW
2011-06-07,17000.0,17000.0,17000.0,17000.0,17000.0,17000.0,16966.666666666668,0.0,0.0,2011,7,6,1,23,0.03,0.05,0.048571428571428606,0.03642857142857143,-33.33333333333333,5.88235294117647,LOW
2011-06-08,17000.0,17000.0,17000.0,17000.0,17000.0,17000.0,16966.666666666668,0.0,0.0,2011,8,6,2,23,0.02,0.01,0.04428571428571432,0.03642857142857143,0.0,5.88235294117647,LOW
2011-06-10,17000.0,17000.0,17000.0,17000.0,17000.0,17000.0,16966.666666666668,0.0,0.0,2011,10,6,4,23,0.02,0.02,0.04571428571428575,0.03642857142857143,-50.0,5.88235294117647,LOW
2011-06-14,17000.0,17000.0,17000.0,17000.0,17000.0,17000.0,16966.666666666668,0.0,0.0,2011,14,6,1,24,0.01,0.2,0.04428571428571432,0.03571428571428571,100.0,5.88235294117647,LOW
2011-06-15,17000.0,17000.0,17000.0,17000.0,17000.0,17000.0,16966.666666666668,0.0,0.0,2011,15,6,2,24,0.02,0.01,0.018571428571428603,0.03571428571428571,0.0,5.88235294117647,LOW
2011-06-18,17000.0,17000.0,17000.0,17000.0,17000.0,17000.0,16966.666666666668,0.0,0.0,2011,18,6,5,24,0.02,0.02,0.020000000000000035,0.03357142857142857,-50.0,5.88235294117647,LOW
2011-06-20,17000.0,17000.0,17000.0,17000.0,17000.0,17000.0,16966.666666666668,0.0,0.0,2011,20,6,0,25,0.01,0.03,0.018571428571428603,0.032857142857142856,100.0,5.88235294117647,LOW
2011-06-21,17000.0,17000.0,17000.0,17000.0,17000.0,17000.0,16966.666666666668,0.0,0.0,2011,21,6,1,25,0.02,0.02,0.017142857142857175,0.032857142857142856,150.0,5.88235294117647,LOW
2011-06-23,17000.0,17000.0,17000.0,17000.0,17000.0,17000.0,16966.666666666668,0.0,0.0,2011,23,6,3,25,0.05,0.02,0.02142857142857146,0.032857142857142856,300.00000000000006,5.88235294117647,LOW
2011-06-25,17000.0,17000.0,17000.0,17000.0,17000.0,17000.0,16966.666666666668,0.0,0.0,2011,25,6,5,25,0.2,0.01,0.047142857142857174,0.04642857142857143,-90.0,5.88235294117647,LOW
2011-06-27,17000.0,17000.0,17000.0,17000.0,17000.0,17000.0,16966.666666666668,0.0,0.0,2011,27,6,0,26,0.02,0.02,0.048571428571428606,0.04642857142857143,0.0,5.88235294117647,LOW
2011-07-01,17000.0,17000.0,17000.0,16000.0,17000.0,17000.0,16966.666666666668,0.0,0.0,2011,1,7,4,26,0.02,0.02,0.0485714285714286,0.03357142857142857,0.0,5.88235294117647,LOW
2011-07-04,17000.0,17000.0,17000.0,17000.0,17000.0,17000.0,17000.0,0.0,0.0,2011,4,7,0,27,0.02,0.01,0.048571428571428606,0.03428571428571429,-50.0,5.88235294117647,LOW
2011-07-06,17000.0,17000.0,17000.0,17000.0,17000.0,17000.0,17000.0,0.0,0.0,2011,6,7,2,27,0.01,0.02,0.048571428571428606,0.03357142857142857,100.0,5.88235294117647,LOW
2011-07-09,17000.0,17000.0,17000.0,17000.0,17000.0,17000.0,17000.0,0.0,0.0,2011,9,7,5,27,0.02,0.05,0.048571428571428606,0.03285714285714286,0.0,5.88235294117647,LOW
2011-07-11,17000.0,17000.0,17000.0,17000.0,17000.0,17000.0,17000.0,0.0,0.0,2011,11,7,0,28,0.02,0.2,0.04428571428571432,0.032857142857142856,-50.0,5.88235294117647,LOW
2011-07-12,17000.0,17000.0,17000.0,17000.0,17000.0,17000.0,17000.0,0.0,0.0,2011,12,7,1,28,0.01,0.02,0.017142857142857175,0.03214285714285715,400.0,5.88235294117647,LOW
2011-07-16,17000.0,17000.0,17000.0,17000.0,17000.0,17000.0,17000.0,0.0,0.0,2011,16,7,5,28,0.05,0.02,0.02142857142857146,0.034999999999999996,-80.0,5.88235294117647,LOW
2011-07-20,17000.0,17000.0,17000.0,17000.0,17000.0,17000.0,17000.0,0.0,0.0,2011,20,7,2,29,0.01,0.02,0.020000000000000035,0.03428571428571429,400.0,5.88235294117647,LOW
2011-07-21,17000.0,17000.0,17000.0,17000.0,17000.0,17000.0,17000.0,0.0,0.0,2011,21,7,3,29,0.05,0.01,0.02428571428571432,0.03642857142857143,-40.00000000000001,5.88235294117647,LOW
2011-07-22,17000.0,17000.0,17000.0,17000.0,17000.0,17000.0,17000.0,0.0,0.0,2011,22,7,4,29,0.03,0.02,0.027142857142857173,0.03785714285714286,-66.66666666666666,5.88235294117647,LOW
2011-07-23,17000.0,17000.0,17000.0,17000.0,17000.0,17000.0,17000.0,0.0,0.0,2011,23,7,5,29,0.01,0.02,0.02571428571428575,0.037142857142857144,0.0,5.88235294117647,LOW
2011-07-25,17000.0,17000.0,17000.0,17000.0,17000.0,17000.0,17000.0,0.0,0.0,2011,25,7,0,30,0.01,0.01,0.024285714285714317,0.03428571428571429,0.0,5.88235294117647,LOW
2011-07-26,17000.0,17000.0,17000.0,17000.0,17000.0,17000.0,17000.0,0.0,0.0,2011,26,7,1,30,0.01,0.05,0.02428571428571432,0.020714285714285716,100.0,5.88235294117647,LOW
2011-07-27,17000.0,17000.0,17000.0,17000.0,17000.0,17000.0,17000.0,0.0,0.0,2011,27,7,2,30,0.02,0.01,0.020000000000000035,0.020714285714285713,-50.0,5.88235294117647,LOW
2011-07-30,17000.0,17000.0,17000.0,17000.0,17000.0,17000.0,17000.0,0.0,0.0,2011,30,7,5,30,0.01,0.05,0.020000000000000035,0.02,100.0,5.88235294117647,LOW
2011-08-01,17000.0,17000.0,17000.0,17000.0,17000.0,17000.0,17000.0,0.0,0.0,2011,1,8,0,31,0.02,0.03,0.015714285714285747,0.02,0.0,5.88235294117647,LOW
2011-08-02,17000.0,17000.0,17000.0,17000.0,17000.0,17000.0,17000.0,0.0,0.0,2011,2,8,1,31,0.02,0.01,0.014285714285714318,0.020714285714285713,-50.0,5.88235294117647,LOW
2011-08-04,17000.0,17000.0,17000.0,17000.0,17000.0,17000.0,17000.0,0.0,0.0,2011,4,8,3,31,0.01,0.01,0.014285714285714318,0.019999999999999997,100.0,5.88235294117647,LOW
2011-08-06,17000.0,17000.0,17000.0,17000.0,17000.0,17000.0,17000.0,0.0,0.0,2011,6,8,5,31,0.02,0.01,0.015714285714285747,0.02,0.0,5.88235294117647,LOW
2011-08-08,17000.0,17000.0,17000.0,17000.0,17000.0,17000.0,17000.0,0.0,0.0,2011,8,8,0,32,0.02,0.02,0.017142857142857175,0.020714285714285716,400.0,5.88235294117647,LOW
2011-08-10,17000.0,17000.0,17000.0,17000.0,17000.0,17000.0,17000.0,0.0,0.0,2011,10,8,2,32,0.1,0.01,0.028571428571428605,0.02428571428571429,-80.0,5.88235294117647,LOW
2011-08-12,17000.0,17000.0,17000.0,17000.0,17000.0,17000.0,17000.0,0.0,0.0,2011,12,8,4,32,0.02,0.02,0.03000000000000003,0.024999999999999998,49.999999999999986,5.88235294117647,LOW
2011-08-16,17000.0,17000.0,17000.0,17000.0,17000.0,17000.0,17000.0,0.0,0.0,2011,16,8,1,33,0.03,0.02,0.03142857142857146,0.023571428571428573,-33.33333333333333,5.88235294117647,LOW
2011-08-17,17000.0,17000.0,17000.0,17000.0,17000.0,17000.0,17000.0,0.0,0.0,2011,17,8,2,33,0.02,0.01,0.031428571428571465,0.02285714285714286,0.0,5.88235294117647,LOW
2011-08-18,17000.0,17000.0,17000.0,17000.0,17000.0,17000.0,17000.0,0.0,0.0,2011,18,8,3,33,0.02,0.02,0.03285714285714289,0.023571428571428573,0.0,5.88235294117647,LOW
2011-08-20,17000.0,17000.0,17000.0,17000.0,17000.0,17000.0,17000.0,0.0,0.0,2011,20,8,5,33,0.02,0.02,0.0328571428571429,0.02428571428571429,0.0,5.88235294117647,LOW
2011-08-25,17000.0,17000.0,17000.0,17000.0,17000.0,17000.0,17000.0,0.0,0.0,2011,25,8,3,34,0.02,0.1,0.03285714285714289,0.025,0.0,5.88235294117647,LOW
2011-08-26,17000.0,17000.0,17000.0,17000.0,17000.0,17000.0,17000.0,0.0,0.0,2011,26,8,4,34,0.02,0.02,0.02142857142857146,0.024999999999999998,0.0,5.88235294117647,LOW
2011-08-30,17000.0,17000.0,17000.0,17000.0,17000.0,17000.0,17000.0,0.0,0.0,2011,30,8,1,35,0.02,0.03,0.021428571428571463,0.025714285714285714,0.0,5.88235294117647,MEDIUM
2011-09-02,17000.0,17000.0,17000.0,17000.0,17000.0,17000.0,17000.0,0.0,0.0,2011,2,9,4,35,0.02,0.02,0.02,0.025714285714285717,0.0,5.88235294117647,MEDIUM
2011-09-06,17000.0,17000.0,17000.0,17000.0,17000.0,17000.0,17000.0,0.0,0.0,2011,6,9,1,36,0.02,0.02,0.02,0.025714285714285714,0.0,5.88235294117647,MEDIUM
2011-09-07,17000.0,17000.0,17000.0,17000.0,17000.0,17000.0,17000.0,0.0,0.0,2011,7,9,2,36,0.02,0.02,0.02,0.02642857142857143,0.0,5.88235294117647,MEDIUM
2011-09-09,17000.0,17000.0,17000.0,17000.0,17000.0,17000.0,17000.0,0.0,0.0,2011,9,9,4,36,0.02,0.02,0.02,0.02642857142857143,150.0,5.88235294117647,MEDIUM
2011-09-15,17000.0,17000.0,17000.0,17000.0,17000.0,17000.0,17000.0,0.0,0.0,2011,15,9,3,37,0.05,0.02,0.024285714285714317,0.028571428571428574,-60.0,6.25,LOW
2011-09-17,16000.0,17000.0,17000.0,17000.0,16857.14285714286,16928.571428571428,16966.666666666668,377.9644730092144,267.2612419123182,2011,17,9,5,37,0.02,0.02,0.02428571428571432,0.022857142857142857,0.0,5.88235294117647,LOW
2011-09-19,17000.0,17000.0,17000.0,17000.0,16857.14285714286,16928.571428571428,16966.666666666668,377.9644730092144,267.2612419123182,2011,19,9,0,38,0.02,0.02,0.024285714285714317,0.022857142857142857,0.0,5.88235294117647,LOW
2011-09-22,17000.0,17000.0,17000.0,17000.0,16857.14285714286,16928.571428571428,16966.666666666668,377.9644730092144,267.2612419123182,2011,22,9,3,38,0.02,0.02,0.02428571428571432,0.02214285714285714,0.0,5.88235294117647,LOW
2011-09-23,17000.0,17000.0,17000.0,17000.0,16857.14285714286,16928.571428571428,16966.666666666668,377.9644730092144,267.2612419123182,2011,23,9,4,38,0.02,0.02,0.02428571428571432,0.02214285714285714,-50.0,5.88235294117647,LOW
2011-09-26,17000.0,17000.0,17000.0,17000.0,16857.14285714286,16928.571428571428,16966.666666666668,377.9644730092144,267.2612419123182,2011,26,9,0,39,0.01,0.02,0.02285714285714289,0.021428571428571432,0.0,5.88235294117647,LOW
2011-09-27,17000.0,17000.0,17000.0,17000.0,16857.14285714286,16928.571428571428,16966.666666666668,377.9644730092144,267.2612419123182,2011,27,9,1,39,0.01,0.05,0.02142857142857146,0.020714285714285713,100.0,5.88235294117647,LOW
2011-10-01,17000.0,16000.0,17000.0,17000.0,16857.14285714286,16928.571428571428,16966.666666666668,377.9644730092144,267.2612419123182,2011,1,10,5,39,0.02,0.02,0.017142857142857175,0.020714285714285713,0.0,5.88235294117647,LOW
2011-10-07,17000.0,17000.0,17000.0,17000.0,17000.0,16928.571428571428,16966.666666666668,0.0,267.2612419123182,2011,7,10,4,40,0.02,0.02,0.017142857142857175,0.020714285714285716,0.0,5.88235294117647,LOW
2011-10-08,17000.0,17000.0,17000.0,17000.0,17000.0,16928.571428571428,16966.666666666668,0.0,267.2612419123182,2011,8,10,5,40,0.02,0.02,0.017142857142857175,0.020714285714285716,0.0,5.88235294117647,LOW
2011-11-03,17000.0,17000.0,17000.0,17000.0,17000.0,16928.571428571428,16966.666666666668,0.0,267.2612419123182,2011,3,11,3,44,0.02,0.02,0.017142857142857175,0.020714285714285713,0.0,5.88235294117647,LOW
2011-11-05,17000.0,17000.0,17000.0,17000.0,17000.0,16928.571428571428,16966.666666666668,0.0,267.2612419123182,2011,5,11,5,44,0.02,0.01,0.017142857142857175,0.020714285714285716,150.0,5.88235294117647,LOW
2011-11-09,17000.0,17000.0,17000.0,17000.0,17000.0,16928.571428571428,16966.666666666668,0.0,267.2612419123182,2011,9,11,2,45,0.05,0.01,0.02285714285714289,0.022857142857142857,0.0,5.88235294117647,LOW
2011-11-11,17000.0,17000.0,17000.0,17000.0,17000.0,16928.571428571428,16966.666666666668,0.0,267.2612419123182,2011,11,11,4,45,0.05,0.02,0.028571428571428605,0.024999999999999998,-60.0,5.88235294117647,LOW
2011-11-12,17000.0,17000.0,16000.0,17000.0,17000.0,16928.571428571428,16966.666666666668,0.0,267.2612419123182,2011,12,11,5,45,0.02,0.02,0.028571428571428605,0.022857142857142857,150.0,5.88235294117647,LOW
2011-11-14,17000.0,17000.0,17000.0,17000.0,17000.0,17000.0,16966.666666666668,0.0,0.0,2011,14,11,0,46,0.05,0.02,0.03285714285714288,0.024999999999999998,0.0,5.88235294117647,LOW
2011-11-16,17000.0,17000.0,17000.0,17000.0,17000.0,17000.0,16966.666666666668,0.0,0.0,2011,16,11,2,46,0.05,0.02,0.03714285714285718,0.027142857142857142,-60.0,5.88235294117647,LOW
2011-11-17,17000.0,17000.0,17000.0,17000.0,17000.0,17000.0,16966.666666666668,0.0,0.0,2011,17,11,3,46,0.02,0.02,0.03714285714285718,0.027142857142857142,0.0,5.88235294117647,MEDIUM
2011-11-18,17000.0,17000.0,17000.0,17000.0,17000.0,17000.0,16966.666666666668,0.0,0.0,2011,18,11,4,46,0.02,0.05,0.03714285714285718,0.027142857142857142,0.0,5.88235294117647,MEDIUM
2011-11-21,17000.0,17000.0,17000.0,17000.0,17000.0,17000.0,16966.666666666668,0.0,0.0,2011,21,11,0,47,0.02,0.05,0.03285714285714289,0.027857142857142858,150.0,5.88235294117647,MEDIUM
2011-11-22,17000.0,17000.0,17000.0,17000.0,17000.0,17000.0,16966.666666666668,0.0,0.0,2011,22,11,1,47,0.05,0.02,0.03285714285714288,0.03071428571428572,0.0,5.88235294117647,MEDIUM
2011-11-24,17000.0,17000.0,17000.0,17000.0,17000.0,17000.0,16966.666666666668,0.0,0.0,2011,24,11,3,47,0.05,0.05,0.03714285714285718,0.032857142857142856,0.0,5.88235294117647,MEDIUM
2011-11-30,17000.0,17000.0,17000.0,17000.0,17000.0,17000.0,16966.666666666668,0.0,0.0,2011,30,11,2,48,0.05,0.05,0.03714285714285718,0.034999999999999996,-60.0,6.25,MEDIUM
2011-12-01,16000.0,17000.0,17000.0,17000.0,16857.14285714286,16928.571428571428,16933.333333333332,377.9644730092144,267.2612419123182,2011,1,12,3,48,0.02,0.02,0.03285714285714289,0.034999999999999996,150.0,6.0606060606060606,LOW
2011-12-03,16500.0,17000.0,17000.0,17000.0,16785.714285714286,16892.85714285714,16916.666666666668,393.39789623471165,289.46711176082243,2011,3,12,5,48,0.05,0.02,0.03714285714285718,0.037142857142857144,-60.0,5.88235294117647,LOW
2011-12-05,17000.0,17000.0,17000.0,17000.0,16785.714285714286,16892.85714285714,16916.666666666668,393.39789623471165,289.46711176082243,2011,5,12,0,49,0.02,0.02,0.03714285714285718,0.037142857142857144,0.0,5.88235294117647,LOW
2011-12-07,17000.0,17000.0,17000.0,17000.0,16785.714285714286,16892.85714285714,16916.666666666668,393.39789623471165,289.46711176082243,2011,7,12,2,49,0.02,0.05,0.03714285714285718,0.035,0.0,5.88235294117647,LOW
2011-12-09,17000.0,17000.0,17000.0,17000.0,16785.714285714286,16892.85714285714,16916.666666666668,393.39789623471165,289.46711176082243,2011,9,12,4,49,0.02,0.05,0.0328571428571429,0.032857142857142856,0.0,5.88235294117647,LOW
2011-12-12,17000.0,17000.0,17000.0,17000.0,16785.714285714286,16892.85714285714,16916.666666666668,393.39789623471165,289.46711176082243,2011,12,12,0,50,0.02,0.05,0.028571428571428605,0.032857142857142856,150.0,5.88235294117647,LOW
2011-12-13,17000.0,16000.0,17000.0,17000.0,16785.714285714286,16892.85714285714,16916.666666666668,393.39789623471165,289.46711176082243,2011,13,12,1,50,0.05,0.02,0.028571428571428605,0.032857142857142856,100.0,5.88235294117647,LOW
2011-12-14,17000.0,16500.0,17000.0,16000.0,16928.571428571428,16892.85714285714,16916.666666666668,188.98223650458337,289.46711176082243,2011,14,12,2,50,0.1,0.05,0.040000000000000036,0.03642857142857143,-80.0,5.88235294117647,LOW
2011-12-16,17000.0,17000.0,17000.0,17000.0,17000.0,16892.85714285714,16950.0,0.0,289.46711176082243,2011,16,12,4,50,0.02,0.02,0.03571428571428575,0.03642857142857143,-50.0,5.88235294117647,LOW
2011-12-17,17000.0,17000.0,17000.0,17000.0,17000.0,16892.85714285714,16950.0,0.0,289.46711176082243,2011,17,12,5,50,0.01,0.02,0.03428571428571432,0.03571428571428571,199.99999999999994,5.88235294117647,LOW
2011-12-20,17000.0,17000.0,17000.0,17000.0,17000.0,16892.85714285714,16950.0,0.0,289.46711176082243,2011,20,12,1,51,0.03,0.02,0.03571428571428575,0.03642857142857143,-33.33333333333333,5.88235294117647,LOW
2011-12-21,17000.0,17000.0,17000.0,17000.0,17000.0,16892.85714285714,16950.0,0.0,289.46711176082243,2011,21,12,2,51,0.02,0.02,0.03571428571428575,0.03428571428571429,0.0,5.88235294117647,LOW
2011-12-22,17000.0,17000.0,17000.0,17000.0,17000.0,16892.85714285714,16950.0,0.0,289.46711176082243,2011,22,12,3,51,0.02,0.05,0.03571428571428575,0.03214285714285715,0.0,5.88235294117647,LOW
2011-12-26,17000.0,17000.0,16000.0,17000.0,17000.0,16892.85714285714,16950.0,0.0,289.46711176082243,2011,26,12,0,52,0.02,0.1,0.031428571428571465,0.030000000000000002,49.999999999999986,5.88235294117647,LOW
2011-12-27,17000.0,17000.0,16500.0,17000.0,17000.0,16964.285714285714,16950.0,0.0,133.630620955998,2011,27,12,1,52,0.03,0.02,0.02142857142857146,0.030714285714285715,-33.33333333333333,5.88235294117647,LOW
2011-12-28,17000.0,17000.0,17000.0,17000.0,17000.0,17000.0,16950.0,0.0,0.0,2011,28,12,2,52,0.02,0.01,0.021428571428571463,0.028571428571428574,0.0,5.88235294117647,LOW
2011-12-29,17000.0,17000.0,17000.0,17000.0,17000.0,17000.0,16950.0,0.0,0.0,2011,29,12,3,52,0.02,0.03,0.02285714285714289,0.028571428571428574,0.0,5.88235294117647,LOW
2012-01-02,17000.0,17000.0,17000.0,17000.0,17000.0,17000.0,16950.0,0.0,0.0,2012,2,1,0,1,0.02,0.02,0.02142857142857146,0.02857142857142857,-50.0,5.88235294117647,LOW
2012-01-03,17000.0,17000.0,17000.0,17000.0,17000.0,17000.0,16950.0,0.0,0.0,2012,3,1,1,1,0.01,0.02,0.020000000000000035,0.027857142857142858,0.0,5.88235294117647,LOW
2012-01-04,17000.0,17000.0,17000.0,17000.0,17000.0,17000.0,16950.0,0.0,0.0,2012,4,1,2,1,0.01,0.02,0.018571428571428603,0.027142857142857142,100.0,5.88235294117647,LOW
2012-01-05,17000.0,17000.0,17000.0,17000.0,17000.0,17000.0,16950.0,0.0,0.0,2012,5,1,3,1,0.02,0.03,0.018571428571428603,0.025,0.0,5.88235294117647,LOW
2012-01-06,17000.0,17000.0,17000.0,17000.0,17000.0,17000.0,16950.0,0.0,0.0,2012,6,1,4,1,0.02,0.02,0.017142857142857175,0.019285714285714285,0.0,5.88235294117647,LOW
2012-01-07,17000.0,17000.0,17000.0,17000.0,17000.0,17000.0,16950.0,0.0,0.0,2012,7,1,5,1,0.02,0.02,0.017142857142857175,0.019285714285714288,0.0,5.88235294117647,LOW
2012-01-17,17000.0,17000.0,17000.0,17000.0,17000.0,17000.0,16950.0,0.0,0.0,2012,17,1,1,3,0.02,0.02,0.017142857142857175,0.019999999999999997,0.0,5.88235294117647,LOW
2012-01-18,17000.0,17000.0,17000.0,17000.0,17000.0,17000.0,16950.0,0.0,0.0,2012,18,1,2,3,0.02,0.01,0.017142857142857175,0.019285714285714288,0.0,5.88235294117647,LOW
2012-01-19,17000.0,17000.0,17000.0,17000.0,17000.0,17000.0,16950.0,0.0,0.0,2012,19,1,3,3,0.02,0.01,0.018571428571428603,0.019285714285714288,0.0,5.88235294117647,LOW
2012-01-21,17000.0,17000.0,17000.0,17000.0,17000.0,17000.0,16950.0,0.0,0.0,2012,21,1,5,3,0.02,0.02,0.02,0.019285714285714285,400.0,5.88235294117647,LOW
2012-01-24,17000.0,17000.0,17000.0,17000.0,17000.0,17000.0,16950.0,0.0,0.0,2012,24,1,1,4,0.1,0.02,0.031428571428571465,0.024999999999999998,-80.0,5.88235294117647,LOW
2012-01-27,17000.0,17000.0,17000.0,17000.0,17000.0,17000.0,16950.0,0.0,0.0,2012,27,1,4,4,0.02,0.02,0.031428571428571465,0.02428571428571429,150.0,5.88235294117647,LOW
2012-01-31,17000.0,17000.0,17000.0,16000.0,17000.0,17000.0,16950.0,0.0,0.0,2012,31,1,1,5,0.05,0.02,0.03571428571428575,0.02642857142857143,-60.0,5.88235294117647,LOW
2012-02-01,17000.0,17000.0,17000.0,16500.0,17000.0,17000.0,16983.333333333332,0.0,0.0,2012,1,2,2,5,0.02,0.02,0.03571428571428575,0.02642857142857143,150.0,5.88235294117647,LOW
2012-02-02,17000.0,17000.0,17000.0,17000.0,17000.0,17000.0,17000.0,0.0,0.0,2012,2,2,3,5,0.05,0.02,0.040000000000000036,0.028571428571428574,-60.0,5.88235294117647,LOW
2012-02-03,17000.0,17000.0,17000.0,17000.0,17000.0,17000.0,17000.0,0.0,0.0,2012,3,2,4,5,0.02,0.02,0.040000000000000036,0.029285714285714286,0.0,5.88235294117647,LOW
2012-02-06,17000.0,17000.0,17000.0,17000.0,17000.0,17000.0,17000.0,0.0,0.0,2012,6,2,0,6,0.02,0.1,0.040000000000000036,0.030000000000000002,0.0,5.88235294117647,LOW
2012-02-09,17000.0,17000.0,17000.0,17000.0,17000.0,17000.0,17000.0,0.0,0.0,2012,9,2,3,6,0.02,0.02,0.02857142857142861,0.030000000000000002,400.0,5.88235294117647,LOW
2012-02-10,17000.0,17000.0,17000.0,17000.0,17000.0,17000.0,17000.0,0.0,0.0,2012,10,2,4,6,0.1,0.05,0.040000000000000036,0.03571428571428571,-80.0,5.88235294117647,LOW
2012-02-11,17000.0,17000.0,17000.0,17000.0,17000.0,17000.0,17000.0,0.0,0.0,2012,11,2,5,6,0.02,0.02,0.03571428571428575,0.03571428571428571,0.0,5.88235294117647,LOW
2012-03-03,17000.0,17000.0,17000.0,17000.0,17000.0,17000.0,17000.0,0.0,0.0,2012,3,3,5,9,0.02,0.05,0.035714285714285754,0.03571428571428571,150.0,5.88235294117647,LOW
2012-03-05,17000.0,17000.0,17000.0,17000.0,17000.0,17000.0,17000.0,0.0,0.0,2012,5,3,0,10,0.05,0.02,0.03571428571428575,0.03785714285714286,0.0,5.88235294117647,LOW
2012-03-07,17000.0,17000.0,17000.0,17000.0,17000.0,17000.0,17000.0,0.0,0.0,2012,7,3,2,10,0.05,0.02,0.040000000000000036,0.039999999999999994,-60.0,5.88235294117647,LOW
2012-03-10,17000.0,17000.0,17000.0,17000.0,17000.0,17000.0,17000.0,0.0,0.0,2012,10,3,5,10,0.02,0.02,0.040000000000000036,0.04,150.0,5.88235294117647,LOW
2012-03-12,17000.0,17000.0,17000.0,17000.0,17000.0,17000.0,17000.0,0.0,0.0,2012,12,3,0,11,0.05,0.1,0.04428571428571432,0.03642857142857143,0.0,5.88235294117647,LOW
2012-03-14,17000.0,17000.0,17000.0,17000.0,17000.0,17000.0,17000.0,0.0,0.0,2012,14,3,2,11,0.05,0.02,0.03714285714285718,0.038571428571428576,-60.0,5.88235294117647,LOW
2012-03-19,17000.0,17000.0,17000.0,17000.0,17000.0,17000.0,17000.0,0.0,0.0,2012,19,3,0,12,0.02,0.02,0.03714285714285718,0.03642857142857143,0.0,5.88235294117647,LOW
2012-03-24,17000.0,17000.0,17000.0,17000.0,17000.0,17000.0,17000.0,0.0,0.0,2012,24,3,5,12,0.02,0.05,0.03714285714285718,0.03642857142857143,0.0,5.88235294117647,LOW
2012-03-26,17000.0,17000.0,17000.0,17000.0,17000.0,17000.0,17000.0,0.0,0.0,2012,26,3,0,13,0.02,0.05,0.0328571428571429,0.03428571428571429,0.0,5.88235294117647,LOW
2012-03-28,17000.0,17000.0,17000.0,17000.0,17000.0,17000.0,17000.0,0.0,0.0,2012,28,3,2,13,0.02,0.02,0.028571428571428605,0.03428571428571429,0.0,5.88235294117647,LOW
2012-04-07,17000.0,17000.0,17000.0,17000.0,17000.0,17000.0,17000.0,0.0,0.0,2012,7,4,5,14,0.02,0.05,0.028571428571428605,0.03428571428571429,0.0,5.88235294117647,LOW
2012-04-12,17000.0,17000.0,17000.0,17000.0,17000.0,17000.0,17000.0,0.0,0.0,2012,12,4,3,15,0.02,0.05,0.024285714285714324,0.03428571428571429,150.0,5.88235294117647,LOW
2012-04-13,17000.0,17000.0,17000.0,17000.0,17000.0,17000.0,17000.0,0.0,0.0,2012,13,4,4,15,0.05,0.02,0.02428571428571432,0.030714285714285715,-60.0,5.88235294117647,LOW
2012-04-19,17000.0,17000.0,17000.0,17000.0,17000.0,17000.0,17000.0,0.0,0.0,2012,19,4,3,16,0.02,0.02,0.024285714285714324,0.030714285714285715,150.0,5.88235294117647,LOW
2012-04-20,17000.0,17000.0,17000.0,17000.0,17000.0,17000.0,17000.0,0.0,0.0,2012,20,4,4,16,0.05,0.02,0.028571428571428605,0.032857142857142856,-60.0,5.88235294117647,LOW
2012-04-21,17000.0,17000.0,17000.0,17000.0,17000.0,17000.0,17000.0,0.0,0.0,2012,21,4,5,16,0.02,0.02,0.028571428571428605,0.030714285714285715,150.0,5.88235294117647,LOW
2012-04-24,17000.0,17000.0,17000.0,17000.0,17000.0,17000.0,17000.0,0.0,0.0,2012,24,4,1,17,0.05,0.02,0.03285714285714289,0.030714285714285715,-60.0,5.88235294117647,LOW
2012-04-25,17000.0,17000.0,17000.0,17000.0,17000.0,17000.0,17000.0,0.0,0.0,2012,25,4,2,17,0.02,0.02,0.03285714285714289,0.030714285714285715,150.0,5.88235294117647,LOW
2012-04-27,17000.0,17000.0,17000.0,17000.0,17000.0,17000.0,17000.0,0.0,0.0,2012,27,4,4,17,0.05,0.05,0.03714285714285718,0.030714285714285715,-60.0,5.88235294117647,LOW
2012-05-02,17000.0,17000.0,17000.0,17000.0,17000.0,17000.0,17000.0,0.0,0.0,2012,2,5,2,18,0.02,0.02,0.03285714285714289,0.028571428571428574,0.0,5.88235294117647,LOW
2012-05-03,17000.0,17000.0,17000.0,17000.0,17000.0,17000.0,17000.0,0.0,0.0,2012,3,5,3,18,0.02,0.05,0.0328571428571429,0.028571428571428574,400.0,5.88235294117647,LOW
2012-05-07,17000.0,17000.0,17000.0,17000.0,17000.0,17000.0,17000.0,0.0,0.0,2012,7,5,0,19,0.1,0.02,0.040000000000000036,0.03428571428571429,-50.0,5.88235294117647,LOW
2012-05-08,17000.0,17000.0,17000.0,17000.0,17000.0,17000.0,17000.0,0.0,0.0,2012,8,5,1,19,0.05,0.05,0.044285714285714324,0.03642857142857143,-60.0,5.88235294117647,LOW
2012-05-09,17000.0,17000.0,17000.0,17000.0,17000.0,17000.0,17000.0,0.0,0.0,2012,9,5,2,19,0.02,0.02,0.040000000000000036,0.03642857142857143,150.0,5.88235294117647,LOW
2012-05-11,17000.0,17000.0,17000.0,17000.0,17000.0,17000.0,17000.0,0.0,0.0,2012,11,5,4,19,0.05,0.05,0.044285714285714324,0.038571428571428576,0.0,5.88235294117647,LOW
2012-05-14,17000.0,17000.0,17000.0,17000.0,17000.0,17000.0,17000.0,0.0,0.0,2012,14,5,0,20,0.05,0.02,0.044285714285714324,0.04071428571428572,0.0,5.88235294117647,HIGH
2012-05-15,17000.0,17000.0,17000.0,17000.0,17000.0,17000.0,17000.0,0.0,0.0,2012,15,5,1,20,0.05,0.02,0.048571428571428606,0.04071428571428571,-60.0,5.88235294117647,HIGH
2012-05-16,17000.0,17000.0,17000.0,17000.0,17000.0,17000.0,17000.0,0.0,0.0,2012,16,5,2,20,0.02,0.1,0.048571428571428606,0.04071428571428571,49.999999999999986,5.88235294117647,HIGH
2012-05-17,17000.0,17000.0,17000.0,17000.0,17000.0,17000.0,17000.0,0.0,0.0,2012,17,5,3,20,0.03,0.05,0.038571428571428604,0.03928571428571429,0.0,5.88235294117647,HIGH
2012-05-18,17000.0,17000.0,17000.0,17000.0,17000.0,17000.0,17000.0,0.0,0.0,2012,18,5,4,20,0.03,0.02,0.035714285714285754,0.04,66.66666666666669,5.88235294117647,HIGH
2012-05-19,17000.0,17000.0,17000.0,17000.0,17000.0,17000.0,17000.0,0.0,0.0,2012,19,5,5,20,0.05,0.05,0.040000000000000036,0.039999999999999994,-60.0,5.263157894736842,LOW
2012-05-24,19000.0,17000.0,17000.0,17000.0,17285.714285714286,17142.85714285714,17066.666666666668,755.9289460184406,534.522483824793,2012,24,5,3,21,0.02,0.05,0.035714285714285754,0.04,400.0,5.88235294117647,LOW
2012-05-26,17000.0,17000.0,17000.0,17000.0,17285.714285714286,17142.85714285714,17066.666666666668,755.9289460184406,534.522483824793,2012,26,5,5,21,0.1,0.05,0.04285714285714289,0.04357142857142858,0.0,5.88235294117647,LOW
2012-05-28,17000.0,17000.0,17000.0,17000.0,17285.714285714286,17142.85714285714,17066.666666666668,755.9289460184406,534.522483824793,2012,28,5,0,22,0.1,0.02,0.050000000000000044,0.04928571428571429,-50.0,5.88235294117647,LOW
2012-05-31,17000.0,17000.0,17000.0,17000.0,17285.714285714286,17142.85714285714,17066.666666666668,755.9289460184406,534.522483824793,2012,31,5,3,22,0.05,0.03,0.054285714285714326,0.05142857142857143,-60.0,5.88235294117647,LOW
2012-06-01,17000.0,17000.0,17000.0,17000.0,17285.714285714286,17142.85714285714,17066.666666666668,755.9289460184406,534.522483824793,2012,1,6,4,22,0.02,0.03,0.052857142857142894,0.045714285714285714,150.0,5.88235294117647,LOW
2012-06-04,17000.0,17000.0,17000.0,17000.0,17285.714285714286,17142.85714285714,17066.666666666668,755.9289460184406,534.522483824793,2012,4,6,0,23,0.05,0.05,0.05571428571428576,0.045714285714285714,-60.0,5.88235294117647,HIGH
2012-06-07,17000.0,19000.0,17000.0,17000.0,17285.714285714286,17142.85714285714,17066.666666666668,755.9289460184406,534.522483824793,2012,7,6,3,23,0.02,0.02,0.05142857142857147,0.04571428571428572,150.0,5.88235294117647,HIGH
2012-06-09,17000.0,17000.0,17000.0,17000.0,17000.0,17142.85714285714,17066.666666666668,0.0,534.522483824793,2012,9,6,5,23,0.05,0.1,0.05571428571428576,0.045714285714285714,100.0,5.88235294117647,HIGH
2012-06-13,17000.0,17000.0,17000.0,17000.0,17000.0,17142.85714285714,17066.666666666668,0.0,534.522483824793,2012,13,6,2,24,0.1,0.1,0.05571428571428575,0.04928571428571429,-50.0,5.88235294117647,HIGH
2012-06-25,17000.0,17000.0,17000.0,17000.0,17000.0,17142.85714285714,17066.666666666668,0.0,534.522483824793,2012,25,6,0,26,0.05,0.05,0.04857142857142861,0.04928571428571429,0.0,5.88235294117647,LOW
2012-06-27,17000.0,17000.0,17000.0,17000.0,17000.0,17142.85714285714,17066.666666666668,0.0,534.522483824793,2012,27,6,2,26,0.05,0.02,0.04857142857142861,0.051428571428571435,0.0,5.263157894736842,LOW
2012-06-28,19000.0,17000.0,17000.0,17000.0,17285.714285714286,17285.714285714286,17133.333333333332,755.9289460184406,726.2730392025207,2012,28,6,3,26,0.05,0.05,0.052857142857142894,0.05285714285714286,0.0,5.263157894736842,LOW
2012-07-02,19000.0,17000.0,17000.0,17000.0,17571.428571428572,17428.571428571428,17200.0,975.9000729485184,851.6306272526035,2012,2,7,0,27,0.05,0.02,0.052857142857142894,0.054285714285714284,0.0,5.263157894736842,LOW
2012-07-06,19000.0,17000.0,19000.0,17000.0,17857.14285714286,17571.428571428572,17266.666666666668,1069.044967649681,937.6144618769573,2012,6,7,4,27,0.05,0.05,0.057142857142857176,0.05428571428571429,-60.0,5.263157894736842,LOW
2012-07-07,19000.0,17000.0,17000.0,17000.0,18142.85714285714,17571.428571428572,17333.333333333332,1069.044967649678,937.6144618769573,2012,7,7,5,27,0.02,0.1,0.052857142857142894,0.05428571428571429,0.0,5.263157894736842,LOW
2012-07-10,19000.0,17000.0,17000.0,17000.0,18428.571428571428,17714.285714285714,17400.0,975.9000729485088,994.4903161976619,2012,10,7,1,28,0.02,0.05,0.04142857142857147,0.04857142857142858,0.0,5.263157894736842,LOW
2012-07-11,19000.0,17000.0,17000.0,17000.0,18714.285714285714,17857.14285714286,17466.666666666668,755.9289460184184,1027.1051820261596,2012,11,7,2,28,0.02,0.05,0.037142857142857186,0.04285714285714286,0.0,5.263157894736842,LOW
2012-07-12,19000.0,19000.0,17000.0,17000.0,19000.0,18000.0,17533.333333333332,0.0,1037.7490433255095,2012,12,7,3,28,0.02,0.05,0.0328571428571429,0.04071428571428572,0.0,5.263157894736842,LOW
2012-07-13,19000.0,19000.0,17000.0,17000.0,19000.0,18142.85714285714,17600.0,0.0,1027.1051820261575,2012,13,7,4,28,0.02,0.05,0.02857142857142861,0.04071428571428572,0.0,5.263157894736842,LOW
2012-07-16,19000.0,19000.0,17000.0,17000.0,19000.0,18285.714285714286,17666.666666666668,0.0,994.4903161976575,2012,16,7,0,29,0.02,0.05,0.02428571428571432,0.038571428571428576,0.0,5.263157894736842,LOW
2012-07-17,19000.0,19000.0,17000.0,17000.0,19000.0,18428.571428571428,17733.333333333332,0.0,937.6144618769504,2012,17,7,1,29,0.02,0.02,0.02,0.038571428571428576,0.0,5.263157894736842,LOW
2012-07-19,19000.0,19000.0,17000.0,17000.0,19000.0,18571.428571428572,17800.0,0.0,851.6306272525932,2012,19,7,3,29,0.02,0.02,0.02,0.03642857142857143,400.0,5.263157894736842,LOW
2012-07-20,19000.0,19000.0,17000.0,17000.0,19000.0,18714.285714285714,17866.666666666668,0.0,726.2730392025044,2012,20,7,4,29,0.1,0.02,0.031428571428571465,0.03642857142857143,0.0,5.263157894736842,LOW
2012-07-24,19000.0,19000.0,17000.0,17000.0,19000.0,18857.14285714286,17933.333333333332,0.0,534.5224838247641,2012,24,7,1,30,0.1,0.02,0.04285714285714289,0.04,-50.0,5.263157894736842,LOW
2012-07-26,19000.0,19000.0,19000.0,17000.0,19000.0,19000.0,18000.0,0.0,0.0,2012,26,7,3,30,0.05,0.02,0.047142857142857174,0.04,-60.0,5.263157894736842,LOW
2012-07-28,19000.0,19000.0,19000.0,17000.0,19000.0,19000.0,18066.666666666668,0.0,0.0,2012,28,7,5,30,0.02,0.02,0.04714285714285719,0.03785714285714286,150.0,5.263157894736842,LOW
2012-07-30,19000.0,19000.0,19000.0,17000.0,19000.0,19000.0,18133.333333333332,0.0,0.0,2012,30,7,0,31,0.05,0.02,0.05142857142857147,0.03785714285714286,0.0,5.263157894736842,LOW
2012-08-02,19000.0,19000.0,19000.0,17000.0,19000.0,19000.0,18200.0,0.0,0.0,2012,2,8,3,31,0.05,0.02,0.05571428571428575,0.03785714285714286,0.0,5.263157894736842,LOW
2012-08-07,19000.0,19000.0,19000.0,17000.0,19000.0,19000.0,18266.666666666668,0.0,0.0,2012,7,8,1,32,0.05,0.1,0.06000000000000004,0.039999999999999994,-60.0,5.263157894736842,LOW
2012-08-08,19000.0,19000.0,19000.0,19000.0,19000.0,19000.0,18333.333333333332,0.0,0.0,2012,8,8,2,32,0.02,0.1,0.048571428571428606,0.04,150.0,5.263157894736842,LOW
2012-08-24,19000.0,19000.0,19000.0,17000.0,19000.0,19000.0,18333.333333333332,0.0,0.0,2012,24,8,4,34,0.05,0.05,0.04142857142857147,0.04214285714285715,0.0,5.263157894736842,LOW
2012-08-27,19000.0,19000.0,19000.0,17000.0,19000.0,19000.0,18400.0,0.0,0.0,2012,27,8,0,35,0.05,0.02,0.04142857142857147,0.044285714285714296,100.0,5.263157894736842,MEDIUM
2012-09-15,19000.0,19000.0,19000.0,17000.0,19000.0,19000.0,18466.666666666668,0.0,0.0,2012,15,9,5,37,0.1,0.05,0.052857142857142894,0.05,-50.0,5.263157894736842,MEDIUM
2012-09-17,19000.0,19000.0,19000.0,17000.0,19000.0,19000.0,18533.333333333332,0.0,0.0,2012,17,9,0,38,0.05,0.05,0.052857142857142894,0.052142857142857144,100.0,5.263157894736842,MEDIUM
2012-10-08,19000.0,19000.0,19000.0,17000.0,19000.0,19000.0,18600.0,0.0,0.0,2012,8,10,0,41,0.1,0.05,0.06000000000000004,0.057857142857142864,-50.0,5.263157894736842,MEDIUM
2012-10-18,19000.0,19000.0,19000.0,17000.0,19000.0,19000.0,18666.666666666668,0.0,0.0,2012,18,10,3,42,0.05,0.02,0.06000000000000004,0.06,-60.0,5.263157894736842,MEDIUM
2012-10-19,19000.0,19000.0,19000.0,17000.0,19000.0,19000.0,18733.333333333332,0.0,0.0,2012,19,10,4,42,0.02,0.05,0.06000000000000004,0.054285714285714284,150.0,5.0,LOW
2012-10-26,20000.0,19000.0,19000.0,17000.0,19142.85714285714,19071.428571428572,18833.333333333332,377.96447300914093,267.2612419122378,2012,26,10,4,43,0.05,0.05,0.06000000000000004,0.05071428571428572,-60.0,5.263157894736842,LOW
2012-11-23,19000.0,19000.0,19000.0,17000.0,19142.85714285714,19071.428571428572,18900.0,377.96447300914093,267.2612419122378,2012,23,11,4,47,0.02,0.1,0.05571428571428575,0.04857142857142858,0.0,5.263157894736842,LOW
2012-11-26,19000.0,19000.0,19000.0,17000.0,19142.85714285714,19071.428571428572,18966.666666666668,377.96447300914093,267.2612419122378,2012,26,11,0,48,0.02,0.05,0.044285714285714324,0.04857142857142858,0.0,5.263157894736842,LOW
2012-11-30,19000.0,19000.0,19000.0,19000.0,19142.85714285714,19071.428571428572,19033.333333333332,377.96447300914093,267.2612419122378,2012,30,11,4,48,0.02,0.1,0.040000000000000036,0.04642857142857143,150.0,5.263157894736842,LOW
2012-12-03,19000.0,19000.0,19000.0,19000.0,19142.85714285714,19071.428571428572,19033.333333333332,377.96447300914093,267.2612419122378,2012,3,12,0,49,0.05,0.05,0.0328571428571429,0.04642857142857143,0.0,5.263157894736842,MEDIUM
2012-12-07,19000.0,19000.0,19000.0,19000.0,19142.85714285714,19071.428571428572,19033.333333333332,377.96447300914093,267.2612419122378,2012,7,12,4,49,0.05,0.02,0.0328571428571429,0.04642857142857144,100.0,5.263157894736842,MEDIUM
2012-12-10,19000.0,20000.0,19000.0,19000.0,19142.85714285714,19071.428571428572,19033.333333333332,377.96447300914093,267.2612419122378,2012,10,12,0,50,0.1,0.05,0.044285714285714324,0.05214285714285715,0.0,5.263157894736842,MEDIUM
2012-12-11,19000.0,19000.0,19000.0,19000.0,19000.0,19071.428571428572,19033.333333333332,0.0,267.2612419122378,2012,11,12,1,50,0.1,0.02,0.05142857142857147,0.055714285714285716,-50.0,5.263157894736842,MEDIUM
2012-12-24,19000.0,19000.0,19000.0,19000.0,19000.0,19071.428571428572,19033.333333333332,0.0,267.2612419122378,2012,24,12,0,52,0.05,0.02,0.05571428571428575,0.055714285714285716,100.0,5.263157894736842,LOW
2013-01-08,19000.0,19000.0,19000.0,19000.0,19000.0,19071.428571428572,19033.333333333332,0.0,267.2612419122378,2013,8,1,1,2,0.1,0.02,0.06714285714285718,0.055714285714285716,-50.0,5.555555555555555,LOW
2013-01-09,18000.0,19000.0,19000.0,19000.0,18857.14285714286,19000.0,19000.0,377.964473009152,392.23227027624444,2013,9,1,2,2,0.05,0.05,0.07142857142857148,0.055714285714285716,100.0,5.555555555555555,LOW
2013-01-10,18000.0,19000.0,19000.0,19000.0,18714.285714285714,18928.571428571428,18966.666666666668,487.95003647421214,474.631146549224,2013,10,1,3,2,0.1,0.05,0.07857142857142861,0.055714285714285716,-50.0,5.555555555555555,LOW
2013-01-11,18000.0,19000.0,19000.0,19000.0,18571.428571428572,18857.14285714286,18933.333333333332,534.5224838248024,534.5224838247628,2013,11,1,4,2,0.05,0.1,0.07857142857142861,0.055714285714285716,100.0,5.555555555555555,LOW
2013-01-12,18000.0,19000.0,20000.0,19000.0,18428.571428571428,18785.714285714286,18900.0,534.5224838248064,578.9342235217621,2013,12,1,5,2,0.1,0.1,0.07857142857142861,0.06142857142857144,-50.0,5.555555555555555,LOW
2013-01-15,18000.0,19000.0,19000.0,19000.0,18285.714285714286,18642.85714285714,18866.666666666668,487.95003647422504,497.2451580987618,2013,15,1,1,3,0.05,0.05,0.07142857142857147,0.06142857142857143,100.0,5.555555555555555,LOW
2013-01-16,18000.0,19000.0,19000.0,19000.0,18142.85714285714,18571.428571428572,18833.333333333332,377.96447300918067,513.5525910130154,2013,16,1,2,3,0.1,0.1,0.07857142857142861,0.06714285714285714,0.0,5.555555555555555,LOW
2013-01-22,18000.0,18000.0,19000.0,19000.0,18000.0,18500.0,18800.0,0.0,518.8745216626937,2013,22,1,1,4,0.1,0.05,0.07857142857142861,0.07285714285714286,-50.0,5.555555555555555,LOW
2013-01-24,18000.0,18000.0,19000.0,19000.0,18000.0,18428.571428571428,18766.666666666668,0.0,513.5525910130197,2013,24,1,3,4,0.05,0.1,0.07857142857142861,0.075,100.0,5.555555555555555,LOW
2013-01-29,18000.0,18000.0,19000.0,19000.0,18000.0,18357.14285714286,18733.333333333332,0.0,497.2451580987705,2013,29,1,1,5,0.1,0.05,0.07857142857142861,0.07857142857142858,0.0,5.555555555555555,LOW
2013-01-30,18000.0,18000.0,19000.0,19000.0,18000.0,18285.714285714286,18700.0,0.0,468.80723093841624,2013,30,1,2,5,0.1,0.1,0.08571428571428576,0.08214285714285714,0.0,5.555555555555555,LOW
2013-01-31,18000.0,18000.0,19000.0,19000.0,18000.0,18214.285714285714,18666.666666666668,0.0,425.8153136262348,2013,31,1,3,5,0.1,0.05,0.08571428571428576,0.08214285714285716,0.0,5.555555555555555,LOW
2013-02-01,18000.0,18000.0,19000.0,19000.0,18000.0,18142.85714285714,18633.333333333332,0.0,363.1365196011835,2013,1,2,4,5,0.1,0.1,0.09285714285714289,0.08214285714285716,-50.0,5.555555555555555,LOW
2013-02-02,18000.0,18000.0,19000.0,19000.0,18000.0,18071.428571428572,18600.0,0.0,267.26124191229377,2013,2,2,5,5,0.05,0.1,0.08571428571428576,0.08214285714285714,0.0,5.555555555555555,LOW
2013-02-04,18000.0,18000.0,18000.0,19000.0,18000.0,18000.0,18566.666666666668,0.0,0.0,2013,4,2,0,6,0.05,0.05,0.07857142857142861,0.07857142857142858,0.0,5.555555555555555,LOW
2013-02-05,18000.0,18000.0,18000.0,19000.0,18000.0,18000.0,18533.333333333332,0.0,0.0,2013,5,2,1,6,0.05,0.1,0.07857142857142861,0.07857142857142858,100.0,5.555555555555555,LOW
2013-02-06,18000.0,18000.0,18000.0,19000.0,18000.0,18000.0,18500.0,0.0,0.0,2013,6,2,2,6,0.1,0.1,0.07857142857142861,0.07857142857142858,0.0,5.555555555555555,LOW
2013-02-07,18000.0,18000.0,18000.0,19000.0,18000.0,18000.0,18466.666666666668,0.0,0.0,2013,7,2,3,6,0.1,0.1,0.07857142857142861,0.08214285714285714,-50.0,5.555555555555555,LOW
2013-02-08,18000.0,18000.0,18000.0,19000.0,18000.0,18000.0,18433.333333333332,0.0,0.0,2013,8,2,4,6,0.05,0.1,0.07142857142857147,0.07857142857142858,100.0,5.555555555555555,LOW
2013-02-11,18000.0,18000.0,18000.0,19000.0,18000.0,18000.0,18400.0,0.0,0.0,2013,11,2,0,7,0.1,0.05,0.07142857142857148,0.08214285714285716,-50.0,5.555555555555555,LOW
2013-02-12,18000.0,18000.0,18000.0,20000.0,18000.0,18000.0,18366.666666666668,0.0,0.0,2013,12,2,1,7,0.05,0.05,0.07142857142857147,0.07857142857142858,100.0,5.555555555555555,LOW
2013-02-13,18000.0,18000.0,18000.0,19000.0,18000.0,18000.0,18300.0,0.0,0.0,2013,13,2,2,7,0.1,0.05,0.07857142857142861,0.07857142857142858,900.0,5.555555555555555,LOW
2013-02-14,18000.0,18000.0,18000.0,19000.0,18000.0,18000.0,18266.666666666668,0.0,0.0,2013,14,2,3,7,1.0,0.1,0.21428571428571433,0.1464285714285714,-98.0,5.555555555555555,HIGH
2013-02-16,18000.0,18000.0,18000.0,19000.0,18000.0,18000.0,18233.333333333332,0.0,0.0,2013,16,2,5,7,0.02,0.1,0.2028571428571429,0.1407142857142857,400.0,5.555555555555555,HIGH
2013-02-18,18000.0,18000.0,18000.0,19000.0,18000.0,18000.0,18200.0,0.0,0.0,2013,18,2,0,8,0.1,0.05,0.2028571428571429,0.14071428571428574,-50.0,5.555555555555555,HIGH
2013-02-19,18000.0,18000.0,18000.0,19000.0,18000.0,18000.0,18166.666666666668,0.0,0.0,2013,19,2,1,8,0.05,0.1,0.20285714285714287,0.13714285714285715,100.0,5.555555555555555,HIGH
2013-02-20,18000.0,18000.0,18000.0,19000.0,18000.0,18000.0,18133.333333333332,0.0,0.0,2013,20,2,2,8,0.1,0.05,0.2028571428571429,0.13714285714285715,-80.0,5.555555555555555,HIGH
2013-02-26,18000.0,18000.0,18000.0,19000.0,18000.0,18000.0,18100.0,0.0,0.0,2013,26,2,1,9,0.02,0.1,0.19857142857142862,0.135,0.0,5.0,LOW
2013-02-27,20000.0,18000.0,18000.0,19000.0,18285.714285714286,18142.85714285714,18133.333333333332,755.928946018428,534.5224838247829,2013,27,2,2,9,0.02,1.0,0.1871428571428572,0.13285714285714287,150.0,5.555555555555555,LOW
2013-02-28,18000.0,18000.0,18000.0,19000.0,18285.714285714286,18142.85714285714,18100.0,755.928946018428,534.5224838247829,2013,28,2,3,9,0.05,0.02,0.05142857142857147,0.13285714285714287,0.0,5.555555555555555,LOW
2013-03-02,18000.0,18000.0,18000.0,18000.0,18285.714285714286,18142.85714285714,18066.666666666668,755.928946018428,534.5224838247829,2013,2,3,5,9,0.05,0.1,0.05571428571428575,0.12928571428571428,100.0,5.555555555555555,MEDIUM
2013-03-04,18000.0,18000.0,18000.0,18000.0,18285.714285714286,18142.85714285714,18066.666666666668,755.928946018428,534.5224838247829,2013,4,3,0,10,0.1,0.05,0.05571428571428575,0.12928571428571428,0.0,5.555555555555555,MEDIUM
2013-03-05,18000.0,18000.0,18000.0,18000.0,18285.714285714286,18142.85714285714,18066.666666666668,755.928946018428,534.5224838247829,2013,5,3,1,10,0.1,0.1,0.06285714285714289,0.13285714285714287,0.0,5.555555555555555,MEDIUM
2013-03-06,18000.0,18000.0,18000.0,18000.0,18285.714285714286,18142.85714285714,18066.666666666668,755.928946018428,534.5224838247829,2013,6,3,2,10,0.1,0.02,0.0628571428571429,0.13285714285714284,0.0,5.555555555555555,MEDIUM
2013-03-08,18000.0,20000.0,18000.0,18000.0,18285.714285714286,18142.85714285714,18066.666666666668,755.928946018428,534.5224838247829,2013,8,3,4,10,0.1,0.02,0.07428571428571432,0.13642857142857143,-50.0,5.555555555555555,LOW
2013-04-01,18000.0,18000.0,18000.0,18000.0,18000.0,18142.85714285714,18066.666666666668,0.0,534.5224838247829,2013,1,4,0,14,0.05,0.05,0.07857142857142861,0.13285714285714287,0.0,5.88235294117647,LOW
2013-04-02,17000.0,18000.0,18000.0,18000.0,17857.14285714286,18071.428571428572,18033.333333333332,377.96447300919465,615.7279262148253,2013,2,4,1,14,0.05,0.05,0.07857142857142861,0.065,0.0,5.88235294117647,LOW
2013-04-03,17000.0,18000.0,18000.0,18000.0,17714.285714285714,18000.0,18000.0,487.9500364742463,679.3662204867065,2013,3,4,2,14,0.05,0.1,0.07857142857142861,0.06714285714285714,0.0,5.88235294117647,LOW
2013-04-04,17000.0,18000.0,18000.0,18000.0,17571.428571428572,17928.571428571428,17966.666666666668,534.5224838248344,730.0459115473246,2013,4,4,3,14,0.05,0.1,0.07142857142857147,0.06357142857142858,-60.0,5.88235294117647,LOW
2013-04-05,17000.0,18000.0,18000.0,18000.0,17428.571428571428,17857.14285714286,17933.333333333332,534.5224838248383,770.3288865195989,2013,5,4,4,14,0.02,0.1,0.06000000000000004,0.06142857142857143,0.0,5.88235294117647,LOW
2013-04-06,17000.0,18000.0,18000.0,18000.0,17285.714285714286,17785.714285714286,17900.0,487.95003647426006,801.7837257372305,2013,6,4,5,14,0.02,0.1,0.048571428571428606,0.055714285714285716,0.0,5.88235294117647,LOW
2013-04-09,17000.0,18000.0,20000.0,18000.0,17142.85714285714,17714.285714285714,17866.666666666668,377.9644730092258,825.4203058555156,2013,9,4,1,15,0.02,0.05,0.03714285714285718,0.055714285714285716,0.0,5.88235294117647,LOW
2013-04-10,17000.0,17000.0,18000.0,18000.0,17000.0,17500.0,17833.333333333332,0.0,518.874521662705,2013,10,4,2,15,0.02,0.05,0.0328571428571429,0.055714285714285716,0.0,5.88235294117647,LOW
2013-04-11,17000.0,17000.0,18000.0,18000.0,17000.0,17428.571428571428,17800.0,0.0,513.5525910130289,2013,11,4,3,15,0.02,0.05,0.028571428571428605,0.05357142857142858,0.0,5.88235294117647,LOW
2013-04-12,17000.0,17000.0,18000.0,18000.0,17000.0,17357.14285714286,17766.666666666668,0.0,497.2451580987779,2013,12,4,4,15,0.02,0.05,0.02428571428571432,0.051428571428571435,0.0,5.88235294117647,LOW
2013-04-15,17000.0,17000.0,18000.0,18000.0,17000.0,17285.714285714286,17733.333333333332,0.0,468.8072309384218,2013,15,4,0,16,0.02,0.02,0.02,0.045714285714285714,0.0,5.88235294117647,LOW
2013-04-16,17000.0,17000.0,18000.0,18000.0,17000.0,17214.285714285714,17700.0,0.0,425.8153136262383,2013,16,4,1,16,0.02,0.02,0.02,0.04,0.0,5.88235294117647,LOW
2013-04-22,17000.0,17000.0,18000.0,18000.0,17000.0,17142.85714285714,17666.666666666668,0.0,363.13651960118466,2013,22,4,0,17,0.02,0.02,0.02,0.03428571428571429,400.0,5.88235294117647,LOW
2013-04-25,17000.0,17000.0,18000.0,18000.0,17000.0,17071.428571428572,17633.333333333332,0.0,267.26124191229127,2013,25,4,3,17,0.1,0.02,0.031428571428571465,0.03428571428571429,-50.0,5.88235294117647,LOW
2013-05-01,17000.0,17000.0,17000.0,18000.0,17000.0,17000.0,17600.0,0.0,0.0,2013,1,5,2,18,0.05,0.02,0.03571428571428575,0.03428571428571429,-60.0,5.88235294117647,LOW
2013-05-06,17000.0,17000.0,17000.0,18000.0,17000.0,17000.0,17566.666666666668,0.0,0.0,2013,6,5,0,19,0.02,0.02,0.03571428571428575,0.03214285714285715,150.0,5.88235294117647,LOW
2013-05-07,17000.0,17000.0,17000.0,18000.0,17000.0,17000.0,17533.333333333332,0.0,0.0,2013,7,5,1,19,0.05,0.02,0.040000000000000036,0.03214285714285715,-60.0,5.88235294117647,MEDIUM
2013-05-08,17000.0,17000.0,17000.0,18000.0,17000.0,17000.0,17500.0,0.0,0.0,2013,8,5,2,19,0.02,0.02,0.040000000000000036,0.030000000000000002,150.0,5.88235294117647,MEDIUM
2013-05-09,17000.0,17000.0,17000.0,18000.0,17000.0,17000.0,17466.666666666668,0.0,0.0,2013,9,5,3,19,0.05,0.02,0.04428571428571432,0.03214285714285715,0.0,5.88235294117647,MEDIUM
2013-05-13,17000.0,17000.0,17000.0,18000.0,17000.0,17000.0,17433.333333333332,0.0,0.0,2013,13,5,0,20,0.05,0.1,0.048571428571428606,0.03428571428571429,199.99999999999997,5.88235294117647,MEDIUM
2013-05-14,17000.0,17000.0,17000.0,18000.0,17000.0,17000.0,17400.0,0.0,0.0,2013,14,5,1,20,0.15,0.05,0.05571428571428575,0.04357142857142858,-33.33333333333333,5.88235294117647,MEDIUM
2013-05-15,17000.0,17000.0,17000.0,18000.0,17000.0,17000.0,17366.666666666668,0.0,0.0,2013,15,5,2,20,0.1,0.02,0.0628571428571429,0.04928571428571429,0.0,5.555555555555555,MEDIUM
2013-05-16,18000.0,17000.0,17000.0,20000.0,17142.85714285714,17071.428571428572,17366.666666666668,377.9644730092258,267.26124191229127,2013,16,5,3,20,0.1,0.05,0.07428571428571432,0.055,0.0,5.555555555555555,LOW
2013-05-18,18000.0,17000.0,17000.0,18000.0,17285.714285714286,17142.85714285714,17300.0,487.95003647426006,363.13651960118466,2013,18,5,5,20,0.1,0.02,0.08142857142857148,0.060714285714285714,0.0,5.88235294117647,LOW
2013-05-24,17000.0,17000.0,17000.0,18000.0,17285.714285714286,17142.85714285714,17266.666666666668,487.95003647426006,363.13651960118466,2013,24,5,4,21,0.1,0.05,0.09285714285714289,0.06642857142857143,-80.0,5.88235294117647,LOW
2013-05-27,17000.0,17000.0,17000.0,18000.0,17285.714285714286,17142.85714285714,17233.333333333332,487.95003647426006,363.13651960118466,2013,27,5,0,22,0.02,0.05,0.08857142857142862,0.06642857142857143,900.0,5.88235294117647,LOW
2008-04-12,13000.0,13000.0,12750.0,13000.0,13000.0,12973.57142857143,12981.0,0.0,71.85531861446883,2008,12,4,5,15,0.05,0.05,0.05,0.05071428571428571,0.0,3.8461538461538463,LOW
2008-04-15,13000.0,13000.0,13000.0,13000.0,13000.0,12991.42857142857,12981.0,0.0,32.07134902949161,2008,15,4,1,16,0.05,0.05,0.05,0.05071428571428571,0.0,3.8461538461538463,LOW
2008-04-16,13000.0,13000.0,13000.0,13000.0,13000.0,12991.42857142857,12981.0,0.0,32.07134902949161,2008,16,4,2,16,0.05,0.05,0.05,0.05,0.0,3.8461538461538463,LOW
2008-04-17,13000.0,13000.0,13000.0,13000.0,13000.0,12991.42857142857,12981.0,0.0,32.07134902949161,2008,17,4,3,16,0.05,0.05,0.05,0.05,0.0,3.8461538461538463,LOW
2008-04-19,13000.0,13000.0,13000.0,13000.0,13000.0,12991.42857142857,12981.0,0.0,32.07134902949161,2008,19,4,5,16,0.05,0.05,0.05,0.05,0.0,3.8461538461538463,LOW
2008-04-21,13000.0,13000.0,12880.0,13000.0,13000.0,12991.42857142857,12981.0,0.0,32.07134902949161,2008,21,4,0,17,0.05,0.05,0.05,0.05,0.0,3.8461538461538463,LOW
2008-04-22,13000.0,13000.0,13000.0,13000.0,13000.0,13000.0,12981.0,0.0,0.0,2008,22,4,1,17,0.05,0.05,0.05,0.05,0.0,3.8461538461538463,LOW
2008-04-24,13000.0,13000.0,13000.0,13000.0,13000.0,13000.0,12981.0,0.0,0.0,2008,24,4,3,17,0.05,0.05,0.05,0.05,0.0,3.8461538461538463,LOW
2008-04-26,13000.0,13000.0,13000.0,13000.0,13000.0,13000.0,12981.0,0.0,0.0,2008,26,4,5,17,0.05,0.05,0.05,0.05,-80.0,3.8461538461538463,LOW
2008-04-28,13000.0,13000.0,13000.0,12800.0,13000.0,13000.0,12981.0,0.0,0.0,2008,28,4,0,18,0.01,0.05,0.044285714285714296,0.047142857142857146,400.0,3.8461538461538463,LOW
2008-04-29,13000.0,13000.0,13000.0,13000.0,13000.0,13000.0,12987.666666666666,0.0,0.0,2008,29,4,1,18,0.05,0.05,0.04428571428571428,0.047142857142857146,0.0,3.8461538461538463,LOW
2008-06-02,13000.0,13000.0,13000.0,13000.0,13000.0,13000.0,12987.666666666666,0.0,0.0,2008,2,6,0,23,0.05,0.05,0.04428571428571428,0.047142857142857146,0.0,3.8461538461538463,LOW
2008-06-03,13000.0,13000.0,13000.0,13000.0,13000.0,13000.0,12987.666666666666,0.0,0.0,2008,3,6,1,23,0.05,0.05,0.044285714285714296,0.047142857142857146,0.0,3.8461538461538463,LOW
2008-06-04,13000.0,13000.0,13000.0,13000.0,13000.0,13000.0,12987.666666666666,0.0,0.0,2008,4,6,2,23,0.05,0.05,0.04428571428571428,0.047142857142857146,19.99999999999999,3.8461538461538463,LOW
2008-06-05,13000.0,13000.0,13000.0,13000.0,13000.0,13000.0,12987.666666666666,0.0,0.0,2008,5,6,3,23,0.06,0.05,0.045714285714285714,0.04785714285714286,-16.66666666666666,3.8461538461538463,LOW
2008-06-06,13000.0,13000.0,13000.0,13000.0,13000.0,13000.0,12987.666666666666,0.0,0.0,2008,6,6,4,23,0.05,0.01,0.045714285714285714,0.04785714285714286,0.0,3.8461538461538463,LOW
2008-06-07,13000.0,13000.0,13000.0,12750.0,13000.0,13000.0,12987.666666666666,0.0,0.0,2008,7,6,5,23,0.05,0.05,0.05142857142857143,0.04785714285714286,0.0,3.8461538461538463,LOW
2008-06-09,13000.0,13000.0,13000.0,13000.0,13000.0,13000.0,12996.0,0.0,0.0,2008,9,6,0,24,0.05,0.05,0.051428571428571435,0.04785714285714286,0.0,3.8461538461538463,LOW
2008-06-10,13000.0,13000.0,13000.0,13000.0,13000.0,13000.0,12996.0,0.0,0.0,2008,10,6,1,24,0.05,0.05,0.051428571428571435,0.04785714285714286,0.0,3.8461538461538463,MEDIUM
2008-06-11,13000.0,13000.0,13000.0,13000.0,13000.0,13000.0,12996.0,0.0,0.0,2008,11,6,2,24,0.05,0.05,0.05142857142857143,0.04785714285714286,0.0,3.8461538461538463,MEDIUM
2008-06-12,13000.0,13000.0,13000.0,13000.0,13000.0,13000.0,12996.0,0.0,0.0,2008,12,6,3,24,0.05,0.06,0.05142857142857143,0.04785714285714286,0.0,3.8461538461538463,MEDIUM
2008-06-13,13000.0,13000.0,13000.0,12880.0,13000.0,13000.0,12996.0,0.0,0.0,2008,13,6,4,24,0.05,0.05,0.05,0.04785714285714286,0.0,3.8461538461538463,MEDIUM
2008-07-01,13000.0,13000.0,13000.0,13000.0,13000.0,13000.0,13000.0,0.0,0.0,2008,1,7,1,27,0.05,0.05,0.05,0.04785714285714286,0.0,3.8461538461538463,MEDIUM
2008-07-02,13000.0,13000.0,13000.0,13000.0,13000.0,13000.0,13000.0,0.0,0.0,2008,2,7,2,27,0.05,0.05,0.05,0.05071428571428572,0.0,3.571428571428571,MEDIUM
2008-07-03,14000.0,13000.0,13000.0,13000.0,13142.857142857143,13071.42857142857,13033.333333333334,377.9644730092271,267.26124191242457,2008,3,7,3,27,0.05,0.05,0.05,0.05071428571428572,0.0,3.571428571428571,MEDIUM
2008-07-07,14000.0,13000.0,13000.0,13000.0,13285.714285714286,13142.857142857143,13066.666666666666,487.95003647426626,363.1365196012818,2008,7,7,0,28,0.05,0.05,0.05,0.05071428571428571,0.0,3.571428571428571,MEDIUM
2008-07-08,14000.0,13000.0,13000.0,13000.0,13428.57142857143,13214.285714285714,13100.0,534.5224838248483,425.8153136263206,2008,8,7,1,28,0.05,0.05,0.05,0.05071428571428572,0.0,3.571428571428571,LOW
2008-07-09,14000.0,13000.0,13000.0,13000.0,13571.42857142857,13285.714285714286,13133.333333333334,534.5224838248483,468.8072309384959,2008,9,7,2,28,0.05,0.05,0.05,0.05071428571428572,0.0,3.3333333333333335,LOW
2008-07-10,15000.0,13000.0,13000.0,13000.0,13857.142857142857,13428.57142857143,13200.0,690.0655593423542,646.2061726588641,2008,10,7,3,28,0.05,0.05,0.05,0.05,0.0,3.3333333333333335,LOW
2008-07-11,15000.0,13000.0,13000.0,13000.0,14142.857142857143,13571.42857142857,13266.666666666666,690.0655593423542,755.9289460184543,2008,11,7,4,28,0.05,0.05,0.05,0.05,0.0,3.3333333333333335,LOW
2008-07-12,15000.0,14000.0,13000.0,13000.0,14428.57142857143,13714.285714285714,13333.333333333334,534.5224838248483,825.4203058555566,2008,12,7,5,28,0.05,0.05,0.05,0.05,0.0,3.3333333333333335,LOW
2008-07-14,15000.0,14000.0,13000.0,13000.0,14571.42857142857,13857.142857142857,13400.0,534.5224838248483,864.4378215075658,2008,14,7,0,29,0.05,0.05,0.05,0.05,0.0,3.3333333333333335,LOW
2008-07-15,15000.0,14000.0,13000.0,13000.0,14714.285714285714,14000.0,13466.666666666666,487.95003647426626,877.0580193070282,2008,15,7,1,29,0.05,0.05,0.05,0.05,0.0,3.3333333333333335,LOW
2008-07-16,15000.0,14000.0,13000.0,13000.0,14857.142857142857,14142.857142857143,13533.333333333334,377.96447300922716,864.4378215075653,2008,16,7,2,29,0.05,0.05,0.05,0.05,0.0,3.3333333333333335,LOW
2008-07-17,15000.0,15000.0,13000.0,13000.0,15000.0,14285.714285714286,13600.0,0.0,825.4203058555559,2008,17,7,3,29,0.05,0.05,0.05,0.05,0.0,3.3333333333333335,LOW
2008-07-18,15000.0,15000.0,13000.0,13000.0,15000.0,14428.57142857143,13666.666666666666,0.0,755.9289460184531,2008,18,7,4,29,0.05,0.05,0.05,0.05,0.0,3.3333333333333335,LOW
2008-07-19,15000.0,15000.0,13000.0,13000.0,15000.0,14571.42857142857,13733.333333333334,0.0,646.2061726588623,2008,19,7,5,29,0.05,0.05,0.05,0.05,0.0,3.3333333333333335,LOW
2008-07-21,15000.0,15000.0,14000.0,13000.0,15000.0,14714.285714285714,13800.0,0.0,468.8072309384927,2008,21,7,0,30,0.05,0.05,0.05,0.05,0.0,3.3333333333333335,LOW
2008-07-22,15000.0,15000.0,14000.0,13000.0,15000.0,14785.714285714286,13866.666666666666,0.0,425.81531362631677,2008,22,7,1,30,0.05,0.05,0.05,0.05,0.0,3.3333333333333335,LOW
2008-07-23,15000.0,15000.0,14000.0,13000.0,15000.0,14857.142857142857,13933.333333333334,0.0,363.136519601277,2008,23,7,2,30,0.05,0.05,0.05,0.05,0.0,3.3333333333333335,LOW
2008-07-24,15000.0,15000.0,14000.0,13000.0,15000.0,14928.57142857143,14000.0,0.0,267.26124191241723,2008,24,7,3,30,0.05,0.05,0.05,0.05,0.0,3.3333333333333335,LOW
2008-07-25,15000.0,15000.0,15000.0,13000.0,15000.0,15000.0,14066.666666666666,0.0,0.0,2008,25,7,4,30,0.05,0.05,0.05,0.05,0.0,3.3333333333333335,LOW
2008-07-26,15000.0,15000.0,15000.0,13000.0,15000.0,15000.0,14133.333333333334,0.0,0.0,2008,26,7,5,30,0.05,0.05,0.05,0.05,19.99999999999999,3.3333333333333335,LOW
2008-07-28,15000.0,15000.0,15000.0,13000.0,15000.0,15000.0,14200.0,0.0,0.0,2008,28,7,0,31,0.06,0.05,0.051428571428571435,0.05071428571428571,-16.66666666666666,3.3333333333333335,LOW
2008-08-01,15000.0,15000.0,15000.0,13000.0,15000.0,15000.0,14266.666666666666,0.0,0.0,2008,1,8,4,31,0.05,0.05,0.05142857142857143,0.05071428571428572,19.99999999999999,3.3333333333333335,LOW
2008-08-02,15000.0,15000.0,15000.0,13000.0,15000.0,15000.0,14333.333333333334,0.0,0.0,2008,2,8,5,31,0.06,0.05,0.05285714285714286,0.051428571428571435,-16.66666666666666,3.3333333333333335,LOW
2008-08-05,15000.0,15000.0,15000.0,13000.0,15000.0,15000.0,14400.0,0.0,0.0,2008,5,8,1,32,0.05,0.05,0.05285714285714286,0.05142857142857143,0.0,3.3333333333333335,LOW
2008-08-06,15000.0,15000.0,15000.0,13000.0,15000.0,15000.0,14466.666666666666,0.0,0.0,2008,6,8,2,32,0.05,0.05,0.052857142857142866,0.051428571428571435,0.0,3.3333333333333335,LOW
2008-08-07,15000.0,15000.0,15000.0,13000.0,15000.0,15000.0,14533.333333333334,0.0,0.0,2008,7,8,3,32,0.05,0.05,0.05285714285714286,0.05142857142857143,0.0,3.3333333333333335,LOW
2008-08-08,15000.0,15000.0,15000.0,13000.0,15000.0,15000.0,14600.0,0.0,0.0,2008,8,8,4,32,0.05,0.06,0.05285714285714286,0.05142857142857143,19.99999999999999,3.3333333333333335,LOW
2008-08-09,15000.0,15000.0,15000.0,13000.0,15000.0,15000.0,14666.666666666666,0.0,0.0,2008,9,8,5,32,0.06,0.05,0.05285714285714286,0.05214285714285715,-16.66666666666666,3.3333333333333335,LOW
2008-08-11,15000.0,15000.0,15000.0,13000.0,15000.0,15000.0,14733.333333333334,0.0,0.0,2008,11,8,0,33,0.05,0.06,0.05285714285714286,0.052142857142857144,0.0,3.3333333333333335,LOW
2008-08-12,15000.0,15000.0,15000.0,13000.0,15000.0,15000.0,14800.0,0.0,0.0,2008,12,8,1,33,0.05,0.05,0.051428571428571435,0.05214285714285715,0.0,3.3333333333333335,LOW
2008-08-13,15000.0,15000.0,15000.0,14000.0,15000.0,15000.0,14866.666666666666,0.0,0.0,2008,13,8,2,33,0.05,0.05,0.051428571428571435,0.052142857142857144,0.0,3.3333333333333335,LOW
2008-08-14,15000.0,15000.0,15000.0,14000.0,15000.0,15000.0,14900.0,0.0,0.0,2008,14,8,3,33,0.05,0.05,0.05142857142857143,0.052142857142857144,0.0,3.3333333333333335,LOW
2008-08-18,15000.0,15000.0,15000.0,14000.0,15000.0,15000.0,14933.333333333334,0.0,0.0,2008,18,8,0,34,0.05,0.05,0.05142857142857143,0.05214285714285715,0.0,3.3333333333333335,LOW
2008-08-19,15000.0,15000.0,15000.0,14000.0,15000.0,15000.0,14966.666666666666,0.0,0.0,2008,19,8,1,34,0.05,0.06,0.051428571428571435,0.052142857142857144,0.0,3.3333333333333335,LOW
2008-08-20,15000.0,15000.0,15000.0,15000.0,15000.0,15000.0,15000.0,0.0,0.0,2008,20,8,2,34,0.05,0.05,0.05,0.051428571428571435,0.0,3.3333333333333335,LOW
2008-08-21,15000.0,15000.0,15000.0,15000.0,15000.0,15000.0,15000.0,0.0,0.0,2008,21,8,3,34,0.05,0.05,0.05,0.051428571428571435,0.0,3.3333333333333335,LOW
2008-08-22,15000.0,15000.0,15000.0,15000.0,15000.0,15000.0,15000.0,0.0,0.0,2008,22,8,4,34,0.05,0.05,0.05,0.05071428571428571,0.0,3.3333333333333335,LOW
2008-08-23,15000.0,15000.0,15000.0,15000.0,15000.0,15000.0,15000.0,0.0,0.0,2008,23,8,5,34,0.05,0.05,0.05,0.05071428571428572,19.99999999999999,3.3333333333333335,LOW
2008-08-25,15000.0,15000.0,15000.0,15000.0,15000.0,15000.0,15000.0,0.0,0.0,2008,25,8,0,35,0.06,0.05,0.051428571428571435,0.05142857142857143,0.0,3.3333333333333335,LOW
2008-08-26,15000.0,15000.0,15000.0,15000.0,15000.0,15000.0,15000.0,0.0,0.0,2008,26,8,1,35,0.06,0.05,0.052857142857142866,0.05214285714285715,-16.66666666666666,3.3333333333333335,LOW
2008-08-27,15000.0,15000.0,15000.0,15000.0,15000.0,15000.0,15000.0,0.0,0.0,2008,27,8,2,35,0.05,0.05,0.05285714285714286,0.052142857142857144,0.0,3.3333333333333335,LOW
2008-08-28,15000.0,15000.0,15000.0,15000.0,15000.0,15000.0,15000.0,0.0,0.0,2008,28,8,3,35,0.05,0.05,0.05285714285714286,0.05142857142857143,0.0,3.3333333333333335,LOW
2008-08-29,15000.0,15000.0,15000.0,15000.0,15000.0,15000.0,15000.0,0.0,0.0,2008,29,8,4,35,0.05,0.05,0.05285714285714286,0.051428571428571435,0.0,3.3333333333333335,LOW
2008-09-01,15000.0,15000.0,15000.0,15000.0,15000.0,15000.0,15000.0,0.0,0.0,2008,1,9,0,36,0.05,0.05,0.052857142857142866,0.05142857142857143,0.0,3.3333333333333335,LOW
2008-09-02,15000.0,15000.0,15000.0,15000.0,15000.0,15000.0,15000.0,0.0,0.0,2008,2,9,1,36,0.05,0.06,0.05285714285714286,0.051428571428571435,0.0,3.3333333333333335,LOW
2008-09-03,15000.0,15000.0,15000.0,15000.0,15000.0,15000.0,15000.0,0.0,0.0,2008,3,9,2,36,0.05,0.06,0.05142857142857143,0.051428571428571435,0.0,3.3333333333333335,LOW
2008-09-04,15000.0,15000.0,15000.0,15000.0,15000.0,15000.0,15000.0,0.0,0.0,2008,4,9,3,36,0.05,0.05,0.05,0.05142857142857143,0.0,3.3333333333333335,LOW
2008-09-05,15000.0,15000.0,15000.0,15000.0,15000.0,15000.0,15000.0,0.0,0.0,2008,5,9,4,36,0.05,0.05,0.05,0.051428571428571435,0.0,3.3333333333333335,LOW
2008-09-06,15000.0,15000.0,15000.0,15000.0,15000.0,15000.0,15000.0,0.0,0.0,2008,6,9,5,36,0.05,0.05,0.05,0.05142857142857143,0.0,3.3333333333333335,LOW
2008-09-08,15000.0,15000.0,15000.0,15000.0,15000.0,15000.0,15000.0,0.0,0.0,2008,8,9,0,37,0.05,0.05,0.05,0.05142857142857143,19.99999999999999,3.3333333333333335,LOW
2008-09-09,15000.0,15000.0,15000.0,15000.0,15000.0,15000.0,15000.0,0.0,0.0,2008,9,9,1,37,0.06,0.05,0.05142857142857143,0.05214285714285715,-16.66666666666666,3.3333333333333335,LOW
2008-09-10,15000.0,15000.0,15000.0,15000.0,15000.0,15000.0,15000.0,0.0,0.0,2008,10,9,2,37,0.05,0.05,0.05142857142857143,0.052142857142857144,0.0,3.3333333333333335,LOW
2008-09-12,15000.0,15000.0,15000.0,15000.0,15000.0,15000.0,15000.0,0.0,0.0,2008,12,9,4,37,0.05,0.05,0.051428571428571435,0.051428571428571435,0.0,3.3333333333333335,LOW
2008-09-13,15000.0,15000.0,15000.0,15000.0,15000.0,15000.0,15000.0,0.0,0.0,2008,13,9,5,37,0.05,0.05,0.051428571428571435,0.05071428571428571,0.0,3.3333333333333335,LOW
2008-09-15,15000.0,15000.0,15000.0,15000.0,15000.0,15000.0,15000.0,0.0,0.0,2008,15,9,0,38,0.05,0.05,0.05142857142857143,0.05071428571428572,0.0,3.3333333333333335,LOW
2008-09-16,15000.0,15000.0,15000.0,15000.0,15000.0,15000.0,15000.0,0.0,0.0,2008,16,9,1,38,0.05,0.05,0.05142857142857143,0.05071428571428572,0.0,3.3333333333333335,LOW
2008-09-17,15000.0,15000.0,15000.0,15000.0,15000.0,15000.0,15000.0,0.0,0.0,2008,17,9,2,38,0.05,0.06,0.051428571428571435,0.05071428571428571,0.0,3.3333333333333335,LOW
2008-09-18,15000.0,15000.0,15000.0,15000.0,15000.0,15000.0,15000.0,0.0,0.0,2008,18,9,3,38,0.05,0.05,0.05,0.05071428571428572,0.0,3.3333333333333335,LOW
2008-09-19,15000.0,15000.0,15000.0,15000.0,15000.0,15000.0,15000.0,0.0,0.0,2008,19,9,4,38,0.05,0.05,0.05,0.05071428571428572,0.0,3.3333333333333335,LOW
2008-09-22,15000.0,15000.0,15000.0,15000.0,15000.0,15000.0,15000.0,0.0,0.0,2008,22,9,0,39,0.05,0.05,0.05,0.05071428571428571,0.0,3.3333333333333335,LOW
2008-09-23,15000.0,15000.0,15000.0,15000.0,15000.0,15000.0,15000.0,0.0,0.0,2008,23,9,1,39,0.05,0.05,0.05,0.05071428571428572,0.0,3.3333333333333335,LOW
2008-09-24,15000.0,15000.0,15000.0,15000.0,15000.0,15000.0,15000.0,0.0,0.0,2008,24,9,2,39,0.05,0.05,0.05,0.05071428571428571,0.0,3.3333333333333335,LOW
2008-09-25,15000.0,15000.0,15000.0,15000.0,15000.0,15000.0,15000.0,0.0,0.0,2008,25,9,3,39,0.05,0.05,0.05,0.05071428571428572,0.0,3.3333333333333335,LOW
2008-09-26,15000.0,15000.0,15000.0,15000.0,15000.0,15000.0,15000.0,0.0,0.0,2008,26,9,4,39,0.05,0.05,0.05,0.05071428571428572,0.0,3.3333333333333335,LOW
2008-09-27,15000.0,15000.0,15000.0,15000.0,15000.0,15000.0,15000.0,0.0,0.0,2008,27,9,5,39,0.05,0.05,0.05,0.05,0.0,3.3333333333333335,LOW
2008-09-29,15000.0,15000.0,15000.0,15000.0,15000.0,15000.0,15000.0,0.0,0.0,2008,29,9,0,40,0.05,0.05,0.05,0.05,0.0,3.3333333333333335,LOW
2008-09-30,15000.0,15000.0,15000.0,15000.0,15000.0,15000.0,15000.0,0.0,0.0,2008,30,9,1,40,0.05,0.05,0.05,0.05,0.0,3.3333333333333335,LOW
2008-10-01,15000.0,15000.0,15000.0,15000.0,15000.0,15000.0,15000.0,0.0,0.0,2008,1,10,2,40,0.05,0.05,0.05,0.05,9900.0,3.3333333333333335,LOW
2008-10-03,15000.0,15000.0,15000.0,15000.0,15000.0,15000.0,15000.0,0.0,0.0,2008,3,10,4,40,5.0,0.05,0.7571428571428571,0.4035714285714286,-99.0,3.3333333333333335,LOW
2008-10-04,15000.0,15000.0,15000.0,15000.0,15000.0,15000.0,15000.0,0.0,0.0,2008,4,10,5,40,0.05,0.05,0.7571428571428571,0.4035714285714286,0.0,3.3333333333333335,LOW
2008-10-10,15000.0,15000.0,15000.0,15000.0,15000.0,15000.0,15000.0,0.0,0.0,2008,10,10,4,41,0.05,0.05,0.7571428571428571,0.4035714285714286,19.99999999999999,6.666666666666667,LOW
2008-10-11,15000.0,15000.0,15000.0,15000.0,15000.0,15000.0,15000.0,0.0,0.0,2008,11,10,5,41,0.06,0.05,0.7585714285714286,0.4042857142857143,-16.66666666666666,3.3333333333333335,LOW
2008-10-13,15000.0,15000.0,15000.0,15000.0,15000.0,15000.0,15000.0,0.0,0.0,2008,13,10,0,42,0.05,0.05,0.7585714285714286,0.4042857142857143,19.99999999999999,3.3333333333333335,LOW
2008-10-14,15000.0,15000.0,15000.0,15000.0,15000.0,15000.0,15000.0,0.0,0.0,2008,14,10,1,42,0.06,0.05,0.7599999999999999,0.40499999999999997,-16.66666666666666,3.3333333333333335,LOW
2008-10-15,15000.0,15000.0,15000.0,15000.0,15000.0,15000.0,15000.0,0.0,0.0,2008,15,10,2,42,0.05,5.0,0.76,0.4050000000000001,19.99999999999999,3.3333333333333335,LOW
2008-10-16,15000.0,15000.0,15000.0,15000.0,15000.0,15000.0,15000.0,0.0,0.0,2008,16,10,3,42,0.06,0.05,0.054285714285714284,0.40571428571428575,0.0,3.3333333333333335,LOW
2008-10-17,15000.0,15000.0,15000.0,15000.0,15000.0,15000.0,15000.0,0.0,0.0,2008,17,10,4,42,0.06,0.05,0.055714285714285716,0.4064285714285715,-16.66666666666666,3.3333333333333335,LOW
2008-10-18,15000.0,15000.0,15000.0,15000.0,15000.0,15000.0,15000.0,0.0,0.0,2008,18,10,5,42,0.05,0.06,0.05571428571428571,0.4064285714285715,0.0,3.3333333333333335,LOW
2008-10-20,15000.0,15000.0,15000.0,15000.0,15000.0,15000.0,15000.0,0.0,0.0,2008,20,10,0,43,0.05,0.05,0.054285714285714284,0.4064285714285715,19.99999999999999,3.3333333333333335,LOW
2008-10-21,15000.0,15000.0,15000.0,15000.0,15000.0,15000.0,15000.0,0.0,0.0,2008,21,10,1,43,0.06,0.06,0.055714285714285716,0.40714285714285714,-16.66666666666666,3.3333333333333335,LOW
2008-10-22,15000.0,15000.0,15000.0,15000.0,15000.0,15000.0,15000.0,0.0,0.0,2008,22,10,2,43,0.05,0.05,0.054285714285714284,0.4071428571428572,0.0,3.3333333333333335,LOW
2008-10-23,15000.0,15000.0,15000.0,15000.0,15000.0,15000.0,15000.0,0.0,0.0,2008,23,10,3,43,0.05,0.06,0.054285714285714284,0.40714285714285714,0.0,3.3333333333333335,LOW
2008-10-24,15000.0,15000.0,15000.0,15000.0,15000.0,15000.0,15000.0,0.0,0.0,2008,24,10,4,43,0.05,0.06,0.05285714285714286,0.05357142857142857,0.0,3.3333333333333335,LOW
2008-10-25,15000.0,15000.0,15000.0,15000.0,15000.0,15000.0,15000.0,0.0,0.0,2008,25,10,5,43,0.05,0.05,0.05142857142857143,0.05357142857142857,0.0,3.3333333333333335,LOW
2008-10-27,15000.0,15000.0,15000.0,15000.0,15000.0,15000.0,15000.0,0.0,0.0,2008,27,10,0,44,0.05,0.05,0.051428571428571435,0.05357142857142857,0.0,3.3333333333333335,LOW
2008-10-29,15000.0,15000.0,15000.0,15000.0,15000.0,15000.0,15000.0,0.0,0.0,2008,29,10,2,44,0.05,0.06,0.051428571428571435,0.05285714285714286,0.0,3.3333333333333335,LOW
2008-10-31,15000.0,15000.0,15000.0,15000.0,15000.0,15000.0,15000.0,0.0,0.0,2008,31,10,4,44,0.05,0.05,0.05,0.052857142857142866,19.99999999999999,3.3333333333333335,LOW
2008-11-01,15000.0,15000.0,15000.0,15000.0,15000.0,15000.0,15000.0,0.0,0.0,2008,1,11,5,44,0.06,0.05,0.05142857142857143,0.05285714285714286,-16.66666666666666,3.3333333333333335,LOW
2008-11-03,15000.0,15000.0,15000.0,15000.0,15000.0,15000.0,15000.0,0.0,0.0,2008,3,11,0,45,0.05,0.05,0.05142857142857143,0.05285714285714286,0.0,3.3333333333333335,LOW
2008-11-06,15000.0,15000.0,15000.0,15000.0,15000.0,15000.0,15000.0,0.0,0.0,2008,6,11,3,45,0.05,0.05,0.051428571428571435,0.052142857142857144,0.0,3.3333333333333335,LOW
2008-11-07,15000.0,15000.0,15000.0,15000.0,15000.0,15000.0,15000.0,0.0,0.0,2008,7,11,4,45,0.05,0.05,0.051428571428571435,0.05142857142857143,0.0,3.3333333333333335,LOW
2008-11-08,15000.0,15000.0,15000.0,15000.0,15000.0,15000.0,15000.0,0.0,0.0,2008,8,11,5,45,0.05,0.05,0.05142857142857143,0.051428571428571435,0.0,3.3333333333333335,LOW
2008-11-10,15000.0,15000.0,15000.0,15000.0,15000.0,15000.0,15000.0,0.0,0.0,2008,10,11,0,46,0.05,0.05,0.05142857142857143,0.05142857142857143,19.99999999999999,3.3333333333333335,LOW
2008-11-11,15000.0,15000.0,15000.0,15000.0,15000.0,15000.0,15000.0,0.0,0.0,2008,11,11,1,46,0.06,0.06,0.05285714285714286,0.051428571428571435,-16.66666666666666,3.3333333333333335,LOW
2008-11-12,15000.0,15000.0,15000.0,15000.0,15000.0,15000.0,15000.0,0.0,0.0,2008,12,11,2,46,0.05,0.05,0.051428571428571435,0.05142857142857143,19.99999999999999,3.3333333333333335,LOW
2008-11-14,15000.0,15000.0,15000.0,15000.0,15000.0,15000.0,15000.0,0.0,0.0,2008,14,11,4,46,0.06,0.05,0.052857142857142866,0.052142857142857144,-16.66666666666666,3.3333333333333335,LOW
2008-11-17,15000.0,15000.0,15000.0,15000.0,15000.0,15000.0,15000.0,0.0,0.0,2008,17,11,0,47,0.05,0.05,0.05285714285714286,0.052142857142857144,0.0,3.3333333333333335,LOW
2008-11-18,15000.0,15000.0,15000.0,15000.0,15000.0,15000.0,15000.0,0.0,0.0,2008,18,11,1,47,0.05,0.05,0.05285714285714286,0.052142857142857144,19.99999999999999,3.3333333333333335,LOW
2008-11-20,15000.0,15000.0,15000.0,15000.0,15000.0,15000.0,15000.0,0.0,0.0,2008,20,11,3,47,0.06,0.05,0.054285714285714284,0.052857142857142866,0.0,3.3333333333333335,LOW
2008-11-21,15000.0,15000.0,15000.0,15000.0,15000.0,15000.0,15000.0,0.0,0.0,2008,21,11,4,47,0.06,0.06,0.05571428571428571,0.05357142857142857,0.0,3.3333333333333335,LOW
2008-11-22,15000.0,15000.0,15000.0,15000.0,15000.0,15000.0,15000.0,0.0,0.0,2008,22,11,5,47,0.06,0.05,0.05571428571428571,0.054285714285714284,-16.66666666666666,3.3333333333333335,LOW
2008-11-24,15000.0,15000.0,15000.0,15000.0,15000.0,15000.0,15000.0,0.0,0.0,2008,24,11,0,48,0.05,0.06,0.055714285714285716,0.05357142857142857,0.0,3.3333333333333335,LOW
2008-11-25,15000.0,15000.0,15000.0,15000.0,15000.0,15000.0,15000.0,0.0,0.0,2008,25,11,1,48,0.05,0.05,0.054285714285714284,0.05357142857142857,19.99999999999999,3.3333333333333335,LOW
2008-11-26,15000.0,15000.0,15000.0,15000.0,15000.0,15000.0,15000.0,0.0,0.0,2008,26,11,2,48,0.06,0.05,0.055714285714285716,0.054285714285714284,0.0,3.3333333333333335,LOW
2008-11-27,15000.0,15000.0,15000.0,15000.0,15000.0,15000.0,15000.0,0.0,0.0,2008,27,11,3,48,0.06,0.06,0.05714285714285715,0.055,-16.66666666666666,3.3333333333333335,LOW
2008-12-01,15000.0,15000.0,15000.0,15000.0,15000.0,15000.0,15000.0,0.0,0.0,2008,1,12,0,49,0.05,0.06,0.055714285714285716,0.055,0.0,3.3333333333333335,LOW
2008-12-02,15000.0,15000.0,15000.0,15000.0,15000.0,15000.0,15000.0,0.0,0.0,2008,2,12,1,49,0.05,0.06,0.054285714285714284,0.055,0.0,3.3333333333333335,LOW
2008-12-04,15000.0,15000.0,15000.0,15000.0,15000.0,15000.0,15000.0,0.0,0.0,2008,4,12,3,49,0.05,0.05,0.05285714285714286,0.054285714285714284,19.99999999999999,3.3333333333333335,LOW
2008-12-05,15000.0,15000.0,15000.0,15000.0,15000.0,15000.0,15000.0,0.0,0.0,2008,5,12,4,49,0.06,0.05,0.054285714285714284,0.055,-16.66666666666666,3.3333333333333335,LOW
2008-12-06,15000.0,15000.0,15000.0,15000.0,15000.0,15000.0,15000.0,0.0,0.0,2008,6,12,5,49,0.05,0.06,0.054285714285714284,0.054285714285714284,0.0,3.3333333333333335,LOW
2008-12-12,15000.0,15000.0,15000.0,15000.0,15000.0,15000.0,15000.0,0.0,0.0,2008,12,12,4,50,0.05,0.06,0.05285714285714286,0.054285714285714284,19.99999999999999,3.3333333333333335,LOW
2008-12-13,15000.0,15000.0,15000.0,15000.0,15000.0,15000.0,15000.0,0.0,0.0,2008,13,12,5,50,0.06,0.05,0.05285714285714286,0.055,-16.66666666666666,3.3333333333333335,LOW
2008-12-15,15000.0,15000.0,15000.0,15000.0,15000.0,15000.0,15000.0,0.0,0.0,2008,15,12,0,51,0.05,0.05,0.05285714285714286,0.054285714285714284,19.99999999999999,3.3333333333333335,LOW
2008-12-16,15000.0,15000.0,15000.0,15000.0,15000.0,15000.0,15000.0,0.0,0.0,2008,16,12,1,51,0.06,0.05,0.054285714285714284,0.054285714285714284,-16.66666666666666,3.3333333333333335,LOW
2008-12-17,15000.0,15000.0,15000.0,15000.0,15000.0,15000.0,15000.0,0.0,0.0,2008,17,12,2,51,0.05,0.06,0.054285714285714284,0.05357142857142857,19.99999999999999,3.3333333333333335,LOW
2008-12-18,15000.0,15000.0,15000.0,15000.0,15000.0,15000.0,15000.0,0.0,0.0,2008,18,12,3,51,0.06,0.05,0.054285714285714284,0.054285714285714284,-16.66666666666666,3.3333333333333335,LOW
2008-12-19,15000.0,15000.0,15000.0,15000.0,15000.0,15000.0,15000.0,0.0,0.0,2008,19,12,4,51,0.05,0.05,0.054285714285714284,0.054285714285714284,-20.000000000000004,6.666666666666667,LOW
2008-12-20,15000.0,15000.0,15000.0,15000.0,15000.0,15000.0,15000.0,0.0,0.0,2008,20,12,5,51,0.04,0.06,0.05285714285714286,0.052857142857142866,25.000000000000007,6.666666666666667,LOW
2008-12-22,15000.0,15000.0,15000.0,15000.0,15000.0,15000.0,15000.0,0.0,0.0,2008,22,12,0,52,0.05,0.05,0.05142857142857143,0.052142857142857144,0.0,3.3333333333333335,LOW
2008-12-23,15000.0,15000.0,15000.0,15000.0,15000.0,15000.0,15000.0,0.0,0.0,2008,23,12,1,52,0.05,0.06,0.051428571428571435,0.052142857142857144,0.0,3.3333333333333335,LOW
2008-12-24,15000.0,15000.0,15000.0,15000.0,15000.0,15000.0,15000.0,0.0,0.0,2008,24,12,2,52,0.05,0.05,0.05,0.052142857142857144,0.0,3.3333333333333335,LOW
2008-12-26,15000.0,15000.0,15000.0,15000.0,15000.0,15000.0,15000.0,0.0,0.0,2008,26,12,4,52,0.05,0.06,0.05,0.052142857142857144,19.99999999999999,3.3333333333333335,LOW
2008-12-27,15000.0,15000.0,15000.0,15000.0,15000.0,15000.0,15000.0,0.0,0.0,2008,27,12,5,52,0.06,0.05,0.05,0.05214285714285715,-33.33333333333333,3.3333333333333335,LOW
2008-12-29,15000.0,15000.0,15000.0,15000.0,15000.0,15000.0,15000.0,0.0,0.0,2008,29,12,0,1,0.04,0.04,0.048571428571428564,0.05142857142857143,49.999999999999986,3.3333333333333335,LOW
2008-12-30,15000.0,15000.0,15000.0,15000.0,15000.0,15000.0,15000.0,0.0,0.0,2008,30,12,1,1,0.06,0.05,0.05142857142857143,0.052142857142857144,-16.66666666666666,3.3333333333333335,LOW
2008-12-31,15000.0,15000.0,15000.0,15000.0,15000.0,15000.0,15000.0,0.0,0.0,2008,31,12,2,1,0.05,0.05,0.051428571428571435,0.05142857142857143,0.0,3.3333333333333335,LOW
2009-01-01,15000.0,15000.0,15000.0,15000.0,15000.0,15000.0,15000.0,0.0,0.0,2009,1,1,3,1,0.05,0.05,0.05142857142857143,0.05142857142857143,0.0,3.3333333333333335,LOW
2009-01-02,15000.0,15000.0,15000.0,15000.0,15000.0,15000.0,15000.0,0.0,0.0,2009,2,1,4,1,0.05,0.05,0.05142857142857143,0.05071428571428572,0.0,3.3333333333333335,LOW
2009-01-03,15000.0,15000.0,15000.0,15000.0,15000.0,15000.0,15000.0,0.0,0.0,2009,3,1,5,1,0.05,0.06,0.05142857142857143,0.05071428571428571,0.0,3.3333333333333335,LOW
2009-01-06,15000.0,15000.0,15000.0,15000.0,15000.0,15000.0,15000.0,0.0,0.0,2009,6,1,1,2,0.05,0.04,0.05,0.05,0.0,3.3333333333333335,LOW
2009-01-07,15000.0,15000.0,15000.0,15000.0,15000.0,15000.0,15000.0,0.0,0.0,2009,7,1,2,2,0.05,0.06,0.051428571428571435,0.049999999999999996,0.0,3.3333333333333335,LOW
2009-01-09,15000.0,15000.0,15000.0,15000.0,15000.0,15000.0,15000.0,0.0,0.0,2009,9,1,4,2,0.05,0.05,0.05,0.05071428571428571,0.0,3.3333333333333335,LOW
2009-01-12,15000.0,15000.0,15000.0,15000.0,15000.0,15000.0,15000.0,0.0,0.0,2009,12,1,0,3,0.05,0.05,0.05,0.05071428571428572,0.0,3.3333333333333335,LOW
2009-01-13,15000.0,15000.0,15000.0,15000.0,15000.0,15000.0,15000.0,0.0,0.0,2009,13,1,1,3,0.05,0.05,0.05,0.05071428571428571,0.0,3.3333333333333335,LOW
2009-01-15,15000.0,15000.0,15000.0,15000.0,15000.0,15000.0,15000.0,0.0,0.0,2009,15,1,3,3,0.05,0.05,0.05,0.05071428571428572,0.0,3.3333333333333335,LOW
2009-01-16,15000.0,15000.0,15000.0,15000.0,15000.0,15000.0,15000.0,0.0,0.0,2009,16,1,4,3,0.05,0.05,0.05,0.05071428571428572,0.0,3.3333333333333335,LOW
2009-01-17,15000.0,15000.0,15000.0,15000.0,15000.0,15000.0,15000.0,0.0,0.0,2009,17,1,5,3,0.05,0.05,0.05,0.049999999999999996,0.0,3.3333333333333335,LOW
2009-01-19,15000.0,15000.0,15000.0,15000.0,15000.0,15000.0,15000.0,0.0,0.0,2009,19,1,0,4,0.05,0.05,0.05,0.05071428571428572,0.0,3.3333333333333335,LOW
2009-01-20,15000.0,15000.0,15000.0,15000.0,15000.0,15000.0,15000.0,0.0,0.0,2009,20,1,1,4,0.05,0.05,0.05,0.05,0.0,3.3333333333333335,LOW
2009-01-21,15000.0,15000.0,15000.0,15000.0,15000.0,15000.0,15000.0,0.0,0.0,2009,21,1,2,4,0.05,0.05,0.05,0.05,0.0,3.3333333333333335,LOW
2009-02-02,15000.0,15000.0,15000.0,15000.0,15000.0,15000.0,15000.0,0.0,0.0,2009,2,2,0,6,0.05,0.05,0.05,0.05,0.0,3.3333333333333335,LOW
2009-02-03,15000.0,15000.0,15000.0,15000.0,15000.0,15000.0,15000.0,0.0,0.0,2009,3,2,1,6,0.05,0.05,0.05,0.05,0.0,3.3333333333333335,LOW
2009-02-04,15000.0,15000.0,15000.0,15000.0,15000.0,15000.0,15000.0,0.0,0.0,2009,4,2,2,6,0.05,0.05,0.05,0.05,0.0,3.3333333333333335,LOW
2009-02-05,15000.0,15000.0,15000.0,15000.0,15000.0,15000.0,15000.0,0.0,0.0,2009,5,2,3,6,0.05,0.05,0.05,0.05,0.0,3.3333333333333335,LOW
2009-02-06,15000.0,15000.0,15000.0,15000.0,15000.0,15000.0,15000.0,0.0,0.0,2009,6,2,4,6,0.05,0.05,0.05,0.05,0.0,3.3333333333333335,LOW
2009-02-07,15000.0,15000.0,15000.0,15000.0,15000.0,15000.0,15000.0,0.0,0.0,2009,7,2,5,6,0.05,0.05,0.05,0.05,0.0,3.3333333333333335,LOW
2009-02-10,15000.0,15000.0,15000.0,15000.0,15000.0,15000.0,15000.0,0.0,0.0,2009,10,2,1,7,0.05,0.05,0.05,0.05,0.0,3.3333333333333335,LOW
2009-03-03,15000.0,15000.0,15000.0,15000.0,15000.0,15000.0,15000.0,0.0,0.0,2009,3,3,1,10,0.05,0.05,0.05,0.05,0.0,3.3333333333333335,LOW
2009-03-04,15000.0,15000.0,15000.0,15000.0,15000.0,15000.0,15000.0,0.0,0.0,2009,4,3,2,10,0.05,0.05,0.05,0.05,0.0,3.3333333333333335,LOW
2009-03-05,15000.0,15000.0,15000.0,15000.0,15000.0,15000.0,15000.0,0.0,0.0,2009,5,3,3,10,0.05,0.05,0.05,0.05,19.99999999999999,3.3333333333333335,LOW
2009-03-06,15000.0,15000.0,15000.0,15000.0,15000.0,15000.0,15000.0,0.0,0.0,2009,6,3,4,10,0.06,0.05,0.051428571428571435,0.05071428571428572,-16.66666666666666,3.3333333333333335,LOW
2009-03-07,15000.0,15000.0,15000.0,15000.0,15000.0,15000.0,15000.0,0.0,0.0,2009,7,3,5,10,0.05,0.05,0.051428571428571435,0.05071428571428571,0.0,3.3333333333333335,LOW
2009-03-09,15000.0,15000.0,15000.0,15000.0,15000.0,15000.0,15000.0,0.0,0.0,2009,9,3,0,11,0.05,0.05,0.05142857142857143,0.05071428571428571,19.99999999999999,3.3333333333333335,LOW
2009-03-12,15000.0,15000.0,15000.0,15000.0,15000.0,15000.0,15000.0,0.0,0.0,2009,12,3,3,11,0.06,0.05,0.05285714285714286,0.051428571428571435,-16.66666666666666,3.3333333333333335,LOW
2009-03-13,15000.0,15000.0,15000.0,15000.0,15000.0,15000.0,15000.0,0.0,0.0,2009,13,3,4,11,0.05,0.05,0.05285714285714286,0.05142857142857143,0.0,3.3333333333333335,LOW
2009-03-14,15000.0,15000.0,15000.0,15000.0,15000.0,15000.0,15000.0,0.0,0.0,2009,14,3,5,11,0.05,0.05,0.05285714285714286,0.051428571428571435,0.0,3.3333333333333335,LOW
2009-03-19,15000.0,15000.0,15000.0,15000.0,15000.0,15000.0,15000.0,0.0,0.0,2009,19,3,3,12,0.05,0.06,0.05285714285714286,0.05142857142857143,0.0,3.3333333333333335,LOW
2009-03-20,15000.0,15000.0,15000.0,15000.0,15000.0,15000.0,15000.0,0.0,0.0,2009,20,3,4,12,0.05,0.05,0.05142857142857143,0.05142857142857143,0.0,3.3333333333333335,LOW
2009-03-21,15000.0,15000.0,15000.0,15000.0,15000.0,15000.0,15000.0,0.0,0.0,2009,21,3,5,12,0.05,0.05,0.05142857142857143,0.051428571428571435,0.0,3.3333333333333335,LOW
2009-03-23,15000.0,15000.0,15000.0,15000.0,15000.0,15000.0,15000.0,0.0,0.0,2009,23,3,0,13,0.05,0.06,0.051428571428571435,0.05142857142857143,19.99999999999999,3.3333333333333335,LOW
2009-03-24,15000.0,15000.0,15000.0,15000.0,15000.0,15000.0,15000.0,0.0,0.0,2009,24,3,1,13,0.06,0.05,0.051428571428571435,0.052142857142857144,0.0,3.3333333333333335,LOW
2009-03-25,15000.0,15000.0,15000.0,15000.0,15000.0,15000.0,15000.0,0.0,0.0,2009,25,3,2,13,0.06,0.05,0.052857142857142866,0.05285714285714286,-16.66666666666666,3.3333333333333335,LOW
2009-03-26,15000.0,15000.0,15000.0,15000.0,15000.0,15000.0,15000.0,0.0,0.0,2009,26,3,3,13,0.05,0.05,0.05285714285714286,0.05285714285714286,0.0,3.3333333333333335,LOW
2009-03-27,15000.0,15000.0,15000.0,15000.0,15000.0,15000.0,15000.0,0.0,0.0,2009,27,3,4,13,0.05,0.05,0.05285714285714286,0.052857142857142866,19.99999999999999,3.3333333333333335,LOW
2009-03-28,15000.0,15000.0,15000.0,15000.0,15000.0,15000.0,15000.0,0.0,0.0,2009,28,3,5,13,0.06,0.05,0.054285714285714284,0.05285714285714286,-16.66666666666666,3.3333333333333335,LOW
2009-03-30,15000.0,15000.0,15000.0,15000.0,15000.0,15000.0,15000.0,0.0,0.0,2009,30,3,0,14,0.05,0.05,0.054285714285714284,0.05285714285714286,0.0,3.3333333333333335,LOW
2009-04-01,15000.0,15000.0,15000.0,15000.0,15000.0,15000.0,15000.0,0.0,0.0,2009,1,4,2,14,0.05,0.06,0.054285714285714284,0.05285714285714286,19.99999999999999,3.3333333333333335,LOW
2009-04-02,15000.0,15000.0,15000.0,15000.0,15000.0,15000.0,15000.0,0.0,0.0,2009,2,4,3,14,0.06,0.06,0.054285714285714284,0.05285714285714286,-16.66666666666666,3.3333333333333335,LOW
2009-04-04,15000.0,15000.0,15000.0,15000.0,15000.0,15000.0,15000.0,0.0,0.0,2009,4,4,5,14,0.05,0.05,0.05285714285714286,0.05285714285714286,0.0,3.3333333333333335,LOW
2009-04-06,15000.0,15000.0,15000.0,15000.0,15000.0,15000.0,15000.0,0.0,0.0,2009,6,4,0,15,0.05,0.05,0.05285714285714286,0.05285714285714286,0.0,3.3333333333333335,LOW
2009-05-02,15000.0,15000.0,15000.0,15000.0,15000.0,15000.0,15000.0,0.0,0.0,2009,2,5,5,18,0.05,0.06,0.05285714285714286,0.05285714285714286,0.0,3.3333333333333335,LOW
2009-05-04,15000.0,15000.0,15000.0,15000.0,15000.0,15000.0,15000.0,0.0,0.0,2009,4,5,0,19,0.05,0.05,0.051428571428571435,0.05285714285714286,19.99999999999999,3.3333333333333335,LOW
2009-05-05,15000.0,15000.0,15000.0,15000.0,15000.0,15000.0,15000.0,0.0,0.0,2009,5,5,1,19,0.06,0.05,0.052857142857142866,0.05357142857142857,-16.66666666666666,3.3333333333333335,LOW
2009-05-06,15000.0,15000.0,15000.0,15000.0,15000.0,15000.0,15000.0,0.0,0.0,2009,6,5,2,19,0.05,0.06,0.05285714285714286,0.05357142857142857,0.0,3.3333333333333335,LOW
2009-05-07,15000.0,15000.0,15000.0,15000.0,15000.0,15000.0,15000.0,0.0,0.0,2009,7,5,3,19,0.05,0.05,0.05142857142857143,0.05285714285714286,0.0,3.3333333333333335,LOW
2009-05-08,15000.0,15000.0,15000.0,15000.0,15000.0,15000.0,15000.0,0.0,0.0,2009,8,5,4,19,0.05,0.05,0.05142857142857143,0.05214285714285715,0.0,3.3333333333333335,LOW
2009-05-11,15000.0,15000.0,15000.0,15000.0,15000.0,15000.0,15000.0,0.0,0.0,2009,11,5,0,20,0.05,0.05,0.051428571428571435,0.052142857142857144,0.0,3.3333333333333335,LOW
2009-05-12,15000.0,15000.0,15000.0,15000.0,15000.0,15000.0,15000.0,0.0,0.0,2009,12,5,1,20,0.05,0.05,0.051428571428571435,0.052142857142857144,0.0,3.3333333333333335,LOW
2009-05-13,15000.0,15000.0,15000.0,15000.0,15000.0,15000.0,15000.0,0.0,0.0,2009,13,5,2,20,0.05,0.06,0.05142857142857143,0.051428571428571435,0.0,3.3333333333333335,HIGH
2009-05-14,15000.0,15000.0,15000.0,15000.0,15000.0,15000.0,15000.0,0.0,0.0,2009,14,5,3,20,0.05,0.05,0.05,0.05142857142857143,19.99999999999999,3.3333333333333335,HIGH
2009-05-15,15000.0,15000.0,15000.0,15000.0,15000.0,15000.0,15000.0,0.0,0.0,2009,15,5,4,20,0.06,0.05,0.05142857142857143,0.05214285714285715,-16.66666666666666,3.3333333333333335,HIGH
2009-05-16,15000.0,15000.0,15000.0,15000.0,15000.0,15000.0,15000.0,0.0,0.0,2009,16,5,5,20,0.05,0.05,0.051428571428571435,0.05142857142857143,0.0,3.3333333333333335,HIGH
2009-05-18,15000.0,15000.0,15000.0,15000.0,15000.0,15000.0,15000.0,0.0,0.0,2009,18,5,0,21,0.05,0.05,0.051428571428571435,0.05142857142857143,0.0,3.3333333333333335,LOW
2009-06-06,15000.0,15000.0,15000.0,15000.0,15000.0,15000.0,15000.0,0.0,0.0,2009,6,6,5,23,0.05,0.05,0.05142857142857143,0.051428571428571435,0.0,5.263157894736842,LOW
2009-06-08,19000.0,15000.0,15000.0,15000.0,15571.42857142857,15285.714285714286,15133.333333333334,1511.857892036909,1069.0449676496942,2009,8,6,0,24,0.05,0.05,0.05142857142857143,0.05142857142857143,0.0,5.263157894736842,LOW
2009-06-09,19000.0,15000.0,15000.0,15000.0,16142.857142857143,15571.42857142857,15266.666666666666,1951.8001458970666,1452.5460784051224,2009,9,6,1,24,0.05,0.05,0.051428571428571435,0.051428571428571435,0.0,5.263157894736842,LOW
2009-06-10,19000.0,15000.0,15000.0,15000.0,16714.285714285714,15857.142857142857,15400.0,2138.089935299395,1703.2612545052764,2009,10,6,2,24,0.05,0.06,0.051428571428571435,0.05071428571428571,-20.000000000000004,5.263157894736842,LOW
2009-06-11,19000.0,15000.0,15000.0,15000.0,17285.714285714286,16142.857142857143,15533.333333333334,2138.089935299395,1875.2289237539771,2009,11,6,3,24,0.04,0.05,0.04857142857142858,0.049999999999999996,25.000000000000007,5.263157894736842,LOW
2009-06-12,19000.0,15000.0,15000.0,15000.0,17857.14285714286,16428.571428571428,15666.666666666666,1951.8001458970662,1988.9806323953824,2009,12,6,4,24,0.05,0.05,0.04857142857142858,0.05,0.0,5.263157894736842,LOW
2009-06-13,19000.0,15000.0,15000.0,15000.0,18428.571428571428,16714.285714285714,15800.0,1511.8578920369077,2054.210364052376,2009,13,6,5,24,0.05,0.05,0.04857142857142858,0.049999999999999996,0.0,5.263157894736842,LOW
2009-06-15,19000.0,19000.0,15000.0,15000.0,19000.0,17000.0,15933.333333333334,0.0,2075.4980866510764,2009,15,6,0,25,0.05,0.05,0.04857142857142858,0.05,0.0,5.263157894736842,LOW
2009-06-16,19000.0,19000.0,15000.0,15000.0,19000.0,17285.714285714286,16066.666666666666,0.0,2054.2103640523737,2009,16,6,1,25,0.05,0.05,0.04857142857142858,0.05,0.0,5.263157894736842,LOW
2009-07-01,19000.0,19000.0,15000.0,15000.0,19000.0,17571.428571428572,16200.0,0.0,1988.9806323953778,2009,1,7,2,27,0.05,0.05,0.04857142857142858,0.049999999999999996,0.0,5.263157894736842,LOW
2009-07-02,19000.0,19000.0,15000.0,15000.0,19000.0,17857.14285714286,16333.333333333334,0.0,1875.2289237539705,2009,2,7,3,27,0.05,0.04,0.04857142857142858,0.05,0.0,5.263157894736842,LOW
2009-07-03,19000.0,19000.0,15000.0,15000.0,19000.0,18142.85714285714,16466.666666666668,0.0,1703.2612545052673,2009,3,7,4,27,0.05,0.05,0.05,0.04928571428571429,0.0,5.263157894736842,LOW
2009-07-04,19000.0,19000.0,15000.0,15000.0,19000.0,18428.571428571428,16600.0,0.0,1452.5460784051093,2009,4,7,5,27,0.05,0.05,0.05,0.04928571428571429,0.0,5.263157894736842,LOW
2009-07-06,19000.0,19000.0,15000.0,15000.0,19000.0,18714.285714285714,16733.333333333332,0.0,1069.0449676496735,2009,6,7,0,28,0.05,0.05,0.05,0.04928571428571429,0.0,5.263157894736842,LOW
2009-07-07,19000.0,19000.0,19000.0,15000.0,19000.0,19000.0,16866.666666666668,0.0,0.0,2009,7,7,1,28,0.05,0.05,0.05,0.04928571428571428,0.0,5.263157894736842,LOW
2009-07-08,19000.0,19000.0,19000.0,15000.0,19000.0,19000.0,17000.0,0.0,0.0,2009,8,7,2,28,0.05,0.05,0.05,0.04928571428571429,0.0,5.263157894736842,LOW
2009-07-09,19000.0,19000.0,19000.0,15000.0,19000.0,19000.0,17133.333333333332,0.0,0.0,2009,9,7,3,28,0.05,0.05,0.05,0.04928571428571429,0.0,5.263157894736842,LOW
2009-07-10,19000.0,19000.0,19000.0,15000.0,19000.0,19000.0,17266.666666666668,0.0,0.0,2009,10,7,4,28,0.05,0.05,0.05,0.04928571428571429,0.0,5.263157894736842,LOW
2009-07-11,19000.0,19000.0,19000.0,15000.0,19000.0,19000.0,17400.0,0.0,0.0,2009,11,7,5,28,0.05,0.05,0.05,0.05,0.0,5.263157894736842,LOW
2009-07-13,19000.0,19000.0,19000.0,15000.0,19000.0,19000.0,17533.333333333332,0.0,0.0,2009,13,7,0,29,0.05,0.05,0.05,0.05,0.0,5.263157894736842,LOW
2009-07-14,19000.0,19000.0,19000.0,15000.0,19000.0,19000.0,17666.666666666668,0.0,0.0,2009,14,7,1,29,0.05,0.05,0.05,0.05,0.0,5.263157894736842,LOW
2009-07-15,19000.0,19000.0,19000.0,15000.0,19000.0,19000.0,17800.0,0.0,0.0,2009,15,7,2,29,0.05,0.05,0.05,0.05,0.0,5.263157894736842,LOW
2009-07-16,19000.0,19000.0,19000.0,15000.0,19000.0,19000.0,17933.333333333332,0.0,0.0,2009,16,7,3,29,0.05,0.05,0.05,0.05,0.0,5.263157894736842,LOW
2009-07-17,19000.0,19000.0,19000.0,15000.0,19000.0,19000.0,18066.666666666668,0.0,0.0,2009,17,7,4,29,0.05,0.05,0.05,0.05,0.0,5.263157894736842,LOW
2009-07-18,19000.0,19000.0,19000.0,15000.0,19000.0,19000.0,18200.0,0.0,0.0,2009,18,7,5,29,0.05,0.05,0.05,0.05,0.0,5.263157894736842,LOW
2009-07-20,19000.0,19000.0,19000.0,15000.0,19000.0,19000.0,18333.333333333332,0.0,0.0,2009,20,7,0,30,0.05,0.05,0.05,0.05,19.99999999999999,5.263157894736842,LOW
2009-07-21,19000.0,19000.0,19000.0,15000.0,19000.0,19000.0,18466.666666666668,0.0,0.0,2009,21,7,1,30,0.06,0.05,0.051428571428571435,0.05071428571428572,-16.66666666666666,5.263157894736842,LOW
2009-07-22,19000.0,19000.0,19000.0,15000.0,19000.0,19000.0,18600.0,0.0,0.0,2009,22,7,2,30,0.05,0.05,0.051428571428571435,0.05071428571428571,-20.000000000000004,5.263157894736842,LOW
2009-07-23,19000.0,19000.0,19000.0,15000.0,19000.0,19000.0,18733.333333333332,0.0,0.0,2009,23,7,3,30,0.04,0.05,0.049999999999999996,0.05,25.000000000000007,5.263157894736842,LOW
2009-07-24,19000.0,19000.0,19000.0,15000.0,19000.0,19000.0,18866.666666666668,0.0,0.0,2009,24,7,4,30,0.05,0.05,0.049999999999999996,0.05,0.0,5.263157894736842,LOW
2009-07-25,19000.0,19000.0,19000.0,19000.0,19000.0,19000.0,19000.0,0.0,0.0,2009,25,7,5,30,0.05,0.05,0.05,0.049999999999999996,19.99999999999999,5.263157894736842,LOW
2009-07-27,19000.0,19000.0,19000.0,19000.0,19000.0,19000.0,19000.0,0.0,0.0,2009,27,7,0,31,0.06,0.05,0.051428571428571435,0.05071428571428572,-16.66666666666666,5.263157894736842,LOW
2009-07-28,19000.0,19000.0,19000.0,19000.0,19000.0,19000.0,19000.0,0.0,0.0,2009,28,7,1,31,0.05,0.06,0.05142857142857143,0.05071428571428571,0.0,5.263157894736842,LOW
2009-07-29,19000.0,19000.0,19000.0,19000.0,19000.0,19000.0,19000.0,0.0,0.0,2009,29,7,2,31,0.05,0.05,0.049999999999999996,0.05071428571428571,0.0,2.631578947368421,LOW
2009-08-01,19000.0,19000.0,19000.0,19000.0,19000.0,19000.0,19000.0,0.0,0.0,2009,1,8,5,31,0.05,0.04,0.049999999999999996,0.05071428571428572,0.0,5.263157894736842,LOW
2009-08-03,19000.0,19000.0,19000.0,19000.0,19000.0,19000.0,19000.0,0.0,0.0,2009,3,8,0,32,0.05,0.05,0.051428571428571435,0.05071428571428571,0.0,5.263157894736842,LOW
2009-08-04,19000.0,19000.0,19000.0,19000.0,19000.0,19000.0,19000.0,0.0,0.0,2009,4,8,1,32,0.05,0.05,0.051428571428571435,0.05071428571428572,0.0,5.263157894736842,LOW
2009-08-05,19000.0,19000.0,19000.0,19000.0,19000.0,19000.0,19000.0,0.0,0.0,2009,5,8,2,32,0.05,0.06,0.05142857142857143,0.05071428571428572,0.0,5.263157894736842,LOW
2009-08-06,19000.0,19000.0,19000.0,19000.0,19000.0,19000.0,19000.0,0.0,0.0,2009,6,8,3,32,0.05,0.05,0.05,0.05071428571428571,0.0,5.263157894736842,LOW
2009-08-07,19000.0,19000.0,19000.0,19000.0,19000.0,19000.0,19000.0,0.0,0.0,2009,7,8,4,32,0.05,0.05,0.05,0.05071428571428572,0.0,5.263157894736842,LOW
2009-08-08,19000.0,19000.0,19000.0,19000.0,19000.0,19000.0,19000.0,0.0,0.0,2009,8,8,5,32,0.05,0.05,0.05,0.049999999999999996,0.0,5.263157894736842,LOW
2009-08-10,19000.0,19000.0,19000.0,19000.0,19000.0,19000.0,19000.0,0.0,0.0,2009,10,8,0,33,0.05,0.05,0.05,0.05,0.0,5.263157894736842,LOW
2009-08-11,19000.0,19000.0,19000.0,19000.0,19000.0,19000.0,19000.0,0.0,0.0,2009,11,8,1,33,0.05,0.05,0.05,0.05071428571428572,-20.000000000000004,5.263157894736842,LOW
2009-08-12,19000.0,19000.0,19000.0,19000.0,19000.0,19000.0,19000.0,0.0,0.0,2009,12,8,2,33,0.04,0.05,0.04857142857142858,0.049999999999999996,25.000000000000007,5.263157894736842,LOW
2009-08-26,19000.0,19000.0,19000.0,19000.0,19000.0,19000.0,19000.0,0.0,0.0,2009,26,8,2,35,0.05,0.05,0.04857142857142858,0.05,0.0,5.263157894736842,LOW
2009-08-27,19000.0,19000.0,19000.0,19000.0,19000.0,19000.0,19000.0,0.0,0.0,2009,27,8,3,35,0.05,0.05,0.04857142857142858,0.04928571428571429,0.0,5.263157894736842,LOW
2009-09-01,19000.0,19000.0,19000.0,19000.0,19000.0,19000.0,19000.0,0.0,0.0,2009,1,9,1,36,0.05,0.05,0.04857142857142858,0.04928571428571429,900.0,5.263157894736842,LOW
2009-09-02,19000.0,19000.0,19000.0,19000.0,19000.0,19000.0,19000.0,0.0,0.0,2009,2,9,2,36,0.5,0.05,0.11285714285714286,0.08142857142857143,0.0,5.263157894736842,LOW
2009-09-03,19000.0,19000.0,19000.0,19000.0,19000.0,19000.0,19000.0,0.0,0.0,2009,3,9,3,36,0.5,0.05,0.17714285714285713,0.11357142857142856,0.0,5.263157894736842,LOW
2009-09-04,19000.0,19000.0,19000.0,19000.0,19000.0,19000.0,19000.0,0.0,0.0,2009,4,9,4,36,0.5,0.04,0.2414285714285714,0.1457142857142857,0.0,5.263157894736842,LOW
2009-09-05,19000.0,19000.0,19000.0,19000.0,19000.0,19000.0,19000.0,0.0,0.0,2009,5,9,5,36,0.5,0.05,0.3071428571428572,0.17785714285714288,-19.999999999999996,5.263157894736842,LOW
2009-09-07,19000.0,19000.0,19000.0,19000.0,19000.0,19000.0,19000.0,0.0,0.0,2009,7,9,0,37,0.4,0.05,0.35714285714285715,0.20285714285714285,37.50000000000001,5.263157894736842,LOW
2009-09-08,19000.0,19000.0,19000.0,19000.0,19000.0,19000.0,19000.0,0.0,0.0,2009,8,9,1,37,0.55,0.05,0.42857142857142855,0.23857142857142857,-9.090909090909099,5.263157894736842,LOW
2009-09-09,19000.0,19000.0,19000.0,19000.0,19000.0,19000.0,19000.0,0.0,0.0,2009,9,9,2,37,0.5,0.5,0.4928571428571429,0.27071428571428574,0.0,5.263157894736842,LOW
2009-09-10,19000.0,19000.0,19000.0,19000.0,19000.0,19000.0,19000.0,0.0,0.0,2009,10,9,3,37,0.5,0.5,0.4928571428571429,0.3028571428571429,-19.999999999999996,5.263157894736842,LOW
2009-09-11,19000.0,19000.0,19000.0,19000.0,19000.0,19000.0,19000.0,0.0,0.0,2009,11,9,4,37,0.4,0.5,0.47857142857142865,0.32785714285714285,12.499999999999996,5.263157894736842,LOW
2009-09-12,19000.0,19000.0,19000.0,19000.0,19000.0,19000.0,19000.0,0.0,0.0,2009,12,9,5,37,0.45,0.5,0.4714285714285715,0.35642857142857143,11.111111111111107,5.263157894736842,LOW
2009-09-14,19000.0,19000.0,19000.0,19000.0,19000.0,19000.0,19000.0,0.0,0.0,2009,14,9,0,38,0.5,0.4,0.4714285714285714,0.3892857142857143,-19.999999999999996,5.263157894736842,LOW
2009-09-15,19000.0,19000.0,19000.0,19000.0,19000.0,19000.0,19000.0,0.0,0.0,2009,15,9,1,38,0.4,0.55,0.4714285714285714,0.41428571428571426,24.999999999999993,5.263157894736842,LOW
2009-09-16,19000.0,19000.0,19000.0,19000.0,19000.0,19000.0,19000.0,0.0,0.0,2009,16,9,2,38,0.5,0.5,0.4642857142857143,0.44642857142857145,-19.999999999999996,5.263157894736842,LOW
2009-09-17,19000.0,19000.0,19000.0,19000.0,19000.0,19000.0,19000.0,0.0,0.0,2009,17,9,3,38,0.4,0.5,0.45000000000000007,0.4714285714285714,24.999999999999993,5.263157894736842,LOW
2009-09-22,19000.0,19000.0,19000.0,19000.0,19000.0,19000.0,19000.0,0.0,0.0,2009,22,9,1,39,0.5,0.4,0.45000000000000007,0.4714285714285714,0.0,5.263157894736842,LOW
2009-09-23,19000.0,19000.0,19000.0,19000.0,19000.0,19000.0,19000.0,0.0,0.0,2009,23,9,2,39,0.5,0.45,0.4642857142857143,0.4714285714285714,-9.999999999999998,5.263157894736842,LOW
2009-09-24,19000.0,19000.0,19000.0,19000.0,19000.0,19000.0,19000.0,0.0,0.0,2009,24,9,3,39,0.45,0.5,0.4642857142857143,0.46785714285714286,11.111111111111107,5.263157894736842,LOW
2009-09-29,19000.0,19000.0,19000.0,19000.0,19000.0,19000.0,19000.0,0.0,0.0,2009,29,9,1,40,0.5,0.4,0.4642857142857143,0.46785714285714286,0.0,5.263157894736842,LOW
2009-09-30,19000.0,19000.0,19000.0,19000.0,19000.0,19000.0,19000.0,0.0,0.0,2009,30,9,2,40,0.5,0.5,0.4785714285714286,0.475,0.0,5.263157894736842,LOW
2009-10-01,19000.0,19000.0,19000.0,19000.0,19000.0,19000.0,19000.0,0.0,0.0,2009,1,10,3,40,0.5,0.4,0.4785714285714286,0.4714285714285714,0.0,5.263157894736842,LOW
2009-10-03,19000.0,19000.0,19000.0,19000.0,19000.0,19000.0,19000.0,0.0,0.0,2009,3,10,5,40,0.5,0.5,0.4928571428571429,0.4714285714285714,0.0,5.263157894736842,LOW
2009-10-05,19000.0,19000.0,19000.0,19000.0,19000.0,19000.0,19000.0,0.0,0.0,2009,5,10,0,41,0.5,0.5,0.4928571428571429,0.4714285714285714,-19.999999999999996,5.263157894736842,LOW
2009-10-06,19000.0,19000.0,19000.0,19000.0,19000.0,19000.0,19000.0,0.0,0.0,2009,6,10,1,41,0.4,0.45,0.4785714285714286,0.4714285714285715,24.999999999999993,5.263157894736842,LOW
2009-10-07,19000.0,19000.0,19000.0,19000.0,19000.0,19000.0,19000.0,0.0,0.0,2009,7,10,2,41,0.5,0.5,0.4857142857142857,0.47500000000000003,0.0,5.263157894736842,LOW
2009-10-08,19000.0,19000.0,19000.0,19000.0,19000.0,19000.0,19000.0,0.0,0.0,2009,8,10,3,41,0.5,0.5,0.4857142857142857,0.47500000000000003,0.0,5.263157894736842,LOW
2009-10-09,19000.0,19000.0,19000.0,19000.0,19000.0,19000.0,19000.0,0.0,0.0,2009,9,10,4,41,0.5,0.5,0.4857142857142857,0.48214285714285715,-19.999999999999996,5.263157894736842,LOW
2009-10-10,19000.0,19000.0,19000.0,19000.0,19000.0,19000.0,19000.0,0.0,0.0,2009,10,10,5,41,0.4,0.5,0.4714285714285714,0.47500000000000003,24.999999999999993,5.263157894736842,LOW
2009-10-12,19000.0,19000.0,19000.0,19000.0,19000.0,19000.0,19000.0,0.0,0.0,2009,12,10,0,42,0.5,0.5,0.4714285714285714,0.48214285714285715,-19.999999999999996,5.263157894736842,LOW
2009-10-13,19000.0,19000.0,19000.0,19000.0,19000.0,19000.0,19000.0,0.0,0.0,2009,13,10,1,42,0.4,0.4,0.4571428571428572,0.475,24.999999999999993,5.263157894736842,LOW
2009-10-14,19000.0,19000.0,19000.0,19000.0,19000.0,19000.0,19000.0,0.0,0.0,2009,14,10,2,42,0.5,0.5,0.4714285714285715,0.47500000000000003,0.0,5.263157894736842,LOW
2009-10-15,19000.0,19000.0,19000.0,19000.0,19000.0,19000.0,19000.0,0.0,0.0,2009,15,10,3,42,0.5,0.5,0.4714285714285715,0.4785714285714286,0.0,5.263157894736842,LOW
2009-10-16,19000.0,19000.0,19000.0,19000.0,19000.0,19000.0,19000.0,0.0,0.0,2009,16,10,4,42,0.5,0.5,0.4714285714285715,0.4785714285714286,0.0,5.263157894736842,LOW
2009-10-19,19000.0,19000.0,19000.0,19000.0,19000.0,19000.0,19000.0,0.0,0.0,2009,19,10,0,43,0.5,0.4,0.4714285714285715,0.4785714285714286,7900.0,5.263157894736842,LOW
2009-10-21,19000.0,19000.0,19000.0,19000.0,19000.0,19000.0,19000.0,0.0,0.0,2009,21,10,2,43,40.0,0.5,6.128571428571428,3.3000000000000003,-98.75,5.263157894736842,LOW
2009-10-22,19000.0,19000.0,19000.0,19000.0,19000.0,19000.0,19000.0,0.0,0.0,2009,22,10,3,43,0.5,0.4,6.128571428571428,3.3000000000000003,-19.999999999999996,5.263157894736842,LOW
2009-10-23,19000.0,19000.0,19000.0,19000.0,19000.0,19000.0,19000.0,0.0,0.0,2009,23,10,4,43,0.4,0.5,6.128571428571428,3.292857142857143,24.999999999999993,5.263157894736842,LOW
2009-10-26,19000.0,19000.0,19000.0,19000.0,19000.0,19000.0,19000.0,0.0,0.0,2009,26,10,0,44,0.5,0.5,6.128571428571428,3.3000000000000003,0.0,5.263157894736842,LOW
2009-10-27,19000.0,19000.0,19000.0,19000.0,19000.0,19000.0,19000.0,0.0,0.0,2009,27,10,1,44,0.5,0.5,6.128571428571428,3.3000000000000003,0.0,5.263157894736842,LOW
2009-10-28,19000.0,19000.0,19000.0,19000.0,19000.0,19000.0,19000.0,0.0,0.0,2009,28,10,2,44,0.5,0.5,6.128571428571428,3.3000000000000003,0.0,5.263157894736842,LOW
2009-10-29,19000.0,19000.0,19000.0,19000.0,19000.0,19000.0,19000.0,0.0,0.0,2009,29,10,3,44,0.5,40.0,6.128571428571428,3.3000000000000003,0.0,5.263157894736842,LOW
2009-10-30,19000.0,19000.0,19000.0,19000.0,19000.0,19000.0,19000.0,0.0,0.0,2009,30,10,4,44,0.5,0.5,0.4857142857142857,3.3071428571428574,0.0,5.263157894736842,LOW
2009-11-03,19000.0,19000.0,19000.0,19000.0,19000.0,19000.0,19000.0,0.0,0.0,2009,3,11,1,45,0.5,0.4,0.4857142857142857,3.3071428571428574,0.0,5.263157894736842,LOW
2009-11-04,19000.0,19000.0,19000.0,19000.0,19000.0,19000.0,19000.0,0.0,0.0,2009,4,11,2,45,0.5,0.5,0.5,3.314285714285714,-40.0,5.263157894736842,LOW
2009-11-05,19000.0,19000.0,19000.0,19000.0,19000.0,19000.0,19000.0,0.0,0.0,2009,5,11,3,45,0.3,0.5,0.4714285714285715,3.3000000000000003,-33.33333333333333,5.263157894736842,LOW
2009-11-07,19000.0,19000.0,19000.0,19000.0,19000.0,19000.0,19000.0,0.0,0.0,2009,7,11,5,45,0.2,0.5,0.42857142857142855,3.2785714285714285,149.99999999999997,5.263157894736842,MEDIUM
2009-11-09,19000.0,19000.0,19000.0,19000.0,19000.0,19000.0,19000.0,0.0,0.0,2009,9,11,0,46,0.5,0.5,0.42857142857142855,3.2785714285714285,-19.999999999999996,5.263157894736842,MEDIUM
2009-11-10,19000.0,19000.0,19000.0,19000.0,19000.0,19000.0,19000.0,0.0,0.0,2009,10,11,1,46,0.4,0.5,0.4142857142857143,3.2714285714285714,24.999999999999993,5.263157894736842,MEDIUM
2009-11-11,19000.0,19000.0,19000.0,19000.0,19000.0,19000.0,19000.0,0.0,0.0,2009,11,11,2,46,0.5,0.5,0.4142857142857143,0.45,-40.0,5.263157894736842,MEDIUM
2009-11-12,19000.0,19000.0,19000.0,19000.0,19000.0,19000.0,19000.0,0.0,0.0,2009,12,11,3,46,0.3,0.5,0.38571428571428573,0.43571428571428567,0.0,5.263157894736842,LOW
2009-11-13,19000.0,19000.0,19000.0,19000.0,19000.0,19000.0,19000.0,0.0,0.0,2009,13,11,4,46,0.3,0.3,0.35714285714285715,0.42857142857142855,66.66666666666667,5.0,LOW
2009-11-14,20000.0,19000.0,19000.0,19000.0,19142.85714285714,19071.428571428572,19033.333333333332,377.9644730092166,267.2612419123182,2009,14,11,5,46,0.5,0.2,0.3857142857142857,0.42857142857142855,-40.0,5.0,LOW
2009-11-16,20000.0,19000.0,19000.0,19000.0,19285.714285714286,19142.85714285714,19066.666666666668,487.9500364742581,363.1365196012015,2009,16,11,0,47,0.3,0.5,0.4,0.41428571428571426,33.33333333333335,5.0,LOW
2009-11-17,20000.0,19000.0,19000.0,19000.0,19428.571428571428,19214.285714285714,19100.0,534.5224838248404,425.81531362625014,2009,17,11,1,47,0.4,0.4,0.38571428571428573,0.4071428571428571,24.999999999999993,5.0,LOW
2009-11-18,20000.0,19000.0,19000.0,19000.0,19571.428571428572,19285.714285714286,19133.333333333332,534.5224838248394,468.8072309384302,2009,18,11,2,47,0.5,0.5,0.39999999999999997,0.4071428571428571,-19.999999999999996,5.0,LOW
2009-11-19,20000.0,19000.0,19000.0,19000.0,19714.285714285714,19357.14285714286,19166.666666666668,487.95003647425483,497.24515809878363,2009,19,11,3,47,0.4,0.3,0.3857142857142857,0.39999999999999997,0.0,5.0,LOW
2009-11-23,20000.0,19000.0,19000.0,19000.0,19857.14285714286,19428.571428571428,19200.0,377.96447300921096,513.5525910130324,2009,23,11,0,48,0.4,0.3,0.39999999999999997,0.39285714285714285,0.0,5.0,LOW
2009-11-24,20000.0,20000.0,19000.0,19000.0,20000.0,19500.0,19233.333333333332,0.0,518.8745216627063,2009,24,11,1,48,0.4,0.5,0.4142857142857143,0.3857142857142857,24.999999999999993,5.0,LOW
2009-11-26,20000.0,20000.0,19000.0,19000.0,20000.0,19571.428571428572,19266.666666666668,0.0,513.5525910130282,2009,26,11,3,48,0.5,0.3,0.4142857142857143,0.39999999999999997,-40.0,5.0,LOW
2009-11-27,20000.0,20000.0,19000.0,19000.0,20000.0,19642.85714285714,19300.0,0.0,497.24515809877494,2009,27,11,4,48,0.3,0.4,0.41428571428571426,0.40714285714285714,33.33333333333335,5.0,LOW
2009-12-01,20000.0,20000.0,19000.0,19000.0,20000.0,19714.285714285714,19333.333333333332,0.0,468.80723093841635,2009,1,12,1,49,0.4,0.5,0.41428571428571426,0.39999999999999997,24.999999999999993,5.0,LOW
2009-12-02,20000.0,20000.0,19000.0,19000.0,20000.0,19785.714285714286,19366.666666666668,0.0,425.81531362622985,2009,2,12,2,49,0.5,0.4,0.41428571428571426,0.40714285714285714,-9.999999999999998,5.0,LOW
2009-12-03,20000.0,20000.0,19000.0,19000.0,20000.0,19857.14285714286,19400.0,0.0,363.13651960117176,2009,3,12,3,49,0.45,0.4,0.42142857142857143,0.4035714285714286,11.111111111111107,5.0,LOW
2009-12-04,20000.0,20000.0,19000.0,19000.0,20000.0,19928.571428571428,19433.333333333332,0.0,267.2612419122697,2009,4,12,4,49,0.5,0.4,0.4357142857142858,0.41785714285714287,0.0,5.0,LOW
2009-12-05,20000.0,20000.0,20000.0,19000.0,20000.0,20000.0,19466.666666666668,0.0,0.0,2009,5,12,5,49,0.5,0.5,0.45,0.4321428571428571,-19.999999999999996,5.0,LOW
2009-12-07,20000.0,20000.0,20000.0,19000.0,20000.0,20000.0,19500.0,0.0,0.0,2009,7,12,0,50,0.4,0.3,0.43571428571428567,0.425,24.999999999999993,5.0,LOW
2009-12-08,20000.0,20000.0,20000.0,19000.0,20000.0,20000.0,19533.333333333332,0.0,0.0,2009,8,12,1,50,0.5,0.4,0.4642857142857143,0.43928571428571433,-40.0,5.0,LOW
2009-12-09,20000.0,20000.0,20000.0,19000.0,20000.0,20000.0,19566.666666666668,0.0,0.0,2009,9,12,2,50,0.3,0.5,0.45,0.4321428571428572,-33.33333333333333,5.0,LOW
2009-12-10,20000.0,20000.0,20000.0,19000.0,20000.0,20000.0,19600.0,0.0,0.0,2009,10,12,3,50,0.2,0.45,0.40714285714285714,0.41071428571428575,49.999999999999986,5.0,LOW
2009-12-11,20000.0,20000.0,20000.0,19000.0,20000.0,20000.0,19633.333333333332,0.0,0.0,2009,11,12,4,50,0.3,0.5,0.3857142857142857,0.4035714285714286,66.66666666666667,5.0,LOW
2009-12-12,20000.0,20000.0,20000.0,19000.0,20000.0,20000.0,19666.666666666668,0.0,0.0,2009,12,12,5,50,0.5,0.5,0.38571428571428573,0.4107142857142857,-19.999999999999996,5.0,LOW
2009-12-14,20000.0,20000.0,20000.0,19000.0,20000.0,20000.0,19700.0,0.0,0.0,2009,14,12,0,51,0.4,0.4,0.37142857142857144,0.4107142857142857,0.0,5.0,LOW
2009-12-15,20000.0,20000.0,20000.0,19000.0,20000.0,20000.0,19733.333333333332,0.0,0.0,2009,15,12,1,51,0.4,0.5,0.37142857142857144,0.4035714285714286,24.999999999999993,5.0,LOW
2009-12-16,20000.0,20000.0,20000.0,19000.0,20000.0,20000.0,19766.666666666668,0.0,0.0,2009,16,12,2,51,0.5,0.3,0.37142857142857144,0.4178571428571428,-19.999999999999996,5.0,LOW
2009-12-17,20000.0,20000.0,20000.0,19000.0,20000.0,20000.0,19800.0,0.0,0.0,2009,17,12,3,51,0.4,0.2,0.38571428571428573,0.41785714285714287,0.0,5.0,LOW
2009-12-18,20000.0,20000.0,20000.0,19000.0,20000.0,20000.0,19833.333333333332,0.0,0.0,2009,18,12,4,51,0.4,0.3,0.4142857142857143,0.4107142857142857,12.499999999999996,5.0,LOW
2009-12-19,20000.0,20000.0,20000.0,19000.0,20000.0,20000.0,19866.666666666668,0.0,0.0,2009,19,12,5,51,0.45,0.5,0.4357142857142858,0.4107142857142857,-11.111111111111107,5.0,LOW
2009-12-21,20000.0,20000.0,20000.0,19000.0,20000.0,20000.0,19900.0,0.0,0.0,2009,21,12,0,52,0.4,0.4,0.4214285714285714,0.4035714285714286,0.0,5.0,LOW
2009-12-22,20000.0,20000.0,20000.0,19000.0,20000.0,20000.0,19933.333333333332,0.0,0.0,2009,22,12,1,52,0.4,0.4,0.42142857142857143,0.3964285714285714,0.0,5.0,LOW
2009-12-23,20000.0,20000.0,20000.0,19000.0,20000.0,20000.0,19966.666666666668,0.0,0.0,2009,23,12,2,52,0.4,0.5,0.42142857142857143,0.3964285714285714,-25.000000000000007,5.0,LOW
2009-12-24,20000.0,20000.0,20000.0,20000.0,20000.0,20000.0,20000.0,0.0,0.0,2009,24,12,3,52,0.3,0.4,0.39285714285714285,0.3821428571428571,0.0,5.0,LOW
2009-12-26,20000.0,20000.0,20000.0,20000.0,20000.0,20000.0,20000.0,0.0,0.0,2009,26,12,5,52,0.3,0.4,0.3785714285714286,0.3821428571428571,33.33333333333335,5.0,LOW
2009-12-29,20000.0,20000.0,20000.0,20000.0,20000.0,20000.0,20000.0,0.0,0.0,2009,29,12,1,53,0.4,0.45,0.37857142857142856,0.3964285714285714,0.0,5.0,LOW
2010-01-01,20000.0,20000.0,20000.0,20000.0,20000.0,20000.0,20000.0,0.0,0.0,2010,1,1,4,53,0.4,0.4,0.37142857142857144,0.4035714285714286,24.999999999999993,5.0,LOW
2010-01-02,20000.0,20000.0,20000.0,20000.0,20000.0,20000.0,20000.0,0.0,0.0,2010,2,1,5,53,0.5,0.4,0.38571428571428573,0.4035714285714286,-19.999999999999996,5.0,LOW
2010-01-04,20000.0,20000.0,20000.0,20000.0,20000.0,20000.0,20000.0,0.0,0.0,2010,4,1,0,1,0.4,0.4,0.3857142857142857,0.4035714285714286,12.499999999999996,5.0,LOW
2010-01-06,20000.0,20000.0,20000.0,20000.0,20000.0,20000.0,20000.0,0.0,0.0,2010,6,1,2,1,0.45,0.3,0.39285714285714285,0.40714285714285714,11.111111111111107,5.0,LOW
2010-01-07,20000.0,20000.0,20000.0,20000.0,20000.0,20000.0,20000.0,0.0,0.0,2010,7,1,3,1,0.5,0.3,0.42142857142857143,0.40714285714285714,-19.999999999999996,5.0,LOW
2010-01-08,20000.0,20000.0,20000.0,20000.0,20000.0,20000.0,20000.0,0.0,0.0,2010,8,1,4,1,0.4,0.4,0.43571428571428567,0.40714285714285714,24.999999999999993,5.0,LOW
2010-01-09,20000.0,20000.0,20000.0,20000.0,20000.0,20000.0,20000.0,0.0,0.0,2010,9,1,5,1,0.5,0.4,0.45,0.4142857142857143,-40.0,5.0,LOW
2010-02-01,20000.0,20000.0,20000.0,20000.0,20000.0,20000.0,20000.0,0.0,0.0,2010,1,2,0,5,0.3,0.5,0.43571428571428567,0.4035714285714286,33.33333333333335,5.0,LOW
2010-02-02,20000.0,20000.0,20000.0,20000.0,20000.0,20000.0,20000.0,0.0,0.0,2010,2,2,1,5,0.4,0.4,0.42142857142857143,0.4035714285714285,0.0,5.0,LOW
2010-02-03,20000.0,20000.0,20000.0,20000.0,20000.0,20000.0,20000.0,0.0,0.0,2010,3,2,2,5,0.4,0.45,0.42142857142857143,0.4035714285714286,24.999999999999993,5.0,LOW
2010-02-04,20000.0,20000.0,20000.0,20000.0,20000.0,20000.0,20000.0,0.0,0.0,2010,4,2,3,5,0.5,0.5,0.42857142857142855,0.4107142857142857,-19.999999999999996,5.0,LOW
2010-02-06,20000.0,20000.0,20000.0,20000.0,20000.0,20000.0,20000.0,0.0,0.0,2010,6,2,5,5,0.4,0.4,0.41428571428571426,0.41785714285714287,0.0,5.0,LOW
2010-02-08,20000.0,20000.0,20000.0,20000.0,20000.0,20000.0,20000.0,0.0,0.0,2010,8,2,0,6,0.4,0.5,0.41428571428571426,0.425,24.999999999999993,5.0,LOW
2010-02-09,20000.0,20000.0,20000.0,20000.0,20000.0,20000.0,20000.0,0.0,0.0,2010,9,2,1,6,0.5,0.3,0.4142857142857143,0.4321428571428571,-40.0,5.0,LOW
2010-02-10,20000.0,20000.0,20000.0,20000.0,20000.0,20000.0,20000.0,0.0,0.0,2010,10,2,2,6,0.3,0.4,0.4142857142857143,0.42499999999999993,33.33333333333335,5.0,LOW
2010-02-11,20000.0,20000.0,20000.0,20000.0,20000.0,20000.0,20000.0,0.0,0.0,2010,11,2,3,6,0.4,0.4,0.41428571428571426,0.4178571428571428,24.999999999999993,5.0,LOW
2010-02-13,20000.0,20000.0,20000.0,20000.0,20000.0,20000.0,20000.0,0.0,0.0,2010,13,2,5,6,0.5,0.5,0.42857142857142855,0.425,5900.0,5.0,LOW
2010-02-15,20000.0,20000.0,20000.0,20000.0,20000.0,20000.0,20000.0,0.0,0.0,2010,15,2,0,7,30.0,0.4,4.642857142857143,2.5357142857142856,-99.0,5.0,LOW
2010-02-16,20000.0,20000.0,20000.0,20000.0,20000.0,20000.0,20000.0,0.0,0.0,2010,16,2,1,7,0.3,0.4,4.628571428571428,2.5214285714285714,-66.66666666666666,5.0,LOW
2010-02-17,20000.0,20000.0,20000.0,20000.0,20000.0,20000.0,20000.0,0.0,0.0,2010,17,2,2,7,0.1,0.5,4.585714285714286,2.5,0.0,5.0,LOW
2010-02-18,20000.0,20000.0,20000.0,20000.0,20000.0,20000.0,20000.0,0.0,0.0,2010,18,2,3,7,0.1,0.3,4.5285714285714285,2.4714285714285715,0.0,5.0,LOW
2010-02-19,20000.0,20000.0,20000.0,20000.0,20000.0,20000.0,20000.0,0.0,0.0,2010,19,2,4,7,0.1,0.4,4.5,2.457142857142857,199.99999999999997,5.0,LOW
2010-02-20,20000.0,20000.0,20000.0,20000.0,20000.0,20000.0,20000.0,0.0,0.0,2010,20,2,5,7,0.3,0.5,4.485714285714286,2.4499999999999997,66.66666666666667,5.0,LOW
2010-02-22,20000.0,20000.0,20000.0,20000.0,20000.0,20000.0,20000.0,0.0,0.0,2010,22,2,0,8,0.5,30.0,4.485714285714286,2.457142857142857,-19.999999999999996,5.0,LOW
2010-02-23,20000.0,20000.0,20000.0,20000.0,20000.0,20000.0,20000.0,0.0,0.0,2010,23,2,1,8,0.4,0.3,0.2571428571428572,2.4499999999999997,-25.000000000000007,5.0,LOW
2010-02-25,20000.0,20000.0,20000.0,20000.0,20000.0,20000.0,20000.0,0.0,0.0,2010,25,2,3,8,0.3,0.1,0.2571428571428572,2.442857142857143,100.0,5.0,LOW
2010-02-26,20000.0,20000.0,20000.0,20000.0,20000.0,20000.0,20000.0,0.0,0.0,2010,26,2,4,8,0.6,0.1,0.32857142857142857,2.4571428571428577,-24.999999999999993,5.0,LOW
2010-03-02,20000.0,20000.0,20000.0,20000.0,20000.0,20000.0,20000.0,0.0,0.0,2010,2,3,1,9,0.45,0.1,0.37857142857142856,2.4535714285714287,100.0,5.0,LOW
2010-03-03,20000.0,20000.0,20000.0,20000.0,20000.0,20000.0,20000.0,0.0,0.0,2010,3,3,2,9,0.9,0.3,0.4928571428571429,2.496428571428571,-33.333333333333336,5.0,LOW
2010-03-04,20000.0,20000.0,20000.0,20000.0,20000.0,20000.0,20000.0,0.0,0.0,2010,4,3,3,9,0.6,0.5,0.5357142857142857,2.5107142857142857,-33.33333333333333,5.0,LOW
2010-03-05,20000.0,20000.0,20000.0,20000.0,20000.0,20000.0,20000.0,0.0,0.0,2010,5,3,4,9,0.4,0.4,0.5214285714285715,2.5035714285714286,12.499999999999996,5.0,LOW
2010-03-06,20000.0,20000.0,20000.0,20000.0,20000.0,20000.0,20000.0,0.0,0.0,2010,6,3,5,9,0.45,0.3,0.5285714285714286,0.39285714285714285,33.33333333333333,5.0,LOW
2010-03-08,20000.0,20000.0,20000.0,20000.0,20000.0,20000.0,20000.0,0.0,0.0,2010,8,3,0,10,0.6,0.6,0.5714285714285714,0.4142857142857143,-33.33333333333333,5.0,LOW
2010-03-09,20000.0,20000.0,20000.0,20000.0,20000.0,20000.0,20000.0,0.0,0.0,2010,9,3,1,10,0.4,0.45,0.5428571428571429,0.43571428571428567,-25.000000000000007,5.0,LOW
2010-03-10,20000.0,20000.0,20000.0,20000.0,20000.0,20000.0,20000.0,0.0,0.0,2010,10,3,2,10,0.3,0.9,0.5214285714285715,0.45,66.66666666666667,5.0,LOW
2010-03-11,20000.0,20000.0,20000.0,20000.0,20000.0,20000.0,20000.0,0.0,0.0,2010,11,3,3,10,0.5,0.6,0.4642857142857143,0.4785714285714286,-19.999999999999996,5.0,LOW
2010-03-12,20000.0,20000.0,20000.0,20000.0,20000.0,20000.0,20000.0,0.0,0.0,2010,12,3,4,10,0.4,0.4,0.4357142857142858,0.4857142857142857,12.499999999999996,5.0,LOW
2010-03-13,20000.0,20000.0,20000.0,20000.0,20000.0,20000.0,20000.0,0.0,0.0,2010,13,3,5,10,0.45,0.45,0.44285714285714295,0.48214285714285715,11.111111111111107,5.0,LOW
2010-03-15,20000.0,20000.0,20000.0,20000.0,20000.0,20000.0,20000.0,0.0,0.0,2010,15,3,0,11,0.5,0.6,0.45000000000000007,0.4892857142857143,-9.999999999999998,5.0,LOW
2010-03-16,20000.0,20000.0,20000.0,20000.0,20000.0,20000.0,20000.0,0.0,0.0,2010,16,3,1,11,0.45,0.4,0.42857142857142855,0.5,0.0,5.0,LOW
2010-03-17,20000.0,20000.0,20000.0,20000.0,20000.0,20000.0,20000.0,0.0,0.0,2010,17,3,2,11,0.45,0.3,0.4357142857142858,0.48928571428571427,-11.111111111111107,5.0,LOW
2010-03-19,20000.0,20000.0,20000.0,20000.0,20000.0,20000.0,20000.0,0.0,0.0,2010,19,3,4,11,0.4,0.5,0.45,0.4857142857142857,12.499999999999996,5.0,LOW
2010-03-20,20000.0,20000.0,20000.0,20000.0,20000.0,20000.0,20000.0,0.0,0.0,2010,20,3,5,11,0.45,0.4,0.4428571428571429,0.4535714285714286,0.0,5.0,LOW
2010-03-22,20000.0,20000.0,20000.0,20000.0,20000.0,20000.0,20000.0,0.0,0.0,2010,22,3,0,12,0.45,0.45,0.45,0.4428571428571429,11.111111111111107,5.0,LOW
2010-03-23,20000.0,20000.0,20000.0,20000.0,20000.0,20000.0,20000.0,0.0,0.0,2010,23,3,1,12,0.5,0.5,0.4571428571428572,0.45000000000000007,-9.999999999999998,5.0,LOW
2010-03-25,20000.0,20000.0,20000.0,20000.0,20000.0,20000.0,20000.0,0.0,0.0,2010,25,3,3,12,0.45,0.45,0.45000000000000007,0.45,0.0,5.0,LOW
2010-03-26,20000.0,20000.0,20000.0,20000.0,20000.0,20000.0,20000.0,0.0,0.0,2010,26,3,4,12,0.45,0.45,0.45000000000000007,0.4392857142857142,0.0,5.0,LOW
2010-03-27,20000.0,20000.0,20000.0,20000.0,20000.0,20000.0,20000.0,0.0,0.0,2010,27,3,5,12,0.45,0.4,0.45,0.4428571428571429,-33.333333333333336,5.0,LOW
2010-03-29,20000.0,20000.0,20000.0,20000.0,20000.0,20000.0,20000.0,0.0,0.0,2010,29,3,0,13,0.3,0.45,0.43571428571428567,0.4428571428571429,33.33333333333335,5.0,LOW
2010-03-30,20000.0,20000.0,20000.0,20000.0,20000.0,20000.0,20000.0,0.0,0.0,2010,30,3,1,13,0.4,0.45,0.42857142857142855,0.4357142857142858,0.0,5.0,LOW
2010-03-31,20000.0,20000.0,20000.0,20000.0,20000.0,20000.0,20000.0,0.0,0.0,2010,31,3,2,13,0.4,0.5,0.42142857142857143,0.43571428571428567,12.499999999999996,5.0,LOW
2010-04-01,20000.0,20000.0,20000.0,20000.0,20000.0,20000.0,20000.0,0.0,0.0,2010,1,4,3,13,0.45,0.45,0.4142857142857143,0.43571428571428567,0.0,5.0,LOW
2010-04-03,20000.0,20000.0,20000.0,20000.0,20000.0,20000.0,20000.0,0.0,0.0,2010,3,4,5,13,0.45,0.45,0.41428571428571426,0.4321428571428571,11.111111111111107,5.0,LOW
2010-04-05,20000.0,20000.0,20000.0,20000.0,20000.0,20000.0,20000.0,0.0,0.0,2010,5,4,0,14,0.5,0.45,0.42142857142857143,0.43571428571428567,-40.0,5.0,LOW
2010-04-06,20000.0,20000.0,20000.0,20000.0,20000.0,20000.0,20000.0,0.0,0.0,2010,6,4,1,14,0.3,0.3,0.4,0.425,33.33333333333335,5.0,LOW
2010-04-07,20000.0,20000.0,20000.0,20000.0,20000.0,20000.0,20000.0,0.0,0.0,2010,7,4,2,14,0.4,0.4,0.41428571428571426,0.425,12.499999999999996,5.0,LOW
2010-04-08,20000.0,20000.0,20000.0,20000.0,20000.0,20000.0,20000.0,0.0,0.0,2010,8,4,3,14,0.45,0.4,0.42142857142857143,0.425,-11.111111111111107,5.0,LOW
2010-04-09,20000.0,20000.0,20000.0,20000.0,20000.0,20000.0,20000.0,0.0,0.0,2010,9,4,4,14,0.4,0.45,0.42142857142857143,0.4214285714285714,-37.50000000000001,5.0,LOW
2010-04-10,20000.0,20000.0,20000.0,20000.0,20000.0,20000.0,20000.0,0.0,0.0,2010,10,4,5,14,0.25,0.45,0.39285714285714285,0.4035714285714285,0.0,5.0,LOW
2010-04-12,20000.0,20000.0,20000.0,20000.0,20000.0,20000.0,20000.0,0.0,0.0,2010,12,4,0,15,0.25,0.5,0.3642857142857143,0.3892857142857143,60.00000000000001,5.0,LOW
2010-04-13,20000.0,20000.0,20000.0,20000.0,20000.0,20000.0,20000.0,0.0,0.0,2010,13,4,1,15,0.4,0.3,0.35000000000000003,0.38571428571428573,0.0,5.0,LOW
2010-04-15,20000.0,20000.0,20000.0,20000.0,20000.0,20000.0,20000.0,0.0,0.0,2010,15,4,3,15,0.4,0.4,0.36428571428571427,0.3821428571428571,-80.0,5.0,LOW
2010-04-16,20000.0,20000.0,20000.0,20000.0,20000.0,20000.0,20000.0,0.0,0.0,2010,16,4,4,15,0.08,0.45,0.31857142857142856,0.36642857142857144,-37.5,5.0,LOW
2010-04-17,20000.0,20000.0,20000.0,20000.0,20000.0,20000.0,20000.0,0.0,0.0,2010,17,4,5,15,0.05,0.4,0.26142857142857145,0.34142857142857147,199.99999999999997,5.0,LOW
2010-04-19,20000.0,20000.0,20000.0,20000.0,20000.0,20000.0,20000.0,0.0,0.0,2010,19,4,0,16,0.15,0.25,0.22571428571428573,0.32357142857142857,0.0,5.0,LOW
2010-04-20,20000.0,20000.0,20000.0,20000.0,20000.0,20000.0,20000.0,0.0,0.0,2010,20,4,1,16,0.15,0.25,0.21142857142857147,0.30214285714285716,-33.33333333333333,5.0,LOW
2010-04-21,20000.0,20000.0,20000.0,20000.0,20000.0,20000.0,20000.0,0.0,0.0,2010,21,4,2,16,0.1,0.4,0.18999999999999997,0.27714285714285714,199.99999999999997,5.0,LOW
2010-05-03,20000.0,20000.0,20000.0,20000.0,20000.0,20000.0,20000.0,0.0,0.0,2010,3,5,0,18,0.3,0.4,0.1757142857142857,0.26285714285714284,66.66666666666667,5.0,LOW
2010-05-04,20000.0,20000.0,20000.0,20000.0,20000.0,20000.0,20000.0,0.0,0.0,2010,4,5,1,18,0.5,0.08,0.19,0.2771428571428572,-70.0,5.0,LOW
2010-05-05,20000.0,20000.0,20000.0,20000.0,20000.0,20000.0,20000.0,0.0,0.0,2010,5,5,2,18,0.15,0.05,0.19999999999999998,0.2592857142857143,33.33333333333335,5.0,LOW
2010-05-06,20000.0,20000.0,20000.0,20000.0,20000.0,20000.0,20000.0,0.0,0.0,2010,6,5,3,18,0.2,0.15,0.22142857142857145,0.24142857142857146,109.99999999999999,5.0,LOW
2010-05-07,20000.0,20000.0,20000.0,20000.0,20000.0,20000.0,20000.0,0.0,0.0,2010,7,5,4,18,0.42,0.15,0.25999999999999995,0.24285714285714288,-52.38095238095237,5.0,LOW
2010-05-08,20000.0,20000.0,20000.0,20000.0,20000.0,20000.0,20000.0,0.0,0.0,2010,8,5,5,18,0.2,0.1,0.2671428571428572,0.2392857142857143,0.0,5.0,LOW
2010-05-10,20000.0,20000.0,20000.0,20000.0,20000.0,20000.0,20000.0,0.0,0.0,2010,10,5,0,19,0.2,0.3,0.2814285714285714,0.2357142857142857,-75.00000000000001,5.0,LOW
2010-05-11,20000.0,20000.0,20000.0,20000.0,20000.0,20000.0,20000.0,0.0,0.0,2010,11,5,1,19,0.05,0.5,0.24571428571428572,0.2107142857142857,300.00000000000006,5.0,LOW
2010-05-12,20000.0,20000.0,20000.0,20000.0,20000.0,20000.0,20000.0,0.0,0.0,2010,12,5,2,19,0.2,0.15,0.20285714285714287,0.19642857142857142,-25.000000000000007,5.0,LOW
2010-05-13,20000.0,20000.0,20000.0,20000.0,20000.0,20000.0,20000.0,0.0,0.0,2010,13,5,3,19,0.15,0.2,0.20285714285714285,0.20142857142857143,0.0,5.0,LOW
2010-05-14,20000.0,20000.0,20000.0,20000.0,20000.0,20000.0,20000.0,0.0,0.0,2010,14,5,4,19,0.15,0.42,0.19571428571428573,0.20857142857142857,0.0,5.0,LOW
2010-05-15,20000.0,20000.0,20000.0,20000.0,20000.0,20000.0,20000.0,0.0,0.0,2010,15,5,5,19,0.15,0.2,0.15714285714285717,0.2085714285714286,-60.0,5.0,LOW
2010-05-17,20000.0,20000.0,20000.0,20000.0,20000.0,20000.0,20000.0,0.0,0.0,2010,17,5,0,20,0.06,0.2,0.13714285714285715,0.20214285714285712,-66.66666666666666,5.0,LOW
2010-05-18,20000.0,20000.0,20000.0,20000.0,20000.0,20000.0,20000.0,0.0,0.0,2010,18,5,1,20,0.02,0.05,0.11142857142857143,0.19642857142857142,0.0,5.0,LOW
2010-05-19,20000.0,20000.0,20000.0,20000.0,20000.0,20000.0,20000.0,0.0,0.0,2010,19,5,2,20,0.02,0.2,0.10714285714285712,0.1764285714285714,0.0,5.0,LOW
2010-05-20,20000.0,20000.0,20000.0,20000.0,20000.0,20000.0,20000.0,0.0,0.0,2010,20,5,3,20,0.02,0.15,0.08142857142857142,0.14214285714285715,900.0,5.0,LOW
2010-05-21,20000.0,20000.0,20000.0,20000.0,20000.0,20000.0,20000.0,0.0,0.0,2010,21,5,4,20,0.2,0.15,0.08857142857142856,0.1457142857142857,49.999999999999986,5.0,LOW
2010-05-22,20000.0,20000.0,20000.0,20000.0,20000.0,20000.0,20000.0,0.0,0.0,2010,22,5,5,20,0.3,0.15,0.11,0.15285714285714286,-96.66666666666667,5.0,LOW
2010-06-01,20000.0,20000.0,20000.0,20000.0,20000.0,20000.0,20000.0,0.0,0.0,2010,1,6,1,22,0.01,0.06,0.08999999999999998,0.12357142857142857,400.0,5.0,LOW
2010-06-02,20000.0,20000.0,20000.0,20000.0,20000.0,20000.0,20000.0,0.0,0.0,2010,2,6,2,22,0.05,0.02,0.08857142857142856,0.11285714285714285,400.0,5.0,LOW
2010-06-03,20000.0,20000.0,20000.0,20000.0,20000.0,20000.0,20000.0,0.0,0.0,2010,3,6,3,22,0.25,0.02,0.12142857142857143,0.11642857142857142,-40.0,5.0,LOW
2010-06-04,20000.0,20000.0,20000.0,20000.0,20000.0,20000.0,20000.0,0.0,0.0,2010,4,6,4,22,0.15,0.02,0.13999999999999999,0.12357142857142857,-66.66666666666666,5.0,LOW
2010-06-05,20000.0,20000.0,20000.0,20000.0,20000.0,20000.0,20000.0,0.0,0.0,2010,5,6,5,22,0.05,0.2,0.1442857142857143,0.11285714285714285,0.0,5.0,LOW
2010-06-07,20000.0,20000.0,20000.0,20000.0,20000.0,20000.0,20000.0,0.0,0.0,2010,7,6,0,23,0.05,0.3,0.12285714285714286,0.10571428571428572,100.0,5.0,LOW
2010-06-08,20000.0,20000.0,20000.0,20000.0,20000.0,20000.0,20000.0,0.0,0.0,2010,8,6,1,23,0.1,0.01,0.09428571428571428,0.10214285714285713,100.0,5.0,LOW
2010-06-09,20000.0,20000.0,20000.0,20000.0,20000.0,20000.0,20000.0,0.0,0.0,2010,9,6,2,23,0.2,0.05,0.12142857142857143,0.10571428571428572,-25.000000000000007,5.0,LOW
2010-06-10,20000.0,20000.0,20000.0,20000.0,20000.0,20000.0,20000.0,0.0,0.0,2010,10,6,3,23,0.15,0.25,0.1357142857142857,0.11214285714285713,33.33333333333335,5.0,LOW
2010-06-11,20000.0,20000.0,20000.0,20000.0,20000.0,20000.0,20000.0,0.0,0.0,2010,11,6,4,23,0.2,0.15,0.12857142857142856,0.125,-25.000000000000007,5.0,LOW
2010-06-12,20000.0,20000.0,20000.0,20000.0,20000.0,20000.0,20000.0,0.0,0.0,2010,12,6,5,23,0.15,0.05,0.1285714285714286,0.13428571428571429,-66.66666666666666,5.0,LOW
2010-06-14,20000.0,20000.0,20000.0,20000.0,20000.0,20000.0,20000.0,0.0,0.0,2010,14,6,0,24,0.05,0.05,0.12857142857142856,0.13642857142857143,199.99999999999997,5.0,LOW
2010-06-15,20000.0,20000.0,20000.0,20000.0,20000.0,20000.0,20000.0,0.0,0.0,2010,15,6,1,24,0.15,0.1,0.14285714285714285,0.13285714285714284,66.66666666666667,5.0,LOW
2010-06-16,20000.0,20000.0,20000.0,20000.0,20000.0,20000.0,20000.0,0.0,0.0,2010,16,6,2,24,0.25,0.2,0.16428571428571428,0.12928571428571428,-19.999999999999996,5.0,LOW
2010-06-17,20000.0,20000.0,20000.0,20000.0,20000.0,20000.0,20000.0,0.0,0.0,2010,17,6,3,24,0.2,0.15,0.16428571428571428,0.14285714285714285,0.0,5.0,LOW
2010-06-18,20000.0,20000.0,20000.0,20000.0,20000.0,20000.0,20000.0,0.0,0.0,2010,18,6,4,24,0.2,0.2,0.17142857142857143,0.15357142857142855,0.0,5.0,LOW
2010-06-21,20000.0,20000.0,20000.0,20000.0,20000.0,20000.0,20000.0,0.0,0.0,2010,21,6,0,25,0.2,0.15,0.17142857142857143,0.15,49.999999999999986,5.0,LOW
2010-06-22,20000.0,20000.0,20000.0,20000.0,20000.0,20000.0,20000.0,0.0,0.0,2010,22,6,1,25,0.3,0.05,0.19285714285714284,0.16071428571428573,33.33333333333335,5.0,LOW
2010-06-23,20000.0,20000.0,20000.0,20000.0,20000.0,20000.0,20000.0,0.0,0.0,2010,23,6,2,25,0.4,0.15,0.24285714285714288,0.18571428571428572,-37.50000000000001,5.0,LOW
2010-06-24,20000.0,20000.0,20000.0,20000.0,20000.0,20000.0,20000.0,0.0,0.0,2010,24,6,3,25,0.25,0.25,0.2571428571428571,0.19999999999999998,60.00000000000001,5.0,LOW
2010-06-25,20000.0,20000.0,20000.0,20000.0,20000.0,20000.0,20000.0,0.0,0.0,2010,25,6,4,25,0.4,0.2,0.2785714285714286,0.22142857142857145,-50.0,5.0,LOW
2010-06-26,20000.0,20000.0,20000.0,20000.0,20000.0,20000.0,20000.0,0.0,0.0,2010,26,6,5,25,0.2,0.2,0.2785714285714286,0.22142857142857145,-25.000000000000007,5.0,LOW
2010-06-28,20000.0,20000.0,20000.0,20000.0,20000.0,20000.0,20000.0,0.0,0.0,2010,28,6,0,26,0.15,0.2,0.27142857142857146,0.22142857142857145,-33.33333333333333,5.0,LOW
2010-07-01,20000.0,20000.0,20000.0,20000.0,20000.0,20000.0,20000.0,0.0,0.0,2010,1,7,3,26,0.1,0.3,0.2571428571428572,0.21428571428571427,-60.0,5.0,LOW
2010-07-02,20000.0,20000.0,20000.0,20000.0,20000.0,20000.0,20000.0,0.0,0.0,2010,2,7,4,26,0.04,0.4,0.22,0.20642857142857143,150.0,5.0,LOW
2010-07-03,20000.0,20000.0,20000.0,20000.0,20000.0,20000.0,20000.0,0.0,0.0,2010,3,7,5,26,0.1,0.25,0.17714285714285713,0.21000000000000002,300.00000000000006,5.0,LOW
2010-07-05,20000.0,20000.0,20000.0,20000.0,20000.0,20000.0,20000.0,0.0,0.0,2010,5,7,0,27,0.4,0.4,0.19857142857142857,0.22785714285714284,-50.0,5.0,LOW
2010-07-06,20000.0,20000.0,20000.0,20000.0,20000.0,20000.0,20000.0,0.0,0.0,2010,6,7,1,27,0.2,0.2,0.16999999999999998,0.22428571428571428,-50.0,5.0,LOW
2010-07-07,20000.0,20000.0,20000.0,20000.0,20000.0,20000.0,20000.0,0.0,0.0,2010,7,7,2,27,0.1,0.15,0.15571428571428572,0.21714285714285714,0.0,5.0,LOW
2010-07-08,20000.0,20000.0,20000.0,20000.0,20000.0,20000.0,20000.0,0.0,0.0,2010,8,7,3,27,0.1,0.1,0.14857142857142858,0.21,149.99999999999997,5.0,MEDIUM
2010-07-09,20000.0,20000.0,20000.0,20000.0,20000.0,20000.0,20000.0,0.0,0.0,2010,9,7,4,27,0.25,0.04,0.16999999999999998,0.21357142857142858,0.0,5.0,MEDIUM
2010-07-12,20000.0,20000.0,20000.0,20000.0,20000.0,20000.0,20000.0,0.0,0.0,2010,12,7,0,28,0.25,0.1,0.19999999999999998,0.21,19.999999999999996,5.0,MEDIUM
2010-07-14,20000.0,20000.0,20000.0,20000.0,20000.0,20000.0,20000.0,0.0,0.0,2010,14,7,2,28,0.3,0.4,0.22857142857142856,0.20285714285714287,33.33333333333335,5.0,MEDIUM
2010-07-15,20000.0,20000.0,20000.0,20000.0,20000.0,20000.0,20000.0,0.0,0.0,2010,15,7,3,28,0.4,0.2,0.2285714285714286,0.21357142857142858,-50.0,5.0,MEDIUM
2010-07-16,20000.0,20000.0,20000.0,20000.0,20000.0,20000.0,20000.0,0.0,0.0,2010,16,7,4,28,0.2,0.1,0.2285714285714286,0.1992857142857143,24.999999999999993,5.263157894736842,LOW
2010-07-17,19000.0,20000.0,20000.0,20000.0,19857.14285714286,19928.571428571428,19966.666666666668,377.96447300921096,267.2612419122697,2010,17,7,5,28,0.25,0.1,0.25,0.20285714285714285,-19.999999999999996,5.0,LOW
2010-07-19,20000.0,20000.0,20000.0,20000.0,19857.14285714286,19928.571428571428,19966.666666666668,377.96447300921096,267.2612419122697,2010,19,7,0,29,0.2,0.25,0.2642857142857143,0.20642857142857143,49.999999999999986,5.0,LOW
2010-07-20,20000.0,20000.0,20000.0,20000.0,19857.14285714286,19928.571428571428,19966.666666666668,377.96447300921096,267.2612419122697,2010,20,7,1,29,0.3,0.25,0.27142857142857146,0.2207142857142857,-66.66666666666666,5.0,LOW
2010-07-21,20000.0,20000.0,20000.0,20000.0,19857.14285714286,19928.571428571428,19966.666666666668,377.96447300921096,267.2612419122697,2010,21,7,2,29,0.1,0.3,0.24999999999999997,0.225,100.0,5.0,LOW
2010-07-22,20000.0,20000.0,20000.0,20000.0,19857.14285714286,19928.571428571428,19966.666666666668,377.96447300921096,267.2612419122697,2010,22,7,3,29,0.2,0.4,0.23571428571428574,0.23214285714285715,49.999999999999986,5.0,LOW
2010-07-23,20000.0,20000.0,20000.0,20000.0,19857.14285714286,19928.571428571428,19966.666666666668,377.96447300921096,267.2612419122697,2010,23,7,4,29,0.3,0.2,0.2214285714285714,0.225,50.000000000000014,5.0,LOW
2010-07-24,20000.0,19000.0,20000.0,20000.0,19857.14285714286,19928.571428571428,19966.666666666668,377.96447300921096,267.2612419122697,2010,24,7,5,29,0.45,0.25,0.2571428571428572,0.24285714285714285,-44.44444444444445,5.0,LOW
2010-07-26,20000.0,20000.0,20000.0,20000.0,20000.0,19928.571428571428,19966.666666666668,0.0,267.2612419122697,2010,26,7,0,30,0.25,0.2,0.2571428571428572,0.2535714285714286,100.0,5.0,LOW
2010-07-27,20000.0,20000.0,20000.0,20000.0,20000.0,19928.571428571428,19966.666666666668,0.0,267.2612419122697,2010,27,7,1,30,0.5,0.3,0.3,0.28214285714285714,19.999999999999996,5.0,LOW
2010-07-28,20000.0,20000.0,20000.0,20000.0,20000.0,19928.571428571428,19966.666666666668,0.0,267.2612419122697,2010,28,7,2,30,0.6,0.1,0.34285714285714286,0.3071428571428571,-16.666666666666664,5.0,LOW
2010-07-29,20000.0,20000.0,20000.0,20000.0,20000.0,19928.571428571428,19966.666666666668,0.0,267.2612419122697,2010,29,7,3,30,0.5,0.2,0.39999999999999997,0.325,19.999999999999996,5.0,LOW
2010-07-30,20000.0,20000.0,20000.0,20000.0,20000.0,19928.571428571428,19966.666666666668,0.0,267.2612419122697,2010,30,7,4,30,0.6,0.3,0.4571428571428572,0.3464285714285715,-24.999999999999993,5.0,LOW
2010-07-31,20000.0,20000.0,20000.0,20000.0,20000.0,19928.571428571428,19966.666666666668,0.0,267.2612419122697,2010,31,7,5,30,0.45,0.45,0.47857142857142854,0.35,55.55555555555555,5.0,LOW
2010-08-02,20000.0,20000.0,19000.0,20000.0,20000.0,19928.571428571428,19966.666666666668,0.0,267.2612419122697,2010,2,8,0,31,0.7,0.25,0.5142857142857143,0.3857142857142857,-42.85714285714285,5.0,LOW
2010-08-03,20000.0,20000.0,20000.0,20000.0,20000.0,20000.0,19966.666666666668,0.0,0.0,2010,3,8,1,31,0.4,0.5,0.5357142857142857,0.3964285714285714,24.999999999999993,5.0,LOW
2010-08-04,20000.0,20000.0,20000.0,20000.0,20000.0,20000.0,19966.666666666668,0.0,0.0,2010,4,8,2,31,0.5,0.6,0.5357142857142857,0.4178571428571428,-19.999999999999996,5.0,LOW
2010-08-05,20000.0,20000.0,20000.0,20000.0,20000.0,20000.0,19966.666666666668,0.0,0.0,2010,5,8,3,31,0.4,0.5,0.5071428571428571,0.42499999999999993,12.499999999999996,5.0,LOW
2010-08-06,20000.0,20000.0,20000.0,20000.0,20000.0,20000.0,19966.666666666668,0.0,0.0,2010,6,8,4,31,0.45,0.6,0.5,0.45,-11.111111111111107,5.0,LOW
2010-08-07,20000.0,20000.0,20000.0,20000.0,20000.0,20000.0,19966.666666666668,0.0,0.0,2010,7,8,5,31,0.4,0.45,0.4714285714285714,0.4642857142857143,0.0,5.0,LOW
2010-08-09,20000.0,20000.0,20000.0,20000.0,20000.0,20000.0,19966.666666666668,0.0,0.0,2010,9,8,0,32,0.4,0.7,0.4642857142857143,0.4714285714285715,0.0,5.0,LOW
2010-08-10,20000.0,20000.0,20000.0,20000.0,20000.0,20000.0,19966.666666666668,0.0,0.0,2010,10,8,1,32,0.4,0.4,0.42142857142857143,0.46785714285714286,0.0,5.0,LOW
2010-08-11,20000.0,20000.0,20000.0,20000.0,20000.0,20000.0,19966.666666666668,0.0,0.0,2010,11,8,2,32,0.4,0.5,0.42142857142857143,0.4785714285714286,12.499999999999996,5.0,LOW
2010-08-12,20000.0,20000.0,20000.0,20000.0,20000.0,20000.0,19966.666666666668,0.0,0.0,2010,12,8,3,32,0.45,0.4,0.4142857142857143,0.47500000000000003,-11.111111111111107,5.0,LOW
2010-08-13,20000.0,20000.0,20000.0,20000.0,20000.0,20000.0,19966.666666666668,0.0,0.0,2010,13,8,4,32,0.4,0.45,0.41428571428571426,0.46071428571428574,0.0,5.0,LOW
2010-08-14,20000.0,20000.0,20000.0,20000.0,20000.0,20000.0,19966.666666666668,0.0,0.0,2010,14,8,5,32,0.4,0.4,0.40714285714285714,0.4535714285714286,0.0,5.0,LOW
2010-08-16,20000.0,20000.0,20000.0,20000.0,20000.0,20000.0,19966.666666666668,0.0,0.0,2010,16,8,0,33,0.4,0.4,0.4071428571428572,0.43928571428571433,-25.000000000000007,5.0,LOW
2010-08-17,20000.0,20000.0,20000.0,20000.0,20000.0,20000.0,19966.666666666668,0.0,0.0,2010,17,8,1,33,0.3,0.4,0.39285714285714285,0.42857142857142866,-50.0,5.0,LOW
2010-08-18,20000.0,20000.0,20000.0,20000.0,20000.0,20000.0,19966.666666666668,0.0,0.0,2010,18,8,2,33,0.15,0.4,0.35714285714285715,0.3892857142857143,100.0,5.0,LOW
2010-08-19,20000.0,20000.0,20000.0,20000.0,20000.0,20000.0,19966.666666666668,0.0,0.0,2010,19,8,3,33,0.3,0.45,0.3428571428571429,0.3821428571428571,16.666666666666664,5.0,LOW
2010-08-20,20000.0,20000.0,20000.0,19000.0,20000.0,20000.0,19966.666666666668,0.0,0.0,2010,20,8,4,33,0.35,0.4,0.32857142857142857,0.37142857142857144,14.285714285714299,5.0,LOW
2010-08-21,20000.0,20000.0,20000.0,20000.0,20000.0,20000.0,20000.0,0.0,0.0,2010,21,8,5,33,0.4,0.4,0.32857142857142857,0.3714285714285715,-37.50000000000001,5.0,LOW
2010-08-23,20000.0,20000.0,20000.0,20000.0,20000.0,20000.0,20000.0,0.0,0.0,2010,23,8,0,34,0.25,0.4,0.3071428571428572,0.35714285714285715,0.0,5.0,LOW
2010-08-25,20000.0,20000.0,20000.0,20000.0,20000.0,20000.0,20000.0,0.0,0.0,2010,25,8,2,34,0.25,0.3,0.2857142857142857,0.3464285714285714,19.999999999999996,5.0,LOW
2010-09-01,20000.0,20000.0,20000.0,20000.0,20000.0,20000.0,20000.0,0.0,0.0,2010,1,9,2,35,0.3,0.15,0.2857142857142857,0.3392857142857143,-33.33333333333333,5.0,LOW
2010-09-03,20000.0,20000.0,20000.0,20000.0,20000.0,20000.0,20000.0,0.0,0.0,2010,3,9,4,35,0.2,0.3,0.2928571428571428,0.32500000000000007,0.0,5.0,LOW
2010-09-04,20000.0,20000.0,20000.0,20000.0,20000.0,20000.0,20000.0,0.0,0.0,2010,4,9,5,35,0.2,0.35,0.2785714285714286,0.31071428571428567,-25.000000000000007,5.0,LOW
2010-09-06,20000.0,20000.0,20000.0,20000.0,20000.0,20000.0,20000.0,0.0,0.0,2010,6,9,0,36,0.15,0.4,0.25000000000000006,0.28928571428571426,33.33333333333335,5.0,LOW
2010-09-07,20000.0,20000.0,20000.0,20000.0,20000.0,20000.0,20000.0,0.0,0.0,2010,7,9,1,36,0.2,0.25,0.22142857142857145,0.27499999999999997,-50.0,5.0,LOW
2010-09-08,20000.0,20000.0,20000.0,20000.0,20000.0,20000.0,20000.0,0.0,0.0,2010,8,9,2,36,0.1,0.25,0.19999999999999998,0.25357142857142856,100.0,5.0,LOW
2010-09-09,20000.0,20000.0,20000.0,20000.0,20000.0,20000.0,20000.0,0.0,0.0,2010,9,9,3,36,0.2,0.3,0.19285714285714287,0.2392857142857143,-50.0,5.0,LOW
2010-09-27,20000.0,20000.0,20000.0,20000.0,20000.0,20000.0,20000.0,0.0,0.0,2010,27,9,0,39,0.1,0.2,0.16428571428571428,0.22500000000000003,199.99999999999997,5.0,LOW
2010-09-28,20000.0,20000.0,20000.0,20000.0,20000.0,20000.0,20000.0,0.0,0.0,2010,28,9,1,39,0.3,0.2,0.17857142857142858,0.2357142857142857,-16.666666666666664,5.0,LOW
2010-09-29,20000.0,20000.0,20000.0,20000.0,20000.0,20000.0,20000.0,0.0,0.0,2010,29,9,2,39,0.25,0.15,0.18571428571428572,0.23214285714285715,-19.999999999999996,5.0,LOW
2010-09-30,20000.0,20000.0,20000.0,20000.0,20000.0,20000.0,20000.0,0.0,0.0,2010,30,9,3,39,0.2,0.2,0.19285714285714284,0.22142857142857145,125.0,5.0,LOW
2010-10-01,20000.0,20000.0,20000.0,20000.0,20000.0,20000.0,20000.0,0.0,0.0,2010,1,10,4,39,0.45,0.1,0.2285714285714286,0.225,-33.333333333333336,5.0,LOW
2010-10-04,20000.0,20000.0,20000.0,20000.0,20000.0,20000.0,20000.0,0.0,0.0,2010,4,10,0,40,0.3,0.2,0.2571428571428571,0.2285714285714286,33.33333333333335,5.0,LOW
2010-10-05,20000.0,20000.0,20000.0,20000.0,20000.0,20000.0,20000.0,0.0,0.0,2010,5,10,1,40,0.4,0.1,0.2857142857142857,0.2392857142857143,49.999999999999986,5.0,LOW
2010-10-07,20000.0,20000.0,20000.0,20000.0,20000.0,20000.0,20000.0,0.0,0.0,2010,7,10,3,40,0.6,0.3,0.35714285714285715,0.26071428571428573,-16.666666666666664,5.0,LOW
2010-10-08,20000.0,20000.0,20000.0,20000.0,20000.0,20000.0,20000.0,0.0,0.0,2010,8,10,4,40,0.5,0.25,0.38571428571428573,0.28214285714285714,-19.999999999999996,5.0,LOW
2010-10-09,20000.0,20000.0,20000.0,20000.0,20000.0,20000.0,20000.0,0.0,0.0,2010,9,10,5,40,0.4,0.2,0.40714285714285714,0.2964285714285714,0.0,5.0,LOW
2010-10-11,20000.0,20000.0,20000.0,20000.0,20000.0,20000.0,20000.0,0.0,0.0,2010,11,10,0,41,0.4,0.45,0.43571428571428567,0.31428571428571433,49.999999999999986,5.0,LOW
2010-10-12,20000.0,20000.0,20000.0,20000.0,20000.0,20000.0,20000.0,0.0,0.0,2010,12,10,1,41,0.6,0.3,0.45714285714285713,0.34285714285714286,-33.33333333333333,5.0,LOW
2010-10-13,20000.0,20000.0,20000.0,20000.0,20000.0,20000.0,20000.0,0.0,0.0,2010,13,10,2,41,0.4,0.4,0.4714285714285714,0.36428571428571427,-12.50000000000001,5.0,LOW
2010-10-18,20000.0,20000.0,20000.0,20000.0,20000.0,20000.0,20000.0,0.0,0.0,2010,18,10,0,42,0.35,0.6,0.4642857142857143,0.375,14.285714285714299,5.0,LOW
2010-10-19,20000.0,20000.0,20000.0,20000.0,20000.0,20000.0,20000.0,0.0,0.0,2010,19,10,1,42,0.4,0.5,0.43571428571428567,0.39642857142857146,12.499999999999996,5.0,LOW
2010-10-20,20000.0,20000.0,20000.0,20000.0,20000.0,20000.0,20000.0,0.0,0.0,2010,20,10,2,42,0.45,0.4,0.42857142857142855,0.4071428571428571,-11.111111111111107,5.0,LOW
2010-10-21,20000.0,20000.0,20000.0,20000.0,20000.0,20000.0,20000.0,0.0,0.0,2010,21,10,3,42,0.4,0.4,0.42857142857142855,0.4178571428571428,12.499999999999996,5.0,LOW
2010-10-22,20000.0,20000.0,20000.0,20000.0,20000.0,20000.0,20000.0,0.0,0.0,2010,22,10,4,42,0.45,0.6,0.43571428571428567,0.4357142857142858,-33.333333333333336,5.0,LOW
2010-10-23,20000.0,20000.0,20000.0,20000.0,20000.0,20000.0,20000.0,0.0,0.0,2010,23,10,5,42,0.3,0.4,0.39285714285714285,0.425,33.33333333333335,5.0,LOW
2010-10-25,20000.0,20000.0,20000.0,20000.0,20000.0,20000.0,20000.0,0.0,0.0,2010,25,10,0,43,0.4,0.35,0.39285714285714285,0.4321428571428572,-25.000000000000007,5.0,LOW
2010-10-26,20000.0,20000.0,20000.0,20000.0,20000.0,20000.0,20000.0,0.0,0.0,2010,26,10,1,43,0.3,0.4,0.38571428571428573,0.425,33.33333333333335,5.0,LOW
2010-11-01,20000.0,20000.0,20000.0,20000.0,20000.0,20000.0,20000.0,0.0,0.0,2010,1,11,0,44,0.4,0.45,0.3857142857142857,0.4107142857142857,-80.0,5.0,LOW
2010-11-02,20000.0,20000.0,20000.0,20000.0,20000.0,20000.0,20000.0,0.0,0.0,2010,2,11,1,44,0.08,0.4,0.33285714285714285,0.3807142857142857,0.0,5.0,LOW
2010-11-04,20000.0,20000.0,20000.0,20000.0,20000.0,20000.0,20000.0,0.0,0.0,2010,4,11,3,44,0.08,0.45,0.2871428571428571,0.3578571428571428,25.000000000000007,5.0,LOW
2010-11-16,20000.0,20000.0,20000.0,20000.0,20000.0,20000.0,20000.0,0.0,0.0,2010,16,11,1,46,0.1,0.3,0.23714285714285716,0.3364285714285714,-50.0,5.0,LOW
2010-11-17,20000.0,20000.0,20000.0,20000.0,20000.0,20000.0,20000.0,0.0,0.0,2010,17,11,2,46,0.05,0.4,0.20142857142857143,0.29714285714285715,300.00000000000006,5.0,LOW
2010-11-19,20000.0,20000.0,20000.0,20000.0,20000.0,20000.0,20000.0,0.0,0.0,2010,19,11,4,46,0.2,0.3,0.17285714285714285,0.28285714285714286,-75.00000000000001,5.0,LOW
2010-11-20,20000.0,20000.0,20000.0,20000.0,20000.0,20000.0,20000.0,0.0,0.0,2010,20,11,5,46,0.05,0.4,0.13714285714285715,0.26142857142857145,0.0,5.0,LOW
2010-11-22,20000.0,20000.0,20000.0,20000.0,20000.0,20000.0,20000.0,0.0,0.0,2010,22,11,0,47,0.05,0.08,0.08714285714285715,0.23642857142857143,700.0,5.0,LOW
2010-11-23,20000.0,20000.0,20000.0,20000.0,20000.0,20000.0,20000.0,0.0,0.0,2010,23,11,1,47,0.4,0.08,0.13285714285714287,0.23285714285714285,-75.00000000000001,5.0,LOW
2010-11-24,20000.0,20000.0,20000.0,20000.0,20000.0,20000.0,20000.0,0.0,0.0,2010,24,11,2,47,0.1,0.1,0.1357142857142857,0.21142857142857144,100.0,5.0,LOW
2010-11-25,20000.0,20000.0,20000.0,20000.0,20000.0,20000.0,20000.0,0.0,0.0,2010,25,11,3,47,0.2,0.05,0.15,0.19357142857142856,24.999999999999993,5.0,LOW
2010-11-29,20000.0,20000.0,20000.0,20000.0,20000.0,20000.0,20000.0,0.0,0.0,2010,29,11,0,48,0.25,0.2,0.17857142857142858,0.19,-19.999999999999996,5.0,LOW
2010-11-30,20000.0,20000.0,20000.0,20000.0,20000.0,20000.0,20000.0,0.0,0.0,2010,30,11,1,48,0.2,0.05,0.17857142857142858,0.1757142857142857,-25.000000000000007,5.0,LOW
2010-12-01,20000.0,20000.0,20000.0,20000.0,20000.0,20000.0,20000.0,0.0,0.0,2010,1,12,2,48,0.15,0.05,0.19285714285714287,0.16500000000000004,33.33333333333335,5.0,LOW
2010-12-02,20000.0,20000.0,20000.0,20000.0,20000.0,20000.0,20000.0,0.0,0.0,2010,2,12,3,48,0.2,0.4,0.21428571428571427,0.15071428571428572,0.0,5.0,LOW
2010-12-03,20000.0,20000.0,20000.0,20000.0,20000.0,20000.0,20000.0,0.0,0.0,2010,3,12,4,48,0.2,0.1,0.18571428571428572,0.15928571428571428,0.0,5.0,LOW
2010-12-04,20000.0,20000.0,20000.0,20000.0,20000.0,20000.0,20000.0,0.0,0.0,2010,4,12,5,48,0.2,0.2,0.19999999999999998,0.16785714285714287,-25.000000000000007,5.0,LOW
2010-12-07,20000.0,20000.0,20000.0,20000.0,20000.0,20000.0,20000.0,0.0,0.0,2010,7,12,1,49,0.15,0.25,0.19285714285714287,0.17142857142857146,-33.33333333333333,5.0,LOW
2010-12-08,20000.0,20000.0,20000.0,20000.0,20000.0,20000.0,20000.0,0.0,0.0,2010,8,12,2,49,0.1,0.2,0.17142857142857143,0.175,0.0,5.0,LOW
2010-12-09,20000.0,20000.0,20000.0,20000.0,20000.0,20000.0,20000.0,0.0,0.0,2010,9,12,3,49,0.1,0.15,0.15714285714285717,0.16785714285714287,0.0,5.0,LOW
2010-12-10,20000.0,20000.0,20000.0,20000.0,20000.0,20000.0,20000.0,0.0,0.0,2010,10,12,4,49,0.1,0.2,0.15,0.17142857142857143,-50.0,5.0,LOW
2010-12-11,20000.0,20000.0,20000.0,20000.0,20000.0,20000.0,20000.0,0.0,0.0,2010,11,12,5,49,0.05,0.2,0.1285714285714286,0.17142857142857143,0.0,5.0,LOW
2010-12-13,20000.0,20000.0,20000.0,20000.0,20000.0,20000.0,20000.0,0.0,0.0,2010,13,12,0,50,0.05,0.2,0.10714285714285714,0.14642857142857144,0.0,5.0,LOW
2010-12-14,20000.0,20000.0,20000.0,20000.0,20000.0,20000.0,20000.0,0.0,0.0,2010,14,12,1,50,0.05,0.15,0.08571428571428573,0.14285714285714285,300.00000000000006,5.0,LOW
2010-12-16,20000.0,20000.0,20000.0,20000.0,20000.0,20000.0,20000.0,0.0,0.0,2010,16,12,3,50,0.2,0.1,0.09285714285714287,0.14285714285714285,0.0,5.0,LOW
2010-12-18,20000.0,20000.0,20000.0,20000.0,20000.0,20000.0,20000.0,0.0,0.0,2010,18,12,5,50,0.2,0.1,0.10714285714285714,0.1392857142857143,-25.000000000000007,5.0,LOW
2010-12-20,20000.0,20000.0,20000.0,20000.0,20000.0,20000.0,20000.0,0.0,0.0,2010,20,12,0,51,0.15,0.1,0.1142857142857143,0.1357142857142857,-66.66666666666666,5.0,LOW
2010-12-21,20000.0,20000.0,20000.0,20000.0,20000.0,20000.0,20000.0,0.0,0.0,2010,21,12,1,51,0.05,0.05,0.10714285714285714,0.1285714285714286,0.0,5.0,LOW
2010-12-22,20000.0,20000.0,20000.0,20000.0,20000.0,20000.0,20000.0,0.0,0.0,2010,22,12,2,51,0.05,0.05,0.10714285714285714,0.11785714285714287,-40.00000000000001,5.0,LOW
2010-12-24,20000.0,20000.0,20000.0,20000.0,20000.0,20000.0,20000.0,0.0,0.0,2010,24,12,4,51,0.03,0.05,0.1042857142857143,0.10571428571428572,0.0,5.0,LOW
2010-12-27,20000.0,20000.0,20000.0,20000.0,20000.0,20000.0,20000.0,0.0,0.0,2010,27,12,0,52,0.03,0.2,0.10142857142857142,0.09357142857142857,566.6666666666667,5.0,LOW
2010-12-28,20000.0,20000.0,20000.0,20000.0,20000.0,20000.0,20000.0,0.0,0.0,2010,28,12,1,52,0.2,0.2,0.10142857142857144,0.09714285714285716,-80.0,5.0,LOW
2010-12-29,20000.0,20000.0,20000.0,20000.0,20000.0,20000.0,20000.0,0.0,0.0,2010,29,12,2,52,0.04,0.15,0.07857142857142858,0.09285714285714286,25.000000000000007,5.0,LOW
2010-12-30,20000.0,20000.0,20000.0,20000.0,20000.0,20000.0,20000.0,0.0,0.0,2010,30,12,3,52,0.05,0.05,0.0642857142857143,0.0892857142857143,-60.0,5.0,LOW
2011-01-06,20000.0,20000.0,20000.0,20000.0,20000.0,20000.0,20000.0,0.0,0.0,2011,6,1,3,1,0.02,0.05,0.06,0.08357142857142859,0.0,5.0,LOW
2011-01-07,20000.0,20000.0,20000.0,20000.0,20000.0,20000.0,20000.0,0.0,0.0,2011,7,1,4,1,0.02,0.03,0.055714285714285716,0.08142857142857143,150.0,5.0,LOW
2011-01-08,20000.0,20000.0,20000.0,20000.0,20000.0,20000.0,20000.0,0.0,0.0,2011,8,1,5,1,0.05,0.03,0.058571428571428566,0.08142857142857142,500.0,5.0,LOW
2011-01-10,20000.0,20000.0,20000.0,20000.0,20000.0,20000.0,20000.0,0.0,0.0,2011,10,1,0,2,0.3,0.2,0.09714285714285713,0.09928571428571428,-93.33333333333333,5.0,LOW
2011-01-11,20000.0,20000.0,20000.0,20000.0,20000.0,20000.0,20000.0,0.0,0.0,2011,11,1,1,2,0.02,0.04,0.07142857142857142,0.08642857142857142,-50.0,5.0,LOW
2011-01-12,20000.0,20000.0,20000.0,20000.0,20000.0,20000.0,20000.0,0.0,0.0,2011,12,1,2,2,0.01,0.05,0.06714285714285714,0.07285714285714286,400.0,5.0,LOW
2011-01-13,20000.0,20000.0,20000.0,20000.0,20000.0,20000.0,20000.0,0.0,0.0,2011,13,1,3,2,0.05,0.02,0.06714285714285714,0.06571428571428571,-60.0,5.0,LOW
2011-01-15,20000.0,20000.0,20000.0,20000.0,20000.0,20000.0,20000.0,0.0,0.0,2011,15,1,5,2,0.02,0.02,0.06714285714285714,0.06357142857142857,-50.0,5.0,LOW
2011-01-17,20000.0,20000.0,20000.0,20000.0,20000.0,20000.0,20000.0,0.0,0.0,2011,17,1,0,3,0.01,0.05,0.06571428571428571,0.060714285714285714,300.0,5.0,LOW
2011-01-18,20000.0,20000.0,20000.0,20000.0,20000.0,20000.0,20000.0,0.0,0.0,2011,18,1,1,3,0.04,0.3,0.0642857142857143,0.06142857142857143,-75.0,5.0,LOW
2011-01-19,20000.0,20000.0,20000.0,20000.0,20000.0,20000.0,20000.0,0.0,0.0,2011,19,1,2,3,0.01,0.02,0.022857142857142857,0.060000000000000005,100.0,5.0,LOW
2011-01-20,20000.0,20000.0,20000.0,20000.0,20000.0,20000.0,20000.0,0.0,0.0,2011,20,1,3,3,0.02,0.01,0.022857142857142857,0.047142857142857146,0.0,5.0,LOW
2011-01-21,20000.0,20000.0,20000.0,20000.0,20000.0,20000.0,20000.0,0.0,0.0,2011,21,1,4,3,0.02,0.05,0.02428571428571429,0.04571428571428571,0.0,5.0,LOW
2011-01-22,20000.0,20000.0,20000.0,20000.0,20000.0,20000.0,20000.0,0.0,0.0,2011,22,1,5,3,0.02,0.02,0.02,0.04357142857142857,-50.0,5.0,LOW
2011-01-24,20000.0,20000.0,20000.0,20000.0,20000.0,20000.0,20000.0,0.0,0.0,2011,24,1,0,4,0.01,0.01,0.018571428571428572,0.04285714285714286,100.0,5.0,LOW
2011-01-27,20000.0,20000.0,20000.0,20000.0,20000.0,20000.0,20000.0,0.0,0.0,2011,27,1,3,4,0.02,0.04,0.02,0.04285714285714286,-50.0,5.0,LOW
2011-01-29,20000.0,20000.0,20000.0,20000.0,20000.0,20000.0,20000.0,0.0,0.0,2011,29,1,5,4,0.01,0.01,0.015714285714285712,0.039999999999999994,900.0,5.0,LOW
2011-01-31,20000.0,20000.0,20000.0,20000.0,20000.0,20000.0,20000.0,0.0,0.0,2011,31,1,0,5,0.1,0.02,0.028571428571428574,0.025714285714285714,-80.0,5.0,LOW
2011-02-01,20000.0,20000.0,20000.0,20000.0,20000.0,20000.0,20000.0,0.0,0.0,2011,1,2,1,5,0.02,0.02,0.028571428571428574,0.025714285714285714,49.999999999999986,5.0,LOW
2011-02-02,20000.0,20000.0,20000.0,20000.0,20000.0,20000.0,20000.0,0.0,0.0,2011,2,2,2,5,0.03,0.02,0.03,0.02714285714285714,66.66666666666669,5.0,LOW
2011-02-03,20000.0,20000.0,20000.0,20000.0,20000.0,20000.0,20000.0,0.0,0.0,2011,3,2,3,5,0.05,0.01,0.03428571428571429,0.027142857142857142,0.0,5.0,LOW
2011-02-04,20000.0,20000.0,20000.0,20000.0,20000.0,20000.0,20000.0,0.0,0.0,2011,4,2,4,5,0.05,0.02,0.04,0.029285714285714286,-60.0,5.0,LOW
2011-02-05,20000.0,20000.0,20000.0,20000.0,20000.0,20000.0,20000.0,0.0,0.0,2011,5,2,5,5,0.02,0.01,0.039999999999999994,0.030000000000000002,150.0,5.0,LOW
2011-02-07,20000.0,20000.0,20000.0,20000.0,20000.0,20000.0,20000.0,0.0,0.0,2011,7,2,0,6,0.05,0.1,0.04571428571428572,0.030714285714285715,0.0,5.0,LOW
2011-02-09,20000.0,20000.0,20000.0,20000.0,20000.0,20000.0,20000.0,0.0,0.0,2011,9,2,2,6,0.05,0.02,0.038571428571428576,0.03357142857142857,-60.0,5.0,LOW
2011-02-10,20000.0,20000.0,20000.0,20000.0,20000.0,20000.0,20000.0,0.0,0.0,2011,10,2,3,6,0.02,0.03,0.038571428571428576,0.03357142857142857,49.999999999999986,5.0,LOW
2011-02-11,20000.0,20000.0,20000.0,20000.0,20000.0,20000.0,20000.0,0.0,0.0,2011,11,2,4,6,0.03,0.05,0.038571428571428576,0.03428571428571429,-33.33333333333333,5.0,LOW
2011-02-12,20000.0,20000.0,20000.0,20000.0,20000.0,20000.0,20000.0,0.0,0.0,2011,12,2,5,6,0.02,0.05,0.03428571428571429,0.03428571428571429,49.999999999999986,5.0,LOW
2011-02-14,20000.0,20000.0,20000.0,20000.0,20000.0,20000.0,20000.0,0.0,0.0,2011,14,2,0,7,0.03,0.02,0.03142857142857143,0.03571428571428571,66.66666666666669,5.0,LOW
2011-02-15,20000.0,20000.0,20000.0,20000.0,20000.0,20000.0,20000.0,0.0,0.0,2011,15,2,1,7,0.05,0.05,0.03571428571428571,0.03785714285714286,0.0,5.0,LOW
2011-02-17,20000.0,20000.0,20000.0,20000.0,20000.0,20000.0,20000.0,0.0,0.0,2011,17,2,3,7,0.05,0.05,0.03571428571428571,0.04071428571428572,-60.0,5.0,LOW
2011-02-18,20000.0,20000.0,20000.0,20000.0,20000.0,20000.0,20000.0,0.0,0.0,2011,18,2,4,7,0.02,0.02,0.03142857142857143,0.035,150.0,5.0,LOW
2011-02-19,20000.0,20000.0,20000.0,20000.0,20000.0,20000.0,20000.0,0.0,0.0,2011,19,2,5,7,0.05,0.03,0.03571428571428571,0.037142857142857144,-60.0,5.0,LOW
2011-02-21,20000.0,20000.0,20000.0,20000.0,20000.0,20000.0,20000.0,0.0,0.0,2011,21,2,0,8,0.02,0.02,0.03428571428571429,0.03642857142857143,0.0,5.0,LOW
2011-02-22,20000.0,20000.0,20000.0,20000.0,20000.0,20000.0,20000.0,0.0,0.0,2011,22,2,1,8,0.02,0.03,0.03428571428571429,0.03428571428571429,49.999999999999986,5.0,LOW
2011-02-23,20000.0,20000.0,20000.0,20000.0,20000.0,20000.0,20000.0,0.0,0.0,2011,23,2,2,8,0.03,0.05,0.03428571428571429,0.032857142857142856,100.0,5.0,LOW
2011-02-24,20000.0,20000.0,20000.0,20000.0,20000.0,20000.0,20000.0,0.0,0.0,2011,24,2,3,8,0.06,0.05,0.03571428571428571,0.03571428571428571,66.66666666666669,5.0,LOW
2011-02-25,20000.0,20000.0,20000.0,20000.0,20000.0,20000.0,20000.0,0.0,0.0,2011,25,2,4,8,0.1,0.02,0.042857142857142864,0.03928571428571429,-50.0,5.0,LOW
2011-02-26,20000.0,20000.0,20000.0,20000.0,20000.0,20000.0,20000.0,0.0,0.0,2011,26,2,5,8,0.05,0.05,0.047142857142857146,0.03928571428571428,-40.00000000000001,5.0,LOW
2011-03-01,20000.0,20000.0,20000.0,20000.0,20000.0,20000.0,20000.0,0.0,0.0,2011,1,3,1,9,0.03,0.02,0.04428571428571428,0.04,66.66666666666669,5.0,LOW
2011-03-03,20000.0,20000.0,20000.0,20000.0,20000.0,20000.0,20000.0,0.0,0.0,2011,3,3,3,9,0.05,0.02,0.048571428571428564,0.04142857142857143,-60.0,5.0,LOW
2011-03-04,20000.0,20000.0,20000.0,20000.0,20000.0,20000.0,20000.0,0.0,0.0,2011,4,3,4,9,0.02,0.03,0.04857142857142858,0.04142857142857143,400.0,5.0,LOW
2011-03-07,20000.0,20000.0,20000.0,20000.0,20000.0,20000.0,20000.0,0.0,0.0,2011,7,3,0,10,0.1,0.06,0.05857142857142857,0.04642857142857143,-50.0,5.0,LOW
2011-03-08,20000.0,20000.0,20000.0,20000.0,20000.0,20000.0,20000.0,0.0,0.0,2011,8,3,1,10,0.05,0.1,0.05714285714285715,0.04642857142857144,100.0,5.0,LOW
2011-03-09,20000.0,20000.0,20000.0,20000.0,20000.0,20000.0,20000.0,0.0,0.0,2011,9,3,2,10,0.1,0.05,0.05714285714285715,0.05,-40.00000000000001,5.0,LOW
2011-03-10,20000.0,20000.0,20000.0,20000.0,20000.0,20000.0,20000.0,0.0,0.0,2011,10,3,3,10,0.06,0.03,0.05857142857142857,0.05285714285714286,-16.66666666666666,5.0,LOW
2011-03-11,20000.0,20000.0,20000.0,20000.0,20000.0,20000.0,20000.0,0.0,0.0,2011,11,3,4,10,0.05,0.05,0.06142857142857144,0.05285714285714286,0.0,5.0,LOW
2011-03-12,20000.0,20000.0,20000.0,20000.0,20000.0,20000.0,20000.0,0.0,0.0,2011,12,3,5,10,0.05,0.02,0.06142857142857143,0.055,-60.0,5.0,LOW
2011-03-14,20000.0,20000.0,20000.0,20000.0,20000.0,20000.0,20000.0,0.0,0.0,2011,14,3,0,11,0.02,0.1,0.06142857142857144,0.055,49.999999999999986,5.0,LOW
2011-03-15,20000.0,20000.0,20000.0,20000.0,20000.0,20000.0,20000.0,0.0,0.0,2011,15,3,1,11,0.03,0.05,0.05142857142857143,0.055,66.66666666666669,5.0,LOW
2011-03-16,20000.0,20000.0,20000.0,20000.0,20000.0,20000.0,20000.0,0.0,0.0,2011,16,3,2,11,0.05,0.1,0.05142857142857143,0.05428571428571429,-40.00000000000001,5.0,LOW
2011-03-17,20000.0,20000.0,20000.0,20000.0,20000.0,20000.0,20000.0,0.0,0.0,2011,17,3,3,11,0.03,0.06,0.04142857142857143,0.04928571428571428,33.33333333333334,5.0,LOW
2011-03-18,20000.0,20000.0,20000.0,20000.0,20000.0,20000.0,20000.0,0.0,0.0,2011,18,3,4,11,0.04,0.05,0.038571428571428576,0.04857142857142858,4900.0,5.0,LOW
2011-03-22,20000.0,20000.0,20000.0,20000.0,20000.0,20000.0,20000.0,0.0,0.0,2011,22,3,1,12,2.0,0.05,0.31714285714285717,0.18928571428571428,-85.0,5.0,LOW
2011-03-23,20000.0,20000.0,20000.0,20000.0,20000.0,20000.0,20000.0,0.0,0.0,2011,23,3,2,12,0.3,0.02,0.35285714285714287,0.20714285714285713,-93.33333333333333,5.0,LOW
2011-03-25,20000.0,20000.0,20000.0,20000.0,20000.0,20000.0,20000.0,0.0,0.0,2011,25,3,4,12,0.02,0.03,0.35285714285714287,0.20714285714285713,150.0,5.0,LOW
2011-03-26,20000.0,20000.0,20000.0,20000.0,20000.0,20000.0,20000.0,0.0,0.0,2011,26,3,5,12,0.05,0.05,0.35571428571428576,0.20357142857142857,-60.0,5.0,LOW
2011-03-30,20000.0,20000.0,20000.0,20000.0,20000.0,20000.0,20000.0,0.0,0.0,2011,30,3,2,13,0.02,0.03,0.3514285714285715,0.20142857142857143,0.0,5.0,LOW
2011-03-31,20000.0,20000.0,20000.0,20000.0,20000.0,20000.0,20000.0,0.0,0.0,2011,31,3,3,13,0.02,0.04,0.35000000000000003,0.19571428571428573,0.0,5.0,LOW
2011-04-02,20000.0,20000.0,20000.0,20000.0,20000.0,20000.0,20000.0,0.0,0.0,2011,2,4,5,13,0.02,2.0,0.34714285714285714,0.19285714285714287,0.0,5.0,LOW
2011-04-04,20000.0,20000.0,20000.0,20000.0,20000.0,20000.0,20000.0,0.0,0.0,2011,4,4,0,14,0.02,0.3,0.06428571428571432,0.1907142857142857,150.0,5.0,LOW
2011-04-05,20000.0,20000.0,20000.0,20000.0,20000.0,20000.0,20000.0,0.0,0.0,2011,5,4,1,14,0.05,0.02,0.028571428571428605,0.1907142857142857,100.0,5.0,LOW
2011-04-07,20000.0,20000.0,20000.0,20000.0,20000.0,20000.0,20000.0,0.0,0.0,2011,7,4,3,14,0.1,0.05,0.040000000000000036,0.19642857142857142,-50.0,5.0,LOW
2011-04-08,20000.0,20000.0,20000.0,20000.0,20000.0,20000.0,20000.0,0.0,0.0,2011,8,4,4,14,0.05,0.02,0.040000000000000036,0.19785714285714281,-60.0,5.0,LOW
2011-04-09,20000.0,20000.0,20000.0,20000.0,20000.0,20000.0,20000.0,0.0,0.0,2011,9,4,5,14,0.02,0.02,0.04000000000000003,0.1957142857142857,150.0,5.0,LOW
2011-04-11,20000.0,20000.0,20000.0,20000.0,20000.0,20000.0,20000.0,0.0,0.0,2011,11,4,0,15,0.05,0.02,0.044285714285714324,0.19714285714285715,500.0,5.0,LOW
2011-04-13,20000.0,20000.0,20000.0,20000.0,20000.0,20000.0,20000.0,0.0,0.0,2011,13,4,2,15,0.3,0.02,0.08428571428571432,0.21571428571428572,-93.33333333333333,5.0,LOW
2011-04-14,20000.0,20000.0,20000.0,20000.0,20000.0,20000.0,20000.0,0.0,0.0,2011,14,4,3,15,0.02,0.05,0.08428571428571431,0.07428571428571429,0.0,5.0,LOW
2011-04-15,20000.0,20000.0,20000.0,20000.0,20000.0,20000.0,20000.0,0.0,0.0,2011,15,4,4,15,0.02,0.1,0.08000000000000004,0.054285714285714284,49.999999999999986,5.0,LOW
2011-04-18,20000.0,20000.0,20000.0,20000.0,20000.0,20000.0,20000.0,0.0,0.0,2011,18,4,0,16,0.03,0.05,0.07000000000000003,0.055,-33.33333333333333,5.0,LOW
2011-04-20,20000.0,20000.0,20000.0,20000.0,20000.0,20000.0,20000.0,0.0,0.0,2011,20,4,2,16,0.02,0.02,0.06571428571428575,0.05285714285714286,0.0,5.0,LOW
2011-04-25,20000.0,20000.0,20000.0,20000.0,20000.0,20000.0,20000.0,0.0,0.0,2011,25,4,0,17,0.02,0.05,0.06571428571428575,0.05285714285714286,0.0,5.0,LOW
2011-04-26,20000.0,20000.0,20000.0,20000.0,20000.0,20000.0,20000.0,0.0,0.0,2011,26,4,1,17,0.02,0.3,0.06142857142857146,0.05285714285714286,49.999999999999986,5.0,LOW
2011-04-27,20000.0,20000.0,20000.0,20000.0,20000.0,20000.0,20000.0,0.0,0.0,2011,27,4,2,17,0.03,0.02,0.02285714285714289,0.05357142857142857,-33.33333333333333,5.0,LOW
2011-04-28,20000.0,20000.0,20000.0,20000.0,20000.0,20000.0,20000.0,0.0,0.0,2011,28,4,3,17,0.02,0.02,0.02285714285714289,0.05357142857142858,900.0,5.0,LOW
2011-04-29,20000.0,20000.0,20000.0,20000.0,20000.0,20000.0,20000.0,0.0,0.0,2011,29,4,4,17,0.2,0.03,0.0485714285714286,0.0642857142857143,-85.0,5.0,LOW
2011-05-02,20000.0,20000.0,20000.0,20000.0,20000.0,20000.0,20000.0,0.0,0.0,2011,2,5,0,18,0.03,0.02,0.048571428571428606,0.05928571428571429,66.66666666666669,5.0,LOW
2011-05-03,20000.0,20000.0,20000.0,20000.0,20000.0,20000.0,20000.0,0.0,0.0,2011,3,5,1,18,0.05,0.02,0.05285714285714289,0.05928571428571428,-60.0,5.0,LOW
2011-05-04,20000.0,20000.0,20000.0,20000.0,20000.0,20000.0,20000.0,0.0,0.0,2011,4,5,2,18,0.02,0.02,0.05285714285714289,0.05928571428571428,49.999999999999986,5.0,LOW
2011-05-05,20000.0,20000.0,20000.0,20000.0,20000.0,20000.0,20000.0,0.0,0.0,2011,5,5,3,18,0.03,0.03,0.05428571428571432,0.057857142857142864,-33.33333333333333,5.0,LOW
2011-05-06,20000.0,20000.0,20000.0,20000.0,20000.0,20000.0,20000.0,0.0,0.0,2011,6,5,4,18,0.02,0.02,0.05285714285714289,0.03785714285714286,100.0,5.0,LOW
2011-05-07,20000.0,20000.0,20000.0,20000.0,20000.0,20000.0,20000.0,0.0,0.0,2011,7,5,5,18,0.04,0.2,0.05571428571428575,0.03928571428571429,-75.0,5.0,LOW
2011-05-09,20000.0,20000.0,20000.0,20000.0,20000.0,20000.0,20000.0,0.0,0.0,2011,9,5,0,19,0.01,0.03,0.028571428571428605,0.03857142857142857,100.0,5.0,LOW
2011-05-10,20000.0,20000.0,20000.0,20000.0,20000.0,20000.0,20000.0,0.0,0.0,2011,10,5,1,19,0.02,0.05,0.027142857142857173,0.03785714285714286,0.0,5.0,LOW
2011-05-11,20000.0,20000.0,20000.0,20000.0,20000.0,20000.0,20000.0,0.0,0.0,2011,11,5,2,19,0.02,0.02,0.02285714285714289,0.03785714285714286,199.99999999999994,5.0,LOW
2011-05-13,20000.0,20000.0,20000.0,20000.0,20000.0,20000.0,20000.0,0.0,0.0,2011,13,5,4,19,0.06,0.03,0.028571428571428605,0.04071428571428572,-16.66666666666666,5.0,LOW
2011-05-14,20000.0,20000.0,20000.0,20000.0,20000.0,20000.0,20000.0,0.0,0.0,2011,14,5,5,19,0.05,0.02,0.03142857142857146,0.04285714285714286,-60.0,5.0,LOW
2011-05-16,20000.0,20000.0,20000.0,20000.0,20000.0,20000.0,20000.0,0.0,0.0,2011,16,5,0,20,0.02,0.04,0.03142857142857146,0.04214285714285714,0.0,5.0,LOW
2011-05-19,20000.0,20000.0,20000.0,20000.0,20000.0,20000.0,20000.0,0.0,0.0,2011,19,5,3,20,0.02,0.01,0.028571428571428605,0.04214285714285714,0.0,5.0,LOW
2011-05-21,20000.0,20000.0,20000.0,20000.0,20000.0,20000.0,20000.0,0.0,0.0,2011,21,5,5,20,0.02,0.02,0.03000000000000003,0.029285714285714286,0.0,5.0,LOW
2011-05-24,20000.0,20000.0,20000.0,20000.0,20000.0,20000.0,20000.0,0.0,0.0,2011,24,5,1,21,0.02,0.02,0.030000000000000034,0.02857142857142857,150.0,5.0,LOW
2011-05-25,20000.0,20000.0,20000.0,20000.0,20000.0,20000.0,20000.0,0.0,0.0,2011,25,5,2,21,0.05,0.06,0.03428571428571432,0.028571428571428574,-60.0,5.0,LOW
2011-05-26,20000.0,20000.0,20000.0,20000.0,20000.0,20000.0,20000.0,0.0,0.0,2011,26,5,3,21,0.02,0.05,0.028571428571428602,0.028571428571428574,0.0,5.0,LOW
2011-05-27,20000.0,20000.0,20000.0,20000.0,20000.0,20000.0,20000.0,0.0,0.0,2011,27,5,4,21,0.02,0.02,0.02428571428571432,0.027857142857142858,150.0,5.0,LOW
2011-05-30,20000.0,20000.0,20000.0,20000.0,20000.0,20000.0,20000.0,0.0,0.0,2011,30,5,0,22,0.05,0.02,0.028571428571428605,0.03,-80.0,5.0,LOW
2011-05-31,20000.0,20000.0,20000.0,20000.0,20000.0,20000.0,20000.0,0.0,0.0,2011,31,5,1,22,0.01,0.02,0.027142857142857173,0.027857142857142858,100.0,5.0,LOW
2011-06-01,20000.0,20000.0,20000.0,20000.0,20000.0,20000.0,20000.0,0.0,0.0,2011,1,6,2,22,0.02,0.02,0.027142857142857173,0.028571428571428574,900.0,5.0,LOW
2011-06-03,20000.0,20000.0,20000.0,20000.0,20000.0,20000.0,20000.0,0.0,0.0,2011,3,6,4,22,0.2,0.05,0.05285714285714289,0.041428571428571426,-95.0,5.0,LOW
2011-06-04,20000.0,20000.0,20000.0,20000.0,20000.0,20000.0,20000.0,0.0,0.0,2011,4,6,5,22,0.01,0.02,0.047142857142857174,0.04071428571428571,100.0,5.0,LOW
2011-06-06,20000.0,20000.0,20000.0,20000.0,20000.0,20000.0,20000.0,0.0,0.0,2011,6,6,0,23,0.02,0.02,0.04714285714285717,0.03785714285714286,49.999999999999986,5.0,LOW
2011-06-07,20000.0,20000.0,20000.0,20000.0,20000.0,20000.0,20000.0,0.0,0.0,2011,7,6,1,23,0.03,0.05,0.048571428571428606,0.03642857142857143,-33.33333333333333,5.0,LOW
2011-06-08,20000.0,20000.0,20000.0,20000.0,20000.0,20000.0,20000.0,0.0,0.0,2011,8,6,2,23,0.02,0.01,0.04428571428571432,0.03642857142857143,0.0,5.0,LOW
2011-06-10,20000.0,20000.0,20000.0,20000.0,20000.0,20000.0,20000.0,0.0,0.0,2011,10,6,4,23,0.02,0.02,0.04571428571428575,0.03642857142857143,-50.0,5.0,LOW
2011-06-14,20000.0,20000.0,20000.0,20000.0,20000.0,20000.0,20000.0,0.0,0.0,2011,14,6,1,24,0.01,0.2,0.04428571428571432,0.03571428571428571,100.0,5.0,LOW
2011-06-15,20000.0,20000.0,20000.0,20000.0,20000.0,20000.0,20000.0,0.0,0.0,2011,15,6,2,24,0.02,0.01,0.018571428571428603,0.03571428571428571,0.0,5.0,LOW
2011-06-18,20000.0,20000.0,20000.0,20000.0,20000.0,20000.0,20000.0,0.0,0.0,2011,18,6,5,24,0.02,0.02,0.020000000000000035,0.03357142857142857,-50.0,5.0,LOW
2011-06-20,20000.0,20000.0,20000.0,20000.0,20000.0,20000.0,20000.0,0.0,0.0,2011,20,6,0,25,0.01,0.03,0.018571428571428603,0.032857142857142856,100.0,5.0,LOW
2011-06-21,20000.0,20000.0,20000.0,20000.0,20000.0,20000.0,20000.0,0.0,0.0,2011,21,6,1,25,0.02,0.02,0.017142857142857175,0.032857142857142856,150.0,5.0,LOW
2011-06-23,20000.0,20000.0,20000.0,20000.0,20000.0,20000.0,20000.0,0.0,0.0,2011,23,6,3,25,0.05,0.02,0.02142857142857146,0.032857142857142856,300.00000000000006,5.0,LOW
2011-06-25,20000.0,20000.0,20000.0,20000.0,20000.0,20000.0,20000.0,0.0,0.0,2011,25,6,5,25,0.2,0.01,0.047142857142857174,0.04642857142857143,-90.0,5.0,LOW
2011-06-27,20000.0,20000.0,20000.0,20000.0,20000.0,20000.0,20000.0,0.0,0.0,2011,27,6,0,26,0.02,0.02,0.048571428571428606,0.04642857142857143,0.0,5.0,LOW
2011-07-01,20000.0,20000.0,20000.0,20000.0,20000.0,20000.0,20000.0,0.0,0.0,2011,1,7,4,26,0.02,0.02,0.0485714285714286,0.03357142857142857,0.0,5.0,LOW
2011-07-04,20000.0,20000.0,20000.0,20000.0,20000.0,20000.0,20000.0,0.0,0.0,2011,4,7,0,27,0.02,0.01,0.048571428571428606,0.03428571428571429,-50.0,5.0,LOW
2011-07-06,20000.0,20000.0,20000.0,20000.0,20000.0,20000.0,20000.0,0.0,0.0,2011,6,7,2,27,0.01,0.02,0.048571428571428606,0.03357142857142857,100.0,5.0,LOW
2011-07-09,20000.0,20000.0,20000.0,20000.0,20000.0,20000.0,20000.0,0.0,0.0,2011,9,7,5,27,0.02,0.05,0.048571428571428606,0.03285714285714286,0.0,5.0,LOW
2011-07-11,20000.0,20000.0,20000.0,20000.0,20000.0,20000.0,20000.0,0.0,0.0,2011,11,7,0,28,0.02,0.2,0.04428571428571432,0.032857142857142856,-50.0,5.0,LOW
2011-07-12,20000.0,20000.0,20000.0,20000.0,20000.0,20000.0,20000.0,0.0,0.0,2011,12,7,1,28,0.01,0.02,0.017142857142857175,0.03214285714285715,400.0,5.0,LOW
2011-07-16,20000.0,20000.0,20000.0,20000.0,20000.0,20000.0,20000.0,0.0,0.0,2011,16,7,5,28,0.05,0.02,0.02142857142857146,0.034999999999999996,-80.0,5.0,LOW
2011-07-20,20000.0,20000.0,20000.0,20000.0,20000.0,20000.0,20000.0,0.0,0.0,2011,20,7,2,29,0.01,0.02,0.020000000000000035,0.03428571428571429,400.0,5.0,LOW
2011-07-21,20000.0,20000.0,20000.0,20000.0,20000.0,20000.0,20000.0,0.0,0.0,2011,21,7,3,29,0.05,0.01,0.02428571428571432,0.03642857142857143,-40.00000000000001,5.0,LOW
2011-07-22,20000.0,20000.0,20000.0,20000.0,20000.0,20000.0,20000.0,0.0,0.0,2011,22,7,4,29,0.03,0.02,0.027142857142857173,0.03785714285714286,-66.66666666666666,5.0,LOW
2011-07-23,20000.0,20000.0,20000.0,20000.0,20000.0,20000.0,20000.0,0.0,0.0,2011,23,7,5,29,0.01,0.02,0.02571428571428575,0.037142857142857144,0.0,5.0,LOW
2011-07-25,20000.0,20000.0,20000.0,20000.0,20000.0,20000.0,20000.0,0.0,0.0,2011,25,7,0,30,0.01,0.01,0.024285714285714317,0.03428571428571429,0.0,5.0,LOW
2011-07-26,20000.0,20000.0,20000.0,20000.0,20000.0,20000.0,20000.0,0.0,0.0,2011,26,7,1,30,0.01,0.05,0.02428571428571432,0.020714285714285716,100.0,5.0,LOW
2011-07-27,20000.0,20000.0,20000.0,20000.0,20000.0,20000.0,20000.0,0.0,0.0,2011,27,7,2,30,0.02,0.01,0.020000000000000035,0.020714285714285713,-50.0,5.0,LOW
2011-07-30,20000.0,20000.0,20000.0,20000.0,20000.0,20000.0,20000.0,0.0,0.0,2011,30,7,5,30,0.01,0.05,0.020000000000000035,0.02,100.0,5.0,LOW
2011-08-01,20000.0,20000.0,20000.0,20000.0,20000.0,20000.0,20000.0,0.0,0.0,2011,1,8,0,31,0.02,0.03,0.015714285714285747,0.02,0.0,5.0,LOW
2011-08-02,20000.0,20000.0,20000.0,20000.0,20000.0,20000.0,20000.0,0.0,0.0,2011,2,8,1,31,0.02,0.01,0.014285714285714318,0.020714285714285713,-50.0,5.0,LOW
2011-08-04,20000.0,20000.0,20000.0,20000.0,20000.0,20000.0,20000.0,0.0,0.0,2011,4,8,3,31,0.01,0.01,0.014285714285714318,0.019999999999999997,100.0,5.0,LOW
2011-08-06,20000.0,20000.0,20000.0,20000.0,20000.0,20000.0,20000.0,0.0,0.0,2011,6,8,5,31,0.02,0.01,0.015714285714285747,0.02,0.0,5.0,LOW
2011-08-08,20000.0,20000.0,20000.0,20000.0,20000.0,20000.0,20000.0,0.0,0.0,2011,8,8,0,32,0.02,0.02,0.017142857142857175,0.020714285714285716,400.0,5.0,LOW
2011-08-10,20000.0,20000.0,20000.0,20000.0,20000.0,20000.0,20000.0,0.0,0.0,2011,10,8,2,32,0.1,0.01,0.028571428571428605,0.02428571428571429,-80.0,5.0,LOW
2011-08-12,20000.0,20000.0,20000.0,20000.0,20000.0,20000.0,20000.0,0.0,0.0,2011,12,8,4,32,0.02,0.02,0.03000000000000003,0.024999999999999998,49.999999999999986,5.0,LOW
2011-08-16,20000.0,20000.0,20000.0,20000.0,20000.0,20000.0,20000.0,0.0,0.0,2011,16,8,1,33,0.03,0.02,0.03142857142857146,0.023571428571428573,-33.33333333333333,5.0,LOW
2011-08-17,20000.0,20000.0,20000.0,20000.0,20000.0,20000.0,20000.0,0.0,0.0,2011,17,8,2,33,0.02,0.01,0.031428571428571465,0.02285714285714286,0.0,5.0,LOW
2011-08-18,20000.0,20000.0,20000.0,20000.0,20000.0,20000.0,20000.0,0.0,0.0,2011,18,8,3,33,0.02,0.02,0.03285714285714289,0.023571428571428573,0.0,5.0,LOW
2011-08-20,20000.0,20000.0,20000.0,20000.0,20000.0,20000.0,20000.0,0.0,0.0,2011,20,8,5,33,0.02,0.02,0.0328571428571429,0.02428571428571429,0.0,5.0,LOW
2011-08-25,20000.0,20000.0,20000.0,20000.0,20000.0,20000.0,20000.0,0.0,0.0,2011,25,8,3,34,0.02,0.1,0.03285714285714289,0.025,0.0,5.0,LOW
2011-08-26,20000.0,20000.0,20000.0,20000.0,20000.0,20000.0,20000.0,0.0,0.0,2011,26,8,4,34,0.02,0.02,0.02142857142857146,0.024999999999999998,0.0,5.0,LOW
2011-08-30,20000.0,20000.0,20000.0,20000.0,20000.0,20000.0,20000.0,0.0,0.0,2011,30,8,1,35,0.02,0.03,0.021428571428571463,0.025714285714285714,0.0,5.0,LOW
2011-09-02,20000.0,20000.0,20000.0,20000.0,20000.0,20000.0,20000.0,0.0,0.0,2011,2,9,4,35,0.02,0.02,0.02,0.025714285714285717,0.0,5.0,LOW
2011-09-06,20000.0,20000.0,20000.0,20000.0,20000.0,20000.0,20000.0,0.0,0.0,2011,6,9,1,36,0.02,0.02,0.02,0.025714285714285714,0.0,5.0,LOW
2011-09-07,20000.0,20000.0,20000.0,20000.0,20000.0,20000.0,20000.0,0.0,0.0,2011,7,9,2,36,0.02,0.02,0.02,0.02642857142857143,0.0,5.0,LOW
2011-09-09,20000.0,20000.0,20000.0,20000.0,20000.0,20000.0,20000.0,0.0,0.0,2011,9,9,4,36,0.02,0.02,0.02,0.02642857142857143,150.0,5.0,LOW
2011-09-15,20000.0,20000.0,20000.0,20000.0,20000.0,20000.0,20000.0,0.0,0.0,2011,15,9,3,37,0.05,0.02,0.024285714285714317,0.028571428571428574,-60.0,5.0,LOW
2011-09-17,20000.0,20000.0,20000.0,20000.0,20000.0,20000.0,20000.0,0.0,0.0,2011,17,9,5,37,0.02,0.02,0.02428571428571432,0.022857142857142857,0.0,5.0,LOW
2011-09-19,20000.0,20000.0,20000.0,20000.0,20000.0,20000.0,20000.0,0.0,0.0,2011,19,9,0,38,0.02,0.02,0.024285714285714317,0.022857142857142857,0.0,5.0,LOW
2011-09-22,20000.0,20000.0,20000.0,20000.0,20000.0,20000.0,20000.0,0.0,0.0,2011,22,9,3,38,0.02,0.02,0.02428571428571432,0.02214285714285714,0.0,5.0,LOW
2011-09-23,20000.0,20000.0,20000.0,20000.0,20000.0,20000.0,20000.0,0.0,0.0,2011,23,9,4,38,0.02,0.02,0.02428571428571432,0.02214285714285714,-50.0,5.0,LOW
2011-09-26,20000.0,20000.0,20000.0,20000.0,20000.0,20000.0,20000.0,0.0,0.0,2011,26,9,0,39,0.01,0.02,0.02285714285714289,0.021428571428571432,0.0,5.0,LOW
2011-09-27,20000.0,20000.0,20000.0,20000.0,20000.0,20000.0,20000.0,0.0,0.0,2011,27,9,1,39,0.01,0.05,0.02142857142857146,0.020714285714285713,100.0,5.0,LOW
2011-10-01,20000.0,20000.0,20000.0,20000.0,20000.0,20000.0,20000.0,0.0,0.0,2011,1,10,5,39,0.02,0.02,0.017142857142857175,0.020714285714285713,0.0,5.0,LOW
2011-10-07,20000.0,20000.0,20000.0,20000.0,20000.0,20000.0,20000.0,0.0,0.0,2011,7,10,4,40,0.02,0.02,0.017142857142857175,0.020714285714285716,0.0,5.0,LOW
2011-10-08,20000.0,20000.0,20000.0,20000.0,20000.0,20000.0,20000.0,0.0,0.0,2011,8,10,5,40,0.02,0.02,0.017142857142857175,0.020714285714285716,0.0,5.0,LOW
2011-11-03,20000.0,20000.0,20000.0,20000.0,20000.0,20000.0,20000.0,0.0,0.0,2011,3,11,3,44,0.02,0.02,0.017142857142857175,0.020714285714285713,0.0,5.0,LOW
2011-11-05,20000.0,20000.0,20000.0,20000.0,20000.0,20000.0,20000.0,0.0,0.0,2011,5,11,5,44,0.02,0.01,0.017142857142857175,0.020714285714285716,150.0,5.0,LOW
2011-11-09,20000.0,20000.0,20000.0,20000.0,20000.0,20000.0,20000.0,0.0,0.0,2011,9,11,2,45,0.05,0.01,0.02285714285714289,0.022857142857142857,0.0,5.0,LOW
2011-11-11,20000.0,20000.0,20000.0,20000.0,20000.0,20000.0,20000.0,0.0,0.0,2011,11,11,4,45,0.05,0.02,0.028571428571428605,0.024999999999999998,-60.0,5.0,LOW
2011-11-12,20000.0,20000.0,20000.0,20000.0,20000.0,20000.0,20000.0,0.0,0.0,2011,12,11,5,45,0.02,0.02,0.028571428571428605,0.022857142857142857,150.0,5.0,LOW
2011-11-14,20000.0,20000.0,20000.0,20000.0,20000.0,20000.0,20000.0,0.0,0.0,2011,14,11,0,46,0.05,0.02,0.03285714285714288,0.024999999999999998,0.0,5.0,LOW
2011-11-16,20000.0,20000.0,20000.0,20000.0,20000.0,20000.0,20000.0,0.0,0.0,2011,16,11,2,46,0.05,0.02,0.03714285714285718,0.027142857142857142,-60.0,5.0,LOW
2011-11-17,20000.0,20000.0,20000.0,20000.0,20000.0,20000.0,20000.0,0.0,0.0,2011,17,11,3,46,0.02,0.02,0.03714285714285718,0.027142857142857142,0.0,5.0,MEDIUM
2011-11-18,20000.0,20000.0,20000.0,20000.0,20000.0,20000.0,20000.0,0.0,0.0,2011,18,11,4,46,0.02,0.05,0.03714285714285718,0.027142857142857142,0.0,5.0,MEDIUM
2011-11-21,20000.0,20000.0,20000.0,20000.0,20000.0,20000.0,20000.0,0.0,0.0,2011,21,11,0,47,0.02,0.05,0.03285714285714289,0.027857142857142858,150.0,5.0,MEDIUM
2011-11-22,20000.0,20000.0,20000.0,20000.0,20000.0,20000.0,20000.0,0.0,0.0,2011,22,11,1,47,0.05,0.02,0.03285714285714288,0.03071428571428572,0.0,5.0,MEDIUM
2011-11-24,20000.0,20000.0,20000.0,20000.0,20000.0,20000.0,20000.0,0.0,0.0,2011,24,11,3,47,0.05,0.05,0.03714285714285718,0.032857142857142856,0.0,5.0,MEDIUM
2011-11-30,20000.0,20000.0,20000.0,20000.0,20000.0,20000.0,20000.0,0.0,0.0,2011,30,11,2,48,0.05,0.05,0.03714285714285718,0.034999999999999996,-60.0,5.263157894736842,MEDIUM
2011-12-01,19000.0,20000.0,20000.0,20000.0,19857.14285714286,19928.571428571428,19966.666666666668,377.96447300921096,267.2612419122697,2011,1,12,3,48,0.02,0.02,0.03285714285714289,0.034999999999999996,150.0,5.128205128205128,LOW
2011-12-03,19500.0,20000.0,20000.0,20000.0,19785.714285714286,19892.85714285714,19950.0,393.39789623470625,289.4671117607796,2011,3,12,5,48,0.05,0.02,0.03714285714285718,0.037142857142857144,-60.0,5.0,LOW
2011-12-05,20000.0,20000.0,20000.0,20000.0,19785.714285714286,19892.85714285714,19950.0,393.39789623470625,289.4671117607796,2011,5,12,0,49,0.02,0.02,0.03714285714285718,0.037142857142857144,0.0,5.0,LOW
2011-12-07,20000.0,20000.0,20000.0,20000.0,19785.714285714286,19892.85714285714,19950.0,393.39789623470625,289.4671117607796,2011,7,12,2,49,0.02,0.05,0.03714285714285718,0.035,0.0,5.0,LOW
2011-12-09,20000.0,20000.0,20000.0,20000.0,19785.714285714286,19892.85714285714,19950.0,393.39789623470625,289.4671117607796,2011,9,12,4,49,0.02,0.05,0.0328571428571429,0.032857142857142856,0.0,5.0,LOW
2011-12-12,20000.0,20000.0,20000.0,20000.0,19785.714285714286,19892.85714285714,19950.0,393.39789623470625,289.4671117607796,2011,12,12,0,50,0.02,0.05,0.028571428571428605,0.032857142857142856,150.0,5.0,LOW
2011-12-13,20000.0,19000.0,20000.0,20000.0,19785.714285714286,19892.85714285714,19950.0,393.39789623470625,289.4671117607796,2011,13,12,1,50,0.05,0.02,0.028571428571428605,0.032857142857142856,100.0,5.0,LOW
2011-12-14,20000.0,19500.0,20000.0,20000.0,19928.571428571428,19892.85714285714,19950.0,188.98223650458095,289.4671117607796,2011,14,12,2,50,0.1,0.05,0.040000000000000036,0.03642857142857143,-80.0,5.0,LOW
2011-12-16,20000.0,20000.0,20000.0,20000.0,20000.0,19892.85714285714,19950.0,0.0,289.4671117607796,2011,16,12,4,50,0.02,0.02,0.03571428571428575,0.03642857142857143,-50.0,5.0,LOW
2011-12-17,20000.0,20000.0,20000.0,20000.0,20000.0,19892.85714285714,19950.0,0.0,289.4671117607796,2011,17,12,5,50,0.01,0.02,0.03428571428571432,0.03571428571428571,199.99999999999994,5.0,LOW
2011-12-20,20000.0,20000.0,20000.0,20000.0,20000.0,19892.85714285714,19950.0,0.0,289.4671117607796,2011,20,12,1,51,0.03,0.02,0.03571428571428575,0.03642857142857143,-33.33333333333333,5.0,LOW
2011-12-21,20000.0,20000.0,20000.0,20000.0,20000.0,19892.85714285714,19950.0,0.0,289.4671117607796,2011,21,12,2,51,0.02,0.02,0.03571428571428575,0.03428571428571429,0.0,5.0,LOW
2011-12-22,20000.0,20000.0,20000.0,20000.0,20000.0,19892.85714285714,19950.0,0.0,289.4671117607796,2011,22,12,3,51,0.02,0.05,0.03571428571428575,0.03214285714285715,0.0,5.0,LOW
2011-12-26,20000.0,20000.0,19000.0,20000.0,20000.0,19892.85714285714,19950.0,0.0,289.4671117607796,2011,26,12,0,52,0.02,0.1,0.031428571428571465,0.030000000000000002,49.999999999999986,5.0,LOW
2011-12-27,20000.0,20000.0,19500.0,20000.0,20000.0,19964.285714285714,19950.0,0.0,133.63062095589703,2011,27,12,1,52,0.03,0.02,0.02142857142857146,0.030714285714285715,-33.33333333333333,5.0,LOW
2011-12-28,20000.0,20000.0,20000.0,20000.0,20000.0,20000.0,19950.0,0.0,0.0,2011,28,12,2,52,0.02,0.01,0.021428571428571463,0.028571428571428574,0.0,5.0,LOW
2011-12-29,20000.0,20000.0,20000.0,20000.0,20000.0,20000.0,19950.0,0.0,0.0,2011,29,12,3,52,0.02,0.03,0.02285714285714289,0.028571428571428574,0.0,5.0,LOW
2012-01-02,20000.0,20000.0,20000.0,20000.0,20000.0,20000.0,19950.0,0.0,0.0,2012,2,1,0,1,0.02,0.02,0.02142857142857146,0.02857142857142857,-50.0,5.0,LOW
2012-01-03,20000.0,20000.0,20000.0,20000.0,20000.0,20000.0,19950.0,0.0,0.0,2012,3,1,1,1,0.01,0.02,0.020000000000000035,0.027857142857142858,0.0,5.0,LOW
2012-01-04,20000.0,20000.0,20000.0,20000.0,20000.0,20000.0,19950.0,0.0,0.0,2012,4,1,2,1,0.01,0.02,0.018571428571428603,0.027142857142857142,100.0,5.0,LOW
2012-01-05,20000.0,20000.0,20000.0,20000.0,20000.0,20000.0,19950.0,0.0,0.0,2012,5,1,3,1,0.02,0.03,0.018571428571428603,0.025,0.0,5.0,LOW
2012-01-06,20000.0,20000.0,20000.0,20000.0,20000.0,20000.0,19950.0,0.0,0.0,2012,6,1,4,1,0.02,0.02,0.017142857142857175,0.019285714285714285,0.0,5.0,LOW
2012-01-07,20000.0,20000.0,20000.0,20000.0,20000.0,20000.0,19950.0,0.0,0.0,2012,7,1,5,1,0.02,0.02,0.017142857142857175,0.019285714285714288,0.0,5.0,LOW
2012-01-17,20000.0,20000.0,20000.0,20000.0,20000.0,20000.0,19950.0,0.0,0.0,2012,17,1,1,3,0.02,0.02,0.017142857142857175,0.019999999999999997,0.0,5.0,LOW
2012-01-18,20000.0,20000.0,20000.0,20000.0,20000.0,20000.0,19950.0,0.0,0.0,2012,18,1,2,3,0.02,0.01,0.017142857142857175,0.019285714285714288,0.0,5.0,LOW
2012-01-19,20000.0,20000.0,20000.0,20000.0,20000.0,20000.0,19950.0,0.0,0.0,2012,19,1,3,3,0.02,0.01,0.018571428571428603,0.019285714285714288,0.0,5.0,LOW
2012-01-21,20000.0,20000.0,20000.0,20000.0,20000.0,20000.0,19950.0,0.0,0.0,2012,21,1,5,3,0.02,0.02,0.02,0.019285714285714285,400.0,5.0,LOW
2012-01-24,20000.0,20000.0,20000.0,20000.0,20000.0,20000.0,19950.0,0.0,0.0,2012,24,1,1,4,0.1,0.02,0.031428571428571465,0.024999999999999998,-80.0,5.0,LOW
2012-01-27,20000.0,20000.0,20000.0,20000.0,20000.0,20000.0,19950.0,0.0,0.0,2012,27,1,4,4,0.02,0.02,0.031428571428571465,0.02428571428571429,150.0,5.0,LOW
2012-01-31,20000.0,20000.0,20000.0,19000.0,20000.0,20000.0,19950.0,0.0,0.0,2012,31,1,1,5,0.05,0.02,0.03571428571428575,0.02642857142857143,-60.0,5.0,LOW
2012-02-01,20000.0,20000.0,20000.0,19500.0,20000.0,20000.0,19983.333333333332,0.0,0.0,2012,1,2,2,5,0.02,0.02,0.03571428571428575,0.02642857142857143,150.0,5.0,LOW
2012-02-02,20000.0,20000.0,20000.0,20000.0,20000.0,20000.0,20000.0,0.0,0.0,2012,2,2,3,5,0.05,0.02,0.040000000000000036,0.028571428571428574,-60.0,5.0,LOW
2012-02-03,20000.0,20000.0,20000.0,20000.0,20000.0,20000.0,20000.0,0.0,0.0,2012,3,2,4,5,0.02,0.02,0.040000000000000036,0.029285714285714286,0.0,5.0,HIGH
2012-02-06,20000.0,20000.0,20000.0,20000.0,20000.0,20000.0,20000.0,0.0,0.0,2012,6,2,0,6,0.02,0.1,0.040000000000000036,0.030000000000000002,0.0,5.0,HIGH
2012-02-09,20000.0,20000.0,20000.0,20000.0,20000.0,20000.0,20000.0,0.0,0.0,2012,9,2,3,6,0.02,0.02,0.02857142857142861,0.030000000000000002,400.0,5.0,HIGH
2012-02-10,20000.0,20000.0,20000.0,20000.0,20000.0,20000.0,20000.0,0.0,0.0,2012,10,2,4,6,0.1,0.05,0.040000000000000036,0.03571428571428571,-80.0,5.0,HIGH
2012-02-11,20000.0,20000.0,20000.0,20000.0,20000.0,20000.0,20000.0,0.0,0.0,2012,11,2,5,6,0.02,0.02,0.03571428571428575,0.03571428571428571,0.0,5.0,LOW
2012-03-03,20000.0,20000.0,20000.0,20000.0,20000.0,20000.0,20000.0,0.0,0.0,2012,3,3,5,9,0.02,0.05,0.035714285714285754,0.03571428571428571,150.0,4.545454545454546,LOW
2012-03-05,22000.0,20000.0,20000.0,20000.0,20285.714285714286,20142.85714285714,20066.666666666668,755.9289460184444,534.5224838247626,2012,5,3,0,10,0.05,0.02,0.03571428571428575,0.03785714285714286,0.0,4.545454545454546,LOW
2012-03-07,22000.0,20000.0,20000.0,20000.0,20571.428571428572,20285.714285714286,20133.333333333332,975.9000729485236,726.2730392024955,2012,7,3,2,10,0.05,0.02,0.040000000000000036,0.039999999999999994,-60.0,4.545454545454546,LOW
2012-03-10,22000.0,20000.0,20000.0,20000.0,20857.14285714286,20428.571428571428,20200.0,1069.0449676496874,851.6306272525794,2012,10,3,5,10,0.02,0.02,0.040000000000000036,0.04,150.0,6.8181818181818175,LOW
2012-03-12,22000.0,20000.0,20000.0,20000.0,21142.85714285714,20571.428571428572,20266.666666666668,1069.0449676496855,937.6144618769331,2012,12,3,0,11,0.05,0.1,0.04428571428571432,0.03642857142857143,0.0,4.545454545454546,LOW
2012-03-14,22000.0,20000.0,20000.0,20000.0,21428.571428571428,20714.285714285714,20333.333333333332,975.9000729485182,994.490316197637,2012,14,3,2,11,0.05,0.02,0.03714285714285718,0.038571428571428576,-60.0,4.545454545454546,LOW
2012-03-19,22000.0,20000.0,20000.0,20000.0,21714.285714285714,20857.14285714286,20400.0,755.928946018432,1027.105182026134,2012,19,3,0,12,0.02,0.02,0.03714285714285718,0.03642857142857143,0.0,4.545454545454546,LOW
2012-03-24,22000.0,22000.0,20000.0,20000.0,22000.0,21000.0,20466.666666666668,0.0,1037.7490433254834,2012,24,3,5,12,0.02,0.05,0.03714285714285718,0.03642857142857143,0.0,4.545454545454546,LOW
2012-03-26,22000.0,22000.0,20000.0,20000.0,22000.0,21142.85714285714,20533.333333333332,0.0,1027.1051820261305,2012,26,3,0,13,0.02,0.05,0.0328571428571429,0.03428571428571429,0.0,4.545454545454546,LOW
2012-03-28,22000.0,22000.0,20000.0,20000.0,22000.0,21285.714285714286,20600.0,0.0,994.4903161976299,2012,28,3,2,13,0.02,0.02,0.028571428571428605,0.03428571428571429,0.0,4.545454545454546,LOW
2012-04-07,22000.0,22000.0,20000.0,20000.0,22000.0,21428.571428571428,20666.666666666668,0.0,937.6144618769212,2012,7,4,5,14,0.02,0.05,0.028571428571428605,0.03428571428571429,0.0,4.545454545454546,LOW
2012-04-12,22000.0,22000.0,20000.0,20000.0,22000.0,21571.428571428572,20733.333333333332,0.0,851.6306272525608,2012,12,4,3,15,0.02,0.05,0.024285714285714324,0.03428571428571429,150.0,4.545454545454546,LOW
2012-04-13,22000.0,22000.0,20000.0,20000.0,22000.0,21714.285714285714,20800.0,0.0,726.2730392024665,2012,13,4,4,15,0.05,0.02,0.02428571428571432,0.030714285714285715,-60.0,4.545454545454546,LOW
2012-04-19,22000.0,22000.0,20000.0,20000.0,22000.0,21857.14285714286,20866.666666666668,0.0,534.5224838247126,2012,19,4,3,16,0.02,0.02,0.024285714285714324,0.030714285714285715,150.0,4.545454545454546,LOW
2012-04-20,22000.0,22000.0,22000.0,20000.0,22000.0,22000.0,20933.333333333332,0.0,0.0,2012,20,4,4,16,0.05,0.02,0.028571428571428605,0.032857142857142856,-60.0,4.545454545454546,LOW
2012-04-21,22000.0,22000.0,22000.0,20000.0,22000.0,22000.0,21000.0,0.0,0.0,2012,21,4,5,16,0.02,0.02,0.028571428571428605,0.030714285714285715,150.0,4.545454545454546,LOW
2012-04-24,22000.0,22000.0,22000.0,20000.0,22000.0,22000.0,21066.666666666668,0.0,0.0,2012,24,4,1,17,0.05,0.02,0.03285714285714289,0.030714285714285715,-60.0,4.545454545454546,LOW
2012-04-25,22000.0,22000.0,22000.0,20000.0,22000.0,22000.0,21133.333333333332,0.0,0.0,2012,25,4,2,17,0.02,0.02,0.03285714285714289,0.030714285714285715,150.0,4.545454545454546,LOW
2012-04-27,22000.0,22000.0,22000.0,20000.0,22000.0,22000.0,21200.0,0.0,0.0,2012,27,4,4,17,0.05,0.05,0.03714285714285718,0.030714285714285715,-60.0,4.545454545454546,LOW
2012-05-02,22000.0,22000.0,22000.0,20000.0,22000.0,22000.0,21266.666666666668,0.0,0.0,2012,2,5,2,18,0.02,0.02,0.03285714285714289,0.028571428571428574,0.0,4.545454545454546,LOW
2012-05-03,22000.0,22000.0,22000.0,20000.0,22000.0,22000.0,21333.333333333332,0.0,0.0,2012,3,5,3,18,0.02,0.05,0.0328571428571429,0.028571428571428574,400.0,4.545454545454546,LOW
2012-05-07,22000.0,22000.0,22000.0,20000.0,22000.0,22000.0,21400.0,0.0,0.0,2012,7,5,0,19,0.1,0.02,0.040000000000000036,0.03428571428571429,-50.0,4.545454545454546,LOW
2012-05-08,22000.0,22000.0,22000.0,20000.0,22000.0,22000.0,21466.666666666668,0.0,0.0,2012,8,5,1,19,0.05,0.05,0.044285714285714324,0.03642857142857143,-60.0,4.545454545454546,LOW
2012-05-09,22000.0,22000.0,22000.0,20000.0,22000.0,22000.0,21533.333333333332,0.0,0.0,2012,9,5,2,19,0.02,0.02,0.040000000000000036,0.03642857142857143,150.0,4.545454545454546,LOW
2012-05-11,22000.0,22000.0,22000.0,20000.0,22000.0,22000.0,21600.0,0.0,0.0,2012,11,5,4,19,0.05,0.05,0.044285714285714324,0.038571428571428576,0.0,4.545454545454546,LOW
2012-05-14,22000.0,22000.0,22000.0,20000.0,22000.0,22000.0,21666.666666666668,0.0,0.0,2012,14,5,0,20,0.05,0.02,0.044285714285714324,0.04071428571428572,0.0,4.545454545454546,LOW
2012-05-15,22000.0,22000.0,22000.0,20000.0,22000.0,22000.0,21733.333333333332,0.0,0.0,2012,15,5,1,20,0.05,0.02,0.048571428571428606,0.04071428571428571,-60.0,4.545454545454546,LOW
2012-05-16,22000.0,22000.0,22000.0,20000.0,22000.0,22000.0,21800.0,0.0,0.0,2012,16,5,2,20,0.02,0.1,0.048571428571428606,0.04071428571428571,49.999999999999986,4.545454545454546,LOW
2012-05-17,22000.0,22000.0,22000.0,20000.0,22000.0,22000.0,21866.666666666668,0.0,0.0,2012,17,5,3,20,0.03,0.05,0.038571428571428604,0.03928571428571429,0.0,4.545454545454546,LOW
2012-05-18,22000.0,22000.0,22000.0,20000.0,22000.0,22000.0,21933.333333333332,0.0,0.0,2012,18,5,4,20,0.03,0.02,0.035714285714285754,0.04,66.66666666666669,4.545454545454546,LOW
2012-05-19,22000.0,22000.0,22000.0,22000.0,22000.0,22000.0,22000.0,0.0,0.0,2012,19,5,5,20,0.05,0.05,0.040000000000000036,0.039999999999999994,-60.0,4.545454545454546,LOW
2012-05-24,22000.0,22000.0,22000.0,22000.0,22000.0,22000.0,22000.0,0.0,0.0,2012,24,5,3,21,0.02,0.05,0.035714285714285754,0.04,400.0,4.545454545454546,LOW
2012-05-26,22000.0,22000.0,22000.0,22000.0,22000.0,22000.0,22000.0,0.0,0.0,2012,26,5,5,21,0.1,0.05,0.04285714285714289,0.04357142857142858,0.0,4.545454545454546,LOW
2012-05-28,22000.0,22000.0,22000.0,22000.0,22000.0,22000.0,22000.0,0.0,0.0,2012,28,5,0,22,0.1,0.02,0.050000000000000044,0.04928571428571429,-50.0,4.545454545454546,LOW
2012-05-31,22000.0,22000.0,22000.0,22000.0,22000.0,22000.0,22000.0,0.0,0.0,2012,31,5,3,22,0.05,0.03,0.054285714285714326,0.05142857142857143,-60.0,4.545454545454546,LOW
2012-06-01,22000.0,22000.0,22000.0,22000.0,22000.0,22000.0,22000.0,0.0,0.0,2012,1,6,4,22,0.02,0.03,0.052857142857142894,0.045714285714285714,150.0,4.545454545454546,LOW
2012-06-04,22000.0,22000.0,22000.0,22000.0,22000.0,22000.0,22000.0,0.0,0.0,2012,4,6,0,23,0.05,0.05,0.05571428571428576,0.045714285714285714,-60.0,4.545454545454546,HIGH
2012-06-07,22000.0,22000.0,22000.0,22000.0,22000.0,22000.0,22000.0,0.0,0.0,2012,7,6,3,23,0.02,0.02,0.05142857142857147,0.04571428571428572,150.0,4.545454545454546,HIGH
2012-06-09,22000.0,22000.0,22000.0,22000.0,22000.0,22000.0,22000.0,0.0,0.0,2012,9,6,5,23,0.05,0.1,0.05571428571428576,0.045714285714285714,100.0,4.545454545454546,HIGH
2012-06-13,22000.0,22000.0,22000.0,22000.0,22000.0,22000.0,22000.0,0.0,0.0,2012,13,6,2,24,0.1,0.1,0.05571428571428575,0.04928571428571429,-50.0,4.545454545454546,HIGH
2012-06-25,22000.0,22000.0,22000.0,22000.0,22000.0,22000.0,22000.0,0.0,0.0,2012,25,6,0,26,0.05,0.05,0.04857142857142861,0.04928571428571429,0.0,4.545454545454546,LOW
2012-06-27,22000.0,22000.0,22000.0,22000.0,22000.0,22000.0,22000.0,0.0,0.0,2012,27,6,2,26,0.05,0.02,0.04857142857142861,0.051428571428571435,0.0,4.166666666666666,LOW
2012-06-28,24000.0,22000.0,22000.0,22000.0,22285.714285714286,22142.85714285714,22066.666666666668,755.9289460184261,534.522483824701,2012,28,6,3,26,0.05,0.05,0.052857142857142894,0.05285714285714286,0.0,4.166666666666666,LOW
2012-07-02,24000.0,22000.0,22000.0,22000.0,22571.428571428572,22285.714285714286,22133.333333333332,975.9000729485084,726.2730392024501,2012,2,7,0,27,0.05,0.02,0.052857142857142894,0.054285714285714284,0.0,4.166666666666666,LOW
2012-07-06,24000.0,22000.0,22000.0,22000.0,22857.14285714286,22428.571428571428,22200.0,1069.0449676496723,851.6306272525408,2012,6,7,4,27,0.05,0.05,0.057142857142857176,0.05428571428571429,-60.0,4.166666666666666,LOW
2012-07-07,24000.0,22000.0,22000.0,22000.0,23142.85714285714,22571.428571428572,22266.666666666668,1069.0449676496694,937.6144618768978,2012,7,7,5,27,0.02,0.1,0.052857142857142894,0.05428571428571429,0.0,4.166666666666666,LOW
2012-07-10,24000.0,22000.0,22000.0,22000.0,23428.571428571428,22714.285714285714,22333.333333333332,975.9000729484994,994.4903161976039,2012,10,7,1,28,0.02,0.05,0.04142857142857147,0.04857142857142858,0.0,4.166666666666666,LOW
2012-07-11,24000.0,22000.0,22000.0,22000.0,23714.285714285714,22857.14285714286,22400.0,755.9289460184064,1027.1051820261018,2012,11,7,2,28,0.02,0.05,0.037142857142857186,0.04285714285714286,0.0,4.166666666666666,LOW
2012-07-12,24000.0,24000.0,22000.0,22000.0,24000.0,23000.0,22466.666666666668,0.0,1037.7490433254518,2012,12,7,3,28,0.02,0.05,0.0328571428571429,0.04071428571428572,0.0,4.166666666666666,LOW
2012-07-13,24000.0,24000.0,22000.0,22000.0,24000.0,23142.85714285714,22533.333333333332,0.0,1027.1051820260984,2012,13,7,4,28,0.02,0.05,0.02857142857142861,0.04071428571428572,0.0,4.166666666666666,LOW
2012-07-16,24000.0,24000.0,22000.0,22000.0,24000.0,23285.714285714286,22600.0,0.0,994.4903161975967,2012,16,7,0,29,0.02,0.05,0.02428571428571432,0.038571428571428576,0.0,4.166666666666666,LOW
2012-07-17,24000.0,24000.0,22000.0,22000.0,24000.0,23428.571428571428,22666.666666666668,0.0,937.614461876886,2012,17,7,1,29,0.02,0.02,0.02,0.038571428571428576,0.0,4.166666666666666,LOW
2012-07-19,24000.0,24000.0,22000.0,22000.0,24000.0,23571.428571428572,22733.333333333332,0.0,851.6306272525221,2012,19,7,3,29,0.02,0.02,0.02,0.03642857142857143,400.0,4.166666666666666,LOW
2012-07-20,24000.0,24000.0,22000.0,22000.0,24000.0,23714.285714285714,22800.0,0.0,726.2730392024212,2012,20,7,4,29,0.1,0.02,0.031428571428571465,0.03642857142857143,0.0,4.166666666666666,LOW
2012-07-24,24000.0,24000.0,22000.0,22000.0,24000.0,23857.14285714286,22866.666666666668,0.0,534.522483824651,2012,24,7,1,30,0.1,0.02,0.04285714285714289,0.04,-50.0,4.166666666666666,LOW
2012-07-26,24000.0,24000.0,24000.0,22000.0,24000.0,24000.0,22933.333333333332,0.0,0.0,2012,26,7,3,30,0.05,0.02,0.047142857142857174,0.04,-60.0,4.166666666666666,LOW
2012-07-28,24000.0,24000.0,24000.0,22000.0,24000.0,24000.0,23000.0,0.0,0.0,2012,28,7,5,30,0.02,0.02,0.04714285714285719,0.03785714285714286,150.0,4.166666666666666,LOW
2012-07-30,24000.0,24000.0,24000.0,22000.0,24000.0,24000.0,23066.666666666668,0.0,0.0,2012,30,7,0,31,0.05,0.02,0.05142857142857147,0.03785714285714286,0.0,4.166666666666666,LOW
2012-08-02,24000.0,24000.0,24000.0,22000.0,24000.0,24000.0,23133.333333333332,0.0,0.0,2012,2,8,3,31,0.05,0.02,0.05571428571428575,0.03785714285714286,0.0,4.166666666666666,LOW
2012-08-07,24000.0,24000.0,24000.0,22000.0,24000.0,24000.0,23200.0,0.0,0.0,2012,7,8,1,32,0.05,0.1,0.06000000000000004,0.039999999999999994,-60.0,4.166666666666666,LOW
2012-08-08,24000.0,24000.0,24000.0,22000.0,24000.0,24000.0,23266.666666666668,0.0,0.0,2012,8,8,2,32,0.02,0.1,0.048571428571428606,0.04,150.0,4.166666666666666,LOW
2012-08-24,24000.0,24000.0,24000.0,22000.0,24000.0,24000.0,23333.333333333332,0.0,0.0,2012,24,8,4,34,0.05,0.05,0.04142857142857147,0.04214285714285715,0.0,4.166666666666666,LOW
2012-08-27,24000.0,24000.0,24000.0,22000.0,24000.0,24000.0,23400.0,0.0,0.0,2012,27,8,0,35,0.05,0.02,0.04142857142857147,0.044285714285714296,100.0,4.166666666666666,LOW
2012-09-15,24000.0,24000.0,24000.0,22000.0,24000.0,24000.0,23466.666666666668,0.0,0.0,2012,15,9,5,37,0.1,0.05,0.052857142857142894,0.05,-50.0,4.166666666666666,LOW
2012-09-17,24000.0,24000.0,24000.0,22000.0,24000.0,24000.0,23533.333333333332,0.0,0.0,2012,17,9,0,38,0.05,0.05,0.052857142857142894,0.052142857142857144,100.0,4.166666666666666,LOW
2012-10-08,24000.0,24000.0,24000.0,22000.0,24000.0,24000.0,23600.0,0.0,0.0,2012,8,10,0,41,0.1,0.05,0.06000000000000004,0.057857142857142864,-50.0,4.166666666666666,LOW
2012-10-18,24000.0,24000.0,24000.0,22000.0,24000.0,24000.0,23666.666666666668,0.0,0.0,2012,18,10,3,42,0.05,0.02,0.06000000000000004,0.06,-60.0,4.166666666666666,LOW
2012-10-19,24000.0,24000.0,24000.0,22000.0,24000.0,24000.0,23733.333333333332,0.0,0.0,2012,19,10,4,42,0.02,0.05,0.06000000000000004,0.054285714285714284,150.0,4.166666666666666,LOW
2012-10-26,24000.0,24000.0,24000.0,22000.0,24000.0,24000.0,23800.0,0.0,0.0,2012,26,10,4,43,0.05,0.05,0.06000000000000004,0.05071428571428572,-60.0,4.166666666666666,LOW
2012-11-23,24000.0,24000.0,24000.0,22000.0,24000.0,24000.0,23866.666666666668,0.0,0.0,2012,23,11,4,47,0.02,0.1,0.05571428571428575,0.04857142857142858,0.0,4.166666666666666,LOW
2012-11-26,24000.0,24000.0,24000.0,22000.0,24000.0,24000.0,23933.333333333332,0.0,0.0,2012,26,11,0,48,0.02,0.05,0.044285714285714324,0.04857142857142858,0.0,4.166666666666666,LOW
2012-11-30,24000.0,24000.0,24000.0,24000.0,24000.0,24000.0,24000.0,0.0,0.0,2012,30,11,4,48,0.02,0.1,0.040000000000000036,0.04642857142857143,150.0,4.166666666666666,LOW
2012-12-03,24000.0,24000.0,24000.0,24000.0,24000.0,24000.0,24000.0,0.0,0.0,2012,3,12,0,49,0.05,0.05,0.0328571428571429,0.04642857142857143,0.0,4.166666666666666,LOW
2012-12-07,24000.0,24000.0,24000.0,24000.0,24000.0,24000.0,24000.0,0.0,0.0,2012,7,12,4,49,0.05,0.02,0.0328571428571429,0.04642857142857144,100.0,4.166666666666666,LOW
2012-12-10,24000.0,24000.0,24000.0,24000.0,24000.0,24000.0,24000.0,0.0,0.0,2012,10,12,0,50,0.1,0.05,0.044285714285714324,0.05214285714285715,0.0,4.166666666666666,LOW
2012-12-11,24000.0,24000.0,24000.0,24000.0,24000.0,24000.0,24000.0,0.0,0.0,2012,11,12,1,50,0.1,0.02,0.05142857142857147,0.055714285714285716,-50.0,4.166666666666666,LOW
2012-12-24,24000.0,24000.0,24000.0,24000.0,24000.0,24000.0,24000.0,0.0,0.0,2012,24,12,0,52,0.05,0.02,0.05571428571428575,0.055714285714285716,100.0,4.166666666666666,LOW
2013-01-08,24000.0,24000.0,24000.0,24000.0,24000.0,24000.0,24000.0,0.0,0.0,2013,8,1,1,2,0.1,0.02,0.06714285714285718,0.055714285714285716,-50.0,4.166666666666666,LOW
2013-01-09,24000.0,24000.0,24000.0,24000.0,24000.0,24000.0,24000.0,0.0,0.0,2013,9,1,2,2,0.05,0.05,0.07142857142857148,0.055714285714285716,100.0,4.166666666666666,LOW
2013-01-10,24000.0,24000.0,24000.0,24000.0,24000.0,24000.0,24000.0,0.0,0.0,2013,10,1,3,2,0.1,0.05,0.07857142857142861,0.055714285714285716,-50.0,4.166666666666666,LOW
2013-01-11,24000.0,24000.0,24000.0,24000.0,24000.0,24000.0,24000.0,0.0,0.0,2013,11,1,4,2,0.05,0.1,0.07857142857142861,0.055714285714285716,100.0,4.166666666666666,LOW
2013-01-12,24000.0,24000.0,24000.0,24000.0,24000.0,24000.0,24000.0,0.0,0.0,2013,12,1,5,2,0.1,0.1,0.07857142857142861,0.06142857142857144,-50.0,4.166666666666666,LOW
2013-01-15,24000.0,24000.0,24000.0,24000.0,24000.0,24000.0,24000.0,0.0,0.0,2013,15,1,1,3,0.05,0.05,0.07142857142857147,0.06142857142857143,100.0,4.166666666666666,LOW
2013-01-16,24000.0,24000.0,24000.0,24000.0,24000.0,24000.0,24000.0,0.0,0.0,2013,16,1,2,3,0.1,0.1,0.07857142857142861,0.06714285714285714,0.0,4.166666666666666,LOW
2013-01-22,24000.0,24000.0,24000.0,24000.0,24000.0,24000.0,24000.0,0.0,0.0,2013,22,1,1,4,0.1,0.05,0.07857142857142861,0.07285714285714286,-50.0,4.166666666666666,LOW
2013-01-24,24000.0,24000.0,24000.0,24000.0,24000.0,24000.0,24000.0,0.0,0.0,2013,24,1,3,4,0.05,0.1,0.07857142857142861,0.075,100.0,4.166666666666666,LOW
2013-01-29,24000.0,24000.0,24000.0,24000.0,24000.0,24000.0,24000.0,0.0,0.0,2013,29,1,1,5,0.1,0.05,0.07857142857142861,0.07857142857142858,0.0,4.166666666666666,LOW
2013-01-30,24000.0,24000.0,24000.0,24000.0,24000.0,24000.0,24000.0,0.0,0.0,2013,30,1,2,5,0.1,0.1,0.08571428571428576,0.08214285714285714,0.0,4.166666666666666,LOW
2013-01-31,24000.0,24000.0,24000.0,24000.0,24000.0,24000.0,24000.0,0.0,0.0,2013,31,1,3,5,0.1,0.05,0.08571428571428576,0.08214285714285716,0.0,4.166666666666666,LOW
2013-02-01,24000.0,24000.0,24000.0,24000.0,24000.0,24000.0,24000.0,0.0,0.0,2013,1,2,4,5,0.1,0.1,0.09285714285714289,0.08214285714285716,-50.0,4.166666666666666,LOW
2013-02-02,24000.0,24000.0,24000.0,24000.0,24000.0,24000.0,24000.0,0.0,0.0,2013,2,2,5,5,0.05,0.1,0.08571428571428576,0.08214285714285714,0.0,4.166666666666666,LOW
2013-02-04,24000.0,24000.0,24000.0,24000.0,24000.0,24000.0,24000.0,0.0,0.0,2013,4,2,0,6,0.05,0.05,0.07857142857142861,0.07857142857142858,0.0,4.166666666666666,LOW
2013-02-05,24000.0,24000.0,24000.0,24000.0,24000.0,24000.0,24000.0,0.0,0.0,2013,5,2,1,6,0.05,0.1,0.07857142857142861,0.07857142857142858,100.0,4.166666666666666,LOW
2013-02-06,24000.0,24000.0,24000.0,24000.0,24000.0,24000.0,24000.0,0.0,0.0,2013,6,2,2,6,0.1,0.1,0.07857142857142861,0.07857142857142858,0.0,4.166666666666666,LOW
2013-02-07,24000.0,24000.0,24000.0,24000.0,24000.0,24000.0,24000.0,0.0,0.0,2013,7,2,3,6,0.1,0.1,0.07857142857142861,0.08214285714285714,-50.0,4.166666666666666,LOW
2013-02-08,24000.0,24000.0,24000.0,24000.0,24000.0,24000.0,24000.0,0.0,0.0,2013,8,2,4,6,0.05,0.1,0.07142857142857147,0.07857142857142858,100.0,4.166666666666666,LOW
2013-02-11,24000.0,24000.0,24000.0,24000.0,24000.0,24000.0,24000.0,0.0,0.0,2013,11,2,0,7,0.1,0.05,0.07142857142857148,0.08214285714285716,-50.0,4.166666666666666,LOW
2013-02-12,24000.0,24000.0,24000.0,24000.0,24000.0,24000.0,24000.0,0.0,0.0,2013,12,2,1,7,0.05,0.05,0.07142857142857147,0.07857142857142858,100.0,4.166666666666666,LOW
2013-02-13,24000.0,24000.0,24000.0,24000.0,24000.0,24000.0,24000.0,0.0,0.0,2013,13,2,2,7,0.1,0.05,0.07857142857142861,0.07857142857142858,900.0,4.166666666666666,LOW
2013-02-14,24000.0,24000.0,24000.0,24000.0,24000.0,24000.0,24000.0,0.0,0.0,2013,14,2,3,7,1.0,0.1,0.21428571428571433,0.1464285714285714,-98.0,4.166666666666666,LOW
2013-02-16,24000.0,24000.0,24000.0,24000.0,24000.0,24000.0,24000.0,0.0,0.0,2013,16,2,5,7,0.02,0.1,0.2028571428571429,0.1407142857142857,400.0,4.166666666666666,LOW
2013-02-18,24000.0,24000.0,24000.0,24000.0,24000.0,24000.0,24000.0,0.0,0.0,2013,18,2,0,8,0.1,0.05,0.2028571428571429,0.14071428571428574,-50.0,4.166666666666666,LOW
2013-02-19,24000.0,24000.0,24000.0,24000.0,24000.0,24000.0,24000.0,0.0,0.0,2013,19,2,1,8,0.05,0.1,0.20285714285714287,0.13714285714285715,100.0,4.166666666666666,LOW
2013-02-20,24000.0,24000.0,24000.0,24000.0,24000.0,24000.0,24000.0,0.0,0.0,2013,20,2,2,8,0.1,0.05,0.2028571428571429,0.13714285714285715,-80.0,4.166666666666666,LOW
2013-02-26,24000.0,24000.0,24000.0,24000.0,24000.0,24000.0,24000.0,0.0,0.0,2013,26,2,1,9,0.02,0.1,0.19857142857142862,0.135,0.0,4.166666666666666,LOW
2013-02-27,24000.0,24000.0,24000.0,24000.0,24000.0,24000.0,24000.0,0.0,0.0,2013,27,2,2,9,0.02,1.0,0.1871428571428572,0.13285714285714287,150.0,4.166666666666666,LOW
2013-02-28,24000.0,24000.0,24000.0,24000.0,24000.0,24000.0,24000.0,0.0,0.0,2013,28,2,3,9,0.05,0.02,0.05142857142857147,0.13285714285714287,0.0,4.166666666666666,LOW
2013-03-02,24000.0,24000.0,24000.0,24000.0,24000.0,24000.0,24000.0,0.0,0.0,2013,2,3,5,9,0.05,0.1,0.05571428571428575,0.12928571428571428,100.0,4.166666666666666,LOW
2013-03-04,24000.0,24000.0,24000.0,24000.0,24000.0,24000.0,24000.0,0.0,0.0,2013,4,3,0,10,0.1,0.05,0.05571428571428575,0.12928571428571428,0.0,4.166666666666666,LOW
2013-03-05,24000.0,24000.0,24000.0,24000.0,24000.0,24000.0,24000.0,0.0,0.0,2013,5,3,1,10,0.1,0.1,0.06285714285714289,0.13285714285714287,0.0,4.166666666666666,LOW
2013-03-06,24000.0,24000.0,24000.0,24000.0,24000.0,24000.0,24000.0,0.0,0.0,2013,6,3,2,10,0.1,0.02,0.0628571428571429,0.13285714285714284,0.0,4.166666666666666,LOW
2013-03-08,24000.0,24000.0,24000.0,24000.0,24000.0,24000.0,24000.0,0.0,0.0,2013,8,3,4,10,0.1,0.02,0.07428571428571432,0.13642857142857143,-50.0,4.166666666666666,LOW
2013-04-01,24000.0,24000.0,24000.0,24000.0,24000.0,24000.0,24000.0,0.0,0.0,2013,1,4,0,14,0.05,0.05,0.07857142857142861,0.13285714285714287,0.0,4.166666666666666,LOW
2013-04-02,24000.0,24000.0,24000.0,24000.0,24000.0,24000.0,24000.0,0.0,0.0,2013,2,4,1,14,0.05,0.05,0.07857142857142861,0.065,0.0,4.166666666666666,LOW
2013-04-03,24000.0,24000.0,24000.0,24000.0,24000.0,24000.0,24000.0,0.0,0.0,2013,3,4,2,14,0.05,0.1,0.07857142857142861,0.06714285714285714,0.0,4.166666666666666,LOW
2013-04-04,24000.0,24000.0,24000.0,24000.0,24000.0,24000.0,24000.0,0.0,0.0,2013,4,4,3,14,0.05,0.1,0.07142857142857147,0.06357142857142858,-60.0,4.166666666666666,LOW
2013-04-05,24000.0,24000.0,24000.0,24000.0,24000.0,24000.0,24000.0,0.0,0.0,2013,5,4,4,14,0.02,0.1,0.06000000000000004,0.06142857142857143,0.0,4.166666666666666,LOW
2013-04-06,24000.0,24000.0,24000.0,24000.0,24000.0,24000.0,24000.0,0.0,0.0,2013,6,4,5,14,0.02,0.1,0.048571428571428606,0.055714285714285716,0.0,4.166666666666666,LOW
2013-04-09,24000.0,24000.0,24000.0,24000.0,24000.0,24000.0,24000.0,0.0,0.0,2013,9,4,1,15,0.02,0.05,0.03714285714285718,0.055714285714285716,0.0,4.166666666666666,LOW
2013-04-10,24000.0,24000.0,24000.0,24000.0,24000.0,24000.0,24000.0,0.0,0.0,2013,10,4,2,15,0.02,0.05,0.0328571428571429,0.055714285714285716,0.0,4.166666666666666,LOW
2013-04-11,24000.0,24000.0,24000.0,24000.0,24000.0,24000.0,24000.0,0.0,0.0,2013,11,4,3,15,0.02,0.05,0.028571428571428605,0.05357142857142858,0.0,4.166666666666666,LOW
2013-04-12,24000.0,24000.0,24000.0,24000.0,24000.0,24000.0,24000.0,0.0,0.0,2013,12,4,4,15,0.02,0.05,0.02428571428571432,0.051428571428571435,0.0,4.166666666666666,LOW
2013-04-15,24000.0,24000.0,24000.0,24000.0,24000.0,24000.0,24000.0,0.0,0.0,2013,15,4,0,16,0.02,0.02,0.02,0.045714285714285714,0.0,4.166666666666666,LOW
2013-04-16,24000.0,24000.0,24000.0,24000.0,24000.0,24000.0,24000.0,0.0,0.0,2013,16,4,1,16,0.02,0.02,0.02,0.04,0.0,4.166666666666666,LOW
2013-04-22,24000.0,24000.0,24000.0,24000.0,24000.0,24000.0,24000.0,0.0,0.0,2013,22,4,0,17,0.02,0.02,0.02,0.03428571428571429,400.0,4.166666666666666,LOW
2013-04-25,24000.0,24000.0,24000.0,24000.0,24000.0,24000.0,24000.0,0.0,0.0,2013,25,4,3,17,0.1,0.02,0.031428571428571465,0.03428571428571429,-50.0,4.166666666666666,LOW
2013-05-01,24000.0,24000.0,24000.0,24000.0,24000.0,24000.0,24000.0,0.0,0.0,2013,1,5,2,18,0.05,0.02,0.03571428571428575,0.03428571428571429,-60.0,4.166666666666666,LOW
2013-05-06,24000.0,24000.0,24000.0,24000.0,24000.0,24000.0,24000.0,0.0,0.0,2013,6,5,0,19,0.02,0.02,0.03571428571428575,0.03214285714285715,150.0,4.166666666666666,LOW
2013-05-07,24000.0,24000.0,24000.0,24000.0,24000.0,24000.0,24000.0,0.0,0.0,2013,7,5,1,19,0.05,0.02,0.040000000000000036,0.03214285714285715,-60.0,4.166666666666666,HIGH
2013-05-08,24000.0,24000.0,24000.0,24000.0,24000.0,24000.0,24000.0,0.0,0.0,2013,8,5,2,19,0.02,0.02,0.040000000000000036,0.030000000000000002,150.0,4.166666666666666,HIGH
2013-05-09,24000.0,24000.0,24000.0,24000.0,24000.0,24000.0,24000.0,0.0,0.0,2013,9,5,3,19,0.05,0.02,0.04428571428571432,0.03214285714285715,0.0,4.166666666666666,HIGH
2013-05-13,24000.0,24000.0,24000.0,24000.0,24000.0,24000.0,24000.0,0.0,0.0,2013,13,5,0,20,0.05,0.1,0.048571428571428606,0.03428571428571429,199.99999999999997,4.166666666666666,HIGH
2013-05-14,24000.0,24000.0,24000.0,24000.0,24000.0,24000.0,24000.0,0.0,0.0,2013,14,5,1,20,0.15,0.05,0.05571428571428575,0.04357142857142858,-33.33333333333333,4.166666666666666,LOW
2013-05-15,24000.0,24000.0,24000.0,24000.0,24000.0,24000.0,24000.0,0.0,0.0,2013,15,5,2,20,0.1,0.02,0.0628571428571429,0.04928571428571429,0.0,3.8461538461538463,LOW
2013-05-16,26000.0,24000.0,24000.0,24000.0,24285.714285714286,24142.85714285714,24066.666666666668,755.9289460183967,534.5224838246394,2013,16,5,3,20,0.1,0.05,0.07428571428571432,0.055,0.0,3.8461538461538463,LOW
2013-05-18,26000.0,24000.0,24000.0,24000.0,24571.428571428572,24285.714285714286,24133.333333333332,975.9000729484844,726.2730392024048,2013,18,5,5,20,0.1,0.02,0.08142857142857148,0.060714285714285714,0.0,3.8461538461538463,LOW
2013-05-24,26000.0,24000.0,24000.0,24000.0,24857.14285714286,24428.571428571428,24200.0,1069.0449676496498,851.630627252502,2013,24,5,4,21,0.1,0.05,0.09285714285714289,0.06642857142857143,-80.0,3.8461538461538463,LOW
2013-05-27,26000.0,24000.0,24000.0,24000.0,25142.85714285714,24571.428571428572,24266.666666666668,1069.044967649647,937.6144618768627,2013,27,5,0,22,0.02,0.05,0.08857142857142862,0.06642857142857143,900.0,3.8461538461538463,LOW
2013-05-28,26000.0,24000.0,24000.0,24000.0,25428.571428571428,24714.285714285714,24333.333333333332,975.9000729484748,994.4903161975708,2013,28,5,1,22,0.2,0.15,0.11000000000000003,0.07928571428571429,-50.0,3.8461538461538463,LOW
2013-05-30,26000.0,24000.0,24000.0,24000.0,25714.285714285714,24857.14285714286,24400.0,755.9289460183746,1027.1051820260698,2013,30,5,3,22,0.1,0.1,0.10285714285714288,0.07928571428571428,0.0,3.8461538461538463,LOW
2013-05-31,26000.0,26000.0,24000.0,24000.0,26000.0,25000.0,24466.666666666668,0.0,1037.74904332542,2013,31,5,4,22,0.1,0.1,0.1028571428571429,0.08285714285714287,0.0,3.8461538461538463,LOW
2013-06-03,26000.0,26000.0,24000.0,24000.0,26000.0,25142.85714285714,24533.333333333332,0.0,1027.1051820260664,2013,3,6,0,23,0.1,0.1,0.1028571428571429,0.08857142857142859,0.0,3.8461538461538463,LOW
2013-06-05,26000.0,26000.0,24000.0,24000.0,26000.0,25285.714285714286,24600.0,0.0,994.4903161975636,2013,5,6,2,23,0.1,0.1,0.10285714285714288,0.09214285714285715,0.0,3.8461538461538463,LOW
2013-06-07,26000.0,26000.0,24000.0,24000.0,26000.0,25428.571428571428,24666.666666666668,0.0,937.6144618768508,2013,7,6,4,23,0.1,0.02,0.10285714285714288,0.09785714285714286,-50.0,3.8461538461538463,LOW
2013-06-10,26000.0,26000.0,24000.0,24000.0,26000.0,25571.428571428572,24733.333333333332,0.0,851.6306272524835,2013,10,6,0,24,0.05,0.2,0.10714285714285718,0.09785714285714286,0.0,3.8461538461538463,LOW
2013-06-11,26000.0,26000.0,24000.0,24000.0,26000.0,25714.285714285714,24800.0,0.0,726.2730392023758,2013,11,6,1,24,0.05,0.1,0.08571428571428576,0.09785714285714286,0.0,3.8461538461538463,LOW
2013-06-13,26000.0,26000.0,24000.0,24000.0,26000.0,25857.14285714286,24866.666666666668,0.0,534.5224838245892,2013,13,6,3,24,0.05,0.1,0.0785714285714286,0.09071428571428572,0.0,3.8461538461538463,LOW
2013-06-14,26000.0,26000.0,26000.0,24000.0,26000.0,26000.0,24933.333333333332,0.0,0.0,2013,14,6,4,24,0.05,0.1,0.07142857142857147,0.08714285714285715,0.0,3.8461538461538463,LOW
2013-06-17,26000.0,26000.0,26000.0,24000.0,26000.0,26000.0,25000.0,0.0,0.0,2013,17,6,0,25,0.05,0.1,0.06428571428571432,0.08357142857142859,-60.0,3.8461538461538463,LOW
2013-06-20,26000.0,26000.0,26000.0,24000.0,26000.0,26000.0,25066.666666666668,0.0,0.0,2013,20,6,3,25,0.02,0.1,0.05285714285714289,0.07785714285714286,150.0,3.8461538461538463,LOW
2013-06-21,26000.0,26000.0,26000.0,24000.0,26000.0,26000.0,25133.333333333332,0.0,0.0,2013,21,6,4,25,0.05,0.05,0.04571428571428575,0.07428571428571429,0.0,3.8461538461538463,LOW
2013-06-22,26000.0,26000.0,26000.0,24000.0,26000.0,26000.0,25200.0,0.0,0.0,2013,22,6,5,25,0.05,0.05,0.045714285714285756,0.07642857142857143,0.0,3.8461538461538463,LOW
2013-06-26,26000.0,26000.0,26000.0,24000.0,26000.0,26000.0,25266.666666666668,0.0,0.0,2013,26,6,2,26,0.05,0.05,0.04571428571428575,0.06571428571428571,0.0,3.8461538461538463,LOW
2013-06-27,26000.0,26000.0,26000.0,24000.0,26000.0,26000.0,25333.333333333332,0.0,0.0,2013,27,6,3,26,0.05,0.05,0.04571428571428575,0.06214285714285715,0.0,3.8461538461538463,LOW
2013-06-28,26000.0,26000.0,26000.0,24000.0,26000.0,26000.0,25400.0,0.0,0.0,2013,28,6,4,26,0.05,0.05,0.04571428571428575,0.05857142857142857,-60.0,3.8461538461538463,LOW
2013-06-29,26000.0,26000.0,26000.0,24000.0,26000.0,26000.0,25466.666666666668,0.0,0.0,2013,29,6,5,26,0.02,0.02,0.04142857142857147,0.05285714285714286,0.0,3.8461538461538463,LOW
2013-07-01,26000.0,26000.0,26000.0,24000.0,26000.0,26000.0,25533.333333333332,0.0,0.0,2013,1,7,0,27,0.02,0.05,0.04142857142857147,0.047142857142857146,0.0,3.8461538461538463,LOW
2013-07-02,26000.0,26000.0,26000.0,24000.0,26000.0,26000.0,25600.0,0.0,0.0,2013,2,7,1,27,0.02,0.05,0.03714285714285718,0.04142857142857143,0.0,3.8461538461538463,LOW
2013-07-04,26000.0,26000.0,26000.0,24000.0,26000.0,26000.0,25666.666666666668,0.0,0.0,2013,4,7,3,27,0.02,0.05,0.03285714285714289,0.03928571428571429,-50.0,3.8461538461538463,LOW
2013-07-06,26000.0,26000.0,26000.0,24000.0,26000.0,26000.0,25733.333333333332,0.0,0.0,2013,6,7,5,27,0.01,0.05,0.027142857142857173,0.03642857142857143,900.0,3.8461538461538463,LOW
2013-07-11,26000.0,26000.0,26000.0,24000.0,26000.0,26000.0,25800.0,0.0,0.0,2013,11,7,3,28,0.1,0.05,0.034285714285714315,0.04,-80.0,3.8461538461538463,LOW
2013-07-12,26000.0,26000.0,26000.0,24000.0,26000.0,26000.0,25866.666666666668,0.0,0.0,2013,12,7,4,28,0.02,0.02,0.030000000000000034,0.03785714285714285,0.0,3.8461538461538463,LOW
2013-07-13,26000.0,26000.0,26000.0,24000.0,26000.0,26000.0,25933.333333333332,0.0,0.0,2013,13,7,5,28,0.02,0.02,0.03000000000000003,0.03571428571428571,0.0,3.8461538461538463,LOW
2013-07-20,26000.0,26000.0,26000.0,26000.0,26000.0,26000.0,26000.0,0.0,0.0,2013,20,7,5,29,0.02,0.02,0.030000000000000034,0.03571428571428571,-50.0,3.8461538461538463,LOW
2003-06-14,5770.0,5200.0,6000.0,62500.0,5520.0,5617.142857142857,18138.0,259.1653268955738,224.23986372301383,2003,14,6,5,24,5.0,10.0,5.428571428571429,4.785714285714286,-20.0,60.65857885615251,MEDIUM
2003-06-18,5770.0,5500.0,5750.0,62500.0,5601.428571428572,5600.714285714285,16247.0,229.74105505803118,201.28297286117888,2003,18,6,2,25,4.0,8.0,4.571428571428571,4.714285714285714,25.0,75.26881720430107,HIGH
2003-06-21,4650.0,5300.0,5750.0,70000.0,5480.0,5522.142857142857,14318.666666666666,429.8061578567196,318.8724985455271,2003,21,6,5,25,5.0,2.0,4.142857142857143,4.785714285714286,60.0,63.63636363636363,HIGH
2003-06-25,5500.0,5300.0,5650.0,70000.0,5508.571428571428,5504.285714285715,12168.666666666666,422.4306085570052,312.0580391196743,2003,25,6,2,26,8.0,3.0,5.0,5.214285714285714,0.0,0.0,HIGH
2003-06-28,5000.0,5770.0,5650.0,75000.0,5465.714285714285,5457.857142857143,10002.0,460.6103611080915,336.13592880910227,2003,28,6,5,26,8.0,5.0,5.714285714285714,5.428571428571429,-25.0,16.0,HIGH
2003-07-05,5000.0,5800.0,5600.0,62500.0,5355.714285714285,5411.428571428572,7668.666666666667,467.71989989749613,352.06767581054993,2003,5,7,5,27,6.0,5.0,5.857142857142857,5.5,33.33333333333333,32.0,HIGH
2003-07-12,5000.0,5770.0,5600.0,8000.0,5241.428571428572,5368.571428571428,5752.0,437.8518992907327,363.6747731948613,2003,12,7,5,28,8.0,5.0,6.285714285714286,5.857142857142857,-25.0,71.42857142857143,MEDIUM
2003-07-16,7000.0,5770.0,5200.0,6250.0,5417.142857142857,5468.571428571428,5718.666666666667,790.2892779579913,567.5433855702047,2003,16,7,2,29,6.0,4.0,6.428571428571429,5.928571428571429,-50.0,34.0,MEDIUM
2003-07-23,5000.0,4650.0,5500.0,6250.0,5307.142857142857,5454.285714285715,5677.0,786.5687993994511,577.2576319334105,2003,23,7,2,30,3.0,5.0,6.285714285714286,5.428571428571429,100.0,34.0,MEDIUM
2003-07-26,5000.0,5500.0,5300.0,6500.0,5357.142857142857,5418.571428571428,5635.333333333333,748.0132415419051,589.5481600056329,2003,26,7,5,30,6.0,8.0,6.428571428571429,5.285714285714286,33.33333333333333,5.660377358490567,MEDIUM
2003-07-30,5300.0,5000.0,5300.0,6000.0,5328.571428571428,5418.571428571428,5595.333333333333,745.4624643216478,589.5481600056329,2003,30,7,2,31,8.0,8.0,6.428571428571429,5.714285714285714,-25.0,45.45454545454545,MEDIUM
2003-08-30,5500.0,5000.0,5770.0,6000.0,5400.0,5432.857142857143,5578.666666666667,732.5753658599821,588.8767478639472,2003,30,8,5,35,6.0,6.0,6.142857142857143,5.928571428571429,-33.33333333333333,68.0,MEDIUM
2003-09-06,5000.0,5000.0,5800.0,6000.0,5400.0,5377.857142857143,5545.333333333333,732.5753658599821,590.9207752620956,2003,6,9,5,36,4.0,8.0,5.857142857142857,5.857142857142857,0.0,67.3076923076923,MEDIUM
2003-09-13,5200.0,7000.0,5770.0,6000.0,5428.571428571428,5335.0,5518.666666666667,718.1324987162928,579.598667513658,2003,13,9,5,37,4.0,6.0,5.285714285714286,5.785714285714286,0.0,68.0,MEDIUM
2003-09-17,5000.0,5000.0,5770.0,6000.0,5142.857142857143,5280.0,5485.333333333333,198.8059594731089,571.6238677249555,2003,17,9,2,38,4.0,3.0,5.0,5.714285714285714,50.0,68.0,MEDIUM
2003-09-20,5000.0,5000.0,4650.0,6000.0,5142.857142857143,5225.0,5452.0,198.8059594731089,557.7254632045076,2003,20,9,5,38,6.0,6.0,5.428571428571429,5.857142857142857,-33.33333333333333,67.3469387755102,MEDIUM
2003-09-24,4900.0,5300.0,5500.0,6000.0,5128.571428571428,5242.857142857143,5415.333333333333,213.80899352576182,541.6701887731906,2003,24,9,2,39,4.0,8.0,5.142857142857143,5.785714285714286,50.0,67.3469387755102,MEDIUM
2003-09-27,4900.0,5500.0,5000.0,5750.0,5071.428571428572,5200.0,5378.666666666667,213.8089935257587,543.4929763884766,2003,27,9,5,39,6.0,6.0,4.857142857142857,5.642857142857143,-16.666666666666664,67.3469387755102,MEDIUM
2003-10-18,4900.0,5000.0,5000.0,5750.0,4985.714285714285,5192.857142857143,5350.333333333333,106.90449675659875,546.969673907808,2003,18,10,5,42,5.0,4.0,4.714285714285714,5.428571428571429,0.0,62.745098039215684,MEDIUM
2003-10-22,5100.0,5200.0,5000.0,5650.0,5000.0,5200.0,5328.666666666667,115.47005383017657,544.906484565991,2003,22,10,2,43,5.0,4.0,4.857142857142857,5.357142857142857,20.0,61.53846153846154,MEDIUM
2003-10-25,5200.0,5000.0,7000.0,5650.0,5000.0,5214.285714285715,5313.666666666667,115.47005383017657,541.8730235261427,2003,25,10,5,43,6.0,4.0,5.142857142857143,5.214285714285714,-16.666666666666664,61.53846153846154,MEDIUM
2003-10-29,5200.0,5000.0,5000.0,5600.0,5028.571428571428,5085.714285714285,5298.666666666667,138.01311186199035,174.78401113499442,2003,29,10,2,44,5.0,6.0,5.285714285714286,5.142857142857143,40.0,60.37735849056604,MEDIUM
2003-11-01,5300.0,4900.0,5000.0,5600.0,5071.428571428572,5107.142857142857,5288.666666666667,170.4336206440247,181.71950368897058,2003,1,11,5,44,7.0,4.0,5.428571428571429,5.428571428571429,0.0,58.18181818181818,LOW
2003-11-05,5500.0,4900.0,5300.0,5200.0,5157.142857142857,5142.857142857143,5285.333333333333,214.91969707007001,206.4881658506153,2003,5,11,2,45,7.0,6.0,5.857142857142857,5.5,-14.285714285714285,58.82352941176471,LOW
2003-11-06,5100.0,4900.0,5500.0,5500.0,5185.714285714285,5128.571428571428,5282.0,186.4454471423745,201.64161440121654,2003,6,11,3,45,6.0,5.0,5.857142857142857,5.357142857142857,0.0,58.82352941176471,LOW
2003-11-12,5100.0,5100.0,5000.0,5300.0,5214.285714285715,5100.0,5268.666666666667,146.38501093618626,170.97008285006137,2003,12,11,2,46,6.0,5.0,6.0,5.357142857142857,16.666666666666664,58.82352941176471,MEDIUM
2003-11-15,5100.0,5200.0,5200.0,5300.0,5214.285714285715,5107.142857142857,5262.0,146.38501093618626,168.54255666027254,2003,15,11,5,46,7.0,6.0,6.285714285714286,5.571428571428571,-42.857142857142854,58.82352941176471,MEDIUM
2003-11-19,5100.0,5200.0,5000.0,5770.0,5200.0,5100.0,5255.333333333333,152.7525231593537,166.4100588645269,2003,19,11,2,47,4.0,5.0,6.0,5.571428571428571,50.0,58.82352941176471,MEDIUM
2003-11-22,5100.0,5300.0,5000.0,5800.0,5185.714285714285,5107.142857142857,5233.0,157.35915848821742,163.91501416014225,2003,22,11,5,47,6.0,7.0,6.142857142857143,5.714285714285714,0.0,58.82352941176471,MEDIUM
2003-11-26,5100.0,5500.0,4900.0,5770.0,5157.142857142857,5114.285714285715,5209.666666666667,151.18578919778562,161.04057231969173,2003,26,11,2,48,6.0,7.0,6.0,5.714285714285714,0.0,58.82352941176471,LOW
2003-11-29,5100.0,5100.0,4900.0,5770.0,5100.0,5128.571428571428,5187.333333333333,0.0,148.989268730303,2003,29,11,5,48,6.0,6.0,5.857142857142857,5.857142857142857,-16.666666666666664,56.00000000000001,LOW
2003-12-03,5000.0,5100.0,4900.0,4650.0,5085.714285714285,5135.714285714285,5161.666666666667,37.796447277277274,139.26810257410992,2003,3,12,2,49,5.0,6.0,5.714285714285714,5.785714285714286,20.0,56.00000000000001,MEDIUM
2003-12-10,5000.0,5100.0,5100.0,5500.0,5071.428571428572,5142.857142857143,5173.333333333333,48.79500362910721,128.3881477493349,2003,10,12,2,50,6.0,7.0,5.714285714285714,5.857142857142857,0.0,56.00000000000001,MEDIUM
2003-12-13,5000.0,5100.0,5200.0,5000.0,5057.142857142857,5135.714285714285,5156.666666666667,53.452248365758294,133.63062095242717,2003,13,12,5,50,6.0,4.0,5.571428571428571,5.928571428571429,0.0,56.00000000000001,MEDIUM
2003-12-17,5000.0,5100.0,5200.0,5000.0,5042.857142857143,5121.428571428572,5156.666666666667,53.45224836575515,136.8804724394675,2003,17,12,2,51,6.0,6.0,5.857142857142857,5.928571428571429,-16.666666666666664,56.00000000000001,MEDIUM
2003-12-20,5000.0,5100.0,5300.0,5000.0,5028.571428571428,5107.142857142857,5156.666666666667,48.79500362909689,138.4768001320507,2003,20,12,5,51,5.0,6.0,5.714285714285714,5.928571428571429,-40.0,56.00000000000001,LOW
2003-12-24,5000.0,5100.0,5500.0,7000.0,5014.285714285715,5085.714285714285,5156.666666666667,37.79644727725507,129.24123452785466,2003,24,12,2,52,3.0,6.0,5.285714285714286,5.642857142857143,100.0,55.769230769230774,LOW
2003-12-27,5200.0,5000.0,5100.0,5000.0,5028.571428571428,5064.285714285715,5096.666666666667,75.59289459001344,63.332369369665294,2003,27,12,5,52,6.0,5.0,5.285714285714286,5.571428571428571,-33.33333333333333,55.769230769230774,MEDIUM
2003-12-31,5200.0,5000.0,5100.0,5000.0,5057.142857142857,5071.428571428572,5103.333333333333,97.5900072856911,72.62730391328155,2003,31,12,2,1,4.0,6.0,5.142857142857143,5.428571428571429,25.0,53.84615384615385,MEDIUM
2004-01-03,5200.0,5000.0,5100.0,5300.0,5085.714285714285,5078.571428571428,5110.0,106.90449675660845,80.17837256741058,2004,3,1,5,1,5.0,6.0,5.0,5.357142857142857,-20.0,53.84615384615385,MEDIUM
2004-01-07,5200.0,5000.0,5100.0,5500.0,5114.285714285715,5085.714285714285,5106.666666666667,106.90449675661115,86.44378214489875,2004,7,1,2,2,4.0,6.0,4.714285714285714,5.142857142857143,50.0,57.692307692307686,MEDIUM
2004-01-10,5200.0,5000.0,5100.0,5000.0,5142.857142857143,5092.857142857143,5096.666666666667,97.59000728569993,91.6874768197971,2004,10,1,5,2,6.0,5.0,4.714285714285714,5.285714285714286,-50.0,57.692307692307686,MEDIUM
2004-01-17,5200.0,5000.0,5100.0,5200.0,5171.428571428572,5100.0,5103.333333333333,75.59289459003243,96.07689227778361,2004,17,1,5,3,3.0,3.0,4.428571428571429,5.071428571428571,0.0,57.99999999999999,LOW
2004-01-21,5000.0,5200.0,5100.0,5000.0,5171.428571428572,5092.857142857143,5096.666666666667,75.59289459003243,99.72489631001062,2004,21,1,2,4,3.0,6.0,4.428571428571429,4.857142857142857,33.33333333333333,64.28571428571429,LOW
2004-01-24,5600.0,5200.0,5000.0,5000.0,5228.571428571428,5128.571428571428,5116.666666666667,179.94708216352842,168.37947722521497,2004,24,1,5,4,4.0,4.0,4.142857142857143,4.714285714285714,-25.0,64.28571428571429,LOW
2004-02-11,5600.0,5200.0,5000.0,4900.0,5285.714285714285,5171.428571428572,5136.666666666667,226.7786838016039,205.42103640277847,2004,11,2,2,7,3.0,5.0,4.0,4.571428571428571,33.33333333333333,62.5,MEDIUM
2004-02-14,5600.0,5200.0,5000.0,4900.0,5342.857142857143,5214.285714285715,5160.0,250.7132682076488,228.227763619816,2004,14,2,5,7,4.0,4.0,3.857142857142857,4.428571428571429,-25.0,62.5,MEDIUM
2004-02-18,5600.0,5200.0,5000.0,4900.0,5400.0,5257.142857142857,5183.333333333333,258.19888974371185,240.87751663650465,2004,18,2,2,8,3.0,6.0,3.7142857142857144,4.214285714285714,66.66666666666666,62.5,MEDIUM
2004-02-21,5600.0,5200.0,5000.0,5100.0,5457.142857142857,5300.0,5206.666666666667,250.71326820765356,244.94897427626137,2004,21,2,5,8,5.0,3.0,3.5714285714285716,4.142857142857143,-40.0,62.5,MEDIUM
2004-02-28,5600.0,5000.0,5000.0,5200.0,5514.285714285715,5342.857142857143,5223.333333333333,226.77868380161425,240.8775166365089,2004,28,2,5,9,3.0,3.0,3.5714285714285716,4.0,33.33333333333333,64.28571428571429,MEDIUM
2004-03-03,5600.0,5600.0,5200.0,5200.0,5600.0,5385.714285714285,5236.666666666667,0.0,228.22776361982505,2004,3,3,2,10,4.0,4.0,3.7142857142857144,4.071428571428571,25.0,62.71186440677966,MEDIUM
2004-03-06,5900.0,5600.0,5200.0,5300.0,5642.857142857143,5435.714285714285,5260.0,113.38934189493511,259.013343453398,2004,6,3,5,10,5.0,3.0,3.857142857142857,4.0,-20.0,62.71186440677966,MEDIUM
2004-03-10,5900.0,5600.0,5200.0,5500.0,5685.714285714285,5485.714285714285,5280.0,146.38501093621517,276.9536002696007,2004,10,3,2,11,4.0,4.0,4.0,4.0,75.0,61.66666666666667,MEDIUM
2004-03-17,6000.0,5600.0,5200.0,5100.0,5742.857142857143,5542.857142857143,5296.666666666667,181.26539343009824,295.38576006934676,2004,17,3,2,12,7.0,3.0,4.428571428571429,4.142857142857143,-28.57142857142857,57.377049180327866,MEDIUM
2004-03-20,6100.0,5600.0,5200.0,5100.0,5814.285714285715,5607.142857142857,5330.0,211.57009420079106,312.46977875686247,2004,20,3,5,12,5.0,5.0,4.714285714285714,4.214285714285714,-40.0,57.377049180327866,MEDIUM
2004-03-27,6100.0,5600.0,5200.0,5100.0,5885.714285714285,5671.428571428572,5363.333333333333,211.57009420079444,314.83468538247274,2004,27,3,5,13,3.0,3.0,4.428571428571429,4.0,0.0,57.14285714285714,MEDIUM
2004-03-31,6300.0,5600.0,5000.0,5100.0,5985.714285714285,5750.0,5403.333333333333,219.30626551347865,325.22181779246336,2004,31,3,2,14,3.0,4.0,4.428571428571429,4.0,66.66666666666666,60.8,MEDIUM
2004-04-03,6250.0,5900.0,5600.0,5100.0,6078.571428571428,5839.285714285715,5441.666666666667,157.7369721377475,270.45444051560725,2004,3,4,5,14,5.0,5.0,4.571428571428571,4.142857142857143,-20.0,60.8,MEDIUM
2004-04-07,6250.0,5900.0,5600.0,5100.0,6128.571428571428,5885.714285714285,5480.0,146.79107277301352,281.7722562542509,2004,7,4,2,15,4.0,4.0,4.428571428571429,4.142857142857143,25.0,59.375,MEDIUM
2004-04-21,6400.0,6000.0,5600.0,5100.0,6200.0,5942.857142857143,5523.333333333333,138.44373104225832,299.9084109258411,2004,21,4,2,17,5.0,7.0,4.571428571428571,4.285714285714286,0.0,59.67741935483871,MEDIUM
2004-05-15,6200.0,6100.0,5600.0,5000.0,6228.571428571428,5985.714285714285,5560.0,107.45984852889976,289.8464921471333,2004,15,5,5,20,5.0,5.0,4.285714285714286,4.357142857142857,-20.0,62.06896551724138,MEDIUM
2004-05-19,5800.0,6100.0,5600.0,5000.0,6185.714285714285,6000.0,5586.666666666667,193.03342912599084,273.8612787507747,2004,19,5,2,21,4.0,3.0,4.142857142857143,4.428571428571429,50.0,62.5,MEDIUM
2004-05-26,5600.0,6300.0,5600.0,5000.0,6114.285714285715,6000.0,5606.666666666667,295.4012605933453,273.8612787507747,2004,26,5,2,22,6.0,3.0,4.571428571428571,4.5,16.666666666666664,62.5,MEDIUM
2004-06-12,5600.0,6250.0,5600.0,5000.0,6014.285714285715,6000.0,5626.666666666667,337.5330671605408,273.8612787507747,2004,12,6,5,24,7.0,5.0,5.142857142857143,4.785714285714286,-42.857142857142854,62.5,MEDIUM
2004-06-30,5600.0,6250.0,5900.0,5000.0,5921.428571428572,6000.0,5646.666666666667,351.0189250062089,273.8612787507747,2004,30,6,2,27,4.0,4.0,5.0,4.785714285714286,50.0,67.24137931034483,MEDIUM
2004-07-07,5800.0,6400.0,5900.0,5000.0,5857.142857142857,5992.857142857143,5673.333333333333,320.7134902921458,277.9437843373307,2004,7,7,2,28,6.0,5.0,5.285714285714286,4.857142857142857,0.0,67.24137931034483,MEDIUM
2004-10-06,5800.0,6200.0,6000.0,5200.0,5771.428571428572,5985.714285714285,5700.0,213.80899352579,281.77225625425507,2004,6,10,2,41,6.0,5.0,5.428571428571429,5.0,0.0,54.6875,MEDIUM
2004-10-09,6400.0,5800.0,6100.0,5200.0,5800.0,6014.285714285715,5740.0,282.84271247148337,302.8255218806807,2004,9,10,5,41,6.0,4.0,5.571428571428571,4.928571428571429,-16.666666666666664,54.6875,MEDIUM
2004-11-06,6400.0,5600.0,6100.0,5200.0,5885.714285714285,6035.714285714285,5780.0,362.5307868675425,319.5119905213614,2004,6,11,5,45,5.0,6.0,5.714285714285714,4.928571428571429,40.0,55.55555555555556,MEDIUM
2004-11-10,6300.0,5600.0,6300.0,5200.0,5985.714285714285,6050.0,5816.666666666667,367.0993118491712,326.9909431805225,2004,10,11,2,46,7.0,7.0,5.857142857142857,5.214285714285714,0.0,54.83870967741935,MEDIUM
2004-12-01,6200.0,5600.0,6250.0,5200.0,6071.428571428572,6042.857142857143,5850.0,330.22358947514823,322.1664302658168,2004,1,12,2,49,7.0,4.0,5.857142857142857,5.5,-14.285714285714285,54.83870967741935,MEDIUM
2004-12-29,6200.0,5800.0,6250.0,5200.0,6157.142857142857,6039.285714285715,5883.333333333333,257.2750982678079,319.9630816600318,2004,29,12,2,53,6.0,6.0,6.142857142857143,5.571428571428571,0.0,54.83870967741935,MEDIUM
2005-01-05,6200.0,5800.0,6400.0,5000.0,6214.285714285715,6035.714285714285,5916.666666666667,203.54009783530782,317.701221170263,2005,5,1,2,1,6.0,6.0,6.142857142857143,5.714285714285714,16.666666666666664,55.55555555555556,MEDIUM
2005-01-08,6300.0,6400.0,6200.0,5600.0,6285.714285714285,6028.571428571428,5960.0,89.97354107444481,309.9095933380674,2005,8,1,5,1,7.0,6.0,6.285714285714286,5.857142857142857,-28.57142857142857,55.55555555555556,LOW
2005-01-12,6300.0,6400.0,5800.0,5600.0,6271.428571428572,6035.714285714285,5983.333333333333,75.5928945901805,315.2706843247796,2005,12,1,2,2,5.0,5.0,6.142857142857143,5.857142857142857,20.0,57.8125,LOW
2005-01-15,6400.0,6300.0,5600.0,5600.0,6271.428571428572,6078.571428571428,6010.0,75.5928945901805,321.48351178662307,2005,15,1,5,2,6.0,7.0,6.285714285714286,6.0,-33.33333333333333,57.8125,MEDIUM
2005-01-19,6400.0,6200.0,5600.0,5600.0,6285.714285714285,6135.714285714285,6036.666666666667,89.97354107444481,300.27459959818117,2005,19,1,2,3,4.0,7.0,5.857142857142857,5.857142857142857,75.0,57.8125,MEDIUM
2005-01-22,6400.0,6200.0,5600.0,5600.0,6314.285714285715,6192.857142857143,6063.333333333333,89.973541074448,264.4712743268524,2005,22,1,5,3,7.0,6.0,5.857142857142857,5.857142857142857,-42.857142857142854,57.8125,MEDIUM
2005-01-26,6400.0,6200.0,5800.0,5600.0,6342.857142857143,6250.0,6090.0,78.67957923574619,206.62116951397638,2005,26,1,2,4,4.0,6.0,5.571428571428571,5.857142857142857,50.0,57.8125,MEDIUM
2005-01-29,6400.0,6300.0,5800.0,5600.0,6371.428571428572,6292.857142857143,6116.666666666667,48.795003629376346,163.91501416023044,2005,29,1,5,4,6.0,7.0,5.571428571428571,5.857142857142857,-16.666666666666664,57.8125,MEDIUM
2005-02-02,6400.0,6300.0,6400.0,5900.0,6385.714285714285,6335.714285714285,6143.333333333333,37.79644727762377,84.18973860827536,2005,2,2,2,5,5.0,5.0,5.285714285714286,5.785714285714286,40.0,58.06451612903226,MEDIUM
2005-02-05,6200.0,6400.0,6400.0,5900.0,6371.428571428572,6321.428571428572,6153.333333333333,75.59289459019399,89.25823752489339,2005,5,2,5,5,7.0,6.0,5.571428571428571,5.857142857142857,-28.57142857142857,58.06451612903226,MEDIUM
2005-02-09,6200.0,6400.0,6300.0,6000.0,6342.857142857143,6307.142857142857,6163.333333333333,97.59000728582508,91.68747681995828,2005,9,2,2,6,5.0,4.0,5.428571428571429,5.857142857142857,40.0,59.01639344262295,MEDIUM
2005-02-12,6100.0,6400.0,6200.0,6100.0,6300.0,6292.857142857143,6166.666666666667,129.09944486675238,107.16117059146531,2005,12,2,5,6,7.0,7.0,5.857142857142857,5.857142857142857,-28.57142857142857,59.01639344262295,MEDIUM
2005-02-16,6100.0,6400.0,6200.0,6100.0,6257.142857142857,6285.714285714285,6166.666666666667,139.72762619484243,116.73205911569494,2005,16,2,2,7,5.0,4.0,5.571428571428571,5.714285714285714,40.0,59.01639344262295,MEDIUM
2005-02-19,6100.0,6400.0,6200.0,6300.0,6214.285714285715,6278.571428571428,6166.666666666667,134.51854182035024,125.13728724228028,2005,19,2,5,7,7.0,6.0,6.0,5.785714285714286,-14.285714285714285,59.01639344262295,MEDIUM
2005-02-23,6100.0,6400.0,6300.0,6250.0,6171.428571428572,6271.428571428572,6160.0,111.26972804490323,132.59870882264923,2005,23,2,2,8,6.0,5.0,6.0,5.785714285714286,0.0,60.0,MEDIUM
2005-02-26,6000.0,6200.0,6300.0,6250.0,6114.285714285715,6250.0,6151.666666666667,69.00655592143347,150.6396617472415,2005,26,2,5,8,6.0,7.0,6.142857142857143,5.714285714285714,-33.33333333333333,59.01639344262295,LOW
2005-03-02,6100.0,6200.0,6400.0,6400.0,6100.0,6235.714285714285,6146.666666666667,57.735026903658834,154.95479666665477,2005,2,3,2,9,4.0,5.0,5.714285714285714,5.642857142857143,75.0,58.333333333333336,LOW
2005-03-05,6000.0,6100.0,6400.0,6200.0,6071.428571428572,6207.142857142857,6133.333333333333,48.7950036293135,159.1529777562613,2005,5,3,5,9,7.0,7.0,6.0,5.714285714285714,-42.857142857142854,58.333333333333336,LOW
2005-03-09,6000.0,6100.0,6400.0,5800.0,6057.142857142857,6178.571428571428,6126.666666666667,53.452248365947305,157.76599725265245,2005,9,3,2,10,4.0,5.0,5.571428571428571,5.714285714285714,50.0,58.333333333333336,LOW
2005-03-16,6000.0,6100.0,6400.0,5600.0,6042.857142857143,6150.0,6133.333333333333,53.45224836594462,150.6396617472342,2005,16,3,2,11,6.0,7.0,5.714285714285714,5.642857142857143,16.666666666666664,58.333333333333336,LOW
2005-03-19,6000.0,6100.0,6400.0,5600.0,6028.571428571428,6121.428571428572,6146.666666666667,48.795003629304674,136.88047243955782,2005,19,3,5,11,7.0,6.0,5.714285714285714,5.857142857142857,-42.857142857142854,58.333333333333336,MEDIUM
2005-03-23,6000.0,6000.0,6400.0,5600.0,6014.285714285715,6092.857142857143,6160.0,37.79644727752333,114.11388180668538,2005,23,3,2,12,4.0,6.0,5.428571428571429,5.714285714285714,75.0,58.333333333333336,MEDIUM
2005-03-26,6000.0,6100.0,6200.0,5800.0,6014.285714285715,6064.285714285715,6173.333333333333,37.79644727752333,74.49463436021436,2005,26,3,5,12,7.0,4.0,5.571428571428571,5.857142857142857,-57.14285714285714,58.333333333333336,MEDIUM
2005-04-02,6000.0,6000.0,6200.0,5800.0,6000.0,6050.0,6180.0,0.0,65.04436355119778,2005,2,4,5,13,3.0,7.0,5.428571428571429,5.571428571428571,0.0,56.666666666666664,MEDIUM
2005-04-06,6000.0,6000.0,6100.0,6400.0,6000.0,6035.714285714285,6186.666666666667,0.0,49.724515799938004,2005,6,4,2,14,3.0,4.0,4.857142857142857,5.428571428571429,166.66666666666669,55.00000000000001,MEDIUM
2005-04-13,6000.0,6000.0,6100.0,6400.0,6000.0,6028.571428571428,6173.333333333333,0.0,46.880723083297646,2005,13,4,2,15,8.0,6.0,5.428571428571429,5.5,-12.5,59.01639344262295,MEDIUM
2005-04-16,6100.0,6000.0,6100.0,6300.0,6014.285714285715,6028.571428571428,6163.333333333333,37.79644727752296,46.880723083297646,2005,16,4,5,15,7.0,7.0,5.571428571428571,5.642857142857143,-28.57142857142857,59.01639344262295,MEDIUM
2005-04-20,6100.0,6000.0,6100.0,6200.0,6028.571428571428,6028.571428571428,6156.666666666667,48.79500362930384,46.880723083297646,2005,20,4,2,16,5.0,4.0,5.285714285714286,5.5,60.0,59.01639344262295,MEDIUM
2005-04-23,6100.0,6000.0,6000.0,6200.0,6042.857142857143,6028.571428571428,6153.333333333333,53.45224836594333,46.880723083297646,2005,23,4,5,16,8.0,7.0,5.857142857142857,5.642857142857143,-37.5,59.01639344262295,MEDIUM
2005-05-07,6100.0,6000.0,6100.0,6200.0,6057.142857142857,6035.714285714285,6150.0,53.45224836594549,49.724515799938004,2005,7,5,5,18,5.0,3.0,5.571428571428571,5.571428571428571,0.0,59.32203389830508,MEDIUM
2005-05-11,5900.0,6000.0,6000.0,6300.0,6042.857142857143,6021.428571428572,6140.0,78.67957923570653,57.89342234363774,2005,11,5,2,19,5.0,3.0,5.857142857142857,5.642857142857143,60.0,57.6271186440678,MEDIUM
2005-05-14,5900.0,6000.0,6000.0,6300.0,6028.571428571428,6014.285714285715,6126.666666666667,95.11897311183735,66.2993544057155,2005,14,5,5,19,8.0,8.0,6.571428571428571,5.714285714285714,-37.5,57.6271186440678,MEDIUM
2005-05-18,5900.0,6100.0,6000.0,6400.0,6014.285714285715,6007.142857142857,6113.333333333333,106.90449675669673,73.00459114795738,2005,18,5,2,20,5.0,7.0,6.142857142857143,5.785714285714286,60.0,56.896551724137936,MEDIUM
2005-05-21,5800.0,6100.0,6000.0,6400.0,5971.428571428572,5992.857142857143,6093.333333333333,125.35663409854368,91.68747681991873,2005,21,5,5,20,8.0,5.0,6.285714285714286,5.928571428571429,-37.5,56.896551724137936,MEDIUM
2005-05-25,5800.0,6100.0,6000.0,6400.0,5928.571428571428,5978.571428571428,6073.333333333333,125.35663409854082,105.09022810406974,2005,25,5,2,21,5.0,8.0,6.285714285714286,5.785714285714286,80.0,56.896551724137936,MEDIUM
2005-05-28,5800.0,6100.0,6000.0,6400.0,5885.714285714285,5964.285714285715,6053.333333333333,106.90449675668653,115.07283884899708,2005,28,5,5,21,9.0,5.0,6.428571428571429,6.142857142857143,-33.33333333333333,56.666666666666664,MEDIUM
2005-06-01,6000.0,5900.0,6000.0,6400.0,5871.428571428572,5964.285714285715,6040.0,75.59289459012955,115.07283884899708,2005,1,6,2,22,6.0,5.0,6.571428571428571,6.071428571428571,16.666666666666664,55.73770491803278,MEDIUM
2005-06-04,6100.0,5900.0,6000.0,6400.0,5900.0,5971.428571428572,6030.0,115.47005383025768,120.43875831518562,2005,4,6,5,22,7.0,8.0,6.857142857142857,6.357142857142857,-28.57142857142857,55.73770491803278,MEDIUM
2005-06-08,6100.0,5900.0,6000.0,6200.0,5928.571428571428,5978.571428571428,6020.0,138.0131118620576,125.13728724225257,2005,8,6,2,23,5.0,5.0,6.428571428571429,6.5,60.0,55.73770491803278,MEDIUM
2005-06-11,6100.0,5800.0,6100.0,6200.0,5957.142857142857,5985.714285714285,6016.666666666667,151.18578919783806,129.241234527941,2005,11,6,5,23,8.0,8.0,6.857142857142857,6.5,-37.5,55.73770491803278,MEDIUM
2005-06-15,6100.0,5800.0,6100.0,6100.0,6000.0,5985.714285714285,6013.333333333333,141.42135623105517,129.241234527941,2005,15,6,2,24,5.0,5.0,6.428571428571429,6.357142857142857,60.0,56.451612903225815,MEDIUM
2005-06-18,6200.0,5800.0,6100.0,6100.0,6057.142857142857,5992.857142857143,6016.666666666667,127.24180204912288,138.47680013213008,2005,18,6,5,24,8.0,9.0,6.857142857142857,6.571428571428571,-37.5,56.451612903225815,MEDIUM
2005-06-25,6200.0,6000.0,6100.0,6100.0,6114.285714285715,6000.0,6020.0,69.00655592143234,146.75987713769538,2005,25,6,5,25,5.0,6.0,6.285714285714286,6.357142857142857,0.0,56.451612903225815,MEDIUM
2005-07-02,6200.0,6100.0,5900.0,6100.0,6142.857142857143,6007.142857142857,6023.333333333333,53.45224836596113,154.2439910992285,2005,2,7,5,26,5.0,7.0,6.142857142857143,6.357142857142857,-20.0,56.451612903225815,MEDIUM
2005-07-06,6200.0,6100.0,5900.0,6000.0,6157.142857142857,6028.571428571428,6026.666666666667,53.45224836596355,158.9802669318929,2005,6,7,2,27,4.0,5.0,5.714285714285714,6.285714285714286,100.0,60.9375,MEDIUM
2005-07-09,6400.0,6100.0,5900.0,6100.0,6200.0,6064.285714285715,6040.0,99.9999999911727,182.32322463353324,2005,9,7,5,27,8.0,8.0,6.142857142857143,6.285714285714286,-37.5,60.9375,MEDIUM
2005-07-13,6400.0,6100.0,5800.0,6000.0,6242.857142857143,6100.0,6050.0,113.38934189498657,196.11613513566653,2005,13,7,2,28,5.0,5.0,5.714285714285714,6.285714285714286,60.0,60.9375,MEDIUM
2005-07-16,6400.0,6200.0,5800.0,6000.0,6285.714285714285,6142.857142857143,6063.333333333333,106.90449675671998,191.00658753700148,2005,16,7,5,28,8.0,8.0,6.142857142857143,6.285714285714286,-37.5,60.9375,MEDIUM
2005-07-20,6400.0,6200.0,5800.0,6000.0,6314.285714285715,6185.714285714285,6076.666666666667,106.90449675672268,174.78401113507329,2005,20,7,2,29,5.0,5.0,5.714285714285714,6.285714285714286,60.0,63.23529411764706,MEDIUM
2005-07-23,6800.0,6200.0,6000.0,6000.0,6400.0,6257.142857142857,6103.333333333333,199.9999999955962,206.48816585068346,2005,23,7,5,29,8.0,5.0,6.142857142857143,6.214285714285714,-37.5,63.23529411764706,MEDIUM
2005-07-27,6800.0,6200.0,6100.0,6000.0,6485.714285714285,6314.285714285715,6130.0,226.77868380165646,238.12454031937773,2005,27,7,2,30,5.0,4.0,6.142857142857143,6.142857142857143,60.0,63.38028169014085,MEDIUM
2005-07-30,7100.0,6400.0,6100.0,6000.0,6614.285714285715,6385.714285714285,6166.666666666667,285.35691936032373,308.4879822032866,2005,30,7,5,30,8.0,8.0,6.714285714285714,6.214285714285714,-37.5,63.38028169014085,LOW
2005-08-03,7100.0,6400.0,6100.0,6000.0,6714.285714285715,6457.142857142857,6203.333333333333,318.4785258487867,350.1961773583267,2005,3,8,2,31,5.0,5.0,6.285714285714286,6.214285714285714,20.0,61.42857142857143,LOW
2005-08-06,7000.0,6400.0,6100.0,6000.0,6800.0,6521.428571428572,6236.666666666667,299.99999999707757,361.9999392858784,2005,6,8,5,31,6.0,8.0,6.428571428571429,6.071428571428571,0.0,61.42857142857143,MEDIUM
2005-08-10,7000.0,6400.0,6200.0,6000.0,6885.714285714285,6585.714285714285,6270.0,247.84787960928702,361.31627495654794,2005,10,8,2,32,6.0,5.0,6.142857142857143,6.142857142857143,33.33333333333333,61.42857142857143,MEDIUM
2005-08-13,7000.0,6800.0,6200.0,6100.0,6971.428571428572,6642.857142857143,6303.333333333333,125.35663409862126,358.8749208153661,2005,13,8,5,32,8.0,8.0,6.571428571428571,6.142857142857143,-37.5,61.42857142857143,MEDIUM
2005-08-17,7000.0,6800.0,6200.0,6100.0,7000.0,6700.0,6333.333333333333,99.99999999125214,346.41016151237227,2005,17,8,2,33,5.0,5.0,6.142857142857143,6.142857142857143,40.0,61.42857142857143,MEDIUM
2005-08-20,7000.0,7100.0,6200.0,6100.0,7028.571428571428,6757.142857142857,6363.333333333333,48.795003629504414,322.76279862284844,2005,20,8,5,33,7.0,8.0,6.428571428571429,6.285714285714286,-42.857142857142854,61.42857142857143,LOW
2005-08-24,7000.0,7100.0,6400.0,6100.0,7014.285714285715,6814.285714285715,6393.333333333333,37.796447277781525,285.16430582685473,2005,24,8,2,34,4.0,5.0,5.857142857142857,6.285714285714286,75.0,61.64383561643836,LOW
2005-08-27,7300.0,7000.0,6400.0,5900.0,7042.857142857143,6878.571428571428,6433.333333333333,113.389341895057,286.0300452963272,2005,27,8,5,34,7.0,6.0,6.142857142857143,6.214285714285714,-42.857142857142854,61.64383561643836,MEDIUM
2005-08-31,7300.0,7000.0,6400.0,5900.0,7085.714285714285,6942.857142857143,6480.0,146.38501093630987,270.9365117617541,2005,31,8,2,35,4.0,6.0,5.857142857142857,6.142857142857143,75.0,61.64383561643836,MEDIUM
2005-09-03,7300.0,7000.0,6400.0,5900.0,7128.571428571428,7007.142857142857,6526.666666666667,160.35674514200733,236.85206585110527,2005,3,9,5,35,7.0,8.0,6.0,6.071428571428571,-28.57142857142857,61.64383561643836,MEDIUM
2005-09-07,7300.0,7000.0,6800.0,5800.0,7171.428571428572,7071.428571428572,6573.333333333333,160.35674514201003,172.8875642987276,2005,7,9,2,36,5.0,5.0,5.571428571428571,6.071428571428571,40.0,61.64383561643836,MEDIUM
2005-09-10,7300.0,7000.0,6800.0,5800.0,7214.285714285715,7107.142857142857,6623.333333333333,146.38501093631888,163.91501416029453,2005,10,9,5,36,7.0,7.0,5.857142857142857,6.0,-28.57142857142857,61.64383561643836,MEDIUM
2005-09-14,7300.0,7000.0,7100.0,5800.0,7257.142857142857,7142.857142857143,6673.333333333333,113.38934189507657,145.2546078372033,2005,14,9,2,37,5.0,4.0,5.571428571428571,6.0,60.0,62.16216216216216,MEDIUM
2005-09-21,7400.0,7300.0,7100.0,6000.0,7314.285714285715,7164.285714285715,6726.666666666667,37.7964472778645,159.84195490699474,2005,21,9,2,38,8.0,7.0,6.142857142857143,6.0,-12.5,62.16216216216216,MEDIUM
2005-09-24,7400.0,7300.0,7000.0,6100.0,7328.571428571428,7185.714285714285,6773.333333333333,48.795003629569244,170.32612544770922,2005,24,9,5,38,7.0,4.0,6.142857142857143,6.142857142857143,-28.57142857142857,62.16216216216216,MEDIUM
2005-09-28,7400.0,7300.0,7000.0,6100.0,7342.857142857143,7214.285714285715,6816.666666666667,53.452248366186616,170.32612544771135,2005,28,9,2,39,5.0,7.0,6.285714285714286,6.071428571428571,60.0,64.28571428571429,MEDIUM
2005-10-01,7000.0,7300.0,7000.0,6100.0,7300.0,7214.285714285715,6846.666666666667,141.42135623114547,170.32612544771135,2005,1,10,5,39,8.0,5.0,6.428571428571429,6.214285714285714,-25.0,64.28571428571429,LOW
2005-10-05,7000.0,7300.0,7000.0,6100.0,7257.142857142857,7214.285714285715,6876.666666666667,181.265393430181,170.32612544771135,2005,5,10,2,40,6.0,7.0,6.571428571428571,6.071428571428571,100.0,63.76811594202898,LOW
2005-10-12,6900.0,7300.0,7000.0,6200.0,7200.0,7207.142857142857,6903.333333333333,223.6067977460748,181.7195036891152,2005,12,10,2,41,12.0,5.0,7.285714285714286,6.571428571428571,-33.33333333333333,63.76811594202898,LOW
2005-10-15,6900.0,7400.0,7000.0,6200.0,7142.857142857143,7200.0,6926.666666666667,243.97501823355196,192.15378456360696,2005,15,10,5,41,8.0,8.0,7.714285714285714,6.642857142857143,0.0,63.76811594202898,MEDIUM
2005-10-19,6900.0,7400.0,7300.0,6200.0,7071.428571428572,7192.857142857143,6950.0,228.86885410470978,201.7778127379859,2005,19,10,2,42,8.0,7.0,7.714285714285714,6.928571428571429,-12.5,63.76811594202898,MEDIUM
2005-10-22,6900.0,7400.0,7300.0,6200.0,7000.0,7164.285714285715,6973.333333333333,182.574185830259,213.4231724731171,2005,22,10,5,42,7.0,5.0,7.714285714285714,6.928571428571429,-28.57142857142857,63.76811594202898,MEDIUM
2005-10-26,6900.0,7000.0,7300.0,6400.0,6928.571428571428,7135.714285714285,6996.666666666667,48.79500362945996,220.5138853347161,2005,26,10,2,43,5.0,8.0,7.714285714285714,7.0,100.0,63.76811594202898,MEDIUM
2005-10-29,6900.0,7000.0,7300.0,6400.0,6914.285714285715,7107.142857142857,7013.333333333333,37.79644727772247,223.48390309839542,2005,29,10,5,43,10.0,6.0,8.0,7.214285714285714,-20.0,63.76811594202898,MEDIUM
2005-11-02,6900.0,6900.0,7300.0,6400.0,6900.0,7078.571428571428,7030.0,0.0,222.49830225089792,2005,2,11,2,44,8.0,12.0,8.285714285714286,7.428571428571429,0.0,64.17910447761194,MEDIUM
2005-11-05,6700.0,6900.0,7300.0,6400.0,6871.428571428572,7035.714285714285,7040.0,75.59289459023705,234.05174594361887,2005,5,11,5,44,8.0,8.0,7.714285714285714,7.5,-25.0,64.17910447761194,MEDIUM
2005-11-09,6700.0,6900.0,7400.0,6800.0,6842.857142857143,6992.857142857143,7050.0,97.59000728585701,236.8520658511062,2005,9,11,2,45,6.0,8.0,7.428571428571429,7.571428571428571,33.33333333333333,64.17910447761194,MEDIUM
2005-11-12,6700.0,6900.0,7400.0,6800.0,6814.285714285715,6942.857142857143,7046.666666666667,106.90449675675312,217.3769703804473,2005,12,11,5,45,8.0,7.0,7.428571428571429,7.571428571428571,-25.0,65.15151515151516,LOW
2005-11-16,6600.0,6900.0,7400.0,7100.0,6771.428571428572,6885.714285714285,7040.0,125.35663409858925,191.58104473650343,2005,16,11,2,46,6.0,5.0,7.285714285714286,7.5,33.33333333333333,66.15384615384615,MEDIUM
2005-11-19,6500.0,6900.0,7000.0,7100.0,6714.285714285715,6821.428571428572,7020.0,146.38501093626877,152.81246137236465,2005,19,11,5,46,8.0,10.0,7.714285714285714,7.714285714285714,-25.0,66.15384615384615,MEDIUM
2005-11-23,6500.0,6900.0,7000.0,7000.0,6657.142857142857,6785.714285714285,7000.0,139.72762619485033,165.74838603002678,2005,23,11,2,47,6.0,8.0,7.142857142857143,7.571428571428571,33.33333333333333,69.23076923076923,MEDIUM
2005-11-26,6500.0,6700.0,6900.0,7000.0,6600.0,6750.0,6983.333333333333,99.9999999911823,169.84155511883517,2005,26,11,5,47,8.0,8.0,7.142857142857143,7.714285714285714,-25.0,69.23076923076923,MEDIUM
2005-12-03,6500.0,6700.0,6900.0,7000.0,6571.428571428572,6721.428571428572,6966.666666666667,95.11897311185926,176.19295117281462,2005,3,12,5,48,6.0,6.0,6.857142857142857,7.285714285714286,-33.33333333333333,69.23076923076923,LOW
2005-12-07,6500.0,6700.0,6900.0,7000.0,6542.857142857143,6692.857142857143,6950.0,78.67957923572581,177.43595036673247,2005,7,12,2,49,4.0,8.0,6.571428571428571,7.0,50.0,67.64705882352942,LOW
2005-12-10,6800.0,6600.0,6900.0,7000.0,6557.142857142857,6685.714285714285,6943.333333333333,113.38934189498562,170.32612544767727,2005,10,12,5,49,6.0,6.0,6.285714285714286,6.857142857142857,-33.33333333333333,67.64705882352942,LOW
2005-12-14,6800.0,6500.0,6900.0,7000.0,6585.714285714285,6678.571428571428,6936.666666666667,146.38501093625464,162.56866680759902,2005,14,12,2,50,4.0,8.0,6.0,6.642857142857143,75.0,67.64705882352942,LOW
2005-12-17,6800.0,6500.0,6900.0,7300.0,6628.571428571428,6671.428571428572,6930.0,160.35674514195836,154.0657773007759,2005,17,12,5,50,7.0,6.0,5.857142857142857,6.785714285714286,-42.857142857142854,67.64705882352942,MEDIUM
2005-12-21,6800.0,6500.0,6900.0,7300.0,6671.428571428572,6664.285714285715,6913.333333333333,160.3567451419623,144.68609447038884,2005,21,12,2,51,4.0,8.0,5.571428571428571,6.357142857142857,100.0,67.64705882352942,MEDIUM
2005-12-24,6800.0,6500.0,6700.0,7300.0,6714.285714285715,6657.142857142857,6896.666666666667,146.3850109362677,134.24596091132938,2005,24,12,5,51,8.0,6.0,5.571428571428571,6.357142857142857,-50.0,67.64705882352942,MEDIUM
2005-12-28,6800.0,6500.0,6700.0,7300.0,6757.142857142857,6664.285714285715,6880.0,113.38934189501181,139.2681025742533,2005,28,12,2,52,4.0,4.0,5.285714285714286,6.071428571428571,75.0,67.64705882352942,MEDIUM
2005-12-31,6800.0,6800.0,6700.0,7300.0,6800.0,6671.428571428572,6863.333333333333,0.0,143.73357526468615,2005,31,12,5,52,7.0,6.0,5.714285714285714,6.142857142857143,-42.857142857142854,67.64705882352942,MEDIUM
2006-01-04,6800.0,6800.0,6600.0,7300.0,6800.0,6678.571428571428,6846.666666666667,0.0,147.6928800322329,2006,4,1,2,1,4.0,4.0,5.428571428571429,5.857142857142857,75.0,68.65671641791045,MEDIUM
2006-01-07,6700.0,6800.0,6500.0,7400.0,6785.714285714285,6685.714285714285,6826.666666666667,37.79644727766443,146.0091823061489,2006,7,1,5,1,7.0,7.0,5.857142857142857,5.928571428571429,-28.57142857142857,68.65671641791045,MEDIUM
2006-01-11,6700.0,6800.0,6500.0,7400.0,6771.428571428572,6700.0,6803.333333333333,48.795003629406814,135.87324409377922,2006,11,1,2,2,5.0,4.0,5.571428571428571,5.714285714285714,0.0,68.65671641791045,MEDIUM
2006-01-14,6700.0,6800.0,6500.0,7400.0,6757.142857142857,6714.285714285715,6780.0,53.452248366031526,123.14558523903628,2006,14,1,5,2,5.0,8.0,5.714285714285714,5.642857142857143,-20.0,68.65671641791045,MEDIUM
2006-01-18,6700.0,6800.0,6500.0,7000.0,6742.857142857143,6728.571428571428,6756.666666666667,53.45224836602812,106.90449676043268,2006,18,1,2,3,4.0,4.0,5.142857142857143,5.357142857142857,100.0,63.07692307692307,MEDIUM
2006-01-21,6500.0,6800.0,6500.0,7000.0,6700.0,6728.571428571428,6740.0,99.99999999119835,106.90449676043268,2006,21,1,5,3,8.0,7.0,5.714285714285714,5.5,-37.5,63.07692307692307,MEDIUM
2006-01-25,6500.0,6800.0,6800.0,6900.0,6657.142857142857,6728.571428571428,6723.333333333333,113.38934189500131,106.90449676043268,2006,25,1,2,4,5.0,4.0,5.428571428571429,5.571428571428571,140.0,63.07692307692307,MEDIUM
2006-01-28,6500.0,6700.0,6800.0,6900.0,6614.285714285715,6707.142857142857,6710.0,106.9044967567269,120.66664642505393,2006,28,1,5,4,12.0,7.0,6.571428571428571,6.0,-58.333333333333336,63.07692307692307,MEDIUM
2006-02-01,6500.0,6700.0,6800.0,6900.0,6585.714285714285,6685.714285714285,6696.666666666667,106.9044967567235,129.2412345280159,2006,1,2,2,5,5.0,5.0,6.285714285714286,6.071428571428571,60.0,63.49206349206349,MEDIUM
2006-02-04,6300.0,6700.0,6800.0,6900.0,6528.571428571428,6650.0,6676.666666666667,138.01311186207786,160.52797503319718,2006,4,2,5,5,8.0,5.0,6.714285714285714,6.142857142857143,-37.5,63.49206349206349,MEDIUM
2006-02-08,6300.0,6700.0,6800.0,6900.0,6471.428571428572,6614.285714285715,6656.666666666667,138.0131118620726,179.13099141951724,2006,8,2,2,6,5.0,4.0,6.714285714285714,6.214285714285714,60.0,62.121212121212125,MEDIUM
2006-02-11,6600.0,6500.0,6800.0,6900.0,6457.142857142857,6600.0,6646.666666666667,113.38934189497886,170.97008285017563,2006,11,2,5,6,8.0,8.0,7.285714285714286,6.214285714285714,-37.5,62.121212121212125,MEDIUM
2006-02-15,6600.0,6500.0,6800.0,6900.0,6471.428571428572,6585.714285714285,6636.666666666667,125.35663409855736,161.04057231981085,2006,15,2,2,7,5.0,5.0,6.857142857142857,6.285714285714286,60.0,58.82352941176471,MEDIUM
2006-02-18,6800.0,6500.0,6800.0,6700.0,6514.285714285715,6585.714285714285,6633.333333333333,177.2810520806053,161.04057231981085,2006,18,2,5,7,8.0,12.0,7.285714285714286,6.357142857142857,-37.5,58.82352941176471,MEDIUM
2006-02-22,6800.0,6500.0,6700.0,6700.0,6557.142857142857,6585.714285714285,6636.666666666667,207.01966779844545,161.04057231981085,2006,22,2,2,8,5.0,5.0,6.285714285714286,6.428571428571429,40.0,57.74647887323944,MEDIUM
2006-02-25,7100.0,6300.0,6700.0,6700.0,6642.857142857143,6614.285714285715,6650.0,287.84916684850884,210.70264448893718,2006,25,2,5,8,7.0,8.0,6.571428571428571,6.428571428571429,-28.57142857142857,57.74647887323944,MEDIUM
2006-03-01,7100.0,6300.0,6700.0,6600.0,6757.142857142857,6642.857142857143,6663.333333333333,287.8491668485132,247.18191903520963,2006,1,3,2,9,5.0,5.0,6.142857142857143,6.428571428571429,60.0,56.52173913043478,MEDIUM
2006-03-04,6900.0,6600.0,6700.0,6500.0,6842.857142857143,6657.142857142857,6673.333333333333,207.0196677984609,256.3479777827668,2006,4,3,5,9,8.0,8.0,6.571428571428571,6.642857142857143,-37.5,56.52173913043478,LOW
2006-03-08,6900.0,6600.0,6500.0,6500.0,6885.714285714285,6671.428571428572,6686.666666666667,177.28105208062885,264.36737674898257,2006,8,3,2,10,5.0,5.0,6.142857142857143,6.714285714285714,40.0,56.060606060606055,MEDIUM
2006-03-11,6600.0,6800.0,6500.0,6500.0,6885.714285714285,6678.571428571428,6690.0,177.28105208062885,260.704877142837,2006,11,3,5,10,7.0,8.0,6.428571428571429,6.642857142857143,-42.857142857142854,56.060606060606055,MEDIUM
2006-03-15,6600.0,6800.0,6500.0,6500.0,6857.142857142857,6685.714285714285,6693.333333333333,207.01966779846174,256.77629550465696,2006,15,3,2,11,4.0,5.0,5.857142857142857,6.571428571428571,75.0,53.03030303030303,MEDIUM
2006-03-18,6600.0,7100.0,6500.0,6500.0,6828.571428571428,6692.857142857143,6696.666666666667,228.86885410469108,252.5692158404067,2006,18,3,5,11,7.0,7.0,6.142857142857143,6.214285714285714,-42.857142857142854,53.03030303030303,MEDIUM
2006-03-25,6600.0,7100.0,6300.0,6800.0,6757.142857142857,6700.0,6700.0,207.0196677984567,248.06946917646047,2006,25,3,5,12,4.0,5.0,5.714285714285714,6.142857142857143,0.0,56.060606060606055,MEDIUM
2006-04-01,6600.0,6900.0,6300.0,6800.0,6685.714285714285,6721.428571428572,6693.333333333333,146.38501093626533,222.49830225088098,2006,1,4,5,13,4.0,8.0,5.571428571428571,5.857142857142857,0.0,55.223880597014926,MEDIUM
2006-04-05,6700.0,6900.0,6600.0,6800.0,6657.142857142857,6750.0,6690.0,113.38934189500077,187.08286933610626,2006,5,4,2,14,4.0,5.0,5.0,5.785714285714286,75.0,57.35294117647059,MEDIUM
2006-04-08,6800.0,6600.0,6600.0,6800.0,6642.857142857143,6764.285714285715,6690.0,78.67957923574842,182.3232246335864,2006,8,4,5,14,7.0,7.0,5.285714285714286,5.714285714285714,-28.57142857142857,57.35294117647059,MEDIUM
2006-04-12,6800.0,6600.0,6800.0,6800.0,6671.428571428572,6778.571428571428,6690.0,95.11897311187604,176.19295117281894,2006,12,4,2,15,5.0,4.0,5.0,5.714285714285714,-40.0,57.35294117647059,MEDIUM
2006-04-15,6800.0,6600.0,6800.0,6800.0,6700.0,6778.571428571428,6690.0,99.99999999119646,176.19295117281894,2006,15,4,5,15,3.0,7.0,4.857142857142857,5.357142857142857,0.0,57.35294117647059,LOW
2006-04-19,6800.0,6600.0,7100.0,6800.0,6728.571428571428,6778.571428571428,6690.0,95.11897311188179,176.19295117281894,2006,19,4,2,16,3.0,4.0,4.285714285714286,5.214285714285714,100.0,55.38461538461539,LOW
2006-04-22,6500.0,6600.0,7100.0,6800.0,6714.285714285715,6735.714285714285,6680.0,121.49857925154642,164.5840578152765,2006,22,4,5,16,6.0,4.0,4.571428571428571,5.142857142857143,-33.33333333333333,55.38461538461539,LOW
2006-04-26,6500.0,6700.0,6900.0,6700.0,6700.0,6692.857142857143,6670.0,141.42135623108427,138.4768001322,2006,26,4,2,17,4.0,4.0,4.571428571428571,5.071428571428571,75.0,55.38461538461539,MEDIUM
2006-04-27,6500.0,6800.0,6900.0,6700.0,6671.428571428572,6664.285714285715,6663.333333333333,160.3567451419626,133.63062095257672,2006,27,4,3,17,7.0,7.0,5.0,5.0,-92.85714285714286,61.53846153846154,MEDIUM
2006-04-29,6500.0,6800.0,6600.0,6700.0,6628.571428571428,6635.714285714285,6656.666666666667,160.35674514195972,121.5739272181641,2006,29,4,5,17,0.5,5.0,4.071428571428571,4.678571428571429,500.0,55.38461538461539,MEDIUM
2006-05-06,6500.0,6800.0,6600.0,6700.0,6585.714285714285,6628.571428571428,6650.0,146.3850109362574,126.66473875149136,2006,6,5,5,18,3.0,3.0,3.7857142857142856,4.392857142857143,33.33333333333333,55.38461538461539,MEDIUM
2006-05-20,6500.0,6800.0,6600.0,6500.0,6542.857142857143,6621.428571428572,6643.333333333333,113.3893418949889,131.1403911723216,2006,20,5,5,20,4.0,3.0,3.9285714285714284,4.392857142857143,0.0,43.07692307692308,MEDIUM
2006-05-24,6500.0,6500.0,6600.0,6500.0,6500.0,6614.285714285715,6643.333333333333,0.0,135.06205329693972,2006,24,5,2,21,4.0,6.0,4.071428571428571,4.178571428571429,75.0,43.75,MEDIUM
2006-05-27,6400.0,6500.0,6600.0,6500.0,6485.714285714285,6600.0,6640.0,37.79644727756812,146.75987713775288,2006,27,5,5,21,7.0,4.0,4.214285714285714,4.392857142857143,-42.857142857142854,43.75,LOW
2006-05-31,6400.0,6500.0,6700.0,6500.0,6471.428571428572,6585.714285714285,6636.666666666667,48.795003629332946,156.19092289448452,2006,31,5,2,22,4.0,7.0,4.214285714285714,4.392857142857143,50.0,50.76923076923077,MEDIUM
2006-06-03,6500.0,6500.0,6800.0,6300.0,6471.428571428572,6571.428571428572,6636.666666666667,48.795003629332946,154.06577730076773,2006,3,6,5,22,6.0,0.5,4.071428571428571,4.535714285714286,-33.33333333333333,50.76923076923077,MEDIUM
2006-06-07,6500.0,6500.0,6800.0,6300.0,6471.428571428572,6550.0,6643.333333333333,48.795003629332946,140.0549342736987,2006,7,6,2,23,4.0,3.0,4.571428571428571,4.321428571428571,50.0,50.76923076923077,MEDIUM
2006-06-10,6500.0,6500.0,6800.0,6600.0,6471.428571428572,6528.571428571428,6650.0,48.795003629332946,120.43875831525068,2006,10,6,5,23,6.0,4.0,5.0,4.392857142857143,-33.33333333333333,50.76923076923077,MEDIUM
2006-06-17,6500.0,6500.0,6800.0,6600.0,6471.428571428572,6507.142857142857,6646.666666666667,48.795003629332946,91.68747681999801,2006,17,6,5,24,4.0,4.0,5.0,4.464285714285714,25.0,50.76923076923077,MEDIUM
2006-06-21,6500.0,6400.0,6500.0,6800.0,6471.428571428572,6485.714285714285,6643.333333333333,48.795003629332946,36.313651946684985,2006,21,6,2,25,5.0,7.0,5.142857142857143,4.607142857142857,40.0,50.74626865671642,MEDIUM
2006-06-24,6700.0,6400.0,6500.0,6800.0,6514.285714285715,6500.0,6640.0,89.9735410744364,67.93662204149314,2006,24,6,5,25,7.0,4.0,5.142857142857143,4.678571428571429,-42.857142857142854,50.74626865671642,MEDIUM
2006-07-12,6700.0,6500.0,6500.0,7100.0,6557.142857142857,6514.285714285715,6636.666666666667,97.59000728581628,86.44378214511418,2006,12,7,2,28,4.0,6.0,5.142857142857143,4.678571428571429,75.0,45.714285714285715,MEDIUM
2006-07-15,7000.0,6500.0,6500.0,7100.0,6628.571428571428,6550.0,6633.333333333333,188.98223649995094,155.6623564957012,2006,15,7,5,28,7.0,4.0,5.285714285714286,4.678571428571429,-28.57142857142857,41.42857142857143,MEDIUM
2006-07-19,7000.0,6500.0,6500.0,6900.0,6700.0,6585.714285714285,6630.0,223.60679774604174,195.5550005517242,2006,19,7,2,29,5.0,6.0,5.428571428571429,5.0,40.0,1.5384615384615385,LOW
2006-07-26,6500.0,6500.0,6500.0,6900.0,6700.0,6585.714285714285,6616.666666666667,223.60679774604174,195.5550005517242,2006,26,7,2,30,7.0,4.0,5.571428571428571,5.285714285714286,0.0,44.285714285714285,LOW
2006-08-02,7000.0,6500.0,6500.0,6600.0,6771.428571428572,6621.428571428572,6620.0,228.8688541046883,222.4983022508761,2006,2,8,2,31,7.0,5.0,6.0,5.5,-14.285714285714285,44.285714285714285,MEDIUM
2006-08-09,7000.0,6700.0,6400.0,6600.0,6842.857142857143,6657.142857142857,6633.333333333333,207.0196677984608,240.87751663658207,2006,9,8,2,32,6.0,7.0,6.142857142857143,5.642857142857143,16.666666666666664,41.42857142857143,MEDIUM
2006-08-12,7000.0,6700.0,6400.0,6600.0,6885.714285714285,6700.0,6646.666666666667,203.54009783532715,244.94897427633825,2006,12,8,5,32,7.0,4.0,6.142857142857143,5.642857142857143,-28.57142857142857,41.42857142857143,MEDIUM
2006-08-16,7000.0,7000.0,6500.0,6600.0,6928.571428571428,6742.857142857143,6660.0,188.98223649996794,240.8775166365877,2006,16,8,2,33,5.0,7.0,6.285714285714286,5.714285714285714,60.0,41.42857142857143,MEDIUM
2006-08-19,7000.0,7000.0,6500.0,6600.0,6928.571428571428,6778.571428571428,6673.333333333333,188.98223649996794,239.16062007954994,2006,19,8,5,33,8.0,5.0,6.428571428571429,5.857142857142857,-37.5,41.42857142857143,MEDIUM
2006-08-23,7000.0,6500.0,6500.0,6700.0,6928.571428571428,6814.285714285715,6686.666666666667,188.98223649996794,231.57368940664935,2006,23,8,2,34,5.0,7.0,6.428571428571429,5.928571428571429,40.0,41.66666666666667,MEDIUM
2006-08-26,7200.0,7000.0,6500.0,6800.0,7028.571428571428,6864.285714285715,6703.333333333333,75.59289459024686,234.0517459436158,2006,26,8,5,34,7.0,7.0,6.428571428571429,6.0,-28.57142857142857,41.66666666666667,MEDIUM
2006-08-30,7200.0,7000.0,6500.0,6800.0,7057.142857142857,6914.285714285715,6716.666666666667,97.5900072858726,224.8320496470356,2006,30,8,2,35,5.0,6.0,6.142857142857143,6.071428571428571,40.0,41.0958904109589,MEDIUM
2006-09-02,7300.0,7000.0,6700.0,6800.0,7100.0,6971.428571428572,6733.333333333333,129.09944486679566,212.77858274216283,2006,2,9,5,35,7.0,7.0,6.285714285714286,6.214285714285714,-28.57142857142857,41.0958904109589,MEDIUM
2006-09-09,7300.0,7000.0,6700.0,6800.0,7142.857142857143,7014.285714285715,6750.0,139.7276261948891,214.322341189866,2006,9,9,5,36,5.0,5.0,6.0,6.071428571428571,0.0,41.0958904109589,MEDIUM
2006-09-13,7300.0,7000.0,7000.0,6500.0,7185.714285714285,7057.142857142857,6766.666666666667,134.51854182040555,206.48816585074127,2006,13,9,2,37,5.0,8.0,6.0,6.142857142857143,60.0,40.845070422535215,MEDIUM
2006-09-16,7100.0,7000.0,7000.0,6500.0,7200.0,7064.285714285715,6786.666666666667,115.47005383034923,206.0886398411331,2006,16,9,5,37,8.0,5.0,6.0,6.214285714285714,-25.0,40.845070422535215,MEDIUM
2006-09-20,7100.0,7200.0,6500.0,6500.0,7214.285714285715,7071.428571428572,6806.666666666667,89.97354107452279,205.42103640290395,2006,20,9,2,38,6.0,7.0,6.142857142857143,6.285714285714286,16.666666666666664,40.845070422535215,MEDIUM
2006-09-23,7100.0,7200.0,7000.0,6500.0,7200.0,7114.285714285715,6826.666666666667,99.99999999125193,123.1455852390877,2006,23,9,5,38,7.0,5.0,6.142857142857143,6.285714285714286,-14.285714285714285,40.845070422535215,MEDIUM
2006-09-27,7100.0,7300.0,7000.0,6500.0,7185.714285714285,7121.428571428572,6846.666666666667,106.90449675678495,118.83130530260775,2006,27,9,2,39,6.0,7.0,6.285714285714286,6.214285714285714,66.66666666666666,41.42857142857143,MEDIUM
2006-09-30,7000.0,7300.0,7000.0,6500.0,7142.857142857143,7121.428571428572,6863.333333333333,113.38934189504641,118.83130530260775,2006,30,9,5,39,10.0,5.0,6.714285714285714,6.5,-40.0,41.42857142857143,MEDIUM
2006-10-04,7000.0,7300.0,7000.0,6500.0,7100.0,7121.428571428572,6880.0,99.99999999123858,118.83130530260775,2006,4,10,2,40,6.0,5.0,6.857142857142857,6.428571428571429,33.33333333333333,41.17647058823529,MEDIUM
2006-10-07,6800.0,7100.0,7000.0,6400.0,7028.571428571428,7107.142857142857,6890.0,111.26972804495477,143.92458342245692,2006,7,10,5,40,8.0,8.0,7.285714285714286,6.642857142857143,-25.0,41.17647058823529,LOW
2006-10-11,6800.0,7100.0,7000.0,6400.0,6985.714285714285,7092.857142857143,6903.333333333333,134.5185418203854,163.91501416030667,2006,11,10,2,41,6.0,6.0,7.0,6.5,66.66666666666666,40.298507462686565,LOW
2006-10-14,6700.0,7100.0,7200.0,6500.0,6928.571428571428,7071.428571428572,6913.333333333333,160.35674514197677,193.861851795186,2006,14,10,5,41,10.0,7.0,7.571428571428571,6.857142857142857,-40.0,40.298507462686565,LOW
2006-10-18,6700.0,7100.0,7200.0,6500.0,6871.428571428572,7035.714285714285,6920.0,160.35674514197223,213.42317247311894,2006,18,10,2,42,6.0,6.0,7.428571428571429,6.785714285714286,33.33333333333333,41.04477611940299,LOW
2006-10-21,6700.0,7000.0,7300.0,6500.0,6814.285714285715,7000.0,6926.666666666667,134.5185418203692,225.32028485751115,2006,21,10,5,42,8.0,10.0,7.714285714285714,7.0,-37.5,41.7910447761194,LOW
2006-10-28,6700.0,7000.0,7300.0,6500.0,6771.428571428572,6957.142857142857,6933.333333333333,111.26972804492534,220.8873214791807,2006,28,10,5,43,5.0,6.0,7.0,6.857142857142857,-20.0,41.7910447761194,LOW
2006-11-01,6700.0,6800.0,7300.0,6500.0,6728.571428571428,6914.285714285715,6940.0,48.79500362937368,207.01966780038063,2006,1,11,2,44,4.0,8.0,6.714285714285714,6.785714285714286,-25.0,41.7910447761194,LOW
2006-11-04,6700.0,6800.0,7100.0,6700.0,6714.285714285715,6871.428571428572,6946.666666666667,37.79644727761204,181.56825979798614,2006,4,11,5,44,3.0,6.0,6.0,6.642857142857143,66.66666666666666,41.7910447761194,LOW
2006-11-08,6700.0,6700.0,7100.0,6700.0,6700.0,6842.857142857143,6946.666666666667,0.0,174.15415679421966,2006,8,11,2,45,5.0,10.0,5.857142857142857,6.428571428571429,20.0,41.7910447761194,MEDIUM
2006-11-11,6700.0,6700.0,7100.0,7000.0,6700.0,6814.285714285715,6946.666666666667,0.0,161.04057231983668,2006,11,11,5,45,6.0,6.0,5.285714285714286,6.428571428571429,-33.33333333333333,41.7910447761194,MEDIUM
2006-11-15,6700.0,6700.0,7100.0,7000.0,6700.0,6785.714285714285,6936.666666666667,0.0,140.642169278114,2006,15,11,2,46,4.0,8.0,5.0,6.214285714285714,75.0,40.298507462686565,MEDIUM
2006-11-22,6700.0,6700.0,7000.0,6500.0,6700.0,6757.142857142857,6926.666666666667,0.0,108.94095587594691,2006,22,11,2,47,7.0,5.0,4.857142857142857,6.285714285714286,14.285714285714285,40.298507462686565,MEDIUM
2006-11-25,6700.0,6700.0,7000.0,7000.0,6700.0,6735.714285714285,6933.333333333333,0.0,84.1897386083641,2006,25,11,5,47,8.0,4.0,5.285714285714286,6.142857142857143,-37.5,40.298507462686565,MEDIUM
2006-12-02,6700.0,6700.0,6800.0,7000.0,6700.0,6714.285714285715,6923.333333333333,0.0,36.31365194680019,2006,2,12,5,48,5.0,3.0,5.428571428571429,6.071428571428571,-20.0,40.57971014492754,MEDIUM
2006-12-06,6900.0,6700.0,6800.0,7000.0,6728.571428571428,6721.428571428572,6920.0,75.5928945901921,57.893422343825684,2006,6,12,2,49,4.0,5.0,5.571428571428571,5.785714285714286,75.0,39.436619718309856,MEDIUM
2006-12-09,7100.0,6700.0,6700.0,7000.0,6785.714285714285,6742.857142857143,6923.333333333333,157.35915848829424,115.78684470019128,2006,9,12,5,49,7.0,6.0,5.857142857142857,5.857142857142857,-42.857142857142854,39.436619718309856,LOW
2006-12-13,7100.0,6700.0,6700.0,7000.0,6842.857142857143,6771.428571428572,6926.666666666667,190.2379462376439,148.9892687304551,2006,13,12,2,50,4.0,4.0,5.571428571428571,5.428571428571429,100.0,41.0958904109589,LOW
2006-12-16,7300.0,6700.0,6700.0,7000.0,6928.571428571428,6814.285714285715,6936.666666666667,242.9971585139657,203.26997151009797,2006,16,12,5,50,8.0,7.0,6.142857142857143,5.571428571428571,-50.0,41.0958904109589,LOW
2006-12-20,7300.0,6700.0,6700.0,7200.0,7014.285714285715,6857.142857142857,6946.666666666667,254.48360410869086,237.6626106112451,2006,20,12,2,51,4.0,8.0,5.714285714285714,5.285714285714286,75.0,41.0958904109589,LOW
2006-12-23,7300.0,6700.0,6700.0,7200.0,7100.0,6900.0,6950.0,230.94010767205242,260.17745423334566,2006,23,12,5,51,7.0,5.0,5.571428571428571,5.428571428571429,-42.857142857142854,41.0958904109589,LOW
2006-12-27,7300.0,6900.0,6700.0,7300.0,7185.714285714285,6942.857142857143,6953.333333333333,157.3591584883201,273.76094488457096,2006,27,12,2,52,4.0,4.0,5.428571428571429,5.428571428571429,100.0,41.0958904109589,MEDIUM
2006-12-30,7300.0,7100.0,6700.0,7300.0,7242.857142857143,6985.714285714285,6953.333333333333,97.59000728588029,279.7172826995099,2006,30,12,5,52,8.0,7.0,6.0,5.785714285714286,-50.0,41.0958904109589,MEDIUM
2007-01-06,7300.0,7100.0,6700.0,7300.0,7271.428571428572,7028.571428571428,6953.333333333333,75.59289459026527,278.5362051537609,2007,6,1,5,1,4.0,4.0,5.571428571428571,5.714285714285714,0.0,41.0958904109589,MEDIUM
2007-01-10,7300.0,7300.0,6700.0,7100.0,7300.0,7071.428571428572,6953.333333333333,0.0,270.12410659930833,2007,10,1,2,2,4.0,8.0,5.571428571428571,5.571428571428571,100.0,41.0958904109589,MEDIUM
2007-01-13,7300.0,7300.0,6700.0,7100.0,7300.0,7114.285714285715,6960.0,0.0,253.7628901054035,2007,13,1,5,2,8.0,4.0,5.571428571428571,5.857142857142857,-37.5,41.0958904109589,MEDIUM
2007-01-17,7300.0,7300.0,6700.0,7100.0,7300.0,7157.142857142857,6966.666666666667,0.0,227.74576146917795,2007,17,1,2,3,5.0,7.0,5.714285714285714,5.714285714285714,40.0,41.333333333333336,MEDIUM
2007-01-20,7500.0,7300.0,6700.0,7100.0,7328.571428571428,7214.285714285715,6980.0,75.59289459027342,203.26997151012395,2007,20,1,5,3,7.0,4.0,5.714285714285714,5.642857142857143,-42.857142857142854,41.333333333333336,MEDIUM
2007-01-24,7500.0,7300.0,6900.0,7000.0,7357.142857142857,7271.428571428572,6993.333333333333,97.59000728589264,154.0657773008348,2007,24,1,2,4,4.0,8.0,5.714285714285714,5.571428571428571,75.0,41.55844155844156,MEDIUM
2007-01-27,7700.0,7300.0,7100.0,7000.0,7414.285714285715,7328.571428571428,7016.666666666667,157.35915848833505,154.06577730083953,2007,27,1,5,4,7.0,4.0,5.571428571428571,5.785714285714286,-42.857142857142854,41.55844155844156,MEDIUM
2007-01-31,7700.0,7300.0,7100.0,6800.0,7471.428571428572,7371.428571428572,7040.0,179.94708216363426,168.37947722539596,2007,31,1,2,5,4.0,4.0,5.571428571428571,5.571428571428571,100.0,42.66666666666667,MEDIUM
2007-02-03,7500.0,7300.0,7300.0,6800.0,7500.0,7400.0,7063.333333333333,163.29931618019913,151.91090505942336,2007,3,2,5,5,8.0,8.0,6.142857142857143,5.857142857142857,-50.0,42.66666666666667,MEDIUM
2007-02-07,7500.0,7300.0,7300.0,6700.0,7528.571428571428,7414.285714285715,7086.666666666667,138.01311186214744,151.18578920055054,2007,7,2,2,6,4.0,5.0,5.571428571428571,5.571428571428571,50.0,42.66666666666667,MEDIUM
2007-02-10,7500.0,7500.0,7300.0,6700.0,7557.142857142857,7428.571428571428,7113.333333333333,97.59000728591379,148.98926873051298,2007,10,2,5,6,6.0,7.0,5.714285714285714,5.714285714285714,-33.33333333333333,42.66666666666667,LOW
2007-02-14,7500.0,7500.0,7300.0,6700.0,7557.142857142857,7442.857142857143,7140.0,97.59000728591379,145.25460783724657,2007,14,2,2,7,4.0,4.0,5.285714285714286,5.5,75.0,41.55844155844156,LOW
2007-02-17,7700.0,7700.0,7300.0,6700.0,7585.714285714285,7471.428571428572,7173.333333333333,106.904496756812,154.0657773008519,2007,17,2,5,7,7.0,7.0,5.714285714285714,5.714285714285714,-28.57142857142857,41.55844155844156,LOW
2007-02-21,7700.0,7700.0,7300.0,6700.0,7585.714285714285,7500.0,7206.666666666667,106.904496756812,156.8929081075284,2007,21,2,2,8,5.0,4.0,5.428571428571429,5.5,40.0,41.55844155844156,MEDIUM
2007-02-24,7700.0,7500.0,7300.0,6700.0,7585.714285714285,7528.571428571428,7240.0,106.904496756812,154.06577730085698,2007,24,2,5,8,7.0,8.0,5.857142857142857,5.714285714285714,-42.857142857142854,41.55844155844156,MEDIUM
2007-02-28,7700.0,7500.0,7300.0,6700.0,7614.285714285715,7557.142857142857,7273.333333333333,106.90449675681495,145.25460783725734,2007,28,2,2,9,4.0,4.0,5.285714285714286,5.714285714285714,75.0,41.55844155844156,MEDIUM
2007-03-03,7700.0,7500.0,7300.0,6700.0,7642.857142857143,7585.714285714285,7306.666666666667,97.59000728592346,129.24123452811736,2007,3,3,5,9,7.0,6.0,5.714285714285714,5.642857142857143,-28.57142857142857,41.55844155844156,MEDIUM
2007-03-07,7700.0,7500.0,7500.0,6700.0,7671.428571428572,7614.285714285715,7340.0,75.59289459032138,102.71051819802328,2007,7,3,2,10,5.0,4.0,5.571428571428571,5.642857142857143,40.0,41.55844155844156,MEDIUM
2007-03-10,7700.0,7700.0,7500.0,6700.0,7700.0,7628.571428571428,7373.333333333333,0.0,99.44903161502471,2007,10,3,5,10,7.0,7.0,6.0,5.642857142857143,-42.857142857142854,41.02564102564102,MEDIUM
2007-03-14,7800.0,7700.0,7700.0,6700.0,7714.285714285715,7650.0,7410.0,37.79644727788798,101.90493306838601,2007,14,3,2,11,4.0,5.0,5.571428571428571,5.642857142857143,100.0,41.02564102564102,MEDIUM
2007-03-17,7800.0,7700.0,7700.0,6700.0,7728.571428571428,7657.142857142857,7446.666666666667,48.79500362958772,108.94095587605656,2007,17,3,5,11,8.0,7.0,6.0,5.714285714285714,-37.5,41.02564102564102,MEDIUM
2007-03-21,7800.0,7700.0,7500.0,6900.0,7742.857142857143,7664.285714285715,7483.333333333333,53.45224836620374,115.07283884920658,2007,21,3,2,12,5.0,4.0,5.714285714285714,5.785714285714286,40.0,42.10526315789473,MEDIUM
2007-03-24,7600.0,7700.0,7500.0,7100.0,7728.571428571428,7671.428571428572,7506.666666666667,75.5928945903303,106.9044967605612,2007,24,3,5,12,7.0,7.0,6.142857142857143,5.714285714285714,-42.857142857142854,42.10526315789473,LOW
2007-03-28,7600.0,7700.0,7500.0,7100.0,7714.285714285715,7678.571428571428,7523.333333333333,89.97354107456682,97.49612558738993,2007,28,3,2,13,4.0,5.0,5.714285714285714,5.714285714285714,50.0,42.857142857142854,LOW
2007-03-31,7700.0,7700.0,7500.0,7300.0,7714.285714285715,7692.857142857143,7543.333333333333,89.97354107456682,82.87419301079115,2007,31,3,5,13,6.0,7.0,5.857142857142857,5.714285714285714,-33.33333333333333,42.857142857142854,MEDIUM
2007-04-04,7700.0,7800.0,7700.0,7300.0,7714.285714285715,7707.142857142857,7556.666666666667,89.97354107456682,61.57279261384183,2007,4,4,2,14,4.0,4.0,5.428571428571429,5.714285714285714,75.0,42.857142857142854,MEDIUM
2007-04-07,7700.0,7800.0,7700.0,7300.0,7700.0,7707.142857142857,7570.0,81.64965808210663,61.57279261384183,2007,7,4,5,14,7.0,8.0,5.857142857142857,5.714285714285714,-42.857142857142854,42.857142857142854,MEDIUM
2007-04-11,7700.0,7800.0,7700.0,7300.0,7685.714285714285,7707.142857142857,7583.333333333333,69.0065559216122,61.57279261384183,2007,11,4,2,15,4.0,5.0,5.285714285714286,5.642857142857143,75.0,42.857142857142854,MEDIUM
2007-04-14,7700.0,7600.0,7700.0,7300.0,7671.428571428572,7707.142857142857,7596.666666666667,48.79500362957025,61.57279261384183,2007,14,4,5,15,7.0,7.0,5.571428571428571,5.642857142857143,-28.57142857142857,42.857142857142854,LOW
2007-04-18,7700.0,7600.0,7700.0,7300.0,7685.714285714285,7707.142857142857,7610.0,37.7964472778758,61.57279261384183,2007,18,4,2,16,5.0,4.0,5.285714285714286,5.714285714285714,40.0,42.66666666666667,LOW
2007-04-21,7500.0,7700.0,7700.0,7300.0,7671.428571428572,7692.857142857143,7616.666666666667,75.59289459031899,82.87419301079115,2007,21,4,5,16,7.0,6.0,5.714285714285714,5.714285714285714,-42.857142857142854,42.66666666666667,LOW
2007-04-25,7500.0,7700.0,7700.0,7300.0,7642.857142857143,7678.571428571428,7623.333333333333,97.59000728592032,97.49612558738993,2007,25,4,2,17,4.0,4.0,5.428571428571429,5.642857142857143,75.0,42.66666666666667,LOW
2007-04-28,7500.0,7700.0,7800.0,7300.0,7614.285714285715,7664.285714285715,7630.0,106.9044967568109,108.18177620262077,2007,28,4,5,17,7.0,7.0,5.857142857142857,5.642857142857143,-28.57142857142857,42.66666666666667,LOW
2007-05-02,7500.0,7700.0,7800.0,7500.0,7585.714285714285,7642.857142857143,7636.666666666667,106.9044967568068,108.9409558760548,2007,2,5,2,18,5.0,4.0,5.571428571428571,5.714285714285714,40.0,42.66666666666667,LOW
2007-05-05,7500.0,7700.0,7800.0,7500.0,7557.142857142857,7621.428571428572,7636.666666666667,97.59000728590678,105.09022810429205,2007,5,5,5,18,7.0,7.0,6.0,5.642857142857143,-42.857142857142854,42.66666666666667,MEDIUM
2007-05-09,7500.0,7700.0,7600.0,7700.0,7528.571428571428,7600.0,7636.666666666667,75.59289459028984,96.0768922781372,2007,9,5,2,19,4.0,5.0,5.571428571428571,5.571428571428571,75.0,42.66666666666667,MEDIUM
2007-05-12,7500.0,7500.0,7600.0,7700.0,7500.0,7592.857142857143,7630.0,0.0,99.72489631035127,2007,12,5,5,19,7.0,7.0,5.857142857142857,5.571428571428571,-42.857142857142854,42.66666666666667,MEDIUM
2007-05-16,7500.0,7500.0,7700.0,7500.0,7500.0,7585.714285714285,7623.333333333333,0.0,102.71051819801968,2007,16,5,2,20,4.0,4.0,5.428571428571429,5.571428571428571,100.0,42.66666666666667,MEDIUM
2007-05-19,7500.0,7500.0,7700.0,7500.0,7500.0,7571.428571428572,7623.333333333333,0.0,99.4490316150172,2007,19,5,5,20,8.0,7.0,6.0,5.714285714285714,-37.5,42.66666666666667,MEDIUM
2007-05-23,7500.0,7500.0,7700.0,7500.0,7500.0,7557.142857142857,7623.333333333333,0.0,93.76144618265661,2007,23,5,2,21,5.0,5.0,5.714285714285714,5.785714285714286,40.0,42.465753424657535,MEDIUM
2007-05-26,7300.0,7500.0,7700.0,7500.0,7471.428571428572,7528.571428571428,7616.666666666667,75.59289459027873,106.90449676054372,2007,26,5,5,21,7.0,7.0,6.0,5.785714285714286,-42.857142857142854,42.465753424657535,MEDIUM
2007-05-30,7300.0,7500.0,7700.0,7700.0,7442.857142857143,7500.0,7610.0,97.5900072858893,110.94003924077748,2007,30,5,2,22,4.0,4.0,5.571428571428571,5.785714285714286,100.0,42.25352112676056,MEDIUM
2007-06-02,7100.0,7500.0,7700.0,7700.0,7385.714285714285,7457.142857142857,7590.0,157.35915848832371,139.8586413472239,2007,2,6,5,22,8.0,7.0,6.142857142857143,5.857142857142857,-37.5,42.25352112676056,MEDIUM
2007-10-10,7100.0,7500.0,7500.0,7700.0,7328.571428571428,7414.285714285715,7570.0,179.9470821636163,151.18578920055143,2007,10,10,2,41,5.0,4.0,5.857142857142857,5.857142857142857,60.0,64.0625,MEDIUM
2007-10-17,6400.0,7500.0,7500.0,7700.0,7171.428571428572,7335.714285714285,7526.666666666667,377.3340063911477,307.8639631058957,2007,17,10,2,42,8.0,8.0,6.428571428571429,5.928571428571429,0.0,62.68656716417911,MEDIUM
2007-10-20,6700.0,7500.0,7500.0,7700.0,7057.142857142857,7278.571428571428,7493.333333333333,382.3486317338079,346.8064665973981,2007,20,10,5,42,8.0,5.0,6.428571428571429,6.214285714285714,-50.0,62.68656716417911,MEDIUM
2007-10-24,6700.0,7300.0,7500.0,7700.0,6942.857142857143,7221.428571428572,7460.0,345.7221565390986,372.4731718329644,2007,24,10,2,43,4.0,7.0,6.285714285714286,6.0,75.0,62.68656716417911,MEDIUM
2007-10-31,6700.0,7300.0,7500.0,7700.0,6857.142857142857,7164.285714285715,7426.666666666667,315.4739442839019,387.51107747247534,2007,31,10,2,44,7.0,4.0,6.285714285714286,6.142857142857143,14.285714285714285,62.31884057971014,MEDIUM
2007-11-03,6900.0,7100.0,7500.0,7800.0,6800.0,7121.428571428572,7400.0,251.66114783884407,380.64433515967676,2007,3,11,5,44,8.0,8.0,6.857142857142857,6.214285714285714,-37.5,62.31884057971014,LOW
2007-11-07,6900.0,7100.0,7500.0,7800.0,6771.428571428572,7078.571428571428,7370.0,221.466970552833,368.31961753127126,2007,7,11,2,45,5.0,5.0,6.428571428571429,6.285714285714286,40.0,58.82352941176471,LOW
2007-11-10,6800.0,6400.0,7500.0,7800.0,6728.571428571428,7028.571428571428,7336.666666666667,170.43362064407398,353.94169756298163,2007,10,11,5,45,7.0,8.0,6.714285714285714,6.285714285714286,-42.857142857142854,58.82352941176471,MEDIUM
2007-11-14,6800.0,6700.0,7500.0,7600.0,6785.714285714285,6978.571428571428,7303.333333333333,89.97354107441186,330.91614421864193,2007,14,11,2,46,4.0,8.0,6.142857142857143,6.285714285714286,75.0,58.82352941176471,MEDIUM
2007-11-21,6800.0,6700.0,7500.0,7600.0,6800.0,6928.571428571428,7276.666666666667,81.6496580819411,297.24005172702664,2007,21,11,2,47,7.0,4.0,6.0,6.214285714285714,0.0,51.470588235294116,MEDIUM
2007-11-24,6800.0,6700.0,7300.0,7700.0,6814.285714285715,6878.571428571428,7250.0,69.00655592142272,248.6225790474843,2007,24,11,5,47,7.0,7.0,6.428571428571429,6.357142857142857,-42.857142857142854,58.82352941176471,MEDIUM
2007-11-28,6800.0,6900.0,7300.0,7700.0,6828.571428571428,6842.857142857143,7220.0,48.79500362931158,217.37697038044766,2007,28,11,2,48,4.0,8.0,6.0,6.142857142857143,75.0,58.82352941176471,MEDIUM
2007-12-05,6800.0,6900.0,7100.0,7700.0,6814.285714285715,6807.142857142857,7190.0,37.79644727752983,173.04639535132964,2007,5,12,2,49,7.0,5.0,5.857142857142857,6.357142857142857,0.0,59.70149253731343,MEDIUM
2007-12-12,6700.0,6800.0,7100.0,7700.0,6785.714285714285,6778.571428571428,7156.666666666667,37.79644727751743,152.81246137236718,2007,12,12,2,50,7.0,7.0,6.142857142857143,6.285714285714286,14.285714285714285,63.33333333333333,MEDIUM
2007-12-15,6000.0,6800.0,6400.0,7700.0,6671.428571428572,6700.0,7100.0,298.4084768330919,235.3393621637611,2007,15,12,5,50,8.0,4.0,6.285714285714286,6.5,-37.5,55.88235294117647,MEDIUM
2007-12-19,6800.0,6800.0,6700.0,7700.0,6671.428571428572,6728.571428571428,7070.0,298.4084768330919,219.89008242910757,2007,19,12,2,51,5.0,7.0,6.428571428571429,6.285714285714286,40.0,55.714285714285715,MEDIUM
2007-12-22,7000.0,6800.0,6700.0,7500.0,6700.0,6750.0,7046.666666666667,321.4550253636753,231.21751330850884,2007,22,12,5,51,7.0,7.0,6.428571428571429,6.214285714285714,-42.857142857142854,55.714285714285715,MEDIUM
2007-12-26,7000.0,6800.0,6700.0,7500.0,6728.571428571428,6771.428571428572,7030.0,340.1680257057009,239.96336716559512,2007,26,12,2,52,4.0,4.0,6.0,6.214285714285714,75.0,62.857142857142854,MEDIUM
2007-12-29,7000.0,6800.0,6900.0,7500.0,6757.142857142857,6792.857142857143,7013.333333333333,355.2329885986179,246.40269015032885,2007,29,12,5,52,7.0,7.0,6.428571428571429,6.214285714285714,-42.857142857142854,55.714285714285715,MEDIUM
2008-01-02,7000.0,6700.0,6900.0,7500.0,6785.714285714285,6800.0,6996.666666666667,367.09931184917156,251.1511956490682,2008,2,1,2,1,4.0,7.0,6.0,5.928571428571429,75.0,54.166666666666664,MEDIUM
2008-01-05,7200.0,6000.0,6800.0,7500.0,6857.142857142857,6821.428571428572,6986.666666666667,395.20940802150585,272.25149975695854,2008,5,1,5,1,7.0,8.0,6.0,6.071428571428571,-42.857142857142854,62.857142857142854,MEDIUM
2008-01-09,7000.0,6800.0,6800.0,7500.0,7000.0,6835.714285714285,6970.0,115.47005383029352,276.25835972458066,2008,9,1,2,2,4.0,5.0,5.428571428571429,5.857142857142857,75.0,60.0,MEDIUM
2008-01-14,7000.0,7000.0,6800.0,7500.0,7028.571428571428,6850.0,6953.333333333333,75.59289459019391,279.42248133598343,2008,14,1,0,3,7.0,7.0,5.714285714285714,6.071428571428571,-42.857142857142854,60.0,MEDIUM
2008-01-16,7000.0,7000.0,6800.0,7500.0,7028.571428571428,6864.285714285715,6936.666666666667,75.59289459019391,281.7722562543015,2008,16,1,2,3,4.0,4.0,5.285714285714286,5.857142857142857,100.0,42.028985507246375,MEDIUM
2008-01-21,6900.0,7000.0,6800.0,7500.0,7014.285714285715,6871.428571428572,6916.666666666667,89.97354107445203,281.2843385613829,2008,21,1,0,4,8.0,7.0,5.857142857142857,5.928571428571429,-50.0,42.028985507246375,MEDIUM
2008-01-24,6900.0,7000.0,6800.0,7500.0,7000.0,6878.571428571428,6896.666666666667,99.99999999118792,280.5998284662689,2008,24,1,3,4,4.0,4.0,5.428571428571429,5.928571428571429,100.0,41.42857142857143,MEDIUM
2008-01-28,7000.0,7200.0,6700.0,7300.0,7000.0,6892.857142857143,6880.0,99.99999999118792,281.38198978410185,2008,28,1,0,5,8.0,7.0,6.0,6.0,-25.0,43.47826086956522,MEDIUM
2008-01-30,6900.0,7000.0,6000.0,7300.0,6957.142857142857,6907.142857142857,6866.666666666667,53.452248365986925,275.8602927170522,2008,30,1,2,5,6.0,4.0,5.857142857142857,5.928571428571429,33.33333333333333,43.47826086956522,MEDIUM
2008-02-02,6900.0,7000.0,6800.0,7100.0,6942.857142857143,6971.428571428572,6853.333333333333,53.452248365982804,91.38735334107727,2008,2,2,5,5,8.0,7.0,6.428571428571429,5.928571428571429,-25.0,44.11764705882353,MEDIUM
2008-02-06,6800.0,7000.0,7000.0,7100.0,6914.285714285715,6971.428571428572,6843.333333333333,69.00655592144649,91.38735334107727,2008,6,2,2,6,6.0,4.0,6.285714285714286,6.0,0.0,38.46153846153847,MEDIUM
2008-02-09,6500.0,6900.0,7000.0,6400.0,6842.857142857143,6935.714285714285,6823.333333333333,161.83471873707734,154.95479666672628,2008,9,2,5,6,6.0,8.0,6.571428571428571,5.928571428571429,-16.666666666666664,53.84615384615385,LOW
2008-02-13,6500.0,6900.0,7000.0,6700.0,6785.714285714285,6900.0,6826.666666666667,203.5400978352973,192.15378456359724,2008,13,2,2,7,5.0,4.0,6.142857142857143,6.0,-20.0,45.714285714285715,LOW
2008-02-16,7000.0,7000.0,7000.0,6700.0,6800.0,6900.0,6836.666666666667,216.02468994283512,192.15378456359724,2008,16,2,5,7,4.0,8.0,6.142857142857143,5.785714285714286,0.0,45.714285714285715,LOW
2008-02-20,7000.0,6900.0,7200.0,6700.0,6800.0,6900.0,6846.666666666667,216.02468994283512,192.15378456359724,2008,20,2,2,8,4.0,6.0,5.571428571428571,5.785714285714286,-25.0,35.714285714285715,LOW
2008-02-25,7000.0,6900.0,7000.0,6900.0,6814.285714285715,6885.714285714285,6856.666666666667,226.77868380163778,174.7840111351337,2008,25,2,0,9,3.0,8.0,5.142857142857143,5.5,16.666666666666664,35.714285714285715,LOW
2008-02-27,7000.0,6800.0,7000.0,6900.0,6828.571428571428,6885.714285714285,6860.0,236.03873773708827,174.7840111351337,2008,27,2,2,9,3.5,6.0,4.5,5.464285714285714,-14.285714285714285,35.714285714285715,LOW
2008-03-01,7000.0,6500.0,7000.0,6800.0,6857.142857142857,6885.714285714285,6863.333333333333,243.97501823351217,174.7840111351337,2008,1,3,5,9,3.0,6.0,4.071428571428571,5.178571428571429,-33.33333333333333,35.714285714285715,LOW
2008-03-05,7000.0,6500.0,6900.0,6800.0,6928.571428571428,6885.714285714285,6870.0,188.9822364999445,174.7840111351337,2008,5,3,2,10,2.0,5.0,3.5,5.035714285714286,0.0,35.714285714285715,LOW
2008-03-08,7000.0,7000.0,6900.0,6800.0,7000.0,6892.857142857143,6876.666666666667,0.0,177.43595036675256,2008,8,3,5,10,2.0,4.0,3.0714285714285716,4.607142857142857,-25.0,35.714285714285715,LOW
2008-03-12,7000.0,7000.0,7000.0,6800.0,7000.0,6900.0,6883.333333333333,0.0,179.74340685190296,2008,12,3,2,11,1.5,4.0,2.7142857142857144,4.428571428571429,0.0,31.428571428571427,LOW
2008-03-15,7000.0,7000.0,6900.0,6800.0,7000.0,6900.0,6890.0,0.0,179.74340685190296,2008,15,3,5,11,1.5,3.0,2.357142857142857,3.9642857142857144,-33.33333333333333,31.428571428571427,LOW
2008-03-19,7000.0,7000.0,6900.0,6800.0,7000.0,6907.142857142857,6896.666666666667,0.0,181.71950368910498,2008,19,3,2,12,1.0,3.5,2.0714285714285716,3.607142857142857,0.0,31.428571428571427,LOW
2008-03-22,7000.0,7000.0,6800.0,6700.0,7000.0,6914.285714285715,6903.333333333333,0.0,183.37495364801174,2008,22,3,5,12,1.0,3.0,1.7142857142857142,3.107142857142857,0.0,31.428571428571427,LOW
2008-03-26,7000.0,7000.0,6500.0,6000.0,7000.0,6928.571428571428,6913.333333333333,0.0,181.56825979798947,2008,26,3,2,13,1.0,2.0,1.4285714285714286,2.75,100.0,32.857142857142854,MEDIUM
2008-03-29,7000.0,7000.0,6500.0,6800.0,7000.0,6964.285714285715,6946.666666666667,0.0,133.6306209526136,2008,29,3,5,13,2.0,2.0,1.4285714285714286,2.4642857142857144,-50.0,32.857142857142854,MEDIUM
2008-04-02,7000.0,7000.0,7000.0,7000.0,7000.0,7000.0,6953.333333333333,0.0,0.0,2008,2,4,2,14,1.0,1.5,1.2857142857142858,2.1785714285714284,0.0,32.857142857142854,MEDIUM
2008-04-05,7000.0,7000.0,7000.0,7000.0,7000.0,7000.0,6953.333333333333,0.0,0.0,2008,5,4,5,14,1.0,1.5,1.2142857142857142,1.9642857142857142,0.0,32.857142857142854,MEDIUM
2008-04-09,7000.0,7000.0,7000.0,7000.0,7000.0,7000.0,6953.333333333333,0.0,0.0,2008,9,4,2,15,1.0,1.0,1.1428571428571428,1.75,0.0,32.857142857142854,MEDIUM
2008-04-12,7000.0,7000.0,7000.0,7000.0,7000.0,7000.0,6953.333333333333,0.0,0.0,2008,12,4,5,15,1.0,1.0,1.1428571428571428,1.6071428571428572,0.0,28.749999999999996,LOW
2008-04-16,8000.0,7000.0,7000.0,7200.0,7142.857142857143,7071.428571428572,6986.666666666667,377.96447300690096,267.26124191063093,2008,16,4,2,16,1.0,1.0,1.1428571428571428,1.4285714285714286,0.0,32.857142857142854,LOW
2008-04-19,7000.0,7000.0,7000.0,7000.0,7142.857142857143,7071.428571428572,6980.0,377.96447300690096,267.26124191063093,2008,19,4,5,16,1.0,2.0,1.1428571428571428,1.2857142857142858,0.0,32.857142857142854,LOW
2008-04-23,7000.0,7000.0,7000.0,7000.0,7142.857142857143,7071.428571428572,6980.0,377.96447300690096,267.26124191063093,2008,23,4,2,17,1.0,1.0,1.0,1.2142857142857142,0.0,32.857142857142854,LOW
2008-04-26,7000.0,7000.0,7000.0,7000.0,7142.857142857143,7071.428571428572,6980.0,377.96447300690096,267.26124191063093,2008,26,4,5,17,1.0,1.0,1.0,1.1428571428571428,0.0,32.857142857142854,LOW
2008-04-30,7000.0,7000.0,7000.0,6900.0,7142.857142857143,7071.428571428572,6980.0,377.96447300690096,267.26124191063093,2008,30,4,2,18,1.0,1.0,1.0,1.1071428571428572,100.0,31.428571428571427,LOW
2008-05-03,7000.0,7000.0,7000.0,6900.0,7142.857142857143,7071.428571428572,6983.333333333333,377.96447300690096,267.26124191063093,2008,3,5,5,18,2.0,1.0,1.1428571428571428,1.1428571428571428,-50.0,31.428571428571427,LOW
2008-05-07,7000.0,8000.0,7000.0,7000.0,7142.857142857143,7071.428571428572,6986.666666666667,377.96447300690096,267.26124191063093,2008,7,5,2,19,1.0,1.0,1.1428571428571428,1.1428571428571428,0.0,31.428571428571427,LOW
2008-05-12,7000.0,7000.0,7000.0,6900.0,7000.0,7071.428571428572,6986.666666666667,0.0,267.26124191063093,2008,12,5,0,20,1.0,1.0,1.1428571428571428,1.1428571428571428,0.0,31.428571428571427,MEDIUM
2008-05-14,7000.0,7000.0,7000.0,6900.0,7000.0,7071.428571428572,6990.0,0.0,267.26124191063093,2008,14,5,2,20,1.0,1.0,1.1428571428571428,1.1428571428571428,0.0,31.428571428571427,MEDIUM
2008-05-17,7000.0,7000.0,7000.0,6800.0,7000.0,7071.428571428572,6993.333333333333,0.0,267.26124191063093,2008,17,5,5,20,1.0,1.0,1.1428571428571428,1.0714285714285714,0.0,31.428571428571427,MEDIUM
2008-05-21,7000.0,7000.0,7000.0,6500.0,7000.0,7071.428571428572,7000.0,0.0,267.26124191063093,2008,21,5,2,21,1.0,1.0,1.1428571428571428,1.0714285714285714,0.0,31.428571428571427,MEDIUM
2008-05-24,7000.0,7000.0,7000.0,6500.0,7000.0,7071.428571428572,7016.666666666667,0.0,267.26124191063093,2008,24,5,5,21,1.0,2.0,1.1428571428571428,1.0714285714285714,0.0,31.428571428571427,MEDIUM
2008-05-28,7000.0,7000.0,7000.0,7000.0,7000.0,7071.428571428572,7033.333333333333,0.0,267.26124191063093,2008,28,5,2,22,1.0,1.0,1.0,1.0714285714285714,0.0,30.555555555555557,LOW
2008-05-31,7200.0,7000.0,8000.0,7000.0,7028.571428571428,7085.714285714285,7040.0,75.59289459019223,268.49192182811356,2008,31,5,5,22,1.0,1.0,1.0,1.0714285714285714,0.0,31.428571428571427,MEDIUM
2008-06-04,7000.0,7000.0,7000.0,7000.0,7028.571428571428,7014.285714285715,7040.0,75.59289459019223,53.452248373502684,2008,4,6,2,23,1.0,1.0,1.0,1.0714285714285714,0.0,31.428571428571427,MEDIUM
2008-06-07,7000.0,7000.0,7000.0,7000.0,7028.571428571428,7014.285714285715,7040.0,75.59289459019223,53.452248373502684,2008,7,6,5,23,1.0,1.0,1.0,1.0714285714285714,0.0,31.428571428571427,MEDIUM
2008-06-11,7000.0,7000.0,7000.0,7000.0,7028.571428571428,7014.285714285715,7040.0,75.59289459019223,53.452248373502684,2008,11,6,2,24,1.0,1.0,1.0,1.0714285714285714,0.0,31.428571428571427,MEDIUM
2008-06-14,7000.0,7000.0,7000.0,7000.0,7028.571428571428,7014.285714285715,7040.0,75.59289459019223,53.452248373502684,2008,14,6,5,24,1.0,1.0,1.0,1.0714285714285714,0.0,31.428571428571427,MEDIUM
2008-06-18,7000.0,7000.0,7000.0,7000.0,7028.571428571428,7014.285714285715,7040.0,75.59289459019223,53.452248373502684,2008,18,6,2,25,1.0,1.0,1.0,1.0714285714285714,0.0,29.333333333333332,MEDIUM
2008-06-21,7500.0,7200.0,7000.0,7000.0,7100.0,7050.0,7056.666666666667,191.48542154667282,140.05493427375356,2008,21,6,5,25,1.0,1.0,1.0,1.0,0.0,29.333333333333332,MEDIUM
2008-06-25,7500.0,7000.0,7000.0,7000.0,7142.857142857143,7085.714285714285,7073.333333333333,243.97501823352962,183.37495364802552,2008,25,6,2,26,1.0,1.0,1.0,1.0,0.0,29.333333333333332,LOW
2008-06-28,7500.0,7000.0,7000.0,7000.0,7214.285714285715,7121.428571428572,7090.0,267.2612419091385,211.8728625594908,2008,28,6,5,26,1.0,1.0,1.0,1.0,0.0,27.27272727272727,LOW
2008-07-02,7700.0,7000.0,7000.0,7000.0,7314.285714285715,7171.428571428572,7113.333333333333,302.37157840448225,258.48246906169743,2008,2,7,2,27,1.0,1.0,1.0,1.0,0.0,27.27272727272727,LOW
2008-07-05,7700.0,7000.0,7000.0,7000.0,7414.285714285715,7221.428571428572,7136.666666666667,296.8084198493828,288.7068553926187,2008,5,7,5,27,1.0,1.0,1.0,1.0,0.0,27.27272727272727,LOW
2008-07-09,7700.0,7000.0,7000.0,7000.0,7514.285714285715,7271.428571428572,7160.0,247.84787960929515,307.4174596611945,2008,9,7,2,28,1.0,1.0,1.0,1.0,0.0,27.27272727272727,MEDIUM
2008-07-14,7700.0,7500.0,7000.0,7000.0,7614.285714285715,7321.428571428572,7183.333333333333,106.90449675680884,316.66184688682415,2008,14,7,0,29,1.0,1.0,1.0,1.0,0.0,27.27272727272727,MEDIUM
2008-07-16,7700.0,7500.0,7200.0,7000.0,7642.857142857143,7371.428571428572,7206.666666666667,97.59000728591761,317.2685623543427,2008,16,7,2,29,1.0,1.0,1.0,1.0,0.0,27.27272727272727,MEDIUM
2008-07-19,7700.0,7500.0,7000.0,7000.0,7671.428571428572,7407.142857142857,7230.0,75.59289459031456,324.5453286194737,2008,19,7,5,29,1.0,1.0,1.0,1.0,0.0,27.27272727272727,MEDIUM
2008-07-23,7700.0,7700.0,7000.0,7000.0,7700.0,7457.142857142857,7253.333333333333,0.0,310.6179590470741,2008,23,7,2,30,1.0,1.0,1.0,1.0,0.0,27.27272727272727,MEDIUM
2008-07-26,7700.0,7700.0,7000.0,8000.0,7700.0,7507.142857142857,7276.666666666667,0.0,286.79739756804304,2008,26,7,5,30,1.0,1.0,1.0,1.0,0.0,32.5,MEDIUM
2008-07-30,8000.0,7700.0,7000.0,7000.0,7742.857142857143,7578.571428571428,7276.666666666667,113.38934189508947,275.06243047424283,2008,30,7,2,31,1.0,1.0,1.0,1.0,0.0,32.5,MEDIUM
2008-08-02,8000.0,7700.0,7000.0,7000.0,7785.714285714285,7650.0,7310.0,146.38501093633602,240.9915415029793,2008,2,8,5,31,1.0,1.0,1.0,1.0,0.0,32.5,MEDIUM
2008-08-06,8000.0,7700.0,7500.0,7000.0,7828.571428571428,7721.428571428572,7343.333333333333,160.356745142032,171.77163474961665,2008,6,8,2,32,1.0,1.0,1.0,1.0,0.0,32.5,MEDIUM
2008-08-11,8000.0,7700.0,7500.0,7000.0,7871.428571428572,7757.142857142857,7376.666666666667,160.35674514203538,174.15415679429702,2008,11,8,0,33,1.0,1.0,1.0,1.0,0.0,30.58823529411765,MEDIUM
2008-08-13,8500.0,7700.0,7500.0,7000.0,7985.714285714285,7828.571428571428,7426.666666666667,267.26124190917835,249.3948720340228,2008,13,8,2,33,1.0,1.0,1.0,1.0,0.0,30.58823529411765,LOW
2008-08-16,8500.0,7700.0,7700.0,7000.0,8100.0,7900.0,7476.666666666667,294.3920288746531,288.2306768475375,2008,16,8,5,33,1.0,1.0,1.0,1.0,0.0,27.77777777777778,LOW
2008-08-21,9000.0,8000.0,7700.0,7000.0,8285.714285714286,7992.857142857143,7543.333333333333,393.39789623252597,404.71126595423317,2008,21,8,3,34,1.0,1.0,1.0,1.0,0.0,27.77777777777778,MEDIUM
2008-08-25,9000.0,8000.0,7700.0,7000.0,8428.57142857143,8085.714285714285,7610.0,449.86770541930247,475.3252212255709,2008,25,8,0,35,1.0,1.0,1.0,1.0,0.0,27.77777777777778,MEDIUM
2008-08-27,9000.0,8000.0,7700.0,7000.0,8571.42857142857,8178.571428571428,7676.666666666667,449.86770541930605,519.1391860614735,2008,27,8,2,35,1.0,1.0,1.0,1.0,0.0,27.77777777777778,MEDIUM
2008-08-30,9000.0,8000.0,7700.0,7000.0,8714.285714285714,8271.42857142857,7743.333333333333,393.3978962325386,542.6836044184234,2008,30,8,5,35,1.0,1.0,1.0,1.0,0.0,27.77777777777778,MEDIUM
2008-09-03,9000.0,8500.0,7700.0,7000.0,8857.142857142857,8364.285714285714,7810.0,243.97501823362026,548.5745764553312,2008,3,9,2,36,1.0,1.0,1.0,1.0,0.0,27.77777777777778,LOW
2008-09-06,9000.0,8500.0,7700.0,7000.0,8928.57142857143,8457.142857142857,7876.666666666667,188.9822365000833,537.3929742658454,2008,6,9,5,36,1.0,1.0,1.0,1.0,0.0,23.157894736842106,LOW
2008-09-10,9500.0,9000.0,7700.0,7200.0,9071.42857142857,8585.714285714286,7960.0,188.98223650009402,557.2696389976195,2008,10,9,2,37,1.0,1.0,1.0,1.0,0.0,23.157894736842106,LOW
2008-09-15,9500.0,9000.0,8000.0,7000.0,9142.857142857143,8714.285714285714,8036.666666666667,243.9750182336366,544.7047794010875,2008,15,9,0,38,1.0,1.0,1.0,1.0,0.0,23.157894736842106,MEDIUM
2008-09-17,9500.0,9000.0,8000.0,7000.0,9214.285714285714,8821.42857142857,8120.0,267.2612419092364,540.9088810340534,2008,17,9,2,38,1.0,1.0,1.0,1.0,0.0,23.157894736842106,MEDIUM
2008-09-20,9500.0,9000.0,8000.0,7000.0,9285.714285714286,8928.57142857143,8203.333333333334,267.26124190924037,513.552591012217,2008,20,9,5,38,1.0,1.0,1.0,1.0,0.0,23.157894736842106,HIGH
2008-09-24,9500.0,9000.0,8000.0,7000.0,9357.142857142857,9035.714285714286,8286.666666666666,243.97501823364942,458.43738412561464,2008,24,9,2,39,1.0,1.0,1.0,1.0,0.0,23.157894736842106,HIGH
2008-09-27,9500.0,9000.0,8500.0,7000.0,9428.57142857143,9142.857142857143,8370.0,188.98223650012096,363.13651960004887,2008,27,9,5,39,1.0,1.0,1.0,1.0,0.0,23.157894736842106,HIGH
2008-12-03,9500.0,9500.0,8500.0,7500.0,9500.0,9214.285714285714,8453.333333333334,0.0,323.1030863280505,2008,3,12,2,49,1.0,1.0,1.0,1.0,0.0,42.22222222222222,HIGH
2008-12-06,9000.0,9500.0,9000.0,7500.0,9428.57142857143,9250.0,8503.333333333334,188.98223650012096,259.43726082966714,2008,6,12,5,49,1.0,1.0,1.0,1.0,0.0,42.22222222222222,HIGH
2011-05-19,9000.0,9500.0,9000.0,7500.0,9357.142857142857,9250.0,8553.333333333334,243.97501823364942,259.43726082966714,2011,19,5,3,20,1.0,1.0,1.0,1.0,0.0,36.84210526315789,HIGH
2011-05-21,19000.0,9500.0,9000.0,7700.0,10714.285714285714,9964.285714285714,8936.666666666666,3661.251412394434,2612.5752526096894,2011,21,5,5,20,1.0,1.0,1.0,1.0,0.0,34.21052631578947,HIGH
2011-05-25,19000.0,9500.0,9000.0,7700.0,12071.42857142857,10678.57142857143,9313.333333333334,4738.394343274873,3533.3963986353506,2011,25,5,2,21,1.0,1.0,1.0,1.0,0.0,34.21052631578947,HIGH
2011-05-28,19000.0,9500.0,9000.0,7700.0,13428.57142857143,11392.857142857143,9690.0,5215.5901825564615,4128.598996067413,2011,28,5,5,21,1.0,1.0,1.0,1.0,0.0,34.21052631578947,HIGH
2011-06-01,19000.0,9500.0,9000.0,7700.0,14785.714285714286,12107.142857142857,10066.666666666666,5258.779507144251,4528.450963836016,2011,1,6,2,22,1.0,1.0,1.0,1.0,0.0,27.586206896551722,HIGH
2011-06-04,14500.0,9000.0,9500.0,7700.0,15500.0,12500.0,10293.333333333334,4734.624237113766,4476.434020340383,2011,4,6,5,22,1.0,1.0,1.0,1.0,0.0,27.586206896551722,MEDIUM
2011-06-08,14500.0,9000.0,9500.0,7700.0,16285.714285714286,12857.142857142857,10520.0,3849.8608509174765,4417.746429627073,2011,8,6,2,23,1.0,1.0,1.0,1.0,50.0,32.0,MEDIUM
2011-07-07,12500.0,19000.0,9500.0,7700.0,16785.714285714286,13071.42857142857,10680.0,2841.025971621352,4313.9181853495265,2011,7,7,3,27,1.5,1.0,1.0714285714285714,1.0357142857142858,-33.33333333333333,31.666666666666664,MEDIUM
2011-07-14,12000.0,19000.0,9500.0,7700.0,15785.714285714286,13250.0,10823.333333333334,3147.183169877526,4205.079346182609,2011,14,7,3,28,1.0,1.0,1.0714285714285714,1.0357142857142858,0.0,52.0,MEDIUM
2011-07-16,12500.0,19000.0,9500.0,8000.0,14857.142857142857,13464.285714285714,10983.333333333334,2996.0291180475697,4073.669134794759,2011,16,7,5,28,1.0,1.0,1.0714285714285714,1.0357142857142858,0.0,52.0,LOW
2011-07-20,12500.0,19000.0,9500.0,8000.0,13928.57142857143,13678.57142857143,11133.333333333334,2456.76907455965,3925.2983368103755,2011,20,7,2,29,1.0,1.0,1.0714285714285714,1.0357142857142858,0.0,41.66666666666667,LOW
2011-07-23,12000.0,14500.0,9500.0,8000.0,12928.57142857143,13857.142857142857,11266.666666666666,1096.5313275868202,3774.5533175797136,2011,23,7,5,29,1.0,1.0,1.0714285714285714,1.0357142857142858,0.0,41.66666666666667,LOW
2011-07-27,12000.0,14500.0,9000.0,8000.0,12571.42857142857,14035.714285714286,11400.0,886.4052604269876,3608.02676581763,2011,27,7,2,30,1.0,1.0,1.0714285714285714,1.0357142857142858,0.0,41.66666666666667,LOW
2011-08-03,12000.0,12500.0,9000.0,8500.0,12214.285714285714,14250.0,11533.333333333334,267.26124190931364,3366.9776449417886,2011,3,8,2,31,1.0,1.5,1.0714285714285714,1.0357142857142858,0.0,45.83333333333333,LOW
2011-08-08,12000.0,12000.0,19000.0,8500.0,12142.857142857143,14464.285714285714,11650.0,243.97501823372065,3091.3295976517907,2011,8,8,0,32,1.0,1.0,1.0,1.0357142857142858,0.0,45.83333333333333,MEDIUM
2011-08-10,12000.0,12500.0,19000.0,9000.0,12142.857142857143,13964.285714285714,11766.666666666666,243.97501823372065,2858.6191241056536,2011,10,8,2,32,1.0,1.0,1.0,1.0357142857142858,0.0,45.0,MEDIUM
2011-08-17,12000.0,12500.0,19000.0,9000.0,12071.42857142857,13464.285714285714,11866.666666666666,188.9822365002018,2499.725259628672,2011,17,8,2,33,1.0,1.0,1.0,1.0357142857142858,0.0,41.66666666666667,MEDIUM
2011-08-20,12000.0,12000.0,19000.0,9000.0,12000.0,12964.285714285714,11966.666666666666,0.0,1946.0441701274794,2011,20,8,5,33,1.0,1.0,1.0,1.0357142857142858,0.0,41.66666666666667,MEDIUM
2011-08-24,12000.0,12000.0,14500.0,9000.0,12000.0,12464.285714285714,12066.666666666666,0.0,887.179751846902,2011,24,8,2,34,1.0,1.0,1.0,1.0357142857142858,0.0,41.66666666666667,MEDIUM
2011-08-27,12000.0,12000.0,14500.0,9000.0,12000.0,12285.714285714286,12166.666666666666,0.0,671.2298045741575,2011,27,8,5,34,1.0,1.0,1.0,1.0357142857142858,0.0,44.26229508196721,MEDIUM
2011-09-03,12200.0,12000.0,12500.0,9000.0,12028.57142857143,12121.42857142857,12273.333333333334,75.59289459080686,211.87286255987152,2011,3,9,5,35,1.0,1.0,1.0,1.0357142857142858,0.0,44.26229508196721,MEDIUM
2011-09-07,12200.0,12000.0,12000.0,9500.0,12057.142857142857,12100.0,12380.0,97.59000728630743,183.97324219939512,2011,7,9,2,36,1.0,1.0,1.0,1.0,0.0,44.71544715447154,MEDIUM
2011-09-14,12300.0,12000.0,12500.0,9500.0,12100.0,12121.42857142857,12473.333333333334,129.09944486712547,188.83680959639463,2011,14,9,2,37,1.0,1.0,1.0,1.0,0.0,47.15447154471545,MEDIUM
2011-09-17,12300.0,12000.0,12500.0,9500.0,12142.857142857143,12107.142857142857,12566.666666666666,139.72762619519486,163.91501416080115,2011,17,9,5,37,1.0,1.0,1.0,1.0,0.0,47.15447154471545,HIGH
2011-09-24,12300.0,12000.0,12000.0,9500.0,12185.714285714286,12092.857142857143,12660.0,134.51854182072427,132.80573269466117,2011,24,9,5,38,1.0,1.0,1.0,1.0,0.0,50.0,HIGH
2011-10-12,12000.0,12000.0,12000.0,9500.0,12185.714285714286,12092.857142857143,12743.333333333334,134.51854182072427,132.80573269466117,2011,12,10,2,41,1.0,1.0,1.0,1.0,0.0,37.6,HIGH
2011-10-15,12500.0,12200.0,12000.0,9500.0,12257.142857142857,12128.57142857143,12843.333333333334,151.18578919819356,168.37947722585798,2011,15,10,5,41,1.0,1.0,1.0,1.0,0.0,37.6,HIGH
2011-10-19,12500.0,12200.0,12000.0,9500.0,12300.0,12164.285714285714,12943.333333333334,173.2050807520925,190.57460827163715,2011,19,10,2,42,1.0,1.0,1.0,1.0,0.0,46.15384615384615,MEDIUM
2011-10-22,13000.0,12300.0,12000.0,9000.0,12414.285714285714,12235.714285714286,13060.0,307.8342163571923,287.18030481169427,2011,22,10,5,42,1.0,1.0,1.0,1.0,0.0,34.78260869565217,MEDIUM
2011-10-29,11500.0,12300.0,12000.0,9000.0,12300.0,12200.0,13143.333333333334,465.47466812384675,344.1824203249591,2011,29,10,5,43,1.0,1.0,1.0,1.0,0.0,34.78260869565217,MEDIUM
2011-11-02,11500.0,12300.0,12000.0,19000.0,12185.714285714286,12164.285714285714,13226.666666666666,555.063273954937,389.4910739702557,2011,2,11,2,44,1.0,1.0,1.0,1.0,0.0,37.5,MEDIUM
2011-11-05,12000.0,12000.0,12000.0,19000.0,12142.857142857143,12164.285714285714,12993.333333333334,556.3486402626896,389.4910739702557,2011,5,11,5,44,1.0,1.0,1.0,1.0,0.0,37.704918032786885,MEDIUM
2011-11-09,12200.0,12500.0,12000.0,19000.0,12171.42857142857,12178.57142857143,12766.666666666666,552.9143565803122,386.6594037453399,2011,9,11,2,45,1.0,1.0,1.0,1.0,0.0,37.704918032786885,HIGH
2011-11-16,12200.0,12500.0,12200.0,19000.0,12128.57142857143,12192.857142857143,12540.0,534.5224838232901,383.23378226265476,2011,16,11,2,46,1.0,1.0,1.0,1.0,0.0,37.704918032786885,HIGH
2011-11-17,12200.0,13000.0,12200.0,14500.0,12085.714285714286,12192.857142857143,12313.333333333334,511.30086194617746,383.23378226265476,2011,17,11,3,46,1.0,1.0,1.0,1.0,0.0,39.130434782608695,HIGH
2011-11-18,11500.0,11500.0,12300.0,14500.0,11871.42857142857,12142.857142857143,12213.333333333334,354.56210416880754,425.55716548791236,2011,18,11,4,46,1.0,1.0,1.0,1.0,0.0,39.130434782608695,HIGH
2011-11-19,11500.0,11500.0,12300.0,12500.0,11871.42857142857,12085.714285714286,12113.333333333334,354.56210416880754,455.49152294167857,2011,19,11,5,46,1.0,1.0,1.0,1.0,0.0,39.130434782608695,HIGH
2011-11-22,11500.0,12000.0,12300.0,12000.0,11871.42857142857,12028.57142857143,12080.0,354.56210416880754,476.2490806420375,2011,22,11,1,47,1.0,1.0,1.0,1.0,0.0,64.28571428571429,HIGH
2011-11-23,7000.0,12200.0,12000.0,12500.0,11157.142857142857,11650.0,11913.333333333334,1866.2414481667288,1418.4227426695666,2011,23,11,2,47,1.0,1.0,1.0,1.0,0.0,64.28571428571429,HIGH
2011-11-24,7000.0,12200.0,12500.0,12500.0,10414.285714285714,11292.857142857143,11730.0,2353.315796507881,1878.4053325642349,2011,24,11,3,47,1.0,1.0,1.0,1.0,0.0,64.28571428571429,HIGH
2011-11-25,7000.0,12200.0,12500.0,12000.0,9671.42857142857,10900.0,11546.666666666666,2511.118134559293,2160.484276196299,2011,25,11,4,47,1.0,1.0,1.0,1.0,0.0,64.28571428571429,LOW
2011-11-26,7000.0,11500.0,13000.0,12000.0,8928.57142857143,10507.142857142857,11380.0,2405.3511772114525,2339.777861156814,2011,26,11,5,47,1.0,1.0,1.0,1.0,0.0,41.66666666666667,LOW
2011-11-28,12000.0,11500.0,11500.0,12000.0,9000.0,10435.714285714286,11380.0,2499.9999999996476,2272.1075079035413,2011,28,11,0,48,1.0,1.0,1.0,1.0,0.0,41.66666666666667,LOW
2011-12-02,12000.0,11500.0,11500.0,12000.0,9071.42857142857,10471.42857142857,11380.0,2588.8957013327504,2293.9480818442503,2011,2,12,4,48,1.0,1.0,1.0,1.0,0.0,41.66666666666667,LOW
2011-12-03,12000.0,7000.0,12000.0,12000.0,9142.857142857143,10507.142857142857,11380.0,2672.612419123915,2314.9893788471127,2011,3,12,5,48,1.0,1.0,1.0,1.0,0.0,33.33333333333333,LOW
2011-12-06,12000.0,7000.0,12200.0,12000.0,9857.142857142857,10507.142857142857,11380.0,2672.6124191239196,2314.9893788471127,2011,6,12,1,49,1.0,1.0,1.0,1.0,0.0,33.33333333333333,LOW
2011-12-07,12000.0,7000.0,12200.0,12000.0,10571.42857142857,10492.857142857143,11380.0,2439.750182370983,2304.3318022681046,2011,7,12,2,49,1.0,1.0,1.0,1.0,0.0,33.33333333333333,LOW
2011-12-08,12000.0,7000.0,12200.0,12000.0,11285.714285714286,10478.57142857143,11380.0,1889.8223650456912,2293.528880409802,2011,8,12,3,49,1.0,1.0,1.0,1.0,0.0,41.66666666666667,LOW
2011-12-09,12000.0,12000.0,11500.0,12000.0,12000.0,10464.285714285714,11380.0,0.0,2282.5785496153135,2011,9,12,4,49,1.0,1.0,1.0,1.0,0.0,41.66666666666667,LOW
2011-12-12,12000.0,12000.0,11500.0,12200.0,12000.0,10500.0,11380.0,0.0,2303.8429433647216,2011,12,12,0,50,1.0,1.0,1.0,1.0,0.0,41.66666666666667,LOW
2011-12-13,12000.0,12000.0,11500.0,12200.0,12000.0,10535.714285714286,11373.333333333334,0.0,2324.321950047292,2011,13,12,1,50,1.0,1.0,1.0,1.0,0.0,41.66666666666667,LOW
2011-12-14,12000.0,12000.0,7000.0,12300.0,12000.0,10571.42857142857,11366.666666666666,0.0,2344.036154692289,2011,14,12,2,50,1.0,1.0,1.0,1.0,0.0,41.66666666666667,LOW
2011-12-15,12000.0,12000.0,7000.0,12300.0,12000.0,10928.57142857143,11356.666666666666,0.0,2129.076568131397,2011,15,12,3,50,1.0,1.0,1.0,1.0,0.0,41.66666666666667,LOW
2011-12-16,12000.0,12000.0,7000.0,12300.0,12000.0,11285.714285714286,11346.666666666666,0.0,1815.682598006174,2011,16,12,4,50,1.0,1.0,1.0,1.0,0.0,41.66666666666667,LOW
2011-12-29,12000.0,12000.0,7000.0,12000.0,12000.0,11642.857142857143,11336.666666666666,0.0,1336.306209561811,2011,29,12,3,52,1.0,1.0,1.0,1.0,0.0,41.66666666666667,LOW
2011-12-30,12000.0,12000.0,12000.0,12500.0,12000.0,12000.0,11336.666666666666,0.0,0.0,2011,30,12,4,52,1.0,1.0,1.0,1.0,0.0,41.66666666666667,LOW
2011-12-31,12000.0,12000.0,12000.0,12500.0,12000.0,12000.0,11320.0,0.0,0.0,2011,31,12,5,52,1.0,1.0,1.0,1.0,0.0,41.66666666666667,LOW
2012-01-02,12000.0,12000.0,12000.0,13000.0,12000.0,12000.0,11303.333333333334,0.0,0.0,2012,2,1,0,1,1.0,1.0,1.0,1.0,0.0,41.66666666666667,LOW
2012-01-03,12000.0,12000.0,12000.0,11500.0,12000.0,12000.0,11270.0,0.0,0.0,2012,3,1,1,1,1.0,1.0,1.0,1.0,0.0,41.66666666666667,HIGH
2012-01-04,12000.0,12000.0,12000.0,11500.0,12000.0,12000.0,11286.666666666666,0.0,0.0,2012,4,1,2,1,1.0,1.0,1.0,1.0,0.0,41.66666666666667,HIGH
2012-01-05,12000.0,12000.0,12000.0,12000.0,12000.0,12000.0,11303.333333333334,0.0,0.0,2012,5,1,3,1,1.0,1.0,1.0,1.0,0.0,41.66666666666667,HIGH
2012-01-06,12000.0,12000.0,12000.0,12200.0,12000.0,12000.0,11303.333333333334,0.0,0.0,2012,6,1,4,1,1.0,1.0,1.0,1.0,0.0,41.66666666666667,HIGH
2012-01-07,12000.0,12000.0,12000.0,12200.0,12000.0,12000.0,11296.666666666666,0.0,0.0,2012,7,1,5,1,1.0,1.0,1.0,1.0,0.0,41.66666666666667,HIGH
2012-01-12,12000.0,12000.0,12000.0,12200.0,12000.0,12000.0,11290.0,0.0,0.0,2012,12,1,3,2,1.0,1.0,1.0,1.0,0.0,0.0,HIGH
2012-01-16,7000.0,12000.0,12000.0,11500.0,11285.714285714286,11642.857142857143,11116.666666666666,1889.8223650456912,1336.306209561811,2012,16,1,0,3,1.0,1.0,1.0,1.0,0.0,0.0,MEDIUM
2012-01-17,7000.0,12000.0,12000.0,11500.0,10571.42857142857,11285.714285714286,10966.666666666666,2439.750182370983,1815.682598006174,2012,17,1,1,3,1.0,1.0,1.0,1.0,0.0,12.5,LOW
2012-01-20,8000.0,12000.0,12000.0,11500.0,10000.0,11000.0,10850.0,2516.61147842324,1999.999999999785,2012,20,1,4,3,1.0,1.0,1.0,1.0,0.0,16.666666666666664,LOW
2012-01-21,9000.0,12000.0,12000.0,7000.0,9571.42857142857,10785.714285714286,10766.666666666666,2370.4530408860405,2044.8272986533145,2012,21,1,5,3,1.0,1.0,1.0,1.0,0.0,16.666666666666664,LOW
2012-01-23,9000.0,12000.0,12000.0,7000.0,9142.857142857143,10571.42857142857,10833.333333333334,2115.7009420494,2064.8816585304317,2012,23,1,0,4,1.0,1.0,1.0,1.0,0.0,16.666666666666664,LOW
2012-01-28,9000.0,12000.0,12000.0,7000.0,8714.285714285714,10357.142857142857,10900.0,1704.3362064921737,2060.886398434387,2012,28,1,5,4,1.0,1.0,1.0,1.0,0.0,16.666666666666664,LOW
2012-01-30,9000.0,7000.0,12000.0,7000.0,8285.714285714286,10142.857142857143,10966.666666666666,951.1897312104028,2032.6997151245032,2012,30,1,0,5,1.0,1.0,1.0,1.0,0.0,18.88888888888889,LOW
2012-01-31,9000.0,7000.0,12000.0,12000.0,8571.42857142857,9928.57142857143,11033.333333333334,786.7957924683145,1979.288361402025,2012,31,1,1,5,1.0,1.0,1.0,1.0,0.0,18.88888888888889,LOW
2012-02-01,9000.0,8000.0,12000.0,12000.0,8857.142857142857,9714.285714285714,10933.333333333334,377.96447300689107,1898.5245861970525,2012,1,2,2,5,1.0,1.0,1.0,1.0,0.0,18.88888888888889,LOW
2012-02-02,9000.0,9000.0,12000.0,12000.0,9000.0,9500.0,10833.333333333334,0.0,1786.703022974654,2012,2,2,3,5,1.0,1.0,1.0,1.0,0.0,18.88888888888889,LOW
2012-02-03,9000.0,9000.0,12000.0,12000.0,9000.0,9285.714285714286,10733.333333333334,0.0,1637.473261252759,2012,3,2,4,5,1.0,1.0,1.0,1.0,0.0,18.88888888888889,LOW
2012-02-04,9000.0,9000.0,12000.0,12000.0,9000.0,9071.42857142857,10633.333333333334,0.0,1439.24583425752,2012,4,2,5,5,1.0,1.0,1.0,1.0,0.0,18.88888888888889,LOW
2012-02-08,9000.0,9000.0,12000.0,12000.0,9000.0,8857.142857142857,10533.333333333334,0.0,1167.3205911986672,2012,8,2,2,6,1.0,1.0,1.0,1.0,0.0,18.88888888888889,LOW
2012-02-09,9000.0,9000.0,7000.0,12000.0,9000.0,8642.857142857143,10433.333333333334,0.0,744.9463436678428,2012,9,2,3,6,1.0,1.0,1.0,1.0,0.0,18.88888888888889,LOW
2012-02-10,9000.0,9000.0,7000.0,12000.0,9000.0,8785.714285714286,10333.333333333334,0.0,578.9342235210098,2012,10,2,4,6,1.0,1.0,1.0,1.0,0.0,18.88888888888889,LOW
2012-02-13,9000.0,9000.0,8000.0,12000.0,9000.0,8928.57142857143,10233.333333333334,0.0,267.2612419106396,2012,13,2,0,7,1.0,1.0,1.0,1.0,0.0,18.88888888888889,LOW
2012-02-14,9000.0,9000.0,9000.0,12000.0,9000.0,9000.0,10133.333333333334,0.0,0.0,2012,14,2,1,7,1.0,1.0,1.0,1.0,0.0,18.88888888888889,LOW
2012-02-15,9000.0,9000.0,9000.0,12000.0,9000.0,9000.0,10033.333333333334,0.0,0.0,2012,15,2,2,7,1.0,1.0,1.0,1.0,0.0,18.88888888888889,LOW
2012-02-16,9000.0,9000.0,9000.0,12000.0,9000.0,9000.0,9933.333333333334,0.0,0.0,2012,16,2,3,7,1.0,1.0,1.0,1.0,0.0,18.88888888888889,LOW
2012-02-17,9000.0,9000.0,9000.0,12000.0,9000.0,9000.0,9833.333333333334,0.0,0.0,2012,17,2,4,7,1.0,1.0,1.0,1.0,0.0,18.88888888888889,LOW
2012-02-18,9000.0,9000.0,9000.0,12000.0,9000.0,9000.0,9733.333333333334,0.0,0.0,2012,18,2,5,7,1.0,1.0,1.0,1.0,0.0,18.88888888888889,LOW
2012-02-21,9000.0,9000.0,9000.0,12000.0,9000.0,9000.0,9633.333333333334,0.0,0.0,2012,21,2,1,8,1.0,1.0,1.0,1.0,0.0,18.88888888888889,LOW
2012-02-22,9000.0,9000.0,9000.0,12000.0,9000.0,9000.0,9533.333333333334,0.0,0.0,2012,22,2,2,8,1.0,1.0,1.0,1.0,0.0,18.88888888888889,LOW
2012-02-23,9000.0,9000.0,9000.0,12000.0,9000.0,9000.0,9433.333333333334,0.0,0.0,2012,23,2,3,8,1.0,1.0,1.0,1.0,0.0,18.88888888888889,LOW
2012-02-24,9000.0,9000.0,9000.0,12000.0,9000.0,9000.0,9333.333333333334,0.0,0.0,2012,24,2,4,8,1.0,1.0,1.0,1.0,0.0,18.88888888888889,MEDIUM
2012-02-25,9000.0,9000.0,9000.0,12000.0,9000.0,9000.0,9233.333333333334,0.0,0.0,2012,25,2,5,8,1.0,1.0,1.0,1.0,0.0,18.88888888888889,MEDIUM
2012-02-27,9000.0,9000.0,9000.0,12000.0,9000.0,9000.0,9133.333333333334,0.0,0.0,2012,27,2,0,9,1.0,1.0,1.0,1.0,0.0,18.88888888888889,MEDIUM
2012-02-29,9000.0,9000.0,9000.0,12000.0,9000.0,9000.0,9033.333333333334,0.0,0.0,2012,29,2,2,9,1.0,1.0,1.0,1.0,0.0,16.666666666666664,MEDIUM
2012-03-01,9000.0,9000.0,9000.0,12000.0,9000.0,9000.0,8933.333333333334,0.0,0.0,2012,1,3,3,9,1.0,1.0,1.0,1.0,0.0,16.666666666666664,LOW
2012-03-02,9000.0,9000.0,9000.0,7000.0,9000.0,9000.0,8833.333333333334,0.0,0.0,2012,2,3,4,9,1.0,1.0,1.0,1.0,0.0,15.789473684210526,LOW
2012-03-03,9500.0,9000.0,9000.0,7000.0,9071.42857142857,9035.714285714286,8916.666666666666,188.98223649996157,133.63062095266025,2012,3,3,5,9,1.0,1.0,1.0,1.0,0.0,15.789473684210526,LOW
2012-03-05,9500.0,9000.0,9000.0,8000.0,9142.857142857143,9071.42857142857,9000.0,243.97501823353488,181.56825979803065,2012,5,3,0,10,1.0,1.0,1.0,1.0,0.0,15.789473684210526,LOW
2012-03-06,9500.0,9000.0,9000.0,9000.0,9214.285714285714,9107.142857142857,9050.0,267.2612419091441,212.90765681093757,2012,6,3,1,10,1.0,1.0,1.0,1.0,0.0,15.789473684210526,LOW
2012-03-07,9500.0,9000.0,9000.0,9000.0,9285.714285714286,9142.857142857143,9066.666666666666,267.2612419091489,234.4036154672321,2012,7,3,2,10,1.0,1.0,1.0,1.0,0.0,15.789473684210526,LOW
2012-03-08,9500.0,9000.0,9000.0,9000.0,9357.142857142857,9178.57142857143,9083.333333333334,243.97501823355083,248.62257904752587,2012,8,3,3,10,1.0,1.0,1.0,1.0,0.0,15.789473684210526,LOW
2012-03-10,9500.0,9000.0,9000.0,9000.0,9428.57142857143,9214.285714285714,9100.0,188.98223649999585,256.77629550471306,2012,10,3,5,10,1.0,1.0,1.0,1.0,0.0,15.789473684210526,LOW
2012-03-12,9500.0,9500.0,9000.0,9000.0,9500.0,9250.0,9116.666666666666,0.0,259.437260829572,2012,12,3,0,11,1.0,1.0,1.0,1.0,0.0,15.789473684210526,MEDIUM
2012-03-13,9500.0,9500.0,9000.0,9000.0,9500.0,9285.714285714286,9133.333333333334,0.0,256.776295504718,2012,13,3,1,11,1.0,1.0,1.0,1.0,0.0,15.789473684210526,MEDIUM
2012-03-14,9500.0,9500.0,9000.0,9000.0,9500.0,9321.42857142857,9150.0,0.0,248.62257904753616,2012,14,3,2,11,1.0,1.0,1.0,1.0,0.0,15.789473684210526,MEDIUM
2012-03-15,9500.0,9500.0,9000.0,9000.0,9500.0,9357.142857142857,9166.666666666666,0.0,234.40361546724844,2012,15,3,3,11,1.0,1.0,1.0,1.0,0.0,15.789473684210526,MEDIUM
2012-03-16,9500.0,9500.0,9000.0,9000.0,9500.0,9392.857142857143,9183.333333333334,0.0,212.9076568109616,2012,16,3,4,11,1.0,1.0,1.0,1.0,0.0,15.789473684210526,LOW
2012-03-17,9500.0,9500.0,9000.0,9000.0,9500.0,9428.57142857143,9200.0,0.0,181.5682597980659,2012,17,3,5,11,1.0,1.0,1.0,1.0,0.0,20.0,LOW
2012-03-19,10000.0,9500.0,9000.0,9000.0,9571.42857142857,9500.0,9233.333333333334,188.98223650000952,196.1161351358057,2012,19,3,0,12,1.0,1.0,1.0,1.0,0.0,20.0,LOW
2012-03-20,10000.0,9500.0,9500.0,9000.0,9642.857142857143,9571.42857142857,9266.666666666666,243.97501823357203,181.56825979807812,2012,20,3,1,12,1.0,1.0,1.0,1.0,0.0,20.0,LOW
2012-03-21,10000.0,9500.0,9500.0,9000.0,9714.285714285714,9607.142857142857,9300.0,267.26124190917795,212.90765681097756,2012,21,3,2,12,1.0,1.0,1.0,1.0,0.0,20.0,LOW
2012-03-22,10000.0,9500.0,9500.0,9000.0,9785.714285714286,9642.857142857143,9333.333333333334,267.26124190918284,234.4036154672681,2012,22,3,3,12,1.0,1.0,1.0,1.0,0.0,20.0,LOW
2012-03-23,10000.0,9500.0,9500.0,9000.0,9857.142857142857,9678.57142857143,9366.666666666666,243.97501823358795,248.62257904755955,2012,23,3,4,12,1.0,1.0,1.0,1.0,0.0,20.0,LOW
2012-03-24,10000.0,9500.0,9500.0,9000.0,9928.57142857143,9714.285714285714,9400.0,188.98223650004377,256.7762955047454,2012,24,3,5,12,1.0,1.0,1.0,1.0,0.0,20.0,LOW
2012-03-26,10000.0,10000.0,9500.0,9000.0,10000.0,9750.0,9433.333333333334,0.0,259.43726082960376,2012,26,3,0,13,1.0,1.0,1.0,1.0,0.0,20.0,LOW
2012-03-27,10000.0,10000.0,9500.0,9000.0,10000.0,9785.714285714286,9466.666666666666,0.0,256.77629550474984,2012,27,3,1,13,1.0,1.0,1.0,1.0,0.0,20.0,LOW
2012-03-28,10000.0,10000.0,9500.0,9000.0,10000.0,9821.42857142857,9500.0,0.0,248.62257904756876,2012,28,3,2,13,1.0,1.0,1.0,1.0,0.0,20.0,LOW
2012-03-29,10000.0,10000.0,9500.0,9000.0,10000.0,9857.142857142857,9533.333333333334,0.0,234.40361546728278,2012,29,3,3,13,1.0,1.0,1.0,1.0,0.0,20.0,LOW
2012-03-30,10000.0,10000.0,9500.0,9000.0,10000.0,9892.857142857143,9566.666666666666,0.0,212.9076568109991,2012,30,3,4,13,1.0,1.0,1.0,1.0,0.0,20.0,LOW
2012-03-31,10000.0,10000.0,9500.0,9000.0,10000.0,9928.57142857143,9600.0,0.0,181.56825979810947,2012,31,3,5,13,1.0,1.0,1.0,1.0,0.0,20.0,LOW
2012-04-05,10000.0,10000.0,9500.0,9000.0,10000.0,9964.285714285714,9633.333333333334,0.0,133.63062095277638,2012,5,4,3,14,1.0,1.0,1.0,1.0,0.0,20.0,LOW
2012-04-06,10000.0,10000.0,10000.0,9000.0,10000.0,10000.0,9666.666666666666,0.0,0.0,2012,6,4,4,14,1.0,1.0,1.0,1.0,0.0,20.0,LOW
2012-04-07,10000.0,10000.0,10000.0,9000.0,10000.0,10000.0,9700.0,0.0,0.0,2012,7,4,5,14,1.0,1.0,1.0,1.0,0.0,20.0,LOW
2012-04-09,10000.0,10000.0,10000.0,9000.0,10000.0,10000.0,9733.333333333334,0.0,0.0,2012,9,4,0,15,1.0,1.0,1.0,1.0,0.0,20.0,LOW
2012-04-10,10000.0,10000.0,10000.0,9000.0,10000.0,10000.0,9766.666666666666,0.0,0.0,2012,10,4,1,15,1.0,1.0,1.0,1.0,0.0,20.0,LOW
2012-04-11,10000.0,10000.0,10000.0,9500.0,10000.0,10000.0,9800.0,0.0,0.0,2012,11,4,2,15,1.0,1.0,1.0,1.0,0.0,20.0,LOW
2012-04-12,10000.0,10000.0,10000.0,9500.0,10000.0,10000.0,9816.666666666666,0.0,0.0,2012,12,4,3,15,1.0,1.0,1.0,1.0,0.0,20.0,LOW
2012-04-16,10000.0,10000.0,10000.0,9500.0,10000.0,10000.0,9833.333333333334,0.0,0.0,2012,16,4,0,16,1.0,1.0,1.0,1.0,0.0,20.0,LOW
2012-04-17,10000.0,10000.0,10000.0,9500.0,10000.0,10000.0,9850.0,0.0,0.0,2012,17,4,1,16,1.0,1.0,1.0,1.0,0.0,20.0,LOW
2012-04-18,10000.0,10000.0,10000.0,9500.0,10000.0,10000.0,9866.666666666666,0.0,0.0,2012,18,4,2,16,1.0,1.0,1.0,1.0,0.0,20.0,LOW
2012-04-19,10000.0,10000.0,10000.0,9500.0,10000.0,10000.0,9883.333333333334,0.0,0.0,2012,19,4,3,16,1.0,1.0,1.0,1.0,0.0,20.0,LOW
2012-04-20,10000.0,10000.0,10000.0,9500.0,10000.0,10000.0,9900.0,0.0,0.0,2012,20,4,4,16,1.0,1.0,1.0,1.0,0.0,20.0,LOW
2012-04-21,10000.0,10000.0,10000.0,9500.0,10000.0,10000.0,9916.666666666666,0.0,0.0,2012,21,4,5,16,1.0,1.0,1.0,1.0,0.0,20.0,LOW
2012-04-23,10000.0,10000.0,10000.0,9500.0,10000.0,10000.0,9933.333333333334,0.0,0.0,2012,23,4,0,17,1.0,1.0,1.0,1.0,0.0,20.0,LOW
2012-04-24,10000.0,10000.0,10000.0,9500.0,10000.0,10000.0,9950.0,0.0,0.0,2012,24,4,1,17,1.0,1.0,1.0,1.0,0.0,20.0,LOW
2012-04-25,10000.0,10000.0,10000.0,9500.0,10000.0,10000.0,9966.666666666666,0.0,0.0,2012,25,4,2,17,1.0,1.0,1.0,1.0,0.0,10.0,LOW
2012-04-26,10000.0,10000.0,10000.0,9500.0,10000.0,10000.0,9983.333333333334,0.0,0.0,2012,26,4,3,17,1.0,1.0,1.0,1.0,0.0,10.0,LOW
2012-04-27,10000.0,10000.0,10000.0,10000.0,10000.0,10000.0,10000.0,0.0,0.0,2012,27,4,4,17,1.0,1.0,1.0,1.0,0.0,10.0,LOW
2012-04-28,10000.0,10000.0,10000.0,10000.0,10000.0,10000.0,10000.0,0.0,0.0,2012,28,4,5,17,1.0,1.0,1.0,1.0,0.0,10.0,LOW
2012-04-30,10000.0,10000.0,10000.0,10000.0,10000.0,10000.0,10000.0,0.0,0.0,2012,30,4,0,18,1.0,1.0,1.0,1.0,0.0,10.0,LOW
2012-05-02,10000.0,10000.0,10000.0,10000.0,10000.0,10000.0,10000.0,0.0,0.0,2012,2,5,2,18,1.0,1.0,1.0,1.0,0.0,10.0,LOW
2012-05-03,10000.0,10000.0,10000.0,10000.0,10000.0,10000.0,10000.0,0.0,0.0,2012,3,5,3,18,1.0,1.0,1.0,1.0,0.0,10.0,LOW
2012-05-04,10000.0,10000.0,10000.0,10000.0,10000.0,10000.0,10000.0,0.0,0.0,2012,4,5,4,18,1.0,1.0,1.0,1.0,0.0,10.0,LOW
2012-05-05,10000.0,10000.0,10000.0,10000.0,10000.0,10000.0,10000.0,0.0,0.0,2012,5,5,5,18,1.0,1.0,1.0,1.0,0.0,10.0,LOW
2012-05-07,10000.0,10000.0,10000.0,10000.0,10000.0,10000.0,10000.0,0.0,0.0,2012,7,5,0,19,1.0,1.0,1.0,1.0,0.0,10.0,LOW
2012-05-08,10000.0,10000.0,10000.0,10000.0,10000.0,10000.0,10000.0,0.0,0.0,2012,8,5,1,19,1.0,1.0,1.0,1.0,0.0,10.0,LOW
2012-05-09,10000.0,10000.0,10000.0,10000.0,10000.0,10000.0,10000.0,0.0,0.0,2012,9,5,2,19,1.0,1.0,1.0,1.0,0.0,10.0,LOW
2012-05-10,10000.0,10000.0,10000.0,10000.0,10000.0,10000.0,10000.0,0.0,0.0,2012,10,5,3,19,1.0,1.0,1.0,1.0,0.0,10.0,LOW
2012-05-11,10000.0,10000.0,10000.0,10000.0,10000.0,10000.0,10000.0,0.0,0.0,2012,11,5,4,19,1.0,1.0,1.0,1.0,0.0,10.0,LOW
2012-05-12,10000.0,10000.0,10000.0,10000.0,10000.0,10000.0,10000.0,0.0,0.0,2012,12,5,5,19,1.0,1.0,1.0,1.0,0.0,10.0,LOW
2012-05-14,10000.0,10000.0,10000.0,10000.0,10000.0,10000.0,10000.0,0.0,0.0,2012,14,5,0,20,1.0,1.0,1.0,1.0,0.0,10.0,LOW
2012-05-15,10000.0,10000.0,10000.0,10000.0,10000.0,10000.0,10000.0,0.0,0.0,2012,15,5,1,20,1.0,1.0,1.0,1.0,0.0,10.0,LOW
2012-05-16,10000.0,10000.0,10000.0,10000.0,10000.0,10000.0,10000.0,0.0,0.0,2012,16,5,2,20,1.0,1.0,1.0,1.0,0.0,10.0,LOW
2012-05-17,10000.0,10000.0,10000.0,10000.0,10000.0,10000.0,10000.0,0.0,0.0,2012,17,5,3,20,1.0,1.0,1.0,1.0,0.0,10.0,LOW
2012-05-18,10000.0,10000.0,10000.0,10000.0,10000.0,10000.0,10000.0,0.0,0.0,2012,18,5,4,20,1.0,1.0,1.0,1.0,0.0,10.0,LOW
2012-05-19,10000.0,10000.0,10000.0,10000.0,10000.0,10000.0,10000.0,0.0,0.0,2012,19,5,5,20,1.0,1.0,1.0,1.0,0.0,10.0,LOW
2012-05-21,10000.0,10000.0,10000.0,10000.0,10000.0,10000.0,10000.0,0.0,0.0,2012,21,5,0,21,1.0,1.0,1.0,1.0,0.0,10.0,LOW
2012-05-22,10000.0,10000.0,10000.0,10000.0,10000.0,10000.0,10000.0,0.0,0.0,2012,22,5,1,21,1.0,1.0,1.0,1.0,0.0,10.0,LOW
2012-05-23,10000.0,10000.0,10000.0,10000.0,10000.0,10000.0,10000.0,0.0,0.0,2012,23,5,2,21,1.0,1.0,1.0,1.0,0.0,10.0,LOW
2012-05-25,10000.0,10000.0,10000.0,10000.0,10000.0,10000.0,10000.0,0.0,0.0,2012,25,5,4,21,1.0,1.0,1.0,1.0,0.0,10.0,LOW
2012-05-26,10000.0,10000.0,10000.0,10000.0,10000.0,10000.0,10000.0,0.0,0.0,2012,26,5,5,21,1.0,1.0,1.0,1.0,0.0,10.0,LOW
2012-05-28,10000.0,10000.0,10000.0,10000.0,10000.0,10000.0,10000.0,0.0,0.0,2012,28,5,0,22,1.0,1.0,1.0,1.0,0.0,10.0,LOW
2012-05-29,10000.0,10000.0,10000.0,10000.0,10000.0,10000.0,10000.0,0.0,0.0,2012,29,5,1,22,1.0,1.0,1.0,1.0,0.0,10.0,LOW
2012-05-30,10000.0,10000.0,10000.0,10000.0,10000.0,10000.0,10000.0,0.0,0.0,2012,30,5,2,22,1.0,1.0,1.0,1.0,0.0,10.0,LOW
2012-05-31,10000.0,10000.0,10000.0,10000.0,10000.0,10000.0,10000.0,0.0,0.0,2012,31,5,3,22,1.0,1.0,1.0,1.0,0.0,10.0,LOW
2012-06-01,10000.0,10000.0,10000.0,10000.0,10000.0,10000.0,10000.0,0.0,0.0,2012,1,6,4,22,1.0,1.0,1.0,1.0,0.0,10.0,LOW
2012-06-02,10000.0,10000.0,10000.0,10000.0,10000.0,10000.0,10000.0,0.0,0.0,2012,2,6,5,22,1.0,1.0,1.0,1.0,0.0,10.0,LOW
2012-06-04,10000.0,10000.0,10000.0,10000.0,10000.0,10000.0,10000.0,0.0,0.0,2012,4,6,0,23,1.0,1.0,1.0,1.0,0.0,10.0,LOW
2012-06-05,10000.0,10000.0,10000.0,10000.0,10000.0,10000.0,10000.0,0.0,0.0,2012,5,6,1,23,1.0,1.0,1.0,1.0,0.0,10.0,LOW
2012-06-06,10000.0,10000.0,10000.0,10000.0,10000.0,10000.0,10000.0,0.0,0.0,2012,6,6,2,23,1.0,1.0,1.0,1.0,0.0,10.0,LOW
2012-06-07,10000.0,10000.0,10000.0,10000.0,10000.0,10000.0,10000.0,0.0,0.0,2012,7,6,3,23,1.0,1.0,1.0,1.0,0.0,10.0,LOW
2012-06-08,10000.0,10000.0,10000.0,10000.0,10000.0,10000.0,10000.0,0.0,0.0,2012,8,6,4,23,1.0,1.0,1.0,1.0,0.0,10.0,LOW
2012-06-09,10000.0,10000.0,10000.0,10000.0,10000.0,10000.0,10000.0,0.0,0.0,2012,9,6,5,23,1.0,1.0,1.0,1.0,0.0,10.0,LOW
2012-06-11,10000.0,10000.0,10000.0,10000.0,10000.0,10000.0,10000.0,0.0,0.0,2012,11,6,0,24,1.0,1.0,1.0,1.0,0.0,10.0,LOW
2012-06-12,10000.0,10000.0,10000.0,10000.0,10000.0,10000.0,10000.0,0.0,0.0,2012,12,6,1,24,1.0,1.0,1.0,1.0,0.0,10.0,LOW
2012-06-13,10000.0,10000.0,10000.0,10000.0,10000.0,10000.0,10000.0,0.0,0.0,2012,13,6,2,24,1.0,1.0,1.0,1.0,0.0,10.0,HIGH
2012-06-14,10000.0,10000.0,10000.0,10000.0,10000.0,10000.0,10000.0,0.0,0.0,2012,14,6,3,24,1.0,1.0,1.0,1.0,0.0,10.0,HIGH
2012-06-15,10000.0,10000.0,10000.0,10000.0,10000.0,10000.0,10000.0,0.0,0.0,2012,15,6,4,24,1.0,1.0,1.0,1.0,0.0,10.0,HIGH
2012-06-16,10000.0,10000.0,10000.0,10000.0,10000.0,10000.0,10000.0,0.0,0.0,2012,16,6,5,24,1.0,1.0,1.0,1.0,0.0,10.0,HIGH
2012-06-18,10000.0,10000.0,10000.0,10000.0,10000.0,10000.0,10000.0,0.0,0.0,2012,18,6,0,25,1.0,1.0,1.0,1.0,0.0,10.0,LOW
2012-06-19,10000.0,10000.0,10000.0,10000.0,10000.0,10000.0,10000.0,0.0,0.0,2012,19,6,1,25,1.0,1.0,1.0,1.0,0.0,26.08695652173913,LOW
2012-06-20,11500.0,10000.0,10000.0,10000.0,10214.285714285714,10107.142857142857,10050.0,566.9467095123266,400.8918628674952,2012,20,6,2,25,1.0,1.0,1.0,1.0,0.0,26.08695652173913,LOW
2012-06-21,11500.0,10000.0,10000.0,10000.0,10428.57142857143,10214.285714285714,10100.0,731.9250547102323,544.7047794010839,2012,21,6,3,25,1.0,1.0,1.0,1.0,0.0,26.08695652173913,LOW
2012-06-22,11500.0,10000.0,10000.0,10000.0,10642.857142857143,10321.42857142857,10150.0,801.7837257362122,638.7229704387664,2012,22,6,4,25,1.0,1.0,1.0,1.0,0.0,26.08695652173913,LOW
2012-06-23,11500.0,10000.0,10000.0,10000.0,10857.142857142857,10428.57142857143,10200.0,801.783725736217,703.2108464070958,2012,23,6,5,25,1.0,1.0,1.0,1.0,0.0,26.08695652173913,LOW
2012-06-25,11500.0,10000.0,10000.0,10000.0,11071.42857142857,10535.714285714286,10250.0,731.9250547102482,745.8677371476606,2012,25,6,0,26,1.0,1.0,1.0,1.0,0.0,26.08695652173913,LOW
2012-06-26,11500.0,10000.0,10000.0,10000.0,11285.714285714286,10642.857142857143,10300.0,566.9467095123608,770.3288865190533,2012,26,6,1,26,1.0,1.0,1.0,1.0,0.0,26.08695652173913,LOW
2012-06-27,11500.0,11500.0,10000.0,10000.0,11500.0,10750.0,10350.0,0.0,778.3117824935723,2012,27,6,2,26,1.0,1.0,1.0,1.0,0.0,26.08695652173913,LOW
2012-06-28,11500.0,11500.0,10000.0,10000.0,11500.0,10857.142857142857,10400.0,0.0,770.3288865190532,2012,28,6,3,26,1.0,1.0,1.0,1.0,0.0,26.08695652173913,LOW
2012-06-29,11500.0,11500.0,10000.0,10000.0,11500.0,10964.285714285714,10450.0,0.0,745.8677371476606,2012,29,6,4,26,1.0,1.0,1.0,1.0,0.0,26.08695652173913,LOW
2012-06-30,11500.0,11500.0,10000.0,10000.0,11500.0,11071.42857142857,10500.0,0.0,703.2108464070957,2012,30,6,5,26,1.0,1.0,1.0,1.0,0.0,26.08695652173913,LOW
2012-07-02,11500.0,11500.0,10000.0,10000.0,11500.0,11178.57142857143,10550.0,0.0,638.7229704387664,2012,2,7,0,27,1.0,1.0,1.0,1.0,0.0,26.08695652173913,LOW
2012-07-03,11500.0,11500.0,10000.0,10000.0,11500.0,11285.714285714286,10600.0,0.0,544.7047794010839,2012,3,7,1,27,1.0,1.0,1.0,1.0,0.0,26.08695652173913,LOW
2012-07-04,11500.0,11500.0,10000.0,10000.0,11500.0,11392.857142857143,10650.0,0.0,400.8918628674951,2012,4,7,2,27,1.0,1.0,1.0,1.0,0.0,26.08695652173913,LOW
2012-07-05,11500.0,11500.0,11500.0,10000.0,11500.0,11500.0,10700.0,0.0,0.0,2012,5,7,3,27,1.0,1.0,1.0,1.0,0.0,26.08695652173913,LOW
2012-07-06,11500.0,11500.0,11500.0,10000.0,11500.0,11500.0,10750.0,0.0,0.0,2012,6,7,4,27,1.0,1.0,1.0,1.0,0.0,26.08695652173913,LOW
2012-07-07,11500.0,11500.0,11500.0,10000.0,11500.0,11500.0,10800.0,0.0,0.0,2012,7,7,5,27,1.0,1.0,1.0,1.0,0.0,26.08695652173913,LOW
2012-07-09,11500.0,11500.0,11500.0,10000.0,11500.0,11500.0,10850.0,0.0,0.0,2012,9,7,0,28,1.0,1.0,1.0,1.0,0.0,26.08695652173913,LOW
2012-07-10,11500.0,11500.0,11500.0,10000.0,11500.0,11500.0,10900.0,0.0,0.0,2012,10,7,1,28,1.0,1.0,1.0,1.0,0.0,26.08695652173913,LOW
2012-07-11,11500.0,11500.0,11500.0,10000.0,11500.0,11500.0,10950.0,0.0,0.0,2012,11,7,2,28,1.0,1.0,1.0,1.0,0.0,26.08695652173913,LOW
2012-07-12,11500.0,11500.0,11500.0,10000.0,11500.0,11500.0,11000.0,0.0,0.0,2012,12,7,3,28,1.0,1.0,1.0,1.0,0.0,21.73913043478261,LOW
2012-07-13,11500.0,11500.0,11500.0,10000.0,11500.0,11500.0,11050.0,0.0,0.0,2012,13,7,4,28,1.0,1.0,1.0,1.0,0.0,21.73913043478261,LOW
2012-07-14,11500.0,11500.0,11500.0,10000.0,11500.0,11500.0,11100.0,0.0,0.0,2012,14,7,5,28,1.0,1.0,1.0,1.0,0.0,21.73913043478261,LOW
2012-07-16,11500.0,11500.0,11500.0,10000.0,11500.0,11500.0,11150.0,0.0,0.0,2012,16,7,0,29,1.0,1.0,1.0,1.0,0.0,21.73913043478261,LOW
2012-07-17,11500.0,11500.0,11500.0,10000.0,11500.0,11500.0,11200.0,0.0,0.0,2012,17,7,1,29,1.0,1.0,1.0,1.0,0.0,21.73913043478261,LOW
2012-07-18,11500.0,11500.0,11500.0,10000.0,11500.0,11500.0,11250.0,0.0,0.0,2012,18,7,2,29,1.0,1.0,1.0,1.0,0.0,21.73913043478261,LOW
2012-07-19,11500.0,11500.0,11500.0,10000.0,11500.0,11500.0,11300.0,0.0,0.0,2012,19,7,3,29,1.0,1.0,1.0,1.0,0.0,21.73913043478261,LOW
2012-07-20,11500.0,11500.0,11500.0,10000.0,11500.0,11500.0,11350.0,0.0,0.0,2012,20,7,4,29,1.0,1.0,1.0,1.0,0.0,21.73913043478261,LOW
2012-07-21,11500.0,11500.0,11500.0,10000.0,11500.0,11500.0,11400.0,0.0,0.0,2012,21,7,5,29,1.0,1.0,1.0,1.0,0.0,21.73913043478261,LOW
2012-07-23,11500.0,11500.0,11500.0,10000.0,11500.0,11500.0,11450.0,0.0,0.0,2012,23,7,0,30,1.0,1.0,1.0,1.0,0.0,21.73913043478261,LOW
2012-07-24,11500.0,11500.0,11500.0,11500.0,11500.0,11500.0,11500.0,0.0,0.0,2012,24,7,1,30,1.0,1.0,1.0,1.0,0.0,21.73913043478261,LOW
2012-07-25,11500.0,11500.0,11500.0,11500.0,11500.0,11500.0,11500.0,0.0,0.0,2012,25,7,2,30,1.0,1.0,1.0,1.0,0.0,21.73913043478261,LOW
2012-07-26,11500.0,11500.0,11500.0,11500.0,11500.0,11500.0,11500.0,0.0,0.0,2012,26,7,3,30,1.0,1.0,1.0,1.0,0.0,21.73913043478261,LOW
2012-07-27,11500.0,11500.0,11500.0,11500.0,11500.0,11500.0,11500.0,0.0,0.0,2012,27,7,4,30,1.0,1.0,1.0,1.0,0.0,21.73913043478261,LOW
2012-07-28,11500.0,11500.0,11500.0,11500.0,11500.0,11500.0,11500.0,0.0,0.0,2012,28,7,5,30,1.0,1.0,1.0,1.0,0.0,21.73913043478261,LOW
2012-07-30,11500.0,11500.0,11500.0,11500.0,11500.0,11500.0,11500.0,0.0,0.0,2012,30,7,0,31,1.0,1.0,1.0,1.0,0.0,21.73913043478261,LOW
2012-07-31,11500.0,11500.0,11500.0,11500.0,11500.0,11500.0,11500.0,0.0,0.0,2012,31,7,1,31,1.0,1.0,1.0,1.0,0.0,21.73913043478261,LOW
2012-08-01,11500.0,11500.0,11500.0,11500.0,11500.0,11500.0,11500.0,0.0,0.0,2012,1,8,2,31,1.0,1.0,1.0,1.0,0.0,21.73913043478261,LOW
2012-08-03,11500.0,11500.0,11500.0,11500.0,11500.0,11500.0,11500.0,0.0,0.0,2012,3,8,4,31,1.0,1.0,1.0,1.0,0.0,21.73913043478261,LOW
2012-08-04,11500.0,11500.0,11500.0,11500.0,11500.0,11500.0,11500.0,0.0,0.0,2012,4,8,5,31,1.0,1.0,1.0,1.0,0.0,21.73913043478261,LOW
2012-08-06,11500.0,11500.0,11500.0,11500.0,11500.0,11500.0,11500.0,0.0,0.0,2012,6,8,0,32,1.0,1.0,1.0,1.0,0.0,21.73913043478261,LOW
2012-08-07,11500.0,11500.0,11500.0,11500.0,11500.0,11500.0,11500.0,0.0,0.0,2012,7,8,1,32,1.0,1.0,1.0,1.0,0.0,21.73913043478261,LOW
2012-08-08,11500.0,11500.0,11500.0,11500.0,11500.0,11500.0,11500.0,0.0,0.0,2012,8,8,2,32,1.0,1.0,1.0,1.0,0.0,21.73913043478261,LOW
2012-08-09,11500.0,11500.0,11500.0,11500.0,11500.0,11500.0,11500.0,0.0,0.0,2012,9,8,3,32,1.0,1.0,1.0,1.0,0.0,21.73913043478261,LOW
2012-08-10,11500.0,11500.0,11500.0,11500.0,11500.0,11500.0,11500.0,0.0,0.0,2012,10,8,4,32,1.0,1.0,1.0,1.0,0.0,21.73913043478261,LOW
2012-08-11,11500.0,11500.0,11500.0,11500.0,11500.0,11500.0,11500.0,0.0,0.0,2012,11,8,5,32,1.0,1.0,1.0,1.0,0.0,21.73913043478261,LOW
2012-08-13,11500.0,11500.0,11500.0,11500.0,11500.0,11500.0,11500.0,0.0,0.0,2012,13,8,0,33,1.0,1.0,1.0,1.0,0.0,21.73913043478261,LOW
2012-08-14,11500.0,11500.0,11500.0,11500.0,11500.0,11500.0,11500.0,0.0,0.0,2012,14,8,1,33,1.0,1.0,1.0,1.0,0.0,21.73913043478261,LOW
2012-08-15,11500.0,11500.0,11500.0,11500.0,11500.0,11500.0,11500.0,0.0,0.0,2012,15,8,2,33,1.0,1.0,1.0,1.0,0.0,21.73913043478261,LOW
2012-08-16,11500.0,11500.0,11500.0,11500.0,11500.0,11500.0,11500.0,0.0,0.0,2012,16,8,3,33,1.0,1.0,1.0,1.0,0.0,21.73913043478261,LOW
2012-08-17,11500.0,11500.0,11500.0,11500.0,11500.0,11500.0,11500.0,0.0,0.0,2012,17,8,4,33,1.0,1.0,1.0,1.0,0.0,21.73913043478261,LOW
2012-08-18,11500.0,11500.0,11500.0,11500.0,11500.0,11500.0,11500.0,0.0,0.0,2012,18,8,5,33,1.0,1.0,1.0,1.0,0.0,13.043478260869565,LOW
2012-08-21,11500.0,11500.0,11500.0,11500.0,11500.0,11500.0,11500.0,0.0,0.0,2012,21,8,1,34,1.0,1.0,1.0,1.0,0.0,13.043478260869565,LOW
2012-08-23,11500.0,11500.0,11500.0,11500.0,11500.0,11500.0,11500.0,0.0,0.0,2012,23,8,3,34,1.0,1.0,1.0,1.0,0.0,13.043478260869565,LOW
2012-08-24,11500.0,11500.0,11500.0,11500.0,11500.0,11500.0,11500.0,0.0,0.0,2012,24,8,4,34,1.0,1.0,1.0,1.0,0.0,13.043478260869565,LOW
2012-08-25,11500.0,11500.0,11500.0,11500.0,11500.0,11500.0,11500.0,0.0,0.0,2012,25,8,5,34,1.0,1.0,1.0,1.0,0.0,13.043478260869565,LOW
2012-08-27,11500.0,11500.0,11500.0,11500.0,11500.0,11500.0,11500.0,0.0,0.0,2012,27,8,0,35,1.0,1.0,1.0,1.0,0.0,13.043478260869565,LOW
2012-08-28,11500.0,11500.0,11500.0,11500.0,11500.0,11500.0,11500.0,0.0,0.0,2012,28,8,1,35,1.0,1.0,1.0,1.0,0.0,13.043478260869565,LOW
2012-08-31,11500.0,11500.0,11500.0,11500.0,11500.0,11500.0,11500.0,0.0,0.0,2012,31,8,4,35,1.0,1.0,1.0,1.0,0.0,13.043478260869565,LOW
2012-09-01,11500.0,11500.0,11500.0,11500.0,11500.0,11500.0,11500.0,0.0,0.0,2012,1,9,5,35,1.0,1.0,1.0,1.0,0.0,13.043478260869565,LOW
2012-09-03,11500.0,11500.0,11500.0,11500.0,11500.0,11500.0,11500.0,0.0,0.0,2012,3,9,0,36,1.0,1.0,1.0,1.0,0.0,13.043478260869565,LOW
2012-09-04,11500.0,11500.0,11500.0,11500.0,11500.0,11500.0,11500.0,0.0,0.0,2012,4,9,1,36,1.0,1.0,1.0,1.0,0.0,4.3478260869565215,LOW
2012-09-05,11500.0,11500.0,11500.0,11500.0,11500.0,11500.0,11500.0,0.0,0.0,2012,5,9,2,36,1.0,1.0,1.0,1.0,0.0,4.3478260869565215,LOW
2012-09-06,11500.0,11500.0,11500.0,11500.0,11500.0,11500.0,11500.0,0.0,0.0,2012,6,9,3,36,1.0,1.0,1.0,1.0,0.0,4.3478260869565215,LOW
2012-09-07,11500.0,11500.0,11500.0,11500.0,11500.0,11500.0,11500.0,0.0,0.0,2012,7,9,4,36,1.0,1.0,1.0,1.0,0.0,4.3478260869565215,LOW
2012-09-08,11500.0,11500.0,11500.0,11500.0,11500.0,11500.0,11500.0,0.0,0.0,2012,8,9,5,36,1.0,1.0,1.0,1.0,0.0,4.3478260869565215,LOW
2012-09-10,11500.0,11500.0,11500.0,11500.0,11500.0,11500.0,11500.0,0.0,0.0,2012,10,9,0,37,1.0,1.0,1.0,1.0,0.0,4.3478260869565215,LOW
2012-09-11,11500.0,11500.0,11500.0,11500.0,11500.0,11500.0,11500.0,0.0,0.0,2012,11,9,1,37,1.0,1.0,1.0,1.0,0.0,4.3478260869565215,LOW
2012-09-12,11500.0,11500.0,11500.0,11500.0,11500.0,11500.0,11500.0,0.0,0.0,2012,12,9,2,37,1.0,1.0,1.0,1.0,0.0,4.3478260869565215,LOW
2012-09-13,11500.0,11500.0,11500.0,11500.0,11500.0,11500.0,11500.0,0.0,0.0,2012,13,9,3,37,1.0,1.0,1.0,1.0,0.0,4.3478260869565215,LOW
2012-09-14,11500.0,11500.0,11500.0,11500.0,11500.0,11500.0,11500.0,0.0,0.0,2012,14,9,4,37,1.0,1.0,1.0,1.0,0.0,4.3478260869565215,LOW
2012-09-17,11500.0,11500.0,11500.0,11500.0,11500.0,11500.0,11500.0,0.0,0.0,2012,17,9,0,38,1.0,1.0,1.0,1.0,0.0,4.3478260869565215,LOW
2012-09-18,11500.0,11500.0,11500.0,11500.0,11500.0,11500.0,11500.0,0.0,0.0,2012,18,9,1,38,1.0,1.0,1.0,1.0,0.0,4.3478260869565215,LOW
2012-09-19,11500.0,11500.0,11500.0,11500.0,11500.0,11500.0,11500.0,0.0,0.0,2012,19,9,2,38,1.0,1.0,1.0,1.0,0.0,4.3478260869565215,LOW
2012-09-20,11500.0,11500.0,11500.0,11500.0,11500.0,11500.0,11500.0,0.0,0.0,2012,20,9,3,38,1.0,1.0,1.0,1.0,0.0,4.3478260869565215,LOW
2012-09-21,11500.0,11500.0,11500.0,11500.0,11500.0,11500.0,11500.0,0.0,0.0,2012,21,9,4,38,1.0,1.0,1.0,1.0,0.0,4.3478260869565215,LOW
2012-09-22,11500.0,11500.0,11500.0,11500.0,11500.0,11500.0,11500.0,0.0,0.0,2012,22,9,5,38,1.0,1.0,1.0,1.0,0.0,4.3478260869565215,LOW
2012-09-24,11500.0,11500.0,11500.0,11500.0,11500.0,11500.0,11500.0,0.0,0.0,2012,24,9,0,39,1.0,1.0,1.0,1.0,0.0,4.3478260869565215,LOW
2012-09-25,11500.0,11500.0,11500.0,11500.0,11500.0,11500.0,11500.0,0.0,0.0,2012,25,9,1,39,1.0,1.0,1.0,1.0,0.0,4.3478260869565215,LOW
2012-09-26,11500.0,11500.0,11500.0,11500.0,11500.0,11500.0,11500.0,0.0,0.0,2012,26,9,2,39,1.0,1.0,1.0,1.0,0.0,4.3478260869565215,LOW
2012-09-27,11500.0,11500.0,11500.0,11500.0,11500.0,11500.0,11500.0,0.0,0.0,2012,27,9,3,39,1.0,1.0,1.0,1.0,0.0,4.3478260869565215,LOW
2012-09-28,11500.0,11500.0,11500.0,11500.0,11500.0,11500.0,11500.0,0.0,0.0,2012,28,9,4,39,1.0,1.0,1.0,1.0,0.0,4.3478260869565215,LOW
2012-09-29,11500.0,11500.0,11500.0,11500.0,11500.0,11500.0,11500.0,0.0,0.0,2012,29,9,5,39,1.0,1.0,1.0,1.0,0.0,4.3478260869565215,LOW
2012-10-01,11500.0,11500.0,11500.0,11500.0,11500.0,11500.0,11500.0,0.0,0.0,2012,1,10,0,40,1.0,1.0,1.0,1.0,0.0,4.3478260869565215,LOW
2012-10-02,11500.0,11500.0,11500.0,11500.0,11500.0,11500.0,11500.0,0.0,0.0,2012,2,10,1,40,1.0,1.0,1.0,1.0,0.0,4.3478260869565215,LOW
2012-10-04,11500.0,11500.0,11500.0,11500.0,11500.0,11500.0,11500.0,0.0,0.0,2012,4,10,3,40,1.0,1.0,1.0,1.0,0.0,4.3478260869565215,LOW
2012-10-05,11500.0,11500.0,11500.0,11500.0,11500.0,11500.0,11500.0,0.0,0.0,2012,5,10,4,40,1.0,1.0,1.0,1.0,0.0,4.3478260869565215,LOW
2012-10-06,11500.0,11500.0,11500.0,11500.0,11500.0,11500.0,11500.0,0.0,0.0,2012,6,10,5,40,1.0,1.0,1.0,1.0,0.0,4.3478260869565215,LOW
2012-10-08,11500.0,11500.0,11500.0,11500.0,11500.0,11500.0,11500.0,0.0,0.0,2012,8,10,0,41,1.0,1.0,1.0,1.0,0.0,4.3478260869565215,LOW
2012-10-09,11500.0,11500.0,11500.0,11500.0,11500.0,11500.0,11500.0,0.0,0.0,2012,9,10,1,41,1.0,1.0,1.0,1.0,0.0,4.3478260869565215,LOW
2012-10-10,11500.0,11500.0,11500.0,11500.0,11500.0,11500.0,11500.0,0.0,0.0,2012,10,10,2,41,1.0,1.0,1.0,1.0,0.0,4.3478260869565215,LOW
2012-10-11,11500.0,11500.0,11500.0,11500.0,11500.0,11500.0,11500.0,0.0,0.0,2012,11,10,3,41,1.0,1.0,1.0,1.0,0.0,4.3478260869565215,LOW
2012-10-12,11500.0,11500.0,11500.0,11500.0,11500.0,11500.0,11500.0,0.0,0.0,2012,12,10,4,41,1.0,1.0,1.0,1.0,0.0,4.3478260869565215,LOW
2012-10-13,11500.0,11500.0,11500.0,11500.0,11500.0,11500.0,11500.0,0.0,0.0,2012,13,10,5,41,1.0,1.0,1.0,1.0,0.0,4.3478260869565215,LOW
2012-10-15,11500.0,11500.0,11500.0,11500.0,11500.0,11500.0,11500.0,0.0,0.0,2012,15,10,0,42,1.0,1.0,1.0,1.0,0.0,4.3478260869565215,LOW
2012-10-16,11500.0,11500.0,11500.0,11500.0,11500.0,11500.0,11500.0,0.0,0.0,2012,16,10,1,42,1.0,1.0,1.0,1.0,0.0,4.3478260869565215,LOW
2012-10-17,11500.0,11500.0,11500.0,11500.0,11500.0,11500.0,11500.0,0.0,0.0,2012,17,10,2,42,1.0,1.0,1.0,1.0,0.0,4.3478260869565215,LOW
2012-10-18,11500.0,11500.0,11500.0,11500.0,11500.0,11500.0,11500.0,0.0,0.0,2012,18,10,3,42,1.0,1.0,1.0,1.0,0.0,4.3478260869565215,LOW
2012-10-19,11500.0,11500.0,11500.0,11500.0,11500.0,11500.0,11500.0,0.0,0.0,2012,19,10,4,42,1.0,1.0,1.0,1.0,0.0,4.3478260869565215,LOW
2012-10-20,11500.0,11500.0,11500.0,11500.0,11500.0,11500.0,11500.0,0.0,0.0,2012,20,10,5,42,1.0,1.0,1.0,1.0,0.0,4.3478260869565215,LOW
2012-10-22,11500.0,11500.0,11500.0,11500.0,11500.0,11500.0,11500.0,0.0,0.0,2012,22,10,0,43,1.0,1.0,1.0,1.0,0.0,4.3478260869565215,LOW
2012-10-23,11500.0,11500.0,11500.0,11500.0,11500.0,11500.0,11500.0,0.0,0.0,2012,23,10,1,43,1.0,1.0,1.0,1.0,0.0,4.3478260869565215,LOW
2012-10-24,11500.0,11500.0,11500.0,11500.0,11500.0,11500.0,11500.0,0.0,0.0,2012,24,10,2,43,1.0,1.0,1.0,1.0,0.0,4.3478260869565215,LOW
2012-10-25,11500.0,11500.0,11500.0,11500.0,11500.0,11500.0,11500.0,0.0,0.0,2012,25,10,3,43,1.0,1.0,1.0,1.0,0.0,4.3478260869565215,LOW
2012-10-27,11500.0,11500.0,11500.0,11500.0,11500.0,11500.0,11500.0,0.0,0.0,2012,27,10,5,43,1.0,1.0,1.0,1.0,0.0,4.3478260869565215,LOW
2012-10-29,11500.0,11500.0,11500.0,11500.0,11500.0,11500.0,11500.0,0.0,0.0,2012,29,10,0,44,1.0,1.0,1.0,1.0,0.0,4.3478260869565215,LOW
2012-10-30,11500.0,11500.0,11500.0,11500.0,11500.0,11500.0,11500.0,0.0,0.0,2012,30,10,1,44,1.0,1.0,1.0,1.0,0.0,4.3478260869565215,LOW
2012-10-31,11500.0,11500.0,11500.0,11500.0,11500.0,11500.0,11500.0,0.0,0.0,2012,31,10,2,44,1.0,1.0,1.0,1.0,0.0,4.3478260869565215,LOW
2012-11-01,11500.0,11500.0,11500.0,11500.0,11500.0,11500.0,11500.0,0.0,0.0,2012,1,11,3,44,1.0,1.0,1.0,1.0,0.0,4.3478260869565215,LOW
2012-11-02,11500.0,11500.0,11500.0,11500.0,11500.0,11500.0,11500.0,0.0,0.0,2012,2,11,4,44,1.0,1.0,1.0,1.0,0.0,4.3478260869565215,LOW
2012-11-03,11500.0,11500.0,11500.0,11500.0,11500.0,11500.0,11500.0,0.0,0.0,2012,3,11,5,44,1.0,1.0,1.0,1.0,0.0,4.3478260869565215,LOW
2012-11-05,11500.0,11500.0,11500.0,11500.0,11500.0,11500.0,11500.0,0.0,0.0,2012,5,11,0,45,1.0,1.0,1.0,1.0,0.0,4.3478260869565215,LOW
2012-11-06,11500.0,11500.0,11500.0,11500.0,11500.0,11500.0,11500.0,0.0,0.0,2012,6,11,1,45,1.0,1.0,1.0,1.0,0.0,4.3478260869565215,LOW
2012-11-07,11500.0,11500.0,11500.0,11500.0,11500.0,11500.0,11500.0,0.0,0.0,2012,7,11,2,45,1.0,1.0,1.0,1.0,0.0,4.3478260869565215,LOW
2012-11-08,11500.0,11500.0,11500.0,11500.0,11500.0,11500.0,11500.0,0.0,0.0,2012,8,11,3,45,1.0,1.0,1.0,1.0,0.0,4.3478260869565215,LOW
2012-11-09,11500.0,11500.0,11500.0,11500.0,11500.0,11500.0,11500.0,0.0,0.0,2012,9,11,4,45,1.0,1.0,1.0,1.0,0.0,4.3478260869565215,LOW
2012-11-10,11500.0,11500.0,11500.0,11500.0,11500.0,11500.0,11500.0,0.0,0.0,2012,10,11,5,45,1.0,1.0,1.0,1.0,0.0,4.3478260869565215,LOW
2012-11-12,11500.0,11500.0,11500.0,11500.0,11500.0,11500.0,11500.0,0.0,0.0,2012,12,11,0,46,1.0,1.0,1.0,1.0,0.0,4.3478260869565215,LOW
2012-11-13,11500.0,11500.0,11500.0,11500.0,11500.0,11500.0,11500.0,0.0,0.0,2012,13,11,1,46,1.0,1.0,1.0,1.0,0.0,4.3478260869565215,LOW
2012-11-14,11500.0,11500.0,11500.0,11500.0,11500.0,11500.0,11500.0,0.0,0.0,2012,14,11,2,46,1.0,1.0,1.0,1.0,0.0,4.3478260869565215,LOW
2012-11-15,11500.0,11500.0,11500.0,11500.0,11500.0,11500.0,11500.0,0.0,0.0,2012,15,11,3,46,1.0,1.0,1.0,1.0,0.0,4.3478260869565215,LOW
2012-11-16,11500.0,11500.0,11500.0,11500.0,11500.0,11500.0,11500.0,0.0,0.0,2012,16,11,4,46,1.0,1.0,1.0,1.0,0.0,4.3478260869565215,LOW
2012-11-17,11500.0,11500.0,11500.0,11500.0,11500.0,11500.0,11500.0,0.0,0.0,2012,17,11,5,46,1.0,1.0,1.0,1.0,0.0,4.3478260869565215,LOW
2012-11-19,11500.0,11500.0,11500.0,11500.0,11500.0,11500.0,11500.0,0.0,0.0,2012,19,11,0,47,1.0,1.0,1.0,1.0,0.0,4.3478260869565215,LOW
2012-11-20,11500.0,11500.0,11500.0,11500.0,11500.0,11500.0,11500.0,0.0,0.0,2012,20,11,1,47,1.0,1.0,1.0,1.0,0.0,4.3478260869565215,LOW
2012-11-21,11500.0,11500.0,11500.0,11500.0,11500.0,11500.0,11500.0,0.0,0.0,2012,21,11,2,47,1.0,1.0,1.0,1.0,0.0,4.3478260869565215,LOW
2012-11-22,11500.0,11500.0,11500.0,11500.0,11500.0,11500.0,11500.0,0.0,0.0,2012,22,11,3,47,1.0,1.0,1.0,1.0,0.0,4.3478260869565215,LOW
2012-11-23,11500.0,11500.0,11500.0,11500.0,11500.0,11500.0,11500.0,0.0,0.0,2012,23,11,4,47,1.0,1.0,1.0,1.0,0.0,4.3478260869565215,LOW
2012-11-24,11500.0,11500.0,11500.0,11500.0,11500.0,11500.0,11500.0,0.0,0.0,2012,24,11,5,47,1.0,1.0,1.0,1.0,0.0,4.3478260869565215,LOW
2012-11-26,11500.0,11500.0,11500.0,11500.0,11500.0,11500.0,11500.0,0.0,0.0,2012,26,11,0,48,1.0,1.0,1.0,1.0,0.0,4.3478260869565215,LOW
2012-11-27,11500.0,11500.0,11500.0,11500.0,11500.0,11500.0,11500.0,0.0,0.0,2012,27,11,1,48,1.0,1.0,1.0,1.0,0.0,4.3478260869565215,LOW
2012-11-28,11500.0,11500.0,11500.0,11500.0,11500.0,11500.0,11500.0,0.0,0.0,2012,28,11,2,48,1.0,1.0,1.0,1.0,0.0,4.3478260869565215,LOW
2012-11-29,11500.0,11500.0,11500.0,11500.0,11500.0,11500.0,11500.0,0.0,0.0,2012,29,11,3,48,1.0,1.0,1.0,1.0,0.0,4.3478260869565215,LOW
2012-11-30,11500.0,11500.0,11500.0,11500.0,11500.0,11500.0,11500.0,0.0,0.0,2012,30,11,4,48,1.0,1.0,1.0,1.0,0.0,4.3478260869565215,LOW
2012-12-01,11500.0,11500.0,11500.0,11500.0,11500.0,11500.0,11500.0,0.0,0.0,2012,1,12,5,48,1.0,1.0,1.0,1.0,0.0,4.3478260869565215,LOW
2012-12-03,11500.0,11500.0,11500.0,11500.0,11500.0,11500.0,11500.0,0.0,0.0,2012,3,12,0,49,1.0,1.0,1.0,1.0,0.0,4.3478260869565215,LOW
2012-12-04,11500.0,11500.0,11500.0,11500.0,11500.0,11500.0,11500.0,0.0,0.0,2012,4,12,1,49,1.0,1.0,1.0,1.0,0.0,4.3478260869565215,LOW
2012-12-05,11500.0,11500.0,11500.0,11500.0,11500.0,11500.0,11500.0,0.0,0.0,2012,5,12,2,49,1.0,1.0,1.0,1.0,0.0,4.3478260869565215,LOW
2012-12-06,11500.0,11500.0,11500.0,11500.0,11500.0,11500.0,11500.0,0.0,0.0,2012,6,12,3,49,1.0,1.0,1.0,1.0,0.0,4.3478260869565215,LOW
2012-12-07,11500.0,11500.0,11500.0,11500.0,11500.0,11500.0,11500.0,0.0,0.0,2012,7,12,4,49,1.0,1.0,1.0,1.0,0.0,4.3478260869565215,LOW
2012-12-08,11500.0,11500.0,11500.0,11500.0,11500.0,11500.0,11500.0,0.0,0.0,2012,8,12,5,49,1.0,1.0,1.0,1.0,0.0,4.3478260869565215,LOW
2012-12-10,11500.0,11500.0,11500.0,11500.0,11500.0,11500.0,11500.0,0.0,0.0,2012,10,12,0,50,1.0,1.0,1.0,1.0,0.0,4.3478260869565215,LOW
2012-12-11,11500.0,11500.0,11500.0,11500.0,11500.0,11500.0,11500.0,0.0,0.0,2012,11,12,1,50,1.0,1.0,1.0,1.0,0.0,4.3478260869565215,LOW
2012-12-12,11500.0,11500.0,11500.0,11500.0,11500.0,11500.0,11500.0,0.0,0.0,2012,12,12,2,50,1.0,1.0,1.0,1.0,0.0,4.3478260869565215,LOW
2012-12-13,11500.0,11500.0,11500.0,11500.0,11500.0,11500.0,11500.0,0.0,0.0,2012,13,12,3,50,1.0,1.0,1.0,1.0,0.0,4.3478260869565215,LOW
2012-12-14,11500.0,11500.0,11500.0,11500.0,11500.0,11500.0,11500.0,0.0,0.0,2012,14,12,4,50,1.0,1.0,1.0,1.0,0.0,4.3478260869565215,LOW
2012-12-15,11500.0,11500.0,11500.0,11500.0,11500.0,11500.0,11500.0,0.0,0.0,2012,15,12,5,50,1.0,1.0,1.0,1.0,0.0,4.3478260869565215,LOW
2012-12-17,11500.0,11500.0,11500.0,11500.0,11500.0,11500.0,11500.0,0.0,0.0,2012,17,12,0,51,1.0,1.0,1.0,1.0,0.0,4.3478260869565215,LOW
2012-12-18,11500.0,11500.0,11500.0,11500.0,11500.0,11500.0,11500.0,0.0,0.0,2012,18,12,1,51,1.0,1.0,1.0,1.0,0.0,4.3478260869565215,LOW
2012-12-19,11500.0,11500.0,11500.0,11500.0,11500.0,11500.0,11500.0,0.0,0.0,2012,19,12,2,51,1.0,1.0,1.0,1.0,0.0,4.3478260869565215,LOW
2012-12-20,11500.0,11500.0,11500.0,11500.0,11500.0,11500.0,11500.0,0.0,0.0,2012,20,12,3,51,1.0,1.0,1.0,1.0,0.0,4.3478260869565215,LOW
2012-12-21,11500.0,11500.0,11500.0,11500.0,11500.0,11500.0,11500.0,0.0,0.0,2012,21,12,4,51,1.0,1.0,1.0,1.0,0.0,4.3478260869565215,LOW
2012-12-22,11500.0,11500.0,11500.0,11500.0,11500.0,11500.0,11500.0,0.0,0.0,2012,22,12,5,51,1.0,1.0,1.0,1.0,0.0,4.3478260869565215,LOW
2012-12-24,11500.0,11500.0,11500.0,11500.0,11500.0,11500.0,11500.0,0.0,0.0,2012,24,12,0,52,1.0,1.0,1.0,1.0,0.0,4.3478260869565215,LOW
2012-12-26,11500.0,11500.0,11500.0,11500.0,11500.0,11500.0,11500.0,0.0,0.0,2012,26,12,2,52,1.0,1.0,1.0,1.0,0.0,4.3478260869565215,LOW
2012-12-28,11500.0,11500.0,11500.0,11500.0,11500.0,11500.0,11500.0,0.0,0.0,2012,28,12,4,52,1.0,1.0,1.0,1.0,0.0,4.3478260869565215,LOW
2012-12-29,11500.0,11500.0,11500.0,11500.0,11500.0,11500.0,11500.0,0.0,0.0,2012,29,12,5,52,1.0,1.0,1.0,1.0,0.0,4.3478260869565215,LOW
2012-12-31,11500.0,11500.0,11500.0,11500.0,11500.0,11500.0,11500.0,0.0,0.0,2012,31,12,0,1,1.0,1.0,1.0,1.0,0.0,4.3478260869565215,LOW
2013-01-01,11500.0,11500.0,11500.0,11500.0,11500.0,11500.0,11500.0,0.0,0.0,2013,1,1,1,1,1.0,1.0,1.0,1.0,0.0,4.3478260869565215,LOW
2013-01-02,11500.0,11500.0,11500.0,11500.0,11500.0,11500.0,11500.0,0.0,0.0,2013,2,1,2,1,1.0,1.0,1.0,1.0,0.0,4.3478260869565215,LOW
2013-01-03,11500.0,11500.0,11500.0,11500.0,11500.0,11500.0,11500.0,0.0,0.0,2013,3,1,3,1,1.0,1.0,1.0,1.0,0.0,4.3478260869565215,LOW
2013-01-04,11500.0,11500.0,11500.0,11500.0,11500.0,11500.0,11500.0,0.0,0.0,2013,4,1,4,1,1.0,1.0,1.0,1.0,0.0,4.3478260869565215,LOW
2013-01-05,11500.0,11500.0,11500.0,11500.0,11500.0,11500.0,11500.0,0.0,0.0,2013,5,1,5,1,1.0,1.0,1.0,1.0,0.0,4.3478260869565215,LOW
2013-01-07,11500.0,11500.0,11500.0,11500.0,11500.0,11500.0,11500.0,0.0,0.0,2013,7,1,0,2,1.0,1.0,1.0,1.0,0.0,4.3478260869565215,LOW
2013-01-08,11500.0,11500.0,11500.0,11500.0,11500.0,11500.0,11500.0,0.0,0.0,2013,8,1,1,2,1.0,1.0,1.0,1.0,0.0,4.3478260869565215,LOW
2013-01-09,11500.0,11500.0,11500.0,11500.0,11500.0,11500.0,11500.0,0.0,0.0,2013,9,1,2,2,1.0,1.0,1.0,1.0,0.0,4.3478260869565215,LOW
2013-01-10,11500.0,11500.0,11500.0,11500.0,11500.0,11500.0,11500.0,0.0,0.0,2013,10,1,3,2,1.0,1.0,1.0,1.0,0.0,4.3478260869565215,LOW
2013-01-11,11500.0,11500.0,11500.0,11500.0,11500.0,11500.0,11500.0,0.0,0.0,2013,11,1,4,2,1.0,1.0,1.0,1.0,0.0,4.3478260869565215,LOW
2013-01-14,11500.0,11500.0,11500.0,11500.0,11500.0,11500.0,11500.0,0.0,0.0,2013,14,1,0,3,1.0,1.0,1.0,1.0,0.0,4.3478260869565215,LOW
2013-01-15,11500.0,11500.0,11500.0,11500.0,11500.0,11500.0,11500.0,0.0,0.0,2013,15,1,1,3,1.0,1.0,1.0,1.0,0.0,4.3478260869565215,LOW
2013-01-16,11500.0,11500.0,11500.0,11500.0,11500.0,11500.0,11500.0,0.0,0.0,2013,16,1,2,3,1.0,1.0,1.0,1.0,0.0,4.3478260869565215,LOW
2013-01-17,11500.0,11500.0,11500.0,11500.0,11500.0,11500.0,11500.0,0.0,0.0,2013,17,1,3,3,1.0,1.0,1.0,1.0,0.0,4.3478260869565215,LOW
2013-01-18,11500.0,11500.0,11500.0,11500.0,11500.0,11500.0,11500.0,0.0,0.0,2013,18,1,4,3,1.0,1.0,1.0,1.0,0.0,4.3478260869565215,LOW
2013-01-19,11500.0,11500.0,11500.0,11500.0,11500.0,11500.0,11500.0,0.0,0.0,2013,19,1,5,3,1.0,1.0,1.0,1.0,0.0,4.3478260869565215,LOW
2013-01-21,11500.0,11500.0,11500.0,11500.0,11500.0,11500.0,11500.0,0.0,0.0,2013,21,1,0,4,1.0,1.0,1.0,1.0,0.0,4.3478260869565215,LOW
2013-01-22,11500.0,11500.0,11500.0,11500.0,11500.0,11500.0,11500.0,0.0,0.0,2013,22,1,1,4,1.0,1.0,1.0,1.0,0.0,4.3478260869565215,LOW
2013-01-23,11500.0,11500.0,11500.0,11500.0,11500.0,11500.0,11500.0,0.0,0.0,2013,23,1,2,4,1.0,1.0,1.0,1.0,0.0,4.3478260869565215,LOW
2013-01-24,11500.0,11500.0,11500.0,11500.0,11500.0,11500.0,11500.0,0.0,0.0,2013,24,1,3,4,1.0,1.0,1.0,1.0,0.0,4.3478260869565215,LOW
2013-01-25,11500.0,11500.0,11500.0,11500.0,11500.0,11500.0,11500.0,0.0,0.0,2013,25,1,4,4,1.0,1.0,1.0,1.0,0.0,4.3478260869565215,LOW
2013-01-28,11500.0,11500.0,11500.0,11500.0,11500.0,11500.0,11500.0,0.0,0.0,2013,28,1,0,5,1.0,1.0,1.0,1.0,0.0,4.3478260869565215,LOW
2013-01-29,11500.0,11500.0,11500.0,11500.0,11500.0,11500.0,11500.0,0.0,0.0,2013,29,1,1,5,1.0,1.0,1.0,1.0,0.0,4.3478260869565215,LOW
2013-01-30,11500.0,11500.0,11500.0,11500.0,11500.0,11500.0,11500.0,0.0,0.0,2013,30,1,2,5,1.0,1.0,1.0,1.0,0.0,4.3478260869565215,LOW
2013-01-31,11500.0,11500.0,11500.0,11500.0,11500.0,11500.0,11500.0,0.0,0.0,2013,31,1,3,5,1.0,1.0,1.0,1.0,0.0,4.3478260869565215,LOW
2013-02-01,11500.0,11500.0,11500.0,11500.0,11500.0,11500.0,11500.0,0.0,0.0,2013,1,2,4,5,1.0,1.0,1.0,1.0,0.0,4.3478260869565215,LOW
2013-02-02,11500.0,11500.0,11500.0,11500.0,11500.0,11500.0,11500.0,0.0,0.0,2013,2,2,5,5,1.0,1.0,1.0,1.0,0.0,4.3478260869565215,LOW
2013-02-04,11500.0,11500.0,11500.0,11500.0,11500.0,11500.0,11500.0,0.0,0.0,2013,4,2,0,6,1.0,1.0,1.0,1.0,0.0,4.3478260869565215,LOW
2013-02-05,11500.0,11500.0,11500.0,11500.0,11500.0,11500.0,11500.0,0.0,0.0,2013,5,2,1,6,1.0,1.0,1.0,1.0,0.0,4.3478260869565215,LOW
2013-02-06,11500.0,11500.0,11500.0,11500.0,11500.0,11500.0,11500.0,0.0,0.0,2013,6,2,2,6,1.0,1.0,1.0,1.0,0.0,4.3478260869565215,LOW
2013-02-07,11500.0,11500.0,11500.0,11500.0,11500.0,11500.0,11500.0,0.0,0.0,2013,7,2,3,6,1.0,1.0,1.0,1.0,0.0,4.3478260869565215,LOW
2013-02-08,11500.0,11500.0,11500.0,11500.0,11500.0,11500.0,11500.0,0.0,0.0,2013,8,2,4,6,1.0,1.0,1.0,1.0,0.0,4.3478260869565215,LOW
2013-02-11,11500.0,11500.0,11500.0,11500.0,11500.0,11500.0,11500.0,0.0,0.0,2013,11,2,0,7,1.0,1.0,1.0,1.0,0.0,4.3478260869565215,LOW
2013-02-12,11500.0,11500.0,11500.0,11500.0,11500.0,11500.0,11500.0,0.0,0.0,2013,12,2,1,7,1.0,1.0,1.0,1.0,0.0,4.3478260869565215,LOW
2013-02-13,11500.0,11500.0,11500.0,11500.0,11500.0,11500.0,11500.0,0.0,0.0,2013,13,2,2,7,1.0,1.0,1.0,1.0,0.0,4.3478260869565215,LOW
2013-02-14,11500.0,11500.0,11500.0,11500.0,11500.0,11500.0,11500.0,0.0,0.0,2013,14,2,3,7,1.0,1.0,1.0,1.0,0.0,4.3478260869565215,LOW
2013-02-15,11500.0,11500.0,11500.0,11500.0,11500.0,11500.0,11500.0,0.0,0.0,2013,15,2,4,7,1.0,1.0,1.0,1.0,0.0,4.3478260869565215,LOW
2013-02-16,11500.0,11500.0,11500.0,11500.0,11500.0,11500.0,11500.0,0.0,0.0,2013,16,2,5,7,1.0,1.0,1.0,1.0,0.0,4.3478260869565215,LOW
2013-02-18,11500.0,11500.0,11500.0,11500.0,11500.0,11500.0,11500.0,0.0,0.0,2013,18,2,0,8,1.0,1.0,1.0,1.0,0.0,4.3478260869565215,LOW
2013-02-19,11500.0,11500.0,11500.0,11500.0,11500.0,11500.0,11500.0,0.0,0.0,2013,19,2,1,8,1.0,1.0,1.0,1.0,0.0,4.3478260869565215,LOW
2013-02-22,11500.0,11500.0,11500.0,11500.0,11500.0,11500.0,11500.0,0.0,0.0,2013,22,2,4,8,1.0,1.0,1.0,1.0,0.0,4.3478260869565215,LOW
2013-02-23,11500.0,11500.0,11500.0,11500.0,11500.0,11500.0,11500.0,0.0,0.0,2013,23,2,5,8,1.0,1.0,1.0,1.0,0.0,4.3478260869565215,LOW
2013-02-25,11500.0,11500.0,11500.0,11500.0,11500.0,11500.0,11500.0,0.0,0.0,2013,25,2,0,9,1.0,1.0,1.0,1.0,0.0,4.3478260869565215,LOW
2013-02-26,11500.0,11500.0,11500.0,11500.0,11500.0,11500.0,11500.0,0.0,0.0,2013,26,2,1,9,1.0,1.0,1.0,1.0,0.0,4.3478260869565215,LOW
2013-02-27,11500.0,11500.0,11500.0,11500.0,11500.0,11500.0,11500.0,0.0,0.0,2013,27,2,2,9,1.0,1.0,1.0,1.0,0.0,4.3478260869565215,LOW
2013-02-28,11500.0,11500.0,11500.0,11500.0,11500.0,11500.0,11500.0,0.0,0.0,2013,28,2,3,9,1.0,1.0,1.0,1.0,0.0,4.3478260869565215,LOW
2013-03-01,11500.0,11500.0,11500.0,11500.0,11500.0,11500.0,11500.0,0.0,0.0,2013,1,3,4,9,1.0,1.0,1.0,1.0,0.0,4.3478260869565215,LOW
2013-03-02,11500.0,11500.0,11500.0,11500.0,11500.0,11500.0,11500.0,0.0,0.0,2013,2,3,5,9,1.0,1.0,1.0,1.0,0.0,4.3478260869565215,LOW
2013-03-04,11500.0,11500.0,11500.0,11500.0,11500.0,11500.0,11500.0,0.0,0.0,2013,4,3,0,10,1.0,1.0,1.0,1.0,0.0,4.3478260869565215,LOW
2013-03-05,11500.0,11500.0,11500.0,11500.0,11500.0,11500.0,11500.0,0.0,0.0,2013,5,3,1,10,1.0,1.0,1.0,1.0,0.0,4.3478260869565215,LOW
2013-03-06,11500.0,11500.0,11500.0,11500.0,11500.0,11500.0,11500.0,0.0,0.0,2013,6,3,2,10,1.0,1.0,1.0,1.0,0.0,4.3478260869565215,LOW
2013-03-07,11500.0,11500.0,11500.0,11500.0,11500.0,11500.0,11500.0,0.0,0.0,2013,7,3,3,10,1.0,1.0,1.0,1.0,0.0,4.3478260869565215,LOW
2013-03-08,11500.0,11500.0,11500.0,11500.0,11500.0,11500.0,11500.0,0.0,0.0,2013,8,3,4,10,1.0,1.0,1.0,1.0,0.0,4.3478260869565215,LOW
2013-03-11,11500.0,11500.0,11500.0,11500.0,11500.0,11500.0,11500.0,0.0,0.0,2013,11,3,0,11,1.0,1.0,1.0,1.0,0.0,4.3478260869565215,LOW
2013-03-12,11500.0,11500.0,11500.0,11500.0,11500.0,11500.0,11500.0,0.0,0.0,2013,12,3,1,11,1.0,1.0,1.0,1.0,0.0,4.3478260869565215,LOW
2013-03-13,11500.0,11500.0,11500.0,11500.0,11500.0,11500.0,11500.0,0.0,0.0,2013,13,3,2,11,1.0,1.0,1.0,1.0,0.0,4.3478260869565215,LOW
2013-03-14,11500.0,11500.0,11500.0,11500.0,11500.0,11500.0,11500.0,0.0,0.0,2013,14,3,3,11,1.0,1.0,1.0,1.0,0.0,4.3478260869565215,LOW
2013-03-15,11500.0,11500.0,11500.0,11500.0,11500.0,11500.0,11500.0,0.0,0.0,2013,15,3,4,11,1.0,1.0,1.0,1.0,0.0,4.3478260869565215,LOW
2013-03-16,11500.0,11500.0,11500.0,11500.0,11500.0,11500.0,11500.0,0.0,0.0,2013,16,3,5,11,1.0,1.0,1.0,1.0,0.0,4.3478260869565215,LOW
2013-03-18,11500.0,11500.0,11500.0,11500.0,11500.0,11500.0,11500.0,0.0,0.0,2013,18,3,0,12,1.0,1.0,1.0,1.0,0.0,4.3478260869565215,LOW
2013-03-19,11500.0,11500.0,11500.0,11500.0,11500.0,11500.0,11500.0,0.0,0.0,2013,19,3,1,12,1.0,1.0,1.0,1.0,0.0,4.3478260869565215,LOW
2013-03-20,11500.0,11500.0,11500.0,11500.0,11500.0,11500.0,11500.0,0.0,0.0,2013,20,3,2,12,1.0,1.0,1.0,1.0,0.0,4.3478260869565215,LOW
2013-03-21,11500.0,11500.0,11500.0,11500.0,11500.0,11500.0,11500.0,0.0,0.0,2013,21,3,3,12,1.0,1.0,1.0,1.0,0.0,4.3478260869565215,LOW
2013-03-22,11500.0,11500.0,11500.0,11500.0,11500.0,11500.0,11500.0,0.0,0.0,2013,22,3,4,12,1.0,1.0,1.0,1.0,0.0,4.3478260869565215,LOW
2013-03-23,11500.0,11500.0,11500.0,11500.0,11500.0,11500.0,11500.0,0.0,0.0,2013,23,3,5,12,1.0,1.0,1.0,1.0,0.0,4.3478260869565215,LOW
2013-03-25,11500.0,11500.0,11500.0,11500.0,11500.0,11500.0,11500.0,0.0,0.0,2013,25,3,0,13,1.0,1.0,1.0,1.0,0.0,4.3478260869565215,LOW
2013-03-26,11500.0,11500.0,11500.0,11500.0,11500.0,11500.0,11500.0,0.0,0.0,2013,26,3,1,13,1.0,1.0,1.0,1.0,0.0,4.3478260869565215,LOW
2013-03-27,11500.0,11500.0,11500.0,11500.0,11500.0,11500.0,11500.0,0.0,0.0,2013,27,3,2,13,1.0,1.0,1.0,1.0,0.0,4.3478260869565215,LOW
2013-03-28,11500.0,11500.0,11500.0,11500.0,11500.0,11500.0,11500.0,0.0,0.0,2013,28,3,3,13,1.0,1.0,1.0,1.0,0.0,4.3478260869565215,LOW
2013-03-29,11500.0,11500.0,11500.0,11500.0,11500.0,11500.0,11500.0,0.0,0.0,2013,29,3,4,13,1.0,1.0,1.0,1.0,0.0,4.3478260869565215,LOW
2013-03-30,11500.0,11500.0,11500.0,11500.0,11500.0,11500.0,11500.0,0.0,0.0,2013,30,3,5,13,1.0,1.0,1.0,1.0,0.0,4.3478260869565215,LOW
2013-04-01,11500.0,11500.0,11500.0,11500.0,11500.0,11500.0,11500.0,0.0,0.0,2013,1,4,0,14,1.0,1.0,1.0,1.0,0.0,4.3478260869565215,LOW
2013-04-02,11500.0,11500.0,11500.0,11500.0,11500.0,11500.0,11500.0,0.0,0.0,2013,2,4,1,14,1.0,1.0,1.0,1.0,0.0,4.3478260869565215,LOW
2013-04-03,11500.0,11500.0,11500.0,11500.0,11500.0,11500.0,11500.0,0.0,0.0,2013,3,4,2,14,1.0,1.0,1.0,1.0,0.0,4.3478260869565215,LOW
2013-04-04,11500.0,11500.0,11500.0,11500.0,11500.0,11500.0,11500.0,0.0,0.0,2013,4,4,3,14,1.0,1.0,1.0,1.0,0.0,4.3478260869565215,LOW
2013-04-05,11500.0,11500.0,11500.0,11500.0,11500.0,11500.0,11500.0,0.0,0.0,2013,5,4,4,14,1.0,1.0,1.0,1.0,0.0,4.3478260869565215,LOW
2013-04-06,11500.0,11500.0,11500.0,11500.0,11500.0,11500.0,11500.0,0.0,0.0,2013,6,4,5,14,1.0,1.0,1.0,1.0,0.0,4.3478260869565215,LOW
2013-04-08,11500.0,11500.0,11500.0,11500.0,11500.0,11500.0,11500.0,0.0,0.0,2013,8,4,0,15,1.0,1.0,1.0,1.0,0.0,4.3478260869565215,LOW
2013-04-09,11500.0,11500.0,11500.0,11500.0,11500.0,11500.0,11500.0,0.0,0.0,2013,9,4,1,15,1.0,1.0,1.0,1.0,0.0,4.3478260869565215,LOW
2013-04-10,11500.0,11500.0,11500.0,11500.0,11500.0,11500.0,11500.0,0.0,0.0,2013,10,4,2,15,1.0,1.0,1.0,1.0,0.0,4.3478260869565215,LOW
2013-04-11,11500.0,11500.0,11500.0,11500.0,11500.0,11500.0,11500.0,0.0,0.0,2013,11,4,3,15,1.0,1.0,1.0,1.0,0.0,4.3478260869565215,LOW
2013-04-12,11500.0,11500.0,11500.0,11500.0,11500.0,11500.0,11500.0,0.0,0.0,2013,12,4,4,15,1.0,1.0,1.0,1.0,0.0,4.3478260869565215,HIGH
2013-04-13,11500.0,11500.0,11500.0,11500.0,11500.0,11500.0,11500.0,0.0,0.0,2013,13,4,5,15,1.0,1.0,1.0,1.0,0.0,4.3478260869565215,HIGH
2013-04-15,11500.0,11500.0,11500.0,11500.0,11500.0,11500.0,11500.0,0.0,0.0,2013,15,4,0,16,1.0,1.0,1.0,1.0,0.0,4.3478260869565215,HIGH
2013-04-16,11500.0,11500.0,11500.0,11500.0,11500.0,11500.0,11500.0,0.0,0.0,2013,16,4,1,16,1.0,1.0,1.0,1.0,0.0,4.3478260869565215,HIGH
2013-04-17,11500.0,11500.0,11500.0,11500.0,11500.0,11500.0,11500.0,0.0,0.0,2013,17,4,2,16,1.0,1.0,1.0,1.0,0.0,4.3478260869565215,LOW
2013-04-18,11500.0,11500.0,11500.0,11500.0,11500.0,11500.0,11500.0,0.0,0.0,2013,18,4,3,16,1.0,1.0,1.0,1.0,0.0,13.793103448275861,LOW
2013-04-19,14500.0,11500.0,11500.0,11500.0,11928.57142857143,11714.285714285714,11600.0,1133.893419026952,801.7837257366981,2013,19,4,4,16,1.0,1.0,1.0,1.0,0.0,13.793103448275861,LOW
2013-04-20,14500.0,11500.0,11500.0,11500.0,12357.142857142857,11928.57142857143,11700.0,1463.8501094222397,1089.409558803419,2013,20,4,5,16,1.0,1.0,1.0,1.0,0.0,13.793103448275861,LOW
2013-04-22,14500.0,11500.0,11500.0,11500.0,12785.714285714286,12142.857142857143,11800.0,1603.56745147404,1277.4459408785956,2013,22,4,0,17,1.0,1.0,1.0,1.0,0.0,13.793103448275861,LOW
2013-04-23,14500.0,11500.0,11500.0,11500.0,13214.285714285714,12357.142857142857,11900.0,1603.5674514740447,1406.4216928151538,2013,23,4,1,17,1.0,1.0,1.0,1.0,0.0,13.793103448275861,LOW
2013-04-24,14500.0,11500.0,11500.0,11500.0,13642.857142857143,12571.42857142857,12000.0,1463.8501094222556,1491.7354742962257,2013,24,4,2,17,1.0,1.0,1.0,1.0,0.0,13.793103448275861,LOW
2013-04-25,14500.0,11500.0,11500.0,11500.0,14071.42857142857,12785.714285714286,12100.0,1133.893419026986,1540.6577730389802,2013,25,4,3,17,1.0,1.0,1.0,1.0,0.0,13.793103448275861,LOW
2013-04-26,14500.0,14500.0,11500.0,11500.0,14500.0,13000.0,12200.0,0.0,1556.6235649880077,2013,26,4,4,17,1.0,1.0,1.0,1.0,0.0,13.793103448275861,LOW
2013-04-27,14500.0,14500.0,11500.0,11500.0,14500.0,13214.285714285714,12300.0,0.0,1540.657773038977,2013,27,4,5,17,1.0,1.0,1.0,1.0,100.0,34.48275862068966,LOW
2013-04-29,14500.0,14500.0,11500.0,11500.0,14500.0,13428.57142857143,12400.0,0.0,1491.7354742962193,2013,29,4,0,18,2.0,1.0,1.1428571428571428,1.0714285714285714,0.0,34.48275862068966,LOW
2013-04-30,14500.0,14500.0,11500.0,11500.0,14500.0,13642.857142857143,12500.0,0.0,1406.4216928151434,2013,30,4,1,18,2.0,1.0,1.2857142857142858,1.1428571428571428,0.0,34.48275862068966,LOW
2013-05-01,14500.0,14500.0,11500.0,11500.0,14500.0,13857.142857142857,12600.0,0.0,1277.4459408785808,2013,1,5,2,18,2.0,1.0,1.4285714285714286,1.2142857142857142,0.0,34.48275862068966,LOW
2013-05-02,14500.0,14500.0,11500.0,11500.0,14500.0,14071.42857142857,12700.0,0.0,1089.4095588033972,2013,2,5,3,18,2.0,1.0,1.5714285714285714,1.2857142857142858,0.0,34.48275862068966,LOW
2013-05-03,14500.0,14500.0,11500.0,11500.0,14500.0,14285.714285714286,12800.0,0.0,801.7837257366625,2013,3,5,4,18,2.0,1.0,1.7142857142857142,1.3571428571428572,0.0,34.48275862068966,LOW
2013-05-04,14500.0,14500.0,14500.0,11500.0,14500.0,14500.0,12900.0,0.0,0.0,2013,4,5,5,18,2.0,1.0,1.8571428571428572,1.4285714285714286,0.0,34.48275862068966,LOW
2013-05-06,14500.0,14500.0,14500.0,11500.0,14500.0,14500.0,13000.0,0.0,0.0,2013,6,5,0,19,2.0,2.0,2.0,1.5,0.0,34.48275862068966,LOW
2013-05-07,14500.0,14500.0,14500.0,11500.0,14500.0,14500.0,13100.0,0.0,0.0,2013,7,5,1,19,2.0,2.0,2.0,1.5714285714285714,0.0,34.48275862068966,LOW
2013-05-08,14500.0,14500.0,14500.0,11500.0,14500.0,14500.0,13200.0,0.0,0.0,2013,8,5,2,19,2.0,2.0,2.0,1.6428571428571428,0.0,34.48275862068966,LOW
2013-05-09,14500.0,14500.0,14500.0,11500.0,14500.0,14500.0,13300.0,0.0,0.0,2013,9,5,3,19,2.0,2.0,2.0,1.7142857142857142,0.0,34.48275862068966,LOW
2013-05-10,14500.0,14500.0,14500.0,11500.0,14500.0,14500.0,13400.0,0.0,0.0,2013,10,5,4,19,2.0,2.0,2.0,1.7857142857142858,0.0,34.48275862068966,LOW
2013-05-11,14500.0,14500.0,14500.0,11500.0,14500.0,14500.0,13500.0,0.0,0.0,2013,11,5,5,19,2.0,2.0,2.0,1.8571428571428572,0.0,34.48275862068966,LOW
2013-05-13,14500.0,14500.0,14500.0,11500.0,14500.0,14500.0,13600.0,0.0,0.0,2013,13,5,0,20,2.0,2.0,2.0,1.9285714285714286,0.0,34.48275862068966,LOW
2013-05-14,14500.0,14500.0,14500.0,11500.0,14500.0,14500.0,13700.0,0.0,0.0,2013,14,5,1,20,2.0,2.0,2.0,2.0,0.0,34.48275862068966,LOW
2013-05-15,14500.0,14500.0,14500.0,11500.0,14500.0,14500.0,13800.0,0.0,0.0,2013,15,5,2,20,2.0,2.0,2.0,2.0,0.0,34.48275862068966,MEDIUM
2013-05-16,14500.0,14500.0,14500.0,11500.0,14500.0,14500.0,13900.0,0.0,0.0,2013,16,5,3,20,2.0,2.0,2.0,2.0,0.0,34.48275862068966,MEDIUM
2013-05-17,14500.0,14500.0,14500.0,11500.0,14500.0,14500.0,14000.0,0.0,0.0,2013,17,5,4,20,2.0,2.0,2.0,2.0,0.0,34.48275862068966,MEDIUM
2013-05-18,14500.0,14500.0,14500.0,11500.0,14500.0,14500.0,14100.0,0.0,0.0,2013,18,5,5,20,2.0,2.0,2.0,2.0,0.0,34.48275862068966,MEDIUM
2013-05-20,14500.0,14500.0,14500.0,11500.0,14500.0,14500.0,14200.0,0.0,0.0,2013,20,5,0,21,2.0,2.0,2.0,2.0,0.0,34.48275862068966,LOW
2013-05-21,14500.0,14500.0,14500.0,11500.0,14500.0,14500.0,14300.0,0.0,0.0,2013,21,5,1,21,2.0,2.0,2.0,2.0,0.0,6.451612903225806,LOW
2013-05-22,15500.0,14500.0,14500.0,11500.0,14642.857142857143,14571.42857142857,14433.333333333334,377.96447300716767,267.26124191058113,2013,22,5,2,21,2.0,2.0,2.0,2.0,0.0,6.451612903225806,LOW
2013-05-23,15500.0,14500.0,14500.0,14500.0,14785.714285714286,14642.857142857143,14566.666666666666,487.9500364726768,363.13651959992285,2013,23,5,3,21,2.0,2.0,2.0,2.0,0.0,6.451612903225806,LOW
2013-05-24,15500.0,14500.0,14500.0,14500.0,14928.57142857143,14714.285714285714,14600.0,534.5224838234027,425.8153136251599,2013,24,5,4,21,2.0,2.0,2.0,2.0,0.0,6.451612903225806,LOW
2013-05-25,15500.0,14500.0,14500.0,14500.0,15071.42857142857,14785.714285714286,14633.333333333334,534.522483823408,468.8072309374403,2013,25,5,5,21,2.0,2.0,2.0,2.0,0.0,6.451612903225806,LOW
2013-05-27,15500.0,14500.0,14500.0,14500.0,15214.285714285714,14857.142857142857,14666.666666666666,487.95003647269425,497.24515809785095,2013,27,5,0,22,2.0,2.0,2.0,2.0,0.0,6.451612903225806,LOW
2013-05-28,15500.0,14500.0,14500.0,14500.0,15357.142857142857,14928.57142857143,14700.0,377.9644730072048,513.5525910121302,2013,28,5,1,22,2.0,2.0,2.0,2.0,0.0,6.451612903225806,LOW
2013-05-29,15500.0,15500.0,14500.0,14500.0,15500.0,15000.0,14733.333333333334,0.0,518.8745216618145,2013,29,5,2,22,2.0,2.0,2.0,2.0,0.0,6.451612903225806,LOW
2013-05-30,15500.0,15500.0,14500.0,14500.0,15500.0,15071.42857142857,14766.666666666666,0.0,513.5525910121285,2013,30,5,3,22,2.0,2.0,2.0,2.0,0.0,6.451612903225806,LOW
2013-05-31,15500.0,15500.0,14500.0,14500.0,15500.0,15142.857142857143,14800.0,0.0,497.2451580978474,2013,31,5,4,22,2.0,2.0,2.0,2.0,0.0,6.451612903225806,LOW
2013-06-01,15500.0,15500.0,14500.0,14500.0,15500.0,15214.285714285714,14833.333333333334,0.0,468.8072309374343,2013,1,6,5,22,2.0,2.0,2.0,2.0,0.0,6.451612903225806,LOW
2013-06-03,15500.0,15500.0,14500.0,14500.0,15500.0,15285.714285714286,14866.666666666666,0.0,425.81531362515057,2013,3,6,0,23,2.0,2.0,2.0,2.0,0.0,6.451612903225806,LOW
2013-06-04,15500.0,15500.0,14500.0,14500.0,15500.0,15357.142857142857,14900.0,0.0,363.1365195999084,2013,4,6,1,23,2.0,2.0,2.0,2.0,0.0,6.451612903225806,LOW
2013-06-05,15500.0,15500.0,14500.0,14500.0,15500.0,15428.57142857143,14933.333333333334,0.0,267.2612419105562,2013,5,6,2,23,2.0,2.0,2.0,2.0,0.0,6.451612903225806,LOW
2013-06-06,15500.0,15500.0,15500.0,14500.0,15500.0,15500.0,14966.666666666666,0.0,0.0,2013,6,6,3,23,2.0,2.0,2.0,2.0,0.0,6.451612903225806,LOW
2013-06-07,15500.0,15500.0,15500.0,14500.0,15500.0,15500.0,15000.0,0.0,0.0,2013,7,6,4,23,2.0,2.0,2.0,2.0,0.0,6.451612903225806,LOW
2013-06-08,15500.0,15500.0,15500.0,14500.0,15500.0,15500.0,15033.333333333334,0.0,0.0,2013,8,6,5,23,2.0,2.0,2.0,2.0,0.0,6.451612903225806,LOW
2013-06-09,15500.0,15500.0,15500.0,14500.0,15500.0,15500.0,15066.666666666666,0.0,0.0,2013,9,6,6,23,2.0,2.0,2.0,2.0,0.0,6.451612903225806,LOW
2013-06-10,15500.0,15500.0,15500.0,14500.0,15500.0,15500.0,15100.0,0.0,0.0,2013,10,6,0,24,2.0,2.0,2.0,2.0,0.0,6.451612903225806,LOW
2013-06-11,15500.0,15500.0,15500.0,14500.0,15500.0,15500.0,15133.333333333334,0.0,0.0,2013,11,6,1,24,2.0,2.0,2.0,2.0,0.0,6.451612903225806,LOW
2013-06-12,15500.0,15500.0,15500.0,14500.0,15500.0,15500.0,15166.666666666666,0.0,0.0,2013,12,6,2,24,2.0,2.0,2.0,2.0,0.0,6.451612903225806,LOW
2013-06-13,15500.0,15500.0,15500.0,14500.0,15500.0,15500.0,15200.0,0.0,0.0,2013,13,6,3,24,2.0,2.0,2.0,2.0,0.0,6.451612903225806,LOW
2013-06-14,15500.0,15500.0,15500.0,14500.0,15500.0,15500.0,15233.333333333334,0.0,0.0,2013,14,6,4,24,2.0,2.0,2.0,2.0,0.0,6.451612903225806,LOW
2013-06-15,15500.0,15500.0,15500.0,14500.0,15500.0,15500.0,15266.666666666666,0.0,0.0,2013,15,6,5,24,2.0,2.0,2.0,2.0,0.0,6.451612903225806,LOW
2013-06-17,15500.0,15500.0,15500.0,14500.0,15500.0,15500.0,15300.0,0.0,0.0,2013,17,6,0,25,2.0,2.0,2.0,2.0,0.0,6.451612903225806,LOW
2013-06-18,15500.0,15500.0,15500.0,14500.0,15500.0,15500.0,15333.333333333334,0.0,0.0,2013,18,6,1,25,2.0,2.0,2.0,2.0,200.0,6.451612903225806,LOW
2013-06-19,15500.0,15500.0,15500.0,14500.0,15500.0,15500.0,15366.666666666666,0.0,0.0,2013,19,6,2,25,6.0,2.0,2.5714285714285716,2.2857142857142856,-66.66666666666666,6.451612903225806,LOW
2013-06-20,15500.0,15500.0,15500.0,14500.0,15500.0,15500.0,15400.0,0.0,0.0,2013,20,6,3,25,2.0,2.0,2.5714285714285716,2.2857142857142856,0.0,6.451612903225806,LOW
2013-06-21,15500.0,15500.0,15500.0,14500.0,15500.0,15500.0,15433.333333333334,0.0,0.0,2013,21,6,4,25,2.0,2.0,2.5714285714285716,2.2857142857142856,0.0,6.451612903225806,LOW
2013-06-22,15500.0,15500.0,15500.0,14500.0,15500.0,15500.0,15466.666666666666,0.0,0.0,2013,22,6,5,25,2.0,2.0,2.5714285714285716,2.2857142857142856,0.0,6.451612903225806,LOW
2013-06-24,15500.0,15500.0,15500.0,15500.0,15500.0,15500.0,15500.0,0.0,0.0,2013,24,6,0,26,2.0,2.0,2.5714285714285716,2.2857142857142856,0.0,6.451612903225806,LOW
2013-06-25,15500.0,15500.0,15500.0,15500.0,15500.0,15500.0,15500.0,0.0,0.0,2013,25,6,1,26,2.0,2.0,2.5714285714285716,2.2857142857142856,0.0,6.451612903225806,LOW
2013-06-26,15500.0,15500.0,15500.0,15500.0,15500.0,15500.0,15500.0,0.0,0.0,2013,26,6,2,26,2.0,6.0,2.5714285714285716,2.2857142857142856,0.0,6.451612903225806,LOW
2013-06-27,15500.0,15500.0,15500.0,15500.0,15500.0,15500.0,15500.0,0.0,0.0,2013,27,6,3,26,2.0,2.0,2.0,2.2857142857142856,0.0,6.451612903225806,LOW
2013-06-28,15500.0,15500.0,15500.0,15500.0,15500.0,15500.0,15500.0,0.0,0.0,2013,28,6,4,26,2.0,2.0,2.0,2.2857142857142856,0.0,6.451612903225806,LOW
2013-06-29,15500.0,15500.0,15500.0,15500.0,15500.0,15500.0,15500.0,0.0,0.0,2013,29,6,5,26,2.0,2.0,2.0,2.2857142857142856,0.0,6.451612903225806,LOW
2013-07-01,15500.0,15500.0,15500.0,15500.0,15500.0,15500.0,15500.0,0.0,0.0,2013,1,7,0,27,2.0,2.0,2.0,2.2857142857142856,0.0,6.451612903225806,LOW
2013-07-02,15500.0,15500.0,15500.0,15500.0,15500.0,15500.0,15500.0,0.0,0.0,2013,2,7,1,27,2.0,2.0,2.0,2.2857142857142856,0.0,6.451612903225806,LOW
2013-07-03,15500.0,15500.0,15500.0,15500.0,15500.0,15500.0,15500.0,0.0,0.0,2013,3,7,2,27,2.0,2.0,2.0,2.2857142857142856,0.0,6.451612903225806,LOW
2013-07-04,15500.0,15500.0,15500.0,15500.0,15500.0,15500.0,15500.0,0.0,0.0,2013,4,7,3,27,2.0,2.0,2.0,2.2857142857142856,0.0,6.451612903225806,LOW
2013-07-05,15500.0,15500.0,15500.0,15500.0,15500.0,15500.0,15500.0,0.0,0.0,2013,5,7,4,27,2.0,2.0,2.0,2.0,0.0,6.451612903225806,LOW
2013-07-06,15500.0,15500.0,15500.0,15500.0,15500.0,15500.0,15500.0,0.0,0.0,2013,6,7,5,27,2.0,2.0,2.0,2.0,0.0,6.451612903225806,LOW
2013-07-08,15500.0,15500.0,15500.0,15500.0,15500.0,15500.0,15500.0,0.0,0.0,2013,8,7,0,28,2.0,2.0,2.0,2.0,0.0,6.451612903225806,LOW
2013-07-09,15500.0,15500.0,15500.0,15500.0,15500.0,15500.0,15500.0,0.0,0.0,2013,9,7,1,28,2.0,2.0,2.0,2.0,0.0,6.451612903225806,LOW
2013-07-11,15500.0,15500.0,15500.0,15500.0,15500.0,15500.0,15500.0,0.0,0.0,2013,11,7,3,28,2.0,2.0,2.0,2.0,0.0,6.451612903225806,LOW
2013-07-12,15500.0,15500.0,15500.0,15500.0,15500.0,15500.0,15500.0,0.0,0.0,2013,12,7,4,28,2.0,2.0,2.0,2.0,0.0,6.451612903225806,LOW
2013-07-13,15500.0,15500.0,15500.0,15500.0,15500.0,15500.0,15500.0,0.0,0.0,2013,13,7,5,28,2.0,2.0,2.0,2.0,0.0,6.451612903225806,LOW
2013-07-15,15500.0,15500.0,15500.0,15500.0,15500.0,15500.0,15500.0,0.0,0.0,2013,15,7,0,29,2.0,2.0,2.0,2.0,0.0,6.451612903225806,LOW
2013-07-16,15500.0,15500.0,15500.0,15500.0,15500.0,15500.0,15500.0,0.0,0.0,2013,16,7,1,29,2.0,2.0,2.0,2.0,0.0,6.451612903225806,LOW
2013-07-17,15500.0,15500.0,15500.0,15500.0,15500.0,15500.0,15500.0,0.0,0.0,2013,17,7,2,29,2.0,2.0,2.0,2.0,0.0,6.451612903225806,LOW
2013-07-18,15500.0,15500.0,15500.0,15500.0,15500.0,15500.0,15500.0,0.0,0.0,2013,18,7,3,29,2.0,2.0,2.0,2.0,0.0,6.451612903225806,LOW
2013-07-19,15500.0,15500.0,15500.0,15500.0,15500.0,15500.0,15500.0,0.0,0.0,2013,19,7,4,29,2.0,2.0,2.0,2.0,0.0,6.451612903225806,LOW
2013-07-20,15500.0,15500.0,15500.0,15500.0,15500.0,15500.0,15500.0,0.0,0.0,2013,20,7,5,29,2.0,2.0,2.0,2.0,0.0,6.451612903225806,LOW
2013-07-22,15500.0,15500.0,15500.0,15500.0,15500.0,15500.0,15500.0,0.0,0.0,2013,22,7,0,30,2.0,2.0,2.0,2.0,0.0,6.451612903225806,LOW
2013-07-23,15500.0,15500.0,15500.0,15500.0,15500.0,15500.0,15500.0,0.0,0.0,2013,23,7,1,30,2.0,2.0,2.0,2.0,0.0,6.451612903225806,LOW
2013-07-24,15500.0,15500.0,15500.0,15500.0,15500.0,15500.0,15500.0,0.0,0.0,2013,24,7,2,30,2.0,2.0,2.0,2.0,0.0,6.451612903225806,LOW
2013-07-25,15500.0,15500.0,15500.0,15500.0,15500.0,15500.0,15500.0,0.0,0.0,2013,25,7,3,30,2.0,2.0,2.0,2.0,0.0,6.451612903225806,LOW
2013-07-26,15500.0,15500.0,15500.0,15500.0,15500.0,15500.0,15500.0,0.0,0.0,2013,26,7,4,30,2.0,2.0,2.0,2.0,0.0,6.451612903225806,LOW
2013-07-27,15500.0,15500.0,15500.0,15500.0,15500.0,15500.0,15500.0,0.0,0.0,2013,27,7,5,30,2.0,2.0,2.0,2.0,0.0,6.451612903225806,LOW
2013-07-29,15500.0,15500.0,15500.0,15500.0,15500.0,15500.0,15500.0,0.0,0.0,2013,29,7,0,31,2.0,2.0,2.0,2.0,0.0,6.451612903225806,LOW
2013-07-30,15500.0,15500.0,15500.0,15500.0,15500.0,15500.0,15500.0,0.0,0.0,2013,30,7,1,31,2.0,2.0,2.0,2.0,0.0,6.451612903225806,LOW
2012-03-26,8000.0,7600.0,7500.0,7500.0,7757.142857142857,7757.142857142857,8765.0,257.2750982711977,231.0986659559032,2012,26,3,0,13,0.2,0.2,0.24285714285714288,0.2642857142857143,0.0,0.0,HIGH
2012-03-28,8000.0,7800.0,8000.0,8500.0,7814.285714285715,7792.857142857143,8781.666666666666,260.9506430251065,226.89979392569091,2012,28,3,2,13,0.2,0.3,0.24285714285714285,0.2571428571428572,49.999999999999986,0.0,HIGH
2012-03-29,8000.0,7400.0,8000.0,13000.0,7842.857142857143,7792.857142857143,8765.0,269.9206232526915,226.89979392569091,2012,29,3,3,13,0.3,0.3,0.24285714285714288,0.25,-33.33333333333333,0.0,HIGH
2012-03-30,8000.0,7500.0,7900.0,14000.0,7928.571428571428,7792.857142857143,8598.333333333334,188.98223650455765,226.89979392569091,2012,30,3,4,13,0.2,0.2,0.2285714285714286,0.24285714285714285,0.0,0.625,HIGH
2012-03-31,8000.0,8000.0,7800.0,13500.0,8000.0,7800.0,8398.333333333334,0.0,232.04774044613822,2012,31,3,5,13,0.2,0.3,0.2285714285714286,0.24285714285714288,0.0,0.0,MEDIUM
2012-04-04,8000.0,8000.0,7600.0,13500.0,8000.0,7814.285714285715,8215.0,0.0,238.1245403214484,2012,4,4,2,14,0.2,0.2,0.21428571428571427,0.2357142857142857,0.0,0.0,MEDIUM
2012-04-05,10000.0,8000.0,7500.0,10000.0,8285.714285714286,7985.714285714285,8098.333333333333,755.928946018441,623.7074546700501,2012,5,4,3,14,0.2,0.2,0.21428571428571427,0.2285714285714286,0.0,2.0,MEDIUM
2012-04-09,10000.0,8000.0,7600.0,8500.0,8571.42857142857,8164.285714285715,8098.333333333333,975.900072948523,805.3734373732326,2012,9,4,0,15,0.2,0.2,0.21428571428571427,0.2285714285714286,-50.0,0.0,MEDIUM
2012-04-10,10000.0,8000.0,7800.0,9700.0,8857.142857142857,8335.714285714286,8148.333333333333,1069.0449676496885,922.8777257596471,2012,10,4,1,15,0.1,0.3,0.19999999999999998,0.2214285714285714,100.0,0.0,MEDIUM
2012-04-11,10000.0,8000.0,7400.0,7650.0,9142.857142857143,8492.857142857143,8158.333333333333,1069.0449676496885,1008.0173119043651,2012,11,4,2,15,0.2,0.2,0.18571428571428575,0.21428571428571427,0.0,3.061224489795918,LOW
2012-04-12,9800.0,8000.0,7500.0,9000.0,9400.0,8664.285714285714,8230.0,959.1663046625337,1011.9342809743076,2012,12,4,3,15,0.2,0.2,0.18571428571428572,0.20714285714285716,0.0,2.0202020202020203,LOW
2012-04-13,9900.0,8000.0,8000.0,7800.0,9671.42857142857,8835.714285714286,8260.0,740.9774753982736,1002.7708863690893,2012,13,4,4,15,0.2,0.2,0.18571428571428572,0.20714285714285713,0.0,1.0101010101010102,LOW
2012-04-16,9900.0,10000.0,8000.0,7600.0,9942.857142857143,8971.42857142857,8330.0,78.67957924681282,1009.51517032726,2012,16,4,0,16,0.2,0.2,0.18571428571428572,0.2,0.0,1.0101010101010102,LOW
2012-04-17,9900.0,10000.0,8000.0,8300.0,9928.57142857143,9107.142857142857,8406.666666666666,75.59289460170906,996.5048810828649,2012,17,4,1,16,0.2,0.2,0.18571428571428575,0.2,0.0,2.0202020202020203,LOW
2012-04-20,9900.0,10000.0,8000.0,7800.0,9914.285714285714,9242.857142857143,8460.0,69.00655593408666,962.9396384263881,2012,20,4,4,16,0.2,0.1,0.18571428571428572,0.2,-50.0,1.0101010101010102,MEDIUM
2012-04-21,9900.0,10000.0,8000.0,8000.0,9900.0,9378.57142857143,8530.0,57.73502691878567,906.5391259141451,2012,21,4,5,16,0.1,0.2,0.18571428571428575,0.19285714285714287,100.0,10.1010101010101,MEDIUM
2012-05-03,9900.0,9800.0,8000.0,7500.0,9885.714285714286,9514.285714285714,8593.333333333334,37.79644730065408,822.6197765087412,2012,3,5,3,18,0.2,0.2,0.18571428571428572,0.18571428571428575,0.0,2.0202020202020203,MEDIUM
2012-05-10,9900.0,9900.0,8000.0,8000.0,9900.0,9650.0,8673.333333333334,0.0,701.3722812622916,2012,10,5,3,19,0.2,0.2,0.18571428571428572,0.18571428571428572,-50.0,2.0202020202020203,MEDIUM
2012-05-11,9900.0,9900.0,8000.0,8000.0,9900.0,9785.714285714286,8736.666666666666,0.0,517.1774622627336,2012,11,5,4,19,0.1,0.2,0.17142857142857146,0.17857142857142858,100.0,1.0101010101010102,MEDIUM
2012-05-12,9900.0,9900.0,10000.0,7900.0,9900.0,9921.42857142857,8800.0,0.0,57.89342235212886,2012,12,5,5,19,0.2,0.2,0.17142857142857146,0.1785714285714286,0.0,5.88235294117647,MEDIUM
2012-05-26,10200.0,9900.0,10000.0,7800.0,9942.857142857143,9935.714285714286,8876.666666666666,113.38934190267533,92.8782731663718,2012,26,5,5,21,0.2,0.2,0.17142857142857143,0.17857142857142858,49.999999999999986,3.061224489795918,MEDIUM
2012-05-28,9800.0,9900.0,10000.0,7600.0,9928.57142857143,9921.42857142857,8943.333333333334,125.35663410551861,97.49612559219032,2012,28,5,0,22,0.3,0.1,0.18571428571428572,0.18571428571428572,0.0,3.061224489795918,LOW
2012-05-29,9800.0,9900.0,10000.0,7500.0,9914.285714285714,9907.142857142857,9016.666666666666,134.51854182683323,99.72489631505607,2012,29,5,1,22,0.3,0.2,0.21428571428571433,0.2,-33.33333333333333,0.0,LOW
2012-05-30,10000.0,9900.0,9800.0,7600.0,9928.57142857143,9907.142857142857,9100.0,138.01311186839524,99.72489631505607,2012,30,5,2,22,0.2,0.2,0.21428571428571427,0.2,-50.0,0.0,LOW
2012-05-31,10000.0,9900.0,9900.0,7800.0,9942.857142857143,9921.42857142857,9180.0,139.72762620107878,97.49612559219032,2012,31,5,3,22,0.1,0.1,0.2,0.19285714285714287,100.0,0.0,LOW
2012-06-02,10000.0,9900.0,9900.0,7400.0,9957.142857142857,9928.57142857143,9253.333333333334,139.72762620107787,99.44903161973721,2012,2,6,5,22,0.2,0.2,0.21428571428571427,0.19285714285714287,0.0,0.0,MEDIUM
2012-06-04,10000.0,10200.0,9900.0,7500.0,9971.42857142857,9935.714285714286,9340.0,138.0131118683925,100.82080720183073,2012,4,6,0,23,0.2,0.2,0.21428571428571427,0.19285714285714287,0.0,0.0,MEDIUM
2012-06-05,10000.0,9800.0,9900.0,8000.0,9942.857142857143,9942.857142857143,9423.333333333334,97.59000729474477,101.63498575620432,2012,5,6,1,23,0.2,0.3,0.21428571428571427,0.19285714285714284,0.0,0.0,HIGH
2012-06-06,10000.0,9800.0,9900.0,8000.0,9971.42857142857,9950.0,9490.0,75.59289460170207,101.90493307298173,2012,6,6,2,23,0.2,0.3,0.2,0.19285714285714287,-50.0,0.0,HIGH
2012-06-07,10000.0,10000.0,9900.0,8000.0,10000.0,9957.142857142857,9556.666666666666,0.0,101.63498575620406,2012,7,6,3,23,0.1,0.2,0.17142857142857143,0.19285714285714287,0.0,0.0,HIGH
2012-06-08,10000.0,10000.0,9900.0,8000.0,10000.0,9964.285714285714,9623.333333333334,0.0,100.8208072018302,2012,8,6,4,23,0.1,0.1,0.15714285714285717,0.18571428571428572,100.0,0.9900990099009901,HIGH
2012-06-09,10100.0,10000.0,9900.0,8000.0,10014.285714285714,9978.57142857143,9693.333333333334,37.79644730062749,105.09022810875155,2012,9,6,5,23,0.2,0.2,0.17142857142857143,0.18571428571428572,400.0,0.0,MEDIUM
2012-08-09,10000.0,10000.0,9900.0,8000.0,10014.285714285714,9985.714285714286,9760.0,37.79644730062749,102.71051820258675,2012,9,8,3,32,1.0,0.2,0.2857142857142857,0.25,-70.0,15.151515151515152,MEDIUM
2012-08-11,1320.0,10000.0,10200.0,8000.0,8774.285714285714,9372.857142857143,9537.333333333334,3287.242294806074,2319.915212546913,2012,11,8,5,32,0.3,0.2,0.3,0.2571428571428572,33.33333333333335,15.384615384615385,MEDIUM
2012-08-13,1300.0,10000.0,9800.0,8000.0,7531.428571428572,8737.142857142857,9314.0,4250.20559726793,3147.588646204311,2012,13,8,0,33,0.4,0.2,0.3285714285714286,0.27142857142857146,-25.000000000000007,24.0,MEDIUM
2012-08-14,1250.0,10000.0,9800.0,10000.0,6281.428571428572,8126.428571428572,9089.0,4669.234157658797,3705.516899773296,2012,14,8,1,33,0.3,0.1,0.34285714285714286,0.2714285714285714,0.0,23.076923076923077,MEDIUM
2012-08-16,1300.0,10000.0,10000.0,10000.0,5038.571428571428,7519.285714285715,8799.0,4672.338559976971,4086.9369088234407,2012,16,8,3,33,0.3,0.1,0.3714285714285714,0.27142857142857146,-33.33333333333333,18.181818181818183,HIGH
2012-08-17,1100.0,10100.0,10000.0,10000.0,3767.1428571428573,6883.571428571428,8502.333333333334,4292.733062147845,4354.7950709407805,2012,17,8,4,33,0.2,0.2,0.38571428571428573,0.2714285714285714,49.999999999999986,8.333333333333332,HIGH
2012-08-18,1200.0,10000.0,10000.0,10000.0,2495.714285714286,6255.0,8209.0,3309.953963138359,4502.9439088394,2012,18,8,5,33,0.3,1.0,0.39999999999999997,0.2857142857142857,-33.33333333333333,35.714285714285715,HIGH
2012-08-20,1400.0,1320.0,10000.0,9800.0,1267.142857142857,5640.714285714285,7922.333333333333,96.04066599060896,4539.211155265629,2012,20,8,0,34,0.2,0.3,0.2857142857142857,0.2857142857142857,49.999999999999986,16.666666666666664,HIGH
2012-08-21,1200.0,1300.0,10000.0,9900.0,1250.0,5012.142857142857,7635.666666666667,95.74271077621057,4498.229016592452,2012,21,8,1,34,0.3,0.4,0.2857142857142857,0.2928571428571428,-33.33333333333333,0.0,HIGH
2012-08-23,1000.0,1250.0,10000.0,9900.0,1207.142857142857,4369.285714285715,7339.0,130.47532151299953,4371.900597585089,2012,23,8,3,34,0.2,0.3,0.2571428571428572,0.29285714285714287,49.999999999999986,0.0,HIGH
2012-08-24,11000.0,1300.0,10000.0,9900.0,2600.0,4440.714285714285,7375.666666666667,3706.300941190118,4477.857427705482,2012,24,8,4,34,0.3,0.3,0.2571428571428572,0.3,-33.33333333333333,0.0,HIGH
2012-08-25,12000.0,1100.0,10000.0,9900.0,4128.571428571428,4583.571428571428,7445.666666666667,5045.365624582063,4695.473445683714,2012,25,8,5,34,0.2,0.2,0.24285714285714285,0.3071428571428572,0.0,21.428571428571427,HIGH
2012-08-28,1400.0,1200.0,10100.0,9900.0,4171.428571428572,3969.285714285714,7162.333333333333,5016.5440579859705,4490.431646693488,2012,28,8,1,35,0.2,0.3,0.24285714285714285,0.31428571428571433,0.0,11.428571428571429,MEDIUM
2012-09-12,1750.0,1400.0,10000.0,9900.0,4250.0,3372.8571428571427,6890.666666666667,4966.3031186856415,4155.543893998122,2012,12,9,2,37,0.2,0.2,0.2285714285714286,0.3142857142857142,0.0,0.0,HIGH
2012-09-19,11000.0,1200.0,1320.0,9900.0,5621.428571428572,3444.285714285714,6927.333333333333,5358.160220857621,4284.802686931347,2012,19,9,2,38,0.2,0.3,0.2285714285714286,0.2571428571428572,49.999999999999986,9.523809523809524,HIGH
2012-09-20,10500.0,1000.0,1300.0,9900.0,6950.0,4100.0,6947.333333333333,5230.599073401315,4623.7264358789835,2012,20,9,3,38,0.3,0.2,0.2285714285714286,0.2571428571428572,0.0,4.716981132075472,HIGH
2012-09-21,10600.0,11000.0,1250.0,9900.0,8321.42857142857,4764.285714285715,6970.666666666667,4635.178632197572,4852.8908343944295,2012,21,9,4,38,0.3,0.3,0.24285714285714285,0.25,0.0,10.0,HIGH
2012-09-22,10000.0,12000.0,1300.0,10200.0,8178.571428571428,5389.285714285715,6974.0,4553.556956092782,4928.339499241122,2012,22,9,5,38,0.3,0.2,0.24285714285714285,0.25,-66.66666666666666,0.0,MEDIUM
2012-09-24,11000.0,1400.0,1100.0,9800.0,8035.714285714285,6082.142857142857,7000.666666666667,4427.632388921711,4990.668490094487,2012,24,9,0,39,0.1,0.2,0.2285714285714286,0.2357142857142857,0.0,0.0,MEDIUM
2012-09-25,12000.0,1750.0,1200.0,9800.0,9550.0,6860.714285714285,7074.0,3494.1617974367828,5003.851538543108,2012,25,9,1,39,0.1,0.2,0.21428571428571427,0.2285714285714286,199.99999999999997,0.0,HIGH
2012-09-26,12000.0,11000.0,1400.0,10000.0,11014.285714285714,7632.142857142857,7147.333333333333,753.7209285240759,4895.351293391956,2012,26,9,2,39,0.3,0.2,0.22857142857142856,0.2285714285714286,33.33333333333335,0.0,HIGH
2012-09-27,12000.0,10500.0,1200.0,10000.0,11157.142857142857,8389.285714285714,7214.0,840.3514004215322,4671.93661753258,2012,27,9,3,39,0.4,0.3,0.2571428571428571,0.24285714285714288,-50.0,3.90625,HIGH
2012-09-28,12800.0,10600.0,1000.0,10000.0,11485.714285714286,9217.857142857143,7307.333333333333,978.8233947424761,4313.735091490951,2012,28,9,4,39,0.2,0.3,0.24285714285714288,0.2357142857142857,49.999999999999986,0.0,HIGH
2012-09-29,12000.0,10000.0,11000.0,10000.0,11685.714285714286,10003.57142857143,7374.0,908.1640296564532,3652.9474024785422,2012,29,9,5,39,0.3,0.3,0.24285714285714288,0.24285714285714288,-33.33333333333333,7.6923076923076925,MEDIUM
2012-10-01,13000.0,11000.0,12000.0,10000.0,12114.285714285714,10146.42857142857,7474.0,651.7376042256861,3733.139753288433,2012,1,10,0,40,0.2,0.1,0.2285714285714286,0.2357142857142857,49.999999999999986,0.0,MEDIUM
2012-10-02,10000.0,12000.0,1400.0,10000.0,11971.42857142857,10003.57142857143,7474.0,969.0446940402464,3694.823004281401,2012,2,10,1,40,0.3,0.1,0.2571428571428571,0.24285714285714288,-33.33333333333333,0.9523809523809524,MEDIUM
2012-10-04,10500.0,12000.0,1750.0,10000.0,11757.142857142857,10653.57142857143,7490.666666666667,1116.3290178932093,2742.5748910407233,2012,4,10,3,40,0.2,0.3,0.27142857142857146,0.24285714285714285,49.999999999999986,0.0,MEDIUM
2012-10-05,10000.0,12000.0,11000.0,10000.0,11471.42857142857,11242.857142857143,7490.666666666667,1286.7456181057053,1040.4986125110229,2012,5,10,4,40,0.3,0.4,0.2714285714285714,0.25000000000000006,-33.33333333333333,4.761904761904762,LOW
2012-10-06,10500.0,12800.0,10500.0,10100.0,11257.142857142857,11207.142857142857,7507.333333333333,1308.7616829878143,1057.911066288573,2012,6,10,5,40,0.2,0.2,0.24285714285714288,0.25,0.0,0.0,LOW
2012-10-10,10000.0,12000.0,10600.0,10000.0,10857.142857142857,11171.42857142857,7504.0,1180.193688704149,1091.5257997081758,2012,10,10,2,41,0.2,0.3,0.24285714285714285,0.24285714285714288,100.0,0.0,MEDIUM
2012-10-11,10000.0,13000.0,10000.0,1320.0,10571.42857142857,11128.57142857143,7504.0,1096.5313275875535,1126.8940100515713,2012,11,10,3,41,0.4,0.2,0.2571428571428571,0.25,-25.000000000000007,0.0,MEDIUM
2012-10-12,10000.0,10000.0,11000.0,1300.0,10142.857142857143,11128.57142857143,7793.333333333333,243.97501823709305,1126.8940100515713,2012,12,10,4,41,0.3,0.3,0.2714285714285714,0.25000000000000006,0.0,0.0,MEDIUM
2012-10-13,10000.0,10500.0,12000.0,1250.0,10142.857142857143,11057.142857142857,8083.333333333333,243.97501823709305,1166.6614337925557,2012,13,10,5,41,0.3,0.2,0.27142857142857146,0.2642857142857143,33.33333333333335,0.0,MEDIUM
2012-10-15,10000.0,10000.0,12000.0,1300.0,10071.42857142857,10914.285714285714,8375.0,188.98223650456669,1164.7760714846854,2012,15,10,0,42,0.4,0.3,0.3,0.2857142857142857,-25.000000000000007,0.0,MEDIUM
2012-10-16,10000.0,10500.0,12000.0,1100.0,10071.42857142857,10771.42857142857,8665.0,188.98223650456669,1143.832001804307,2012,16,10,1,42,0.3,0.2,0.3,0.2857142857142857,-33.33333333333333,9.523809523809524,MEDIUM
2012-10-17,10500.0,10000.0,12800.0,1200.0,10071.42857142857,10664.285714285714,8978.333333333334,188.98223650456669,1088.8293946020422,2012,17,10,2,42,0.2,0.2,0.3,0.2714285714285714,49.999999999999986,0.0,MEDIUM
2012-10-18,10000.0,10000.0,12000.0,1400.0,10071.42857142857,10464.285714285714,9271.666666666666,188.98223650456669,908.5975184587776,2012,18,10,3,42,0.3,0.4,0.31428571428571433,0.2785714285714286,66.66666666666667,4.587155963302752,MEDIUM
2012-10-19,10900.0,10000.0,13000.0,1200.0,10200.0,10385.714285714286,9588.333333333334,360.5551275463697,807.5196047700078,2012,19,10,4,42,0.5,0.3,0.3285714285714286,0.29285714285714287,-80.0,9.523809523809524,MEDIUM
2012-10-20,10500.0,10000.0,10000.0,1000.0,10271.42857142857,10207.142857142857,9898.333333333334,363.84193323602676,304.99504589742946,2012,20,10,5,42,0.1,0.3,0.29999999999999993,0.2857142857142857,100.0,0.0,MEDIUM
2012-10-22,11000.0,10000.0,10500.0,11000.0,10414.285714285714,10278.57142857143,10231.666666666666,429.8393941484165,364.11868612090626,2012,22,10,0,43,0.2,0.4,0.2857142857142857,0.2785714285714286,149.99999999999997,0.0,MEDIUM
2012-10-23,11000.0,10000.0,10000.0,12000.0,10557.142857142857,10314.285714285714,10231.666666666666,435.3433237386083,409.2340741831319,2012,23,10,1,43,0.5,0.3,0.3,0.3,-40.0,10.0,MEDIUM
2012-10-24,10000.0,10500.0,10500.0,1400.0,10557.142857142857,10314.285714285714,10165.0,435.3433237386083,409.2340741831319,2012,24,10,2,43,0.3,0.2,0.3,0.3,66.66666666666667,0.0,MEDIUM
2012-10-25,11000.0,10000.0,10000.0,1750.0,10628.57142857143,10350.0,10485.0,464.45052020021814,446.7833754912803,2012,25,10,3,43,0.5,0.3,0.34285714285714286,0.32142857142857145,0.0,9.523809523809524,MEDIUM
2012-10-26,10500.0,10900.0,10000.0,11000.0,10700.0,10385.714285714286,10776.666666666666,382.9708431024906,436.51970236112885,2012,26,10,4,43,0.5,0.5,0.37142857142857144,0.34285714285714286,19.999999999999996,0.0,MEDIUM
2012-10-27,10000.0,10500.0,10000.0,10500.0,10571.42857142857,10385.714285714286,10743.333333333334,449.86770542118364,436.51970236112885,2012,27,10,5,43,0.6,0.1,0.38571428571428573,0.3571428571428572,-66.66666666666666,5.0,MEDIUM
2012-10-29,10000.0,11000.0,10000.0,10600.0,10500.0,10385.714285714286,10726.666666666666,499.99999999996993,436.51970236112885,2012,29,10,0,44,0.2,0.2,0.39999999999999997,0.35,0.0,0.0,LOW
2012-10-30,10000.0,11000.0,10000.0,10000.0,10357.142857142857,10385.714285714286,10706.666666666666,475.59486560564244,436.51970236112885,2012,30,10,1,44,0.2,0.5,0.4,0.34285714285714286,149.99999999999997,0.0,MEDIUM
2012-10-31,11000.0,10000.0,10000.0,11000.0,10357.142857142857,10457.142857142857,10740.0,475.59486560564244,450.15259927869033,2012,31,10,2,44,0.5,0.3,0.39999999999999997,0.35000000000000003,-40.0,0.0,MEDIUM
2012-11-01,11000.0,11000.0,10500.0,12000.0,10500.0,10528.57142857143,10740.0,499.99999999996993,451.37153624953237,2012,1,11,3,44,0.3,0.5,0.39999999999999997,0.35,33.33333333333335,0.0,MEDIUM
2012-11-02,11000.0,10500.0,10000.0,12000.0,10500.0,10564.285714285714,10706.666666666666,499.99999999996993,468.39684498895167,2012,2,11,4,44,0.4,0.5,0.3857142857142857,0.36428571428571427,0.0,0.0,MEDIUM
2012-11-03,11000.0,10000.0,10900.0,12000.0,10571.42857142857,10635.714285714286,10673.333333333334,534.5224838248191,451.67575650126446,2012,3,11,5,44,0.4,0.6,0.37142857142857144,0.37142857142857144,0.0,0.0,LOW
2012-11-05,11000.0,10000.0,10500.0,12800.0,10714.285714285714,10642.857142857143,10640.0,487.9500364742306,456.9367667316884,2012,5,11,0,45,0.4,0.2,0.34285714285714286,0.36428571428571427,24.999999999999993,0.0,LOW
2012-11-06,12000.0,10000.0,11000.0,12000.0,11000.0,10750.0,10613.333333333334,577.3502691895898,580.1193511153234,2012,6,11,1,45,0.5,0.2,0.38571428571428573,0.39285714285714285,0.0,0.0,LOW
2012-11-07,12000.0,11000.0,11000.0,13000.0,11285.714285714286,10821.42857142857,10613.333333333334,487.95003647421777,668.1531047810635,2012,7,11,2,45,0.5,0.5,0.42857142857142855,0.41428571428571426,-80.0,0.0,LOW
2012-11-09,12000.0,11000.0,10000.0,10000.0,11428.57142857143,10892.857142857143,10580.0,534.5224838248012,738.4644001776081,2012,9,11,4,45,0.1,0.3,0.37142857142857144,0.38571428571428573,100.0,0.0,LOW
2012-11-10,12000.0,11000.0,11000.0,10500.0,11571.42857142857,11035.714285714286,10646.666666666666,534.5224838247982,745.8677371482743,2012,10,11,5,45,0.2,0.4,0.35714285714285715,0.37857142857142856,0.0,0.0,LOW
2012-11-12,12000.0,11000.0,10500.0,10000.0,11714.285714285714,11107.142857142857,10696.666666666666,487.95003647420765,788.8299862788899,2012,12,11,0,46,0.2,0.4,0.3285714285714286,0.35714285714285715,0.0,0.0,HIGH
2012-11-14,12000.0,11000.0,10000.0,10500.0,11857.142857142857,11214.285714285714,10763.333333333334,377.9644730091466,801.7837257372779,2012,14,11,2,46,0.2,0.4,0.3,0.33571428571428574,149.99999999999997,8.333333333333332,HIGH
2012-11-15,12000.0,12000.0,10000.0,10000.0,12000.0,11357.142857142857,10813.333333333334,0.0,744.9463436684979,2012,15,11,3,46,0.5,0.5,0.31428571428571433,0.3285714285714286,-19.999999999999996,0.0,HIGH
2012-11-16,12000.0,12000.0,10000.0,10000.0,12000.0,11500.0,10880.0,0.0,650.4436355879986,2012,16,11,4,46,0.4,0.5,0.3,0.3428571428571429,24.999999999999993,0.0,HIGH
2012-11-17,12000.0,12000.0,11000.0,10000.0,12000.0,11642.857142857143,10946.666666666666,0.0,497.2451580988581,2012,17,11,5,46,0.5,0.1,0.3,0.3642857142857143,0.0,0.0,HIGH
2012-11-19,12000.0,12000.0,11000.0,10000.0,12000.0,11714.285714285714,11013.333333333334,0.0,468.8072309385079,2012,19,11,0,47,0.5,0.2,0.35714285714285715,0.3642857142857143,0.0,21.428571428571427,HIGH
2012-11-20,14000.0,12000.0,11000.0,10000.0,12285.714285714286,11928.57142857143,11146.666666666666,755.9289460184069,730.0459115473813,2012,20,11,1,47,0.5,0.2,0.4,0.3785714285714286,-80.0,22.22222222222222,MEDIUM
2012-11-22,18000.0,12000.0,11000.0,10000.0,13142.857142857143,12428.57142857143,11413.333333333334,2267.7868380553423,1741.5415679698986,2012,22,11,3,47,0.1,0.2,0.38571428571428573,0.35714285714285715,400.0,4.0,MEDIUM
2012-11-23,12500.0,12000.0,11000.0,10500.0,13214.285714285714,12535.714285714286,11496.666666666666,2233.4044054078386,1692.3389108009687,2012,23,11,4,47,0.5,0.5,0.42857142857142855,0.3642857142857143,0.0,8.333333333333332,MEDIUM
2012-11-24,12000.0,12000.0,12000.0,10000.0,13214.285714285714,12607.142857142857,11546.666666666666,2233.4044054078386,1642.9168646574435,2012,24,11,5,47,0.5,0.4,0.42857142857142855,0.37142857142857144,0.0,8.333333333333332,MEDIUM
2012-11-26,12000.0,12000.0,12000.0,10900.0,13214.285714285714,12607.142857142857,11613.333333333334,2233.4044054078386,1642.9168646574435,2012,26,11,0,48,0.5,0.5,0.4428571428571428,0.37142857142857144,-80.0,0.0,MEDIUM
2012-11-27,12000.0,12000.0,12000.0,10500.0,13214.285714285714,12607.142857142857,11650.0,2233.4044054078386,1642.9168646574435,2012,27,11,1,48,0.1,0.5,0.3857142857142857,0.3428571428571429,400.0,0.0,LOW
2012-11-28,12000.0,14000.0,12000.0,11000.0,13214.285714285714,12607.142857142857,11700.0,2233.4044054078386,1642.9168646574435,2012,28,11,2,48,0.5,0.5,0.3857142857142857,0.3714285714285715,0.0,0.0,LOW
2012-11-29,11000.0,18000.0,12000.0,11000.0,12785.714285714286,12535.714285714286,11700.0,2342.6684012243713,1692.3389108009687,2012,29,11,3,48,0.5,0.1,0.3857142857142857,0.39285714285714285,0.0,0.0,LOW
2012-11-30,11000.0,12500.0,12000.0,10000.0,11785.714285714286,12464.285714285714,11700.0,566.9467095137896,1737.198072430764,2012,30,11,4,48,0.5,0.5,0.4428571428571428,0.4142857142857143,0.0,0.0,LOW
2012-12-01,11000.0,12000.0,12000.0,11000.0,11571.42857142857,12392.857142857143,11733.333333333334,534.5224838247999,1777.839780664811,2012,1,12,5,48,0.5,0.5,0.4428571428571428,0.43571428571428567,-80.0,0.0,LOW
2012-12-03,11000.0,12000.0,12000.0,10500.0,11428.57142857143,12321.42857142857,11733.333333333334,534.5224838248038,1814.5474415353362,2012,3,12,0,49,0.1,0.5,0.3857142857142857,0.40714285714285714,400.0,0.0,MEDIUM
2012-12-04,11000.0,12000.0,12000.0,10000.0,11285.714285714286,12250.0,11750.0,487.95003647422124,1847.555557611612,2012,4,12,1,49,0.5,0.1,0.38571428571428573,0.4142857142857143,0.0,9.090909090909092,MEDIUM
2012-12-05,11000.0,12000.0,12000.0,10000.0,11142.857142857143,12178.57142857143,11783.333333333334,377.9644730091738,1877.059308693165,2012,5,12,2,49,0.5,0.5,0.4428571428571429,0.4142857142857143,0.0,0.0,MEDIUM
2012-12-06,11000.0,11000.0,14000.0,10000.0,11000.0,12107.142857142857,11816.666666666666,0.0,1903.2216758046761,2012,6,12,3,49,0.5,0.5,0.4428571428571429,0.4142857142857143,0.0,0.9090909090909091,MEDIUM
2012-12-07,11000.0,11000.0,18000.0,11000.0,11000.0,11892.857142857143,11850.0,0.0,1841.5980876628655,2012,7,12,4,49,0.5,0.5,0.4428571428571429,0.4142857142857143,-60.0,0.0,MEDIUM
2012-12-08,11000.0,11000.0,12500.0,11000.0,11000.0,11392.857142857143,11850.0,0.0,560.8568797477968,2012,8,12,5,49,0.2,0.5,0.4,0.42142857142857143,149.99999999999997,7.82608695652174,MEDIUM
2012-12-10,11500.0,11000.0,12000.0,11000.0,11071.42857142857,11321.42857142857,11866.666666666666,188.98223650451192,464.3913658320254,2012,10,12,0,50,0.5,0.1,0.4,0.42142857142857143,19.999999999999996,0.0,MEDIUM
2012-12-11,11000.0,11000.0,12000.0,11000.0,11071.42857142857,11250.0,11866.666666666666,188.98223650451192,427.4252071325454,2012,11,12,1,50,0.6,0.5,0.4714285714285714,0.42857142857142855,-16.666666666666664,0.0,MEDIUM
2012-12-12,11000.0,11000.0,12000.0,11000.0,11071.42857142857,11178.57142857143,11866.666666666666,188.98223650451192,372.47317183423246,2012,12,12,2,50,0.5,0.5,0.4714285714285714,0.42857142857142855,0.0,0.0,MEDIUM
2012-12-13,11000.0,11000.0,12000.0,12000.0,11071.42857142857,11107.142857142857,11866.666666666666,188.98223650451192,289.4671117608996,2012,13,12,3,50,0.5,0.5,0.4714285714285714,0.4571428571428572,0.0,0.0,MEDIUM
2012-12-14,11000.0,11000.0,11000.0,12000.0,11071.42857142857,11035.714285714286,11833.333333333334,188.98223650451192,133.63062095616317,2012,14,12,4,50,0.5,0.5,0.4714285714285714,0.4571428571428572,0.0,1.8018018018018018,MEDIUM
2012-12-15,11100.0,11000.0,11000.0,12000.0,11085.714285714286,11042.857142857143,11803.333333333334,186.4454471470569,134.2459609149008,2012,15,12,5,50,0.5,0.2,0.4714285714285714,0.4571428571428572,0.0,0.0,MEDIUM
2012-12-18,11000.0,11500.0,11000.0,12000.0,11085.714285714286,11042.857142857143,11770.0,186.4454471470569,134.2459609149008,2012,18,12,1,51,0.5,0.5,0.5142857142857142,0.4571428571428572,0.0,4.464285714285714,MEDIUM
2012-12-19,11200.0,11000.0,11000.0,12000.0,11042.857142857143,11057.142857142857,11743.333333333334,78.67957924670395,139.85864135056826,2012,19,12,2,51,0.5,0.6,0.5142857142857142,0.4571428571428572,19.999999999999996,0.904977375565611,MEDIUM
2012-12-20,11050.0,11000.0,11000.0,12000.0,11050.0,11060.714285714286,11711.666666666666,76.37626158234852,138.92246236457927,2012,20,12,3,51,0.6,0.5,0.5142857142857143,0.4928571428571428,-16.666666666666664,1.8018018018018018,MEDIUM
2012-12-21,11100.0,11000.0,11000.0,12000.0,11064.285714285714,11067.857142857143,11681.666666666666,74.80132415405296,138.12917986311894,2012,21,12,4,51,0.5,0.5,0.5142857142857142,0.4928571428571428,-19.999999999999996,0.0,MEDIUM
2012-12-24,11000.0,11000.0,11000.0,12000.0,11064.285714285714,11067.857142857143,11648.333333333334,74.80132415405296,138.12917986311894,2012,24,12,0,52,0.4,0.5,0.5,0.4857142857142857,24.999999999999993,0.0,MEDIUM
2012-12-26,11000.0,11100.0,11000.0,12000.0,11064.285714285714,11067.857142857143,11615.0,74.80132415405296,138.12917986311894,2012,26,12,2,52,0.5,0.5,0.5,0.4857142857142857,0.0,1.8018018018018018,MEDIUM
2012-12-27,11100.0,11000.0,11000.0,12000.0,11064.285714285714,11075.0,11585.0,74.80132415405296,136.93063937624652,2012,27,12,3,52,0.5,0.5,0.5,0.4857142857142857,0.0,2.6785714285714284,MEDIUM
2012-12-28,11200.0,11200.0,11500.0,14000.0,11092.857142857143,11089.285714285714,11558.333333333334,83.80817098451854,138.92246236458124,2012,28,12,4,52,0.5,0.5,0.5,0.5071428571428572,0.0,4.464285714285714,MEDIUM
2012-12-29,11200.0,11050.0,11000.0,18000.0,11092.857142857143,11067.857142857143,11465.0,83.80817098451854,82.29202890903585,2012,29,12,5,52,0.5,0.6,0.5,0.5071428571428571,0.0,8.695652173913043,MEDIUM
2012-12-31,11500.0,11100.0,11000.0,12500.0,11157.142857142857,11103.57142857143,11248.333333333334,171.8249385967253,139.31740974956736,2012,31,12,0,1,0.5,0.5,0.48571428571428577,0.5,19.999999999999996,7.6923076923076925,MEDIUM
2013-01-01,11700.0,11000.0,11000.0,12000.0,11242.857142857143,11153.57142857143,11221.666666666666,263.67367999814866,207.97955309473002,2013,1,1,1,1,0.6,0.4,0.5,0.5071428571428571,-16.666666666666664,7.894736842105263,MEDIUM
2013-01-02,11400.0,11000.0,11000.0,12000.0,11300.0,11182.142857142857,11201.666666666666,244.94897427822607,212.68172578645806,2013,2,1,2,1,0.5,0.5,0.5142857142857142,0.5071428571428571,0.0,9.090909090909092,MEDIUM
2013-01-05,11000.0,11100.0,11100.0,12000.0,11300.0,11182.142857142857,11168.333333333334,244.94897427822607,212.68172578645806,2013,5,1,5,1,0.5,0.5,0.5142857142857142,0.5071428571428571,300.0,7.82608695652174,MEDIUM
2013-01-08,11500.0,11200.0,11000.0,12000.0,11357.142857142857,11210.714285714286,11151.666666666666,237.0453040885429,227.1720556255393,2013,8,1,1,2,2.0,0.5,0.7285714285714285,0.6142857142857142,-70.0,8.695652173913043,MEDIUM
2013-01-09,11500.0,11200.0,11200.0,11000.0,11400.0,11246.42857142857,11135.0,230.9401076757474,230.77152013514484,2013,9,1,2,2,0.6,0.5,0.7428571428571428,0.6214285714285713,33.33333333333335,0.0,MEDIUM
2013-01-10,11000.0,11500.0,11050.0,11000.0,11371.42857142857,11232.142857142857,11135.0,269.0370836537329,239.87748704536563,2013,10,1,3,2,0.8,0.5,0.7857142857142857,0.6428571428571429,-37.50000000000001,4.545454545454546,MEDIUM
2013-01-11,11000.0,11700.0,11100.0,11000.0,11300.0,11228.57142857143,11135.0,294.3920288775191,243.14785444430686,2013,11,1,4,2,0.5,0.6,0.7857142857142857,0.6357142857142858,0.0,4.464285714285714,MEDIUM
2013-01-12,11200.0,11400.0,11000.0,11000.0,11228.57142857143,11235.714285714286,11141.666666666666,236.03873774074296,240.5351177211629,2013,12,1,5,2,0.5,0.5,0.7714285714285715,0.6357142857142858,0.0,9.090909090909092,MEDIUM
2013-01-14,11000.0,11000.0,11000.0,11000.0,11171.42857142857,11235.714285714286,11141.666666666666,236.03873774074688,240.5351177211629,2013,14,1,0,3,0.5,0.5,0.7714285714285715,0.6428571428571429,0.0,8.695652173913043,HIGH
2013-01-15,11500.0,11500.0,11100.0,11000.0,11242.857142857143,11271.42857142857,11158.333333333334,250.71326821111774,239.963367167593,2013,15,1,1,3,0.5,2.0,0.7714285714285715,0.6428571428571429,0.0,4.464285714285714,HIGH
2013-01-16,11200.0,11500.0,11200.0,11000.0,11200.0,11278.57142857143,11165.0,223.60679774988623,235.92231912079077,2013,16,1,2,3,0.5,0.6,0.5571428571428572,0.6428571428571429,-40.0,0.0,MEDIUM
2013-01-17,12000.0,11000.0,11200.0,11000.0,11271.42857142857,11335.714285714286,11198.333333333334,368.39419880644385,302.8255218823033,2013,17,1,3,3,0.3,0.8,0.5142857142857143,0.6285714285714287,900.0000000000002,0.0,HIGH
2013-01-19,11000.0,11000.0,11500.0,11000.0,11271.42857142857,11321.42857142857,11198.333333333334,368.39419880644385,314.22327051995387,2013,19,1,5,3,3.0,0.5,0.8285714285714286,0.8071428571428572,0.0,0.0,HIGH
2013-01-21,11000.0,11200.0,11700.0,11500.0,11271.42857142857,11285.714285714286,11198.333333333334,368.39419880644385,320.7134902948965,2013,21,1,0,4,3.0,0.5,1.1857142857142857,0.9857142857142858,-90.0,0.0,HIGH
2013-01-23,10000.0,11000.0,11400.0,11000.0,11100.0,11164.285714285714,11148.333333333334,608.2762530297911,448.2566964743038,2013,23,1,2,4,0.3,0.5,1.157142857142857,0.9642857142857143,0.0,0.0,HIGH
2013-01-24,10000.0,11500.0,11000.0,11000.0,10957.142857142857,11064.285714285714,11115.0,739.0470053998217,538.6695045803355,2013,24,1,3,4,0.3,0.5,1.1285714285714286,0.9500000000000001,-66.66666666666666,0.0,HIGH
2013-01-25,10000.0,11200.0,11500.0,11000.0,10742.857142857143,10992.857142857143,11081.666666666666,772.1337165222435,609.4944761714452,2013,25,1,4,4,0.1,0.5,1.0714285714285714,0.9214285714285715,100.0,4.3478260869565215,HIGH
2013-02-25,11500.0,12000.0,11500.0,11000.0,10785.714285714286,10992.857142857143,11098.333333333334,809.1735937126713,609.4944761714452,2013,25,2,0,9,0.2,0.3,1.0285714285714287,0.7928571428571429,149.99999999999997,0.0,HIGH
2013-02-26,11000.0,11000.0,11000.0,11100.0,10642.857142857143,10957.142857142857,11098.333333333334,626.7831705279929,591.8865350129682,2013,26,2,1,9,0.5,3.0,1.0571428571428572,0.7857142857142858,-40.0,4.545454545454546,MEDIUM
2013-02-27,11000.0,11000.0,11000.0,11000.0,10642.857142857143,10957.142857142857,11095.0,626.7831705279929,591.8865350129682,2013,27,2,2,9,0.3,3.0,0.6714285714285715,0.75,-33.33333333333333,0.0,HIGH
2013-03-01,12000.0,10000.0,11200.0,11200.0,10785.714285714286,11028.57142857143,11128.333333333334,809.1735937126713,654.4857892663803,2013,1,3,4,9,0.2,0.3,0.2714285714285714,0.7285714285714286,0.0,0.0,MEDIUM
2013-03-02,13000.0,10000.0,11000.0,11050.0,11214.285714285714,11157.142857142857,11188.333333333334,1074.5984853711004,840.9832027173537,2013,2,3,5,9,0.2,0.3,0.2571428571428572,0.7071428571428572,49.999999999999986,0.0,HIGH
2013-03-04,12000.0,10000.0,11500.0,11100.0,11500.0,11228.57142857143,11220.0,957.4271077563105,868.6227573034719,2013,4,3,0,10,0.3,0.1,0.2571428571428571,0.692857142857143,-33.33333333333333,0.0,HIGH
2013-03-05,12000.0,11500.0,11200.0,11000.0,11785.714285714286,11264.285714285714,11250.0,698.6381310057266,890.6412062338853,2013,5,3,1,10,0.2,0.2,0.27142857142857146,0.6714285714285715,199.99999999999997,0.0,HIGH
2013-03-06,12000.0,11000.0,12000.0,11000.0,11857.142857142857,11321.42857142857,11283.333333333334,690.0655593423065,911.6161231812155,2013,6,3,2,10,0.6,0.5,0.32857142857142857,0.6785714285714286,-66.66666666666666,0.0,HIGH
2013-03-07,11000.0,11000.0,11000.0,11100.0,11857.142857142857,11250.0,11283.333333333334,690.0655593423065,893.3515114874518,2013,7,3,3,10,0.2,0.3,0.2857142857142857,0.6714285714285716,199.99999999999997,0.0,MEDIUM
2013-03-08,11000.0,12000.0,11000.0,11200.0,11857.142857142857,11250.0,11280.0,690.0655593423065,893.3515114874518,2013,8,3,4,10,0.6,0.2,0.32857142857142857,0.5,-66.66666666666666,0.0,MEDIUM
2013-03-09,13000.0,13000.0,10000.0,11200.0,12000.0,11392.857142857143,11340.0,816.4965809276828,1003.4281896917814,2013,9,3,5,10,0.2,0.2,0.32857142857142857,0.3,199.99999999999997,0.0,HIGH
2013-03-11,12000.0,12000.0,10000.0,11500.0,11857.142857142857,11535.714285714286,11366.666666666666,690.0655593423066,929.5219142177257,2013,11,3,0,11,0.6,0.3,0.38571428571428573,0.3214285714285715,0.0,0.0,HIGH
2013-03-12,12000.0,12000.0,10000.0,11700.0,11857.142857142857,11678.57142857143,11383.333333333334,690.0655593423066,822.9202890911125,2013,12,3,1,11,0.6,0.2,0.42857142857142855,0.3428571428571429,-66.66666666666666,0.0,HIGH
2013-03-13,12000.0,12000.0,11500.0,11400.0,11857.142857142857,11821.42857142857,11393.333333333334,690.0655593423066,668.153104781061,2013,13,3,2,11,0.2,0.6,0.42857142857142855,0.35000000000000003,199.99999999999997,0.0,HIGH
2013-03-14,12000.0,11000.0,11000.0,11000.0,11857.142857142857,11857.142857142857,11413.333333333334,690.0655593423066,662.9935441317962,2013,14,3,3,11,0.6,0.2,0.42857142857142855,0.37857142857142856,0.0,0.0,HIGH
2013-03-15,11000.0,11000.0,11000.0,11500.0,11857.142857142857,11857.142857142857,11413.333333333334,690.0655593423066,662.9935441317962,2013,15,3,4,11,0.6,0.6,0.4857142857142857,0.38571428571428573,0.0,0.0,MEDIUM
2013-03-16,13000.0,13000.0,12000.0,11500.0,12142.857142857143,12000.0,11463.333333333334,690.0655593422997,679.3662204867591,2013,16,3,5,11,0.6,0.2,0.48571428571428565,0.40714285714285714,0.0,0.0,MEDIUM
2013-03-18,11000.0,12000.0,13000.0,11000.0,11857.142857142857,11928.57142857143,11446.666666666666,690.0655593423072,730.0459115473727,2013,18,3,0,12,0.6,0.6,0.5428571428571428,0.43571428571428567,0.0,0.0,MEDIUM
2013-03-19,12000.0,12000.0,12000.0,11000.0,11857.142857142857,11857.142857142857,11480.0,690.0655593423072,662.9935441317963,2013,19,3,1,12,0.6,0.6,0.5428571428571428,0.46428571428571436,0.0,0.0,MEDIUM
2013-03-20,12000.0,12000.0,12000.0,11200.0,11857.142857142857,11857.142857142857,11513.333333333334,690.0655593423072,662.9935441317963,2013,20,3,2,12,0.6,0.2,0.5428571428571428,0.4857142857142857,-16.666666666666664,9.090909090909092,MEDIUM
2013-03-21,11000.0,12000.0,12000.0,11000.0,11714.285714285714,11785.714285714286,11506.666666666666,755.928946018415,699.2932067530678,2013,21,3,3,12,0.5,0.6,0.5857142857142856,0.5071428571428572,19.999999999999996,0.0,MEDIUM
2013-03-22,12000.0,11000.0,11000.0,11500.0,11714.285714285714,11785.714285714286,11540.0,755.928946018415,699.2932067530678,2013,22,3,4,12,0.6,0.6,0.5857142857142856,0.5071428571428571,0.0,0.0,MEDIUM
2013-03-23,12000.0,13000.0,11000.0,11200.0,11857.142857142857,11857.142857142857,11556.666666666666,690.0655593423071,662.9935441317963,2013,23,3,5,12,0.6,0.6,0.5857142857142856,0.5357142857142857,0.0,0.0,MEDIUM
2013-03-25,11000.0,11000.0,13000.0,12000.0,11571.42857142857,11857.142857142857,11550.0,534.5224838247983,662.9935441317963,2013,25,3,0,13,0.6,0.6,0.5857142857142856,0.5357142857142857,0.0,0.0,LOW
2013-03-26,12000.0,12000.0,12000.0,11000.0,11714.285714285714,11785.714285714286,11550.0,487.95003647420555,578.9342235218392,2013,26,3,1,13,0.6,0.6,0.5857142857142856,0.5642857142857143,-66.66666666666666,0.0,HIGH
2013-03-27,11000.0,12000.0,12000.0,11000.0,11571.42857142857,11714.285714285714,11550.0,534.5224838247983,611.2498455021256,2013,27,3,2,13,0.2,0.6,0.5285714285714286,0.5357142857142857,49.999999999999986,0.0,HIGH
2013-03-28,11000.0,11000.0,12000.0,10000.0,11428.57142857143,11642.857142857143,11550.0,534.5224838248037,633.3236937766492,2013,28,3,3,13,0.3,0.5,0.4857142857142857,0.5142857142857143,-33.33333333333333,4.545454545454546,HIGH
2013-03-29,11000.0,12000.0,12000.0,10000.0,11428.57142857143,11571.42857142857,11583.333333333334,534.5224838248037,646.2061726588618,2013,29,3,4,13,0.2,0.6,0.4428571428571428,0.5142857142857143,49.999999999999986,9.090909090909092,HIGH
2013-03-30,11000.0,12000.0,11000.0,10000.0,11285.714285714286,11500.0,11616.666666666666,487.9500364742231,650.4436355879882,2013,30,3,5,13,0.3,0.6,0.4,0.4928571428571429,0.0,0.0,HIGH
2013-04-01,11000.0,11000.0,13000.0,11500.0,11142.857142857143,11500.0,11650.0,377.96447300917845,650.4436355879882,2013,1,4,0,14,0.3,0.6,0.35714285714285715,0.4714285714285715,-66.66666666666666,6.666666666666667,MEDIUM
2013-04-02,15000.0,12000.0,11000.0,11000.0,11714.285714285714,11642.857142857143,11766.666666666666,1496.0264830861718,1081.8177620697802,2013,2,4,1,14,0.1,0.6,0.2857142857142857,0.43571428571428567,100.0,0.0,MEDIUM
2013-04-03,11000.0,11000.0,12000.0,11000.0,11571.42857142857,11642.857142857143,11766.666666666666,1511.8578920368914,1081.8177620697802,2013,3,4,2,14,0.2,0.2,0.22857142857142856,0.40714285714285714,49.999999999999986,0.0,MEDIUM
2013-04-04,11000.0,11000.0,12000.0,12000.0,11571.42857142857,11571.42857142857,11766.666666666666,1511.8578920368914,1089.4095588038429,2013,4,4,3,14,0.3,0.3,0.24285714285714285,0.38571428571428573,-33.33333333333333,0.0,MEDIUM
2013-04-05,10000.0,11000.0,11000.0,13000.0,11428.57142857143,11428.57142857143,11700.0,1618.3471874253594,1157.8684470436772,2013,5,4,4,14,0.2,0.2,0.22857142857142856,0.35714285714285715,199.99999999999997,0.0,MEDIUM
2013-04-06,10000.0,11000.0,12000.0,12000.0,11285.714285714286,11357.142857142857,11600.0,1704.3362064926812,1215.7392722216277,2013,6,4,5,14,0.6,0.3,0.2857142857142857,0.36428571428571427,-66.66666666666666,0.0,MEDIUM
2013-04-08,11000.0,11000.0,12000.0,12000.0,11285.714285714286,11285.714285714286,11566.666666666666,1704.3362064926812,1204.3875831929877,2013,8,4,0,15,0.2,0.3,0.27142857142857146,0.33571428571428574,0.0,0.0,HIGH
2013-04-10,11000.0,15000.0,11000.0,12000.0,11285.714285714286,11214.285714285714,11533.333333333334,1704.3362064926812,1188.3130530663652,2013,10,4,2,15,0.2,0.1,0.2571428571428572,0.3071428571428572,49.999999999999986,0.0,HIGH
2013-04-11,11000.0,11000.0,12000.0,11000.0,10714.285714285714,11214.285714285714,11500.0,487.95003647424704,1188.3130530663652,2013,11,4,3,15,0.3,0.2,0.2857142857142857,0.2857142857142857,-33.33333333333333,0.0,HIGH
2013-04-12,10000.0,11000.0,11000.0,11000.0,10571.42857142857,11071.42857142857,11466.666666666666,534.5224838248362,1206.6664642907538,2013,12,4,4,15,0.2,0.3,0.2857142857142857,0.2571428571428572,0.0,18.181818181818183,HIGH
2013-04-13,11000.0,10000.0,11000.0,13000.0,10571.42857142857,11071.42857142857,11466.666666666666,534.5224838248362,1206.6664642907538,2013,13,4,5,15,0.2,0.2,0.27142857142857146,0.2571428571428572,0.0,0.0,MEDIUM
2013-04-15,10000.0,10000.0,11000.0,12000.0,10571.42857142857,11000.0,11366.666666666666,534.5224838248362,1240.3473458920814,2013,15,4,0,16,0.2,0.6,0.27142857142857146,0.25000000000000006,199.99999999999997,0.0,MEDIUM
2013-04-16,12000.0,11000.0,11000.0,12000.0,10857.142857142857,11071.42857142857,11366.666666666666,690.0655593423364,1268.8144505364455,2013,16,4,1,16,0.6,0.2,0.2714285714285714,0.2785714285714286,-16.666666666666664,0.0,MEDIUM
2013-04-17,13000.0,11000.0,11000.0,12000.0,11142.857142857143,11214.285714285714,11400.0,1069.044967649681,1368.8047244316358,2013,17,4,2,16,0.5,0.2,0.31428571428571433,0.29285714285714287,0.0,0.0,MEDIUM
2013-04-18,12000.0,11000.0,15000.0,12000.0,11285.714285714286,11285.714285714286,11400.0,1112.6972805283551,1382.7826698682281,2013,18,4,3,16,0.5,0.3,0.35714285714285715,0.3071428571428572,-40.0,0.0,MEDIUM
2013-04-19,12000.0,10000.0,11000.0,11000.0,11428.57142857143,11071.42857142857,11400.0,1133.8934190276611,916.8747682531858,2013,19,4,4,16,0.3,0.2,0.35714285714285715,0.3214285714285715,100.0,0.0,MEDIUM
2013-04-20,12000.0,11000.0,11000.0,13000.0,11714.285714285714,11142.857142857143,11433.333333333334,951.1897312113113,949.262293098643,2013,20,4,5,16,0.6,0.2,0.41428571428571426,0.35000000000000003,0.0,0.0,LOW
2013-04-22,13000.0,10000.0,10000.0,11000.0,12000.0,11285.714285714286,11433.333333333334,999.9999999999656,1069.0449676496944,2013,22,4,0,17,0.6,0.2,0.4714285714285715,0.3714285714285715,-66.66666666666666,0.0,LOW
2013-04-23,12000.0,12000.0,10000.0,12000.0,12285.714285714286,11428.57142857143,11466.666666666666,487.9500364741849,1016.3498575623587,2013,23,4,1,17,0.2,0.6,0.4714285714285714,0.37142857142857144,149.99999999999997,0.0,MEDIUM
2013-04-24,12000.0,13000.0,11000.0,12000.0,12285.714285714286,11571.42857142857,11466.666666666666,487.9500364741849,937.6144618769878,2013,24,4,2,17,0.5,0.5,0.4571428571428572,0.36428571428571427,19.999999999999996,0.0,MEDIUM
2013-04-25,12000.0,12000.0,11000.0,11000.0,12142.857142857143,11642.857142857143,11466.666666666666,377.96447300912916,928.7827316640619,2013,25,4,3,17,0.6,0.5,0.4714285714285714,0.3928571428571429,-16.666666666666664,0.0,HIGH
2013-04-26,12000.0,12000.0,11000.0,12000.0,12142.857142857143,11714.285714285714,11500.0,377.96447300912916,913.873533463372,2013,26,4,4,17,0.5,0.3,0.4714285714285714,0.4142857142857143,19.999999999999996,0.0,HIGH
2013-04-27,12000.0,12000.0,10000.0,12000.0,12142.857142857143,11785.714285714286,11500.0,377.96447300912916,892.5823753039774,2013,27,4,5,17,0.6,0.6,0.5142857142857143,0.4357142857142858,0.0,0.0,HIGH
2013-04-29,12000.0,13000.0,11000.0,11000.0,12142.857142857143,11928.57142857143,11500.0,377.96447300912916,730.0459115473669,2013,29,4,0,18,0.6,0.6,0.5142857142857143,0.46428571428571436,0.0,0.0,HIGH
2013-04-30,13000.0,12000.0,10000.0,12000.0,12142.857142857143,12071.42857142857,11566.666666666666,377.96447300912916,730.0459115473662,2013,30,4,1,18,0.6,0.2,0.5142857142857142,0.4928571428571429,0.0,0.0,HIGH
2013-05-01,12000.0,12000.0,12000.0,11000.0,12142.857142857143,12214.285714285714,11566.666666666666,377.96447300912916,425.81531362630955,2013,1,5,2,18,0.6,0.5,0.5714285714285714,0.5214285714285715,0.0,0.0,MEDIUM
2013-05-03,11000.0,12000.0,13000.0,11000.0,12000.0,12142.857142857143,11566.666666666666,577.3502691895663,534.522483824841,2013,3,5,4,18,0.6,0.6,0.5857142857142856,0.5214285714285715,-16.666666666666664,0.0,MEDIUM
2013-05-04,12000.0,12000.0,12000.0,11000.0,12000.0,12071.42857142857,11600.0,577.3502691895663,474.63114654931513,2013,4,5,5,18,0.5,0.5,0.5714285714285714,0.5214285714285715,0.0,0.0,MEDIUM
2013-05-06,13000.0,12000.0,12000.0,11000.0,12142.857142857143,12142.857142857143,11666.666666666666,690.0655593423008,534.522483824841,2013,6,5,0,19,0.5,0.6,0.5714285714285714,0.5214285714285715,0.0,0.0,MEDIUM
2013-05-07,12000.0,12000.0,12000.0,11000.0,12142.857142857143,12142.857142857143,11700.0,690.0655593423008,534.522483824841,2013,7,5,1,19,0.5,0.6,0.5571428571428572,0.5357142857142858,0.0,0.0,MEDIUM
2013-05-08,13000.0,13000.0,13000.0,15000.0,12285.714285714286,12214.285714285714,11766.666666666666,755.9289460184024,578.9342235218318,2013,8,5,2,19,0.5,0.6,0.5428571428571428,0.5285714285714286,19.999999999999996,0.0,MEDIUM
2013-05-09,13000.0,12000.0,12000.0,11000.0,12285.714285714286,12214.285714285714,11700.0,755.9289460184024,578.9342235218318,2013,9,5,3,19,0.6,0.6,0.5428571428571429,0.5285714285714286,0.0,0.0,LOW
2013-05-13,13000.0,11000.0,12000.0,11000.0,12428.57142857143,12285.714285714286,11766.666666666666,786.79579246939,611.2498455021189,2013,13,5,0,20,0.6,0.6,0.5428571428571428,0.5571428571428572,0.0,0.0,MEDIUM
2013-05-14,12000.0,12000.0,12000.0,10000.0,12571.42857142857,12285.714285714286,11800.0,534.5224838247657,611.2498455021189,2013,14,5,1,20,0.6,0.5,0.5428571428571428,0.5642857142857143,0.0,16.666666666666664,MEDIUM
2013-05-15,12000.0,13000.0,12000.0,10000.0,12571.42857142857,12285.714285714286,11866.666666666666,534.5224838247657,611.2498455021189,2013,15,5,2,20,0.6,0.5,0.5571428571428572,0.5642857142857143,33.33333333333335,0.0,HIGH
2013-05-16,12000.0,12000.0,12000.0,11000.0,12428.57142857143,12285.714285714286,11933.333333333334,534.5224838247706,611.2498455021189,2013,16,5,3,20,0.8,0.5,0.6,0.5857142857142857,-25.000000000000007,0.0,HIGH
2013-05-17,12000.0,13000.0,12000.0,11000.0,12428.57142857143,12285.714285714286,11966.666666666666,534.5224838247706,611.2498455021189,2013,17,5,4,20,0.6,0.5,0.6142857142857142,0.5857142857142856,0.0,0.0,HIGH
2013-05-20,12000.0,13000.0,13000.0,11000.0,12285.714285714286,12285.714285714286,12000.0,487.950036474186,611.2498455021189,2013,20,5,0,21,0.6,0.6,0.6285714285714287,0.5857142857142857,0.0,0.0,MEDIUM
2013-05-21,13000.0,13000.0,12000.0,10000.0,12285.714285714286,12285.714285714286,12066.666666666666,487.950036474186,611.2498455021189,2013,21,5,1,21,0.6,0.6,0.6285714285714284,0.5857142857142857,-16.666666666666664,0.0,MEDIUM
2013-05-23,12000.0,12000.0,11000.0,11000.0,12142.857142857143,12285.714285714286,12133.333333333334,377.96447300912985,611.2498455021189,2013,23,5,3,21,0.5,0.6,0.6142857142857142,0.5785714285714285,500.0,0.0,HIGH
2013-05-25,11000.0,12000.0,12000.0,10000.0,12000.0,12285.714285714286,12133.333333333334,577.3502691895662,611.2498455021189,2013,25,5,5,21,3.0,0.6,0.9571428571428572,0.75,0.0,0.0,HIGH
2013-05-27,11000.0,12000.0,13000.0,12000.0,11857.142857142857,12214.285714285714,12166.666666666666,690.0655593423079,699.2932067530616,2013,27,5,0,22,3.0,0.8,1.3,0.9285714285714286,0.0,0.0,HIGH
2013-05-28,12000.0,12000.0,12000.0,13000.0,11857.142857142857,12142.857142857143,12166.666666666666,690.0655593423079,662.9935441317896,2013,28,5,1,22,3.0,0.6,1.6142857142857143,1.1071428571428572,-93.33333333333333,0.0,HIGH
2013-05-29,12000.0,12000.0,13000.0,12000.0,11857.142857142857,12142.857142857143,12133.333333333334,690.0655593423079,662.9935441317896,2013,29,5,2,22,0.2,0.6,1.557142857142857,1.0857142857142859,0.0,0.0,HIGH
2013-05-30,11000.0,13000.0,13000.0,12000.0,11714.285714285714,12000.0,12100.0,755.9289460184153,679.3662204867522,2013,30,5,3,22,0.2,0.6,1.5,1.0642857142857143,0.0,0.0,HIGH
2013-05-31,13000.0,12000.0,13000.0,12000.0,11714.285714285714,12000.0,12133.333333333334,755.9289460184153,679.3662204867522,2013,31,5,4,22,0.2,0.5,1.4428571428571428,1.0357142857142858,0.0,0.0,HIGH
2013-06-01,12000.0,11000.0,12000.0,13000.0,11714.285714285714,11928.57142857143,12133.333333333334,755.9289460184153,615.7279262148767,2013,1,6,5,22,0.2,3.0,1.4000000000000001,1.0071428571428573,0.0,0.0,HIGH
2013-06-03,15000.0,11000.0,12000.0,12000.0,12285.714285714286,12142.857142857143,12200.0,1380.13111868468,1027.1051820261869,2013,3,6,0,23,0.2,3.0,1.0,0.9785714285714285,0.0,0.0,HIGH
2013-06-04,14000.0,12000.0,12000.0,12000.0,12714.285714285714,12285.714285714286,12266.666666666666,1380.1311186846742,1138.7288073563814,2013,4,6,1,23,0.2,3.0,0.6,0.9500000000000001,199.99999999999997,0.0,HIGH
2013-06-06,14000.0,12000.0,12000.0,12000.0,13000.0,12428.57142857143,12333.333333333334,1414.2135623730578,1222.4996910042487,2013,6,6,3,23,0.6,0.2,0.2571428571428572,0.9357142857142858,-16.666666666666664,0.0,HIGH
2013-06-07,12000.0,11000.0,12000.0,12000.0,13000.0,12428.57142857143,12333.333333333334,1414.2135623730578,1222.4996910042487,2013,7,6,4,23,0.5,0.2,0.3,0.9285714285714286,-60.0,0.0,HIGH
2013-06-08,11000.0,13000.0,13000.0,12000.0,13000.0,12357.142857142857,12300.0,1414.2135623730578,1277.4459408789562,2013,8,6,5,23,0.2,0.2,0.3,0.9,0.0,0.0,HIGH
2013-06-10,11000.0,12000.0,12000.0,12000.0,12714.285714285714,12214.285714285714,12266.666666666666,1603.567451474517,1311.4039117602981,2013,10,6,0,24,0.2,0.2,0.3,0.8714285714285716,0.0,0.0,MEDIUM
2013-06-11,10000.0,15000.0,11000.0,13000.0,12428.57142857143,12071.42857142857,12200.0,1902.3794624226616,1439.2458342578468,2013,11,6,1,24,0.2,0.2,0.3,0.85,49.999999999999986,0.0,LOW
2013-06-12,11000.0,14000.0,11000.0,12000.0,11857.142857142857,12071.42857142857,12133.333333333334,1573.5915849388662,1439.2458342578468,2013,12,6,2,24,0.3,0.2,0.31428571428571433,0.6571428571428573,-66.66666666666666,0.0,MEDIUM
2013-06-13,12000.0,14000.0,12000.0,11000.0,11571.42857142857,12142.857142857143,12133.333333333334,1272.4180205606829,1406.4216928154838,2013,13,6,3,24,0.1,0.6,0.3,0.45000000000000007,400.0,0.0,MEDIUM
2013-06-14,12000.0,12000.0,12000.0,12000.0,11285.714285714286,12142.857142857143,12166.666666666666,755.9289460184261,1406.4216928154838,2013,14,6,4,24,0.5,0.5,0.2857142857142857,0.27142857142857146,-80.0,0.0,MEDIUM
2013-06-15,12000.0,11000.0,11000.0,13000.0,11285.714285714286,12142.857142857143,12166.666666666666,755.9289460184261,1406.4216928154838,2013,15,6,5,24,0.1,0.2,0.2285714285714286,0.2642857142857143,199.99999999999997,0.0,MEDIUM
2013-06-18,12000.0,11000.0,13000.0,12000.0,11428.57142857143,12214.285714285714,12133.333333333334,786.7957924694128,1368.8047244316353,2013,18,6,1,25,0.3,0.2,0.24285714285714288,0.27142857142857146,33.33333333333335,0.0,MEDIUM
2013-06-19,12000.0,10000.0,12000.0,13000.0,11571.42857142857,12142.857142857143,12133.333333333334,786.7957924694095,1350.6205330054097,2013,19,6,2,25,0.4,0.2,0.2714285714285714,0.2857142857142857,-25.000000000000007,0.0,MEDIUM
2013-06-20,13000.0,11000.0,15000.0,13000.0,12000.0,12214.285714285714,12133.333333333334,577.350269189566,1368.8047244316353,2013,20,6,3,25,0.3,0.3,0.2857142857142857,0.29285714285714287,66.66666666666667,0.0,MEDIUM
2013-06-21,12000.0,12000.0,14000.0,13000.0,12142.857142857143,12000.0,12100.0,377.9644730091288,1109.4003924504564,2013,21,6,4,25,0.5,0.1,0.31428571428571433,0.31428571428571433,-60.0,0.0,MEDIUM
2013-06-22,12000.0,12000.0,14000.0,12000.0,12142.857142857143,11857.142857142857,12066.666666666666,377.9644730091288,949.262293098646,2013,22,6,5,25,0.2,0.5,0.32857142857142857,0.31428571428571433,149.99999999999997,0.0,MEDIUM
2013-06-24,12000.0,12000.0,12000.0,12000.0,12142.857142857143,11714.285714285714,12066.666666666666,377.9644730091288,726.2730392025638,2013,24,6,0,26,0.5,0.1,0.32857142857142857,0.3071428571428572,0.0,0.0,MEDIUM
2013-06-25,12000.0,12000.0,11000.0,12000.0,12142.857142857143,11714.285714285714,12066.666666666666,377.9644730091288,726.2730392025638,2013,25,6,1,26,0.5,0.3,0.38571428571428573,0.3071428571428572,-60.0,0.0,MEDIUM
2013-06-26,13000.0,12000.0,11000.0,12000.0,12285.714285714286,11857.142857142857,12100.0,487.9500364741846,770.3288865196425,2013,26,6,2,26,0.2,0.4,0.37142857142857144,0.3071428571428572,149.99999999999997,0.0,HIGH
2013-06-27,12000.0,13000.0,10000.0,12000.0,12285.714285714286,11928.57142857143,12100.0,487.9500364741846,730.04591154737,2013,27,6,3,26,0.5,0.3,0.38571428571428573,0.3285714285714286,0.0,0.0,HIGH
2013-06-28,12000.0,12000.0,11000.0,13000.0,12142.857142857143,12071.42857142857,12100.0,377.96447300912877,474.6311465493176,2013,28,6,4,26,0.5,0.5,0.41428571428571426,0.35000000000000003,-19.999999999999996,0.0,HIGH
2013-07-01,12000.0,12000.0,12000.0,12000.0,12142.857142857143,12142.857142857143,12066.666666666666,377.96447300912877,363.1365196012717,2013,1,7,0,27,0.4,0.2,0.39999999999999997,0.35714285714285715,49.999999999999986,0.0,MEDIUM
2013-07-02,13000.0,12000.0,12000.0,11000.0,12285.714285714286,12214.285714285714,12100.0,487.9500364741846,425.8153136263098,2013,2,7,1,27,0.6,0.5,0.45714285714285713,0.3928571428571429,-66.66666666666666,0.0,HIGH
2013-07-03,12000.0,12000.0,12000.0,11000.0,12285.714285714286,12214.285714285714,12133.333333333334,487.9500364741846,425.8153136263098,2013,3,7,2,27,0.2,0.5,0.4142857142857143,0.3714285714285715,0.0,0.0,MEDIUM
2013-07-04,11000.0,13000.0,12000.0,12000.0,12142.857142857143,12142.857142857143,12133.333333333334,690.0655593423007,534.522483824842,2013,4,7,3,27,0.2,0.2,0.37142857142857144,0.37857142857142856,-50.0,0.0,MEDIUM
2013-07-05,12000.0,12000.0,12000.0,12000.0,12000.0,12142.857142857143,12133.333333333334,577.3502691895671,534.522483824842,2013,5,7,4,27,0.1,0.5,0.35714285714285715,0.3642857142857143,100.0,0.0,HIGH
2013-07-06,12000.0,12000.0,13000.0,11000.0,12000.0,12142.857142857143,12133.333333333334,577.3502691895671,534.522483824842,2013,6,7,5,27,0.2,0.5,0.31428571428571433,0.3500000000000001,49.999999999999986,0.0,HIGH
2013-07-08,12000.0,12000.0,12000.0,13000.0,12000.0,12071.42857142857,12166.666666666666,577.3502691895671,474.63114654931724,2013,8,7,0,28,0.3,0.4,0.2857142857142857,0.35000000000000003,0.0,0.0,HIGH
2013-07-09,13000.0,13000.0,12000.0,12000.0,12142.857142857143,12142.857142857143,12166.666666666666,690.0655593423007,534.522483824842,2013,9,7,1,28,0.3,0.6,0.27142857142857146,0.33571428571428574,0.0,0.0,HIGH
2013-07-10,13000.0,12000.0,12000.0,15000.0,12142.857142857143,12214.285714285714,12200.0,690.0655593423007,578.934223521832,2013,10,7,2,28,0.3,0.2,0.2285714285714286,0.34285714285714286,0.0,0.0,HIGH
2013-07-11,12000.0,11000.0,12000.0,14000.0,12142.857142857143,12214.285714285714,12100.0,690.0655593423007,578.934223521832,2013,11,7,3,28,0.3,0.2,0.24285714285714285,0.3285714285714286,0.0,0.0,MEDIUM
2013-07-12,11000.0,12000.0,13000.0,14000.0,12142.857142857143,12142.857142857143,12000.0,690.0655593423007,662.9935441317904,2013,12,7,4,28,0.3,0.1,0.2571428571428572,0.31428571428571433,-33.33333333333333,0.0,MEDIUM
2013-07-13,13000.0,12000.0,12000.0,12000.0,12285.714285714286,12142.857142857143,11966.666666666666,755.9289460184015,662.9935441317904,2013,13,7,5,28,0.2,0.2,0.2714285714285714,0.31428571428571433,49.999999999999986,0.0,MEDIUM
2013-07-15,12000.0,12000.0,12000.0,11000.0,12285.714285714286,12142.857142857143,11966.666666666666,755.9289460184015,662.9935441317904,2013,15,7,0,29,0.3,0.3,0.2857142857142857,0.3000000000000001,0.0,0.0,HIGH
2013-07-16,13000.0,13000.0,12000.0,11000.0,12428.57142857143,12214.285714285714,12033.333333333334,786.7957924693883,699.2932067530619,2013,16,7,1,29,0.3,0.3,0.2857142857142857,0.28571428571428575,-33.33333333333333,0.0,HIGH
2013-07-17,12000.0,13000.0,13000.0,10000.0,12285.714285714286,12214.285714285714,12066.666666666666,755.9289460184015,699.2932067530619,2013,17,7,2,29,0.2,0.3,0.2714285714285714,0.27142857142857146,49.999999999999986,0.0,HIGH
2013-07-18,13000.0,12000.0,12000.0,11000.0,12285.714285714286,12214.285714285714,12166.666666666666,755.9289460184015,699.2932067530619,2013,18,7,3,29,0.3,0.3,0.27142857142857146,0.25,0.0,0.0,HIGH
2013-07-19,13000.0,11000.0,11000.0,12000.0,12428.57142857143,12285.714285714286,12233.333333333334,786.7957924693883,726.2730392025564,2013,19,7,4,29,0.3,0.3,0.2714285714285714,0.2571428571428572,0.0,0.0,HIGH
2013-07-20,13000.0,13000.0,12000.0,12000.0,12714.285714285714,12428.57142857143,12266.666666666666,487.9500364741649,646.2061726588555,2013,20,7,5,29,0.3,0.2,0.2714285714285714,0.2642857142857143,66.66666666666667,0.0,MEDIUM
2013-07-21,11000.0,12000.0,12000.0,12000.0,12428.57142857143,12357.142857142857,12233.333333333334,786.7957924693883,744.946343668485,2013,21,7,6,29,0.5,0.3,0.31428571428571433,0.2928571428571428,-60.0,0.0,MEDIUM
2013-07-22,12000.0,13000.0,12000.0,12000.0,12428.57142857143,12357.142857142857,12233.333333333334,786.7957924693883,744.946343668485,2013,22,7,0,30,0.2,0.3,0.3,0.29285714285714287,199.99999999999997,0.0,MEDIUM
2013-07-23,13000.0,12000.0,13000.0,12000.0,12428.57142857143,12428.57142857143,12266.666666666666,786.7957924693883,755.9289460184472,2013,23,7,1,30,0.6,0.2,0.34285714285714286,0.31428571428571433,-50.0,0.0,MEDIUM
2013-07-24,13000.0,13000.0,13000.0,13000.0,12571.42857142857,12428.57142857143,12300.0,786.7957924693843,755.9289460184472,2013,24,7,2,30,0.3,0.3,0.35714285714285715,0.31428571428571433,33.33333333333335,0.0,MEDIUM
2013-07-25,12000.0,13000.0,12000.0,12000.0,12428.57142857143,12357.142857142857,12266.666666666666,786.7957924693883,744.946343668485,2013,25,7,3,30,0.4,0.3,0.37142857142857144,0.32142857142857145,-50.0,0.0,MEDIUM
2013-07-26,12000.0,13000.0,11000.0,12000.0,12285.714285714286,12357.142857142857,12266.666666666666,755.9289460184015,744.946343668485,2013,26,7,4,30,0.2,0.3,0.35714285714285715,0.31428571428571433,0.0,0.0,MEDIUM
2013-07-27,12000.0,11000.0,13000.0,12000.0,12142.857142857143,12428.57142857143,12266.666666666666,690.0655593423007,646.2061726588555,2013,27,7,5,30,0.2,0.5,0.34285714285714286,0.3071428571428572,0.0,0.0,MEDIUM
2013-07-29,13000.0,12000.0,12000.0,12000.0,12428.57142857143,12428.57142857143,12300.0,534.5224838247685,646.2061726588555,2013,29,7,0,31,0.2,0.2,0.3,0.3071428571428572,49.999999999999986,0.0,MEDIUM
2013-07-30,13000.0,13000.0,13000.0,13000.0,12571.42857142857,12500.0,12333.333333333334,534.5224838247632,650.4436355879819,2013,30,7,1,31,0.3,0.6,0.3142857142857142,0.3071428571428572,0.0,0.0,MEDIUM
2013-07-31,13000.0,13000.0,12000.0,12000.0,12571.42857142857,12500.0,12333.333333333334,534.5224838247632,650.4436355879819,2013,31,7,2,31,0.3,0.3,0.2714285714285714,0.3071428571428572,-33.33333333333333,0.0,MEDIUM
2013-08-01,12000.0,12000.0,13000.0,12000.0,12428.57142857143,12500.0,12333.333333333334,534.5224838247685,650.4436355879819,2013,1,8,3,31,0.2,0.4,0.2571428571428572,0.3071428571428572,49.999999999999986,0.0,MEDIUM
2013-08-02,13000.0,12000.0,13000.0,12000.0,12571.42857142857,12500.0,12366.666666666666,534.5224838247632,650.4436355879819,2013,2,8,4,31,0.3,0.2,0.24285714285714288,0.3071428571428572,-33.33333333333333,0.0,MEDIUM
2004-04-20,15000.0,15000.0,15000.0,15000.0,15000.0,15071.42857142857,15033.333333333334,0.0,267.2612419124245,2004,20,4,1,17,0.2,0.2,0.3142857142857142,0.3571428571428572,0.0,37.5,LOW
2004-04-21,8000.0,15000.0,15000.0,15000.0,14000.0,14571.42857142857,14800.0,2645.7513110645905,1910.0658753958323,2004,21,4,2,17,0.2,0.4,0.31428571428571433,0.3428571428571429,49.999999999999986,60.0,LOW
2004-04-22,15000.0,15000.0,15000.0,15000.0,14000.0,14571.42857142857,14800.0,2645.7513110645905,1910.0658753958323,2004,22,4,3,17,0.3,0.4,0.3,0.33571428571428574,-33.33333333333333,60.0,LOW
2004-04-23,15000.0,15000.0,15000.0,15000.0,14000.0,14571.42857142857,14800.0,2645.7513110645905,1910.0658753958323,2004,23,4,4,17,0.2,0.3,0.27142857142857146,0.31428571428571433,49.999999999999986,60.0,LOW
2004-04-24,15000.0,15000.0,16000.0,15000.0,14000.0,14571.42857142857,14800.0,2645.7513110645905,1910.0658753958323,2004,24,4,5,17,0.3,0.3,0.27142857142857146,0.3,33.33333333333335,60.0,LOW
2004-04-25,15000.0,15000.0,15000.0,15000.0,14000.0,14500.0,14800.0,2645.7513110645905,1870.8286933869704,2004,25,4,6,17,0.4,0.4,0.2857142857142857,0.3142857142857142,0.0,60.0,LOW
2004-04-27,15000.0,15000.0,15000.0,15000.0,14000.0,14500.0,14800.0,2645.7513110645905,1870.8286933869704,2004,27,4,1,18,0.4,0.2,0.2857142857142857,0.31428571428571433,-25.000000000000007,60.0,LOW
2004-04-28,15000.0,8000.0,15000.0,15000.0,14000.0,14500.0,14800.0,2645.7513110645905,1870.8286933869704,2004,28,4,2,18,0.3,0.2,0.3,0.3071428571428571,0.0,60.0,LOW
2004-04-30,15000.0,15000.0,15000.0,15000.0,15000.0,14500.0,14800.0,0.0,1870.8286933869704,2004,30,4,4,18,0.3,0.3,0.31428571428571433,0.3142857142857142,0.0,60.0,LOW
2004-05-01,15000.0,15000.0,15000.0,15000.0,15000.0,14500.0,14800.0,0.0,1870.8286933869704,2004,1,5,5,18,0.3,0.2,0.31428571428571433,0.3071428571428572,33.33333333333335,60.0,LOW
2004-05-02,15000.0,15000.0,15000.0,15000.0,15000.0,14500.0,14800.0,0.0,1870.8286933869704,2004,2,5,6,18,0.4,0.3,0.34285714285714286,0.3071428571428571,-50.0,60.0,LOW
2004-05-03,15000.0,15000.0,15000.0,15000.0,15000.0,14500.0,14800.0,0.0,1870.8286933869704,2004,3,5,0,19,0.2,0.4,0.32857142857142857,0.3,49.999999999999986,60.0,LOW
2004-05-04,15000.0,15000.0,15000.0,15000.0,15000.0,14500.0,14800.0,0.0,1870.8286933869704,2004,4,5,1,19,0.3,0.4,0.31428571428571433,0.3,-33.33333333333333,60.0,LOW
2004-05-06,15000.0,15000.0,15000.0,15000.0,15000.0,14500.0,14800.0,0.0,1870.8286933869704,2004,6,5,3,19,0.2,0.3,0.2857142857142857,0.2857142857142857,100.0,53.333333333333336,LOW
2004-05-08,15000.0,15000.0,8000.0,15000.0,15000.0,14500.0,14800.0,0.0,1870.8286933869704,2004,8,5,5,19,0.4,0.3,0.3,0.3,-50.0,53.333333333333336,LOW
2004-05-09,15000.0,15000.0,15000.0,15000.0,15000.0,15000.0,14800.0,0.0,0.0,2004,9,5,6,19,0.2,0.3,0.2857142857142857,0.3,100.0,53.333333333333336,LOW
2004-05-11,15000.0,15000.0,15000.0,15000.0,15000.0,15000.0,14800.0,0.0,0.0,2004,11,5,1,20,0.4,0.4,0.3,0.3071428571428572,-50.0,53.333333333333336,LOW
2004-05-12,15000.0,15000.0,15000.0,15000.0,15000.0,15000.0,14800.0,0.0,0.0,2004,12,5,2,20,0.2,0.2,0.27142857142857146,0.3071428571428571,-50.0,53.333333333333336,LOW
2004-05-15,15000.0,15000.0,15000.0,15000.0,15000.0,15000.0,14800.0,0.0,0.0,2004,15,5,5,20,0.1,0.3,0.2571428571428572,0.29285714285714287,199.99999999999997,53.333333333333336,LOW
2004-05-18,15000.0,15000.0,15000.0,15000.0,15000.0,15000.0,14800.0,0.0,0.0,2004,18,5,1,21,0.3,0.2,0.2571428571428571,0.2857142857142857,0.0,53.333333333333336,LOW
2004-05-19,15000.0,15000.0,15000.0,16000.0,15000.0,15000.0,14800.0,0.0,0.0,2004,19,5,2,21,0.3,0.4,0.2714285714285714,0.2785714285714286,33.33333333333335,53.333333333333336,LOW
2004-05-21,15000.0,15000.0,15000.0,15000.0,15000.0,15000.0,14766.666666666666,0.0,0.0,2004,21,5,4,21,0.4,0.2,0.27142857142857146,0.2857142857142857,-25.000000000000007,53.333333333333336,LOW
2004-05-22,15000.0,15000.0,15000.0,15000.0,15000.0,15000.0,14766.666666666666,0.0,0.0,2004,22,5,5,21,0.3,0.4,0.2857142857142857,0.2857142857142857,0.0,53.333333333333336,LOW
2004-05-23,15000.0,15000.0,15000.0,15000.0,15000.0,15000.0,14766.666666666666,0.0,0.0,2004,23,5,6,21,0.3,0.2,0.2714285714285714,0.2857142857142857,0.0,53.333333333333336,LOW
2004-05-25,15000.0,15000.0,15000.0,15000.0,15000.0,15000.0,14766.666666666666,0.0,0.0,2004,25,5,1,22,0.3,0.1,0.2857142857142857,0.2785714285714286,-33.33333333333333,53.333333333333336,LOW
2004-05-27,15000.0,15000.0,15000.0,15000.0,15000.0,15000.0,14766.666666666666,0.0,0.0,2004,27,5,3,22,0.2,0.3,0.3,0.2785714285714286,0.0,53.333333333333336,LOW
2004-06-01,15000.0,15000.0,15000.0,15000.0,15000.0,15000.0,14766.666666666666,0.0,0.0,2004,1,6,1,23,0.2,0.3,0.2857142857142857,0.27142857142857146,49.999999999999986,53.333333333333336,LOW
2004-06-04,15000.0,15000.0,15000.0,15000.0,15000.0,15000.0,14766.666666666666,0.0,0.0,2004,4,6,4,23,0.3,0.4,0.2857142857142857,0.2785714285714286,33.33333333333335,60.0,LOW
2004-06-05,15000.0,15000.0,15000.0,15000.0,15000.0,15000.0,14766.666666666666,0.0,0.0,2004,5,6,5,23,0.4,0.3,0.2857142857142857,0.2785714285714286,-50.0,53.333333333333336,LOW
2004-06-06,15000.0,15000.0,15000.0,15000.0,15000.0,15000.0,14766.666666666666,0.0,0.0,2004,6,6,6,23,0.2,0.3,0.27142857142857146,0.2785714285714286,49.999999999999986,53.333333333333336,LOW
2004-06-07,15000.0,15000.0,15000.0,8000.0,15000.0,15000.0,14766.666666666666,0.0,0.0,2004,7,6,0,24,0.3,0.3,0.27142857142857146,0.2714285714285714,0.0,46.666666666666664,LOW
2004-06-08,15000.0,15000.0,15000.0,15000.0,15000.0,15000.0,15000.0,0.0,0.0,2004,8,6,1,24,0.3,0.2,0.2714285714285714,0.2785714285714286,0.0,53.333333333333336,LOW
2004-06-10,15000.0,15000.0,15000.0,15000.0,15000.0,15000.0,15000.0,0.0,0.0,2004,10,6,3,24,0.3,0.2,0.2857142857142857,0.29285714285714287,33.33333333333335,46.666666666666664,LOW
2004-06-11,15000.0,15000.0,15000.0,15000.0,15000.0,15000.0,15000.0,0.0,0.0,2004,11,6,4,24,0.4,0.3,0.3142857142857142,0.3,-50.0,53.333333333333336,LOW
2004-06-12,15000.0,15000.0,15000.0,15000.0,15000.0,15000.0,15000.0,0.0,0.0,2004,12,6,5,24,0.2,0.4,0.3,0.2928571428571428,49.999999999999986,53.333333333333336,LOW
2004-06-16,15000.0,15000.0,15000.0,15000.0,15000.0,15000.0,15000.0,0.0,0.0,2004,16,6,2,25,0.3,0.2,0.2857142857142857,0.2857142857142857,33.33333333333335,53.333333333333336,LOW
2004-06-17,15000.0,15000.0,15000.0,15000.0,15000.0,15000.0,15000.0,0.0,0.0,2004,17,6,3,25,0.4,0.3,0.31428571428571433,0.2928571428571428,125.0,53.333333333333336,LOW
2004-06-20,15000.0,15000.0,15000.0,15000.0,15000.0,15000.0,15000.0,0.0,0.0,2004,20,6,6,25,0.9,0.3,0.39999999999999997,0.33571428571428574,-55.55555555555556,53.333333333333336,LOW
2004-06-22,15000.0,15000.0,15000.0,15000.0,15000.0,15000.0,15000.0,0.0,0.0,2004,22,6,1,26,0.4,0.3,0.4142857142857143,0.3428571428571429,-50.0,46.666666666666664,LOW
2004-06-23,15000.0,15000.0,15000.0,15000.0,15000.0,15000.0,15000.0,0.0,0.0,2004,23,6,2,26,0.2,0.4,0.39999999999999997,0.34285714285714286,49.999999999999986,46.666666666666664,LOW
2004-06-25,15000.0,15000.0,15000.0,15000.0,15000.0,15000.0,15000.0,0.0,0.0,2004,25,6,4,26,0.3,0.2,0.38571428571428573,0.35000000000000003,-33.33333333333333,46.666666666666664,LOW
2004-06-26,15000.0,15000.0,15000.0,15000.0,15000.0,15000.0,15000.0,0.0,0.0,2004,26,6,5,26,0.2,0.3,0.3857142857142857,0.34285714285714286,0.0,46.666666666666664,LOW
2004-06-27,15000.0,15000.0,15000.0,15000.0,15000.0,15000.0,15000.0,0.0,0.0,2004,27,6,6,26,0.2,0.4,0.37142857142857144,0.32857142857142857,49.999999999999986,46.666666666666664,LOW
2004-06-28,15000.0,15000.0,15000.0,15000.0,15000.0,15000.0,15000.0,0.0,0.0,2004,28,6,0,27,0.3,0.9,0.35714285714285715,0.33571428571428574,-33.33333333333333,46.666666666666664,LOW
2004-06-29,15000.0,15000.0,15000.0,15000.0,15000.0,15000.0,15000.0,0.0,0.0,2004,29,6,1,27,0.2,0.4,0.2571428571428572,0.32857142857142857,199.99999999999997,46.666666666666664,LOW
2004-06-30,15000.0,15000.0,15000.0,15000.0,15000.0,15000.0,15000.0,0.0,0.0,2004,30,6,2,27,0.6,0.2,0.2857142857142857,0.35000000000000003,-50.0,46.666666666666664,LOW
2004-07-01,15000.0,15000.0,15000.0,15000.0,15000.0,15000.0,15000.0,0.0,0.0,2004,1,7,3,27,0.3,0.3,0.3,0.35000000000000003,33.33333333333335,46.666666666666664,LOW
2004-07-02,15000.0,15000.0,15000.0,15000.0,15000.0,15000.0,15000.0,0.0,0.0,2004,2,7,4,27,0.4,0.2,0.31428571428571433,0.35,-50.0,46.666666666666664,LOW
2004-07-03,15000.0,15000.0,15000.0,15000.0,15000.0,15000.0,15000.0,0.0,0.0,2004,3,7,5,27,0.2,0.2,0.31428571428571433,0.35,49.999999999999986,46.666666666666664,LOW
2004-07-05,15000.0,15000.0,15000.0,15000.0,15000.0,15000.0,15000.0,0.0,0.0,2004,5,7,0,28,0.3,0.3,0.32857142857142857,0.35,0.0,46.666666666666664,LOW
2004-07-08,15000.0,15000.0,15000.0,15000.0,15000.0,15000.0,15000.0,0.0,0.0,2004,8,7,3,28,0.3,0.2,0.32857142857142857,0.3428571428571429,0.0,53.333333333333336,LOW
2004-07-10,15000.0,15000.0,15000.0,15000.0,15000.0,15000.0,15000.0,0.0,0.0,2004,10,7,5,28,0.3,0.6,0.34285714285714286,0.3,0.0,46.666666666666664,LOW
2004-07-12,15000.0,15000.0,15000.0,15000.0,15000.0,15000.0,15000.0,0.0,0.0,2004,12,7,0,29,0.3,0.3,0.3,0.2928571428571428,0.0,53.333333333333336,LOW
2004-07-13,15000.0,15000.0,15000.0,15000.0,15000.0,15000.0,15000.0,0.0,0.0,2004,13,7,1,29,0.3,0.4,0.3,0.3,-33.33333333333333,53.333333333333336,LOW
2004-07-14,15000.0,15000.0,15000.0,15000.0,15000.0,15000.0,15000.0,0.0,0.0,2004,14,7,2,29,0.2,0.2,0.2714285714285714,0.2928571428571428,49.999999999999986,53.333333333333336,LOW
2004-07-16,15000.0,15000.0,15000.0,15000.0,15000.0,15000.0,15000.0,0.0,0.0,2004,16,7,4,29,0.3,0.3,0.2857142857142857,0.3,-33.33333333333333,53.333333333333336,LOW
2004-07-17,15000.0,15000.0,15000.0,15000.0,15000.0,15000.0,15000.0,0.0,0.0,2004,17,7,5,29,0.2,0.3,0.2714285714285714,0.29999999999999993,0.0,53.333333333333336,LOW
2004-07-19,15000.0,15000.0,15000.0,15000.0,15000.0,15000.0,15000.0,0.0,0.0,2004,19,7,0,30,0.2,0.3,0.2571428571428572,0.2928571428571428,49.999999999999986,53.333333333333336,LOW
2004-07-20,15000.0,15000.0,15000.0,15000.0,15000.0,15000.0,15000.0,0.0,0.0,2004,20,7,1,30,0.3,0.3,0.2571428571428572,0.29999999999999993,-33.33333333333333,53.333333333333336,LOW
2004-07-21,15000.0,15000.0,15000.0,15000.0,15000.0,15000.0,15000.0,0.0,0.0,2004,21,7,2,30,0.2,0.3,0.24285714285714285,0.27142857142857146,49.999999999999986,53.333333333333336,LOW
2004-07-22,15000.0,15000.0,15000.0,15000.0,15000.0,15000.0,15000.0,0.0,0.0,2004,22,7,3,30,0.3,0.2,0.24285714285714285,0.2714285714285714,-33.33333333333333,53.333333333333336,LOW
2004-07-23,15000.0,15000.0,15000.0,15000.0,15000.0,15000.0,15000.0,0.0,0.0,2004,23,7,4,30,0.2,0.3,0.24285714285714285,0.2571428571428572,49.999999999999986,53.333333333333336,HIGH
2004-07-24,15000.0,15000.0,15000.0,15000.0,15000.0,15000.0,15000.0,0.0,0.0,2004,24,7,5,30,0.3,0.2,0.24285714285714285,0.2642857142857143,-33.33333333333333,53.333333333333336,HIGH
2004-07-25,15000.0,15000.0,15000.0,15000.0,15000.0,15000.0,15000.0,0.0,0.0,2004,25,7,6,30,0.2,0.2,0.24285714285714285,0.2571428571428572,0.0,53.333333333333336,HIGH
2004-07-26,15000.0,15000.0,15000.0,15000.0,15000.0,15000.0,15000.0,0.0,0.0,2004,26,7,0,31,0.2,0.3,0.24285714285714288,0.25,0.0,53.333333333333336,HIGH
2004-07-28,15000.0,15000.0,15000.0,15000.0,15000.0,15000.0,15000.0,0.0,0.0,2004,28,7,2,31,0.2,0.2,0.2285714285714286,0.24285714285714285,0.0,53.333333333333336,LOW
2004-10-13,15000.0,15000.0,15000.0,15000.0,15000.0,15000.0,15000.0,0.0,0.0,2004,13,10,2,42,0.2,0.3,0.2285714285714286,0.2357142857142857,100.0,33.33333333333333,LOW
2004-10-14,12000.0,15000.0,15000.0,15000.0,14571.42857142857,14785.714285714286,14900.0,1133.8934190276814,801.7837257372726,2004,14,10,3,42,0.4,0.2,0.24285714285714288,0.24285714285714288,-50.0,33.33333333333333,LOW
2004-10-17,12000.0,15000.0,15000.0,15000.0,14142.857142857143,14571.42857142857,14800.0,1463.8501094227995,1089.409558803844,2004,17,10,6,42,0.2,0.3,0.24285714285714288,0.24285714285714285,-50.0,33.33333333333333,LOW
2004-10-23,12000.0,15000.0,15000.0,15000.0,13714.285714285714,14357.142857142857,14700.0,1603.567451474546,1277.44594087896,2004,23,10,5,43,0.1,0.2,0.21428571428571427,0.2285714285714286,0.0,41.66666666666667,LOW
2004-11-01,12000.0,15000.0,15000.0,15000.0,13285.714285714286,14142.857142857143,14600.0,1603.567451474546,1406.4216928154858,2004,1,11,0,45,0.1,0.2,0.2,0.22142857142857145,0.0,33.33333333333333,LOW
2004-11-03,12000.0,15000.0,15000.0,15000.0,12857.142857142857,13928.57142857143,14500.0,1463.8501094227995,1491.73547429654,2004,3,11,2,45,0.1,0.2,0.18571428571428575,0.21428571428571427,0.0,41.66666666666667,LOW
2004-11-04,12000.0,15000.0,15000.0,15000.0,12428.57142857143,13714.285714285714,14400.0,1133.8934190276814,1540.6577730392855,2004,4,11,3,45,0.1,0.2,0.17142857142857143,0.2,100.0,33.33333333333333,LOW
2004-11-05,12000.0,12000.0,15000.0,15000.0,12000.0,13500.0,14300.0,0.0,1556.623564988311,2004,5,11,4,45,0.2,0.4,0.17142857142857146,0.19999999999999998,-50.0,33.33333333333333,LOW
2004-11-06,12000.0,12000.0,15000.0,15000.0,12000.0,13285.714285714286,14200.0,0.0,1540.6577730392848,2004,6,11,5,45,0.1,0.2,0.1285714285714286,0.18571428571428572,100.0,33.33333333333333,LOW
2004-11-09,12000.0,12000.0,15000.0,15000.0,12000.0,13071.42857142857,14100.0,0.0,1491.7354742965388,2004,9,11,1,46,0.2,0.1,0.1285714285714286,0.18571428571428572,0.0,33.33333333333333,LOW
2004-11-11,12000.0,12000.0,15000.0,15000.0,12000.0,12857.142857142857,14000.0,0.0,1406.421692815484,2004,11,11,3,46,0.2,0.1,0.14285714285714285,0.17857142857142858,0.0,33.33333333333333,LOW
2004-11-15,12000.0,12000.0,15000.0,15000.0,12000.0,12642.857142857143,13900.0,0.0,1277.4459408789576,2004,15,11,0,47,0.2,0.1,0.15714285714285717,0.17857142857142858,0.0,33.33333333333333,LOW
2004-11-18,12000.0,12000.0,15000.0,15000.0,12000.0,12428.57142857143,13800.0,0.0,1089.409558803841,2004,18,11,3,47,0.2,0.1,0.17142857142857143,0.1785714285714286,0.0,33.33333333333333,LOW
2004-11-19,12000.0,12000.0,15000.0,15000.0,12000.0,12214.285714285714,13700.0,0.0,801.7837257372677,2004,19,11,4,47,0.2,0.2,0.18571428571428572,0.17857142857142858,49.999999999999986,33.33333333333333,MEDIUM
2004-11-21,12000.0,12000.0,12000.0,15000.0,12000.0,12000.0,13600.0,0.0,0.0,2004,21,11,6,47,0.3,0.1,0.2,0.1857142857142857,-33.33333333333333,33.33333333333333,MEDIUM
2004-11-23,12000.0,12000.0,12000.0,15000.0,12000.0,12000.0,13500.0,0.0,0.0,2004,23,11,1,48,0.2,0.2,0.21428571428571427,0.17142857142857143,0.0,33.33333333333333,MEDIUM
2004-11-26,12000.0,12000.0,12000.0,15000.0,12000.0,12000.0,13400.0,0.0,0.0,2004,26,11,4,48,0.2,0.2,0.21428571428571427,0.17142857142857146,0.0,33.33333333333333,MEDIUM
2004-11-28,12000.0,12000.0,12000.0,15000.0,12000.0,12000.0,13300.0,0.0,0.0,2004,28,11,6,48,0.2,0.2,0.21428571428571427,0.17857142857142858,-50.0,33.33333333333333,MEDIUM
2004-11-30,12000.0,12000.0,12000.0,15000.0,12000.0,12000.0,13200.0,0.0,0.0,2004,30,11,1,49,0.1,0.2,0.19999999999999998,0.17857142857142858,0.0,30.76923076923077,MEDIUM
2004-12-01,13000.0,12000.0,12000.0,15000.0,12142.857142857143,12071.42857142857,13133.333333333334,377.964473009227,267.2612419124056,2004,1,12,2,49,0.1,0.2,0.18571428571428572,0.17857142857142858,0.0,33.33333333333333,MEDIUM
2004-12-03,12000.0,12000.0,12000.0,15000.0,12142.857142857143,12071.42857142857,13033.333333333334,377.964473009227,267.2612419124056,2004,3,12,4,49,0.1,0.3,0.17142857142857146,0.17857142857142858,100.0,33.33333333333333,MEDIUM
2004-12-04,12000.0,12000.0,12000.0,15000.0,12142.857142857143,12071.42857142857,12933.333333333334,377.964473009227,267.2612419124056,2004,4,12,5,49,0.2,0.2,0.15714285714285717,0.17857142857142858,0.0,33.33333333333333,MEDIUM
2004-12-10,12000.0,12000.0,12000.0,15000.0,12142.857142857143,12071.42857142857,12833.333333333334,377.964473009227,267.2612419124056,2004,10,12,4,50,0.2,0.2,0.15714285714285717,0.18571428571428572,0.0,33.33333333333333,MEDIUM
2004-12-11,12000.0,12000.0,12000.0,15000.0,12142.857142857143,12071.42857142857,12733.333333333334,377.964473009227,267.2612419124056,2004,11,12,5,50,0.2,0.2,0.15714285714285717,0.18571428571428572,0.0,30.76923076923077,MEDIUM
2004-12-12,13000.0,12000.0,12000.0,15000.0,12285.714285714286,12142.857142857143,12666.666666666666,487.95003647426614,363.13651960126805,2004,12,12,6,50,0.2,0.1,0.15714285714285717,0.18571428571428572,0.0,30.76923076923077,MEDIUM
2004-12-13,13000.0,13000.0,12000.0,15000.0,12428.57142857143,12214.285714285714,12600.0,534.5224838248481,425.8153136263088,2004,13,12,0,51,0.2,0.1,0.17142857142857143,0.18571428571428572,0.0,33.33333333333333,HIGH
2004-12-17,12000.0,12000.0,12000.0,15000.0,12285.714285714286,12214.285714285714,12500.0,487.95003647426614,425.8153136263088,2004,17,12,4,51,0.2,0.1,0.18571428571428575,0.18571428571428572,0.0,33.33333333333333,HIGH
2005-09-22,12000.0,12000.0,12000.0,15000.0,12285.714285714286,12214.285714285714,12400.0,487.95003647426614,425.8153136263088,2005,22,9,3,38,0.2,0.2,0.2,0.18571428571428572,0.0,50.0,HIGH
2005-11-02,12000.0,12000.0,12000.0,15000.0,12285.714285714286,12214.285714285714,12300.0,487.95003647426614,425.8153136263088,2005,2,11,2,44,0.2,0.2,0.2,0.17857142857142858,49.999999999999986,50.0,HIGH
2005-11-19,13000.0,12000.0,12000.0,15000.0,12428.57142857143,12285.714285714286,12233.333333333334,534.5224838248481,468.8072309384852,2005,19,11,5,46,0.3,0.2,0.21428571428571427,0.18571428571428572,0.0,57.692307692307686,HIGH
2005-11-23,13000.0,13000.0,12000.0,12000.0,12571.42857142857,12357.142857142857,12166.666666666666,534.5224838248481,497.2451580988371,2005,23,11,2,47,0.3,0.2,0.2285714285714286,0.19285714285714287,-33.33333333333333,53.333333333333336,HIGH
2003-06-03,15000.0,15000.0,15000.0,15000.0,15000.0,15000.0,15000.0,0.0,0.0,2003,3,6,1,23,0.5,0.5,0.4571428571428572,0.42857142857142855,0.0,53.333333333333336,LOW
2003-06-04,15000.0,15000.0,15000.0,15000.0,15000.0,15000.0,15000.0,0.0,0.0,2003,4,6,2,23,0.5,0.4,0.4571428571428572,0.42857142857142855,0.0,53.333333333333336,LOW
2003-06-08,15000.0,15000.0,15000.0,15000.0,15000.0,15000.0,15000.0,0.0,0.0,2003,8,6,6,23,0.5,0.5,0.4714285714285714,0.4428571428571429,19.999999999999996,53.333333333333336,LOW
2003-06-09,15000.0,15000.0,15000.0,15000.0,15000.0,15000.0,15000.0,0.0,0.0,2003,9,6,0,24,0.6,0.4,0.4857142857142857,0.46428571428571436,0.0,53.333333333333336,LOW
2003-06-11,15000.0,15000.0,15000.0,15000.0,15000.0,15000.0,15000.0,0.0,0.0,2003,11,6,2,24,0.6,0.5,0.5142857142857143,0.4785714285714286,-16.666666666666664,53.333333333333336,LOW
2003-06-12,15000.0,15000.0,15000.0,15000.0,15000.0,15000.0,15000.0,0.0,0.0,2003,12,6,3,24,0.5,0.4,0.5142857142857143,0.4857142857142857,-19.999999999999996,53.333333333333336,LOW
2003-06-13,15000.0,15000.0,15000.0,15000.0,15000.0,15000.0,15000.0,0.0,0.0,2003,13,6,4,24,0.4,0.5,0.5142857142857143,0.48571428571428577,24.999999999999993,53.333333333333336,LOW
2003-06-14,15000.0,15000.0,15000.0,15000.0,15000.0,15000.0,15000.0,0.0,0.0,2003,14,6,5,24,0.5,0.5,0.5142857142857142,0.48571428571428577,0.0,53.333333333333336,LOW
2003-06-15,15000.0,15000.0,15000.0,15000.0,15000.0,15000.0,15000.0,0.0,0.0,2003,15,6,6,24,0.5,0.5,0.5142857142857142,0.48571428571428577,-19.999999999999996,53.333333333333336,LOW
2003-06-16,15000.0,15000.0,15000.0,15000.0,15000.0,15000.0,15000.0,0.0,0.0,2003,16,6,0,25,0.4,0.6,0.5,0.4857142857142857,24.999999999999993,53.333333333333336,LOW
2003-06-17,15000.0,15000.0,15000.0,15000.0,15000.0,15000.0,15000.0,0.0,0.0,2003,17,6,1,25,0.5,0.6,0.48571428571428577,0.4857142857142857,0.0,53.333333333333336,LOW
2003-06-18,15000.0,15000.0,15000.0,15000.0,15000.0,15000.0,15000.0,0.0,0.0,2003,18,6,2,25,0.5,0.5,0.4714285714285714,0.4928571428571428,0.0,53.333333333333336,LOW
2003-06-20,15000.0,15000.0,15000.0,15000.0,15000.0,15000.0,15000.0,0.0,0.0,2003,20,6,4,25,0.5,0.4,0.4714285714285714,0.4928571428571428,-19.999999999999996,53.333333333333336,LOW
2003-06-21,15000.0,15000.0,15000.0,15000.0,15000.0,15000.0,15000.0,0.0,0.0,2003,21,6,5,25,0.4,0.5,0.4714285714285715,0.4928571428571429,24.999999999999993,53.333333333333336,LOW
2003-06-22,15000.0,15000.0,15000.0,15000.0,15000.0,15000.0,15000.0,0.0,0.0,2003,22,6,6,25,0.5,0.5,0.4714285714285715,0.4928571428571429,0.0,53.333333333333336,LOW
2003-06-23,15000.0,15000.0,15000.0,15000.0,15000.0,15000.0,15000.0,0.0,0.0,2003,23,6,0,26,0.5,0.4,0.4714285714285715,0.4928571428571429,0.0,53.333333333333336,LOW
2003-07-16,15000.0,15000.0,15000.0,15000.0,15000.0,15000.0,15000.0,0.0,0.0,2003,16,7,2,29,0.5,0.5,0.48571428571428577,0.4928571428571429,0.0,53.333333333333336,LOW
2003-07-18,15000.0,15000.0,15000.0,15000.0,15000.0,15000.0,15000.0,0.0,0.0,2003,18,7,4,29,0.5,0.5,0.48571428571428577,0.4857142857142857,0.0,53.333333333333336,LOW
2003-07-21,15000.0,15000.0,15000.0,15000.0,15000.0,15000.0,15000.0,0.0,0.0,2003,21,7,0,30,0.5,0.5,0.48571428571428577,0.4785714285714286,0.0,53.333333333333336,LOW
2003-07-22,15000.0,15000.0,15000.0,15000.0,15000.0,15000.0,15000.0,0.0,0.0,2003,22,7,1,30,0.5,0.4,0.48571428571428577,0.4785714285714286,19.999999999999996,60.0,LOW
2003-07-23,15000.0,15000.0,15000.0,15000.0,15000.0,15000.0,15000.0,0.0,0.0,2003,23,7,2,30,0.6,0.5,0.5142857142857142,0.4928571428571428,-16.666666666666664,60.0,LOW
2003-07-25,15000.0,15000.0,15000.0,15000.0,15000.0,15000.0,15000.0,0.0,0.0,2003,25,7,4,30,0.5,0.5,0.5142857142857142,0.4928571428571428,0.0,60.0,HIGH
2003-07-27,15000.0,15000.0,15000.0,15000.0,15000.0,15000.0,15000.0,0.0,0.0,2003,27,7,6,30,0.5,0.5,0.5142857142857142,0.4928571428571428,0.0,60.0,HIGH
2003-07-28,15000.0,15000.0,15000.0,15000.0,15000.0,15000.0,15000.0,0.0,0.0,2003,28,7,0,31,0.5,0.5,0.5142857142857142,0.5,0.0,60.0,HIGH
2003-07-29,15000.0,15000.0,15000.0,15000.0,15000.0,15000.0,15000.0,0.0,0.0,2003,29,7,1,31,0.5,0.5,0.5142857142857142,0.5,0.0,60.0,HIGH
2003-07-30,15000.0,15000.0,15000.0,15000.0,15000.0,15000.0,15000.0,0.0,0.0,2003,30,7,2,31,0.5,0.5,0.5142857142857142,0.5,0.0,60.0,HIGH
2003-07-31,15000.0,15000.0,15000.0,15000.0,15000.0,15000.0,15000.0,0.0,0.0,2003,31,7,3,31,0.5,0.6,0.5142857142857142,0.5,0.0,90.0,HIGH
2003-08-02,10000.0,15000.0,15000.0,15000.0,14285.714285714286,14642.857142857143,14833.333333333334,1889.8223650461364,1336.306209562122,2003,2,8,5,31,0.5,0.5,0.5,0.5071428571428571,0.0,90.0,HIGH
2003-08-04,10000.0,15000.0,15000.0,15000.0,13571.42857142857,14285.714285714286,14666.666666666666,2439.7501823713337,1815.6825980064075,2003,4,8,0,32,0.5,0.5,0.5,0.5071428571428571,0.0,90.0,HIGH
2003-08-05,10000.0,15000.0,15000.0,15000.0,12857.142857142857,13928.57142857143,14500.0,2672.6124191242443,2129.0765681316,2003,5,8,1,32,0.5,0.5,0.5,0.5071428571428571,0.0,90.0,LOW
2003-08-06,10000.0,15000.0,15000.0,15000.0,12142.857142857143,13571.42857142857,14333.333333333334,2672.6124191242443,2344.0361546924773,2003,6,8,2,32,0.5,0.5,0.5,0.5071428571428571,0.0,60.0,HIGH
2003-08-07,15000.0,15000.0,15000.0,15000.0,12142.857142857143,13571.42857142857,14333.333333333334,2672.6124191242443,2344.0361546924773,2003,7,8,3,32,0.5,0.5,0.5,0.5071428571428571,0.0,60.0,HIGH
2003-08-08,15000.0,15000.0,15000.0,15000.0,12142.857142857143,13571.42857142857,14333.333333333334,2672.6124191242443,2344.0361546924773,2003,8,8,4,32,0.5,0.5,0.5,0.5071428571428571,0.0,60.0,HIGH
2003-08-09,15000.0,10000.0,15000.0,15000.0,12142.857142857143,13571.42857142857,14333.333333333334,2672.6124191242443,2344.0361546924773,2003,9,8,5,32,0.5,0.5,0.5,0.5071428571428571,19.999999999999996,60.0,HIGH
2003-08-10,15000.0,10000.0,15000.0,15000.0,12857.142857142857,13571.42857142857,14333.333333333334,2672.6124191242443,2344.0361546924773,2003,10,8,6,32,0.6,0.5,0.5142857142857143,0.5071428571428572,-16.666666666666664,60.0,HIGH
2003-08-12,15000.0,10000.0,15000.0,15000.0,13571.42857142857,13571.42857142857,14333.333333333334,2439.750182371334,2344.0361546924773,2003,12,8,1,33,0.5,0.5,0.5142857142857142,0.5071428571428572,0.0,90.0,LOW
2003-08-13,10000.0,10000.0,15000.0,15000.0,13571.42857142857,13214.285714285714,14166.666666666666,2439.750182371334,2486.2257904942344,2003,13,8,2,33,0.5,0.5,0.5142857142857142,0.5071428571428572,0.0,60.0,LOW
2003-08-14,15000.0,15000.0,15000.0,15000.0,14285.714285714286,13214.285714285714,14166.666666666666,1889.822365046138,2486.2257904942344,2003,14,8,3,33,0.5,0.5,0.5142857142857142,0.5071428571428572,19.999999999999996,60.0,LOW
2003-08-16,15000.0,15000.0,15000.0,15000.0,14285.714285714286,13214.285714285714,14166.666666666666,1889.822365046138,2486.2257904942344,2003,16,8,5,33,0.6,0.5,0.5285714285714286,0.5142857142857143,-16.666666666666664,60.0,HIGH
2003-08-17,15000.0,15000.0,15000.0,15000.0,14285.714285714286,13214.285714285714,14166.666666666666,1889.822365046138,2486.2257904942344,2003,17,8,6,33,0.5,0.5,0.5285714285714286,0.5142857142857143,19.999999999999996,60.0,HIGH
2003-08-18,15000.0,15000.0,10000.0,15000.0,14285.714285714286,13214.285714285714,14166.666666666666,1889.822365046138,2486.2257904942344,2003,18,8,0,34,0.6,0.6,0.5428571428571429,0.5214285714285715,-16.666666666666664,60.0,HIGH
2003-08-20,15000.0,15000.0,10000.0,15000.0,14285.714285714286,13571.42857142857,14166.666666666666,1889.822365046138,2344.0361546924773,2003,20,8,2,34,0.5,0.5,0.5285714285714286,0.5214285714285715,19.999999999999996,60.0,HIGH
2003-08-21,15000.0,10000.0,10000.0,15000.0,14285.714285714286,13928.57142857143,14166.666666666666,1889.822365046138,2129.0765681316007,2003,21,8,3,34,0.6,0.5,0.5428571428571428,0.5285714285714286,-16.666666666666664,60.0,HIGH
2003-08-22,15000.0,15000.0,10000.0,15000.0,15000.0,14285.714285714286,14166.666666666666,0.0,1815.6825980064077,2003,22,8,4,34,0.5,0.5,0.5428571428571428,0.5285714285714286,0.0,90.0,HIGH
2003-08-23,10000.0,15000.0,15000.0,15000.0,14285.714285714286,14285.714285714286,14000.0,1889.822365046138,1815.6825980064077,2003,23,8,5,34,0.5,0.6,0.5428571428571428,0.5285714285714286,0.0,60.0,HIGH
2003-08-24,15000.0,15000.0,15000.0,15000.0,14285.714285714286,14285.714285714286,14000.0,1889.822365046138,1815.6825980064077,2003,24,8,6,34,0.5,0.5,0.5285714285714286,0.5285714285714286,0.0,60.0,HIGH
2003-08-25,15000.0,15000.0,15000.0,15000.0,14285.714285714286,14285.714285714286,14000.0,1889.822365046138,1815.6825980064077,2003,25,8,0,35,0.5,0.6,0.5285714285714286,0.5285714285714286,19.999999999999996,60.0,HIGH
2003-08-27,15000.0,15000.0,15000.0,15000.0,14285.714285714286,14285.714285714286,14000.0,1889.822365046138,1815.6825980064077,2003,27,8,2,35,0.6,0.5,0.5285714285714286,0.5357142857142857,-16.666666666666664,60.0,HIGH
2003-08-29,15000.0,15000.0,15000.0,15000.0,14285.714285714286,14285.714285714286,14000.0,1889.822365046138,1815.6825980064077,2003,29,8,4,35,0.5,0.6,0.5285714285714286,0.5285714285714286,0.0,90.0,LOW
2003-08-30,10000.0,15000.0,10000.0,15000.0,13571.42857142857,13928.57142857143,13833.333333333334,2439.7501823713337,2129.0765681316007,2003,30,8,5,35,0.5,0.5,0.5142857142857142,0.5285714285714286,19.999999999999996,60.0,LOW
2003-08-31,15000.0,10000.0,15000.0,15000.0,13571.42857142857,14285.714285714286,13833.333333333334,2439.7501823713337,1815.6825980064077,2003,31,8,6,35,0.6,0.5,0.5285714285714286,0.5357142857142857,0.0,60.0,LOW
2003-09-01,15000.0,15000.0,15000.0,15000.0,14285.714285714286,14285.714285714286,13833.333333333334,1889.8223650461377,1815.6825980064077,2003,1,9,0,36,0.6,0.5,0.5428571428571429,0.5428571428571428,-16.666666666666664,60.0,LOW
2003-09-02,15000.0,15000.0,15000.0,15000.0,14285.714285714286,14285.714285714286,13833.333333333334,1889.8223650461377,1815.6825980064077,2003,2,9,1,36,0.5,0.5,0.5428571428571428,0.5357142857142857,0.0,60.0,LOW
2003-09-03,15000.0,15000.0,15000.0,15000.0,14285.714285714286,14285.714285714286,13833.333333333334,1889.8223650461377,1815.6825980064077,2003,3,9,2,36,0.5,0.6,0.5428571428571428,0.5357142857142857,0.0,60.0,LOW
2003-09-05,15000.0,15000.0,15000.0,15000.0,14285.714285714286,14285.714285714286,13833.333333333334,1889.8223650461377,1815.6825980064077,2003,5,9,4,36,0.5,0.5,0.5285714285714286,0.5285714285714286,0.0,60.0,LOW
2003-09-07,15000.0,10000.0,15000.0,15000.0,14285.714285714286,14285.714285714286,13833.333333333334,1889.8223650461377,1815.6825980064077,2003,7,9,6,36,0.5,0.5,0.5285714285714286,0.5285714285714286,0.0,60.0,LOW
2003-09-08,15000.0,15000.0,15000.0,10000.0,15000.0,14285.714285714286,13833.333333333334,0.0,1815.6825980064077,2003,8,9,0,37,0.5,0.6,0.5285714285714286,0.5214285714285715,0.0,60.0,LOW
2003-09-09,15000.0,15000.0,10000.0,10000.0,15000.0,14285.714285714286,14000.0,0.0,1815.6825980064077,2003,9,9,1,37,0.5,0.6,0.5142857142857143,0.5214285714285715,0.0,60.0,LOW
2003-09-10,15000.0,15000.0,15000.0,10000.0,15000.0,14642.857142857143,14166.666666666666,0.0,1336.3062095621224,2003,10,9,2,37,0.5,0.5,0.5,0.5214285714285715,0.0,60.0,LOW
2003-09-12,15000.0,15000.0,15000.0,10000.0,15000.0,14642.857142857143,14333.333333333334,0.0,1336.3062095621224,2003,12,9,4,37,0.5,0.5,0.5,0.5214285714285715,0.0,60.0,LOW
2003-09-13,15000.0,15000.0,15000.0,15000.0,15000.0,14642.857142857143,14500.0,0.0,1336.3062095621224,2003,13,9,5,37,0.5,0.5,0.5,0.5214285714285715,0.0,60.0,LOW
2003-09-14,15000.0,15000.0,15000.0,15000.0,15000.0,14642.857142857143,14500.0,0.0,1336.3062095621224,2003,14,9,6,37,0.5,0.5,0.5,0.5142857142857143,0.0,60.0,LOW
2003-09-16,15000.0,15000.0,10000.0,15000.0,15000.0,14642.857142857143,14500.0,0.0,1336.3062095621224,2003,16,9,1,38,0.5,0.5,0.5,0.5142857142857143,19.999999999999996,60.0,LOW
2003-09-17,15000.0,15000.0,15000.0,15000.0,15000.0,15000.0,14500.0,0.0,0.0,2003,17,9,2,38,0.6,0.5,0.5142857142857142,0.5214285714285715,0.0,60.0,LOW
2003-09-19,15000.0,15000.0,15000.0,15000.0,15000.0,15000.0,14500.0,0.0,0.0,2003,19,9,4,38,0.6,0.5,0.5285714285714286,0.5214285714285715,0.0,60.0,LOW
2003-09-20,15000.0,15000.0,15000.0,10000.0,15000.0,15000.0,14500.0,0.0,0.0,2003,20,9,5,38,0.6,0.5,0.5428571428571428,0.5214285714285715,0.0,60.0,LOW
2003-09-21,15000.0,15000.0,15000.0,15000.0,15000.0,15000.0,14666.666666666666,0.0,0.0,2003,21,9,6,38,0.6,0.5,0.5571428571428572,0.5285714285714286,0.0,60.0,LOW
2003-09-22,15000.0,15000.0,15000.0,15000.0,15000.0,15000.0,14666.666666666666,0.0,0.0,2003,22,9,0,39,0.6,0.5,0.5714285714285714,0.5357142857142857,0.0,60.0,LOW
2003-09-23,15000.0,15000.0,15000.0,15000.0,15000.0,15000.0,14666.666666666666,0.0,0.0,2003,23,9,1,39,0.6,0.5,0.5857142857142856,0.5428571428571428,0.0,60.0,LOW
2003-09-27,15000.0,15000.0,15000.0,15000.0,15000.0,15000.0,14666.666666666666,0.0,0.0,2003,27,9,5,39,0.6,0.6,0.6,0.5499999999999999,0.0,60.0,LOW
2003-09-28,15000.0,15000.0,15000.0,15000.0,15000.0,15000.0,14666.666666666666,0.0,0.0,2003,28,9,6,39,0.6,0.6,0.6,0.5571428571428572,0.0,60.0,LOW
2003-09-29,15000.0,15000.0,15000.0,15000.0,15000.0,15000.0,14666.666666666666,0.0,0.0,2003,29,9,0,40,0.6,0.6,0.6,0.5642857142857143,-16.666666666666664,60.0,LOW
2003-09-30,15000.0,15000.0,15000.0,15000.0,15000.0,15000.0,14666.666666666666,0.0,0.0,2003,30,9,1,40,0.5,0.6,0.5857142857142856,0.5642857142857143,19.999999999999996,60.0,LOW
2003-10-02,15000.0,15000.0,15000.0,10000.0,15000.0,15000.0,14666.666666666666,0.0,0.0,2003,2,10,3,40,0.6,0.6,0.5857142857142856,0.5714285714285714,-16.666666666666664,60.0,LOW
2003-10-03,15000.0,15000.0,15000.0,15000.0,15000.0,15000.0,14833.333333333334,0.0,0.0,2003,3,10,4,40,0.5,0.6,0.5714285714285714,0.5714285714285714,19.999999999999996,60.0,LOW
2003-10-05,15000.0,15000.0,15000.0,15000.0,15000.0,15000.0,14833.333333333334,0.0,0.0,2003,5,10,6,40,0.6,0.6,0.5714285714285714,0.5785714285714285,0.0,60.0,LOW
2003-10-08,15000.0,15000.0,15000.0,15000.0,15000.0,15000.0,14833.333333333334,0.0,0.0,2003,8,10,2,41,0.6,0.6,0.5714285714285714,0.5857142857142856,-16.666666666666664,60.0,LOW
2003-10-09,15000.0,15000.0,15000.0,15000.0,15000.0,15000.0,14833.333333333334,0.0,0.0,2003,9,10,3,41,0.5,0.6,0.5571428571428572,0.5785714285714285,19.999999999999996,60.0,LOW
2003-10-10,15000.0,15000.0,15000.0,10000.0,15000.0,15000.0,14833.333333333334,0.0,0.0,2003,10,10,4,41,0.6,0.5,0.557142857142857,0.5785714285714285,-16.666666666666664,60.0,LOW
2003-10-11,15000.0,15000.0,15000.0,15000.0,15000.0,15000.0,15000.0,0.0,0.0,2003,11,10,5,41,0.5,0.6,0.557142857142857,0.5714285714285714,19.999999999999996,60.0,LOW
2003-10-23,15000.0,15000.0,15000.0,15000.0,15000.0,15000.0,15000.0,0.0,0.0,2003,23,10,3,43,0.6,0.5,0.5571428571428572,0.5714285714285714,-16.666666666666664,60.0,LOW
2003-10-24,15000.0,15000.0,15000.0,15000.0,15000.0,15000.0,15000.0,0.0,0.0,2003,24,10,4,43,0.5,0.6,0.5571428571428572,0.5642857142857143,0.0,60.0,LOW
2003-10-26,15000.0,15000.0,15000.0,15000.0,15000.0,15000.0,15000.0,0.0,0.0,2003,26,10,6,43,0.5,0.6,0.5428571428571428,0.5571428571428572,0.0,60.0,LOW
2003-10-27,15000.0,15000.0,15000.0,15000.0,15000.0,15000.0,15000.0,0.0,0.0,2003,27,10,0,44,0.5,0.5,0.5285714285714286,0.5499999999999999,0.0,60.0,LOW
2003-10-28,15000.0,15000.0,15000.0,15000.0,15000.0,15000.0,15000.0,0.0,0.0,2003,28,10,1,44,0.5,0.6,0.5285714285714286,0.5428571428571428,0.0,60.0,LOW
2003-10-29,15000.0,15000.0,15000.0,15000.0,15000.0,15000.0,15000.0,0.0,0.0,2003,29,10,2,44,0.5,0.5,0.5142857142857142,0.5357142857142857,0.0,60.0,LOW
2003-10-30,15000.0,15000.0,15000.0,15000.0,15000.0,15000.0,15000.0,0.0,0.0,2003,30,10,3,44,0.5,0.6,0.5142857142857142,0.5357142857142857,0.0,60.0,LOW
2003-11-01,15000.0,15000.0,15000.0,15000.0,15000.0,15000.0,15000.0,0.0,0.0,2003,1,11,5,44,0.5,0.5,0.5,0.5285714285714286,19.999999999999996,60.0,LOW
2003-11-03,15000.0,15000.0,15000.0,15000.0,15000.0,15000.0,15000.0,0.0,0.0,2003,3,11,0,45,0.6,0.5,0.5142857142857143,0.5357142857142857,0.0,60.0,LOW
2003-11-05,15000.0,15000.0,15000.0,15000.0,15000.0,15000.0,15000.0,0.0,0.0,2003,5,11,2,45,0.6,0.5,0.5285714285714286,0.5357142857142857,0.0,60.0,LOW
2003-11-06,15000.0,15000.0,15000.0,15000.0,15000.0,15000.0,15000.0,0.0,0.0,2003,6,11,3,45,0.6,0.5,0.5428571428571428,0.5357142857142857,-16.666666666666664,60.0,LOW
2003-11-07,15000.0,15000.0,15000.0,15000.0,15000.0,15000.0,15000.0,0.0,0.0,2003,7,11,4,45,0.5,0.5,0.5428571428571428,0.5357142857142857,0.0,60.0,LOW
2003-11-10,15000.0,15000.0,15000.0,15000.0,15000.0,15000.0,15000.0,0.0,0.0,2003,10,11,0,46,0.5,0.5,0.5428571428571428,0.5285714285714286,0.0,60.0,LOW
2003-11-11,15000.0,15000.0,15000.0,15000.0,15000.0,15000.0,15000.0,0.0,0.0,2003,11,11,1,46,0.5,0.5,0.5428571428571428,0.5285714285714286,0.0,60.0,LOW
2003-11-12,15000.0,15000.0,15000.0,15000.0,15000.0,15000.0,15000.0,0.0,0.0,2003,12,11,2,46,0.5,0.6,0.5428571428571428,0.5214285714285715,0.0,60.0,LOW
2003-11-13,15000.0,15000.0,15000.0,15000.0,15000.0,15000.0,15000.0,0.0,0.0,2003,13,11,3,46,0.5,0.6,0.5285714285714286,0.5214285714285715,0.0,60.0,LOW
2003-11-14,15000.0,15000.0,15000.0,15000.0,15000.0,15000.0,15000.0,0.0,0.0,2003,14,11,4,46,0.5,0.6,0.5142857142857142,0.5214285714285715,0.0,60.0,LOW
2003-11-15,15000.0,15000.0,15000.0,15000.0,15000.0,15000.0,15000.0,0.0,0.0,2003,15,11,5,46,0.5,0.5,0.5,0.5214285714285715,0.0,60.0,LOW
2003-11-16,15000.0,15000.0,15000.0,15000.0,15000.0,15000.0,15000.0,0.0,0.0,2003,16,11,6,46,0.5,0.5,0.5,0.5214285714285715,0.0,60.0,LOW
2003-11-17,15000.0,15000.0,15000.0,15000.0,15000.0,15000.0,15000.0,0.0,0.0,2003,17,11,0,47,0.5,0.5,0.5,0.5214285714285715,0.0,60.0,LOW
2003-11-19,15000.0,15000.0,15000.0,15000.0,15000.0,15000.0,15000.0,0.0,0.0,2003,19,11,2,47,0.5,0.5,0.5,0.5214285714285715,19.999999999999996,60.0,LOW
2003-11-20,15000.0,15000.0,15000.0,15000.0,15000.0,15000.0,15000.0,0.0,0.0,2003,20,11,3,47,0.6,0.5,0.5142857142857143,0.5285714285714286,-16.666666666666664,60.0,LOW
2003-11-21,15000.0,15000.0,15000.0,15000.0,15000.0,15000.0,15000.0,0.0,0.0,2003,21,11,4,47,0.5,0.5,0.5142857142857142,0.5214285714285715,19.999999999999996,60.0,LOW
2003-11-24,15000.0,15000.0,15000.0,15000.0,15000.0,15000.0,15000.0,0.0,0.0,2003,24,11,0,48,0.6,0.5,0.5285714285714286,0.5214285714285715,0.0,60.0,LOW
2003-11-25,15000.0,15000.0,15000.0,15000.0,15000.0,15000.0,15000.0,0.0,0.0,2003,25,11,1,48,0.6,0.5,0.5428571428571429,0.5214285714285715,0.0,60.0,LOW
2003-11-26,15000.0,15000.0,15000.0,15000.0,15000.0,15000.0,15000.0,0.0,0.0,2003,26,11,2,48,0.6,0.5,0.557142857142857,0.5285714285714286,0.0,60.0,LOW
2003-11-27,15000.0,15000.0,15000.0,15000.0,15000.0,15000.0,15000.0,0.0,0.0,2003,27,11,3,48,0.6,0.5,0.5714285714285714,0.5357142857142857,0.0,60.0,LOW
2003-11-28,15000.0,15000.0,15000.0,15000.0,15000.0,15000.0,15000.0,0.0,0.0,2003,28,11,4,48,0.6,0.6,0.5857142857142856,0.5428571428571428,0.0,60.0,LOW
2003-11-29,15000.0,15000.0,15000.0,15000.0,15000.0,15000.0,15000.0,0.0,0.0,2003,29,11,5,48,0.6,0.5,0.5857142857142856,0.55,0.0,60.0,LOW
2003-12-01,15000.0,15000.0,15000.0,15000.0,15000.0,15000.0,15000.0,0.0,0.0,2003,1,12,0,49,0.6,0.6,0.6,0.5571428571428572,0.0,60.0,LOW
2003-12-03,15000.0,15000.0,15000.0,15000.0,15000.0,15000.0,15000.0,0.0,0.0,2003,3,12,2,49,0.6,0.6,0.6,0.5642857142857143,0.0,60.0,LOW
2003-12-04,15000.0,15000.0,15000.0,15000.0,15000.0,15000.0,15000.0,0.0,0.0,2003,4,12,3,49,0.6,0.6,0.6,0.5714285714285714,-16.666666666666664,60.0,LOW
2003-12-05,15000.0,15000.0,15000.0,15000.0,15000.0,15000.0,15000.0,0.0,0.0,2003,5,12,4,49,0.5,0.6,0.5857142857142856,0.5714285714285714,0.0,60.0,LOW
2003-12-07,15000.0,15000.0,15000.0,15000.0,15000.0,15000.0,15000.0,0.0,0.0,2003,7,12,6,49,0.5,0.6,0.5714285714285714,0.5714285714285714,80.0,60.0,LOW
2003-12-08,15000.0,15000.0,15000.0,15000.0,15000.0,15000.0,15000.0,0.0,0.0,2003,8,12,0,50,0.9,0.6,0.6142857142857142,0.6,0.0,60.0,LOW
2003-12-10,15000.0,15000.0,15000.0,15000.0,15000.0,15000.0,15000.0,0.0,0.0,2003,10,12,2,50,0.9,0.6,0.6571428571428571,0.6214285714285713,-44.44444444444445,60.0,LOW
2003-12-13,15000.0,15000.0,15000.0,15000.0,15000.0,15000.0,15000.0,0.0,0.0,2003,13,12,5,50,0.5,0.6,0.6428571428571429,0.6214285714285713,19.999999999999996,60.0,LOW
2003-12-16,15000.0,15000.0,15000.0,15000.0,15000.0,15000.0,15000.0,0.0,0.0,2003,16,12,1,51,0.6,0.6,0.6428571428571429,0.6214285714285713,-16.666666666666664,60.0,LOW
2003-12-17,15000.0,15000.0,15000.0,15000.0,15000.0,15000.0,15000.0,0.0,0.0,2003,17,12,2,51,0.5,0.5,0.6285714285714287,0.6142857142857142,0.0,60.0,LOW
2003-12-18,15000.0,15000.0,15000.0,15000.0,15000.0,15000.0,15000.0,0.0,0.0,2003,18,12,3,51,0.5,0.5,0.6285714285714287,0.6071428571428571,80.0,60.0,LOW
2003-12-20,15000.0,15000.0,15000.0,15000.0,15000.0,15000.0,15000.0,0.0,0.0,2003,20,12,5,51,0.9,0.9,0.6857142857142857,0.6285714285714287,-44.44444444444445,60.0,LOW
2003-12-21,15000.0,15000.0,15000.0,15000.0,15000.0,15000.0,15000.0,0.0,0.0,2003,21,12,6,51,0.5,0.9,0.6285714285714287,0.6214285714285716,19.999999999999996,60.0,LOW
2003-12-22,15000.0,15000.0,15000.0,15000.0,15000.0,15000.0,15000.0,0.0,0.0,2003,22,12,0,52,0.6,0.5,0.5857142857142856,0.6214285714285716,-16.666666666666664,60.0,LOW
2003-12-23,15000.0,15000.0,15000.0,15000.0,15000.0,15000.0,15000.0,0.0,0.0,2003,23,12,1,52,0.5,0.6,0.5857142857142856,0.6142857142857142,0.0,60.0,LOW
2003-12-24,15000.0,15000.0,15000.0,15000.0,15000.0,15000.0,15000.0,0.0,0.0,2003,24,12,2,52,0.5,0.5,0.5714285714285714,0.6071428571428571,19.999999999999996,60.0,LOW
2003-12-27,15000.0,15000.0,15000.0,15000.0,15000.0,15000.0,15000.0,0.0,0.0,2003,27,12,5,52,0.6,0.5,0.5857142857142856,0.6071428571428571,-16.666666666666664,60.0,LOW
2003-12-28,15000.0,15000.0,15000.0,15000.0,15000.0,15000.0,15000.0,0.0,0.0,2003,28,12,6,52,0.5,0.9,0.5857142857142856,0.6071428571428571,0.0,60.0,LOW
2003-12-29,15000.0,15000.0,15000.0,15000.0,15000.0,15000.0,15000.0,0.0,0.0,2003,29,12,0,1,0.5,0.5,0.5285714285714286,0.6071428571428571,19.999999999999996,46.666666666666664,LOW
2003-12-30,15000.0,15000.0,15000.0,15000.0,15000.0,15000.0,15000.0,0.0,0.0,2003,30,12,1,1,0.6,0.6,0.5428571428571429,0.5857142857142856,0.0,46.666666666666664,LOW
2004-01-02,15000.0,15000.0,15000.0,15000.0,15000.0,15000.0,15000.0,0.0,0.0,2004,2,1,4,1,0.6,0.5,0.5428571428571428,0.5642857142857143,0.0,46.666666666666664,LOW
2004-01-03,15000.0,15000.0,15000.0,15000.0,15000.0,15000.0,15000.0,0.0,0.0,2004,3,1,5,1,0.6,0.5,0.5571428571428572,0.5714285714285714,-16.666666666666664,46.666666666666664,LOW
2004-01-05,15000.0,15000.0,15000.0,15000.0,15000.0,15000.0,15000.0,0.0,0.0,2004,5,1,0,2,0.5,0.6,0.5571428571428572,0.5642857142857143,0.0,46.666666666666664,LOW
2004-01-06,15000.0,15000.0,15000.0,15000.0,15000.0,15000.0,15000.0,0.0,0.0,2004,6,1,1,2,0.5,0.5,0.5428571428571428,0.5642857142857143,19.999999999999996,46.666666666666664,LOW
2004-01-07,15000.0,15000.0,15000.0,15000.0,15000.0,15000.0,15000.0,0.0,0.0,2004,7,1,2,2,0.6,0.5,0.5571428571428572,0.5714285714285714,-16.666666666666664,46.666666666666664,LOW
2004-01-10,15000.0,15000.0,15000.0,15000.0,15000.0,15000.0,15000.0,0.0,0.0,2004,10,1,5,2,0.5,0.6,0.5571428571428572,0.5428571428571428,0.0,46.666666666666664,LOW
2004-01-13,15000.0,15000.0,15000.0,15000.0,15000.0,15000.0,15000.0,0.0,0.0,2004,13,1,1,3,0.5,0.6,0.5428571428571428,0.5428571428571428,0.0,46.666666666666664,LOW
2004-01-14,15000.0,15000.0,15000.0,15000.0,15000.0,15000.0,15000.0,0.0,0.0,2004,14,1,2,3,0.5,0.6,0.5285714285714286,0.5357142857142857,0.0,46.666666666666664,LOW
2004-01-17,15000.0,15000.0,15000.0,15000.0,15000.0,15000.0,15000.0,0.0,0.0,2004,17,1,5,3,0.5,0.5,0.5142857142857143,0.5357142857142857,0.0,46.666666666666664,LOW
2004-01-18,15000.0,15000.0,15000.0,15000.0,15000.0,15000.0,15000.0,0.0,0.0,2004,18,1,6,3,0.5,0.5,0.5142857142857143,0.5357142857142857,0.0,46.666666666666664,LOW
2004-01-19,15000.0,15000.0,15000.0,15000.0,15000.0,15000.0,15000.0,0.0,0.0,2004,19,1,0,4,0.5,0.6,0.5142857142857143,0.5285714285714286,0.0,46.666666666666664,LOW
2004-01-20,15000.0,15000.0,15000.0,15000.0,15000.0,15000.0,15000.0,0.0,0.0,2004,20,1,1,4,0.5,0.5,0.5,0.5285714285714286,19.999999999999996,46.666666666666664,LOW
2004-01-21,15000.0,15000.0,15000.0,15000.0,15000.0,15000.0,15000.0,0.0,0.0,2004,21,1,2,4,0.6,0.5,0.5142857142857143,0.5357142857142857,0.0,46.666666666666664,LOW
2004-01-23,15000.0,15000.0,15000.0,15000.0,15000.0,15000.0,15000.0,0.0,0.0,2004,23,1,4,4,0.6,0.5,0.5285714285714286,0.5357142857142857,-33.33333333333333,46.666666666666664,LOW
2004-01-28,15000.0,15000.0,15000.0,15000.0,15000.0,15000.0,15000.0,0.0,0.0,2004,28,1,2,5,0.4,0.5,0.5142857142857143,0.5214285714285715,0.0,46.666666666666664,LOW
2004-01-30,15000.0,15000.0,15000.0,15000.0,15000.0,15000.0,15000.0,0.0,0.0,2004,30,1,4,5,0.4,0.5,0.5,0.5071428571428571,24.999999999999993,46.666666666666664,LOW
2004-02-02,15000.0,15000.0,15000.0,15000.0,15000.0,15000.0,15000.0,0.0,0.0,2004,2,2,0,6,0.5,0.5,0.5,0.5071428571428571,0.0,46.666666666666664,LOW
2004-02-03,15000.0,15000.0,15000.0,15000.0,15000.0,15000.0,15000.0,0.0,0.0,2004,3,2,1,6,0.5,0.5,0.5,0.5071428571428571,0.0,46.666666666666664,LOW
2004-02-05,15000.0,15000.0,15000.0,15000.0,15000.0,15000.0,15000.0,0.0,0.0,2004,5,2,3,6,0.5,0.6,0.5,0.5,-19.999999999999996,46.666666666666664,LOW
2011-12-15,10000.0,10000.0,10000.0,7500.0,9085.714285714286,9542.857142857143,10008.333333333334,1088.467686595203,1110.5883996362434,2011,15,12,3,50,0.3,0.3,0.3,0.27142857142857146,-33.33333333333333,27.27272727272727,HIGH
2011-12-16,11000.0,10000.0,10000.0,10000.0,9228.57142857143,9614.285714285714,10125.0,1277.6466461353702,1172.6742237999579,2011,16,12,4,50,0.2,0.2,0.2857142857142857,0.2714285714285714,100.0,21.052631578947366,HIGH
2011-12-17,9500.0,7000.0,10000.0,8500.0,9157.142857142857,9578.57142857143,10108.333333333334,1240.7754871546333,1167.6265020766045,2011,17,12,5,50,0.4,0.4,0.31428571428571433,0.2857142857142857,0.0,15.294117647058824,HIGH
2011-12-29,8500.0,9000.0,12000.0,9000.0,9371.42857142857,9471.42857142857,10108.333333333334,884.5230083954631,1194.492857581487,2011,29,12,3,52,0.4,0.3,0.31428571428571433,0.3,-50.0,7.142857142857142,HIGH
2012-01-11,7000.0,9000.0,10000.0,8500.0,9085.714285714286,9114.285714285714,10041.666666666666,1265.4756305154906,1125.8208238758639,2012,11,1,2,2,0.2,0.3,0.3,0.3,-50.0,25.0,HIGH
2012-01-18,8000.0,8600.0,9000.0,7650.0,8942.857142857143,8971.42857142857,10025.0,1331.4868166291205,1131.662202540733,2012,18,1,2,3,0.1,0.3,0.27142857142857146,0.2857142857142857,0.0,30.0,HIGH
2012-01-25,10000.0,10000.0,9000.0,13500.0,9142.857142857143,9042.857142857143,10103.333333333334,1375.81144887559,1164.6817232546916,2012,25,1,2,4,0.1,0.3,0.24285714285714285,0.2714285714285714,300.00000000000006,16.666666666666664,HIGH
2012-02-16,9000.0,11000.0,10000.0,14000.0,9000.0,9042.857142857143,9953.333333333334,1322.8756555322977,1164.6817232546916,2012,16,2,3,7,0.4,0.2,0.2571428571428572,0.2785714285714286,49.999999999999986,4.827586206896552,HIGH
2012-02-17,7250.0,9500.0,10000.0,13000.0,8464.285714285714,8846.42857142857,9728.333333333334,1122.0198623146455,1221.358683175027,2012,17,2,4,7,0.6,0.4,0.31428571428571433,0.3,-16.666666666666664,7.142857142857142,HIGH
2012-02-18,7000.0,8500.0,7000.0,13000.0,8107.142857142857,8632.142857142857,9528.333333333334,1135.2050370706072,1265.7632454004176,2012,18,2,5,7,0.5,0.4,0.32857142857142857,0.32142857142857145,39.99999999999999,13.636363636363635,HIGH
2012-02-21,11000.0,7000.0,9000.0,12000.0,8464.285714285714,8917.857142857143,9461.666666666666,1583.9597758240504,1319.324877302075,2012,21,2,1,8,0.7,0.2,0.3714285714285714,0.34285714285714286,-42.85714285714285,6.024096385542169,MEDIUM
2012-02-23,8300.0,8000.0,9000.0,11000.0,8650.0,8867.857142857143,9338.333333333334,1454.590434910576,1329.1997509862774,2012,23,2,3,8,0.4,0.1,0.39999999999999997,0.35,-25.000000000000007,6.666666666666667,MEDIUM
2012-02-27,7500.0,10000.0,8600.0,9000.0,8578.57142857143,8760.714285714286,9221.666666666666,1503.2900426667363,1377.313238969902,2012,27,2,0,9,0.3,0.1,0.42857142857142855,0.35000000000000003,100.0,2.857142857142857,MEDIUM
2012-02-29,7000.0,9000.0,10000.0,10000.0,8150.0,8646.42857142857,9155.0,1457.4521147079488,1455.8191304758104,2012,29,2,2,9,0.6,0.4,0.5,0.37142857142857144,-33.33333333333333,0.0,MEDIUM
2012-03-03,7500.0,7250.0,11000.0,10000.0,7935.714285714285,8467.857142857143,9071.666666666666,1421.47642896224,1430.1166094006182,2012,3,3,5,9,0.4,0.6,0.5,0.3785714285714286,24.999999999999993,7.142857142857142,MEDIUM
2012-03-05,7000.0,7000.0,9500.0,10000.0,7900.0,8182.142857142857,8971.666666666666,1444.529912001365,1276.6553572123157,2012,5,3,0,10,0.5,0.5,0.4857142857142857,0.4,-19.999999999999996,5.714285714285714,MEDIUM
2012-03-06,7000.0,11000.0,8500.0,10000.0,7900.0,8003.571428571428,8871.666666666666,1444.529912001365,1252.7606877050962,2012,6,3,1,10,0.4,0.7,0.4714285714285714,0.39999999999999997,-50.0,2.666666666666667,MEDIUM
2012-03-07,7500.0,8300.0,7000.0,10000.0,7400.0,7932.142857142857,8788.333333333334,469.0415759823454,1250.7854675020376,2012,7,3,2,10,0.2,0.4,0.39999999999999997,0.38571428571428573,49.999999999999986,2.5,MEDIUM
2012-03-08,8000.0,7500.0,8000.0,10000.0,7357.142857142857,8003.571428571428,8721.666666666666,377.96447300923,1221.6735503956318,2012,8,3,3,10,0.3,0.3,0.38571428571428573,0.39285714285714285,-33.33333333333333,6.666666666666667,MEDIUM
2012-03-09,7500.0,7000.0,10000.0,12000.0,7357.142857142857,7967.857142857143,8638.333333333334,377.96447300923,1229.0720612999614,2012,9,3,4,10,0.2,0.6,0.37142857142857144,0.39999999999999997,49.999999999999986,6.666666666666667,MEDIUM
2012-03-12,7500.0,7500.0,9000.0,10000.0,7428.571428571428,7789.285714285715,8488.333333333334,345.03277967118044,1084.1832394495411,2012,12,3,0,11,0.3,0.4,0.32857142857142857,0.41428571428571426,-86.66666666666667,12.658227848101266,MEDIUM
2012-03-13,7900.0,7000.0,7250.0,9000.0,7485.714285714285,7710.714285714285,8418.333333333334,389.13824205360993,1028.1010447625092,2012,13,3,1,11,0.04,0.5,0.2771428571428572,0.3885714285714285,650.0,0.628930817610063,MEDIUM
2012-03-14,7950.0,7000.0,7000.0,9000.0,7621.428571428572,7760.714285714285,8383.333333333334,355.7353216193494,1020.9683509425638,2012,14,3,2,11,0.3,0.4,0.24857142857142853,0.3671428571428571,-33.33333333333333,0.0,MEDIUM
2012-03-15,8000.0,7500.0,11000.0,10000.0,7764.285714285715,7832.142857142857,8350.0,249.5233551431773,998.3846843887292,2012,15,3,3,11,0.2,0.2,0.22,0.3457142857142857,49.999999999999986,0.6211180124223602,MEDIUM
2012-03-16,8050.0,8000.0,8300.0,10000.0,7842.857142857143,7621.428571428572,8285.0,238.79658608073345,425.04039885562094,2012,16,3,4,11,0.3,0.3,0.2342857142857143,0.3171428571428571,-33.33333333333333,1.2422360248447204,MEDIUM
2012-03-17,8050.0,7500.0,7500.0,7000.0,7850.0,7603.571428571428,8220.0,244.94897427832524,398.7790431739486,2012,17,3,5,11,0.2,0.2,0.22,0.3028571428571429,49.999999999999986,2.4691358024691357,MEDIUM
2012-03-19,8100.0,7500.0,7000.0,9000.0,7935.714285714285,7646.428571428572,8256.666666666666,203.5400978396524,418.54339252767585,2012,19,3,0,12,0.3,0.3,0.2342857142857143,0.3028571428571429,0.0,5.063291139240507,MEDIUM
2012-03-20,7900.0,7900.0,7500.0,9000.0,7992.857142857143,7710.714285714285,8220.0,78.67957924696981,378.8538237634993,2012,20,3,1,12,0.3,0.04,0.23428571428571426,0.2814285714285714,-33.33333333333333,6.329113924050633,LOW
2012-03-21,7900.0,7950.0,7000.0,8600.0,7992.857142857143,7739.285714285715,8183.333333333333,78.67957924696981,376.8179377919303,2012,21,3,2,12,0.2,0.3,0.2571428571428571,0.2671428571428572,0.0,0.625,LOW
2012-03-22,8000.0,8000.0,7000.0,10000.0,8000.0,7810.714285714285,8163.333333333333,76.37626158262367,315.7278352221591,2012,22,3,3,12,0.2,0.2,0.24285714285714288,0.24571428571428572,0.0,2.5,MEDIUM
2012-03-23,8000.0,8050.0,7500.0,11000.0,8000.0,7882.142857142857,8096.666666666667,76.37626158262367,215.37725654619987,2012,23,3,4,12,0.2,0.3,0.24285714285714285,0.23142857142857146,49.999999999999986,0.0,HIGH
2012-03-24,8000.0,8050.0,8000.0,9500.0,7992.857142857143,7917.857142857143,7996.666666666667,73.1925054711674,186.67860375229426,2012,24,3,5,12,0.3,0.2,0.24285714285714285,0.23857142857142857,-66.66666666666666,0.0,HIGH
2012-03-26,8000.0,8100.0,7500.0,8500.0,7985.714285714285,7917.857142857143,7946.666666666667,69.0065559342644,186.67860375229426,2012,26,3,0,13,0.1,0.3,0.22857142857142856,0.22428571428571428,100.0,0.0,HIGH
2012-03-29,8000.0,7900.0,7500.0,7000.0,7971.428571428572,7953.571428571428,7930.0,48.79500364746722,143.39869878486297,2012,29,3,3,13,0.2,0.3,0.21428571428571427,0.22428571428571428,49.999999999999986,0.0,HIGH
2012-03-30,8000.0,7900.0,7900.0,8000.0,7985.714285714285,7989.285714285715,7963.333333333333,37.79644730097587,59.41565265336161,2012,30,3,4,13,0.3,0.2,0.21428571428571427,0.22428571428571425,-33.33333333333333,0.6211180124223602,MEDIUM
2012-04-04,8050.0,8000.0,7950.0,10000.0,8007.142857142857,8000.0,7965.0,18.898223650570642,55.47001962256947,2012,4,4,2,14,0.2,0.2,0.21428571428571427,0.23571428571428574,0.0,0.0,MEDIUM
2012-04-05,10000.0,8000.0,8000.0,9000.0,8292.857142857143,8146.428571428572,7965.0,753.009833616942,536.177455453201,2012,5,4,3,14,0.2,0.2,0.21428571428571427,0.2285714285714286,49.999999999999986,2.0408163265306123,MEDIUM
2012-04-09,9800.0,8000.0,8050.0,7250.0,8550.0,8275.0,7991.666666666667,924.2113755341215,691.6396349367138,2012,9,4,0,15,0.3,0.3,0.2285714285714286,0.23571428571428574,-33.33333333333333,2.0408163265306123,MEDIUM
2012-04-10,9800.0,8000.0,8050.0,7000.0,8807.142857142857,8400.0,8076.666666666667,993.4907193949107,797.8336051699429,2012,10,4,1,15,0.2,0.1,0.21428571428571427,0.2285714285714286,0.0,0.0,MEDIUM
2012-04-11,10000.0,8000.0,8100.0,11000.0,9092.857142857143,8539.285714285714,8176.666666666667,1010.1272904229209,896.1839121495162,2012,11,4,2,15,0.2,0.2,0.2285714285714286,0.2285714285714286,0.0,0.0,MEDIUM
2012-04-12,10000.0,8000.0,7900.0,8300.0,9378.57142857143,8675.0,8143.333333333333,929.093259966025,965.7101810823794,2012,12,4,3,15,0.2,0.3,0.2285714285714286,0.22142857142857145,0.0,1.0,MEDIUM
2012-04-13,10000.0,8050.0,7900.0,7500.0,9664.285714285714,8825.0,8200.0,718.0496069877406,998.6047959335805,2012,13,4,4,15,0.2,0.2,0.21428571428571433,0.21428571428571427,0.0,1.0101010101010102,MEDIUM
2012-04-19,9900.0,10000.0,8000.0,7000.0,9928.57142857143,8967.857142857143,8280.0,95.1189731211926,999.1548626516562,2012,19,4,3,16,0.2,0.2,0.21428571428571427,0.21428571428571427,0.0,1.0101010101010102,MEDIUM
2012-04-21,9900.0,9800.0,8000.0,7500.0,9914.285714285714,9103.57142857143,8376.666666666666,89.97354108430535,986.5371227204307,2012,21,4,5,16,0.2,0.3,0.21428571428571427,0.21428571428571433,0.0,0.0,MEDIUM
2012-05-03,10000.0,9800.0,8000.0,7000.0,9942.857142857143,9246.42857142857,8460.0,78.67957924701517,958.8583527609037,2012,3,5,3,18,0.2,0.2,0.2,0.21428571428571427,-50.0,1.0,MEDIUM
2012-05-10,10000.0,10000.0,8000.0,7000.0,9971.42857142857,9389.285714285714,8560.0,48.795003647542224,906.4254756223245,2012,10,5,3,19,0.1,0.2,0.18571428571428572,0.2,0.0,2.0202020202020203,MEDIUM
2012-05-11,9900.0,10000.0,8000.0,7500.0,9957.142857142857,9525.0,8656.666666666666,53.4522483825897,820.5884380220086,2012,11,5,4,19,0.1,0.2,0.17142857142857146,0.2,100.0,0.0,MEDIUM
2012-05-12,9900.0,10000.0,8000.0,8000.0,9942.857142857143,9660.714285714286,8736.666666666666,53.452248382589175,696.7447859175647,2012,12,5,5,19,0.2,0.2,0.17142857142857143,0.19999999999999998,-50.0,0.0,MEDIUM
2012-05-15,9900.0,9900.0,8050.0,7500.0,9928.57142857143,9796.42857142857,8800.0,48.79500364754049,507.8098848199954,2012,15,5,1,20,0.1,0.2,0.15714285714285717,0.18571428571428572,-80.0,5.0,MEDIUM
2012-05-16,10000.0,9900.0,10000.0,7500.0,9942.857142857143,9935.714285714286,8883.333333333334,53.452248382589175,74.49463436697701,2012,16,5,2,20,0.02,0.2,0.13142857142857142,0.17285714285714285,0.0,0.0,MEDIUM
2012-05-23,10000.0,10000.0,9800.0,7900.0,9957.142857142857,9935.714285714286,8966.666666666666,53.4522483825897,74.49463436697701,2012,23,5,2,21,0.02,0.2,0.10571428571428572,0.15999999999999998,900.0,0.0,MEDIUM
2012-05-25,10000.0,10000.0,9800.0,7950.0,9957.142857142857,9950.0,9036.666666666666,53.4522483825897,65.0443635589463,2012,25,5,4,21,0.2,0.1,0.10571428571428572,0.15285714285714286,0.0,0.0,HIGH
2012-05-26,10000.0,9900.0,10000.0,8000.0,9957.142857142857,9964.285714285714,9105.0,53.4522483825897,49.724515810078444,2012,26,5,5,21,0.2,0.1,0.12000000000000001,0.15285714285714286,100.0,3.061224489795918,HIGH
2012-05-28,9800.0,9900.0,10000.0,8050.0,9942.857142857143,9950.0,9165.0,78.67957924701517,65.0443635589463,2012,28,5,0,22,0.4,0.2,0.16285714285714287,0.16714285714285718,0.0,1.0204081632653061,HIGH
2012-05-29,9800.0,9900.0,10000.0,8050.0,9928.57142857143,9935.714285714286,9223.333333333334,95.1189731211926,74.49463436697701,2012,29,5,1,22,0.4,0.1,0.19142857142857145,0.18142857142857144,-50.0,0.0,HIGH
2012-05-30,10000.0,10000.0,9900.0,8100.0,9942.857142857143,9935.714285714286,9288.333333333334,97.59000729491046,74.49463436697701,2012,30,5,2,22,0.2,0.02,0.2057142857142857,0.18142857142857147,0.0,0.0,HIGH
2012-05-31,10000.0,10000.0,9900.0,7900.0,9942.857142857143,9942.857142857143,9351.666666666666,97.59000729491046,75.59289460197171,2012,31,5,3,22,0.2,0.02,0.23142857142857146,0.18142857142857144,0.0,0.0,HIGH
2012-06-02,11000.0,10000.0,10000.0,7900.0,10085.714285714286,10021.42857142857,9455.0,414.03933560542646,291.3590738077839,2012,2,6,5,22,0.2,0.2,0.2571428571428572,0.18142857142857144,100.0,0.0,HIGH
2012-06-04,10000.0,10000.0,10000.0,8000.0,10085.714285714286,10021.42857142857,9525.0,414.03933560542646,291.3590738077839,2012,4,6,0,23,0.4,0.2,0.2857142857142857,0.19571428571428573,-50.0,8.695652173913043,HIGH
2012-06-05,11500.0,9800.0,9900.0,8000.0,10300.0,10128.57142857143,9641.666666666666,670.820393249946,490.5704237511282,2012,5,6,1,23,0.2,0.4,0.2857142857142857,0.20285714285714287,0.0,0.0,HIGH
2012-06-06,10000.0,9800.0,9900.0,8000.0,10328.57142857143,10135.714285714286,9708.333333333334,649.9084184567582,487.70600043178035,2012,6,6,2,23,0.2,0.4,0.2571428571428572,0.21,0.0,10.0,HIGH
2012-06-07,10000.0,10000.0,9900.0,8000.0,10357.142857142857,10142.857142857143,9775.0,626.7831705280187,484.7113109316471,2012,7,6,3,23,0.2,0.2,0.2285714285714286,0.21000000000000002,-50.0,0.0,HIGH
2012-06-08,10000.0,10000.0,10000.0,8000.0,10357.142857142857,10150.0,9841.666666666666,626.7831705280187,481.58392510869584,2012,8,6,4,23,0.1,0.2,0.21428571428571433,0.21000000000000002,100.0,0.0,MEDIUM
2012-08-11,11000.0,11000.0,10000.0,8000.0,10500.0,10221.42857142857,9941.666666666666,645.4972243679126,529.4097895531846,2012,11,8,5,32,0.2,0.2,0.21428571428571433,0.22285714285714286,0.0,18.181818181818183,MEDIUM
2012-08-13,1100.0,10000.0,10000.0,8050.0,9085.714285714286,9585.714285714286,9711.666666666666,3573.2471560326253,2498.26313292229,2012,13,8,0,33,0.2,0.4,0.21428571428571427,0.23571428571428574,0.0,15.0,MEDIUM
2012-08-14,1000.0,11500.0,10000.0,10000.0,7800.0,8942.857142857143,9476.666666666666,4647.221392043494,3384.2881959736524,2012,14,8,1,33,0.2,0.2,0.18571428571428572,0.23571428571428574,0.0,18.181818181818183,MEDIUM
2012-08-16,1100.0,10000.0,9800.0,9800.0,6314.285714285715,8307.142857142857,9180.0,4921.527056862389,3957.750776487979,2012,16,8,3,33,0.2,0.2,0.18571428571428575,0.23571428571428574,49.999999999999986,10.526315789473683,MEDIUM
2012-08-17,950.0,10000.0,9800.0,9800.0,5021.428571428572,7675.0,8885.0,4980.2825507910975,4384.709007097627,2012,17,8,4,33,0.3,0.2,0.19999999999999998,0.2285714285714286,-66.66666666666666,18.181818181818183,MEDIUM
2012-08-18,1100.0,10000.0,10000.0,10000.0,3750.0,7053.571428571428,8595.0,4620.5158442176835,4667.747945114523,2012,18,8,5,33,0.1,0.1,0.18571428571428572,0.20714285714285716,100.0,0.0,MEDIUM
2012-08-20,950.0,11000.0,10000.0,10000.0,2457.1428571428573,6407.142857142857,8293.333333333334,3767.6726427407575,4851.362106224833,2012,20,8,0,34,0.2,0.2,0.19999999999999998,0.20714285714285713,0.0,30.0,MEDIUM
2012-08-21,1000.0,1100.0,11000.0,10000.0,1028.5714285714287,5764.285714285715,7993.333333333333,69.86381310039337,4934.23786381476,2012,21,8,1,34,0.2,0.2,0.2,0.20714285714285716,0.0,5.263157894736842,MEDIUM
2012-08-22,950.0,1000.0,10000.0,9900.0,1007.1428571428571,5046.428571428572,7691.666666666667,67.25927091326325,4844.166368137839,2012,22,8,2,34,0.2,0.2,0.2,0.20714285714285713,0.0,21.052631578947366,HIGH
2012-08-23,950.0,1100.0,11500.0,9900.0,1000.0,4400.0,7393.333333333333,70.7106781184722,4734.895011426409,2012,23,8,3,34,0.2,0.2,0.2,0.19285714285714287,49.999999999999986,5.0,HIGH
2012-08-25,1000.0,950.0,10000.0,10000.0,985.7142857142857,3650.0,7096.666666666667,55.63486402618605,4338.778629983318,2012,25,8,5,34,0.3,0.3,0.21428571428571427,0.19999999999999998,-33.33333333333333,16.666666666666664,HIGH
2012-08-27,1200.0,1100.0,10000.0,10000.0,1021.4285714285714,3021.4285714285716,6803.333333333333,95.118973120999,3969.824365699999,2012,27,8,0,35,0.2,0.1,0.2,0.2,49.999999999999986,16.0,HIGH
2012-08-28,1250.0,950.0,10000.0,9900.0,1042.857142857143,2396.4285714285716,6511.666666666667,127.24180205596969,3440.0617327708846,2012,28,8,1,35,0.3,0.2,0.2285714285714286,0.20714285714285716,0.0,6.896551724137931,HIGH
2012-09-19,1450.0,1000.0,11000.0,9900.0,1114.2857142857142,1785.7142857142858,6230.0,190.8627030840393,2655.9388149976035,2012,19,9,2,38,0.3,0.2,0.24285714285714288,0.22142857142857145,-33.33333333333333,10.0,HIGH
2012-09-20,10000.0,950.0,1100.0,9900.0,2400.0,1714.2857142857142,6233.333333333333,3356.337289367679,2389.112208092585,2012,20,9,3,38,0.2,0.2,0.24285714285714285,0.22142857142857147,0.0,0.0,HIGH
2012-09-21,11000.0,950.0,1000.0,10000.0,3835.714285714286,2421.4285714285716,6270.0,4564.693699628548,3431.175750812967,2012,21,9,4,38,0.2,0.2,0.24285714285714285,0.22142857142857145,0.0,0.0,HIGH
2012-09-22,10000.0,1000.0,1100.0,10000.0,5128.571428571428,3064.285714285714,6270.0,4881.756612024775,3948.486982446486,2012,22,9,5,38,0.2,0.3,0.24285714285714288,0.22142857142857145,100.0,0.0,HIGH
2012-09-24,11000.0,1200.0,950.0,10000.0,6557.142857142857,3771.4285714285716,6303.333333333333,4935.114704123617,4427.132875180663,2012,24,9,0,39,0.4,0.2,0.2571428571428572,0.23571428571428574,-50.0,0.0,HIGH
2012-09-25,12000.0,1250.0,1100.0,10000.0,8100.0,4560.714285714285,6370.0,4661.8129520606035,4850.225156210172,2012,25,9,1,39,0.2,0.3,0.2571428571428572,0.2285714285714286,0.0,9.090909090909092,HIGH
2012-09-26,11000.0,1450.0,950.0,9800.0,9492.857142857143,5267.857142857143,6403.333333333333,3612.527805132737,5025.3820039589245,2012,26,9,2,39,0.2,0.3,0.24285714285714288,0.2357142857142857,49.999999999999986,0.0,HIGH
2012-09-27,12000.0,10000.0,1000.0,9800.0,11000.0,6057.142857142857,6476.666666666667,816.4965809277319,5160.9799733882155,2012,27,9,3,39,0.3,0.2,0.24285714285714285,0.24285714285714288,-33.33333333333333,4.0650406504065035,HIGH
2012-09-28,12300.0,11000.0,950.0,10000.0,11328.57142857143,6864.285714285715,6560.0,809.7618697582005,5192.762291861642,2012,28,9,4,39,0.2,0.2,0.24285714285714288,0.24285714285714285,100.0,0.796812749003984,HIGH
2012-09-29,12550.0,10000.0,950.0,10000.0,11550.0,7692.857142857143,6645.0,910.5858919765226,5101.125710711654,2012,29,9,5,39,0.4,0.2,0.27142857142857146,0.2571428571428572,-50.0,3.968253968253968,MEDIUM
2012-10-01,12600.0,11000.0,1000.0,11000.0,11921.42857142857,8525.0,6731.666666666667,671.9729302937974,4861.139071958654,2012,1,10,0,40,0.2,0.4,0.27142857142857146,0.2571428571428572,0.0,0.0,MEDIUM
2012-10-02,11000.0,12000.0,1200.0,10000.0,11921.42857142857,9239.285714285714,6731.666666666667,671.9729302937974,4381.393287854575,2012,2,10,1,40,0.2,0.2,0.24285714285714288,0.25,0.0,0.0,MEDIUM
2012-10-04,11000.0,11000.0,1250.0,11500.0,11778.57142857143,9939.285714285714,6765.0,753.7998976613748,3733.073520852208,2012,4,10,3,40,0.2,0.2,0.24285714285714288,0.25,49.999999999999986,0.0,MEDIUM
2012-10-05,11000.0,12000.0,1450.0,10000.0,11778.57142857143,10635.714285714286,6748.333333333333,753.7998976613748,2773.4613594005427,2012,5,10,4,40,0.3,0.3,0.2571428571428571,0.25000000000000006,-33.33333333333333,4.310344827586207,MEDIUM
2012-10-06,11600.0,12300.0,10000.0,10000.0,11721.42857142857,11360.714285714286,6801.666666666667,749.3648103878593,840.8280194199998,2012,6,10,5,40,0.2,0.2,0.24285714285714288,0.24285714285714285,100.0,0.0,MEDIUM
2012-10-08,11000.0,12550.0,11000.0,10000.0,11535.714285714286,11432.142857142857,6835.0,743.1432599182461,754.3736940864735,2012,8,10,0,41,0.4,0.4,0.2714285714285714,0.2571428571428572,0.0,0.0,MEDIUM
2012-10-09,11000.0,12600.0,10000.0,11000.0,11314.285714285714,11432.142857142857,6868.333333333333,609.4494002200553,754.3736940864735,2012,9,10,1,41,0.4,0.2,0.27142857142857146,0.27142857142857146,-50.0,0.0,MEDIUM
2012-10-10,11000.0,11000.0,11000.0,1100.0,11085.714285714286,11503.57142857143,6868.333333333333,226.7786838055684,648.2118260480707,2012,10,10,2,41,0.2,0.2,0.27142857142857146,0.2714285714285714,49.999999999999986,4.23728813559322,LOW
2012-10-11,11800.0,11000.0,12000.0,1000.0,11200.0,11560.714285714286,7225.0,346.4101615137952,635.542945177459,2012,11,10,3,41,0.3,0.2,0.2857142857142857,0.2642857142857143,33.33333333333335,0.0,LOW
2012-10-12,11000.0,11000.0,11000.0,1100.0,11200.0,11489.285714285714,7558.333333333333,346.4101615137952,638.5616563895702,2012,12,10,4,41,0.4,0.3,0.31428571428571433,0.2785714285714286,-25.000000000000007,0.0,LOW
2012-10-13,11000.0,11600.0,12000.0,950.0,11200.0,11489.285714285714,7888.333333333333,346.4101615137952,638.5616563895702,2012,13,10,5,41,0.3,0.2,0.31428571428571433,0.2857142857142857,-33.33333333333333,0.0,LOW
2012-10-15,11000.0,11000.0,12300.0,1100.0,11114.285714285714,11417.857142857143,8223.333333333334,302.37157840740554,632.9440195373783,2012,15,10,0,42,0.2,0.4,0.31428571428571433,0.2785714285714286,100.0,0.0,LOW
2012-10-16,11000.0,11000.0,12550.0,950.0,11114.285714285714,11325.0,8553.333333333334,302.37157840740554,587.2851489300965,2012,16,10,1,42,0.4,0.4,0.31428571428571433,0.29285714285714287,-25.000000000000007,0.0,LOW
2012-10-20,11000.0,11000.0,12600.0,1000.0,11114.285714285714,11214.285714285714,8888.333333333334,302.37157840740554,473.7041317062811,2012,20,10,5,42,0.3,0.2,0.3,0.2857142857142857,-33.33333333333333,0.0,LOW
2012-10-22,11000.0,11800.0,11000.0,950.0,11114.285714285714,11100.0,9221.666666666666,302.37157840740554,257.2038999584601,2012,22,10,0,43,0.2,0.3,0.3,0.2857142857142857,0.0,0.0,LOW
2012-10-23,11000.0,11000.0,11000.0,950.0,11000.0,11100.0,9556.666666666666,0.0,257.2038999584601,2012,23,10,1,43,0.2,0.4,0.2857142857142857,0.2857142857142857,149.99999999999997,0.0,LOW
2012-10-24,11000.0,11000.0,11000.0,1000.0,11000.0,11100.0,9891.666666666666,0.0,257.2038999584601,2012,24,10,2,43,0.5,0.3,0.3,0.3071428571428572,-60.0,0.0,LOW
2012-10-25,11000.0,11000.0,11600.0,1200.0,11000.0,11100.0,10225.0,0.0,257.2038999584601,2012,25,10,3,43,0.2,0.2,0.2857142857142857,0.3,-50.0,0.0,LOW
2012-10-26,11000.0,11000.0,11000.0,1250.0,11000.0,11057.142857142857,10551.666666666666,0.0,213.80899352992722,2012,26,10,4,43,0.1,0.4,0.27142857142857146,0.29285714285714287,400.0,0.0,MEDIUM
2012-10-27,11000.0,11000.0,11000.0,1450.0,11000.0,11057.142857142857,10876.666666666666,0.0,213.80899352992722,2012,27,10,5,43,0.5,0.3,0.2857142857142857,0.3,-60.0,0.0,MEDIUM
2012-10-29,11000.0,11000.0,11000.0,10000.0,11000.0,11057.142857142857,11195.0,0.0,213.80899352992722,2012,29,10,0,44,0.2,0.2,0.27142857142857146,0.2857142857142857,49.999999999999986,0.0,MEDIUM
2012-10-30,11000.0,11000.0,11800.0,11000.0,11000.0,11057.142857142857,11228.333333333334,0.0,213.80899352992722,2012,30,10,1,44,0.3,0.2,0.2857142857142857,0.2928571428571428,66.66666666666667,0.0,MEDIUM
2012-10-31,11000.0,11000.0,11000.0,10000.0,11000.0,11000.0,11228.333333333334,0.0,0.0,2012,31,10,2,44,0.5,0.5,0.32857142857142857,0.3071428571428571,-80.0,0.0,LOW
2012-11-01,11000.0,11000.0,11000.0,11000.0,11000.0,11000.0,11261.666666666666,0.0,0.0,2012,1,11,3,44,0.1,0.2,0.27142857142857146,0.2857142857142857,199.99999999999997,0.0,LOW
2012-11-02,12000.0,11000.0,11000.0,12000.0,11142.857142857143,11071.42857142857,11295.0,377.9644730092458,267.2612419124148,2012,2,11,4,44,0.3,0.1,0.2857142857142857,0.2857142857142857,66.66666666666667,0.0,LOW
2012-11-03,12000.0,11000.0,11000.0,11000.0,11285.714285714286,11142.857142857143,11295.0,487.95003647427956,363.13651960127555,2012,3,11,5,44,0.5,0.5,0.34285714285714286,0.3071428571428571,-60.0,0.0,LOW
2012-11-05,12000.0,11000.0,11000.0,12000.0,11428.57142857143,11214.285714285714,11328.333333333334,534.5224838248594,425.8153136263159,2012,5,11,0,45,0.2,0.2,0.3,0.29285714285714287,100.0,0.0,LOW
2012-11-06,12000.0,11000.0,11000.0,12300.0,11571.42857142857,11285.714285714286,11328.333333333334,534.5224838248579,468.80723093849224,2012,6,11,1,45,0.4,0.3,0.3285714285714286,0.3,-50.0,0.0,LOW
2012-11-07,12000.0,11000.0,11000.0,12550.0,11714.285714285714,11357.142857142857,11318.333333333334,487.95003647427507,497.2451580988443,2012,7,11,2,45,0.2,0.5,0.3142857142857142,0.3,-50.0,0.0,LOW
2012-11-08,12000.0,11000.0,11000.0,12600.0,11857.142857142857,11428.57142857143,11300.0,377.9644730092359,513.5525910130932,2012,8,11,3,45,0.1,0.1,0.2571428571428572,0.2928571428571428,500.0,0.0,MEDIUM
2012-11-09,12000.0,12000.0,11000.0,11000.0,12000.0,11500.0,11280.0,0.0,518.8745216627686,2012,9,11,4,45,0.6,0.3,0.32857142857142857,0.3,-50.0,0.0,MEDIUM
2012-11-10,12000.0,12000.0,11000.0,11000.0,12000.0,11571.42857142857,11313.333333333334,0.0,513.5525910130932,2012,10,11,5,45,0.3,0.5,0.3285714285714286,0.3071428571428571,0.0,0.0,MEDIUM
2012-11-12,12000.0,12000.0,11000.0,11000.0,12000.0,11642.857142857143,11346.666666666666,0.0,497.2451580988443,2012,12,11,0,46,0.3,0.2,0.3,0.32142857142857145,-33.33333333333333,0.0,MEDIUM
2012-11-14,12000.0,12000.0,11000.0,11600.0,12000.0,11714.285714285714,11380.0,0.0,468.80723093849224,2012,14,11,2,46,0.2,0.4,0.3,0.3,100.0,0.0,MEDIUM
2012-11-15,12000.0,12000.0,11000.0,11000.0,12000.0,11785.714285714286,11393.333333333334,0.0,425.8153136263159,2012,15,11,3,46,0.4,0.2,0.3,0.31428571428571433,0.0,8.0,LOW
2012-11-16,12500.0,12000.0,11000.0,11000.0,12071.42857142857,11892.857142857143,11443.333333333334,188.98223650462384,400.8918628686309,2012,16,11,4,46,0.4,0.1,0.32857142857142857,0.32142857142857145,24.999999999999993,0.0,MEDIUM
2012-11-17,12000.0,12000.0,11000.0,11000.0,12071.42857142857,11964.285714285714,11476.666666666666,188.98223650462384,307.86396310743254,2012,17,11,5,46,0.5,0.6,0.3857142857142857,0.32142857142857145,0.0,4.166666666666666,MEDIUM
2012-11-19,12000.0,12000.0,12000.0,11800.0,12071.42857142857,12035.714285714286,11510.0,188.98223650462384,133.6306209561897,2012,19,11,0,47,0.5,0.3,0.37142857142857144,0.35,0.0,25.0,MEDIUM
2012-11-20,12000.0,12000.0,12000.0,11000.0,12071.42857142857,12035.714285714286,11516.666666666666,188.98223650462384,133.6306209561897,2012,20,11,1,47,0.5,0.3,0.39999999999999997,0.36428571428571427,-40.0,0.0,MEDIUM
2012-11-22,12000.0,12000.0,12000.0,11000.0,12071.42857142857,12035.714285714286,11550.0,188.98223650462384,133.6306209561897,2012,22,11,3,47,0.3,0.2,0.39999999999999997,0.35,33.33333333333335,0.0,HIGH
2012-11-24,12000.0,12000.0,12000.0,11000.0,12071.42857142857,12035.714285714286,11583.333333333334,188.98223650462384,133.6306209561897,2012,24,11,5,47,0.4,0.4,0.42857142857142855,0.36428571428571427,100.0,8.0,HIGH
2012-11-26,12500.0,12500.0,12000.0,11000.0,12142.857142857143,12071.42857142857,11633.333333333334,243.9750182371388,181.56825980062308,2012,26,11,0,48,0.8,0.4,0.4857142857142857,0.39285714285714285,0.0,8.333333333333332,HIGH
2012-11-27,12000.0,12000.0,12000.0,11000.0,12071.42857142857,12071.42857142857,11666.666666666666,188.98223650462424,181.56825980062308,2012,27,11,1,48,0.8,0.5,0.5428571428571428,0.43571428571428567,-37.50000000000001,0.0,HIGH
2012-11-28,12000.0,12000.0,12000.0,11000.0,12071.42857142857,12071.42857142857,11700.0,188.98223650462424,181.56825980062308,2012,28,11,2,48,0.5,0.5,0.5428571428571428,0.4642857142857143,0.0,0.0,MEDIUM
2012-11-29,13000.0,12000.0,12000.0,11000.0,12214.285714285714,12142.857142857143,11766.666666666666,393.39789623472313,305.62492275105177,2012,29,11,3,48,0.5,0.5,0.5428571428571428,0.4571428571428572,60.00000000000001,0.0,MEDIUM
2012-11-30,11000.0,12000.0,12000.0,11000.0,12071.42857142857,12071.42857142857,11766.666666666666,607.4928962939597,432.2189107537758,2012,30,11,4,48,0.8,0.3,0.5857142857142856,0.4928571428571429,-37.50000000000001,0.0,MEDIUM
2012-12-01,11000.0,12000.0,12000.0,11000.0,11928.57142857143,12000.0,11766.666666666666,731.9250547114053,518.8745216627652,2012,1,12,5,48,0.5,0.4,0.6142857142857144,0.5071428571428572,-40.0,0.0,LOW
2012-12-03,12000.0,12500.0,12000.0,11000.0,11928.57142857143,12000.0,11800.0,731.9250547114053,518.8745216627652,2012,3,12,0,49,0.3,0.8,0.6,0.5142857142857143,-33.33333333333333,0.0,LOW
2012-12-04,11000.0,12000.0,12500.0,11000.0,11714.285714285714,11928.57142857143,11800.0,755.928946018463,583.6602955995339,2012,4,12,1,49,0.2,0.8,0.5142857142857143,0.5,149.99999999999997,4.545454545454546,MEDIUM
2012-12-05,11000.0,12000.0,12000.0,11000.0,11571.42857142857,11821.42857142857,11800.0,786.7957924694535,607.8696361108108,2012,5,12,2,49,0.5,0.5,0.4714285714285714,0.5071428571428572,0.0,0.0,MEDIUM
2012-12-06,11000.0,13000.0,12000.0,11000.0,11428.57142857143,11750.0,11800.0,786.7957924694555,643.0097498961688,2012,6,12,3,49,0.5,0.5,0.4714285714285714,0.5071428571428572,-60.0,0.0,MEDIUM
2012-12-08,11000.0,11000.0,12000.0,11000.0,11142.857142857143,11678.57142857143,11800.0,377.96447300926195,668.1531047810573,2012,8,12,5,49,0.2,0.8,0.42857142857142855,0.48571428571428577,149.99999999999997,0.0,MEDIUM
2012-12-10,11000.0,11000.0,12000.0,11000.0,11142.857142857143,11607.142857142857,11800.0,377.96447300926195,684.4023622158154,2012,10,12,0,50,0.5,0.5,0.38571428571428573,0.48571428571428577,60.00000000000001,0.0,MEDIUM
2012-12-11,11000.0,12000.0,12000.0,12000.0,11142.857142857143,11535.714285714286,11800.0,377.96447300926195,692.3840006785243,2012,11,12,1,50,0.8,0.3,0.42857142857142855,0.5214285714285715,-37.50000000000001,4.504504504504505,MEDIUM
2012-12-12,11100.0,11000.0,12500.0,12000.0,11014.285714285714,11471.42857142857,11770.0,37.79644730131381,687.7259868341656,2012,12,12,2,50,0.5,0.2,0.4571428571428572,0.5285714285714286,0.0,0.0,MEDIUM
2012-12-13,11000.0,11000.0,12000.0,12000.0,11014.285714285714,11364.285714285714,11736.666666666666,37.79644730131381,629.5384669094294,2012,13,12,3,50,0.5,0.5,0.5,0.5071428571428572,0.0,4.464285714285714,MEDIUM
2012-12-14,11200.0,11000.0,12000.0,12000.0,11042.857142857143,11307.142857142857,11710.0,78.67957924712763,603.1510663102587,2012,14,12,4,50,0.5,0.5,0.5,0.48571428571428577,0.0,0.0,MEDIUM
2012-12-15,11000.0,11000.0,13000.0,12000.0,11042.857142857143,11235.714285714286,11676.666666666666,78.67957924712763,573.2594296009152,2012,15,12,5,50,0.5,0.2,0.5,0.48571428571428577,-40.0,9.565217391304348,MEDIUM
2012-12-18,11500.0,11000.0,11000.0,12000.0,11114.285714285714,11128.57142857143,11660.0,186.44544714723347,286.7015908532682,2012,18,12,1,51,0.3,0.5,0.5142857142857142,0.4714285714285715,66.66666666666667,0.9090909090909091,MEDIUM
2012-12-19,11000.0,11000.0,11000.0,12000.0,11114.285714285714,11128.57142857143,11626.666666666666,186.44544714723347,286.7015908532682,2012,19,12,2,51,0.5,0.8,0.5142857142857142,0.45,0.0,4.464285714285714,MEDIUM
2012-12-20,11200.0,11100.0,12000.0,12000.0,11142.857142857143,11142.857142857143,11600.0,181.265393435066,284.77868792958117,2012,20,12,3,51,0.5,0.5,0.4714285714285714,0.45,0.0,0.0,MEDIUM
2012-12-21,11000.0,11000.0,11000.0,12000.0,11128.57142857143,11071.42857142857,11566.666666666666,188.98223650468432,143.73357526803898,2012,21,12,4,51,0.5,0.5,0.4714285714285714,0.4642857142857143,0.0,0.0,MEDIUM
2012-12-24,11000.0,11200.0,11000.0,12000.0,11128.57142857143,11071.42857142857,11533.333333333334,188.98223650468432,143.73357526803898,2012,24,12,0,52,0.5,0.5,0.4714285714285714,0.4857142857142857,-60.0,6.086956521739131,MEDIUM
2012-12-26,11500.0,11000.0,11000.0,12000.0,11171.42857142857,11107.142857142857,11516.666666666666,236.03873774088737,181.7195036917352,2012,26,12,2,52,0.2,0.5,0.42857142857142855,0.4642857142857143,149.99999999999997,4.424778761061947,MEDIUM
2012-12-27,11300.0,11500.0,11000.0,12500.0,11214.285714285714,11128.57142857143,11493.333333333334,226.7786838055909,185.75654633279314,2012,27,12,3,52,0.5,0.3,0.42857142857142855,0.4642857142857143,0.0,4.444444444444445,MEDIUM
2012-12-28,11250.0,11000.0,11000.0,12000.0,11178.57142857143,11146.42857142857,11451.666666666666,191.1743158681221,184.45792277567784,2012,28,12,4,52,0.5,0.5,0.4571428571428572,0.4857142857142857,0.0,4.464285714285714,MEDIUM
2012-12-29,11200.0,11200.0,11000.0,12000.0,11207.142857142857,11160.714285714286,11425.0,174.23301310936395,179.93435921570486,2012,29,12,5,52,0.5,0.5,0.4571428571428572,0.4857142857142857,0.0,7.792207792207792,MEDIUM
2012-12-31,11550.0,11000.0,11100.0,12000.0,11257.142857142857,11200.0,11410.0,216.8497395060309,200.9592381171072,2012,31,12,0,1,0.5,0.5,0.4571428571428572,0.4642857142857143,0.0,8.695652173913043,MEDIUM
2013-01-01,11500.0,11000.0,11000.0,12000.0,11328.57142857143,11228.57142857143,11393.333333333334,199.7021591795511,213.68046391594535,2013,1,1,1,1,0.5,0.5,0.4571428571428572,0.4642857142857143,0.0,0.0,MEDIUM
2013-01-02,11000.0,11500.0,11200.0,12000.0,11328.57142857143,11228.57142857143,11360.0,199.7021591795511,213.68046391594532,2013,2,1,2,1,0.5,0.2,0.4571428571428572,0.4642857142857143,-40.0,0.0,MEDIUM
2013-01-05,11000.0,11300.0,11000.0,12500.0,11257.142857142857,11214.285714285714,11326.666666666666,216.8497395060309,222.25121910936107,2013,5,1,5,1,0.3,0.5,0.4714285714285714,0.45,66.66666666666667,0.0,MEDIUM
2013-01-08,11000.0,11250.0,11500.0,12000.0,11214.285714285714,11214.285714285714,11276.666666666666,235.78642474761546,222.25121910936107,2013,8,1,1,2,0.5,0.5,0.4714285714285714,0.45,0.0,9.090909090909092,MEDIUM
2013-01-09,11000.0,11200.0,11000.0,12000.0,11178.57142857143,11178.57142857143,11243.333333333334,248.08792604164472,212.7785827444054,2013,9,1,2,2,0.5,0.5,0.4714285714285714,0.4642857142857143,0.0,8.695652173913043,MEDIUM
2013-01-10,11500.0,11550.0,11200.0,13000.0,11221.42857142857,11214.285714285714,11226.666666666666,276.672403841879,222.25121910936107,2013,10,1,3,2,0.5,0.5,0.4714285714285714,0.4642857142857143,19.999999999999996,4.444444444444445,MEDIUM
2013-01-11,11250.0,11500.0,11000.0,11000.0,11178.57142857143,11217.857142857143,11168.333333333334,237.79743280288926,222.40567824198772,2013,11,1,4,2,0.6,0.5,0.4857142857142857,0.4714285714285714,-16.666666666666664,0.0,MEDIUM
2013-01-12,11000.0,11000.0,11000.0,11000.0,11107.142857142857,11217.857142857143,11168.333333333334,196.69894811742915,222.40567824198772,2013,12,1,5,2,0.5,0.5,0.4857142857142857,0.4714285714285714,0.0,8.695652173913043,MEDIUM
2013-01-14,11500.0,11000.0,11500.0,12000.0,11178.57142857143,11253.57142857143,11185.0,237.79743280288977,224.8625954070172,2013,14,1,0,3,0.5,0.3,0.4857142857142857,0.4714285714285714,0.0,0.0,MEDIUM
2013-01-15,11000.0,11000.0,11300.0,11000.0,11178.57142857143,11217.857142857143,11151.666666666666,237.79743280288977,222.40567824198772,2013,15,1,1,3,0.5,0.5,0.5142857142857143,0.4928571428571428,19.999999999999996,4.545454545454546,MEDIUM
2013-02-15,11000.0,11000.0,11250.0,11000.0,11178.57142857143,11196.42857142857,11151.666666666666,237.79743280288977,228.25785496153472,2013,15,2,4,7,0.6,0.5,0.5285714285714286,0.5,-33.33333333333333,4.545454545454546,MEDIUM
2013-02-22,11000.0,11500.0,11200.0,11000.0,11178.57142857143,11178.57142857143,11151.666666666666,237.79743280288977,233.46411823979935,2013,22,2,4,8,0.4,0.5,0.5142857142857143,0.4928571428571428,-50.0,0.0,MEDIUM
2013-02-23,12000.0,11250.0,11550.0,11000.0,11250.0,11235.714285714286,11185.0,381.88130791301927,320.71349029489824,2013,23,2,5,8,0.2,0.6,0.4714285714285714,0.4714285714285714,100.0,4.3478260869565215,MEDIUM
2013-02-25,11500.0,11000.0,11500.0,11000.0,11285.714285714286,11232.142857142857,11201.666666666666,393.3978962347526,317.203612634101,2013,25,2,0,9,0.4,0.5,0.4428571428571429,0.4642857142857143,-50.0,4.464285714285714,MEDIUM
2013-02-26,11200.0,11500.0,11000.0,11000.0,11314.285714285714,11210.714285714286,11208.333333333334,376.06990231683716,307.70776060096154,2013,26,2,1,9,0.2,0.5,0.4,0.4428571428571428,0.0,0.0,HIGH
2013-03-23,11000.0,11000.0,11000.0,11100.0,11242.857142857143,11210.714285714286,11208.333333333334,382.3486317361435,307.70776060096154,2013,23,3,5,12,0.2,0.5,0.35714285714285715,0.4214285714285714,199.99999999999997,0.0,MEDIUM
2013-03-26,11000.0,11000.0,11000.0,11000.0,11242.857142857143,11210.714285714286,11205.0,382.3486317361435,307.70776060096154,2013,26,3,1,13,0.6,0.6,0.37142857142857144,0.4428571428571429,-66.66666666666666,0.0,MEDIUM
2013-03-27,12000.0,11000.0,11000.0,11200.0,11385.714285714286,11282.142857142857,11238.333333333334,456.17456975949585,365.6433439091269,2013,27,3,2,13,0.2,0.4,0.31428571428571433,0.42142857142857143,199.99999999999997,0.0,HIGH
2013-03-28,12000.0,12000.0,11500.0,11000.0,11528.57142857143,11353.57142857143,11265.0,471.5728494951478,402.1405636926301,2013,28,3,3,13,0.6,0.2,0.3428571428571429,0.42857142857142855,-50.0,0.0,HIGH
2013-03-29,12000.0,11500.0,11250.0,11500.0,11528.57142857143,11389.285714285714,11298.333333333334,471.5728494951478,436.8499880827576,2013,29,3,4,13,0.3,0.4,0.35714285714285715,0.41428571428571426,100.0,0.0,MEDIUM
2013-03-30,13000.0,11200.0,11000.0,11000.0,11742.857142857143,11514.285714285714,11348.333333333334,727.6838664721288,609.9900917948631,2013,30,3,5,13,0.6,0.2,0.38571428571428573,0.4142857142857143,-50.0,0.0,MEDIUM
2013-04-01,12000.0,11000.0,11500.0,11200.0,11857.142857142857,11585.714285714286,11381.666666666666,690.0655593423652,603.6518900787092,2013,1,4,0,14,0.3,0.2,0.39999999999999997,0.4,100.0,0.0,MEDIUM
2013-04-02,12000.0,11000.0,11000.0,11000.0,12000.0,11621.42857142857,11408.333333333334,577.3502691896364,612.9105486605157,2013,2,4,1,14,0.6,0.6,0.4571428571428572,0.40714285714285714,0.0,0.0,MEDIUM
2013-04-03,11000.0,12000.0,11000.0,11000.0,12000.0,11621.42857142857,11408.333333333334,577.3502691896364,612.9105486605157,2013,3,4,2,14,0.6,0.2,0.45714285714285713,0.41428571428571426,0.0,0.0,MEDIUM
2013-04-04,12000.0,12000.0,11000.0,11500.0,12000.0,11692.857142857143,11441.666666666666,577.3502691896364,592.860452790967,2013,4,4,3,14,0.6,0.6,0.5142857142857142,0.41428571428571426,-16.666666666666664,0.0,MEDIUM
2013-04-05,12000.0,12000.0,12000.0,11300.0,12000.0,11764.285714285714,11458.333333333334,577.3502691896364,562.4221557857368,2013,5,4,4,14,0.5,0.3,0.5,0.42142857142857143,0.0,0.0,MEDIUM
2013-04-06,11000.0,13000.0,11500.0,11250.0,11857.142857142857,11692.857142857143,11448.333333333334,690.0655593423652,592.860452790967,2013,6,4,5,14,0.5,0.6,0.5285714285714286,0.4428571428571429,19.999999999999996,0.0,MEDIUM
2013-04-08,12000.0,12000.0,11200.0,11200.0,11714.285714285714,11728.57142857143,11473.333333333334,487.9500364742852,595.4036399834052,2013,8,4,0,15,0.6,0.3,0.5285714285714286,0.45714285714285713,0.0,0.0,MEDIUM
2013-04-09,12000.0,12000.0,11000.0,11550.0,11714.285714285714,11785.714285714286,11500.0,487.9500364742852,578.9342235218344,2013,9,4,1,15,0.6,0.6,0.5714285714285714,0.48571428571428565,-16.666666666666664,0.0,MEDIUM
2013-04-10,11000.0,11000.0,11000.0,11500.0,11571.42857142857,11785.714285714286,11481.666666666666,534.5224838248685,578.9342235218344,2013,10,4,2,15,0.5,0.6,0.5571428571428572,0.5071428571428571,0.0,0.0,MEDIUM
2013-04-11,12000.0,12000.0,12000.0,11000.0,11714.285714285714,11857.142857142857,11498.333333333334,487.9500364742852,534.5224838248436,2013,11,4,3,15,0.5,0.6,0.5428571428571428,0.5,0.0,0.0,HIGH
2013-04-12,11000.0,12000.0,12000.0,11000.0,11571.42857142857,11785.714285714286,11498.333333333334,534.5224838248685,578.9342235218344,2013,12,4,4,15,0.5,0.5,0.5285714285714286,0.5214285714285714,19.999999999999996,0.0,HIGH
2013-04-15,12000.0,11000.0,12000.0,11000.0,11571.42857142857,11785.714285714286,11531.666666666666,534.5224838248685,578.9342235218344,2013,15,4,0,16,0.6,0.5,0.5428571428571428,0.5214285714285715,-16.666666666666664,0.0,HIGH
2013-04-16,12000.0,12000.0,13000.0,11000.0,11714.285714285714,11785.714285714286,11565.0,487.9500364742852,578.9342235218344,2013,16,4,1,16,0.5,0.6,0.5428571428571428,0.5357142857142857,80.0,0.0,HIGH
2013-04-17,12000.0,12000.0,12000.0,11500.0,11714.285714285714,11714.285714285714,11598.333333333334,487.9500364742852,468.80723093848894,2013,17,4,2,16,0.9,0.6,0.5857142857142856,0.5571428571428572,-66.66666666666667,0.0,HIGH
2013-04-18,12000.0,11000.0,12000.0,11250.0,11714.285714285714,11714.285714285714,11615.0,487.9500364742852,468.80723093848894,2013,18,4,3,16,0.3,0.5,0.5428571428571429,0.5571428571428572,66.66666666666667,0.0,LOW
2013-04-20,10000.0,12000.0,11000.0,11000.0,11571.42857142857,11571.42857142857,11573.333333333334,786.7957924694564,646.2061726588591,2013,20,4,5,16,0.5,0.5,0.5428571428571428,0.55,0.0,0.0,LOW
2013-04-22,12000.0,11000.0,12000.0,11500.0,11571.42857142857,11642.857142857143,11606.666666666666,786.7957924694564,633.323693776646,2013,22,4,0,17,0.5,0.5,0.5428571428571428,0.5428571428571429,-40.0,0.0,LOW
2013-04-23,12000.0,12000.0,12000.0,11000.0,11714.285714285714,11642.857142857143,11623.333333333334,755.9289460184664,633.323693776646,2013,23,4,1,17,0.3,0.6,0.5142857142857142,0.5214285714285715,66.66666666666667,8.333333333333332,LOW
2013-04-24,12000.0,12000.0,11000.0,11000.0,11714.285714285714,11642.857142857143,11656.666666666666,755.9289460184664,633.323693776646,2013,24,4,2,17,0.5,0.5,0.5,0.5214285714285715,19.999999999999996,0.0,LOW
2013-04-25,12000.0,12000.0,12000.0,11000.0,11714.285714285714,11714.285714285714,11690.0,755.9289460184664,611.2498455021214,2013,25,4,3,17,0.6,0.9,0.5142857142857143,0.5285714285714286,-16.666666666666664,0.0,MEDIUM
2013-04-26,12000.0,12000.0,12000.0,12000.0,11714.285714285714,11714.285714285714,11723.333333333334,755.9289460184664,611.2498455021214,2013,26,4,4,17,0.5,0.3,0.4571428571428572,0.5214285714285715,19.999999999999996,0.0,MEDIUM
2013-04-27,12000.0,10000.0,11000.0,11500.0,11714.285714285714,11714.285714285714,11723.333333333334,755.9289460184664,611.2498455021214,2013,27,4,5,17,0.6,0.5,0.5,0.5214285714285715,-16.666666666666664,0.0,MEDIUM
2013-04-29,12000.0,12000.0,12000.0,11200.0,12000.0,11785.714285714286,11740.0,0.0,578.9342235218338,2013,29,4,0,18,0.5,0.5,0.5,0.5214285714285715,19.999999999999996,0.0,MEDIUM
2013-04-30,12000.0,12000.0,11000.0,11000.0,12000.0,11785.714285714286,11766.666666666666,0.0,578.9342235218338,2013,30,4,1,18,0.6,0.3,0.5142857142857142,0.5285714285714286,-16.666666666666664,16.666666666666664,HIGH
2013-05-01,12000.0,12000.0,12000.0,11000.0,12000.0,11857.142857142857,11800.0,0.0,534.5224838248422,2013,1,5,2,18,0.5,0.5,0.5428571428571428,0.5285714285714286,0.0,0.0,HIGH
2013-05-02,11000.0,12000.0,12000.0,12000.0,11857.142857142857,11785.714285714286,11800.0,377.9644730092472,578.9342235218338,2013,2,5,3,18,0.5,0.6,0.5428571428571428,0.5214285714285715,19.999999999999996,0.0,HIGH
2013-05-03,12000.0,12000.0,12000.0,12000.0,11857.142857142857,11785.714285714286,11800.0,377.9644730092472,578.9342235218338,2013,3,5,4,18,0.6,0.5,0.5428571428571428,0.5285714285714286,-16.666666666666664,0.0,HIGH
2013-05-04,12000.0,12000.0,12000.0,12000.0,11857.142857142857,11785.714285714286,11800.0,377.9644730092472,578.9342235218338,2013,4,5,5,18,0.5,0.6,0.5428571428571428,0.5,0.0,0.0,HIGH
2013-05-08,12000.0,12000.0,10000.0,13000.0,11857.142857142857,11785.714285714286,11800.0,377.9644730092472,578.9342235218338,2013,8,5,2,19,0.5,0.5,0.5285714285714286,0.5142857142857142,-60.0,0.0,MEDIUM
2013-05-09,10000.0,12000.0,12000.0,12000.0,11571.42857142857,11785.714285714286,11700.0,786.7957924694563,578.9342235218338,2013,9,5,3,19,0.2,0.6,0.4857142857142857,0.4928571428571428,149.99999999999997,0.0,MEDIUM
2013-05-10,12000.0,12000.0,12000.0,12000.0,11571.42857142857,11785.714285714286,11700.0,786.7957924694563,578.9342235218338,2013,10,5,4,19,0.5,0.5,0.4714285714285714,0.4928571428571428,0.0,0.0,MEDIUM
2013-05-13,13000.0,11000.0,12000.0,11000.0,11714.285714285714,11857.142857142857,11733.333333333334,951.1897312113512,662.9935441317907,2013,13,5,0,20,0.5,0.5,0.4714285714285714,0.5071428571428571,-60.0,0.0,MEDIUM
2013-05-16,12000.0,12000.0,12000.0,12000.0,11857.142857142857,11857.142857142857,11766.666666666666,899.7354108424456,662.9935441317907,2013,16,5,3,20,0.2,0.6,0.42857142857142855,0.4857142857142857,100.0,0.0,MEDIUM
2013-05-17,12000.0,12000.0,12000.0,12000.0,11857.142857142857,11857.142857142857,11766.666666666666,899.7354108424456,662.9935441317907,2013,17,5,4,20,0.4,0.5,0.4,0.4714285714285715,49.999999999999986,0.0,MEDIUM
2013-05-18,12000.0,12000.0,12000.0,11000.0,11857.142857142857,11857.142857142857,11766.666666666666,899.7354108424456,662.9935441317907,2013,18,5,5,20,0.6,0.5,0.4142857142857143,0.4785714285714286,-16.666666666666664,0.0,MEDIUM
2013-05-20,13000.0,10000.0,12000.0,12000.0,12000.0,11928.57142857143,11833.333333333334,1000.000000000006,730.045911547367,2013,20,5,0,21,0.5,0.2,0.4142857142857143,0.4714285714285714,0.0,0.0,MEDIUM
2013-05-21,12000.0,12000.0,12000.0,12000.0,12285.714285714286,11928.57142857143,11833.333333333334,487.950036474273,730.045911547367,2013,21,5,1,21,0.5,0.5,0.4571428571428572,0.4714285714285714,0.0,0.0,MEDIUM
2013-05-22,12000.0,13000.0,12000.0,11000.0,12285.714285714286,11928.57142857143,11833.333333333334,487.950036474273,730.045911547367,2013,22,5,2,21,0.5,0.5,0.4571428571428572,0.4642857142857143,-60.0,0.0,MEDIUM
2013-05-23,12000.0,12000.0,11000.0,12000.0,12142.857142857143,11928.57142857143,11866.666666666666,377.9644730092388,730.045911547367,2013,23,5,3,21,0.2,0.2,0.41428571428571426,0.4428571428571429,49.999999999999986,0.0,MEDIUM
2013-05-24,13000.0,12000.0,12000.0,11000.0,12285.714285714286,12071.42857142857,11900.0,487.950036474273,730.045911547367,2013,24,5,4,21,0.3,0.4,0.42857142857142855,0.42857142857142855,-33.33333333333333,0.0,MEDIUM
2013-05-25,12000.0,12000.0,12000.0,12000.0,12285.714285714286,12071.42857142857,11933.333333333334,487.950036474273,730.045911547367,2013,25,5,5,21,0.2,0.6,0.39999999999999997,0.4,149.99999999999997,0.0,HIGH
2013-05-27,13000.0,13000.0,12000.0,12000.0,12428.57142857143,12142.857142857143,11966.666666666666,534.5224838248521,770.3288865196389,2013,27,5,0,22,0.5,0.5,0.38571428571428573,0.4,-60.0,0.0,HIGH
2013-05-28,12000.0,12000.0,10000.0,12000.0,12285.714285714286,12142.857142857143,11966.666666666666,487.950036474273,770.3288865196389,2013,28,5,1,22,0.2,0.5,0.3428571428571429,0.3785714285714286,149.99999999999997,0.0,HIGH
2013-05-29,12000.0,12000.0,12000.0,12000.0,12285.714285714286,12285.714285714286,11966.666666666666,487.950036474273,468.8072309384886,2013,29,5,2,22,0.5,0.5,0.34285714285714286,0.4,0.0,0.0,HIGH
2013-05-31,12000.0,12000.0,13000.0,10000.0,12285.714285714286,12285.714285714286,11966.666666666666,487.950036474273,468.8072309384886,2013,31,5,4,22,0.5,0.2,0.34285714285714286,0.4,-40.0,0.0,HIGH
2013-06-01,12000.0,13000.0,12000.0,12000.0,12285.714285714286,12214.285714285714,12033.333333333334,487.950036474273,425.8153136263123,2013,1,6,5,22,0.3,0.3,0.3571428571428571,0.38571428571428573,-33.33333333333333,0.0,HIGH
2013-06-03,15000.0,12000.0,12000.0,12000.0,12571.42857142857,12428.57142857143,12133.333333333334,1133.8934190276825,851.6306272526366,2013,3,6,0,23,0.2,0.2,0.34285714285714286,0.38571428571428573,0.0,0.0,MEDIUM
2013-06-04,14000.0,13000.0,12000.0,12000.0,12857.142857142857,12571.42857142857,12200.0,1214.9857925879105,937.6144618769878,2013,4,6,1,23,0.2,0.5,0.34285714285714286,0.3714285714285714,199.99999999999997,0.0,HIGH
2013-06-05,12000.0,12000.0,13000.0,12000.0,12714.285714285714,12571.42857142857,12200.0,1253.566341056017,937.6144618769878,2013,5,6,2,23,0.6,0.2,0.35714285714285715,0.37142857142857144,0.0,1.6666666666666667,HIGH
2013-06-06,12000.0,12000.0,12000.0,12000.0,12714.285714285714,12500.0,12200.0,1253.566341056017,940.5399431259572,2013,6,6,3,23,0.6,0.5,0.41428571428571426,0.37857142857142856,-16.666666666666664,0.0,HIGH
2013-06-07,12000.0,12000.0,12000.0,12000.0,12714.285714285714,12500.0,12200.0,1253.566341056017,940.5399431259572,2013,7,6,4,23,0.5,0.5,0.41428571428571426,0.37857142857142856,19.999999999999996,0.0,HIGH
2013-06-08,12000.0,12000.0,12000.0,12000.0,12714.285714285714,12500.0,12200.0,1253.566341056017,940.5399431259572,2013,8,6,5,23,0.6,0.3,0.42857142857142855,0.38571428571428573,-83.33333333333334,0.0,HIGH
2013-06-10,11000.0,15000.0,13000.0,12000.0,12571.42857142857,12428.57142857143,12166.666666666666,1397.2762620115443,1016.3498575623588,2013,10,6,0,24,0.1,0.2,0.39999999999999997,0.37857142857142856,100.0,0.0,MEDIUM
2013-06-11,10000.0,14000.0,12000.0,12000.0,11857.142857142857,12214.285714285714,12100.0,1214.9857925879173,1188.3130530663648,2013,11,6,1,24,0.2,0.2,0.39999999999999997,0.37142857142857144,0.0,0.0,LOW
2013-06-12,11000.0,12000.0,13000.0,11000.0,11428.57142857143,12142.857142857143,12066.666666666666,786.7957924694557,1231.4558524297609,2013,12,6,2,24,0.2,0.6,0.4,0.37142857142857144,0.0,0.0,LOW
2013-06-13,12000.0,12000.0,12000.0,12000.0,11428.57142857143,12071.42857142857,12100.0,786.7957924694557,1206.6664642907535,2013,13,6,3,24,0.2,0.6,0.34285714285714286,0.35,0.0,0.0,LOW
2013-06-14,12000.0,12000.0,12000.0,12000.0,11428.57142857143,12071.42857142857,12100.0,786.7957924694557,1206.6664642907535,2013,14,6,4,24,0.2,0.5,0.2857142857142857,0.35,0.0,8.333333333333332,LOW
2013-06-15,12000.0,12000.0,12000.0,12000.0,11428.57142857143,12071.42857142857,12100.0,786.7957924694557,1206.6664642907535,2013,15,6,5,24,0.2,0.6,0.24285714285714285,0.32857142857142857,49.999999999999986,0.0,LOW
2013-06-17,12000.0,11000.0,12000.0,10000.0,11428.57142857143,12071.42857142857,12100.0,786.7957924694557,1206.6664642907535,2013,17,6,0,25,0.3,0.1,0.19999999999999998,0.3142857142857142,100.0,0.0,LOW
2013-06-18,12000.0,10000.0,15000.0,12000.0,11571.42857142857,12071.42857142857,12166.666666666666,786.7957924694543,1206.6664642907535,2013,18,6,1,25,0.6,0.2,0.2714285714285714,0.3357142857142857,0.0,0.0,LOW
2013-06-19,12000.0,11000.0,14000.0,13000.0,11857.142857142857,11857.142857142857,12166.666666666666,377.9644730092448,864.4378215075614,2013,19,6,2,25,0.6,0.2,0.32857142857142857,0.36428571428571427,-33.33333333333333,0.0,LOW
2013-06-20,12000.0,12000.0,12000.0,12000.0,12000.0,11714.285714285714,12133.333333333334,0.0,611.2498455021189,2013,20,6,3,25,0.4,0.2,0.35714285714285715,0.3785714285714286,49.999999999999986,0.0,LOW
2013-06-21,12000.0,12000.0,12000.0,12000.0,12000.0,11714.285714285714,12133.333333333334,0.0,611.2498455021189,2013,21,6,4,25,0.6,0.2,0.41428571428571426,0.37857142857142856,0.0,0.0,LOW
2013-06-22,12000.0,12000.0,12000.0,12000.0,12000.0,11714.285714285714,12133.333333333334,0.0,611.2498455021189,2013,22,6,5,25,0.6,0.2,0.4714285714285714,0.37857142857142856,-16.666666666666664,0.0,LOW
2013-06-24,12000.0,12000.0,12000.0,13000.0,12000.0,11714.285714285714,12133.333333333334,0.0,611.2498455021189,2013,24,6,0,26,0.5,0.3,0.5142857142857143,0.37857142857142856,19.999999999999996,0.0,MEDIUM
2013-06-25,12000.0,12000.0,11000.0,12000.0,12000.0,11714.285714285714,12100.0,0.0,611.2498455021189,2013,25,6,1,26,0.6,0.6,0.5571428571428572,0.37857142857142856,0.0,0.0,MEDIUM
2013-06-26,12000.0,12000.0,10000.0,12000.0,12000.0,11785.714285714286,12100.0,0.0,578.9342235218317,2013,26,6,2,26,0.6,0.6,0.557142857142857,0.41428571428571426,0.0,0.0,MEDIUM
2013-06-27,12000.0,12000.0,11000.0,12000.0,12000.0,11928.57142857143,12100.0,0.0,267.2612419124092,2013,27,6,3,26,0.6,0.4,0.5571428571428572,0.4428571428571428,0.0,0.0,MEDIUM
2013-06-28,12000.0,12000.0,12000.0,13000.0,12000.0,12000.0,12100.0,0.0,0.0,2013,28,6,4,26,0.6,0.6,0.5857142857142856,0.4714285714285714,16.666666666666664,0.0,MEDIUM
2013-07-01,12000.0,12000.0,12000.0,12000.0,12000.0,12000.0,12066.666666666666,0.0,0.0,2013,1,7,0,27,0.7,0.6,0.6,0.5071428571428571,-71.42857142857143,0.0,MEDIUM
2013-07-02,13000.0,12000.0,12000.0,13000.0,12142.857142857143,12071.42857142857,12100.0,377.96447300923927,267.261241912411,2013,2,7,1,27,0.2,0.5,0.5428571428571428,0.5071428571428571,0.0,0.0,MEDIUM
2013-07-03,12000.0,12000.0,12000.0,12000.0,12142.857142857143,12071.42857142857,12066.666666666666,377.96447300923927,267.261241912411,2013,3,7,2,27,0.2,0.6,0.5,0.5071428571428571,49.999999999999986,0.0,MEDIUM
2013-07-04,13000.0,12000.0,12000.0,12000.0,12285.714285714286,12142.857142857143,12100.0,487.95003647427393,363.13651960127197,2013,4,7,3,27,0.3,0.6,0.45714285714285713,0.5071428571428571,0.0,0.0,MEDIUM
2013-07-05,12000.0,12000.0,12000.0,12000.0,12285.714285714286,12142.857142857143,12100.0,487.95003647427393,363.13651960127197,2013,5,7,4,27,0.3,0.6,0.4142857142857142,0.48571428571428577,-33.33333333333333,0.0,MEDIUM
2013-07-06,12000.0,12000.0,12000.0,12000.0,12285.714285714286,12142.857142857143,12100.0,487.95003647427393,363.13651960127197,2013,6,7,5,27,0.2,0.6,0.35714285714285715,0.45714285714285713,49.999999999999986,0.0,MEDIUM
2013-07-09,13000.0,12000.0,12000.0,15000.0,12428.57142857143,12214.285714285714,12133.333333333334,534.5224838248539,425.81531362631216,2013,9,7,1,28,0.3,0.7,0.31428571428571433,0.45000000000000007,-33.33333333333333,0.0,MEDIUM
2013-07-10,13000.0,13000.0,12000.0,14000.0,12571.42857142857,12285.714285714286,12066.666666666666,534.5224838248525,468.80723093848826,2013,10,7,2,28,0.2,0.2,0.24285714285714285,0.4214285714285714,0.0,0.0,MEDIUM
2013-07-11,12000.0,12000.0,12000.0,12000.0,12428.57142857143,12285.714285714286,12000.0,534.5224838248539,468.80723093848826,2013,11,7,3,28,0.2,0.2,0.24285714285714288,0.39285714285714285,0.0,0.0,MEDIUM
2013-07-12,12000.0,13000.0,12000.0,12000.0,12428.57142857143,12285.714285714286,12000.0,534.5224838248539,468.80723093848826,2013,12,7,4,28,0.2,0.3,0.24285714285714285,0.37142857142857144,49.999999999999986,0.0,MEDIUM
2013-07-13,13000.0,12000.0,12000.0,12000.0,12428.57142857143,12357.142857142857,12033.333333333334,534.5224838248539,497.24515809884,2013,13,7,5,28,0.3,0.3,0.24285714285714288,0.35,0.0,0.0,MEDIUM
2013-07-15,13000.0,12000.0,12000.0,12000.0,12571.42857142857,12428.57142857143,12066.666666666666,534.5224838248525,513.5525910130885,2013,15,7,0,29,0.3,0.2,0.24285714285714285,0.32857142857142857,0.0,0.0,LOW
2013-07-16,12000.0,13000.0,12000.0,11000.0,12571.42857142857,12428.57142857143,12066.666666666666,534.5224838248525,513.5525910130885,2013,16,7,1,29,0.3,0.3,0.2571428571428572,0.3071428571428571,0.0,0.0,LOW
2013-07-17,13000.0,13000.0,12000.0,10000.0,12571.42857142857,12500.0,12133.333333333334,534.5224838248525,518.8745216627635,2013,17,7,2,29,0.3,0.2,0.2571428571428572,0.2857142857142857,0.0,0.0,LOW
2013-07-18,13000.0,12000.0,13000.0,11000.0,12571.42857142857,12571.42857142857,12233.333333333334,534.5224838248525,513.5525910130875,2013,18,7,3,29,0.3,0.2,0.2714285714285714,0.2571428571428572,0.0,0.0,LOW
2013-07-19,13000.0,12000.0,12000.0,12000.0,12714.285714285714,12571.42857142857,12300.0,487.9500364742691,513.5525910130875,2013,19,7,4,29,0.3,0.2,0.2857142857142857,0.2642857142857143,0.0,0.0,LOW
2013-07-20,13000.0,13000.0,13000.0,12000.0,12857.142857142857,12642.857142857143,12333.333333333334,377.96447300922824,497.24515809883786,2013,20,7,5,29,0.3,0.3,0.3,0.2714285714285714,0.0,0.0,LOW
2013-07-21,13000.0,13000.0,12000.0,12000.0,12857.142857142857,12642.857142857143,12366.666666666666,377.96447300922824,497.24515809883786,2013,21,7,6,29,0.3,0.3,0.3,0.2714285714285714,100.0,0.0,LOW
2013-07-22,13000.0,12000.0,12000.0,12000.0,12857.142857142857,12714.285714285714,12400.0,377.96447300922824,468.80723093848485,2013,22,7,0,30,0.6,0.3,0.34285714285714286,0.2928571428571428,-50.0,0.0,MEDIUM
2013-07-23,13000.0,13000.0,13000.0,12000.0,13000.0,12785.714285714286,12433.333333333334,0.0,425.81531362630716,2013,23,7,1,30,0.3,0.3,0.3428571428571428,0.29999999999999993,100.0,0.0,MEDIUM
2013-07-24,13000.0,13000.0,13000.0,12000.0,13000.0,12785.714285714286,12466.666666666666,0.0,425.81531362630716,2013,24,7,2,30,0.6,0.3,0.3857142857142857,0.32142857142857145,0.0,0.0,MEDIUM
2013-07-25,13000.0,13000.0,12000.0,12000.0,13000.0,12785.714285714286,12500.0,0.0,425.81531362630716,2013,25,7,3,30,0.6,0.3,0.42857142857142855,0.35,-66.66666666666666,0.0,MEDIUM
2013-07-26,13000.0,13000.0,12000.0,12000.0,13000.0,12857.142857142857,12533.333333333334,0.0,363.13651960126464,2013,26,7,4,30,0.2,0.3,0.4142857142857142,0.35,149.99999999999997,0.0,LOW
2013-07-27,13000.0,13000.0,13000.0,12000.0,13000.0,12928.57142857143,12566.666666666666,0.0,267.26124191239893,2013,27,7,5,30,0.5,0.3,0.4428571428571428,0.37142857142857144,-60.0,0.0,MEDIUM
2013-07-29,12000.0,13000.0,13000.0,12000.0,12857.142857142857,12857.142857142857,12566.666666666666,377.964473009229,363.13651960126464,2013,29,7,0,31,0.2,0.6,0.42857142857142855,0.36428571428571427,0.0,0.0,MEDIUM
2013-07-30,12000.0,13000.0,12000.0,12000.0,12714.285714285714,12785.714285714286,12566.666666666666,487.9500364742703,425.81531362630716,2013,30,7,1,31,0.2,0.3,0.37142857142857144,0.35714285714285715,49.999999999999986,0.0,MEDIUM
2013-07-31,12000.0,13000.0,13000.0,12000.0,12571.42857142857,12785.714285714286,12566.666666666666,534.5224838248542,425.81531362630716,2013,31,7,2,31,0.3,0.6,0.37142857142857144,0.35714285714285715,-33.33333333333333,0.0,MEDIUM
2013-08-01,12000.0,13000.0,13000.0,12000.0,12428.57142857143,12714.285714285714,12566.666666666666,534.5224838248563,468.80723093848485,2013,1,8,3,31,0.2,0.6,0.31428571428571433,0.35000000000000003,0.0,0.0,MEDIUM
