District,Year,Season,Mandi_Arrivals_Total,Mandi_Arrivals_Mean,Mandi_Price_Mean,Mandi_Price_Min,Mandi_Price_Max,Mandi_Price_Vol,Mandi_Obs_Count,Mandi_Price_Range
Bankura,2002,Autumn,2840.0,91.61290322580645,940.0,920.0,1000.0,19.62141687034856,31,80.0
Bankura,2002,Winter,9910.0,139.57746478873239,955.4929577464789,930.0,980.0,15.192924330035638,71,50.0
Bankura,2003,Autumn,5640.0,122.6086956521739,979.4565217391304,960.0,1000.0,14.19030423562214,46,40.0
Bankura,2003,Summer,12450.0,166.0,952.0,900.0,980.0,21.117432276343337,75,80.0
Bankura,2003,Winter,1550.0,140.9090909090909,991.8181818181819,960.0,1040.0,38.423477671387786,11,80.0
Bankura,2004,Autumn,7730.0,151.5686274509804,1062.549019607843,1025.0,1080.0,17.186405936658492,51,55.0
Bankura,2004,Summer,12500.0,176.05633802816902,1037.112676056338,1000.0,1080.0,26.947859334952906,71,80.0
Bankura,2004,Winter,11640.0,168.69565217391303,1057.391304347826,1040.0,1075.0,9.985603447705873,69,35.0
Bankura,2005,Autumn,9090.0,168.33333333333334,1046.111111111111,1020.0,1060.0,12.501572228167964,54,40.0
Bankura,2005,Summer,17270.0,208.0722891566265,1027.4096385542168,980.0,1075.0,29.563505908046423,83,95.0
Bankura,2005,Winter,13840.0,203.52941176470588,1062.4264705882354,610.0,1100.0,57.50076344112793,68,490.0
Bankura,2006,Autumn,86490.0,1840.212765957447,1095.9574468085107,1075.0,1130.0,18.551874916156418,47,55.0
Bankura,2006,Summer,29160.0,729.0,1071.75,1030.0,1130.0,25.408205821681385,40,100.0
Bankura,2006,Winter,8899.0,156.12280701754386,1129.6491228070176,310.0,1250.0,155.46548666459594,57,940.0
Bankura,2007,Autumn,11950.0,87.86764705882354,1250.1470588235295,1170.0,1330.0,42.12829249236724,136,160.0
Bankura,2007,Summer,16065.0,113.13380281690141,1207.394366197183,1110.0,1285.0,50.080496585476524,142,175.0
Bankura,2007,Winter,23075.0,85.78066914498142,1302.007434944238,1120.0,1465.0,85.96502206794463,269,345.0
Bankura,2008,Autumn,11540.0,81.84397163120568,1344.7517730496454,1280.0,1380.0,28.38715907598488,141,100.0
Bankura,2008,Summer,30890.0,86.76966292134831,1346.4606741573034,860.0,1460.0,66.0247595350176,356,600.0
Bankura,2008,Winter,9235.0,66.43884892086331,1320.8992805755395,1210.0,1370.0,50.94843869321017,139,160.0
Bankura,2009,Autumn,14310.0,71.90954773869346,1450.9045226130654,1350.0,1550.0,58.39767818866158,199,200.0
Bankura,2009,Summer,24580.0,73.1547619047619,1373.9583333333333,1240.0,1480.0,71.84945739087473,336,240.0
Bankura,2009,Winter,19204.5,59.273148148148145,1688.1327160493827,1400.0,1900.0,179.0860465063688,324,500.0
Bankura,2010,Autumn,21522.5,55.04475703324808,1990.7161125319692,1750.0,2190.0,94.574614261955,391,440.0
Bankura,2010,Summer,40358.0,63.857594936708864,1845.3560126582279,1500.0,2290.0,160.62079890675778,632,790.0
Bankura,2010,Winter,16214.5,44.30191256830601,2055.6284153005463,1200.0,2190.0,128.00904788741872,366,990.0
Bankura,2011,Autumn,16939.5,41.62039312039312,1861.5724815724816,1650.0,2100.0,88.93033765345044,407,450.0
Bankura,2011,Summer,27775.5,43.60361067503925,1979.8979591836735,1150.0,2190.0,146.7949965695055,637,1040.0
Bankura,2011,Winter,15610.5,37.88956310679612,1835.7281553398059,1650.0,2000.0,84.95786208136165,412,350.0
Bankura,2012,Autumn,15767.5,40.53341902313625,1940.4550128534704,1700.0,2050.0,121.51331502626572,389,350.0
Bankura,2012,Summer,122449.0,192.52987421383648,1877.1147798742138,1580.0,2050.0,133.67919420131773,636,470.0
Bankura,2012,Winter,13336.0,33.7620253164557,2039.6962025316457,1700.0,2300.0,120.46297685450601,395,600.0
Bankura,2013,Autumn,15857.0,40.451530612244895,2418.405612244898,2200.0,2650.0,71.6222062546263,392,450.0
Bankura,2013,Summer,19642.0,33.01176470588236,2177.672268907563,1880.0,2350.0,112.72079785955953,595,470.0
Bankura,2013,Winter,15294.0,37.762962962962966,2523.5185185185187,2300.0,2700.0,96.31401190319536,405,400.0
Bankura,2014,Autumn,11721.0,34.37243401759531,2542.8299120234606,2400.0,2660.0,74.94594394898262,341,260.0
Bankura,2014,Summer,102253.0,155.1638846737481,2515.827010622155,1485.0,2675.0,105.73217210312981,659,1190.0
Bankura,2014,Winter,13071.0,34.57936507936508,2445.291005291005,2150.0,2560.0,98.17185696411414,378,410.0
Bankura,2015,Autumn,21485.0,61.21082621082621,2190.3703703703704,1950.0,2350.0,105.38164453685073,351,400.0
Bankura,2015,Summer,14791.0,38.41818181818182,2211.181818181818,1900.0,2550.0,177.7279000027672,385,650.0
Bankura,2015,Winter,14924.0,59.45816733067729,2191.2749003984063,1600.0,2400.0,154.0232713828988,251,800.0
Bankura,2016,Autumn,6795.0,21.70926517571885,2402.667731629393,2220.0,2550.0,119.7232043262002,313,330.0
Bankura,2016,Summer,13584.0,30.663656884875845,2266.3205417607223,1900.0,2580.0,206.57354635140103,443,680.0
Bankura,2016,Winter,12115.0,35.218023255813954,2283.779069767442,2000.0,2600.0,193.95745986435523,344,600.0
Bankura,2017,Autumn,11910.0,29.775,2618.15,2450.0,2850.0,103.72547872795491,400,400.0
Bankura,2017,Summer,19405.0,30.607255520504733,2381.6246056782334,2050.0,2600.0,163.87115240662766,634,550.0
Bankura,2017,Winter,13936.5,34.754364089775564,2695.211970074813,1580.0,2850.0,117.63510299378731,401,1270.0
Bankura,2018,Autumn,10407.4,27.605835543766577,2670.583554376658,1560.0,2800.0,116.98644695594169,377,1240.0
Bankura,2018,Summer,19420.0,31.577235772357724,2695.8861788617887,1570.0,2850.0,95.42884547179025,615,1280.0
Bankura,2018,Winter,10603.5,27.54155844155844,2688.961038961039,2450.0,2850.0,100.2027166078067,385,400.0
Bankura,2019,Autumn,3644.3,11.110670731707318,2686.2804878048782,2400.0,2800.0,98.19879660569777,328,400.0
Bankura,2019,Summer,10794.3,19.037566137566138,2665.432098765432,2350.0,2850.0,124.74333462442013,567,500.0
Bankura,2019,Winter,6100.1,16.531436314363145,2680.758807588076,2500.0,2800.0,97.84897877035031,369,300.0
Bankura,2020,Autumn,1739.78,5.208922155688622,2666.706586826347,2500.0,2800.0,110.33905221167058,334,300.0
Bankura,2020,Summer,3992.14,6.9670855148342055,2711.8150087260033,2500.0,2900.0,113.41729674488646,573,400.0
Bankura,2020,Winter,4239.7,11.615616438356163,2656.5753424657532,2500.0,2900.0,117.01670748186406,365,400.0
Bankura,2021,Autumn,2722.5,7.071428571428571,2777.3194805194803,1868.0,3100.0,208.91945282946446,385,1232.0
Bankura,2021,Summer,5206.3,8.779595278246205,2694.806070826307,2400.0,3000.0,154.88227164911805,593,600.0
Bankura,2021,Winter,3864.04,9.470686274509804,2936.8872549019607,2400.0,4200.0,405.770256143577,408,1800.0
Bankura,2022,Autumn,3323.15,8.328696741854637,3219.22305764411,2800.0,4800.0,602.4540666155232,399,2000.0
Bankura,2022,Summer,5488.85,9.148083333333334,3091.3333333333335,1200.0,4300.0,595.4172977722146,600,3100.0
Bankura,2022,Winter,4885.66,11.80111111111111,3319.710144927536,2760.0,4700.0,672.7561848869246,414,1940.0
Bankura,2023,Autumn,2832.34,6.908146341463415,3825.9024390243903,3250.0,4800.0,488.3736697594691,410,1550.0
Bankura,2023,Summer,6081.45,9.562028301886793,3470.4402515723273,2860.0,4750.0,654.1837213706813,636,1890.0
Bankura,2023,Winter,2724.54,6.4409929078014185,3898.6052009456266,3160.0,4750.0,485.53063039673884,423,1590.0
Bardhaman,2002,Winter,82794.5,726.2675438596491,973.1842105263158,938.0,1025.0,27.29633052244719,114,87.0
Bardhaman,2003,Autumn,10894.0,125.2183908045977,1053.6781609195402,1050.0,1150.0,11.321408258275486,87,100.0
Bardhaman,2003,Summer,66997.5,478.55357142857144,992.5,930.0,1050.0,28.672675183147362,140,120.0
Bardhaman,2003,Winter,100992.0,909.8378378378378,1069.099099099099,1000.0,1240.0,45.1170104898878,111,240.0
Bardhaman,2004,Autumn,20610.5,224.02717391304347,1130.3260869565217,800.0,1160.0,42.65118132052494,92,360.0
Bardhaman,2004,Summer,10555.0,80.57251908396947,1107.6335877862596,1040.0,1200.0,43.23161345178038,131,160.0
Bardhaman,2004,Winter,87040.0,777.1428571428571,1111.9642857142858,1085.0,1130.0,11.436411403561209,112,45.0
Bardhaman,2005,Autumn,37778.0,205.31521739130434,1050.5434782608695,900.0,1675.0,81.04999644939913,184,775.0
Bardhaman,2005,Summer,117586.0,618.8736842105263,1047.6421052631579,920.0,1120.0,50.379914488853906,190,200.0
Bardhaman,2005,Winter,142005.0,406.89111747851,1058.2951289398281,880.0,1270.0,97.32795905666377,349,390.0
Bardhaman,2006,Autumn,70109.0,236.05723905723906,1113.7710437710439,980.0,1210.0,64.0609515231821,297,230.0
Bardhaman,2006,Summer,171883.0,345.14658634538154,1078.875502008032,880.0,1260.0,83.20866936923201,498,380.0
Bardhaman,2006,Winter,78603.5,286.8740875912409,1159.9817518248176,980.0,1400.0,111.8570337653411,274,420.0
Bardhaman,2007,Autumn,63595.0,258.5162601626016,1264.7357723577236,1020.0,1400.0,68.6029042403991,246,380.0
Bardhaman,2007,Summer,266838.0,534.7454909819639,1217.9158316633266,1020.0,1450.0,109.9112682001676,499,430.0
Bardhaman,2007,Winter,81055.0,457.9378531073446,1301.045197740113,1080.0,1400.0,82.6559008514049,177,320.0
Bardhaman,2008,Autumn,112055.0,382.4402730375427,1318.2764505119453,1180.0,1480.0,61.235974281969646,293,300.0
Bardhaman,2008,Summer,103203.0,345.16053511705684,1303.628762541806,1200.0,1450.0,53.1029705258088,299,250.0
Bardhaman,2008,Winter,162108.0,339.8490566037736,1291.111111111111,1120.0,1420.0,66.60606489266219,477,300.0
Bardhaman,2009,Autumn,48027.0,173.3826714801444,1413.6281588447653,1280.0,1600.0,61.72281131065398,277,320.0
Bardhaman,2009,Summer,215762.6,348.5663974151858,1286.6074313408724,1100.0,2160.0,82.05369232185838,619,1060.0
Bardhaman,2009,Winter,106951.0,231.495670995671,1687.8463203463205,1100.0,2100.0,183.20615374356566,462,1000.0
Bardhaman,2010,Autumn,37749.0,128.39795918367346,1857.091836734694,1680.0,2250.0,116.07765613567801,294,570.0
Bardhaman,2010,Summer,152494.5,184.84181818181818,1778.4727272727273,1500.0,2200.0,143.2361569090445,825,700.0
Bardhaman,2010,Winter,78493.0,173.27373068432672,1819.094922737307,1570.0,2150.0,138.7721035437311,453,580.0
Bardhaman,2011,Autumn,66526.0,150.85260770975057,1722.437641723356,1550.0,2250.0,167.1747489030253,441,700.0
Bardhaman,2011,Summer,178603.5,179.50100502512564,1778.2884422110553,550.0,2200.0,151.68057289663395,995,1650.0
Bardhaman,2011,Winter,113074.0,196.30902777777777,1688.8715277777778,1430.0,2150.0,139.03716420943326,576,720.0
Bardhaman,2012,Autumn,79800.0,158.9641434262948,1818.9741035856573,1650.0,2020.0,106.40464946531957,502,370.0
Bardhaman,2012,Summer,171443.2,204.3423122765197,1707.9630512514898,1480.0,2100.0,129.38038427839402,839,620.0
Bardhaman,2012,Winter,114220.3,170.22399403874815,1942.2876304023846,1690.0,2230.0,131.53039196681456,671,540.0
Bardhaman,2013,Autumn,102769.6,196.12519083969468,2405.5152671755727,2150.0,2670.0,118.17696551171686,524,520.0
Bardhaman,2013,Summer,238984.83,212.61995551601422,2129.8398576512454,1805.0,2400.0,139.50003327101942,1124,595.0
Bardhaman,2013,Winter,121401.6,189.69,2403.046875,2100.0,2650.0,136.8046286004041,640,550.0
Bardhaman,2014,Autumn,97595.5,175.5314748201439,2424.172661870504,1520.0,2600.0,99.52788938178841,556,1080.0
Bardhaman,2014,Summer,278394.9,218.5203296703297,2402.5313971742544,2120.0,2690.0,124.90219659772008,1274,570.0
Bardhaman,2014,Winter,142806.3,186.91924083769632,2271.616492146597,1840.0,2560.0,191.746913772511,764,720.0
Bardhaman,2015,Autumn,106769.7,149.74712482468442,1959.7194950911642,1680.0,2380.0,192.33172967608357,713,700.0
Bardhaman,2015,Summer,197071.7,177.70216411181246,2010.892696122633,1680.0,2400.0,187.00293012733292,1109,720.0
Bardhaman,2015,Winter,118613.7,168.48536931818182,2082.2514204545455,1400.0,2600.0,260.88236995059293,704,1200.0
Bardhaman,2016,Autumn,102115.0,151.5059347181009,2381.759643916914,1200.0,2940.0,194.93977072031973,674,1740.0
Bardhaman,2016,Summer,251077.5,195.0874125874126,2165.7979797979797,1470.0,3000.0,239.09343988798813,1287,1530.0
Bardhaman,2016,Winter,154604.5,161.88952879581151,2341.0732984293195,1700.0,3300.0,316.0703171059579,955,1600.0
Bardhaman,2017,Autumn,111203.5,157.7354609929078,2571.3971631205673,2370.0,3160.0,189.40265247527037,705,790.0
Bardhaman,2017,Summer,215202.8,168.3902973395931,2405.2621283255085,1975.0,3400.0,266.12608099234996,1278,1425.0
Bardhaman,2017,Winter,140102.5,152.45103373231774,2651.7247007616975,1660.0,3460.0,244.01706106039802,919,1800.0
Bardhaman,2018,Autumn,130629.7,172.10764163372858,2638.5309617918315,2250.0,3100.0,255.72130645115277,759,850.0
Bardhaman,2018,Summer,191399.2,171.5046594982079,2626.1111111111113,600.0,3450.0,269.50331698786937,1116,2850.0
Bardhaman,2018,Winter,149626.96,183.3663725490196,2571.029411764706,2230.0,3000.0,296.6388093000751,816,770.0
Bardhaman,2019,Autumn,36249.73,51.85941344778255,2521.3876967095853,2250.0,4260.0,251.8304164412504,699,2010.0
Bardhaman,2019,Summer,122989.73,105.84314113597246,2512.418244406196,1950.0,3100.0,292.4511851950322,1162,1150.0
Bardhaman,2019,Winter,42966.61,49.33020665901263,2543.6739380022964,1100.0,3000.0,267.7647865528485,871,1900.0
Bardhaman,2020,Autumn,18252.1,28.254024767801855,2688.7461300309596,2350.0,3200.0,205.97690984210124,646,850.0
Bardhaman,2020,Summer,31209.56,27.99063677130045,2672.47533632287,2100.0,3750.0,264.4423828597785,1115,1650.0
Bardhaman,2020,Winter,27732.6,30.91705685618729,2535.5629877369006,2000.0,3175.0,255.64768213023933,897,1175.0
Bardhaman,2021,Autumn,32022.55,34.54428263214671,2469.2826321467096,2250.0,2900.0,117.66330020117022,927,650.0
Bardhaman,2021,Summer,51887.7,34.730722891566266,2469.433065595716,2250.0,3100.0,126.55275052249495,1494,850.0
Bardhaman,2021,Winter,27877.1,26.8824493731919,2578.698167791707,1100.0,3450.0,210.6895796279949,1037,2350.0
Bardhaman,2022,Autumn,23207.9,26.164487034949268,2803.5952649379933,1800.0,3900.0,345.2968685446819,887,2100.0
Bardhaman,2022,Summer,38956.1,25.747587574355585,2600.918704560476,2050.0,3700.0,326.2639473803772,1513,1650.0
Bardhaman,2022,Winter,24517.4,25.068916155419224,2962.5357873210633,2340.0,3950.0,339.38277295519254,978,1610.0
Bardhaman,2023,Autumn,23617.9,27.49464493597206,3325.5296856810246,2600.0,4150.0,335.51830619415256,859,1550.0
Bardhaman,2023,Summer,49158.7,34.13798611111111,3018.2430555555557,2500.0,4100.0,380.4900235849034,1440,1600.0
Bardhaman,2023,Winter,28934.7,29.922130299896587,3287.886246122027,2183.0,4150.0,346.0869657684568,967,1967.0
Birbhum,2002,Winter,38810.0,746.3461538461538,879.6153846153846,800.0,1000.0,41.395345881312316,52,200.0
Birbhum,2003,Autumn,52955.0,519.1666666666666,1006.3725490196078,950.0,1030.0,23.07067126561525,102,80.0
Birbhum,2003,Summer,88565.0,702.8968253968254,973.2936507936508,870.0,1020.0,34.392805633810674,126,150.0
Birbhum,2003,Winter,57231.0,457.848,940.32,800.0,1030.0,68.80238180423324,125,230.0
Birbhum,2004,Autumn,12005.5,214.38392857142858,1039.8214285714287,990.0,1100.0,44.08632323185826,56,110.0
Birbhum,2004,Summer,32910.0,438.8,1035.0666666666666,1000.0,1100.0,32.523311113196485,75,100.0
Birbhum,2004,Winter,32648.0,240.05882352941177,1009.9264705882352,580.0,1080.0,50.07396489977913,136,500.0
Birbhum,2005,Autumn,40501.0,293.4855072463768,971.5217391304348,940.0,1000.0,21.201231678621497,138,60.0
Birbhum,2005,Summer,75320.0,386.2564102564103,1015.8205128205128,930.0,1100.0,48.4405639608899,195,170.0
Birbhum,2005,Winter,45949.0,238.0777202072539,1003.4715025906736,970.0,1040.0,16.19768715232617,193,70.0
Birbhum,2006,Autumn,26886.0,186.70833333333334,1076.736111111111,1000.0,1150.0,34.969114466754235,144,150.0
Birbhum,2006,Summer,24033.0,136.55113636363637,1040.965909090909,1000.0,1100.0,20.55456785583831,176,100.0
Birbhum,2006,Winter,40265.0,629.140625,1130.46875,1060.0,1250.0,56.86044423892247,64,190.0
Birbhum,2007,Autumn,449903.0,4786.202127659574,1246.8617021276596,1180.0,1300.0,41.80718697895275,94,120.0
Birbhum,2007,Summer,590181.0,2837.408653846154,1213.8701923076924,560.0,1350.0,87.96572386906311,208,790.0
Birbhum,2007,Winter,40794.0,191.5211267605634,1343.9906103286385,1050.0,1450.0,86.2274849262185,213,400.0
Birbhum,2008,Autumn,25770.6,126.32647058823528,1289.7549019607843,1210.0,1400.0,42.663059845254686,204,190.0
Birbhum,2008,Summer,31920.45,220.1410344827586,1331.4137931034484,1000.0,1425.0,68.68735390307968,145,425.0
Birbhum,2008,Winter,25656.6,157.40245398773004,1302.6993865030674,1200.0,1375.0,48.32134397522404,163,175.0
Birbhum,2009,Autumn,15915.4,90.94514285714286,1412.8,1270.0,1540.0,70.48795446129719,175,270.0
Birbhum,2009,Summer,34317.0,110.7,1316.8387096774193,1255.0,1375.0,46.06179666055496,310,120.0
Birbhum,2009,Winter,14246.2,71.5889447236181,1617.462311557789,900.0,1990.0,144.29983282812782,199,1090.0
Birbhum,2010,Autumn,25029.8,120.33557692307691,1880.0,1700.0,2075.0,104.77950162771685,208,375.0
Birbhum,2010,Summer,25289.2,116.00550458715597,1755.1100917431193,1000.0,1950.0,129.16273017178506,218,950.0
Birbhum,2010,Winter,15150.0,285.8490566037736,1790.0943396226414,1750.0,2025.0,44.758868545773396,53,275.0
Birbhum,2011,Autumn,11505.0,295.0,1780.7692307692307,1650.0,1850.0,49.49133977324324,39,200.0
Birbhum,2011,Summer,19150.0,299.21875,2081.796875,1850.0,2225.0,123.79696379171655,64,375.0
Birbhum,2011,Winter,12909.0,167.64935064935065,1819.025974025974,1675.0,1975.0,94.77479873029408,77,300.0
Birbhum,2012,Autumn,10210.5,130.90384615384616,1928.1410256410256,1800.0,2020.0,49.70764511973973,78,220.0
Birbhum,2012,Summer,58682.0,313.80748663101605,1878.7967914438502,1600.0,1950.0,69.915628034176,187,350.0
Birbhum,2012,Winter,22218.0,157.5744680851064,2081.4893617021276,1230.0,2275.0,98.06292564480358,141,1045.0
Birbhum,2013,Autumn,31405.0,668.1914893617021,2487.2340425531916,2425.0,2525.0,41.98613268271282,47,100.0
Birbhum,2013,Summer,24105.0,202.56302521008402,2268.109243697479,2125.0,2380.0,93.86925544191698,119,255.0
Birbhum,2013,Winter,16049.84,121.58969696969697,2544.5833333333335,2250.0,2775.0,94.55407933333731,132,525.0
Birbhum,2014,Autumn,11367.99,118.4165625,2655.3645833333335,2480.0,2830.0,138.83963636942056,96,350.0
Birbhum,2014,Summer,23011.01,114.48263681592039,2581.5174129353236,2465.0,2775.0,76.54613605711069,201,310.0
Birbhum,2014,Winter,62618.13,242.70593023255813,2323.4302325581393,1130.0,2650.0,214.07650950747262,258,1520.0
Birbhum,2015,Autumn,55596.34,184.70544850498337,1967.2259136212624,1700.0,3400.0,168.15774972600116,301,1700.0
Birbhum,2015,Summer,151512.86,295.9235546875,2106.93359375,1800.0,2550.0,212.8473251884955,512,750.0
Birbhum,2015,Winter,55641.85,165.1093471810089,1905.5489614243324,1750.0,2150.0,118.71551431759849,337,400.0
Birbhum,2016,Autumn,61190.9,191.82100313479626,2135.3918495297808,1850.0,2530.0,225.71323724574128,319,680.0
Birbhum,2016,Summer,71198.55,179.34143576826196,2046.2468513853905,1740.0,2450.0,218.50911157159732,397,710.0
Birbhum,2016,Winter,51788.65,163.3711356466877,2110.0,1850.0,2530.0,227.54190043966918,317,680.0
Birbhum,2017,Autumn,44482.7,143.49258064516127,2573.7096774193546,2410.0,4200.0,151.2775570228289,310,1790.0
Birbhum,2017,Summer,70628.15,148.3784663865546,2369.044117647059,2100.0,2610.0,134.91080931707495,476,510.0
Birbhum,2017,Winter,64860.0,162.15,2701.825,1500.0,2950.0,105.00468720890301,400,1450.0
Birbhum,2018,Autumn,34841.5,154.16592920353983,2563.495575221239,2440.0,2800.0,113.86031394408398,226,360.0
Birbhum,2018,Summer,72774.5,157.1803455723542,2577.6889848812093,2440.0,2880.0,131.9404563149749,463,440.0
Birbhum,2018,Winter,56885.0,168.79821958456972,2468.367952522255,1750.0,2650.0,74.85705373384636,337,900.0
Birbhum,2019,Autumn,42360.5,140.26655629139074,2507.1523178807947,1750.0,2700.0,92.34758464604458,302,950.0
Birbhum,2019,Summer,69357.0,151.76586433260394,2479.560175054705,1750.0,2700.0,104.33617010870178,457,950.0
Birbhum,2019,Winter,39443.0,108.95856353591161,2549.817679558011,1770.0,2760.0,126.31035039661339,362,990.0
Birbhum,2020,Autumn,14948.0,60.274193548387096,2634.9193548387098,2500.0,2850.0,123.52118582886862,248,350.0
Birbhum,2020,Summer,30328.0,70.6946386946387,2596.2820512820513,1800.0,2850.0,143.4015575570959,429,1050.0
Birbhum,2020,Winter,12611.6,58.38703703703704,2633.5185185185187,2450.0,3580.0,129.376427994383,216,1130.0
Birbhum,2021,Autumn,17147.3,71.44708333333332,2432.8333333333335,2100.0,3100.0,303.5651021925569,240,1000.0
Birbhum,2021,Summer,23393.0,59.37309644670051,2413.6167512690354,2100.0,3100.0,202.14354566004425,394,1000.0
Birbhum,2021,Winter,24730.0,90.58608058608058,2589.3406593406594,2050.0,3200.0,276.2756596991683,273,1150.0
Birbhum,2022,Autumn,13288.0,61.8046511627907,3021.5348837209303,1940.0,4200.0,325.1038187046072,215,2260.0
Birbhum,2022,Summer,32647.0,74.36674259681094,2565.5580865603642,1930.0,3100.0,287.3943652224718,439,1170.0
Birbhum,2022,Winter,20804.0,57.62880886426593,2962.185595567867,1930.0,4000.0,352.5753527226365,361,2070.0
Birbhum,2023,Autumn,8604.0,34.00790513833992,3496.4624505928855,3050.0,4150.0,306.12697654239247,253,1100.0
Birbhum,2023,Summer,25402.0,54.27777777777778,3089.6794871794873,1920.0,3800.0,258.3395004249681,468,1880.0
Birbhum,2023,Winter,7546.0,27.8450184501845,3564.760147601476,3250.0,3950.0,218.25027605594585,271,700.0
Cooch Behar,2002,Autumn,1500.0,750.0,1050.0,930.0,1170.0,169.7056274847714,2,240.0
Cooch Behar,2002,Winter,373.0,26.642857142857142,971.4285714285714,830.0,1130.0,99.02269692093073,14,300.0
Cooch Behar,2003,Summer,41.0,41.0,1025.0,1025.0,1025.0,0.0,1,0.0
Cooch Behar,2005,Autumn,5130.5,102.61,1503.6,1300.0,1540.0,56.577921705288794,50,240.0
Cooch Behar,2005,Summer,1412.0,156.88888888888889,1289.4444444444443,1200.0,1305.0,33.582402799349815,9,105.0
Cooch Behar,2005,Winter,7660.0,55.507246376811594,1321.5579710144928,1200.0,1540.0,78.862350570212,138,340.0
Cooch Behar,2006,Autumn,2693.0,43.435483870967744,1424.1935483870968,1335.0,1520.0,54.012699997065845,62,185.0
Cooch Behar,2006,Summer,7288.06,40.71541899441341,1327.4804469273743,1220.0,1750.0,66.45115979425319,179,530.0
Cooch Behar,2006,Winter,5804.8,40.31111111111111,1367.2222222222222,900.0,1460.0,54.18105421258084,144,560.0
Cooch Behar,2007,Autumn,697.65,8.112209302325581,1444.7093023255813,1300.0,1750.0,76.0315516981284,86,450.0
Cooch Behar,2007,Summer,4682.8,23.067980295566503,1382.8275862068965,450.0,1750.0,160.30334742490535,203,1300.0
Cooch Behar,2007,Winter,1936.3,15.742276422764228,1447.39837398374,1125.0,1725.0,149.27605299355423,123,600.0
Cooch Behar,2008,Autumn,19687.2,46.54184397163121,1660.7801418439717,850.0,1975.0,221.8801208777802,423,1125.0
Cooch Behar,2008,Summer,16411.5,39.075,1540.4761904761904,725.0,1925.0,198.9021464713099,420,1200.0
Cooch Behar,2008,Winter,9980.06,32.297928802589,1510.3074433656957,825.0,1950.0,202.63640421835962,309,1125.0
Cooch Behar,2009,Autumn,7980.9,53.205999999999996,1746.8666666666666,1475.0,2100.0,237.82116869068827,150,625.0
Cooch Behar,2009,Summer,16944.1,41.02687651331719,1582.27602905569,850.0,1910.0,198.82580396431794,413,1060.0
Cooch Behar,2009,Winter,21427.0,86.05220883534136,1699.4979919678715,850.0,2125.0,256.64996126420755,249,1275.0
Cooch Behar,2010,Autumn,22532.5,55.36240786240786,2101.235872235872,1150.0,2460.0,261.14872872171713,407,1310.0
Cooch Behar,2010,Summer,32209.0,51.044374009508715,1891.1568938193343,950.0,2400.0,261.2382160098081,631,1450.0
Cooch Behar,2010,Winter,29366.1,48.379077429983525,1920.6342668863263,1550.0,2450.0,222.62620482474205,607,900.0
Cooch Behar,2011,Autumn,27088.7,51.110754716981134,1981.1509433962265,1650.0,2450.0,270.77846861111476,530,800.0
Cooch Behar,2011,Summer,60241.3,56.142870456663566,1930.591798695247,1650.0,2350.0,236.68152212995065,1073,700.0
Cooch Behar,2011,Winter,23306.4,54.83858823529412,1857.1764705882354,1550.0,2400.0,259.56404744894843,425,850.0
Cooch Behar,2012,Autumn,29915.95,54.89165137614679,2237.1559633027523,1800.0,2775.0,295.99064641148186,545,975.0
Cooch Behar,2012,Summer,42480.6,49.281438515081206,2010.2784222737819,1600.0,2550.0,306.813799436351,862,950.0
Cooch Behar,2012,Winter,135986.7,192.8889361702128,2212.0921985815603,1050.0,2700.0,332.8809314134872,705,1650.0
Cooch Behar,2013,Autumn,92918.1,282.4258358662614,2742.5683890577507,1250.0,3500.0,440.97506535630174,329,2250.0
Cooch Behar,2013,Summer,249046.0,282.0453001132503,2469.5922989807473,1850.0,3500.0,403.64840286802274,883,1650.0
Cooch Behar,2013,Winter,34024.45,64.0761770244821,2654.190207156309,1700.0,3200.0,267.6023936953226,531,1500.0
Cooch Behar,2014,Autumn,10639.05,42.05158102766798,2796.284584980237,2350.0,3200.0,304.04813417673637,253,850.0
Cooch Behar,2014,Summer,33960.35,56.69507512520868,2675.5358931552587,1425.0,3100.0,267.0473038723917,599,1675.0
Cooch Behar,2014,Winter,35988.6,54.44568835098335,2539.8260211800302,1350.0,3150.0,345.94984527108056,661,1800.0
Cooch Behar,2015,Autumn,18974.7,38.96242299794661,2456.8377823408623,1850.0,4300.0,467.1676767931824,487,2450.0
Cooch Behar,2015,Summer,45402.95,47.89340717299578,2451.2974683544303,1900.0,3400.0,382.6493043095999,948,1500.0
Cooch Behar,2015,Winter,33293.6,70.23966244725739,2440.4008438818564,1850.0,3150.0,492.2444472571762,474,1300.0
Cooch Behar,2016,Autumn,28726.8,64.40986547085201,2347.085201793722,2200.0,2450.0,65.7918194828055,446,250.0
Cooch Behar,2016,Summer,67570.7,74.82912513842746,2465.891472868217,1950.0,5200.0,461.7395256410057,903,3250.0
Cooch Behar,2016,Winter,29449.2,66.778231292517,2281.0657596371884,550.0,2450.0,114.21072124656354,441,1900.0
Cooch Behar,2017,Autumn,21199.4,115.84371584699454,2675.136612021858,2350.0,2800.0,173.90744640736673,183,450.0
Cooch Behar,2017,Summer,39750.8,70.85704099821747,2233.0213903743315,1225.0,2500.0,265.3548962619804,561,1275.0
Cooch Behar,2017,Winter,28985.9,92.90352564102565,2765.5448717948716,2375.0,5800.0,454.2036859534998,312,3425.0
Cooch Behar,2018,Autumn,24131.1,91.40568181818182,2810.151515151515,2700.0,2900.0,87.32274690464763,264,200.0
Cooch Behar,2018,Summer,37965.6,88.08723897911833,2799.0951276102087,1575.0,3000.0,189.51282155660104,431,1425.0
Cooch Behar,2018,Winter,29260.1,99.86382252559727,2676.279863481229,1600.0,2900.0,137.8981787753934,293,1300.0
Cooch Behar,2019,Autumn,14178.1,97.11027397260274,2780.1369863013697,2600.0,3600.0,229.12723856007452,146,1000.0
Cooch Behar,2019,Summer,28851.1,95.85083056478405,2657.043189368771,610.0,2750.0,173.88950934945427,301,2140.0
Cooch Behar,2019,Winter,8054.9,50.343125,2625.625,2150.0,2750.0,188.58855918132468,160,600.0
Cooch Behar,2020,Autumn,503.1,5.8500000000000005,2779.9418604651164,2600.0,2900.0,79.96504451779691,86,300.0
Cooch Behar,2020,Summer,862.9,6.9032,2623.2,2150.0,2900.0,192.03326324766815,125,750.0
Cooch Behar,2020,Winter,593.4,5.444036697247706,2609.1743119266057,2350.0,3450.0,160.60722990256647,109,1100.0
Cooch Behar,2021,Autumn,444.2,6.833846153846154,2652.6923076923076,2500.0,2900.0,95.4147071795215,65,400.0
Cooch Behar,2021,Summer,1014.1,6.377987421383648,2578.301886792453,2350.0,2750.0,102.88993472300254,159,400.0
Cooch Behar,2021,Winter,682.2,6.688235294117647,2451.470588235294,2100.0,3000.0,342.9239359669379,102,900.0
Cooch Behar,2022,Autumn,251.3,2.7615384615384615,2712.6373626373625,2550.0,2800.0,52.48989669630969,91,250.0
Cooch Behar,2022,Summer,692.5,4.355345911949685,2454.245283018868,2150.0,3025.0,186.38821324787634,159,875.0
Cooch Behar,2022,Winter,356.6,3.155752212389381,2643.451327433628,1050.0,2770.0,162.11641491480535,113,1720.0
Cooch Behar,2023,Autumn,251.9,3.4506849315068493,3471.2328767123286,3350.0,3550.0,60.25282855230969,73,200.0
Cooch Behar,2023,Summer,497.9,3.688148148148148,2966.5925925925926,2730.0,3350.0,198.3680168121224,135,620.0
Dakshin Dinajpur,2009,Winter,1200.0,22.22222222222222,1553.7962962962963,1515.0,1630.0,33.3497077182347,54,115.0
Dakshin Dinajpur,2010,Autumn,420.0,12.352941176470589,1802.5,1785.0,1820.0,14.47306798746203,34,35.0
Dakshin Dinajpur,2010,Summer,2300.0,22.77227722772277,1732.3267326732673,1540.0,1930.0,128.90609829724065,101,390.0
Dakshin Dinajpur,2011,Autumn,2209.0,26.9390243902439,2044.2073170731708,1730.0,2675.0,424.86270077955857,82,945.0
Dakshin Dinajpur,2011,Summer,3460.5,29.07983193277311,2062.18487394958,1725.0,2700.0,417.0028444886636,119,975.0
Dakshin Dinajpur,2011,Winter,6496.5,46.07446808510638,1791.1702127659576,1450.0,2500.0,424.9876629713054,141,1050.0
Dakshin Dinajpur,2012,Autumn,4802.0,22.23148148148148,2368.935185185185,1950.0,3160.0,520.0969725885549,216,1210.0
Dakshin Dinajpur,2012,Summer,8547.0,22.085271317829456,2038.9018087855297,1470.0,3100.0,566.014171330522,387,1630.0
Dakshin Dinajpur,2012,Winter,1466.0,20.942857142857143,2064.5714285714284,1900.0,3150.0,366.9594445636345,70,1250.0
Dakshin Dinajpur,2013,Autumn,4102.0,17.30801687763713,2936.26582278481,2300.0,3500.0,483.66174906995616,237,1200.0
Dakshin Dinajpur,2013,Summer,8582.5,20.289598108747043,2492.9905437352245,1900.0,3250.0,500.1235438889812,423,1350.0
Dakshin Dinajpur,2013,Winter,2739.0,21.3984375,2787.109375,2300.0,3500.0,443.6869548760315,128,1200.0
Dakshin Dinajpur,2014,Autumn,3884.0,24.275,2811.96875,2460.0,3200.0,311.227078858476,160,740.0
Dakshin Dinajpur,2014,Summer,9040.0,29.736842105263158,2707.0065789473683,2300.0,3100.0,306.6102114065235,304,800.0
Dakshin Dinajpur,2014,Winter,3128.0,27.43859649122807,2468.8596491228072,2000.0,3300.0,486.6987561545172,114,1300.0
Dakshin Dinajpur,2015,Autumn,1718.0,24.89855072463768,1989.1304347826087,1900.0,2000.0,30.761852351610777,69,100.0
Dakshin Dinajpur,2015,Summer,3483.0,26.18796992481203,1954.5112781954888,1900.0,2000.0,49.79451967858023,133,100.0
Dakshin Dinajpur,2015,Winter,4513.0,29.49673202614379,2208.0718954248364,1820.0,2900.0,449.9496039700791,153,1080.0
Dakshin Dinajpur,2016,Summer,5866.3,18.505678233438488,2391.5615141955836,1800.0,3300.0,446.60552373499763,317,1500.0
Darjeeling,2002,Winter,12.0,12.0,1175.0,1175.0,1175.0,0.0,1,0.0
Darjeeling,2006,Autumn,59.0,2.4583333333333335,2302.0833333333335,2300.0,2350.0,10.206207261596559,24,50.0
Darjeeling,2006,Summer,328.0,2.6885245901639343,2149.1803278688526,2000.0,2300.0,105.03513905477209,122,300.0
Darjeeling,2006,Winter,15.6,0.3183673469387755,2004.0816326530612,1900.0,2150.0,101.97872260401009,49,250.0
Darjeeling,2007,Autumn,7.97,0.15037735849056602,2338.6792452830186,2300.0,2550.0,71.14551004398974,53,250.0
Darjeeling,2007,Summer,7.71,0.07205607476635514,2239.9906542056074,2150.0,2325.0,65.51112469651183,107,175.0
Darjeeling,2007,Winter,7.2700000000000005,0.15145833333333333,2431.25,2300.0,2550.0,78.29635463376417,48,250.0
Darjeeling,2008,Autumn,4.24,0.07438596491228071,2809.6491228070176,2700.0,2900.0,40.02074963069177,57,200.0
Darjeeling,2008,Summer,3.21,0.08447368421052631,2439.4736842105262,2350.0,2700.0,147.57402848522173,38,350.0
Darjeeling,2008,Winter,4.99,0.14257142857142857,2762.8571428571427,2700.0,2900.0,94.20164319072148,35,200.0
Darjeeling,2009,Autumn,4.5200000000000005,0.08071428571428572,3125.0,3000.0,3250.0,102.24747162910874,56,250.0
Darjeeling,2009,Summer,5.78,0.07135802469135803,2862.962962962963,2700.0,3000.0,104.21665467242384,81,300.0
Darjeeling,2009,Winter,4.21,0.07517857142857143,3219.6428571428573,3100.0,3300.0,79.01586229046978,56,200.0
Darjeeling,2010,Autumn,7.15,0.1881578947368421,3761.842105263158,3600.0,4000.0,111.15743068031065,38,400.0
Darjeeling,2010,Winter,6.9,0.16046511627906979,3860.4651162790697,3700.0,4000.0,151.40537652232516,43,300.0
Darjeeling,2011,Winter,76.5,1.2966101694915255,3868.64406779661,3800.0,3900.0,32.02680058297366,59,100.0
Darjeeling,2012,Autumn,96.0,1.3714285714285714,4166.428571428572,4100.0,4250.0,52.9707525066243,70,150.0
Darjeeling,2012,Summer,482.1,3.324827586206897,3901.6206896551726,2085.0,5300.0,201.49345415910034,145,3215.0
Darjeeling,2012,Winter,140.0,1.7721518987341771,4279.113924050633,4200.0,4300.0,29.53441597039092,79,100.0
Darjeeling,2013,Autumn,920.5,20.455555555555556,4213.333333333333,2300.0,5200.0,1302.8988658163203,45,2900.0
Darjeeling,2013,Summer,790.4,7.120720720720721,4280.630630630631,2300.0,4700.0,340.3321353119071,111,2400.0
Darjeeling,2013,Winter,544.7,5.0435185185185185,3822.222222222222,2300.0,5500.0,1501.297465859743,108,3200.0
Darjeeling,2014,Autumn,58.3,0.7571428571428571,6292.207792207792,6000.0,7000.0,454.15225645563544,77,1000.0
Darjeeling,2014,Summer,93.8,0.4761421319796954,5182.741116751269,2600.0,6000.0,1199.5669282247586,197,3400.0
Darjeeling,2014,Winter,2067.67,14.162123287671234,3460.6164383561645,2450.0,7000.0,1616.1492004368731,146,4550.0
Darjeeling,2015,Autumn,280.85,1.7888535031847135,2453.8853503184714,2150.0,2800.0,229.9070316050529,157,650.0
Darjeeling,2015,Summer,354.87,1.7143478260869565,2564.2512077294687,2200.0,2700.0,163.99826747246738,207,500.0
Darjeeling,2015,Winter,7770.4,28.051985559566784,2826.101083032491,2200.0,3700.0,454.2177108784225,277,1500.0
Darjeeling,2016,Autumn,9826.2,42.90917030567686,2961.353711790393,1900.0,4900.0,439.94856332794177,229,3000.0
Darjeeling,2016,Summer,56114.3,152.4845108695652,3127.038043478261,1800.0,8100.0,1007.3347782624103,368,6300.0
Darjeeling,2016,Winter,15443.4,41.62641509433962,2961.3207547169814,2500.0,3700.0,407.8203527064228,371,1200.0
Darjeeling,2017,Autumn,18687.5,140.50751879699249,3145.8646616541355,2600.0,3700.0,496.5809278540682,133,1100.0
Darjeeling,2017,Summer,27501.3,68.41119402985075,3037.5621890547263,1950.0,3700.0,431.8458062344455,402,1750.0
Darjeeling,2017,Winter,33080.3,91.13030303030304,3066.501377410468,2240.0,3700.0,409.2853789312995,363,1460.0
Darjeeling,2018,Autumn,23777.15,79.25716666666668,3403.6666666666665,2700.0,4800.0,683.5280468703661,300,2100.0
Darjeeling,2018,Summer,42699.2,80.56452830188678,3238.3396226415093,2050.0,5600.0,590.53584789751,530,3550.0
Darjeeling,2018,Winter,29083.5,87.8655589123867,3285.045317220544,2700.0,5600.0,621.9433724594118,331,2900.0
Darjeeling,2019,Autumn,29274.4,121.47053941908715,3424.48132780083,2800.0,5400.0,335.69306520227036,241,2600.0
Darjeeling,2019,Summer,45880.5,102.1837416481069,3376.837416481069,2000.0,4800.0,634.4273098267648,449,2800.0
Darjeeling,2019,Winter,22730.5,145.70833333333334,3953.2051282051284,800.0,5400.0,776.3786797852867,156,4600.0
Darjeeling,2020,Autumn,3507.2,167.0095238095238,4200.0,3600.0,5000.0,709.9295739719539,21,1400.0
Darjeeling,2020,Summer,17182.86,133.20046511627908,4339.53488372093,1400.0,5000.0,739.5541947529898,129,3600.0
Darjeeling,2020,Winter,4767.4,153.78709677419354,4035.483870967742,3600.0,4500.0,457.20045720068606,31,900.0
Darjeeling,2021,Autumn,21363.4,140.54868421052632,4701.315789473684,2500.0,9000.0,1659.329907124016,152,6500.0
Darjeeling,2021,Summer,24427.5,155.5891719745223,4311.464968152866,2000.0,9500.0,1314.5130790459452,157,7500.0
Darjeeling,2021,Winter,40681.4,192.80284360189574,3879.620853080569,2500.0,14000.0,1461.575095684442,211,11500.0
Darjeeling,2022,Autumn,36366.5,141.50389105058366,9037.15953307393,2800.0,29000.0,8808.980375707846,257,26200.0
Darjeeling,2022,Summer,76120.6,201.3772486772487,5998.544973544974,2500.0,24000.0,5562.9199867640655,378,21500.0
Darjeeling,2022,Winter,62776.6,162.21343669250646,3834.3669250645994,2700.0,5000.0,834.6028808026887,387,2300.0
Darjeeling,2023,Autumn,25803.4,118.90967741935485,5169.124423963133,4400.0,7000.0,1144.8821984535768,217,2600.0
Darjeeling,2023,Summer,41371.8,108.02036553524805,4621.9321148825065,2900.0,7000.0,1036.046364154604,383,4100.0
Darjeeling,2023,Winter,23427.4,100.98017241379311,4903.879310344828,4200.0,6000.0,772.0958955667596,232,1800.0
Hooghly,2002,Autumn,1199.0,79.93333333333334,1167.3333333333333,1100.0,1200.0,32.61609301877712,15,100.0
Hooghly,2002,Summer,2392.0,64.64864864864865,1198.1081081081081,1150.0,1230.0,22.340525936044987,37,80.0
Hooghly,2002,Winter,5203.0,78.83333333333333,1133.3333333333333,1020.0,1230.0,57.62834060621257,66,210.0
Hooghly,2003,Autumn,5762.0,39.465753424657535,1167.0205479452054,240.0,1250.0,86.08652176759442,146,1010.0
Hooghly,2003,Summer,6463.0,53.413223140495866,1155.495867768595,1080.0,1350.0,74.03379002938932,121,270.0
Hooghly,2003,Winter,3002.0,20.993006993006993,1162.6573426573427,340.0,1250.0,82.8302272592462,143,910.0
Hooghly,2004,Autumn,3151.5,27.88938053097345,1227.8761061946902,1150.0,1270.0,32.989482291266235,113,120.0
Hooghly,2004,Summer,4266.0,26.6625,1240.59375,530.0,1400.0,89.89052019578682,160,870.0
Hooghly,2004,Winter,3554.5,41.81764705882353,1208.1176470588234,1180.0,1250.0,24.808510331617175,85,70.0
Hooghly,2005,Autumn,5180.5,36.482394366197184,1192.605633802817,1140.0,1250.0,25.838548843405,142,110.0
Hooghly,2005,Summer,12344.2,53.90480349344978,1211.6157205240174,1150.0,1325.0,44.912301649998895,229,175.0
Hooghly,2005,Winter,9567.0,43.486363636363635,1186.75,420.0,1225.0,57.44368892454829,220,805.0
Hooghly,2006,Autumn,5538.0,39.84172661870504,1256.978417266187,1200.0,1350.0,55.15662384517887,139,150.0
Hooghly,2006,Summer,13546.5,49.43978102189781,1207.5182481751824,1170.0,1260.0,21.313326993751886,274,90.0
Hooghly,2006,Winter,8932.5,43.573170731707314,1306.8536585365853,680.0,1400.0,63.660620147999836,205,720.0
Hooghly,2007,Autumn,8678.0,58.241610738255034,1422.6174496644296,730.0,1550.0,114.78031880659573,149,820.0
Hooghly,2007,Summer,13579.5,46.18877551020408,1424.438775510204,1280.0,1500.0,28.73216306510786,294,220.0
Hooghly,2007,Winter,11299.5,55.38970588235294,1498.8970588235295,1440.0,1580.0,42.77198327039831,204,140.0
Hooghly,2008,Autumn,5789.5,42.56985294117647,1612.5735294117646,1550.0,1650.0,22.135820594161675,136,100.0
Hooghly,2008,Summer,10290.0,40.67193675889328,1561.304347826087,1420.0,1625.0,60.69274574266117,253,205.0
Hooghly,2008,Winter,5276.5,32.57098765432099,1537.7469135802469,1500.0,1650.0,39.132885842856055,162,150.0
Hooghly,2009,Autumn,7046.0,41.69230769230769,1644.7337278106509,1550.0,1725.0,46.14695842989258,169,175.0
Hooghly,2009,Summer,12663.5,45.388888888888886,1565.3763440860216,1475.0,1650.0,43.12169010845047,279,175.0
Hooghly,2009,Winter,22179.4,59.94432432432433,1790.7972972972973,1490.0,2100.0,175.91641428963868,370,610.0
Hooghly,2010,Autumn,24618.4,64.44607329842933,2088.062827225131,1800.0,2400.0,194.25992877300772,382,600.0
Hooghly,2010,Summer,31383.2,65.1103734439834,1944.4917012448134,960.0,2300.0,207.5573235290201,482,1340.0
Hooghly,2010,Winter,28690.6,62.64323144104803,2074.8689956331878,1600.0,2300.0,225.24696944091198,458,700.0
Hooghly,2011,Autumn,27077.0,66.52825552825553,1846.8058968058967,1520.0,2150.0,171.31516534292032,407,630.0
Hooghly,2011,Summer,40673.5,64.87001594896331,1992.2647527910685,1580.0,2300.0,231.65808798764317,627,720.0
Hooghly,2011,Winter,17337.0,53.6749226006192,1930.6811145510835,1500.0,2250.0,192.12646387339046,323,750.0
Hooghly,2012,Autumn,25676.5,58.35568181818182,2045.9772727272727,1650.0,2375.0,250.34590999881968,440,725.0
Hooghly,2012,Summer,38215.0,65.54888507718697,1984.9228130360207,1520.0,2300.0,259.28752342743314,583,780.0
Hooghly,2012,Winter,19815.0,44.13140311804009,2219.632516703786,1650.0,2675.0,254.811355139761,449,1025.0
Hooghly,2013,Autumn,24394.5,56.86363636363637,2533.6247086247085,2150.0,2800.0,185.34565194918554,429,650.0
Hooghly,2013,Summer,40862.5,58.79496402877698,2400.136690647482,1800.0,2725.0,274.635498581759,695,925.0
Hooghly,2013,Winter,32212.5,59.87453531598513,2574.674721189591,2050.0,2950.0,243.63142659093438,538,900.0
Hooghly,2014,Autumn,24247.7,56.6535046728972,2616.191588785047,2300.0,2920.0,234.85005575444933,428,620.0
Hooghly,2014,Summer,38154.5,54.662607449856736,2608.997134670487,2150.0,3000.0,250.20306815582808,698,850.0
Hooghly,2014,Winter,21622.0,49.591743119266056,2612.993119266055,550.0,2925.0,284.91304977055324,436,2375.0
Hooghly,2015,Autumn,23651.5,55.650588235294116,2230.8,1650.0,2650.0,329.9168277119966,425,1000.0
Hooghly,2015,Summer,36099.0,55.112977099236645,2365.1908396946565,1750.0,3000.0,394.75314770421096,655,1250.0
Hooghly,2015,Winter,19642.0,45.67906976744186,2304.5581395348836,1800.0,2700.0,252.57815632026393,430,900.0
Hooghly,2016,Autumn,20489.0,49.490338164251206,2551.557971014493,2150.0,2875.0,241.83779862606158,414,725.0
Hooghly,2016,Summer,29606.4,46.47786499215071,2414.8665620094193,1750.0,2850.0,297.508293996142,637,1100.0
Hooghly,2016,Winter,17628.8,41.67565011820331,2676.997635933806,1900.0,3100.0,298.24143738035656,423,1200.0
Hooghly,2017,Autumn,18894.9,44.66879432624114,2844.917257683215,2400.0,3400.0,306.37605096789076,423,1000.0
Hooghly,2017,Summer,29392.0,46.21383647798742,2715.4088050314467,2100.0,3250.0,336.7169977180693,636,1150.0
Hooghly,2017,Winter,16316.1,36.99795918367347,3046.8253968253966,2400.0,3500.0,316.98349381874,441,1100.0
Hooghly,2018,Autumn,20617.4,46.33123595505619,2857.9775280898875,2350.0,3400.0,367.8497899446787,445,1050.0
Hooghly,2018,Summer,29939.8,44.2896449704142,3042.3076923076924,2400.0,3600.0,425.31905235516524,676,1200.0
Hooghly,2018,Winter,16488.7,36.31872246696035,2896.751101321586,2250.0,3200.0,302.08375983631134,454,950.0
Hooghly,2019,Autumn,19442.4,42.543544857768055,2880.8533916849015,2300.0,3200.0,284.71656873371046,457,900.0
Hooghly,2019,Summer,27388.9,39.40848920863309,2880.9352517985612,900.0,3250.0,275.86618129140817,695,2350.0
Hooghly,2019,Winter,17299.4,36.49662447257384,3081.6455696202534,2350.0,3400.0,279.3276299499931,474,1050.0
Hooghly,2020,Autumn,17325.0,41.84782608695652,3030.5555555555557,2350.0,3300.0,327.1269467332042,414,950.0
Hooghly,2020,Summer,21196.1,30.0228045325779,3223.087818696884,2300.0,3800.0,407.5156848658575,706,1500.0
Hooghly,2020,Winter,17412.5,36.5041928721174,3003.249475890985,2300.0,3300.0,252.5186710476395,477,1000.0
Hooghly,2021,Autumn,16517.2,36.62350332594235,2852.1064301552105,2350.0,3400.0,253.18196746105326,451,1050.0
Hooghly,2021,Summer,25347.4,36.47107913669065,2900.5035971223024,2350.0,3100.0,257.68399805668435,695,750.0
Hooghly,2021,Winter,5492.0,11.562105263157894,3288.315789473684,2400.0,3700.0,363.2008796376676,475,1300.0
Hooghly,2022,Autumn,4020.9,8.876158940397351,3753.421633554084,2850.0,4150.0,424.4131723431634,453,1300.0
Hooghly,2022,Summer,5963.9,8.605916305916306,3366.6666666666665,2350.0,4000.0,438.27862175677404,693,1650.0
Hooghly,2022,Winter,3939.0,8.275210084033613,3665.861344537815,2650.0,4100.0,365.7083878511881,476,1450.0
Hooghly,2023,Autumn,3495.1,7.732522123893805,3757.853982300885,3250.0,4100.0,211.39709674407263,452,850.0
Hooghly,2023,Summer,6027.9,8.599001426533523,3540.4422253922967,2700.0,4100.0,364.12745592350797,701,1400.0
Hooghly,2023,Winter,3863.65,8.472916666666666,3780.372807017544,3150.0,4100.0,284.36100188103234,456,950.0
Howrah,2007,Autumn,812.5,26.20967741935484,1571.774193548387,1520.0,1685.0,50.671300014517996,31,165.0
Howrah,2007,Summer,95.3,7.941666666666666,1427.0833333333333,1400.0,1500.0,32.78430426378763,12,100.0
Howrah,2007,Winter,1723.5,40.08139534883721,1537.6744186046512,1515.0,1570.0,12.971986172100578,43,55.0
Howrah,2008,Autumn,1574.5,28.116071428571427,1730.0,1670.0,1780.0,35.38104268981049,56,110.0
Howrah,2008,Summer,3164.0,35.95454545454545,1693.1363636363637,1540.0,1790.0,85.70534684941707,88,250.0
Howrah,2008,Winter,2125.4,27.602597402597404,1602.5974025974026,1570.0,1680.0,24.796678332442454,77,110.0
Howrah,2009,Autumn,1212.1,20.201666666666664,1680.5666666666666,1630.0,1740.0,31.573624836415856,60,110.0
Howrah,2009,Summer,2944.5,26.527027027027028,1612.4324324324325,1580.0,1640.0,13.447961401181313,111,60.0
Howrah,2009,Winter,11835.7,149.81898734177216,1822.6582278481012,1700.0,1940.0,94.82384289531107,79,240.0
Howrah,2010,Autumn,10658.0,171.90322580645162,2081.048387096774,1900.0,2230.0,87.38522728800073,62,330.0
Howrah,2010,Summer,23139.0,201.2086956521739,1967.391304347826,1900.0,2200.0,105.14056553116701,115,300.0
Howrah,2010,Winter,2096.8,19.236697247706424,1959.8165137614678,1810.0,2280.0,138.86265297565518,109,470.0
Howrah,2011,Autumn,222.0,22.2,1997.0,1980.0,2020.0,11.595018087284066,10,40.0
Howrah,2011,Summer,3777.6,26.416783216783216,1922.3776223776224,1690.0,2100.0,92.00396533063467,143,410.0
Howrah,2011,Winter,2388.0,54.27272727272727,1831.3636363636363,1750.0,1930.0,70.00302017042533,44,180.0
Howrah,2012,Summer,15205.0,54.891696750902526,1878.5920577617328,1700.0,2060.0,112.06479269948814,277,360.0
Howrah,2014,Autumn,952.8,15.879999999999999,2833.3333333333335,2400.0,3200.0,288.57726202560025,60,800.0
Howrah,2014,Winter,4625.2,20.197379912663756,2528.0349344978167,2000.0,3100.0,342.54219691735204,229,1100.0
Howrah,2015,Autumn,5473.4,17.71326860841424,2357.928802588997,2100.0,2600.0,144.29715949784293,309,500.0
Howrah,2015,Summer,7612.7,16.094503171247357,2298.414376321353,1900.0,2600.0,191.89791812138986,473,700.0
Howrah,2015,Winter,4309.2,18.415384615384614,2306.837606837607,1900.0,2600.0,194.44054034555296,234,700.0
Howrah,2016,Autumn,4136.8,12.385628742514971,2325.5988023952095,2100.0,2500.0,91.4289339789729,334,400.0
Howrah,2016,Summer,8099.8,15.758365758754865,2188.52140077821,1900.0,2600.0,170.4384682838303,514,700.0
Howrah,2016,Winter,2622.8,11.403478260869566,2401.521739130435,2200.0,2500.0,87.59193277304902,230,300.0
Howrah,2017,Autumn,2969.8,8.633139534883721,2715.436046511628,2500.0,2900.0,105.52568108007911,344,400.0
Howrah,2017,Summer,5127.0,9.673584905660377,2521.754716981132,2200.0,2800.0,145.47145253700995,530,600.0
Howrah,2017,Winter,1888.8,8.357522123893805,2823.1858407079644,2730.0,2900.0,57.065506011960785,226,170.0
Howrah,2018,Autumn,3206.4,8.906666666666666,2900.8333333333335,2800.0,3000.0,70.60719541639106,360,200.0
Howrah,2018,Summer,4313.4,8.375533980582524,2900.776699029126,2800.0,3000.0,70.84384813006831,515,200.0
Howrah,2018,Winter,1964.3,8.730222222222222,2901.3333333333335,2800.0,3000.0,72.25945316308822,225,200.0
Howrah,2019,Autumn,2814.2,7.647282608695652,2900.0,2800.0,3000.0,70.80694865761248,368,200.0
Howrah,2019,Summer,3750.8,7.562096774193549,2900.0,2800.0,3000.0,70.7820670092435,496,200.0
Howrah,2019,Winter,2308.7,6.596285714285714,2961.4285714285716,2800.0,3200.0,129.01750968754635,350,400.0
Howrah,2020,Autumn,862.1,5.825,2947.027027027027,2520.0,3400.0,373.6043588499004,148,880.0
Howrah,2020,Summer,1300.1,5.439748953974895,3154.3933054393306,2700.0,3500.0,308.3766592798619,239,800.0
Howrah,2020,Winter,1329.5,5.988738738738738,2736.036036036036,2520.0,3100.0,216.6769987157176,222,580.0
Howrah,2021,Autumn,1095.4,4.701287553648069,2616.9098712446353,2400.0,2800.0,149.65729683836386,233,400.0
Howrah,2021,Summer,1575.0,5.048076923076923,2666.4102564102564,2400.0,2800.0,124.6265093782443,312,400.0
Howrah,2021,Winter,512.1,4.376923076923077,2693.846153846154,2440.0,2800.0,111.61700335372653,117,360.0
Howrah,2022,Autumn,1251.8,3.439010989010989,3060.4395604395604,2800.0,3300.0,173.04858209183206,364,500.0
Howrah,2022,Summer,1683.8,3.3676,2721.06,2380.0,3200.0,228.89005595575978,500,820.0
Howrah,2022,Winter,793.0,3.360169491525424,3047.4576271186443,2750.0,3200.0,151.35521944161027,236,450.0
Howrah,2023,Autumn,1076.6,3.2041666666666666,3356.5476190476193,3000.0,3700.0,192.28085209886706,336,700.0
Howrah,2023,Summer,1875.4,3.397463768115942,3075.0,2800.0,3300.0,162.41708760111266,552,500.0
Howrah,2023,Winter,998.8000000000001,2.9376470588235297,3504.1176470588234,3200.0,3800.0,146.28371123074004,340,600.0
Jalpaiguri,2002,Winter,233.5,11.675,1639.25,1620.0,1670.0,13.106346393616855,20,50.0
Jalpaiguri,2003,Autumn,6744.25,37.677374301675975,1281.3798882681565,950.0,1790.0,350.87281353595813,179,840.0
Jalpaiguri,2003,Summer,548.0,5.649484536082475,1666.5979381443299,1000.0,1760.0,153.71365829263337,97,760.0
Jalpaiguri,2003,Winter,18917.6,67.80501792114694,1223.6917562724013,840.0,1770.0,336.30475800312047,279,930.0
Jalpaiguri,2004,Autumn,19742.1,86.58815789473684,1280.4605263157894,900.0,1730.0,305.8221867175574,228,830.0
Jalpaiguri,2004,Summer,35740.5,64.74728260869566,1234.7916666666667,900.0,1685.0,309.8020591685824,552,785.0
Jalpaiguri,2004,Winter,2931.9,25.71842105263158,1340.1315789473683,1050.0,1765.0,299.54424121533765,114,715.0
Jalpaiguri,2005,Autumn,7572.5,37.8625,1372.575,1050.0,1780.0,283.345935156743,200,730.0
Jalpaiguri,2005,Summer,6885.0,26.379310344827587,1328.697318007663,1020.0,1750.0,294.2742512594633,261,730.0
Jalpaiguri,2005,Winter,3116.5,27.1,1370.2608695652175,1000.0,1820.0,297.1574716022831,115,820.0
Jalpaiguri,2006,Autumn,22023.0,47.05769230769231,1412.3076923076924,1075.0,1875.0,304.61917704605145,468,800.0
Jalpaiguri,2006,Summer,19493.4,59.250455927051675,1383.8449848024316,1075.0,1875.0,301.879584973639,329,800.0
Jalpaiguri,2006,Winter,17173.5,50.21491228070175,1456.6959064327486,1100.0,1875.0,299.8267651062903,342,775.0
Jalpaiguri,2007,Autumn,13126.8,34.36335078534031,1568.023560209424,1190.0,2000.0,295.1339070074919,382,810.0
Jalpaiguri,2007,Summer,18593.5,57.92367601246106,1496.3239875389409,1100.0,1950.0,304.20163083726186,321,850.0
Jalpaiguri,2007,Winter,18673.5,41.681919642857146,1586.3839285714287,1120.0,2100.0,281.44657471134127,448,980.0
Jalpaiguri,2008,Autumn,12170.5,33.620165745856355,1834.2265193370165,1375.0,2390.0,329.6190339613659,362,1015.0
Jalpaiguri,2008,Summer,23225.8,38.77429048414023,1695.1502504173623,1280.0,2200.0,280.6927838857326,599,920.0
Jalpaiguri,2008,Winter,5651.0,26.406542056074766,1840.7943925233644,1300.0,2450.0,333.0807607890992,214,1150.0
Jalpaiguri,2009,Autumn,7191.5,28.091796875,1806.07421875,1350.0,2500.0,383.69759124706366,256,1150.0
Jalpaiguri,2009,Summer,14641.5,31.554956896551722,1791.875,1290.0,2500.0,386.3669423577388,464,1210.0
Jalpaiguri,2009,Winter,6264.7,30.860591133004924,1873.3004926108374,1400.0,2750.0,399.0402388575352,203,1350.0
Jalpaiguri,2010,Autumn,16736.4,41.02058823529412,2266.4460784313724,1350.0,3250.0,439.8712588451853,408,1900.0
Jalpaiguri,2010,Summer,19430.5,29.98533950617284,2066.4043209876545,950.0,3200.0,465.7835167697951,648,2250.0
Jalpaiguri,2010,Winter,15195.0,49.495114006514655,2255.7980456026057,1600.0,4550.0,471.2434166902975,307,2950.0
Jalpaiguri,2011,Autumn,50418.0,71.21186440677967,2352.005649717514,1700.0,3100.0,504.787268730522,708,1400.0
Jalpaiguri,2011,Summer,36768.9,40.99096989966555,2294.933110367893,1700.0,3200.0,475.9813007312195,897,1500.0
Jalpaiguri,2011,Winter,47611.0,123.34455958549223,2271.1528497409327,1600.0,3100.0,502.3427245814454,386,1500.0
Jalpaiguri,2012,Autumn,19302.4,32.71593220338983,2438.6525423728813,1150.0,3500.0,549.0297102174933,590,2350.0
Jalpaiguri,2012,Summer,78316.8,78.47374749498998,2310.701402805611,1600.0,3400.0,516.5967242875913,998,1800.0
Jalpaiguri,2012,Winter,52493.8,70.65114401076717,2523.5666218034994,1800.0,3450.0,522.2081439645867,743,1650.0
Jalpaiguri,2013,Autumn,16461.6,35.174358974358974,2895.2136752136753,2160.0,3750.0,561.4264270997513,468,1590.0
Jalpaiguri,2013,Summer,106633.1,106.31415752741775,2699.628115653041,1750.0,3650.0,570.152952731214,1003,1900.0
Jalpaiguri,2013,Winter,16958.7,37.686,2950.8444444444444,2180.0,3900.0,577.9416457606075,450,1720.0
Jalpaiguri,2014,Autumn,30141.0,281.69158878504675,3193.9719626168226,2500.0,4000.0,553.7124868326645,107,1500.0
Jalpaiguri,2014,Summer,91344.3,287.2462264150943,3062.2327044025155,2250.0,3950.0,569.155289692622,318,1700.0
Jalpaiguri,2014,Winter,12408.5,47.00189393939394,2933.3522727272725,2150.0,4000.0,600.8917904857266,264,1850.0
Jalpaiguri,2015,Autumn,15291.0,38.908396946564885,2854.41475826972,1960.0,3800.0,681.120148445465,393,1840.0
Jalpaiguri,2015,Summer,22661.4,37.14983606557377,2750.5,2000.0,3650.0,604.2592698410458,610,1650.0
Jalpaiguri,2015,Winter,8301.1,20.64950248756219,2590.9825870646764,1875.0,3775.0,610.5653054463023,402,1900.0
Jalpaiguri,2016,Autumn,4554.7,20.424663677130045,2683.542600896861,2120.0,3950.0,654.3658003398909,223,1830.0
Jalpaiguri,2016,Summer,8050.1,17.127872340425533,2658.2340425531916,2000.0,3900.0,602.0415414254728,470,1900.0
Jalpaiguri,2016,Winter,4420.1,19.557964601769914,2594.6017699115046,2000.0,3950.0,638.2525245954051,226,1950.0
Jalpaiguri,2017,Autumn,3964.9,19.62821782178218,2881.7574257425745,2250.0,3950.0,619.7668519816386,202,1700.0
Jalpaiguri,2017,Summer,9392.0,20.068376068376068,2779.594017094017,2060.0,4000.0,665.6934734272968,468,1940.0
Jalpaiguri,2017,Winter,7097.9,20.164488636363636,3005.6107954545455,2400.0,3950.0,494.902199550167,352,1550.0
Jalpaiguri,2018,Autumn,9356.0,20.562637362637364,3291.868131868132,2550.0,5300.0,776.7263167414565,455,2750.0
Jalpaiguri,2018,Summer,14040.2,20.831157270029674,3202.5,2400.0,5300.0,789.291642191831,674,2900.0
Jalpaiguri,2018,Winter,8539.0,20.428229665071772,3053.1100478468898,2550.0,5400.0,565.2315519191139,418,2850.0
Jalpaiguri,2019,Autumn,2640.0,20.0,2950.0,2600.0,3300.0,351.33333816166214,132,700.0
Jalpaiguri,2019,Summer,7440.0,20.0,2926.0752688172042,2600.0,3300.0,328.03453688919825,372,700.0
Jalpaiguri,2019,Winter,7120.0,20.0,2935.252808988764,2350.0,3300.0,369.697543859503,356,950.0
Jalpaiguri,2020,Autumn,1860.0,20.0,2862.3655913978496,2350.0,3200.0,297.87799460978067,93,850.0
Jalpaiguri,2020,Summer,3900.0,20.0,2904.102564102564,2350.0,3300.0,348.4998628046144,195,950.0
Jalpaiguri,2020,Winter,3040.0,20.0,2684.8684210526317,2250.0,3250.0,404.20142320301727,152,1000.0
Jalpaiguri,2021,Autumn,4040.0,20.0,2572.029702970297,2250.0,3350.0,271.62188217177606,202,1100.0
Jalpaiguri,2021,Summer,7460.0,20.0,2650.024128686327,2300.0,3150.0,382.7032483504178,373,850.0
Jalpaiguri,2021,Winter,4710.0,20.04255319148936,2546.1702127659573,2250.0,2900.0,207.30828020258318,235,650.0
Jalpaiguri,2022,Autumn,3362.0,20.375757575757575,3060.0,2600.0,3400.0,201.07940428912215,165,800.0
Jalpaiguri,2022,Summer,7400.0,20.05420054200542,2663.1436314363145,2350.0,3250.0,258.88427721254857,369,900.0
Jalpaiguri,2022,Winter,3804.0,20.78688524590164,2942.896174863388,2500.0,3400.0,269.0108563040975,183,900.0
Jalpaiguri,2023,Autumn,1576.0,22.514285714285716,3593.1428571428573,3350.0,3800.0,116.84925079780506,70,450.0
Jalpaiguri,2023,Summer,4478.0,20.447488584474886,3118.9497716894975,2600.0,4000.0,260.4147930475935,219,1400.0
Jalpaiguri,2023,Winter,918.0,22.95,3465.5,3150.0,3750.0,163.20429230152322,40,600.0
Maldah,2001,Summer,1000.0,1000.0,2100.0,2100.0,2100.0,0.0,1,0.0
Maldah,2002,Winter,0.2,0.1,1050.0,950.0,1150.0,141.4213562373095,2,200.0
Maldah,2003,Autumn,1.0,1.0,1200.0,1200.0,1200.0,0.0,1,0.0
Maldah,2003,Winter,623.1,22.25357142857143,983.9285714285714,800.0,1150.0,169.99649856338075,28,350.0
Maldah,2004,Autumn,437.0,27.3125,1035.9375,850.0,1200.0,169.55057013567753,16,350.0
Maldah,2004,Summer,1896.0,27.085714285714285,994.4285714285714,750.0,1200.0,171.52880954864696,70,450.0
Maldah,2004,Winter,1648.5,36.63333333333333,1035.0,800.0,1200.0,172.82742311860744,45,400.0
Maldah,2005,Summer,360.0,60.0,1054.1666666666667,850.0,1250.0,197.74773492170945,6,400.0
Maldah,2005,Winter,11965.0,123.35051546391753,1053.2474226804125,780.0,1250.0,169.8560070893282,97,470.0
Maldah,2006,Autumn,9750.0,171.05263157894737,1171.842105263158,620.0,1350.0,139.21537649495303,57,730.0
Maldah,2006,Summer,14370.0,243.5593220338983,1079.0677966101696,850.0,1250.0,168.13498932321167,59,400.0
Maldah,2006,Winter,6880.0,229.33333333333334,1184.1666666666667,950.0,1350.0,147.9053945842628,30,400.0
Maldah,2007,Autumn,8114.0,75.83177570093459,1388.3177570093458,1150.0,1600.0,173.33839726019423,107,450.0
Maldah,2007,Summer,6222.0,115.22222222222223,1311.2962962962963,1050.0,1520.0,156.5192892603084,54,470.0
Maldah,2007,Winter,3958.0,29.31851851851852,1413.5555555555557,1100.0,1700.0,212.7747272988841,135,600.0
Maldah,2008,Autumn,5268.7,24.057990867579907,1340.6164383561643,1100.0,1625.0,140.16441493752765,219,525.0
Maldah,2008,Summer,3656.0,31.517241379310345,1356.1637931034484,1240.0,1500.0,76.01875557650428,116,260.0
Maldah,2008,Winter,6405.3,18.196875000000002,1384.6164772727273,710.0,1800.0,237.67555050125304,352,1090.0
Maldah,2009,Autumn,3297.4,21.551633986928106,1544.0196078431372,760.0,1850.0,251.6295959547911,153,1090.0
Maldah,2009,Summer,10574.5,25.98157248157248,1392.862407862408,715.0,1800.0,222.74535536581945,407,1085.0
Maldah,2009,Winter,1451.2,12.72982456140351,1692.5438596491229,1300.0,2150.0,275.8921534951519,114,850.0
Maldah,2010,Autumn,107563.0,285.3129973474801,2142.0159151193634,1800.0,2600.0,246.95845494625104,377,800.0
Maldah,2010,Summer,90972.0,161.01238938053098,2031.9203539823009,1500.0,2600.0,364.4660950286136,565,1100.0
Maldah,2010,Winter,77520.4,285.0014705882353,2088.143382352941,1500.0,2650.0,311.1055599029687,272,1150.0
Maldah,2011,Autumn,35538.8,96.83596730245232,1930.149863760218,875.0,2900.0,264.27556799701574,367,2025.0
Maldah,2011,Summer,64462.0,105.84893267651888,2035.8045977011495,970.0,2700.0,392.1147240552579,609,1730.0
Maldah,2011,Winter,27049.0,108.196,1861.74,1400.0,3300.0,325.39514501849334,250,1900.0
Maldah,2012,Autumn,64078.0,164.72493573264782,2061.401028277635,1080.0,2530.0,302.46266464490213,389,1450.0
Maldah,2012,Summer,80691.0,130.56796116504853,1916.4077669902913,950.0,2700.0,346.19575327119776,618,1750.0
Maldah,2012,Winter,81986.5,187.1837899543379,2113.013698630137,1690.0,2800.0,309.6813964668188,438,1110.0
Maldah,2013,Autumn,1794.0,10.552941176470588,2596.323529411765,1275.0,3000.0,328.8254802847725,170,1725.0
Maldah,2013,Summer,17294.0,52.406060606060606,2367.8939393939395,1180.0,3300.0,361.82314983493035,330,2120.0
Maldah,2013,Winter,2282.0,21.528301886792452,2622.9716981132074,1200.0,3100.0,428.5667022051456,106,1900.0
Maldah,2014,Autumn,36918.0,98.18617021276596,2714.148936170213,1350.0,3250.0,359.29737974580127,376,1900.0
Maldah,2014,Summer,24009.0,58.416058394160586,2798.491484184915,1400.0,3350.0,460.70734248013594,411,1950.0
Maldah,2014,Winter,20846.0,104.7537688442211,2580.527638190955,2000.0,3150.0,398.8235198553978,199,1150.0
Maldah,2015,Autumn,471398.5,834.333628318584,2323.380530973451,1800.0,2900.0,362.65090570343114,565,1100.0
Maldah,2015,Summer,365784.0,738.9575757575758,2369.4949494949497,1800.0,3500.0,402.8963302261062,495,1700.0
Maldah,2015,Winter,246584.8,420.79317406143343,2367.286689419795,1750.0,2950.0,438.3313070757055,586,1200.0
Maldah,2016,Autumn,40218.5,128.49361022364218,2660.8626198083066,2100.0,3200.0,424.53997385349334,313,1100.0
Maldah,2016,Summer,74590.9,121.88055555555555,2517.65522875817,1800.0,3200.0,514.4349390060522,612,1400.0
Maldah,2016,Winter,35149.8,140.0390438247012,2751.593625498008,2200.0,3500.0,471.8447310283365,251,1300.0
Maldah,2017,Autumn,21247.4,65.5783950617284,3191.820987654321,2400.0,3700.0,417.36986298760394,324,1300.0
Maldah,2017,Summer,34869.1,69.73819999999999,2999.1,1550.0,3700.0,578.7089060970039,500,2150.0
Maldah,2017,Winter,21904.1,66.3760606060606,3324.3636363636365,2500.0,3600.0,337.00142218110346,330,1100.0
Maldah,2018,Autumn,18938.1,54.57665706051873,3341.3544668587897,2600.0,3800.0,399.5266831162804,347,1200.0
Maldah,2018,Summer,29592.9,60.39367346938776,3390.5102040816328,2700.0,3900.0,372.43566976932055,490,1200.0
Maldah,2018,Winter,17091.82,54.78147435897436,3367.4679487179487,2600.0,3900.0,459.91156594186367,312,1300.0
Maldah,2019,Autumn,8509.6,24.95483870967742,2812.023460410557,2350.0,3450.0,350.06597618632475,341,1100.0
Maldah,2019,Summer,15955.6,32.23353535353535,2741.717171717172,2200.0,3350.0,325.03827368543176,495,1150.0
Maldah,2019,Winter,8348.4,25.221752265861028,2764.3504531722056,2300.0,3500.0,291.1020613869529,331,1200.0
Maldah,2020,Autumn,4843.9,15.090031152647974,2842.834890965732,2400.0,3500.0,343.4818056008442,321,1100.0
Maldah,2020,Summer,8907.9,15.822202486678508,2848.7566607460035,1200.0,3450.0,331.67355660943804,563,2250.0
Maldah,2020,Winter,6616.2,16.29605911330049,2707.7586206896553,2100.0,3350.0,333.9551989795935,406,1250.0
Maldah,2021,Autumn,3496.9,14.944017094017095,2750.641025641026,2300.0,3200.0,229.54894983370954,234,900.0
Maldah,2021,Summer,4995.1,10.010220440881763,2731.9639278557115,2200.0,3250.0,308.22941486847645,499,1050.0
Maldah,2021,Winter,4840.6,11.86421568627451,2791.7892156862745,2300.0,3200.0,291.29463571685955,408,900.0
Maldah,2022,Autumn,2859.2,14.738144329896906,3076.546391752577,2700.0,3300.0,191.270446873051,194,600.0
Maldah,2022,Summer,5463.6,13.165301204819277,2862.289156626506,2400.0,3400.0,235.688554941572,415,1000.0
Maldah,2022,Winter,2929.4,13.753051643192489,3277.4647887323945,2700.0,3800.0,214.63913315314485,213,1100.0
Maldah,2023,Autumn,2479.8,11.922115384615385,3585.3365384615386,2800.0,3900.0,311.55505590728234,208,1100.0
Maldah,2023,Summer,5607.7,11.731589958158995,3364.7489539748954,2800.0,3700.0,305.4141768866472,478,900.0
Maldah,2023,Winter,2338.8,11.63582089552239,3864.427860696517,3800.0,4000.0,55.81931583153404,201,200.0
Murshidabad,2002,Autumn,1340.0,89.33333333333333,933.0,910.0,960.0,14.491376746189452,15,50.0
Murshidabad,2002,Summer,886.0,126.57142857142857,880.7142857142857,840.0,950.0,35.8734548364771,7,110.0
Murshidabad,2002,Winter,3310.5,44.14,879.3333333333334,635.0,1010.0,96.50421267003355,75,375.0
Murshidabad,2003,Autumn,1370.0,105.38461538461539,1038.8461538461538,1000.0,1080.0,24.677405839641253,13,80.0
Murshidabad,2003,Summer,5909.5,96.87704918032787,952.3770491803278,785.0,1060.0,82.76778035250712,61,275.0
Murshidabad,2003,Winter,1405.0,117.08333333333333,1033.75,940.0,1080.0,44.930501889028584,12,140.0
Murshidabad,2004,Autumn,770.0,32.083333333333336,1120.2083333333333,1075.0,1150.0,30.197868002295316,24,75.0
Murshidabad,2004,Summer,1267.5,40.88709677419355,1034.1935483870968,800.0,1125.0,70.97061333389502,31,325.0
Murshidabad,2004,Winter,1348.0,36.432432432432435,1131.081081081081,400.0,1225.0,129.28830366845048,37,825.0
Murshidabad,2005,Autumn,3708.0,50.794520547945204,1092.054794520548,950.0,1175.0,44.665699744185744,73,225.0
Murshidabad,2005,Summer,3027.0,37.8375,1038.125,910.0,1150.0,65.17928050841742,80,240.0
Murshidabad,2005,Winter,7602.0,41.09189189189189,1045.5135135135135,800.0,1150.0,69.2222404028682,185,350.0
Murshidabad,2006,Autumn,3386.0,35.642105263157895,1149.7894736842106,1090.0,1240.0,40.370068630228964,95,150.0
Murshidabad,2006,Summer,3650.5,33.800925925925924,1113.8425925925926,1050.0,1500.0,42.21997623419091,108,450.0
Murshidabad,2006,Winter,3326.0,57.3448275862069,1219.5689655172414,1075.0,1340.0,92.25386638005449,58,265.0
Murshidabad,2007,Autumn,1378.0,23.75862068965517,1270.0,1150.0,1350.0,51.26470691848913,58,200.0
Murshidabad,2007,Summer,2323.0,30.56578947368421,1202.0,1080.0,1360.0,87.07238368162402,76,280.0
Murshidabad,2007,Winter,1607.0,22.319444444444443,1261.9444444444443,1130.0,1410.0,79.71584904157638,72,280.0
Murshidabad,2008,Autumn,1532.0,22.529411764705884,1250.514705882353,1130.0,1355.0,56.83269309464239,68,225.0
Murshidabad,2008,Summer,1271.0,21.183333333333334,1300.0833333333333,1255.0,1430.0,34.87862327532328,60,175.0
Murshidabad,2008,Winter,2634.5,23.109649122807017,1318.1842105263158,1100.0,1500.0,77.87948095484454,114,400.0
Murshidabad,2009,Autumn,3161.0,23.58955223880597,1486.0746268656717,1244.0,1650.0,99.50166257466695,134,406.0
Murshidabad,2009,Summer,5923.0,23.503968253968253,1345.3333333333333,250.0,1550.0,120.1271238997021,252,1300.0
Murshidabad,2009,Winter,3633.5,24.385906040268456,1711.456375838926,300.0,2400.0,216.83972419618922,149,2100.0
Murshidabad,2010,Autumn,9628.0,181.66037735849056,2055.509433962264,1080.0,2250.0,164.48727126829237,53,1170.0
Murshidabad,2010,Summer,3619.7,26.81259259259259,1974.585185185185,1675.0,2150.0,139.72197260856913,135,475.0
Murshidabad,2010,Winter,3036.0,39.94736842105263,2111.7105263157896,1950.0,2400.0,90.47118374222424,76,450.0
Murshidabad,2011,Autumn,6836.0,52.992248062015506,1851.4341085271317,1760.0,2035.0,49.24902361995993,129,275.0
Murshidabad,2011,Summer,8856.4,45.888082901554405,1948.419689119171,1690.0,2180.0,115.79757403325073,193,490.0
Murshidabad,2011,Winter,37177.0,88.9401913875598,1862.6076555023924,820.0,1950.0,63.24759415718811,418,1130.0
Murshidabad,2012,Autumn,22424.0,98.78414096916299,1972.0704845814978,1330.0,2080.0,50.69764932528202,227,750.0
Murshidabad,2012,Summer,57514.3,111.67825242718447,1929.4368932038835,1740.0,2000.0,54.948449471103686,515,260.0
Murshidabad,2012,Winter,8087.2,43.714594594594594,2070.7027027027025,1980.0,2170.0,54.164034706613066,185,190.0
Murshidabad,2013,Autumn,15589.0,164.09473684210528,2515.157894736842,2440.0,2650.0,47.0821635354655,95,210.0
Murshidabad,2013,Summer,28842.3,163.87670454545454,2334.971590909091,2100.0,2460.0,78.27515051605896,176,360.0
Murshidabad,2013,Winter,7410.0,57.0,2639.5384615384614,2500.0,2750.0,67.224736339456,130,250.0
Murshidabad,2014,Autumn,23591.5,57.26092233009709,2571.8203883495144,1360.0,2750.0,98.98247170564257,412,1390.0
Murshidabad,2014,Summer,27652.2,60.77406593406594,2578.3406593406594,1400.0,3640.0,104.08476930947913,455,2240.0
Murshidabad,2014,Winter,20950.3,51.47493857493858,2526.968058968059,26.0,2630.0,160.16212986924432,407,2604.0
Murshidabad,2015,Autumn,12364.5,35.83913043478261,2241.7391304347825,2030.0,2350.0,100.48655645563494,345,320.0
Murshidabad,2015,Summer,29271.9,49.78214285714286,2331.9557823129253,2040.0,2550.0,119.28200055522521,588,510.0
Murshidabad,2015,Winter,16186.1,40.364339152119705,2204.551122194514,1980.0,2380.0,124.63515958583999,401,400.0
Murshidabad,2016,Autumn,14064.4,38.638461538461534,2359.4917582417584,2210.0,2600.0,104.6169844265687,364,390.0
Murshidabad,2016,Summer,22781.5,37.224673202614376,2241.903594771242,1700.0,2380.0,83.93900552346079,612,680.0
Murshidabad,2016,Winter,19009.1,34.562,2359.4636363636364,2215.0,3325.0,100.92393547508959,550,1110.0
Murshidabad,2017,Autumn,15942.7,40.463705583756344,2602.258883248731,1480.0,3425.0,179.61465392076275,394,1945.0
Murshidabad,2017,Summer,25576.8,37.891555555555556,2439.5555555555557,740.0,3250.0,123.36657797726286,675,2510.0
Murshidabad,2017,Winter,24739.7,46.590772128060266,2679.0866290018835,1450.0,3450.0,168.50050117536978,531,2000.0
Murshidabad,2018,Autumn,19751.2,46.803791469194316,2749.5142180094786,1220.0,2990.0,150.2288469242824,422,1770.0
Murshidabad,2018,Summer,33600.6,48.980466472303206,2750.6268221574346,1150.0,3480.0,141.6033344615039,686,2330.0
Murshidabad,2018,Winter,34409.4,58.619080068143106,2654.165247018739,2400.0,3680.0,171.97825568482327,587,1280.0
Murshidabad,2019,Autumn,19560.3,41.97489270386266,2728.7875536480688,2500.0,3950.0,154.51130012481485,466,1450.0
Murshidabad,2019,Summer,33493.55,44.837416331994646,2680.401606425703,2350.0,4250.0,168.11137281676767,747,1900.0
Murshidabad,2019,Winter,27016.3,46.10290102389079,2758.924914675768,1850.0,2980.0,134.94552681455428,586,1130.0
Murshidabad,2020,Autumn,18049.4,42.171495327102804,2799.9182242990655,2350.0,3000.0,133.8921245832293,428,650.0
Murshidabad,2020,Summer,29964.5,43.426811594202896,2829.453623188406,1820.0,3020.0,144.9823222092318,690,1200.0
Murshidabad,2020,Winter,27577.5,45.432454695222404,2798.097199341021,600.0,3000.0,170.74423225084007,607,2400.0
Murshidabad,2021,Autumn,16068.0,41.84375,2835.9895833333335,2510.0,3300.0,245.6683427246138,384,790.0
Murshidabad,2021,Summer,27202.3,40.41946508172362,2813.491827637444,1860.0,7300.0,261.0321608453891,673,5440.0
Murshidabad,2021,Winter,22003.1,40.22504570383912,2989.5155393053014,1850.0,5450.0,380.52895183283476,547,3600.0
Murshidabad,2022,Autumn,12524.0,41.062295081967214,3415.6393442622953,1940.0,4020.0,259.4614255369647,305,2080.0
Murshidabad,2022,Summer,26053.5,40.51866251944013,3066.0062208398135,1920.0,4250.0,426.58107587123277,643,2330.0
Murshidabad,2022,Winter,18020.6,40.95590909090909,3426.1477272727275,1500.0,3900.0,249.9674575527174,440,2400.0
Murshidabad,2023,Autumn,14151.4,38.55967302452316,3581.5531335149863,3300.0,5580.0,140.64658178189117,367,2280.0
Murshidabad,2023,Summer,29060.2,40.75764375876578,3379.992987377279,1940.0,3950.0,198.03112684107234,713,2010.0
Murshidabad,2023,Winter,16054.8,38.779710144927535,3536.123188405797,3400.0,3700.0,64.80652370143483,414,300.0
Nadia,2002,Autumn,1218.5,17.919117647058822,1175.0,1075.0,1240.0,59.01555575350885,68,165.0
Nadia,2002,Summer,1721.2,24.242253521126763,1153.0281690140846,1075.0,1350.0,83.97907423553052,71,275.0
Nadia,2002,Winter,1867.0,18.858585858585858,1273.3333333333333,1190.0,1345.0,39.93617356712686,99,155.0
Nadia,2003,Autumn,1550.0,43.05555555555556,1223.3333333333333,1200.0,1275.0,25.35462764185554,36,75.0
Nadia,2003,Summer,3106.0,24.456692913385826,1257.9133858267717,1125.0,1370.0,61.67371563599795,127,245.0
Nadia,2003,Winter,273.0,12.409090909090908,1301.1363636363637,1275.0,1340.0,28.40740254723265,22,65.0
Nadia,2004,Autumn,2794.0,47.355932203389834,1319.2372881355932,1250.0,1350.0,34.175177008370575,59,100.0
Nadia,2004,Summer,1916.0,17.906542056074766,1273.6448598130842,1150.0,1475.0,71.98194903918736,107,325.0
Nadia,2004,Winter,8352.5,61.41544117647059,1343.3823529411766,1300.0,1400.0,28.420665101172947,136,100.0
Nadia,2005,Autumn,7926.0,54.28767123287671,1263.9383561643835,1240.0,1305.0,22.660986557560392,146,65.0
Nadia,2005,Summer,8655.0,62.71739130434783,1257.463768115942,1150.0,1400.0,60.66615110048857,138,250.0
Nadia,2005,Winter,11253.1,41.37169117647059,1306.1948529411766,1300.0,1350.0,12.335511511840142,272,50.0
Nadia,2006,Autumn,2805.0,24.391304347826086,1364.0,1300.0,1425.0,35.85546032458256,115,125.0
Nadia,2006,Summer,14121.2,42.791515151515156,1297.590909090909,1225.0,1375.0,31.080333832614052,330,150.0
Nadia,2006,Winter,5333.5,41.996062992125985,1436.8110236220473,1375.0,1600.0,49.88347251240907,127,225.0
Nadia,2007,Autumn,2164.0,18.655172413793103,1611.2068965517242,1525.0,1700.0,46.43190755267882,116,175.0
Nadia,2007,Summer,5657.3,28.2865,1544.8,1425.0,1650.0,83.69878993860031,200,225.0
Nadia,2007,Winter,4502.1,25.726285714285716,1679.5142857142857,980.0,2900.0,176.80975089948015,175,1920.0
Nadia,2008,Autumn,6810.0,23.81118881118881,1575.9615384615386,1270.0,1850.0,163.9475801646228,286,580.0
Nadia,2008,Summer,11673.6,24.78471337579618,1568.7898089171974,1230.0,1900.0,188.22553352398555,471,670.0
Nadia,2008,Winter,23327.0,70.90273556231003,1613.5410334346504,1210.0,1855.0,164.235105276023,329,645.0
Nadia,2009,Autumn,8083.0,61.234848484848484,1927.9924242424242,1800.0,2155.0,95.67131201237812,132,355.0
Nadia,2009,Summer,35016.0,193.4585635359116,1779.7237569060774,855.0,1905.0,118.26256540815588,181,1050.0
Nadia,2009,Winter,8143.4,41.12828282828283,2174.368686868687,1850.0,2505.0,219.34716342092312,198,655.0
Nadia,2010,Autumn,16203.5,42.08701298701299,2269.896103896104,1770.0,2780.0,331.0465013445838,385,1010.0
Nadia,2010,Summer,18099.5,47.38089005235602,2399.4633507853405,2100.0,2850.0,172.77012010570937,382,750.0
Nadia,2010,Winter,15828.5,47.8202416918429,2293.7462235649546,1630.0,2700.0,323.07262849265044,331,1070.0
Nadia,2011,Autumn,10840.1,23.77214912280702,2037.017543859649,1400.0,2600.0,326.37938505401945,456,1200.0
Nadia,2011,Summer,19415.1,33.474310344827586,2209.793103448276,1580.0,2680.0,301.5415923284823,580,1100.0
Nadia,2011,Winter,9909.2,18.767424242424244,1976.0416666666667,1400.0,2600.0,396.90160784019986,528,1200.0
Nadia,2012,Autumn,5222.5,15.007183908045977,2303.3045977011493,1550.0,2700.0,350.4577069479337,348,1150.0
Nadia,2012,Summer,12614.6,18.38862973760933,2122.922740524781,1400.0,2600.0,374.5379925866965,686,1200.0
Nadia,2012,Winter,5566.0,20.093862815884478,2473.285198555957,1750.0,3000.0,376.8724290623686,277,1250.0
Nadia,2013,Autumn,2072.0,15.235294117647058,2990.073529411765,2850.0,3200.0,123.80089345414079,136,350.0
Nadia,2013,Summer,3505.0,21.770186335403725,2989.285714285714,2725.0,3100.0,91.84371430393522,161,375.0
Nadia,2013,Winter,2859.0,16.622093023255815,3197.3837209302324,2500.0,3600.0,176.40534586352987,172,1100.0
Nadia,2014,Autumn,6405.6,13.775483870967742,3087.956989247312,2400.0,3600.0,317.4608282236298,465,1200.0
Nadia,2014,Summer,11926.0,17.589970501474927,3000.0,2200.0,3450.0,384.4465030886288,678,1250.0
Nadia,2014,Winter,7223.5,13.552532833020638,3018.9493433395874,2400.0,3600.0,294.73325404185675,533,1200.0
Nadia,2015,Autumn,5887.5,15.7,2907.6,700.0,3400.0,374.5437152755423,375,2700.0
Nadia,2015,Summer,10227.2,14.995894428152493,2978.5190615835777,1950.0,3400.0,351.9565707343914,682,1450.0
Nadia,2015,Winter,7643.2,18.11184834123223,2853.436018957346,1850.0,3400.0,426.699529846017,422,1550.0
Nadia,2016,Autumn,5679.3,15.226005361930296,3006.4879356568363,2200.0,3400.0,415.5340494171671,373,1200.0
Nadia,2016,Summer,8391.3,13.939036544850497,2862.4169435215945,950.0,3400.0,460.22594166668665,602,2450.0
Nadia,2016,Winter,8090.85,18.685565819861434,2833.487297921478,2200.0,3600.0,499.5123413096927,433,1400.0
Nadia,2017,Autumn,7571.44,17.486004618937642,3250.461893764434,2400.0,3600.0,309.7748122563263,433,1200.0
Nadia,2017,Summer,11903.83,15.6013499344692,3155.8322411533422,2400.0,3700.0,342.21094192824586,763,1300.0
Nadia,2017,Winter,7332.43,15.14964876033058,3428.586776859504,1000.0,4000.0,362.1225652849531,484,3000.0
Nadia,2018,Autumn,7645.9,13.92695810564663,3402.6047358834244,2400.0,4300.0,510.6561101409103,549,1900.0
Nadia,2018,Summer,10945.87,16.096867647058826,3568.029411764706,1470.0,4500.0,516.2562917584759,680,3030.0
Nadia,2018,Winter,9730.5,16.57666098807496,3409.9574105621805,2400.0,4100.0,431.6753890688626,587,1700.0
Nadia,2019,Autumn,6741.8,13.040232108317214,3355.222437137331,2400.0,3900.0,454.15843336480555,517,1500.0
Nadia,2019,Summer,12218.7,16.205172413793104,3368.8527851458884,2400.0,3950.0,420.0955318203782,754,1550.0
Nadia,2019,Winter,7975.7,12.52072213500785,3454.772370486656,2400.0,4000.0,463.01257843482864,637,1600.0
Nadia,2020,Autumn,2118.3,5.473643410852714,3342.5064599483203,2400.0,4200.0,555.0831257681732,387,1800.0
Nadia,2020,Summer,3624.6,8.054666666666666,3646.9222222222224,2400.0,4300.0,540.5920664936292,450,1900.0
Nadia,2020,Winter,3879.6,8.361206896551725,3347.0452586206898,660.0,4200.0,475.02272322496594,464,3540.0
Nadia,2021,Autumn,4597.7,8.724288425047439,3224.9525616698293,2400.0,4000.0,391.67761878988654,527,1600.0
Nadia,2021,Summer,5198.5,7.6001461988304095,3313.75,2400.0,4100.0,400.34247097988214,684,1700.0
Nadia,2021,Winter,2102.6,3.768100358422939,3491.0394265232976,2400.0,4500.0,544.047595889889,558,2100.0
Nadia,2022,Autumn,2323.9,4.469038461538462,3692.5,2400.0,4800.0,747.4242861881146,520,2400.0
Nadia,2022,Summer,2916.9,4.172961373390558,3694.5922746781116,2400.0,4600.0,571.4042407099085,699,2200.0
Nadia,2022,Winter,2297.1,4.015909090909091,4007.176573426573,2400.0,4800.0,703.8644456918391,572,2400.0
Nadia,2023,Autumn,2486.8,4.904930966469428,3605.25641025641,2400.0,4600.0,757.6689165382688,507,2200.0
Nadia,2023,Summer,2849.07,4.093491379310345,3756.0632183908046,2225.0,4700.0,734.4306885509715,696,2475.0
Nadia,2023,Winter,2401.2,4.671595330739299,3692.782101167315,2500.0,4600.0,734.0009210060172,514,2100.0
North 24 Parganas,2001,Autumn,120.0,60.0,900.0,900.0,900.0,0.0,2,0.0
North 24 Parganas,2001,Summer,460.0,57.5,828.75,780.0,850.0,25.87745847533828,8,70.0
North 24 Parganas,2002,Autumn,586.0,58.6,9440.0,9000.0,10000.0,330.65591380365987,10,1000.0
North 24 Parganas,2002,Summer,1434.0,68.28571428571429,9461.904761904761,8500.0,11200.0,1129.812458099215,21,2700.0
North 24 Parganas,2002,Winter,4920.0,86.3157894736842,1266.7543859649122,925.0,9500.0,1584.3051347594196,57,8575.0
North 24 Parganas,2003,Autumn,1267.0,97.46153846153847,1026.923076923077,1000.0,1050.0,16.012815380508705,13,50.0
North 24 Parganas,2003,Summer,8021.0,87.18478260869566,986.4130434782609,950.0,1050.0,24.75513141340174,92,100.0
North 24 Parganas,2003,Winter,5980.0,86.66666666666667,1028.768115942029,950.0,1100.0,34.31478198349215,69,150.0
North 24 Parganas,2004,Autumn,3599.0,76.57446808510639,1071.276595744681,1025.0,1150.0,32.226577019906934,47,125.0
North 24 Parganas,2004,Summer,6865.0,78.01136363636364,1114.659090909091,975.0,1200.0,59.11121144676603,88,225.0
North 24 Parganas,2004,Winter,5260.0,92.28070175438596,1082.1929824561403,1050.0,1150.0,16.28478540199329,57,100.0
North 24 Parganas,2005,Autumn,7208.0,81.9090909090909,1126.3636363636363,750.0,1500.0,158.65042767895983,88,750.0
North 24 Parganas,2005,Summer,5813.0,83.04285714285714,1048.142857142857,950.0,1110.0,55.32624864221202,70,160.0
North 24 Parganas,2005,Winter,13356.0,87.86842105263158,1144.6052631578948,925.0,1400.0,169.22155851473377,152,475.0
North 24 Parganas,2006,Autumn,14862.0,92.31055900621118,1212.1739130434783,1040.0,1450.0,147.37365627959917,161,410.0
North 24 Parganas,2006,Summer,23413.0,87.36194029850746,1161.1940298507463,600.0,1525.0,159.52196742632233,268,925.0
North 24 Parganas,2006,Winter,8700.0,97.75280898876404,1221.0674157303372,1020.0,1475.0,174.14151753888487,89,455.0
North 24 Parganas,2007,Autumn,23229.0,99.26923076923077,1298.3119658119658,1000.0,1550.0,181.6768369250437,234,550.0
North 24 Parganas,2007,Summer,16461.0,99.16265060240964,1227.8614457831325,1000.0,1500.0,184.06381984869006,166,500.0
North 24 Parganas,2007,Winter,14562.0,97.08,1390.4666666666667,1050.0,1600.0,187.1934600857663,150,550.0
North 24 Parganas,2008,Autumn,17269.0,94.88461538461539,1485.4120879120878,1230.0,1790.0,163.67404768693274,182,560.0
North 24 Parganas,2008,Summer,22250.0,94.27966101694915,1450.656779661017,1250.0,1750.0,166.33500161526766,236,500.0
North 24 Parganas,2008,Winter,23398.0,87.30597014925372,1499.0671641791046,1250.0,1850.0,175.69196306053064,268,600.0
North 24 Parganas,2009,Autumn,9156.0,86.37735849056604,1454.622641509434,975.0,1880.0,238.16530685060252,106,905.0
North 24 Parganas,2009,Summer,809.0,115.57142857142857,1483.5714285714287,1230.0,1825.0,236.35626861643783,7,595.0
North 24 Parganas,2009,Winter,58033.0,197.39115646258503,1728.1292517006802,1280.0,2400.0,284.570636926587,294,1120.0
North 24 Parganas,2010,Autumn,94645.1,184.1344357976654,2114.0272373540856,1650.0,2925.0,376.9711381827022,514,1275.0
North 24 Parganas,2010,Summer,111365.4,216.66420233463035,2006.3035019455253,1350.0,2700.0,345.955964740268,514,1350.0
North 24 Parganas,2010,Winter,116149.4,221.6591603053435,2031.7557251908397,1600.0,3000.0,344.3608392870238,524,1400.0
North 24 Parganas,2011,Autumn,77978.2,180.92389791183294,2038.4802784222738,1600.0,2900.0,416.410267232529,431,1300.0
North 24 Parganas,2011,Summer,155459.8,185.51288782816226,2035.7315035799522,1600.0,2900.0,423.94747114411774,838,1300.0
North 24 Parganas,2011,Winter,86103.6,191.7674832962138,1954.4543429844098,1475.0,2700.0,416.5192214792454,449,1225.0
North 24 Parganas,2012,Autumn,7876.0,38.99009900990099,2302.1039603960394,1600.0,2850.0,463.38432099010555,202,1250.0
North 24 Parganas,2012,Summer,93959.9,184.23509803921567,1971.7549019607843,1550.0,2750.0,393.495629128098,510,1200.0
North 24 Parganas,2012,Winter,15496.0,51.311258278145694,2331.1920529801323,1700.0,2950.0,440.36179198882786,302,1250.0
North 24 Parganas,2013,Summer,2661.0,20.31297709923664,2499.236641221374,1900.0,3500.0,523.0040716426449,131,1600.0
North 24 Parganas,2013,Winter,1958.2,17.17719298245614,2833.7719298245615,2300.0,3750.0,556.9550439443066,114,1450.0
North 24 Parganas,2014,Autumn,20769.4,66.99806451612903,2911.6935483870966,2300.0,4000.0,548.4111675523263,310,1700.0
North 24 Parganas,2014,Summer,26574.4,51.500775193798454,2834.3992248062013,2200.0,4000.0,511.98625922036837,516,1800.0
North 24 Parganas,2014,Winter,26982.0,92.08873720136519,2412.7986348122868,2150.0,2700.0,136.2820292811163,293,550.0
North 24 Parganas,2015,Autumn,9371.5,62.47666666666667,2377.0666666666666,1870.0,3200.0,155.6822899096067,150,1330.0
North 24 Parganas,2015,Summer,26606.0,66.84924623115577,2243.2286432160804,1850.0,2600.0,285.7824391078578,398,750.0
North 24 Parganas,2015,Winter,8330.0,63.10606060606061,2356.439393939394,2200.0,2600.0,147.93815798820407,132,400.0
North 24 Parganas,2016,Autumn,6701.0,56.78813559322034,2535.169491525424,2300.0,3900.0,206.03183328368212,118,1600.0
North 24 Parganas,2016,Summer,8450.0,54.87012987012987,2383.116883116883,2150.0,2700.0,151.81050916682196,154,550.0
North 24 Parganas,2016,Winter,8901.1,53.300000000000004,2495.059880239521,1200.0,2650.0,114.76926567929185,167,1450.0
North 24 Parganas,2017,Autumn,5917.0,47.71774193548387,2629.6370967741937,2450.0,3100.0,125.19768658590323,124,650.0
North 24 Parganas,2017,Summer,11260.0,48.95652173913044,2552.282608695652,2450.0,2800.0,105.51240392395246,230,350.0
North 24 Parganas,2017,Winter,6653.5,45.88620689655173,2810.862068965517,2500.0,3100.0,194.33857270987687,145,600.0
North 24 Parganas,2018,Summer,377.6,34.32727272727273,3068.181818181818,3000.0,3150.0,51.34553180524707,11,150.0
Paschim Medinipur,2002,Winter,11030.0,408.51851851851853,828.8888888888889,795.0,855.0,16.251232694862402,27,60.0
Paschim Medinipur,2003,Summer,12310.0,424.48275862068965,865.8620689655172,840.0,910.0,21.756319505459697,29,70.0
Paschim Medinipur,2003,Winter,130.0,26.0,1025.0,565.0,1650.0,411.1265012134343,5,1085.0
Paschim Medinipur,2004,Autumn,235.0,47.0,1056.0,1040.0,1080.0,18.16590212458495,5,40.0
Paschim Medinipur,2004,Summer,50.0,25.0,880.0,780.0,980.0,141.4213562373095,2,200.0
Paschim Medinipur,2004,Winter,786.0,18.714285714285715,964.7619047619048,850.0,1080.0,102.32035048372659,42,230.0
Paschim Medinipur,2005,Autumn,881.0,18.354166666666668,995.2083333333334,920.0,1145.0,52.682896547669806,48,225.0
Paschim Medinipur,2005,Summer,1447.2,19.042105263157897,954.6052631578947,850.0,1060.0,73.54709673805284,76,210.0
Paschim Medinipur,2005,Winter,3451.0,22.85430463576159,973.1788079470199,860.0,1070.0,73.16757807414572,151,210.0
Paschim Medinipur,2006,Autumn,12598.0,79.23270440251572,1090.5345911949685,950.0,1210.0,59.21584417146636,159,260.0
Paschim Medinipur,2006,Summer,12228.5,43.21024734982332,1005.547703180212,810.0,1160.0,69.22801532911403,283,350.0
Paschim Medinipur,2006,Winter,10975.0,59.64673913043478,1111.2771739130435,1000.0,1260.0,81.97943445062266,184,260.0
Paschim Medinipur,2007,Autumn,1644.0,22.216216216216218,1307.837837837838,1150.0,1375.0,39.501006412366145,74,225.0
Paschim Medinipur,2007,Summer,10112.0,42.666666666666664,1175.3586497890296,1050.0,1350.0,81.50451050136758,237,300.0
Paschim Medinipur,2007,Winter,2913.0,26.97222222222222,1307.4537037037037,1200.0,1425.0,67.89042632179019,108,225.0
Paschim Medinipur,2008,Autumn,1030.0,39.61538461538461,1316.1538461538462,1220.0,1400.0,56.926403229216724,26,180.0
Paschim Medinipur,2008,Summer,3228.0,31.647058823529413,1308.3823529411766,1200.0,1425.0,69.18608057191801,102,225.0
Paschim Medinipur,2008,Winter,260.0,43.333333333333336,1266.6666666666667,1200.0,1330.0,59.888785817268555,6,130.0
Paschim Medinipur,2009,Autumn,10534.0,57.25,1613.0434782608695,1380.0,2100.0,221.22727294805284,184,720.0
Paschim Medinipur,2009,Winter,13638.3,41.580182926829266,1739.6951219512196,1400.0,2400.0,233.89514831279945,328,1000.0
Paschim Medinipur,2010,Autumn,3899.0,31.443548387096776,1962.4596774193549,1800.0,2100.0,81.28914558622797,124,300.0
Paschim Medinipur,2010,Summer,6857.5,27.989795918367346,1800.5714285714287,1550.0,2100.0,120.10787500969403,245,550.0
Paschim Medinipur,2010,Winter,4627.3,35.05530303030303,1879.5454545454545,1680.0,2100.0,129.1419931961025,132,420.0
Paschim Medinipur,2011,Autumn,8731.0,29.298657718120804,2031.9463087248323,1700.0,2600.0,241.28633353474117,298,900.0
Paschim Medinipur,2011,Summer,6536.5,31.730582524271846,2063.4951456310678,1650.0,2900.0,290.81788363120813,206,1250.0
Paschim Medinipur,2011,Winter,7419.0,31.841201716738198,1872.8755364806866,1600.0,2400.0,147.8462241444947,233,800.0
Paschim Medinipur,2012,Autumn,7871.2,24.36904024767802,2150.216718266254,1650.0,3000.0,433.83307044479295,323,1350.0
Paschim Medinipur,2012,Summer,7417.0,29.78714859437751,2004.2771084337348,1650.0,2800.0,334.28408021977253,249,1150.0
Paschim Medinipur,2012,Winter,6330.0,28.008849557522122,2282.079646017699,1800.0,3000.0,403.9247595853667,226,1200.0
Paschim Medinipur,2013,Autumn,5818.85,23.65386178861789,2686.788617886179,2000.0,3300.0,421.7774004654448,246,1300.0
Paschim Medinipur,2013,Summer,10270.7,28.850280898876406,2510.112359550562,1900.0,3300.0,453.26233894197424,356,1400.0
Paschim Medinipur,2013,Winter,3594.1,19.219786096256684,2751.0695187165775,2300.0,9000.0,572.6508163853051,187,6700.0
Paschim Medinipur,2014,Autumn,1919.7,24.3,2899.1139240506327,2450.0,3450.0,356.18775614014004,79,1000.0
Paschim Medinipur,2014,Summer,9300.0,19.661733615221987,2830.338266384778,2300.0,3450.0,357.4928761805887,473,1150.0
Paschim Medinipur,2014,Winter,10746.5,25.647971360381863,2427.732696897375,1450.0,3100.0,263.3858761696918,419,1650.0
Paschim Medinipur,2015,Autumn,11088.0,27.789473684210527,2280.4135338345864,1800.0,3200.0,346.7833406379447,399,1400.0
Paschim Medinipur,2015,Summer,14988.0,30.096385542168676,2247.590361445783,450.0,3150.0,285.4778493725289,498,2700.0
Paschim Medinipur,2015,Winter,12320.0,24.590818363273453,2331.5868263473053,1800.0,3200.0,347.3799460908877,501,1400.0
Paschim Medinipur,2016,Autumn,10466.0,23.949656750572082,2598.604118993135,2180.0,3400.0,338.64899053494076,437,1220.0
Paschim Medinipur,2016,Summer,14915.8,23.90352564102564,2413.790064102564,1890.0,3300.0,320.6420662801047,624,1410.0
Paschim Medinipur,2016,Winter,9378.0,21.809302325581395,2504.139534883721,460.0,3350.0,353.66292285467836,430,2890.0
Paschim Medinipur,2017,Autumn,10062.8,20.005566600397614,2768.6679920477136,2400.0,3700.0,359.74483972741245,503,1300.0
Paschim Medinipur,2017,Summer,13016.3,21.373234811165844,2599.2446633825944,2100.0,3600.0,302.3005338049264,609,1500.0
Paschim Medinipur,2017,Winter,9281.6,18.750707070707072,2791.070707070707,750.0,3700.0,335.9864698851063,495,2950.0
Paschim Medinipur,2018,Autumn,7358.25,18.44172932330827,2944.4611528822056,1600.0,4100.0,435.0193756092388,399,2500.0
Paschim Medinipur,2018,Summer,12200.9,17.04036312849162,2927.835195530726,1220.0,6900.0,394.4168831282512,716,5680.0
Paschim Medinipur,2018,Winter,8771.0,18.781584582441113,2858.340471092077,1000.0,4200.0,453.3932363292747,467,3200.0
Paschim Medinipur,2019,Autumn,7803.6,21.205434782608698,3100.883152173913,2300.0,4400.0,662.0432989115084,368,2100.0
Paschim Medinipur,2019,Summer,13438.7,19.70483870967742,3013.123167155425,820.0,4000.0,584.5330825556371,682,3180.0
Paschim Medinipur,2019,Winter,10945.8,22.11272727272727,3068.989898989899,2300.0,4100.0,445.5504146138134,495,1800.0
Paschim Medinipur,2020,Autumn,3649.9,19.51818181818182,2980.1069518716577,2600.0,3800.0,288.57825256702455,187,1200.0
Paschim Medinipur,2020,Summer,5396.0,17.294871794871796,2903.0448717948716,2300.0,3700.0,272.4463861933621,312,1400.0
Paschim Medinipur,2020,Winter,13279.0,26.77217741935484,2957.842741935484,2400.0,4000.0,383.7745595967484,496,1600.0
Paschim Medinipur,2021,Autumn,9286.2,23.933505154639178,3175.425257731959,2550.0,4700.0,531.2022705903053,388,2150.0
Paschim Medinipur,2021,Summer,14247.1,21.42421052631579,2988.7894736842104,2550.0,4000.0,373.90482755609423,665,1450.0
Paschim Medinipur,2021,Winter,7236.8,19.55891891891892,3225.5135135135133,2750.0,4400.0,435.0577086364406,370,1650.0
Paschim Medinipur,2022,Autumn,8028.4,25.568152866242038,3627.547770700637,2900.0,4800.0,410.63813731714714,314,1900.0
Paschim Medinipur,2022,Summer,16724.4,27.689403973509936,3463.5761589403974,2750.0,4800.0,482.51118186492914,604,2050.0
Paschim Medinipur,2022,Winter,10535.7,23.464810690423164,3572.0044543429844,2700.0,4700.0,479.3592169852232,449,2000.0
Paschim Medinipur,2023,Autumn,1108.37,4.487327935222671,4174.898785425101,3250.0,6000.0,677.5115049262718,247,2750.0
Paschim Medinipur,2023,Summer,15814.5,26.668634064080944,3690.9780775716695,2900.0,5600.0,479.1060663667348,593,2700.0
Paschim Medinipur,2023,Winter,3885.5,8.077962577962579,3977.027027027027,3600.0,5200.0,451.77577552515066,481,1600.0
Purba Medinipur,2002,Winter,628.0,52.333333333333336,885.8333333333334,830.0,950.0,52.433218709539695,12,120.0
Purba Medinipur,2003,Winter,3184.0,61.23076923076923,970.1923076923077,860.0,1050.0,56.5508753981371,52,190.0
Purba Medinipur,2004,Summer,96.0,48.0,925.0,850.0,1000.0,106.06601717798213,2,150.0
Purba Medinipur,2005,Autumn,52.0,13.0,1138.75,1085.0,1190.0,59.213596411635024,4,105.0
Purba Medinipur,2005,Winter,8850.0,57.84313725490196,1072.0261437908496,920.0,1230.0,91.3791226093116,153,310.0
Purba Medinipur,2006,Autumn,6582.0,47.69565217391305,1171.195652173913,1030.0,1300.0,93.55226953015675,138,270.0
Purba Medinipur,2006,Summer,13474.0,51.823076923076925,1049.576923076923,910.0,1220.0,103.6897187119237,260,310.0
Purba Medinipur,2006,Winter,6808.0,39.12643678160919,1159.8275862068965,1020.0,1600.0,114.07063088270414,174,580.0
Purba Medinipur,2007,Summer,954.6,43.39090909090909,1137.2727272727273,1030.0,1250.0,102.82587307268611,22,220.0
Purba Medinipur,2007,Winter,9562.4,55.92046783625731,1320.4093567251462,700.0,1460.0,123.65205797457826,171,760.0
Purba Medinipur,2008,Autumn,16275.6,72.65892857142858,1373.8392857142858,1200.0,1525.0,103.76647233837305,224,325.0
Purba Medinipur,2008,Summer,26532.54,54.70626804123712,1334.9278350515465,1120.0,1510.0,108.46956074358667,485,390.0
Purba Medinipur,2008,Winter,7375.0,42.38505747126437,1310.9195402298851,1100.0,1500.0,110.40919355106534,174,400.0
Purba Medinipur,2009,Autumn,13935.9,51.999626865671644,1465.2985074626865,1250.0,1650.0,91.69392416131555,268,400.0
Purba Medinipur,2009,Summer,10432.6,40.43643410852713,1302.3255813953488,1145.0,1500.0,97.05798040833473,258,355.0
Purba Medinipur,2009,Winter,11788.4,45.515057915057916,1591.069498069498,932.0,1950.0,177.14622730662924,259,1018.0
Purba Medinipur,2010,Autumn,8769.0,34.12062256809339,1990.8949416342411,1050.0,2300.0,208.52105862088692,257,1250.0
Purba Medinipur,2010,Summer,18452.0,40.73289183222958,1828.867549668874,920.0,2150.0,162.7200895736017,453,1230.0
Purba Medinipur,2010,Winter,13592.0,39.626822157434404,1843.6151603498542,1500.0,2300.0,241.36743241438054,343,800.0
Purba Medinipur,2011,Autumn,2424.0,71.29411764705883,1800.0,1600.0,2000.0,203.007687569021,34,400.0
Purba Medinipur,2011,Summer,26130.0,57.55506607929515,1775.0220264317181,1500.0,2050.0,169.12089135720706,454,550.0
Purba Medinipur,2011,Winter,4322.0,38.93693693693694,1727.972972972973,1500.0,1915.0,160.29571873483513,111,415.0
Purba Medinipur,2012,Autumn,7190.0,31.674008810572687,1997.3568281938326,1800.0,2210.0,157.71339100776905,227,410.0
Purba Medinipur,2012,Summer,11963.0,37.50156739811912,1755.705329153605,1500.0,2100.0,165.23107795585594,319,600.0
Purba Medinipur,2012,Winter,9182.0,33.75735294117647,2058.639705882353,1800.0,2300.0,146.7004464909734,272,500.0
Purba Medinipur,2013,Autumn,2850.0,25.0,2508.7719298245615,1700.0,2700.0,199.25143252781007,114,1000.0
Purba Medinipur,2013,Summer,5472.0,22.8,2171.4583333333335,1800.0,2600.0,242.17450728859617,240,800.0
Purba Medinipur,2013,Winter,5523.0,27.753768844221106,2475.3768844221104,2100.0,2900.0,235.80237759860168,199,800.0
Purba Medinipur,2014,Autumn,4263.0,32.29545454545455,2715.909090909091,2500.0,2900.0,138.05051927074783,132,400.0
Purba Medinipur,2014,Summer,11541.0,33.35549132947977,2612.225433526012,2200.0,2800.0,164.085400318364,346,600.0
Purba Medinipur,2014,Winter,7659.6,33.59473684210526,2355.3947368421054,1950.0,2900.0,226.30789203783613,228,950.0
Purba Medinipur,2015,Autumn,8401.0,25.76993865030675,2432.6687116564417,1800.0,2700.0,226.57705920169616,326,900.0
Purba Medinipur,2015,Summer,17079.8,31.33908256880734,2235.045871559633,1900.0,2600.0,193.82102044273077,545,700.0
Purba Medinipur,2015,Winter,12632.4,26.20829875518672,2296.8879668049794,1700.0,2600.0,260.4383476998243,482,900.0
Purba Medinipur,2016,Autumn,12765.2,29.825233644859814,2555.8995327102803,2300.0,2750.0,132.0725501417768,428,450.0
Purba Medinipur,2016,Summer,15310.2,26.954577464788734,2354.6654929577467,1800.0,2600.0,164.02744449067308,568,800.0
Purba Medinipur,2016,Winter,14127.4,26.25910780669145,2421.6542750929366,1900.0,2750.0,197.1407710334513,538,850.0
Purba Medinipur,2017,Autumn,8052.0,20.75257731958763,2609.0438144329896,2400.0,2800.0,120.34346040783396,388,400.0
Purba Medinipur,2017,Summer,18159.6,29.432090761750402,2425.6077795786064,2000.0,2650.0,132.84106485122916,617,650.0
Purba Medinipur,2017,Winter,10222.0,20.86122448979592,2683.265306122449,2400.0,3000.0,132.79114334521162,490,600.0
Purba Medinipur,2018,Autumn,8888.0,26.141176470588235,2855.4117647058824,2600.0,3080.0,164.38355709584826,340,480.0
Purba Medinipur,2018,Summer,16031.6,23.785756676557863,2824.3026706231453,2500.0,3200.0,179.8807688946126,674,700.0
Purba Medinipur,2018,Winter,11014.9,27.675628140703516,2683.0150753768844,2400.0,3080.0,174.8290414285351,398,680.0
Purba Medinipur,2019,Autumn,11318.0,26.947619047619046,2743.3333333333335,2300.0,3100.0,207.8204506243139,420,800.0
Purba Medinipur,2019,Summer,19056.6,29.40833333333333,2545.9876543209875,2300.0,2700.0,140.18406922012824,648,400.0
Purba Medinipur,2019,Winter,14219.5,26.578504672897196,2870.467289719626,2200.0,3400.0,324.7395475465965,535,1200.0
Purba Medinipur,2020,Autumn,9770.0,24.79695431472081,2672.3350253807107,2400.0,3000.0,181.8651723324333,394,600.0
Purba Medinipur,2020,Summer,13543.0,22.609348914858096,2745.575959933222,2400.0,3400.0,251.15378003750757,599,1000.0
Purba Medinipur,2020,Winter,15469.0,27.922382671480143,2659.2960288808663,2200.0,3100.0,192.27685665325114,554,900.0
Purba Medinipur,2021,Autumn,7234.0,21.529761904761905,2700.595238095238,2500.0,3100.0,151.65633726940993,336,600.0
Purba Medinipur,2021,Summer,18816.0,27.190751445086704,2639.0173410404623,2400.0,3100.0,156.55726190301587,692,700.0
Purba Medinipur,2021,Winter,11236.0,20.88475836431227,2775.7434944237916,2400.0,3200.0,199.44500556855078,538,800.0
Purba Medinipur,2022,Autumn,8196.0,25.936708860759495,2962.3417721518986,2600.0,3500.0,268.45748141728694,316,900.0
Purba Medinipur,2022,Summer,17371.0,25.772997032640948,2756.528189910979,2400.0,3300.0,248.9689764008598,674,900.0
Purba Medinipur,2022,Winter,15203.0,27.998158379373848,2940.97605893186,2500.0,3600.0,253.1928319026325,543,1100.0
Purba Medinipur,2023,Autumn,7188.0,18.243654822335024,3739.340101522843,3200.0,4500.0,320.3061052883269,394,1300.0
Purba Medinipur,2023,Summer,19882.0,27.88499298737728,3253.576437587658,2800.0,4400.0,296.1916042198441,713,1600.0
Purba Medinipur,2023,Winter,6595.0,14.720982142857142,3652.6785714285716,3200.0,4400.0,223.5406849760583,448,1200.0
Purulia,2002,Winter,5670.0,69.14634146341463,958.780487804878,950.0,975.0,8.733396084371522,82,25.0
Purulia,2003,Summer,3849.0,62.08064516129032,1013.2258064516129,975.0,1030.0,16.248499910421753,62,55.0
Purulia,2004,Autumn,3092.5,63.11224489795919,1098.9795918367347,1020.0,1130.0,28.210141347216418,49,110.0
Purulia,2004,Summer,957.0,59.8125,1064.375,1020.0,1130.0,49.29080373998109,16,110.0
Purulia,2004,Winter,4823.0,63.46052631578947,1117.6315789473683,1075.0,1140.0,13.551720289580174,76,65.0
Purulia,2005,Autumn,3686.5,63.560344827586206,1094.3103448275863,1085.0,1105.0,4.724727399735901,58,20.0
Purulia,2005,Summer,5625.0,62.5,1104.5,1075.0,1125.0,12.76516502839851,90,50.0
Purulia,2005,Winter,5232.5,69.76666666666667,1090.4666666666667,1080.0,1100.0,5.88018508012941,75,20.0
Purulia,2006,Autumn,2936.0,73.4,1132.375,1100.0,1180.0,25.216689121619584,40,80.0
Purulia,2006,Summer,9376.5,86.81944444444444,1108.7962962962963,1050.0,1160.0,22.998073572009055,108,110.0
Purulia,2006,Winter,5051.0,74.27941176470588,1209.485294117647,1175.0,1300.0,33.21278869273137,68,125.0
Purulia,2007,Autumn,4766.0,61.1025641025641,1335.0641025641025,1270.0,1350.0,23.27829363116941,78,80.0
Purulia,2007,Summer,6689.0,69.67708333333333,1321.9270833333333,1200.0,1410.0,67.49803034813067,96,210.0
Purulia,2007,Winter,5119.0,51.19,1405.4,1350.0,1480.0,47.98295151784257,100,130.0
Purulia,2008,Autumn,3776.0,49.68421052631579,1429.671052631579,1380.0,1450.0,22.320924806345538,76,70.0
Purulia,2008,Summer,6375.5,52.6900826446281,1433.388429752066,1380.0,1480.0,28.969918852960415,121,100.0
Purulia,2008,Winter,5166.4,49.20380952380952,1414.095238095238,1400.0,1420.0,6.115119675418375,105,20.0
Purulia,2009,Autumn,3131.0,44.72857142857143,1496.857142857143,1440.0,1540.0,21.164836653255815,70,100.0
Purulia,2009,Summer,6748.0,50.73684210526316,1403.5338345864661,1360.0,1420.0,12.072727135472764,133,60.0
Purulia,2009,Winter,5078.0,43.775862068965516,1793.5344827586207,1540.0,1940.0,142.5985810670599,116,400.0
Purulia,2010,Autumn,2810.0,42.57575757575758,1941.969696969697,1920.0,1950.0,7.887613847955131,66,30.0
Purulia,2010,Summer,5613.0,43.8515625,1874.375,1800.0,1950.0,45.898724528965026,128,150.0
Purulia,2010,Winter,4228.0,43.58762886597938,1933.0927835051546,1880.0,1980.0,28.37108360425674,97,100.0
Purulia,2011,Autumn,3370.01,49.5589705882353,1836.764705882353,1800.0,1890.0,29.596347922673786,68,90.0
Purulia,2011,Summer,6126.53,50.21745901639344,1909.3032786885246,1270.0,1980.0,97.97814643707025,122,710.0
Purulia,2011,Winter,4821.05,50.21927083333333,1820.0,1750.0,1880.0,44.39061067150896,96,130.0
Purulia,2012,Autumn,1665.0,52.03125,1893.75,1800.0,1900.0,24.59346884189828,32,100.0
Purulia,2012,Summer,5747.0,56.9009900990099,1850.3960396039604,1800.0,1920.0,40.96146462418565,101,120.0
Purulia,2012,Winter,3936.0,51.78947368421053,2036.3157894736842,1900.0,2140.0,77.47416094437598,76,240.0
Purulia,2013,Autumn,1863.0,54.794117647058826,2545.0,2350.0,2620.0,56.421036266035784,34,270.0
Purulia,2013,Summer,4518.0,53.15294117647059,2214.705882352941,2100.0,2380.0,86.66558930595183,85,280.0
Purulia,2013,Winter,3518.53,52.515373134328364,2542.686567164179,2460.0,2600.0,41.90834478095633,67,140.0
Purulia,2014,Autumn,2627.0,53.61224489795919,2583.673469387755,2460.0,2620.0,45.032112502775234,49,160.0
Purulia,2014,Summer,4914.62,50.66618556701031,2564.742268041237,2460.0,2700.0,72.78811692601857,97,240.0
Purulia,2014,Winter,5057.62,30.467590361445783,2458.6746987951806,2350.0,2640.0,70.80097729743831,166,290.0
Purulia,2015,Autumn,3876.5,22.15142857142857,2167.057142857143,2030.0,2360.0,92.38877838298414,175,330.0
Purulia,2015,Summer,7139.86,22.594493670886074,2292.784810126582,1100.0,2420.0,116.56389169850321,316,1320.0
Purulia,2015,Winter,3597.7,15.77938596491228,2221.0745614035086,750.0,2500.0,146.42527123032016,228,1750.0
Purulia,2016,Autumn,2090.82,9.334017857142857,2410.0,2250.0,2500.0,63.82431042241616,224,250.0
Purulia,2016,Summer,3530.1,9.592663043478261,2251.7391304347825,2100.0,2500.0,112.41087243324651,368,400.0
Purulia,2016,Winter,2192.1,7.430847457627118,2328.7796610169494,500.0,2520.0,201.61052806610994,295,2020.0
Purulia,2017,Autumn,1473.93,7.22514705882353,2483.4803921568628,2250.0,2940.0,193.91454775335356,204,690.0
Purulia,2017,Summer,2820.26,8.443892215568862,2398.74251497006,2300.0,2600.0,80.05388306044473,334,300.0
Purulia,2017,Winter,1896.05,6.996494464944649,2625.6826568265683,2450.0,2940.0,130.09894679573546,271,490.0
Purulia,2018,Autumn,1479.03,6.458646288209607,2628.187772925764,1600.0,2720.0,91.97928174809594,229,1120.0
Purulia,2018,Summer,2389.55,6.807834757834758,2675.840455840456,800.0,2940.0,129.32712747720745,351,2140.0
Purulia,2018,Winter,1812.34,5.922679738562091,2613.4803921568628,800.0,2680.0,190.12867413682253,306,1880.0
Purulia,2019,Autumn,1186.05,5.542289719626168,2600.1168224299067,860.0,2700.0,123.4066920412334,214,1840.0
Purulia,2019,Summer,2191.52,5.520201511335013,2630.1385390428213,2490.0,2770.0,62.92968218480378,397,280.0
Purulia,2019,Winter,1705.75,7.258510638297873,2610.5106382978724,2540.0,2680.0,28.306074625457256,235,140.0
Purulia,2020,Autumn,626.02,4.012948717948718,2672.6923076923076,2490.0,3000.0,132.34532617286317,156,510.0
Purulia,2020,Summer,973.3100000000001,5.09586387434555,2666.7015706806283,2200.0,2980.0,126.4874029410958,191,780.0
Purulia,2020,Winter,1038.5,6.293939393939394,2621.090909090909,2440.0,3000.0,180.79437916816698,165,560.0
Purulia,2021,Autumn,1695.32,7.7059999999999995,2685.5227272727275,2350.0,3000.0,192.9826557418704,220,650.0
Purulia,2021,Summer,2611.56,8.186708463949843,2636.4576802507836,870.0,3000.0,203.20503617139846,319,2130.0
Purulia,2021,Winter,1985.35,7.520265151515151,2700.056818181818,2340.0,3000.0,189.77847950738183,264,660.0
Purulia,2022,Autumn,1256.2,6.50880829015544,3252.979274611399,3000.0,3800.0,185.6156972570505,193,800.0
Purulia,2022,Summer,2319.25,6.964714714714715,2810.015015015015,2430.0,3050.0,176.62264011951024,333,620.0
Purulia,2022,Winter,1776.8,6.484671532846715,3135.29197080292,1000.0,3400.0,165.61326416875326,274,2400.0
Purulia,2023,Autumn,1150.1,5.808585858585858,3604.89898989899,3340.0,3900.0,110.71864877603839,198,560.0
Purulia,2023,Summer,2032.6,5.553551912568306,3253.0054644808743,1100.0,3500.0,180.30031256152515,366,2400.0
Purulia,2023,Winter,1256.6,5.983809523809524,3647.285714285714,3200.0,4000.0,212.4132567919684,210,800.0
South 24 Parganas,2012,Autumn,1115.0,7.101910828025478,2302.1019108280257,1600.0,3000.0,573.2509986875949,157,1400.0
South 24 Parganas,2012,Summer,2823.6,16.22758620689655,2222.816091954023,1500.0,2900.0,542.346220259463,174,1400.0
South 24 Parganas,2012,Winter,714.2,4.46375,2336.875,1600.0,2900.0,528.093982844892,160,1300.0
South 24 Parganas,2013,Summer,210.2,3.0028571428571427,2817.8571428571427,1900.0,3600.0,495.34322124391497,70,1700.0
South 24 Parganas,2014,Autumn,1323.1,12.482075471698112,3441.509433962264,2500.0,4200.0,633.8646279583833,106,1700.0
South 24 Parganas,2014,Summer,1291.0,6.297560975609756,3495.3658536585367,2600.0,4300.0,549.6348946853384,205,1700.0
South 24 Parganas,2014,Winter,4459.8,13.980564263322885,3128.6833855799373,2100.0,4400.0,709.8477270982063,319,2300.0
South 24 Parganas,2015,Autumn,3802.2,12.548514851485148,3100.1650165016504,1800.0,4000.0,830.3284512274635,303,2200.0
South 24 Parganas,2015,Summer,5775.3,11.346365422396858,2844.891944990177,2000.0,3800.0,592.5915973866463,509,1800.0
South 24 Parganas,2015,Winter,3793.4,13.79418181818182,2970.7272727272725,1850.0,4000.0,838.6029713735511,275,2150.0
South 24 Parganas,2016,Autumn,3932.6,12.936184210526315,3062.0131578947367,2250.0,3900.0,546.4793708792635,304,1650.0
South 24 Parganas,2016,Summer,7271.0,15.022727272727273,2889.0495867768595,1850.0,3800.0,612.3419436239487,484,1950.0
South 24 Parganas,2016,Winter,4728.8,16.0843537414966,2887.074829931973,1900.0,3700.0,612.5002872569963,294,1800.0
South 24 Parganas,2017,Autumn,5160.7,17.202333333333332,3148.5,2450.0,3900.0,492.8479281356053,300,1450.0
South 24 Parganas,2017,Summer,7826.9,16.54735729386892,2842.5369978858353,1900.0,3700.0,513.9333111508333,473,1800.0
South 24 Parganas,2017,Winter,7621.5,18.958955223880597,3405.223880597015,2500.0,4300.0,634.9033933046754,402,1800.0
South 24 Parganas,2018,Autumn,4800.0,20.338983050847457,3541.313559322034,2550.0,4450.0,753.5580645055293,236,1900.0
South 24 Parganas,2018,Summer,8906.2,20.760372960372962,3459.920745920746,2550.0,4400.0,691.7584144659816,429,1850.0
South 24 Parganas,2018,Winter,7337.0,20.962857142857143,3405.714285714286,1850.0,4450.0,835.4837855732403,350,2600.0
South 24 Parganas,2019,Autumn,3379.0,17.97340425531915,3511.5425531914893,2400.0,4400.0,678.7880543869882,188,2000.0
South 24 Parganas,2019,Summer,11347.7,20.40953237410072,3444.0647482014388,2350.0,4500.0,819.4872201006098,556,2150.0
South 24 Parganas,2019,Winter,4310.8,17.88713692946058,3212.448132780083,2350.0,4400.0,658.1940430756334,241,2050.0
South 24 Parganas,2020,Autumn,1157.5,15.641891891891891,2969.324324324324,2500.0,3300.0,244.49181895762624,74,800.0
South 24 Parganas,2020,Summer,2897.0,13.60093896713615,2857.042253521127,2450.0,3300.0,326.0283919494782,213,850.0
South 24 Parganas,2020,Winter,827.9,12.174999999999999,3067.6470588235293,2800.0,3300.0,153.02051025396727,68,500.0
South 24 Parganas,2021,Autumn,1240.3,6.890555555555555,3313.3333333333335,2400.0,4400.0,607.6697868352534,180,2000.0
South 24 Parganas,2021,Summer,2630.1,14.4510989010989,3027.4725274725274,2750.0,3350.0,126.85392832148742,182,600.0
South 24 Parganas,2021,Winter,1056.0,3.3846153846153846,3426.2820512820513,1400.0,4800.0,821.1541700528203,312,3400.0
South 24 Parganas,2022,Autumn,870.2,3.7834782608695656,3635.0,2400.0,5300.0,974.6587130821225,230,2900.0
South 24 Parganas,2022,Summer,1545.8,3.9035353535353536,3463.3838383838383,2300.0,5000.0,923.2908474603034,396,2700.0
South 24 Parganas,2022,Winter,1340.6,3.830285714285714,3564.0,2100.0,4800.0,966.896787811813,350,2700.0
South 24 Parganas,2023,Autumn,1661.8,7.041525423728813,3964.406779661017,2900.0,8500.0,896.6628839442401,236,5600.0
South 24 Parganas,2023,Summer,1918.6,4.5249999999999995,3770.990566037736,2400.0,5200.0,965.2265917561778,424,2800.0
South 24 Parganas,2023,Winter,874.2,3.539271255060729,3945.748987854251,2900.0,5000.0,817.4899279289211,247,2100.0
Uttar Dinajpur,2002,Winter,5333.0,144.13513513513513,933.1081081081081,900.0,1000.0,33.87787198467771,37,100.0
Uttar Dinajpur,2003,Autumn,2029.5,184.5,943.6363636363636,870.0,1050.0,53.48321741868701,11,180.0
Uttar Dinajpur,2003,Summer,3840.0,153.6,989.6,900.0,1000.0,29.080348461919584,25,100.0
Uttar Dinajpur,2003,Winter,419.5,52.4375,922.75,867.0,965.0,39.32193135788584,8,98.0
Uttar Dinajpur,2004,Autumn,5118.2,78.74153846153845,1107.1538461538462,950.0,1225.0,53.86593043416646,65,275.0
Uttar Dinajpur,2004,Winter,502.5,100.5,1144.0,1100.0,1200.0,37.815340802378095,5,100.0
Uttar Dinajpur,2005,Summer,858.0,95.33333333333333,1166.888888888889,1110.0,1370.0,81.46079493296828,9,260.0
Uttar Dinajpur,2005,Winter,3785.0,94.625,1087.675,1050.0,1240.0,64.22372255219669,40,190.0
Uttar Dinajpur,2006,Autumn,2855.1,77.16486486486487,1194.4594594594594,1070.0,1345.0,79.18669732368603,37,275.0
Uttar Dinajpur,2006,Summer,3876.6,82.48085106382979,1139.6382978723404,1050.0,1250.0,69.12384145799005,47,200.0
Uttar Dinajpur,2006,Winter,4942.0,112.31818181818181,1307.159090909091,1250.0,1390.0,31.721860397229367,44,140.0
Uttar Dinajpur,2007,Autumn,3199.7,63.994,1536.8,1400.0,1675.0,74.97455350630233,50,275.0
Uttar Dinajpur,2007,Summer,7341.1,62.74444444444445,1380.128205128205,1245.0,1450.0,44.704304055213754,117,205.0
Uttar Dinajpur,2007,Winter,3108.5,66.13829787234043,1548.936170212766,1450.0,1890.0,77.47325043419806,47,440.0
Uttar Dinajpur,2008,Autumn,151.0,50.333333333333336,1700.0,1700.0,1700.0,0.0,3,0.0
Uttar Dinajpur,2008,Summer,2233.5,57.26923076923077,1622.051282051282,1590.0,1800.0,38.53771134462336,39,210.0
Uttar Dinajpur,2008,Winter,2571.5,59.80232558139535,1638.4883720930231,1530.0,1700.0,56.373909911548516,43,170.0
Uttar Dinajpur,2009,Autumn,23647.5,262.75,1947.2222222222222,1770.0,2100.0,95.48254476372523,90,330.0
Uttar Dinajpur,2009,Summer,9149.5,93.36224489795919,1735.6734693877552,1560.0,2000.0,102.51143014068579,98,440.0
Uttar Dinajpur,2009,Winter,11170.5,44.32738095238095,2143.4126984126983,1750.0,2450.0,115.42775252618996,252,700.0
Uttar Dinajpur,2010,Autumn,4740.0,24.559585492227978,2430.699481865285,2400.0,2700.0,31.240045910339813,193,300.0
Uttar Dinajpur,2010,Summer,9537.4,26.640782122905026,2234.8603351955308,2050.0,2450.0,93.61691138553068,358,400.0
Uttar Dinajpur,2010,Winter,10817.0,36.29865771812081,2164.010067114094,1650.0,2480.0,187.48362864373846,298,830.0
Uttar Dinajpur,2011,Autumn,8249.4,40.438235294117646,2290.7598039215686,2000.0,2500.0,95.3876516672982,204,500.0
Uttar Dinajpur,2011,Summer,9698.6,33.911188811188815,2128.7937062937062,1950.0,2400.0,66.65461720944772,286,450.0
Uttar Dinajpur,2011,Winter,10496.1,36.958098591549295,2178.5915492957747,1650.0,2450.0,262.0410281292474,284,800.0
Uttar Dinajpur,2012,Autumn,9584.5,40.95940170940171,2345.8333333333335,1875.0,2550.0,227.38070493896538,234,675.0
Uttar Dinajpur,2012,Summer,10417.3,25.78539603960396,2189.232673267327,1675.0,2500.0,250.90734663875944,404,825.0
Uttar Dinajpur,2012,Winter,9197.5,30.864093959731544,2368.540268456376,1850.0,2550.0,253.2578304337729,298,700.0
Uttar Dinajpur,2013,Autumn,3891.5,42.29891304347826,2797.8260869565215,2700.0,2900.0,51.30872056968317,92,200.0
Uttar Dinajpur,2013,Summer,10584.0,40.243346007604565,2503.783269961977,2010.0,2800.0,199.43776551710886,263,790.0
Uttar Dinajpur,2013,Winter,6919.5,42.45092024539877,2716.871165644172,2500.0,2950.0,129.24529970865885,163,450.0
Uttar Dinajpur,2014,Autumn,2565.2,11.104761904761904,2632.4675324675327,2400.0,2800.0,115.56089128009557,231,400.0
Uttar Dinajpur,2014,Summer,9507.5,22.636904761904763,2671.8809523809523,2370.0,2900.0,162.78244444245564,420,530.0
Uttar Dinajpur,2014,Winter,7104.0,22.76923076923077,2381.8108974358975,2100.0,2750.0,159.76924520589517,312,650.0
Uttar Dinajpur,2015,Autumn,2192.5,8.840725806451612,2524.6975806451615,2050.0,2950.0,321.2456922854171,248,900.0
Uttar Dinajpur,2015,Summer,6311.5,14.956161137440759,2358.4715639810424,2100.0,2650.0,177.95078691142115,422,550.0
Uttar Dinajpur,2015,Winter,3606.5,10.765671641791045,2467.582089552239,2050.0,2820.0,257.6958675596054,335,770.0
Uttar Dinajpur,2016,Autumn,2804.2,11.445714285714285,2612.1020408163267,2350.0,2800.0,148.52336639287057,245,450.0
Uttar Dinajpur,2016,Summer,3388.8,8.08782816229117,2421.8377088305488,2150.0,2900.0,216.11170780243143,419,750.0
Uttar Dinajpur,2016,Winter,7203.5,22.58150470219436,2472.9310344827586,2150.0,2750.0,157.79618733744732,319,600.0
Uttar Dinajpur,2017,Autumn,3908.0,15.632,2907.4,2750.0,3200.0,82.35514238899513,250,450.0
Uttar Dinajpur,2017,Summer,7141.5,17.46088019559902,2587.8973105134473,2150.0,2850.0,177.6072700375744,409,700.0
Uttar Dinajpur,2017,Winter,7831.0,23.44610778443114,3212.574850299401,2900.0,3500.0,116.3404142085014,334,600.0
Uttar Dinajpur,2018,Autumn,3446.0,13.784,3340.8,3150.0,3450.0,73.32712642589759,250,300.0
Uttar Dinajpur,2018,Summer,8117.0,19.234597156398106,3244.78672985782,2850.0,3500.0,120.50498265575004,422,650.0
Uttar Dinajpur,2018,Winter,7490.0,22.835365853658537,3400.4573170731705,3150.0,3550.0,84.36543856689238,328,400.0
Uttar Dinajpur,2019,Autumn,4027.0,17.662280701754387,3569.7368421052633,3450.0,3750.0,88.08246562862128,228,300.0
Uttar Dinajpur,2019,Summer,7304.0,17.308056872037916,3490.2843601895734,1900.0,3650.0,117.62864667954351,422,1750.0
Uttar Dinajpur,2019,Winter,7049.0,25.265232974910393,3525.6272401433694,3250.0,3800.0,151.6013471705926,279,550.0
Uttar Dinajpur,2020,Autumn,1919.0,12.966216216216216,3276.0135135135133,3050.0,3400.0,87.378602782981,148,350.0
Uttar Dinajpur,2020,Summer,2232.3,6.889814814814815,3257.8395061728397,2650.0,5000.0,250.82333559502075,324,2350.0
Uttar Dinajpur,2020,Winter,3454.0,12.888059701492537,2916.60447761194,2600.0,3200.0,163.85581122212824,268,600.0
Uttar Dinajpur,2021,Autumn,1940.5,11.281976744186046,3621.5116279069766,3300.0,3800.0,153.52404190532616,172,500.0
Uttar Dinajpur,2021,Summer,2332.0,8.240282685512367,3443.8162544169613,1700.0,3700.0,164.7766427754873,283,2000.0
Uttar Dinajpur,2021,Winter,6269.0,21.542955326460483,3539.3470790378005,2050.0,7100.0,274.56533639251535,291,5050.0
Uttar Dinajpur,2022,Autumn,5515.0,22.41869918699187,3537.8048780487807,2400.0,3900.0,206.0157972360406,246,1500.0
Uttar Dinajpur,2022,Summer,4664.0,12.273684210526316,3445.0,3300.0,3700.0,123.71236534950506,380,400.0
Uttar Dinajpur,2022,Winter,7490.0,24.39739413680782,3785.342019543974,1000.0,5700.0,270.7049565302154,307,4700.0
Uttar Dinajpur,2023,Autumn,3172.0,14.822429906542055,3826.1682242990655,3500.0,4000.0,114.51998091083497,214,500.0
Uttar Dinajpur,2023,Summer,7520.5,20.216397849462364,3780.712365591398,2125.0,4000.0,218.0360527021777,372,1875.0
Uttar Dinajpur,2023,Winter,3217.0,13.986956521739131,3840.4347826086955,2800.0,4100.0,128.7147844193451,230,1300.0
