State_Name,District,Year,Season,Crop,Area,Production,yield,Rice_Yield_t_ha,Rice_Yield_kg_ha,PRECTOTCORR,T2M,T2M_MIN,T2M_MAX,RH2M,ALLSKY_SFC_SW_DWN,WS2M,Weather_Days,NDVI
West Bengal,Darjeeling,1997,Summer,Rice,125.0,350.0,2.8,2.8,2800.0,285.14,20.73639344262295,15.083524590163934,27.224754098360656,46.20745901639344,17.970000000000002,1.582295081967213,122.0,
West Bengal,Darjeeling,1999,Summer,Rice,392.0,1060.0,2.704081632653061,2.704081632653061,2704.081632653061,338.37,21.82450819672131,16.31377049180328,28.363360655737704,47.50549180327869,17.984098360655736,1.5545901639344262,122.0,
West Bengal,Darjeeling,2000,Summer,Rice,469.0,1213.0,2.5863539445629,2.5863539445629,2586.3539445629,338.51,20.627704918032787,15.609098360655738,26.715819672131147,54.48934426229508,16.29377049180328,1.5064754098360655,122.0,0.5602843768520616
West Bengal,Darjeeling,1998,Summer,Rice,394.0,1379.0,3.5,3.5,3500.0,360.81,20.764016393442624,15.674590163934424,26.855737704918035,55.87352459016393,18.243524590163936,1.5165573770491805,122.0,
West Bengal,Darjeeling,2004,Autumn,Rice,4891.0,1581.0,0.3232467797996319,0.3232467797996319,323.24677979963195,1111.49,22.07986928104575,18.75705882352941,26.072418300653595,81.28928104575164,14.274705882352942,1.3483006535947712,153.0,0.7364922380831721
West Bengal,South 24 Parganas,2007,Autumn,Rice,780.0,1793.0,2.2987179487179485,2.2987179487179485,2298.7179487179487,1721.4,29.050849673202613,27.248235294117645,31.378627450980392,83.82542483660131,16.50901960784314,3.694313725490196,153.0,0.4919045215327156
West Bengal,Darjeeling,2001,Summer,Rice,1025.0,2096.0,2.044878048780488,2.044878048780488,2044.878048780488,355.37,20.95122950819672,15.77139344262295,27.169590163934423,52.705163934426224,17.472868852459015,1.5236065573770492,122.0,0.5675848536815148
West Bengal,Darjeeling,2004,Summer,Rice,1177.0,2248.0,1.9099405267629568,1.9099405267629568,1909.9405267629568,307.58,21.258688524590163,16.377131147540982,27.21237704918033,57.66524590163935,15.359180327868852,1.4934426229508195,122.0,0.6277477547920215
West Bengal,Darjeeling,2005,Summer,Rice,1288.0,2408.0,1.8695652173913044,1.8695652173913044,1869.5652173913045,270.02,21.148360655737704,15.809016393442624,27.372213114754096,53.40090163934426,16.08762295081967,1.475655737704918,122.0,0.6231214549132564
West Bengal,Darjeeling,2003,Summer,Rice,1215.0,2503.0,2.060082304526749,2.060082304526749,2060.0823045267493,290.52,20.84352459016393,15.700573770491804,26.966475409836065,54.151065573770495,15.699180327868852,1.4610655737704918,122.0,0.6000988539293476
West Bengal,Darjeeling,2002,Summer,Rice,1604.0,2569.0,1.6016209476309229,1.6016209476309229,1601.6209476309227,348.6,20.592377049180328,15.821967213114752,26.449918032786883,59.94073770491803,17.16713114754098,1.4749180327868852,122.0,0.6081928435392382
West Bengal,Cooch Behar,2010,Autumn,Rice,1733.0,2756.0,1.590305828043855,1.590305828043855,1590.3058280438547,1917.05,27.83333333333333,24.683856209150328,31.469673202614377,82.67202614379084,15.544444444444446,1.2087581699346406,153.0,0.6529821720806278
West Bengal,Darjeeling,2006,Summer,Rice,1536.0,3181.0,2.0709635416666665,2.0709635416666665,2070.9635416666665,324.93,20.96155737704918,15.919344262295082,27.068688524590165,54.90909836065573,15.91967213114754,1.4987704918032787,122.0,0.6044301354628969
West Bengal,Purulia,2010,Autumn,Rice,122.0,35.0,0.2868852459016393,0.2868852459016393,286.88524590163934,739.33,29.9102614379085,25.57065359477124,35.102679738562095,69.3554248366013,18.565751633986928,2.3812418300653597,153.0,0.4504203780457919
West Bengal,Darjeeling,2007,Summer,Rice,1498.0,3659.0,2.442590120160214,2.442590120160214,2442.5901201602137,404.52,20.982868852459013,16.112377049180328,26.81131147540984,58.71065573770492,17.23237704918033,1.4619672131147543,122.0,0.6470241163613252
West Bengal,Darjeeling,1997,Autumn,Rice,6540.0,4230.0,0.6467889908256881,0.6467889908256881,646.7889908256881,959.33,22.483398692810457,18.69986928104575,26.8659477124183,74.62235294117647,17.89202614379085,1.3877777777777778,153.0,
West Bengal,Paschim Bardhaman,2017,Autumn,Rice,15.0,43.0,2.8666666666666667,2.8666666666666667,2866.6666666666665,1626.6,29.471241830065363,25.84712418300653,33.72483660130719,78.08738562091504,17.184444444444445,2.130849673202614,153.0,0.5515299519659994
West Bengal,South 24 Parganas,1997,Autumn,Rice,2409.0,5270.0,2.187629721876297,2.187629721876297,2187.629721876297,1326.73,28.867581699346403,26.98777777777778,31.40993464052288,84.13568627450981,16.80045751633987,3.738888888888889,153.0,
West Bengal,Darjeeling,1998,Autumn,Rice,6190.0,5460.0,0.8820678513731826,0.8820678513731826,882.0678513731825,1078.42,22.616666666666667,19.33098039215686,26.566339869281045,81.15503267973855,16.43176470588235,1.3334640522875818,153.0,
West Bengal,Birbhum,2009,Autumn,Rice,1840.0,5464.0,2.9695652173913043,2.9695652173913043,2969.5652173913045,1163.28,29.619281045751634,25.784901960784318,34.045424836601306,76.28189542483659,17.897450980392158,2.237712418300654,153.0,0.5265896982476955
West Bengal,Cooch Behar,2009,Autumn,Rice,4090.0,5885.0,1.438875305623472,1.438875305623472,1438.875305623472,1579.0,28.11673202614379,24.669738562091503,32.029934640522875,79.64849673202615,16.19411764705882,1.252549019607843,153.0,0.659115401447549
West Bengal,Birbhum,2011,Autumn,Rice,2554.0,5902.0,2.3108848864526235,2.3108848864526235,2310.8848864526235,1430.05,28.780718954248364,25.477254901960784,32.6237908496732,81.57692810457516,17.06751633986928,2.31202614379085,153.0,0.5607015166519508
West Bengal,Darjeeling,2008,Autumn,Rice,3615.0,5904.0,1.633195020746888,1.633195020746888,1633.1950207468878,1165.91,22.0140522875817,18.760261437908497,25.89555555555556,82.59274509803922,14.49562091503268,1.2896732026143791,153.0,0.7526987551790892
West Bengal,Darjeeling,2007,Autumn,Rice,3818.0,6193.0,1.6220534311157675,1.6220534311157675,1622.0534311157676,1382.47,22.23176470588235,18.96666666666667,26.06130718954249,81.69601307189542,15.367647058823527,1.3204575163398693,153.0,0.746049491550187
West Bengal,Birbhum,2012,Autumn,Rice,2477.0,6209.0,2.5066612838110616,2.5066612838110616,2506.6612838110614,879.97,30.41313725490196,26.25111111111111,35.11339869281046,72.00411764705882,17.9,2.176143790849673,153.0,0.5094238092597974
West Bengal,South 24 Parganas,2005,Autumn,Rice,2163.0,6267.0,2.897364771151179,2.897364771151179,2897.364771151179,1150.21,29.18418300653595,27.32078431372549,31.71882352941176,83.80418300653595,17.14967320261438,3.776993464052288,153.0,0.546799965139528
West Bengal,Birbhum,2013,Autumn,Rice,2763.0,6327.0,2.2899022801302933,2.2899022801302933,2289.902280130293,1158.75,29.11856209150327,25.829281045751635,32.973660130718955,80.88522875816994,16.96359477124183,2.141372549019608,153.0,0.5923902487201705
West Bengal,Cooch Behar,2012,Autumn,Rice,4214.0,6367.0,1.5109159943046986,1.5109159943046986,1510.9159943046986,1569.56,28.50764705882353,25.14058823529412,32.334640522875816,79.93986928104574,15.630653594771244,1.1905228758169937,153.0,0.6638597382676651
West Bengal,Birbhum,2014,Autumn,Rice,2585.0,6721.0,2.6,2.6,2600.0,1026.94,30.200000000000003,26.37235294117647,34.68281045751634,74.5021568627451,17.62535947712418,2.238888888888889,153.0,0.5395536716348311
West Bengal,Cooch Behar,2011,Autumn,Rice,4218.0,6923.0,1.6412991939307728,1.6412991939307728,1641.2991939307728,1859.71,27.965228758169932,24.606339869281047,31.86686274509804,80.40326797385622,16.20169934640523,1.3130065359477123,153.0,0.6627919906344746
West Bengal,Darjeeling,2005,Autumn,Rice,4376.0,6964.0,1.5914076782449726,1.5914076782449726,1591.4076782449729,1103.0,22.4537908496732,18.85222222222222,26.64934640522876,78.22352941176472,15.327777777777778,1.3198692810457515,153.0,0.7438114257685469
West Bengal,Birbhum,2010,Autumn,Rice,2619.0,7105.0,2.71286750668194,2.71286750668194,2712.86750668194,850.48,29.655751633986927,25.811633986928104,34.30777777777778,76.61967320261438,18.03326797385621,2.336143790849673,153.0,0.4940680299392432
West Bengal,Cooch Behar,2013,Autumn,Rice,4170.0,7106.0,1.704076738609113,1.704076738609113,1704.076738609113,1537.01,28.105947712418303,24.96921568627451,31.663856209150325,81.78111111111112,16.42169934640523,1.0830718954248366,153.0,0.6771330505835504
West Bengal,Cooch Behar,2014,Autumn,Rice,4050.0,7113.0,1.7562962962962962,1.7562962962962962,1756.2962962962963,1507.39,28.72143790849673,25.431633986928105,32.52333333333333,79.04352941176471,15.649215686274507,1.227516339869281,153.0,0.6570525724068282
West Bengal,South 24 Parganas,2004,Autumn,Rice,3151.0,7148.0,2.268486194858775,2.268486194858775,2268.486194858775,1157.87,29.033660130718957,27.172156862745094,31.56333333333333,83.7156862745098,16.765228758169933,3.8406535947712417,153.0,0.5220172326479687
West Bengal,Darjeeling,1999,Autumn,Rice,5213.0,7540.0,1.4463840399002494,1.4463840399002494,1446.3840399002495,1071.87,22.266601307189543,18.876601307189546,26.296797385620916,80.98235294117647,16.442549019607842,1.351437908496732,153.0,
West Bengal,South 24 Parganas,1998,Autumn,Rice,4337.0,7600.0,1.7523633848282223,1.7523633848282223,1752.3633848282225,1190.45,29.23679738562091,27.46372549019608,31.68555555555556,84.55019607843137,16.621372549019608,3.8973856209150326,153.0,
West Bengal,South 24 Parganas,2009,Autumn,Rice,3375.0,7686.0,2.277333333333333,2.277333333333333,2277.333333333333,1386.18,29.08248366013072,27.281372549019608,31.47908496732026,84.39830065359477,16.596078431372547,3.5782352941176474,153.0,0.5393814783571663
West Bengal,Darjeeling,2000,Autumn,Rice,5369.0,8210.0,1.5291488172844103,1.5291488172844103,1529.1488172844106,761.22,22.225424836601302,18.955424836601303,26.303006535947716,82.17797385620915,14.798562091503268,1.3573202614379083,153.0,0.7333503768788255
West Bengal,Darjeeling,2001,Autumn,Rice,6125.0,8821.0,1.4401632653061225,1.4401632653061225,1440.1632653061224,890.43,22.44111111111111,19.06732026143791,26.595359477124184,81.92418300653594,15.631503267973857,1.3334640522875818,153.0,0.7372368471230949
West Bengal,Darjeeling,2006,Autumn,Rice,4356.0,8888.0,2.04040404040404,2.04040404040404,2040.40404040404,1092.44,22.369477124183007,19.044705882352943,26.414183006535943,81.18542483660131,15.464313725490197,1.3747058823529412,153.0,0.7544010639084187
West Bengal,South 24 Parganas,2012,Autumn,Rice,3887.0,8958.0,2.3046050939027527,2.3046050939027527,2304.6050939027527,934.31,29.33607843137255,27.36901960784314,32.074509803921565,82.37320261437908,17.021437908496733,3.912549019607843,153.0,0.5088195254288981
West Bengal,South 24 Parganas,2008,Autumn,Rice,4374.0,9064.0,2.0722450845907634,2.0722450845907634,2072.245084590764,1352.99,28.712875816993463,27.00150326797385,30.98588235294118,84.95673202614378,16.513986928104575,3.724444444444445,153.0,0.5435887823735341
West Bengal,Darjeeling,2003,Autumn,Rice,5532.0,9152.0,1.6543745480838756,1.6543745480838756,1654.3745480838757,874.93,22.416078431372547,18.94333333333333,26.535686274509803,78.74790849673202,14.963333333333331,1.3305228758169934,153.0,0.724491033895377
West Bengal,Darjeeling,2002,Autumn,Rice,5914.0,9317.0,1.575414271220832,1.575414271220832,1575.4142712208318,932.49,22.020392156862744,18.66111111111111,26.127843137254903,81.7440522875817,15.11529411764706,1.3257516339869282,153.0,0.7568734687359239
West Bengal,Birbhum,2000,Autumn,Rice,5009.0,10440.0,2.084248352964664,2.084248352964664,2084.248352964664,1045.42,28.781633986928107,25.41934640522876,32.81457516339869,81.23993464052288,17.358039215686276,2.3515686274509804,153.0,0.4900247873411958
West Bengal,South 24 Parganas,1999,Autumn,Rice,5314.0,10920.0,2.0549491908167106,2.0549491908167106,2054.9491908167106,1609.23,28.684640522875817,26.938496732026145,31.070457516339868,84.67633986928104,15.890130718954248,3.8895424836601302,153.0,
West Bengal,South 24 Parganas,2013,Autumn,Rice,4033.0,10921.0,2.7079097446069924,2.7079097446069924,2707.9097446069923,1477.99,28.94588235294118,27.26111111111111,31.25862745098039,84.71594771241831,16.062418300653597,3.93124183006536,153.0,0.6113917334417748
West Bengal,Cooch Behar,2006,Autumn,Rice,12407.0,10987.0,0.885548480696381,0.885548480696381,885.548480696381,1254.11,28.207843137254905,24.75980392156863,32.171437908496735,78.78091503267973,16.241960784313726,1.284640522875817,153.0,0.6443726478126771
West Bengal,South 24 Parganas,2010,Autumn,Rice,5755.0,11330.0,1.9687228496959168,1.9687228496959168,1968.7228496959167,1130.89,29.146797385620918,27.442875816993464,31.510718954248368,84.01124183006536,17.387712418300655,3.5823529411764707,153.0,0.5552568504121367
West Bengal,Birbhum,2003,Autumn,Rice,5091.0,12214.0,2.399135729719112,2.399135729719112,2399.135729719112,761.68,29.857450980392155,26.027189542483654,34.42143790849673,74.91856209150328,18.04686274509804,2.341045751633987,153.0,0.4781555657127681
West Bengal,Birbhum,2008,Autumn,Rice,4578.0,12512.0,2.73307121013543,2.73307121013543,2733.07121013543,1120.54,28.963006535947716,25.580065359477125,32.922745098039215,79.81993464052287,17.028039215686274,2.078888888888889,153.0,0.5413491058872174
West Bengal,South 24 Parganas,2000,Autumn,Rice,6927.0,12540.0,1.8103074924209612,1.8103074924209612,1810.3074924209611,1238.06,28.475490196078432,26.852026143790848,30.64732026143791,86.29633986928104,16.34908496732026,3.6949673202614384,153.0,0.5470964253020683
West Bengal,Birbhum,2007,Autumn,Rice,4788.0,12599.0,2.631370091896408,2.631370091896408,2631.370091896408,1506.36,29.286993464052287,25.83856209150327,33.211633986928106,79.03856209150327,17.567581699346405,2.2767973856209154,153.0,0.5486228608208108
West Bengal,South 24 Parganas,2014,Autumn,Rice,5050.0,12760.0,2.5267326732673268,2.5267326732673268,2526.732673267327,1252.12,29.512875816993464,27.62032679738562,32.0618954248366,82.8478431372549,16.835816993464054,3.9325490196078423,153.0,0.5651676806419952
West Bengal,Purulia,2013,Autumn,Rice,92.0,128.0,1.391304347826087,1.391304347826087,1391.304347826087,1253.93,28.64647058823529,25.0281045751634,32.82856209150327,77.9048366013072,17.49359477124183,2.08359477124183,153.0,0.5152136899885841
West Bengal,Birbhum,2005,Autumn,Rice,5233.0,12986.0,2.4815593349894898,2.4815593349894898,2481.55933498949,769.8100000000001,30.405228758169933,26.22183006535948,35.166143790849674,71.89117647058823,18.252091503267977,2.310392156862745,153.0,0.5392169684087588
West Bengal,Birbhum,2004,Autumn,Rice,5149.0,13174.0,2.558555059234803,2.558555059234803,2558.555059234803,1023.41,29.48,25.91509803921569,33.70294117647059,76.89862745098038,18.044117647058822,2.537777777777778,153.0,0.5320559785056438
West Bengal,Purulia,2009,Autumn,Rice,162.0,134.0,0.8271604938271605,0.8271604938271605,827.1604938271605,1123.62,29.224444444444444,25.126078431372548,33.90281045751634,73.69366013071895,18.21450980392157,2.193137254901961,153.0,0.4951339409671515
West Bengal,Birbhum,2001,Autumn,Rice,6476.0,15614.0,2.411056207535516,2.411056207535516,2411.056207535516,1112.36,28.90640522875817,25.641503267973857,32.86300653594771,81.68281045751634,17.561830065359477,2.3797385620915037,153.0,0.5490941861578645
West Bengal,Birbhum,2006,Autumn,Rice,6086.0,15768.0,2.590864278672363,2.590864278672363,2590.8642786723626,1196.3,28.936013071895424,25.64281045751634,32.82326797385621,80.72398692810458,17.54954248366013,2.2167973856209158,153.0,0.555068871648213
West Bengal,Cooch Behar,2007,Autumn,Rice,12303.0,16627.0,1.351458993741364,1.351458993741364,1351.458993741364,1523.23,28.336209150326795,24.752418300653595,32.40882352941176,78.07673202614379,15.775555555555554,1.27,153.0,0.6453340261537203
West Bengal,Birbhum,2002,Autumn,Rice,6305.0,16769.0,2.659635210150674,2.659635210150674,2659.635210150674,994.61,29.43058823529412,25.84745098039216,33.74901960784314,77.6456862745098,17.069411764705883,2.28078431372549,153.0,0.5484881929918772
West Bengal,South 24 Parganas,2011,Autumn,Rice,7396.0,17323.0,2.3422120064899947,2.3422120064899947,2342.2120064899946,1564.6,28.82202614379085,27.09300653594771,31.109346405228763,84.90117647058823,15.931960784313729,3.5740522875817,153.0,0.5488062445212312
West Bengal,Cooch Behar,2005,Autumn,Rice,12032.0,17728.0,1.4734042553191489,1.4734042553191489,1473.404255319149,1472.59,28.56705882352941,24.91078431372549,32.69529411764706,76.36470588235294,16.101895424836602,1.2468627450980392,153.0,0.6352798621644318
West Bengal,Cooch Behar,2004,Autumn,Rice,14031.0,18116.0,1.2911410448293066,1.2911410448293066,1291.1410448293066,1473.5,27.863594771241832,24.55156862745098,31.70712418300653,80.6970588235294,15.08627450980392,1.3269281045751635,153.0,0.608521921227562
West Bengal,South 24 Parganas,2006,Autumn,Rice,8002.0,18174.0,2.271182204448888,2.271182204448888,2271.182204448888,1521.64,28.76437908496732,27.09679738562092,30.94941176470588,85.31241830065359,16.463202614379085,3.6775816993464048,153.0,0.5031187553568337
West Bengal,Paschim Bardhaman,2019,Autumn,Rice,65.0,192.0,2.953846153846154,2.953846153846154,2953.846153846154,944.59,30.340784313725493,26.105947712418303,35.25947712418301,72.09751633986929,17.936601307189544,2.3973856209150326,153.0,0.5467440470980929
West Bengal,Birbhum,1997,Autumn,Rice,8342.0,20290.0,2.432270438743706,2.432270438743706,2432.2704387437066,1043.31,29.770326797385614,25.819934640522877,34.29614379084968,73.81326797385621,17.58686274509804,2.336143790849673,153.0,
West Bengal,Birbhum,1999,Autumn,Rice,9372.0,20880.0,2.227912932138284,2.227912932138284,2227.9129321382843,1093.32,29.135098039215688,25.75457516339869,33.14339869281046,79.00104575163398,16.913267973856208,2.351503267973856,153.0,
West Bengal,Cooch Behar,2008,Autumn,Rice,12953.0,21467.0,1.6572994673048715,1.6572994673048715,1657.2994673048715,1312.59,28.077320261437908,24.74490196078431,31.918039215686274,79.72640522875817,15.77065359477124,1.214640522875817,153.0,0.6330949386303768
West Bengal,Purulia,2011,Autumn,Rice,200.0,245.0,1.225,1.225,1225.0,1595.05,28.555947712418305,24.9943137254902,32.78359477124183,78.42437908496733,17.34823529411765,2.235424836601307,153.0,0.5172676932604882
West Bengal,Bardhaman,2013,Autumn,Rice,9356.0,25163.0,2.6895040615647714,2.6895040615647714,2689.5040615647717,,,,,,,,,
West Bengal,Birbhum,1998,Autumn,Rice,8863.0,25360.0,2.861333634209636,2.861333634209636,2861.3336342096354,980.04,29.934117647058823,26.259738562091503,34.31346405228758,76.47045751633986,17.88901960784314,2.2968627450980392,153.0,
West Bengal,Bardhaman,2010,Autumn,Rice,9285.0,26478.0,2.851696284329564,2.851696284329564,2851.696284329564,,,,,,,,,
West Bengal,Uttar Dinajpur,2001,Autumn,Rice,257.0,280.0,1.0894941634241244,1.0894941634241244,1089.4941634241245,1031.74,29.64745098039216,26.208039215686277,33.5664705882353,78.03601307189543,17.821176470588235,2.3611764705882354,153.0,0.5720275735501106
West Bengal,Purulia,2010,Summer,Rice,105.0,281.0,2.676190476190476,2.676190476190476,2676.190476190476,187.03,31.65934426229508,24.61581967213115,39.63508196721311,41.59557377049181,21.673360655737707,2.171065573770492,122.0,0.3066571225449775
West Bengal,Bardhaman,2012,Autumn,Rice,9293.0,28765.0,3.0953405789303776,3.0953405789303776,3095.340578930377,,,,,,,,,
West Bengal,Bankura,2010,Autumn,Rice,12991.0,29828.0,2.296051112308521,2.296051112308521,2296.0511123085216,780.52,29.81130718954249,25.83816993464052,34.78490196078432,74.35875816993463,18.03326797385621,2.4866666666666664,153.0,0.5114206428305367
West Bengal,Purulia,2011,Summer,Rice,122.0,301.0,2.4672131147540983,2.4672131147540983,2467.213114754098,650.06,29.75983606557377,23.395573770491804,36.9633606557377,49.83336065573771,20.247131147540983,2.088770491803279,122.0,0.3531252965436637
West Bengal,Bardhaman,2011,Autumn,Rice,10169.0,30638.0,3.01288228931065,3.01288228931065,3012.88228931065,,,,,,,,,
West Bengal,Purulia,2012,Autumn,Rice,123.0,308.0,2.5040650406504064,2.5040650406504064,2504.0650406504064,1128.45,29.82875816993464,25.58156862745098,34.644705882352945,69.96601307189542,18.324052287581697,2.0447712418300656,153.0,0.4764945545432237
West Bengal,Cooch Behar,2003,Autumn,Rice,17369.0,30968.0,1.7829466290517588,1.7829466290517588,1782.946629051759,1226.83,28.422287581699344,24.921045751633983,32.42470588235294,77.5754248366013,16.338039215686273,1.268235294117647,153.0,0.5885333910662897
West Bengal,Paschim Bardhaman,2018,Autumn,Rice,100.0,313.0,3.13,3.13,3130.0,1100.93,29.41143790849673,25.642875816993463,33.84006535947712,76.79712418300655,16.605098039215687,2.2393464052287584,153.0,0.5435916906539148
West Bengal,South 24 Parganas,2001,Autumn,Rice,11309.0,31783.0,2.810416482447608,2.810416482447608,2810.416482447608,1383.43,28.585228758169933,26.954509803921567,30.770326797385614,86.65326797385622,16.46653594771242,3.673006535947712,153.0,0.5935607635691763
West Bengal,Darjeeling,1998,Winter,Rice,29856.0,32490.0,1.0882234726688105,1.0882234726688105,1088.2234726688102,1130.53,20.99934426229508,18.035573770491805,24.918360655737708,82.47251366120219,15.289890710382515,1.1820218579234971,183.0,
West Bengal,South 24 Parganas,2002,Autumn,Rice,14120.0,33419.0,2.366784702549575,2.366784702549575,2366.784702549575,1210.48,29.000457516339868,27.095294117647057,31.583921568627453,84.52065359477125,16.187385620915034,3.67156862745098,153.0,0.5554583209905964
West Bengal,North 24 Parganas,2003,Autumn,Rice,13747.0,33482.0,2.4355859460245872,2.4355859460245872,2435.5859460245874,935.73,29.401568627450978,26.638692810457517,33.22300653594771,81.65888888888888,17.277058823529412,2.647581699346405,153.0,0.5012678708717077
West Bengal,North 24 Parganas,1997,Autumn,Rice,15017.0,33840.0,2.253446094426317,2.253446094426317,2253.446094426317,1265.07,28.771895424836604,26.153529411764705,32.28764705882353,83.86934640522875,16.80045751633987,2.495751633986928,153.0,
West Bengal,Bardhaman,2000,Autumn,Rice,18791.0,34070.0,1.813102016922995,1.813102016922995,1813.102016922995,,,,,,,,,
West Bengal,South 24 Parganas,2003,Autumn,Rice,16217.0,34196.0,2.1086514151816,2.1086514151816,2108.6514151815995,1005.09,29.265816993464053,27.34,31.981503267973856,82.98529411764706,17.277058823529412,3.914444444444445,153.0,0.5133504713899574
West Bengal,Darjeeling,1997,Winter,Rice,28884.0,34960.0,1.210358676083645,1.210358676083645,1210.358676083645,921.31,20.323497267759564,17.051147540983607,24.587158469945354,77.89633879781421,16.305628415300546,1.2116939890710383,183.0,
West Bengal,Bardhaman,2009,Autumn,Rice,12066.0,35141.0,2.9123984750538705,2.9123984750538705,2912.3984750538707,,,,,,,,,
West Bengal,Cooch Behar,2002,Autumn,Rice,22774.0,35727.0,1.5687626240449637,1.5687626240449637,1568.7626240449636,1587.59,27.662091503267973,24.35065359477124,31.48581699346405,81.61307189542484,15.0778431372549,1.2869281045751635,153.0,0.6354207508278367
West Bengal,North 24 Parganas,2012,Autumn,Rice,13891.0,36080.0,2.597365200489526,2.597365200489526,2597.3652004895257,960.26,29.528562091503268,26.671045751633983,33.420392156862746,80.68137254901961,17.021437908496733,2.716078431372549,153.0,0.4971960823205045
West Bengal,Cooch Behar,1997,Summer,Rice,16269.0,38900.0,2.3910504640727765,2.3910504640727765,2391.050464072777,431.28,28.127459016393445,21.627459016393445,34.98049180327869,44.22229508196721,17.894426229508195,1.4256557377049182,122.0,
West Bengal,North 24 Parganas,2002,Autumn,Rice,17781.0,39008.0,2.193802373319836,2.193802373319836,2193.802373319836,1171.12,28.947254901960783,26.321176470588235,32.390326797385626,84.4243137254902,16.187385620915034,2.4444444444444446,153.0,0.5293410602594689
West Bengal,Bankura,2005,Autumn,Rice,15721.0,39188.0,2.4927167482984545,2.4927167482984545,2492.7167482984546,794.54,30.131111111111117,25.985490196078437,35.14339869281046,72.6762091503268,18.252091503267977,2.4469281045751634,153.0,0.529506098957074
West Bengal,Bankura,2009,Autumn,Rice,13467.0,40636.0,3.0174500631172494,3.0174500631172494,3017.4500631172496,1215.33,29.366993464052285,25.61111111111111,33.86307189542484,77.32078431372548,17.897450980392158,2.317843137254902,153.0,0.5514912962983953
West Bengal,North 24 Parganas,2010,Autumn,Rice,18514.0,42008.0,2.2689856324943287,2.2689856324943287,2268.985632494329,1177.7,28.85738562091504,26.428039215686272,32.22156862745098,85.09633986928104,17.387712418300655,2.3809150326797384,153.0,0.5449629325146729
West Bengal,North 24 Parganas,2004,Autumn,Rice,18746.0,42098.0,2.2457057505601195,2.2457057505601195,2245.70575056012,1124.08,29.10183006535948,26.432418300653595,32.68921568627451,82.6954248366013,16.765228758169933,2.619607843137255,153.0,0.4965518860650714
West Bengal,Uttar Dinajpur,2012,Autumn,Rice,239.0,426.0,1.782426778242678,1.782426778242678,1782.426778242678,1136.49,30.37686274509804,26.474705882352943,34.62529411764706,73.31287581699347,17.55640522875817,1.981307189542484,153.0,0.6252870494324395
West Bengal,Darjeeling,1999,Winter,Rice,30056.0,42850.0,1.4256720787862656,1.4256720787862656,1425.6720787862655,1028.32,20.4151912568306,17.367213114754097,24.454043715847,80.71551912568306,14.982459016393442,1.2038251366120218,183.0,
West Bengal,North 24 Parganas,2014,Autumn,Rice,15876.0,42913.0,2.703010833963215,2.703010833963215,2703.0108339632147,1142.98,29.500457516339868,26.785686274509803,33.1802614379085,82.17333333333333,16.835816993464054,2.640653594771241,153.0,0.5540294247670023
West Bengal,North 24 Parganas,2011,Autumn,Rice,15789.0,42918.0,2.7182215466463995,2.7182215466463995,2718.2215466463995,1596.48,28.622156862745097,26.12529411764706,31.93228758169935,85.44692810457516,15.931960784313729,2.3859477124183006,153.0,0.5408555793793905
West Bengal,Darjeeling,2000,Winter,Rice,28303.0,43470.0,1.5358795887361765,1.5358795887361765,1535.8795887361764,714.09,20.62546448087432,17.38617486338798,24.96710382513661,79.68497267759562,14.493060109289615,1.2205464480874315,183.0,0.7414992560201761
West Bengal,Cooch Behar,1998,Autumn,Rice,32968.0,43650.0,1.324011162339238,1.324011162339238,1324.011162339238,1512.38,28.49816993464053,25.23986928104575,32.26098039215687,80.10464052287581,15.33032679738562,1.2349019607843137,153.0,
West Bengal,North 24 Parganas,2005,Autumn,Rice,18148.0,43726.0,2.409411505400044,2.409411505400044,2409.411505400044,941.27,29.34392156862745,26.58666666666667,33.06980392156863,81.89117647058823,17.14967320261438,2.5106535947712416,153.0,0.5109149788793136
West Bengal,Bardhaman,2006,Autumn,Rice,13530.0,43731.0,3.232150776053215,3.232150776053215,3232.150776053215,,,,,,,,,
West Bengal,Darjeeling,2004,Winter,Rice,28878.0,44083.0,1.5265253826442275,1.5265253826442275,1526.5253826442276,1125.11,19.853224043715848,16.86005464480874,23.79202185792349,83.08535519125684,14.017049180327868,1.1892896174863388,183.0,0.752063927873174
West Bengal,Uttar Dinajpur,2009,Autumn,Rice,273.0,443.0,1.6227106227106227,1.6227106227106227,1622.7106227106228,1173.04,29.928496732026147,26.154640522875816,34.12529411764706,75.03405228758169,17.601633986928107,2.124836601307189,153.0,0.6233039481686853
West Bengal,Bardhaman,2014,Autumn,Rice,13198.0,44362.0,3.361266858614941,3.361266858614941,3361.2668586149416,,,,,,,,,
West Bengal,Bardhaman,2008,Autumn,Rice,15358.0,44529.0,2.8994009636671443,2.8994009636671443,2899.4009636671444,,,,,,,,,
West Bengal,Bardhaman,2005,Autumn,Rice,14641.0,44609.0,3.046854723038044,3.046854723038044,3046.854723038044,,,,,,,,,
West Bengal,Cooch Behar,2001,Autumn,Rice,28554.0,44807.0,1.5692022133501435,1.5692022133501435,1569.2022133501434,1349.14,28.319084967320254,24.960392156862746,32.2383660130719,79.83372549019607,16.547908496732024,1.229281045751634,153.0,0.6180217555326886
West Bengal,North 24 Parganas,2007,Autumn,Rice,20861.0,44993.0,2.156799769905565,2.156799769905565,2156.7997699055654,1693.61,28.91183006535948,26.38013071895425,32.16568627450981,83.95771241830066,16.50901960784314,2.4272549019607843,153.0,0.5244924282490153
West Bengal,Bankura,2011,Autumn,Rice,16517.0,45377.0,2.747290670218563,2.747290670218563,2747.290670218563,1617.62,28.66248366013072,25.376143790849675,32.69143790849673,81.4243137254902,17.06751633986928,2.2994771241830065,153.0,0.5815858081146793
West Bengal,North 24 Parganas,1998,Autumn,Rice,21417.0,45870.0,2.1417565485362093,2.1417565485362093,2141.7565485362093,999.14,29.357777777777777,26.77091503267974,32.878692810457515,83.12888888888888,16.621372549019608,2.6333333333333333,153.0,
West Bengal,North 24 Parganas,2013,Autumn,Rice,16286.0,46047.0,2.827397764951492,2.827397764951492,2827.397764951492,1460.78,28.71673202614379,26.34705882352941,31.98450980392157,85.7883660130719,16.062418300653597,2.697712418300654,153.0,0.5795633770630004
West Bengal,North 24 Parganas,2006,Autumn,Rice,17719.0,46279.0,2.611829109994921,2.611829109994921,2611.829109994921,1361.41,28.64575163398693,26.24124183006536,31.804183006535947,85.2616339869281,16.463202614379085,2.4015032679738564,153.0,0.5334643170874592
West Bengal,Darjeeling,2006,Winter,Rice,25536.0,46585.0,1.8242872807017545,1.8242872807017545,1824.2872807017543,1060.33,20.3948087431694,17.326284153005464,24.449234972677598,81.3396174863388,14.692131147540982,1.2077049180327868,183.0,0.7558989931295367
West Bengal,Purulia,2016,Summer,Rice,182.0,466.0,2.56043956043956,2.56043956043956,2560.4395604395604,247.77,31.52040983606557,24.729590163934425,38.89213114754099,43.47196721311475,21.1894262295082,2.0936065573770493,122.0,0.3004861668093043
West Bengal,North 24 Parganas,2000,Autumn,Rice,28438.0,47660.0,1.6759265771151275,1.6759265771151275,1675.9265771151277,1217.0,28.21503267973856,25.954509803921567,31.228496732026144,87.29830065359477,16.34908496732026,2.414575163398693,153.0,0.5076662170276866
West Bengal,Darjeeling,2001,Winter,Rice,28857.0,48309.0,1.6740825449630938,1.6740825449630938,1674.0825449630938,918.05,20.69852459016393,17.604918032786884,24.81513661202186,81.47939890710383,14.985300546448087,1.1862841530054644,183.0,0.7516082906421852
West Bengal,Darjeeling,2002,Winter,Rice,29136.0,48718.0,1.672089511257551,1.672089511257551,1672.0895112575508,855.23,20.37650273224044,17.14704918032787,24.73595628415301,79.79710382513662,14.52065573770492,1.1966666666666668,183.0,0.7572719765086101
West Bengal,Cooch Behar,2000,Autumn,Rice,30475.0,48730.0,1.5990155865463496,1.5990155865463496,1599.0155865463496,1217.49,27.772614379084967,24.62248366013072,31.462810457516344,82.37156862745098,15.868235294117648,1.2352941176470589,153.0,0.5936321250866767
West Bengal,Darjeeling,2005,Winter,Rice,28859.0,49262.0,1.706989154163346,1.706989154163346,1706.989154163346,1175.81,20.561475409836067,17.402732240437157,24.66295081967213,80.57322404371584,14.97863387978142,1.1815300546448086,183.0,0.7611325994072177
West Bengal,Darjeeling,2007,Winter,Rice,26905.0,49572.0,1.8424828098866384,1.8424828098866384,1842.482809886638,1245.81,20.431530054644806,17.498961748633878,24.264918032786884,83.18486338797814,14.307158469945357,1.186775956284153,183.0,0.7539536904067982
West Bengal,Purulia,2015,Autumn,Rice,183.0,496.0,2.710382513661202,2.710382513661202,2710.382513661202,1102.81,29.10895424836601,25.026797385620917,33.80947712418301,74.12300653594771,17.943202614379086,2.142418300653595,153.0,0.5630261772094545
West Bengal,Bankura,2013,Autumn,Rice,19717.0,50308.0,2.551503778465284,2.551503778465284,2551.503778465284,1485.0,28.88692810457516,25.53686274509804,32.906928104575165,81.11575163398692,16.96359477124183,2.2644444444444445,153.0,0.5992234808363012
West Bengal,Bankura,2000,Autumn,Rice,22835.0,50450.0,2.209327786292971,2.209327786292971,2209.3277862929717,932.8,28.78385620915033,25.308235294117647,33.07274509803921,79.94862745098038,17.358039215686276,2.407320261437909,153.0,0.5123180210751296
West Bengal,North 24 Parganas,2009,Autumn,Rice,18839.0,50488.0,2.679972397685652,2.679972397685652,2679.972397685652,1442.56,28.877843137254903,26.336797385620915,32.25790849673203,84.71104575163399,16.596078431372547,2.368888888888889,153.0,0.501982782944024
West Bengal,Uttar Dinajpur,2011,Autumn,Rice,277.0,516.0,1.8628158844765343,1.8628158844765343,1862.8158844765344,1403.23,29.342091503267977,25.90542483660131,33.178104575163395,79.02901960784314,17.04294117647059,2.3194771241830066,153.0,0.6514604862587533
West Bengal,Bardhaman,2003,Autumn,Rice,18420.0,51773.0,2.8106948968512486,2.8106948968512486,2810.694896851249,,,,,,,,,
West Bengal,Bardhaman,2007,Autumn,Rice,17567.0,51880.0,2.9532646439346504,2.9532646439346504,2953.2646439346504,,,,,,,,,
West Bengal,Bardhaman,2004,Autumn,Rice,17119.0,52128.0,3.0450376774344297,3.0450376774344297,3045.037677434429,,,,,,,,,
West Bengal,Bankura,2004,Autumn,Rice,19366.0,53030.0,2.738304244552308,2.738304244552308,2738.304244552308,1056.46,29.316405228758168,25.7237908496732,33.667908496732025,77.29660130718953,18.044117647058822,2.518954248366013,153.0,0.5312819826210953
West Bengal,Cooch Behar,1997,Autumn,Rice,34950.0,53050.0,1.5178826895565094,1.5178826895565094,1517.8826895565094,1340.7,28.61934640522876,24.63673202614379,33.09464052287582,73.33843137254902,16.599607843137253,1.2969934640522875,153.0,
West Bengal,Darjeeling,2003,Winter,Rice,28591.0,53179.0,1.859990906229233,1.859990906229233,1859.990906229233,959.5,20.54087431693989,17.45054644808743,24.634207650273225,80.91218579234973,14.129726775956282,1.1830054644808743,183.0,0.7496536623057063
West Bengal,Bankura,2006,Autumn,Rice,20337.0,53240.0,2.6178885774696368,2.6178885774696368,2617.888577469637,1484.08,28.5759477124183,25.41470588235294,32.397320261437905,81.83888888888889,17.54954248366013,2.3367320261437907,153.0,0.5869338269515186
West Bengal,Cooch Behar,1999,Autumn,Rice,33848.0,53380.0,1.5770503427085796,1.5770503427085796,1577.0503427085796,1723.93,28.208823529411763,24.944444444444443,31.96209150326797,79.67562091503268,15.488954248366012,1.2191503267973856,153.0,
West Bengal,Bankura,2003,Autumn,Rice,20292.0,54153.0,2.6686871673565937,2.6686871673565937,2668.687167356594,908.91,29.73013071895425,25.86496732026144,34.53588235294117,75.14679738562091,18.04686274509804,2.37797385620915,153.0,0.4805370109130786
West Bengal,Bankura,2007,Autumn,Rice,20445.0,55077.0,2.693910491562729,2.693910491562729,2693.910491562729,1695.65,29.094183006535943,25.67607843137255,33.20673202614379,79.0824183006536,17.567581699346405,2.436078431372549,153.0,0.5447722953771721
West Bengal,Bankura,2008,Autumn,Rice,20880.0,55169.0,2.6421934865900383,2.6421934865900383,2642.1934865900384,1343.19,28.65627450980392,25.32457516339869,32.68176470588236,80.67104575163398,17.028039215686274,2.206928104575164,153.0,0.5703457015254364
West Bengal,Bardhaman,2001,Autumn,Rice,21097.0,55797.0,2.644783618523961,2.644783618523961,2644.7836185239607,,,,,,,,,
West Bengal,Bankura,2012,Autumn,Rice,19012.0,55954.0,2.94308857563644,2.94308857563644,2943.08857563644,1093.83,29.91718954248366,25.97065359477124,34.645490196078434,74.2418954248366,17.9,2.2080392156862745,153.0,0.5300734440075411
West Bengal,Purulia,2017,Autumn,Rice,252.0,581.0,2.305555555555556,2.305555555555556,2305.555555555555,1650.72,29.17137254901961,25.347581699346403,33.5802614379085,76.23849673202614,17.184444444444445,1.98359477124183,153.0,0.5733414296335015
West Bengal,North 24 Parganas,2008,Autumn,Rice,22083.0,59411.0,2.6903500430195173,2.6903500430195173,2690.350043019517,1267.29,28.516535947712416,26.11098039215686,31.69967320261438,85.44921568627451,16.513986928104575,2.4415032679738564,153.0,0.5186477126510283
West Bengal,Bankura,2002,Autumn,Rice,21786.0,59915.0,2.750160653630772,2.750160653630772,2750.160653630772,1081.47,29.501699346405232,25.722745098039216,34.052091503267974,76.60169934640523,17.069411764705883,2.2994771241830065,153.0,0.5165341444625204
West Bengal,North 24 Parganas,1999,Autumn,Rice,25760.0,60990.0,2.3676242236024843,2.3676242236024843,2367.624223602484,1505.97,28.65071895424837,26.21666666666667,32.003725490196075,84.51477124183006,15.890130718954248,2.656339869281046,153.0,
West Bengal,Uttar Dinajpur,2000,Autumn,Rice,844.0,610.0,0.7227488151658767,0.7227488151658767,722.7488151658767,967.41,29.08065359477124,25.74516339869281,32.88666666666666,80.51124183006536,16.696928104575164,2.2573202614379086,153.0,0.5961577912172393
West Bengal,Uttar Dinajpur,2010,Autumn,Rice,328.0,614.0,1.8719512195121952,1.8719512195121952,1871.9512195121952,1289.86,29.511045751633983,25.990718954248365,33.47712418300654,78.68006535947713,17.34777777777778,2.064509803921569,153.0,0.6167049054164929
West Bengal,Purulia,2017,Summer,Rice,270.0,617.0,2.285185185185185,2.285185185185185,2285.185185185185,415.7,30.27622950819672,23.46163934426229,37.88622950819672,49.00196721311475,20.83311475409836,2.0189344262295084,122.0,0.3723701326193748
West Bengal,Purulia,2015,Summer,Rice,516.0,629.0,1.2189922480620154,1.2189922480620154,1218.9922480620155,376.1,29.686147540983608,23.260327868852457,36.85647540983607,51.17024590163935,20.26549180327869,2.1568032786885247,122.0,0.3774158801830942
West Bengal,Cooch Behar,2002,Summer,Rice,27747.0,64491.0,2.324251270407612,2.324251270407612,2324.251270407612,787.56,26.776967213114755,21.50163934426229,32.57491803278688,61.73139344262295,17.19877049180328,1.3377868852459016,122.0,0.4951104220993091
West Bengal,Bankura,2014,Autumn,Rice,21698.0,68762.0,3.169047838510462,3.169047838510462,3169.047838510462,1090.0,29.849607843137253,25.964771241830068,34.49790849673203,75.04169934640522,17.62535947712418,2.3845751633986927,153.0,0.5488310829009452
West Bengal,Bankura,2001,Autumn,Rice,27144.0,69067.0,2.5444665487768936,2.5444665487768936,2544.466548776893,1313.71,28.695032679738564,25.43065359477124,32.732091503267974,81.98313725490196,17.561830065359477,2.461437908496732,153.0,0.5619327117422203
West Bengal,Cooch Behar,2001,Summer,Rice,28214.0,69654.0,2.468774367335365,2.468774367335365,2468.7743673353657,507.59,27.557622950819677,21.88295081967213,33.97532786885246,53.204180327868855,19.03106557377049,1.366967213114754,122.0,0.4667013545317359
West Bengal,Purulia,2014,Autumn,Rice,264.0,721.0,2.731060606060606,2.731060606060606,2731.060606060606,999.66,29.676339869281044,25.58261437908497,34.36156862745098,71.63575163398693,18.105359477124185,2.218496732026144,153.0,0.5101967358468532
West Bengal,Purulia,2016,Autumn,Rice,284.0,723.0,2.545774647887324,2.545774647887324,2545.774647887324,1445.37,29.109673202614378,25.210196078431373,33.71300653594771,74.55130718954248,17.75764705882353,2.2575816993464053,153.0,0.4822409706107595
West Bengal,Cooch Behar,2000,Summer,Rice,28442.0,73683.0,2.590640601926728,2.590640601926728,2590.640601926728,659.52,26.72581967213115,21.405819672131145,32.74368852459016,59.01549180327869,17.564754098360655,1.315655737704918,122.0,0.4431136614658011
West Bengal,North 24 Parganas,2001,Autumn,Rice,32824.0,75912.0,2.312698025834755,2.312698025834755,2312.698025834755,1319.0,28.45686274509804,26.142287581699343,31.60653594771242,86.99392156862744,16.46653594771242,2.432483660130719,153.0,0.5537952497785373
West Bengal,Bardhaman,2002,Autumn,Rice,26341.0,76201.0,2.892866633764853,2.892866633764853,2892.8666337648533,,,,,,,,,
West Bengal,Bankura,1999,Autumn,Rice,33206.0,76320.0,2.2983798108775524,2.2983798108775524,2298.379810877552,1253.98,28.93522875816993,25.46267973856209,33.16771241830065,79.07385620915032,16.913267973856208,2.344705882352941,153.0,
West Bengal,Cooch Behar,2005,Summer,Rice,33222.0,78806.0,2.372102823430257,2.372102823430257,2372.102823430257,396.98,27.971639344262293,22.265737704918035,34.282786885245905,54.81024590163935,17.61565573770492,1.3168032786885246,122.0,0.5268262154491
West Bengal,Purulia,2009,Summer,Rice,374.0,795.0,2.125668449197861,2.125668449197861,2125.668449197861,239.63,30.271065573770493,23.223360655737704,38.020655737704914,42.138606557377045,21.95868852459017,2.093934426229508,122.0,0.3026751103951532
West Bengal,Howrah,2000,Autumn,Rice,804.0,800.0,0.9950248756218906,0.9950248756218906,995.0248756218906,1187.06,28.41300653594771,26.001699346405232,31.641960784313728,86.08725490196079,16.34908496732026,2.6820915032679737,153.0,0.5229590599906753
West Bengal,Purulia,2019,Autumn,Rice,346.0,801.0,2.315028901734104,2.315028901734104,2315.028901734104,1105.4,29.84928104575163,25.47058823529412,34.82516339869281,70.89869281045752,17.936601307189544,2.249150326797386,153.0,0.5507435201210321
West Bengal,Purulia,2014,Summer,Rice,306.0,801.0,2.617647058823529,2.617647058823529,2617.6470588235293,268.53,29.99319672131148,23.384754098360656,37.30245901639344,48.30122950819672,21.64434426229508,2.1258196721311475,122.0,0.3696039173705778
West Bengal,Cooch Behar,1999,Summer,Rice,29461.0,80980.0,2.7487186449882897,2.7487186449882897,2748.7186449882897,533.61,28.369016393442624,22.25811475409836,35.06073770491803,49.43754098360656,18.366475409836067,1.3309016393442623,122.0,
West Bengal,Cooch Behar,1998,Summer,Rice,27046.0,83091.0,3.0722103083635286,3.0722103083635286,3072.2103083635284,555.01,27.33360655737705,21.676147540983603,33.5033606557377,56.11770491803279,17.484918032786883,1.3230327868852458,122.0,
West Bengal,Cooch Behar,2006,Summer,Rice,30049.0,83386.0,2.7750008319744417,2.7750008319744417,2775.0008319744416,555.8100000000001,27.345901639344262,21.762295081967213,33.515491803278685,55.88352459016394,17.790491803278687,1.3115573770491802,122.0,0.4821751939115939
West Bengal,Bankura,1998,Autumn,Rice,34676.0,84680.0,2.4420348367747144,2.4420348367747144,2442.034836774714,885.53,29.879150326797387,26.09281045751634,34.53745098039215,76.05477124183005,17.88901960784314,2.3389542483660133,153.0,
West Bengal,Bardhaman,1999,Autumn,Rice,35163.0,84840.0,2.4127634160907774,2.4127634160907774,2412.7634160907774,,,,,,,,,
West Bengal,Purulia,2012,Summer,Rice,280.0,872.0,3.1142857142857143,3.1142857142857143,3114.285714285714,229.67,30.66918032786885,23.55377049180328,38.502131147540986,42.29327868852459,21.888032786885248,2.019262295081967,122.0,0.3369049994603746
West Bengal,Bankura,1997,Autumn,Rice,38211.0,88120.0,2.306142210358274,2.306142210358274,2306.142210358274,1257.82,29.5940522875817,25.68143790849673,34.17287581699346,74.53718954248366,17.58686274509804,2.365816993464052,153.0,
West Bengal,Cooch Behar,2004,Summer,Rice,38783.0,88965.0,2.293917438052755,2.293917438052755,2293.9174380527547,550.53,27.430081967213116,22.23540983606557,33.290983606557376,60.42893442622951,16.54983606557377,1.3818852459016393,122.0,0.4930703483839412
West Bengal,Cooch Behar,2003,Summer,Rice,35750.0,90233.0,2.524,2.524,2524.0,542.56,27.398852459016396,21.729754098360655,33.554754098360654,56.37040983606557,17.385409836065573,1.329672131147541,122.0,0.4957191602591662
West Bengal,Uttar Dinajpur,1999,Autumn,Rice,1004.0,910.0,0.9063745019920318,0.9063745019920318,906.3745019920318,1259.78,29.439084967320262,26.10254901960784,33.18169934640523,78.11091503267973,16.039019607843137,2.193267973856209,153.0,
West Bengal,Bardhaman,1997,Autumn,Rice,34675.0,91590.0,2.641384282624369,2.641384282624369,2641.384282624369,,,,,,,,,
West Bengal,Howrah,1997,Autumn,Rice,373.0,950.0,2.546916890080429,2.546916890080429,2546.916890080429,1293.72,29.062222222222218,26.23562091503268,32.827777777777776,82.20437908496733,16.80045751633987,2.750261437908497,153.0,
West Bengal,Bardhaman,1998,Autumn,Rice,34681.0,101480.0,2.9260978633834087,2.9260978633834087,2926.097863383409,,,,,,,,,
West Bengal,Bankura,2004,Summer,Rice,39644.0,102938.0,2.5965593784683683,2.5965593784683683,2596.5593784683683,362.69,30.448934426229503,23.855245901639343,37.93983606557377,55.29270491803279,20.874590163934425,2.1272950819672127,122.0,0.3838393002089806
West Bengal,Bankura,2011,Summer,Rice,42505.0,104441.0,2.457146218091989,2.457146218091989,2457.1462180919893,743.39,29.76049180327869,23.73049180327869,36.73729508196721,58.12811475409836,19.468196721311475,2.1531967213114758,122.0,0.4431036450868271
West Bengal,Howrah,2011,Autumn,Rice,1083.0,1049.0,0.9686057248384118,0.9686057248384118,968.6057248384118,1568.98,28.76803921568628,26.195882352941176,32.139150326797385,84.6483660130719,15.931960784313729,2.646143790849673,153.0,0.5636128695022482
West Bengal,Bankura,2003,Summer,Rice,35247.0,105837.0,3.002723636054132,3.002723636054132,3002.723636054132,340.55,30.429426229508195,23.78139344262295,38.11114754098361,54.48344262295082,20.26549180327869,2.177950819672131,122.0,0.38628049199729
West Bengal,Uttar Dinajpur,2003,Autumn,Rice,679.0,1093.0,1.609720176730486,1.609720176730486,1609.7201767304862,916.17,29.86529411764706,26.179281045751637,34.03751633986928,75.3929411764706,17.70986928104575,2.3108496732026143,153.0,0.568006494352067
West Bengal,Bankura,2010,Summer,Rice,37048.0,110442.0,2.981051608723818,2.981051608723818,2981.051608723818,274.69,31.234918032786883,24.57844262295082,38.9933606557377,53.789918032786886,20.143360655737705,2.16844262295082,122.0,0.3658674292848473
West Bengal,Bankura,2012,Summer,Rice,34831.0,113038.0,3.245327438201602,3.245327438201602,3245.327438201602,277.89,30.447950819672133,23.67549180327869,38.03827868852459,52.29147540983606,20.758524590163933,2.116311475409836,122.0,0.3912477904288127
West Bengal,Bankura,2002,Summer,Rice,37953.0,113138.0,2.981002819276473,2.981002819276473,2981.002819276473,417.02,30.397950819672133,23.819590163934425,37.940245901639344,56.58237704918033,19.88483606557377,2.062786885245901,122.0,0.385999331643575
West Bengal,Purulia,2018,Summer,Rice,378.0,1144.0,3.0264550264550265,3.0264550264550265,3026.4550264550267,379.67,29.49590163934426,22.950081967213112,36.89090163934426,52.20680327868852,19.910983606557377,2.025983606557377,122.0,0.3952286467088873
West Bengal,Cooch Behar,2008,Summer,Rice,67270.0,114835.0,1.707075962539022,1.707075962539022,1707.075962539022,632.86,27.588688524590165,22.152459016393443,33.5577868852459,56.72975409836065,17.92516393442623,1.2948360655737703,122.0,0.5195916270605798
West Bengal,Howrah,2009,Autumn,Rice,944.0,1192.0,1.2627118644067796,1.2627118644067796,1262.7118644067796,1382.38,29.07235294117647,26.369411764705884,32.62732026143791,83.54300653594771,16.596078431372547,2.594575163398693,153.0,0.5317121162148979
West Bengal,Bankura,2009,Summer,Rice,45623.0,119400.0,2.6171010236065144,2.6171010236065144,2617.1010236065144,281.18,30.265,23.426721311475408,37.88344262295082,51.06368852459016,20.82827868852459,2.1107377049180327,122.0,0.369968961721061
West Bengal,Paschim Bardhaman,2016,Summer,Rice,364.0,1200.0,3.2967032967032965,3.2967032967032965,3296.7032967032965,286.59000000000003,31.61975409836065,24.95565573770492,38.8744262295082,48.73622950819672,21.1894262295082,2.1319672131147542,122.0,0.338170061907992
West Bengal,Bankura,2013,Summer,Rice,40009.0,120562.0,3.013371991301957,3.013371991301957,3013.371991301957,665.72,29.46188524590164,23.25122950819672,36.48844262295082,57.44754098360656,19.357786885245904,2.179918032786885,122.0,0.4203489728942694
West Bengal,Bankura,2014,Summer,Rice,40185.0,120678.0,3.003060843598357,3.003060843598357,3003.0608435983577,286.79,30.13106557377049,23.76377049180328,37.358360655737705,55.42549180327869,20.428688524590164,2.0872131147540984,122.0,0.4085820569288538
West Bengal,Uttar Dinajpur,2002,Autumn,Rice,843.0,1249.0,1.4816132858837483,1.4816132858837483,1481.6132858837486,1247.59,29.02888888888889,25.65098039215686,32.90013071895425,80.489477124183,16.43673202614379,2.2968627450980392,153.0,0.6256839983701846
West Bengal,Purulia,1998,Autumn,Rice,1561.0,1250.0,0.8007687379884689,0.8007687379884689,800.768737988469,980.32,29.5418954248366,25.50856209150327,34.22477124183007,73.46058823529411,18.312549019607843,2.1473202614379088,153.0,
West Bengal,Howrah,2007,Autumn,Rice,1124.0,1251.0,1.1129893238434163,1.1129893238434163,1112.9893238434163,1680.92,29.092091503267977,26.44320261437909,32.48954248366013,82.88588235294118,16.50901960784314,2.7266666666666666,153.0,0.5111736303312682
West Bengal,Bankura,1999,Summer,Rice,46486.0,126610.0,2.723615712257454,2.723615712257454,2723.615712257454,353.78,30.428688524590164,23.161311475409835,38.50836065573771,51.1372131147541,20.381803278688523,2.221967213114754,122.0,
West Bengal,Bankura,2005,Summer,Rice,55091.0,127113.0,2.3073278756965747,2.3073278756965747,2307.3278756965747,244.52,31.04418032786885,24.31081967213115,38.776065573770495,53.47262295081967,20.59598360655738,2.2059016393442623,122.0,0.398660810691676
West Bengal,Purulia,2013,Summer,Rice,516.0,1274.0,2.4689922480620154,2.4689922480620154,2468.9922480620157,518.3,29.22344262295082,22.84860655737705,36.43377049180328,50.72336065573771,20.678196721311476,2.27188524590164,122.0,0.3661122793879448
West Bengal,Uttar Dinajpur,2013,Autumn,Rice,658.0,1278.0,1.9422492401215803,1.9422492401215803,1942.2492401215804,1118.06,29.403921568627453,26.030849673202614,33.09261437908497,79.17875816993464,17.35542483660131,1.7594117647058822,153.0,0.6869391469389634
West Bengal,Bankura,2008,Summer,Rice,46705.0,128304.0,2.7471148699282733,2.7471148699282733,2747.114869928273,586.99,29.250983606557377,23.313032786885245,36.12311475409837,60.84344262295082,19.57754098360656,1.975,122.0,0.399634265737711
West Bengal,Bankura,2000,Summer,Rice,39297.0,130899.0,3.3310176349339646,3.3310176349339646,3331.0176349339645,389.64,29.08631147540984,22.837213114754096,36.524098360655735,60.39434426229508,19.97360655737705,2.250655737704918,122.0,0.4023934073601222
West Bengal,Howrah,2006,Autumn,Rice,874.0,1316.0,1.505720823798627,1.505720823798627,1505.720823798627,1410.62,28.752810457516343,26.27954248366013,31.96143790849673,84.57535947712418,16.463202614379085,2.67921568627451,153.0,0.5350013996851088
West Bengal,Paschim Bardhaman,2017,Summer,Rice,383.0,1348.0,3.519582245430809,3.519582245430809,3519.582245430809,464.97,30.299672131147545,23.77311475409836,37.57155737704917,54.40114754098361,20.83311475409836,2.120983606557377,122.0,0.4020557027997617
West Bengal,Bankura,1997,Summer,Rice,44617.0,135640.0,3.0400968240805075,3.0400968240805075,3040.0968240805078,475.6,30.51967213114754,23.72122950819672,38.15598360655738,50.09991803278688,20.434508196721318,2.1864754098360657,122.0,
West Bengal,South 24 Parganas,1997,Summer,Rice,54664.0,135730.0,2.482986974974389,2.482986974974389,2482.9869749743893,472.0,29.090737704918038,25.65,33.61860655737705,72.57483606557376,20.45959016393443,3.546311475409836,122.0,
West Bengal,Purulia,2018,Autumn,Rice,546.0,1376.0,2.52014652014652,2.52014652014652,2520.1465201465203,1150.04,29.079019607843136,25.105751633986927,33.69098039215687,75.20503267973857,16.605098039215687,2.1468627450980398,153.0,0.5778793208668965
West Bengal,Bankura,2006,Summer,Rice,50430.0,139200.0,2.760261748958953,2.760261748958953,2760.261748958953,512.26,29.760573770491803,23.85852459016393,36.49926229508197,58.38303278688525,20.1344262295082,1.948360655737705,122.0,0.4101968548032796
West Bengal,Bankura,2001,Summer,Rice,57043.0,140037.0,2.454937503286994,2.454937503286994,2454.937503286994,591.82,29.92049180327869,23.643032786885243,36.97762295081968,55.02663934426229,19.943934426229507,2.249262295081968,122.0,0.3782385630535259
West Bengal,Cooch Behar,2011,Summer,Rice,49330.0,141713.0,2.872754915872694,2.872754915872694,2872.7549158726943,593.79,27.237377049180328,21.83155737704918,33.384918032786885,57.20401639344263,17.794590163934426,1.3455737704918032,122.0,0.5408838712118497
West Bengal,Cooch Behar,2009,Summer,Rice,51428.0,144105.0,2.8020728008088978,2.8020728008088978,2802.0728008088977,580.37,27.673360655737707,22.070409836065576,33.79090163934426,53.45934426229508,18.067622950819672,1.274262295081967,122.0,0.4949204848557345
West Bengal,Cooch Behar,2007,Summer,Rice,50357.0,147655.0,2.9321643465655223,2.9321643465655223,2932.1643465655225,533.43,27.806967213114756,22.13139344262295,33.979918032786884,55.92614754098361,18.323934426229503,1.2903278688524589,122.0,0.5107019297096403
West Bengal,Cooch Behar,2010,Summer,Rice,51338.0,148435.0,2.891328061085356,2.891328061085356,2891.328061085356,822.71,28.124180327868853,22.70467213114754,34.26959016393443,56.79688524590164,17.030573770491802,1.3038524590163934,122.0,0.5078260558803681
West Bengal,Purulia,2005,Autumn,Rice,1606.0,1497.0,0.9321295143212952,0.9321295143212952,932.1295143212952,753.87,30.125751633986926,25.618366013071896,35.229803921568625,67.65405228758169,18.898823529411764,2.219019607843137,153.0,0.4735816827731051
West Bengal,Birbhum,2009,Summer,Rice,54678.0,149905.0,2.741596254435056,2.741596254435056,2741.596254435056,289.05,30.51934426229508,23.608852459016397,37.89401639344262,46.21508196721312,20.82827868852459,2.0267213114754097,122.0,0.3823850418774761
West Bengal,Bankura,1998,Summer,Rice,56806.0,151825.0,2.6726930253846426,2.6726930253846426,2672.6930253846426,296.4,29.60081967213115,23.074754098360653,36.9144262295082,58.80040983606557,20.02032786885246,2.186393442622951,122.0,
West Bengal,Howrah,2016,Autumn,Rice,1730.0,1540.0,0.8901734104046243,0.8901734104046243,890.1734104046243,1406.39,29.299738562091505,26.426797385620915,33.19849673202614,81.40320261437908,16.935686274509802,2.516013071895425,153.0,0.5595270199784115
West Bengal,Birbhum,2005,Summer,Rice,48836.0,154942.0,3.172700466868704,3.172700466868704,3172.700466868704,196.96,31.41516393442623,24.398688524590163,38.97122950819672,48.52360655737705,20.59598360655738,2.1957377049180327,122.0,0.4069601018894463
West Bengal,South 24 Parganas,2005,Summer,Rice,54729.0,157009.0,2.8688446710153666,2.8688446710153666,2868.8446710153667,387.72,29.74737704918033,26.40254098360656,34.16032786885246,72.40229508196721,20.106475409836065,3.754672131147541,122.0,0.4651322357800807
West Bengal,Purulia,2002,Summer,Rice,757.0,1583.0,2.0911492734478205,2.0911492734478205,2091.1492734478206,343.06,30.495081967213117,23.501393442622952,38.3382786885246,46.68450819672131,21.16,1.99,122.0,0.322221569980627
West Bengal,Birbhum,1997,Summer,Rice,50150.0,158930.0,3.1690927218344966,3.1690927218344966,3169.092721834497,350.21,30.48639344262295,23.60106557377049,37.9711475409836,45.79262295081967,20.434508196721318,2.1987704918032787,122.0,
West Bengal,Purulia,2004,Autumn,Rice,780.0,1604.0,2.056410256410256,2.056410256410256,2056.4102564102564,1071.22,29.06464052287582,25.21764705882353,33.5,74.39921568627452,18.34777777777778,2.3216339869281044,153.0,0.5096390659354086
West Bengal,Uttar Dinajpur,2016,Autumn,Rice,640.0,1608.0,2.5125,2.5125,2512.5,1462.83,29.723529411764705,26.38032679738562,33.53300653594771,78.239477124183,16.927124183006537,2.1330718954248367,153.0,0.675704058942878
West Bengal,Purulia,2019,Summer,Rice,544.0,1644.0,3.022058823529412,3.022058823529412,3022.058823529412,307.06,30.50729508196721,23.304098360655736,38.28532786885246,46.352295081967206,21.357704918032788,1.9468032786885243,122.0,0.4203512981944438
West Bengal,Dakshin Dinajpur,2013,Autumn,Rice,891.0,1646.0,1.8473625140291807,1.8473625140291807,1847.3625140291808,934.99,29.444183006535948,26.14908496732026,33.23039215686274,80.50732026143791,17.35542483660131,1.978496732026144,153.0,0.6536889433162529
West Bengal,Dakshin Dinajpur,2012,Autumn,Rice,936.0,1667.0,1.780982905982906,1.780982905982906,1780.9829059829058,921.37,30.432091503267973,26.59954248366013,34.77372549019608,74.000522875817,17.55640522875817,2.136339869281046,153.0,0.5770767698599661
West Bengal,Paschim Bardhaman,2019,Summer,Rice,522.0,1718.0,3.2911877394636013,3.2911877394636013,3291.187739463601,306.31,30.669590163934423,23.80852459016393,38.21073770491803,51.479672131147545,21.357704918032788,2.1464754098360657,122.0,0.4280885214244838
West Bengal,Dakshin Dinajpur,2014,Autumn,Rice,884.0,1726.0,1.9524886877828052,1.9524886877828052,1952.4886877828053,1133.09,30.08065359477124,26.59712418300653,34.12496732026144,77.00150326797386,17.118039215686274,2.1373856209150324,153.0,0.5865839465456482
West Bengal,Dakshin Dinajpur,2018,Autumn,Rice,618.0,1757.0,2.843042071197411,2.843042071197411,2843.042071197411,1150.86,28.791764705882358,25.835228758169933,32.3097385620915,85.14993464052287,17.085163398692814,2.036013071895425,153.0,0.6619208218340433
West Bengal,Dakshin Dinajpur,2015,Autumn,Rice,985.0,1762.0,1.7888324873096446,1.7888324873096446,1788.8324873096446,1246.31,29.41222222222222,26.034901960784318,33.406209150326795,80.60215686274509,16.937712418300652,2.231437908496732,153.0,0.6031469416624162
West Bengal,South 24 Parganas,2009,Summer,Rice,66402.0,176732.0,2.6615463389656937,2.6615463389656937,2661.546338965694,380.08,29.83811475409836,26.074016393442623,34.49434426229509,68.63360655737705,20.145737704918037,3.306967213114754,122.0,0.4347943443037608
West Bengal,Cooch Behar,2012,Summer,Rice,53869.0,176821.0,3.282425885017357,3.282425885017357,3282.425885017357,625.0,27.62163934426229,21.8772131147541,33.99057377049181,54.86237704918033,18.016229508196723,1.3082786885245905,122.0,0.5089081680544443
West Bengal,Birbhum,2000,Summer,Rice,51428.0,176926.0,3.4402660029555885,3.4402660029555885,3440.2660029555886,439.8,29.19,22.8527868852459,36.38622950819672,56.99311475409836,19.97360655737705,2.222950819672131,122.0,0.4022084336707501
West Bengal,Birbhum,2011,Summer,Rice,57912.0,180053.0,3.109079292719989,3.109079292719989,3109.079292719989,688.87,29.49663934426229,23.486967213114752,36.12213114754098,56.858032786885246,19.468196721311475,2.0552459016393443,122.0,0.4400406315219443
West Bengal,Cooch Behar,2013,Summer,Rice,56109.0,180652.0,3.2196617298472616,3.2196617298472616,3219.661729847261,713.09,27.8027868852459,22.26631147540984,33.92196721311475,54.98188524590164,17.95434426229508,1.1895901639344262,122.0,0.5110631181745795
West Bengal,South 24 Parganas,2012,Summer,Rice,60283.0,181321.0,3.007829736409933,3.007829736409933,3007.829736409933,273.6,29.915327868852454,26.34860655737705,34.564918032786885,69.58024590163936,20.046639344262296,3.838688524590164,122.0,0.4281793873369039
West Bengal,South 24 Parganas,2004,Summer,Rice,55881.0,184157.0,3.295520838925574,3.295520838925574,3295.520838925574,423.89,29.61344262295082,25.995,34.40655737704918,71.61204918032787,20.217868852459016,3.7177868852459017,122.0,0.4303395105044196
West Bengal,Paschim Bardhaman,2018,Summer,Rice,515.0,1845.0,3.5825242718446604,3.5825242718446604,3582.52427184466,407.68,29.375,23.12540983606557,36.36532786885245,58.05631147540984,19.910983606557377,2.0785245901639344,122.0,0.4102123326739163
West Bengal,Purulia,2008,Summer,Rice,1014.0,1869.0,1.843195266272189,1.843195266272189,1843.1952662721892,541.2,29.287704918032787,22.95204918032787,36.39073770491803,52.13049180327869,20.54377049180328,1.895245901639344,122.0,0.2969839774849704
West Bengal,Dakshin Dinajpur,2019,Autumn,Rice,706.0,1888.0,2.6742209631728047,2.6742209631728047,2674.2209631728047,1696.62,29.66660130718954,26.333202614379086,33.65555555555556,80.86124183006537,17.08143790849673,2.319019607843137,153.0,0.6451511830846652
West Bengal,South 24 Parganas,2008,Summer,Rice,70032.0,189306.0,2.703135709389993,2.703135709389993,2703.135709389993,588.71,29.014262295081966,25.717131147540982,33.320163934426226,73.68967213114753,19.499016393442623,3.3150819672131147,122.0,0.4617952758287044
West Bengal,Bankura,2007,Summer,Rice,67600.0,192173.0,2.8427958579881656,2.8427958579881656,2842.7958579881656,350.53000000000003,29.52352459016393,23.347213114754098,36.57483606557377,58.35081967213115,20.41008196721312,2.2254098360655736,122.0,0.4239528638664078
West Bengal,Cooch Behar,2014,Summer,Rice,56294.0,197210.0,3.5032152627278217,3.5032152627278217,3503.215262727821,560.37,28.536393442622952,22.465573770491805,35.1055737704918,50.35016393442624,18.368524590163936,1.2774590163934425,122.0,0.5172065726954648
West Bengal,Uttar Dinajpur,2014,Autumn,Rice,954.0,1991.0,2.0870020964360587,2.0870020964360587,2087.0020964360588,1171.84,30.23026143790849,26.58130718954249,34.26176470588236,75.41529411764706,17.118039215686274,2.0090849673202613,153.0,0.6338301538734321
West Bengal,Birbhum,2012,Summer,Rice,57118.0,201202.0,3.5225673167828004,3.5225673167828004,3522.5673167828004,229.56,31.079672131147543,24.059262295081968,38.708196721311474,45.891639344262295,20.758524590163933,2.193032786885246,122.0,0.3498935703210178
West Bengal,Birbhum,2010,Summer,Rice,59448.0,201392.0,3.387700174942807,3.387700174942807,3387.7001749428077,339.52,31.20377049180328,24.440737704918032,38.77901639344263,50.83459016393442,20.143360655737705,2.186803278688525,122.0,0.3442744352926604
West Bengal,Birbhum,2013,Summer,Rice,59586.0,203027.0,3.4072936595844663,3.4072936595844663,3407.2936595844662,569.59,29.80426229508197,23.721475409836067,36.59696721311475,52.70180327868852,19.357786885245904,2.191639344262295,122.0,0.4008131858090278
West Bengal,Howrah,2010,Autumn,Rice,753.0,2071.0,2.750332005312085,2.750332005312085,2750.332005312085,1117.32,29.16294117647059,26.517843137254903,32.814313725490194,83.12424836601308,17.387712418300655,2.689673202614379,153.0,0.5797956399351604
West Bengal,South 24 Parganas,2014,Summer,Rice,63392.0,211431.0,3.335294674406865,3.335294674406865,3335.2946744068654,431.54,30.21467213114754,26.329262295081968,35.04254098360656,67.7972131147541,19.51295081967213,3.5924590163934425,122.0,0.4754758786302638
West Bengal,South 24 Parganas,2002,Summer,Rice,76088.0,212342.0,2.7907422983913364,2.7907422983913364,2790.7422983913366,462.58,29.564754098360652,25.927295081967213,34.3383606557377,71.93450819672131,19.22827868852459,3.701967213114754,122.0,0.4455409943810278
West Bengal,South 24 Parganas,2011,Summer,Rice,67579.0,215172.0,3.184006866038266,3.184006866038266,3184.0068660382663,611.7,29.14860655737705,25.84311475409836,33.41131147540983,71.99508196721311,18.894426229508195,3.5677049180327867,122.0,0.4664381264995745
West Bengal,South 24 Parganas,1999,Summer,Rice,76997.0,216290.0,2.809070483265582,2.809070483265582,2809.070483265582,368.3,29.68811475409836,25.835163934426227,34.689672131147546,69.14565573770493,20.38073770491803,3.9890163934426233,122.0,
West Bengal,South 24 Parganas,2010,Summer,Rice,68304.0,216360.0,3.167603654251581,3.167603654251581,3167.603654251581,403.58,30.13090163934426,26.81245901639344,34.638360655737706,72.53196721311475,19.626967213114757,4.036065573770491,122.0,0.419274285088395
West Bengal,Purulia,2001,Summer,Rice,1213.0,2184.0,1.8004946413849958,1.8004946413849958,1800.494641384996,538.79,29.74475409836065,23.4372131147541,36.87098360655738,47.53581967213115,20.56795081967213,2.162950819672131,122.0,0.3213430382536002
West Bengal,Birbhum,2004,Summer,Rice,74007.0,219514.0,2.96612482602997,2.96612482602997,2966.12482602997,381.05,30.916803278688523,24.22819672131148,38.248442622950826,49.7611475409836,20.874590163934425,2.1290983606557377,122.0,0.3957075777316077
West Bengal,South 24 Parganas,2003,Summer,Rice,77367.0,219865.0,2.8418447141546137,2.8418447141546137,2841.844714154613,503.51,29.498032786885247,25.9527868852459,34.130409836065574,70.93893442622951,19.62188524590164,3.8044262295081968,122.0,0.4399214476111732
West Bengal,Birbhum,2003,Summer,Rice,70571.0,220062.0,3.118306386476031,3.118306386476031,3118.306386476031,380.52,30.323114754098363,23.690409836065573,37.684672131147536,51.88336065573771,20.26549180327869,2.1740163934426238,122.0,0.3952663210943737
West Bengal,Birbhum,2006,Summer,Rice,64521.0,223353.0,3.461710140884364,3.461710140884364,3461.710140884363,464.44,29.91344262295082,23.949426229508195,36.45295081967213,54.799590163934425,20.1344262295082,1.803688524590164,122.0,0.3769368311885597
West Bengal,North 24 Parganas,2011,Summer,Rice,71962.0,225593.0,3.134890636724938,3.134890636724938,3134.890636724938,642.01,29.439590163934422,24.71131147540984,35.32934426229509,67.73926229508197,18.894426229508195,2.35327868852459,122.0,0.4602754117891681
West Bengal,Birbhum,2014,Summer,Rice,66581.0,225789.0,3.391192682597137,3.391192682597137,3391.1926825971373,312.13,30.73918032786885,24.09344262295082,38.08844262295082,49.03491803278688,20.428688524590164,2.1285245901639347,122.0,0.416148750018926
West Bengal,South 24 Parganas,2007,Summer,Rice,67424.0,225880.0,3.350142382534409,3.350142382534409,3350.142382534409,402.26,29.3877868852459,25.74204918032787,33.86655737704918,69.2627868852459,20.08098360655738,3.5138524590163933,122.0,0.454573125799051
West Bengal,South 24 Parganas,2000,Summer,Rice,83471.0,226170.0,2.7095638006014067,2.7095638006014067,2709.5638006014065,545.37,28.67475409836066,25.4377868852459,32.86967213114754,74.78540983606557,19.251803278688524,3.707786885245902,122.0,0.4519366227527299
West Bengal,Dakshin Dinajpur,2016,Autumn,Rice,902.0,2266.0,2.5121951219512195,2.5121951219512195,2512.19512195122,1358.09,29.496339869281044,26.18516339869281,33.43588235294117,79.83320261437908,16.927124183006537,2.1759477124183007,153.0,0.6144502084733771
West Bengal,Birbhum,2002,Summer,Rice,79468.0,227690.0,2.8651784366034128,2.8651784366034128,2865.1784366034126,408.36,30.327213114754095,23.916803278688523,37.55,53.47524590163934,19.88483606557377,2.0378688524590163,122.0,0.4054062477437453
West Bengal,Birbhum,2001,Summer,Rice,79669.0,229871.0,2.885325534398574,2.885325534398574,2885.3255343985743,563.58,29.72065573770492,23.553852459016397,36.62918032786885,52.62254098360656,19.943934426229507,2.2395901639344262,122.0,0.3500806920784524
West Bengal,South 24 Parganas,2006,Summer,Rice,76956.0,229965.0,2.988266022142523,2.988266022142523,2988.2660221425226,396.51,29.590573770491805,26.19983606557377,33.849754098360656,70.19745901639344,19.44647540983607,3.32172131147541,122.0,0.4560712541875477
West Bengal,North 24 Parganas,2013,Summer,Rice,70880.0,231275.0,3.2629091422121896,3.2629091422121896,3262.9091422121896,585.15,29.71729508196721,24.820245901639343,35.84795081967213,66.91254098360656,18.826475409836064,2.8298360655737707,122.0,0.4648739542716006
West Bengal,South 24 Parganas,2013,Summer,Rice,72967.0,231508.0,3.172776734688284,3.172776734688284,3172.776734688284,558.18,29.37622950819672,25.844344262295085,33.94868852459016,71.45245901639345,18.826475409836064,4.061639344262295,122.0,0.4746679873330831
West Bengal,South 24 Parganas,2001,Summer,Rice,82240.0,235784.0,2.867023346303502,2.867023346303502,2867.023346303502,646.55,29.38631147540984,25.933688524590163,33.667459016393444,71.70065573770492,19.04672131147541,3.618688524590164,122.0,0.4554113682517274
West Bengal,Birbhum,1999,Summer,Rice,77587.0,238310.0,3.071519713354041,3.071519713354041,3071.519713354041,330.08,30.72295081967213,23.297786885245905,38.68844262295082,45.43696721311476,20.381803278688523,2.239672131147541,122.0,
West Bengal,North 24 Parganas,2014,Summer,Rice,70898.0,239229.0,3.374270078140427,3.374270078140427,3374.270078140427,400.14,30.81122950819672,25.335,37.47057377049181,60.649918032786886,19.51295081967213,2.5293442622950817,122.0,0.4478403496406153
West Bengal,South 24 Parganas,1998,Summer,Rice,80890.0,241720.0,2.9882556558289037,2.9882556558289037,2988.2556558289034,453.76,29.13049180327869,25.729098360655737,33.4922131147541,72.4954918032787,19.280081967213118,3.662868852459016,122.0,
West Bengal,Cooch Behar,1998,Winter,Rice,222381.0,242130.0,1.088807047364658,1.088807047364658,1088.807047364658,1628.93,26.532131147540984,23.420546448087432,30.29060109289617,82.9924043715847,14.658142076502733,1.0830601092896175,183.0,
West Bengal,Dakshin Dinajpur,2017,Autumn,Rice,954.0,2428.0,2.5450733752620547,2.5450733752620547,2545.0733752620545,1492.37,28.93418300653595,26.01640522875817,32.3762091503268,84.84071895424836,16.83830065359477,2.130849673202614,153.0,0.6395515449917688
West Bengal,Uttar Dinajpur,2017,Autumn,Rice,960.0,2443.0,2.544791666666667,2.544791666666667,2544.791666666667,1365.28,29.482875816993463,26.3024183006536,33.18274509803921,81.24967320261439,16.83830065359477,2.206209150326797,153.0,0.6520427133675132
West Bengal,Purulia,2000,Summer,Rice,1023.0,2454.0,2.398826979472141,2.398826979472141,2398.826979472141,324.05,29.48622950819672,22.737704918032787,37.13434426229509,49.42245901639344,21.507868852459016,2.1299180327868856,122.0,0.3536536760840505
West Bengal,Uttar Dinajpur,2005,Autumn,Rice,1553.0,2472.0,1.5917578879587897,1.5917578879587897,1591.7578879587895,1158.22,30.395686274509803,26.482614379084968,34.61418300653595,72.33588235294117,17.167581699346403,2.1229411764705883,153.0,0.5957566990322049
West Bengal,North 24 Parganas,2012,Summer,Rice,70500.0,249051.0,3.5326382978723405,3.5326382978723405,3532.6382978723404,268.71,30.43114754098361,25.27254098360656,36.900163934426224,62.49401639344263,20.046639344262296,2.7027868852459016,122.0,0.4331175405234673
West Bengal,Birbhum,2007,Summer,Rice,74238.0,249379.0,3.359182628842372,3.359182628842372,3359.182628842372,386.88,29.91672131147541,23.58573770491803,36.72934426229508,53.881147540983605,20.41008196721312,2.089672131147541,122.0,0.4172978276551828
West Bengal,North 24 Parganas,2000,Winter,Rice,136439.0,251580.0,1.843900937415255,1.843900937415255,1843.9009374152552,1132.68,26.97065573770492,24.20846994535519,30.39469945355191,85.50983606557377,15.870765027322404,2.0207103825136614,183.0,0.517603685259337
West Bengal,Uttar Dinajpur,2015,Autumn,Rice,1079.0,2532.0,2.3466172381835038,2.3466172381835038,2346.617238183503,1118.85,29.98934640522876,26.25516339869281,34.20124183006536,76.62137254901961,16.937712418300652,2.1841176470588235,153.0,0.6398158277231423
West Bengal,North 24 Parganas,2010,Summer,Rice,77633.0,261587.0,3.36953357463965,3.36953357463965,3369.533574639651,463.33,30.45926229508197,25.768196721311472,36.59737704918033,67.66639344262295,19.626967213114757,2.783524590163934,122.0,0.4281975495513805
West Bengal,Purulia,2000,Autumn,Rice,2632.0,2620.0,0.9954407294832828,0.9954407294832828,995.4407294832828,941.14,28.69202614379085,24.87359477124183,33.14137254901961,76.78947712418301,17.742026143790852,2.2905882352941176,153.0,0.4855212354239113
West Bengal,North 24 Parganas,2003,Summer,Rice,83792.0,265326.0,3.16648367385908,3.16648367385908,3166.48367385908,520.89,29.96188524590164,24.97434426229508,36.31254098360656,65.34319672131147,19.62188524590164,2.6518032786885244,122.0,0.4465127302197653
West Bengal,Birbhum,2008,Summer,Rice,81387.0,268153.0,3.294789094081364,3.294789094081364,3294.789094081364,478.32,29.59754098360656,23.410819672131147,36.38573770491804,56.12614754098361,19.57754098360656,1.901967213114754,122.0,0.4028016303309067
West Bengal,Purulia,2002,Autumn,Rice,1290.0,2691.0,2.0860465116279068,2.0860465116279068,2086.046511627907,1065.92,29.27098039215686,25.21535947712418,34.00588235294117,73.55549019607842,17.646993464052287,2.2122875816993464,153.0,0.467636826622774
West Bengal,North 24 Parganas,1997,Summer,Rice,98044.0,269690.0,2.750703765656236,2.750703765656236,2750.703765656236,458.86,29.289672131147544,24.40606557377049,35.41426229508197,68.28459016393442,20.45959016393443,2.395409836065574,122.0,
West Bengal,Howrah,2017,Autumn,Rice,1321.0,2704.0,2.0469341408024224,2.0469341408024224,2046.9341408024225,1527.61,29.40450980392157,26.642875816993463,33.08470588235294,82.13934640522875,16.435294117647057,2.561045751633987,153.0,0.5872571450722655
West Bengal,Purulia,2003,Autumn,Rice,1981.0,2707.0,1.3664815749621404,1.3664815749621404,1366.4815749621405,962.42,29.59732026143791,25.447908496732023,34.464444444444446,71.42006535947712,18.51117647058824,2.1687581699346405,153.0,0.4319715357764398
West Bengal,North 24 Parganas,2008,Summer,Rice,95232.0,271409.0,2.849976898521505,2.849976898521505,2849.976898521505,522.56,29.315,24.551803278688524,35.26532786885246,68.89508196721312,19.499016393442623,2.2519672131147543,122.0,0.4715023967926583
West Bengal,North 24 Parganas,2006,Summer,Rice,89707.0,271884.0,3.030800271996611,3.030800271996611,3030.800271996611,363.78,29.9444262295082,25.113688524590163,35.779016393442625,65.15622950819673,19.44647540983607,2.210573770491804,122.0,0.4530016292274667
West Bengal,Birbhum,1998,Summer,Rice,77540.0,272109.0,3.5092726334794944,3.5092726334794944,3509.2726334794943,308.06,29.87262295081967,23.20450819672131,37.27057377049181,53.65622950819672,20.02032786885246,2.30672131147541,122.0,
West Bengal,North 24 Parganas,2004,Summer,Rice,89345.0,276187.0,3.091241815434552,3.091241815434552,3091.2418154345514,417.14,30.31844262295082,25.180573770491804,36.85737704918033,64.73565573770492,20.217868852459016,2.6438524590163937,122.0,0.434450285605818
West Bengal,North 24 Parganas,2002,Summer,Rice,88692.0,276560.0,3.118206828124295,3.118206828124295,3118.206828124295,497.56,30.09688524590164,24.953852459016392,36.49803278688525,65.76688524590165,19.22827868852459,2.5495901639344263,122.0,0.4514236167003569
West Bengal,North 24 Parganas,2009,Summer,Rice,88725.0,276708.0,3.118715131022823,3.118715131022823,3118.7151310228232,409.24,30.02868852459016,24.854918032786887,36.3372131147541,63.59844262295082,20.145737704918037,2.2517213114754098,122.0,0.4352431955647026
West Bengal,Cooch Behar,1997,Winter,Rice,222464.0,277140.0,1.2457745972382048,1.2457745972382048,1245.774597238205,1245.19,26.17775956284153,22.57486338797814,30.482950819672133,78.41846994535518,15.87617486338798,1.105191256830601,183.0,
West Bengal,Howrah,1998,Autumn,Rice,1203.0,2790.0,2.319201995012469,2.319201995012469,2319.201995012469,981.13,29.56352941176471,26.82588235294117,33.2937908496732,81.99856209150327,16.621372549019608,2.897647058823529,153.0,
West Bengal,Howrah,1999,Autumn,Rice,1394.0,2810.0,2.0157819225251075,2.0157819225251075,2015.7819225251076,1501.1,28.870392156862746,26.25058823529412,32.429150326797384,83.14287581699347,15.890130718954248,2.884313725490196,153.0,
West Bengal,Purulia,2005,Summer,Rice,1221.0,2818.0,2.307944307944308,2.307944307944308,2307.944307944308,194.98,31.412868852459017,24.17622950819672,39.318278688524586,41.71524590163935,21.64754098360656,2.0208196721311475,122.0,0.3175213741719204
West Bengal,Purulia,2004,Summer,Rice,1354.0,2836.0,2.094534711964549,2.094534711964549,2094.5347119645494,349.7,30.308852459016396,23.54975409836066,37.71639344262295,47.83172131147541,21.77950819672131,2.1185245901639345,122.0,0.348489663428106
West Bengal,North 24 Parganas,2005,Summer,Rice,96675.0,283954.0,2.937201965347815,2.937201965347815,2937.201965347815,333.57,30.32754098360656,25.37098360655737,36.57762295081967,66.04786885245902,20.106475409836065,2.5590163934426227,122.0,0.4551195550331873
West Bengal,North 24 Parganas,2007,Summer,Rice,95528.0,294718.0,3.0851478100661587,3.0851478100661587,3085.147810066159,399.08,29.68918032786885,24.573278688524592,35.867704918032786,63.588606557377055,20.08098360655738,2.388688524590164,122.0,0.4669873343276771
West Bengal,Purulia,2006,Autumn,Rice,1993.0,2992.0,1.501254390366282,1.501254390366282,1501.254390366282,1543.15,28.263660130718957,24.90718954248366,32.20483660130719,80.14764705882354,17.36777777777778,2.224705882352941,153.0,0.5517753515112097
West Bengal,Uttar Dinajpur,2007,Autumn,Rice,2059.0,2999.0,1.456532297231666,1.456532297231666,1456.5322972316658,1300.15,29.6262091503268,26.136405228758168,33.500457516339864,77.6278431372549,16.8259477124183,2.1750326797385617,153.0,0.6131334872439806
West Bengal,Howrah,2001,Autumn,Rice,1255.0,3010.0,2.398406374501992,2.398406374501992,2398.406374501992,1318.83,28.662875816993463,26.21045751633987,31.970392156862747,85.82248366013071,16.46653594771242,2.728562091503268,153.0,0.5777699883972025
West Bengal,North 24 Parganas,2010,Winter,Rice,127578.0,302957.0,2.374680587562118,2.374680587562118,2374.6805875621185,1128.0,27.541092896174867,24.79142076502732,30.91169398907104,84.83021857923498,16.083825136612024,1.9391256830601091,183.0,0.5507698620672203
West Bengal,Howrah,2018,Autumn,Rice,1110.0,3045.0,2.7432432432432434,2.7432432432432434,2743.243243243244,1213.89,29.216274509803924,26.368169934640523,33.019803921568624,82.1970588235294,16.438692810457514,2.56562091503268,153.0,0.601625464672769
West Bengal,Cooch Behar,1999,Winter,Rice,228943.0,305410.0,1.3340001659801786,1.3340001659801786,1334.0001659801785,1680.24,26.108688524590164,22.900765027322404,29.898524590163937,82.15464480874317,15.144918032786885,1.0643715846994537,183.0,
West Bengal,Howrah,2008,Autumn,Rice,1349.0,3159.0,2.3417346182357304,2.3417346182357304,2341.7346182357305,1289.98,28.673529411764708,26.133464052287582,31.979150326797388,84.54320261437908,16.513986928104575,2.6501960784313727,153.0,0.5417190302786024
West Bengal,North 24 Parganas,2001,Summer,Rice,100153.0,316329.0,3.1584575599333022,3.1584575599333022,3158.457559933302,669.95,29.57877049180328,24.71844262295082,35.43565573770491,66.92122950819672,19.04672131147541,2.450819672131148,122.0,0.4568698995245246
West Bengal,Uttar Dinajpur,2004,Autumn,Rice,2343.0,3173.0,1.3542466922748613,1.3542466922748613,1354.2466922748613,1264.55,29.36346405228758,25.91496732026144,33.22581699346405,78.04169934640522,16.605359477124182,2.312745098039216,153.0,0.5801678165635861
West Bengal,Darjeeling,2008,Summer,Rice,1526.0,3204.0,2.099606815203145,2.099606815203145,2099.6068152031457,449.85,20.73655737704918,15.835983606557376,26.587540983606555,58.92286885245902,15.655737704918034,1.4531967213114754,122.0,0.6219610873607959
West Bengal,Uttar Dinajpur,2008,Autumn,Rice,2097.0,3259.0,1.5541249403910349,1.5541249403910349,1554.124940391035,1079.68,29.356013071895426,25.937320261437907,33.1535294117647,78.31241830065359,17.038169934640525,2.053137254901961,153.0,0.6223054746279262
West Bengal,Howrah,2019,Autumn,Rice,1195.0,3278.0,2.7430962343096232,2.7430962343096232,2743.096234309623,1074.81,30.03751633986928,26.896666666666665,34.3681045751634,78.75653594771242,16.964771241830068,2.9151633986928105,153.0,0.5987974731595114
West Bengal,North 24 Parganas,2011,Winter,Rice,133756.0,329019.0,2.4598447920093305,2.4598447920093305,2459.8447920093304,1456.42,27.087158469945354,24.169398907103822,30.686775956284155,84.57808743169399,15.125300546448086,2.009071038251366,183.0,0.5267664242397732
West Bengal,North 24 Parganas,2009,Winter,Rice,127578.0,331194.0,2.5960118515731554,2.5960118515731554,2596.011851573156,1323.32,27.01726775956284,24.082295081967214,30.69907103825137,85.00737704918033,15.770273224043716,2.0039890710382515,183.0,0.5297663481490937
West Bengal,Purulia,2006,Summer,Rice,1336.0,3319.0,2.4842814371257487,2.4842814371257487,2484.2814371257487,496.03,29.7027868852459,23.485081967213112,36.52639344262296,50.35024590163934,20.82844262295082,1.912295081967213,122.0,0.3527030198663148
West Bengal,Uttar Dinajpur,2006,Autumn,Rice,2529.0,3347.0,1.3234480031633056,1.3234480031633056,1323.4480031633057,1078.26,29.356470588235293,25.892875816993463,33.170196078431374,78.51117647058824,17.61281045751634,2.255686274509804,153.0,0.6392534335143419
West Bengal,Darjeeling,2013,Summer,Rice,1638.0,3354.0,2.0476190476190474,2.0476190476190474,2047.6190476190477,573.36,21.08852459016393,16.23532786885246,27.100983606557374,54.99327868852459,16.146229508196722,1.4734426229508195,122.0,0.6081516407659481
West Bengal,Purulia,1999,Autumn,Rice,2306.0,3400.0,1.4744145706851692,1.4744145706851692,1474.414570685169,1231.5,28.545424836601303,24.91267973856209,32.76522875816993,77.35620915032679,17.451045751633988,2.17718954248366,153.0,
West Bengal,Darjeeling,2009,Summer,Rice,1499.0,3406.0,2.2721814543028684,2.2721814543028684,2272.1814543028686,361.02,21.100983606557374,15.918852459016392,27.26426229508197,52.37319672131147,16.531803278688525,1.4618852459016394,122.0,0.5883074709503467
West Bengal,North 24 Parganas,2000,Summer,Rice,109077.0,341715.0,3.132786930333617,3.132786930333617,3132.7869303336174,518.8,28.975737704918032,24.390819672131148,34.72467213114754,70.18418032786884,19.251803278688524,2.5390983606557374,122.0,0.4679867006790716
West Bengal,Darjeeling,2014,Summer,Rice,1516.0,3437.0,2.2671503957783643,2.2671503957783643,2267.1503957783643,552.5699999999999,21.40467213114754,16.306967213114753,27.45975409836066,52.55180327868853,16.676065573770494,1.5141803278688524,122.0,0.5988611897631934
West Bengal,North 24 Parganas,1999,Summer,Rice,112461.0,345460.0,3.071820453312704,3.071820453312704,3071.820453312704,356.95,30.334508196721316,24.827868852459016,37.22680327868853,62.218360655737705,20.38073770491803,2.827622950819672,122.0,
West Bengal,Cooch Behar,2006,Winter,Rice,196996.0,351419.0,1.7838890129748828,1.7838890129748828,1783.8890129748827,1132.1,26.176939890710383,22.72918032786885,30.300874316939893,79.47398907103825,15.52830601092896,1.067049180327869,183.0,0.6066546548183515
West Bengal,Cooch Behar,2001,Winter,Rice,222425.0,352220.0,1.583545015173654,1.583545015173654,1583.545015173654,1392.03,26.373606557377048,23.0924043715847,30.305245901639346,81.61628415300547,15.558524590163934,1.0295628415300546,183.0,0.580964055762632
West Bengal,Cooch Behar,2007,Winter,Rice,230836.0,354548.0,1.5359302708416365,1.5359302708416365,1535.9302708416365,1485.9,26.14896174863388,22.79224043715847,30.18032786885246,81.38289617486339,14.894426229508197,1.1476502732240437,183.0,0.5904980588437113
West Bengal,Cooch Behar,2002,Winter,Rice,222609.0,357423.0,1.6056089376440306,1.6056089376440306,1605.608937644031,1506.63,25.84273224043716,22.531748633879783,29.827049180327872,81.6944262295082,14.774590163934429,1.1020765027322406,183.0,0.5936281596779492
West Bengal,Howrah,2005,Autumn,Rice,1374.0,3612.0,2.62882096069869,2.62882096069869,2628.82096069869,999.29,29.479673202614386,26.619934640522875,33.354248366013074,81.09692810457517,17.14967320261438,2.842875816993464,153.0,0.5565564580158842
West Bengal,North 24 Parganas,2012,Winter,Rice,133093.0,364032.0,2.735170144184893,2.735170144184893,2735.1701441848936,1008.55,26.88224043715847,23.669672131147543,31.034972677595626,82.89251366120219,15.774207650273222,2.3571038251366123,183.0,0.5491199531361807
West Bengal,Cooch Behar,2008,Winter,Rice,229612.0,364084.0,1.5856488336846506,1.5856488336846506,1585.6488336846503,1359.09,25.988087431693987,22.743661202185795,29.96546448087432,82.19289617486338,15.368306010928965,1.0846448087431697,183.0,0.5840136667770762
West Bengal,Howrah,2015,Autumn,Rice,1515.0,3641.0,2.403300330033004,2.403300330033004,2403.300330033004,1396.0,29.245555555555555,26.395686274509803,32.97078431372549,82.35385620915032,16.177647058823528,2.7391503267973856,153.0,0.5747400695622504
West Bengal,Cooch Behar,2004,Winter,Rice,216497.0,366064.0,1.6908502196335284,1.6908502196335284,1690.8502196335285,1609.35,25.548743169398907,22.34338797814208,29.39650273224044,83.14754098360656,14.873715846994536,1.1520765027322406,183.0,0.5863844656364432
West Bengal,Bankura,2010,Winter,Rice,147983.0,367221.0,2.481508011055324,2.481508011055324,2481.508011055324,739.88,27.720819672131142,23.82065573770492,32.33584699453552,77.21612021857923,16.759945355191256,2.0599453551912568,183.0,0.5670500159042822
West Bengal,Darjeeling,2012,Summer,Rice,1630.0,3677.0,2.255828220858896,2.255828220858896,2255.828220858896,395.96,21.1044262295082,15.91188524590164,27.27016393442623,53.13622950819672,16.66450819672131,1.519344262295082,122.0,0.5913719968817892
West Bengal,Darjeeling,2015,Summer,Rice,1586.0,3680.0,2.320302648171501,2.320302648171501,2320.302648171501,599.03,20.85188524590164,16.411475409836065,26.230409836065576,62.79606557377049,15.614508196721312,1.485983606557377,122.0,0.6445482964744987
West Bengal,North 24 Parganas,2004,Winter,Rice,157096.0,368303.0,2.3444454346386925,2.3444454346386925,2344.4454346386924,1276.99,26.609071038251365,23.77087431693989,30.166775956284155,85.42218579234972,15.468469945355192,2.17792349726776,183.0,0.532250299219379
West Bengal,Uttar Dinajpur,1998,Autumn,Rice,8155.0,3750.0,0.4598405885959534,0.4598405885959534,459.8405885959534,1238.01,29.96614379084967,26.46398692810457,33.91156862745098,77.27614379084967,16.91,2.2173202614379086,153.0,
West Bengal,Purulia,2007,Autumn,Rice,2210.0,3795.0,1.7171945701357465,1.7171945701357465,1717.1945701357463,1527.13,28.92392156862745,25.303006535947716,33.12392156862745,76.10875816993463,17.869346405228757,2.3000653594771245,153.0,0.5054106367016795
West Bengal,North 24 Parganas,1997,Winter,Rice,193202.0,381990.0,1.977153445616505,1.977153445616505,1977.153445616505,1183.04,27.050874316939893,24.165956284153005,30.642021857923496,83.8787431693989,16.019344262295082,2.072677595628416,183.0,
West Bengal,North 24 Parganas,2005,Winter,Rice,162284.0,389682.0,2.401234872199354,2.401234872199354,2401.234872199354,1125.57,27.1155737704918,24.25710382513661,30.73748633879781,84.30907103825136,15.447377049180329,2.1615300546448086,183.0,0.552406190444383
West Bengal,North 24 Parganas,2013,Winter,Rice,131943.0,391081.0,2.9640147639511003,2.9640147639511003,2964.0147639511,1556.95,26.790765027322404,24.08928961748634,30.19409836065574,87.07109289617486,15.35,2.133551912568306,183.0,0.5614607930521287
West Bengal,North 24 Parganas,1998,Winter,Rice,199701.0,391190.0,1.958878523392472,1.958878523392472,1958.878523392472,1200.87,27.521475409836068,24.94273224043716,30.86677595628415,86.2995081967213,15.515136612021855,2.2253005464480875,183.0,
West Bengal,Cooch Behar,2003,Winter,Rice,223111.0,394216.0,1.766905262403019,1.766905262403019,1766.9052624030192,1397.24,26.214918032786883,23.02142076502732,30.06180327868853,82.48699453551913,14.85743169398907,1.097377049180328,183.0,0.5810154837292358
West Bengal,Cooch Behar,2000,Winter,Rice,232980.0,394870.0,1.6948665121469657,1.6948665121469657,1694.8665121469655,1016.15,26.16606557377049,22.804699453551915,30.29945355191257,81.12639344262294,15.46879781420765,1.0757377049180328,183.0,0.5728311989365458
West Bengal,Darjeeling,2010,Summer,Rice,1533.0,3981.0,2.5968688845401173,2.5968688845401173,2596.868884540117,509.5,21.68155737704918,16.698278688524592,27.671967213114755,54.19139344262295,16.95393442622951,1.4651639344262295,122.0,0.5962431180637048
West Bengal,North 24 Parganas,2014,Winter,Rice,139767.0,401623.0,2.873518069358289,2.873518069358289,2873.5180693582893,1088.18,27.211092896174865,24.113879781420767,31.06726775956284,82.96409836065574,15.65967213114754,2.053770491803278,183.0,0.5638798679281831
West Bengal,North 24 Parganas,2003,Winter,Rice,169933.0,402803.0,2.370363613894888,2.370363613894888,2370.363613894888,1155.74,27.12967213114754,24.42688524590164,30.59273224043716,85.18469945355191,15.613934426229507,2.175464480874317,183.0,0.5564724002598447
West Bengal,Purulia,1998,Summer,Rice,3060.0,4048.0,1.322875816993464,1.322875816993464,1322.875816993464,295.94,29.35967213114754,22.445,36.83352459016393,51.66696721311475,21.135081967213114,2.016639344262295,122.0,
West Bengal,North 24 Parganas,2007,Winter,Rice,157175.0,404941.0,2.576370287895658,2.576370287895658,2576.370287895658,1824.27,26.83568306010929,24.106994535519124,30.13437158469945,86.78426229508197,15.440983606557376,2.162568306010929,183.0,0.5532507525463457
West Bengal,North 24 Parganas,2008,Winter,Rice,157226.0,406213.0,2.583624845763423,2.583624845763423,2583.6248457634238,1274.08,26.608633879781426,23.90989071038252,29.88377049180328,86.54688524590163,15.70912568306011,2.136775956284153,183.0,0.5624749266742125
West Bengal,North 24 Parganas,2006,Winter,Rice,170626.0,407810.0,2.390081230293156,2.390081230293156,2390.081230293156,1264.34,26.92502732240437,24.21311475409836,30.32333333333333,85.8675956284153,15.285737704918033,2.003934426229508,183.0,0.5519106867180865
West Bengal,Purulia,2003,Summer,Rice,1800.0,4104.0,2.28,2.28,2280.0,255.67,30.42344262295082,23.410819672131147,38.25540983606557,45.00295081967213,21.423688524590165,2.008688524590164,122.0,0.3332641371713154
West Bengal,Cooch Behar,2009,Winter,Rice,218509.0,411030.0,1.8810666837521568,1.8810666837521568,1881.066683752157,1526.94,26.14754098360656,22.7355737704918,30.16393442622951,81.71825136612023,15.444207650273224,1.101584699453552,183.0,0.6252451604257293
West Bengal,Purulia,2008,Autumn,Rice,2119.0,4169.0,1.967437470504955,1.967437470504955,1967.4374705049552,1348.1,28.426405228758167,24.864705882352943,32.51699346405229,78.14091503267973,17.56686274509804,2.0329411764705885,153.0,0.5075951281508982
West Bengal,Purba Medinipur,2008,Autumn,Rice,14820.0,4224.0,0.2850202429149797,0.2850202429149797,285.02024291497975,1358.99,28.800065359477124,26.49607843137255,31.7218954248366,83.6251633986928,17.30732026143791,3.3107843137254904,153.0,0.4990684519161511
West Bengal,North 24 Parganas,1999,Winter,Rice,192944.0,423850.0,2.1967513890040635,2.1967513890040635,2196.751389004064,1611.16,26.60213114754098,23.93371584699453,29.96295081967213,86.64994535519126,15.314972677595629,2.1936065573770493,183.0,
West Bengal,North 24 Parganas,1998,Summer,Rice,114251.0,425881.0,3.727591005768002,3.727591005768002,3727.591005768002,444.78,29.23729508196721,24.36229508196721,35.33155737704918,68.13475409836066,19.280081967213118,2.529672131147541,122.0,
West Bengal,Darjeeling,2011,Summer,Rice,1579.0,4299.0,2.722609246358455,2.722609246358455,2722.6092463584546,497.31,20.456803278688525,15.518688524590164,26.344754098360657,59.18049180327869,16.365655737704916,1.4548360655737709,122.0,0.6206282107443205
West Bengal,North 24 Parganas,2002,Winter,Rice,180898.0,436010.0,2.4102532919103585,2.4102532919103585,2410.2532919103587,1148.24,26.67229508196721,23.940601092896177,30.000710382513663,86.44715846994535,15.549125683060108,2.065245901639344,183.0,0.5550526757503546
West Bengal,Purulia,2007,Summer,Rice,2825.0,4437.0,1.5706194690265487,1.5706194690265487,1570.6194690265486,293.27,29.55934426229508,23.175983606557374,36.75639344262295,51.04295081967213,21.29565573770492,2.1190163934426227,122.0,0.3603019691513054
West Bengal,Dakshin Dinajpur,2011,Autumn,Rice,2110.0,4457.0,2.1123222748815165,2.1123222748815165,2112.3222748815165,1268.05,29.223660130718955,25.883529411764705,33.07078431372549,80.26091503267973,17.04294117647059,2.3317647058823527,153.0,0.6162573805127968
West Bengal,Cooch Behar,2005,Winter,Rice,235239.0,449044.0,1.9088841561135697,1.9088841561135697,1908.8841561135696,1690.02,26.346994535519126,22.94207650273224,30.333825136612024,80.2297267759563,15.269726775956284,1.0930054644808744,183.0,0.6045368941752858
West Bengal,Cooch Behar,2011,Winter,Rice,219727.0,452052.0,2.0573347836178533,2.0573347836178533,2057.334783617853,1662.43,26.013715846994536,22.678196721311476,30.059890710382515,81.98704918032786,15.697431693989072,1.13896174863388,183.0,0.6180990618676142
West Bengal,North 24 Parganas,2001,Winter,Rice,198499.0,463190.0,2.3334626370913707,2.3334626370913707,2333.4626370913707,1280.25,26.948360655737705,24.53808743169399,30.00704918032787,88.01322404371585,15.206120218579231,2.0575956284153007,183.0,0.5526763763140224
West Bengal,Howrah,2013,Autumn,Rice,1572.0,4660.0,2.964376590330789,2.964376590330789,2964.376590330789,1437.18,28.96091503267974,26.43705882352941,32.40130718954248,84.39901960784313,16.062418300653597,2.911699346405229,153.0,0.5970567963424672
West Bengal,Paschim Bardhaman,2016,Autumn,Rice,1615.0,4724.0,2.925077399380805,2.925077399380805,2925.0773993808048,1369.52,29.47215686274509,25.68503267973856,34.01111111111111,75.75352941176472,17.75764705882353,2.362614379084968,153.0,0.489775140612486
West Bengal,Bardhaman,2011,Summer,Rice,169333.0,476332.0,2.812989789349979,2.812989789349979,2812.989789349979,,,,,,,,,
West Bengal,Cooch Behar,2012,Winter,Rice,219730.0,487072.0,2.216684112319665,2.216684112319665,2216.684112319665,1482.86,26.14355191256831,22.66081967213115,30.37666666666667,80.95426229508196,15.128415300546449,1.044535519125683,183.0,0.6316617481262901
West Bengal,Dakshin Dinajpur,1997,Autumn,Rice,4783.0,4890.0,1.0223708969266152,1.0223708969266152,1022.3708969266152,869.07,29.968496732026143,25.95372549019608,34.51169934640523,73.30830065359477,18.44607843137255,2.3077124183006537,153.0,
West Bengal,Bardhaman,2014,Summer,Rice,150267.0,490532.0,3.264402696533504,3.264402696533504,3264.402696533504,,,,,,,,,
West Bengal,South 24 Parganas,1997,Winter,Rice,373220.0,494160.0,1.3240447993140776,1.3240447993140776,1324.0447993140776,1257.47,27.565464480874315,25.44344262295082,30.10852459016393,82.5156830601093,16.019344262295082,3.095245901639344,183.0,
West Bengal,Darjeeling,2012,Autumn,Rice,3478.0,4977.0,1.4309948246118458,1.4309948246118458,1430.9948246118458,1255.6,22.780718954248364,19.38836601307189,26.84568627450981,78.4983660130719,15.442549019607844,1.2387581699346406,153.0,0.7408575144924362
West Bengal,South 24 Parganas,1998,Winter,Rice,363033.0,500380.0,1.3783319973666306,1.3783319973666306,1378.3319973666305,1402.65,27.85950819672131,25.99387978142077,30.22,85.4377049180328,15.515136612021855,3.3566666666666665,183.0,
West Bengal,Cooch Behar,2010,Winter,Rice,222220.0,505675.0,2.275560255602556,2.275560255602556,2275.560255602556,1799.71,25.951202185792347,22.874863387978145,29.66983606557377,84.75382513661202,14.626939890710382,1.0960109289617486,183.0,0.6112592743478406
West Bengal,Cooch Behar,2014,Winter,Rice,217046.0,515777.0,2.376348792421883,2.376348792421883,2376.348792421883,1288.43,26.543442622950817,23.385409836065573,30.342076502732244,82.71737704918033,15.330601092896174,1.0553551912568306,183.0,0.623107947574771
West Bengal,Maldah,2016,Autumn,Rice,2116.0,5316.0,2.512287334593573,2.512287334593573,2512.2873345935727,1224.66,30.034444444444446,26.585686274509804,34.0262091503268,76.5067320261438,16.927124183006537,2.3113725490196075,153.0,0.5694278285790988
West Bengal,Uttar Dinajpur,2018,Autumn,Rice,1875.0,5330.0,2.8426666666666667,2.8426666666666667,2842.6666666666665,1091.49,29.153660130718954,25.933333333333334,32.95169934640523,82.18614379084967,17.085163398692814,2.1207843137254905,153.0,0.679162172987016
West Bengal,Howrah,2012,Autumn,Rice,1662.0,5378.0,3.235860409145608,3.235860409145608,3235.860409145608,918.32,29.70732026143791,26.713660130718957,33.79424836601307,79.53627450980392,17.021437908496733,2.934575163398693,153.0,0.521224846239695
West Bengal,Birbhum,2010,Winter,Rice,186962.0,539456.0,2.8853777773023395,2.8853777773023395,2885.3777773023394,783.33,27.597213114754098,23.858852459016397,32.05639344262295,79.23218579234972,16.759945355191256,1.9640983606557376,183.0,0.5970315483190738
West Bengal,Cooch Behar,2013,Winter,Rice,212855.0,540216.0,2.5379530666416104,2.5379530666416104,2537.9530666416103,1488.2,26.17584699453552,23.14032786885246,29.808415300546447,83.61890710382514,15.864863387978142,0.9865573770491805,183.0,0.6470005154300231
West Bengal,Maldah,2010,Autumn,Rice,3440.0,5504.0,1.6,1.6,1600.0,965.32,29.87509803921569,26.266470588235293,34.04254901960785,77.1349019607843,17.34777777777778,2.252941176470588,153.0,0.5242551913655438
West Bengal,Maldah,2012,Autumn,Rice,3098.0,5519.0,1.7814719173660427,1.7814719173660427,1781.4719173660428,901.92,30.809281045751632,26.867385620915037,35.076993464052286,71.44143790849674,17.55640522875817,2.12359477124183,153.0,0.513197645837949
West Bengal,Darjeeling,2017,Summer,Rice,2318.0,5567.0,2.401639344262295,2.401639344262295,2401.639344262295,528.18,20.706147540983608,16.259672131147543,26.20516393442623,63.19844262295082,15.7427868852459,1.4781147540983608,122.0,0.6629195707803028
West Bengal,Bardhaman,2005,Summer,Rice,207192.0,558393.0,2.6950509672188114,2.6950509672188114,2695.050967218812,,,,,,,,,
West Bengal,South 24 Parganas,2007,Winter,Rice,324295.0,569092.0,1.7548590018347492,1.7548590018347492,1754.8590018347493,1819.7,27.342131147540982,25.30142076502732,29.74295081967213,84.58103825136612,15.440983606557376,3.270928961748634,183.0,0.5752977980387379
West Bengal,Darjeeling,2016,Summer,Rice,2421.0,5836.0,2.4105741429161505,2.4105741429161505,2410.5741429161503,643.49,21.775245901639344,17.219754098360657,27.426475409836065,56.478524590163936,16.076065573770492,1.5919672131147542,122.0,0.630598042424619
West Bengal,Bardhaman,2010,Summer,Rice,189443.0,585863.0,3.092555544411776,3.092555544411776,3092.555544411776,,,,,,,,,
West Bengal,Howrah,2002,Autumn,Rice,2629.0,5868.0,2.2320273868391025,2.2320273868391025,2232.0273868391023,1160.5,29.20627450980393,26.396601307189545,32.8824183006536,82.87359477124183,16.187385620915034,2.6744444444444446,153.0,0.5525382838706784
West Bengal,Bardhaman,2012,Summer,Rice,163328.0,592495.0,3.627638861677116,3.627638861677116,3627.638861677116,,,,,,,,,
West Bengal,Uttar Dinajpur,2019,Autumn,Rice,2251.0,6021.0,2.674811195024433,2.674811195024433,2674.8111950244333,1579.01,30.159411764705883,26.507581699346403,34.359869281045754,77.10372549019608,17.08143790849673,2.3720915032679737,153.0,0.6686059450864545
West Bengal,Maldah,2013,Autumn,Rice,3116.0,6054.0,1.9428754813863929,1.9428754813863929,1942.875481386393,935.01,29.653660130718954,26.331895424836603,33.356078431372545,78.82529411764706,17.35542483660131,1.9958823529411764,153.0,0.5823538352012887
West Bengal,Darjeeling,2019,Autumn,Rice,2953.0,6084.0,2.06027768371148,2.06027768371148,2060.27768371148,1581.35,22.421633986928107,19.35830065359477,26.116666666666667,83.10901960784314,15.100065359477124,1.322483660130719,153.0,0.792026769032517
West Bengal,Birbhum,2000,Winter,Rice,261748.0,609130.0,2.327162003148066,2.327162003148066,2327.162003148066,937.99,26.723661202185795,23.048743169398907,30.877158469945357,80.94295081967213,16.694043715846995,1.949016393442623,183.0,0.5330659352323113
West Bengal,Bardhaman,2004,Summer,Rice,200398.0,609379.0,3.04084372099522,3.04084372099522,3040.84372099522,,,,,,,,,
West Bengal,Darjeeling,2019,Summer,Rice,2222.0,6199.0,2.78982898289829,2.78982898289829,2789.8289828982897,492.25,20.53696721311476,15.845,26.2455737704918,61.68377049180328,16.011475409836066,1.409262295081967,122.0,0.680971804504028
West Bengal,South 24 Parganas,2009,Winter,Rice,314183.0,620950.0,1.9763959221218208,1.9763959221218208,1976.3959221218208,1273.82,27.5524043715847,25.268469945355196,30.288852459016397,82.7932786885246,15.770273224043716,3.0580327868852457,183.0,0.5837400730171062
West Bengal,South 24 Parganas,2000,Winter,Rice,335463.0,628220.0,1.8726953494126028,1.8726953494126028,1872.6953494126028,1155.61,27.41841530054645,25.30327868852459,29.9424043715847,83.51306010928961,15.870765027322404,3.11120218579235,183.0,0.5933024084361673
West Bengal,South 24 Parganas,2010,Winter,Rice,297915.0,628668.0,2.110226071194804,2.110226071194804,2110.226071194804,1110.44,28.031475409836062,25.98098360655738,30.46360655737705,82.83672131147542,16.083825136612024,2.9412021857923496,183.0,0.5938934019633654
West Bengal,Purulia,1997,Autumn,Rice,4327.0,6350.0,1.4675294661428242,1.4675294661428242,1467.5294661428245,1302.0,29.3840522875817,25.2959477124183,33.92895424836601,70.75065359477125,17.74921568627451,2.2111111111111112,153.0,
West Bengal,Darjeeling,2011,Autumn,Rice,3468.0,6461.0,1.8630334486735871,1.8630334486735871,1863.0334486735871,1649.51,21.887189542483657,18.70307189542484,25.641045751633985,84.17359477124182,14.824444444444444,1.328758169934641,153.0,0.7711970825347598
West Bengal,Bardhaman,2002,Summer,Rice,216157.0,650283.0,3.00838279583821,3.00838279583821,3008.3827958382103,,,,,,,,,
West Bengal,Darjeeling,2018,Summer,Rice,2121.0,6506.0,3.0674210278170677,3.0674210278170677,3067.421027817067,547.13,20.24418032786885,15.987295081967211,25.45655737704918,65.8445081967213,14.959016393442624,1.37827868852459,122.0,0.6527374598126541
West Bengal,South 24 Parganas,2015,Autumn,Rice,4034.0,6605.0,1.6373326722855726,1.6373326722855726,1637.3326722855725,1591.36,29.16483660130719,27.23699346405229,31.67339869281045,83.5916339869281,16.177647058823528,3.708039215686275,153.0,0.5731679871096726
West Bengal,Bardhaman,2008,Summer,Rice,233697.0,661427.0,2.8302759556177444,2.8302759556177444,2830.2759556177443,,,,,,,,,
West Bengal,South 24 Parganas,2006,Winter,Rice,330060.0,662961.0,2.008607525904381,2.008607525904381,2008.607525904381,1441.47,27.38983606557377,25.31349726775956,29.83010928961749,84.47,15.285737704918033,3.084699453551913,183.0,0.5751802671013347
West Bengal,Bardhaman,2013,Summer,Rice,176219.0,668407.0,3.793047287749902,3.793047287749902,3793.0472877499024,,,,,,,,,
West Bengal,South 24 Parganas,2011,Winter,Rice,313946.0,670597.0,2.1360265778191154,2.1360265778191154,2136.026577819116,1440.47,27.556448087431693,25.346502732240435,30.120546448087435,82.59092896174863,15.125300546448086,2.990327868852459,183.0,0.5848825518865433
West Bengal,Bardhaman,2007,Summer,Rice,203741.0,679998.0,3.3375609229364733,3.3375609229364733,3337.560922936473,,,,,,,,,
West Bengal,South 24 Parganas,2005,Winter,Rice,339079.0,682030.0,2.011419167804553,2.011419167804553,2011.419167804553,1340.99,27.410109289617488,25.29513661202186,29.95699453551913,83.45830601092896,15.447377049180329,3.265191256830601,183.0,0.593118096265511
West Bengal,Darjeeling,2013,Autumn,Rice,3512.0,6823.0,1.942767653758542,1.942767653758542,1942.767653758542,1505.22,22.319738562091505,19.093202614379084,26.169607843137253,80.81856209150327,15.422483660130718,1.1913071895424838,153.0,0.7642861584054028
West Bengal,Maldah,2014,Autumn,Rice,2937.0,6854.0,2.3336738168198843,2.3336738168198843,2333.6738168198845,1062.34,30.43954248366013,26.822875816993463,34.46254901960785,74.87032679738562,17.118039215686274,2.163202614379085,153.0,0.548246068731933
West Bengal,Bardhaman,1997,Summer,Rice,201048.0,691690.0,3.440422187736262,3.440422187736262,3440.422187736262,,,,,,,,,
West Bengal,Bankura,1998,Winter,Rice,294528.0,692470.0,2.35111772055628,2.35111772055628,2351.11772055628,1032.24,27.38967213114754,24.07497267759563,31.4796174863388,82.10005464480874,16.410437158469946,2.0111475409836066,183.0,
West Bengal,South 24 Parganas,2002,Winter,Rice,343596.0,694975.0,2.022651602463358,2.022651602463358,2022.651602463358,1219.15,27.17852459016393,25.097158469945352,29.635245901639344,84.22459016393442,15.549125683060108,3.1397814207650274,183.0,0.5985153761169847
West Bengal,Bardhaman,2000,Winter,Rice,344094.0,698020.0,2.028573587449941,2.028573587449941,2028.573587449941,,,,,,,,,
West Bengal,Bardhaman,2003,Summer,Rice,215469.0,699200.0,3.2450143640152413,3.2450143640152413,3245.0143640152414,,,,,,,,,
West Bengal,South 24 Parganas,1999,Winter,Rice,373726.0,705620.0,1.8880677287638536,1.8880677287638536,1888.0677287638537,1720.53,27.025355191256832,24.98896174863388,29.48371584699454,84.63306010928962,15.314972677595629,3.302677595628415,183.0,
West Bengal,Bankura,2003,Winter,Rice,264939.0,706993.0,2.668512374546594,2.668512374546594,2668.512374546594,1086.77,26.933497267759563,23.4148087431694,31.19781420765027,81.34021857923497,16.097540983606557,2.051748633879781,183.0,0.5743838224379159
West Bengal,Darjeeling,2018,Autumn,Rice,3328.0,7096.0,2.1322115384615383,2.1322115384615383,2132.211538461538,1398.3,22.140392156862745,19.2640522875817,25.69843137254902,86.05392156862744,14.906470588235294,1.272549019607843,153.0,0.7607078235899334
West Bengal,Purulia,1997,Summer,Rice,2995.0,7130.0,2.380634390651085,2.380634390651085,2380.634390651085,443.68,30.50688524590164,23.413852459016397,38.16450819672131,39.84901639344263,20.979918032786887,2.0551639344262296,122.0,
West Bengal,South 24 Parganas,2012,Winter,Rice,314185.0,714056.0,2.272724668586979,2.272724668586979,2272.724668586979,981.07,27.22295081967213,24.75224043715847,30.27120218579235,82.28311475409836,15.774207650273222,3.491967213114754,183.0,0.6190847285829529
West Bengal,South 24 Parganas,2003,Winter,Rice,353858.0,715537.0,2.0221020861475507,2.0221020861475507,2022.1020861475504,1271.49,27.52584699453552,25.53125683060109,29.966666666666665,83.87584699453552,15.613934426229507,3.29792349726776,183.0,0.6028837447911893
West Bengal,Bardhaman,2001,Summer,Rice,218525.0,719603.0,3.2930008008237044,3.2930008008237044,3293.0008008237046,,,,,,,,,
West Bengal,South 24 Parganas,2004,Winter,Rice,338291.0,720977.0,2.131233169076328,2.131233169076328,2131.233169076328,1334.51,27.147377049180328,25.01234972677596,29.68956284153005,83.13808743169399,15.468469945355192,3.251693989071038,183.0,0.588412843704629
West Bengal,South 24 Parganas,2008,Winter,Rice,341567.0,721518.0,2.112376195592665,2.112376195592665,2112.376195592665,1336.19,27.12415300546448,25.052131147540983,29.541475409836067,84.54661202185792,15.70912568306011,3.266448087431694,183.0,0.6043726168024125
West Bengal,Bardhaman,2006,Summer,Rice,209769.0,721948.0,3.4416334158050046,3.4416334158050046,3441.6334158050045,,,,,,,,,
West Bengal,Purulia,2001,Autumn,Rice,3132.0,7255.0,2.316411238825032,2.316411238825032,2316.411238825032,1222.61,28.456666666666667,25.019281045751637,32.577712418300656,79.86496732026144,17.753986928104577,2.315424836601307,153.0,0.526853949172539
West Bengal,Cooch Behar,2015,Autumn,Rice,4084.0,7271.0,1.780362389813908,1.780362389813908,1780.362389813908,1641.95,28.36058823529412,25.299150326797385,31.94111111111111,82.51098039215687,15.199477124183009,1.3501307189542484,153.0,0.6611476178540016
West Bengal,South 24 Parganas,2001,Winter,Rice,336114.0,736064.0,2.1899236568545195,2.1899236568545195,2189.92365685452,1370.26,27.372513661202188,25.59792349726776,29.53125683060109,86.18174863387978,15.206120218579231,3.1444262295081966,183.0,0.618068362350521
West Bengal,Bardhaman,2009,Summer,Rice,230750.0,744206.0,3.2251614301191767,3.2251614301191767,3225.1614301191767,,,,,,,,,
West Bengal,South 24 Parganas,2013,Winter,Rice,316815.0,747982.0,2.360942505878825,2.360942505878825,2360.942505878825,1703.26,27.293442622950817,25.23,29.78153005464481,84.6487431693989,15.35,3.24551912568306,183.0,0.6212807777792732
West Bengal,Maldah,2017,Autumn,Rice,2956.0,7522.0,2.544654939106901,2.544654939106901,2544.654939106901,1189.44,29.676601307189543,26.47196078431373,33.391176470588235,80.27333333333333,16.83830065359477,2.285032679738562,153.0,0.5807192896611303
West Bengal,Bankura,2002,Winter,Rice,260685.0,756459.0,2.901812532366649,2.901812532366649,2901.812532366649,1049.9,26.469071038251368,22.76710382513661,30.70300546448087,81.0171038251366,16.292185792349727,1.967650273224044,183.0,0.5727673920640758
West Bengal,Darjeeling,2009,Autumn,Rice,3549.0,7621.0,2.1473654550577628,2.1473654550577628,2147.3654550577626,1086.68,22.315359477124183,18.914183006535943,26.38392156862745,80.87797385620915,15.49503267973856,1.3326143790849672,153.0,0.749377485491437
West Bengal,Kalimpong,2019,Winter,Rice,4735.0,7630.0,1.611404435058078,1.611404435058078,1611.404435058078,1855.74,21.29743169398907,18.790437158469945,24.67846994535519,87.47267759562841,14.47360655737705,0.8178688524590163,183.0,0.8277801263061898
West Bengal,Darjeeling,2017,Autumn,Rice,3885.0,7631.0,1.964221364221364,1.964221364221364,1964.221364221364,1436.04,22.32496732026144,19.481633986928102,25.822941176470582,84.93862745098039,14.84875816993464,1.3351633986928104,153.0,0.7764447549958632
West Bengal,Dakshin Dinajpur,2010,Autumn,Rice,3571.0,7729.0,2.164379725567068,2.164379725567068,2164.379725567068,984.05,29.52522875816993,26.01666666666667,33.68915032679738,79.30993464052288,17.34777777777778,2.181437908496732,153.0,0.5695974383881913
West Bengal,Bardhaman,1999,Summer,Rice,228995.0,773640.0,3.378414375859735,3.378414375859735,3378.414375859735,,,,,,,,,
West Bengal,Birbhum,1999,Winter,Rice,307150.0,783310.0,2.550252319713495,2.550252319713495,2550.252319713495,1103.71,26.459344262295083,23.070874316939893,30.38377049180328,82.56841530054645,16.16633879781421,2.044153005464481,183.0,
West Bengal,Birbhum,2015,Autumn,Rice,2432.0,7908.0,3.2516447368421053,3.2516447368421053,3251.644736842105,1072.05,29.7678431372549,25.857908496732023,34.35470588235294,76.18137254901961,17.273202614379088,2.324901960784313,153.0,0.5607282913853626
West Bengal,Bankura,1999,Winter,Rice,332424.0,794130.0,2.388906938127211,2.388906938127211,2388.906938127211,1324.55,26.23207650273224,22.808633879781414,30.295081967213115,83.1044262295082,16.16633879781421,2.051967213114754,183.0,
West Bengal,South 24 Parganas,2014,Winter,Rice,325501.0,794541.0,2.4409786759487684,2.4409786759487684,2440.9786759487683,1173.37,27.66754098360656,25.3092349726776,30.389726775956284,81.52218579234973,15.65967213114754,3.1051912568306013,183.0,0.6074850480615924
West Bengal,Bankura,2014,Winter,Rice,294204.0,794716.0,2.7012413155497548,2.7012413155497548,2701.2413155497547,1081.92,26.89601092896175,23.01688524590164,31.35568306010929,79.14819672131148,16.31245901639344,1.9414754098360656,183.0,0.5943955401789645
West Bengal,Bankura,2004,Winter,Rice,287815.0,802518.0,2.7883119364869797,2.7883119364869797,2788.3119364869794,1118.66,26.27311475409836,22.729508196721312,30.29005464480874,81.4416393442623,16.60071038251366,2.109289617486339,183.0,0.588878417018034
West Bengal,Birbhum,2009,Winter,Rice,301071.0,805180.0,2.6743857761126115,2.6743857761126115,2674.3857761126114,1120.24,27.01120218579235,23.146120218579235,31.441092896174865,79.23743169398908,16.80109289617486,1.9165573770491804,183.0,0.5888503495999513
West Bengal,Bankura,2000,Winter,Rice,333437.0,812060.0,2.4354225835765075,2.4354225835765075,2435.422583576508,823.65,26.61841530054645,22.762295081967213,31.088852459016397,79.86551912568305,16.694043715846995,2.0081967213114758,183.0,0.544279882290265
West Bengal,Darjeeling,2014,Autumn,Rice,3910.0,8158.0,2.086445012787724,2.086445012787724,2086.4450127877235,1255.57,22.59823529411765,19.49372549019608,26.363529411764706,81.09058823529412,15.123202614379084,1.271111111111111,153.0,0.738535674668061
West Bengal,Darjeeling,2010,Autumn,Rice,3451.0,8181.0,2.3706172124022022,2.3706172124022022,2370.6172124022023,1766.93,21.99372549019608,18.906928104575165,25.63967320261438,84.10633986928104,14.837385620915033,1.2627450980392156,153.0,0.7411446133827209
West Bengal,Cooch Behar,2017,Autumn,Rice,4591.0,8197.0,1.7854497930734046,1.7854497930734046,1785.4497930734046,2149.75,27.81143790849673,25.117843137254905,30.96398692810457,86.11856209150326,15.662222222222224,1.21718954248366,153.0,0.6723717110565482
West Bengal,Cooch Behar,2016,Autumn,Rice,4529.0,8209.0,1.8125413998675204,1.8125413998675204,1812.5413998675203,2368.18,28.01771241830065,25.25176470588235,31.188954248366013,84.5956862745098,15.282614379084968,1.1965359477124182,153.0,0.6887730079585921
West Bengal,Howrah,2004,Autumn,Rice,3652.0,8259.0,2.261500547645126,2.261500547645126,2261.500547645126,1093.35,29.23699346405229,26.45875816993464,32.98516339869281,81.90915032679739,16.765228758169933,2.921307189542484,153.0,0.5236183578189656
West Bengal,Howrah,2014,Autumn,Rice,2836.0,8287.0,2.9220733427362484,2.9220733427362484,2922.0733427362484,1157.28,29.68745098039216,26.82,33.503398692810464,81.0975816993464,16.835816993464054,2.8923529411764703,153.0,0.5784002933219551
West Bengal,Kalimpong,2018,Winter,Rice,4752.0,8381.0,1.7636784511784511,1.7636784511784511,1763.678451178451,1640.4,20.92087431693989,18.139508196721312,24.57366120218579,84.65836065573771,14.693606557377048,0.8014754098360655,183.0,0.8147575655156079
West Bengal,Bardhaman,2000,Summer,Rice,219769.0,839305.0,3.819032711619928,3.819032711619928,3819.032711619928,,,,,,,,,
West Bengal,Birbhum,1997,Winter,Rice,309991.0,840840.0,2.7124658457826194,2.7124658457826194,2712.4658457826195,1016.72,26.98803278688525,23.335409836065573,31.18983606557377,79.45754098360655,16.431584699453552,2.0038251366120217,183.0,
West Bengal,Bankura,2008,Winter,Rice,303565.0,842313.0,2.77473687678092,2.77473687678092,2774.7368767809203,1262.05,26.19535519125683,22.822896174863388,30.010819672131145,84.11650273224043,16.1375956284153,1.902185792349727,183.0,0.5935905173947039
West Bengal,Bankura,2009,Winter,Rice,318205.0,844882.0,2.655149981929888,2.655149981929888,2655.149981929888,1134.12,26.800983606557377,22.91486338797814,31.215245901639346,79.5956830601093,16.80109289617486,1.9595081967213115,183.0,0.5834202877039507
West Bengal,Bankura,2005,Winter,Rice,316127.0,847144.0,2.679758451508413,2.679758451508413,2679.758451508413,922.4,27.132513661202186,23.245245901639343,31.627978142076504,77.43076502732241,16.313715846994533,2.1195081967213114,183.0,0.587650930324688
West Bengal,Maldah,2011,Autumn,Rice,3689.0,8547.0,2.316888045540797,2.316888045540797,2316.888045540797,1221.6,29.48699346405229,26.10281045751634,33.26346405228758,78.76196078431373,17.04294117647059,2.43843137254902,153.0,0.5613167121078023
West Bengal,Birbhum,2004,Winter,Rice,308737.0,855316.0,2.77037089820786,2.77037089820786,2770.37089820786,1103.14,26.44360655737705,23.036994535519128,30.36448087431694,82.07803278688525,16.60071038251366,2.120218579234973,183.0,0.5845346373372611
West Bengal,Bankura,2012,Winter,Rice,322444.0,864752.0,2.6818672389624245,2.6818672389624245,2681.8672389624244,1147.96,26.46754098360656,22.60688524590164,31.15021857923497,80.01098360655737,16.296120218579237,2.029344262295082,183.0,0.5942395142404027
West Bengal,Purulia,1999,Summer,Rice,3576.0,8650.0,2.418903803131991,2.418903803131991,2418.903803131991,337.92,30.14352459016393,22.68549180327869,38.28098360655738,41.21049180327869,21.76688524590164,2.1657377049180324,122.0,
West Bengal,Maldah,2015,Autumn,Rice,3568.0,8697.0,2.4375,2.4375,2437.5,1042.5,30.09019607843137,26.395490196078438,34.25915032679738,76.3354248366013,16.937712418300652,2.334313725490196,153.0,0.5751725389759522
West Bengal,Dakshin Dinajpur,2009,Autumn,Rice,5170.0,8705.0,1.683752417794971,1.683752417794971,1683.752417794971,1114.72,29.837385620915036,26.13183006535948,34.03294117647059,76.31509803921568,17.601633986928107,2.1497385620915037,153.0,0.5815899905471095
West Bengal,Maldah,2019,Autumn,Rice,3258.0,8715.0,2.674953959484346,2.674953959484346,2674.953959484346,1269.31,30.36764705882353,26.690849673202614,34.638627450980394,76.15490196078431,17.08143790849673,2.4480392156862747,153.0,0.5949881333275152
West Bengal,Bankura,2013,Winter,Rice,317884.0,874486.0,2.750959469492016,2.750959469492016,2750.959469492016,1623.47,26.1975956284153,22.99874316939891,29.919398907103822,85.49972677595629,15.988032786885244,1.988415300546448,183.0,0.6228904945147666
West Bengal,Birbhum,2012,Winter,Rice,312496.0,876823.0,2.805869515129794,2.805869515129794,2805.869515129794,960.6,26.654972677595627,22.6988524590164,31.481803278688524,78.37371584699453,16.296120218579237,2.087158469945355,183.0,0.62240280363322
West Bengal,Birbhum,2003,Winter,Rice,300623.0,878083.0,2.920877644092435,2.920877644092435,2920.877644092435,879.99,27.122677595628414,23.628524590163934,31.30262295081967,80.74267759562841,16.097540983606557,2.0200546448087437,183.0,0.5805814608967587
West Bengal,Bardhaman,1998,Summer,Rice,249525.0,882289.0,3.535874160905721,3.535874160905721,3535.874160905721,,,,,,,,,
West Bengal,Darjeeling,2016,Autumn,Rice,3905.0,8862.0,2.2693982074263763,2.2693982074263763,2269.3982074263763,1583.15,22.203398692810456,19.48718954248366,25.434313725490195,84.95196078431373,14.264313725490195,1.3086928104575162,153.0,0.7649984351768896
West Bengal,Birbhum,1998,Winter,Rice,312904.0,890320.0,2.845345537289392,2.845345537289392,2845.3455372893923,1073.83,27.39803278688525,24.139289617486337,31.376120218579235,82.73245901639343,16.410437158469946,1.96896174863388,183.0,
West Bengal,Alipurduar,2016,Summer,Rice,3156.0,8940.0,2.832699619771863,2.832699619771863,2832.699619771863,1182.07,28.226147540983607,23.10049180327869,34.08844262295082,59.950901639344266,17.147131147540982,1.3797540983606558,122.0,0.613169544140605
West Bengal,Birbhum,2002,Winter,Rice,315681.0,902095.0,2.857615757679429,2.857615757679429,2857.6157576794294,968.3,26.615901639344266,23.02677595628415,30.76306010928962,81.51273224043716,16.292185792349727,1.9510928961748637,183.0,0.5741227788630778
West Bengal,Kalimpong,2016,Winter,Rice,4776.0,9090.0,1.9032663316582916,1.9032663316582916,1903.2663316582916,1861.07,21.290819672131143,18.845081967213115,24.48928961748634,86.95633879781421,14.361584699453552,0.8110382513661202,183.0,0.8190078417889315
West Bengal,Birbhum,2001,Winter,Rice,307985.0,911950.0,2.961020828936474,2.961020828936474,2961.020828936474,1054.18,26.7596174863388,23.59229508196721,30.52,84.48612021857925,16.237759562841532,1.9904918032786885,183.0,0.5895329191755723
West Bengal,Darjeeling,2015,Autumn,Rice,3914.0,9185.0,2.3467041389882475,2.3467041389882475,2346.7041389882475,1433.12,22.385555555555555,19.494771241830065,25.8640522875817,83.47124183006537,15.193398692810458,1.2997385620915032,153.0,0.7814242430521758
West Bengal,Bankura,2007,Winter,Rice,328783.0,926283.0,2.817308072497666,2.817308072497666,2817.3080724976658,1671.5,26.48049180327869,23.121475409836066,30.377704918032787,83.97191256830601,16.321366120218578,2.1267213114754098,183.0,0.5804144870879
West Bengal,Kalimpong,2017,Winter,Rice,4824.0,9296.0,1.9270315091210612,1.9270315091210612,1927.0315091210612,1654.23,21.285901639344264,18.72584699453552,24.758579234972675,86.33633879781421,14.734699453551912,0.843879781420765,183.0,0.8255658292357
West Bengal,Birbhum,2008,Winter,Rice,307871.0,931728.0,3.0263584423346144,3.0263584423346144,3026.358442334614,1056.41,26.508907103825138,23.059125683060103,30.41229508196721,83.39732240437158,16.1375956284153,1.8465573770491803,183.0,0.5862464347687197
West Bengal,Cooch Behar,2019,Autumn,Rice,5161.0,9402.0,1.8217399728734744,1.8217399728734744,1821.7399728734745,2462.23,27.987254901960785,24.9781045751634,31.479281045751637,84.28640522875817,15.205490196078433,1.2354901960784317,153.0,0.6985787569662699
West Bengal,Birbhum,2011,Winter,Rice,326412.0,940842.0,2.8823756479541194,2.8823756479541194,2882.37564795412,1275.99,26.711803278688524,23.309508196721318,30.564699453551917,83.02743169398907,15.83344262295082,1.9542622950819672,183.0,0.5686463672599392
West Bengal,Bankura,2006,Winter,Rice,336129.0,945567.0,2.813107467668663,2.813107467668663,2813.107467668663,1372.56,26.34967213114754,23.031857923497267,30.09896174863388,84.21005464480875,16.305956284153005,1.911912568306011,183.0,0.5885852230858785
West Bengal,Birbhum,2005,Winter,Rice,314476.0,948410.0,3.0158422264338136,3.0158422264338136,3015.8422264338137,987.49,27.336994535519125,23.5192349726776,31.635081967213114,77.88486338797814,16.313715846994533,2.0313661202185798,183.0,0.5986706962379779
West Bengal,Birbhum,2007,Winter,Rice,314944.0,958708.0,3.0440586262954685,3.0440586262954685,3044.0586262954685,1500.31,26.65453551912568,23.35540983606557,30.449125683060107,84.14704918032787,16.321366120218578,2.048032786885246,183.0,0.6010892361652651
West Bengal,Birbhum,2006,Winter,Rice,312799.0,960320.0,3.0700865411973823,3.0700865411973823,3070.0865411973823,1077.84,26.637213114754097,23.309125683060103,30.53366120218579,83.35147540983607,16.305956284153005,1.836830601092896,183.0,0.5823338318089332
West Bengal,Bankura,2011,Winter,Rice,317968.0,969693.0,3.0496559402203998,3.0496559402203998,3049.6559402203998,1490.42,26.484043715846997,23.048032786885244,30.37972677595628,83.14398907103825,15.83344262295082,1.9395628415300543,183.0,0.5839968969277729
West Bengal,Bankura,1997,Winter,Rice,354447.0,973590.0,2.7467858382212293,2.7467858382212293,2746.7858382212294,1244.89,26.93005464480874,23.356338797814207,31.01530054644809,80.494043715847,16.431584699453552,1.9720218579234967,183.0,
West Bengal,Maldah,2006,Autumn,Rice,6655.0,9965.0,1.4973703981968445,1.4973703981968445,1497.3703981968445,1008.84,29.419019607843136,26.08091503267974,33.14437908496732,78.9856862745098,17.61281045751634,2.3329411764705883,153.0,0.5591424083353613
West Bengal,Bardhaman,1999,Winter,Rice,414208.0,1000580.0,2.415646245364648,2.415646245364648,2415.646245364648,,,,,,,,,
West Bengal,Alipurduar,2017,Summer,Rice,3312.0,10027.0,3.027475845410628,3.027475845410628,3027.475845410628,1001.97,26.82049180327869,22.20213114754098,32.00303278688524,68.24311475409836,16.780983606557378,1.2709016393442625,122.0,0.6302544315388113
West Bengal,Bankura,2001,Winter,Rice,352283.0,1013371.0,2.876582179668051,2.876582179668051,2876.582179668051,1229.61,26.45131147540984,23.357322404371587,30.11688524590164,85.56863387978142,16.237759562841532,2.080273224043716,183.0,0.5871985491060832
West Bengal,Maldah,2008,Autumn,Rice,5939.0,10269.0,1.7290789695234887,1.7290789695234887,1729.0789695234887,979.43,29.487254901960785,26.122875816993464,33.235359477124184,78.18196078431373,17.038169934640525,2.141503267973856,153.0,0.5385581053649184
West Bengal,Birbhum,2014,Winter,Rice,315561.0,1029374.0,3.2620444224729925,3.2620444224729925,3262.0444224729927,947.98,27.086338797814207,23.3044262295082,31.569508196721312,79.13491803278689,16.31245901639344,1.8568306010928963,183.0,0.5933260391175764
West Bengal,Bardhaman,2010,Winter,Rice,364128.0,1053602.0,2.893493496792337,2.893493496792337,2893.493496792337,,,,,,,,,
West Bengal,Birbhum,2013,Winter,Rice,322256.0,1064745.0,3.3040346805024576,3.3040346805024576,3304.034680502458,1224.81,26.48448087431694,23.25825136612022,30.22612021857924,85.0403825136612,15.988032786885244,1.9159562841530056,183.0,0.6203999615882332
West Bengal,South 24 Parganas,2017,Autumn,Rice,4198.0,10948.0,2.6079085278704146,2.6079085278704146,2607.9085278704147,1704.96,29.30281045751634,27.468496732026143,31.76699346405229,83.16084967320262,16.435294117647057,3.4440522875817,153.0,0.5594310426510808
West Bengal,Howrah,2003,Autumn,Rice,4586.0,11230.0,2.44875708678587,2.44875708678587,2448.7570867858703,945.64,29.581503267973854,26.676601307189543,33.57483660130719,80.63450980392157,17.277058823529412,2.9299346405228754,153.0,0.5262356456251266
West Bengal,Bardhaman,2007,Winter,Rice,414468.0,1126762.0,2.718574172191822,2.718574172191822,2718.574172191822,,,,,,,,,
West Bengal,Dakshin Dinajpur,1998,Autumn,Rice,5095.0,11280.0,2.213935230618253,2.213935230618253,2213.935230618253,1238.84,29.725490196078432,26.371960784313725,33.61071895424836,79.5616339869281,16.91,2.238562091503268,153.0,
West Bengal,Maldah,2007,Autumn,Rice,6181.0,11312.0,1.8301245753114384,1.8301245753114384,1830.1245753114383,1232.06,29.78921568627451,26.37954248366013,33.541111111111114,77.4262091503268,16.8259477124183,2.294117647058824,153.0,0.5328074763212486
West Bengal,Bardhaman,1997,Winter,Rice,417834.0,1146060.0,2.7428596045319438,2.7428596045319438,2742.859604531943,,,,,,,,,
West Bengal,Bardhaman,2001,Winter,Rice,420467.0,1155222.0,2.7474736424023765,2.7474736424023765,2747.4736424023763,,,,,,,,,
West Bengal,Hooghly,2010,Autumn,Rice,4474.0,11555.0,2.582700044702727,2.582700044702727,2582.7000447027267,1066.78,29.31385620915033,26.188954248366013,33.41522875816993,81.75143790849673,17.387712418300655,2.472745098039216,153.0,0.6121667712948902
West Bengal,Bardhaman,1998,Winter,Rice,416509.0,1161520.0,2.7887032453080245,2.7887032453080245,2788.7032453080246,,,,,,,,,
West Bengal,Bardhaman,2008,Winter,Rice,417486.0,1170211.0,2.802994591435401,2.802994591435401,2802.9945914354016,,,,,,,,,
West Bengal,Maldah,2009,Autumn,Rice,5805.0,11790.0,2.031007751937985,2.031007751937985,2031.0077519379845,1072.59,30.20712418300653,26.439411764705884,34.38091503267974,74.019477124183,17.601633986928107,2.2401960784313726,153.0,0.5491816042266623
West Bengal,Bardhaman,2006,Winter,Rice,419514.0,1201310.0,2.863575470663673,2.863575470663673,2863.575470663673,,,,,,,,,
West Bengal,Bardhaman,2002,Winter,Rice,404986.0,1204889.0,2.975137412157457,2.975137412157457,2975.137412157457,,,,,,,,,
West Bengal,South 24 Parganas,2018,Autumn,Rice,4290.0,12067.0,2.812820512820513,2.812820512820513,2812.820512820513,1505.8,29.154640522875816,27.24313725490196,31.710849673202617,83.25444444444445,16.438692810457514,3.490392156862745,153.0,0.5891669835796873
West Bengal,Dakshin Dinajpur,2002,Autumn,Rice,8600.0,12129.0,1.4103488372093025,1.4103488372093025,1410.3488372093022,1191.45,29.053464052287584,25.811045751633987,32.85209150326797,81.45019607843136,16.43673202614379,2.2462745098039214,153.0,0.5908690484813709
West Bengal,South 24 Parganas,2016,Autumn,Rice,4719.0,12170.0,2.578936215299852,2.578936215299852,2578.936215299852,1629.14,29.1856862745098,27.3124183006536,31.779738562091502,82.6256862745098,16.935686274509802,3.362745098039216,153.0,0.5404309630261227
West Bengal,Bardhaman,2004,Winter,Rice,416657.0,1231421.0,2.955478967112037,2.955478967112037,2955.478967112037,,,,,,,,,
West Bengal,Bardhaman,2011,Winter,Rice,413299.0,1242347.0,3.00592791175396,3.00592791175396,3005.92791175396,,,,,,,,,
West Bengal,Bardhaman,2003,Winter,Rice,421645.0,1257087.0,2.981387185902833,2.981387185902833,2981.3871859028327,,,,,,,,,
West Bengal,Alipurduar,2018,Summer,Rice,4071.0,12647.0,3.106607713092606,3.106607713092606,3106.607713092606,1106.99,26.520573770491804,21.95631147540984,31.6027868852459,68.38950819672131,16.362377049180328,1.1437704918032787,122.0,0.6096677539171915
West Bengal,Bardhaman,2009,Winter,Rice,429698.0,1271906.0,2.9599998138227317,2.9599998138227317,2959.999813822731,,,,,,,,,
West Bengal,Jalpaiguri,1997,Summer,Rice,4485.0,12890.0,2.8740245261984394,2.8740245261984394,2874.02452619844,363.72,29.07352459016393,22.422622950819672,36.03868852459016,39.77745901639344,18.66655737704918,1.8772131147540985,122.0,
West Bengal,Bardhaman,2012,Winter,Rice,420798.0,1301195.0,3.0922081378713777,3.0922081378713777,3092.208137871378,,,,,,,,,
West Bengal,Dakshin Dinajpur,2000,Autumn,Rice,7353.0,13130.0,1.7856657146742827,1.7856657146742827,1785.6657146742828,1077.77,28.816274509803925,25.651633986928104,32.49339869281046,82.57522875816994,16.696928104575164,2.232745098039216,153.0,0.5622318077273335
West Bengal,Bardhaman,2013,Winter,Rice,418616.0,1323049.0,3.160531370038412,3.160531370038412,3160.531370038412,,,,,,,,,
West Bengal,Maldah,2005,Autumn,Rice,6844.0,13277.0,1.939947399181765,1.939947399181765,1939.9473991817647,979.93,30.67830065359477,26.760980392156863,34.89457516339869,71.52464052287581,17.167581699346403,2.22718954248366,153.0,0.5147883748234671
West Bengal,Birbhum,2019,Autumn,Rice,4537.0,13385.0,2.950187348468151,2.950187348468151,2950.187348468151,906.86,30.51797385620915,26.37941176470588,35.419150326797386,72.83300653594772,17.781830065359475,2.4112418300653595,153.0,0.57314693106419
West Bengal,Hooghly,2003,Autumn,Rice,5418.0,13430.0,2.478774455518641,2.478774455518641,2478.7744555186414,841.92,29.84019607843137,26.496339869281044,34.1535294117647,78.43810457516341,17.277058823529412,2.591045751633987,153.0,0.5535566395784706
West Bengal,Bardhaman,2014,Winter,Rice,419814.0,1361138.0,3.242240611318346,3.242240611318346,3242.240611318346,,,,,,,,,
West Bengal,Bardhaman,2005,Winter,Rice,417180.0,1365492.0,3.273148281317417,3.273148281317417,3273.148281317417,,,,,,,,,
West Bengal,Alipurduar,2019,Summer,Rice,4575.0,14016.0,3.063606557377049,3.063606557377049,3063.606557377049,922.43,26.655409836065573,21.555245901639346,32.36008196721311,64.41459016393442,16.979754098360658,1.2945901639344262,122.0,0.6411055237115798
West Bengal,Purba Bardhaman,2019,Autumn,Rice,12710.0,14040.0,1.1046420141620772,1.1046420141620772,1104.6420141620772,988.33,30.30313725490196,26.69124183006536,35.008039215686274,76.81607843137255,17.781830065359475,2.6512418300653597,153.0,0.5939191240437212
West Bengal,Jalpaiguri,2000,Summer,Rice,6719.0,14187.0,2.1114749218633726,2.1114749218633726,2111.4749218633724,523.85,27.75622950819672,22.16844262295082,33.970245901639345,53.43688524590164,18.31688524590164,1.7729508196721313,122.0,0.476546556872628
West Bengal,Hooghly,2013,Autumn,Rice,5816.0,14343.0,2.4661279229711144,2.4661279229711144,2466.1279229711145,1319.98,29.11666666666667,26.21555555555556,32.86732026143791,83.4162091503268,16.062418300653597,2.591372549019608,153.0,0.6613894171490857
West Bengal,Hooghly,2007,Autumn,Rice,5856.0,14357.0,2.4516734972677594,2.4516734972677594,2451.67349726776,1637.68,29.26823529411765,26.228954248366016,32.971372549019605,81.38771241830065,16.50901960784314,2.511045751633987,153.0,0.5841029532192266
West Bengal,Hooghly,2011,Autumn,Rice,7494.0,14387.0,1.9198025086736052,1.9198025086736052,1919.8025086736052,1531.63,28.849019607843136,25.907777777777778,32.48326797385621,83.69882352941177,15.931960784313729,2.4322222222222223,153.0,0.6172655733019556
West Bengal,Cooch Behar,2018,Autumn,Rice,6779.0,14431.0,2.128780056055465,2.128780056055465,2128.7800560554656,2067.64,27.8040522875817,25.017254901960783,31.04450980392157,85.50562091503268,15.47718954248366,1.125032679738562,153.0,0.672567613499007
West Bengal,Dakshin Dinajpur,2007,Autumn,Rice,7296.0,14641.0,2.00671600877193,2.00671600877193,2006.7160087719296,1270.9,29.529934640522875,26.132810457516342,33.35745098039215,78.93607843137255,16.8259477124183,2.2122875816993464,153.0,0.585696522110532
West Bengal,Dakshin Dinajpur,2001,Autumn,Rice,8958.0,14952.0,1.6691225720026792,1.6691225720026792,1669.1225720026791,1043.84,29.26562091503268,26.01267973856209,33.111111111111114,80.86934640522875,17.821176470588235,2.346993464052288,153.0,0.5098202138711643
West Bengal,Hooghly,2012,Autumn,Rice,6089.0,15144.0,2.4871078994908853,2.4871078994908853,2487.1078994908853,893.28,30.077058823529413,26.571503267973856,34.52496732026144,76.9402614379085,17.021437908496733,2.6,153.0,0.5841225019172571
West Bengal,Dakshin Dinajpur,2008,Autumn,Rice,7328.0,15288.0,2.086244541484716,2.086244541484716,2086.244541484716,1001.6,29.20313725490196,25.88326797385621,33.01496732026144,79.76039215686275,17.038169934640525,2.062875816993464,153.0,0.6025586217779652
West Bengal,Hooghly,2008,Autumn,Rice,6346.0,15523.0,2.446107784431138,2.446107784431138,2446.107784431138,1199.36,28.832875816993464,25.89372549019608,32.483790849673206,83.06372549019608,16.513986928104575,2.348888888888889,153.0,0.6138192060608267
West Bengal,Hooghly,2004,Autumn,Rice,6041.0,15544.0,2.573083926502235,2.573083926502235,2573.083926502235,1016.22,29.45673202614379,26.286732026143792,33.52986928104575,79.97071895424837,16.765228758169933,2.6816339869281047,153.0,0.5645816798068615
West Bengal,South 24 Parganas,2019,Autumn,Rice,5192.0,15612.0,3.00693374422188,3.00693374422188,3006.93374422188,1416.13,29.640849673202617,27.601111111111116,32.499542483660136,81.68633986928104,16.964771241830068,3.851372549019608,153.0,0.5763946277481121
West Bengal,Dakshin Dinajpur,1999,Autumn,Rice,9134.0,15710.0,1.7199474490913071,1.7199474490913071,1719.9474490913071,1116.46,29.329150326797382,26.096601307189545,33.15183006535948,79.4892156862745,16.039019607843137,2.2615032679738563,153.0,
West Bengal,Jalpaiguri,1999,Summer,Rice,6614.0,16000.0,2.419110976716057,2.419110976716057,2419.110976716057,484.67,29.2372131147541,22.99409836065574,35.99147540983606,45.23934426229508,19.06237704918033,1.7792622950819672,122.0,
West Bengal,Hooghly,2001,Autumn,Rice,6524.0,16209.0,2.484518700183936,2.484518700183936,2484.5187001839363,1220.81,28.80052287581699,25.951307189542486,32.48392156862745,84.61660130718954,16.46653594771242,2.4792156862745096,153.0,0.6438162363947633
West Bengal,Hooghly,1998,Autumn,Rice,7456.0,16250.0,2.179452789699571,2.179452789699571,2179.452789699571,873.46,29.85830065359477,26.64764705882353,34.02163398692811,79.69921568627451,16.621372549019608,2.579411764705882,153.0,
West Bengal,Dakshin Dinajpur,2004,Autumn,Rice,9097.0,16868.0,1.854237660767286,1.854237660767286,1854.237660767286,1247.69,29.169738562091503,25.849934640522875,33.007712418300656,79.87660130718955,16.605359477124182,2.389607843137255,153.0,0.5323331813842886
West Bengal,Purba Medinipur,2018,Autumn,Rice,11604.0,16916.0,1.457773181661496,1.457773181661496,1457.773181661496,1369.17,29.23457516339869,26.65078431372549,32.563790849673204,81.99137254901962,17.126928104575164,3.169542483660131,153.0,0.5719174858461507
West Bengal,Hooghly,2019,Autumn,Rice,6931.0,16979.0,2.449718655316693,2.449718655316693,2449.718655316693,988.33,30.30313725490196,26.69124183006536,35.008039215686274,76.81607843137255,16.964771241830068,2.6512418300653597,153.0,0.6481242315375889
West Bengal,Birbhum,2017,Autumn,Rice,5915.0,17033.0,2.8796280642434486,2.8796280642434486,2879.6280642434485,1421.58,29.57398692810457,26.077908496732025,33.73424836601307,78.9581045751634,17.06424836601307,2.1410457516339867,153.0,0.6048013257922423
West Bengal,Dakshin Dinajpur,2003,Autumn,Rice,9267.0,17055.0,1.840401424409194,1.840401424409194,1840.401424409194,878.84,29.668627450980395,26.11300653594771,33.81908496732026,77.56718954248366,17.70986928104575,2.299869281045752,153.0,0.5135945961910677
West Bengal,Maldah,1998,Autumn,Rice,17619.0,17100.0,0.970543163630172,0.970543163630172,970.543163630172,1163.63,30.089150326797387,26.641764705882352,33.9637908496732,77.16601307189542,16.91,2.294967320261438,153.0,
West Bengal,Birbhum,2018,Autumn,Rice,5533.0,17301.0,3.126875112958612,3.126875112958612,3126.875112958612,976.11,29.63202614379085,25.91555555555556,34.0181045751634,77.20084967320261,16.69921568627451,2.206928104575164,153.0,0.5807119146545683
West Bengal,Hooghly,1999,Autumn,Rice,8627.0,17830.0,2.0667671264634286,2.0667671264634286,2066.7671264634287,1326.17,29.12490196078431,26.08607843137255,33.03947712418301,81.3473202614379,15.890130718954248,2.617908496732026,153.0,
West Bengal,Hooghly,2006,Autumn,Rice,7103.0,18090.0,2.546811206532451,2.546811206532451,2546.8112065324517,1232.66,28.91581699346405,26.0462091503268,32.491960784313726,82.96196078431373,16.463202614379085,2.4230065359477124,153.0,0.6108693272355471
West Bengal,Hooghly,2014,Autumn,Rice,6157.0,18096.0,2.9390937144713334,2.9390937144713334,2939.093714471333,1076.96,29.98464052287581,26.61640522875817,34.23954248366013,78.73633986928104,16.835816993464054,2.6173856209150324,153.0,0.633417798467611
West Bengal,Dakshin Dinajpur,2006,Autumn,Rice,10404.0,18185.0,1.7478854286812764,1.7478854286812764,1747.8854286812764,1001.04,29.16457516339869,25.876013071895425,32.95470588235294,80.30555555555556,17.61281045751634,2.2426143790849675,153.0,0.5728636572624668
West Bengal,Birbhum,2016,Autumn,Rice,6224.0,18204.0,2.9248071979434447,2.9248071979434447,2924.807197943445,1253.81,29.721633986928104,25.9540522875817,34.17993464052287,75.9470588235294,17.60222222222222,2.300849673202614,153.0,0.5662499220779593
West Bengal,Hooghly,2000,Autumn,Rice,9243.0,18350.0,1.9852861625013525,1.9852861625013525,1985.2861625013525,1144.24,28.549673202614382,25.73058823529412,32.16751633986928,84.86111111111111,16.34908496732026,2.4424836601307187,153.0,0.5616215668580916
West Bengal,Purba Medinipur,2017,Autumn,Rice,12365.0,18561.0,1.5010917913465427,1.5010917913465427,1501.0917913465428,1590.34,29.3124183006536,26.927450980392155,32.44444444444444,82.45941176470589,17.327058823529413,3.1516339869281045,153.0,0.5678701159096462
West Bengal,Hooghly,2002,Autumn,Rice,7702.0,18608.0,2.415995845235004,2.415995845235004,2415.995845235004,1050.05,29.38065359477124,26.21065359477124,33.352810457516334,81.27398692810458,16.187385620915034,2.410653594771241,153.0,0.5946226250083305
West Bengal,Maldah,2004,Autumn,Rice,8097.0,18663.0,2.304927751018896,2.304927751018896,2304.927751018896,1168.44,29.53392156862745,26.147058823529413,33.35633986928105,77.70738562091503,16.605359477124182,2.4641176470588237,153.0,0.513352573435395
West Bengal,Jalpaiguri,1998,Summer,Rice,6565.0,19154.0,2.917593297791317,2.917593297791317,2917.5932977913176,483.76,28.30049180327869,22.431065573770493,34.646229508196726,51.487131147540985,18.479754098360655,1.806639344262295,122.0,
West Bengal,Hooghly,2009,Autumn,Rice,6265.0,19288.0,3.0786911412609737,3.0786911412609737,3078.691141260974,1347.07,29.237254901960785,26.090522875816998,33.17869281045752,81.88307189542483,16.596078431372547,2.3616993464052287,153.0,0.5913088966087167
West Bengal,Maldah,2002,Autumn,Rice,9872.0,19358.0,1.9608995137763368,1.9608995137763368,1960.8995137763368,1134.85,29.33934640522876,25.99,33.19803921568628,79.60457516339869,16.43673202614379,2.340718954248366,153.0,0.5332290629139846
West Bengal,Alipurduar,2018,Autumn,Rice,11250.0,19417.0,1.7259555555555557,1.7259555555555557,1725.9555555555555,2067.64,27.8040522875817,25.017254901960783,31.04450980392157,85.50562091503268,15.47718954248366,1.125032679738562,153.0,0.7287378568906568
West Bengal,Dakshin Dinajpur,2005,Autumn,Rice,10972.0,19693.0,1.794841414509661,1.794841414509661,1794.841414509661,1014.02,30.29777777777778,26.469738562091504,34.60718954248366,73.89790849673201,17.167581699346403,2.126143790849673,153.0,0.54228080430979
West Bengal,Purba Medinipur,2007,Autumn,Rice,15473.0,20190.0,1.3048536159762167,1.3048536159762167,1304.8536159762168,1708.76,29.1281045751634,26.8462091503268,32.02267973856209,82.54699346405229,17.277254901960784,3.443921568627451,153.0,0.4434473873341736
West Bengal,Hooghly,2018,Autumn,Rice,6250.0,20549.0,3.28784,3.28784,3287.84,1086.32,29.377581699346408,26.12392156862745,33.52320261437909,80.7718954248366,16.438692810457514,2.340588235294118,153.0,0.6330537731918582
West Bengal,Maldah,2001,Autumn,Rice,10684.0,20591.0,1.9272744290527888,1.9272744290527888,1927.2744290527887,1012.08,29.56352941176471,26.271633986928105,33.36333333333334,79.2148366013072,17.821176470588235,2.4465359477124182,153.0,0.5101805575644061
West Bengal,Purba Medinipur,2019,Autumn,Rice,11969.0,20632.0,1.723786448324839,1.723786448324839,1723.786448324839,1284.31,29.74843137254902,27.07993464052288,33.39464052287582,80.32398692810457,17.631045751633987,3.549869281045752,153.0,0.5640819032786669
West Bengal,Maldah,2003,Autumn,Rice,8913.0,20803.0,2.3340065073488163,2.3340065073488163,2334.0065073488163,821.3,30.04215686274509,26.39875816993464,34.21516339869281,75.06346405228757,17.70986928104575,2.410718954248366,153.0,0.4953730680630364
West Bengal,Maldah,1999,Autumn,Rice,12401.0,20920.0,1.6869607289734698,1.6869607289734698,1686.9607289734697,1100.12,29.5902614379085,26.31901960784314,33.31686274509804,77.75751633986928,16.039019607843137,2.325751633986928,153.0,
West Bengal,Maldah,2018,Autumn,Rice,6680.0,21318.0,3.191317365269461,3.191317365269461,3191.317365269461,957.28,29.417581699346407,26.158627450980397,33.258496732026146,80.86588235294117,17.085163398692814,2.2170588235294115,153.0,0.6054909611698813
West Bengal,Hooghly,1997,Autumn,Rice,9712.0,21660.0,2.2302306425041185,2.2302306425041185,2230.2306425041184,1183.65,29.33411764705882,26.02575163398693,33.479019607843135,79.85764705882353,16.80045751633987,2.522875816993464,153.0,
West Bengal,Maldah,2000,Autumn,Rice,13370.0,21700.0,1.6230366492146595,1.6230366492146595,1623.0366492146595,1026.46,29.11797385620915,25.87261437908497,32.840718954248366,80.96470588235294,16.696928104575164,2.378496732026144,153.0,0.5099025916868405
West Bengal,Jalpaiguri,2019,Autumn,Rice,9352.0,22250.0,2.379170230966638,2.379170230966638,2379.170230966638,2468.04,28.576928104575167,25.47300653594771,32.09901960784313,82.2154248366013,15.83980392156863,1.693202614379085,153.0,0.7151390642549972
West Bengal,Purba Medinipur,2012,Autumn,Rice,11357.0,22540.0,1.9846790525666989,1.9846790525666989,1984.6790525666988,885.82,29.631111111111117,27.00745098039216,33.179869281045754,79.58888888888889,17.626013071895425,3.491633986928105,153.0,0.4846725925561203
West Bengal,Hooghly,2015,Autumn,Rice,8906.0,22913.0,2.572759937121042,2.572759937121042,2572.759937121042,1322.69,29.450522875817,26.15934640522876,33.567843137254904,80.69679738562093,16.177647058823528,2.480718954248366,153.0,0.6573902622231288
West Bengal,Maldah,1997,Autumn,Rice,17986.0,22930.0,1.2748804625820085,1.2748804625820085,1274.8804625820082,865.78,30.359673202614378,26.273333333333333,34.79457516339869,70.89732026143791,18.44607843137255,2.3877124183006537,153.0,
West Bengal,Hooghly,2017,Autumn,Rice,8630.0,22978.0,2.6625724217844726,2.6625724217844726,2662.5724217844727,1520.04,29.531503267973854,26.41660130718954,33.46862745098039,81.14640522875817,16.435294117647057,2.316470588235294,153.0,0.6635994809139916
West Bengal,Purba Medinipur,2013,Autumn,Rice,11455.0,23297.0,2.033784373635967,2.033784373635967,2033.7843736359669,1451.04,29.08777777777778,26.763137254901963,32.194901960784314,83.09745098039215,17.285163398692813,3.496732026143791,153.0,0.564062932356448
West Bengal,Jhargram,2019,Autumn,Rice,9475.0,23320.0,2.4612137203166227,2.4612137203166227,2461.2137203166226,1033.31,30.15823529411765,26.07921568627451,35.34555555555556,74.61647058823529,17.79248366013072,2.4108496732026143,153.0,0.6178847689798702
West Bengal,Murshidabad,2010,Autumn,Rice,11867.0,23358.0,1.968315496755709,1.968315496755709,1968.315496755709,855.46,29.77222222222222,26.157254901960783,34.200196078431375,78.25562091503268,17.547124183006535,2.353006535947712,153.0,0.5350975490679
West Bengal,Jhargram,2016,Summer,Rice,6751.0,23906.0,3.5411050214782995,3.5411050214782995,3541.1050214782995,322.33,31.485819672131147,25.087868852459017,39.06795081967213,55.52819672131148,20.858442622950815,2.1574590163934424,122.0,0.4026830752532968
West Bengal,Jalpaiguri,2018,Autumn,Rice,8900.0,23961.0,2.692247191011236,2.692247191011236,2692.247191011236,2069.16,28.111045751633984,25.31830065359477,31.24235294117647,85.12647058823529,15.77562091503268,1.5033986928104577,153.0,0.7017493344351448
West Bengal,Alipurduar,2019,Autumn,Rice,12210.0,24030.0,1.968058968058968,1.968058968058968,1968.058968058968,2462.23,27.987254901960785,24.9781045751634,31.479281045751637,84.28640522875817,15.205490196078433,1.2354901960784317,153.0,0.7457157284153042
West Bengal,Purba Medinipur,2011,Autumn,Rice,13038.0,24244.0,1.8594876514802885,1.8594876514802885,1859.4876514802888,1467.51,28.89764705882353,26.635555555555555,31.78653594771242,83.70124183006537,16.832679738562092,3.2773202614379087,153.0,0.5563516930299736
West Bengal,Purba Medinipur,2015,Autumn,Rice,11946.0,24465.0,2.047965846308388,2.047965846308388,2047.965846308388,1412.51,29.215424836601308,26.679738562091504,32.46745098039216,82.28385620915033,17.596078431372547,3.383856209150327,153.0,0.563905106696001
West Bengal,Purba Medinipur,2009,Autumn,Rice,13882.0,24797.0,1.786269989914998,1.786269989914998,1786.269989914998,1280.18,29.2656862745098,26.830392156862747,32.40732026143791,82.30124183006536,16.934640522875817,3.3167320261437907,153.0,0.5243880232568503
West Bengal,Jalpaiguri,2017,Autumn,Rice,11515.0,25075.0,2.177594442032132,2.177594442032132,2177.594442032132,2141.97,28.246078431372545,25.55156862745098,31.371764705882352,84.9862091503268,16.001960784313727,1.6237908496732023,153.0,0.6988377845208535
West Bengal,Purba Bardhaman,2013,Autumn,Rice,9356.0,25163.0,2.6895040615647714,2.6895040615647714,2689.5040615647717,1319.98,29.11666666666667,26.21555555555556,32.86732026143791,83.4162091503268,16.96359477124183,2.591372549019608,153.0,0.6305039620975461
West Bengal,Paschim Medinipur,2017,Autumn,Rice,10427.0,25262.0,2.422748633355712,2.422748633355712,2422.7486333557117,1524.09,29.41333333333333,26.310130718954248,33.44947712418301,81.30803921568626,17.062549019607843,2.374313725490196,153.0,0.6221743402887914
West Bengal,Hooghly,2005,Autumn,Rice,9368.0,25275.0,2.698014517506405,2.698014517506405,2698.014517506405,827.27,29.90307189542484,26.46555555555556,34.29581699346405,77.79993464052288,17.14967320261438,2.596143790849673,153.0,0.5798561794533743
West Bengal,Uttar Dinajpur,1997,Autumn,Rice,14091.0,25530.0,1.8117947626144348,1.8117947626144348,1811.7947626144348,941.97,30.30202614379085,26.070980392156866,34.908235294117645,69.96908496732027,18.44607843137255,2.310392156862745,153.0,
West Bengal,Murshidabad,2011,Autumn,Rice,11849.0,26456.0,2.232762258418432,2.232762258418432,2232.7622584184323,1307.28,29.161111111111108,25.897908496732025,32.90450980392157,81.23934640522876,16.68013071895425,2.344705882352941,153.0,0.5457306484198161
West Bengal,Jhargram,2016,Autumn,Rice,8974.0,26461.0,2.9486293737463782,2.9486293737463782,2948.6293737463784,1313.97,29.260261437908493,25.614183006535946,33.883594771241825,78.269477124183,17.482418300653595,2.272483660130719,153.0,0.5598903790770406
West Bengal,Purba Bardhaman,2010,Autumn,Rice,9285.0,26478.0,2.851696284329564,2.851696284329564,2851.696284329564,1066.78,29.31385620915033,26.188954248366013,33.41522875816993,81.75143790849673,18.03326797385621,2.472745098039216,153.0,0.5462677966283769
West Bengal,Murshidabad,2012,Autumn,Rice,11682.0,26953.0,2.307224790275637,2.307224790275637,2307.2247902756376,783.33,30.701176470588237,26.732287581699342,35.20464052287582,72.70137254901961,17.555555555555557,2.280980392156863,153.0,0.5001928152189438
West Bengal,Hooghly,2016,Autumn,Rice,9714.0,27259.0,2.80615606341363,2.80615606341363,2806.15606341363,1381.12,29.464771241830064,26.148627450980392,33.712941176470586,80.01594771241831,16.935686274509802,2.3323529411764707,153.0,0.6193498051909542
West Bengal,Jalpaiguri,2016,Autumn,Rice,11091.0,27433.0,2.473446938959517,2.473446938959517,2473.446938959517,2361.36,28.52019607843137,25.707254901960784,31.655032679738564,82.67764705882354,15.658823529411766,1.587843137254902,153.0,0.7056681731089335
West Bengal,Alipurduar,2017,Autumn,Rice,12684.0,28376.0,2.2371491643014823,2.2371491643014823,2237.1491643014824,2149.75,27.81143790849673,25.117843137254905,30.96398692810457,86.11856209150326,15.662222222222224,1.21718954248366,153.0,0.734825552120603
West Bengal,Alipurduar,2016,Autumn,Rice,13078.0,28719.0,2.1959779782841413,2.1959779782841413,2195.977978284141,2368.18,28.01771241830065,25.25176470588235,31.188954248366013,84.5956862745098,15.282614379084968,1.1965359477124182,153.0,0.7400036645361878
West Bengal,Purba Bardhaman,2012,Autumn,Rice,9293.0,28765.0,3.0953405789303776,3.0953405789303776,3095.340578930377,893.28,30.077058823529413,26.571503267973856,34.52496732026144,76.9402614379085,17.9,2.6,153.0,0.5359819593025167
West Bengal,Jalpaiguri,2003,Summer,Rice,15096.0,28882.0,1.9132220455749869,1.9132220455749869,1913.2220455749864,408.29,28.58065573770492,22.705409836065574,34.93303278688524,50.2988524590164,18.132213114754094,1.7700819672131147,122.0,0.5264093241336494
West Bengal,Purba Medinipur,2002,Autumn,Rice,13185.0,29045.0,2.2028820629503225,2.2028820629503225,2202.8820629503225,1107.15,29.362091503267973,26.79875816993464,32.78928104575164,81.40450980392157,17.235294117647058,3.381764705882353,153.0,0.5250200083267675
West Bengal,Purba Medinipur,2004,Autumn,Rice,13519.0,29153.0,2.1564464827280125,2.1564464827280125,2156.4464827280126,1095.83,29.17581699346405,26.71856209150327,32.421895424836606,81.98725490196078,17.947385620915032,3.545751633986928,153.0,0.4755608046009023
West Bengal,Murshidabad,2013,Autumn,Rice,11617.0,30039.0,2.5857794611345444,2.5857794611345444,2585.7794611345444,991.3,29.497973856209143,26.258496732026146,33.30019607843138,80.90307189542483,16.929411764705883,2.256470588235294,153.0,0.5981220514513392
West Bengal,Purba Medinipur,2010,Autumn,Rice,14685.0,30107.0,2.050187265917603,2.050187265917603,2050.187265917603,1025.11,29.423006535947717,27.02281045751634,32.67869281045752,81.3248366013072,18.19751633986928,3.389150326797385,153.0,0.5461902044568571
West Bengal,Purba Bardhaman,2011,Autumn,Rice,10169.0,30638.0,3.01288228931065,3.01288228931065,3012.88228931065,1531.63,28.849019607843136,25.907777777777778,32.48326797385621,83.69882352941177,17.06751633986928,2.4322222222222223,153.0,0.5861202828930743
West Bengal,Purba Medinipur,2005,Autumn,Rice,14873.0,31118.0,2.092247697169367,2.092247697169367,2092.2476971693677,1193.78,29.348169934640527,26.87254901960784,32.64431372549019,81.87764705882353,17.33111111111111,3.540130718954248,153.0,0.518705787640351
West Bengal,Purba Medinipur,2016,Autumn,Rice,13823.0,31148.0,2.253345872820661,2.253345872820661,2253.345872820661,1519.34,29.324509803921565,26.83647058823529,32.66758169934641,80.88202614379085,17.54901960784314,3.174771241830065,153.0,0.5395511026881765
West Bengal,Purba Medinipur,2006,Autumn,Rice,15277.0,33560.0,2.196766380833933,2.196766380833933,2196.766380833933,1495.86,28.791830065359477,26.63934640522876,31.5202614379085,84.36117647058823,16.926993464052288,3.455555555555556,153.0,0.5260579987397046
West Bengal,Purba Medinipur,2014,Autumn,Rice,15111.0,34064.0,2.2542518694990403,2.2542518694990403,2254.2518694990404,1365.9,29.626470588235296,27.0681045751634,32.93143790849673,81.15013071895424,17.414379084967322,3.494117647058824,153.0,0.5369645392068683
West Bengal,Purba Bardhaman,2000,Autumn,Rice,18791.0,34070.0,1.813102016922995,1.813102016922995,1813.102016922995,1144.24,28.549673202614382,25.73058823529412,32.16751633986928,84.86111111111111,17.358039215686276,2.4424836601307187,153.0,0.4839648522553457
West Bengal,Jalpaiguri,2004,Summer,Rice,19828.0,34114.0,1.720496267903974,1.720496267903974,1720.496267903974,450.77,28.615737704918036,23.05262295081967,34.728770491803274,54.22303278688525,17.60106557377049,1.8364754098360656,122.0,0.5341905661577303
West Bengal,Purba Medinipur,1999,Autumn,Rice,16784.0,34160.0,2.0352716873212584,2.0352716873212584,2035.2716873212585,1425.51,28.88673202614379,26.537581699346404,31.96313725490196,82.62764705882353,16.967908496732026,3.486797385620916,153.0,
West Bengal,Purba Medinipur,2003,Autumn,Rice,13214.0,34427.0,2.6053428182230967,2.6053428182230967,2605.342818223097,968.36,29.54771241830065,27.018431372549017,33.03843137254902,80.50915032679738,18.23986928104575,3.648104575163399,153.0,0.4803296550098538
West Bengal,Jalpaiguri,2011,Summer,Rice,16929.0,34497.0,2.037745879851143,2.037745879851143,2037.7458798511432,612.1800000000001,28.02188524590164,22.4627868852459,34.15934426229508,53.8417213114754,18.445737704918034,1.7107377049180328,122.0,0.5611267468061314
West Bengal,Jalpaiguri,2008,Summer,Rice,18730.0,34746.0,1.855098772023492,1.855098772023492,1855.098772023492,587.97,28.45909836065574,22.917704918032783,34.375,52.87262295081968,18.401475409836067,1.6866393442622951,122.0,0.5331739136568425
West Bengal,Jhargram,2018,Autumn,Rice,12435.0,35045.0,2.818254925613189,2.818254925613189,2818.254925613189,1138.31,29.280915032679736,25.60111111111111,33.80568627450981,78.52065359477125,16.667124183006536,2.2634640522875817,153.0,0.6198451126059776
West Bengal,Murshidabad,2019,Autumn,Rice,12860.0,35110.0,2.730171073094868,2.730171073094868,2730.171073094868,953.74,30.449215686274503,26.59633986928105,35.12084967320261,75.48372549019608,17.293529411764705,2.443856209150327,153.0,0.6050455417495083
West Bengal,Purba Bardhaman,2009,Autumn,Rice,12066.0,35141.0,2.9123984750538705,2.9123984750538705,2912.3984750538707,1347.07,29.237254901960785,26.090522875816998,33.17869281045752,81.88307189542483,17.897450980392158,2.3616993464052287,153.0,0.560903938400519
West Bengal,Murshidabad,2009,Autumn,Rice,16629.0,35194.0,2.1164231162427085,2.1164231162427085,2116.4231162427086,1137.82,29.872418300653592,26.168039215686274,34.128692810457515,76.76333333333334,17.28777777777778,2.2530065359477125,153.0,0.5185294895051076
West Bengal,Purba Medinipur,2000,Autumn,Rice,16275.0,35290.0,2.168356374807988,2.168356374807988,2168.356374807988,1164.01,28.59653594771242,26.4043137254902,31.4740522875817,84.77156862745097,17.282549019607842,3.4089542483660136,153.0,0.4987387901435527
West Bengal,Purba Medinipur,1998,Autumn,Rice,16119.0,35770.0,2.219120292822135,2.219120292822135,2219.120292822135,1052.85,29.523464052287583,27.15169934640523,32.796928104575166,82.16313725490195,17.710065359477124,3.565359477124183,153.0,
West Bengal,Jalpaiguri,2010,Summer,Rice,17314.0,37193.0,2.1481460090100497,2.1481460090100497,2148.146009010049,717.02,29.051803278688524,23.3544262295082,35.23786885245902,51.9233606557377,18.01360655737705,1.723688524590164,122.0,0.5378433034877675
West Bengal,Purba Bardhaman,2016,Autumn,Rice,12388.0,38294.0,3.0912173070713598,3.0912173070713598,3091.2173070713598,1381.12,29.464771241830064,26.148627450980392,33.712941176470586,80.01594771241831,17.60222222222222,2.3323529411764707,153.0,0.5671030409878008
West Bengal,Jalpaiguri,2002,Summer,Rice,20946.0,38388.0,1.832712689773704,1.832712689773704,1832.712689773704,611.57,27.75762295081967,22.27409836065574,33.696639344262294,56.919754098360656,18.336721311475408,1.8152459016393443,122.0,0.5317704803804363
West Bengal,Purba Medinipur,1997,Autumn,Rice,15791.0,39560.0,2.5052244949654865,2.5052244949654865,2505.2244949654864,1323.24,29.19013071895425,26.59366013071896,32.58,81.40562091503267,17.020196078431372,3.397777777777778,153.0,
West Bengal,Jalpaiguri,2007,Summer,Rice,17969.0,41142.0,2.2896098836885748,2.2896098836885748,2289.609883688575,535.14,28.47049180327869,22.738360655737704,34.50672131147541,53.39786885245901,19.128688524590164,1.671639344262295,122.0,0.5682420913598778
West Bengal,Purba Bardhaman,2015,Autumn,Rice,13142.0,42481.0,3.2324608126616954,3.2324608126616954,3232.4608126616954,1322.69,29.450522875817,26.15934640522876,33.567843137254904,80.69679738562093,17.273202614379088,2.480718954248366,153.0,0.6041778776901978
West Bengal,Jalpaiguri,2006,Summer,Rice,18314.0,42983.0,2.347002293327509,2.347002293327509,2347.002293327509,466.06,28.422622950819672,22.727295081967213,34.6616393442623,50.8683606557377,18.65286885245902,1.7588524590163936,122.0,0.529656473661297
West Bengal,Jalpaiguri,2005,Summer,Rice,19328.0,43279.0,2.2391866721854305,2.2391866721854305,2239.1866721854303,340.96,29.11844262295082,23.087704918032784,35.579426229508194,48.95303278688525,18.59983606557377,1.7709016393442625,122.0,0.5669594038574998
West Bengal,Jhargram,2018,Summer,Rice,12990.0,43572.0,3.354272517321016,3.354272517321016,3354.272517321016,423.78,29.40254098360656,23.44377049180328,36.73196721311476,63.01344262295082,20.273360655737704,2.1952459016393444,122.0,0.4949062603117447
West Bengal,Murshidabad,2015,Autumn,Rice,16144.0,43645.0,2.703481169474728,2.703481169474728,2703.481169474728,1125.17,29.838431372549017,26.173790849673203,34.1216339869281,77.87660130718955,16.79202614379085,2.3186274509803924,153.0,0.5590230418914331
West Bengal,Jalpaiguri,2016,Summer,Rice,17112.0,43721.0,2.554990649836372,2.554990649836372,2554.990649836372,1010.26,29.36967213114754,24.100983606557374,35.386065573770495,53.465,17.889098360655737,1.8996721311475409,122.0,0.5774111572873468
West Bengal,Purba Bardhaman,2006,Autumn,Rice,13530.0,43731.0,3.232150776053215,3.232150776053215,3232.150776053215,1232.66,28.91581699346405,26.0462091503268,32.491960784313726,82.96196078431373,17.54954248366013,2.4230065359477124,153.0,0.5603963207097401
West Bengal,Purba Bardhaman,2017,Autumn,Rice,14592.0,44188.0,3.028234649122807,3.028234649122807,3028.234649122807,1520.04,29.531503267973854,26.41660130718954,33.46862745098039,81.14640522875817,17.06424836601307,2.316470588235294,153.0,0.6245438027620507
West Bengal,Murshidabad,2016,Autumn,Rice,17465.0,44276.0,2.5351273976524475,2.5351273976524475,2535.127397652448,1248.7,29.857124183006537,26.26307189542484,34.18078431372549,77.36483660130719,17.290588235294116,2.3058823529411767,153.0,0.5865651600598103
West Bengal,Purba Bardhaman,2014,Autumn,Rice,13198.0,44362.0,3.361266858614941,3.361266858614941,3361.2668586149416,1076.96,29.98464052287581,26.61640522875817,34.23954248366013,78.73633986928104,17.62535947712418,2.6173856209150324,153.0,0.5721375103755
West Bengal,Purba Bardhaman,2008,Autumn,Rice,15358.0,44529.0,2.8994009636671443,2.8994009636671443,2899.4009636671444,1199.36,28.832875816993464,25.89372549019608,32.483790849673206,83.06372549019608,17.028039215686274,2.348888888888889,153.0,0.5836338107228669
West Bengal,Purba Bardhaman,2018,Autumn,Rice,14583.0,44532.0,3.0536926558321333,3.0536926558321333,3053.6926558321334,1086.32,29.377581699346408,26.12392156862745,33.52320261437909,80.7718954248366,16.69921568627451,2.340588235294118,153.0,0.5728275716626875
West Bengal,Purba Bardhaman,2005,Autumn,Rice,14641.0,44609.0,3.046854723038044,3.046854723038044,3046.854723038044,827.27,29.90307189542484,26.46555555555556,34.29581699346405,77.79993464052288,18.252091503267977,2.596143790849673,153.0,0.5625912326698549
West Bengal,Jalpaiguri,2013,Summer,Rice,20126.0,44767.0,2.2243366789227865,2.2243366789227865,2224.336678922786,703.89,28.591475409836065,23.10688524590164,34.68688524590164,51.1727868852459,18.68868852459016,1.5872131147540982,122.0,0.5326858019668077
West Bengal,Nadia,2000,Winter,Rice,28092.0,44800.0,1.594760074042432,1.594760074042432,1594.7600740424318,1084.63,26.950000000000003,23.70808743169399,30.70868852459016,84.41338797814207,16.121967213114754,1.9413661202185792,183.0,0.4357939129433265
West Bengal,Jalpaiguri,2009,Summer,Rice,18154.0,44840.0,2.469979067974,2.469979067974,2469.979067974,477.66,28.57934426229508,22.80655737704918,34.82434426229508,48.78926229508197,18.95213114754098,1.6695901639344262,122.0,0.5181220993157034
West Bengal,Murshidabad,2017,Autumn,Rice,17831.0,45374.0,2.544669395995738,2.544669395995738,2544.669395995738,1252.79,29.497254901960783,26.2718954248366,33.40856209150327,81.07202614379085,16.61202614379085,2.1845098039215687,153.0,0.6147288709007213
West Bengal,Murshidabad,2018,Autumn,Rice,16841.0,45415.0,2.6966925954515766,2.6966925954515766,2696.6925954515764,931.39,29.600718954248364,26.11555555555556,33.76477124183007,79.36718954248366,16.741960784313726,2.2007843137254905,153.0,0.5825391264849766
West Bengal,Darjeeling,2016,Winter,Rice,20978.0,45502.0,2.1690342263323483,2.1690342263323483,2169.034226332348,1492.7,20.783005464480876,18.21448087431694,24.09224043715847,85.70398907103825,14.361584699453552,1.1526775956284152,183.0,0.7808464311586449
West Bengal,Murshidabad,2014,Autumn,Rice,18234.0,46997.0,2.577437753647033,2.577437753647033,2577.437753647033,1007.28,30.389084967320255,26.71535947712418,34.67130718954248,75.61071895424837,17.082156862745098,2.303267973856209,153.0,0.5366455849519822
West Bengal,Jalpaiguri,2017,Summer,Rice,17870.0,47408.0,2.6529378847229994,2.6529378847229994,2652.937884723,869.1899999999999,27.68729508196721,22.99254098360656,33.03877049180328,63.54147540983607,17.42155737704918,1.6990983606557375,122.0,0.5919794952033456
West Bengal,Dakshin Dinajpur,1997,Summer,Rice,17674.0,47620.0,2.6943532873147,2.6943532873147,2694.3532873147,298.47,30.234918032786883,23.405,37.490819672131146,45.064918032786885,20.72606557377049,2.2418852459016394,122.0,
West Bengal,Jhargram,2017,Summer,Rice,14492.0,48392.0,3.339221639525255,3.339221639525255,3339.221639525256,436.45,30.251311475409835,23.952704918032783,37.95959016393442,60.81983606557377,21.26090163934426,2.234016393442623,122.0,0.4530995882420705
West Bengal,Jhargram,2019,Summer,Rice,13427.0,48755.0,3.631116407239145,3.631116407239145,3631.116407239145,313.88,30.228524590163936,23.751967213114757,38.02360655737705,60.55204918032787,21.39540983606557,2.24,122.0,0.538169221585594
West Bengal,Jalpaiguri,2001,Summer,Rice,21231.0,48890.0,2.302764825020018,2.302764825020018,2302.7648250200177,451.1,28.50704918032787,22.75237704918033,34.9277868852459,48.7533606557377,19.91426229508197,1.826065573770492,122.0,0.5070887177257174
West Bengal,Darjeeling,2018,Winter,Rice,20995.0,49512.0,2.3582757799476064,2.3582757799476064,2358.275779947606,1236.58,20.496284153005465,17.589234972677595,24.36021857923497,82.88715846994536,14.693606557377048,1.1532786885245905,183.0,0.7643429978942933
West Bengal,North 24 Parganas,2015,Autumn,Rice,17924.0,49687.0,2.7720932827493865,2.7720932827493865,2772.0932827493866,1583.42,29.108169934640525,26.40019607843137,32.676078431372545,83.290522875817,16.177647058823528,2.455294117647058,153.0,0.5512819500605369
West Bengal,Jalpaiguri,2009,Autumn,Rice,34634.0,51289.0,1.4808858347288791,1.4808858347288791,1480.8858347288792,1432.35,28.69326797385621,25.199738562091504,32.54836601307189,77.73143790849673,16.687320261437907,1.6490196078431374,153.0,0.6841904745091955
West Bengal,Jalpaiguri,2018,Summer,Rice,18332.0,51404.0,2.804058476980144,2.804058476980144,2804.0584769801444,982.92,27.23729508196721,22.602049180327867,32.39811475409836,64.72868852459015,17.130081967213115,1.555737704918033,122.0,0.5790574068028235
West Bengal,Purba Bardhaman,2003,Autumn,Rice,18420.0,51773.0,2.8106948968512486,2.8106948968512486,2810.694896851249,841.92,29.84019607843137,26.496339869281044,34.1535294117647,78.43810457516341,18.04686274509804,2.591045751633987,153.0,0.4980914495845271
West Bengal,Purba Bardhaman,2007,Autumn,Rice,17567.0,51880.0,2.9532646439346504,2.9532646439346504,2953.2646439346504,1637.68,29.26823529411765,26.228954248366016,32.971372549019605,81.38771241830065,17.567581699346405,2.511045751633987,153.0,0.5389724341444952
West Bengal,Purba Bardhaman,2004,Autumn,Rice,17119.0,52128.0,3.0450376774344297,3.0450376774344297,3045.037677434429,1016.22,29.45673202614379,26.286732026143792,33.52986928104575,79.97071895424837,18.044117647058822,2.6816339869281047,153.0,0.528182864306348
West Bengal,Darjeeling,2017,Winter,Rice,22067.0,52385.0,2.373906738568904,2.373906738568904,2373.906738568904,1321.76,20.840437158469943,18.130437158469945,24.41584699453552,85.0175956284153,14.734699453551912,1.2152459016393444,183.0,0.7811794569098188
West Bengal,Jalpaiguri,2006,Autumn,Rice,41163.0,53973.0,1.3112018074484366,1.3112018074484366,1311.2018074484365,1316.42,28.698496732026143,25.2762091503268,32.50555555555556,77.57673202614379,16.631176470588237,1.708235294117647,153.0,0.6747558964667538
West Bengal,Bankura,2019,Autumn,Rice,21699.0,53991.0,2.4881791787639984,2.4881791787639984,2488.1791787639986,1000.01,30.138562091503267,25.976666666666667,35.20875816993464,73.87464052287582,17.781830065359475,2.4016993464052288,153.0,0.6038515024960723
West Bengal,North 24 Parganas,2016,Autumn,Rice,20136.0,54174.0,2.690405244338498,2.690405244338498,2690.405244338498,1939.37,28.836601307189543,26.237843137254902,32.35013071895425,84.72477124183006,16.935686274509802,2.179738562091503,153.0,0.5532374809305078
West Bengal,Jalpaiguri,2012,Summer,Rice,19013.0,54174.0,2.849313627518014,2.849313627518014,2849.313627518014,560.48,28.66901639344262,22.825,35.15762295081967,49.657459016393446,19.078688524590163,1.7668032786885246,122.0,0.522939131642515
West Bengal,Jalpaiguri,2019,Summer,Rice,18155.0,54291.0,2.9904158633985127,2.9904158633985127,2990.415863398513,734.33,27.76950819672131,22.45909836065574,33.74319672131148,58.84213114754098,17.85172131147541,1.778360655737705,122.0,0.6006056447100737
West Bengal,Darjeeling,2019,Winter,Rice,20394.0,54399.0,2.667402177110915,2.667402177110915,2667.402177110915,1479.25,20.84819672131148,18.175573770491805,24.38382513661202,86.0475956284153,14.47360655737705,1.1762841530054644,183.0,0.7883770757714642
West Bengal,North 24 Parganas,2017,Autumn,Rice,18561.0,54454.0,2.933785895156511,2.933785895156511,2933.785895156511,2004.05,28.9840522875817,26.46143790849673,32.37496732026144,84.8297385620915,16.435294117647057,2.2126143790849677,153.0,0.5555561227706208
West Bengal,Jalpaiguri,2008,Autumn,Rice,37341.0,54816.0,1.4679842532337108,1.4679842532337108,1467.984253233711,1404.85,28.536993464052287,25.26424836601307,32.153333333333336,78.70522875816994,16.140849673202617,1.5605228758169931,153.0,0.6671831985783807
West Bengal,Jalpaiguri,2012,Autumn,Rice,29132.0,54999.0,1.887923932445421,1.887923932445421,1887.9239324454209,1608.72,29.09333333333333,25.648496732026143,32.93431372549019,77.34228758169935,16.35346405228758,1.559281045751634,153.0,0.6776323216531017
West Bengal,Bankura,2017,Autumn,Rice,21109.0,55196.0,2.614808849305984,2.614808849305984,2614.808849305983,1643.25,29.33477124183007,25.745490196078432,33.678366013071894,79.1345751633987,17.06424836601307,2.153202614379085,153.0,0.6140724735320083
West Bengal,Jalpaiguri,2011,Autumn,Rice,29852.0,55243.0,1.8505627763633927,1.8505627763633927,1850.562776363393,2013.52,28.34908496732026,25.069607843137256,31.99928104575164,80.15281045751634,16.50888888888889,1.6922222222222223,153.0,0.6936447255598476
West Bengal,Purba Bardhaman,2001,Autumn,Rice,21097.0,55797.0,2.644783618523961,2.644783618523961,2644.7836185239607,1220.81,28.80052287581699,25.951307189542486,32.48392156862745,84.61660130718954,17.561830065359477,2.4792156862745096,153.0,0.5881038136205706
West Bengal,Dakshin Dinajpur,2014,Summer,Rice,16722.0,56152.0,3.3579715345054417,3.3579715345054417,3357.971534505442,451.25,30.59967213114754,24.167377049180327,37.53647540983607,49.01655737704918,20.158524590163932,2.014918032786885,122.0,0.431982007559728
West Bengal,North 24 Parganas,2018,Autumn,Rice,19550.0,56300.0,2.8797953964194374,2.8797953964194374,2879.7953964194376,1514.84,28.79,26.247581699346405,32.23,85.21496732026144,16.438692810457514,2.2662745098039214,153.0,0.5530841285775981
West Bengal,North 24 Parganas,2019,Autumn,Rice,18673.0,56325.0,3.0163872971670327,3.0163872971670327,3016.387297167033,1504.8,29.478692810457517,26.686797385620917,33.36477124183007,82.56928104575164,16.964771241830068,2.5215032679738565,153.0,0.5565531054925691
West Bengal,Jalpaiguri,2004,Autumn,Rice,47254.0,56433.0,1.1942481059804462,1.1942481059804462,1194.248105980446,1468.52,28.49470588235294,25.126143790849675,32.28032679738563,78.58124183006537,15.642156862745098,1.7269281045751632,153.0,0.6395171260002084
West Bengal,Jalpaiguri,2007,Autumn,Rice,40957.0,56630.0,1.3826696291232268,1.3826696291232268,1382.6696291232267,1673.65,28.65084967320261,25.195751633986927,32.414052287581704,78.03169934640523,16.264183006535948,1.618169934640523,153.0,0.6590227138842567
West Bengal,Bankura,2015,Autumn,Rice,19164.0,56819.0,2.964882070548946,2.964882070548946,2964.882070548946,1155.09,29.357908496732023,25.502091503267977,34.003398692810464,77.42196078431373,17.273202614379088,2.3594117647058823,153.0,0.608498170325407
West Bengal,Darjeeling,2014,Winter,Rice,27135.0,56945.0,2.0985811682329096,2.0985811682329096,2098.581168232909,1048.38,20.804754098360657,17.980218579234972,24.59032786885246,82.81551912568305,14.690109289617489,1.1366120218579234,183.0,0.7665814734741909
West Bengal,Jalpaiguri,2010,Autumn,Rice,30782.0,57398.0,1.8646611656162693,1.8646611656162693,1864.6611656162693,2104.84,28.266601307189543,25.069281045751637,31.783660130718957,81.63261437908497,16.043398692810456,1.565424836601307,153.0,0.6691542145052314
West Bengal,Jalpaiguri,2013,Autumn,Rice,29424.0,57673.0,1.960066612289288,1.960066612289288,1960.066612289288,1742.6,28.58091503267974,25.424183006535948,32.00614379084967,79.8075816993464,16.701960784313727,1.3647058823529412,153.0,0.6895867031458601
West Bengal,Dakshin Dinajpur,2019,Summer,Rice,17701.0,57777.0,3.264052878368454,3.264052878368454,3264.052878368454,534.61,29.872704918032785,23.850081967213114,36.60573770491803,56.55180327868853,19.41655737704918,2.159344262295082,122.0,0.5388961180781912
West Bengal,Paschim Medinipur,2001,Autumn,Rice,25855.0,58679.0,2.2695416747244246,2.2695416747244246,2269.5416747244244,1307.38,28.780196078431374,25.97032679738562,32.48124183006536,84.200522875817,17.236470588235292,2.5998039215686277,153.0,0.5969522023419015
West Bengal,Murshidabad,2000,Autumn,Rice,48681.0,58760.0,1.207041761672932,1.207041761672932,1207.041761672932,1116.15,28.86797385620915,25.713660130718957,32.63823529411764,82.72045751633986,16.574183006535947,2.326143790849673,153.0,0.4636647326911505
West Bengal,Jalpaiguri,2015,Summer,Rice,23467.0,58810.0,2.506072356926748,2.506072356926748,2506.0723569267484,697.0,28.62803278688525,23.461475409836066,34.452295081967215,56.784672131147545,17.561885245901642,1.846967213114754,122.0,0.5749087155452517
West Bengal,Darjeeling,2012,Winter,Rice,27311.0,58903.0,2.1567500274614626,2.1567500274614626,2156.7500274614627,1189.72,20.67808743169399,17.479016393442624,25.00262295081967,76.4275956284153,15.00311475409836,1.160983606557377,183.0,0.7598122489575954
West Bengal,Jalpaiguri,2014,Summer,Rice,22779.0,59187.0,2.5983142367970498,2.5983142367970498,2598.31423679705,601.83,29.294098360655735,23.227622950819672,35.786803278688524,46.87311475409837,19.189262295081967,1.6892622950819671,122.0,0.5238060578438388
West Bengal,Bankura,2016,Autumn,Rice,21971.0,59208.0,2.694824996586409,2.694824996586409,2694.8249965864097,1389.1,29.279869281045748,25.557124183006536,33.87732026143791,77.3659477124183,17.60222222222222,2.3320915032679737,153.0,0.5497626915051587
West Bengal,Darjeeling,2008,Winter,Rice,27318.0,59556.0,2.1801010322864047,2.1801010322864047,2180.101032286405,1191.19,20.347267759562843,17.42890710382514,24.22502732240437,83.56732240437158,14.531311475409836,1.154863387978142,183.0,0.7601204833997195
West Bengal,Dakshin Dinajpur,2015,Summer,Rice,17913.0,60503.0,3.377602858259365,3.377602858259365,3377.602858259365,628.6899999999999,29.3277868852459,23.699918032786883,35.69991803278689,59.55090163934426,18.673524590163936,2.430573770491803,122.0,0.497881584038318
West Bengal,Darjeeling,2011,Winter,Rice,27242.0,60576.0,2.223625284487189,2.223625284487189,2223.625284487189,1543.91,20.164918032786883,17.34901639344262,23.83010928961749,85.35775956284152,14.145464480874317,1.166120218579235,183.0,0.7704988909259796
West Bengal,Paschim Medinipur,2009,Autumn,Rice,29271.0,61570.0,2.103447097810119,2.103447097810119,2103.447097810119,1274.16,29.26869281045752,26.11437908496732,33.29424836601307,81.25006535947712,17.320065359477123,2.476797385620915,153.0,0.5474047438076712
West Bengal,Darjeeling,2013,Winter,Rice,27005.0,62125.0,2.300499907424551,2.300499907424551,2300.499907424551,1485.0,20.489781420765027,17.649016393442622,24.21639344262295,83.26032786885246,14.74185792349727,1.0642622950819671,183.0,0.7784860201987415
West Bengal,Murshidabad,2006,Autumn,Rice,32583.0,62180.0,1.9083571187429027,1.9083571187429027,1908.357118742903,1040.77,29.239477124183008,26.023333333333333,33.03006535947713,80.62183006535948,17.715620915032677,2.24562091503268,153.0,0.5429234205032
West Bengal,Dakshin Dinajpur,2016,Summer,Rice,18268.0,62189.0,3.404258813225312,3.404258813225312,3404.258813225312,457.46,30.797295081967214,24.68598360655738,37.655901639344265,53.47672131147541,18.99065573770492,2.2818032786885247,122.0,0.4151008530308976
West Bengal,Jalpaiguri,1997,Autumn,Rice,61579.0,64020.0,1.039640137059712,1.039640137059712,1039.6401370597118,1254.85,29.26372549019608,25.25588235294118,33.672810457516334,71.08058823529412,17.801176470588235,1.7315032679738562,153.0,
West Bengal,Darjeeling,2015,Winter,Rice,27094.0,64081.0,2.365136192514948,2.365136192514948,2365.136192514948,1292.94,20.83573770491803,18.144371584699453,24.4,83.62262295081968,14.6424043715847,1.1612568306010929,183.0,0.7797780506937998
West Bengal,Darjeeling,2009,Winter,Rice,27250.0,64401.0,2.3633394495412845,2.3633394495412845,2363.3394495412845,1039.53,20.56650273224044,17.406775956284154,24.74322404371585,79.89617486338798,14.993224043715845,1.1981967213114757,183.0,0.7625844446017985
West Bengal,Paschim Medinipur,1998,Autumn,Rice,48017.0,64848.0,1.3505216902347086,1.3505216902347086,1350.5216902347086,922.65,29.76065359477124,26.615294117647057,34.00098039215686,80.00568627450981,18.16281045751634,2.661437908496732,153.0,
West Bengal,Murshidabad,1997,Autumn,Rice,43480.0,65000.0,1.4949402023919045,1.4949402023919045,1494.9402023919042,963.75,29.916470588235292,26.106928104575164,34.287058823529414,74.97013071895425,17.71535947712418,2.371699346405229,153.0,
West Bengal,Murshidabad,2007,Autumn,Rice,32662.0,65084.0,1.992652011511849,1.992652011511849,1992.6520115118487,1440.77,29.59169934640523,26.253594771241836,33.35052287581699,79.14490196078431,17.034771241830068,2.317581699346405,153.0,0.5297959620325583
West Bengal,Darjeeling,2010,Winter,Rice,27278.0,65640.0,2.40633477527678,2.40633477527678,2406.33477527678,1619.35,20.3644262295082,17.598087431693987,23.981202185792352,85.90131147540984,13.841475409836066,1.119016393442623,183.0,0.7568951227291681
West Bengal,Jalpaiguri,2005,Autumn,Rice,46121.0,67457.0,1.462609223564103,1.462609223564103,1462.609223564103,1440.95,29.202091503267976,25.508039215686274,33.21,74.36555555555556,16.592287581699345,1.6486274509803922,153.0,0.6614809976757432
West Bengal,Jalpaiguri,2003,Autumn,Rice,44546.0,68414.0,1.5358056840120324,1.5358056840120324,1535.8056840120323,1133.95,29.042745098039216,25.501699346405232,32.98673202614379,75.43764705882353,16.839803921568627,1.6905882352941175,153.0,0.6303277622333461
West Bengal,Bankura,2018,Autumn,Rice,24554.0,68551.0,2.791846542314898,2.791846542314898,2791.8465423148978,1128.09,29.264444444444443,25.52522875816993,33.76313725490196,77.9449019607843,16.69921568627451,2.268954248366013,153.0,0.6084482859733905
West Bengal,Dakshin Dinajpur,2012,Summer,Rice,21908.0,68722.0,3.1368449881321894,3.1368449881321894,3136.844988132189,305.53000000000003,30.76467213114754,24.090081967213116,37.968032786885246,47.48655737704918,20.127704918032787,2.2224590163934423,122.0,0.3841885367698758
West Bengal,Jalpaiguri,2014,Autumn,Rice,31345.0,68726.0,2.192566597543468,2.192566597543468,2192.566597543468,1527.84,29.15771241830065,25.85013071895425,32.81522875816993,77.81549019607843,16.37078431372549,1.5658823529411765,153.0,0.6618599132126062
West Bengal,Dakshin Dinajpur,2013,Summer,Rice,21560.0,70157.0,3.2540352504638217,3.2540352504638217,3254.0352504638217,462.38,29.647786885245903,23.625,36.20327868852459,53.78901639344262,19.245819672131145,2.0371311475409835,122.0,0.4299880616030504
West Bengal,Jalpaiguri,2015,Autumn,Rice,29019.0,72278.0,2.490712981150281,2.490712981150281,2490.712981150281,1726.93,28.807712418300653,25.646601307189545,32.37281045751634,81.05156862745098,15.943921568627452,1.6776470588235295,153.0,0.696269438239264
West Bengal,Murshidabad,2008,Autumn,Rice,32285.0,73651.0,2.281276134427753,2.281276134427753,2281.276134427753,1017.46,29.25797385620915,25.95326797385621,33.127450980392155,79.93869281045752,16.9718954248366,2.125490196078432,153.0,0.5238886875828243
West Bengal,Jalpaiguri,1998,Autumn,Rice,63232.0,75340.0,1.1914853238866396,1.1914853238866396,1191.4853238866397,1497.19,29.028562091503268,25.723660130718955,32.74183006535948,78.38745098039216,15.947124183006537,1.6686274509803922,153.0,
West Bengal,Paschim Medinipur,2011,Autumn,Rice,35781.0,75673.0,2.114893379167715,2.114893379167715,2114.893379167715,1535.25,28.81045751633987,25.94326797385621,32.48705882352941,83.51450980392157,16.582549019607843,2.474836601307189,153.0,0.5983217597593276
West Bengal,Paschim Medinipur,2019,Autumn,Rice,31725.0,75914.0,2.392876280535855,2.392876280535855,2392.876280535855,1054.56,30.08326797385621,26.533398692810454,34.8340522875817,77.48777777777778,17.487908496732025,2.727450980392157,153.0,0.6116910742655479
West Bengal,Purba Bardhaman,2002,Autumn,Rice,26341.0,76201.0,2.892866633764853,2.892866633764853,2892.8666337648533,1050.05,29.38065359477124,26.21065359477124,33.352810457516334,81.27398692810458,17.069411764705883,2.410653594771241,153.0,0.5600425912972707
West Bengal,Murshidabad,2005,Autumn,Rice,36281.0,78733.0,2.1700890273145723,2.1700890273145723,2170.0890273145724,751.32,30.563660130718954,26.593594771241836,35.087189542483664,72.93915032679739,17.54248366013072,2.329673202614379,153.0,0.514548159455613
West Bengal,Howrah,2008,Summer,Rice,49793.0,79696.0,1.600546261522704,1.600546261522704,1600.546261522704,553.75,29.244918032786885,24.39467213114754,35.25549180327869,69.07122950819672,19.499016393442623,2.4469672131147537,122.0,0.512757724937838
West Bengal,Paschim Medinipur,2008,Autumn,Rice,42118.0,79878.0,1.8965288000379883,1.8965288000379883,1896.5288000379885,1304.59,28.71313725490196,25.81732026143791,32.3818954248366,83.31542483660131,17.03856209150327,2.406013071895425,153.0,0.5741266066520528
West Bengal,Paschim Medinipur,2014,Autumn,Rice,33141.0,80300.0,2.422980598050753,2.422980598050753,2422.9805980507526,1199.47,29.736143790849678,26.434444444444445,33.957058823529415,79.52849673202614,17.203071895424838,2.612614379084968,153.0,0.5856748951620129
West Bengal,Dakshin Dinajpur,2017,Summer,Rice,24420.0,80505.0,3.2966830466830466,3.2966830466830466,3296.6830466830465,677.27,28.575983606557376,23.28672131147541,34.647704918032794,66.55213114754098,18.220901639344262,2.19,122.0,0.5300789596379794
West Bengal,Paschim Medinipur,2006,Autumn,Rice,41452.0,81267.0,1.96050853999807,1.96050853999807,1960.5085399980696,1443.14,28.700915032679735,25.953856209150327,32.18732026143791,83.91359477124183,17.006928104575163,2.5308496732026144,153.0,0.581545897976316
West Bengal,Murshidabad,1999,Autumn,Rice,51465.0,83430.0,1.6211017196152726,1.6211017196152726,1621.1017196152727,1070.93,29.438692810457518,26.176013071895422,33.31673202614379,79.15666666666667,16.393725490196076,2.418562091503268,153.0,
West Bengal,Paschim Medinipur,2007,Autumn,Rice,41368.0,84059.0,2.031981241539354,2.031981241539354,2031.981241539354,1659.81,29.13647058823529,26.16764705882353,32.86777777777778,81.66372549019607,17.17346405228758,2.595359477124183,153.0,0.5259369815205688
West Bengal,Murshidabad,2003,Autumn,Rice,40170.0,84157.0,2.095021160069704,2.095021160069704,2095.021160069704,724.82,30.089019607843134,26.398496732026143,34.44450980392157,75.6386274509804,17.82509803921569,2.338562091503268,153.0,0.4668714003446532
West Bengal,Paschim Medinipur,2018,Autumn,Rice,32286.0,84535.0,2.618317537012947,2.618317537012947,2618.3175370129466,1184.25,29.320653594771244,26.044771241830063,33.52921568627451,80.58039215686274,16.690196078431374,2.4059477124183006,153.0,0.6250572130910372
West Bengal,Purba Bardhaman,1999,Autumn,Rice,35163.0,84840.0,2.4127634160907774,2.4127634160907774,2412.7634160907774,1326.17,29.12490196078431,26.08607843137255,33.03947712418301,81.3473202614379,16.913267973856208,2.617908496732026,153.0,
West Bengal,Paschim Medinipur,2012,Autumn,Rice,37034.0,85775.0,2.316114921423557,2.316114921423557,2316.114921423557,930.24,29.870718954248368,26.48745098039216,34.35359477124183,77.52751633986928,17.767777777777777,2.6101960784313727,153.0,0.5315821825650803
West Bengal,Murshidabad,2004,Autumn,Rice,38130.0,85853.0,2.251586677157094,2.251586677157094,2251.586677157094,1063.75,29.63313725490196,26.21653594771242,33.64098039215686,77.95307189542484,17.033398692810458,2.5901307189542484,153.0,0.496937256057807
West Bengal,Paschim Medinipur,2010,Autumn,Rice,39370.0,86742.0,2.203251206502413,2.203251206502413,2203.251206502413,974.14,29.486666666666668,26.292875816993465,33.79516339869281,79.8950980392157,17.802941176470586,2.619934640522876,153.0,0.5688559355385967
West Bengal,Jalpaiguri,2001,Autumn,Rice,58753.0,87055.0,1.4817115721750378,1.4817115721750378,1481.711572175038,1209.21,28.830065359477125,25.454901960784312,32.67130718954248,78.41477124183005,17.02901960784314,1.6631372549019607,153.0,0.6419315928145125
West Bengal,Paschim Medinipur,2013,Autumn,Rice,37862.0,87307.0,2.3059267867518884,2.3059267867518884,2305.9267867518884,1460.51,29.08450980392157,26.142156862745097,32.952745098039216,82.7851633986928,16.665555555555557,2.5983660130718955,153.0,0.5970362651542457
West Bengal,Paschim Medinipur,2005,Autumn,Rice,40622.0,89173.0,2.1951897986312834,2.1951897986312834,2195.189798631284,1015.32,29.60581699346405,26.31124183006536,33.951764705882354,79.32281045751634,17.820588235294117,2.7147712418300656,153.0,0.5527436646006778
West Bengal,Howrah,2009,Summer,Rice,41343.0,89995.0,2.176789299276782,2.176789299276782,2176.789299276782,399.81,30.11393442622951,24.693688524590165,36.62311475409837,62.72795081967213,20.145737704918037,2.4275409836065576,122.0,0.4792575323412378
West Bengal,Howrah,2000,Winter,Rice,64094.0,90600.0,1.4135488501263769,1.4135488501263769,1413.548850126377,1095.41,26.943715846994536,23.983169398907105,30.48595628415301,84.83054644808743,15.870765027322404,2.2166666666666663,183.0,0.5651601255965938
West Bengal,Dakshin Dinajpur,2011,Summer,Rice,30807.0,90832.0,2.9484208134514884,2.9484208134514884,2948.4208134514884,489.05,29.386147540983607,23.473032786885245,35.86114754098361,56.627459016393445,19.184344262295085,2.1111475409836067,122.0,0.4811059227602333
West Bengal,Purba Bardhaman,1997,Autumn,Rice,34675.0,91590.0,2.641384282624369,2.641384282624369,2641.384282624369,1183.65,29.33411764705882,26.02575163398693,33.479019607843135,79.85764705882353,17.58686274509804,2.522875816993464,153.0,
West Bengal,Howrah,2007,Winter,Rice,67809.0,91799.0,1.3537878452712766,1.3537878452712766,1353.7878452712766,1777.97,26.86098360655738,24.039289617486336,30.231202185792352,86.25065573770492,15.440983606557376,2.381202185792349,183.0,0.5488734531865517
West Bengal,Murshidabad,1998,Autumn,Rice,53196.0,91810.0,1.725881645236484,1.725881645236484,1725.881645236484,1028.83,30.01457516339869,26.56921568627451,34.13777777777778,78.01372549019608,17.268496732026144,2.304901960784313,153.0,
West Bengal,Howrah,2015,Winter,Rice,70127.0,92141.0,1.3139161806436892,1.3139161806436892,1313.9161806436891,1368.55,27.49590163934426,24.307486338797816,31.14338797814208,82.49213114754097,15.194863387978142,2.1490710382513663,183.0,0.5940238179349789
West Bengal,Dakshin Dinajpur,2018,Summer,Rice,27436.0,92916.0,3.3866452835690333,3.3866452835690333,3386.6452835690334,718.7,27.913114754098363,22.873934426229507,33.682459016393445,69.63754098360656,18.402131147540985,1.8872131147540985,122.0,0.5031478736805501
West Bengal,Nadia,2006,Autumn,Rice,41389.0,93352.0,2.255478508782527,2.255478508782527,2255.4785087825267,1002.67,29.008954248366013,25.980980392156862,32.757189542483665,82.15666666666667,17.246601307189543,2.3605228758169936,153.0,0.5818298429421477
West Bengal,Howrah,2011,Winter,Rice,65000.0,93485.0,1.4382307692307692,1.4382307692307692,1438.2307692307693,1429.76,27.02579234972678,24.059945355191257,30.539508196721307,84.64273224043717,15.125300546448086,2.196120218579235,183.0,0.569212024903277
West Bengal,Dakshin Dinajpur,2009,Summer,Rice,35276.0,94451.0,2.677486109536229,2.677486109536229,2677.4861095362285,336.36,30.11877049180328,23.52606557377049,37.0777868852459,49.18762295081967,20.049098360655737,1.9364754098360653,122.0,0.4349723031103064
West Bengal,Jalpaiguri,2002,Autumn,Rice,65853.0,95520.0,1.450503393922828,1.450503393922828,1450.503393922828,1405.96,28.17,24.863660130718955,31.89895424836601,80.11712418300654,15.799215686274511,1.695424836601307,153.0,0.6554261734867488
West Bengal,Dakshin Dinajpur,2002,Summer,Rice,36812.0,96463.0,2.6204226882538304,2.6204226882538304,2620.4226882538305,551.18,29.17065573770492,23.323934426229503,35.66311475409836,59.49418032786885,18.98950819672131,2.0737704918032787,122.0,0.4298778231755848
West Bengal,Howrah,1998,Winter,Rice,73666.0,97630.0,1.3253061113675235,1.3253061113675235,1325.3061113675235,1187.3,27.57398907103825,24.90590163934426,31.045737704918032,85.70377049180328,15.515136612021855,2.418688524590164,183.0,
West Bengal,Murshidabad,2001,Autumn,Rice,48521.0,97682.0,2.01319016508316,2.01319016508316,2013.19016508316,1086.48,29.1218954248366,25.966078431372548,32.9302614379085,82.2775816993464,17.604967320261437,2.3520915032679737,153.0,0.5192556146057851
West Bengal,Nadia,2000,Autumn,Rice,53425.0,98840.0,1.8500701918577445,1.8500701918577445,1850.0701918577445,1170.53,28.50516339869281,25.62058823529412,32.09496732026144,85.1726797385621,16.607581699346404,2.3486928104575164,153.0,0.4739709833154187
West Bengal,Nadia,1997,Autumn,Rice,55567.0,98910.0,1.780013317256645,1.780013317256645,1780.013317256645,1026.59,29.27202614379085,25.874444444444443,33.43862745098039,79.77124183006536,17.23888888888889,2.4644444444444447,153.0,
West Bengal,Nadia,2009,Autumn,Rice,43801.0,99443.0,2.270336293691925,2.270336293691925,2270.3362936919248,1307.9,29.2956862745098,26.02457516339869,33.26764705882353,81.20660130718954,17.30653594771242,2.285359477124183,153.0,0.5701378346176922
West Bengal,Dakshin Dinajpur,1999,Summer,Rice,36292.0,99720.0,2.7477129945993606,2.7477129945993606,2747.7129945993606,342.21,30.34918032786885,23.301721311475408,37.89606557377049,46.94262295081968,19.749590163934425,2.1045081967213117,122.0,
West Bengal,Howrah,2009,Winter,Rice,71693.0,100034.0,1.395310560305748,1.395310560305748,1395.310560305748,1251.38,27.02169398907104,23.929781420765025,30.779672131147542,84.20513661202186,15.770273224043716,2.166338797814208,183.0,0.5795978913650496
West Bengal,Nadia,2010,Autumn,Rice,48392.0,100640.0,2.079682592163994,2.079682592163994,2079.682592163994,1034.12,29.09633986928105,25.975555555555555,33.08431372549019,82.99013071895425,17.56437908496732,2.3622222222222224,153.0,0.5814945216610173
West Bengal,Jalpaiguri,2000,Autumn,Rice,63272.0,100740.0,1.5921734732583133,1.5921734732583133,1592.1734732583132,1019.43,28.407254901960787,25.1156862745098,32.15830065359477,79.8175816993464,16.379281045751636,1.6738562091503268,153.0,0.6163866155608296
West Bengal,Dakshin Dinajpur,2001,Summer,Rice,37634.0,100882.0,2.6806079608864324,2.6806079608864324,2680.6079608864325,469.47,29.475983606557374,23.36032786885246,36.15770491803279,52.761065573770495,20.462213114754096,2.243934426229508,122.0,0.3605462686826849
West Bengal,Purba Bardhaman,1998,Autumn,Rice,34681.0,101480.0,2.9260978633834087,2.9260978633834087,2926.097863383409,873.46,29.85830065359477,26.64764705882353,34.02163398692811,79.69921568627451,17.88901960784314,2.579411764705882,153.0,
West Bengal,Jalpaiguri,1999,Autumn,Rice,62635.0,101550.0,1.6212979963279317,1.6212979963279317,1621.2979963279315,1595.45,28.621045751633982,25.393856209150325,32.230196078431376,78.69777777777777,15.847581699346405,1.6405882352941177,153.0,
West Bengal,Nadia,2005,Autumn,Rice,46201.0,101837.0,2.204216358953269,2.204216358953269,2204.2163589532697,690.3,30.099150326797385,26.4737908496732,34.54424836601307,76.24712418300653,17.594117647058823,2.42921568627451,153.0,0.5474511965270387
West Bengal,Nadia,2007,Autumn,Rice,45870.0,102345.0,2.2311968606932635,2.2311968606932635,2231.196860693264,1597.74,29.184509803921564,26.107777777777777,32.86281045751634,81.81183006535947,17.17908496732026,2.375686274509804,153.0,0.5707412531963315
West Bengal,Paschim Medinipur,2016,Autumn,Rice,40832.0,103695.0,2.539552311912226,2.539552311912226,2539.552311912226,1348.37,29.45313725490196,26.166274509803923,33.81078431372549,79.34875816993464,17.168366013071896,2.466732026143791,153.0,0.5878623671896496
West Bengal,Murshidabad,2002,Autumn,Rice,53336.0,104418.0,1.957739613019349,1.957739613019349,1957.739613019349,982.92,29.53581699346405,26.15313725490196,33.60366013071895,79.27549019607842,16.447581699346404,2.2688235294117645,153.0,0.5595185881364318
West Bengal,Paschim Medinipur,2003,Autumn,Rice,52853.0,104593.0,1.9789415927194292,1.9789415927194292,1978.9415927194293,926.38,29.69627450980392,26.396601307189545,34.1064705882353,78.82437908496732,17.844248366013073,2.7147058823529413,153.0,0.5031579549171412
West Bengal,Nadia,2011,Autumn,Rice,47487.0,104923.0,2.209509971149999,2.209509971149999,2209.509971149999,1420.73,28.81849673202614,25.784771241830068,32.480522875816995,83.71183006535948,16.49666666666667,2.36,153.0,0.5959992396324792
West Bengal,Nadia,2012,Autumn,Rice,47478.0,105131.0,2.2143097855849025,2.2143097855849025,2214.3097855849023,838.29,30.175098039215687,26.562810457516346,34.60823529411765,76.37535947712418,17.43967320261438,2.5101307189542483,153.0,0.5369186144490715
West Bengal,Dakshin Dinajpur,2010,Summer,Rice,34597.0,105254.0,3.042286903488742,3.042286903488742,3042.2869034887417,456.54,30.586967213114757,24.28344262295082,37.57868852459017,53.55368852459016,19.279590163934422,2.222540983606557,122.0,0.4082542344103301
West Bengal,Paschim Medinipur,1997,Autumn,Rice,55288.0,105780.0,1.9132542323831572,1.9132542323831572,1913.2542323831572,1284.51,29.356732026143792,26.041045751633987,33.62437908496732,79.51065359477124,17.726405228758168,2.5763398692810457,153.0,
West Bengal,Nadia,1998,Autumn,Rice,60217.0,106400.0,1.7669428898815949,1.7669428898815949,1766.942889881595,904.51,29.71385620915033,26.530718954248364,33.78673202614379,80.25692810457517,17.375686274509803,2.454183006535948,153.0,
West Bengal,Paschim Medinipur,2004,Autumn,Rice,52839.0,106414.0,2.013929105395636,2.013929105395636,2013.929105395636,1067.71,29.296993464052285,26.17934640522876,33.39098039215686,80.56156862745098,17.756209150326796,2.720196078431373,153.0,0.5390177365799604
West Bengal,Howrah,1997,Winter,Rice,75073.0,106560.0,1.4194184327254806,1.4194184327254806,1419.418432725481,1215.83,27.08060109289617,24.11262295081967,30.66606557377049,83.66049180327869,16.019344262295082,2.2397814207650275,183.0,
West Bengal,Nadia,2019,Autumn,Rice,41858.0,106617.0,2.547111663242391,2.547111663242391,2547.111663242391,1348.44,29.649738562091503,26.31797385620915,33.914640522875814,81.31457516339869,17.340065359477126,2.4530718954248365,153.0,0.642540439233358
West Bengal,Jhargram,2017,Autumn,Rice,44604.0,106877.0,2.396130391893104,2.396130391893104,2396.1303918931035,1494.97,29.38248366013072,25.82392156862745,33.80235294117647,79.34437908496733,17.193529411764708,2.1245098039215686,153.0,0.6252595150485785
West Bengal,Murshidabad,2000,Winter,Rice,66958.0,106930.0,1.596971235699991,1.596971235699991,1596.971235699991,1014.04,26.97743169398907,23.475355191256828,30.887049180327868,82.67497267759563,16.105573770491805,1.9293442622950816,183.0,0.4637652321421395
West Bengal,Paschim Medinipur,1999,Autumn,Rice,53589.0,107930.0,2.0140327305976973,2.0140327305976973,2014.0327305976973,1370.94,29.002875816993463,25.973986928104576,32.93267973856209,81.34705882352941,16.79503267973856,2.61843137254902,153.0,
West Bengal,Nadia,2018,Autumn,Rice,41868.0,110241.0,2.633061049011178,2.633061049011178,2633.061049011178,1185.4,28.81045751633987,25.80745098039216,32.58797385620915,84.70647058823529,16.655751633986927,2.18,153.0,0.6275894649973344
West Bengal,Dakshin Dinajpur,2003,Summer,Rice,37855.0,110582.0,2.9211993131686698,2.9211993131686698,2921.19931316867,468.6,29.37131147540984,23.21565573770492,36.08377049180328,57.05926229508197,18.95024590163934,2.075,122.0,0.4168350524488567
West Bengal,Paschim Bardhaman,2018,Winter,Rice,42002.0,110668.0,2.634826913004143,2.634826913004143,2634.8269130041426,1076.99,26.963060109289614,23.084918032786884,31.285245901639342,78.66191256830601,15.684207650273224,1.9215300546448089,183.0,0.5564568261547745
West Bengal,Howrah,2006,Summer,Rice,39320.0,110708.0,2.8155645981688706,2.8155645981688706,2815.564598168871,383.65,29.877950819672133,24.95770491803279,35.84204918032787,65.42795081967213,19.44647540983607,2.442868852459016,122.0,0.5092962324397875
West Bengal,Howrah,2019,Summer,Rice,29980.0,112309.0,3.7461307538358906,3.7461307538358906,3746.1307538358906,299.86,30.016147540983606,24.91254098360656,36.59729508196721,67.39696721311476,19.799344262295083,2.8631147540983606,122.0,0.553428997991982
West Bengal,Dakshin Dinajpur,2005,Summer,Rice,41368.0,113361.0,2.740306517114678,2.740306517114678,2740.306517114678,238.0,30.855,24.381803278688523,37.7832786885246,50.8527868852459,19.319344262295083,2.035655737704918,122.0,0.4245856729659268
West Bengal,Nadia,2013,Autumn,Rice,47696.0,114531.0,2.401270546796377,2.401270546796377,2401.270546796377,1131.78,29.0459477124183,26.10019607843137,32.777908496732024,83.88986928104575,16.521045751633984,2.536013071895425,153.0,0.6305815984244234
West Bengal,Dakshin Dinajpur,2000,Summer,Rice,37395.0,116211.0,3.107661452065784,3.107661452065784,3107.661452065784,534.15,28.598196721311474,22.565983606557374,35.1322131147541,59.46409836065574,19.07204918032787,2.0665573770491803,122.0,0.4136222727422791
West Bengal,Howrah,2017,Summer,Rice,34480.0,118078.0,3.42453596287703,3.42453596287703,3424.53596287703,412.67,29.932704918032787,24.89811475409836,36.415983606557376,66.89270491803279,19.380819672131143,2.8741803278688525,122.0,0.5299344186991066
West Bengal,Nadia,2002,Autumn,Rice,55185.0,118693.0,2.150819969194528,2.150819969194528,2150.8199691945274,928.21,29.304183006535947,26.092222222222222,33.29418300653595,81.36797385620915,16.17529411764706,2.374705882352941,153.0,0.5780736682881549
West Bengal,Paschim Medinipur,2002,Autumn,Rice,51449.0,118717.0,2.3074695329355284,2.3074695329355284,2307.469532935528,1109.35,29.44359477124183,26.206666666666667,33.63777777777778,80.35098039215687,17.142941176470586,2.467843137254902,153.0,0.5377606158568807
West Bengal,Uttar Dinajpur,2016,Summer,Rice,40459.0,118870.0,2.938036036481376,2.938036036481376,2938.036036481376,475.61,31.34139344262295,24.992622950819676,38.04516393442624,46.66573770491804,18.99065573770492,2.352950819672132,122.0,0.514684601642297
West Bengal,Dakshin Dinajpur,2004,Summer,Rice,40173.0,118905.0,2.9598237622283623,2.9598237622283623,2959.8237622283623,495.21,29.88877049180328,23.762622950819672,36.64549180327869,56.24614754098361,18.691147540983607,2.089426229508197,122.0,0.4133253727588286
West Bengal,Paschim Medinipur,2000,Autumn,Rice,60201.0,121010.0,2.0100995000083057,2.0100995000083057,2010.0995000083055,1084.9,28.561633986928108,25.734379084967323,32.30104575163399,84.1883660130719,17.446928104575164,2.5349673202614382,153.0,0.542283125895721
West Bengal,Nadia,2015,Autumn,Rice,49081.0,121145.0,2.468266742731404,2.468266742731404,2468.266742731403,1338.56,29.326274509803923,26.02281045751634,33.39098039215686,81.35980392156863,16.72732026143791,2.336339869281045,153.0,0.5967086050296774
West Bengal,Dakshin Dinajpur,2007,Summer,Rice,42674.0,122512.0,2.870881567230632,2.870881567230632,2870.881567230632,479.0,29.847704918032782,23.745245901639343,36.34524590163935,53.86262295081967,19.96475409836065,2.039508196721312,122.0,0.440510086360424
West Bengal,Howrah,1999,Winter,Rice,74379.0,122690.0,1.6495247314430148,1.6495247314430148,1649.5247314430148,1617.38,26.62803278688525,23.7896174863388,30.10546448087432,85.76229508196721,15.314972677595629,2.375409836065573,183.0,
West Bengal,Nadia,2004,Autumn,Rice,56617.0,123805.0,2.186710705265203,2.186710705265203,2186.7107052652027,985.05,29.39529411764705,26.16830065359477,33.392745098039214,79.91307189542484,17.150718954248365,2.6641176470588235,153.0,0.5219979594028894
West Bengal,Howrah,2008,Winter,Rice,64173.0,124088.0,1.9336481074595235,1.9336481074595235,1933.6481074595235,1269.92,26.61633879781421,23.826994535519127,29.932622950819677,86.22327868852459,15.70912568306011,2.2949726775956285,183.0,0.5956899191049686
West Bengal,Nadia,2001,Autumn,Rice,55580.0,124264.0,2.2357682619647354,2.2357682619647354,2235.7682619647358,1133.97,28.70124183006536,25.81235294117647,32.34849673202614,85.03418300653594,17.145555555555557,2.3811764705882354,153.0,0.5649279219948042
West Bengal,Nadia,1999,Autumn,Rice,59940.0,124450.0,2.076242909576243,2.076242909576243,2076.2429095762427,1140.74,29.03830065359477,25.99934640522876,32.882810457516335,81.9118954248366,16.446143790849675,2.5390196078431373,153.0,
West Bengal,Bankura,2015,Summer,Rice,40379.0,124587.0,3.0854404517199536,3.0854404517199536,3085.4404517199537,403.32,29.608606557377048,23.51139344262295,36.70647540983606,59.3522131147541,19.297786885245905,2.258032786885246,122.0,0.4386191040858773
West Bengal,Howrah,2001,Summer,Rice,47393.0,125242.0,2.6426265482244213,2.6426265482244213,2642.626548224421,654.39,29.702377049180328,24.677049180327867,35.78893442622951,66.38024590163934,19.04672131147541,2.706393442622951,122.0,0.509780948039802
West Bengal,Alipurduar,2016,Winter,Rice,63105.0,125269.0,1.985088344822122,1.985088344822122,1985.0883448221216,2155.9,26.53568306010929,23.65530054644809,29.95371584699453,85.20426229508196,15.32693989071038,1.0440983606557377,183.0,0.7180314292689223
West Bengal,Bankura,2018,Summer,Rice,43147.0,125386.0,2.906018958444388,2.906018958444388,2906.018958444388,419.6,29.09795081967213,23.037950819672133,36.20885245901639,62.11434426229508,19.06204918032787,2.096311475409836,122.0,0.4796156960930968
West Bengal,Paschim Bardhaman,2019,Winter,Rice,40627.0,125562.0,3.090604770226697,3.090604770226697,3090.6047702266965,968.71,27.45114754098361,23.77584699453552,31.79027322404372,79.58967213114754,15.53497267759563,2.074808743169399,183.0,0.5875207062189395
West Bengal,Howrah,2015,Summer,Rice,41173.0,126436.0,3.0708473999951424,3.0708473999951424,3070.8473999951425,426.36,29.51106557377049,24.60696721311476,35.73024590163934,65.85745901639343,19.145081967213116,2.868688524590164,122.0,0.5306616844078733
West Bengal,Dakshin Dinajpur,1998,Summer,Rice,36514.0,126731.0,3.470750944843074,3.470750944843074,3470.7509448430737,391.63,29.465081967213116,23.28565573770492,36.29418032786886,54.72639344262295,19.609426229508195,2.300655737704918,122.0,
West Bengal,Howrah,2016,Summer,Rice,39396.0,127750.0,3.2427149964463395,3.2427149964463395,3242.71499644634,338.28,30.8583606557377,25.68352459016393,37.58377049180328,65.08590163934426,19.558688524590163,2.672131147540984,122.0,0.5319329885142629
West Bengal,Howrah,2013,Summer,Rice,42709.0,128178.0,3.0011941277014214,3.0011941277014214,3001.194127701421,563.0699999999999,29.896967213114756,24.73065573770492,36.3394262295082,65.12262295081968,18.826475409836064,2.9742622950819677,122.0,0.5227759558725048
West Bengal,Paschim Bardhaman,2017,Winter,Rice,40219.0,128435.0,3.193391183271588,3.193391183271588,3193.391183271588,1765.0,26.900928961748637,23.50333333333333,30.88224043715847,82.29945355191256,15.625956284153007,1.889071038251366,183.0,0.5933022634727504
West Bengal,Uttar Dinajpur,2013,Summer,Rice,50081.0,128804.0,2.57191350012979,2.57191350012979,2571.91350012979,524.04,29.50163934426229,23.421967213114755,35.950901639344266,50.965,19.245819672131145,2.081393442622951,122.0,0.4956900806888702
West Bengal,Howrah,2012,Summer,Rice,42165.0,129584.0,3.073259812640816,3.073259812640816,3073.259812640816,271.26,30.51237704918033,25.155409836065573,37.24967213114754,61.8122131147541,20.046639344262296,2.930327868852459,122.0,0.4809869068086305
West Bengal,Uttar Dinajpur,2018,Summer,Rice,39299.0,129927.0,3.306114659406092,3.306114659406092,3306.114659406092,543.8,28.5644262295082,23.051803278688524,34.688360655737704,62.23590163934426,18.402131147540985,2.0277868852459013,122.0,0.5884867994524318
West Bengal,Howrah,2011,Summer,Rice,40966.0,130799.0,3.19286725577308,3.19286725577308,3192.86725577308,644.25,29.59163934426229,24.713852459016397,35.68688524590164,67.07409836065574,18.894426229508195,2.605,122.0,0.5373352462205863
West Bengal,Paschim Medinipur,2015,Autumn,Rice,48850.0,131436.0,2.690603889457523,2.690603889457523,2690.603889457523,1215.06,29.29777777777778,26.04823529411765,33.465555555555554,80.94614379084967,17.247254901960783,2.591437908496732,153.0,0.6359833169891499
West Bengal,Howrah,2006,Winter,Rice,76644.0,131524.0,1.7160377850842858,1.7160377850842858,1716.0377850842858,1315.35,26.912513661202183,24.114153005464484,30.27256830601093,85.86491803278689,15.285737704918033,2.1885792349726776,183.0,0.5693659663555533
West Bengal,Uttar Dinajpur,2014,Summer,Rice,37599.0,131609.0,3.5003324556504163,3.5003324556504163,3500.3324556504163,420.26,30.482868852459013,23.910409836065572,37.42975409836066,45.92737704918033,20.158524590163932,2.1030327868852456,122.0,0.5002223304152771
West Bengal,Howrah,2004,Summer,Rice,49058.0,132079.0,2.692302988299564,2.692302988299564,2692.302988299564,417.16,30.39188524590164,24.99254098360656,37.23557377049181,64.39950819672131,20.217868852459016,2.8373770491803283,122.0,0.4736797139029581
West Bengal,Howrah,2018,Summer,Rice,38310.0,132273.0,3.4527016444792484,3.4527016444792484,3452.7016444792484,471.4,29.39803278688525,24.358852459016397,35.74180327868852,67.82877049180328,18.90254098360656,2.589016393442623,122.0,0.5360101168326232
West Bengal,Nadia,2008,Autumn,Rice,56861.0,132676.0,2.333339195582209,2.333339195582209,2333.339195582209,1085.62,28.89607843137255,25.836143790849672,32.62418300653595,82.56764705882352,16.780065359477124,2.272745098039216,153.0,0.5677541976750652
West Bengal,Howrah,2000,Summer,Rice,48370.0,132799.0,2.7454827372338224,2.7454827372338224,2745.4827372338223,509.87,29.017377049180325,24.235491803278688,35.042459016393444,69.71713114754098,19.251803278688524,2.782377049180328,122.0,0.507514343744699
West Bengal,Nadia,2014,Autumn,Rice,49599.0,132900.0,2.679489505836812,2.679489505836812,2679.4895058368115,1057.85,29.94437908496732,26.563333333333333,34.12496732026144,78.92333333333333,17.038169934640525,2.508169934640523,153.0,0.5982689679467936
West Bengal,Alipurduar,2018,Winter,Rice,62655.0,133396.0,2.129055941265661,2.129055941265661,2129.055941265661,1732.6,26.264863387978146,23.184043715847,29.999180327868853,82.94584699453551,15.281366120218578,1.008087431693989,183.0,0.7165230839395281
West Bengal,Howrah,2005,Summer,Rice,50910.0,133577.0,2.6237870752307995,2.6237870752307995,2623.7870752307995,350.65000000000003,30.435,25.31844262295082,36.91270491803279,65.50204918032787,20.106475409836065,2.8431967213114757,122.0,0.5140689459040327
West Bengal,Dakshin Dinajpur,2006,Summer,Rice,42300.0,133787.0,3.1628132387706858,3.1628132387706858,3162.813238770686,480.36,29.193688524590165,23.39032786885246,35.434672131147536,57.84213114754098,19.450327868852455,1.8741803278688525,122.0,0.4385119429310304
West Bengal,Howrah,2002,Winter,Rice,75258.0,134623.0,1.788819793244572,1.788819793244572,1788.819793244572,1141.81,26.67928961748634,23.826284153005464,30.114262295081968,85.6755737704918,15.549125683060108,2.2510928961748635,183.0,0.5958020311343002
West Bengal,Howrah,1998,Summer,Rice,49273.0,134846.0,2.73671178941814,2.73671178941814,2736.71178941814,428.33,29.459016393442624,24.38827868852459,35.73991803278689,67.04131147540984,19.280081967213118,2.7954918032786886,122.0,
West Bengal,Howrah,1997,Summer,Rice,49396.0,135110.0,2.735241719977326,2.735241719977326,2735.241719977326,464.75,29.635983606557375,24.48909836065574,36.10565573770492,66.45959016393442,20.45959016393443,2.6788524590163934,122.0,
West Bengal,Nadia,2003,Autumn,Rice,61458.0,135358.0,2.202447199713625,2.202447199713625,2202.4471997136257,733.0600000000001,29.840718954248366,26.3924183006536,34.13294117647059,78.0635294117647,17.50581699346405,2.4580392156862745,153.0,0.5428237546722755
West Bengal,Howrah,2014,Summer,Rice,43456.0,135474.0,3.1174981590574373,3.1174981590574373,3117.498159057437,402.53,30.64672131147541,25.108852459016397,37.35295081967213,61.33147540983606,19.51295081967213,2.6853278688524598,122.0,0.5139204128989224
West Bengal,Howrah,2010,Summer,Rice,41318.0,136208.0,3.296577762718428,3.296577762718428,3296.5777627184275,419.84,30.694918032786887,25.67286885245902,37.24549180327869,66.1360655737705,19.626967213114757,2.996967213114754,122.0,0.4957836217019302
West Bengal,Uttar Dinajpur,2012,Summer,Rice,49554.0,136650.0,2.7575977721273763,2.7575977721273763,2757.597772127376,380.72,30.55655737704918,23.771065573770493,37.72196721311475,44.94385245901639,20.127704918032787,2.1606557377049183,122.0,0.4773072409755316
West Bengal,Dakshin Dinajpur,2008,Summer,Rice,43306.0,137644.0,3.1784048399759848,3.1784048399759848,3178.404839975985,481.9,29.58155737704918,23.601147540983607,35.87729508196721,56.01590163934426,19.607950819672133,1.9009016393442624,122.0,0.4417735763852903
West Bengal,Nadia,2016,Autumn,Rice,51842.0,138021.0,2.662339415917596,2.662339415917596,2662.3394159175955,1628.68,29.1281045751634,25.91653594771242,33.15274509803921,82.46928104575163,17.197058823529414,2.193921568627451,153.0,0.6258654752842467
West Bengal,Paschim Bardhaman,2016,Winter,Rice,40518.0,138044.0,3.4069796139987165,3.4069796139987165,3406.979613998717,1279.67,26.561857923497268,22.880710382513666,30.96972677595629,80.99612021857924,16.579398907103826,2.019617486338798,183.0,0.5823286280124543
West Bengal,Alipurduar,2017,Winter,Rice,63895.0,139447.0,2.182439940527428,2.182439940527428,2182.439940527428,2012.31,26.365027322404373,23.514262295081966,29.8372131147541,85.77896174863388,14.862349726775957,1.106393442622951,183.0,0.7250778378911213
West Bengal,Howrah,2002,Summer,Rice,53350.0,140654.0,2.6364386129334583,2.6364386129334583,2636.4386129334584,476.02,30.239016393442625,24.911393442622952,36.87073770491803,65.49475409836066,19.22827868852459,2.757295081967213,122.0,0.4899701513896804
West Bengal,Uttar Dinajpur,2015,Summer,Rice,42653.0,140718.0,3.2991348791409747,3.2991348791409747,3299.1348791409746,495.27,29.90032786885246,23.897786885245903,36.43008196721312,53.80565573770492,18.673524590163936,2.4817213114754098,122.0,0.5535885813191345
West Bengal,Howrah,2013,Winter,Rice,64360.0,142291.0,2.21086078309509,2.21086078309509,2210.86078309509,1605.98,26.79273224043716,24.00928961748634,30.24502732240437,86.56207650273224,15.35,2.3175956284153005,183.0,0.6208259181815943
West Bengal,Bankura,2016,Summer,Rice,44667.0,145354.0,3.254169745001903,3.254169745001903,3254.169745001903,309.48,31.35032786885246,24.813278688524587,38.77991803278688,53.34516393442623,20.00237704918033,2.088934426229508,122.0,0.3878719186616124
West Bengal,Nadia,2017,Autumn,Rice,51976.0,147671.0,2.8411382176389104,2.8411382176389104,2841.13821763891,1666.12,28.82725490196078,26.00026143790849,32.37470588235294,85.47712418300654,16.564117647058822,2.125490196078432,153.0,0.6651572972093031
West Bengal,Howrah,2005,Winter,Rice,73268.0,148820.0,2.0311732270568323,2.0311732270568323,2031.1732270568325,1179.6,27.10808743169399,24.111475409836064,30.81103825136612,83.58081967213116,15.447377049180329,2.3982513661202187,183.0,0.6004130490032409
West Bengal,Bankura,2019,Summer,Rice,52507.0,151641.0,2.888014931342488,2.888014931342488,2888.014931342488,312.98,30.249016393442623,23.56795081967213,37.92442622950819,57.19377049180328,20.390573770491805,2.166393442622951,122.0,0.4891030813156825
West Bengal,Uttar Dinajpur,2017,Summer,Rice,46180.0,151659.0,3.2840840190558684,3.2840840190558684,3284.0840190558683,518.22,29.31688524590164,23.465819672131147,35.75696721311476,59.07852459016394,18.220901639344262,2.221311475409836,122.0,0.5785021747594161
West Bengal,Howrah,2003,Summer,Rice,55316.0,151835.0,2.744865861595198,2.744865861595198,2744.8658615951986,505.39,30.18631147540984,24.95483606557377,36.78147540983607,64.21918032786886,19.62188524590164,2.898032786885246,122.0,0.4878984639099518
West Bengal,Howrah,2012,Winter,Rice,67380.0,151869.0,2.253918076580588,2.253918076580588,2253.918076580588,959.29,26.845573770491804,23.5248087431694,31.083224043715845,82.42978142076502,15.774207650273222,2.5399453551912567,183.0,0.6078585507102393
West Bengal,Uttar Dinajpur,2019,Summer,Rice,47166.0,152694.0,3.237374379849892,3.237374379849892,3237.374379849892,398.03,30.176967213114757,23.79926229508197,37.18795081967213,51.21213114754099,19.41655737704918,2.3567213114754098,122.0,0.5940647809302995
West Bengal,Alipurduar,2019,Winter,Rice,64559.0,155727.0,2.4121656159482026,2.4121656159482026,2412.1656159482027,2260.9,26.419016393442625,23.587704918032788,29.891366120218574,85.75338797814209,14.696120218579232,1.0711475409836066,183.0,0.7345322577910114
West Bengal,Howrah,2019,Winter,Rice,71223.0,158144.0,2.2204063294160594,2.2204063294160594,2220.40632941606,1287.37,27.808196721311475,24.69087431693989,31.6924043715847,82.53021857923498,15.280601092896177,2.311584699453552,183.0,0.6311775804081112
West Bengal,Howrah,2001,Winter,Rice,74006.0,159255.0,2.151920114585304,2.151920114585304,2151.920114585304,1274.04,26.96224043715847,24.4392349726776,30.10765027322404,87.50775956284153,15.206120218579231,2.272622950819672,183.0,0.6057031297233376
West Bengal,Cooch Behar,2019,Summer,Rice,43100.0,162672.0,3.774292343387471,3.774292343387471,3774.292343387471,922.43,26.655409836065573,21.555245901639346,32.36008196721311,64.41459016393442,16.979754098360658,1.2945901639344262,122.0,0.5949964375255097
West Bengal,Howrah,2004,Winter,Rice,80267.0,165102.0,2.0569100626658527,2.0569100626658527,2056.910062665853,1255.07,26.63,23.69409836065574,30.194699453551912,84.79459016393443,15.468469945355192,2.373497267759563,183.0,0.6006201351885474
West Bengal,Howrah,2007,Summer,Rice,48926.0,166090.0,3.394718554551772,3.394718554551772,3394.7185545517723,390.14,29.7927868852459,24.51934426229508,36.11139344262296,63.56450819672131,20.08098360655738,2.6687704918032784,122.0,0.5230852448729686
West Bengal,Howrah,2010,Winter,Rice,73401.0,166483.0,2.268129861990981,2.268129861990981,2268.1298619909808,1065.99,27.6203825136612,24.70169398907104,31.154043715846992,83.79535519125683,16.083825136612024,2.15,183.0,0.6162645265062566
West Bengal,Bankura,2017,Summer,Rice,49343.0,168128.0,3.407332347040107,3.407332347040107,3407.332347040107,460.98,30.107622950819675,23.67745901639344,37.59967213114754,58.42631147540984,19.86606557377049,2.142540983606557,122.0,0.4470516601264032
West Bengal,Howrah,2003,Winter,Rice,81513.0,169397.0,2.078159312011581,2.078159312011581,2078.159312011581,1177.13,27.181366120218577,24.357486338797816,30.728743169398907,84.59382513661203,15.613934426229507,2.4040437158469947,183.0,0.5957529900917286
West Bengal,Howrah,2016,Winter,Rice,74669.0,170049.0,2.2773707964483254,2.2773707964483254,2277.3707964483256,1359.92,26.97054644808743,23.89469945355191,30.75928961748634,84.27431693989071,15.803497267759562,2.083333333333333,183.0,0.6209921998563609
West Bengal,Howrah,1999,Summer,Rice,58326.0,170270.0,2.9192812810753352,2.9192812810753352,2919.2812810753358,349.65,30.3877868852459,24.63770491803279,37.57844262295082,61.82696721311476,20.38073770491803,3.045245901639344,122.0,
West Bengal,Uttar Dinajpur,1997,Summer,Rice,64451.0,171040.0,2.6537990101006965,2.6537990101006965,2653.7990101006967,292.89,30.479508196721312,23.310901639344262,37.80655737704917,39.15754098360656,20.72606557377049,2.326967213114754,122.0,
West Bengal,Howrah,2014,Winter,Rice,71064.0,176630.0,2.4855060227400654,2.4855060227400654,2485.5060227400654,1099.87,27.15453551912568,23.93289617486339,30.981748633879786,82.77939890710383,15.65967213114754,2.2362295081967214,183.0,0.6064293770170021
West Bengal,Howrah,2017,Winter,Rice,74574.0,179884.0,2.4121543701558186,2.4121543701558186,2412.1543701558185,1741.42,27.237158469945356,24.45448087431694,30.67907103825137,85.0536612021858,14.869180327868852,2.1701092896174865,183.0,0.6383230526575073
West Bengal,Uttar Dinajpur,2009,Summer,Rice,74396.0,182964.0,2.459325770202699,2.459325770202699,2459.325770202699,352.34000000000003,30.022786885245903,23.350327868852457,36.9638524590164,45.88959016393442,20.049098360655737,1.992950819672131,122.0,0.485973354670058
West Bengal,Uttar Dinajpur,2010,Summer,Rice,71596.0,187583.0,2.6200206715458965,2.6200206715458965,2620.0206715458967,534.89,30.504672131147544,24.0572131147541,37.39204918032787,49.67991803278689,19.279590163934422,2.0867213114754097,122.0,0.4835792137392944
West Bengal,Uttar Dinajpur,2011,Summer,Rice,62032.0,188790.0,3.0434291978333765,3.0434291978333765,3043.4291978333763,502.42,29.32811475409836,23.2194262295082,35.85311475409836,53.23926229508197,19.184344262295085,2.1291803278688524,122.0,0.5268774255675543
West Bengal,Cooch Behar,2015,Summer,Rice,55632.0,189632.0,3.4086856485475985,3.4086856485475985,3408.6856485475987,706.04,27.92311475409836,22.826147540983605,33.696557377049174,60.04991803278688,16.76762295081967,1.4426229508196722,122.0,0.5644785598827425
West Bengal,Cooch Behar,2016,Summer,Rice,55394.0,190924.0,3.446654872368849,3.446654872368849,3446.654872368849,1182.07,28.226147540983607,23.10049180327869,34.08844262295082,59.950901639344266,17.147131147540982,1.3797540983606558,122.0,0.5519831892614137
West Bengal,Jalpaiguri,1998,Winter,Rice,176434.0,191660.0,1.0862985592346146,1.0862985592346146,1086.298559234615,1609.42,26.9455737704918,23.923224043715845,30.50377049180328,82.12098360655737,14.966612021857925,1.443551912568306,183.0,
West Bengal,Cooch Behar,2018,Summer,Rice,50449.0,191946.0,3.804753315229241,3.804753315229241,3804.753315229241,1106.99,26.520573770491804,21.95631147540984,31.6027868852459,68.38950819672131,16.362377049180328,1.1437704918032787,122.0,0.5691467760744078
West Bengal,Howrah,2018,Winter,Rice,72089.0,199898.0,2.7729334572542275,2.7729334572542275,2772.9334572542275,1206.7,27.327868852459016,24.131147540983605,31.115245901639344,82.11606557377048,15.396448087431695,2.052841530054645,183.0,0.6129486309596647
West Bengal,South 24 Parganas,2016,Summer,Rice,57608.0,200641.0,3.4828669629218165,3.4828669629218165,3482.8669629218166,399.63,30.041967213114752,26.643196721311472,34.72073770491804,71.82122950819672,19.558688524590163,3.5491803278688523,122.0,0.4772648859866337
West Bengal,Nadia,2010,Winter,Rice,88778.0,201733.0,2.272330982901169,2.272330982901169,2272.330982901169,952.17,27.51950819672131,24.266775956284157,31.39377049180328,83.74371584699453,16.3624043715847,1.938087431693989,183.0,0.590817781568383
West Bengal,Maldah,2016,Summer,Rice,49952.0,201783.0,4.03953795643818,4.03953795643818,4039.537956438181,370.98,31.73795081967213,25.45631147540984,38.42581967213115,47.097131147540985,18.99065573770492,2.394754098360656,122.0,0.4527443650110231
West Bengal,Maldah,2006,Winter,Rice,79972.0,201941.0,2.525146301205422,2.525146301205422,2525.146301205422,879.26,27.111639344262297,23.6696174863388,31.04688524590164,81.3749180327869,16.58224043715847,1.9507650273224044,183.0,0.5505852504696102
West Bengal,Nadia,2012,Winter,Rice,90144.0,205511.0,2.279807862974796,2.279807862974796,2279.807862974796,914.8,26.917431693989077,23.18612021857924,31.56497267759563,80.7851912568306,15.91103825136612,2.2324043715846997,183.0,0.5725986359170259
West Bengal,Maldah,1997,Summer,Rice,66028.0,207390.0,3.1409402071848307,3.1409402071848307,3140.940207184831,284.61,30.717786885245904,23.823032786885246,37.778196721311474,41.46098360655738,20.72606557377049,2.336311475409836,122.0,
West Bengal,Cooch Behar,2017,Summer,Rice,54927.0,209273.0,3.810020572760209,3.810020572760209,3810.020572760209,1001.97,26.82049180327869,22.20213114754098,32.00303278688524,68.24311475409836,16.780983606557378,1.2709016393442625,122.0,0.586633398729423
West Bengal,North 24 Parganas,2016,Summer,Rice,61123.0,211172.0,3.454869688987779,3.454869688987779,3454.8696889877788,526.42,30.237704918032787,25.460327868852456,36.47155737704918,69.19918032786885,19.558688524590163,2.386065573770492,122.0,0.4815362442403292
West Bengal,Maldah,2007,Winter,Rice,73094.0,212221.0,2.9033983637507865,2.9033983637507865,2903.3983637507863,1245.15,27.08377049180328,23.771639344262294,30.78677595628415,83.39464480874317,15.648688524590163,2.0649726775956285,183.0,0.5599321995789802
West Bengal,Maldah,2011,Summer,Rice,56673.0,217358.0,3.835300760503238,3.835300760503238,3835.300760503238,483.69,29.79155737704918,23.830081967213115,36.11655737704918,53.35827868852459,19.184344262295085,2.1853278688524598,122.0,0.4706819425777883
West Bengal,Maldah,2019,Summer,Rice,62788.0,217491.0,3.4638943747212845,3.4638943747212845,3463.8943747212843,369.27,30.58983606557377,24.240081967213115,37.47434426229509,51.064918032786885,19.41655737704918,2.30172131147541,122.0,0.534537412786565
West Bengal,Maldah,1998,Winter,Rice,138394.0,217790.0,1.573695391418703,1.573695391418703,1573.6953914187031,1260.83,27.64896174863388,24.447267759562845,31.323934426229503,83.04437158469946,15.7448087431694,1.9772131147540983,183.0,
West Bengal,North 24 Parganas,2017,Summer,Rice,63492.0,218404.0,3.43986643986644,3.43986643986644,3439.86643986644,578.54,29.37155737704918,24.709180327868854,35.434672131147536,70.44647540983605,19.380819672131143,2.48655737704918,122.0,0.4795456967227217
West Bengal,Nadia,1998,Winter,Rice,119747.0,220890.0,1.8446391141322955,1.8446391141322955,1844.639114132296,986.2,27.61901639344262,24.557814207650274,31.459890710382517,84.48109289617487,16.130382513661203,2.093497267759563,183.0,
West Bengal,Maldah,2003,Summer,Rice,62747.0,222388.0,3.5442013163975967,3.5442013163975967,3544.2013163975967,416.31,29.941967213114754,23.70467213114754,36.60393442622951,52.247213114754096,18.95024590163934,2.180081967213115,122.0,0.4625097391517065
West Bengal,Birbhum,2018,Summer,Rice,63867.0,222538.0,3.484397263062301,3.484397263062301,3484.397263062301,352.45,29.63311475409836,23.333032786885248,36.75926229508197,56.6255737704918,19.06204918032787,2.092704918032787,122.0,0.4581811296225163
West Bengal,Nadia,2007,Winter,Rice,90625.0,223469.0,2.465864827586207,2.465864827586207,2465.864827586207,1686.14,26.828469945355188,23.709836065573768,30.49158469945355,86.09338797814208,15.981967213114752,2.13327868852459,183.0,0.576969154050692
West Bengal,Maldah,2009,Summer,Rice,68009.0,224153.0,3.295931420841359,3.295931420841359,3295.931420841359,311.59,30.57131147540984,23.979918032786887,37.40131147540984,45.07967213114755,20.049098360655737,2.0231967213114754,122.0,0.4420321880546106
West Bengal,Hooghly,2000,Winter,Rice,101162.0,224290.0,2.2171368695755325,2.2171368695755325,2217.1368695755323,1054.02,26.89191256830601,23.63027322404372,30.674098360655737,84.1615300546448,15.870765027322404,2.0043715846994536,183.0,0.5758711759367564
West Bengal,Maldah,1999,Summer,Rice,71507.0,225130.0,3.148363097319144,3.148363097319144,3148.3630973191434,332.53,30.65795081967213,23.584918032786888,38.057049180327866,44.05188524590164,19.749590163934425,2.1861475409836064,122.0,
West Bengal,South 24 Parganas,2015,Summer,Rice,68388.0,226426.0,3.310902497514184,3.310902497514184,3310.902497514184,499.2,29.11606557377049,25.75032786885246,33.410409836065575,71.56131147540984,19.145081967213116,3.732786885245901,122.0,0.4844492930163726
West Bengal,Maldah,2012,Summer,Rice,58858.0,226440.0,3.8472255258418566,3.8472255258418566,3847.225525841857,285.56,31.2522131147541,24.52729508196721,38.28540983606557,43.75713114754098,20.127704918032787,2.225983606557377,122.0,0.4075397445322727
West Bengal,Birbhum,2016,Summer,Rice,66976.0,229615.0,3.4283176063067367,3.4283176063067367,3428.3176063067367,265.9,31.847377049180327,25.108196721311472,39.17647540983607,47.57688524590164,20.00237704918033,2.2249180327868854,122.0,0.4103341417145923
West Bengal,Hooghly,2017,Summer,Rice,64751.0,230877.0,3.5656128862874703,3.5656128862874703,3565.6128862874702,425.99,30.32639344262295,24.59065573770492,37.266639344262295,61.966065573770486,19.380819672131143,2.585,122.0,0.5232501932828489
West Bengal,Maldah,2005,Summer,Rice,67525.0,231154.0,3.423235838578304,3.423235838578304,3423.235838578304,225.95,31.345573770491804,24.85516393442623,38.06672131147541,46.774426229508194,19.319344262295083,2.098196721311475,122.0,0.4538452891590537
West Bengal,Nadia,2006,Winter,Rice,107837.0,232244.0,2.1536578354368165,2.1536578354368165,2153.6578354368166,887.51,27.019562841530053,23.87830601092896,30.92311475409836,83.76213114754098,16.086666666666666,1.9630601092896176,183.0,0.5753138176503224
West Bengal,Jalpaiguri,1997,Winter,Rice,178783.0,233560.0,1.306388191270982,1.306388191270982,1306.388191270982,1187.11,26.769726775956283,23.186666666666667,30.93087431693989,75.96360655737705,16.524535519125685,1.4566666666666666,183.0,
West Bengal,Maldah,2002,Summer,Rice,65075.0,234019.0,3.596142912024587,3.596142912024587,3596.142912024587,518.09,29.61926229508197,23.70827868852459,36.11245901639344,56.034590163934425,18.98950819672131,2.1414754098360653,122.0,0.4634810491861619
West Bengal,Maldah,2000,Summer,Rice,70977.0,235081.0,3.3120729250320524,3.3120729250320524,3312.0729250320524,499.82,29.000819672131147,22.923688524590165,35.55696721311475,56.26139344262295,19.07204918032787,2.192295081967213,122.0,0.4733751192292291
West Bengal,Maldah,2013,Summer,Rice,60025.0,236217.0,3.935310287380258,3.935310287380258,3935.310287380258,461.29,29.9077868852459,23.938442622950816,36.23040983606557,51.329098360655735,19.245819672131145,2.1788524590163934,122.0,0.4488162919901653
West Bengal,Hooghly,2016,Summer,Rice,70921.0,236645.0,3.3367408806982417,3.3367408806982417,3336.7408806982417,343.95,31.20655737704918,25.33426229508197,38.3083606557377,60.33795081967213,19.558688524590163,2.389918032786885,122.0,0.51219717396264
West Bengal,Maldah,2004,Summer,Rice,64655.0,237252.0,3.669507385353028,3.669507385353028,3669.507385353028,451.24,30.44188524590164,24.20754098360656,37.08622950819672,51.561229508196725,18.691147540983607,2.1501639344262293,122.0,0.4456385580278204
West Bengal,Uttar Dinajpur,1998,Winter,Rice,174837.0,237580.0,1.358865686324977,1.358865686324977,1358.865686324977,1361.75,27.48595628415301,24.21595628415301,31.28273224043716,83.27530054644808,15.7448087431694,1.887377049180328,183.0,
West Bengal,Nadia,1999,Winter,Rice,126188.0,237850.0,1.8848860430468823,1.8848860430468823,1884.8860430468824,1173.87,26.693715846994536,23.618907103825137,30.43754098360656,85.28349726775956,15.801420765027322,2.1077049180327867,183.0,
West Bengal,Maldah,2015,Summer,Rice,60494.0,238369.0,3.940374251991933,3.940374251991933,3940.374251991933,477.11,30.189754098360652,24.301475409836065,36.57877049180328,54.05090163934426,18.673524590163936,2.5847540983606554,122.0,0.4961067371024626
West Bengal,Maldah,2001,Summer,Rice,70625.0,239468.0,3.390697345132744,3.390697345132744,3390.6973451327435,445.0,29.877131147540982,23.80049180327869,36.42991803278689,49.93450819672131,20.462213114754096,2.356065573770492,122.0,0.4279828419523426
West Bengal,North 24 Parganas,2015,Summer,Rice,72439.0,240017.0,3.3133671088778143,3.3133671088778143,3313.367108877814,477.47,29.316639344262292,24.588688524590165,35.33532786885246,66.83065573770492,19.145081967213116,2.51672131147541,122.0,0.4759366998872696
West Bengal,Nadia,2009,Winter,Rice,98490.0,242497.0,2.4621484414661388,2.4621484414661388,2462.1484414661386,1227.73,27.0492349726776,23.671475409836063,31.099398907103826,83.76661202185792,16.39049180327869,1.9484699453551912,183.0,0.5726358217165975
West Bengal,Maldah,2014,Summer,Rice,59802.0,243374.0,4.06966322196582,4.06966322196582,4069.663221965821,394.8,30.98450819672131,24.554426229508195,37.71532786885246,46.23245901639344,20.158524590163932,2.1105737704918037,122.0,0.4644975413250407
West Bengal,Maldah,2010,Summer,Rice,64581.0,245522.0,3.801768321952277,3.801768321952277,3801.768321952277,435.09,31.011639344262296,24.53819672131148,37.88959016393442,49.815000000000005,19.279590163934422,2.2158196721311474,122.0,0.4205393158212988
West Bengal,Hooghly,1997,Summer,Rice,91805.0,245720.0,2.676542671967758,2.676542671967758,2676.542671967758,431.6,30.036475409836065,24.09139344262295,36.99319672131148,59.71622950819672,20.45959016393443,2.442540983606557,122.0,
West Bengal,Hooghly,2002,Summer,Rice,98238.0,246208.0,2.5062399478816757,2.5062399478816757,2506.239947881675,461.15,30.433688524590163,24.537704918032787,37.32745901639344,61.3827868852459,19.22827868852459,2.415819672131148,122.0,0.487018433344087
West Bengal,Hooghly,2013,Summer,Rice,84241.0,248238.0,2.9467598912643487,2.9467598912643487,2946.759891264349,545.17,30.078852459016392,24.32795081967213,36.887868852459015,60.02016393442623,18.826475409836064,2.5759016393442624,122.0,0.5045172966301295
West Bengal,Hooghly,2011,Summer,Rice,78128.0,248816.0,3.1847225066557443,3.1847225066557443,3184.7225066557444,658.1800000000001,29.766393442622952,24.333032786885248,36.1644262295082,63.4805737704918,18.894426229508195,2.297049180327869,122.0,0.5439660884709016
West Bengal,North 24 Parganas,2018,Summer,Rice,69624.0,249118.0,3.57804779960933,3.57804779960933,3578.04779960933,654.29,29.142704918032784,24.38106557377049,35.1505737704918,69.55967213114755,18.90254098360656,2.243934426229508,122.0,0.481474469357613
West Bengal,Jalpaiguri,2016,Winter,Rice,103433.0,249326.0,2.4105072849090714,2.4105072849090714,2410.507284909072,2182.55,26.8424043715847,24.057650273224045,30.06879781420765,84.37934426229508,15.416994535519123,1.371912568306011,183.0,0.6760627136458963
West Bengal,North 24 Parganas,2019,Summer,Rice,66443.0,250438.0,3.7692157187363606,3.7692157187363606,3769.215718736361,425.01,29.474098360655734,24.734918032786883,35.646475409836064,70.7811475409836,19.799344262295083,2.513606557377049,122.0,0.5011549532553778
West Bengal,Maldah,2017,Summer,Rice,63185.0,252020.0,3.988604890401203,3.988604890401203,3988.604890401203,446.96,29.790081967213112,23.940163934426227,36.22122950819672,58.03581967213115,18.220901639344262,2.3025409836065576,122.0,0.5054717648985898
West Bengal,Uttar Dinajpur,2005,Summer,Rice,89269.0,252123.0,2.8243063101412584,2.8243063101412584,2824.3063101412586,266.31,30.799016393442624,24.254508196721314,37.641639344262295,46.99934426229508,19.319344262295083,2.0604918032786883,122.0,0.4799650037752213
West Bengal,Uttar Dinajpur,2008,Summer,Rice,94213.0,252671.0,2.681912262638914,2.681912262638914,2681.912262638914,510.2,29.5738524590164,23.46155737704918,35.876639344262294,52.88377049180328,19.607950819672133,1.9581147540983608,122.0,0.5029460970631278
West Bengal,Birbhum,2015,Summer,Rice,73066.0,253114.0,3.464183067363753,3.464183067363753,3464.1830673637533,380.93,30.086967213114757,23.938360655737704,37.1144262295082,54.75524590163935,19.297786885245905,2.4687704918032787,122.0,0.4190336565306288
West Bengal,Maldah,1998,Summer,Rice,71455.0,253571.0,3.548680988034427,3.548680988034427,3548.680988034427,355.83,29.96516393442623,23.729180327868853,36.65573770491803,51.23622950819672,19.609426229508195,2.4048360655737704,122.0,
West Bengal,Hooghly,2012,Summer,Rice,82707.0,255782.0,3.092628193502364,3.092628193502364,3092.628193502364,265.17,30.828032786885245,24.736967213114752,38.03114754098361,55.96024590163934,20.046639344262296,2.6469672131147544,122.0,0.4736577740938766
West Bengal,Maldah,2007,Summer,Rice,68050.0,256925.0,3.775532696546657,3.775532696546657,3775.532696546657,430.58,30.213688524590165,24.145737704918037,36.50696721311476,51.43040983606558,19.96475409836065,2.0931967213114757,122.0,0.4572205404357718
West Bengal,Hooghly,2019,Summer,Rice,69815.0,257202.0,3.6840507054357943,3.6840507054357943,3684.0507054357945,299.72,30.454262295081968,24.602622950819672,37.58409836065574,62.042131147540985,19.799344262295083,2.6148360655737704,122.0,0.562091947142737
West Bengal,South 24 Parganas,2018,Summer,Rice,71380.0,257652.0,3.6095825161109554,3.6095825161109554,3609.582516110956,588.15,29.06860655737705,25.65926229508197,33.52614754098361,72.9739344262295,18.90254098360656,3.455819672131148,122.0,0.4969413628414441
West Bengal,Maldah,2006,Summer,Rice,67633.0,258723.0,3.8253958866233937,3.8253958866233937,3825.395886623394,461.87,29.544262295081968,23.73991803278689,35.67327868852459,54.96754098360656,19.450327868852455,1.9675409836065572,122.0,0.4630304808329667
West Bengal,Hooghly,2018,Summer,Rice,72734.0,259658.0,3.5699672780267826,3.5699672780267826,3569.9672780267824,426.58,29.47204918032787,23.84204918032787,36.16426229508197,64.25770491803279,18.90254098360656,2.2899180327868853,122.0,0.5453874019316525
West Bengal,Hooghly,2000,Summer,Rice,88894.0,261063.0,2.9367898845816365,2.9367898845816365,2936.7898845816367,485.35,29.169590163934423,23.69426229508197,35.71975409836066,65.8022131147541,19.251803278688524,2.5081967213114758,122.0,0.5074749939680886
West Bengal,Hooghly,2014,Summer,Rice,79654.0,261105.0,3.277989805910563,3.277989805910563,3277.989805910563,371.62,30.77311475409836,24.637622950819672,37.90844262295082,56.82196721311475,19.51295081967213,2.4139344262295084,122.0,0.510331990547272
West Bengal,Purulia,2010,Winter,Rice,152676.0,261435.0,1.712351646624224,1.712351646624224,1712.3516466242238,737.33,27.400437158469945,23.33792349726776,32.199617486338795,74.42207650273224,16.999180327868853,1.993169398907104,183.0,0.5301637939194157
West Bengal,Jalpaiguri,1999,Winter,Rice,188551.0,261620.0,1.3875291035316706,1.3875291035316706,1387.529103531671,1522.46,26.451092896174863,23.39109289617486,29.999234972677595,81.35360655737705,15.223387978142076,1.412295081967213,183.0,
West Bengal,Uttar Dinajpur,2006,Summer,Rice,89231.0,263845.0,2.95687597359662,2.95687597359662,2956.87597359662,470.99,29.25590163934426,23.20844262295082,35.61409836065574,53.66,19.450327868852455,2.0040983606557377,122.0,0.477478795314081
West Bengal,Uttar Dinajpur,2004,Summer,Rice,88494.0,263873.0,2.981817976359979,2.981817976359979,2981.817976359979,455.91,29.966311475409835,23.68040983606557,36.643524590163935,52.16131147540984,18.691147540983607,2.117704918032787,122.0,0.4764868122934367
West Bengal,Jalpaiguri,2017,Winter,Rice,104952.0,263929.0,2.514759127982316,2.514759127982316,2514.7591279823155,2016.37,26.743060109289612,23.98409836065574,30.050382513661205,84.97688524590164,15.022896174863387,1.4646994535519129,183.0,0.6805319305607656
West Bengal,Hooghly,2015,Summer,Rice,80551.0,265005.0,3.289903291082668,3.289903291082668,3289.903291082668,435.02,29.771475409836064,24.28909836065574,36.43532786885245,61.95336065573771,19.145081967213116,2.6368852459016394,122.0,0.5241774594647274
West Bengal,Uttar Dinajpur,2002,Summer,Rice,95655.0,265260.0,2.773090795044692,2.773090795044692,2773.090795044692,574.22,28.982295081967216,22.991967213114755,35.492704918032786,57.10204918032787,18.98950819672131,2.1620491803278687,122.0,0.4778975647373335
West Bengal,Maldah,2000,Winter,Rice,137315.0,266290.0,1.939263736663875,1.939263736663875,1939.263736663875,879.29,27.146939890710385,23.591803278688527,31.19464480874317,80.95306010928962,16.47120218579235,1.959945355191257,183.0,0.5114667793380402
West Bengal,Uttar Dinajpur,2001,Summer,Rice,93666.0,266545.0,2.8456964106506097,2.8456964106506097,2845.69641065061,393.56,29.717950819672133,23.376311475409835,36.50893442622951,48.11,20.462213114754096,2.328770491803279,122.0,0.4319049977702309
West Bengal,Maldah,2008,Summer,Rice,72795.0,268251.0,3.685019575520297,3.685019575520297,3685.0195755202967,467.73,29.885409836065573,23.8772131147541,36.03819672131147,53.35877049180328,19.607950819672133,1.965737704918033,122.0,0.4543505184363278
West Bengal,Nadia,2013,Winter,Rice,97006.0,268862.0,2.771601756592376,2.771601756592376,2771.601756592376,1151.14,26.777103825136614,23.74475409836065,30.45136612021858,86.73524590163935,15.79032786885246,2.065901639344262,183.0,0.5827724249160381
West Bengal,Jalpaiguri,2000,Winter,Rice,190854.0,269210.0,1.4105546648223248,1.4105546648223248,1410.5546648223249,898.5,26.839562841530057,23.39786885245902,31.01333333333333,77.82830601092896,15.900819672131147,1.4405464480874317,183.0,0.6165097625226426
West Bengal,Hooghly,2003,Summer,Rice,94846.0,269968.0,2.846382556987116,2.846382556987116,2846.382556987116,482.63,30.475,24.5794262295082,37.455,59.662295081967216,19.62188524590164,2.557950819672131,122.0,0.4872769118230852
West Bengal,Nadia,1997,Winter,Rice,127051.0,271480.0,2.1367797183808075,2.1367797183808075,2136.7797183808075,969.44,27.11677595628415,23.72360655737705,31.16289617486339,81.70770491803279,16.235464480874317,2.0503825136612024,183.0,
West Bengal,Nadia,2014,Winter,Rice,94963.0,273137.0,2.876246538125375,2.876246538125375,2876.246538125375,1006.25,27.280054644808743,23.773005464480875,31.475573770491803,81.44459016393444,15.847377049180327,1.9635519125683056,183.0,0.5933791602884092
West Bengal,Uttar Dinajpur,2007,Summer,Rice,93716.0,273224.0,2.9154466686585003,2.9154466686585003,2915.4466686585,458.09,29.770573770491804,23.606065573770493,36.18975409836065,51.764016393442624,19.96475409836065,2.0422131147540985,122.0,0.4656716318315417
West Bengal,Maldah,1999,Winter,Rice,146750.0,273290.0,1.862282793867121,1.862282793867121,1862.282793867121,1051.08,27.08092896174864,23.694863387978145,30.805956284153005,81.15535519125683,15.602349726775955,2.002021857923497,183.0,
West Bengal,Nadia,2004,Winter,Rice,119648.0,273359.0,2.2846934340732816,2.2846934340732816,2284.6934340732814,1079.2,26.631639344262297,23.51153005464481,30.43196721311476,84.63459016393442,15.827650273224044,2.200710382513661,183.0,0.5446606748533945
West Bengal,Uttar Dinajpur,1999,Summer,Rice,93249.0,273480.0,2.932792844963485,2.932792844963485,2932.792844963485,374.24,30.259098360655734,23.192540983606555,37.71967213114754,43.873360655737706,19.749590163934425,2.084508196721312,122.0,
West Bengal,Maldah,2018,Summer,Rice,61089.0,273642.0,4.479398909787359,4.479398909787359,4479.398909787359,483.75,28.924180327868854,23.410983606557377,35.07762295081967,61.69450819672132,18.402131147540985,2.0782786885245903,122.0,0.5296148866041039
West Bengal,Jalpaiguri,2001,Winter,Rice,176149.0,274047.0,1.5557681281188085,1.5557681281188085,1555.7681281188086,1263.03,26.78256830601093,23.623224043715847,30.510163934426227,80.6663387978142,15.781475409836066,1.3819672131147542,183.0,0.6342035016876736
West Bengal,Uttar Dinajpur,2003,Summer,Rice,98592.0,274178.0,2.780935572865953,2.780935572865953,2780.935572865953,403.36,29.58590163934426,23.181967213114756,36.39106557377049,51.71475409836066,18.95024590163934,2.1413934426229506,122.0,0.4600308276081016
West Bengal,Jalpaiguri,2007,Winter,Rice,177129.0,274661.0,1.5506269442045064,1.5506269442045064,1550.6269442045063,1562.25,26.50765027322404,23.336775956284157,30.20918032786885,81.24612021857924,15.070109289617486,1.4381420765027322,183.0,0.6402388058096387
West Bengal,Jalpaiguri,2004,Winter,Rice,182997.0,275572.0,1.5058826100974332,1.5058826100974332,1505.8826100974331,1546.09,26.009781420765027,22.93606557377049,29.61863387978142,82.27710382513662,15.10688524590164,1.470327868852459,183.0,0.6431524350663971
West Bengal,Purba Medinipur,2007,Winter,Rice,223794.0,275910.0,1.2328748760020376,1.2328748760020376,1232.8748760020376,1743.89,27.095191256830603,24.53475409836065,30.046448087431692,84.83196721311475,16.217322404371586,3.0070491803278685,183.0,0.5405544672551933
West Bengal,Maldah,2001,Winter,Rice,132039.0,276103.0,2.091071577336999,2.091071577336999,2091.071577336999,1016.65,27.313879781420763,24.06644808743169,31.05021857923497,82.62131147540984,16.39896174863388,2.0066120218579235,183.0,0.520250860259854
West Bengal,Jalpaiguri,2019,Winter,Rice,104679.0,276895.0,2.6451819371602707,2.6451819371602707,2645.1819371602705,2341.67,26.687267759562843,23.938360655737707,29.967978142076504,85.77486338797814,14.82103825136612,1.4313114754098362,183.0,0.6941416636289847
West Bengal,Paschim Medinipur,1997,Summer,Rice,112016.0,278590.0,2.487055420654192,2.487055420654192,2487.055420654192,477.96,29.9594262295082,24.20532786885246,37.09877049180328,62.67360655737705,21.1744262295082,2.46344262295082,122.0,
West Bengal,Jalpaiguri,2018,Winter,Rice,99738.0,278699.0,2.794311095069081,2.794311095069081,2794.311095069081,1781.55,26.601530054644808,23.55295081967213,30.14087431693989,82.0755737704918,15.188142076502732,1.3210382513661203,183.0,0.6709487261987108
West Bengal,Nadia,2005,Winter,Rice,111671.0,280791.0,2.5144486930357925,2.5144486930357925,2514.4486930357925,933.35,27.42857923497268,24.04792349726776,31.56437158469945,81.3327868852459,15.820491803278689,2.106229508196721,183.0,0.5646404142402106
West Bengal,Jalpaiguri,2005,Winter,Rice,183079.0,283881.0,1.5505929134417382,1.5505929134417382,1550.592913441738,1612.84,26.77688524590164,23.522131147540986,30.496612021857924,79.51628415300546,15.456338797814208,1.4271038251366122,183.0,0.655186680653692
West Bengal,Nadia,2016,Winter,Rice,92143.0,284271.0,3.0851068447955896,3.0851068447955896,3085.106844795589,1504.45,27.022513661202183,23.69497267759563,31.00256830601093,84.85841530054645,16.259071038251367,1.858743169398907,183.0,0.599630819538326
West Bengal,South 24 Parganas,2017,Summer,Rice,79312.0,284769.0,3.5904907201936656,3.5904907201936656,3590.4907201936658,473.1,29.18901639344262,25.88590163934426,33.54450819672131,73.83303278688524,19.380819672131143,3.700081967213115,122.0,0.5001314432340952
West Bengal,Uttar Dinajpur,2001,Winter,Rice,185658.0,287622.0,1.549203373945642,1.549203373945642,1549.203373945642,1072.12,27.24704918032787,23.90382513661202,31.14234972677596,82.09781420765027,16.39896174863388,1.8969945355191256,183.0,0.581819993797542
West Bengal,Nadia,2015,Winter,Rice,96189.0,289324.0,3.00786992275624,3.00786992275624,3007.86992275624,1280.85,27.584043715846995,24.174863387978142,31.47568306010929,81.64229508196722,15.719726775956284,1.855027322404372,183.0,0.5819293187629296
West Bengal,Nadia,2011,Winter,Rice,106951.0,289408.0,2.7059868537928584,2.7059868537928584,2705.9868537928583,1261.44,27.044207650273226,23.81743169398907,30.854371584699457,84.21453551912569,15.547759562841527,1.9780874316939887,183.0,0.5536262831838391
West Bengal,Hooghly,2005,Summer,Rice,107679.0,289463.0,2.688202899358278,2.688202899358278,2688.202899358278,290.24,30.90270491803279,24.958852459016395,37.93565573770491,59.694016393442624,20.106475409836065,2.5690983606557376,122.0,0.5041976107743492
West Bengal,Uttar Dinajpur,2000,Summer,Rice,92386.0,290487.0,3.144275106617886,3.144275106617886,3144.275106617886,504.88,28.67516393442623,22.3994262295082,35.37237704918033,55.34672131147541,19.07204918032787,2.0788524590163933,122.0,0.4512705973168183
West Bengal,Murshidabad,1997,Summer,Rice,81817.0,291510.0,3.562951464854492,3.562951464854492,3562.9514648544923,328.66,30.623032786885247,23.93950819672131,37.85713114754098,47.97401639344263,20.126393442622952,2.2761475409836067,122.0,
West Bengal,Hooghly,1998,Summer,Rice,94864.0,292383.0,3.082128099173554,3.082128099173554,3082.128099173554,396.15,29.72254098360656,23.929426229508195,36.55401639344262,62.1422131147541,19.280081967213118,2.5659836065573773,122.0,
West Bengal,Maldah,2002,Winter,Rice,139605.0,292599.0,2.095906307080692,2.095906307080692,2095.906307080692,1097.07,26.90502732240437,23.45273224043716,30.680983606557376,82.4932786885246,15.90792349726776,1.9385792349726776,183.0,0.5370938198885526
West Bengal,Purba Bardhaman,2016,Summer,Rice,125719.0,292764.0,2.3287172185588494,2.3287172185588494,2328.7172185588493,343.95,31.20655737704918,25.33426229508197,38.3083606557377,60.33795081967213,20.00237704918033,2.389918032786885,122.0,0.4442038856962827
West Bengal,Uttar Dinajpur,1999,Winter,Rice,190171.0,293100.0,1.5412444589343277,1.5412444589343277,1541.2444589343274,1195.6,26.93770491803279,23.550437158469943,30.70786885245901,81.70016393442623,15.602349726775955,1.8583606557377048,183.0,
West Bengal,Dakshin Dinajpur,2006,Winter,Rice,132407.0,294431.0,2.223681527411693,2.223681527411693,2223.6815274116925,859.34,26.98245901639344,23.57338797814208,30.99857923497268,82.23557377049181,16.58224043715847,1.870983606557377,183.0,0.5816531104695564
West Bengal,Hooghly,2001,Summer,Rice,108202.0,294571.0,2.7224173305484185,2.7224173305484185,2722.4173305484187,650.47,29.760573770491803,24.166147540983605,36.2411475409836,62.20295081967213,19.04672131147541,2.4309016393442624,122.0,0.5046550810655601
West Bengal,Birbhum,2019,Summer,Rice,77286.0,295183.0,3.819359262997179,3.819359262997179,3819.359262997179,267.12,30.9155737704918,24.07622950819672,38.49926229508197,50.29196721311475,20.390573770491805,2.22344262295082,122.0,0.4714507082281006
West Bengal,Hooghly,1999,Summer,Rice,112009.0,296620.0,2.6481800569597085,2.6481800569597085,2648.1800569597085,329.83,30.785409836065572,24.224590163934423,38.47237704918033,56.09959016393442,20.38073770491803,2.7143442622950817,122.0,
West Bengal,Jalpaiguri,2002,Winter,Rice,188385.0,298543.0,1.584749316559174,1.584749316559174,1584.7493165591738,1316.6,26.343333333333334,23.10950819672131,30.16896174863388,80.2948087431694,15.189617486338795,1.4244262295081969,183.0,0.6400980880145922
West Bengal,Hooghly,2006,Summer,Rice,96257.0,298814.0,3.1043352691232844,3.1043352691232844,3104.3352691232844,374.06,30.07254098360656,24.555983606557376,36.3744262295082,61.37532786885246,19.44647540983607,2.153688524590164,122.0,0.5034814626957271
West Bengal,Birbhum,2017,Summer,Rice,88290.0,299182.0,3.3886283837354174,3.3886283837354174,3388.6283837354176,405.36,30.467704918032787,23.98418032786885,37.68754098360656,53.91262295081968,19.86606557377049,2.172295081967213,122.0,0.4514025797525048
West Bengal,Paschim Medinipur,2000,Summer,Rice,99230.0,299473.0,3.0179683563438475,3.0179683563438475,3017.9683563438475,477.48,28.7322131147541,23.519754098360654,35.26950819672131,69.44090163934426,20.052868852459014,2.501803278688525,122.0,0.442632197544645
West Bengal,Hooghly,2010,Summer,Rice,93120.0,299884.0,3.2204037800687284,3.2204037800687284,3220.4037800687283,427.59,30.90032786885246,25.16360655737705,37.965409836065575,62.10516393442623,19.626967213114757,2.657049180327869,122.0,0.4804578362523842
West Bengal,Nadia,2001,Winter,Rice,129902.0,299924.0,2.3088482086495974,2.3088482086495974,2308.8482086495974,1045.6,26.97021857923497,24.073497267759564,30.547103825136613,86.54617486338798,15.822459016393443,2.0189071038251365,183.0,0.5278794069537434
West Bengal,Jalpaiguri,2003,Winter,Rice,180586.0,300284.0,1.6628310057258038,1.6628310057258038,1662.8310057258038,1268.99,26.625300546448088,23.46273224043716,30.350437158469948,81.08584699453552,15.159508196721312,1.440054644808743,183.0,0.6342033430837275
West Bengal,Nadia,2008,Winter,Rice,115484.0,300969.0,2.606153233348343,2.606153233348343,2606.153233348343,1068.9,26.70273224043716,23.51207650273224,30.449562841530057,85.14038251366121,15.8748087431694,2.0269398907103824,183.0,0.5673027429343012
West Bengal,Jalpaiguri,2008,Winter,Rice,179331.0,301641.0,1.6820348963648226,1.6820348963648226,1682.0348963648223,1447.03,26.34868852459017,23.27322404371585,29.977322404371588,82.02355191256831,15.58103825136612,1.3601639344262295,183.0,0.6488020691196901
West Bengal,Nadia,2018,Winter,Rice,94639.0,302231.0,3.193514301714938,3.193514301714938,3193.514301714938,1074.46,27.272622950819677,23.89065573770492,31.3048087431694,82.23688524590165,15.817540983606555,1.832622950819672,183.0,0.6025551196980832
West Bengal,Hooghly,2008,Summer,Rice,106430.0,304575.0,2.8617401108709952,2.8617401108709952,2861.740110870995,507.58,29.39639344262295,23.96295081967213,35.736639344262294,64.83368852459016,19.499016393442623,2.1975409836065576,122.0,0.5243760465427343
West Bengal,Nadia,2019,Winter,Rice,93424.0,306368.0,3.279328652166467,3.279328652166467,3279.3286521664672,1451.04,27.401092896174863,24.28163934426229,31.1820218579235,85.52256830601092,15.494098360655736,2.012622950819672,183.0,0.6337788448046623
West Bengal,Nadia,2003,Winter,Rice,129396.0,307364.0,2.375374818386967,2.375374818386967,2375.374818386967,887.05,27.329125683060106,24.12021857923497,31.325081967213112,82.90628415300547,15.745409836065573,2.076448087431694,183.0,0.5749899196968082
West Bengal,Dakshin Dinajpur,1999,Winter,Rice,171991.0,307930.0,1.7903843805780535,1.7903843805780535,1790.3843805780534,1058.55,26.97136612021858,23.68,30.78109289617486,82.94896174863388,15.602349726775955,1.931311475409836,183.0,
West Bengal,Dakshin Dinajpur,2001,Winter,Rice,164688.0,309544.0,1.8795783542213156,1.8795783542213156,1879.5783542213155,1043.27,27.17415300546448,23.955901639344265,30.96879781420765,83.71568306010928,16.39896174863388,1.9313661202185792,183.0,0.5745361182034436
West Bengal,Nadia,2019,Summer,Rice,81198.0,310047.0,3.8184068573117567,3.8184068573117567,3818.406857311757,487.09,30.074590163934424,24.218196721311475,37.02663934426229,62.71950819672131,19.78508196721312,2.441639344262295,122.0,0.5781188496030348
West Bengal,Nadia,2016,Summer,Rice,82179.0,311661.0,3.792465228343007,3.792465228343007,3792.4652283430073,481.79,30.74377049180328,24.957786885245905,37.64409836065574,61.286147540983606,19.52655737704918,2.292786885245902,122.0,0.527140519614781
West Bengal,Uttar Dinajpur,1997,Winter,Rice,183150.0,313230.0,1.7102375102375105,1.7102375102375105,1710.2375102375102,879.96,27.527978142076503,23.5727868852459,32.03081967213115,75.65699453551912,16.853224043715848,1.9335519125683056,183.0,
West Bengal,Nadia,2017,Winter,Rice,95876.0,313318.0,3.267950269097585,3.267950269097585,3267.9502690975846,1817.22,26.96857923497268,24.018360655737705,30.549672131147545,86.65786885245902,15.026284153005465,1.9257377049180329,183.0,0.6307584023582183
West Bengal,Hooghly,2009,Summer,Rice,106439.0,313613.0,2.94641062016742,2.94641062016742,2946.41062016742,391.17,30.218196721311475,24.168688524590163,37.15311475409836,57.96368852459016,20.145737704918037,2.191311475409836,122.0,0.4866801092250166
West Bengal,Paschim Medinipur,2002,Summer,Rice,109989.0,316139.0,2.874278336924601,2.874278336924601,2874.2783369246013,431.55,30.190163934426227,24.479754098360655,37.25909836065573,64.5217213114754,20.352868852459014,2.4475409836065576,122.0,0.4322835708219869
West Bengal,Hooghly,2004,Summer,Rice,103421.0,317238.0,3.0674427824136297,3.0674427824136297,3067.4427824136296,400.8,30.8072131147541,24.765819672131148,38.03426229508197,59.16836065573771,20.217868852459016,2.5420491803278686,122.0,0.4795432345574048
West Bengal,Uttar Dinajpur,2002,Winter,Rice,187523.0,320636.0,1.709848925198509,1.709848925198509,1709.848925198509,1191.7,26.68715846994536,23.226830601092896,30.596393442622954,83.06710382513661,15.90792349726776,1.8226229508196723,183.0,0.5821490878917418
West Bengal,Jalpaiguri,2006,Winter,Rice,170203.0,322001.0,1.8918644207211388,1.8918644207211388,1891.864420721139,1232.83,26.521147540983605,23.279071038251363,30.318360655737703,79.24136612021859,15.694918032786886,1.3969945355191258,183.0,0.6571419073222318
West Bengal,Purba Medinipur,2005,Winter,Rice,259507.0,322353.0,1.242174584885957,1.242174584885957,1242.1745848859568,1381.02,27.207814207650276,24.50202185792349,30.364863387978144,82.91273224043717,15.538524590163936,3.0058469945355197,183.0,0.5729796639742678
West Bengal,Uttar Dinajpur,2006,Winter,Rice,164541.0,322537.0,1.9602226800615044,1.9602226800615044,1960.2226800615044,962.13,26.89311475409836,23.39464480874317,30.89928961748634,81.62114754098361,16.58224043715847,1.832622950819672,183.0,0.6086678355512635
West Bengal,Nadia,2009,Summer,Rice,96531.0,322925.0,3.345298401549761,3.345298401549761,3345.298401549761,368.75,30.43877049180328,24.208360655737707,37.39131147540984,54.479672131147545,20.236147540983605,2.1400819672131144,122.0,0.4970505638297586
West Bengal,Dakshin Dinajpur,1998,Winter,Rice,169845.0,325470.0,1.9162766051399809,1.9162766051399809,1916.2766051399808,1325.47,27.45617486338797,24.28382513661202,31.21639344262295,84.53928961748635,15.7448087431694,1.930710382513661,183.0,
West Bengal,Hooghly,2007,Summer,Rice,106295.0,325885.0,3.065854461639776,3.065854461639776,3065.854461639776,392.39,30.00163934426229,24.208934426229508,36.62885245901639,59.34049180327869,20.08098360655738,2.416639344262295,122.0,0.5315979534267361
West Bengal,Nadia,2002,Winter,Rice,127639.0,327586.0,2.5665039682228787,2.5665039682228787,2566.503968222879,901.56,26.837868852459017,23.62136612021858,30.77377049180328,84.42939890710383,15.616666666666664,2.034207650273224,183.0,0.5563347735209565
West Bengal,Maldah,1997,Winter,Rice,147759.0,329220.0,2.2280876291799485,2.2280876291799485,2228.0876291799486,814.75,27.72590163934426,23.795409836065577,32.121420765027324,75.47158469945354,16.853224043715848,2.069672131147541,183.0,
West Bengal,Maldah,2003,Winter,Rice,136961.0,329401.0,2.4050715167091363,2.4050715167091363,2405.071516709136,898.66,27.42120218579235,23.99234972677596,31.380054644808745,80.7888524590164,15.88792349726776,2.104207650273224,183.0,0.5257021739122588
West Bengal,Murshidabad,2019,Summer,Rice,99863.0,330734.0,3.311877271862452,3.311877271862452,3311.877271862452,346.11,30.814262295081967,24.340573770491805,38.04459016393442,54.02180327868852,19.51172131147541,2.2594262295081964,122.0,0.5306160715862962
West Bengal,Nadia,2015,Summer,Rice,91857.0,332600.0,3.62084544454968,3.62084544454968,3620.845444549681,552.38,29.53688524590164,24.04688524590164,36.11918032786885,62.08540983606557,18.8805737704918,2.460901639344262,122.0,0.5312749626316469
West Bengal,South 24 Parganas,2019,Summer,Rice,84726.0,333165.0,3.9322640039657246,3.9322640039657246,3932.264003965725,374.42,29.317131147540984,25.89893442622951,33.86524590163935,73.92090163934427,19.799344262295083,3.668196721311476,122.0,0.5098972516530113
West Bengal,Jhargram,2016,Winter,Rice,121838.0,334852.0,2.748337956959241,2.748337956959241,2748.337956959241,1268.61,26.50814207650273,22.930382513661204,30.82710382513661,82.36218579234973,16.336721311475408,1.95344262295082,183.0,0.6462838887419496
West Bengal,Paschim Medinipur,2003,Summer,Rice,117115.0,335752.0,2.8668573624215514,2.8668573624215514,2866.8573624215514,444.63,30.17188524590164,24.47,37.21081967213115,62.711639344262295,20.51254098360656,2.5959836065573767,122.0,0.4244604497460331
West Bengal,Purulia,1998,Winter,Rice,227172.0,336300.0,1.4803761026887117,1.4803761026887117,1480.3761026887116,1089.37,26.86153005464481,23.452459016393444,30.9672131147541,81.11546448087431,16.59103825136612,1.8867759562841528,183.0,
West Bengal,Paschim Medinipur,1998,Summer,Rice,118934.0,337304.0,2.836060335984664,2.836060335984664,2836.060335984664,382.8,29.52254098360656,23.98565573770492,36.23991803278689,65.59081967213115,20.393196721311472,2.543032786885246,122.0,
West Bengal,Murshidabad,1999,Summer,Rice,100155.0,337320.0,3.367979631571065,3.367979631571065,3367.979631571065,315.45,31.0644262295082,23.87844262295082,38.80885245901639,47.1327868852459,20.034426229508195,2.3204098360655734,122.0,
West Bengal,Uttar Dinajpur,2000,Winter,Rice,189979.0,337510.0,1.7765647782123288,1.7765647782123288,1776.5647782123287,816.25,27.130928961748637,23.46972677595629,31.433879781420764,80.04191256830602,16.47120218579235,1.8589071038251368,183.0,0.5790761428902558
West Bengal,Dakshin Dinajpur,2000,Winter,Rice,165989.0,338010.0,2.036339757453807,2.036339757453807,2036.3397574538071,921.65,26.987814207650278,23.512896174863386,30.980437158469947,82.53699453551913,16.47120218579235,1.8344262295081968,183.0,0.5716656997661786
West Bengal,Uttar Dinajpur,1998,Summer,Rice,86623.0,338462.0,3.90729944702908,3.90729944702908,3907.29944702908,377.42,29.60655737704918,23.224918032786885,36.443606557377045,50.70713114754098,19.609426229508195,2.324016393442623,122.0,
West Bengal,Jalpaiguri,2009,Winter,Rice,174718.0,339125.0,1.9409849013839444,1.9409849013839444,1940.9849013839444,1426.27,26.62715846994536,23.25185792349727,30.528360655737703,79.94579234972677,15.678579234972675,1.4284699453551917,183.0,0.6592161473075571
West Bengal,Nadia,2017,Summer,Rice,94808.0,343314.0,3.6211501139144375,3.6211501139144375,3621.1501139144375,670.88,29.365573770491803,24.00155737704918,35.81106557377049,66.42991803278689,19.07967213114754,2.3204098360655734,122.0,0.5571178626571581
West Bengal,Nadia,2018,Summer,Rice,93154.0,347424.0,3.7295660948536833,3.7295660948536833,3729.5660948536834,628.34,28.636639344262296,23.3805737704918,34.86180327868853,68.27680327868853,18.65032786885246,1.975983606557377,122.0,0.5471438805005676
West Bengal,Nadia,2010,Summer,Rice,98567.0,348095.0,3.531557214889365,3.531557214889365,3531.557214889365,459.31,30.830901639344265,25.052868852459014,37.85081967213115,60.68844262295082,19.65475409836065,2.5994262295081967,122.0,0.4861456405799596
West Bengal,Dakshin Dinajpur,2008,Winter,Rice,154650.0,348657.0,2.2544907856450047,2.2544907856450047,2254.4907856450045,991.76,26.856010928961748,23.356284153005465,30.847377049180327,83.56448087431694,16.230819672131148,1.8766666666666667,183.0,0.5952610488958301
West Bengal,Nadia,2005,Summer,Rice,107541.0,349808.0,3.2527873090263246,3.2527873090263246,3252.7873090263247,223.29,31.251311475409835,24.99795081967213,38.32631147540984,55.71319672131148,20.04262295081967,2.436393442622951,122.0,0.4888158960238282
West Bengal,Nadia,2011,Summer,Rice,97703.0,350155.0,3.5838715290216268,3.5838715290216268,3583.871529021627,616.66,29.674672131147545,24.14032786885246,36.0288524590164,62.22532786885246,18.892540983606555,2.1955737704918032,122.0,0.5404034859537318
West Bengal,Nadia,2013,Summer,Rice,94331.0,351024.0,3.72119451717887,3.72119451717887,3721.1945171788702,502.39,30.06450819672131,24.25409836065574,36.775983606557375,58.43114754098361,18.838852459016397,2.4562295081967216,122.0,0.5182916691254636
West Bengal,Nadia,2006,Summer,Rice,101085.0,352101.0,3.4832170945244103,3.4832170945244103,3483.21709452441,359.21,30.2444262295082,24.572131147540983,36.58778688524591,58.219836065573766,19.51729508196721,2.0352459016393443,122.0,0.4903512290877796
West Bengal,Dakshin Dinajpur,2002,Winter,Rice,163102.0,353361.0,2.166503169795588,2.166503169795588,2166.503169795588,1152.39,26.73989071038251,23.378360655737705,30.54196721311476,84.07497267759562,15.90792349726776,1.8939890710382516,183.0,0.5874923570641974
West Bengal,Dakshin Dinajpur,2007,Winter,Rice,147939.0,354857.0,2.398671073888562,2.398671073888562,2398.671073888562,1300.44,26.936666666666667,23.625519125683063,30.7375956284153,84.46065573770491,15.648688524590163,2.002295081967213,183.0,0.6192781351864833
West Bengal,Dakshin Dinajpur,1997,Winter,Rice,174850.0,357070.0,2.042150414641121,2.042150414641121,2042.150414641121,811.95,27.47191256830601,23.590710382513663,31.931857923497265,77.47355191256831,16.853224043715848,1.9662841530054644,183.0,
West Bengal,Nadia,2007,Summer,Rice,104250.0,357209.0,3.426465227817746,3.426465227817746,3426.465227817746,431.11,30.02434426229508,24.142540983606555,36.61647540983606,57.31737704918033,20.02885245901639,2.2702459016393446,122.0,0.5208464631398612
West Bengal,Nadia,2012,Summer,Rice,95233.0,357653.0,3.755557422322094,3.755557422322094,3755.557422322094,251.29,31.06926229508197,24.8094262295082,38.29163934426229,52.51639344262295,20.223442622950817,2.5657377049180328,122.0,0.4683046273610474
West Bengal,Murshidabad,2002,Summer,Rice,115142.0,360521.0,3.131098990811346,3.131098990811346,3131.098990811346,456.51,30.49270491803279,24.328852459016392,37.318278688524586,55.2922131147541,18.88254098360656,2.056967213114754,122.0,0.4576352319931837
West Bengal,Dakshin Dinajpur,2009,Winter,Rice,149940.0,360599.0,2.4049553154595174,2.4049553154595174,2404.9553154595174,1116.87,27.32327868852459,23.60546448087432,31.599398907103826,80.73,16.521420765027322,1.8653551912568307,183.0,0.6139112794672847
West Bengal,North 24 Parganas,2019,Winter,Rice,142057.0,361028.0,2.541430552524691,2.541430552524691,2541.430552524691,1817.74,27.511420765027324,24.667431693989077,31.05415300546448,85.30726775956283,15.280601092896177,2.0127868852459017,183.0,0.5788029093237919
West Bengal,Paschim Medinipur,2005,Summer,Rice,121906.0,361879.0,2.9685085229603136,2.9685085229603136,2968.5085229603137,341.48,30.32516393442623,24.74450819672131,37.24393442622951,64.34877049180328,20.697786885245904,2.569262295081967,122.0,0.4574550492412076
West Bengal,Jhargram,2017,Winter,Rice,125185.0,362595.0,2.8964732196349403,2.8964732196349403,2896.4732196349405,1627.12,26.92087431693989,23.58743169398907,30.86021857923497,83.16989071038252,15.516994535519126,1.8491256830601093,183.0,0.6784431086717927
West Bengal,Paschim Medinipur,1999,Summer,Rice,125011.0,364010.0,2.911823759509163,2.911823759509163,2911.823759509163,356.72,30.27786885245902,24.02967213114754,37.923524590163936,60.377377049180325,21.023852459016396,2.6470491803278686,122.0,
West Bengal,Purba Medinipur,1997,Summer,Rice,129878.0,364720.0,2.808173824666225,2.808173824666225,2808.1738246662253,502.94,29.61868852459017,25.177131147540983,35.341065573770486,68.23065573770491,19.86655737704918,3.337131147540984,122.0,
West Bengal,Nadia,2008,Summer,Rice,104873.0,365878.0,3.4887721339143534,3.4887721339143534,3488.772133914353,455.99,29.72393442622951,24.024836065573773,36.19614754098361,61.37959016393443,19.34762295081967,2.148606557377049,122.0,0.5220937640300788
West Bengal,Nadia,2004,Summer,Rice,109866.0,366510.0,3.335972912456993,3.335972912456993,3335.972912456993,396.33,30.92639344262295,24.817049180327867,37.997213114754096,56.89483606557377,20.040819672131143,2.4754098360655736,122.0,0.4721208084690416
West Bengal,Murshidabad,1998,Summer,Rice,91131.0,367926.0,4.037330875333312,4.037330875333312,4037.3308753333113,361.3,30.024754098360656,23.66155737704918,37.11549180327869,54.82483606557377,19.70655737704918,2.369180327868853,122.0,
West Bengal,Uttar Dinajpur,2017,Winter,Rice,181989.0,369906.0,2.032573397293243,2.032573397293243,2032.573397293243,1370.72,27.327049180327872,24.127978142076504,31.08010928961749,84.10267759562842,15.605901639344262,1.9107650273224044,183.0,0.6435734358401265
West Bengal,Maldah,2017,Winter,Rice,147792.0,370405.0,2.506258796145935,2.506258796145935,2506.258796145935,1234.31,27.50344262295082,24.26551912568306,31.186557377049184,83.14459016393442,15.605901639344262,2.0087431693989077,183.0,0.5728116936404344
West Bengal,Paschim Medinipur,2004,Summer,Rice,121743.0,370448.0,3.0428689945212457,3.0428689945212457,3042.868994521246,402.87,30.224262295081967,24.38073770491803,37.37680327868853,63.49901639344262,21.17254098360656,2.4248360655737704,122.0,0.4211172259766628
West Bengal,Maldah,2018,Winter,Rice,137605.0,371891.0,2.702598016060463,2.702598016060463,2702.5980160604627,841.78,27.739562841530056,24.0796174863388,31.98125683060109,78.18857923497268,16.395245901639345,1.8545901639344264,183.0,0.5926735385049552
West Bengal,Dakshin Dinajpur,2011,Winter,Rice,149572.0,374181.0,2.5016781215735566,2.5016781215735566,2501.678121573557,1105.04,27.11207650273224,23.661202185792348,31.097158469945352,82.57918032786885,16.101967213114754,1.977322404371585,183.0,0.5997502321420553
West Bengal,Nadia,2014,Summer,Rice,98286.0,374824.0,3.81360519300816,3.81360519300816,3813.60519300816,395.15,30.99762295081967,24.66516393442623,38.22262295081967,53.95909836065574,19.86909836065574,2.3230327868852463,122.0,0.5108607677751583
West Bengal,Murshidabad,2011,Summer,Rice,113523.0,374864.0,3.302097372338645,3.302097372338645,3302.097372338645,584.77,29.892377049180325,23.99663934426229,36.30385245901639,57.393524590163935,18.839426229508195,2.097622950819672,122.0,0.4896077971103402
West Bengal,Uttar Dinajpur,2009,Winter,Rice,181770.0,375550.0,2.066072509214942,2.066072509214942,2066.072509214942,1224.86,27.186830601092893,23.427923497267763,31.492185792349726,79.90284153005464,16.521420765027322,1.8107103825136608,183.0,0.6143146555512509
West Bengal,Purba Medinipur,2013,Winter,Rice,237323.0,376132.0,1.5848948479498406,1.5848948479498406,1584.8948479498406,1769.87,27.05448087431694,24.465300546448084,30.10289617486339,84.74256830601092,16.150382513661203,2.8831147540983606,183.0,0.6126100152773077
West Bengal,Nadia,1997,Summer,Rice,121367.0,376870.0,3.1052098181548526,3.1052098181548526,3105.2098181548527,388.81,29.9444262295082,23.79827868852459,36.94426229508196,56.608032786885246,20.107950819672133,2.3678688524590163,122.0,
West Bengal,Maldah,2008,Winter,Rice,143019.0,378249.0,2.644746502212993,2.644746502212993,2644.7465022129927,968.82,27.065956284153003,23.541475409836067,30.984918032786883,82.12158469945355,16.230819672131148,1.899508196721312,183.0,0.566786272996196
West Bengal,Maldah,2009,Winter,Rice,143030.0,378532.0,2.646521708732434,2.646521708732434,2646.521708732434,1101.1,27.496284153005465,23.70896174863388,31.729672131147534,78.61551912568305,16.521420765027322,1.952295081967213,183.0,0.5726805344543541
West Bengal,Maldah,2010,Winter,Rice,132742.0,379451.0,2.858560214551536,2.858560214551536,2858.560214551536,915.69,27.6631693989071,24.152131147540985,31.82065573770492,80.9920218579235,16.049398907103825,1.9601092896174863,183.0,0.5859669348974121
West Bengal,Jalpaiguri,2011,Winter,Rice,177843.0,379914.0,2.136232519694337,2.136232519694337,2136.232519694337,1839.54,26.319890710382516,23.176284153005465,29.959672131147546,82.39109289617487,15.614207650273224,1.4402732240437155,183.0,0.6721111957578766
West Bengal,Murshidabad,2000,Summer,Rice,108478.0,382487.0,3.5259407437452754,3.5259407437452754,3525.9407437452755,495.18,29.32204918032787,23.232295081967216,36.09344262295082,59.30868852459016,19.039836065573773,2.219508196721311,122.0,0.4481893470735389
West Bengal,Uttar Dinajpur,2004,Winter,Rice,178332.0,383281.0,2.1492553215351142,2.1492553215351142,2149.255321535114,1356.54,26.52896174863388,23.27491803278689,30.22622950819672,83.61945355191257,15.650983606557377,1.9378142076502731,183.0,0.5936938652522287
West Bengal,Jalpaiguri,2012,Winter,Rice,179979.0,383707.0,2.131954283555304,2.131954283555304,2131.9542835553034,1528.06,26.54513661202186,23.14081967213115,30.67775956284153,78.31546448087431,15.591584699453554,1.3803825136612022,183.0,0.6707534290037308
West Bengal,Murshidabad,2001,Summer,Rice,112413.0,383715.0,3.4134397267219985,3.4134397267219985,3413.4397267219983,595.52,29.819180327868853,23.81549180327869,36.47139344262296,55.12803278688524,19.57713114754098,2.248770491803279,122.0,0.4075994274194093
West Bengal,Maldah,2011,Winter,Rice,144564.0,386068.0,2.670568052903904,2.670568052903904,2670.568052903904,1066.57,27.266775956284157,23.81710382513661,31.09781420765027,81.57409836065574,16.101967213114754,2.056994535519126,183.0,0.5515151083936445
West Bengal,Dakshin Dinajpur,2005,Winter,Rice,159343.0,386280.0,2.424204389273454,2.424204389273454,2424.204389273454,1326.71,27.476775956284158,23.95174863387978,31.48754098360656,80.56245901639345,15.772349726775955,1.905027322404372,183.0,0.5927524165269358
West Bengal,Jhargram,2018,Winter,Rice,135374.0,389010.0,2.873594634124721,2.873594634124721,2873.594634124721,1147.38,27.030983606557378,23.26120218579235,31.282513661202184,79.9515300546448,15.56382513661202,1.9169398907103825,183.0,0.6363008570650609
West Bengal,North 24 Parganas,2015,Winter,Rice,139946.0,389749.0,2.784995641175882,2.784995641175882,2784.995641175882,1591.2,27.54934426229508,24.56327868852459,31.07398907103825,82.77032786885246,15.194863387978142,1.970765027322404,183.0,0.5608296764545899
West Bengal,Murshidabad,2018,Summer,Rice,121132.0,391117.0,3.2288495195324107,3.2288495195324107,3228.849519532411,407.08,29.514262295081966,23.623852459016398,36.23344262295082,59.70688524590164,18.49393442622951,2.0509016393442625,122.0,0.4950212986212188
West Bengal,Maldah,2005,Winter,Rice,144239.0,391687.0,2.7155415664279423,2.7155415664279423,2715.541566427942,1259.28,27.73,24.12338797814208,31.631803278688523,78.60409836065574,15.772349726775955,1.9592896174863388,183.0,0.540638157684971
West Bengal,Dakshin Dinajpur,2003,Winter,Rice,165217.0,391957.0,2.3723769345769505,2.3723769345769505,2372.3769345769506,954.78,27.209344262295083,23.903169398907103,31.11114754098361,82.68393442622951,15.88792349726776,1.989726775956284,183.0,0.5772458823912298
West Bengal,Murshidabad,2012,Summer,Rice,114063.0,392066.0,3.437275891393353,3.437275891393353,3437.275891393353,233.34,31.43114754098361,24.691803278688525,38.74713114754098,46.936147540983605,20.114590163934427,2.311393442622951,122.0,0.4239202674229528
West Bengal,Purba Medinipur,2008,Summer,Rice,160437.0,395631.0,2.465958600572187,2.465958600572187,2465.958600572187,636.12,29.06811475409836,24.99426229508197,34.24581967213115,71.74590163934427,19.645819672131147,3.0132786885245904,122.0,0.4700006372585967
West Bengal,Nadia,2003,Summer,Rice,118822.0,397368.0,3.344229183147902,3.344229183147902,3344.229183147902,470.09,30.44360655737705,24.4488524590164,37.37811475409836,58.17377049180328,19.451147540983605,2.420655737704918,122.0,0.4897111487630068
West Bengal,Murshidabad,2010,Summer,Rice,121612.0,399084.0,3.2816169456961486,3.2816169456961486,3281.6169456961484,375.45,31.2794262295082,24.853688524590165,38.56188524590164,53.92024590163935,19.382704918032783,2.3112295081967216,122.0,0.4282227365995195
West Bengal,Jalpaiguri,2010,Winter,Rice,176016.0,399148.0,2.2676802108899192,2.2676802108899192,2267.680210889919,1954.1,26.31502732240437,23.317759562841527,29.767486338797813,84.49218579234973,14.935245901639345,1.3797814207650274,183.0,0.6603864152113909
West Bengal,Purba Medinipur,2002,Summer,Rice,123498.0,399511.0,3.2349592705954757,3.2349592705954757,3234.959270595475,398.0,30.00008196721312,25.517049180327867,35.91131147540984,68.56934426229508,20.451147540983605,3.481803278688525,122.0,0.4222637612093414
West Bengal,North 24 Parganas,2016,Winter,Rice,143075.0,400528.0,2.799426874017124,2.799426874017124,2799.426874017124,1841.42,26.870109289617485,23.98262295081967,30.42737704918033,86.11803278688525,15.803497267759562,1.853715846994536,183.0,0.5585049300771249
West Bengal,Uttar Dinajpur,2008,Winter,Rice,188201.0,404069.0,2.147007720469073,2.147007720469073,2147.0077204690733,1093.43,26.851530054644808,23.345956284153008,30.836284153005465,82.97409836065574,16.230819672131148,1.7508743169398908,183.0,0.5955701853372908
West Bengal,Maldah,2004,Winter,Rice,144538.0,405641.0,2.8064661196363585,2.8064661196363585,2806.4661196363586,1264.62,26.691092896174865,23.46136612021858,30.313715846994533,83.16655737704917,15.650983606557377,2.097814207650273,183.0,0.5321878508894214
West Bengal,Uttar Dinajpur,2007,Winter,Rice,185328.0,407290.0,2.197671156004489,2.197671156004489,2197.6711560044896,1276.6,26.92765027322405,23.57054644808743,30.81027322404372,83.45551912568307,15.648688524590163,1.8981967213114757,183.0,0.6062389813403694
West Bengal,Murshidabad,2009,Summer,Rice,131338.0,411311.0,3.1316983660479067,3.1316983660479067,3131.698366047907,317.46,30.70360655737705,23.977622950819672,37.80508196721312,48.35868852459016,19.931803278688523,2.0244262295081965,122.0,0.4347751382870732
West Bengal,Murshidabad,2013,Summer,Rice,119769.0,411888.0,3.4390201137189087,3.4390201137189087,3439.0201137189088,471.73,30.23672131147541,24.21516393442623,36.884918032786885,53.33467213114754,18.78106557377049,2.20155737704918,122.0,0.4527064669007842
West Bengal,Maldah,2012,Winter,Rice,145630.0,412606.0,2.833248643823388,2.833248643823388,2833.248643823388,943.65,27.02808743169399,23.124699453551912,31.650163934426228,77.52928961748634,16.42502732240437,2.121366120218579,183.0,0.5766809315857979
West Bengal,Dakshin Dinajpur,2004,Winter,Rice,167135.0,414757.0,2.481568791695336,2.481568791695336,2481.568791695336,1349.58,26.459453551912567,23.28710382513661,30.165573770491804,84.86207650273224,15.650983606557377,2.039508196721312,183.0,0.57709198430691
West Bengal,Murshidabad,2008,Summer,Rice,135706.0,417019.0,3.0729591911927256,3.0729591911927256,3072.959191192725,446.35,29.870163934426227,23.89655737704918,36.33754098360656,56.95950819672132,19.324262295081965,1.974754098360656,122.0,0.4527726793298613
West Bengal,North 24 Parganas,2017,Winter,Rice,143736.0,417070.0,2.9016391161574,2.9016391161574,2901.6391161574,2368.16,27.07114754098361,24.44366120218579,30.361092896174863,86.50568306010929,14.869180327868852,1.9500546448087432,183.0,0.5736779937138321
West Bengal,Purba Medinipur,2004,Summer,Rice,138201.0,417098.0,3.0180534149535823,3.0180534149535823,3018.0534149535824,414.35,29.886639344262296,25.354508196721312,35.77311475409836,68.37024590163935,20.766393442622952,3.355819672131148,122.0,0.4096272098739318
West Bengal,Jhargram,2019,Winter,Rice,135593.0,419973.0,3.0973059081221006,3.0973059081221006,3097.3059081221004,1148.01,27.528743169398908,23.867978142076502,31.953060109289616,80.5987431693989,15.597431693989073,2.0429508196721318,183.0,0.6668758520841142
West Bengal,Jalpaiguri,2013,Winter,Rice,180097.0,420708.0,2.336007818009184,2.336007818009184,2336.007818009184,1724.29,26.49852459016393,23.651092896174863,29.809125683060103,82.93174863387978,15.689398907103824,1.219344262295082,183.0,0.6833374247785101
West Bengal,Uttar Dinajpur,2003,Winter,Rice,196347.0,424675.0,2.1628800032595352,2.1628800032595352,2162.8800032595354,1002.92,27.147814207650278,23.718142076502733,31.15568306010929,81.60868852459016,15.88792349726776,1.9898360655737704,183.0,0.5930845576020992
West Bengal,Uttar Dinajpur,2013,Winter,Rice,177121.0,424966.0,2.399297655275207,2.399297655275207,2399.297655275207,1163.69,26.818524590163936,23.48262295081967,30.59377049180328,84.20983606557377,16.366830601092897,1.6060109289617486,183.0,0.6503012796582769
West Bengal,Jalpaiguri,2015,Winter,Rice,167777.0,425330.0,2.535091222277189,2.535091222277189,2535.091222277189,1570.02,27.08846994535519,24.079945355191256,30.61535519125683,81.94562841530055,15.36688524590164,1.4356284153005463,183.0,0.6804329725445103
West Bengal,Purba Medinipur,1998,Winter,Rice,318910.0,429520.0,1.3468376657991283,1.3468376657991283,1346.8376657991284,1235.5,27.78945355191257,25.43016393442623,30.81349726775956,84.74754098360656,16.025901639344262,3.030163934426229,183.0,
West Bengal,Murshidabad,2003,Summer,Rice,130991.0,431128.0,3.2912795535571147,3.2912795535571147,3291.2795535571145,437.43,30.500901639344264,24.161311475409835,37.48467213114754,53.82049180327869,19.204016393442625,2.172622950819672,122.0,0.4178853120326424
West Bengal,Purba Medinipur,2005,Summer,Rice,140491.0,433223.0,3.083635250656626,3.083635250656626,3083.635250656626,393.35,30.03565573770492,25.78163934426229,35.54745901639344,69.15139344262295,19.9794262295082,3.5220491803278686,122.0,0.4598337881653552
West Bengal,Jalpaiguri,2014,Winter,Rice,176420.0,433939.0,2.459692778596531,2.459692778596531,2459.692778596531,1304.58,26.935300546448087,23.83650273224044,30.549508196721312,81.22185792349727,15.544316939890711,1.3387978142076502,183.0,0.6583801664016692
West Bengal,Paschim Medinipur,2006,Summer,Rice,137915.0,436435.0,3.1645216256389803,3.1645216256389803,3164.5216256389804,445.73,29.459672131147546,24.273688524590163,35.69426229508196,66.06885245901638,20.15926229508197,2.176311475409836,122.0,0.4483453924764034
West Bengal,Hooghly,1998,Winter,Rice,188614.0,436520.0,2.314356304410065,2.314356304410065,2314.3563044100647,1038.02,27.613551912568305,24.598251366120216,31.457595628415294,84.55639344262295,15.515136612021855,2.1649180327868853,183.0,
West Bengal,Uttar Dinajpur,2012,Winter,Rice,177035.0,436691.0,2.4666930268026097,2.4666930268026097,2466.69302680261,1126.71,26.608633879781426,22.705901639344265,31.29234972677596,79.3877049180328,16.42502732240437,2.007103825136612,183.0,0.6419053201717166
West Bengal,Uttar Dinajpur,2005,Winter,Rice,189290.0,437762.0,2.3126525437159917,2.3126525437159917,2312.652543715991,1388.38,27.498852459016398,23.885136612021856,31.48409836065574,79.4596174863388,15.772349726775955,1.8375956284153003,183.0,0.6115231040361435
West Bengal,Purba Medinipur,2011,Summer,Rice,126808.0,438394.0,3.457147814018043,3.457147814018043,3457.1478140180434,592.58,29.427704918032784,25.269262295081965,34.70434426229509,69.13131147540985,19.792868852459016,3.339426229508197,122.0,0.4950257059259179
West Bengal,Maldah,2019,Winter,Rice,138904.0,439140.0,3.1614640327132406,3.1614640327132406,3161.4640327132406,1267.52,27.57792349726776,24.34535519125683,31.38327868852459,83.31267759562841,15.693224043715848,2.094863387978142,183.0,0.5865987982422631
West Bengal,Murshidabad,2010,Winter,Rice,170696.0,439287.0,2.5735049444626705,2.5735049444626705,2573.5049444626707,791.03,27.8744262295082,24.25584699453552,32.18781420765027,80.23251366120218,16.255683060109288,1.9687978142076503,183.0,0.574369535250284
West Bengal,Dakshin Dinajpur,2012,Winter,Rice,158532.0,440334.0,2.777571720535917,2.777571720535917,2777.571720535917,959.03,26.78874316939891,22.87972677595628,31.49464480874317,79.72426229508197,16.42502732240437,2.0211475409836064,183.0,0.6445746883366262
West Bengal,Purba Medinipur,1999,Summer,Rice,161568.0,440340.0,2.725415923945336,2.725415923945336,2725.415923945336,383.48,29.944016393442624,25.153606557377053,36.13639344262295,65.88696721311476,21.00237704918033,3.620983606557377,122.0,
West Bengal,Dakshin Dinajpur,2013,Winter,Rice,157471.0,442904.0,2.8126067656901905,2.8126067656901905,2812.6067656901905,966.26,26.968087431693988,23.6375956284153,30.84027322404372,84.59732240437158,16.366830601092897,1.7772131147540984,183.0,0.6453023106582738
West Bengal,Uttar Dinajpur,2011,Winter,Rice,173283.0,446570.0,2.577113738797228,2.577113738797228,2577.113738797228,1234.07,27.022841530054645,23.551038251366123,30.952240437158476,82.3131693989071,16.101967213114754,1.9204371584699451,183.0,0.6166039382966494
West Bengal,Purba Medinipur,2012,Summer,Rice,135070.0,447040.0,3.309691271192715,3.309691271192715,3309.691271192715,286.87,30.217131147540982,25.68139344262295,35.98950819672131,65.7255737704918,20.09762295081967,3.4352459016393446,122.0,0.4184749663657121
West Bengal,Dakshin Dinajpur,2010,Winter,Rice,151578.0,447713.0,2.9536806132816107,2.9536806132816107,2953.6806132816105,942.81,27.43562841530055,23.99710382513661,31.56180327868853,82.79852459016394,16.049398907103825,1.89103825136612,183.0,0.6285821330135539
West Bengal,Murshidabad,2017,Summer,Rice,116315.0,447936.0,3.851059622576624,3.851059622576624,3851.059622576624,472.59,30.147131147540986,24.1944262295082,36.96188524590164,58.45877049180328,18.695245901639343,2.229016393442623,122.0,0.5039574992045746
West Bengal,Murshidabad,1999,Winter,Rice,236455.0,450580.0,1.905563426444778,1.905563426444778,1905.563426444778,1076.19,26.828087431693987,23.514535519125683,30.63,83.0312568306011,15.69344262295082,2.0581420765027323,183.0,
West Bengal,Hooghly,1999,Winter,Rice,191201.0,452430.0,2.3662533145747147,2.3662533145747147,2366.2533145747148,1418.9,26.6255737704918,23.523169398907104,30.371202185792352,85.08098360655738,15.314972677595629,2.166338797814208,183.0,
West Bengal,Paschim Medinipur,2011,Summer,Rice,137185.0,452691.0,3.2998578561796115,3.2998578561796115,3299.857856179612,669.38,29.641147540983606,24.33049180327869,36.19786885245902,65.38286885245901,19.71844262295082,2.3952459016393446,122.0,0.5104215219677003
West Bengal,Nadia,1999,Summer,Rice,133652.0,454510.0,3.400697333373238,3.400697333373238,3400.697333373238,330.9,30.948114754098363,24.226803278688525,38.57155737704917,52.45909836065574,20.24065573770492,2.6124590163934425,122.0,
West Bengal,Paschim Medinipur,2001,Summer,Rice,150870.0,456735.0,3.027341419765361,3.027341419765361,3027.341419765361,623.47,29.71639344262295,24.25655737704918,36.32286885245902,64.56311475409836,19.81418032786885,2.4855737704918037,122.0,0.4352244586875456
West Bengal,Murshidabad,2014,Summer,Rice,126504.0,457147.0,3.613696009612344,3.613696009612344,3613.696009612344,370.42,31.105245901639343,24.56368852459016,38.26524590163934,49.53827868852459,19.92975409836065,2.1129508196721307,122.0,0.4484402187723667
West Bengal,Maldah,2014,Winter,Rice,141455.0,457341.0,3.2331200735216146,3.2331200735216146,3233.1200735216144,915.93,27.56311475409836,23.90606557377049,31.663224043715847,78.72284153005465,16.061147540983608,1.8019125683060109,183.0,0.566510864830626
West Bengal,Maldah,2015,Winter,Rice,142288.0,458289.0,3.2208548858652875,3.2208548858652875,3220.8548858652875,918.39,28.041092896174867,24.351475409836063,32.19912568306011,77.48868852459016,16.210327868852456,1.8677595628415304,183.0,0.5732337849228173
West Bengal,Purba Medinipur,2003,Summer,Rice,137557.0,460243.0,3.345834817566536,3.345834817566536,3345.834817566536,444.89,29.932950819672133,25.52934426229508,35.691065573770494,67.44877049180327,20.290081967213112,3.570819672131148,122.0,0.4248443953299602
West Bengal,Maldah,2013,Winter,Rice,135629.0,462095.0,3.407051589261884,3.407051589261884,3407.0515892618832,983.08,27.0451912568306,23.70464480874317,30.81737704918033,83.53371584699454,16.366830601092897,1.8183060109289615,183.0,0.5854408549465815
West Bengal,Dakshin Dinajpur,2014,Winter,Rice,163582.0,462884.0,2.8296756366837426,2.8296756366837426,2829.6756366837426,988.72,27.338251366120215,23.796338797814204,31.38584699453552,80.67234972677596,16.061147540983608,1.744426229508197,183.0,0.6080942599434497
West Bengal,Paschim Medinipur,2008,Summer,Rice,173516.0,463393.0,2.67060674519929,2.67060674519929,2670.60674519929,589.38,28.97672131147541,23.84360655737705,35.22418032786886,68.91581967213115,19.786393442622952,2.1621311475409835,122.0,0.4747119018546021
West Bengal,Maldah,2016,Winter,Rice,145106.0,463549.0,3.194554325803206,3.194554325803206,3194.5543258032058,1118.88,27.55256830601093,24.02,31.58846994535519,80.9960655737705,16.434590163934427,1.96344262295082,183.0,0.597424039561944
West Bengal,Uttar Dinajpur,2014,Winter,Rice,179862.0,466273.0,2.592393056899178,2.592393056899178,2592.393056899178,1010.51,27.290327868852454,23.661803278688524,31.43,80.21420765027322,16.061147540983608,1.6606557377049178,183.0,0.6231369881291897
West Bengal,Uttar Dinajpur,2010,Winter,Rice,177585.0,467258.0,2.6311794352000453,2.6311794352000453,2631.179435200045,1216.69,27.175409836065576,23.769071038251365,31.107759562841533,83.40704918032787,16.049398907103825,1.802513661202186,183.0,0.625776295098119
West Bengal,Murshidabad,2016,Summer,Rice,126680.0,468565.0,3.698808020208399,3.698808020208399,3698.808020208399,314.49,31.712295081967213,25.311475409836067,38.89319672131148,51.59008196721312,19.24172131147541,2.2948360655737705,122.0,0.4775936324148321
West Bengal,North 24 Parganas,2018,Winter,Rice,142463.0,469611.0,3.2963716894913064,3.2963716894913064,3296.3716894913064,1447.41,27.241420765027325,24.291639344262293,30.87743169398907,83.43983606557377,15.396448087431695,1.8714207650273225,183.0,0.5496675972354896
West Bengal,Purulia,2000,Winter,Rice,258531.0,469910.0,1.817615682452008,1.817615682452008,1817.615682452008,846.25,26.17907103825137,22.21972677595629,30.84262295081967,77.46732240437159,16.96224043715847,1.930983606557377,183.0,0.5262206536634445
West Bengal,Purba Medinipur,2006,Summer,Rice,147552.0,471355.0,3.194500921708957,3.194500921708957,3194.500921708957,441.94,29.52139344262295,25.427704918032784,34.56204918032787,68.9433606557377,20.11467213114754,3.0661475409836063,122.0,0.4507201878662689
West Bengal,Purba Medinipur,1998,Summer,Rice,160444.0,472836.0,2.947046944728379,2.947046944728379,2947.046944728379,406.95,29.490081967213115,25.22418032786885,34.92131147540983,69.60286885245901,20.514098360655737,3.418688524590164,122.0,
West Bengal,Dakshin Dinajpur,2016,Winter,Rice,161835.0,473198.0,2.92395340933667,2.92395340933667,2923.95340933667,1254.47,27.33448087431694,23.884207650273225,31.327049180327872,83.06562841530055,16.434590163934427,1.836830601092896,183.0,0.6549653807612987
West Bengal,Murshidabad,2005,Summer,Rice,137686.0,473728.0,3.440640297488488,3.440640297488488,3440.640297488488,196.82,31.58573770491803,24.86172131147541,38.73245901639344,50.195,19.54770491803279,2.2186065573770493,122.0,0.4373877909420515
West Bengal,Dakshin Dinajpur,2017,Winter,Rice,163467.0,475216.0,2.907106633143081,2.907106633143081,2907.1066331430807,1531.38,27.13174863387978,24.01710382513661,30.74393442622951,85.89814207650274,15.605901639344262,1.893606557377049,183.0,0.6115360692733116
West Bengal,Murshidabad,2006,Summer,Rice,137322.0,475669.0,3.4638950787200886,3.4638950787200886,3463.895078720089,419.97,30.108032786885243,24.312704918032782,36.40581967213115,56.2033606557377,19.51967213114754,1.8354918032786889,122.0,0.4431797415263302
West Bengal,Purba Bardhaman,2011,Summer,Rice,169333.0,476332.0,2.812989789349979,2.812989789349979,2812.989789349979,658.1800000000001,29.766393442622952,24.333032786885248,36.1644262295082,63.4805737704918,19.468196721311475,2.297049180327869,122.0,0.4921761551997031
West Bengal,Purba Medinipur,2009,Summer,Rice,162366.0,476437.0,2.934339701661678,2.934339701661678,2934.339701661678,342.04,30.09393442622951,25.40434426229508,35.84327868852459,64.75475409836065,20.40172131147541,3.070901639344262,122.0,0.4213144575053317
West Bengal,Purba Medinipur,2013,Summer,Rice,139959.0,476928.0,3.407626519194907,3.407626519194907,3407.626519194907,559.86,29.765819672131148,25.204754098360656,35.49934426229508,66.80909836065574,19.43303278688525,3.5908196721311474,122.0,0.4905069263616316
West Bengal,Paschim Medinipur,2012,Summer,Rice,167853.0,478464.0,2.8504941824096086,2.8504941824096086,2850.4941824096086,283.37,30.34983606557377,24.529590163934422,37.44319672131147,60.62352459016393,20.652459016393443,2.5084426229508194,122.0,0.4398566797872673
West Bengal,Purba Medinipur,2008,Winter,Rice,231482.0,480112.0,2.0740791940626053,2.0740791940626053,2074.079194062605,1304.84,26.918633879781417,24.31065573770492,29.906229508196724,84.72546448087432,16.24825136612022,2.8804371584699453,183.0,0.5844021335954218
West Bengal,Dakshin Dinajpur,2018,Winter,Rice,158208.0,482439.0,3.049396996359224,3.049396996359224,3049.3969963592235,948.9,27.30808743169399,23.869071038251366,31.295956284153004,81.92956284153006,16.395245901639345,1.7289071038251365,183.0,0.6423358066136406
West Bengal,Purulia,2002,Winter,Rice,228204.0,482579.0,2.1146824770819093,2.1146824770819093,2114.6824770819094,1052.42,26.056448087431693,22.19857923497268,30.52491803278689,78.76191256830602,16.47846994535519,1.866502732240437,183.0,0.5430378349788094
West Bengal,Uttar Dinajpur,2016,Winter,Rice,180641.0,483624.0,2.6772659584479714,2.6772659584479714,2677.265958447972,1314.62,27.278907103825137,23.87131147540984,31.261420765027324,82.75459016393442,16.434590163934427,1.7918579234972678,183.0,0.6583666984605546
West Bengal,Purba Bardhaman,2015,Summer,Rice,148014.0,489780.0,3.3090113097409706,3.3090113097409706,3309.011309740971,435.02,29.771475409836064,24.28909836065574,36.43532786885245,61.95336065573771,19.297786885245905,2.6368852459016394,122.0,0.4753582240882697
West Bengal,Purba Bardhaman,2014,Summer,Rice,150267.0,490532.0,3.264402696533504,3.264402696533504,3264.402696533504,371.62,30.77311475409836,24.637622950819672,37.90844262295082,56.82196721311475,20.428688524590164,2.4139344262295084,122.0,0.4621373759056827
West Bengal,Uttar Dinajpur,2015,Winter,Rice,183988.0,491800.0,2.673000413070417,2.673000413070417,2673.0004130704174,979.93,27.87765027322404,24.18612021857924,32.12377049180328,78.29180327868852,16.210327868852456,1.7458469945355193,183.0,0.6100818800834298
West Bengal,Purba Medinipur,2019,Winter,Rice,247502.0,492813.0,1.9911475462824544,1.9911475462824544,1991.1475462824544,1579.89,27.799016393442624,25.042568306010928,31.131639344262297,82.60300546448087,15.932459016393445,2.903333333333333,183.0,0.6520715035140097
West Bengal,Murshidabad,2006,Winter,Rice,225168.0,492849.0,2.18880569175016,2.18880569175016,2188.80569175016,903.49,27.03153005464481,23.750710382513663,30.91158469945355,83.1668306010929,16.418688524590163,1.8752459016393443,183.0,0.5295695598911855
West Bengal,Dakshin Dinajpur,2019,Winter,Rice,159088.0,495781.0,3.1163946997887964,3.1163946997887964,3116.3946997887965,1752.93,27.22027322404372,24.17437158469945,30.829508196721317,86.26213114754098,15.693224043715848,1.930765027322404,183.0,0.6486795182475504
West Bengal,Dakshin Dinajpur,2015,Winter,Rice,168319.0,497713.0,2.956962672069107,2.956962672069107,2956.9626720691067,1082.31,27.60289617486339,24.173387978142078,31.54234972677596,81.58918032786885,16.210327868852456,1.7678688524590165,183.0,0.5973891868803357
West Bengal,Purulia,2015,Winter,Rice,271430.0,499314.0,1.83956821279888,1.83956821279888,1839.56821279888,1032.09,26.61327868852459,22.640163934426223,31.197868852459017,77.08781420765027,16.464918032786883,1.859508196721312,183.0,0.5732843137117604
West Bengal,Paschim Medinipur,2009,Summer,Rice,156372.0,499925.0,3.197023763845189,3.197023763845189,3197.023763845189,353.17,30.101967213114754,24.14540983606557,37.1405737704918,60.17196721311475,20.7677868852459,2.2201639344262296,122.0,0.4152915849178943
West Bengal,Murshidabad,2007,Summer,Rice,141921.0,500939.0,3.529703144707266,3.529703144707266,3529.703144707267,413.01,30.29344262295082,24.13983606557377,36.84655737704918,53.794754098360656,19.630081967213115,2.135081967213115,122.0,0.4656788987927931
West Bengal,Purba Medinipur,2017,Summer,Rice,137845.0,503348.0,3.651550654720882,3.651550654720882,3651.5506547208815,487.54,29.370163934426227,25.23877049180328,34.7644262295082,71.79180327868853,20.182786885245903,3.467295081967213,122.0,0.5145754674003122
West Bengal,Hooghly,2007,Winter,Rice,189637.0,504906.0,2.6624867510032324,2.6624867510032324,2662.4867510032323,1720.38,26.803715846994532,23.73273224043716,30.41393442622951,86.00344262295081,15.440983606557376,2.2079234972677595,183.0,0.5896505091648058
West Bengal,Purba Medinipur,2016,Summer,Rice,144786.0,504945.0,3.487526418300112,3.487526418300112,3487.526418300112,401.52,30.59352459016393,26.184262295081968,36.50344262295082,66.97762295081966,19.897950819672133,3.3346721311475407,122.0,0.4757429797969971
West Bengal,Hooghly,1997,Winter,Rice,190596.0,505730.0,2.653413502906672,2.653413502906672,2653.413502906672,1112.71,27.054590163934424,23.765737704918035,30.921748633879783,82.6475956284153,16.019344262295082,2.068360655737705,183.0,
West Bengal,Nadia,2000,Summer,Rice,147670.0,506357.0,3.4289767725333515,3.4289767725333515,3428.976772533352,505.19,29.283360655737702,23.62122950819672,35.8627868852459,63.498770491803285,19.323032786885246,2.402459016393443,122.0,0.5087013706638517
West Bengal,Cooch Behar,2016,Winter,Rice,210831.0,506572.0,2.402739635063155,2.402739635063155,2402.7396350631548,2155.9,26.53568306010929,23.65530054644809,29.95371584699453,85.20426229508196,15.32693989071038,1.0440983606557377,183.0,0.633608232281181
West Bengal,Purba Medinipur,2015,Summer,Rice,155209.0,508888.0,3.278727393385693,3.278727393385693,3278.7273933856927,515.87,29.21327868852459,25.029262295081967,34.433524590163934,69.69090163934428,19.97983606557377,3.492622950819672,122.0,0.5048522685299084
West Bengal,Hooghly,2003,Winter,Rice,197954.0,509809.0,2.57539125251321,2.57539125251321,2575.39125251321,1036.6,27.23284153005464,24.113005464480874,31.12032786885246,83.5068306010929,15.613934426229507,2.154754098360656,183.0,0.611374330824461
West Bengal,Purba Medinipur,2000,Summer,Rice,168746.0,510818.0,3.027141384092068,3.027141384092068,3027.1413840920677,517.42,28.736967213114752,24.68901639344262,33.98245901639344,73.01081967213115,20.305,3.4478688524590164,122.0,0.4387667478504468
West Bengal,Uttar Dinajpur,2018,Winter,Rice,180083.0,510986.0,2.8375027070850662,2.8375027070850662,2837.502707085066,942.52,27.41049180327869,23.80486338797814,31.64147540983607,79.91994535519126,16.395245901639345,1.7527322404371584,183.0,0.6378666766184103
West Bengal,Murshidabad,2015,Summer,Rice,140077.0,511559.0,3.651984265796669,3.651984265796669,3651.9842657966688,477.84,30.15434426229508,24.257213114754094,36.86770491803279,56.58311475409836,18.625,2.4789344262295083,122.0,0.4876004341329903
West Bengal,Murshidabad,2004,Summer,Rice,140359.0,513370.0,3.657549569318676,3.657549569318676,3657.549569318676,411.74,31.072295081967216,24.60877049180328,38.18549180327869,52.19844262295082,19.667704918032783,2.1914754098360656,122.0,0.4189052404411175
West Bengal,Purba Medinipur,2003,Winter,Rice,271489.0,513725.0,1.892249778075723,1.892249778075723,1892.249778075723,1261.88,27.43234972677596,24.91207650273224,30.49819672131148,83.23377049180328,16.35071038251366,3.065136612021857,183.0,0.6081230665068108
West Bengal,Hooghly,2002,Winter,Rice,198791.0,514097.0,2.586118083816672,2.586118083816672,2586.118083816672,1020.93,26.662131147540983,23.53934426229508,30.43650273224044,85.00180327868853,15.549125683060108,2.048524590163934,183.0,0.6197032531985736
West Bengal,Nadia,1998,Summer,Rice,125158.0,516429.0,4.126216462391537,4.126216462391537,4126.216462391537,389.15,29.645901639344263,23.720245901639345,36.65901639344262,60.03229508196721,19.7805737704918,2.512540983606557,122.0,
West Bengal,Hooghly,2012,Winter,Rice,184654.0,522117.0,2.8275423223975653,2.8275423223975653,2827.5423223975654,943.97,26.83907103825137,23.19344262295082,31.409398907103824,81.35519125683061,15.774207650273222,2.2825136612021857,183.0,0.6220123793987669
West Bengal,Purulia,2005,Winter,Rice,264150.0,524587.0,1.985943592655688,1.985943592655688,1985.943592655688,829.12,26.783224043715848,22.72956284153005,31.500437158469943,74.49967213114755,16.70841530054645,1.978360655737705,183.0,0.5454614773834958
West Bengal,Hooghly,2004,Winter,Rice,194577.0,524783.0,2.6970453856313954,2.6970453856313954,2697.045385631395,1147.22,26.597978142076503,23.443169398907106,30.38120218579235,84.32765027322404,15.468469945355192,2.171584699453552,183.0,0.6062694104053203
West Bengal,Cooch Behar,2015,Winter,Rice,210429.0,525329.0,2.4964667417513744,2.4964667417513744,2496.4667417513742,1484.66,26.692349726775955,23.69360655737705,30.33387978142077,83.66961748633881,15.01743169398907,1.148688524590164,183.0,0.6236686970290056
West Bengal,Purba Medinipur,2007,Summer,Rice,157072.0,525727.0,3.34704466741367,3.34704466741367,3347.04466741367,422.9,29.52540983606557,25.17319672131148,34.84057377049181,67.43983606557377,20.80852459016393,3.3201639344262297,122.0,0.4509358805161507
West Bengal,Cooch Behar,2017,Winter,Rice,213535.0,527733.0,2.471412180672957,2.471412180672957,2471.412180672957,2012.31,26.365027322404373,23.514262295081966,29.8372131147541,85.77896174863388,14.862349726775957,1.106393442622951,183.0,0.6434432095169745
West Bengal,Hooghly,2009,Winter,Rice,187162.0,528433.0,2.8233989805622937,2.8233989805622937,2823.3989805622937,1223.99,26.941748633879783,23.580765027322403,30.949016393442623,83.78573770491803,15.770273224043716,1.9743715846994536,183.0,0.6119825034100737
West Bengal,Hooghly,2006,Winter,Rice,195831.0,529916.0,2.705986284091896,2.705986284091896,2705.9862840918954,1126.02,26.856448087431698,23.82016393442623,30.4796174863388,85.32016393442623,15.285737704918033,1.9663387978142075,183.0,0.6148156278628266
West Bengal,Purba Bardhaman,2017,Summer,Rice,149145.0,531835.0,3.5658922525059507,3.5658922525059507,3565.89225250595,425.99,30.32639344262295,24.59065573770492,37.266639344262295,61.966065573770486,19.86606557377049,2.585,122.0,0.5029167576341426
West Bengal,Murshidabad,1998,Winter,Rice,218651.0,534310.0,2.443665933382422,2.443665933382422,2443.6659333824223,1087.16,27.645683060109288,24.475245901639347,31.481584699453556,83.51098360655737,16.02174863387978,1.982841530054645,183.0,
West Bengal,Nadia,2001,Summer,Rice,156157.0,534539.0,3.4230870213951343,3.4230870213951343,3423.0870213951343,662.33,29.649754098360656,23.96327868852459,36.10442622950819,60.2132786885246,19.436475409836067,2.3765573770491804,122.0,0.4955819724338404
West Bengal,Hooghly,2005,Winter,Rice,193277.0,535211.0,2.769139628615924,2.769139628615924,2769.1396286159243,1020.47,27.233825136612023,23.874863387978145,31.321202185792348,81.96431693989071,15.447377049180329,2.193934426229508,183.0,0.6204916923017051
West Bengal,Purulia,1999,Winter,Rice,294107.0,535580.0,1.821037921572761,1.821037921572761,1821.037921572761,1284.28,25.639344262295083,22.18786885245901,29.73765027322404,82.22655737704919,16.45431693989071,1.93448087431694,183.0,
West Bengal,Purba Medinipur,2009,Winter,Rice,264134.0,536888.0,2.032634950441821,2.032634950441821,2032.634950441821,1186.84,27.33726775956284,24.39606557377049,30.75098360655738,82.2916393442623,16.036284153005465,2.779781420765027,183.0,0.6151293248251127
West Bengal,Hooghly,2001,Winter,Rice,196336.0,536903.0,2.734613112215793,2.734613112215793,2734.613112215793,1149.2,26.90650273224044,24.080765027322403,30.386448087431692,86.97846994535519,15.206120218579231,2.076120218579235,183.0,0.6141966867666774
West Bengal,Murshidabad,1997,Winter,Rice,219994.0,540270.0,2.4558397047192195,2.4558397047192195,2455.83970471922,927.57,27.34956284153005,23.70196721311476,31.54956284153005,79.26147540983607,16.369071038251366,2.0249726775956285,183.0,
West Bengal,Purba Medinipur,2006,Winter,Rice,267420.0,540362.0,2.020649166105751,2.020649166105751,2020.649166105751,1427.77,27.127322404371583,24.50743169398907,30.08087431693989,84.79393442622951,15.64098360655738,2.8408743169398907,183.0,0.5954650674014248
West Bengal,Hooghly,2011,Winter,Rice,191578.0,543633.0,2.837658812598524,2.837658812598524,2837.658812598524,1379.34,26.9344262295082,23.76120218579235,30.61508196721312,84.7035519125683,15.125300546448086,2.0217486338797817,183.0,0.5853234743959177
West Bengal,Purba Medinipur,2002,Winter,Rice,266030.0,544623.0,2.047223997293538,2.047223997293538,2047.223997293538,1128.97,27.05131147540984,24.357158469945357,30.194754098360654,83.10524590163935,16.30486338797814,2.855956284153005,183.0,0.6005095040679032
West Bengal,Hooghly,2013,Winter,Rice,195988.0,545151.0,2.7815529522215647,2.7815529522215647,2781.5529522215647,1429.5,26.695409836065576,23.6896174863388,30.339726775956283,86.75371584699454,15.35,2.086174863387978,183.0,0.6316916547335977
West Bengal,Purba Bardhaman,2018,Summer,Rice,152224.0,545645.0,3.5844873344544883,3.5844873344544883,3584.4873344544885,426.58,29.47204918032787,23.84204918032787,36.16426229508197,64.25770491803279,19.06204918032787,2.2899180327868853,122.0,0.5013578780199779
West Bengal,Purba Medinipur,2014,Winter,Rice,254064.0,546260.0,2.150088166761131,2.150088166761131,2150.088166761131,1251.88,27.40098360655738,24.408360655737702,30.72688524590164,81.6544262295082,16.031311475409836,2.739289617486339,183.0,0.601071108866624
West Bengal,Purba Medinipur,2011,Winter,Rice,259876.0,547586.0,2.107104926965168,2.107104926965168,2107.104926965168,1347.48,27.268032786885247,24.521311475409835,30.352021857923496,83.18207650273224,15.75672131147541,2.719398907103825,183.0,0.5883683979707802
West Bengal,Nadia,2002,Summer,Rice,158907.0,552776.0,3.478613276948152,3.478613276948152,3478.6132769481524,444.02,30.477295081967213,24.488360655737704,37.3083606557377,58.76172131147541,18.920081967213115,2.324672131147541,122.0,0.5127673915129402
West Bengal,Uttar Dinajpur,2019,Winter,Rice,181689.0,554568.0,3.0522926539306177,3.0522926539306177,3052.2926539306177,1555.03,27.34322404371585,24.14726775956284,31.12617486338798,84.44191256830601,15.693224043715848,1.9765027322404367,183.0,0.661493205838467
West Bengal,Murshidabad,2012,Winter,Rice,226641.0,554681.0,2.4473991907907218,2.4473991907907218,2447.3991907907216,873.6,27.0620218579235,23.1124043715847,31.817759562841527,78.35120218579235,16.039180327868852,2.1331147540983606,183.0,0.560759325748397
West Bengal,Murshidabad,2011,Winter,Rice,225648.0,555990.0,2.463970431823016,2.463970431823016,2463.970431823016,1155.95,27.11262295081967,23.768469945355196,30.90775956284153,83.13486338797814,15.615464480874316,1.9801092896174863,183.0,0.5237727230738632
West Bengal,Hooghly,2008,Winter,Rice,192915.0,556159.0,2.882922530648213,2.882922530648213,2882.922530648213,1173.29,26.58163934426229,23.50726775956284,30.184043715847,85.78109289617487,15.70912568306011,2.053224043715847,183.0,0.6122553247879344
West Bengal,Purba Bardhaman,2005,Summer,Rice,207192.0,558393.0,2.6950509672188114,2.6950509672188114,2695.050967218812,290.24,30.90270491803279,24.958852459016395,37.93565573770491,59.694016393442624,20.59598360655738,2.5690983606557376,122.0,0.4542166754774724
West Bengal,Paschim Medinipur,2007,Summer,Rice,167509.0,558553.0,3.3344656108030017,3.3344656108030017,3334.4656108030017,392.26,29.555081967213116,23.945,36.13352459016394,63.77909836065574,20.62909836065574,2.441065573770492,122.0,0.4585847335379073
West Bengal,Purba Medinipur,1997,Winter,Rice,323282.0,561140.0,1.7357601103680378,1.7357601103680378,1735.760110368038,1273.32,27.496775956284157,24.799890710382517,30.64333333333333,82.14896174863388,16.278524590163933,2.768688524590164,183.0,
West Bengal,Purba Medinipur,2014,Summer,Rice,159819.0,563332.0,3.5248124440773627,3.5248124440773627,3524.8124440773627,470.72,30.108196721311472,25.507704918032783,35.727704918032785,66.36475409836065,20.00672131147541,3.126311475409836,122.0,0.4852687999114333
West Bengal,Purba Medinipur,2016,Winter,Rice,249259.0,566377.0,2.272242928038706,2.272242928038706,2272.242928038707,1490.57,27.12666666666667,24.31622950819672,30.401967213114755,82.73448087431694,16.46054644808743,2.6527868852459013,183.0,0.6480878959273646
West Bengal,Purba Medinipur,2018,Summer,Rice,149470.0,567807.0,3.798802435271292,3.798802435271292,3798.802435271292,526.0,29.021803278688523,24.839426229508195,34.40270491803279,72.12245901639345,19.66729508196721,3.1509016393442626,122.0,0.5160968843500305
West Bengal,Purba Medinipur,2015,Winter,Rice,249177.0,571489.0,2.2935062224844187,2.2935062224844187,2293.5062224844187,1374.0,27.69846994535519,24.76945355191257,30.95213114754098,81.33344262295083,16.17464480874317,2.67,183.0,0.6334270449289346
West Bengal,Hooghly,2016,Winter,Rice,186331.0,573192.0,3.0762031009332853,3.0762031009332853,3076.203100933285,1287.76,26.978852459016395,23.594043715846997,31.06846994535519,83.84349726775956,15.803497267759562,1.941693989071038,183.0,0.6391274961555586
West Bengal,Murshidabad,2007,Winter,Rice,223835.0,576385.0,2.5750441173185608,2.5750441173185608,2575.044117318561,1483.13,26.953060109289616,23.72754098360656,30.62584699453552,84.73098360655737,15.901475409836063,2.092950819672131,183.0,0.5335707546732297
West Bengal,Purba Medinipur,2019,Summer,Rice,143111.0,578604.0,4.043043511679745,4.043043511679745,4043.043511679745,387.13,29.47360655737705,25.142213114754096,35.13737704918033,71.86360655737705,20.07434426229508,3.3668032786885247,122.0,0.5274791784474164
West Bengal,Paschim Medinipur,2014,Summer,Rice,195960.0,580442.0,2.9620432741375797,2.9620432741375797,2962.0432741375794,389.78,30.09598360655738,24.340245901639346,36.85254098360656,62.34319672131147,19.83344262295082,2.285573770491803,122.0,0.4838724422591913
West Bengal,Hooghly,2014,Winter,Rice,190221.0,580845.0,3.0535272130837288,3.0535272130837288,3053.527213083729,1040.55,27.155081967213118,23.623224043715847,31.32863387978142,81.86628415300547,15.65967213114754,2.0418032786885245,183.0,0.6336053856530914
West Bengal,Purba Medinipur,1999,Winter,Rice,318662.0,581650.0,1.825288236438609,1.825288236438609,1825.288236438609,1533.22,26.825573770491804,24.21857923497268,29.886830601092896,84.39453551912568,16.114590163934427,2.9586338797814205,183.0,
West Bengal,Hooghly,2015,Winter,Rice,188164.0,583359.0,3.1002689143513105,3.1002689143513105,3100.2689143513103,1276.27,27.470983606557372,24.01054644808743,31.36579234972677,81.82989071038251,15.194863387978142,1.9517486338797816,183.0,0.6492902834464092
West Bengal,Hooghly,2017,Winter,Rice,186990.0,585819.0,3.132889459329376,3.132889459329376,3132.889459329376,1703.95,27.144863387978145,24.129945355191257,30.81131147540984,85.13737704918033,14.869180327868852,1.9837158469945355,183.0,0.6698011340722794
West Bengal,Purba Bardhaman,2010,Summer,Rice,189443.0,585863.0,3.092555544411776,3.092555544411776,3092.555544411776,427.59,30.90032786885246,25.16360655737705,37.965409836065575,62.10516393442623,20.143360655737705,2.657049180327869,122.0,0.4509100269829992
West Bengal,Purba Medinipur,2010,Summer,Rice,168447.0,590050.0,3.5028822122091814,3.5028822122091814,3502.882212209181,359.05,30.584344262295083,26.2627868852459,36.3861475409836,68.05434426229507,20.12352459016393,3.6606557377049183,122.0,0.4320607104687551
West Bengal,Purba Medinipur,2012,Winter,Rice,256014.0,590720.0,2.307373815494465,2.307373815494465,2307.373815494465,938.0,27.098087431693987,24.04584699453552,30.88349726775957,81.55803278688525,16.25136612021858,3.0923497267759563,183.0,0.6250076619100754
West Bengal,Purba Bardhaman,2012,Summer,Rice,163328.0,592495.0,3.627638861677116,3.627638861677116,3627.638861677116,265.17,30.828032786885245,24.736967213114752,38.03114754098361,55.96024590163934,20.758524590163933,2.6469672131147544,122.0,0.424211717861016
West Bengal,Hooghly,2010,Winter,Rice,194776.0,592723.0,3.043100792705467,3.043100792705467,3043.100792705467,992.8,27.576284153005464,24.324590163934424,31.450491803278688,83.10005464480874,16.083825136612024,1.9839890710382515,183.0,0.6268842263121891
West Bengal,Murshidabad,2009,Winter,Rice,225164.0,593905.0,2.637655220195058,2.637655220195058,2637.6552201950576,1082.68,27.30245901639345,23.58475409836066,31.586775956284157,80.41169398907104,16.34934426229508,1.9339890710382517,183.0,0.5428606775694461
West Bengal,Murshidabad,2004,Winter,Rice,232211.0,595193.0,2.563155922846032,2.563155922846032,2563.155922846032,1153.82,26.679781420765025,23.431475409836064,30.409289617486337,83.52595628415301,15.70295081967213,2.159453551912568,183.0,0.5199150236373141
West Bengal,Purulia,1997,Winter,Rice,315095.0,595830.0,1.8909535219536968,1.8909535219536968,1890.9535219536965,1338.84,26.42010928961749,22.8220218579235,30.530928961748632,79.04939890710384,16.442295081967213,1.8518032786885248,183.0,
West Bengal,Purulia,2009,Winter,Rice,265107.0,597845.0,2.2551083147559288,2.2551083147559288,2255.108314755929,1088.36,26.383551912568304,22.306830601092894,31.013715846994536,77.00426229508197,16.949945355191257,1.8701639344262293,183.0,0.548425221912369
West Bengal,Purulia,2014,Winter,Rice,279151.0,597899.0,2.141847960422853,2.141847960422853,2141.8479604228537,1003.9,26.51169398907104,22.537650273224045,31.166174863387976,76.81677595628415,16.546393442622954,1.8168852459016396,183.0,0.5700249383581635
West Bengal,Murshidabad,2003,Winter,Rice,232299.0,598306.0,2.575585775229338,2.575585775229338,2575.5857752293377,847.45,27.45732240437158,24.046284153005463,31.5144262295082,81.22387978142076,15.974918032786883,2.0156830601092897,183.0,0.5319735367756783
West Bengal,Paschim Medinipur,2013,Summer,Rice,176270.0,601882.0,3.414545867135644,3.414545867135644,3414.545867135644,604.31,29.89934426229508,24.149262295081968,36.79081967213115,62.399836065573766,19.45581967213115,2.552295081967213,122.0,0.4915252141985836
West Bengal,Murshidabad,2001,Winter,Rice,234126.0,603952.0,2.5796024362949863,2.5796024362949863,2579.602436294986,1018.48,27.07377049180328,23.988360655737704,30.75639344262295,85.04672131147541,16.343770491803276,1.9827868852459016,183.0,0.5299235819610774
West Bengal,Hooghly,2018,Winter,Rice,191232.0,604887.0,3.163105547188755,3.163105547188755,3163.105547188755,1057.03,27.281857923497267,23.784371584699453,31.395956284153005,81.48535519125683,15.396448087431695,1.9024043715846997,183.0,0.6352825334946033
West Bengal,Murshidabad,2002,Winter,Rice,238246.0,607864.0,2.551413245133181,2.551413245133181,2551.4132451331816,958.02,26.85393442622951,23.44289617486339,30.82535519125683,83.19562841530055,15.839453551912568,1.975901639344262,183.0,0.536666045435656
West Bengal,Purba Medinipur,2017,Winter,Rice,250823.0,608540.0,2.4261730383577262,2.4261730383577262,2426.1730383577265,1750.67,27.4448087431694,24.899398907103823,30.452568306010928,83.82721311475409,15.811202185792348,2.714699453551913,183.0,0.6683668725149209
West Bengal,Purba Medinipur,2010,Winter,Rice,266350.0,608689.0,2.285297540829735,2.285297540829735,2285.297540829735,1024.92,27.961584699453557,25.284098360655737,31.11016393442623,81.91267759562842,16.5924043715847,2.7354644808743167,183.0,0.6351407551414398
West Bengal,Purba Bardhaman,2004,Summer,Rice,200398.0,609379.0,3.04084372099522,3.04084372099522,3040.84372099522,400.8,30.8072131147541,24.765819672131148,38.03426229508197,59.16836065573771,20.874590163934425,2.5420491803278686,122.0,0.4406753283490667
West Bengal,Purba Bardhaman,2019,Summer,Rice,158631.0,614662.0,3.8747911820514274,3.8747911820514274,3874.7911820514273,299.72,30.454262295081968,24.602622950819672,37.58409836065574,62.042131147540985,20.390573770491805,2.6148360655737704,122.0,0.5158957455548373
West Bengal,Purulia,2018,Winter,Rice,281236.0,615025.0,2.1868644128063264,2.1868644128063264,2186.8644128063265,1121.55,26.438251366120216,22.473879781420766,30.89300546448088,77.94333333333333,15.684207650273224,1.873169398907104,183.0,0.6040766269067056
West Bengal,Hooghly,2019,Winter,Rice,190957.0,617441.0,3.2334033316401074,3.2334033316401074,3233.403331640108,1093.94,27.83622950819672,24.433060109289617,31.986830601092898,81.80092896174864,15.280601092896177,2.1411475409836065,183.0,0.661077497394615
West Bengal,Paschim Medinipur,2016,Summer,Rice,171267.0,618738.0,3.612709979155354,3.612709979155354,3612.7099791553537,315.52,31.209016393442624,25.43877049180328,38.509590163934426,61.030901639344265,19.726147540983607,2.4388524590163936,122.0,0.4826026401888084
West Bengal,Purba Medinipur,2004,Winter,Rice,264521.0,619127.0,2.3405589726335525,2.3405589726335525,2340.5589726335525,1261.53,26.89874316939891,24.151475409836067,30.030765027322406,83.14322404371585,16.56136612021858,2.938852459016393,183.0,0.5862770216539727
West Bengal,Paschim Medinipur,2010,Summer,Rice,173888.0,629634.0,3.620916912035333,3.620916912035333,3620.916912035333,356.53,30.79172131147541,25.132377049180327,37.95286885245902,63.41286885245901,20.201475409836064,2.6241803278688525,122.0,0.4179869434504105
West Bengal,Cooch Behar,2018,Winter,Rice,230368.0,631578.0,2.741604736768996,2.741604736768996,2741.604736768996,1732.6,26.264863387978146,23.184043715847,29.999180327868853,82.94584699453551,15.281366120218578,1.008087431693989,183.0,0.627379292363407
West Bengal,Murshidabad,2018,Winter,Rice,216294.0,631973.0,2.921823998816426,2.921823998816426,2921.823998816426,885.34,27.6451912568306,23.886284153005462,31.958524590163933,78.73939890710382,16.034535519125683,1.8284153005464483,183.0,0.5759462811455659
West Bengal,Purulia,2003,Winter,Rice,290796.0,632908.0,2.176467351682967,2.176467351682967,2176.467351682967,1153.94,26.47136612021858,22.86409836065574,30.796557377049183,79.69251366120218,16.38639344262295,1.8936065573770493,183.0,0.5401054411945723
West Bengal,Murshidabad,2008,Winter,Rice,231525.0,633077.0,2.7343785768275564,2.7343785768275564,2734.378576827557,972.93,26.87814207650273,23.465081967213116,30.76218579234973,83.38934426229508,16.07032786885246,1.906775956284153,183.0,0.5422117482411424
West Bengal,Murshidabad,2019,Winter,Rice,214643.0,636081.0,2.96343696277074,2.96343696277074,2963.43696277074,965.57,27.817486338797817,24.363715846994538,31.965628415300547,81.63267759562842,15.525136612021855,2.070601092896175,183.0,0.5905118202531303
West Bengal,Murshidabad,2005,Winter,Rice,230296.0,637078.0,2.766344183138222,2.766344183138222,2766.344183138222,1051.14,27.5788524590164,23.97300546448088,31.682513661202183,79.49442622950819,15.70398907103825,2.0378688524590163,183.0,0.5405838684592139
West Bengal,Purulia,2016,Winter,Rice,276351.0,648626.0,2.347109292168293,2.347109292168293,2347.109292168293,1377.11,25.976010928961745,22.244699453551917,30.535245901639342,80.62071038251366,16.579398907103826,1.946502732240437,183.0,0.5893683870074609
West Bengal,Purba Bardhaman,2002,Summer,Rice,216157.0,650283.0,3.00838279583821,3.00838279583821,3008.3827958382103,461.15,30.433688524590163,24.537704918032787,37.32745901639344,61.3827868852459,19.88483606557377,2.415819672131148,122.0,0.4764883226987454
West Bengal,Paschim Medinipur,2015,Summer,Rice,197171.0,653639.0,3.3150869042607685,3.3150869042607685,3315.0869042607683,414.16,29.43918032786885,24.08631147540984,35.99139344262295,65.2161475409836,19.54877049180328,2.638688524590164,122.0,0.5130758407808066
West Bengal,Purba Bardhaman,2008,Summer,Rice,233697.0,661427.0,2.8302759556177444,2.8302759556177444,2830.2759556177443,507.58,29.39639344262295,23.96295081967213,35.736639344262294,64.83368852459016,19.57754098360656,2.1975409836065576,122.0,0.4875199793492164
West Bengal,Cooch Behar,2019,Winter,Rice,226607.0,663279.0,2.9270013724200927,2.9270013724200927,2927.0013724200926,2260.9,26.419016393442625,23.587704918032788,29.891366120218574,85.75338797814209,14.696120218579232,1.0711475409836066,183.0,0.6626499542917389
West Bengal,Paschim Medinipur,2019,Summer,Rice,198012.0,665593.0,3.361377088257277,3.361377088257277,3361.3770882572776,311.65,29.92049180327869,24.31795081967213,36.98016393442623,66.18696721311476,20.477622950819672,2.557950819672131,122.0,0.5554612993467762
West Bengal,Purba Bardhaman,2013,Summer,Rice,176219.0,668407.0,3.793047287749902,3.793047287749902,3793.0472877499024,545.17,30.078852459016392,24.32795081967213,36.887868852459015,60.02016393442623,19.357786885245904,2.5759016393442624,122.0,0.4655201885523167
West Bengal,South 24 Parganas,2019,Winter,Rice,327620.0,668868.0,2.041596972101825,2.041596972101825,2041.5969721018253,1815.13,27.98136612021858,25.748688524590165,30.704262295081968,82.75131147540984,15.280601092896177,3.107595628415301,183.0,0.6188501840362662
West Bengal,Purulia,2004,Winter,Rice,287528.0,669276.0,2.327689824990957,2.327689824990957,2327.6898249909573,1114.89,25.78562841530055,22.14989071038251,29.969234972677597,79.76748633879782,16.732622950819675,1.981256830601093,183.0,0.569038496083956
West Bengal,Murshidabad,2013,Winter,Rice,219346.0,674772.0,3.0762904269966174,3.0762904269966174,3076.290426996617,1023.28,26.91087431693989,23.683497267759563,30.665573770491804,85.07836065573771,16.14710382513661,1.9633333333333332,183.0,0.5651873101895286
West Bengal,South 24 Parganas,2016,Winter,Rice,295347.0,675605.0,2.2874957253671107,2.2874957253671107,2287.4957253671105,1606.78,27.39464480874317,25.18289617486339,30.040874316939888,82.96743169398907,15.803497267759562,2.867650273224044,183.0,0.606204903485133
West Bengal,Purba Bardhaman,2007,Summer,Rice,203741.0,679998.0,3.3375609229364733,3.3375609229364733,3337.560922936473,392.39,30.00163934426229,24.208934426229508,36.62885245901639,59.34049180327869,20.41008196721312,2.416639344262295,122.0,0.48086535682093
West Bengal,Murshidabad,2017,Winter,Rice,233396.0,684876.0,2.934394762549487,2.934394762549487,2934.394762549487,1321.25,27.27983606557377,24.05688524590164,31.09868852459017,84.11180327868853,15.227103825136613,1.9526775956284157,183.0,0.5980084174979623
West Bengal,Murshidabad,2014,Winter,Rice,222718.0,686341.0,3.081659318061405,3.081659318061405,3081.659318061405,932.54,27.447704918032787,23.729890710382517,31.76934426229508,79.371912568306,15.728415300546448,1.8830054644808745,183.0,0.5647220363594051
West Bengal,South 24 Parganas,2015,Winter,Rice,319534.0,689776.0,2.158693597551434,2.158693597551434,2158.693597551434,1577.61,27.95918032786885,25.61016393442623,30.61065573770492,81.19775956284153,15.194863387978142,2.9710382513661204,183.0,0.6213419923122986
West Bengal,Purba Bardhaman,1997,Summer,Rice,201048.0,691690.0,3.440422187736262,3.440422187736262,3440.422187736262,431.6,30.036475409836065,24.09139344262295,36.99319672131148,59.71622950819672,20.434508196721318,2.442540983606557,122.0,
West Bengal,Purba Medinipur,2000,Winter,Rice,343278.0,694090.0,2.021947226446204,2.021947226446204,2021.947226446204,1075.0,27.137322404371584,24.35617486338798,30.319398907103825,83.42180327868853,16.58,2.844754098360656,183.0,0.5792032927453328
West Bengal,Purba Bardhaman,2000,Winter,Rice,344094.0,698020.0,2.028573587449941,2.028573587449941,2028.573587449941,1054.02,26.89191256830601,23.63027322404372,30.674098360655737,84.1615300546448,16.694043715846995,2.0043715846994536,183.0,0.5287816742232806
West Bengal,Purba Bardhaman,2003,Summer,Rice,215469.0,699200.0,3.2450143640152413,3.2450143640152413,3245.0143640152414,482.63,30.475,24.5794262295082,37.455,59.662295081967216,20.26549180327869,2.557950819672131,122.0,0.4585890686929149
West Bengal,Murshidabad,2015,Winter,Rice,226774.0,702050.0,3.095813453041354,3.095813453041354,3095.813453041354,1037.84,27.78448087431694,24.09841530054645,31.89382513661202,79.24289617486339,15.77207650273224,1.8545901639344264,183.0,0.5653898872155758
West Bengal,South 24 Parganas,2017,Winter,Rice,296842.0,705045.0,2.3751524379973183,2.3751524379973183,2375.1524379973184,1970.85,27.69568306010929,25.650382513661203,30.166448087431693,83.56699453551913,14.869180327868852,3.035573770491803,183.0,0.635242150141213
West Bengal,Paschim Medinipur,2018,Summer,Rice,187778.0,711177.0,3.78732865404893,3.78732865404893,3787.32865404893,435.16,29.030409836065573,23.73049180327869,35.56516393442623,68.6411475409836,19.61450819672131,2.327540983606557,122.0,0.5461309628176828
West Bengal,Purba Medinipur,2018,Winter,Rice,249141.0,712281.0,2.8589473430707915,2.8589473430707915,2858.9473430707912,1375.52,27.628196721311475,24.56398907103825,30.99879781420765,80.64262295081967,15.895956284153003,2.543005464480874,183.0,0.6220906997550267
West Bengal,Paschim Medinipur,1998,Winter,Rice,383438.0,715610.0,1.86629911485038,1.86629911485038,1866.29911485038,1108.96,27.565409836065577,24.6244262295082,31.379071038251364,84.54918032786885,16.52934426229508,2.218087431693989,183.0,
West Bengal,Paschim Medinipur,2017,Summer,Rice,190540.0,719225.0,3.774666736643225,3.774666736643225,3774.666736643224,441.22,29.822868852459017,24.374590163934425,36.7305737704918,66.32327868852458,20.293360655737704,2.596311475409836,122.0,0.5088944123994433
West Bengal,Purba Bardhaman,2001,Summer,Rice,218525.0,719603.0,3.2930008008237044,3.2930008008237044,3293.0008008237046,650.47,29.760573770491803,24.166147540983605,36.2411475409836,62.20295081967213,19.943934426229507,2.4309016393442624,122.0,0.4619849690550215
West Bengal,Purba Bardhaman,2006,Summer,Rice,209769.0,721948.0,3.4416334158050046,3.4416334158050046,3441.6334158050045,374.06,30.07254098360656,24.555983606557376,36.3744262295082,61.37532786885246,20.1344262295082,2.153688524590164,122.0,0.4417089111526774
West Bengal,Murshidabad,2016,Winter,Rice,231140.0,722816.0,3.1271783334775463,3.1271783334775463,3127.1783334775464,1158.59,27.300382513661205,23.71546448087432,31.51256830601093,81.90775956284153,16.457431693989072,1.937377049180328,183.0,0.5938850550554774
West Bengal,Purulia,2006,Winter,Rice,277234.0,725085.0,2.615425957855097,2.615425957855097,2615.4259578550973,1442.29,25.791475409836067,22.41,29.710109289617485,83.24071038251365,16.23650273224044,1.8218032786885243,183.0,0.55581467819965
West Bengal,Bankura,2018,Winter,Rice,316502.0,727999.0,2.300140283473722,2.300140283473722,2300.1402834737223,1110.98,26.93918032786885,23.07661202185793,31.240054644808744,79.40010928961749,15.760491803278688,1.9325136612021856,183.0,0.6170343616391187
West Bengal,Purulia,2012,Winter,Rice,288735.0,729553.0,2.5267217344623965,2.5267217344623965,2526.7217344623964,1189.28,25.951256830601093,21.97994535519125,30.7648087431694,78.14748633879782,16.45622950819672,1.915792349726776,183.0,0.5575347683498635
West Bengal,Purulia,2013,Winter,Rice,302274.0,730136.0,2.415477348366052,2.415477348366052,2415.477348366052,1417.5,25.6375956284153,22.31382513661202,29.506338797814205,84.33153005464482,15.878579234972678,1.837978142076503,183.0,0.6019884201216821
West Bengal,Purulia,2011,Winter,Rice,270270.0,731799.0,2.707659007659008,2.707659007659008,2707.659007659008,1529.91,25.943934426229507,22.46005464480874,29.98743169398907,82.21300546448087,15.922513661202188,1.896120218579235,183.0,0.5653868763252585
West Bengal,Purulia,2001,Winter,Rice,290378.0,735730.0,2.533697456418875,2.533697456418875,2533.697456418875,1181.21,25.891803278688524,22.68131147540984,29.731912568306008,84.26579234972677,16.362295081967215,1.9301092896174863,183.0,0.5801246096908722
West Bengal,Purulia,2008,Winter,Rice,297872.0,738143.0,2.4780543320620936,2.4780543320620936,2478.0543320620936,1287.98,25.657868852459018,22.20185792349727,29.59983606557377,83.13868852459017,16.392131147540987,1.7495628415300548,183.0,0.5698694681562648
West Bengal,Purba Bardhaman,2009,Summer,Rice,230750.0,744206.0,3.2251614301191767,3.2251614301191767,3225.1614301191767,391.17,30.218196721311475,24.168688524590163,37.15311475409836,57.96368852459016,20.82827868852459,2.191311475409836,122.0,0.4562984071300842
West Bengal,Purulia,2017,Winter,Rice,272651.0,750270.0,2.751759575427928,2.751759575427928,2751.759575427928,1761.07,26.447868852459017,22.94896174863388,30.50431693989071,81.08114754098361,15.625956284153007,1.7771038251366118,183.0,0.6283400613856343
West Bengal,Paschim Medinipur,2001,Winter,Rice,333854.0,754219.0,2.259128241686485,2.259128241686485,2259.1282416864856,1254.24,26.835519125683057,24.052349726775955,30.250109289617487,86.91693989071038,15.93142076502732,2.1588524590163933,183.0,0.6193071784809061
West Bengal,Purulia,2007,Winter,Rice,308632.0,759940.0,2.462285181057052,2.462285181057052,2462.2851810570514,1503.8,26.008961748633883,22.540874316939888,30.05065573770492,82.3568306010929,16.31775956284153,2.010054644808743,183.0,0.5538039349083035
West Bengal,Purba Bardhaman,1999,Summer,Rice,228995.0,773640.0,3.378414375859735,3.378414375859735,3378.414375859735,329.83,30.785409836065572,24.224590163934423,38.47237704918033,56.09959016393442,20.381803278688523,2.7143442622950817,122.0,
West Bengal,Bankura,2019,Winter,Rice,312379.0,791704.0,2.5344341328962576,2.5344341328962576,2534.434132896258,1055.85,27.425956284153006,23.725956284153007,31.82224043715847,80.21989071038251,15.777650273224044,2.059071038251366,183.0,0.6338085694647746
West Bengal,Purulia,2019,Winter,Rice,285631.0,794280.0,2.7807906004600342,2.7807906004600342,2780.790600460034,1155.45,26.744535519125684,23.0244262295082,31.12076502732241,80.16065573770491,15.53497267759563,1.9754098360655736,183.0,0.6163828685815954
West Bengal,Bankura,2015,Winter,Rice,301070.0,809237.0,2.687869930580928,2.687869930580928,2687.869930580928,1079.5,27.06650273224044,23.200382513661204,31.455081967213115,79.52333333333334,16.117267759562843,1.9923497267759565,183.0,0.6205625005664426
West Bengal,South 24 Parganas,2018,Winter,Rice,328566.0,814128.0,2.477821807490733,2.477821807490733,2477.8218074907327,1502.47,27.83612021857924,25.48234972677596,30.52311475409836,80.8303825136612,15.396448087431695,2.8433333333333337,183.0,0.612991383665218
West Bengal,Purba Bardhaman,2000,Summer,Rice,219769.0,839305.0,3.819032711619928,3.819032711619928,3819.032711619928,485.35,29.169590163934423,23.69426229508197,35.71975409836066,65.8022131147541,19.97360655737705,2.5081967213114758,122.0,0.4834633450973679
West Bengal,Bankura,2016,Winter,Rice,309989.0,853677.0,2.7538944930303977,2.7538944930303977,2753.894493030398,1300.84,26.47726775956284,22.804098360655736,30.84743169398907,81.76792349726776,16.669234972677593,2.00448087431694,183.0,0.6234823658716128
West Bengal,Bankura,2017,Winter,Rice,314162.0,858161.0,2.731587524907532,2.731587524907532,2731.587524907532,1784.63,26.834644808743167,23.440601092896177,30.81,82.96677595628415,15.459071038251368,1.895464480874317,183.0,0.646106526879187
West Bengal,Purba Bardhaman,1998,Summer,Rice,249525.0,882289.0,3.535874160905721,3.535874160905721,3535.874160905721,396.15,29.72254098360656,23.929426229508195,36.55401639344262,62.1422131147541,20.02032786885246,2.5659836065573773,122.0,
West Bengal,Paschim Medinipur,1999,Winter,Rice,431040.0,890840.0,2.066722345953972,2.066722345953972,2066.722345953972,1478.42,26.54,23.39021857923497,30.29857923497268,84.72,16.14857923497268,2.183606557377049,183.0,
West Bengal,Paschim Medinipur,2000,Winter,Rice,420822.0,923770.0,2.1951561467793983,2.1951561467793983,2195.156146779398,984.79,26.77814207650273,23.41606557377049,30.722786885245903,83.65486338797814,16.940765027322403,2.085901639344262,183.0,0.5896887856730528
West Bengal,Paschim Medinipur,1997,Winter,Rice,434653.0,952270.0,2.1908740995690814,2.1908740995690814,2190.8740995690814,1230.19,27.10792349726776,23.832568306010927,30.97131147540984,82.7260655737705,16.63136612021858,2.089781420765027,183.0,
West Bengal,Birbhum,2018,Winter,Rice,318965.0,957822.0,3.0029062749831485,3.0029062749831485,3002.9062749831487,954.1,27.31737704918033,23.41830601092896,31.745737704918035,78.08180327868853,15.760491803278688,1.8633879781420768,183.0,0.612201641336389
West Bengal,Paschim Medinipur,2019,Winter,Rice,369926.0,998032.0,2.6979233684574755,2.6979233684574755,2697.923368457476,1196.82,27.700000000000003,24.309781420765024,31.86825136612022,81.88863387978142,15.717158469945351,2.2188524590163934,183.0,0.6654147817621214
West Bengal,Purba Bardhaman,1999,Winter,Rice,414208.0,1000580.0,2.415646245364648,2.415646245364648,2415.646245364648,1418.9,26.6255737704918,23.523169398907104,30.371202185792352,85.08098360655738,16.16633879781421,2.166338797814208,183.0,
West Bengal,Paschim Medinipur,2010,Winter,Rice,403460.0,1002184.0,2.48397362811679,2.48397362811679,2483.9736281167898,936.47,27.6692349726776,24.332185792349726,31.69497267759563,81.80710382513662,16.426448087431694,2.082786885245901,183.0,0.6297251518201452
West Bengal,Purba Bardhaman,2017,Winter,Rice,356876.0,1021406.0,2.8620753426960626,2.8620753426960626,2862.0753426960628,1703.95,27.144863387978145,24.129945355191257,30.81131147540984,85.13737704918033,15.459071038251368,1.9837158469945355,183.0,0.6579459401805693
West Bengal,Birbhum,2019,Winter,Rice,305350.0,1025442.0,3.358251187162273,3.358251187162273,3358.251187162273,918.8,27.634262295081964,24.02650273224044,31.95398907103825,80.18311475409836,15.777650273224044,2.071256830601093,183.0,0.6175624668622199
West Bengal,Paschim Medinipur,2016,Winter,Rice,368368.0,1027814.0,2.790182643443513,2.790182643443513,2790.182643443513,1312.83,26.851967213114754,23.47322404371585,30.935191256830603,83.1355737704918,16.21125683060109,2.0231147540983607,183.0,0.6533564932879709
West Bengal,Paschim Medinipur,2013,Winter,Rice,502667.0,1053375.0,2.0955722177903064,2.0955722177903064,2095.5722177903062,1680.08,26.65573770491803,23.629071038251364,30.31016393442623,86.04409836065574,15.63551912568306,2.104590163934426,183.0,0.6465010585205471
West Bengal,Purba Bardhaman,2010,Winter,Rice,364128.0,1053602.0,2.893493496792337,2.893493496792337,2893.493496792337,992.8,27.576284153005464,24.324590163934424,31.450491803278688,83.10005464480874,16.759945355191256,1.9839890710382515,183.0,0.6096069348260419
West Bengal,Birbhum,2017,Winter,Rice,329608.0,1059891.0,3.2156106647896894,3.2156106647896894,3215.610664789689,1542.3,27.09,23.768415300546447,31.03426229508197,82.9675956284153,15.459071038251368,1.909344262295082,183.0,0.6362002247417711
West Bengal,Birbhum,2016,Winter,Rice,328427.0,1061204.0,3.231171615001202,3.231171615001202,3231.1716150012026,1171.94,26.948633879781426,23.271475409836068,31.303715846994532,80.95863387978142,16.669234972677593,1.9623497267759564,183.0,0.6442943652773679
West Bengal,Paschim Medinipur,2003,Winter,Rice,481448.0,1067856.0,2.218009006164736,2.218009006164736,2218.009006164736,1162.43,27.159016393442624,24.0179781420765,31.04606557377049,83.50715846994535,16.051256830601094,2.2528415300546447,183.0,0.610995950253523
West Bengal,Birbhum,2015,Winter,Rice,324014.0,1079645.0,3.332093674964662,3.332093674964662,3332.093674964662,996.91,27.516229508196723,23.607868852459013,31.9272131147541,77.62245901639344,16.117267759562843,1.9143715846994536,183.0,0.6098002342780015
West Bengal,Paschim Medinipur,2002,Winter,Rice,480710.0,1116911.0,2.3234611304112667,2.3234611304112667,2323.461130411267,1097.64,26.664480874316943,23.440109289617485,30.49551912568306,83.85366120218579,16.293551912568304,2.077431693989071,183.0,0.5959532477717783
West Bengal,Paschim Medinipur,2018,Winter,Rice,360690.0,1125539.0,3.120516232776068,3.120516232776068,3120.516232776068,1195.12,27.26857923497268,23.677158469945358,31.357103825136612,81.03628415300547,15.528360655737703,1.929453551912568,183.0,0.6455845789129263
West Bengal,Purba Bardhaman,2007,Winter,Rice,414468.0,1126762.0,2.718574172191822,2.718574172191822,2718.574172191822,1720.38,26.803715846994532,23.73273224043716,30.41393442622951,86.00344262295081,16.321366120218578,2.2079234972677595,183.0,0.5840287709442764
West Bengal,Paschim Medinipur,2017,Winter,Rice,368953.0,1126841.0,3.0541586597750934,3.0541586597750934,3054.1586597750934,1665.88,27.12273224043716,24.06377049180328,30.81016393442623,84.50142076502732,15.443333333333332,1.988087431693989,183.0,0.684810042553219
West Bengal,Purba Bardhaman,1997,Winter,Rice,417834.0,1146060.0,2.7428596045319438,2.7428596045319438,2742.859604531943,1112.71,27.054590163934424,23.765737704918035,30.921748633879783,82.6475956284153,16.431584699453552,2.068360655737705,183.0,
West Bengal,Purba Bardhaman,2018,Winter,Rice,358495.0,1154455.0,3.220282012301426,3.220282012301426,3220.2820123014267,1057.03,27.281857923497267,23.784371584699453,31.395956284153005,81.48535519125683,15.760491803278688,1.9024043715846997,183.0,0.6136735991701688
West Bengal,Purba Bardhaman,2001,Winter,Rice,420467.0,1155222.0,2.7474736424023765,2.7474736424023765,2747.4736424023763,1149.2,26.90650273224044,24.080765027322403,30.386448087431692,86.97846994535519,16.237759562841532,2.076120218579235,183.0,0.6056717485469281
West Bengal,Paschim Medinipur,2007,Winter,Rice,441316.0,1156246.0,2.6199956493759573,2.6199956493759573,2619.9956493759573,1689.88,26.74901639344262,23.67453551912568,30.3803825136612,85.66098360655738,16.099617486338797,2.259945355191257,183.0,0.581928704678787
West Bengal,Purba Bardhaman,1998,Winter,Rice,416509.0,1161520.0,2.7887032453080245,2.7887032453080245,2788.7032453080246,1038.02,27.613551912568305,24.598251366120216,31.457595628415294,84.55639344262295,16.410437158469946,2.1649180327868853,183.0,
West Bengal,Purba Bardhaman,2008,Winter,Rice,417486.0,1170211.0,2.802994591435401,2.802994591435401,2802.9945914354016,1173.29,26.58163934426229,23.50726775956284,30.184043715847,85.78109289617487,16.1375956284153,2.053224043715847,183.0,0.5993437821333862
West Bengal,Paschim Medinipur,2005,Winter,Rice,491499.0,1178578.0,2.397925529858657,2.397925529858657,2397.925529858657,1185.09,27.0451912568306,23.70300546448087,31.037431693989078,82.15901639344263,16.06994535519126,2.2772131147540984,183.0,0.6098826141222438
West Bengal,Purba Bardhaman,2016,Winter,Rice,355335.0,1183394.0,3.33036148986168,3.33036148986168,3330.36148986168,1287.76,26.978852459016395,23.594043715846997,31.06846994535519,83.84349726775956,16.669234972677593,1.941693989071038,183.0,0.6501481316005014
West Bengal,Paschim Medinipur,2009,Winter,Rice,488628.0,1195017.0,2.4456580466121465,2.4456580466121465,2445.6580466121463,1156.9,26.981967213114757,23.50049180327869,31.053934426229507,82.64639344262295,16.366448087431692,2.047814207650273,183.0,0.6169391373412876
West Bengal,Purba Bardhaman,2006,Winter,Rice,419514.0,1201310.0,2.863575470663673,2.863575470663673,2863.575470663673,1126.02,26.856448087431698,23.82016393442623,30.4796174863388,85.32016393442623,16.305956284153005,1.9663387978142075,183.0,0.5945930772064671
West Bengal,Purba Bardhaman,2002,Winter,Rice,404986.0,1204889.0,2.975137412157457,2.975137412157457,2975.137412157457,1020.93,26.662131147540983,23.53934426229508,30.43650273224044,85.00180327868853,16.292185792349727,2.048524590163934,183.0,0.6005088339245336
West Bengal,Purba Bardhaman,2004,Winter,Rice,416657.0,1231421.0,2.955478967112037,2.955478967112037,2955.478967112037,1147.22,26.597978142076503,23.443169398907106,30.38120218579235,84.32765027322404,16.60071038251366,2.171584699453552,183.0,0.5908034047403923
West Bengal,Purba Bardhaman,2011,Winter,Rice,413299.0,1242347.0,3.00592791175396,3.00592791175396,3005.92791175396,1379.34,26.9344262295082,23.76120218579235,30.61508196721312,84.7035519125683,15.83344262295082,2.0217486338797817,183.0,0.5890888223269568
West Bengal,Paschim Medinipur,2011,Winter,Rice,482718.0,1245624.0,2.580438268305719,2.580438268305719,2580.438268305719,1397.3,26.859781420765028,23.668196721311475,30.543879781420763,84.35699453551912,15.561803278688524,2.049398907103825,183.0,0.6147568147791509
West Bengal,Purba Bardhaman,2003,Winter,Rice,421645.0,1257087.0,2.981387185902833,2.981387185902833,2981.3871859028327,1036.6,27.23284153005464,24.113005464480874,31.12032786885246,83.5068306010929,16.097540983606557,2.154754098360656,183.0,0.586145913895232
West Bengal,Paschim Medinipur,2004,Winter,Rice,480679.0,1259961.0,2.6212108288483584,2.6212108288483584,2621.2108288483582,1208.51,26.52688524590164,23.28874316939891,30.30568306010929,83.73109289617486,16.386502732240437,2.2070491803278687,183.0,0.6112170194890437
West Bengal,Purba Bardhaman,2009,Winter,Rice,429698.0,1271906.0,2.9599998138227317,2.9599998138227317,2959.999813822731,1223.99,26.941748633879783,23.580765027322403,30.949016393442623,83.78573770491803,16.80109289617486,1.9743715846994536,183.0,0.6080655351213752
West Bengal,Paschim Medinipur,2006,Winter,Rice,513019.0,1281080.0,2.4971394821634285,2.4971394821634285,2497.1394821634285,1349.32,26.71879781420765,23.67142076502732,30.25726775956284,85.73830601092897,15.71743169398907,2.04896174863388,183.0,0.6139238809836489
West Bengal,Purba Bardhaman,2012,Winter,Rice,420798.0,1301195.0,3.0922081378713777,3.0922081378713777,3092.208137871378,943.97,26.83907103825137,23.19344262295082,31.409398907103824,81.35519125683061,16.296120218579237,2.2825136612021857,183.0,0.6260377403444127
West Bengal,Purba Bardhaman,2019,Winter,Rice,366490.0,1301445.0,3.551106442194876,3.551106442194876,3551.106442194876,1093.94,27.83622950819672,24.433060109289617,31.986830601092898,81.80092896174864,15.777650273224044,2.1411475409836065,183.0,0.6370320535237164
West Bengal,Paschim Medinipur,2008,Winter,Rice,503293.0,1313474.0,2.609760119850664,2.609760119850664,2609.760119850664,1246.29,26.503551912568305,23.44191256830601,30.075081967213112,85.7192349726776,16.177213114754096,2.074644808743169,183.0,0.610757171859779
West Bengal,Paschim Medinipur,2012,Winter,Rice,486172.0,1315911.0,2.7066778835473864,2.7066778835473864,2706.6778835473865,973.98,26.815737704918032,23.24322404371585,31.338852459016397,81.41262295081967,16.312732240437157,2.2880327868852457,183.0,0.6254013280298787
West Bengal,Purba Bardhaman,2013,Winter,Rice,418616.0,1323049.0,3.160531370038412,3.160531370038412,3160.531370038412,1429.5,26.695409836065576,23.6896174863388,30.339726775956283,86.75371584699454,15.988032786885244,2.086174863387978,183.0,0.6315233842522805
West Bengal,Paschim Medinipur,2015,Winter,Rice,473763.0,1325097.0,2.796961772025253,2.796961772025253,2796.961772025253,1159.12,27.313551912568308,23.81081967213115,31.27945355191257,81.96841530054644,16.067267759562842,2.053989071038252,183.0,0.6697156323052909
West Bengal,Paschim Medinipur,2014,Winter,Rice,496134.0,1348329.0,2.7176710324226923,2.7176710324226923,2717.6710324226924,1136.12,27.05092896174863,23.499890710382516,31.118032786885248,81.99830601092897,16.024918032786886,2.0455737704918038,183.0,0.6330938121851963
West Bengal,Purba Bardhaman,2014,Winter,Rice,419814.0,1361138.0,3.242240611318346,3.242240611318346,3242.240611318346,1040.55,27.155081967213118,23.623224043715847,31.32863387978142,81.86628415300547,16.31245901639344,2.0418032786885245,183.0,0.6310214621398751
West Bengal,Purba Bardhaman,2005,Winter,Rice,417180.0,1365492.0,3.273148281317417,3.273148281317417,3273.148281317417,1020.47,27.233825136612023,23.874863387978145,31.321202185792348,81.96431693989071,16.313715846994533,2.193934426229508,183.0,0.6261530468173129
West Bengal,Purba Bardhaman,2015,Winter,Rice,417317.0,1417173.0,3.3959148560926105,3.3959148560926105,3395.9148560926105,1276.27,27.470983606557372,24.01054644808743,31.36579234972677,81.82989071038251,16.117267759562843,1.9517486338797816,183.0,0.6546236687387976
