State_Name,District,Year,Season,Crop,Area,Production,yield,Rice_Yield_t_ha,Rice_Yield_kg_ha,PRECTOTCORR,T2M,T2M_MIN,T2M_MAX,RH2M,ALLSKY_SFC_SW_DWN,WS2M,Weather_Days,NDVI
West Bengal,Darjeeling,1997,Summer,Rice,125.0,350.0,2.8,2.8,2800.0,285.14,20.73639344262295,15.083524590163934,27.224754098360656,46.20745901639344,17.970000000000002,1.582295081967213,122.0,
West Bengal,Darjeeling,1999,Summer,Rice,392.0,1060.0,2.704081632653061,2.704081632653061,2704.081632653061,338.37,21.82450819672131,16.31377049180328,28.363360655737704,47.50549180327869,17.984098360655736,1.5545901639344262,122.0,
West Bengal,Darjeeling,2000,Summer,Rice,469.0,1213.0,2.5863539445629,2.5863539445629,2586.3539445629,338.51,20.627704918032787,15.609098360655738,26.715819672131147,54.48934426229508,16.29377049180328,1.5064754098360655,122.0,0.5602843768520616
West Bengal,Darjeeling,1998,Summer,Rice,394.0,1379.0,3.5,3.5,3500.0,360.81,20.764016393442624,15.674590163934424,26.855737704918035,55.87352459016393,18.243524590163936,1.5165573770491805,122.0,
West Bengal,Darjeeling,2004,Autumn,Rice,4891.0,1581.0,0.3232467797996319,0.3232467797996319,323.24677979963195,1111.49,22.07986928104575,18.75705882352941,26.072418300653595,81.28928104575164,14.274705882352942,1.3483006535947712,153.0,0.7364922380831721
West Bengal,South 24 Parganas,2007,Autumn,Rice,780.0,1793.0,2.2987179487179485,2.2987179487179485,2298.7179487179487,1721.4,29.050849673202613,27.248235294117645,31.378627450980392,83.82542483660131,16.50901960784314,3.694313725490196,153.0,0.4919045215327156
West Bengal,Darjeeling,2001,Summer,Rice,1025.0,2096.0,2.044878048780488,2.044878048780488,2044.878048780488,355.37,20.95122950819672,15.77139344262295,27.169590163934423,52.705163934426224,17.472868852459015,1.5236065573770492,122.0,0.5675848536815148
West Bengal,Darjeeling,2004,Summer,Rice,1177.0,2248.0,1.9099405267629568,1.9099405267629568,1909.9405267629568,307.58,21.258688524590163,16.377131147540982,27.21237704918033,57.66524590163935,15.359180327868852,1.4934426229508195,122.0,0.6277477547920215
West Bengal,Darjeeling,2005,Summer,Rice,1288.0,2408.0,1.8695652173913044,1.8695652173913044,1869.5652173913045,270.02,21.148360655737704,15.809016393442624,27.372213114754096,53.40090163934426,16.08762295081967,1.475655737704918,122.0,0.6231214549132564
West Bengal,Darjeeling,2003,Summer,Rice,1215.0,2503.0,2.060082304526749,2.060082304526749,2060.0823045267493,290.52,20.84352459016393,15.700573770491804,26.966475409836065,54.151065573770495,15.699180327868852,1.4610655737704918,122.0,0.6000988539293476
West Bengal,Darjeeling,2002,Summer,Rice,1604.0,2569.0,1.6016209476309229,1.6016209476309229,1601.6209476309227,348.6,20.592377049180328,15.821967213114752,26.449918032786883,59.94073770491803,17.16713114754098,1.4749180327868852,122.0,0.6081928435392382
West Bengal,COOCHBEHAR,2010,Autumn,Rice,1733.0,2756.0,1.590305828043855,1.590305828043855,1590.3058280438547,,,,,,,,,
West Bengal,Darjeeling,2006,Summer,Rice,1536.0,3181.0,2.0709635416666665,2.0709635416666665,2070.9635416666665,324.93,20.96155737704918,15.919344262295082,27.068688524590165,54.90909836065573,15.91967213114754,1.4987704918032787,122.0,0.6044301354628969
West Bengal,Purulia,2010,Autumn,Rice,122.0,3500.0,28.68852459016393,28.688524590163933,28688.52459016393,739.33,29.9102614379085,25.57065359477124,35.102679738562095,69.3554248366013,18.565751633986928,2.3812418300653597,153.0,0.4504203780457919
West Bengal,Darjeeling,2007,Summer,Rice,1498.0,3659.0,2.442590120160214,2.442590120160214,2442.5901201602137,404.52,20.982868852459013,16.112377049180328,26.81131147540984,58.71065573770492,17.23237704918033,1.4619672131147543,122.0,0.6470241163613252
West Bengal,Darjeeling,1997,Autumn,Rice,6540.0,4230.0,0.6467889908256881,0.6467889908256881,646.7889908256881,959.33,22.483398692810457,18.69986928104575,26.8659477124183,74.62235294117647,17.89202614379085,1.3877777777777778,153.0,
West Bengal,Paschim Bardhaman,2017,Autumn,Rice,15.0,4300.0,286.6666666666667,286.6666666666667,286666.6666666667,1626.6,29.471241830065363,25.84712418300653,33.72483660130719,78.08738562091504,17.184444444444445,2.130849673202614,153.0,0.5515299519659994
West Bengal,South 24 Parganas,1997,Autumn,Rice,2409.0,5270.0,2.187629721876297,2.187629721876297,2187.629721876297,1326.73,28.867581699346403,26.98777777777778,31.40993464052288,84.13568627450981,16.80045751633987,3.738888888888889,153.0,
West Bengal,Darjeeling,1998,Autumn,Rice,6190.0,5460.0,0.8820678513731826,0.8820678513731826,882.0678513731825,1078.42,22.616666666666667,19.33098039215686,26.566339869281045,81.15503267973855,16.43176470588235,1.3334640522875818,153.0,
West Bengal,Birbhum,2009,Autumn,Rice,1840.0,5464.0,2.9695652173913043,2.9695652173913043,2969.5652173913045,1163.28,29.619281045751634,25.784901960784318,34.045424836601306,76.28189542483659,17.897450980392158,2.237712418300654,153.0,0.5265896982476955
West Bengal,COOCHBEHAR,2009,Autumn,Rice,4090.0,5885.0,1.438875305623472,1.438875305623472,1438.875305623472,,,,,,,,,
West Bengal,Birbhum,2011,Autumn,Rice,2554.0,5902.0,2.3108848864526235,2.3108848864526235,2310.8848864526235,1430.05,28.780718954248364,25.477254901960784,32.6237908496732,81.57692810457516,17.06751633986928,2.31202614379085,153.0,0.5607015166519508
West Bengal,Darjeeling,2008,Autumn,Rice,3615.0,5904.0,1.633195020746888,1.633195020746888,1633.1950207468878,1165.91,22.0140522875817,18.760261437908497,25.89555555555556,82.59274509803922,14.49562091503268,1.2896732026143791,153.0,0.7526987551790892
West Bengal,Darjeeling,2007,Autumn,Rice,3818.0,6193.0,1.6220534311157675,1.6220534311157675,1622.0534311157676,1382.47,22.23176470588235,18.96666666666667,26.06130718954249,81.69601307189542,15.367647058823527,1.3204575163398693,153.0,0.746049491550187
West Bengal,Birbhum,2012,Autumn,Rice,2477.0,6209.0,2.5066612838110616,2.5066612838110616,2506.6612838110614,879.97,30.41313725490196,26.25111111111111,35.11339869281046,72.00411764705882,17.9,2.176143790849673,153.0,0.5094238092597974
West Bengal,South 24 Parganas,2005,Autumn,Rice,2163.0,6267.0,2.897364771151179,2.897364771151179,2897.364771151179,1150.21,29.18418300653595,27.32078431372549,31.71882352941176,83.80418300653595,17.14967320261438,3.776993464052288,153.0,0.546799965139528
West Bengal,Birbhum,2013,Autumn,Rice,2763.0,6327.0,2.2899022801302933,2.2899022801302933,2289.902280130293,1158.75,29.11856209150327,25.829281045751635,32.973660130718955,80.88522875816994,16.96359477124183,2.141372549019608,153.0,0.5923902487201705
West Bengal,COOCHBEHAR,2012,Autumn,Rice,4214.0,6367.0,1.5109159943046986,1.5109159943046986,1510.9159943046986,,,,,,,,,
West Bengal,Birbhum,2014,Autumn,Rice,2585.0,6721.0,2.6,2.6,2600.0,1026.94,30.200000000000003,26.37235294117647,34.68281045751634,74.5021568627451,17.62535947712418,2.238888888888889,153.0,0.5395536716348311
West Bengal,COOCHBEHAR,2011,Autumn,Rice,4218.0,6923.0,1.6412991939307728,1.6412991939307728,1641.2991939307728,,,,,,,,,
West Bengal,Darjeeling,2005,Autumn,Rice,4376.0,6964.0,1.5914076782449726,1.5914076782449726,1591.4076782449729,1103.0,22.4537908496732,18.85222222222222,26.64934640522876,78.22352941176472,15.327777777777778,1.3198692810457515,153.0,0.7438114257685469
West Bengal,Birbhum,2010,Autumn,Rice,2619.0,7105.0,2.71286750668194,2.71286750668194,2712.86750668194,850.48,29.655751633986927,25.811633986928104,34.30777777777778,76.61967320261438,18.03326797385621,2.336143790849673,153.0,0.4940680299392432
West Bengal,COOCHBEHAR,2013,Autumn,Rice,4170.0,7106.0,1.704076738609113,1.704076738609113,1704.076738609113,,,,,,,,,
West Bengal,COOCHBEHAR,2014,Autumn,Rice,4050.0,7113.0,1.7562962962962962,1.7562962962962962,1756.2962962962963,,,,,,,,,
West Bengal,South 24 Parganas,2004,Autumn,Rice,3151.0,7148.0,2.268486194858775,2.268486194858775,2268.486194858775,1157.87,29.033660130718957,27.172156862745094,31.56333333333333,83.7156862745098,16.765228758169933,3.8406535947712417,153.0,0.5220172326479687
West Bengal,Darjeeling,1999,Autumn,Rice,5213.0,7540.0,1.4463840399002494,1.4463840399002494,1446.3840399002495,1071.87,22.266601307189543,18.876601307189546,26.296797385620916,80.98235294117647,16.442549019607842,1.351437908496732,153.0,
West Bengal,South 24 Parganas,1998,Autumn,Rice,4337.0,7600.0,1.7523633848282223,1.7523633848282223,1752.3633848282225,1190.45,29.23679738562091,27.46372549019608,31.68555555555556,84.55019607843137,16.621372549019608,3.8973856209150326,153.0,
West Bengal,South 24 Parganas,2009,Autumn,Rice,3375.0,7686.0,2.277333333333333,2.277333333333333,2277.333333333333,1386.18,29.08248366013072,27.281372549019608,31.47908496732026,84.39830065359477,16.596078431372547,3.5782352941176474,153.0,0.5393814783571663
West Bengal,Darjeeling,2000,Autumn,Rice,5369.0,8210.0,1.5291488172844103,1.5291488172844103,1529.1488172844106,761.22,22.225424836601302,18.955424836601303,26.303006535947716,82.17797385620915,14.798562091503268,1.3573202614379083,153.0,0.7333503768788255
West Bengal,Darjeeling,2001,Autumn,Rice,6125.0,8821.0,1.4401632653061225,1.4401632653061225,1440.1632653061224,890.43,22.44111111111111,19.06732026143791,26.595359477124184,81.92418300653594,15.631503267973857,1.3334640522875818,153.0,0.7372368471230949
West Bengal,Darjeeling,2006,Autumn,Rice,4356.0,8888.0,2.04040404040404,2.04040404040404,2040.40404040404,1092.44,22.369477124183007,19.044705882352943,26.414183006535943,81.18542483660131,15.464313725490197,1.3747058823529412,153.0,0.7544010639084187
West Bengal,South 24 Parganas,2012,Autumn,Rice,3887.0,8958.0,2.3046050939027527,2.3046050939027527,2304.6050939027527,934.31,29.33607843137255,27.36901960784314,32.074509803921565,82.37320261437908,17.021437908496733,3.912549019607843,153.0,0.5088195254288981
West Bengal,South 24 Parganas,2008,Autumn,Rice,4374.0,9064.0,2.0722450845907634,2.0722450845907634,2072.245084590764,1352.99,28.712875816993463,27.00150326797385,30.98588235294118,84.95673202614378,16.513986928104575,3.724444444444445,153.0,0.5435887823735341
West Bengal,Darjeeling,2003,Autumn,Rice,5532.0,9152.0,1.6543745480838756,1.6543745480838756,1654.3745480838757,874.93,22.416078431372547,18.94333333333333,26.535686274509803,78.74790849673202,14.963333333333331,1.3305228758169934,153.0,0.724491033895377
West Bengal,Darjeeling,2002,Autumn,Rice,5914.0,9317.0,1.575414271220832,1.575414271220832,1575.4142712208318,932.49,22.020392156862744,18.66111111111111,26.127843137254903,81.7440522875817,15.11529411764706,1.3257516339869282,153.0,0.7568734687359239
West Bengal,Birbhum,2000,Autumn,Rice,5009.0,10440.0,2.084248352964664,2.084248352964664,2084.248352964664,1045.42,28.781633986928107,25.41934640522876,32.81457516339869,81.23993464052288,17.358039215686276,2.3515686274509804,153.0,0.4900247873411958
West Bengal,South 24 Parganas,1999,Autumn,Rice,5314.0,10920.0,2.0549491908167106,2.0549491908167106,2054.9491908167106,1609.23,28.684640522875817,26.938496732026145,31.070457516339868,84.67633986928104,15.890130718954248,3.8895424836601302,153.0,
West Bengal,South 24 Parganas,2013,Autumn,Rice,4033.0,10921.0,2.7079097446069924,2.7079097446069924,2707.9097446069923,1477.99,28.94588235294118,27.26111111111111,31.25862745098039,84.71594771241831,16.062418300653597,3.93124183006536,153.0,0.6113917334417748
West Bengal,COOCHBEHAR,2006,Autumn,Rice,12407.0,10987.0,0.885548480696381,0.885548480696381,885.548480696381,,,,,,,,,
West Bengal,South 24 Parganas,2010,Autumn,Rice,5755.0,11330.0,1.9687228496959168,1.9687228496959168,1968.7228496959167,1130.89,29.146797385620918,27.442875816993464,31.510718954248368,84.01124183006536,17.387712418300655,3.5823529411764707,153.0,0.5552568504121367
West Bengal,Birbhum,2003,Autumn,Rice,5091.0,12214.0,2.399135729719112,2.399135729719112,2399.135729719112,761.68,29.857450980392155,26.027189542483654,34.42143790849673,74.91856209150328,18.04686274509804,2.341045751633987,153.0,0.4781555657127681
West Bengal,Birbhum,2008,Autumn,Rice,4578.0,12512.0,2.73307121013543,2.73307121013543,2733.07121013543,1120.54,28.963006535947716,25.580065359477125,32.922745098039215,79.81993464052287,17.028039215686274,2.078888888888889,153.0,0.5413491058872174
West Bengal,South 24 Parganas,2000,Autumn,Rice,6927.0,12540.0,1.8103074924209608,1.8103074924209612,1810.3074924209611,1238.06,28.475490196078432,26.852026143790848,30.64732026143791,86.29633986928104,16.34908496732026,3.6949673202614384,153.0,0.5470964253020683
West Bengal,Birbhum,2007,Autumn,Rice,4788.0,12599.0,2.631370091896408,2.631370091896408,2631.370091896408,1506.36,29.286993464052287,25.83856209150327,33.211633986928106,79.03856209150327,17.567581699346405,2.2767973856209154,153.0,0.5486228608208108
West Bengal,South 24 Parganas,2014,Autumn,Rice,5050.0,12760.0,2.5267326732673268,2.5267326732673268,2526.732673267327,1252.12,29.512875816993464,27.62032679738562,32.0618954248366,82.8478431372549,16.835816993464054,3.9325490196078423,153.0,0.5651676806419952
West Bengal,Purulia,2013,Autumn,Rice,92.0,12800.0,139.1304347826087,139.1304347826087,139130.43478260867,1253.93,28.64647058823529,25.0281045751634,32.82856209150327,77.9048366013072,17.49359477124183,2.08359477124183,153.0,0.5152136899885841
West Bengal,Birbhum,2005,Autumn,Rice,5233.0,12986.0,2.4815593349894898,2.4815593349894898,2481.55933498949,769.8100000000001,30.405228758169933,26.22183006535948,35.166143790849674,71.89117647058823,18.252091503267977,2.310392156862745,153.0,0.5392169684087588
West Bengal,Birbhum,2004,Autumn,Rice,5149.0,13174.0,2.558555059234803,2.558555059234803,2558.555059234803,1023.41,29.48,25.91509803921569,33.70294117647059,76.89862745098038,18.044117647058822,2.537777777777778,153.0,0.5320559785056438
West Bengal,Purulia,2009,Autumn,Rice,162.0,13400.0,82.71604938271605,82.71604938271605,82716.04938271605,1123.62,29.224444444444444,25.126078431372548,33.90281045751634,73.69366013071895,18.21450980392157,2.193137254901961,153.0,0.4951339409671515
West Bengal,Birbhum,2001,Autumn,Rice,6476.0,15614.0,2.411056207535516,2.411056207535516,2411.056207535516,1112.36,28.90640522875817,25.641503267973857,32.86300653594771,81.68281045751634,17.561830065359477,2.3797385620915037,153.0,0.5490941861578645
West Bengal,Birbhum,2006,Autumn,Rice,6086.0,15768.0,2.590864278672363,2.590864278672363,2590.8642786723626,1196.3,28.936013071895424,25.64281045751634,32.82326797385621,80.72398692810458,17.54954248366013,2.2167973856209158,153.0,0.555068871648213
West Bengal,COOCHBEHAR,2007,Autumn,Rice,12303.0,16627.0,1.351458993741364,1.351458993741364,1351.458993741364,,,,,,,,,
West Bengal,Birbhum,2002,Autumn,Rice,6305.0,16769.0,2.659635210150674,2.659635210150674,2659.635210150674,994.61,29.43058823529412,25.84745098039216,33.74901960784314,77.6456862745098,17.069411764705883,2.28078431372549,153.0,0.5484881929918772
West Bengal,South 24 Parganas,2011,Autumn,Rice,7396.0,17323.0,2.3422120064899947,2.3422120064899947,2342.2120064899946,1564.6,28.82202614379085,27.09300653594771,31.109346405228763,84.90117647058823,15.931960784313729,3.5740522875817,153.0,0.5488062445212312
West Bengal,COOCHBEHAR,2005,Autumn,Rice,12032.0,17728.0,1.4734042553191489,1.4734042553191489,1473.404255319149,,,,,,,,,
West Bengal,COOCHBEHAR,2004,Autumn,Rice,14031.0,18116.0,1.2911410448293066,1.2911410448293066,1291.1410448293066,,,,,,,,,
West Bengal,South 24 Parganas,2006,Autumn,Rice,8002.0,18174.0,2.271182204448888,2.271182204448888,2271.182204448888,1521.64,28.76437908496732,27.09679738562092,30.94941176470588,85.31241830065359,16.463202614379085,3.6775816993464048,153.0,0.5031187553568337
West Bengal,Paschim Bardhaman,2019,Autumn,Rice,65.0,19200.0,295.3846153846154,295.38461538461536,295384.6153846154,944.59,30.340784313725493,26.105947712418303,35.25947712418301,72.09751633986929,17.936601307189544,2.3973856209150326,153.0,0.5467440470980929
West Bengal,Birbhum,1997,Autumn,Rice,8342.0,20290.0,2.432270438743706,2.432270438743706,2432.2704387437066,1043.31,29.770326797385614,25.819934640522877,34.29614379084968,73.81326797385621,17.58686274509804,2.336143790849673,153.0,
West Bengal,Birbhum,1999,Autumn,Rice,9372.0,20880.0,2.227912932138284,2.227912932138284,2227.9129321382843,1093.32,29.135098039215688,25.75457516339869,33.14339869281046,79.00104575163398,16.913267973856208,2.351503267973856,153.0,
West Bengal,COOCHBEHAR,2008,Autumn,Rice,12953.0,21467.0,1.6572994673048715,1.6572994673048715,1657.2994673048715,,,,,,,,,
West Bengal,Purulia,2011,Autumn,Rice,200.0,24500.0,122.5,122.5,122500.0,1595.05,28.555947712418305,24.9943137254902,32.78359477124183,78.42437908496733,17.34823529411765,2.235424836601307,153.0,0.5172676932604882
West Bengal,BARDHAMAN,2013,Autumn,Rice,9356.0,25163.0,2.6895040615647714,2.6895040615647714,2689.5040615647717,,,,,,,,,
West Bengal,Birbhum,1998,Autumn,Rice,8863.0,25360.0,2.861333634209636,2.861333634209636,2861.3336342096354,980.04,29.934117647058823,26.259738562091503,34.31346405228758,76.47045751633986,17.88901960784314,2.2968627450980392,153.0,
West Bengal,BARDHAMAN,2010,Autumn,Rice,9285.0,26478.0,2.851696284329564,2.851696284329564,2851.696284329564,,,,,,,,,
West Bengal,DINAJPUR UTTAR,2001,Autumn,Rice,257.0,28000.0,108.94941634241243,108.94941634241243,108949.41634241244,,,,,,,,,
West Bengal,Purulia,2010,Summer,Rice,105.0,28100.0,267.6190476190476,267.6190476190476,267619.0476190476,187.03,31.65934426229508,24.61581967213115,39.63508196721311,41.59557377049181,21.673360655737707,2.171065573770492,122.0,0.3066571225449775
West Bengal,BARDHAMAN,2012,Autumn,Rice,9293.0,28765.0,3.0953405789303776,3.0953405789303776,3095.340578930377,,,,,,,,,
West Bengal,Bankura,2010,Autumn,Rice,12991.0,29828.0,2.296051112308521,2.296051112308521,2296.0511123085216,780.52,29.81130718954249,25.83816993464052,34.78490196078432,74.35875816993463,18.03326797385621,2.4866666666666664,153.0,0.5114206428305367
West Bengal,Purulia,2011,Summer,Rice,122.0,30100.0,246.72131147540983,246.72131147540983,246721.31147540984,650.06,29.75983606557377,23.395573770491804,36.9633606557377,49.83336065573771,20.247131147540983,2.088770491803279,122.0,0.3531252965436637
West Bengal,BARDHAMAN,2011,Autumn,Rice,10169.0,30638.0,3.01288228931065,3.01288228931065,3012.88228931065,,,,,,,,,
West Bengal,Purulia,2012,Autumn,Rice,123.0,30800.0,250.40650406504065,250.40650406504065,250406.50406504064,1128.45,29.82875816993464,25.58156862745098,34.644705882352945,69.96601307189542,18.324052287581697,2.0447712418300656,153.0,0.4764945545432237
West Bengal,COOCHBEHAR,2003,Autumn,Rice,17369.0,30968.0,1.7829466290517588,1.7829466290517588,1782.946629051759,,,,,,,,,
West Bengal,Paschim Bardhaman,2018,Autumn,Rice,100.0,31300.0,313.0,313.0,313000.0,1100.93,29.41143790849673,25.642875816993463,33.84006535947712,76.79712418300655,16.605098039215687,2.2393464052287584,153.0,0.5435916906539148
West Bengal,South 24 Parganas,2001,Autumn,Rice,11309.0,31783.0,2.810416482447608,2.810416482447608,2810.416482447608,1383.43,28.585228758169933,26.954509803921567,30.770326797385614,86.65326797385622,16.46653594771242,3.673006535947712,153.0,0.5935607635691763
West Bengal,Darjeeling,1998,Winter,Rice,29856.0,32490.0,1.0882234726688105,1.0882234726688105,1088.2234726688102,1130.53,20.99934426229508,18.035573770491805,24.918360655737708,82.47251366120219,15.289890710382515,1.1820218579234971,183.0,
West Bengal,South 24 Parganas,2002,Autumn,Rice,14120.0,33419.0,2.366784702549575,2.366784702549575,2366.784702549575,1210.48,29.000457516339868,27.095294117647057,31.583921568627453,84.52065359477125,16.187385620915034,3.67156862745098,153.0,0.5554583209905964
West Bengal,North 24 Parganas,2003,Autumn,Rice,13747.0,33482.0,2.4355859460245872,2.4355859460245872,2435.5859460245874,935.73,29.401568627450978,26.638692810457517,33.22300653594771,81.65888888888888,17.277058823529412,2.647581699346405,153.0,0.5012678708717077
West Bengal,North 24 Parganas,1997,Autumn,Rice,15017.0,33840.0,2.253446094426317,2.253446094426317,2253.446094426317,1265.07,28.771895424836604,26.153529411764705,32.28764705882353,83.86934640522875,16.80045751633987,2.495751633986928,153.0,
West Bengal,BARDHAMAN,2000,Autumn,Rice,18791.0,34070.0,1.813102016922995,1.813102016922995,1813.102016922995,,,,,,,,,
West Bengal,South 24 Parganas,2003,Autumn,Rice,16217.0,34196.0,2.1086514151816,2.1086514151816,2108.6514151815995,1005.09,29.265816993464053,27.34,31.981503267973856,82.98529411764706,17.277058823529412,3.914444444444445,153.0,0.5133504713899574
West Bengal,Darjeeling,1997,Winter,Rice,28884.0,34960.0,1.210358676083645,1.210358676083645,1210.358676083645,921.31,20.323497267759564,17.051147540983607,24.587158469945354,77.89633879781421,16.305628415300546,1.2116939890710383,183.0,
West Bengal,BARDHAMAN,2009,Autumn,Rice,12066.0,35141.0,2.9123984750538705,2.9123984750538705,2912.3984750538707,,,,,,,,,
West Bengal,COOCHBEHAR,2002,Autumn,Rice,22774.0,35727.0,1.5687626240449637,1.5687626240449637,1568.7626240449636,,,,,,,,,
West Bengal,North 24 Parganas,2012,Autumn,Rice,13891.0,36080.0,2.597365200489526,2.597365200489526,2597.3652004895257,960.26,29.528562091503268,26.671045751633983,33.420392156862746,80.68137254901961,17.021437908496733,2.716078431372549,153.0,0.4971960823205045
West Bengal,COOCHBEHAR,1997,Summer,Rice,16269.0,38900.0,2.3910504640727765,2.3910504640727765,2391.050464072777,,,,,,,,,
West Bengal,North 24 Parganas,2002,Autumn,Rice,17781.0,39008.0,2.193802373319836,2.193802373319836,2193.802373319836,1171.12,28.947254901960783,26.321176470588235,32.390326797385626,84.4243137254902,16.187385620915034,2.4444444444444446,153.0,0.5293410602594689
West Bengal,Bankura,2005,Autumn,Rice,15721.0,39188.0,2.4927167482984545,2.4927167482984545,2492.7167482984546,794.54,30.131111111111117,25.985490196078437,35.14339869281046,72.6762091503268,18.252091503267977,2.4469281045751634,153.0,0.529506098957074
West Bengal,Bankura,2009,Autumn,Rice,13467.0,40636.0,3.0174500631172494,3.0174500631172494,3017.4500631172496,1215.33,29.366993464052285,25.61111111111111,33.86307189542484,77.32078431372548,17.897450980392158,2.317843137254902,153.0,0.5514912962983953
West Bengal,North 24 Parganas,2010,Autumn,Rice,18514.0,42008.0,2.2689856324943287,2.2689856324943287,2268.985632494329,1177.7,28.85738562091504,26.428039215686272,32.22156862745098,85.09633986928104,17.387712418300655,2.3809150326797384,153.0,0.5449629325146729
West Bengal,North 24 Parganas,2004,Autumn,Rice,18746.0,42098.0,2.2457057505601195,2.2457057505601195,2245.70575056012,1124.08,29.10183006535948,26.432418300653595,32.68921568627451,82.6954248366013,16.765228758169933,2.619607843137255,153.0,0.4965518860650714
West Bengal,DINAJPUR UTTAR,2012,Autumn,Rice,239.0,42600.0,178.2426778242678,178.2426778242678,178242.6778242678,,,,,,,,,
West Bengal,Darjeeling,1999,Winter,Rice,30056.0,42850.0,1.4256720787862656,1.4256720787862656,1425.6720787862655,1028.32,20.4151912568306,17.367213114754097,24.454043715847,80.71551912568306,14.982459016393442,1.2038251366120218,183.0,
West Bengal,North 24 Parganas,2014,Autumn,Rice,15876.0,42913.0,2.703010833963215,2.703010833963215,2703.0108339632147,1142.98,29.500457516339868,26.785686274509803,33.1802614379085,82.17333333333333,16.835816993464054,2.640653594771241,153.0,0.5540294247670023
West Bengal,North 24 Parganas,2011,Autumn,Rice,15789.0,42918.0,2.7182215466463995,2.7182215466463995,2718.2215466463995,1596.48,28.622156862745097,26.12529411764706,31.93228758169935,85.44692810457516,15.931960784313729,2.3859477124183006,153.0,0.5408555793793905
West Bengal,Darjeeling,2000,Winter,Rice,28303.0,43470.0,1.5358795887361765,1.5358795887361765,1535.8795887361764,714.09,20.62546448087432,17.38617486338798,24.96710382513661,79.68497267759562,14.493060109289615,1.2205464480874315,183.0,0.7414992560201761
West Bengal,COOCHBEHAR,1998,Autumn,Rice,32968.0,43650.0,1.324011162339238,1.324011162339238,1324.011162339238,,,,,,,,,
West Bengal,North 24 Parganas,2005,Autumn,Rice,18148.0,43726.0,2.409411505400044,2.409411505400044,2409.411505400044,941.27,29.34392156862745,26.58666666666667,33.06980392156863,81.89117647058823,17.14967320261438,2.5106535947712416,153.0,0.5109149788793136
West Bengal,BARDHAMAN,2006,Autumn,Rice,13530.0,43731.0,3.232150776053215,3.232150776053215,3232.150776053215,,,,,,,,,
West Bengal,Darjeeling,2004,Winter,Rice,28878.0,44083.0,1.5265253826442275,1.5265253826442275,1526.5253826442276,1125.11,19.853224043715848,16.86005464480874,23.79202185792349,83.08535519125684,14.017049180327868,1.1892896174863388,183.0,0.752063927873174
West Bengal,DINAJPUR UTTAR,2009,Autumn,Rice,273.0,44300.0,162.27106227106225,162.27106227106228,162271.06227106228,,,,,,,,,
West Bengal,BARDHAMAN,2014,Autumn,Rice,13198.0,44362.0,3.361266858614941,3.361266858614941,3361.2668586149416,,,,,,,,,
West Bengal,BARDHAMAN,2008,Autumn,Rice,15358.0,44529.0,2.8994009636671443,2.8994009636671443,2899.4009636671444,,,,,,,,,
West Bengal,BARDHAMAN,2005,Autumn,Rice,14641.0,44609.0,3.046854723038044,3.046854723038044,3046.854723038044,,,,,,,,,
West Bengal,COOCHBEHAR,2001,Autumn,Rice,28554.0,44807.0,1.5692022133501435,1.5692022133501435,1569.2022133501434,,,,,,,,,
West Bengal,North 24 Parganas,2007,Autumn,Rice,20861.0,44993.0,2.156799769905565,2.156799769905565,2156.7997699055654,1693.61,28.91183006535948,26.38013071895425,32.16568627450981,83.95771241830066,16.50901960784314,2.4272549019607843,153.0,0.5244924282490153
West Bengal,Bankura,2011,Autumn,Rice,16517.0,45377.0,2.747290670218563,2.747290670218563,2747.290670218563,1617.62,28.66248366013072,25.376143790849675,32.69143790849673,81.4243137254902,17.06751633986928,2.2994771241830065,153.0,0.5815858081146793
West Bengal,North 24 Parganas,1998,Autumn,Rice,21417.0,45870.0,2.1417565485362093,2.1417565485362093,2141.7565485362093,999.14,29.357777777777777,26.77091503267974,32.878692810457515,83.12888888888888,16.621372549019608,2.6333333333333333,153.0,
West Bengal,North 24 Parganas,2013,Autumn,Rice,16286.0,46047.0,2.827397764951492,2.827397764951492,2827.397764951492,1460.78,28.71673202614379,26.34705882352941,31.98450980392157,85.7883660130719,16.062418300653597,2.697712418300654,153.0,0.5795633770630004
West Bengal,North 24 Parganas,2006,Autumn,Rice,17719.0,46279.0,2.611829109994921,2.611829109994921,2611.829109994921,1361.41,28.64575163398693,26.24124183006536,31.804183006535947,85.2616339869281,16.463202614379085,2.4015032679738564,153.0,0.5334643170874592
West Bengal,Darjeeling,2006,Winter,Rice,25536.0,46585.0,1.8242872807017545,1.8242872807017545,1824.2872807017543,1060.33,20.3948087431694,17.326284153005464,24.449234972677598,81.3396174863388,14.692131147540982,1.2077049180327868,183.0,0.7558989931295367
West Bengal,Purulia,2016,Summer,Rice,182.0,46600.0,256.043956043956,256.04395604395603,256043.956043956,247.77,31.52040983606557,24.729590163934425,38.89213114754099,43.47196721311475,21.1894262295082,2.0936065573770493,122.0,0.3004861668093043
West Bengal,North 24 Parganas,2000,Autumn,Rice,28438.0,47660.0,1.6759265771151275,1.6759265771151275,1675.9265771151277,1217.0,28.21503267973856,25.954509803921567,31.228496732026144,87.29830065359477,16.34908496732026,2.414575163398693,153.0,0.5076662170276866
West Bengal,Darjeeling,2001,Winter,Rice,28857.0,48309.0,1.6740825449630938,1.6740825449630938,1674.0825449630938,918.05,20.69852459016393,17.604918032786884,24.81513661202186,81.47939890710383,14.985300546448087,1.1862841530054644,183.0,0.7516082906421852
West Bengal,Darjeeling,2002,Winter,Rice,29136.0,48718.0,1.672089511257551,1.672089511257551,1672.0895112575508,855.23,20.37650273224044,17.14704918032787,24.73595628415301,79.79710382513662,14.52065573770492,1.1966666666666668,183.0,0.7572719765086101
West Bengal,COOCHBEHAR,2000,Autumn,Rice,30475.0,48730.0,1.5990155865463496,1.5990155865463496,1599.0155865463496,,,,,,,,,
West Bengal,Darjeeling,2005,Winter,Rice,28859.0,49262.0,1.706989154163346,1.706989154163346,1706.989154163346,1175.81,20.561475409836067,17.402732240437157,24.66295081967213,80.57322404371584,14.97863387978142,1.1815300546448086,183.0,0.7611325994072177
West Bengal,Darjeeling,2007,Winter,Rice,26905.0,49572.0,1.8424828098866384,1.8424828098866384,1842.482809886638,1245.81,20.431530054644806,17.498961748633878,24.264918032786884,83.18486338797814,14.307158469945357,1.186775956284153,183.0,0.7539536904067982
West Bengal,Purulia,2015,Autumn,Rice,183.0,49600.0,271.0382513661202,271.0382513661202,271038.25136612024,1102.81,29.10895424836601,25.026797385620917,33.80947712418301,74.12300653594771,17.943202614379086,2.142418300653595,153.0,0.5630261772094545
West Bengal,Bankura,2013,Autumn,Rice,19717.0,50308.0,2.551503778465284,2.551503778465284,2551.503778465284,1485.0,28.88692810457516,25.53686274509804,32.906928104575165,81.11575163398692,16.96359477124183,2.2644444444444445,153.0,0.5992234808363012
West Bengal,Bankura,2000,Autumn,Rice,22835.0,50450.0,2.209327786292971,2.209327786292971,2209.3277862929717,932.8,28.78385620915033,25.308235294117647,33.07274509803921,79.94862745098038,17.358039215686276,2.407320261437909,153.0,0.5123180210751296
West Bengal,North 24 Parganas,2009,Autumn,Rice,18839.0,50488.0,2.679972397685652,2.679972397685652,2679.972397685652,1442.56,28.877843137254903,26.336797385620915,32.25790849673203,84.71104575163399,16.596078431372547,2.368888888888889,153.0,0.501982782944024
West Bengal,DINAJPUR UTTAR,2011,Autumn,Rice,277.0,51600.0,186.28158844765343,186.28158844765343,186281.58844765343,,,,,,,,,
West Bengal,BARDHAMAN,2003,Autumn,Rice,18420.0,51773.0,2.8106948968512486,2.8106948968512486,2810.694896851249,,,,,,,,,
West Bengal,BARDHAMAN,2007,Autumn,Rice,17567.0,51880.0,2.9532646439346504,2.9532646439346504,2953.2646439346504,,,,,,,,,
West Bengal,BARDHAMAN,2004,Autumn,Rice,17119.0,52128.0,3.0450376774344297,3.0450376774344297,3045.037677434429,,,,,,,,,
West Bengal,Bankura,2004,Autumn,Rice,19366.0,53030.0,2.738304244552308,2.738304244552308,2738.304244552308,1056.46,29.316405228758168,25.7237908496732,33.667908496732025,77.29660130718953,18.044117647058822,2.518954248366013,153.0,0.5312819826210953
West Bengal,COOCHBEHAR,1997,Autumn,Rice,34950.0,53050.0,1.5178826895565094,1.5178826895565094,1517.8826895565094,,,,,,,,,
West Bengal,Darjeeling,2003,Winter,Rice,28591.0,53179.0,1.859990906229233,1.859990906229233,1859.990906229233,959.5,20.54087431693989,17.45054644808743,24.634207650273225,80.91218579234973,14.129726775956282,1.1830054644808743,183.0,0.7496536623057063
West Bengal,Bankura,2006,Autumn,Rice,20337.0,53240.0,2.6178885774696368,2.6178885774696368,2617.888577469637,1484.08,28.5759477124183,25.41470588235294,32.397320261437905,81.83888888888889,17.54954248366013,2.3367320261437907,153.0,0.5869338269515186
West Bengal,COOCHBEHAR,1999,Autumn,Rice,33848.0,53380.0,1.5770503427085796,1.5770503427085796,1577.0503427085796,,,,,,,,,
West Bengal,Bankura,2003,Autumn,Rice,20292.0,54153.0,2.6686871673565937,2.6686871673565937,2668.687167356594,908.91,29.73013071895425,25.86496732026144,34.53588235294117,75.14679738562091,18.04686274509804,2.37797385620915,153.0,0.4805370109130786
West Bengal,Bankura,2007,Autumn,Rice,20445.0,55077.0,2.693910491562729,2.693910491562729,2693.910491562729,1695.65,29.094183006535943,25.67607843137255,33.20673202614379,79.0824183006536,17.567581699346405,2.436078431372549,153.0,0.5447722953771721
West Bengal,Bankura,2008,Autumn,Rice,20880.0,55169.0,2.6421934865900383,2.6421934865900383,2642.1934865900384,1343.19,28.65627450980392,25.32457516339869,32.68176470588236,80.67104575163398,17.028039215686274,2.206928104575164,153.0,0.5703457015254364
West Bengal,BARDHAMAN,2001,Autumn,Rice,21097.0,55797.0,2.644783618523961,2.644783618523961,2644.7836185239607,,,,,,,,,
West Bengal,Bankura,2012,Autumn,Rice,19012.0,55954.0,2.94308857563644,2.94308857563644,2943.08857563644,1093.83,29.91718954248366,25.97065359477124,34.645490196078434,74.2418954248366,17.9,2.2080392156862745,153.0,0.5300734440075411
West Bengal,Purulia,2017,Autumn,Rice,252.0,58100.0,230.5555555555556,230.55555555555557,230555.55555555556,1650.72,29.17137254901961,25.347581699346403,33.5802614379085,76.23849673202614,17.184444444444445,1.98359477124183,153.0,0.5733414296335015
West Bengal,North 24 Parganas,2008,Autumn,Rice,22083.0,59411.0,2.6903500430195173,2.6903500430195173,2690.350043019517,1267.29,28.516535947712416,26.11098039215686,31.69967320261438,85.44921568627451,16.513986928104575,2.4415032679738564,153.0,0.5186477126510283
West Bengal,Bankura,2002,Autumn,Rice,21786.0,59915.0,2.750160653630772,2.750160653630772,2750.160653630772,1081.47,29.501699346405232,25.722745098039216,34.052091503267974,76.60169934640523,17.069411764705883,2.2994771241830065,153.0,0.5165341444625204
West Bengal,North 24 Parganas,1999,Autumn,Rice,25760.0,60990.0,2.3676242236024843,2.3676242236024843,2367.624223602484,1505.97,28.65071895424837,26.21666666666667,32.003725490196075,84.51477124183006,15.890130718954248,2.656339869281046,153.0,
West Bengal,DINAJPUR UTTAR,2000,Autumn,Rice,844.0,61000.0,72.27488151658767,72.27488151658768,72274.88151658769,,,,,,,,,
West Bengal,DINAJPUR UTTAR,2010,Autumn,Rice,328.0,61400.0,187.1951219512195,187.1951219512195,187195.1219512195,,,,,,,,,
West Bengal,Purulia,2017,Summer,Rice,270.0,61700.0,228.5185185185185,228.5185185185185,228518.5185185185,415.7,30.27622950819672,23.46163934426229,37.88622950819672,49.00196721311475,20.83311475409836,2.0189344262295084,122.0,0.3723701326193748
West Bengal,Purulia,2015,Summer,Rice,516.0,62900.0,121.89922480620154,121.89922480620154,121899.22480620154,376.1,29.686147540983608,23.260327868852457,36.85647540983607,51.17024590163935,20.26549180327869,2.1568032786885247,122.0,0.3774158801830942
West Bengal,COOCHBEHAR,2002,Summer,Rice,27747.0,64491.0,2.324251270407612,2.324251270407612,2324.251270407612,,,,,,,,,
West Bengal,Bankura,2014,Autumn,Rice,21698.0,68762.0,3.169047838510462,3.169047838510462,3169.047838510462,1090.0,29.849607843137253,25.964771241830068,34.49790849673203,75.04169934640522,17.62535947712418,2.3845751633986927,153.0,0.5488310829009452
West Bengal,Bankura,2001,Autumn,Rice,27144.0,69067.0,2.5444665487768936,2.5444665487768936,2544.466548776893,1313.71,28.695032679738564,25.43065359477124,32.732091503267974,81.98313725490196,17.561830065359477,2.461437908496732,153.0,0.5619327117422203
West Bengal,COOCHBEHAR,2001,Summer,Rice,28214.0,69654.0,2.468774367335365,2.468774367335365,2468.7743673353657,,,,,,,,,
West Bengal,Purulia,2014,Autumn,Rice,264.0,72100.0,273.10606060606057,273.1060606060606,273106.0606060606,999.66,29.676339869281044,25.58261437908497,34.36156862745098,71.63575163398693,18.105359477124185,2.218496732026144,153.0,0.5101967358468532
West Bengal,Purulia,2016,Autumn,Rice,284.0,72300.0,254.5774647887324,254.5774647887324,254577.4647887324,1445.37,29.109673202614378,25.210196078431373,33.71300653594771,74.55130718954248,17.75764705882353,2.2575816993464053,153.0,0.4822409706107595
West Bengal,COOCHBEHAR,2000,Summer,Rice,28442.0,73683.0,2.590640601926728,2.590640601926728,2590.640601926728,,,,,,,,,
West Bengal,North 24 Parganas,2001,Autumn,Rice,32824.0,75912.0,2.312698025834755,2.312698025834755,2312.698025834755,1319.0,28.45686274509804,26.142287581699343,31.60653594771242,86.99392156862744,16.46653594771242,2.432483660130719,153.0,0.5537952497785373
West Bengal,BARDHAMAN,2002,Autumn,Rice,26341.0,76201.0,2.892866633764853,2.892866633764853,2892.8666337648533,,,,,,,,,
West Bengal,Bankura,1999,Autumn,Rice,33206.0,76320.0,2.2983798108775524,2.2983798108775524,2298.379810877552,1253.98,28.93522875816993,25.46267973856209,33.16771241830065,79.07385620915032,16.913267973856208,2.344705882352941,153.0,
West Bengal,COOCHBEHAR,2005,Summer,Rice,33222.0,78806.0,2.372102823430257,2.372102823430257,2372.102823430257,,,,,,,,,
West Bengal,Purulia,2009,Summer,Rice,374.0,79500.0,212.5668449197861,212.5668449197861,212566.8449197861,239.63,30.271065573770493,23.223360655737704,38.020655737704914,42.138606557377045,21.95868852459017,2.093934426229508,122.0,0.3026751103951532
West Bengal,HOWRAH,2000,Autumn,Rice,804.0,80000.0,99.50248756218906,99.50248756218906,99502.48756218904,,,,,,,,,
West Bengal,Purulia,2019,Autumn,Rice,346.0,80100.0,231.5028901734104,231.5028901734104,231502.8901734104,1105.4,29.84928104575163,25.47058823529412,34.82516339869281,70.89869281045752,17.936601307189544,2.249150326797386,153.0,0.5507435201210321
West Bengal,Purulia,2014,Summer,Rice,306.0,80100.0,261.7647058823529,261.7647058823529,261764.7058823529,268.53,29.99319672131148,23.384754098360656,37.30245901639344,48.30122950819672,21.64434426229508,2.1258196721311475,122.0,0.3696039173705778
West Bengal,COOCHBEHAR,1999,Summer,Rice,29461.0,80980.0,2.7487186449882897,2.7487186449882897,2748.7186449882897,,,,,,,,,
West Bengal,COOCHBEHAR,1998,Summer,Rice,27046.0,83091.0,3.0722103083635286,3.0722103083635286,3072.2103083635284,,,,,,,,,
West Bengal,COOCHBEHAR,2006,Summer,Rice,30049.0,83386.0,2.7750008319744417,2.7750008319744417,2775.0008319744416,,,,,,,,,
West Bengal,Bankura,1998,Autumn,Rice,34676.0,84680.0,2.4420348367747144,2.4420348367747144,2442.034836774714,885.53,29.879150326797387,26.09281045751634,34.53745098039215,76.05477124183005,17.88901960784314,2.3389542483660133,153.0,
West Bengal,BARDHAMAN,1999,Autumn,Rice,35163.0,84840.0,2.4127634160907774,2.4127634160907774,2412.7634160907774,,,,,,,,,
West Bengal,Purulia,2012,Summer,Rice,280.0,87200.0,311.42857142857144,311.42857142857144,311428.5714285714,229.67,30.66918032786885,23.55377049180328,38.502131147540986,42.29327868852459,21.888032786885248,2.019262295081967,122.0,0.3369049994603746
West Bengal,Bankura,1997,Autumn,Rice,38211.0,88120.0,2.306142210358274,2.306142210358274,2306.142210358274,1257.82,29.5940522875817,25.68143790849673,34.17287581699346,74.53718954248366,17.58686274509804,2.365816993464052,153.0,
West Bengal,COOCHBEHAR,2004,Summer,Rice,38783.0,88965.0,2.293917438052755,2.293917438052755,2293.9174380527547,,,,,,,,,
West Bengal,COOCHBEHAR,2003,Summer,Rice,35750.0,90233.0,2.524,2.524,2524.0,,,,,,,,,
West Bengal,DINAJPUR UTTAR,1999,Autumn,Rice,1004.0,91000.0,90.6374501992032,90.6374501992032,90637.4501992032,,,,,,,,,
West Bengal,BARDHAMAN,1997,Autumn,Rice,34675.0,91590.0,2.641384282624369,2.641384282624369,2641.384282624369,,,,,,,,,
West Bengal,HOWRAH,1997,Autumn,Rice,373.0,95000.0,254.69168900804289,254.69168900804289,254691.6890080429,,,,,,,,,
West Bengal,BARDHAMAN,1998,Autumn,Rice,34681.0,101480.0,2.9260978633834087,2.9260978633834087,2926.097863383409,,,,,,,,,
West Bengal,Bankura,2004,Summer,Rice,39644.0,102938.0,2.5965593784683683,2.5965593784683683,2596.5593784683683,362.69,30.448934426229503,23.855245901639343,37.93983606557377,55.29270491803279,20.874590163934425,2.1272950819672127,122.0,0.3838393002089806
West Bengal,Bankura,2011,Summer,Rice,42505.0,104441.0,2.457146218091989,2.457146218091989,2457.1462180919893,743.39,29.76049180327869,23.73049180327869,36.73729508196721,58.12811475409836,19.468196721311475,2.1531967213114758,122.0,0.4431036450868271
West Bengal,HOWRAH,2011,Autumn,Rice,1083.0,104900.0,96.86057248384118,96.86057248384118,96860.57248384118,,,,,,,,,
West Bengal,Bankura,2003,Summer,Rice,35247.0,105837.0,3.002723636054132,3.002723636054132,3002.723636054132,340.55,30.429426229508195,23.78139344262295,38.11114754098361,54.48344262295082,20.26549180327869,2.177950819672131,122.0,0.38628049199729
West Bengal,DINAJPUR UTTAR,2003,Autumn,Rice,679.0,109300.0,160.97201767304858,160.9720176730486,160972.0176730486,,,,,,,,,
West Bengal,Bankura,2010,Summer,Rice,37048.0,110442.0,2.981051608723818,2.981051608723818,2981.051608723818,274.69,31.234918032786883,24.57844262295082,38.9933606557377,53.789918032786886,20.143360655737705,2.16844262295082,122.0,0.3658674292848473
West Bengal,Bankura,2012,Summer,Rice,34831.0,113038.0,3.245327438201602,3.245327438201602,3245.327438201602,277.89,30.447950819672133,23.67549180327869,38.03827868852459,52.29147540983606,20.758524590163933,2.116311475409836,122.0,0.3912477904288127
West Bengal,Bankura,2002,Summer,Rice,37953.0,113138.0,2.981002819276473,2.981002819276473,2981.002819276473,417.02,30.397950819672133,23.819590163934425,37.940245901639344,56.58237704918033,19.88483606557377,2.062786885245901,122.0,0.385999331643575
West Bengal,Purulia,2018,Summer,Rice,378.0,114400.0,302.6455026455027,302.64550264550263,302645.5026455026,379.67,29.49590163934426,22.950081967213112,36.89090163934426,52.20680327868852,19.910983606557377,2.025983606557377,122.0,0.3952286467088873
West Bengal,COOCHBEHAR,2008,Summer,Rice,67270.0,114835.0,1.707075962539022,1.707075962539022,1707.075962539022,,,,,,,,,
West Bengal,HOWRAH,2009,Autumn,Rice,944.0,119200.0,126.27118644067797,126.27118644067797,126271.18644067796,,,,,,,,,
West Bengal,Bankura,2009,Summer,Rice,45623.0,119400.0,2.6171010236065144,2.6171010236065144,2617.1010236065144,281.18,30.265,23.426721311475408,37.88344262295082,51.06368852459016,20.82827868852459,2.1107377049180327,122.0,0.369968961721061
West Bengal,Paschim Bardhaman,2016,Summer,Rice,364.0,120000.0,329.67032967032964,329.6703296703297,329670.3296703297,286.59000000000003,31.61975409836065,24.95565573770492,38.8744262295082,48.73622950819672,21.1894262295082,2.1319672131147542,122.0,0.338170061907992
West Bengal,Bankura,2013,Summer,Rice,40009.0,120562.0,3.013371991301957,3.013371991301957,3013.371991301957,665.72,29.46188524590164,23.25122950819672,36.48844262295082,57.44754098360656,19.357786885245904,2.179918032786885,122.0,0.4203489728942694
West Bengal,Bankura,2014,Summer,Rice,40185.0,120678.0,3.003060843598357,3.003060843598357,3003.0608435983577,286.79,30.13106557377049,23.76377049180328,37.358360655737705,55.42549180327869,20.428688524590164,2.0872131147540984,122.0,0.4085820569288538
West Bengal,DINAJPUR UTTAR,2002,Autumn,Rice,843.0,124900.0,148.16132858837483,148.16132858837486,148161.32858837486,,,,,,,,,
West Bengal,Purulia,1998,Autumn,Rice,1561.0,125000.0,80.07687379884689,80.07687379884689,80076.8737988469,980.32,29.5418954248366,25.50856209150327,34.22477124183007,73.46058823529411,18.312549019607843,2.1473202614379088,153.0,
West Bengal,HOWRAH,2007,Autumn,Rice,1124.0,125100.0,111.29893238434164,111.29893238434164,111298.93238434164,,,,,,,,,
West Bengal,Bankura,1999,Summer,Rice,46486.0,126610.0,2.723615712257454,2.723615712257454,2723.615712257454,353.78,30.428688524590164,23.161311475409835,38.50836065573771,51.1372131147541,20.381803278688523,2.221967213114754,122.0,
West Bengal,Bankura,2005,Summer,Rice,55091.0,127113.0,2.3073278756965747,2.3073278756965747,2307.3278756965747,244.52,31.04418032786885,24.31081967213115,38.776065573770495,53.47262295081967,20.59598360655738,2.2059016393442623,122.0,0.398660810691676
West Bengal,Purulia,2013,Summer,Rice,516.0,127400.0,246.8992248062016,246.89922480620157,246899.2248062016,518.3,29.22344262295082,22.84860655737705,36.43377049180328,50.72336065573771,20.678196721311476,2.27188524590164,122.0,0.3661122793879448
West Bengal,DINAJPUR UTTAR,2013,Autumn,Rice,658.0,127800.0,194.22492401215803,194.22492401215808,194224.92401215807,,,,,,,,,
West Bengal,Bankura,2008,Summer,Rice,46705.0,128304.0,2.7471148699282733,2.7471148699282733,2747.114869928273,586.99,29.250983606557377,23.313032786885245,36.12311475409837,60.84344262295082,19.57754098360656,1.975,122.0,0.399634265737711
West Bengal,Bankura,2000,Summer,Rice,39297.0,130899.0,3.3310176349339646,3.3310176349339646,3331.0176349339645,389.64,29.08631147540984,22.837213114754096,36.524098360655735,60.39434426229508,19.97360655737705,2.250655737704918,122.0,0.4023934073601222
West Bengal,HOWRAH,2006,Autumn,Rice,874.0,131600.0,150.5720823798627,150.5720823798627,150572.0823798627,,,,,,,,,
West Bengal,Paschim Bardhaman,2017,Summer,Rice,383.0,134800.0,351.9582245430809,351.9582245430809,351958.2245430809,464.97,30.299672131147545,23.77311475409836,37.57155737704917,54.40114754098361,20.83311475409836,2.120983606557377,122.0,0.4020557027997617
West Bengal,Bankura,1997,Summer,Rice,44617.0,135640.0,3.0400968240805075,3.0400968240805075,3040.0968240805078,475.6,30.51967213114754,23.72122950819672,38.15598360655738,50.09991803278688,20.434508196721318,2.1864754098360657,122.0,
West Bengal,South 24 Parganas,1997,Summer,Rice,54664.0,135730.0,2.482986974974389,2.482986974974389,2482.9869749743893,472.0,29.090737704918038,25.65,33.61860655737705,72.57483606557376,20.45959016393443,3.546311475409836,122.0,
West Bengal,Purulia,2018,Autumn,Rice,546.0,137600.0,252.014652014652,252.01465201465203,252014.65201465203,1150.04,29.079019607843136,25.105751633986927,33.69098039215687,75.20503267973857,16.605098039215687,2.1468627450980398,153.0,0.5778793208668965
West Bengal,Bankura,2006,Summer,Rice,50430.0,139200.0,2.760261748958953,2.760261748958953,2760.261748958953,512.26,29.760573770491803,23.85852459016393,36.49926229508197,58.38303278688525,20.1344262295082,1.948360655737705,122.0,0.4101968548032796
West Bengal,Bankura,2001,Summer,Rice,57043.0,140037.0,2.454937503286994,2.454937503286994,2454.937503286994,591.82,29.92049180327869,23.643032786885243,36.97762295081968,55.02663934426229,19.943934426229507,2.249262295081968,122.0,0.3782385630535259
West Bengal,COOCHBEHAR,2011,Summer,Rice,49330.0,141713.0,2.872754915872694,2.872754915872694,2872.7549158726943,,,,,,,,,
West Bengal,COOCHBEHAR,2009,Summer,Rice,51428.0,144105.0,2.8020728008088978,2.8020728008088978,2802.0728008088977,,,,,,,,,
West Bengal,COOCHBEHAR,2007,Summer,Rice,50357.0,147655.0,2.9321643465655223,2.9321643465655223,2932.1643465655225,,,,,,,,,
West Bengal,COOCHBEHAR,2010,Summer,Rice,51338.0,148435.0,2.891328061085356,2.891328061085356,2891.328061085356,,,,,,,,,
West Bengal,Purulia,2005,Autumn,Rice,1606.0,149700.0,93.21295143212951,93.21295143212951,93212.95143212951,753.87,30.125751633986926,25.618366013071896,35.229803921568625,67.65405228758169,18.898823529411764,2.219019607843137,153.0,0.4735816827731051
West Bengal,Birbhum,2009,Summer,Rice,54678.0,149905.0,2.741596254435056,2.741596254435056,2741.596254435056,289.05,30.51934426229508,23.608852459016397,37.89401639344262,46.21508196721312,20.82827868852459,2.0267213114754097,122.0,0.3823850418774761
West Bengal,Bankura,1998,Summer,Rice,56806.0,151825.0,2.6726930253846426,2.6726930253846426,2672.6930253846426,296.4,29.60081967213115,23.074754098360653,36.9144262295082,58.80040983606557,20.02032786885246,2.186393442622951,122.0,
West Bengal,HOWRAH,2016,Autumn,Rice,1730.0,154000.0,89.01734104046243,89.01734104046243,89017.34104046243,,,,,,,,,
West Bengal,Birbhum,2005,Summer,Rice,48836.0,154942.0,3.172700466868704,3.172700466868704,3172.700466868704,196.96,31.41516393442623,24.398688524590163,38.97122950819672,48.52360655737705,20.59598360655738,2.1957377049180327,122.0,0.4069601018894463
West Bengal,South 24 Parganas,2005,Summer,Rice,54729.0,157009.0,2.8688446710153666,2.8688446710153666,2868.8446710153667,387.72,29.74737704918033,26.40254098360656,34.16032786885246,72.40229508196721,20.106475409836065,3.754672131147541,122.0,0.4651322357800807
West Bengal,Purulia,2002,Summer,Rice,757.0,158300.0,209.11492734478205,209.11492734478205,209114.92734478205,343.06,30.495081967213117,23.501393442622952,38.3382786885246,46.68450819672131,21.16,1.99,122.0,0.322221569980627
West Bengal,Birbhum,1997,Summer,Rice,50150.0,158930.0,3.1690927218344966,3.1690927218344966,3169.092721834497,350.21,30.48639344262295,23.60106557377049,37.9711475409836,45.79262295081967,20.434508196721318,2.1987704918032787,122.0,
West Bengal,Purulia,2004,Autumn,Rice,780.0,160400.0,205.64102564102564,205.64102564102564,205641.02564102563,1071.22,29.06464052287582,25.21764705882353,33.5,74.39921568627452,18.34777777777778,2.3216339869281044,153.0,0.5096390659354086
West Bengal,DINAJPUR UTTAR,2016,Autumn,Rice,640.0,160800.0,251.25,251.25,251250.0,,,,,,,,,
West Bengal,Purulia,2019,Summer,Rice,544.0,164400.0,302.2058823529412,302.2058823529412,302205.88235294115,307.06,30.50729508196721,23.304098360655736,38.28532786885246,46.352295081967206,21.357704918032788,1.9468032786885243,122.0,0.4203512981944438
West Bengal,DINAJPUR DAKSHIN,2013,Autumn,Rice,891.0,164600.0,184.73625140291807,184.73625140291807,184736.25140291807,,,,,,,,,
West Bengal,DINAJPUR DAKSHIN,2012,Autumn,Rice,936.0,166700.0,178.0982905982906,178.0982905982906,178098.2905982906,,,,,,,,,
West Bengal,Paschim Bardhaman,2019,Summer,Rice,522.0,171800.0,329.11877394636014,329.11877394636014,329118.77394636016,306.31,30.669590163934423,23.80852459016393,38.21073770491803,51.479672131147545,21.357704918032788,2.1464754098360657,122.0,0.4280885214244838
West Bengal,DINAJPUR DAKSHIN,2014,Autumn,Rice,884.0,172600.0,195.24886877828047,195.24886877828052,195248.86877828056,,,,,,,,,
West Bengal,DINAJPUR DAKSHIN,2018,Autumn,Rice,618.0,175700.0,284.30420711974114,284.3042071197411,284304.20711974107,,,,,,,,,
West Bengal,DINAJPUR DAKSHIN,2015,Autumn,Rice,985.0,176200.0,178.88324873096448,178.88324873096445,178883.24873096446,,,,,,,,,
West Bengal,South 24 Parganas,2009,Summer,Rice,66402.0,176732.0,2.6615463389656937,2.6615463389656937,2661.546338965694,380.08,29.83811475409836,26.074016393442623,34.49434426229509,68.63360655737705,20.145737704918037,3.306967213114754,122.0,0.4347943443037608
West Bengal,COOCHBEHAR,2012,Summer,Rice,53869.0,176821.0,3.282425885017357,3.282425885017357,3282.425885017357,,,,,,,,,
West Bengal,Birbhum,2000,Summer,Rice,51428.0,176926.0,3.4402660029555885,3.4402660029555885,3440.2660029555886,439.8,29.19,22.8527868852459,36.38622950819672,56.99311475409836,19.97360655737705,2.222950819672131,122.0,0.4022084336707501
West Bengal,Birbhum,2011,Summer,Rice,57912.0,180053.0,3.109079292719989,3.109079292719989,3109.079292719989,688.87,29.49663934426229,23.486967213114752,36.12213114754098,56.858032786885246,19.468196721311475,2.0552459016393443,122.0,0.4400406315219443
West Bengal,COOCHBEHAR,2013,Summer,Rice,56109.0,180652.0,3.2196617298472616,3.2196617298472616,3219.661729847261,,,,,,,,,
West Bengal,South 24 Parganas,2012,Summer,Rice,60283.0,181321.0,3.007829736409933,3.007829736409933,3007.829736409933,273.6,29.915327868852454,26.34860655737705,34.564918032786885,69.58024590163936,20.046639344262296,3.838688524590164,122.0,0.4281793873369039
West Bengal,South 24 Parganas,2004,Summer,Rice,55881.0,184157.0,3.295520838925574,3.295520838925574,3295.520838925574,423.89,29.61344262295082,25.995,34.40655737704918,71.61204918032787,20.217868852459016,3.7177868852459017,122.0,0.4303395105044196
West Bengal,Paschim Bardhaman,2018,Summer,Rice,515.0,184500.0,358.252427184466,358.252427184466,358252.427184466,407.68,29.375,23.12540983606557,36.36532786885245,58.05631147540984,19.910983606557377,2.0785245901639344,122.0,0.4102123326739163
West Bengal,Purulia,2008,Summer,Rice,1014.0,186900.0,184.3195266272189,184.31952662721892,184319.52662721896,541.2,29.287704918032787,22.95204918032787,36.39073770491803,52.13049180327869,20.54377049180328,1.895245901639344,122.0,0.2969839774849704
West Bengal,DINAJPUR DAKSHIN,2019,Autumn,Rice,706.0,188800.0,267.4220963172804,267.4220963172805,267422.0963172805,,,,,,,,,
West Bengal,South 24 Parganas,2008,Summer,Rice,70032.0,189306.0,2.703135709389993,2.703135709389993,2703.135709389993,588.71,29.014262295081966,25.717131147540982,33.320163934426226,73.68967213114753,19.499016393442623,3.3150819672131147,122.0,0.4617952758287044
West Bengal,Bankura,2007,Summer,Rice,67600.0,192173.0,2.8427958579881656,2.8427958579881656,2842.7958579881656,350.53000000000003,29.52352459016393,23.347213114754098,36.57483606557377,58.35081967213115,20.41008196721312,2.2254098360655736,122.0,0.4239528638664078
West Bengal,COOCHBEHAR,2014,Summer,Rice,56294.0,197210.0,3.5032152627278217,3.5032152627278217,3503.215262727821,,,,,,,,,
West Bengal,DINAJPUR UTTAR,2014,Autumn,Rice,954.0,199100.0,208.7002096436059,208.70020964360583,208700.20964360583,,,,,,,,,
West Bengal,Birbhum,2012,Summer,Rice,57118.0,201202.0,3.5225673167828004,3.5225673167828004,3522.5673167828004,229.56,31.079672131147543,24.059262295081968,38.708196721311474,45.891639344262295,20.758524590163933,2.193032786885246,122.0,0.3498935703210178
West Bengal,Birbhum,2010,Summer,Rice,59448.0,201392.0,3.387700174942807,3.387700174942807,3387.7001749428077,339.52,31.20377049180328,24.440737704918032,38.77901639344263,50.83459016393442,20.143360655737705,2.186803278688525,122.0,0.3442744352926604
West Bengal,Birbhum,2013,Summer,Rice,59586.0,203027.0,3.4072936595844663,3.4072936595844663,3407.2936595844662,569.59,29.80426229508197,23.721475409836067,36.59696721311475,52.70180327868852,19.357786885245904,2.191639344262295,122.0,0.4008131858090278
West Bengal,HOWRAH,2010,Autumn,Rice,753.0,207100.0,275.03320053120854,275.0332005312085,275033.2005312085,,,,,,,,,
West Bengal,South 24 Parganas,2014,Summer,Rice,63392.0,211431.0,3.335294674406865,3.335294674406865,3335.2946744068654,431.54,30.21467213114754,26.329262295081968,35.04254098360656,67.7972131147541,19.51295081967213,3.5924590163934425,122.0,0.4754758786302638
West Bengal,South 24 Parganas,2002,Summer,Rice,76088.0,212342.0,2.7907422983913364,2.7907422983913364,2790.7422983913366,462.58,29.564754098360652,25.927295081967213,34.3383606557377,71.93450819672131,19.22827868852459,3.701967213114754,122.0,0.4455409943810278
West Bengal,South 24 Parganas,2011,Summer,Rice,67579.0,215172.0,3.184006866038266,3.184006866038266,3184.0068660382663,611.7,29.14860655737705,25.84311475409836,33.41131147540983,71.99508196721311,18.894426229508195,3.5677049180327867,122.0,0.4664381264995745
West Bengal,South 24 Parganas,1999,Summer,Rice,76997.0,216290.0,2.809070483265582,2.809070483265582,2809.070483265582,368.3,29.68811475409836,25.835163934426227,34.689672131147546,69.14565573770493,20.38073770491803,3.9890163934426233,122.0,
West Bengal,South 24 Parganas,2010,Summer,Rice,68304.0,216360.0,3.167603654251581,3.167603654251581,3167.603654251581,403.58,30.13090163934426,26.81245901639344,34.638360655737706,72.53196721311475,19.626967213114757,4.036065573770491,122.0,0.419274285088395
West Bengal,Purulia,2001,Summer,Rice,1213.0,218400.0,180.04946413849956,180.0494641384996,180049.46413849958,538.79,29.74475409836065,23.4372131147541,36.87098360655738,47.53581967213115,20.56795081967213,2.162950819672131,122.0,0.3213430382536002
West Bengal,Birbhum,2004,Summer,Rice,74007.0,219514.0,2.96612482602997,2.96612482602997,2966.12482602997,381.05,30.916803278688523,24.22819672131148,38.248442622950826,49.7611475409836,20.874590163934425,2.1290983606557377,122.0,0.3957075777316077
West Bengal,South 24 Parganas,2003,Summer,Rice,77367.0,219865.0,2.8418447141546137,2.8418447141546137,2841.844714154613,503.51,29.498032786885247,25.9527868852459,34.130409836065574,70.93893442622951,19.62188524590164,3.8044262295081968,122.0,0.4399214476111732
West Bengal,Birbhum,2003,Summer,Rice,70571.0,220062.0,3.118306386476031,3.118306386476031,3118.306386476031,380.52,30.323114754098363,23.690409836065573,37.684672131147536,51.88336065573771,20.26549180327869,2.1740163934426238,122.0,0.3952663210943737
West Bengal,Birbhum,2006,Summer,Rice,64521.0,223353.0,3.461710140884364,3.461710140884364,3461.710140884363,464.44,29.91344262295082,23.949426229508195,36.45295081967213,54.799590163934425,20.1344262295082,1.803688524590164,122.0,0.3769368311885597
West Bengal,North 24 Parganas,2011,Summer,Rice,71962.0,225593.0,3.134890636724938,3.134890636724938,3134.890636724938,642.01,29.439590163934422,24.71131147540984,35.32934426229509,67.73926229508197,18.894426229508195,2.35327868852459,122.0,0.4602754117891681
West Bengal,Birbhum,2014,Summer,Rice,66581.0,225789.0,3.391192682597137,3.391192682597137,3391.1926825971373,312.13,30.73918032786885,24.09344262295082,38.08844262295082,49.03491803278688,20.428688524590164,2.1285245901639347,122.0,0.416148750018926
West Bengal,South 24 Parganas,2007,Summer,Rice,67424.0,225880.0,3.350142382534409,3.350142382534409,3350.142382534409,402.26,29.3877868852459,25.74204918032787,33.86655737704918,69.2627868852459,20.08098360655738,3.5138524590163933,122.0,0.454573125799051
West Bengal,South 24 Parganas,2000,Summer,Rice,83471.0,226170.0,2.7095638006014067,2.7095638006014067,2709.5638006014065,545.37,28.67475409836066,25.4377868852459,32.86967213114754,74.78540983606557,19.251803278688524,3.707786885245902,122.0,0.4519366227527299
West Bengal,DINAJPUR DAKSHIN,2016,Autumn,Rice,902.0,226600.0,251.21951219512195,251.21951219512195,251219.512195122,,,,,,,,,
West Bengal,Birbhum,2002,Summer,Rice,79468.0,227690.0,2.8651784366034128,2.8651784366034128,2865.1784366034126,408.36,30.327213114754095,23.916803278688523,37.55,53.47524590163934,19.88483606557377,2.0378688524590163,122.0,0.4054062477437453
West Bengal,Birbhum,2001,Summer,Rice,79669.0,229871.0,2.885325534398574,2.885325534398574,2885.3255343985743,563.58,29.72065573770492,23.553852459016397,36.62918032786885,52.62254098360656,19.943934426229507,2.2395901639344262,122.0,0.3500806920784524
West Bengal,South 24 Parganas,2006,Summer,Rice,76956.0,229965.0,2.988266022142523,2.988266022142523,2988.2660221425226,396.51,29.590573770491805,26.19983606557377,33.849754098360656,70.19745901639344,19.44647540983607,3.32172131147541,122.0,0.4560712541875477
West Bengal,North 24 Parganas,2013,Summer,Rice,70880.0,231275.0,3.2629091422121896,3.2629091422121896,3262.9091422121896,585.15,29.71729508196721,24.820245901639343,35.84795081967213,66.91254098360656,18.826475409836064,2.8298360655737707,122.0,0.4648739542716006
West Bengal,South 24 Parganas,2013,Summer,Rice,72967.0,231508.0,3.172776734688284,3.172776734688284,3172.776734688284,558.18,29.37622950819672,25.844344262295085,33.94868852459016,71.45245901639345,18.826475409836064,4.061639344262295,122.0,0.4746679873330831
West Bengal,South 24 Parganas,2001,Summer,Rice,82240.0,235784.0,2.867023346303502,2.867023346303502,2867.023346303502,646.55,29.38631147540984,25.933688524590163,33.667459016393444,71.70065573770492,19.04672131147541,3.618688524590164,122.0,0.4554113682517274
West Bengal,Birbhum,1999,Summer,Rice,77587.0,238310.0,3.071519713354041,3.071519713354041,3071.519713354041,330.08,30.72295081967213,23.297786885245905,38.68844262295082,45.43696721311476,20.381803278688523,2.239672131147541,122.0,
West Bengal,North 24 Parganas,2014,Summer,Rice,70898.0,239229.0,3.374270078140427,3.374270078140427,3374.270078140427,400.14,30.81122950819672,25.335,37.47057377049181,60.649918032786886,19.51295081967213,2.5293442622950817,122.0,0.4478403496406153
West Bengal,South 24 Parganas,1998,Summer,Rice,80890.0,241720.0,2.988255655828904,2.9882556558289037,2988.2556558289034,453.76,29.13049180327869,25.729098360655737,33.4922131147541,72.4954918032787,19.280081967213118,3.662868852459016,122.0,
West Bengal,COOCHBEHAR,1998,Winter,Rice,222381.0,242130.0,1.088807047364658,1.088807047364658,1088.807047364658,,,,,,,,,
West Bengal,DINAJPUR DAKSHIN,2017,Autumn,Rice,954.0,242800.0,254.50733752620548,254.50733752620545,254507.33752620543,,,,,,,,,
West Bengal,DINAJPUR UTTAR,2017,Autumn,Rice,960.0,244300.0,254.47916666666669,254.47916666666663,254479.16666666663,,,,,,,,,
West Bengal,Purulia,2000,Summer,Rice,1023.0,245400.0,239.88269794721407,239.88269794721407,239882.69794721407,324.05,29.48622950819672,22.737704918032787,37.13434426229509,49.42245901639344,21.507868852459016,2.1299180327868856,122.0,0.3536536760840505
West Bengal,DINAJPUR UTTAR,2005,Autumn,Rice,1553.0,247200.0,159.17578879587896,159.17578879587896,159175.78879587897,,,,,,,,,
West Bengal,North 24 Parganas,2012,Summer,Rice,70500.0,249051.0,3.5326382978723405,3.5326382978723405,3532.6382978723404,268.71,30.43114754098361,25.27254098360656,36.900163934426224,62.49401639344263,20.046639344262296,2.7027868852459016,122.0,0.4331175405234673
West Bengal,Birbhum,2007,Summer,Rice,74238.0,249379.0,3.359182628842372,3.359182628842372,3359.182628842372,386.88,29.91672131147541,23.58573770491803,36.72934426229508,53.881147540983605,20.41008196721312,2.089672131147541,122.0,0.4172978276551828
West Bengal,North 24 Parganas,2000,Winter,Rice,136439.0,251580.0,1.843900937415255,1.843900937415255,1843.9009374152552,1132.68,26.97065573770492,24.20846994535519,30.39469945355191,85.50983606557377,15.870765027322404,2.0207103825136614,183.0,0.517603685259337
West Bengal,DINAJPUR UTTAR,2015,Autumn,Rice,1079.0,253200.0,234.6617238183504,234.6617238183503,234661.72381835032,,,,,,,,,
West Bengal,North 24 Parganas,2010,Summer,Rice,77633.0,261587.0,3.36953357463965,3.36953357463965,3369.533574639651,463.33,30.45926229508197,25.768196721311472,36.59737704918033,67.66639344262295,19.626967213114757,2.783524590163934,122.0,0.4281975495513805
West Bengal,Purulia,2000,Autumn,Rice,2632.0,262000.0,99.54407294832828,99.54407294832826,99544.07294832826,941.14,28.69202614379085,24.87359477124183,33.14137254901961,76.78947712418301,17.742026143790852,2.2905882352941176,153.0,0.4855212354239113
West Bengal,North 24 Parganas,2003,Summer,Rice,83792.0,265326.0,3.16648367385908,3.16648367385908,3166.48367385908,520.89,29.96188524590164,24.97434426229508,36.31254098360656,65.34319672131147,19.62188524590164,2.6518032786885244,122.0,0.4465127302197653
West Bengal,Birbhum,2008,Summer,Rice,81387.0,268153.0,3.294789094081364,3.294789094081364,3294.789094081364,478.32,29.59754098360656,23.410819672131147,36.38573770491804,56.12614754098361,19.57754098360656,1.901967213114754,122.0,0.4028016303309067
West Bengal,Purulia,2002,Autumn,Rice,1290.0,269100.0,208.60465116279067,208.6046511627907,208604.65116279072,1065.92,29.27098039215686,25.21535947712418,34.00588235294117,73.55549019607842,17.646993464052287,2.2122875816993464,153.0,0.467636826622774
West Bengal,North 24 Parganas,1997,Summer,Rice,98044.0,269690.0,2.750703765656236,2.750703765656236,2750.703765656236,458.86,29.289672131147544,24.40606557377049,35.41426229508197,68.28459016393442,20.45959016393443,2.395409836065574,122.0,
West Bengal,HOWRAH,2017,Autumn,Rice,1321.0,270400.0,204.69341408024223,204.69341408024223,204693.41408024225,,,,,,,,,
West Bengal,Purulia,2003,Autumn,Rice,1981.0,270700.0,136.64815749621405,136.64815749621405,136648.15749621403,962.42,29.59732026143791,25.447908496732023,34.464444444444446,71.42006535947712,18.51117647058824,2.1687581699346405,153.0,0.4319715357764398
West Bengal,North 24 Parganas,2008,Summer,Rice,95232.0,271409.0,2.849976898521505,2.849976898521505,2849.976898521505,522.56,29.315,24.551803278688524,35.26532786885246,68.89508196721312,19.499016393442623,2.2519672131147543,122.0,0.4715023967926583
West Bengal,North 24 Parganas,2006,Summer,Rice,89707.0,271884.0,3.030800271996611,3.030800271996611,3030.800271996611,363.78,29.9444262295082,25.113688524590163,35.779016393442625,65.15622950819673,19.44647540983607,2.210573770491804,122.0,0.4530016292274667
West Bengal,Birbhum,1998,Summer,Rice,77540.0,272109.0,3.5092726334794944,3.5092726334794944,3509.2726334794943,308.06,29.87262295081967,23.20450819672131,37.27057377049181,53.65622950819672,20.02032786885246,2.30672131147541,122.0,
West Bengal,North 24 Parganas,2004,Summer,Rice,89345.0,276187.0,3.091241815434552,3.091241815434552,3091.2418154345514,417.14,30.31844262295082,25.180573770491804,36.85737704918033,64.73565573770492,20.217868852459016,2.6438524590163937,122.0,0.434450285605818
West Bengal,North 24 Parganas,2002,Summer,Rice,88692.0,276560.0,3.118206828124295,3.118206828124295,3118.206828124295,497.56,30.09688524590164,24.953852459016392,36.49803278688525,65.76688524590165,19.22827868852459,2.5495901639344263,122.0,0.4514236167003569
West Bengal,North 24 Parganas,2009,Summer,Rice,88725.0,276708.0,3.118715131022823,3.118715131022823,3118.7151310228232,409.24,30.02868852459016,24.854918032786887,36.3372131147541,63.59844262295082,20.145737704918037,2.2517213114754098,122.0,0.4352431955647026
West Bengal,COOCHBEHAR,1997,Winter,Rice,222464.0,277140.0,1.2457745972382048,1.2457745972382048,1245.774597238205,,,,,,,,,
West Bengal,HOWRAH,1998,Autumn,Rice,1203.0,279000.0,231.92019950124688,231.92019950124688,231920.19950124688,,,,,,,,,
West Bengal,HOWRAH,1999,Autumn,Rice,1394.0,281000.0,201.57819225251075,201.5781922525108,201578.1922525108,,,,,,,,,
West Bengal,Purulia,2005,Summer,Rice,1221.0,281800.0,230.7944307944308,230.7944307944308,230794.4307944308,194.98,31.412868852459017,24.17622950819672,39.318278688524586,41.71524590163935,21.64754098360656,2.0208196721311475,122.0,0.3175213741719204
West Bengal,Purulia,2004,Summer,Rice,1354.0,283600.0,209.4534711964549,209.45347119645496,209453.47119645492,349.7,30.308852459016396,23.54975409836066,37.71639344262295,47.83172131147541,21.77950819672131,2.1185245901639345,122.0,0.348489663428106
West Bengal,North 24 Parganas,2005,Summer,Rice,96675.0,283954.0,2.937201965347815,2.937201965347815,2937.201965347815,333.57,30.32754098360656,25.37098360655737,36.57762295081967,66.04786885245902,20.106475409836065,2.5590163934426227,122.0,0.4551195550331873
West Bengal,North 24 Parganas,2007,Summer,Rice,95528.0,294718.0,3.0851478100661587,3.0851478100661587,3085.147810066159,399.08,29.68918032786885,24.573278688524592,35.867704918032786,63.588606557377055,20.08098360655738,2.388688524590164,122.0,0.4669873343276771
West Bengal,Purulia,2006,Autumn,Rice,1993.0,299200.0,150.1254390366282,150.1254390366282,150125.4390366282,1543.15,28.263660130718957,24.90718954248366,32.20483660130719,80.14764705882354,17.36777777777778,2.224705882352941,153.0,0.5517753515112097
West Bengal,DINAJPUR UTTAR,2007,Autumn,Rice,2059.0,299900.0,145.65322972316662,145.6532297231666,145653.2297231666,,,,,,,,,
West Bengal,HOWRAH,2001,Autumn,Rice,1255.0,301000.0,239.8406374501992,239.8406374501992,239840.6374501992,,,,,,,,,
West Bengal,North 24 Parganas,2010,Winter,Rice,127578.0,302957.0,2.374680587562118,2.374680587562118,2374.6805875621185,1128.0,27.541092896174867,24.79142076502732,30.91169398907104,84.83021857923498,16.083825136612024,1.9391256830601091,183.0,0.5507698620672203
West Bengal,HOWRAH,2018,Autumn,Rice,1110.0,304500.0,274.3243243243244,274.3243243243243,274324.3243243243,,,,,,,,,
West Bengal,COOCHBEHAR,1999,Winter,Rice,228943.0,305410.0,1.3340001659801786,1.3340001659801786,1334.0001659801785,,,,,,,,,
West Bengal,HOWRAH,2008,Autumn,Rice,1349.0,315900.0,234.17346182357304,234.173461823573,234173.46182357304,,,,,,,,,
West Bengal,North 24 Parganas,2001,Summer,Rice,100153.0,316329.0,3.1584575599333022,3.1584575599333022,3158.457559933302,669.95,29.57877049180328,24.71844262295082,35.43565573770491,66.92122950819672,19.04672131147541,2.450819672131148,122.0,0.4568698995245246
West Bengal,DINAJPUR UTTAR,2004,Autumn,Rice,2343.0,317300.0,135.4246692274861,135.4246692274861,135424.66922748613,,,,,,,,,
West Bengal,Darjeeling,2008,Summer,Rice,1526.0,320400.0,209.96068152031447,209.96068152031452,209960.6815203145,449.85,20.73655737704918,15.835983606557376,26.587540983606555,58.92286885245902,15.655737704918034,1.4531967213114754,122.0,0.6219610873607959
West Bengal,DINAJPUR UTTAR,2008,Autumn,Rice,2097.0,325900.0,155.41249403910348,155.41249403910348,155412.49403910348,,,,,,,,,
West Bengal,HOWRAH,2019,Autumn,Rice,1195.0,327800.0,274.30962343096235,274.30962343096235,274309.6234309623,,,,,,,,,
West Bengal,North 24 Parganas,2011,Winter,Rice,133756.0,329019.0,2.4598447920093305,2.4598447920093305,2459.8447920093304,1456.42,27.087158469945354,24.169398907103822,30.686775956284155,84.57808743169399,15.125300546448086,2.009071038251366,183.0,0.5267664242397732
West Bengal,North 24 Parganas,2009,Winter,Rice,127578.0,331194.0,2.5960118515731554,2.5960118515731554,2596.011851573156,1323.32,27.01726775956284,24.082295081967214,30.69907103825137,85.00737704918033,15.770273224043716,2.0039890710382515,183.0,0.5297663481490937
West Bengal,Purulia,2006,Summer,Rice,1336.0,331900.0,248.4281437125749,248.42814371257484,248428.14371257485,496.03,29.7027868852459,23.485081967213112,36.52639344262296,50.35024590163934,20.82844262295082,1.912295081967213,122.0,0.3527030198663148
West Bengal,DINAJPUR UTTAR,2006,Autumn,Rice,2529.0,334700.0,132.34480031633055,132.34480031633058,132344.80031633057,,,,,,,,,
West Bengal,Darjeeling,2013,Summer,Rice,1638.0,335400.0,204.7619047619048,204.7619047619048,204761.9047619048,573.36,21.08852459016393,16.23532786885246,27.100983606557374,54.99327868852459,16.146229508196722,1.4734426229508195,122.0,0.6081516407659481
West Bengal,Purulia,1999,Autumn,Rice,2306.0,340000.0,147.44145706851694,147.4414570685169,147441.4570685169,1231.5,28.545424836601303,24.91267973856209,32.76522875816993,77.35620915032679,17.451045751633988,2.17718954248366,153.0,
West Bengal,Darjeeling,2009,Summer,Rice,1499.0,340600.0,227.21814543028685,227.21814543028685,227218.14543028685,361.02,21.100983606557374,15.918852459016392,27.26426229508197,52.37319672131147,16.531803278688525,1.4618852459016394,122.0,0.5883074709503467
West Bengal,North 24 Parganas,2000,Summer,Rice,109077.0,341715.0,3.132786930333617,3.132786930333617,3132.7869303336174,518.8,28.975737704918032,24.390819672131148,34.72467213114754,70.18418032786884,19.251803278688524,2.5390983606557374,122.0,0.4679867006790716
West Bengal,Darjeeling,2014,Summer,Rice,1516.0,343700.0,226.7150395778364,226.7150395778364,226715.03957783643,552.5699999999999,21.40467213114754,16.306967213114753,27.45975409836066,52.55180327868853,16.676065573770494,1.5141803278688524,122.0,0.5988611897631934
West Bengal,North 24 Parganas,1999,Summer,Rice,112461.0,345460.0,3.071820453312704,3.071820453312704,3071.820453312704,356.95,30.334508196721316,24.827868852459016,37.22680327868853,62.218360655737705,20.38073770491803,2.827622950819672,122.0,
West Bengal,COOCHBEHAR,2006,Winter,Rice,196996.0,351419.0,1.7838890129748828,1.7838890129748828,1783.8890129748827,,,,,,,,,
West Bengal,COOCHBEHAR,2001,Winter,Rice,222425.0,352220.0,1.583545015173654,1.583545015173654,1583.545015173654,,,,,,,,,
West Bengal,COOCHBEHAR,2007,Winter,Rice,230836.0,354548.0,1.5359302708416365,1.5359302708416365,1535.9302708416365,,,,,,,,,
West Bengal,COOCHBEHAR,2002,Winter,Rice,222609.0,357423.0,1.6056089376440306,1.6056089376440306,1605.608937644031,,,,,,,,,
West Bengal,HOWRAH,2005,Autumn,Rice,1374.0,361200.0,262.882096069869,262.882096069869,262882.096069869,,,,,,,,,
West Bengal,North 24 Parganas,2012,Winter,Rice,133093.0,364032.0,2.735170144184893,2.735170144184893,2735.1701441848936,1008.55,26.88224043715847,23.669672131147543,31.034972677595626,82.89251366120219,15.774207650273222,2.3571038251366123,183.0,0.5491199531361807
West Bengal,COOCHBEHAR,2008,Winter,Rice,229612.0,364084.0,1.5856488336846506,1.5856488336846506,1585.6488336846503,,,,,,,,,
West Bengal,HOWRAH,2015,Autumn,Rice,1515.0,364100.0,240.3300330033004,240.33003300330037,240330.03300330037,,,,,,,,,
West Bengal,COOCHBEHAR,2004,Winter,Rice,216497.0,366064.0,1.6908502196335284,1.6908502196335284,1690.8502196335285,,,,,,,,,
West Bengal,Bankura,2010,Winter,Rice,147983.0,367221.0,2.481508011055324,2.481508011055324,2481.508011055324,739.88,27.720819672131142,23.82065573770492,32.33584699453552,77.21612021857923,16.759945355191256,2.0599453551912568,183.0,0.5670500159042822
West Bengal,Darjeeling,2012,Summer,Rice,1630.0,367700.0,225.5828220858896,225.5828220858896,225582.8220858896,395.96,21.1044262295082,15.91188524590164,27.27016393442623,53.13622950819672,16.66450819672131,1.519344262295082,122.0,0.5913719968817892
West Bengal,Darjeeling,2015,Summer,Rice,1586.0,368000.0,232.03026481715008,232.03026481715008,232030.26481715005,599.03,20.85188524590164,16.411475409836065,26.230409836065576,62.79606557377049,15.614508196721312,1.485983606557377,122.0,0.6445482964744987
West Bengal,North 24 Parganas,2004,Winter,Rice,157096.0,368303.0,2.3444454346386925,2.3444454346386925,2344.4454346386924,1276.99,26.609071038251365,23.77087431693989,30.166775956284155,85.42218579234972,15.468469945355192,2.17792349726776,183.0,0.532250299219379
West Bengal,DINAJPUR UTTAR,1998,Autumn,Rice,8155.0,375000.0,45.984058859595336,45.98405885959534,45984.05885959535,,,,,,,,,
West Bengal,Purulia,2007,Autumn,Rice,2210.0,379500.0,171.71945701357464,171.71945701357467,171719.45701357466,1527.13,28.92392156862745,25.303006535947716,33.12392156862745,76.10875816993463,17.869346405228757,2.3000653594771245,153.0,0.5054106367016795
West Bengal,North 24 Parganas,1997,Winter,Rice,193202.0,381990.0,1.977153445616505,1.977153445616505,1977.153445616505,1183.04,27.050874316939893,24.165956284153005,30.642021857923496,83.8787431693989,16.019344262295082,2.072677595628416,183.0,
West Bengal,North 24 Parganas,2005,Winter,Rice,162284.0,389682.0,2.401234872199354,2.401234872199354,2401.234872199354,1125.57,27.1155737704918,24.25710382513661,30.73748633879781,84.30907103825136,15.447377049180329,2.1615300546448086,183.0,0.552406190444383
West Bengal,North 24 Parganas,2013,Winter,Rice,131943.0,391081.0,2.9640147639511003,2.9640147639511003,2964.0147639511,1556.95,26.790765027322404,24.08928961748634,30.19409836065574,87.07109289617486,15.35,2.133551912568306,183.0,0.5614607930521287
West Bengal,North 24 Parganas,1998,Winter,Rice,199701.0,391190.0,1.958878523392472,1.958878523392472,1958.878523392472,1200.87,27.521475409836068,24.94273224043716,30.86677595628415,86.2995081967213,15.515136612021855,2.2253005464480875,183.0,
West Bengal,COOCHBEHAR,2003,Winter,Rice,223111.0,394216.0,1.766905262403019,1.766905262403019,1766.9052624030192,,,,,,,,,
West Bengal,COOCHBEHAR,2000,Winter,Rice,232980.0,394870.0,1.6948665121469657,1.6948665121469657,1694.8665121469655,,,,,,,,,
West Bengal,Darjeeling,2010,Summer,Rice,1533.0,398100.0,259.6868884540117,259.6868884540117,259686.88845401176,509.5,21.68155737704918,16.698278688524592,27.671967213114755,54.19139344262295,16.95393442622951,1.4651639344262295,122.0,0.5962431180637048
West Bengal,North 24 Parganas,2014,Winter,Rice,139767.0,401623.0,2.873518069358289,2.873518069358289,2873.5180693582893,1088.18,27.211092896174865,24.113879781420767,31.06726775956284,82.96409836065574,15.65967213114754,2.053770491803278,183.0,0.5638798679281831
West Bengal,North 24 Parganas,2003,Winter,Rice,169933.0,402803.0,2.370363613894888,2.370363613894888,2370.363613894888,1155.74,27.12967213114754,24.42688524590164,30.59273224043716,85.18469945355191,15.613934426229507,2.175464480874317,183.0,0.5564724002598447
West Bengal,Purulia,1998,Summer,Rice,3060.0,404800.0,132.2875816993464,132.28758169934642,132287.58169934645,295.94,29.35967213114754,22.445,36.83352459016393,51.66696721311475,21.135081967213114,2.016639344262295,122.0,
West Bengal,North 24 Parganas,2007,Winter,Rice,157175.0,404941.0,2.576370287895658,2.576370287895658,2576.370287895658,1824.27,26.83568306010929,24.106994535519124,30.13437158469945,86.78426229508197,15.440983606557376,2.162568306010929,183.0,0.5532507525463457
West Bengal,North 24 Parganas,2008,Winter,Rice,157226.0,406213.0,2.583624845763423,2.583624845763423,2583.6248457634238,1274.08,26.608633879781426,23.90989071038252,29.88377049180328,86.54688524590163,15.70912568306011,2.136775956284153,183.0,0.5624749266742125
West Bengal,North 24 Parganas,2006,Winter,Rice,170626.0,407810.0,2.390081230293156,2.390081230293156,2390.081230293156,1264.34,26.92502732240437,24.21311475409836,30.32333333333333,85.8675956284153,15.285737704918033,2.003934426229508,183.0,0.5519106867180865
West Bengal,Purulia,2003,Summer,Rice,1800.0,410400.0,228.0,228.0,228000.0,255.67,30.42344262295082,23.410819672131147,38.25540983606557,45.00295081967213,21.423688524590165,2.008688524590164,122.0,0.3332641371713154
West Bengal,COOCHBEHAR,2009,Winter,Rice,218509.0,411030.0,1.8810666837521568,1.8810666837521568,1881.066683752157,,,,,,,,,
West Bengal,Purulia,2008,Autumn,Rice,2119.0,416900.0,196.7437470504956,196.74374705049556,196743.74705049556,1348.1,28.426405228758167,24.864705882352943,32.51699346405229,78.14091503267973,17.56686274509804,2.0329411764705885,153.0,0.5075951281508982
West Bengal,MEDINIPUR EAST,2008,Autumn,Rice,14820.0,422400.0,28.502024291497968,28.50202429149797,28502.02429149797,,,,,,,,,
West Bengal,North 24 Parganas,1999,Winter,Rice,192944.0,423850.0,2.1967513890040635,2.1967513890040635,2196.751389004064,1611.16,26.60213114754098,23.93371584699453,29.96295081967213,86.64994535519126,15.314972677595629,2.1936065573770493,183.0,
West Bengal,North 24 Parganas,1998,Summer,Rice,114251.0,425881.0,3.727591005768002,3.727591005768002,3727.591005768002,444.78,29.23729508196721,24.36229508196721,35.33155737704918,68.13475409836066,19.280081967213118,2.529672131147541,122.0,
West Bengal,Darjeeling,2011,Summer,Rice,1579.0,429900.0,272.2609246358455,272.26092463584547,272260.92463584547,497.31,20.456803278688525,15.518688524590164,26.344754098360657,59.18049180327869,16.365655737704916,1.4548360655737709,122.0,0.6206282107443205
West Bengal,North 24 Parganas,2002,Winter,Rice,180898.0,436010.0,2.4102532919103585,2.4102532919103585,2410.2532919103587,1148.24,26.67229508196721,23.940601092896177,30.000710382513663,86.44715846994535,15.549125683060108,2.065245901639344,183.0,0.5550526757503546
West Bengal,Purulia,2007,Summer,Rice,2825.0,443700.0,157.06194690265488,157.06194690265488,157061.9469026549,293.27,29.55934426229508,23.175983606557374,36.75639344262295,51.04295081967213,21.29565573770492,2.1190163934426227,122.0,0.3603019691513054
West Bengal,DINAJPUR DAKSHIN,2011,Autumn,Rice,2110.0,445700.0,211.2322274881517,211.2322274881517,211232.2274881517,,,,,,,,,
West Bengal,COOCHBEHAR,2005,Winter,Rice,235239.0,449044.0,1.9088841561135697,1.9088841561135697,1908.8841561135696,,,,,,,,,
West Bengal,COOCHBEHAR,2011,Winter,Rice,219727.0,452052.0,2.0573347836178533,2.0573347836178533,2057.334783617853,,,,,,,,,
West Bengal,North 24 Parganas,2001,Winter,Rice,198499.0,463190.0,2.3334626370913707,2.3334626370913707,2333.4626370913707,1280.25,26.948360655737705,24.53808743169399,30.00704918032787,88.01322404371585,15.206120218579231,2.0575956284153007,183.0,0.5526763763140224
West Bengal,HOWRAH,2013,Autumn,Rice,1572.0,466000.0,296.4376590330789,296.4376590330789,296437.6590330789,,,,,,,,,
West Bengal,Paschim Bardhaman,2016,Autumn,Rice,1615.0,472400.0,292.5077399380805,292.5077399380805,292507.7399380805,1369.52,29.47215686274509,25.68503267973856,34.01111111111111,75.75352941176472,17.75764705882353,2.362614379084968,153.0,0.489775140612486
West Bengal,BARDHAMAN,2011,Summer,Rice,169333.0,476332.0,2.812989789349979,2.812989789349979,2812.989789349979,,,,,,,,,
West Bengal,COOCHBEHAR,2012,Winter,Rice,219730.0,487072.0,2.216684112319665,2.216684112319665,2216.684112319665,,,,,,,,,
West Bengal,DINAJPUR DAKSHIN,1997,Autumn,Rice,4783.0,489000.0,102.23708969266151,102.23708969266151,102237.08969266152,,,,,,,,,
West Bengal,BARDHAMAN,2014,Summer,Rice,150267.0,490532.0,3.264402696533504,3.264402696533504,3264.402696533504,,,,,,,,,
West Bengal,South 24 Parganas,1997,Winter,Rice,373220.0,494160.0,1.3240447993140776,1.3240447993140776,1324.0447993140776,1257.47,27.565464480874315,25.44344262295082,30.10852459016393,82.5156830601093,16.019344262295082,3.095245901639344,183.0,
West Bengal,Darjeeling,2012,Autumn,Rice,3478.0,497700.0,143.09948246118458,143.09948246118458,143099.48246118458,1255.6,22.780718954248364,19.38836601307189,26.84568627450981,78.4983660130719,15.442549019607844,1.2387581699346406,153.0,0.7408575144924362
West Bengal,South 24 Parganas,1998,Winter,Rice,363033.0,500380.0,1.3783319973666306,1.3783319973666306,1378.3319973666305,1402.65,27.85950819672131,25.99387978142077,30.22,85.4377049180328,15.515136612021855,3.3566666666666665,183.0,
West Bengal,COOCHBEHAR,2010,Winter,Rice,222220.0,505675.0,2.275560255602556,2.275560255602556,2275.560255602556,,,,,,,,,
West Bengal,COOCHBEHAR,2014,Winter,Rice,217046.0,515777.0,2.376348792421883,2.376348792421883,2376.348792421883,,,,,,,,,
West Bengal,Maldah,2016,Autumn,Rice,2116.0,531600.0,251.2287334593573,251.22873345935727,251228.7334593573,1224.66,30.034444444444446,26.585686274509804,34.0262091503268,76.5067320261438,16.927124183006537,2.3113725490196075,153.0,0.5694278285790988
West Bengal,DINAJPUR UTTAR,2018,Autumn,Rice,1875.0,533000.0,284.26666666666665,284.26666666666665,284266.6666666666,,,,,,,,,
West Bengal,HOWRAH,2012,Autumn,Rice,1662.0,537800.0,323.5860409145608,323.5860409145608,323586.0409145608,,,,,,,,,
West Bengal,Birbhum,2010,Winter,Rice,186962.0,539456.0,2.8853777773023395,2.8853777773023395,2885.3777773023394,783.33,27.597213114754098,23.858852459016397,32.05639344262295,79.23218579234972,16.759945355191256,1.9640983606557376,183.0,0.5970315483190738
West Bengal,COOCHBEHAR,2013,Winter,Rice,212855.0,540216.0,2.5379530666416104,2.5379530666416104,2537.9530666416103,,,,,,,,,
West Bengal,Maldah,2010,Autumn,Rice,3440.0,550400.0,160.0,160.0,160000.0,965.32,29.87509803921569,26.266470588235293,34.04254901960785,77.1349019607843,17.34777777777778,2.252941176470588,153.0,0.5242551913655438
West Bengal,Maldah,2012,Autumn,Rice,3098.0,551900.0,178.14719173660427,178.14719173660427,178147.19173660426,901.92,30.809281045751632,26.867385620915037,35.076993464052286,71.44143790849674,17.55640522875817,2.12359477124183,153.0,0.513197645837949
West Bengal,Darjeeling,2017,Summer,Rice,2318.0,556700.0,240.1639344262295,240.1639344262295,240163.9344262295,528.18,20.706147540983608,16.259672131147543,26.20516393442623,63.19844262295082,15.7427868852459,1.4781147540983608,122.0,0.6629195707803028
West Bengal,BARDHAMAN,2005,Summer,Rice,207192.0,558393.0,2.6950509672188114,2.6950509672188114,2695.050967218812,,,,,,,,,
West Bengal,South 24 Parganas,2007,Winter,Rice,324295.0,569092.0,1.7548590018347492,1.7548590018347492,1754.8590018347493,1819.7,27.342131147540982,25.30142076502732,29.74295081967213,84.58103825136612,15.440983606557376,3.270928961748634,183.0,0.5752977980387379
West Bengal,Darjeeling,2016,Summer,Rice,2421.0,583600.0,241.05741429161503,241.05741429161503,241057.41429161504,643.49,21.775245901639344,17.219754098360657,27.426475409836065,56.478524590163936,16.076065573770492,1.5919672131147542,122.0,0.630598042424619
West Bengal,BARDHAMAN,2010,Summer,Rice,189443.0,585863.0,3.092555544411776,3.092555544411776,3092.555544411776,,,,,,,,,
West Bengal,HOWRAH,2002,Autumn,Rice,2629.0,586800.0,223.20273868391027,223.20273868391024,223202.73868391023,,,,,,,,,
West Bengal,BARDHAMAN,2012,Summer,Rice,163328.0,592495.0,3.627638861677116,3.627638861677116,3627.638861677116,,,,,,,,,
West Bengal,DINAJPUR UTTAR,2019,Autumn,Rice,2251.0,602100.0,267.4811195024433,267.48111950244333,267481.1195024433,,,,,,,,,
West Bengal,Maldah,2013,Autumn,Rice,3116.0,605400.0,194.2875481386393,194.2875481386393,194287.5481386393,935.01,29.653660130718954,26.331895424836603,33.356078431372545,78.82529411764706,17.35542483660131,1.9958823529411764,153.0,0.5823538352012887
West Bengal,Darjeeling,2019,Autumn,Rice,2953.0,608400.0,206.027768371148,206.027768371148,206027.768371148,1581.35,22.421633986928107,19.35830065359477,26.116666666666667,83.10901960784314,15.100065359477124,1.322483660130719,153.0,0.792026769032517
West Bengal,Birbhum,2000,Winter,Rice,261748.0,609130.0,2.327162003148066,2.327162003148066,2327.162003148066,937.99,26.723661202185795,23.048743169398907,30.877158469945357,80.94295081967213,16.694043715846995,1.949016393442623,183.0,0.5330659352323113
West Bengal,BARDHAMAN,2004,Summer,Rice,200398.0,609379.0,3.04084372099522,3.04084372099522,3040.84372099522,,,,,,,,,
West Bengal,Darjeeling,2019,Summer,Rice,2222.0,619900.0,278.982898289829,278.982898289829,278982.89828982897,492.25,20.53696721311476,15.845,26.2455737704918,61.68377049180328,16.011475409836066,1.409262295081967,122.0,0.680971804504028
West Bengal,South 24 Parganas,2009,Winter,Rice,314183.0,620950.0,1.9763959221218208,1.9763959221218208,1976.3959221218208,1273.82,27.5524043715847,25.268469945355196,30.288852459016397,82.7932786885246,15.770273224043716,3.0580327868852457,183.0,0.5837400730171062
West Bengal,South 24 Parganas,2000,Winter,Rice,335463.0,628220.0,1.8726953494126028,1.8726953494126028,1872.6953494126028,1155.61,27.41841530054645,25.30327868852459,29.9424043715847,83.51306010928961,15.870765027322404,3.11120218579235,183.0,0.5933024084361673
West Bengal,South 24 Parganas,2010,Winter,Rice,297915.0,628668.0,2.110226071194804,2.110226071194804,2110.226071194804,1110.44,28.031475409836062,25.98098360655738,30.46360655737705,82.83672131147542,16.083825136612024,2.9412021857923496,183.0,0.5938934019633654
West Bengal,Purulia,1997,Autumn,Rice,4327.0,635000.0,146.75294661428242,146.75294661428242,146752.9466142824,1302.0,29.3840522875817,25.2959477124183,33.92895424836601,70.75065359477125,17.74921568627451,2.2111111111111112,153.0,
West Bengal,Darjeeling,2011,Autumn,Rice,3468.0,646100.0,186.3033448673588,186.3033448673587,186303.3448673587,1649.51,21.887189542483657,18.70307189542484,25.641045751633985,84.17359477124182,14.824444444444444,1.328758169934641,153.0,0.7711970825347598
West Bengal,BARDHAMAN,2002,Summer,Rice,216157.0,650283.0,3.00838279583821,3.00838279583821,3008.3827958382103,,,,,,,,,
West Bengal,Darjeeling,2018,Summer,Rice,2121.0,650600.0,306.7421027817068,306.7421027817068,306742.1027817068,547.13,20.24418032786885,15.987295081967211,25.45655737704918,65.8445081967213,14.959016393442624,1.37827868852459,122.0,0.6527374598126541
West Bengal,South 24 Parganas,2015,Autumn,Rice,4034.0,660500.0,163.73326722855725,163.73326722855725,163733.26722855726,1591.36,29.16483660130719,27.23699346405229,31.67339869281045,83.5916339869281,16.177647058823528,3.708039215686275,153.0,0.5731679871096726
West Bengal,BARDHAMAN,2008,Summer,Rice,233697.0,661427.0,2.8302759556177444,2.8302759556177444,2830.2759556177443,,,,,,,,,
West Bengal,South 24 Parganas,2006,Winter,Rice,330060.0,662961.0,2.008607525904381,2.008607525904381,2008.607525904381,1441.47,27.38983606557377,25.31349726775956,29.83010928961749,84.47,15.285737704918033,3.084699453551913,183.0,0.5751802671013347
West Bengal,BARDHAMAN,2013,Summer,Rice,176219.0,668407.0,3.793047287749902,3.793047287749902,3793.0472877499024,,,,,,,,,
West Bengal,South 24 Parganas,2011,Winter,Rice,313946.0,670597.0,2.1360265778191154,2.1360265778191154,2136.026577819116,1440.47,27.556448087431693,25.346502732240435,30.120546448087435,82.59092896174863,15.125300546448086,2.990327868852459,183.0,0.5848825518865433
West Bengal,BARDHAMAN,2007,Summer,Rice,203741.0,679998.0,3.3375609229364733,3.3375609229364733,3337.560922936473,,,,,,,,,
West Bengal,South 24 Parganas,2005,Winter,Rice,339079.0,682030.0,2.011419167804553,2.011419167804553,2011.419167804553,1340.99,27.410109289617488,25.29513661202186,29.95699453551913,83.45830601092896,15.447377049180329,3.265191256830601,183.0,0.593118096265511
West Bengal,Darjeeling,2013,Autumn,Rice,3512.0,682300.0,194.2767653758542,194.2767653758542,194276.7653758542,1505.22,22.319738562091505,19.093202614379084,26.169607843137253,80.81856209150327,15.422483660130718,1.1913071895424838,153.0,0.7642861584054028
West Bengal,Maldah,2014,Autumn,Rice,2937.0,685400.0,233.36738168198843,233.36738168198843,233367.3816819884,1062.34,30.43954248366013,26.822875816993463,34.46254901960785,74.87032679738562,17.118039215686274,2.163202614379085,153.0,0.548246068731933
West Bengal,BARDHAMAN,1997,Summer,Rice,201048.0,691690.0,3.440422187736262,3.440422187736262,3440.422187736262,,,,,,,,,
West Bengal,Bankura,1998,Winter,Rice,294528.0,692470.0,2.35111772055628,2.35111772055628,2351.11772055628,1032.24,27.38967213114754,24.07497267759563,31.4796174863388,82.10005464480874,16.410437158469946,2.0111475409836066,183.0,
West Bengal,South 24 Parganas,2002,Winter,Rice,343596.0,694975.0,2.022651602463358,2.022651602463358,2022.651602463358,1219.15,27.17852459016393,25.097158469945352,29.635245901639344,84.22459016393442,15.549125683060108,3.1397814207650274,183.0,0.5985153761169847
West Bengal,BARDHAMAN,2000,Winter,Rice,344094.0,698020.0,2.028573587449941,2.028573587449941,2028.573587449941,,,,,,,,,
West Bengal,BARDHAMAN,2003,Summer,Rice,215469.0,699200.0,3.2450143640152413,3.2450143640152413,3245.0143640152414,,,,,,,,,
West Bengal,South 24 Parganas,1999,Winter,Rice,373726.0,705620.0,1.8880677287638536,1.8880677287638536,1888.0677287638537,1720.53,27.025355191256832,24.98896174863388,29.48371584699454,84.63306010928962,15.314972677595629,3.302677595628415,183.0,
West Bengal,Bankura,2003,Winter,Rice,264939.0,706993.0,2.668512374546594,2.668512374546594,2668.512374546594,1086.77,26.933497267759563,23.4148087431694,31.19781420765027,81.34021857923497,16.097540983606557,2.051748633879781,183.0,0.5743838224379159
West Bengal,Darjeeling,2018,Autumn,Rice,3328.0,709600.0,213.22115384615384,213.22115384615384,213221.15384615384,1398.3,22.140392156862745,19.2640522875817,25.69843137254902,86.05392156862744,14.906470588235294,1.272549019607843,153.0,0.7607078235899334
West Bengal,Purulia,1997,Summer,Rice,2995.0,713000.0,238.0634390651085,238.06343906510853,238063.4390651085,443.68,30.50688524590164,23.413852459016397,38.16450819672131,39.84901639344263,20.979918032786887,2.0551639344262296,122.0,
West Bengal,South 24 Parganas,2012,Winter,Rice,314185.0,714056.0,2.272724668586979,2.272724668586979,2272.724668586979,981.07,27.22295081967213,24.75224043715847,30.27120218579235,82.28311475409836,15.774207650273222,3.491967213114754,183.0,0.6190847285829529
West Bengal,South 24 Parganas,2003,Winter,Rice,353858.0,715537.0,2.0221020861475507,2.0221020861475507,2022.1020861475504,1271.49,27.52584699453552,25.53125683060109,29.966666666666665,83.87584699453552,15.613934426229507,3.29792349726776,183.0,0.6028837447911893
West Bengal,BARDHAMAN,2001,Summer,Rice,218525.0,719603.0,3.2930008008237044,3.2930008008237044,3293.0008008237046,,,,,,,,,
West Bengal,South 24 Parganas,2004,Winter,Rice,338291.0,720977.0,2.131233169076328,2.131233169076328,2131.233169076328,1334.51,27.147377049180328,25.01234972677596,29.68956284153005,83.13808743169399,15.468469945355192,3.251693989071038,183.0,0.588412843704629
West Bengal,South 24 Parganas,2008,Winter,Rice,341567.0,721518.0,2.112376195592665,2.112376195592665,2112.376195592665,1336.19,27.12415300546448,25.052131147540983,29.541475409836067,84.54661202185792,15.70912568306011,3.266448087431694,183.0,0.6043726168024125
West Bengal,BARDHAMAN,2006,Summer,Rice,209769.0,721948.0,3.4416334158050046,3.4416334158050046,3441.6334158050045,,,,,,,,,
West Bengal,Purulia,2001,Autumn,Rice,3132.0,725500.0,231.6411238825032,231.6411238825032,231641.1238825032,1222.61,28.456666666666667,25.019281045751637,32.577712418300656,79.86496732026144,17.753986928104577,2.315424836601307,153.0,0.526853949172539
West Bengal,COOCHBEHAR,2015,Autumn,Rice,4084.0,727100.0,178.0362389813908,178.0362389813908,178036.2389813908,,,,,,,,,
West Bengal,South 24 Parganas,2001,Winter,Rice,336114.0,736064.0,2.1899236568545195,2.1899236568545195,2189.92365685452,1370.26,27.372513661202188,25.59792349726776,29.53125683060109,86.18174863387978,15.206120218579231,3.1444262295081966,183.0,0.618068362350521
West Bengal,BARDHAMAN,2009,Summer,Rice,230750.0,744206.0,3.2251614301191767,3.2251614301191767,3225.1614301191767,,,,,,,,,
West Bengal,South 24 Parganas,2013,Winter,Rice,316815.0,747982.0,2.360942505878825,2.360942505878825,2360.942505878825,1703.26,27.293442622950817,25.23,29.78153005464481,84.6487431693989,15.35,3.24551912568306,183.0,0.6212807777792732
West Bengal,Maldah,2017,Autumn,Rice,2956.0,752200.0,254.46549391069013,254.46549391069013,254465.49391069013,1189.44,29.676601307189543,26.47196078431373,33.391176470588235,80.27333333333333,16.83830065359477,2.285032679738562,153.0,0.5807192896611303
West Bengal,Bankura,2002,Winter,Rice,260685.0,756459.0,2.901812532366649,2.901812532366649,2901.812532366649,1049.9,26.469071038251368,22.76710382513661,30.70300546448087,81.0171038251366,16.292185792349727,1.967650273224044,183.0,0.5727673920640758
West Bengal,Darjeeling,2009,Autumn,Rice,3549.0,762100.0,214.7365455057763,214.73654550577623,214736.54550577627,1086.68,22.315359477124183,18.914183006535943,26.38392156862745,80.87797385620915,15.49503267973856,1.3326143790849672,153.0,0.749377485491437
West Bengal,Kalimpong,2019,Winter,Rice,4735.0,763000.0,161.1404435058078,161.1404435058078,161140.4435058078,1855.74,21.29743169398907,18.790437158469945,24.67846994535519,87.47267759562841,14.47360655737705,0.8178688524590163,183.0,0.8277801263061898
West Bengal,Darjeeling,2017,Autumn,Rice,3885.0,763100.0,196.4221364221364,196.4221364221364,196422.1364221364,1436.04,22.32496732026144,19.481633986928102,25.822941176470582,84.93862745098039,14.84875816993464,1.3351633986928104,153.0,0.7764447549958632
West Bengal,DINAJPUR DAKSHIN,2010,Autumn,Rice,3571.0,772900.0,216.4379725567068,216.4379725567068,216437.9725567068,,,,,,,,,
West Bengal,BARDHAMAN,1999,Summer,Rice,228995.0,773640.0,3.378414375859735,3.378414375859735,3378.414375859735,,,,,,,,,
West Bengal,Birbhum,1999,Winter,Rice,307150.0,783310.0,2.550252319713495,2.550252319713495,2550.252319713495,1103.71,26.459344262295083,23.070874316939893,30.38377049180328,82.56841530054645,16.16633879781421,2.044153005464481,183.0,
West Bengal,Birbhum,2015,Autumn,Rice,2432.0,790800.0,325.1644736842105,325.1644736842105,325164.4736842105,1072.05,29.7678431372549,25.857908496732023,34.35470588235294,76.18137254901961,17.273202614379088,2.324901960784313,153.0,0.5607282913853626
West Bengal,Bankura,1999,Winter,Rice,332424.0,794130.0,2.388906938127211,2.388906938127211,2388.906938127211,1324.55,26.23207650273224,22.808633879781414,30.295081967213115,83.1044262295082,16.16633879781421,2.051967213114754,183.0,
West Bengal,South 24 Parganas,2014,Winter,Rice,325501.0,794541.0,2.4409786759487684,2.4409786759487684,2440.9786759487683,1173.37,27.66754098360656,25.3092349726776,30.389726775956284,81.52218579234973,15.65967213114754,3.1051912568306013,183.0,0.6074850480615924
West Bengal,Bankura,2014,Winter,Rice,294204.0,794716.0,2.7012413155497548,2.7012413155497548,2701.2413155497547,1081.92,26.89601092896175,23.01688524590164,31.35568306010929,79.14819672131148,16.31245901639344,1.9414754098360656,183.0,0.5943955401789645
West Bengal,Bankura,2004,Winter,Rice,287815.0,802518.0,2.78831193648698,2.7883119364869797,2788.3119364869794,1118.66,26.27311475409836,22.729508196721312,30.29005464480874,81.4416393442623,16.60071038251366,2.109289617486339,183.0,0.588878417018034
West Bengal,Birbhum,2009,Winter,Rice,301071.0,805180.0,2.6743857761126115,2.6743857761126115,2674.3857761126114,1120.24,27.01120218579235,23.146120218579235,31.441092896174865,79.23743169398908,16.80109289617486,1.9165573770491804,183.0,0.5888503495999513
West Bengal,Bankura,2000,Winter,Rice,333437.0,812060.0,2.4354225835765075,2.4354225835765075,2435.422583576508,823.65,26.61841530054645,22.762295081967213,31.088852459016397,79.86551912568305,16.694043715846995,2.0081967213114758,183.0,0.544279882290265
West Bengal,Darjeeling,2014,Autumn,Rice,3910.0,815800.0,208.6445012787724,208.6445012787724,208644.5012787724,1255.57,22.59823529411765,19.49372549019608,26.363529411764706,81.09058823529412,15.123202614379084,1.271111111111111,153.0,0.738535674668061
West Bengal,Darjeeling,2010,Autumn,Rice,3451.0,818100.0,237.0617212402202,237.06172124022024,237061.72124022024,1766.93,21.99372549019608,18.906928104575165,25.63967320261438,84.10633986928104,14.837385620915033,1.2627450980392156,153.0,0.7411446133827209
West Bengal,COOCHBEHAR,2017,Autumn,Rice,4591.0,819700.0,178.54497930734044,178.54497930734044,178544.97930734043,,,,,,,,,
West Bengal,COOCHBEHAR,2016,Autumn,Rice,4529.0,820900.0,181.254139986752,181.25413998675205,181254.13998675204,,,,,,,,,
West Bengal,HOWRAH,2004,Autumn,Rice,3652.0,825900.0,226.1500547645126,226.1500547645126,226150.05476451255,,,,,,,,,
West Bengal,HOWRAH,2014,Autumn,Rice,2836.0,828700.0,292.20733427362484,292.20733427362484,292207.3342736248,,,,,,,,,
West Bengal,Kalimpong,2018,Winter,Rice,4752.0,838100.0,176.36784511784512,176.36784511784512,176367.8451178451,1640.4,20.92087431693989,18.139508196721312,24.57366120218579,84.65836065573771,14.693606557377048,0.8014754098360655,183.0,0.8147575655156079
West Bengal,BARDHAMAN,2000,Summer,Rice,219769.0,839305.0,3.819032711619928,3.819032711619928,3819.032711619928,,,,,,,,,
West Bengal,Birbhum,1997,Winter,Rice,309991.0,840840.0,2.7124658457826194,2.7124658457826194,2712.4658457826195,1016.72,26.98803278688525,23.335409836065573,31.18983606557377,79.45754098360655,16.431584699453552,2.0038251366120217,183.0,
West Bengal,Bankura,2008,Winter,Rice,303565.0,842313.0,2.77473687678092,2.77473687678092,2774.7368767809203,1262.05,26.19535519125683,22.822896174863388,30.010819672131145,84.11650273224043,16.1375956284153,1.902185792349727,183.0,0.5935905173947039
West Bengal,Bankura,2009,Winter,Rice,318205.0,844882.0,2.655149981929888,2.655149981929888,2655.149981929888,1134.12,26.800983606557377,22.91486338797814,31.215245901639346,79.5956830601093,16.80109289617486,1.9595081967213115,183.0,0.5834202877039507
West Bengal,Bankura,2005,Winter,Rice,316127.0,847144.0,2.679758451508413,2.679758451508413,2679.758451508413,922.4,27.132513661202186,23.245245901639343,31.627978142076504,77.43076502732241,16.313715846994533,2.1195081967213114,183.0,0.587650930324688
West Bengal,Maldah,2011,Autumn,Rice,3689.0,854700.0,231.6888045540797,231.6888045540797,231688.8045540797,1221.6,29.48699346405229,26.10281045751634,33.26346405228758,78.76196078431373,17.04294117647059,2.43843137254902,153.0,0.5613167121078023
West Bengal,Birbhum,2004,Winter,Rice,308737.0,855316.0,2.77037089820786,2.77037089820786,2770.37089820786,1103.14,26.44360655737705,23.036994535519128,30.36448087431694,82.07803278688525,16.60071038251366,2.120218579234973,183.0,0.5845346373372611
West Bengal,Bankura,2012,Winter,Rice,322444.0,864752.0,2.6818672389624245,2.6818672389624245,2681.8672389624244,1147.96,26.46754098360656,22.60688524590164,31.15021857923497,80.01098360655737,16.296120218579237,2.029344262295082,183.0,0.5942395142404027
West Bengal,Purulia,1999,Summer,Rice,3576.0,865000.0,241.8903803131991,241.8903803131991,241890.3803131991,337.92,30.14352459016393,22.68549180327869,38.28098360655738,41.21049180327869,21.76688524590164,2.1657377049180324,122.0,
West Bengal,Maldah,2015,Autumn,Rice,3568.0,869700.0,243.75,243.75,243750.0,1042.5,30.09019607843137,26.395490196078438,34.25915032679738,76.3354248366013,16.937712418300652,2.334313725490196,153.0,0.5751725389759522
West Bengal,DINAJPUR DAKSHIN,2009,Autumn,Rice,5170.0,870500.0,168.37524177949712,168.3752417794971,168375.2417794971,,,,,,,,,
West Bengal,Maldah,2019,Autumn,Rice,3258.0,871500.0,267.49539594843463,267.49539594843463,267495.39594843466,1269.31,30.36764705882353,26.690849673202614,34.638627450980394,76.15490196078431,17.08143790849673,2.4480392156862747,153.0,0.5949881333275152
West Bengal,Bankura,2013,Winter,Rice,317884.0,874486.0,2.750959469492016,2.750959469492016,2750.959469492016,1623.47,26.1975956284153,22.99874316939891,29.919398907103822,85.49972677595629,15.988032786885244,1.988415300546448,183.0,0.6228904945147666
West Bengal,Birbhum,2012,Winter,Rice,312496.0,876823.0,2.805869515129794,2.805869515129794,2805.869515129794,960.6,26.654972677595627,22.6988524590164,31.481803278688524,78.37371584699453,16.296120218579237,2.087158469945355,183.0,0.62240280363322
West Bengal,Birbhum,2003,Winter,Rice,300623.0,878083.0,2.920877644092435,2.920877644092435,2920.877644092435,879.99,27.122677595628414,23.628524590163934,31.30262295081967,80.74267759562841,16.097540983606557,2.0200546448087437,183.0,0.5805814608967587
West Bengal,BARDHAMAN,1998,Summer,Rice,249525.0,882289.0,3.535874160905721,3.535874160905721,3535.874160905721,,,,,,,,,
West Bengal,Darjeeling,2016,Autumn,Rice,3905.0,886200.0,226.9398207426377,226.93982074263764,226939.82074263765,1583.15,22.203398692810456,19.48718954248366,25.434313725490195,84.95196078431373,14.264313725490195,1.3086928104575162,153.0,0.7649984351768896
West Bengal,Birbhum,1998,Winter,Rice,312904.0,890320.0,2.845345537289392,2.845345537289392,2845.3455372893923,1073.83,27.39803278688525,24.139289617486337,31.376120218579235,82.73245901639343,16.410437158469946,1.96896174863388,183.0,
West Bengal,ALIPURDUAR,2016,Summer,Rice,3156.0,894000.0,283.2699619771863,283.2699619771863,283269.9619771863,,,,,,,,,
West Bengal,Birbhum,2002,Winter,Rice,315681.0,902095.0,2.857615757679429,2.857615757679429,2857.6157576794294,968.3,26.615901639344266,23.02677595628415,30.76306010928962,81.51273224043716,16.292185792349727,1.9510928961748637,183.0,0.5741227788630778
West Bengal,Kalimpong,2016,Winter,Rice,4776.0,909000.0,190.32663316582915,190.32663316582915,190326.63316582915,1861.07,21.290819672131143,18.845081967213115,24.48928961748634,86.95633879781421,14.361584699453552,0.8110382513661202,183.0,0.8190078417889315
West Bengal,Birbhum,2001,Winter,Rice,307985.0,911950.0,2.961020828936474,2.961020828936474,2961.020828936474,1054.18,26.7596174863388,23.59229508196721,30.52,84.48612021857925,16.237759562841532,1.9904918032786885,183.0,0.5895329191755723
West Bengal,Darjeeling,2015,Autumn,Rice,3914.0,918500.0,234.6704138988248,234.67041389882476,234670.41389882477,1433.12,22.385555555555555,19.494771241830065,25.8640522875817,83.47124183006537,15.193398692810458,1.2997385620915032,153.0,0.7814242430521758
West Bengal,Bankura,2007,Winter,Rice,328783.0,926283.0,2.817308072497666,2.817308072497666,2817.3080724976658,1671.5,26.48049180327869,23.121475409836066,30.377704918032787,83.97191256830601,16.321366120218578,2.1267213114754098,183.0,0.5804144870879
West Bengal,Kalimpong,2017,Winter,Rice,4824.0,929600.0,192.7031509121061,192.7031509121061,192703.15091210612,1654.23,21.285901639344264,18.72584699453552,24.758579234972675,86.33633879781421,14.734699453551912,0.843879781420765,183.0,0.8255658292357
West Bengal,Birbhum,2008,Winter,Rice,307871.0,931728.0,3.0263584423346144,3.0263584423346144,3026.358442334614,1056.41,26.508907103825138,23.059125683060103,30.41229508196721,83.39732240437158,16.1375956284153,1.8465573770491803,183.0,0.5862464347687197
West Bengal,COOCHBEHAR,2019,Autumn,Rice,5161.0,940200.0,182.17399728734745,182.17399728734745,182173.99728734745,,,,,,,,,
West Bengal,Birbhum,2011,Winter,Rice,326412.0,940842.0,2.8823756479541194,2.8823756479541194,2882.37564795412,1275.99,26.711803278688524,23.309508196721318,30.564699453551917,83.02743169398907,15.83344262295082,1.9542622950819672,183.0,0.5686463672599392
West Bengal,Bankura,2006,Winter,Rice,336129.0,945567.0,2.813107467668663,2.813107467668663,2813.107467668663,1372.56,26.34967213114754,23.031857923497267,30.09896174863388,84.21005464480875,16.305956284153005,1.911912568306011,183.0,0.5885852230858785
West Bengal,Birbhum,2005,Winter,Rice,314476.0,948410.0,3.0158422264338136,3.0158422264338136,3015.8422264338137,987.49,27.336994535519125,23.5192349726776,31.635081967213114,77.88486338797814,16.313715846994533,2.0313661202185798,183.0,0.5986706962379779
West Bengal,Birbhum,2007,Winter,Rice,314944.0,958708.0,3.0440586262954685,3.0440586262954685,3044.0586262954685,1500.31,26.65453551912568,23.35540983606557,30.449125683060107,84.14704918032787,16.321366120218578,2.048032786885246,183.0,0.6010892361652651
West Bengal,Birbhum,2006,Winter,Rice,312799.0,960320.0,3.0700865411973823,3.0700865411973823,3070.0865411973823,1077.84,26.637213114754097,23.309125683060103,30.53366120218579,83.35147540983607,16.305956284153005,1.836830601092896,183.0,0.5823338318089332
West Bengal,Bankura,2011,Winter,Rice,317968.0,969693.0,3.0496559402204,3.0496559402203998,3049.6559402203998,1490.42,26.484043715846997,23.048032786885244,30.37972677595628,83.14398907103825,15.83344262295082,1.9395628415300543,183.0,0.5839968969277729
West Bengal,Bankura,1997,Winter,Rice,354447.0,973590.0,2.7467858382212293,2.7467858382212293,2746.7858382212294,1244.89,26.93005464480874,23.356338797814207,31.01530054644809,80.494043715847,16.431584699453552,1.9720218579234967,183.0,
West Bengal,Maldah,2006,Autumn,Rice,6655.0,996500.0,149.73703981968444,149.73703981968444,149737.03981968443,1008.84,29.419019607843136,26.08091503267974,33.14437908496732,78.9856862745098,17.61281045751634,2.3329411764705883,153.0,0.5591424083353613
West Bengal,BARDHAMAN,1999,Winter,Rice,414208.0,1000580.0,2.415646245364648,2.415646245364648,2415.646245364648,,,,,,,,,
West Bengal,ALIPURDUAR,2017,Summer,Rice,3312.0,1002700.0,302.7475845410628,302.7475845410628,302747.5845410628,,,,,,,,,
West Bengal,Bankura,2001,Winter,Rice,352283.0,1013371.0,2.876582179668051,2.876582179668051,2876.582179668051,1229.61,26.45131147540984,23.357322404371587,30.11688524590164,85.56863387978142,16.237759562841532,2.080273224043716,183.0,0.5871985491060832
West Bengal,Maldah,2008,Autumn,Rice,5939.0,1026900.0,172.9078969523489,172.9078969523489,172907.89695234888,979.43,29.487254901960785,26.122875816993464,33.235359477124184,78.18196078431373,17.038169934640525,2.141503267973856,153.0,0.5385581053649184
West Bengal,Birbhum,2014,Winter,Rice,315561.0,1029374.0,3.2620444224729925,3.2620444224729925,3262.0444224729927,947.98,27.086338797814207,23.3044262295082,31.569508196721312,79.13491803278689,16.31245901639344,1.8568306010928963,183.0,0.5933260391175764
West Bengal,BARDHAMAN,2010,Winter,Rice,364128.0,1053602.0,2.893493496792337,2.893493496792337,2893.493496792337,,,,,,,,,
West Bengal,Birbhum,2013,Winter,Rice,322256.0,1064745.0,3.3040346805024576,3.3040346805024576,3304.034680502458,1224.81,26.48448087431694,23.25825136612022,30.22612021857924,85.0403825136612,15.988032786885244,1.9159562841530056,183.0,0.6203999615882332
West Bengal,South 24 Parganas,2017,Autumn,Rice,4198.0,1094800.0,260.79085278704144,260.79085278704144,260790.85278704143,1704.96,29.30281045751634,27.468496732026143,31.76699346405229,83.16084967320262,16.435294117647057,3.4440522875817,153.0,0.5594310426510808
West Bengal,HOWRAH,2003,Autumn,Rice,4586.0,1123000.0,244.875708678587,244.87570867858705,244875.70867858705,,,,,,,,,
West Bengal,BARDHAMAN,2007,Winter,Rice,414468.0,1126762.0,2.718574172191822,2.718574172191822,2718.574172191822,,,,,,,,,
West Bengal,DINAJPUR DAKSHIN,1998,Autumn,Rice,5095.0,1128000.0,221.3935230618253,221.3935230618253,221393.5230618253,,,,,,,,,
West Bengal,Maldah,2007,Autumn,Rice,6181.0,1131200.0,183.01245753114384,183.01245753114384,183012.45753114385,1232.06,29.78921568627451,26.37954248366013,33.541111111111114,77.4262091503268,16.8259477124183,2.294117647058824,153.0,0.5328074763212486
West Bengal,BARDHAMAN,1997,Winter,Rice,417834.0,1146060.0,2.742859604531944,2.7428596045319438,2742.859604531943,,,,,,,,,
West Bengal,BARDHAMAN,2001,Winter,Rice,420467.0,1155222.0,2.7474736424023765,2.7474736424023765,2747.4736424023763,,,,,,,,,
West Bengal,HOOGHLY,2010,Autumn,Rice,4474.0,1155500.0,258.2700044702727,258.2700044702727,258270.0044702727,,,,,,,,,
West Bengal,BARDHAMAN,1998,Winter,Rice,416509.0,1161520.0,2.7887032453080245,2.7887032453080245,2788.7032453080246,,,,,,,,,
West Bengal,BARDHAMAN,2008,Winter,Rice,417486.0,1170211.0,2.802994591435401,2.802994591435401,2802.9945914354016,,,,,,,,,
West Bengal,Maldah,2009,Autumn,Rice,5805.0,1179000.0,203.10077519379848,203.10077519379848,203100.77519379844,1072.59,30.20712418300653,26.439411764705884,34.38091503267974,74.019477124183,17.601633986928107,2.2401960784313726,153.0,0.5491816042266623
West Bengal,BARDHAMAN,2006,Winter,Rice,419514.0,1201310.0,2.863575470663673,2.863575470663673,2863.575470663673,,,,,,,,,
West Bengal,BARDHAMAN,2002,Winter,Rice,404986.0,1204889.0,2.975137412157457,2.975137412157457,2975.137412157457,,,,,,,,,
West Bengal,South 24 Parganas,2018,Autumn,Rice,4290.0,1206700.0,281.2820512820513,281.28205128205127,281282.05128205125,1505.8,29.154640522875816,27.24313725490196,31.710849673202617,83.25444444444445,16.438692810457514,3.490392156862745,153.0,0.5891669835796873
West Bengal,DINAJPUR DAKSHIN,2002,Autumn,Rice,8600.0,1212900.0,141.03488372093025,141.03488372093022,141034.88372093023,,,,,,,,,
West Bengal,South 24 Parganas,2016,Autumn,Rice,4719.0,1217000.0,257.8936215299852,257.8936215299852,257893.6215299852,1629.14,29.1856862745098,27.3124183006536,31.779738562091502,82.6256862745098,16.935686274509802,3.362745098039216,153.0,0.5404309630261227
West Bengal,BARDHAMAN,2004,Winter,Rice,416657.0,1231421.0,2.955478967112037,2.955478967112037,2955.478967112037,,,,,,,,,
West Bengal,BARDHAMAN,2011,Winter,Rice,413299.0,1242347.0,3.00592791175396,3.00592791175396,3005.92791175396,,,,,,,,,
West Bengal,BARDHAMAN,2003,Winter,Rice,421645.0,1257087.0,2.981387185902833,2.981387185902833,2981.3871859028327,,,,,,,,,
West Bengal,ALIPURDUAR,2018,Summer,Rice,4071.0,1264700.0,310.6607713092606,310.6607713092606,310660.7713092606,,,,,,,,,
West Bengal,BARDHAMAN,2009,Winter,Rice,429698.0,1271906.0,2.959999813822732,2.9599998138227317,2959.999813822731,,,,,,,,,
West Bengal,Jalpaiguri,1997,Summer,Rice,4485.0,1289000.0,287.4024526198439,287.4024526198439,287402.45261984394,363.72,29.07352459016393,22.422622950819672,36.03868852459016,39.77745901639344,18.66655737704918,1.8772131147540985,122.0,
West Bengal,BARDHAMAN,2012,Winter,Rice,420798.0,1301195.0,3.0922081378713777,3.0922081378713777,3092.208137871378,,,,,,,,,
West Bengal,DINAJPUR DAKSHIN,2000,Autumn,Rice,7353.0,1313000.0,178.56657146742828,178.56657146742825,178566.57146742824,,,,,,,,,
West Bengal,BARDHAMAN,2013,Winter,Rice,418616.0,1323049.0,3.160531370038412,3.160531370038412,3160.531370038412,,,,,,,,,
West Bengal,Maldah,2005,Autumn,Rice,6844.0,1327700.0,193.9947399181765,193.9947399181765,193994.7399181765,979.93,30.67830065359477,26.760980392156863,34.89457516339869,71.52464052287581,17.167581699346403,2.22718954248366,153.0,0.5147883748234671
West Bengal,Birbhum,2019,Autumn,Rice,4537.0,1338500.0,295.0187348468151,295.01873484681505,295018.73484681506,906.86,30.51797385620915,26.37941176470588,35.419150326797386,72.83300653594772,17.781830065359475,2.4112418300653595,153.0,0.57314693106419
West Bengal,HOOGHLY,2003,Autumn,Rice,5418.0,1343000.0,247.8774455518641,247.87744555186416,247877.44555186416,,,,,,,,,
West Bengal,BARDHAMAN,2014,Winter,Rice,419814.0,1361138.0,3.242240611318346,3.242240611318346,3242.240611318346,,,,,,,,,
West Bengal,BARDHAMAN,2005,Winter,Rice,417180.0,1365492.0,3.273148281317417,3.273148281317417,3273.148281317417,,,,,,,,,
West Bengal,ALIPURDUAR,2019,Summer,Rice,4575.0,1401600.0,306.3606557377049,306.3606557377049,306360.6557377049,,,,,,,,,
West Bengal,Purba Bardhaman,2019,Autumn,Rice,12710.0,1404000.0,110.46420141620771,110.46420141620771,110464.20141620772,988.33,30.30313725490196,26.69124183006536,35.008039215686274,76.81607843137255,17.781830065359475,2.6512418300653597,153.0,0.5939191240437212
West Bengal,Jalpaiguri,2000,Summer,Rice,6719.0,1418700.0,211.14749218633727,211.14749218633725,211147.49218633724,523.85,27.75622950819672,22.16844262295082,33.970245901639345,53.43688524590164,18.31688524590164,1.7729508196721313,122.0,0.476546556872628
West Bengal,HOOGHLY,2013,Autumn,Rice,5816.0,1434300.0,246.61279229711144,246.6127922971114,246612.79229711145,,,,,,,,,
West Bengal,HOOGHLY,2007,Autumn,Rice,5856.0,1435700.0,245.167349726776,245.167349726776,245167.349726776,,,,,,,,,
West Bengal,HOOGHLY,2011,Autumn,Rice,7494.0,1438700.0,191.98025086736047,191.98025086736052,191980.25086736056,,,,,,,,,
West Bengal,COOCHBEHAR,2018,Autumn,Rice,6779.0,1443100.0,212.8780056055465,212.87800560554652,212878.00560554652,,,,,,,,,
West Bengal,DINAJPUR DAKSHIN,2007,Autumn,Rice,7296.0,1464100.0,200.671600877193,200.671600877193,200671.60087719295,,,,,,,,,
West Bengal,DINAJPUR DAKSHIN,2001,Autumn,Rice,8958.0,1495200.0,166.91225720026793,166.91225720026793,166912.25720026792,,,,,,,,,
West Bengal,HOOGHLY,2012,Autumn,Rice,6089.0,1514400.0,248.7107899490885,248.7107899490885,248710.7899490885,,,,,,,,,
West Bengal,DINAJPUR DAKSHIN,2008,Autumn,Rice,7328.0,1528800.0,208.6244541484716,208.6244541484716,208624.4541484716,,,,,,,,,
West Bengal,HOOGHLY,2008,Autumn,Rice,6346.0,1552300.0,244.6107784431138,244.61077844311376,244610.77844311376,,,,,,,,,
West Bengal,HOOGHLY,2004,Autumn,Rice,6041.0,1554400.0,257.3083926502235,257.3083926502235,257308.39265022348,,,,,,,,,
West Bengal,South 24 Parganas,2019,Autumn,Rice,5192.0,1561200.0,300.693374422188,300.693374422188,300693.374422188,1416.13,29.640849673202617,27.601111111111116,32.499542483660136,81.68633986928104,16.964771241830068,3.851372549019608,153.0,0.5763946277481121
West Bengal,DINAJPUR DAKSHIN,1999,Autumn,Rice,9134.0,1571000.0,171.99474490913073,171.99474490913073,171994.74490913074,,,,,,,,,
West Bengal,Jalpaiguri,1999,Summer,Rice,6614.0,1600000.0,241.9110976716057,241.9110976716057,241911.09767160568,484.67,29.2372131147541,22.99409836065574,35.99147540983606,45.23934426229508,19.06237704918033,1.7792622950819672,122.0,
West Bengal,HOOGHLY,2001,Autumn,Rice,6524.0,1620900.0,248.45187001839363,248.45187001839363,248451.87001839365,,,,,,,,,
West Bengal,HOOGHLY,1998,Autumn,Rice,7456.0,1625000.0,217.9452789699571,217.9452789699571,217945.2789699571,,,,,,,,,
West Bengal,DINAJPUR DAKSHIN,2004,Autumn,Rice,9097.0,1686800.0,185.4237660767286,185.42376607672855,185423.76607672856,,,,,,,,,
West Bengal,MEDINIPUR EAST,2018,Autumn,Rice,11604.0,1691600.0,145.7773181661496,145.7773181661496,145777.3181661496,,,,,,,,,
West Bengal,HOOGHLY,2019,Autumn,Rice,6931.0,1697900.0,244.97186553166927,244.97186553166927,244971.8655316693,,,,,,,,,
West Bengal,Birbhum,2017,Autumn,Rice,5915.0,1703300.0,287.9628064243449,287.9628064243449,287962.8064243449,1421.58,29.57398692810457,26.077908496732025,33.73424836601307,78.9581045751634,17.06424836601307,2.1410457516339867,153.0,0.6048013257922423
West Bengal,DINAJPUR DAKSHIN,2003,Autumn,Rice,9267.0,1705500.0,184.0401424409194,184.0401424409194,184040.1424409194,,,,,,,,,
West Bengal,Maldah,1998,Autumn,Rice,17619.0,1710000.0,97.0543163630172,97.0543163630172,97054.3163630172,1163.63,30.089150326797387,26.641764705882352,33.9637908496732,77.16601307189542,16.91,2.294967320261438,153.0,
West Bengal,Birbhum,2018,Autumn,Rice,5533.0,1730100.0,312.6875112958612,312.6875112958612,312687.5112958612,976.11,29.63202614379085,25.91555555555556,34.0181045751634,77.20084967320261,16.69921568627451,2.206928104575164,153.0,0.5807119146545683
West Bengal,HOOGHLY,1999,Autumn,Rice,8627.0,1783000.0,206.67671264634288,206.67671264634288,206676.71264634287,,,,,,,,,
West Bengal,HOOGHLY,2006,Autumn,Rice,7103.0,1809000.0,254.6811206532451,254.6811206532451,254681.1206532451,,,,,,,,,
West Bengal,HOOGHLY,2014,Autumn,Rice,6157.0,1809600.0,293.90937144713337,293.90937144713337,293909.37144713337,,,,,,,,,
West Bengal,DINAJPUR DAKSHIN,2006,Autumn,Rice,10404.0,1818500.0,174.78854286812762,174.78854286812765,174788.54286812764,,,,,,,,,
West Bengal,Birbhum,2016,Autumn,Rice,6224.0,1820400.0,292.48071979434445,292.48071979434445,292480.71979434445,1253.81,29.721633986928104,25.9540522875817,34.17993464052287,75.9470588235294,17.60222222222222,2.300849673202614,153.0,0.5662499220779593
West Bengal,HOOGHLY,2000,Autumn,Rice,9243.0,1835000.0,198.5286162501353,198.52861625013523,198528.61625013524,,,,,,,,,
West Bengal,MEDINIPUR EAST,2017,Autumn,Rice,12365.0,1856100.0,150.10917913465423,150.10917913465423,150109.17913465426,,,,,,,,,
West Bengal,HOOGHLY,2002,Autumn,Rice,7702.0,1860800.0,241.5995845235004,241.5995845235004,241599.5845235004,,,,,,,,,
West Bengal,Maldah,2004,Autumn,Rice,8097.0,1866300.0,230.4927751018896,230.4927751018896,230492.7751018896,1168.44,29.53392156862745,26.147058823529413,33.35633986928105,77.70738562091503,16.605359477124182,2.4641176470588237,153.0,0.513352573435395
West Bengal,Jalpaiguri,1998,Summer,Rice,6565.0,1915400.0,291.7593297791317,291.75932977913175,291759.32977913175,483.76,28.30049180327869,22.431065573770493,34.646229508196726,51.487131147540985,18.479754098360655,1.806639344262295,122.0,
West Bengal,HOOGHLY,2009,Autumn,Rice,6265.0,1928800.0,307.8691141260974,307.8691141260974,307869.1141260973,,,,,,,,,
West Bengal,Maldah,2002,Autumn,Rice,9872.0,1935800.0,196.0899513776337,196.08995137763367,196089.95137763373,1134.85,29.33934640522876,25.99,33.19803921568628,79.60457516339869,16.43673202614379,2.340718954248366,153.0,0.5332290629139846
West Bengal,ALIPURDUAR,2018,Autumn,Rice,11250.0,1941700.0,172.59555555555556,172.59555555555556,172595.55555555556,,,,,,,,,
West Bengal,DINAJPUR DAKSHIN,2005,Autumn,Rice,10972.0,1969300.0,179.4841414509661,179.4841414509661,179484.1414509661,,,,,,,,,
West Bengal,MEDINIPUR EAST,2007,Autumn,Rice,15473.0,2019000.0,130.48536159762168,130.48536159762168,130485.36159762168,,,,,,,,,
West Bengal,HOOGHLY,2018,Autumn,Rice,6250.0,2054900.0,328.784,328.784,328784.0,,,,,,,,,
West Bengal,Maldah,2001,Autumn,Rice,10684.0,2059100.0,192.7274429052789,192.7274429052789,192727.4429052789,1012.08,29.56352941176471,26.271633986928105,33.36333333333334,79.2148366013072,17.821176470588235,2.4465359477124182,153.0,0.5101805575644061
West Bengal,MEDINIPUR EAST,2019,Autumn,Rice,11969.0,2063200.0,172.3786448324839,172.37864483248393,172378.64483248393,,,,,,,,,
West Bengal,Maldah,2003,Autumn,Rice,8913.0,2080300.0,233.4006507348816,233.4006507348816,233400.6507348816,821.3,30.04215686274509,26.39875816993464,34.21516339869281,75.06346405228757,17.70986928104575,2.410718954248366,153.0,0.4953730680630364
West Bengal,Maldah,1999,Autumn,Rice,12401.0,2092000.0,168.696072897347,168.696072897347,168696.07289734698,1100.12,29.5902614379085,26.31901960784314,33.31686274509804,77.75751633986928,16.039019607843137,2.325751633986928,153.0,
West Bengal,Maldah,2018,Autumn,Rice,6680.0,2131800.0,319.1317365269461,319.1317365269461,319131.7365269461,957.28,29.417581699346407,26.158627450980397,33.258496732026146,80.86588235294117,17.085163398692814,2.2170588235294115,153.0,0.6054909611698813
West Bengal,HOOGHLY,1997,Autumn,Rice,9712.0,2166000.0,223.02306425041184,223.02306425041184,223023.06425041187,,,,,,,,,
West Bengal,Maldah,2000,Autumn,Rice,13370.0,2170000.0,162.30366492146595,162.30366492146598,162303.66492146597,1026.46,29.11797385620915,25.87261437908497,32.840718954248366,80.96470588235294,16.696928104575164,2.378496732026144,153.0,0.5099025916868405
West Bengal,Jalpaiguri,2019,Autumn,Rice,9352.0,2225000.0,237.9170230966638,237.91702309666385,237917.02309666385,2468.04,28.576928104575167,25.47300653594771,32.09901960784313,82.2154248366013,15.83980392156863,1.693202614379085,153.0,0.7151390642549972
West Bengal,MEDINIPUR EAST,2012,Autumn,Rice,11357.0,2254000.0,198.4679052566699,198.4679052566699,198467.90525666988,,,,,,,,,
West Bengal,HOOGHLY,2015,Autumn,Rice,8906.0,2291300.0,257.2759937121042,257.2759937121042,257275.9937121042,,,,,,,,,
West Bengal,Maldah,1997,Autumn,Rice,17986.0,2293000.0,127.48804625820084,127.48804625820082,127488.04625820082,865.78,30.359673202614378,26.273333333333333,34.79457516339869,70.89732026143791,18.44607843137255,2.3877124183006537,153.0,
West Bengal,HOOGHLY,2017,Autumn,Rice,8630.0,2297800.0,266.25724217844726,266.25724217844726,266257.24217844725,,,,,,,,,
West Bengal,MEDINIPUR EAST,2013,Autumn,Rice,11455.0,2329700.0,203.3784373635967,203.37843736359667,203378.43736359663,,,,,,,,,
West Bengal,Jhargram,2019,Autumn,Rice,9475.0,2332000.0,246.12137203166228,246.12137203166228,246121.37203166223,1033.31,30.15823529411765,26.07921568627451,35.34555555555556,74.61647058823529,17.79248366013072,2.4108496732026143,153.0,0.6178847689798702
West Bengal,Murshidabad,2010,Autumn,Rice,11867.0,2335800.0,196.8315496755709,196.8315496755709,196831.5496755709,855.46,29.77222222222222,26.157254901960783,34.200196078431375,78.25562091503268,17.547124183006535,2.353006535947712,153.0,0.5350975490679
West Bengal,Jhargram,2016,Summer,Rice,6751.0,2390600.0,354.11050214782995,354.11050214782995,354110.50214783,322.33,31.485819672131147,25.087868852459017,39.06795081967213,55.52819672131148,20.858442622950815,2.1574590163934424,122.0,0.4026830752532968
West Bengal,Jalpaiguri,2018,Autumn,Rice,8900.0,2396100.0,269.22471910112364,269.2247191011236,269224.7191011236,2069.16,28.111045751633984,25.31830065359477,31.24235294117647,85.12647058823529,15.77562091503268,1.5033986928104577,153.0,0.7017493344351448
West Bengal,ALIPURDUAR,2019,Autumn,Rice,12210.0,2403000.0,196.8058968058968,196.8058968058968,196805.8968058968,,,,,,,,,
West Bengal,MEDINIPUR EAST,2011,Autumn,Rice,13038.0,2424400.0,185.94876514802883,185.94876514802883,185948.7651480288,,,,,,,,,
West Bengal,MEDINIPUR EAST,2015,Autumn,Rice,11946.0,2446500.0,204.7965846308388,204.7965846308388,204796.5846308388,,,,,,,,,
West Bengal,MEDINIPUR EAST,2009,Autumn,Rice,13882.0,2479700.0,178.62699899149982,178.6269989914998,178626.9989914998,,,,,,,,,
West Bengal,Jalpaiguri,2017,Autumn,Rice,11515.0,2507500.0,217.75944420321315,217.7594442032132,217759.4442032132,2141.97,28.246078431372545,25.55156862745098,31.371764705882352,84.9862091503268,16.001960784313727,1.6237908496732023,153.0,0.6988377845208535
West Bengal,Purba Bardhaman,2013,Autumn,Rice,9356.0,2516300.0,268.9504061564772,268.9504061564772,268950.4061564771,1319.98,29.11666666666667,26.21555555555556,32.86732026143791,83.4162091503268,16.96359477124183,2.591372549019608,153.0,0.6305039620975461
West Bengal,MEDINIPUR WEST,2017,Autumn,Rice,10427.0,2526200.0,242.2748633355712,242.27486333557115,242274.86333557116,,,,,,,,,
West Bengal,HOOGHLY,2005,Autumn,Rice,9368.0,2527500.0,269.80145175064047,269.80145175064047,269801.45175064047,,,,,,,,,
West Bengal,DINAJPUR UTTAR,1997,Autumn,Rice,14091.0,2553000.0,181.17947626144348,181.17947626144348,181179.4762614435,,,,,,,,,
West Bengal,Murshidabad,2011,Autumn,Rice,11849.0,2645600.0,223.27622584184323,223.2762258418432,223276.2258418432,1307.28,29.161111111111108,25.897908496732025,32.90450980392157,81.23934640522876,16.68013071895425,2.344705882352941,153.0,0.5457306484198161
West Bengal,Jhargram,2016,Autumn,Rice,8974.0,2646100.0,294.8629373746378,294.86293737463785,294862.93737463787,1313.97,29.260261437908493,25.614183006535946,33.883594771241825,78.269477124183,17.482418300653595,2.272483660130719,153.0,0.5598903790770406
West Bengal,Purba Bardhaman,2010,Autumn,Rice,9285.0,2647800.0,285.1696284329564,285.1696284329564,285169.62843295635,1066.78,29.31385620915033,26.188954248366013,33.41522875816993,81.75143790849673,18.03326797385621,2.472745098039216,153.0,0.5462677966283769
West Bengal,Murshidabad,2012,Autumn,Rice,11682.0,2695300.0,230.7224790275637,230.72247902756376,230722.47902756376,783.33,30.701176470588237,26.732287581699342,35.20464052287582,72.70137254901961,17.555555555555557,2.280980392156863,153.0,0.5001928152189438
West Bengal,HOOGHLY,2016,Autumn,Rice,9714.0,2725900.0,280.615606341363,280.615606341363,280615.606341363,,,,,,,,,
West Bengal,Jalpaiguri,2016,Autumn,Rice,11091.0,2743300.0,247.3446938959517,247.34469389595168,247344.69389595167,2361.36,28.52019607843137,25.707254901960784,31.655032679738564,82.67764705882354,15.658823529411766,1.587843137254902,153.0,0.7056681731089335
West Bengal,ALIPURDUAR,2017,Autumn,Rice,12684.0,2837600.0,223.7149164301482,223.7149164301482,223714.9164301482,,,,,,,,,
West Bengal,ALIPURDUAR,2016,Autumn,Rice,13078.0,2871900.0,219.5977978284141,219.59779782841412,219597.79782841416,,,,,,,,,
West Bengal,Purba Bardhaman,2012,Autumn,Rice,9293.0,2876500.0,309.5340578930377,309.5340578930377,309534.05789303774,893.28,30.077058823529413,26.571503267973856,34.52496732026144,76.9402614379085,17.9,2.6,153.0,0.5359819593025167
West Bengal,Jalpaiguri,2003,Summer,Rice,15096.0,2888200.0,191.3222045574987,191.32220455749868,191322.20455749868,408.29,28.58065573770492,22.705409836065574,34.93303278688524,50.2988524590164,18.132213114754094,1.7700819672131147,122.0,0.5264093241336494
West Bengal,MEDINIPUR EAST,2002,Autumn,Rice,13185.0,2904500.0,220.28820629503227,220.28820629503224,220288.20629503223,,,,,,,,,
West Bengal,MEDINIPUR EAST,2004,Autumn,Rice,13519.0,2915300.0,215.64464827280125,215.64464827280125,215644.64827280125,,,,,,,,,
West Bengal,Murshidabad,2013,Autumn,Rice,11617.0,3003900.0,258.57794611345446,258.5779461134544,258577.9461134544,991.3,29.497973856209143,26.258496732026146,33.30019607843138,80.90307189542483,16.929411764705883,2.256470588235294,153.0,0.5981220514513392
West Bengal,MEDINIPUR EAST,2010,Autumn,Rice,14685.0,3010700.0,205.0187265917603,205.0187265917603,205018.7265917603,,,,,,,,,
West Bengal,Purba Bardhaman,2011,Autumn,Rice,10169.0,3063800.0,301.28822893106496,301.288228931065,301288.228931065,1531.63,28.849019607843136,25.907777777777778,32.48326797385621,83.69882352941177,17.06751633986928,2.4322222222222223,153.0,0.5861202828930743
West Bengal,MEDINIPUR EAST,2005,Autumn,Rice,14873.0,3111800.0,209.2247697169367,209.22476971693672,209224.76971693672,,,,,,,,,
West Bengal,MEDINIPUR EAST,2016,Autumn,Rice,13823.0,3114800.0,225.3345872820661,225.3345872820661,225334.5872820661,,,,,,,,,
West Bengal,MEDINIPUR EAST,2006,Autumn,Rice,15277.0,3356000.0,219.6766380833933,219.67663808339333,219676.6380833933,,,,,,,,,
West Bengal,MEDINIPUR EAST,2014,Autumn,Rice,15111.0,3406400.0,225.42518694990403,225.42518694990403,225425.186949904,,,,,,,,,
West Bengal,Purba Bardhaman,2000,Autumn,Rice,18791.0,3407000.0,181.31020169229947,181.3102016922995,181310.2016922995,1144.24,28.549673202614382,25.73058823529412,32.16751633986928,84.86111111111111,17.358039215686276,2.4424836601307187,153.0,0.4839648522553457
West Bengal,Jalpaiguri,2004,Summer,Rice,19828.0,3411400.0,172.04962679039738,172.0496267903974,172049.62679039742,450.77,28.615737704918036,23.05262295081967,34.728770491803274,54.22303278688525,17.60106557377049,1.8364754098360656,122.0,0.5341905661577303
West Bengal,MEDINIPUR EAST,1999,Autumn,Rice,16784.0,3416000.0,203.52716873212583,203.52716873212583,203527.16873212584,,,,,,,,,
West Bengal,MEDINIPUR EAST,2003,Autumn,Rice,13214.0,3442700.0,260.53428182230965,260.53428182230965,260534.28182230963,,,,,,,,,
West Bengal,Jalpaiguri,2011,Summer,Rice,16929.0,3449700.0,203.77458798511435,203.7745879851143,203774.58798511428,612.1800000000001,28.02188524590164,22.4627868852459,34.15934426229508,53.8417213114754,18.445737704918034,1.7107377049180328,122.0,0.5611267468061314
West Bengal,Jalpaiguri,2008,Summer,Rice,18730.0,3474600.0,185.5098772023492,185.5098772023492,185509.8772023492,587.97,28.45909836065574,22.917704918032783,34.375,52.87262295081968,18.401475409836067,1.6866393442622951,122.0,0.5331739136568425
West Bengal,Jhargram,2018,Autumn,Rice,12435.0,3504500.0,281.82549256131887,281.82549256131887,281825.49256131885,1138.31,29.280915032679736,25.60111111111111,33.80568627450981,78.52065359477125,16.667124183006536,2.2634640522875817,153.0,0.6198451126059776
West Bengal,Murshidabad,2019,Autumn,Rice,12860.0,3511000.0,273.0171073094868,273.0171073094868,273017.1073094868,953.74,30.449215686274503,26.59633986928105,35.12084967320261,75.48372549019608,17.293529411764705,2.443856209150327,153.0,0.6050455417495083
West Bengal,Purba Bardhaman,2009,Autumn,Rice,12066.0,3514100.0,291.23984750538705,291.23984750538705,291239.84750538704,1347.07,29.237254901960785,26.090522875816998,33.17869281045752,81.88307189542483,17.897450980392158,2.3616993464052287,153.0,0.560903938400519
West Bengal,Murshidabad,2009,Autumn,Rice,16629.0,3519400.0,211.6423116242709,211.6423116242709,211642.3116242709,1137.82,29.872418300653592,26.168039215686274,34.128692810457515,76.76333333333334,17.28777777777778,2.2530065359477125,153.0,0.5185294895051076
West Bengal,MEDINIPUR EAST,2000,Autumn,Rice,16275.0,3529000.0,216.8356374807988,216.8356374807988,216835.6374807988,,,,,,,,,
West Bengal,MEDINIPUR EAST,1998,Autumn,Rice,16119.0,3577000.0,221.9120292822135,221.91202928221352,221912.02928221357,,,,,,,,,
West Bengal,Jalpaiguri,2010,Summer,Rice,17314.0,3719300.0,214.81460090100487,214.81460090100495,214814.60090100495,717.02,29.051803278688524,23.3544262295082,35.23786885245902,51.9233606557377,18.01360655737705,1.723688524590164,122.0,0.5378433034877675
West Bengal,Purba Bardhaman,2016,Autumn,Rice,12388.0,3829400.0,309.121730707136,309.12173070713595,309121.7307071359,1381.12,29.464771241830064,26.148627450980392,33.712941176470586,80.01594771241831,17.60222222222222,2.3323529411764707,153.0,0.5671030409878008
West Bengal,Jalpaiguri,2002,Summer,Rice,20946.0,3838800.0,183.27126897737045,183.2712689773704,183271.2689773704,611.57,27.75762295081967,22.27409836065574,33.696639344262294,56.919754098360656,18.336721311475408,1.8152459016393443,122.0,0.5317704803804363
West Bengal,MEDINIPUR EAST,1997,Autumn,Rice,15791.0,3956000.0,250.52244949654863,250.52244949654863,250522.44949654865,,,,,,,,,
West Bengal,Jalpaiguri,2007,Summer,Rice,17969.0,4114200.0,228.9609883688575,228.96098836885747,228960.98836885748,535.14,28.47049180327869,22.738360655737704,34.50672131147541,53.39786885245901,19.128688524590164,1.671639344262295,122.0,0.5682420913598778
West Bengal,Purba Bardhaman,2015,Autumn,Rice,13142.0,4248100.0,323.24608126616954,323.24608126616954,323246.08126616955,1322.69,29.450522875817,26.15934640522876,33.567843137254904,80.69679738562093,17.273202614379088,2.480718954248366,153.0,0.6041778776901978
West Bengal,Jalpaiguri,2006,Summer,Rice,18314.0,4298300.0,234.7002293327509,234.7002293327509,234700.2293327509,466.06,28.422622950819672,22.727295081967213,34.6616393442623,50.8683606557377,18.65286885245902,1.7588524590163936,122.0,0.529656473661297
West Bengal,Jalpaiguri,2005,Summer,Rice,19328.0,4327900.0,223.91866721854308,223.91866721854305,223918.66721854304,340.96,29.11844262295082,23.087704918032784,35.579426229508194,48.95303278688525,18.59983606557377,1.7709016393442625,122.0,0.5669594038574998
West Bengal,Jhargram,2018,Summer,Rice,12990.0,4357200.0,335.4272517321016,335.42725173210164,335427.25173210166,423.78,29.40254098360656,23.44377049180328,36.73196721311476,63.01344262295082,20.273360655737704,2.1952459016393444,122.0,0.4949062603117447
West Bengal,Murshidabad,2015,Autumn,Rice,16144.0,4364500.0,270.3481169474728,270.3481169474728,270348.11694747274,1125.17,29.838431372549017,26.173790849673203,34.1216339869281,77.87660130718955,16.79202614379085,2.3186274509803924,153.0,0.5590230418914331
West Bengal,Jalpaiguri,2016,Summer,Rice,17112.0,4372100.0,255.4990649836372,255.49906498363725,255499.0649836372,1010.26,29.36967213114754,24.100983606557374,35.386065573770495,53.465,17.889098360655737,1.8996721311475409,122.0,0.5774111572873468
West Bengal,Purba Bardhaman,2006,Autumn,Rice,13530.0,4373100.0,323.2150776053215,323.2150776053215,323215.0776053215,1232.66,28.91581699346405,26.0462091503268,32.491960784313726,82.96196078431373,17.54954248366013,2.4230065359477124,153.0,0.5603963207097401
West Bengal,Purba Bardhaman,2017,Autumn,Rice,14592.0,4418800.0,302.82346491228066,302.8234649122807,302823.46491228073,1520.04,29.531503267973854,26.41660130718954,33.46862745098039,81.14640522875817,17.06424836601307,2.316470588235294,153.0,0.6245438027620507
West Bengal,Murshidabad,2016,Autumn,Rice,17465.0,4427600.0,253.5127397652448,253.5127397652448,253512.7397652448,1248.7,29.857124183006537,26.26307189542484,34.18078431372549,77.36483660130719,17.290588235294116,2.3058823529411767,153.0,0.5865651600598103
West Bengal,Purba Bardhaman,2014,Autumn,Rice,13198.0,4436200.0,336.12668586149414,336.12668586149414,336126.68586149416,1076.96,29.98464052287581,26.61640522875817,34.23954248366013,78.73633986928104,17.62535947712418,2.6173856209150324,153.0,0.5721375103755
West Bengal,Purba Bardhaman,2008,Autumn,Rice,15358.0,4452900.0,289.94009636671444,289.94009636671444,289940.09636671445,1199.36,28.832875816993464,25.89372549019608,32.483790849673206,83.06372549019608,17.028039215686274,2.348888888888889,153.0,0.5836338107228669
West Bengal,Purba Bardhaman,2018,Autumn,Rice,14583.0,4453200.0,305.36926558321335,305.36926558321335,305369.26558321336,1086.32,29.377581699346408,26.12392156862745,33.52320261437909,80.7718954248366,16.69921568627451,2.340588235294118,153.0,0.5728275716626875
West Bengal,Purba Bardhaman,2005,Autumn,Rice,14641.0,4460900.0,304.6854723038044,304.6854723038044,304685.4723038044,827.27,29.90307189542484,26.46555555555556,34.29581699346405,77.79993464052288,18.252091503267977,2.596143790849673,153.0,0.5625912326698549
West Bengal,Jalpaiguri,2013,Summer,Rice,20126.0,4476700.0,222.43366789227863,222.43366789227863,222433.66789227864,703.89,28.591475409836065,23.10688524590164,34.68688524590164,51.1727868852459,18.68868852459016,1.5872131147540982,122.0,0.5326858019668077
West Bengal,Nadia,2000,Winter,Rice,28092.0,4480000.0,159.47600740424318,159.4760074042432,159476.0074042432,1084.63,26.950000000000003,23.70808743169399,30.70868852459016,84.41338797814207,16.121967213114754,1.9413661202185792,183.0,0.4357939129433265
West Bengal,Jalpaiguri,2009,Summer,Rice,18154.0,4484000.0,246.9979067974,246.9979067974,246997.9067974,477.66,28.57934426229508,22.80655737704918,34.82434426229508,48.78926229508197,18.95213114754098,1.6695901639344262,122.0,0.5181220993157034
West Bengal,Murshidabad,2017,Autumn,Rice,17831.0,4537400.0,254.4669395995737,254.46693959957375,254466.9395995738,1252.79,29.497254901960783,26.2718954248366,33.40856209150327,81.07202614379085,16.61202614379085,2.1845098039215687,153.0,0.6147288709007213
West Bengal,Murshidabad,2018,Autumn,Rice,16841.0,4541500.0,269.6692595451577,269.6692595451577,269669.25954515766,931.39,29.600718954248364,26.11555555555556,33.76477124183007,79.36718954248366,16.741960784313726,2.2007843137254905,153.0,0.5825391264849766
West Bengal,Darjeeling,2016,Winter,Rice,20978.0,4550200.0,216.90342263323484,216.9034226332348,216903.4226332348,1492.7,20.783005464480876,18.21448087431694,24.09224043715847,85.70398907103825,14.361584699453552,1.1526775956284152,183.0,0.7808464311586449
West Bengal,Murshidabad,2014,Autumn,Rice,18234.0,4699700.0,257.7437753647033,257.7437753647033,257743.77536470327,1007.28,30.389084967320255,26.71535947712418,34.67130718954248,75.61071895424837,17.082156862745098,2.303267973856209,153.0,0.5366455849519822
West Bengal,Jalpaiguri,2017,Summer,Rice,17870.0,4740800.0,265.2937884722999,265.2937884722999,265293.7884723,869.1899999999999,27.68729508196721,22.99254098360656,33.03877049180328,63.54147540983607,17.42155737704918,1.6990983606557375,122.0,0.5919794952033456
West Bengal,DINAJPUR DAKSHIN,1997,Summer,Rice,17674.0,4762000.0,269.43532873147,269.43532873146995,269435.3287314699,,,,,,,,,
West Bengal,Jhargram,2017,Summer,Rice,14492.0,4839200.0,333.9221639525255,333.9221639525255,333922.1639525256,436.45,30.251311475409835,23.952704918032783,37.95959016393442,60.81983606557377,21.26090163934426,2.234016393442623,122.0,0.4530995882420705
West Bengal,Jhargram,2019,Summer,Rice,13427.0,4875500.0,363.1116407239145,363.1116407239145,363111.6407239145,313.88,30.228524590163936,23.751967213114757,38.02360655737705,60.55204918032787,21.39540983606557,2.24,122.0,0.538169221585594
West Bengal,Jalpaiguri,2001,Summer,Rice,21231.0,4889000.0,230.27648250200176,230.27648250200176,230276.48250200177,451.1,28.50704918032787,22.75237704918033,34.9277868852459,48.7533606557377,19.91426229508197,1.826065573770492,122.0,0.5070887177257174
West Bengal,Darjeeling,2018,Winter,Rice,20995.0,4951200.0,235.82757799476065,235.82757799476065,235827.57799476065,1236.58,20.496284153005465,17.589234972677595,24.36021857923497,82.88715846994536,14.693606557377048,1.1532786885245905,183.0,0.7643429978942933
West Bengal,North 24 Parganas,2015,Autumn,Rice,17924.0,4968700.0,277.2093282749386,277.2093282749386,277209.3282749386,1583.42,29.108169934640525,26.40019607843137,32.676078431372545,83.290522875817,16.177647058823528,2.455294117647058,153.0,0.5512819500605369
West Bengal,Jalpaiguri,2009,Autumn,Rice,34634.0,5128900.0,148.0885834728879,148.0885834728879,148088.5834728879,1432.35,28.69326797385621,25.199738562091504,32.54836601307189,77.73143790849673,16.687320261437907,1.6490196078431374,153.0,0.6841904745091955
West Bengal,Jalpaiguri,2018,Summer,Rice,18332.0,5140400.0,280.40584769801444,280.4058476980144,280405.8476980144,982.92,27.23729508196721,22.602049180327867,32.39811475409836,64.72868852459015,17.130081967213115,1.555737704918033,122.0,0.5790574068028235
West Bengal,Purba Bardhaman,2003,Autumn,Rice,18420.0,5177300.0,281.0694896851249,281.06948968512484,281069.48968512483,841.92,29.84019607843137,26.496339869281044,34.1535294117647,78.43810457516341,18.04686274509804,2.591045751633987,153.0,0.4980914495845271
West Bengal,Purba Bardhaman,2007,Autumn,Rice,17567.0,5188000.0,295.326464393465,295.326464393465,295326.464393465,1637.68,29.26823529411765,26.228954248366016,32.971372549019605,81.38771241830065,17.567581699346405,2.511045751633987,153.0,0.5389724341444952
West Bengal,Purba Bardhaman,2004,Autumn,Rice,17119.0,5212800.0,304.5037677434429,304.5037677434429,304503.76774344296,1016.22,29.45673202614379,26.286732026143792,33.52986928104575,79.97071895424837,18.044117647058822,2.6816339869281047,153.0,0.528182864306348
West Bengal,Darjeeling,2017,Winter,Rice,22067.0,5238500.0,237.3906738568904,237.3906738568904,237390.6738568904,1321.76,20.840437158469943,18.130437158469945,24.41584699453552,85.0175956284153,14.734699453551912,1.2152459016393444,183.0,0.7811794569098188
West Bengal,Jalpaiguri,2006,Autumn,Rice,41163.0,5397300.0,131.12018074484365,131.12018074484368,131120.18074484367,1316.42,28.698496732026143,25.2762091503268,32.50555555555556,77.57673202614379,16.631176470588237,1.708235294117647,153.0,0.6747558964667538
West Bengal,Bankura,2019,Autumn,Rice,21699.0,5399100.0,248.81791787639983,248.81791787639983,248817.91787639985,1000.01,30.138562091503267,25.976666666666667,35.20875816993464,73.87464052287582,17.781830065359475,2.4016993464052288,153.0,0.6038515024960723
West Bengal,North 24 Parganas,2016,Autumn,Rice,20136.0,5417400.0,269.0405244338498,269.04052443384984,269040.52443384985,1939.37,28.836601307189543,26.237843137254902,32.35013071895425,84.72477124183006,16.935686274509802,2.179738562091503,153.0,0.5532374809305078
West Bengal,Jalpaiguri,2012,Summer,Rice,19013.0,5417400.0,284.93136275180143,284.9313627518014,284931.3627518014,560.48,28.66901639344262,22.825,35.15762295081967,49.657459016393446,19.078688524590163,1.7668032786885246,122.0,0.522939131642515
West Bengal,Jalpaiguri,2019,Summer,Rice,18155.0,5429100.0,299.0415863398513,299.0415863398513,299041.58633985126,734.33,27.76950819672131,22.45909836065574,33.74319672131148,58.84213114754098,17.85172131147541,1.778360655737705,122.0,0.6006056447100737
West Bengal,Darjeeling,2019,Winter,Rice,20394.0,5439900.0,266.7402177110915,266.7402177110915,266740.21771109145,1479.25,20.84819672131148,18.175573770491805,24.38382513661202,86.0475956284153,14.47360655737705,1.1762841530054644,183.0,0.7883770757714642
West Bengal,North 24 Parganas,2017,Autumn,Rice,18561.0,5445400.0,293.3785895156512,293.3785895156511,293378.58951565105,2004.05,28.9840522875817,26.46143790849673,32.37496732026144,84.8297385620915,16.435294117647057,2.2126143790849677,153.0,0.5555561227706208
West Bengal,Jalpaiguri,2008,Autumn,Rice,37341.0,5481600.0,146.79842532337108,146.7984253233711,146798.4253233711,1404.85,28.536993464052287,25.26424836601307,32.153333333333336,78.70522875816994,16.140849673202617,1.5605228758169931,153.0,0.6671831985783807
West Bengal,Jalpaiguri,2012,Autumn,Rice,29132.0,5499900.0,188.79239324454207,188.7923932445421,188792.3932445421,1608.72,29.09333333333333,25.648496732026143,32.93431372549019,77.34228758169935,16.35346405228758,1.559281045751634,153.0,0.6776323216531017
West Bengal,Bankura,2017,Autumn,Rice,21109.0,5519600.0,261.4808849305984,261.48088493059834,261480.88493059835,1643.25,29.33477124183007,25.745490196078432,33.678366013071894,79.1345751633987,17.06424836601307,2.153202614379085,153.0,0.6140724735320083
West Bengal,Jalpaiguri,2011,Autumn,Rice,29852.0,5524300.0,185.05627763633927,185.05627763633927,185056.27763633928,2013.52,28.34908496732026,25.069607843137256,31.99928104575164,80.15281045751634,16.50888888888889,1.6922222222222223,153.0,0.6936447255598476
West Bengal,Purba Bardhaman,2001,Autumn,Rice,21097.0,5579700.0,264.4783618523961,264.47836185239606,264478.36185239605,1220.81,28.80052287581699,25.951307189542486,32.48392156862745,84.61660130718954,17.561830065359477,2.4792156862745096,153.0,0.5881038136205706
West Bengal,DINAJPUR DAKSHIN,2014,Summer,Rice,16722.0,5615200.0,335.79715345054416,335.7971534505442,335797.1534505442,,,,,,,,,
West Bengal,North 24 Parganas,2018,Autumn,Rice,19550.0,5630000.0,287.97953964194375,287.97953964194375,287979.53964194376,1514.84,28.79,26.247581699346405,32.23,85.21496732026144,16.438692810457514,2.2662745098039214,153.0,0.5530841285775981
West Bengal,North 24 Parganas,2019,Autumn,Rice,18673.0,5632500.0,301.63872971670327,301.63872971670327,301638.7297167033,1504.8,29.478692810457517,26.686797385620917,33.36477124183007,82.56928104575164,16.964771241830068,2.5215032679738565,153.0,0.5565531054925691
West Bengal,Jalpaiguri,2004,Autumn,Rice,47254.0,5643300.0,119.42481059804462,119.42481059804462,119424.8105980446,1468.52,28.49470588235294,25.126143790849675,32.28032679738563,78.58124183006537,15.642156862745098,1.7269281045751632,153.0,0.6395171260002084
West Bengal,Jalpaiguri,2007,Autumn,Rice,40957.0,5663000.0,138.26696291232267,138.26696291232267,138266.96291232266,1673.65,28.65084967320261,25.195751633986927,32.414052287581704,78.03169934640523,16.264183006535948,1.618169934640523,153.0,0.6590227138842567
West Bengal,Bankura,2015,Autumn,Rice,19164.0,5681900.0,296.4882070548946,296.4882070548946,296488.2070548946,1155.09,29.357908496732023,25.502091503267977,34.003398692810464,77.42196078431373,17.273202614379088,2.3594117647058823,153.0,0.608498170325407
West Bengal,Darjeeling,2014,Winter,Rice,27135.0,5694500.0,209.85811682329097,209.8581168232909,209858.1168232909,1048.38,20.804754098360657,17.980218579234972,24.59032786885246,82.81551912568305,14.690109289617489,1.1366120218579234,183.0,0.7665814734741909
West Bengal,Jalpaiguri,2010,Autumn,Rice,30782.0,5739800.0,186.46611656162693,186.46611656162693,186466.11656162693,2104.84,28.266601307189543,25.069281045751637,31.783660130718957,81.63261437908497,16.043398692810456,1.565424836601307,153.0,0.6691542145052314
West Bengal,Jalpaiguri,2013,Autumn,Rice,29424.0,5767300.0,196.0066612289288,196.0066612289288,196006.6612289288,1742.6,28.58091503267974,25.424183006535948,32.00614379084967,79.8075816993464,16.701960784313727,1.3647058823529412,153.0,0.6895867031458601
West Bengal,DINAJPUR DAKSHIN,2019,Summer,Rice,17701.0,5777700.0,326.4052878368454,326.4052878368454,326405.2878368454,,,,,,,,,
West Bengal,MEDINIPUR WEST,2001,Autumn,Rice,25855.0,5867900.0,226.9541674724425,226.9541674724425,226954.16747244247,,,,,,,,,
West Bengal,Murshidabad,2000,Autumn,Rice,48681.0,5876000.0,120.7041761672932,120.7041761672932,120704.1761672932,1116.15,28.86797385620915,25.713660130718957,32.63823529411764,82.72045751633986,16.574183006535947,2.326143790849673,153.0,0.4636647326911505
West Bengal,Jalpaiguri,2015,Summer,Rice,23467.0,5881000.0,250.6072356926748,250.60723569267483,250607.23569267485,697.0,28.62803278688525,23.461475409836066,34.452295081967215,56.784672131147545,17.561885245901642,1.846967213114754,122.0,0.5749087155452517
West Bengal,Darjeeling,2012,Winter,Rice,27311.0,5890300.0,215.67500274614628,215.67500274614625,215675.00274614623,1189.72,20.67808743169399,17.479016393442624,25.00262295081967,76.4275956284153,15.00311475409836,1.160983606557377,183.0,0.7598122489575954
West Bengal,Jalpaiguri,2014,Summer,Rice,22779.0,5918700.0,259.831423679705,259.831423679705,259831.42367970495,601.83,29.294098360655735,23.227622950819672,35.786803278688524,46.87311475409837,19.189262295081967,1.6892622950819671,122.0,0.5238060578438388
West Bengal,Bankura,2016,Autumn,Rice,21971.0,5920800.0,269.4824996586409,269.48249965864096,269482.49965864094,1389.1,29.279869281045748,25.557124183006536,33.87732026143791,77.3659477124183,17.60222222222222,2.3320915032679737,153.0,0.5497626915051587
West Bengal,Darjeeling,2008,Winter,Rice,27318.0,5955600.0,218.01010322864047,218.01010322864045,218010.10322864045,1191.19,20.347267759562843,17.42890710382514,24.22502732240437,83.56732240437158,14.531311475409836,1.154863387978142,183.0,0.7601204833997195
West Bengal,DINAJPUR DAKSHIN,2015,Summer,Rice,17913.0,6050300.0,337.7602858259365,337.7602858259365,337760.2858259365,,,,,,,,,
West Bengal,Darjeeling,2011,Winter,Rice,27242.0,6057600.0,222.36252844871893,222.36252844871888,222362.5284487189,1543.91,20.164918032786883,17.34901639344262,23.83010928961749,85.35775956284152,14.145464480874317,1.166120218579235,183.0,0.7704988909259796
West Bengal,MEDINIPUR WEST,2009,Autumn,Rice,29271.0,6157000.0,210.3447097810119,210.34470978101191,210344.70978101192,,,,,,,,,
West Bengal,Darjeeling,2013,Winter,Rice,27005.0,6212500.0,230.04999074245512,230.0499907424551,230049.9907424551,1485.0,20.489781420765027,17.649016393442622,24.21639344262295,83.26032786885246,14.74185792349727,1.0642622950819671,183.0,0.7784860201987415
West Bengal,Murshidabad,2006,Autumn,Rice,32583.0,6218000.0,190.83571187429027,190.83571187429027,190835.71187429028,1040.77,29.239477124183008,26.023333333333333,33.03006535947713,80.62183006535948,17.715620915032677,2.24562091503268,153.0,0.5429234205032
West Bengal,DINAJPUR DAKSHIN,2016,Summer,Rice,18268.0,6218900.0,340.4258813225312,340.4258813225312,340425.8813225312,,,,,,,,,
West Bengal,Jalpaiguri,1997,Autumn,Rice,61579.0,6402000.0,103.96401370597118,103.9640137059712,103964.0137059712,1254.85,29.26372549019608,25.25588235294118,33.672810457516334,71.08058823529412,17.801176470588235,1.7315032679738562,153.0,
West Bengal,Darjeeling,2015,Winter,Rice,27094.0,6408100.0,236.5136192514948,236.5136192514948,236513.6192514948,1292.94,20.83573770491803,18.144371584699453,24.4,83.62262295081968,14.6424043715847,1.1612568306010929,183.0,0.7797780506937998
West Bengal,Darjeeling,2009,Winter,Rice,27250.0,6440100.0,236.33394495412844,236.33394495412844,236333.94495412844,1039.53,20.56650273224044,17.406775956284154,24.74322404371585,79.89617486338798,14.993224043715845,1.1981967213114757,183.0,0.7625844446017985
West Bengal,MEDINIPUR WEST,1998,Autumn,Rice,48017.0,6484800.0,135.05216902347087,135.05216902347087,135052.16902347087,,,,,,,,,
West Bengal,Murshidabad,1997,Autumn,Rice,43480.0,6500000.0,149.49402023919046,149.49402023919043,149494.02023919043,963.75,29.916470588235292,26.106928104575164,34.287058823529414,74.97013071895425,17.71535947712418,2.371699346405229,153.0,
West Bengal,Murshidabad,2007,Autumn,Rice,32662.0,6508400.0,199.2652011511849,199.26520115118487,199265.20115118485,1440.77,29.59169934640523,26.253594771241836,33.35052287581699,79.14490196078431,17.034771241830068,2.317581699346405,153.0,0.5297959620325583
West Bengal,Darjeeling,2010,Winter,Rice,27278.0,6564000.0,240.633477527678,240.633477527678,240633.47752767795,1619.35,20.3644262295082,17.598087431693987,23.981202185792352,85.90131147540984,13.841475409836066,1.119016393442623,183.0,0.7568951227291681
West Bengal,Jalpaiguri,2005,Autumn,Rice,46121.0,6745700.0,146.2609223564103,146.2609223564103,146260.9223564103,1440.95,29.202091503267976,25.508039215686274,33.21,74.36555555555556,16.592287581699345,1.6486274509803922,153.0,0.6614809976757432
West Bengal,Jalpaiguri,2003,Autumn,Rice,44546.0,6841400.0,153.58056840120324,153.58056840120324,153580.56840120323,1133.95,29.042745098039216,25.501699346405232,32.98673202614379,75.43764705882353,16.839803921568627,1.6905882352941175,153.0,0.6303277622333461
West Bengal,Bankura,2018,Autumn,Rice,24554.0,6855100.0,279.1846542314898,279.1846542314898,279184.6542314898,1128.09,29.264444444444443,25.52522875816993,33.76313725490196,77.9449019607843,16.69921568627451,2.268954248366013,153.0,0.6084482859733905
West Bengal,DINAJPUR DAKSHIN,2012,Summer,Rice,21908.0,6872200.0,313.68449881321897,313.6844988132189,313684.4988132189,,,,,,,,,
West Bengal,Jalpaiguri,2014,Autumn,Rice,31345.0,6872600.0,219.2566597543468,219.2566597543468,219256.6597543468,1527.84,29.15771241830065,25.85013071895425,32.81522875816993,77.81549019607843,16.37078431372549,1.5658823529411765,153.0,0.6618599132126062
West Bengal,DINAJPUR DAKSHIN,2013,Summer,Rice,21560.0,7015700.0,325.40352504638213,325.4035250463822,325403.52504638216,,,,,,,,,
West Bengal,Jalpaiguri,2015,Autumn,Rice,29019.0,7227800.0,249.0712981150281,249.07129811502807,249071.29811502807,1726.93,28.807712418300653,25.646601307189545,32.37281045751634,81.05156862745098,15.943921568627452,1.6776470588235295,153.0,0.696269438239264
West Bengal,Murshidabad,2008,Autumn,Rice,32285.0,7365100.0,228.1276134427753,228.12761344277527,228127.61344277527,1017.46,29.25797385620915,25.95326797385621,33.127450980392155,79.93869281045752,16.9718954248366,2.125490196078432,153.0,0.5238886875828243
West Bengal,Jalpaiguri,1998,Autumn,Rice,63232.0,7534000.0,119.14853238866397,119.14853238866397,119148.53238866397,1497.19,29.028562091503268,25.723660130718955,32.74183006535948,78.38745098039216,15.947124183006537,1.6686274509803922,153.0,
West Bengal,MEDINIPUR WEST,2011,Autumn,Rice,35781.0,7567300.0,211.4893379167715,211.48933791677143,211489.33791677147,,,,,,,,,
West Bengal,MEDINIPUR WEST,2019,Autumn,Rice,31725.0,7591400.0,239.2876280535856,239.2876280535855,239287.6280535855,,,,,,,,,
West Bengal,Purba Bardhaman,2002,Autumn,Rice,26341.0,7620100.0,289.2866633764853,289.2866633764853,289286.6633764853,1050.05,29.38065359477124,26.21065359477124,33.352810457516334,81.27398692810458,17.069411764705883,2.410653594771241,153.0,0.5600425912972707
West Bengal,Murshidabad,2005,Autumn,Rice,36281.0,7873300.0,217.00890273145723,217.00890273145723,217008.90273145723,751.32,30.563660130718954,26.593594771241836,35.087189542483664,72.93915032679739,17.54248366013072,2.329673202614379,153.0,0.514548159455613
West Bengal,HOWRAH,2008,Summer,Rice,49793.0,7969600.0,160.05462615227037,160.0546261522704,160054.62615227042,,,,,,,,,
West Bengal,MEDINIPUR WEST,2008,Autumn,Rice,42118.0,7987800.0,189.65288000379883,189.65288000379888,189652.88000379887,,,,,,,,,
West Bengal,MEDINIPUR WEST,2014,Autumn,Rice,33141.0,8030000.0,242.2980598050753,242.2980598050753,242298.0598050753,,,,,,,,,
West Bengal,DINAJPUR DAKSHIN,2017,Summer,Rice,24420.0,8050500.0,329.66830466830464,329.66830466830464,329668.3046683046,,,,,,,,,
West Bengal,MEDINIPUR WEST,2006,Autumn,Rice,41452.0,8126700.0,196.0508539998069,196.050853999807,196050.853999807,,,,,,,,,
West Bengal,Murshidabad,1999,Autumn,Rice,51465.0,8343000.0,162.11017196152724,162.11017196152724,162110.17196152723,1070.93,29.438692810457518,26.176013071895422,33.31673202614379,79.15666666666667,16.393725490196076,2.418562091503268,153.0,
West Bengal,MEDINIPUR WEST,2007,Autumn,Rice,41368.0,8405900.0,203.1981241539354,203.1981241539354,203198.1241539354,,,,,,,,,
West Bengal,Murshidabad,2003,Autumn,Rice,40170.0,8415700.0,209.50211600697045,209.5021160069704,209502.1160069704,724.82,30.089019607843134,26.398496732026143,34.44450980392157,75.6386274509804,17.82509803921569,2.338562091503268,153.0,0.4668714003446532
West Bengal,MEDINIPUR WEST,2018,Autumn,Rice,32286.0,8453500.0,261.8317537012947,261.8317537012947,261831.7537012947,,,,,,,,,
West Bengal,Purba Bardhaman,1999,Autumn,Rice,35163.0,8484000.0,241.2763416090777,241.2763416090777,241276.34160907773,1326.17,29.12490196078431,26.08607843137255,33.03947712418301,81.3473202614379,16.913267973856208,2.617908496732026,153.0,
West Bengal,MEDINIPUR WEST,2012,Autumn,Rice,37034.0,8577500.0,231.61149214235567,231.61149214235567,231611.49214235568,,,,,,,,,
West Bengal,Murshidabad,2004,Autumn,Rice,38130.0,8585300.0,225.1586677157094,225.1586677157094,225158.66771570945,1063.75,29.63313725490196,26.21653594771242,33.64098039215686,77.95307189542484,17.033398692810458,2.5901307189542484,153.0,0.496937256057807
West Bengal,MEDINIPUR WEST,2010,Autumn,Rice,39370.0,8674200.0,220.32512065024127,220.3251206502413,220325.1206502413,,,,,,,,,
West Bengal,Jalpaiguri,2001,Autumn,Rice,58753.0,8705500.0,148.17115721750378,148.17115721750378,148171.1572175038,1209.21,28.830065359477125,25.454901960784312,32.67130718954248,78.41477124183005,17.02901960784314,1.6631372549019607,153.0,0.6419315928145125
West Bengal,MEDINIPUR WEST,2013,Autumn,Rice,37862.0,8730700.0,230.59267867518884,230.59267867518884,230592.67867518883,,,,,,,,,
West Bengal,MEDINIPUR WEST,2005,Autumn,Rice,40622.0,8917300.0,219.51897986312832,219.51897986312835,219518.9798631284,,,,,,,,,
West Bengal,HOWRAH,2009,Summer,Rice,41343.0,8999500.0,217.6789299276782,217.6789299276782,217678.92992767823,,,,,,,,,
West Bengal,HOWRAH,2000,Winter,Rice,64094.0,9060000.0,141.35488501263768,141.35488501263768,141354.88501263768,,,,,,,,,
West Bengal,DINAJPUR DAKSHIN,2011,Summer,Rice,30807.0,9083200.0,294.8420813451488,294.8420813451488,294842.0813451488,,,,,,,,,
West Bengal,Purba Bardhaman,1997,Autumn,Rice,34675.0,9159000.0,264.1384282624369,264.1384282624369,264138.4282624369,1183.65,29.33411764705882,26.02575163398693,33.479019607843135,79.85764705882353,17.58686274509804,2.522875816993464,153.0,
West Bengal,HOWRAH,2007,Winter,Rice,67809.0,9179900.0,135.37878452712766,135.37878452712766,135378.78452712766,,,,,,,,,
West Bengal,Murshidabad,1998,Autumn,Rice,53196.0,9181000.0,172.5881645236484,172.5881645236484,172588.1645236484,1028.83,30.01457516339869,26.56921568627451,34.13777777777778,78.01372549019608,17.268496732026144,2.304901960784313,153.0,
West Bengal,HOWRAH,2015,Winter,Rice,70127.0,9214100.0,131.3916180643689,131.39161806436894,131391.61806436893,,,,,,,,,
West Bengal,DINAJPUR DAKSHIN,2018,Summer,Rice,27436.0,9291600.0,338.6645283569033,338.66452835690336,338664.52835690335,,,,,,,,,
West Bengal,Nadia,2006,Autumn,Rice,41389.0,9335200.0,225.5478508782527,225.5478508782527,225547.85087825268,1002.67,29.008954248366013,25.980980392156862,32.757189542483665,82.15666666666667,17.246601307189543,2.3605228758169936,153.0,0.5818298429421477
West Bengal,HOWRAH,2011,Winter,Rice,65000.0,9348500.0,143.8230769230769,143.8230769230769,143823.0769230769,,,,,,,,,
West Bengal,DINAJPUR DAKSHIN,2009,Summer,Rice,35276.0,9445100.0,267.7486109536229,267.74861095362286,267748.61095362285,,,,,,,,,
West Bengal,Jalpaiguri,2002,Autumn,Rice,65853.0,9552000.0,145.0503393922828,145.0503393922828,145050.3393922828,1405.96,28.17,24.863660130718955,31.89895424836601,80.11712418300654,15.799215686274511,1.695424836601307,153.0,0.6554261734867488
West Bengal,DINAJPUR DAKSHIN,2002,Summer,Rice,36812.0,9646300.0,262.042268825383,262.042268825383,262042.268825383,,,,,,,,,
West Bengal,HOWRAH,1998,Winter,Rice,73666.0,9763000.0,132.53061113675236,132.53061113675236,132530.61113675236,,,,,,,,,
West Bengal,Murshidabad,2001,Autumn,Rice,48521.0,9768200.0,201.319016508316,201.319016508316,201319.016508316,1086.48,29.1218954248366,25.966078431372548,32.9302614379085,82.2775816993464,17.604967320261437,2.3520915032679737,153.0,0.5192556146057851
West Bengal,Nadia,2000,Autumn,Rice,53425.0,9884000.0,185.00701918577445,185.00701918577445,185007.0191857745,1170.53,28.50516339869281,25.62058823529412,32.09496732026144,85.1726797385621,16.607581699346404,2.3486928104575164,153.0,0.4739709833154187
West Bengal,Nadia,1997,Autumn,Rice,55567.0,9891000.0,178.0013317256645,178.0013317256645,178001.3317256645,1026.59,29.27202614379085,25.874444444444443,33.43862745098039,79.77124183006536,17.23888888888889,2.4644444444444447,153.0,
West Bengal,Nadia,2009,Autumn,Rice,43801.0,9944300.0,227.03362936919248,227.03362936919248,227033.6293691925,1307.9,29.2956862745098,26.02457516339869,33.26764705882353,81.20660130718954,17.30653594771242,2.285359477124183,153.0,0.5701378346176922
West Bengal,DINAJPUR DAKSHIN,1999,Summer,Rice,36292.0,9972000.0,274.7712994599361,274.7712994599361,274771.2994599361,,,,,,,,,
West Bengal,HOWRAH,2009,Winter,Rice,71693.0,10003400.0,139.5310560305748,139.5310560305748,139531.0560305748,,,,,,,,,
West Bengal,Nadia,2010,Autumn,Rice,48392.0,10064000.0,207.9682592163994,207.96825921639945,207968.25921639943,1034.12,29.09633986928105,25.975555555555555,33.08431372549019,82.99013071895425,17.56437908496732,2.3622222222222224,153.0,0.5814945216610173
West Bengal,Jalpaiguri,2000,Autumn,Rice,63272.0,10074000.0,159.21734732583133,159.21734732583133,159217.34732583133,1019.43,28.407254901960787,25.1156862745098,32.15830065359477,79.8175816993464,16.379281045751636,1.6738562091503268,153.0,0.6163866155608296
West Bengal,DINAJPUR DAKSHIN,2001,Summer,Rice,37634.0,10088200.0,268.0607960886432,268.06079608864326,268060.79608864326,,,,,,,,,
West Bengal,Purba Bardhaman,1998,Autumn,Rice,34681.0,10148000.0,292.6097863383409,292.6097863383409,292609.7863383409,873.46,29.85830065359477,26.64764705882353,34.02163398692811,79.69921568627451,17.88901960784314,2.579411764705882,153.0,
West Bengal,Jalpaiguri,1999,Autumn,Rice,62635.0,10155000.0,162.12979963279315,162.12979963279318,162129.79963279318,1595.45,28.621045751633982,25.393856209150325,32.230196078431376,78.69777777777777,15.847581699346405,1.6405882352941177,153.0,
West Bengal,Nadia,2005,Autumn,Rice,46201.0,10183700.0,220.4216358953269,220.42163589532692,220421.6358953269,690.3,30.099150326797385,26.4737908496732,34.54424836601307,76.24712418300653,17.594117647058823,2.42921568627451,153.0,0.5474511965270387
West Bengal,Nadia,2007,Autumn,Rice,45870.0,10234500.0,223.11968606932635,223.11968606932635,223119.6860693264,1597.74,29.184509803921564,26.107777777777777,32.86281045751634,81.81183006535947,17.17908496732026,2.375686274509804,153.0,0.5707412531963315
West Bengal,MEDINIPUR WEST,2016,Autumn,Rice,40832.0,10369500.0,253.9552311912226,253.95523119122257,253955.23119122256,,,,,,,,,
West Bengal,Murshidabad,2002,Autumn,Rice,53336.0,10441800.0,195.7739613019349,195.7739613019349,195773.96130193488,982.92,29.53581699346405,26.15313725490196,33.60366013071895,79.27549019607842,16.447581699346404,2.2688235294117645,153.0,0.5595185881364318
West Bengal,MEDINIPUR WEST,2003,Autumn,Rice,52853.0,10459300.0,197.8941592719429,197.89415927194293,197894.1592719429,,,,,,,,,
West Bengal,Nadia,2011,Autumn,Rice,47487.0,10492300.0,220.95099711499984,220.9509971149999,220950.9971149999,1420.73,28.81849673202614,25.784771241830068,32.480522875816995,83.71183006535948,16.49666666666667,2.36,153.0,0.5959992396324792
West Bengal,Nadia,2012,Autumn,Rice,47478.0,10513100.0,221.43097855849024,221.43097855849024,221430.97855849023,838.29,30.175098039215687,26.562810457516346,34.60823529411765,76.37535947712418,17.43967320261438,2.5101307189542483,153.0,0.5369186144490715
West Bengal,DINAJPUR DAKSHIN,2010,Summer,Rice,34597.0,10525400.0,304.2286903488742,304.2286903488742,304228.6903488742,,,,,,,,,
West Bengal,MEDINIPUR WEST,1997,Autumn,Rice,55288.0,10578000.0,191.3254232383157,191.3254232383157,191325.4232383157,,,,,,,,,
West Bengal,Nadia,1998,Autumn,Rice,60217.0,10640000.0,176.69428898815949,176.69428898815949,176694.28898815947,904.51,29.71385620915033,26.530718954248364,33.78673202614379,80.25692810457517,17.375686274509803,2.454183006535948,153.0,
West Bengal,MEDINIPUR WEST,2004,Autumn,Rice,52839.0,10641400.0,201.3929105395636,201.3929105395636,201392.9105395636,,,,,,,,,
West Bengal,HOWRAH,1997,Winter,Rice,75073.0,10656000.0,141.94184327254806,141.94184327254806,141941.84327254805,,,,,,,,,
West Bengal,Nadia,2019,Autumn,Rice,41858.0,10661700.0,254.71116632423903,254.7111663242391,254711.16632423908,1348.44,29.649738562091503,26.31797385620915,33.914640522875814,81.31457516339869,17.340065359477126,2.4530718954248365,153.0,0.642540439233358
West Bengal,Jhargram,2017,Autumn,Rice,44604.0,10687700.0,239.6130391893104,239.6130391893104,239613.0391893104,1494.97,29.38248366013072,25.82392156862745,33.80235294117647,79.34437908496733,17.193529411764708,2.1245098039215686,153.0,0.6252595150485785
West Bengal,Murshidabad,2000,Winter,Rice,66958.0,10693000.0,159.6971235699991,159.6971235699991,159697.1235699991,1014.04,26.97743169398907,23.475355191256828,30.887049180327868,82.67497267759563,16.105573770491805,1.9293442622950816,183.0,0.4637652321421395
West Bengal,MEDINIPUR WEST,1999,Autumn,Rice,53589.0,10793000.0,201.40327305976973,201.40327305976973,201403.2730597697,,,,,,,,,
West Bengal,Nadia,2018,Autumn,Rice,41868.0,11024100.0,263.3061049011178,263.3061049011178,263306.1049011178,1185.4,28.81045751633987,25.80745098039216,32.58797385620915,84.70647058823529,16.655751633986927,2.18,153.0,0.6275894649973344
West Bengal,DINAJPUR DAKSHIN,2003,Summer,Rice,37855.0,11058200.0,292.119931316867,292.119931316867,292119.931316867,,,,,,,,,
West Bengal,Paschim Bardhaman,2018,Winter,Rice,42002.0,11066800.0,263.4826913004144,263.4826913004143,263482.69130041427,1076.99,26.963060109289614,23.084918032786884,31.285245901639342,78.66191256830601,15.684207650273224,1.9215300546448089,183.0,0.5564568261547745
West Bengal,HOWRAH,2006,Summer,Rice,39320.0,11070800.0,281.55645981688707,281.55645981688707,281556.45981688704,,,,,,,,,
West Bengal,HOWRAH,2019,Summer,Rice,29980.0,11230900.0,374.6130753835891,374.613075383589,374613.075383589,,,,,,,,,
West Bengal,DINAJPUR DAKSHIN,2005,Summer,Rice,41368.0,11336100.0,274.03065171146784,274.0306517114678,274030.65171146777,,,,,,,,,
West Bengal,Nadia,2013,Autumn,Rice,47696.0,11453100.0,240.1270546796377,240.1270546796377,240127.0546796377,1131.78,29.0459477124183,26.10019607843137,32.777908496732024,83.88986928104575,16.521045751633984,2.536013071895425,153.0,0.6305815984244234
West Bengal,DINAJPUR DAKSHIN,2000,Summer,Rice,37395.0,11621100.0,310.7661452065784,310.7661452065784,310766.1452065784,,,,,,,,,
West Bengal,HOWRAH,2017,Summer,Rice,34480.0,11807800.0,342.453596287703,342.453596287703,342453.596287703,,,,,,,,,
West Bengal,Nadia,2002,Autumn,Rice,55185.0,11869300.0,215.0819969194528,215.0819969194528,215081.9969194528,928.21,29.304183006535947,26.092222222222222,33.29418300653595,81.36797385620915,16.17529411764706,2.374705882352941,153.0,0.5780736682881549
West Bengal,MEDINIPUR WEST,2002,Autumn,Rice,51449.0,11871700.0,230.7469532935528,230.74695329355285,230746.95329355288,,,,,,,,,
West Bengal,DINAJPUR UTTAR,2016,Summer,Rice,40459.0,11887000.0,293.8036036481376,293.8036036481376,293803.6036481376,,,,,,,,,
West Bengal,DINAJPUR DAKSHIN,2004,Summer,Rice,40173.0,11890500.0,295.98237622283625,295.98237622283625,295982.37622283626,,,,,,,,,
West Bengal,MEDINIPUR WEST,2000,Autumn,Rice,60201.0,12101000.0,201.00995000083057,201.00995000083051,201009.95000083052,,,,,,,,,
West Bengal,Nadia,2015,Autumn,Rice,49081.0,12114500.0,246.8266742731404,246.82667427314036,246826.67427314032,1338.56,29.326274509803923,26.02281045751634,33.39098039215686,81.35980392156863,16.72732026143791,2.336339869281045,153.0,0.5967086050296774
West Bengal,DINAJPUR DAKSHIN,2007,Summer,Rice,42674.0,12251200.0,287.0881567230632,287.0881567230632,287088.1567230632,,,,,,,,,
West Bengal,HOWRAH,1999,Winter,Rice,74379.0,12269000.0,164.95247314430148,164.95247314430148,164952.47314430148,,,,,,,,,
West Bengal,Nadia,2004,Autumn,Rice,56617.0,12380500.0,218.67107052652028,218.6710705265203,218671.0705265203,985.05,29.39529411764705,26.16830065359477,33.392745098039214,79.91307189542484,17.150718954248365,2.6641176470588235,153.0,0.5219979594028894
West Bengal,HOWRAH,2008,Winter,Rice,64173.0,12408800.0,193.36481074595235,193.36481074595235,193364.8107459524,,,,,,,,,
West Bengal,Nadia,2001,Autumn,Rice,55580.0,12426400.0,223.5768261964736,223.57682619647355,223576.8261964736,1133.97,28.70124183006536,25.81235294117647,32.34849673202614,85.03418300653594,17.145555555555557,2.3811764705882354,153.0,0.5649279219948042
West Bengal,Nadia,1999,Autumn,Rice,59940.0,12445000.0,207.62429095762428,207.62429095762428,207624.2909576243,1140.74,29.03830065359477,25.99934640522876,32.882810457516335,81.9118954248366,16.446143790849675,2.5390196078431373,153.0,
West Bengal,Bankura,2015,Summer,Rice,40379.0,12458700.0,308.5440451719954,308.5440451719953,308544.0451719953,403.32,29.608606557377048,23.51139344262295,36.70647540983606,59.3522131147541,19.297786885245905,2.258032786885246,122.0,0.4386191040858773
West Bengal,HOWRAH,2001,Summer,Rice,47393.0,12524200.0,264.26265482244213,264.26265482244213,264262.65482244216,,,,,,,,,
West Bengal,ALIPURDUAR,2016,Winter,Rice,63105.0,12526900.0,198.5088344822122,198.5088344822122,198508.8344822122,,,,,,,,,
West Bengal,Bankura,2018,Summer,Rice,43147.0,12538600.0,290.6018958444388,290.6018958444388,290601.8958444388,419.6,29.09795081967213,23.037950819672133,36.20885245901639,62.11434426229508,19.06204918032787,2.096311475409836,122.0,0.4796156960930968
West Bengal,Paschim Bardhaman,2019,Winter,Rice,40627.0,12556200.0,309.0604770226697,309.06047702266966,309060.4770226697,968.71,27.45114754098361,23.77584699453552,31.79027322404372,79.58967213114754,15.53497267759563,2.074808743169399,183.0,0.5875207062189395
West Bengal,HOWRAH,2015,Summer,Rice,41173.0,12643600.0,307.0847399995142,307.0847399995142,307084.73999951425,,,,,,,,,
West Bengal,DINAJPUR DAKSHIN,1998,Summer,Rice,36514.0,12673100.0,347.07509448430744,347.0750944843074,347075.0944843074,,,,,,,,,
West Bengal,HOWRAH,2016,Summer,Rice,39396.0,12775000.0,324.271499644634,324.271499644634,324271.499644634,,,,,,,,,
West Bengal,HOWRAH,2013,Summer,Rice,42709.0,12817800.0,300.1194127701421,300.1194127701421,300119.4127701421,,,,,,,,,
West Bengal,Paschim Bardhaman,2017,Winter,Rice,40219.0,12843500.0,319.3391183271588,319.3391183271588,319339.1183271588,1765.0,26.900928961748637,23.50333333333333,30.88224043715847,82.29945355191256,15.625956284153007,1.889071038251366,183.0,0.5933022634727504
West Bengal,DINAJPUR UTTAR,2013,Summer,Rice,50081.0,12880400.0,257.191350012979,257.191350012979,257191.350012979,,,,,,,,,
West Bengal,HOWRAH,2012,Summer,Rice,42165.0,12958400.0,307.32598126408163,307.3259812640816,307325.98126408155,,,,,,,,,
West Bengal,DINAJPUR UTTAR,2018,Summer,Rice,39299.0,12992700.0,330.6114659406092,330.61146594060915,330611.4659406092,,,,,,,,,
West Bengal,HOWRAH,2011,Summer,Rice,40966.0,13079900.0,319.286725577308,319.286725577308,319286.725577308,,,,,,,,,
West Bengal,MEDINIPUR WEST,2015,Autumn,Rice,48850.0,13143600.0,269.0603889457523,269.0603889457523,269060.38894575235,,,,,,,,,
West Bengal,HOWRAH,2006,Winter,Rice,76644.0,13152400.0,171.6037785084286,171.60377850842858,171603.77850842857,,,,,,,,,
West Bengal,DINAJPUR UTTAR,2014,Summer,Rice,37599.0,13160900.0,350.0332455650416,350.0332455650416,350033.2455650416,,,,,,,,,
West Bengal,HOWRAH,2004,Summer,Rice,49058.0,13207900.0,269.23029882995644,269.2302988299564,269230.2988299564,,,,,,,,,
West Bengal,HOWRAH,2018,Summer,Rice,38310.0,13227300.0,345.27016444792486,345.2701644479248,345270.1644479248,,,,,,,,,
West Bengal,Nadia,2008,Autumn,Rice,56861.0,13267600.0,233.3339195582209,233.3339195582209,233333.9195582209,1085.62,28.89607843137255,25.836143790849672,32.62418300653595,82.56764705882352,16.780065359477124,2.272745098039216,153.0,0.5677541976750652
West Bengal,HOWRAH,2000,Summer,Rice,48370.0,13279900.0,274.54827372338224,274.54827372338224,274548.2737233822,,,,,,,,,
West Bengal,Nadia,2014,Autumn,Rice,49599.0,13290000.0,267.9489505836812,267.9489505836811,267948.9505836811,1057.85,29.94437908496732,26.563333333333333,34.12496732026144,78.92333333333333,17.038169934640525,2.508169934640523,153.0,0.5982689679467936
West Bengal,ALIPURDUAR,2018,Winter,Rice,62655.0,13339600.0,212.9055941265661,212.9055941265661,212905.5941265661,,,,,,,,,
West Bengal,HOWRAH,2005,Summer,Rice,50910.0,13357700.0,262.3787075230799,262.3787075230799,262378.70752307994,,,,,,,,,
West Bengal,DINAJPUR DAKSHIN,2006,Summer,Rice,42300.0,13378700.0,316.28132387706853,316.28132387706853,316281.3238770685,,,,,,,,,
West Bengal,HOWRAH,2002,Winter,Rice,75258.0,13462300.0,178.8819793244572,178.8819793244572,178881.9793244572,,,,,,,,,
West Bengal,HOWRAH,1998,Summer,Rice,49273.0,13484600.0,273.671178941814,273.671178941814,273671.178941814,,,,,,,,,
West Bengal,HOWRAH,1997,Summer,Rice,49396.0,13511000.0,273.5241719977326,273.5241719977326,273524.1719977326,,,,,,,,,
West Bengal,Nadia,2003,Autumn,Rice,61458.0,13535800.0,220.24471997136249,220.24471997136257,220244.71997136256,733.0600000000001,29.840718954248366,26.3924183006536,34.13294117647059,78.0635294117647,17.50581699346405,2.4580392156862745,153.0,0.5428237546722755
West Bengal,HOWRAH,2014,Summer,Rice,43456.0,13547400.0,311.74981590574373,311.74981590574373,311749.81590574374,,,,,,,,,
West Bengal,HOWRAH,2010,Summer,Rice,41318.0,13620800.0,329.6577762718428,329.6577762718428,329657.7762718428,,,,,,,,,
West Bengal,DINAJPUR UTTAR,2012,Summer,Rice,49554.0,13665000.0,275.7597772127376,275.7597772127376,275759.7772127376,,,,,,,,,
West Bengal,DINAJPUR DAKSHIN,2008,Summer,Rice,43306.0,13764400.0,317.8404839975985,317.8404839975985,317840.48399759847,,,,,,,,,
West Bengal,Nadia,2016,Autumn,Rice,51842.0,13802100.0,266.2339415917596,266.2339415917596,266233.9415917596,1628.68,29.1281045751634,25.91653594771242,33.15274509803921,82.46928104575163,17.197058823529414,2.193921568627451,153.0,0.6258654752842467
West Bengal,Paschim Bardhaman,2016,Winter,Rice,40518.0,13804400.0,340.6979613998716,340.69796139987164,340697.9613998716,1279.67,26.561857923497268,22.880710382513666,30.96972677595629,80.99612021857924,16.579398907103826,2.019617486338798,183.0,0.5823286280124543
West Bengal,ALIPURDUAR,2017,Winter,Rice,63895.0,13944700.0,218.2439940527428,218.2439940527428,218243.9940527428,,,,,,,,,
West Bengal,HOWRAH,2002,Summer,Rice,53350.0,14065400.0,263.6438612933458,263.6438612933458,263643.8612933458,,,,,,,,,
West Bengal,DINAJPUR UTTAR,2015,Summer,Rice,42653.0,14071800.0,329.91348791409746,329.91348791409746,329913.48791409744,,,,,,,,,
West Bengal,HOWRAH,2013,Winter,Rice,64360.0,14229100.0,221.086078309509,221.08607830950905,221086.07830950903,,,,,,,,,
West Bengal,Bankura,2016,Summer,Rice,44667.0,14535400.0,325.4169745001903,325.4169745001903,325416.9745001903,309.48,31.35032786885246,24.813278688524587,38.77991803278688,53.34516393442623,20.00237704918033,2.088934426229508,122.0,0.3878719186616124
West Bengal,Nadia,2017,Autumn,Rice,51976.0,14767100.0,284.11382176389105,284.11382176389105,284113.821763891,1666.12,28.82725490196078,26.00026143790849,32.37470588235294,85.47712418300654,16.564117647058822,2.125490196078432,153.0,0.6651572972093031
West Bengal,HOWRAH,2005,Winter,Rice,73268.0,14882000.0,203.11732270568325,203.11732270568325,203117.32270568324,,,,,,,,,
West Bengal,Bankura,2019,Summer,Rice,52507.0,15164100.0,288.8014931342488,288.80149313424874,288801.4931342488,312.98,30.249016393442623,23.56795081967213,37.92442622950819,57.19377049180328,20.390573770491805,2.166393442622951,122.0,0.4891030813156825
West Bengal,DINAJPUR UTTAR,2017,Summer,Rice,46180.0,15165900.0,328.40840190558686,328.40840190558686,328408.4019055869,,,,,,,,,
West Bengal,HOWRAH,2003,Summer,Rice,55316.0,15183500.0,274.4865861595198,274.48658615951985,274486.58615951985,,,,,,,,,
West Bengal,HOWRAH,2012,Winter,Rice,67380.0,15186900.0,225.3918076580588,225.3918076580588,225391.8076580588,,,,,,,,,
West Bengal,DINAJPUR UTTAR,2019,Summer,Rice,47166.0,15269400.0,323.73743798498924,323.7374379849892,323737.4379849892,,,,,,,,,
West Bengal,ALIPURDUAR,2019,Winter,Rice,64559.0,15572700.0,241.21656159482023,241.21656159482023,241216.56159482023,,,,,,,,,
West Bengal,HOWRAH,2019,Winter,Rice,71223.0,15814400.0,222.040632941606,222.04063294160596,222040.63294160596,,,,,,,,,
West Bengal,HOWRAH,2001,Winter,Rice,74006.0,15925500.0,215.1920114585304,215.1920114585304,215192.0114585304,,,,,,,,,
West Bengal,COOCHBEHAR,2019,Summer,Rice,43100.0,16267200.0,377.4292343387471,377.4292343387471,377429.2343387471,,,,,,,,,
West Bengal,HOWRAH,2004,Winter,Rice,80267.0,16510200.0,205.69100626658528,205.69100626658528,205691.0062665853,,,,,,,,,
West Bengal,HOWRAH,2007,Summer,Rice,48926.0,16609000.0,339.4718554551772,339.4718554551772,339471.8554551772,,,,,,,,,
West Bengal,HOWRAH,2010,Winter,Rice,73401.0,16648300.0,226.8129861990981,226.8129861990981,226812.9861990981,,,,,,,,,
West Bengal,Bankura,2017,Summer,Rice,49343.0,16812800.0,340.7332347040107,340.7332347040107,340733.2347040107,460.98,30.107622950819675,23.67745901639344,37.59967213114754,58.42631147540984,19.86606557377049,2.142540983606557,122.0,0.4470516601264032
West Bengal,HOWRAH,2003,Winter,Rice,81513.0,16939700.0,207.8159312011581,207.8159312011581,207815.9312011581,,,,,,,,,
West Bengal,HOWRAH,2016,Winter,Rice,74669.0,17004900.0,227.73707964483253,227.73707964483253,227737.07964483253,,,,,,,,,
West Bengal,HOWRAH,1999,Summer,Rice,58326.0,17027000.0,291.92812810753355,291.9281281075335,291928.1281075335,,,,,,,,,
West Bengal,DINAJPUR UTTAR,1997,Summer,Rice,64451.0,17104000.0,265.37990101006966,265.37990101006966,265379.90101006965,,,,,,,,,
West Bengal,HOWRAH,2014,Winter,Rice,71064.0,17663000.0,248.5506022740065,248.5506022740065,248550.60227400647,,,,,,,,,
West Bengal,HOWRAH,2017,Winter,Rice,74574.0,17988400.0,241.21543701558184,241.21543701558184,241215.43701558185,,,,,,,,,
West Bengal,DINAJPUR UTTAR,2009,Summer,Rice,74396.0,18296400.0,245.93257702026992,245.93257702026992,245932.5770202699,,,,,,,,,
West Bengal,DINAJPUR UTTAR,2010,Summer,Rice,71596.0,18758300.0,262.00206715458967,262.00206715458967,262002.0671545897,,,,,,,,,
West Bengal,DINAJPUR UTTAR,2011,Summer,Rice,62032.0,18879000.0,304.34291978333766,304.3429197833376,304342.9197833376,,,,,,,,,
West Bengal,COOCHBEHAR,2015,Summer,Rice,55632.0,18963200.0,340.8685648547598,340.8685648547598,340868.56485475984,,,,,,,,,
West Bengal,COOCHBEHAR,2016,Summer,Rice,55394.0,19092400.0,344.6654872368849,344.66548723688487,344665.4872368849,,,,,,,,,
West Bengal,Jalpaiguri,1998,Winter,Rice,176434.0,19166000.0,108.62985592346146,108.62985592346146,108629.85592346148,1609.42,26.9455737704918,23.923224043715845,30.50377049180328,82.12098360655737,14.966612021857925,1.443551912568306,183.0,
West Bengal,COOCHBEHAR,2018,Summer,Rice,50449.0,19194600.0,380.4753315229241,380.47533152292414,380475.3315229241,,,,,,,,,
West Bengal,HOWRAH,2018,Winter,Rice,72089.0,19989800.0,277.29334572542274,277.29334572542274,277293.3457254227,,,,,,,,,
West Bengal,South 24 Parganas,2016,Summer,Rice,57608.0,20064100.0,348.28669629218166,348.28669629218166,348286.6962921817,399.63,30.041967213114752,26.643196721311472,34.72073770491804,71.82122950819672,19.558688524590163,3.5491803278688523,122.0,0.4772648859866337
West Bengal,Nadia,2010,Winter,Rice,88778.0,20173300.0,227.2330982901169,227.2330982901169,227233.0982901169,952.17,27.51950819672131,24.266775956284157,31.39377049180328,83.74371584699453,16.3624043715847,1.938087431693989,183.0,0.590817781568383
West Bengal,Maldah,2016,Summer,Rice,49952.0,20178300.0,403.95379564381807,403.95379564381807,403953.7956438181,370.98,31.73795081967213,25.45631147540984,38.42581967213115,47.097131147540985,18.99065573770492,2.394754098360656,122.0,0.4527443650110231
West Bengal,Maldah,2006,Winter,Rice,79972.0,20194100.0,252.51463012054217,252.5146301205422,252514.6301205422,879.26,27.111639344262297,23.6696174863388,31.04688524590164,81.3749180327869,16.58224043715847,1.9507650273224044,183.0,0.5505852504696102
West Bengal,Nadia,2012,Winter,Rice,90144.0,20551100.0,227.9807862974796,227.9807862974796,227980.7862974796,914.8,26.917431693989077,23.18612021857924,31.56497267759563,80.7851912568306,15.91103825136612,2.2324043715846997,183.0,0.5725986359170259
West Bengal,Maldah,1997,Summer,Rice,66028.0,20739000.0,314.0940207184831,314.0940207184831,314094.0207184831,284.61,30.717786885245904,23.823032786885246,37.778196721311474,41.46098360655738,20.72606557377049,2.336311475409836,122.0,
West Bengal,COOCHBEHAR,2017,Summer,Rice,54927.0,20927300.0,381.0020572760209,381.0020572760209,381002.0572760209,,,,,,,,,
West Bengal,North 24 Parganas,2016,Summer,Rice,61123.0,21117200.0,345.4869688987779,345.4869688987779,345486.9688987779,526.42,30.237704918032787,25.460327868852456,36.47155737704918,69.19918032786885,19.558688524590163,2.386065573770492,122.0,0.4815362442403292
West Bengal,Maldah,2007,Winter,Rice,73094.0,21222100.0,290.3398363750787,290.3398363750787,290339.83637507865,1245.15,27.08377049180328,23.771639344262294,30.78677595628415,83.39464480874317,15.648688524590163,2.0649726775956285,183.0,0.5599321995789802
West Bengal,Maldah,2011,Summer,Rice,56673.0,21735800.0,383.5300760503238,383.53007605032377,383530.0760503238,483.69,29.79155737704918,23.830081967213115,36.11655737704918,53.35827868852459,19.184344262295085,2.1853278688524598,122.0,0.4706819425777883
West Bengal,Maldah,2019,Summer,Rice,62788.0,21749100.0,346.3894374721284,346.3894374721284,346389.4374721284,369.27,30.58983606557377,24.240081967213115,37.47434426229509,51.064918032786885,19.41655737704918,2.30172131147541,122.0,0.534537412786565
West Bengal,Maldah,1998,Winter,Rice,138394.0,21779000.0,157.3695391418703,157.36953914187032,157369.5391418703,1260.83,27.64896174863388,24.447267759562845,31.323934426229503,83.04437158469946,15.7448087431694,1.9772131147540983,183.0,
West Bengal,North 24 Parganas,2017,Summer,Rice,63492.0,21840400.0,343.986643986644,343.986643986644,343986.643986644,578.54,29.37155737704918,24.709180327868854,35.434672131147536,70.44647540983605,19.380819672131143,2.48655737704918,122.0,0.4795456967227217
West Bengal,Nadia,1998,Winter,Rice,119747.0,22089000.0,184.4639114132296,184.4639114132296,184463.9114132296,986.2,27.61901639344262,24.557814207650274,31.459890710382517,84.48109289617487,16.130382513661203,2.093497267759563,183.0,
West Bengal,Maldah,2003,Summer,Rice,62747.0,22238800.0,354.42013163975963,354.4201316397597,354420.1316397597,416.31,29.941967213114754,23.70467213114754,36.60393442622951,52.247213114754096,18.95024590163934,2.180081967213115,122.0,0.4625097391517065
West Bengal,Birbhum,2018,Summer,Rice,63867.0,22253800.0,348.43972630623006,348.4397263062301,348439.7263062301,352.45,29.63311475409836,23.333032786885248,36.75926229508197,56.6255737704918,19.06204918032787,2.092704918032787,122.0,0.4581811296225163
West Bengal,Nadia,2007,Winter,Rice,90625.0,22346900.0,246.58648275862072,246.5864827586207,246586.4827586207,1686.14,26.828469945355188,23.709836065573768,30.49158469945355,86.09338797814208,15.981967213114752,2.13327868852459,183.0,0.576969154050692
West Bengal,Maldah,2009,Summer,Rice,68009.0,22415300.0,329.5931420841359,329.59314208413593,329593.1420841359,311.59,30.57131147540984,23.979918032786887,37.40131147540984,45.07967213114755,20.049098360655737,2.0231967213114754,122.0,0.4420321880546106
West Bengal,HOOGHLY,2000,Winter,Rice,101162.0,22429000.0,221.71368695755325,221.7136869575532,221713.68695755323,,,,,,,,,
West Bengal,Maldah,1999,Summer,Rice,71507.0,22513000.0,314.8363097319144,314.83630973191435,314836.3097319144,332.53,30.65795081967213,23.584918032786888,38.057049180327866,44.05188524590164,19.749590163934425,2.1861475409836064,122.0,
West Bengal,South 24 Parganas,2015,Summer,Rice,68388.0,22642600.0,331.0902497514184,331.0902497514184,331090.2497514184,499.2,29.11606557377049,25.75032786885246,33.410409836065575,71.56131147540984,19.145081967213116,3.732786885245901,122.0,0.4844492930163726
West Bengal,Maldah,2012,Summer,Rice,58858.0,22644000.0,384.7225525841856,384.7225525841857,384722.5525841857,285.56,31.2522131147541,24.52729508196721,38.28540983606557,43.75713114754098,20.127704918032787,2.225983606557377,122.0,0.4075397445322727
West Bengal,Birbhum,2016,Summer,Rice,66976.0,22961500.0,342.83176063067367,342.83176063067367,342831.76063067367,265.9,31.847377049180327,25.108196721311472,39.17647540983607,47.57688524590164,20.00237704918033,2.2249180327868854,122.0,0.4103341417145923
West Bengal,HOOGHLY,2017,Summer,Rice,64751.0,23087700.0,356.56128862874704,356.56128862874704,356561.28862874705,,,,,,,,,
West Bengal,Maldah,2005,Summer,Rice,67525.0,23115400.0,342.32358385783044,342.32358385783044,342323.58385783044,225.95,31.345573770491804,24.85516393442623,38.06672131147541,46.774426229508194,19.319344262295083,2.098196721311475,122.0,0.4538452891590537
West Bengal,Nadia,2006,Winter,Rice,107837.0,23224400.0,215.3657835436817,215.3657835436817,215365.78354368167,887.51,27.019562841530053,23.87830601092896,30.92311475409836,83.76213114754098,16.086666666666666,1.9630601092896176,183.0,0.5753138176503224
West Bengal,Jalpaiguri,1997,Winter,Rice,178783.0,23356000.0,130.6388191270982,130.6388191270982,130638.8191270982,1187.11,26.769726775956283,23.186666666666667,30.93087431693989,75.96360655737705,16.524535519125685,1.4566666666666666,183.0,
West Bengal,Maldah,2002,Summer,Rice,65075.0,23401900.0,359.6142912024587,359.6142912024587,359614.29120245867,518.09,29.61926229508197,23.70827868852459,36.11245901639344,56.034590163934425,18.98950819672131,2.1414754098360653,122.0,0.4634810491861619
West Bengal,Maldah,2000,Summer,Rice,70977.0,23508100.0,331.2072925032052,331.2072925032053,331207.2925032053,499.82,29.000819672131147,22.923688524590165,35.55696721311475,56.26139344262295,19.07204918032787,2.192295081967213,122.0,0.4733751192292291
West Bengal,Maldah,2013,Summer,Rice,60025.0,23621700.0,393.5310287380258,393.5310287380258,393531.02873802587,461.29,29.9077868852459,23.938442622950816,36.23040983606557,51.329098360655735,19.245819672131145,2.1788524590163934,122.0,0.4488162919901653
West Bengal,HOOGHLY,2016,Summer,Rice,70921.0,23664500.0,333.67408806982417,333.67408806982417,333674.0880698241,,,,,,,,,
West Bengal,Maldah,2004,Summer,Rice,64655.0,23725200.0,366.9507385353028,366.9507385353028,366950.7385353028,451.24,30.44188524590164,24.20754098360656,37.08622950819672,51.561229508196725,18.691147540983607,2.1501639344262293,122.0,0.4456385580278204
West Bengal,DINAJPUR UTTAR,1998,Winter,Rice,174837.0,23758000.0,135.8865686324977,135.8865686324977,135886.56863249769,,,,,,,,,
West Bengal,Nadia,1999,Winter,Rice,126188.0,23785000.0,188.48860430468824,188.48860430468824,188488.60430468823,1173.87,26.693715846994536,23.618907103825137,30.43754098360656,85.28349726775956,15.801420765027322,2.1077049180327867,183.0,
West Bengal,Maldah,2015,Summer,Rice,60494.0,23836900.0,394.0374251991933,394.0374251991933,394037.4251991933,477.11,30.189754098360652,24.301475409836065,36.57877049180328,54.05090163934426,18.673524590163936,2.5847540983606554,122.0,0.4961067371024626
West Bengal,Maldah,2001,Summer,Rice,70625.0,23946800.0,339.0697345132744,339.06973451327434,339069.73451327434,445.0,29.877131147540982,23.80049180327869,36.42991803278689,49.93450819672131,20.462213114754096,2.356065573770492,122.0,0.4279828419523426
West Bengal,North 24 Parganas,2015,Summer,Rice,72439.0,24001700.0,331.33671088778146,331.33671088778146,331336.71088778146,477.47,29.316639344262292,24.588688524590165,35.33532786885246,66.83065573770492,19.145081967213116,2.51672131147541,122.0,0.4759366998872696
West Bengal,Nadia,2009,Winter,Rice,98490.0,24249700.0,246.21484414661387,246.21484414661387,246214.84414661388,1227.73,27.0492349726776,23.671475409836063,31.099398907103826,83.76661202185792,16.39049180327869,1.9484699453551912,183.0,0.5726358217165975
West Bengal,Maldah,2014,Summer,Rice,59802.0,24337400.0,406.966322196582,406.9663221965821,406966.3221965821,394.8,30.98450819672131,24.554426229508195,37.71532786885246,46.23245901639344,20.158524590163932,2.1105737704918037,122.0,0.4644975413250407
West Bengal,Maldah,2010,Summer,Rice,64581.0,24552200.0,380.1768321952277,380.1768321952277,380176.8321952277,435.09,31.011639344262296,24.53819672131148,37.88959016393442,49.815000000000005,19.279590163934422,2.2158196721311474,122.0,0.4205393158212988
West Bengal,HOOGHLY,1997,Summer,Rice,91805.0,24572000.0,267.6542671967758,267.6542671967758,267654.26719677576,,,,,,,,,
West Bengal,HOOGHLY,2002,Summer,Rice,98238.0,24620800.0,250.6239947881676,250.62399478816752,250623.99478816756,,,,,,,,,
West Bengal,HOOGHLY,2013,Summer,Rice,84241.0,24823800.0,294.6759891264349,294.6759891264349,294675.9891264349,,,,,,,,,
West Bengal,HOOGHLY,2011,Summer,Rice,78128.0,24881600.0,318.4722506655744,318.47225066557445,318472.25066557445,,,,,,,,,
West Bengal,North 24 Parganas,2018,Summer,Rice,69624.0,24911800.0,357.80477996093305,357.804779960933,357804.77996093297,654.29,29.142704918032784,24.38106557377049,35.1505737704918,69.55967213114755,18.90254098360656,2.243934426229508,122.0,0.481474469357613
West Bengal,Jalpaiguri,2016,Winter,Rice,103433.0,24932600.0,241.05072849090715,241.05072849090715,241050.72849090715,2182.55,26.8424043715847,24.057650273224045,30.06879781420765,84.37934426229508,15.416994535519123,1.371912568306011,183.0,0.6760627136458963
West Bengal,North 24 Parganas,2019,Summer,Rice,66443.0,25043800.0,376.921571873636,376.921571873636,376921.571873636,425.01,29.474098360655734,24.734918032786883,35.646475409836064,70.7811475409836,19.799344262295083,2.513606557377049,122.0,0.5011549532553778
West Bengal,Maldah,2017,Summer,Rice,63185.0,25202000.0,398.8604890401203,398.8604890401203,398860.4890401203,446.96,29.790081967213112,23.940163934426227,36.22122950819672,58.03581967213115,18.220901639344262,2.3025409836065576,122.0,0.5054717648985898
West Bengal,DINAJPUR UTTAR,2005,Summer,Rice,89269.0,25212300.0,282.4306310141258,282.4306310141258,282430.6310141258,,,,,,,,,
West Bengal,DINAJPUR UTTAR,2008,Summer,Rice,94213.0,25267100.0,268.1912262638914,268.1912262638914,268191.2262638914,,,,,,,,,
West Bengal,Birbhum,2015,Summer,Rice,73066.0,25311400.0,346.41830673637526,346.4183067363753,346418.3067363753,380.93,30.086967213114757,23.938360655737704,37.1144262295082,54.75524590163935,19.297786885245905,2.4687704918032787,122.0,0.4190336565306288
West Bengal,Maldah,1998,Summer,Rice,71455.0,25357100.0,354.8680988034428,354.8680988034427,354868.0988034427,355.83,29.96516393442623,23.729180327868853,36.65573770491803,51.23622950819672,19.609426229508195,2.4048360655737704,122.0,
West Bengal,HOOGHLY,2012,Summer,Rice,82707.0,25578200.0,309.2628193502364,309.2628193502364,309262.8193502364,,,,,,,,,
West Bengal,Maldah,2007,Summer,Rice,68050.0,25692500.0,377.55326965466566,377.5532696546657,377553.2696546657,430.58,30.213688524590165,24.145737704918037,36.50696721311476,51.43040983606558,19.96475409836065,2.0931967213114757,122.0,0.4572205404357718
West Bengal,HOOGHLY,2019,Summer,Rice,69815.0,25720200.0,368.4050705435794,368.4050705435795,368405.07054357947,,,,,,,,,
West Bengal,South 24 Parganas,2018,Summer,Rice,71380.0,25765200.0,360.95825161109553,360.95825161109553,360958.2516110956,588.15,29.06860655737705,25.65926229508197,33.52614754098361,72.9739344262295,18.90254098360656,3.455819672131148,122.0,0.4969413628414441
West Bengal,Maldah,2006,Summer,Rice,67633.0,25872300.0,382.5395886623394,382.5395886623394,382539.5886623394,461.87,29.544262295081968,23.73991803278689,35.67327868852459,54.96754098360656,19.450327868852455,1.9675409836065572,122.0,0.4630304808329667
West Bengal,HOOGHLY,2018,Summer,Rice,72734.0,25965800.0,356.99672780267827,356.99672780267827,356996.72780267824,,,,,,,,,
West Bengal,HOOGHLY,2000,Summer,Rice,88894.0,26106300.0,293.67898845816364,293.67898845816364,293678.9884581636,,,,,,,,,
West Bengal,HOOGHLY,2014,Summer,Rice,79654.0,26110500.0,327.7989805910563,327.7989805910563,327798.9805910563,,,,,,,,,
West Bengal,Purulia,2010,Winter,Rice,152676.0,26143500.0,171.2351646624224,171.2351646624224,171235.16466242238,737.33,27.400437158469945,23.33792349726776,32.199617486338795,74.42207650273224,16.999180327868853,1.993169398907104,183.0,0.5301637939194157
West Bengal,Jalpaiguri,1999,Winter,Rice,188551.0,26162000.0,138.75291035316707,138.75291035316704,138752.91035316704,1522.46,26.451092896174863,23.39109289617486,29.999234972677595,81.35360655737705,15.223387978142076,1.412295081967213,183.0,
West Bengal,DINAJPUR UTTAR,2006,Summer,Rice,89231.0,26384500.0,295.687597359662,295.687597359662,295687.597359662,,,,,,,,,
West Bengal,DINAJPUR UTTAR,2004,Summer,Rice,88494.0,26387300.0,298.1817976359979,298.1817976359979,298181.7976359979,,,,,,,,,
West Bengal,Jalpaiguri,2017,Winter,Rice,104952.0,26392900.0,251.4759127982316,251.4759127982316,251475.9127982316,2016.37,26.743060109289612,23.98409836065574,30.050382513661205,84.97688524590164,15.022896174863387,1.4646994535519129,183.0,0.6805319305607656
West Bengal,HOOGHLY,2015,Summer,Rice,80551.0,26500500.0,328.9903291082668,328.9903291082668,328990.3291082668,,,,,,,,,
West Bengal,DINAJPUR UTTAR,2002,Summer,Rice,95655.0,26526000.0,277.3090795044692,277.3090795044692,277309.0795044692,,,,,,,,,
West Bengal,Maldah,2000,Winter,Rice,137315.0,26629000.0,193.9263736663875,193.9263736663875,193926.3736663875,879.29,27.146939890710385,23.591803278688527,31.19464480874317,80.95306010928962,16.47120218579235,1.959945355191257,183.0,0.5114667793380402
West Bengal,DINAJPUR UTTAR,2001,Summer,Rice,93666.0,26654500.0,284.569641065061,284.569641065061,284569.641065061,,,,,,,,,
West Bengal,Maldah,2008,Summer,Rice,72795.0,26825100.0,368.5019575520297,368.5019575520297,368501.9575520297,467.73,29.885409836065573,23.8772131147541,36.03819672131147,53.35877049180328,19.607950819672133,1.965737704918033,122.0,0.4543505184363278
West Bengal,Nadia,2013,Winter,Rice,97006.0,26886200.0,277.16017565923755,277.16017565923755,277160.17565923755,1151.14,26.777103825136614,23.74475409836065,30.45136612021858,86.73524590163935,15.79032786885246,2.065901639344262,183.0,0.5827724249160381
West Bengal,Jalpaiguri,2000,Winter,Rice,190854.0,26921000.0,141.05546648223248,141.0554664822325,141055.4664822325,898.5,26.839562841530057,23.39786885245902,31.01333333333333,77.82830601092896,15.900819672131147,1.4405464480874317,183.0,0.6165097625226426
West Bengal,HOOGHLY,2003,Summer,Rice,94846.0,26996800.0,284.63825569871165,284.6382556987116,284638.2556987116,,,,,,,,,
West Bengal,Nadia,1997,Winter,Rice,127051.0,27148000.0,213.6779718380808,213.6779718380808,213677.9718380808,969.44,27.11677595628415,23.72360655737705,31.16289617486339,81.70770491803279,16.235464480874317,2.0503825136612024,183.0,
West Bengal,Nadia,2014,Winter,Rice,94963.0,27313700.0,287.6246538125376,287.6246538125376,287624.65381253755,1006.25,27.280054644808743,23.773005464480875,31.475573770491803,81.44459016393444,15.847377049180327,1.9635519125683056,183.0,0.5933791602884092
West Bengal,DINAJPUR UTTAR,2007,Summer,Rice,93716.0,27322400.0,291.54466686585005,291.54466686585,291544.66686585,,,,,,,,,
West Bengal,Maldah,1999,Winter,Rice,146750.0,27329000.0,186.22827938671207,186.2282793867121,186228.2793867121,1051.08,27.08092896174864,23.694863387978145,30.805956284153005,81.15535519125683,15.602349726775955,2.002021857923497,183.0,
West Bengal,Nadia,2004,Winter,Rice,119648.0,27335900.0,228.46934340732813,228.46934340732813,228469.34340732812,1079.2,26.631639344262297,23.51153005464481,30.43196721311476,84.63459016393442,15.827650273224044,2.200710382513661,183.0,0.5446606748533945
West Bengal,DINAJPUR UTTAR,1999,Summer,Rice,93249.0,27348000.0,293.2792844963485,293.2792844963485,293279.2844963485,,,,,,,,,
West Bengal,Maldah,2018,Summer,Rice,61089.0,27364200.0,447.9398909787359,447.939890978736,447939.89097873593,483.75,28.924180327868854,23.410983606557377,35.07762295081967,61.69450819672132,18.402131147540985,2.0782786885245903,122.0,0.5296148866041039
West Bengal,Jalpaiguri,2001,Winter,Rice,176149.0,27404700.0,155.57681281188084,155.57681281188084,155576.81281188084,1263.03,26.78256830601093,23.623224043715847,30.510163934426227,80.6663387978142,15.781475409836066,1.3819672131147542,183.0,0.6342035016876736
West Bengal,DINAJPUR UTTAR,2003,Summer,Rice,98592.0,27417800.0,278.0935572865953,278.0935572865953,278093.5572865953,,,,,,,,,
West Bengal,Jalpaiguri,2007,Winter,Rice,177129.0,27466100.0,155.06269442045064,155.06269442045064,155062.69442045063,1562.25,26.50765027322404,23.336775956284157,30.20918032786885,81.24612021857924,15.070109289617486,1.4381420765027322,183.0,0.6402388058096387
West Bengal,Jalpaiguri,2004,Winter,Rice,182997.0,27557200.0,150.58826100974332,150.58826100974332,150588.26100974332,1546.09,26.009781420765027,22.93606557377049,29.61863387978142,82.27710382513662,15.10688524590164,1.470327868852459,183.0,0.6431524350663971
West Bengal,MEDINIPUR EAST,2007,Winter,Rice,223794.0,27591000.0,123.28748760020376,123.28748760020376,123287.48760020376,,,,,,,,,
West Bengal,Maldah,2001,Winter,Rice,132039.0,27610300.0,209.1071577336999,209.1071577336999,209107.1577336999,1016.65,27.313879781420763,24.06644808743169,31.05021857923497,82.62131147540984,16.39896174863388,2.0066120218579235,183.0,0.520250860259854
West Bengal,Jalpaiguri,2019,Winter,Rice,104679.0,27689500.0,264.51819371602704,264.5181937160271,264518.1937160271,2341.67,26.687267759562843,23.938360655737707,29.967978142076504,85.77486338797814,14.82103825136612,1.4313114754098362,183.0,0.6941416636289847
West Bengal,MEDINIPUR WEST,1997,Summer,Rice,112016.0,27859000.0,248.7055420654192,248.7055420654192,248705.54206541923,,,,,,,,,
West Bengal,Jalpaiguri,2018,Winter,Rice,99738.0,27869900.0,279.4311095069081,279.4311095069081,279431.1095069081,1781.55,26.601530054644808,23.55295081967213,30.14087431693989,82.0755737704918,15.188142076502732,1.3210382513661203,183.0,0.6709487261987108
West Bengal,Nadia,2005,Winter,Rice,111671.0,28079100.0,251.44486930357925,251.44486930357925,251444.86930357927,933.35,27.42857923497268,24.04792349726776,31.56437158469945,81.3327868852459,15.820491803278689,2.106229508196721,183.0,0.5646404142402106
West Bengal,Jalpaiguri,2005,Winter,Rice,183079.0,28388100.0,155.05929134417383,155.05929134417383,155059.29134417383,1612.84,26.77688524590164,23.522131147540986,30.496612021857924,79.51628415300546,15.456338797814208,1.4271038251366122,183.0,0.655186680653692
West Bengal,Nadia,2016,Winter,Rice,92143.0,28427100.0,308.51068447955896,308.51068447955896,308510.68447955896,1504.45,27.022513661202183,23.69497267759563,31.00256830601093,84.85841530054645,16.259071038251367,1.858743169398907,183.0,0.599630819538326
West Bengal,South 24 Parganas,2017,Summer,Rice,79312.0,28476900.0,359.0490720193665,359.0490720193666,359049.07201936655,473.1,29.18901639344262,25.88590163934426,33.54450819672131,73.83303278688524,19.380819672131143,3.700081967213115,122.0,0.5001314432340952
West Bengal,DINAJPUR UTTAR,2001,Winter,Rice,185658.0,28762200.0,154.9203373945642,154.9203373945642,154920.3373945642,,,,,,,,,
West Bengal,Nadia,2015,Winter,Rice,96189.0,28932400.0,300.786992275624,300.786992275624,300786.992275624,1280.85,27.584043715846995,24.174863387978142,31.47568306010929,81.64229508196722,15.719726775956284,1.855027322404372,183.0,0.5819293187629296
West Bengal,Nadia,2011,Winter,Rice,106951.0,28940800.0,270.5986853792858,270.5986853792858,270598.68537928583,1261.44,27.044207650273226,23.81743169398907,30.854371584699457,84.21453551912569,15.547759562841527,1.9780874316939887,183.0,0.5536262831838391
West Bengal,HOOGHLY,2005,Summer,Rice,107679.0,28946300.0,268.82028993582776,268.82028993582776,268820.2899358278,,,,,,,,,
West Bengal,DINAJPUR UTTAR,2000,Summer,Rice,92386.0,29048700.0,314.42751066178863,314.4275106617886,314427.5106617886,,,,,,,,,
West Bengal,Murshidabad,1997,Summer,Rice,81817.0,29151000.0,356.2951464854492,356.2951464854492,356295.1464854492,328.66,30.623032786885247,23.93950819672131,37.85713114754098,47.97401639344263,20.126393442622952,2.2761475409836067,122.0,
West Bengal,HOOGHLY,1998,Summer,Rice,94864.0,29238300.0,308.2128099173554,308.21280991735534,308212.80991735536,,,,,,,,,
West Bengal,Maldah,2002,Winter,Rice,139605.0,29259900.0,209.5906307080692,209.5906307080692,209590.6307080692,1097.07,26.90502732240437,23.45273224043716,30.680983606557376,82.4932786885246,15.90792349726776,1.9385792349726776,183.0,0.5370938198885526
West Bengal,Purba Bardhaman,2016,Summer,Rice,125719.0,29276400.0,232.87172185588497,232.8717218558849,232871.7218558849,343.95,31.20655737704918,25.33426229508197,38.3083606557377,60.33795081967213,20.00237704918033,2.389918032786885,122.0,0.4442038856962827
West Bengal,DINAJPUR UTTAR,1999,Winter,Rice,190171.0,29310000.0,154.12444589343278,154.12444589343275,154124.44589343274,,,,,,,,,
West Bengal,DINAJPUR DAKSHIN,2006,Winter,Rice,132407.0,29443100.0,222.3681527411693,222.36815274116927,222368.15274116927,,,,,,,,,
West Bengal,HOOGHLY,2001,Summer,Rice,108202.0,29457100.0,272.24173305484186,272.24173305484186,272241.73305484187,,,,,,,,,
West Bengal,Birbhum,2019,Summer,Rice,77286.0,29518300.0,381.9359262997179,381.935926299718,381935.926299718,267.12,30.9155737704918,24.07622950819672,38.49926229508197,50.29196721311475,20.390573770491805,2.22344262295082,122.0,0.4714507082281006
West Bengal,HOOGHLY,1999,Summer,Rice,112009.0,29662000.0,264.81800569597084,264.81800569597084,264818.00569597085,,,,,,,,,
West Bengal,Jalpaiguri,2002,Winter,Rice,188385.0,29854300.0,158.4749316559174,158.4749316559174,158474.9316559174,1316.6,26.343333333333334,23.10950819672131,30.16896174863388,80.2948087431694,15.189617486338795,1.4244262295081969,183.0,0.6400980880145922
West Bengal,HOOGHLY,2006,Summer,Rice,96257.0,29881400.0,310.43352691232843,310.43352691232843,310433.52691232844,,,,,,,,,
West Bengal,Birbhum,2017,Summer,Rice,88290.0,29918200.0,338.8628383735417,338.86283837354176,338862.8383735418,405.36,30.467704918032787,23.98418032786885,37.68754098360656,53.91262295081968,19.86606557377049,2.172295081967213,122.0,0.4514025797525048
West Bengal,MEDINIPUR WEST,2000,Summer,Rice,99230.0,29947300.0,301.7968356343847,301.7968356343848,301796.8356343848,,,,,,,,,
West Bengal,HOOGHLY,2010,Summer,Rice,93120.0,29988400.0,322.0403780068728,322.04037800687286,322040.37800687284,,,,,,,,,
West Bengal,Nadia,2001,Winter,Rice,129902.0,29992400.0,230.8848208649597,230.88482086495972,230884.8208649597,1045.6,26.97021857923497,24.073497267759564,30.547103825136613,86.54617486338798,15.822459016393443,2.0189071038251365,183.0,0.5278794069537434
West Bengal,Jalpaiguri,2003,Winter,Rice,180586.0,30028400.0,166.28310057258037,166.28310057258037,166283.10057258036,1268.99,26.625300546448088,23.46273224043716,30.350437158469948,81.08584699453552,15.159508196721312,1.440054644808743,183.0,0.6342033430837275
West Bengal,Nadia,2008,Winter,Rice,115484.0,30096900.0,260.6153233348343,260.6153233348343,260615.32333483428,1068.9,26.70273224043716,23.51207650273224,30.449562841530057,85.14038251366121,15.8748087431694,2.0269398907103824,183.0,0.5673027429343012
West Bengal,Jalpaiguri,2008,Winter,Rice,179331.0,30164100.0,168.20348963648226,168.20348963648226,168203.48963648226,1447.03,26.34868852459017,23.27322404371585,29.977322404371588,82.02355191256831,15.58103825136612,1.3601639344262295,183.0,0.6488020691196901
West Bengal,Nadia,2018,Winter,Rice,94639.0,30223100.0,319.3514301714938,319.3514301714938,319351.4301714938,1074.46,27.272622950819677,23.89065573770492,31.3048087431694,82.23688524590165,15.817540983606555,1.832622950819672,183.0,0.6025551196980832
West Bengal,HOOGHLY,2008,Summer,Rice,106430.0,30457500.0,286.1740110870996,286.1740110870996,286174.0110870996,,,,,,,,,
West Bengal,Nadia,2019,Winter,Rice,93424.0,30636800.0,327.9328652166467,327.9328652166467,327932.8652166467,1451.04,27.401092896174863,24.28163934426229,31.1820218579235,85.52256830601092,15.494098360655736,2.012622950819672,183.0,0.6337788448046623
West Bengal,Nadia,2003,Winter,Rice,129396.0,30736400.0,237.5374818386967,237.53748183869672,237537.48183869672,887.05,27.329125683060106,24.12021857923497,31.325081967213112,82.90628415300547,15.745409836065573,2.076448087431694,183.0,0.5749899196968082
West Bengal,DINAJPUR DAKSHIN,1999,Winter,Rice,171991.0,30793000.0,179.03843805780537,179.03843805780534,179038.43805780532,,,,,,,,,
West Bengal,DINAJPUR DAKSHIN,2001,Winter,Rice,164688.0,30954400.0,187.95783542213155,187.95783542213155,187957.83542213155,,,,,,,,,
West Bengal,Nadia,2019,Summer,Rice,81198.0,31004700.0,381.84068573117565,381.84068573117565,381840.6857311757,487.09,30.074590163934424,24.218196721311475,37.02663934426229,62.71950819672131,19.78508196721312,2.441639344262295,122.0,0.5781188496030348
West Bengal,Nadia,2016,Summer,Rice,82179.0,31166100.0,379.2465228343007,379.2465228343007,379246.5228343007,481.79,30.74377049180328,24.957786885245905,37.64409836065574,61.286147540983606,19.52655737704918,2.292786885245902,122.0,0.527140519614781
West Bengal,DINAJPUR UTTAR,1997,Winter,Rice,183150.0,31323000.0,171.02375102375106,171.02375102375103,171023.75102375104,,,,,,,,,
West Bengal,Nadia,2017,Winter,Rice,95876.0,31331800.0,326.7950269097585,326.79502690975846,326795.02690975845,1817.22,26.96857923497268,24.018360655737705,30.549672131147545,86.65786885245902,15.026284153005465,1.9257377049180329,183.0,0.6307584023582183
West Bengal,HOOGHLY,2009,Summer,Rice,106439.0,31361300.0,294.641062016742,294.641062016742,294641.062016742,,,,,,,,,
West Bengal,MEDINIPUR WEST,2002,Summer,Rice,109989.0,31613900.0,287.42783369246007,287.4278336924602,287427.8336924602,,,,,,,,,
West Bengal,HOOGHLY,2004,Summer,Rice,103421.0,31723800.0,306.74427824136296,306.74427824136296,306744.27824136295,,,,,,,,,
West Bengal,DINAJPUR UTTAR,2002,Winter,Rice,187523.0,32063600.0,170.9848925198509,170.9848925198509,170984.8925198509,,,,,,,,,
West Bengal,Jalpaiguri,2006,Winter,Rice,170203.0,32200100.0,189.18644207211383,189.1864420721139,189186.4420721139,1232.83,26.521147540983605,23.279071038251363,30.318360655737703,79.24136612021859,15.694918032786886,1.3969945355191258,183.0,0.6571419073222318
West Bengal,MEDINIPUR EAST,2005,Winter,Rice,259507.0,32235300.0,124.2174584885957,124.21745848859568,124217.45848859569,,,,,,,,,
West Bengal,DINAJPUR UTTAR,2006,Winter,Rice,164541.0,32253700.0,196.02226800615043,196.02226800615043,196022.2680061505,,,,,,,,,
West Bengal,Nadia,2009,Summer,Rice,96531.0,32292500.0,334.5298401549761,334.5298401549761,334529.8401549761,368.75,30.43877049180328,24.208360655737707,37.39131147540984,54.479672131147545,20.236147540983605,2.1400819672131144,122.0,0.4970505638297586
West Bengal,DINAJPUR DAKSHIN,1998,Winter,Rice,169845.0,32547000.0,191.6276605139981,191.62766051399805,191627.66051399804,,,,,,,,,
West Bengal,HOOGHLY,2007,Summer,Rice,106295.0,32588500.0,306.5854461639776,306.5854461639776,306585.4461639776,,,,,,,,,
West Bengal,Nadia,2002,Winter,Rice,127639.0,32758600.0,256.65039682228786,256.65039682228786,256650.39682228785,901.56,26.837868852459017,23.62136612021858,30.77377049180328,84.42939890710383,15.616666666666664,2.034207650273224,183.0,0.5563347735209565
West Bengal,Maldah,1997,Winter,Rice,147759.0,32922000.0,222.80876291799487,222.80876291799484,222808.76291799484,814.75,27.72590163934426,23.795409836065577,32.121420765027324,75.47158469945354,16.853224043715848,2.069672131147541,183.0,
West Bengal,Maldah,2003,Winter,Rice,136961.0,32940100.0,240.50715167091363,240.50715167091363,240507.1516709136,898.66,27.42120218579235,23.99234972677596,31.380054644808745,80.7888524590164,15.88792349726776,2.104207650273224,183.0,0.5257021739122588
West Bengal,Murshidabad,2019,Summer,Rice,99863.0,33073400.0,331.1877271862452,331.1877271862452,331187.7271862452,346.11,30.814262295081967,24.340573770491805,38.04459016393442,54.02180327868852,19.51172131147541,2.2594262295081964,122.0,0.5306160715862962
West Bengal,Nadia,2015,Summer,Rice,91857.0,33260000.0,362.084544454968,362.08454445496807,362084.54445496807,552.38,29.53688524590164,24.04688524590164,36.11918032786885,62.08540983606557,18.8805737704918,2.460901639344262,122.0,0.5312749626316469
West Bengal,South 24 Parganas,2019,Summer,Rice,84726.0,33316500.0,393.2264003965725,393.2264003965725,393226.4003965725,374.42,29.317131147540984,25.89893442622951,33.86524590163935,73.92090163934427,19.799344262295083,3.668196721311476,122.0,0.5098972516530113
West Bengal,Jhargram,2016,Winter,Rice,121838.0,33485200.0,274.8337956959241,274.8337956959241,274833.7956959241,1268.61,26.50814207650273,22.930382513661204,30.82710382513661,82.36218579234973,16.336721311475408,1.95344262295082,183.0,0.6462838887419496
West Bengal,MEDINIPUR WEST,2003,Summer,Rice,117115.0,33575200.0,286.68573624215514,286.68573624215514,286685.73624215514,,,,,,,,,
West Bengal,Purulia,1998,Winter,Rice,227172.0,33630000.0,148.03761026887116,148.03761026887116,148037.61026887115,1089.37,26.86153005464481,23.452459016393444,30.9672131147541,81.11546448087431,16.59103825136612,1.8867759562841528,183.0,
West Bengal,MEDINIPUR WEST,1998,Summer,Rice,118934.0,33730400.0,283.6060335984664,283.60603359846635,283606.0335984664,,,,,,,,,
West Bengal,Murshidabad,1999,Summer,Rice,100155.0,33732000.0,336.79796315710644,336.7979631571065,336797.9631571065,315.45,31.0644262295082,23.87844262295082,38.80885245901639,47.1327868852459,20.034426229508195,2.3204098360655734,122.0,
West Bengal,DINAJPUR UTTAR,2000,Winter,Rice,189979.0,33751000.0,177.6564778212329,177.65647782123287,177656.47782123287,,,,,,,,,
West Bengal,DINAJPUR DAKSHIN,2000,Winter,Rice,165989.0,33801000.0,203.6339757453807,203.63397574538072,203633.9757453807,,,,,,,,,
West Bengal,DINAJPUR UTTAR,1998,Summer,Rice,86623.0,33846200.0,390.729944702908,390.729944702908,390729.9447029081,,,,,,,,,
West Bengal,Jalpaiguri,2009,Winter,Rice,174718.0,33912500.0,194.09849013839445,194.09849013839445,194098.49013839447,1426.27,26.62715846994536,23.25185792349727,30.528360655737703,79.94579234972677,15.678579234972675,1.4284699453551917,183.0,0.6592161473075571
West Bengal,Nadia,2017,Summer,Rice,94808.0,34331400.0,362.1150113914438,362.1150113914438,362115.0113914438,670.88,29.365573770491803,24.00155737704918,35.81106557377049,66.42991803278689,19.07967213114754,2.3204098360655734,122.0,0.5571178626571581
West Bengal,Nadia,2018,Summer,Rice,93154.0,34742400.0,372.9566094853684,372.9566094853683,372956.6094853683,628.34,28.636639344262296,23.3805737704918,34.86180327868853,68.27680327868853,18.65032786885246,1.975983606557377,122.0,0.5471438805005676
West Bengal,Nadia,2010,Summer,Rice,98567.0,34809500.0,353.1557214889365,353.1557214889365,353155.72148893645,459.31,30.830901639344265,25.052868852459014,37.85081967213115,60.68844262295082,19.65475409836065,2.5994262295081967,122.0,0.4861456405799596
West Bengal,DINAJPUR DAKSHIN,2008,Winter,Rice,154650.0,34865700.0,225.44907856450044,225.4490785645005,225449.0785645005,,,,,,,,,
West Bengal,Nadia,2005,Summer,Rice,107541.0,34980800.0,325.2787309026325,325.2787309026325,325278.7309026325,223.29,31.251311475409835,24.99795081967213,38.32631147540984,55.71319672131148,20.04262295081967,2.436393442622951,122.0,0.4888158960238282
West Bengal,Nadia,2011,Summer,Rice,97703.0,35015500.0,358.3871529021627,358.38715290216265,358387.15290216263,616.66,29.674672131147545,24.14032786885246,36.0288524590164,62.22532786885246,18.892540983606555,2.1955737704918032,122.0,0.5404034859537318
West Bengal,Nadia,2013,Summer,Rice,94331.0,35102400.0,372.119451717887,372.119451717887,372119.451717887,502.39,30.06450819672131,24.25409836065574,36.775983606557375,58.43114754098361,18.838852459016397,2.4562295081967216,122.0,0.5182916691254636
West Bengal,Nadia,2006,Summer,Rice,101085.0,35210100.0,348.32170945244104,348.32170945244104,348321.709452441,359.21,30.2444262295082,24.572131147540983,36.58778688524591,58.219836065573766,19.51729508196721,2.0352459016393443,122.0,0.4903512290877796
West Bengal,DINAJPUR DAKSHIN,2002,Winter,Rice,163102.0,35336100.0,216.6503169795588,216.6503169795588,216650.3169795588,,,,,,,,,
West Bengal,DINAJPUR DAKSHIN,2007,Winter,Rice,147939.0,35485700.0,239.8671073888562,239.86710738885623,239867.10738885624,,,,,,,,,
West Bengal,DINAJPUR DAKSHIN,1997,Winter,Rice,174850.0,35707000.0,204.2150414641121,204.2150414641121,204215.0414641121,,,,,,,,,
West Bengal,Nadia,2007,Summer,Rice,104250.0,35720900.0,342.6465227817746,342.6465227817746,342646.5227817746,431.11,30.02434426229508,24.142540983606555,36.61647540983606,57.31737704918033,20.02885245901639,2.2702459016393446,122.0,0.5208464631398612
West Bengal,Nadia,2012,Summer,Rice,95233.0,35765300.0,375.5557422322095,375.5557422322094,375555.7422322094,251.29,31.06926229508197,24.8094262295082,38.29163934426229,52.51639344262295,20.223442622950817,2.5657377049180328,122.0,0.4683046273610474
West Bengal,Murshidabad,2002,Summer,Rice,115142.0,36052100.0,313.1098990811346,313.1098990811346,313109.8990811346,456.51,30.49270491803279,24.328852459016392,37.318278688524586,55.2922131147541,18.88254098360656,2.056967213114754,122.0,0.4576352319931837
West Bengal,DINAJPUR DAKSHIN,2009,Winter,Rice,149940.0,36059900.0,240.4955315459517,240.4955315459517,240495.5315459517,,,,,,,,,
West Bengal,North 24 Parganas,2019,Winter,Rice,142057.0,36102800.0,254.14305525246908,254.14305525246908,254143.0552524691,1817.74,27.511420765027324,24.667431693989077,31.05415300546448,85.30726775956283,15.280601092896177,2.0127868852459017,183.0,0.5788029093237919
West Bengal,MEDINIPUR WEST,2005,Summer,Rice,121906.0,36187900.0,296.8508522960313,296.8508522960313,296850.8522960314,,,,,,,,,
West Bengal,Jhargram,2017,Winter,Rice,125185.0,36259500.0,289.64732196349405,289.64732196349405,289647.32196349406,1627.12,26.92087431693989,23.58743169398907,30.86021857923497,83.16989071038252,15.516994535519126,1.8491256830601093,183.0,0.6784431086717927
West Bengal,MEDINIPUR WEST,1999,Summer,Rice,125011.0,36401000.0,291.1823759509163,291.1823759509163,291182.3759509163,,,,,,,,,
West Bengal,MEDINIPUR EAST,1997,Summer,Rice,129878.0,36472000.0,280.8173824666225,280.8173824666225,280817.3824666225,,,,,,,,,
West Bengal,Nadia,2008,Summer,Rice,104873.0,36587800.0,348.8772133914353,348.87721339143536,348877.21339143533,455.99,29.72393442622951,24.024836065573773,36.19614754098361,61.37959016393443,19.34762295081967,2.148606557377049,122.0,0.5220937640300788
West Bengal,Nadia,2004,Summer,Rice,109866.0,36651000.0,333.5972912456993,333.5972912456993,333597.2912456993,396.33,30.92639344262295,24.817049180327867,37.997213114754096,56.89483606557377,20.040819672131143,2.4754098360655736,122.0,0.4721208084690416
West Bengal,Murshidabad,1998,Summer,Rice,91131.0,36792600.0,403.7330875333312,403.7330875333311,403733.0875333311,361.3,30.024754098360656,23.66155737704918,37.11549180327869,54.82483606557377,19.70655737704918,2.369180327868853,122.0,
West Bengal,DINAJPUR UTTAR,2017,Winter,Rice,181989.0,36990600.0,203.2573397293243,203.2573397293243,203257.33972932427,,,,,,,,,
West Bengal,Maldah,2017,Winter,Rice,147792.0,37040500.0,250.6258796145935,250.6258796145935,250625.8796145935,1234.31,27.50344262295082,24.26551912568306,31.186557377049184,83.14459016393442,15.605901639344262,2.0087431693989077,183.0,0.5728116936404344
West Bengal,MEDINIPUR WEST,2004,Summer,Rice,121743.0,37044800.0,304.2868994521246,304.28689945212454,304286.89945212455,,,,,,,,,
West Bengal,Maldah,2018,Winter,Rice,137605.0,37189100.0,270.25980160604627,270.25980160604627,270259.80160604627,841.78,27.739562841530056,24.0796174863388,31.98125683060109,78.18857923497268,16.395245901639345,1.8545901639344264,183.0,0.5926735385049552
West Bengal,DINAJPUR DAKSHIN,2011,Winter,Rice,149572.0,37418100.0,250.16781215735568,250.16781215735568,250167.8121573557,,,,,,,,,
West Bengal,Nadia,2014,Summer,Rice,98286.0,37482400.0,381.360519300816,381.360519300816,381360.519300816,395.15,30.99762295081967,24.66516393442623,38.22262295081967,53.95909836065574,19.86909836065574,2.3230327868852463,122.0,0.5108607677751583
West Bengal,Murshidabad,2011,Summer,Rice,113523.0,37486400.0,330.2097372338645,330.20973723386453,330209.7372338645,584.77,29.892377049180325,23.99663934426229,36.30385245901639,57.393524590163935,18.839426229508195,2.097622950819672,122.0,0.4896077971103402
West Bengal,DINAJPUR UTTAR,2009,Winter,Rice,181770.0,37555000.0,206.6072509214942,206.6072509214942,206607.2509214942,,,,,,,,,
West Bengal,MEDINIPUR EAST,2013,Winter,Rice,237323.0,37613200.0,158.4894847949841,158.4894847949841,158489.48479498408,,,,,,,,,
West Bengal,Nadia,1997,Summer,Rice,121367.0,37687000.0,310.52098181548524,310.52098181548524,310520.9818154852,388.81,29.9444262295082,23.79827868852459,36.94426229508196,56.608032786885246,20.107950819672133,2.3678688524590163,122.0,
West Bengal,Maldah,2008,Winter,Rice,143019.0,37824900.0,264.47465022129927,264.47465022129927,264474.65022129926,968.82,27.065956284153003,23.541475409836067,30.984918032786883,82.12158469945355,16.230819672131148,1.899508196721312,183.0,0.566786272996196
West Bengal,Maldah,2009,Winter,Rice,143030.0,37853200.0,264.6521708732434,264.6521708732434,264652.1708732434,1101.1,27.496284153005465,23.70896174863388,31.729672131147534,78.61551912568305,16.521420765027322,1.952295081967213,183.0,0.5726805344543541
West Bengal,Maldah,2010,Winter,Rice,132742.0,37945100.0,285.8560214551536,285.8560214551536,285856.0214551536,915.69,27.6631693989071,24.152131147540985,31.82065573770492,80.9920218579235,16.049398907103825,1.9601092896174863,183.0,0.5859669348974121
West Bengal,Jalpaiguri,2011,Winter,Rice,177843.0,37991400.0,213.6232519694337,213.6232519694337,213623.2519694337,1839.54,26.319890710382516,23.176284153005465,29.959672131147546,82.39109289617487,15.614207650273224,1.4402732240437155,183.0,0.6721111957578766
West Bengal,Murshidabad,2000,Summer,Rice,108478.0,38248700.0,352.5940743745275,352.5940743745276,352594.07437452755,495.18,29.32204918032787,23.232295081967216,36.09344262295082,59.30868852459016,19.039836065573773,2.219508196721311,122.0,0.4481893470735389
West Bengal,DINAJPUR UTTAR,2004,Winter,Rice,178332.0,38328100.0,214.92553215351143,214.92553215351143,214925.53215351145,,,,,,,,,
West Bengal,Jalpaiguri,2012,Winter,Rice,179979.0,38370700.0,213.1954283555304,213.1954283555304,213195.4283555304,1528.06,26.54513661202186,23.14081967213115,30.67775956284153,78.31546448087431,15.591584699453554,1.3803825136612022,183.0,0.6707534290037308
West Bengal,Murshidabad,2001,Summer,Rice,112413.0,38371500.0,341.3439726721998,341.3439726721998,341343.97267219983,595.52,29.819180327868853,23.81549180327869,36.47139344262296,55.12803278688524,19.57713114754098,2.248770491803279,122.0,0.4075994274194093
West Bengal,Maldah,2011,Winter,Rice,144564.0,38606800.0,267.05680529039046,267.0568052903904,267056.8052903904,1066.57,27.266775956284157,23.81710382513661,31.09781420765027,81.57409836065574,16.101967213114754,2.056994535519126,183.0,0.5515151083936445
West Bengal,DINAJPUR DAKSHIN,2005,Winter,Rice,159343.0,38628000.0,242.4204389273454,242.4204389273454,242420.4389273454,,,,,,,,,
West Bengal,Jhargram,2018,Winter,Rice,135374.0,38901000.0,287.3594634124721,287.3594634124721,287359.4634124721,1147.38,27.030983606557378,23.26120218579235,31.282513661202184,79.9515300546448,15.56382513661202,1.9169398907103825,183.0,0.6363008570650609
West Bengal,North 24 Parganas,2015,Winter,Rice,139946.0,38974900.0,278.4995641175882,278.4995641175882,278499.5641175882,1591.2,27.54934426229508,24.56327868852459,31.07398907103825,82.77032786885246,15.194863387978142,1.970765027322404,183.0,0.5608296764545899
West Bengal,Murshidabad,2018,Summer,Rice,121132.0,39111700.0,322.8849519532411,322.8849519532411,322884.95195324114,407.08,29.514262295081966,23.623852459016398,36.23344262295082,59.70688524590164,18.49393442622951,2.0509016393442625,122.0,0.4950212986212188
West Bengal,Maldah,2005,Winter,Rice,144239.0,39168700.0,271.5541566427942,271.5541566427942,271554.1566427942,1259.28,27.73,24.12338797814208,31.631803278688523,78.60409836065574,15.772349726775955,1.9592896174863388,183.0,0.540638157684971
West Bengal,DINAJPUR DAKSHIN,2003,Winter,Rice,165217.0,39195700.0,237.23769345769503,237.23769345769503,237237.69345769504,,,,,,,,,
West Bengal,Murshidabad,2012,Summer,Rice,114063.0,39206600.0,343.7275891393353,343.7275891393353,343727.58913933526,233.34,31.43114754098361,24.691803278688525,38.74713114754098,46.936147540983605,20.114590163934427,2.311393442622951,122.0,0.4239202674229528
West Bengal,MEDINIPUR EAST,2008,Summer,Rice,160437.0,39563100.0,246.59586005721872,246.59586005721872,246595.86005721876,,,,,,,,,
West Bengal,Nadia,2003,Summer,Rice,118822.0,39736800.0,334.4229183147902,334.4229183147902,334422.9183147902,470.09,30.44360655737705,24.4488524590164,37.37811475409836,58.17377049180328,19.451147540983605,2.420655737704918,122.0,0.4897111487630068
West Bengal,Murshidabad,2010,Summer,Rice,121612.0,39908400.0,328.1616945696149,328.16169456961484,328161.69456961483,375.45,31.2794262295082,24.853688524590165,38.56188524590164,53.92024590163935,19.382704918032783,2.3112295081967216,122.0,0.4282227365995195
West Bengal,Jalpaiguri,2010,Winter,Rice,176016.0,39914800.0,226.768021088992,226.7680210889919,226768.0210889919,1954.1,26.31502732240437,23.317759562841527,29.767486338797813,84.49218579234973,14.935245901639345,1.3797814207650274,183.0,0.6603864152113909
West Bengal,MEDINIPUR EAST,2002,Summer,Rice,123498.0,39951100.0,323.4959270595476,323.4959270595475,323495.9270595475,,,,,,,,,
West Bengal,North 24 Parganas,2016,Winter,Rice,143075.0,40052800.0,279.9426874017124,279.9426874017124,279942.68740171235,1841.42,26.870109289617485,23.98262295081967,30.42737704918033,86.11803278688525,15.803497267759562,1.853715846994536,183.0,0.5585049300771249
West Bengal,DINAJPUR UTTAR,2008,Winter,Rice,188201.0,40406900.0,214.70077204690733,214.7007720469073,214700.7720469073,,,,,,,,,
West Bengal,Maldah,2004,Winter,Rice,144538.0,40564100.0,280.64661196363585,280.64661196363585,280646.61196363583,1264.62,26.691092896174865,23.46136612021858,30.313715846994533,83.16655737704917,15.650983606557377,2.097814207650273,183.0,0.5321878508894214
West Bengal,DINAJPUR UTTAR,2007,Winter,Rice,185328.0,40729000.0,219.7671156004489,219.76711560044893,219767.11560044892,,,,,,,,,
West Bengal,Murshidabad,2009,Summer,Rice,131338.0,41131100.0,313.1698366047907,313.1698366047907,313169.8366047907,317.46,30.70360655737705,23.977622950819672,37.80508196721312,48.35868852459016,19.931803278688523,2.0244262295081965,122.0,0.4347751382870732
West Bengal,Murshidabad,2013,Summer,Rice,119769.0,41188800.0,343.90201137189086,343.90201137189086,343902.01137189084,471.73,30.23672131147541,24.21516393442623,36.884918032786885,53.33467213114754,18.78106557377049,2.20155737704918,122.0,0.4527064669007842
West Bengal,Maldah,2012,Winter,Rice,145630.0,41260600.0,283.32486438233883,283.32486438233883,283324.8643823388,943.65,27.02808743169399,23.124699453551912,31.650163934426228,77.52928961748634,16.42502732240437,2.121366120218579,183.0,0.5766809315857979
West Bengal,DINAJPUR DAKSHIN,2004,Winter,Rice,167135.0,41475700.0,248.1568791695336,248.1568791695336,248156.8791695336,,,,,,,,,
West Bengal,Murshidabad,2008,Summer,Rice,135706.0,41701900.0,307.2959191192726,307.2959191192725,307295.9191192725,446.35,29.870163934426227,23.89655737704918,36.33754098360656,56.95950819672132,19.324262295081965,1.974754098360656,122.0,0.4527726793298613
West Bengal,North 24 Parganas,2017,Winter,Rice,143736.0,41707000.0,290.16391161574,290.16391161573995,290163.9116157399,2368.16,27.07114754098361,24.44366120218579,30.361092896174863,86.50568306010929,14.869180327868852,1.9500546448087432,183.0,0.5736779937138321
West Bengal,MEDINIPUR EAST,2004,Summer,Rice,138201.0,41709800.0,301.8053414953582,301.8053414953582,301805.3414953582,,,,,,,,,
West Bengal,Jhargram,2019,Winter,Rice,135593.0,41997300.0,309.73059081221004,309.7305908122101,309730.5908122101,1148.01,27.528743169398908,23.867978142076502,31.953060109289616,80.5987431693989,15.597431693989073,2.0429508196721318,183.0,0.6668758520841142
West Bengal,Jalpaiguri,2013,Winter,Rice,180097.0,42070800.0,233.6007818009184,233.6007818009184,233600.7818009184,1724.29,26.49852459016393,23.651092896174863,29.809125683060103,82.93174863387978,15.689398907103824,1.219344262295082,183.0,0.6833374247785101
West Bengal,DINAJPUR UTTAR,2003,Winter,Rice,196347.0,42467500.0,216.2880003259535,216.28800032595356,216288.00032595356,,,,,,,,,
West Bengal,DINAJPUR UTTAR,2013,Winter,Rice,177121.0,42496600.0,239.92976552752071,239.92976552752077,239929.76552752077,,,,,,,,,
West Bengal,Jalpaiguri,2015,Winter,Rice,167777.0,42533000.0,253.50912222771888,253.50912222771893,253509.1222277189,1570.02,27.08846994535519,24.079945355191256,30.61535519125683,81.94562841530055,15.36688524590164,1.4356284153005463,183.0,0.6804329725445103
West Bengal,MEDINIPUR EAST,1998,Winter,Rice,318910.0,42952000.0,134.68376657991283,134.68376657991283,134683.76657991283,,,,,,,,,
West Bengal,Murshidabad,2003,Summer,Rice,130991.0,43112800.0,329.1279553557115,329.12795535571144,329127.95535571146,437.43,30.500901639344264,24.161311475409835,37.48467213114754,53.82049180327869,19.204016393442625,2.172622950819672,122.0,0.4178853120326424
West Bengal,MEDINIPUR EAST,2005,Summer,Rice,140491.0,43322300.0,308.36352506566254,308.36352506566254,308363.5250656626,,,,,,,,,
West Bengal,Jalpaiguri,2014,Winter,Rice,176420.0,43393900.0,245.96927785965303,245.9692778596531,245969.27785965308,1304.58,26.935300546448087,23.83650273224044,30.549508196721312,81.22185792349727,15.544316939890711,1.3387978142076502,183.0,0.6583801664016692
West Bengal,MEDINIPUR WEST,2006,Summer,Rice,137915.0,43643500.0,316.452162563898,316.45216256389807,316452.1625638981,,,,,,,,,
West Bengal,HOOGHLY,1998,Winter,Rice,188614.0,43652000.0,231.43563044100648,231.4356304410065,231435.6304410065,,,,,,,,,
West Bengal,DINAJPUR UTTAR,2012,Winter,Rice,177035.0,43669100.0,246.66930268026096,246.66930268026096,246669.30268026097,,,,,,,,,
West Bengal,DINAJPUR UTTAR,2005,Winter,Rice,189290.0,43776200.0,231.2652543715992,231.26525437159916,231265.25437159912,,,,,,,,,
West Bengal,MEDINIPUR EAST,2011,Summer,Rice,126808.0,43839400.0,345.7147814018043,345.7147814018043,345714.7814018043,,,,,,,,,
West Bengal,Maldah,2019,Winter,Rice,138904.0,43914000.0,316.14640327132406,316.14640327132406,316146.40327132406,1267.52,27.57792349726776,24.34535519125683,31.38327868852459,83.31267759562841,15.693224043715848,2.094863387978142,183.0,0.5865987982422631
West Bengal,Murshidabad,2010,Winter,Rice,170696.0,43928700.0,257.350494446267,257.350494446267,257350.49444626705,791.03,27.8744262295082,24.25584699453552,32.18781420765027,80.23251366120218,16.255683060109288,1.9687978142076503,183.0,0.574369535250284
West Bengal,DINAJPUR DAKSHIN,2012,Winter,Rice,158532.0,44033400.0,277.7571720535917,277.7571720535917,277757.1720535917,,,,,,,,,
West Bengal,MEDINIPUR EAST,1999,Summer,Rice,161568.0,44034000.0,272.5415923945336,272.54159239453355,272541.5923945336,,,,,,,,,
West Bengal,DINAJPUR DAKSHIN,2013,Winter,Rice,157471.0,44290400.0,281.26067656901904,281.26067656901904,281260.67656901904,,,,,,,,,
West Bengal,DINAJPUR UTTAR,2011,Winter,Rice,173283.0,44657000.0,257.7113738797228,257.7113738797228,257711.3738797228,,,,,,,,,
West Bengal,MEDINIPUR EAST,2012,Summer,Rice,135070.0,44704000.0,330.96912711927143,330.9691271192715,330969.1271192715,,,,,,,,,
West Bengal,DINAJPUR DAKSHIN,2010,Winter,Rice,151578.0,44771300.0,295.36806132816105,295.3680613281611,295368.0613281611,,,,,,,,,
West Bengal,Murshidabad,2017,Summer,Rice,116315.0,44793600.0,385.1059622576623,385.1059622576624,385105.9622576624,472.59,30.147131147540986,24.1944262295082,36.96188524590164,58.45877049180328,18.695245901639343,2.229016393442623,122.0,0.5039574992045746
West Bengal,Murshidabad,1999,Winter,Rice,236455.0,45058000.0,190.5563426444778,190.5563426444778,190556.34264447785,1076.19,26.828087431693987,23.514535519125683,30.63,83.0312568306011,15.69344262295082,2.0581420765027323,183.0,
West Bengal,HOOGHLY,1999,Winter,Rice,191201.0,45243000.0,236.62533145747148,236.62533145747145,236625.33145747145,,,,,,,,,
West Bengal,MEDINIPUR WEST,2011,Summer,Rice,137185.0,45269100.0,329.98578561796114,329.98578561796114,329985.78561796114,,,,,,,,,
West Bengal,Nadia,1999,Summer,Rice,133652.0,45451000.0,340.06973333732384,340.0697333373238,340069.73333732376,330.9,30.948114754098363,24.226803278688525,38.57155737704917,52.45909836065574,20.24065573770492,2.6124590163934425,122.0,
West Bengal,MEDINIPUR WEST,2001,Summer,Rice,150870.0,45673500.0,302.7341419765361,302.7341419765361,302734.1419765361,,,,,,,,,
West Bengal,Murshidabad,2014,Summer,Rice,126504.0,45714700.0,361.3696009612344,361.3696009612344,361369.6009612344,370.42,31.105245901639343,24.56368852459016,38.26524590163934,49.53827868852459,19.92975409836065,2.1129508196721307,122.0,0.4484402187723667
West Bengal,Maldah,2014,Winter,Rice,141455.0,45734100.0,323.31200735216146,323.31200735216146,323312.00735216145,915.93,27.56311475409836,23.90606557377049,31.663224043715847,78.72284153005465,16.061147540983608,1.8019125683060109,183.0,0.566510864830626
West Bengal,Maldah,2015,Winter,Rice,142288.0,45828900.0,322.08548858652875,322.08548858652875,322085.48858652875,918.39,28.041092896174867,24.351475409836063,32.19912568306011,77.48868852459016,16.210327868852456,1.8677595628415304,183.0,0.5732337849228173
West Bengal,MEDINIPUR EAST,2003,Summer,Rice,137557.0,46024300.0,334.58348175665355,334.5834817566536,334583.48175665364,,,,,,,,,
West Bengal,Maldah,2013,Winter,Rice,135629.0,46209500.0,340.70515892618835,340.70515892618835,340705.1589261884,983.08,27.0451912568306,23.70464480874317,30.81737704918033,83.53371584699454,16.366830601092897,1.8183060109289615,183.0,0.5854408549465815
West Bengal,DINAJPUR DAKSHIN,2014,Winter,Rice,163582.0,46288400.0,282.9675636683742,282.9675636683743,282967.56366837426,,,,,,,,,
West Bengal,MEDINIPUR WEST,2008,Summer,Rice,173516.0,46339300.0,267.060674519929,267.060674519929,267060.67451992905,,,,,,,,,
West Bengal,Maldah,2016,Winter,Rice,145106.0,46354900.0,319.4554325803206,319.4554325803206,319455.4325803206,1118.88,27.55256830601093,24.02,31.58846994535519,80.9960655737705,16.434590163934427,1.96344262295082,183.0,0.597424039561944
West Bengal,DINAJPUR UTTAR,2014,Winter,Rice,179862.0,46627300.0,259.23930568991784,259.23930568991784,259239.30568991785,,,,,,,,,
West Bengal,DINAJPUR UTTAR,2010,Winter,Rice,177585.0,46725800.0,263.11794352000453,263.11794352000453,263117.9435200045,,,,,,,,,
West Bengal,Murshidabad,2016,Summer,Rice,126680.0,46856500.0,369.88080202084,369.8808020208399,369880.8020208399,314.49,31.712295081967213,25.311475409836067,38.89319672131148,51.59008196721312,19.24172131147541,2.2948360655737705,122.0,0.4775936324148321
West Bengal,North 24 Parganas,2018,Winter,Rice,142463.0,46961100.0,329.6371689491306,329.6371689491306,329637.16894913063,1447.41,27.241420765027325,24.291639344262293,30.87743169398907,83.43983606557377,15.396448087431695,1.8714207650273225,183.0,0.5496675972354896
West Bengal,Purulia,2000,Winter,Rice,258531.0,46991000.0,181.7615682452008,181.7615682452008,181761.5682452008,846.25,26.17907103825137,22.21972677595629,30.84262295081967,77.46732240437159,16.96224043715847,1.930983606557377,183.0,0.5262206536634445
West Bengal,MEDINIPUR EAST,2006,Summer,Rice,147552.0,47135500.0,319.4500921708957,319.4500921708957,319450.09217089566,,,,,,,,,
West Bengal,MEDINIPUR EAST,1998,Summer,Rice,160444.0,47283600.0,294.7046944728379,294.7046944728379,294704.6944728379,,,,,,,,,
West Bengal,DINAJPUR DAKSHIN,2016,Winter,Rice,161835.0,47319800.0,292.395340933667,292.395340933667,292395.340933667,,,,,,,,,
West Bengal,Murshidabad,2005,Summer,Rice,137686.0,47372800.0,344.06402974884884,344.06402974884884,344064.0297488488,196.82,31.58573770491803,24.86172131147541,38.73245901639344,50.195,19.54770491803279,2.2186065573770493,122.0,0.4373877909420515
West Bengal,DINAJPUR DAKSHIN,2017,Winter,Rice,163467.0,47521600.0,290.7106633143081,290.7106633143081,290710.6633143081,,,,,,,,,
West Bengal,Murshidabad,2006,Summer,Rice,137322.0,47566900.0,346.38950787200883,346.38950787200883,346389.50787200883,419.97,30.108032786885243,24.312704918032782,36.40581967213115,56.2033606557377,19.51967213114754,1.8354918032786889,122.0,0.4431797415263302
West Bengal,Purba Bardhaman,2011,Summer,Rice,169333.0,47633200.0,281.29897893499793,281.2989789349979,281298.97893499787,658.1800000000001,29.766393442622952,24.333032786885248,36.1644262295082,63.4805737704918,19.468196721311475,2.297049180327869,122.0,0.4921761551997031
West Bengal,MEDINIPUR EAST,2009,Summer,Rice,162366.0,47643700.0,293.4339701661678,293.4339701661678,293433.97016616777,,,,,,,,,
West Bengal,MEDINIPUR EAST,2013,Summer,Rice,139959.0,47692800.0,340.7626519194907,340.76265191949074,340762.6519194907,,,,,,,,,
West Bengal,MEDINIPUR WEST,2012,Summer,Rice,167853.0,47846400.0,285.04941824096085,285.04941824096085,285049.41824096086,,,,,,,,,
West Bengal,MEDINIPUR EAST,2008,Winter,Rice,231482.0,48011200.0,207.40791940626053,207.40791940626053,207407.9194062605,,,,,,,,,
West Bengal,DINAJPUR DAKSHIN,2018,Winter,Rice,158208.0,48243900.0,304.9396996359224,304.93969963592235,304939.6996359223,,,,,,,,,
West Bengal,Purulia,2002,Winter,Rice,228204.0,48257900.0,211.4682477081909,211.4682477081909,211468.2477081909,1052.42,26.056448087431693,22.19857923497268,30.52491803278689,78.76191256830602,16.47846994535519,1.866502732240437,183.0,0.5430378349788094
West Bengal,DINAJPUR UTTAR,2016,Winter,Rice,180641.0,48362400.0,267.72659584479715,267.72659584479715,267726.59584479715,,,,,,,,,
West Bengal,Purba Bardhaman,2015,Summer,Rice,148014.0,48978000.0,330.90113097409704,330.90113097409704,330901.13097409706,435.02,29.771475409836064,24.28909836065574,36.43532786885245,61.95336065573771,19.297786885245905,2.6368852459016394,122.0,0.4753582240882697
West Bengal,Purba Bardhaman,2014,Summer,Rice,150267.0,49053200.0,326.4402696533504,326.4402696533504,326440.26965335035,371.62,30.77311475409836,24.637622950819672,37.90844262295082,56.82196721311475,20.428688524590164,2.4139344262295084,122.0,0.4621373759056827
West Bengal,DINAJPUR UTTAR,2015,Winter,Rice,183988.0,49180000.0,267.3000413070417,267.30004130704174,267300.0413070417,,,,,,,,,
West Bengal,MEDINIPUR EAST,2019,Winter,Rice,247502.0,49281300.0,199.11475462824544,199.11475462824544,199114.75462824543,,,,,,,,,
West Bengal,Murshidabad,2006,Winter,Rice,225168.0,49284900.0,218.880569175016,218.880569175016,218880.569175016,903.49,27.03153005464481,23.750710382513663,30.91158469945355,83.1668306010929,16.418688524590163,1.8752459016393443,183.0,0.5295695598911855
West Bengal,DINAJPUR DAKSHIN,2019,Winter,Rice,159088.0,49578100.0,311.6394699788796,311.6394699788796,311639.4699788796,,,,,,,,,
West Bengal,DINAJPUR DAKSHIN,2015,Winter,Rice,168319.0,49771300.0,295.6962672069107,295.6962672069107,295696.2672069107,,,,,,,,,
West Bengal,Purulia,2015,Winter,Rice,271430.0,49931400.0,183.956821279888,183.956821279888,183956.821279888,1032.09,26.61327868852459,22.640163934426223,31.197868852459017,77.08781420765027,16.464918032786883,1.859508196721312,183.0,0.5732843137117604
West Bengal,MEDINIPUR WEST,2009,Summer,Rice,156372.0,49992500.0,319.7023763845189,319.70237638451897,319702.376384519,,,,,,,,,
West Bengal,Murshidabad,2007,Summer,Rice,141921.0,50093900.0,352.97031447072663,352.9703144707267,352970.3144707267,413.01,30.29344262295082,24.13983606557377,36.84655737704918,53.794754098360656,19.630081967213115,2.135081967213115,122.0,0.4656788987927931
West Bengal,MEDINIPUR EAST,2017,Summer,Rice,137845.0,50334800.0,365.15506547208815,365.1550654720882,365155.0654720882,,,,,,,,,
West Bengal,HOOGHLY,2007,Winter,Rice,189637.0,50490600.0,266.2486751003232,266.2486751003232,266248.6751003232,,,,,,,,,
West Bengal,MEDINIPUR EAST,2016,Summer,Rice,144786.0,50494500.0,348.7526418300112,348.7526418300112,348752.6418300112,,,,,,,,,
West Bengal,HOOGHLY,1997,Winter,Rice,190596.0,50573000.0,265.34135029066715,265.34135029066715,265341.35029066715,,,,,,,,,
West Bengal,Nadia,2000,Summer,Rice,147670.0,50635700.0,342.8976772533352,342.89767725333513,342897.67725333513,505.19,29.283360655737702,23.62122950819672,35.8627868852459,63.498770491803285,19.323032786885246,2.402459016393443,122.0,0.5087013706638517
West Bengal,COOCHBEHAR,2016,Winter,Rice,210831.0,50657200.0,240.27396350631548,240.27396350631548,240273.9635063155,,,,,,,,,
West Bengal,MEDINIPUR EAST,2015,Summer,Rice,155209.0,50888800.0,327.8727393385693,327.87273933856926,327872.7393385693,,,,,,,,,
West Bengal,HOOGHLY,2003,Winter,Rice,197954.0,50980900.0,257.539125251321,257.539125251321,257539.12525132103,,,,,,,,,
West Bengal,MEDINIPUR EAST,2000,Summer,Rice,168746.0,51081800.0,302.7141384092068,302.7141384092067,302714.1384092067,,,,,,,,,
West Bengal,DINAJPUR UTTAR,2018,Winter,Rice,180083.0,51098600.0,283.7502707085066,283.7502707085066,283750.2707085066,,,,,,,,,
West Bengal,Murshidabad,2015,Summer,Rice,140077.0,51155900.0,365.1984265796669,365.1984265796669,365198.4265796669,477.84,30.15434426229508,24.257213114754094,36.86770491803279,56.58311475409836,18.625,2.4789344262295083,122.0,0.4876004341329903
West Bengal,Murshidabad,2004,Summer,Rice,140359.0,51337000.0,365.7549569318676,365.7549569318676,365754.9569318676,411.74,31.072295081967216,24.60877049180328,38.18549180327869,52.19844262295082,19.667704918032783,2.1914754098360656,122.0,0.4189052404411175
West Bengal,MEDINIPUR EAST,2003,Winter,Rice,271489.0,51372500.0,189.2249778075723,189.22497780757232,189224.97780757232,,,,,,,,,
West Bengal,HOOGHLY,2002,Winter,Rice,198791.0,51409700.0,258.61180838166723,258.6118083816672,258611.8083816672,,,,,,,,,
West Bengal,Nadia,1998,Summer,Rice,125158.0,51642900.0,412.6216462391537,412.6216462391537,412621.64623915375,389.15,29.645901639344263,23.720245901639345,36.65901639344262,60.03229508196721,19.7805737704918,2.512540983606557,122.0,
West Bengal,HOOGHLY,2012,Winter,Rice,184654.0,52211700.0,282.75423223975656,282.7542322397565,282754.2322397565,,,,,,,,,
West Bengal,Purulia,2005,Winter,Rice,264150.0,52458700.0,198.5943592655688,198.5943592655688,198594.3592655688,829.12,26.783224043715848,22.72956284153005,31.500437158469943,74.49967213114755,16.70841530054645,1.978360655737705,183.0,0.5454614773834958
West Bengal,HOOGHLY,2004,Winter,Rice,194577.0,52478300.0,269.7045385631395,269.7045385631395,269704.5385631395,,,,,,,,,
West Bengal,COOCHBEHAR,2015,Winter,Rice,210429.0,52532900.0,249.64667417513743,249.64667417513743,249646.67417513745,,,,,,,,,
West Bengal,MEDINIPUR EAST,2007,Summer,Rice,157072.0,52572700.0,334.704466741367,334.704466741367,334704.466741367,,,,,,,,,
West Bengal,COOCHBEHAR,2017,Winter,Rice,213535.0,52773300.0,247.14121806729568,247.14121806729577,247141.21806729576,,,,,,,,,
West Bengal,HOOGHLY,2009,Winter,Rice,187162.0,52843300.0,282.33989805622934,282.33989805622934,282339.89805622934,,,,,,,,,
West Bengal,HOOGHLY,2006,Winter,Rice,195831.0,52991600.0,270.5986284091896,270.5986284091896,270598.6284091895,,,,,,,,,
West Bengal,Purba Bardhaman,2017,Summer,Rice,149145.0,53183500.0,356.58922525059506,356.58922525059506,356589.2252505951,425.99,30.32639344262295,24.59065573770492,37.266639344262295,61.966065573770486,19.86606557377049,2.585,122.0,0.5029167576341426
West Bengal,Murshidabad,1998,Winter,Rice,218651.0,53431000.0,244.36659333824224,244.3665933382422,244366.5933382422,1087.16,27.645683060109288,24.475245901639347,31.481584699453556,83.51098360655737,16.02174863387978,1.982841530054645,183.0,
West Bengal,Nadia,2001,Summer,Rice,156157.0,53453900.0,342.3087021395134,342.30870213951346,342308.70213951345,662.33,29.649754098360656,23.96327868852459,36.10442622950819,60.2132786885246,19.436475409836067,2.3765573770491804,122.0,0.4955819724338404
West Bengal,HOOGHLY,2005,Winter,Rice,193277.0,53521100.0,276.91396286159244,276.91396286159244,276913.9628615924,,,,,,,,,
West Bengal,Purulia,1999,Winter,Rice,294107.0,53558000.0,182.1037921572761,182.1037921572761,182103.7921572761,1284.28,25.639344262295083,22.18786885245901,29.73765027322404,82.22655737704919,16.45431693989071,1.93448087431694,183.0,
West Bengal,MEDINIPUR EAST,2009,Winter,Rice,264134.0,53688800.0,203.2634950441821,203.2634950441821,203263.4950441821,,,,,,,,,
West Bengal,HOOGHLY,2001,Winter,Rice,196336.0,53690300.0,273.4613112215793,273.4613112215793,273461.3112215793,,,,,,,,,
West Bengal,Murshidabad,1997,Winter,Rice,219994.0,54027000.0,245.583970471922,245.583970471922,245583.970471922,927.57,27.34956284153005,23.70196721311476,31.54956284153005,79.26147540983607,16.369071038251366,2.0249726775956285,183.0,
West Bengal,MEDINIPUR EAST,2006,Winter,Rice,267420.0,54036200.0,202.06491661057512,202.06491661057512,202064.91661057516,,,,,,,,,
West Bengal,HOOGHLY,2011,Winter,Rice,191578.0,54363300.0,283.76588125985234,283.7658812598524,283765.8812598524,,,,,,,,,
West Bengal,MEDINIPUR EAST,2002,Winter,Rice,266030.0,54462300.0,204.72239972935384,204.72239972935384,204722.39972935384,,,,,,,,,
West Bengal,HOOGHLY,2013,Winter,Rice,195988.0,54515100.0,278.1552952221565,278.15529522215644,278155.29522215645,,,,,,,,,
West Bengal,Purba Bardhaman,2018,Summer,Rice,152224.0,54564500.0,358.4487334454488,358.4487334454488,358448.7334454488,426.58,29.47204918032787,23.84204918032787,36.16426229508197,64.25770491803279,19.06204918032787,2.2899180327868853,122.0,0.5013578780199779
West Bengal,MEDINIPUR EAST,2014,Winter,Rice,254064.0,54626000.0,215.0088166761131,215.0088166761131,215008.81667611309,,,,,,,,,
West Bengal,MEDINIPUR EAST,2011,Winter,Rice,259876.0,54758600.0,210.7104926965168,210.7104926965168,210710.4926965168,,,,,,,,,
West Bengal,Nadia,2002,Summer,Rice,158907.0,55277600.0,347.8613276948152,347.8613276948152,347861.3276948152,444.02,30.477295081967213,24.488360655737704,37.3083606557377,58.76172131147541,18.920081967213115,2.324672131147541,122.0,0.5127673915129402
West Bengal,DINAJPUR UTTAR,2019,Winter,Rice,181689.0,55456800.0,305.2292653930618,305.2292653930618,305229.2653930618,,,,,,,,,
West Bengal,Murshidabad,2012,Winter,Rice,226641.0,55468100.0,244.7399190790722,244.7399190790722,244739.9190790722,873.6,27.0620218579235,23.1124043715847,31.817759562841527,78.35120218579235,16.039180327868852,2.1331147540983606,183.0,0.560759325748397
West Bengal,Murshidabad,2011,Winter,Rice,225648.0,55599000.0,246.3970431823016,246.39704318230164,246397.04318230168,1155.95,27.11262295081967,23.768469945355196,30.90775956284153,83.13486338797814,15.615464480874316,1.9801092896174863,183.0,0.5237727230738632
West Bengal,HOOGHLY,2008,Winter,Rice,192915.0,55615900.0,288.2922530648213,288.2922530648213,288292.2530648213,,,,,,,,,
West Bengal,Purba Bardhaman,2005,Summer,Rice,207192.0,55839300.0,269.5050967218812,269.5050967218812,269505.0967218812,290.24,30.90270491803279,24.958852459016395,37.93565573770491,59.694016393442624,20.59598360655738,2.5690983606557376,122.0,0.4542166754774724
West Bengal,MEDINIPUR WEST,2007,Summer,Rice,167509.0,55855300.0,333.44656108030017,333.44656108030017,333446.5610803002,,,,,,,,,
West Bengal,MEDINIPUR EAST,1997,Winter,Rice,323282.0,56114000.0,173.57601103680378,173.57601103680378,173576.01103680377,,,,,,,,,
West Bengal,MEDINIPUR EAST,2014,Summer,Rice,159819.0,56333200.0,352.4812444077363,352.48124440773626,352481.24440773623,,,,,,,,,
West Bengal,MEDINIPUR EAST,2016,Winter,Rice,249259.0,56637700.0,227.2242928038706,227.22429280387067,227224.29280387063,,,,,,,,,
West Bengal,MEDINIPUR EAST,2018,Summer,Rice,149470.0,56780700.0,379.8802435271292,379.8802435271292,379880.2435271292,,,,,,,,,
West Bengal,MEDINIPUR EAST,2015,Winter,Rice,249177.0,57148900.0,229.35062224844188,229.35062224844188,229350.62224844188,,,,,,,,,
West Bengal,HOOGHLY,2016,Winter,Rice,186331.0,57319200.0,307.6203100933285,307.62031009332856,307620.31009332853,,,,,,,,,
West Bengal,Murshidabad,2007,Winter,Rice,223835.0,57638500.0,257.50441173185607,257.50441173185607,257504.4117318561,1483.13,26.953060109289616,23.72754098360656,30.62584699453552,84.73098360655737,15.901475409836063,2.092950819672131,183.0,0.5335707546732297
West Bengal,MEDINIPUR EAST,2019,Summer,Rice,143111.0,57860400.0,404.30435116797446,404.3043511679745,404304.3511679745,,,,,,,,,
West Bengal,MEDINIPUR WEST,2014,Summer,Rice,195960.0,58044200.0,296.204327413758,296.20432741375794,296204.3274137579,,,,,,,,,
West Bengal,HOOGHLY,2014,Winter,Rice,190221.0,58084500.0,305.3527213083729,305.3527213083729,305352.7213083729,,,,,,,,,
West Bengal,MEDINIPUR EAST,1999,Winter,Rice,318662.0,58165000.0,182.5288236438609,182.5288236438609,182528.8236438609,,,,,,,,,
West Bengal,HOOGHLY,2015,Winter,Rice,188164.0,58335900.0,310.02689143513106,310.02689143513106,310026.8914351311,,,,,,,,,
West Bengal,HOOGHLY,2017,Winter,Rice,186990.0,58581900.0,313.2889459329376,313.2889459329376,313288.94593293755,,,,,,,,,
West Bengal,Purba Bardhaman,2010,Summer,Rice,189443.0,58586300.0,309.25555444117765,309.25555444117754,309255.5544411775,427.59,30.90032786885246,25.16360655737705,37.965409836065575,62.10516393442623,20.143360655737705,2.657049180327869,122.0,0.4509100269829992
West Bengal,MEDINIPUR EAST,2010,Summer,Rice,168447.0,59005000.0,350.2882212209181,350.28822122091816,350288.2212209182,,,,,,,,,
West Bengal,MEDINIPUR EAST,2012,Winter,Rice,256014.0,59072000.0,230.7373815494465,230.73738154944647,230737.3815494465,,,,,,,,,
West Bengal,Purba Bardhaman,2012,Summer,Rice,163328.0,59249500.0,362.7638861677116,362.7638861677116,362763.8861677116,265.17,30.828032786885245,24.736967213114752,38.03114754098361,55.96024590163934,20.758524590163933,2.6469672131147544,122.0,0.424211717861016
West Bengal,HOOGHLY,2010,Winter,Rice,194776.0,59272300.0,304.3100792705467,304.3100792705467,304310.0792705467,,,,,,,,,
West Bengal,Murshidabad,2009,Winter,Rice,225164.0,59390500.0,263.7655220195058,263.7655220195058,263765.5220195058,1082.68,27.30245901639345,23.58475409836066,31.586775956284157,80.41169398907104,16.34934426229508,1.9339890710382517,183.0,0.5428606775694461
West Bengal,Murshidabad,2004,Winter,Rice,232211.0,59519300.0,256.3155922846032,256.3155922846032,256315.5922846032,1153.82,26.679781420765025,23.431475409836064,30.409289617486337,83.52595628415301,15.70295081967213,2.159453551912568,183.0,0.5199150236373141
West Bengal,Purulia,1997,Winter,Rice,315095.0,59583000.0,189.09535219536968,189.09535219536968,189095.3521953697,1338.84,26.42010928961749,22.8220218579235,30.530928961748632,79.04939890710384,16.442295081967213,1.8518032786885248,183.0,
West Bengal,Purulia,2009,Winter,Rice,265107.0,59784500.0,225.5108314755929,225.51083147559288,225510.8314755929,1088.36,26.383551912568304,22.306830601092894,31.013715846994536,77.00426229508197,16.949945355191257,1.8701639344262293,183.0,0.548425221912369
West Bengal,Purulia,2014,Winter,Rice,279151.0,59789900.0,214.1847960422853,214.18479604228537,214184.79604228536,1003.9,26.51169398907104,22.537650273224045,31.166174863387976,76.81677595628415,16.546393442622954,1.8168852459016396,183.0,0.5700249383581635
West Bengal,Murshidabad,2003,Winter,Rice,232299.0,59830600.0,257.5585775229338,257.55857752293383,257558.57752293383,847.45,27.45732240437158,24.046284153005463,31.5144262295082,81.22387978142076,15.974918032786883,2.0156830601092897,183.0,0.5319735367756783
West Bengal,MEDINIPUR WEST,2013,Summer,Rice,176270.0,60188200.0,341.4545867135644,341.4545867135644,341454.5867135644,,,,,,,,,
West Bengal,Murshidabad,2001,Winter,Rice,234126.0,60395200.0,257.9602436294987,257.9602436294986,257960.2436294986,1018.48,27.07377049180328,23.988360655737704,30.75639344262295,85.04672131147541,16.343770491803276,1.9827868852459016,183.0,0.5299235819610774
West Bengal,HOOGHLY,2018,Winter,Rice,191232.0,60488700.0,316.3105547188755,316.3105547188755,316310.5547188755,,,,,,,,,
West Bengal,Murshidabad,2002,Winter,Rice,238246.0,60786400.0,255.14132451331807,255.14132451331812,255141.32451331816,958.02,26.85393442622951,23.44289617486339,30.82535519125683,83.19562841530055,15.839453551912568,1.975901639344262,183.0,0.536666045435656
West Bengal,MEDINIPUR EAST,2017,Winter,Rice,250823.0,60854000.0,242.61730383577265,242.61730383577265,242617.30383577265,,,,,,,,,
West Bengal,MEDINIPUR EAST,2010,Winter,Rice,266350.0,60868900.0,228.5297540829735,228.52975408297357,228529.75408297355,,,,,,,,,
West Bengal,Purba Bardhaman,2004,Summer,Rice,200398.0,60937900.0,304.084372099522,304.08437209952194,304084.3720995219,400.8,30.8072131147541,24.765819672131148,38.03426229508197,59.16836065573771,20.874590163934425,2.5420491803278686,122.0,0.4406753283490667
West Bengal,Purba Bardhaman,2019,Summer,Rice,158631.0,61466200.0,387.4791182051428,387.4791182051428,387479.11820514273,299.72,30.454262295081968,24.602622950819672,37.58409836065574,62.042131147540985,20.390573770491805,2.6148360655737704,122.0,0.5158957455548373
West Bengal,Purulia,2018,Winter,Rice,281236.0,61502500.0,218.68644128063264,218.68644128063264,218686.44128063263,1121.55,26.438251366120216,22.473879781420766,30.89300546448088,77.94333333333333,15.684207650273224,1.873169398907104,183.0,0.6040766269067056
West Bengal,HOOGHLY,2019,Winter,Rice,190957.0,61744100.0,323.3403331640108,323.3403331640108,323340.3331640108,,,,,,,,,
West Bengal,MEDINIPUR WEST,2016,Summer,Rice,171267.0,61873800.0,361.2709979155354,361.2709979155354,361270.9979155354,,,,,,,,,
West Bengal,MEDINIPUR EAST,2004,Winter,Rice,264521.0,61912700.0,234.05589726335523,234.0558972633553,234055.8972633553,,,,,,,,,
West Bengal,MEDINIPUR WEST,2010,Summer,Rice,173888.0,62963400.0,362.0916912035333,362.0916912035333,362091.69120353326,,,,,,,,,
West Bengal,COOCHBEHAR,2018,Winter,Rice,230368.0,63157800.0,274.16047367689964,274.1604736768996,274160.4736768996,,,,,,,,,
West Bengal,Murshidabad,2018,Winter,Rice,216294.0,63197300.0,292.1823998816426,292.1823998816426,292182.3998816426,885.34,27.6451912568306,23.886284153005462,31.958524590163933,78.73939890710382,16.034535519125683,1.8284153005464483,183.0,0.5759462811455659
West Bengal,Purulia,2003,Winter,Rice,290796.0,63290800.0,217.6467351682967,217.6467351682967,217646.7351682967,1153.94,26.47136612021858,22.86409836065574,30.796557377049183,79.69251366120218,16.38639344262295,1.8936065573770493,183.0,0.5401054411945723
West Bengal,Murshidabad,2008,Winter,Rice,231525.0,63307700.0,273.43785768275563,273.43785768275563,273437.8576827556,972.93,26.87814207650273,23.465081967213116,30.76218579234973,83.38934426229508,16.07032786885246,1.906775956284153,183.0,0.5422117482411424
West Bengal,Murshidabad,2019,Winter,Rice,214643.0,63608100.0,296.343696277074,296.343696277074,296343.696277074,965.57,27.817486338797817,24.363715846994538,31.965628415300547,81.63267759562842,15.525136612021855,2.070601092896175,183.0,0.5905118202531303
West Bengal,Murshidabad,2005,Winter,Rice,230296.0,63707800.0,276.6344183138222,276.6344183138222,276634.4183138222,1051.14,27.5788524590164,23.97300546448088,31.682513661202183,79.49442622950819,15.70398907103825,2.0378688524590163,183.0,0.5405838684592139
West Bengal,Purulia,2016,Winter,Rice,276351.0,64862600.0,234.71092921682927,234.71092921682933,234710.92921682933,1377.11,25.976010928961745,22.244699453551917,30.535245901639342,80.62071038251366,16.579398907103826,1.946502732240437,183.0,0.5893683870074609
West Bengal,Purba Bardhaman,2002,Summer,Rice,216157.0,65028300.0,300.838279583821,300.838279583821,300838.279583821,461.15,30.433688524590163,24.537704918032787,37.32745901639344,61.3827868852459,19.88483606557377,2.415819672131148,122.0,0.4764883226987454
West Bengal,MEDINIPUR WEST,2015,Summer,Rice,197171.0,65363900.0,331.5086904260768,331.50869042607684,331508.6904260768,,,,,,,,,
West Bengal,Purba Bardhaman,2008,Summer,Rice,233697.0,66142700.0,283.02759556177443,283.02759556177443,283027.59556177445,507.58,29.39639344262295,23.96295081967213,35.736639344262294,64.83368852459016,19.57754098360656,2.1975409836065576,122.0,0.4875199793492164
West Bengal,COOCHBEHAR,2019,Winter,Rice,226607.0,66327900.0,292.7001372420093,292.7001372420093,292700.1372420093,,,,,,,,,
West Bengal,MEDINIPUR WEST,2019,Summer,Rice,198012.0,66559300.0,336.1377088257277,336.1377088257277,336137.7088257277,,,,,,,,,
West Bengal,Purba Bardhaman,2013,Summer,Rice,176219.0,66840700.0,379.3047287749902,379.3047287749902,379304.7287749903,545.17,30.078852459016392,24.32795081967213,36.887868852459015,60.02016393442623,19.357786885245904,2.5759016393442624,122.0,0.4655201885523167
West Bengal,South 24 Parganas,2019,Winter,Rice,327620.0,66886800.0,204.1596972101825,204.1596972101825,204159.6972101825,1815.13,27.98136612021858,25.748688524590165,30.704262295081968,82.75131147540984,15.280601092896177,3.107595628415301,183.0,0.6188501840362662
West Bengal,Purulia,2004,Winter,Rice,287528.0,66927600.0,232.76898249909567,232.76898249909573,232768.98249909573,1114.89,25.78562841530055,22.14989071038251,29.969234972677597,79.76748633879782,16.732622950819675,1.981256830601093,183.0,0.569038496083956
West Bengal,Murshidabad,2013,Winter,Rice,219346.0,67477200.0,307.62904269966174,307.62904269966174,307629.04269966175,1023.28,26.91087431693989,23.683497267759563,30.665573770491804,85.07836065573771,16.14710382513661,1.9633333333333332,183.0,0.5651873101895286
West Bengal,South 24 Parganas,2016,Winter,Rice,295347.0,67560500.0,228.74957253671107,228.74957253671104,228749.57253671103,1606.78,27.39464480874317,25.18289617486339,30.040874316939888,82.96743169398907,15.803497267759562,2.867650273224044,183.0,0.606204903485133
West Bengal,Purba Bardhaman,2007,Summer,Rice,203741.0,67999800.0,333.7560922936473,333.7560922936473,333756.0922936473,392.39,30.00163934426229,24.208934426229508,36.62885245901639,59.34049180327869,20.41008196721312,2.416639344262295,122.0,0.48086535682093
West Bengal,Murshidabad,2017,Winter,Rice,233396.0,68487600.0,293.4394762549487,293.43947625494866,293439.47625494865,1321.25,27.27983606557377,24.05688524590164,31.09868852459017,84.11180327868853,15.227103825136613,1.9526775956284157,183.0,0.5980084174979623
West Bengal,Murshidabad,2014,Winter,Rice,222718.0,68634100.0,308.1659318061405,308.1659318061405,308165.9318061405,932.54,27.447704918032787,23.729890710382517,31.76934426229508,79.371912568306,15.728415300546448,1.8830054644808745,183.0,0.5647220363594051
West Bengal,South 24 Parganas,2015,Winter,Rice,319534.0,68977600.0,215.8693597551434,215.86935975514345,215869.3597551434,1577.61,27.95918032786885,25.61016393442623,30.61065573770492,81.19775956284153,15.194863387978142,2.9710382513661204,183.0,0.6213419923122986
West Bengal,Purba Bardhaman,1997,Summer,Rice,201048.0,69169000.0,344.04221877362613,344.0422187736262,344042.2187736262,431.6,30.036475409836065,24.09139344262295,36.99319672131148,59.71622950819672,20.434508196721318,2.442540983606557,122.0,
West Bengal,MEDINIPUR EAST,2000,Winter,Rice,343278.0,69409000.0,202.1947226446204,202.1947226446204,202194.7226446204,,,,,,,,,
West Bengal,Purba Bardhaman,2000,Winter,Rice,344094.0,69802000.0,202.8573587449941,202.8573587449941,202857.3587449941,1054.02,26.89191256830601,23.63027322404372,30.674098360655737,84.1615300546448,16.694043715846995,2.0043715846994536,183.0,0.5287816742232806
West Bengal,Purba Bardhaman,2003,Summer,Rice,215469.0,69920000.0,324.50143640152413,324.50143640152413,324501.4364015241,482.63,30.475,24.5794262295082,37.455,59.662295081967216,20.26549180327869,2.557950819672131,122.0,0.4585890686929149
West Bengal,Murshidabad,2015,Winter,Rice,226774.0,70205000.0,309.58134530413537,309.58134530413537,309581.3453041353,1037.84,27.78448087431694,24.09841530054645,31.89382513661202,79.24289617486339,15.77207650273224,1.8545901639344264,183.0,0.5653898872155758
West Bengal,South 24 Parganas,2017,Winter,Rice,296842.0,70504500.0,237.51524379973185,237.51524379973185,237515.24379973183,1970.85,27.69568306010929,25.650382513661203,30.166448087431693,83.56699453551913,14.869180327868852,3.035573770491803,183.0,0.635242150141213
West Bengal,MEDINIPUR WEST,2018,Summer,Rice,187778.0,71117700.0,378.732865404893,378.732865404893,378732.865404893,,,,,,,,,
West Bengal,MEDINIPUR EAST,2018,Winter,Rice,249141.0,71228100.0,285.89473430707915,285.89473430707915,285894.7343070792,,,,,,,,,
West Bengal,MEDINIPUR WEST,1998,Winter,Rice,383438.0,71561000.0,186.629911485038,186.629911485038,186629.911485038,,,,,,,,,
West Bengal,MEDINIPUR WEST,2017,Summer,Rice,190540.0,71922500.0,377.46667366432246,377.46667366432246,377466.6736643225,,,,,,,,,
West Bengal,Purba Bardhaman,2001,Summer,Rice,218525.0,71960300.0,329.30008008237047,329.3000800823704,329300.08008237043,650.47,29.760573770491803,24.166147540983605,36.2411475409836,62.20295081967213,19.943934426229507,2.4309016393442624,122.0,0.4619849690550215
West Bengal,Purba Bardhaman,2006,Summer,Rice,209769.0,72194800.0,344.1633415805005,344.16334158050046,344163.3415805005,374.06,30.07254098360656,24.555983606557376,36.3744262295082,61.37532786885246,20.1344262295082,2.153688524590164,122.0,0.4417089111526774
West Bengal,Murshidabad,2016,Winter,Rice,231140.0,72281600.0,312.71783334775466,312.7178333477546,312717.8333477546,1158.59,27.300382513661205,23.71546448087432,31.51256830601093,81.90775956284153,16.457431693989072,1.937377049180328,183.0,0.5938850550554774
West Bengal,Purulia,2006,Winter,Rice,277234.0,72508500.0,261.5425957855097,261.5425957855097,261542.5957855097,1442.29,25.791475409836067,22.41,29.710109289617485,83.24071038251365,16.23650273224044,1.8218032786885243,183.0,0.55581467819965
West Bengal,Bankura,2018,Winter,Rice,316502.0,72799900.0,230.0140283473722,230.0140283473722,230014.0283473722,1110.98,26.93918032786885,23.07661202185793,31.240054644808744,79.40010928961749,15.760491803278688,1.9325136612021856,183.0,0.6170343616391187
West Bengal,Purulia,2012,Winter,Rice,288735.0,72955300.0,252.67217344623964,252.67217344623964,252672.17344623964,1189.28,25.951256830601093,21.97994535519125,30.7648087431694,78.14748633879782,16.45622950819672,1.915792349726776,183.0,0.5575347683498635
West Bengal,Purulia,2013,Winter,Rice,302274.0,73013600.0,241.5477348366052,241.5477348366052,241547.7348366052,1417.5,25.6375956284153,22.31382513661202,29.506338797814205,84.33153005464482,15.878579234972678,1.837978142076503,183.0,0.6019884201216821
West Bengal,Purulia,2011,Winter,Rice,270270.0,73179900.0,270.7659007659008,270.7659007659008,270765.9007659008,1529.91,25.943934426229507,22.46005464480874,29.98743169398907,82.21300546448087,15.922513661202188,1.896120218579235,183.0,0.5653868763252585
West Bengal,Purulia,2001,Winter,Rice,290378.0,73573000.0,253.36974564188748,253.36974564188748,253369.74564188748,1181.21,25.891803278688524,22.68131147540984,29.731912568306008,84.26579234972677,16.362295081967215,1.9301092896174863,183.0,0.5801246096908722
West Bengal,Purulia,2008,Winter,Rice,297872.0,73814300.0,247.80543320620936,247.8054332062094,247805.4332062094,1287.98,25.657868852459018,22.20185792349727,29.59983606557377,83.13868852459017,16.392131147540987,1.7495628415300548,183.0,0.5698694681562648
West Bengal,Purba Bardhaman,2009,Summer,Rice,230750.0,74420600.0,322.5161430119176,322.5161430119177,322516.14301191765,391.17,30.218196721311475,24.168688524590163,37.15311475409836,57.96368852459016,20.82827868852459,2.191311475409836,122.0,0.4562984071300842
West Bengal,Purulia,2017,Winter,Rice,272651.0,75027000.0,275.1759575427928,275.1759575427928,275175.9575427928,1761.07,26.447868852459017,22.94896174863388,30.50431693989071,81.08114754098361,15.625956284153007,1.7771038251366118,183.0,0.6283400613856343
West Bengal,MEDINIPUR WEST,2001,Winter,Rice,333854.0,75421900.0,225.9128241686485,225.91282416864857,225912.82416864857,,,,,,,,,
West Bengal,Purulia,2007,Winter,Rice,308632.0,75994000.0,246.2285181057052,246.2285181057052,246228.5181057052,1503.8,26.008961748633883,22.540874316939888,30.05065573770492,82.3568306010929,16.31775956284153,2.010054644808743,183.0,0.5538039349083035
West Bengal,Purba Bardhaman,1999,Summer,Rice,228995.0,77364000.0,337.8414375859735,337.8414375859735,337841.4375859735,329.83,30.785409836065572,24.224590163934423,38.47237704918033,56.09959016393442,20.381803278688523,2.7143442622950817,122.0,
West Bengal,Bankura,2019,Winter,Rice,312379.0,79170400.0,253.44341328962577,253.4434132896257,253443.41328962572,1055.85,27.425956284153006,23.725956284153007,31.82224043715847,80.21989071038251,15.777650273224044,2.059071038251366,183.0,0.6338085694647746
West Bengal,Purulia,2019,Winter,Rice,285631.0,79428000.0,278.0790600460034,278.0790600460034,278079.06004600343,1155.45,26.744535519125684,23.0244262295082,31.12076502732241,80.16065573770491,15.53497267759563,1.9754098360655736,183.0,0.6163828685815954
West Bengal,Bankura,2015,Winter,Rice,301070.0,80923700.0,268.7869930580928,268.7869930580928,268786.9930580928,1079.5,27.06650273224044,23.200382513661204,31.455081967213115,79.52333333333334,16.117267759562843,1.9923497267759565,183.0,0.6205625005664426
West Bengal,South 24 Parganas,2018,Winter,Rice,328566.0,81412800.0,247.7821807490733,247.78218074907323,247782.18074907325,1502.47,27.83612021857924,25.48234972677596,30.52311475409836,80.8303825136612,15.396448087431695,2.8433333333333337,183.0,0.612991383665218
West Bengal,Purba Bardhaman,2000,Summer,Rice,219769.0,83930500.0,381.9032711619928,381.9032711619929,381903.27116199286,485.35,29.169590163934423,23.69426229508197,35.71975409836066,65.8022131147541,19.97360655737705,2.5081967213114758,122.0,0.4834633450973679
West Bengal,Bankura,2016,Winter,Rice,309989.0,85367700.0,275.3894493030398,275.3894493030398,275389.44930303976,1300.84,26.47726775956284,22.804098360655736,30.84743169398907,81.76792349726776,16.669234972677593,2.00448087431694,183.0,0.6234823658716128
West Bengal,Bankura,2017,Winter,Rice,314162.0,85816100.0,273.1587524907532,273.1587524907532,273158.75249075313,1784.63,26.834644808743167,23.440601092896177,30.81,82.96677595628415,15.459071038251368,1.895464480874317,183.0,0.646106526879187
West Bengal,Purba Bardhaman,1998,Summer,Rice,249525.0,88228900.0,353.5874160905721,353.5874160905721,353587.4160905721,396.15,29.72254098360656,23.929426229508195,36.55401639344262,62.1422131147541,20.02032786885246,2.5659836065573773,122.0,
West Bengal,MEDINIPUR WEST,1999,Winter,Rice,431040.0,89084000.0,206.6722345953972,206.6722345953972,206672.2345953972,,,,,,,,,
West Bengal,MEDINIPUR WEST,2000,Winter,Rice,420822.0,92377000.0,219.51561467793985,219.51561467793985,219515.61467793983,,,,,,,,,
West Bengal,MEDINIPUR WEST,1997,Winter,Rice,434653.0,95227000.0,219.0874099569081,219.08740995690812,219087.40995690812,,,,,,,,,
West Bengal,Birbhum,2018,Winter,Rice,318965.0,95782200.0,300.29062749831485,300.29062749831485,300290.62749831483,954.1,27.31737704918033,23.41830601092896,31.745737704918035,78.08180327868853,15.760491803278688,1.8633879781420768,183.0,0.612201641336389
West Bengal,MEDINIPUR WEST,2019,Winter,Rice,369926.0,99803200.0,269.7923368457476,269.7923368457475,269792.3368457475,,,,,,,,,
West Bengal,Purba Bardhaman,1999,Winter,Rice,414208.0,100058000.0,241.5646245364648,241.5646245364648,241564.6245364648,1418.9,26.6255737704918,23.523169398907104,30.371202185792352,85.08098360655738,16.16633879781421,2.166338797814208,183.0,
West Bengal,MEDINIPUR WEST,2010,Winter,Rice,403460.0,100218400.0,248.397362811679,248.397362811679,248397.362811679,,,,,,,,,
West Bengal,Purba Bardhaman,2017,Winter,Rice,356876.0,102140600.0,286.20753426960624,286.20753426960624,286207.5342696062,1703.95,27.144863387978145,24.129945355191257,30.81131147540984,85.13737704918033,15.459071038251368,1.9837158469945355,183.0,0.6579459401805693
West Bengal,Birbhum,2019,Winter,Rice,305350.0,102544200.0,335.8251187162273,335.8251187162273,335825.1187162273,918.8,27.634262295081964,24.02650273224044,31.95398907103825,80.18311475409836,15.777650273224044,2.071256830601093,183.0,0.6175624668622199
West Bengal,MEDINIPUR WEST,2016,Winter,Rice,368368.0,102781400.0,279.0182643443513,279.0182643443513,279018.2643443513,,,,,,,,,
West Bengal,MEDINIPUR WEST,2013,Winter,Rice,502667.0,105337500.0,209.5572217790306,209.55722177903064,209557.22177903063,,,,,,,,,
West Bengal,Purba Bardhaman,2010,Winter,Rice,364128.0,105360200.0,289.3493496792337,289.3493496792337,289349.3496792337,992.8,27.576284153005464,24.324590163934424,31.450491803278688,83.10005464480874,16.759945355191256,1.9839890710382515,183.0,0.6096069348260419
West Bengal,Birbhum,2017,Winter,Rice,329608.0,105989100.0,321.5610664789689,321.56106647896894,321561.06647896895,1542.3,27.09,23.768415300546447,31.03426229508197,82.9675956284153,15.459071038251368,1.909344262295082,183.0,0.6362002247417711
West Bengal,Birbhum,2016,Winter,Rice,328427.0,106120400.0,323.11716150012023,323.1171615001203,323117.1615001203,1171.94,26.948633879781426,23.271475409836068,31.303715846994532,80.95863387978142,16.669234972677593,1.9623497267759564,183.0,0.6442943652773679
West Bengal,MEDINIPUR WEST,2003,Winter,Rice,481448.0,106785600.0,221.80090061647363,221.80090061647363,221800.90061647363,,,,,,,,,
West Bengal,Birbhum,2015,Winter,Rice,324014.0,107964500.0,333.2093674964662,333.2093674964662,333209.3674964662,996.91,27.516229508196723,23.607868852459013,31.9272131147541,77.62245901639344,16.117267759562843,1.9143715846994536,183.0,0.6098002342780015
West Bengal,MEDINIPUR WEST,2002,Winter,Rice,480710.0,111691100.0,232.34611304112667,232.34611304112667,232346.11304112663,,,,,,,,,
West Bengal,MEDINIPUR WEST,2018,Winter,Rice,360690.0,112553900.0,312.05162327760684,312.05162327760684,312051.62327760685,,,,,,,,,
West Bengal,Purba Bardhaman,2007,Winter,Rice,414468.0,112676200.0,271.8574172191822,271.8574172191822,271857.4172191822,1720.38,26.803715846994532,23.73273224043716,30.41393442622951,86.00344262295081,16.321366120218578,2.2079234972677595,183.0,0.5840287709442764
West Bengal,MEDINIPUR WEST,2017,Winter,Rice,368953.0,112684100.0,305.4158659775094,305.4158659775093,305415.8659775093,,,,,,,,,
West Bengal,Purba Bardhaman,1997,Winter,Rice,417834.0,114606000.0,274.2859604531944,274.2859604531943,274285.96045319433,1112.71,27.054590163934424,23.765737704918035,30.921748633879783,82.6475956284153,16.431584699453552,2.068360655737705,183.0,
West Bengal,Purba Bardhaman,2018,Winter,Rice,358495.0,115445500.0,322.0282012301426,322.02820123014266,322028.2012301427,1057.03,27.281857923497267,23.784371584699453,31.395956284153005,81.48535519125683,15.760491803278688,1.9024043715846997,183.0,0.6136735991701688
West Bengal,Purba Bardhaman,2001,Winter,Rice,420467.0,115522200.0,274.74736424023763,274.74736424023763,274747.3642402376,1149.2,26.90650273224044,24.080765027322403,30.386448087431692,86.97846994535519,16.237759562841532,2.076120218579235,183.0,0.6056717485469281
West Bengal,MEDINIPUR WEST,2007,Winter,Rice,441316.0,115624600.0,261.9995649375957,261.9995649375957,261999.5649375957,,,,,,,,,
West Bengal,Purba Bardhaman,1998,Winter,Rice,416509.0,116152000.0,278.87032453080246,278.87032453080246,278870.32453080243,1038.02,27.613551912568305,24.598251366120216,31.457595628415294,84.55639344262295,16.410437158469946,2.1649180327868853,183.0,
West Bengal,Purba Bardhaman,2008,Winter,Rice,417486.0,117021100.0,280.2994591435401,280.29945914354016,280299.4591435402,1173.29,26.58163934426229,23.50726775956284,30.184043715847,85.78109289617487,16.1375956284153,2.053224043715847,183.0,0.5993437821333862
West Bengal,MEDINIPUR WEST,2005,Winter,Rice,491499.0,117857800.0,239.79255298586568,239.79255298586568,239792.55298586568,,,,,,,,,
West Bengal,Purba Bardhaman,2016,Winter,Rice,355335.0,118339400.0,333.036148986168,333.036148986168,333036.148986168,1287.76,26.978852459016395,23.594043715846997,31.06846994535519,83.84349726775956,16.669234972677593,1.941693989071038,183.0,0.6501481316005014
West Bengal,MEDINIPUR WEST,2009,Winter,Rice,488628.0,119501700.0,244.56580466121463,244.56580466121463,244565.80466121464,,,,,,,,,
West Bengal,Purba Bardhaman,2006,Winter,Rice,419514.0,120131000.0,286.35754706636726,286.35754706636726,286357.54706636723,1126.02,26.856448087431698,23.82016393442623,30.4796174863388,85.32016393442623,16.305956284153005,1.9663387978142075,183.0,0.5945930772064671
West Bengal,Purba Bardhaman,2002,Winter,Rice,404986.0,120488900.0,297.5137412157457,297.5137412157457,297513.7412157457,1020.93,26.662131147540983,23.53934426229508,30.43650273224044,85.00180327868853,16.292185792349727,2.048524590163934,183.0,0.6005088339245336
West Bengal,Purba Bardhaman,2004,Winter,Rice,416657.0,123142100.0,295.5478967112037,295.5478967112037,295547.8967112037,1147.22,26.597978142076503,23.443169398907106,30.38120218579235,84.32765027322404,16.60071038251366,2.171584699453552,183.0,0.5908034047403923
West Bengal,Purba Bardhaman,2011,Winter,Rice,413299.0,124234700.0,300.59279117539603,300.59279117539603,300592.791175396,1379.34,26.9344262295082,23.76120218579235,30.61508196721312,84.7035519125683,15.83344262295082,2.0217486338797817,183.0,0.5890888223269568
West Bengal,MEDINIPUR WEST,2011,Winter,Rice,482718.0,124562400.0,258.0438268305719,258.0438268305719,258043.8268305719,,,,,,,,,
West Bengal,Purba Bardhaman,2003,Winter,Rice,421645.0,125708700.0,298.1387185902833,298.1387185902833,298138.7185902833,1036.6,27.23284153005464,24.113005464480874,31.12032786885246,83.5068306010929,16.097540983606557,2.154754098360656,183.0,0.586145913895232
West Bengal,MEDINIPUR WEST,2004,Winter,Rice,480679.0,125996100.0,262.12108288483586,262.1210828848358,262121.0828848358,,,,,,,,,
West Bengal,Purba Bardhaman,2009,Winter,Rice,429698.0,127190600.0,295.9999813822732,295.9999813822731,295999.98138227314,1223.99,26.941748633879783,23.580765027322403,30.949016393442623,83.78573770491803,16.80109289617486,1.9743715846994536,183.0,0.6080655351213752
West Bengal,MEDINIPUR WEST,2006,Winter,Rice,513019.0,128108000.0,249.71394821634283,249.71394821634289,249713.9482163429,,,,,,,,,
West Bengal,Purba Bardhaman,2012,Winter,Rice,420798.0,130119500.0,309.2208137871378,309.2208137871378,309220.8137871378,943.97,26.83907103825137,23.19344262295082,31.409398907103824,81.35519125683061,16.296120218579237,2.2825136612021857,183.0,0.6260377403444127
West Bengal,Purba Bardhaman,2019,Winter,Rice,366490.0,130144500.0,355.1106442194876,355.1106442194876,355110.6442194876,1093.94,27.83622950819672,24.433060109289617,31.986830601092898,81.80092896174864,15.777650273224044,2.1411475409836065,183.0,0.6370320535237164
West Bengal,MEDINIPUR WEST,2008,Winter,Rice,503293.0,131347400.0,260.9760119850664,260.97601198506635,260976.01198506635,,,,,,,,,
West Bengal,MEDINIPUR WEST,2012,Winter,Rice,486172.0,131591100.0,270.6677883547386,270.66778835473866,270667.7883547387,,,,,,,,,
West Bengal,Purba Bardhaman,2013,Winter,Rice,418616.0,132304900.0,316.05313700384124,316.05313700384124,316053.1370038412,1429.5,26.695409836065576,23.6896174863388,30.339726775956283,86.75371584699454,15.988032786885244,2.086174863387978,183.0,0.6315233842522805
West Bengal,MEDINIPUR WEST,2015,Winter,Rice,473763.0,132509700.0,279.6961772025253,279.6961772025253,279696.1772025253,,,,,,,,,
West Bengal,MEDINIPUR WEST,2014,Winter,Rice,496134.0,134832900.0,271.76710324226923,271.76710324226923,271767.10324226925,,,,,,,,,
West Bengal,Purba Bardhaman,2014,Winter,Rice,419814.0,136113800.0,324.22406113183456,324.22406113183456,324224.0611318346,1040.55,27.155081967213118,23.623224043715847,31.32863387978142,81.86628415300547,16.31245901639344,2.0418032786885245,183.0,0.6310214621398751
West Bengal,Purba Bardhaman,2005,Winter,Rice,417180.0,136549200.0,327.3148281317417,327.3148281317417,327314.8281317417,1020.47,27.233825136612023,23.874863387978145,31.321202185792348,81.96431693989071,16.313715846994533,2.193934426229508,183.0,0.6261530468173129
West Bengal,Purba Bardhaman,2015,Winter,Rice,417317.0,141717300.0,339.59148560926104,339.59148560926104,339591.485609261,1276.27,27.470983606557372,24.01054644808743,31.36579234972677,81.82989071038251,16.117267759562843,1.9517486338797816,183.0,0.6546236687387976
