State_Name,District_Name,Crop_Year,Season,Crop,Area,Production,yield,Rice_Yield_t_ha,Rice_Yield_kg_ha
West Bengal,DARJEELING,1997,Summer,Rice,125.0,350.0,2.8,2.8,2800.0
West Bengal,DARJEELING,1999,Summer,Rice,392.0,1060.0,2.704081632653061,2.704081632653061,2704.081632653061
West Bengal,DARJEELING,2000,Summer,Rice,469.0,1213.0,2.5863539445629,2.5863539445629,2586.3539445629
West Bengal,DARJEELING,1998,Summer,Rice,394.0,1379.0,3.5,3.5,3500.0
West Bengal,DARJEELING,2004,Autumn,Rice,4891.0,1581.0,0.32324677979963196,0.32324677979963196,323.24677979963195
West Bengal,24 PARAGANAS SOUTH,2007,Autumn,Rice,780.0,1793.0,2.2987179487179485,2.2987179487179485,2298.7179487179487
West Bengal,DARJEELING,2001,Summer,Rice,1025.0,2096.0,2.044878048780488,2.044878048780488,2044.878048780488
West Bengal,DARJEELING,2004,Summer,Rice,1177.0,2248.0,1.9099405267629566,1.9099405267629566,1909.9405267629566
West Bengal,DARJEELING,2005,Summer,Rice,1288.0,2408.0,1.8695652173913044,1.8695652173913044,1869.5652173913045
West Bengal,DARJEELING,2003,Summer,Rice,1215.0,2503.0,2.060082304526749,2.060082304526749,2060.0823045267493
West Bengal,DARJEELING,2002,Summer,Rice,1604.0,2569.0,1.6016209476309227,1.6016209476309227,1601.6209476309227
West Bengal,COOCHBEHAR,2010,Autumn,Rice,1733.0,2756.0,1.5903058280438547,1.5903058280438547,1590.3058280438547
West Bengal,DARJEELING,2006,Summer,Rice,1536.0,3181.0,2.0709635416666665,2.0709635416666665,2070.9635416666665
West Bengal,PURULIA,2010,Autumn,Rice,122.0,35.0,0.28688524590163933,0.28688524590163933,286.88524590163934
West Bengal,DARJEELING,2007,Summer,Rice,1498.0,3659.0,2.442590120160214,2.442590120160214,2442.5901201602137
West Bengal,DARJEELING,1997,Autumn,Rice,6540.0,4230.0,0.6467889908256881,0.6467889908256881,646.7889908256881
West Bengal,PASCHIM BARDHAMAN,2017,Autumn,Rice,15.0,43.0,2.8666666666666667,2.8666666666666667,2866.6666666666665
West Bengal,24 PARAGANAS SOUTH,1997,Autumn,Rice,2409.0,5270.0,2.1876297218762972,2.1876297218762972,2187.629721876297
West Bengal,DARJEELING,1998,Autumn,Rice,6190.0,5460.0,0.8820678513731826,0.8820678513731826,882.0678513731825
West Bengal,BIRBHUM,2009,Autumn,Rice,1840.0,5464.0,2.9695652173913043,2.9695652173913043,2969.5652173913045
West Bengal,COOCHBEHAR,2009,Autumn,Rice,4090.0,5885.0,1.438875305623472,1.438875305623472,1438.875305623472
West Bengal,BIRBHUM,2011,Autumn,Rice,2554.0,5902.0,2.3108848864526235,2.3108848864526235,2310.8848864526235
West Bengal,DARJEELING,2008,Autumn,Rice,3615.0,5904.0,1.633195020746888,1.633195020746888,1633.1950207468878
West Bengal,DARJEELING,2007,Autumn,Rice,3818.0,6193.0,1.6220534311157675,1.6220534311157675,1622.0534311157676
West Bengal,BIRBHUM,2012,Autumn,Rice,2477.0,6209.0,2.5066612838110616,2.5066612838110616,2506.6612838110614
West Bengal,24 PARAGANAS SOUTH,2005,Autumn,Rice,2163.0,6267.0,2.897364771151179,2.897364771151179,2897.364771151179
West Bengal,BIRBHUM,2013,Autumn,Rice,2763.0,6327.0,2.2899022801302933,2.2899022801302933,2289.902280130293
West Bengal,COOCHBEHAR,2012,Autumn,Rice,4214.0,6367.0,1.5109159943046986,1.5109159943046986,1510.9159943046986
West Bengal,BIRBHUM,2014,Autumn,Rice,2585.0,6721.0,2.6,2.6,2600.0
West Bengal,COOCHBEHAR,2011,Autumn,Rice,4218.0,6923.0,1.6412991939307728,1.6412991939307728,1641.2991939307728
West Bengal,DARJEELING,2005,Autumn,Rice,4376.0,6964.0,1.5914076782449726,1.5914076782449726,1591.4076782449727
West Bengal,BIRBHUM,2010,Autumn,Rice,2619.0,7105.0,2.7128675066819397,2.7128675066819397,2712.8675066819396
West Bengal,COOCHBEHAR,2013,Autumn,Rice,4170.0,7106.0,1.7040767386091127,1.7040767386091127,1704.0767386091127
West Bengal,COOCHBEHAR,2014,Autumn,Rice,4050.0,7113.0,1.7562962962962962,1.7562962962962962,1756.2962962962963
West Bengal,24 PARAGANAS SOUTH,2004,Autumn,Rice,3151.0,7148.0,2.268486194858775,2.268486194858775,2268.486194858775
West Bengal,DARJEELING,1999,Autumn,Rice,5213.0,7540.0,1.4463840399002494,1.4463840399002494,1446.3840399002495
West Bengal,24 PARAGANAS SOUTH,1998,Autumn,Rice,4337.0,7600.0,1.7523633848282223,1.7523633848282223,1752.3633848282223
West Bengal,24 PARAGANAS SOUTH,2009,Autumn,Rice,3375.0,7686.0,2.2773333333333334,2.2773333333333334,2277.3333333333335
West Bengal,DARJEELING,2000,Autumn,Rice,5369.0,8210.0,1.5291488172844105,1.5291488172844105,1529.1488172844106
West Bengal,DARJEELING,2001,Autumn,Rice,6125.0,8821.0,1.4401632653061225,1.4401632653061225,1440.1632653061224
West Bengal,DARJEELING,2006,Autumn,Rice,4356.0,8888.0,2.04040404040404,2.04040404040404,2040.4040404040402
West Bengal,24 PARAGANAS SOUTH,2012,Autumn,Rice,3887.0,8958.0,2.3046050939027527,2.3046050939027527,2304.6050939027527
West Bengal,24 PARAGANAS SOUTH,2008,Autumn,Rice,4374.0,9064.0,2.0722450845907634,2.0722450845907634,2072.2450845907633
West Bengal,DARJEELING,2003,Autumn,Rice,5532.0,9152.0,1.6543745480838756,1.6543745480838756,1654.3745480838757
West Bengal,DARJEELING,2002,Autumn,Rice,5914.0,9317.0,1.5754142712208319,1.5754142712208319,1575.4142712208318
West Bengal,BIRBHUM,2000,Autumn,Rice,5009.0,10440.0,2.084248352964664,2.084248352964664,2084.248352964664
West Bengal,24 PARAGANAS SOUTH,1999,Autumn,Rice,5314.0,10920.0,2.0549491908167106,2.0549491908167106,2054.9491908167106
West Bengal,24 PARAGANAS SOUTH,2013,Autumn,Rice,4033.0,10921.0,2.7079097446069924,2.7079097446069924,2707.9097446069923
West Bengal,COOCHBEHAR,2006,Autumn,Rice,12407.0,10987.0,0.885548480696381,0.885548480696381,885.548480696381
West Bengal,24 PARAGANAS SOUTH,2010,Autumn,Rice,5755.0,11330.0,1.9687228496959166,1.9687228496959166,1968.7228496959167
West Bengal,BIRBHUM,2003,Autumn,Rice,5091.0,12214.0,2.399135729719112,2.399135729719112,2399.135729719112
West Bengal,BIRBHUM,2008,Autumn,Rice,4578.0,12512.0,2.73307121013543,2.73307121013543,2733.07121013543
West Bengal,24 PARAGANAS SOUTH,2000,Autumn,Rice,6927.0,12540.0,1.8103074924209615,1.8103074924209615,1810.3074924209614
West Bengal,BIRBHUM,2007,Autumn,Rice,4788.0,12599.0,2.631370091896408,2.631370091896408,2631.3700918964078
West Bengal,24 PARAGANAS SOUTH,2014,Autumn,Rice,5050.0,12760.0,2.5267326732673268,2.5267326732673268,2526.732673267327
West Bengal,PURULIA,2013,Autumn,Rice,92.0,128.0,1.391304347826087,1.391304347826087,1391.304347826087
West Bengal,BIRBHUM,2005,Autumn,Rice,5233.0,12986.0,2.4815593349894898,2.4815593349894898,2481.55933498949
West Bengal,BIRBHUM,2004,Autumn,Rice,5149.0,13174.0,2.558555059234803,2.558555059234803,2558.555059234803
West Bengal,PURULIA,2009,Autumn,Rice,162.0,134.0,0.8271604938271605,0.8271604938271605,827.1604938271605
West Bengal,BIRBHUM,2001,Autumn,Rice,6476.0,15614.0,2.4110562075355157,2.4110562075355157,2411.0562075355156
West Bengal,BIRBHUM,2006,Autumn,Rice,6086.0,15768.0,2.590864278672363,2.590864278672363,2590.8642786723626
West Bengal,COOCHBEHAR,2007,Autumn,Rice,12303.0,16627.0,1.351458993741364,1.351458993741364,1351.4589937413639
West Bengal,BIRBHUM,2002,Autumn,Rice,6305.0,16769.0,2.659635210150674,2.659635210150674,2659.635210150674
West Bengal,24 PARAGANAS SOUTH,2011,Autumn,Rice,7396.0,17323.0,2.3422120064899947,2.3422120064899947,2342.2120064899946
West Bengal,COOCHBEHAR,2005,Autumn,Rice,12032.0,17728.0,1.4734042553191489,1.4734042553191489,1473.404255319149
West Bengal,COOCHBEHAR,2004,Autumn,Rice,14031.0,18116.0,1.2911410448293066,1.2911410448293066,1291.1410448293066
West Bengal,24 PARAGANAS SOUTH,2006,Autumn,Rice,8002.0,18174.0,2.2711822044488876,2.2711822044488876,2271.1822044488877
West Bengal,PASCHIM BARDHAMAN,2019,Autumn,Rice,65.0,192.0,2.953846153846154,2.953846153846154,2953.846153846154
West Bengal,BIRBHUM,1997,Autumn,Rice,8342.0,20290.0,2.4322704387437066,2.4322704387437066,2432.2704387437066
West Bengal,BIRBHUM,1999,Autumn,Rice,9372.0,20880.0,2.2279129321382842,2.2279129321382842,2227.9129321382843
West Bengal,COOCHBEHAR,2008,Autumn,Rice,12953.0,21467.0,1.6572994673048715,1.6572994673048715,1657.2994673048715
West Bengal,PURULIA,2011,Autumn,Rice,200.0,245.0,1.225,1.225,1225.0
West Bengal,BARDHAMAN,2013,Autumn,Rice,9356.0,25163.0,2.6895040615647714,2.6895040615647714,2689.5040615647713
West Bengal,BIRBHUM,1998,Autumn,Rice,8863.0,25360.0,2.8613336342096356,2.8613336342096356,2861.3336342096354
West Bengal,BARDHAMAN,2010,Autumn,Rice,9285.0,26478.0,2.851696284329564,2.851696284329564,2851.6962843295637
West Bengal,DINAJPUR UTTAR,2001,Autumn,Rice,257.0,280.0,1.0894941634241244,1.0894941634241244,1089.4941634241245
West Bengal,PURULIA,2010,Summer,Rice,105.0,281.0,2.676190476190476,2.676190476190476,2676.190476190476
West Bengal,BARDHAMAN,2012,Autumn,Rice,9293.0,28765.0,3.0953405789303776,3.0953405789303776,3095.3405789303774
West Bengal,BANKURA,2010,Autumn,Rice,12991.0,29828.0,2.2960511123085214,2.2960511123085214,2296.0511123085216
West Bengal,PURULIA,2011,Summer,Rice,122.0,301.0,2.4672131147540983,2.4672131147540983,2467.213114754098
West Bengal,BARDHAMAN,2011,Autumn,Rice,10169.0,30638.0,3.01288228931065,3.01288228931065,3012.88228931065
West Bengal,PURULIA,2012,Autumn,Rice,123.0,308.0,2.5040650406504064,2.5040650406504064,2504.0650406504064
West Bengal,COOCHBEHAR,2003,Autumn,Rice,17369.0,30968.0,1.7829466290517588,1.7829466290517588,1782.946629051759
West Bengal,PASCHIM BARDHAMAN,2018,Autumn,Rice,100.0,313.0,3.13,3.13,3130.0
West Bengal,24 PARAGANAS SOUTH,2001,Autumn,Rice,11309.0,31783.0,2.810416482447608,2.810416482447608,2810.416482447608
West Bengal,DARJEELING,1998,Winter,Rice,29856.0,32490.0,1.0882234726688103,1.0882234726688103,1088.2234726688102
West Bengal,24 PARAGANAS SOUTH,2002,Autumn,Rice,14120.0,33419.0,2.366784702549575,2.366784702549575,2366.784702549575
West Bengal,24 PARAGANAS NORTH,2003,Autumn,Rice,13747.0,33482.0,2.4355859460245872,2.4355859460245872,2435.5859460245874
West Bengal,24 PARAGANAS NORTH,1997,Autumn,Rice,15017.0,33840.0,2.253446094426317,2.253446094426317,2253.446094426317
West Bengal,BARDHAMAN,2000,Autumn,Rice,18791.0,34070.0,1.813102016922995,1.813102016922995,1813.102016922995
West Bengal,24 PARAGANAS SOUTH,2003,Autumn,Rice,16217.0,34196.0,2.1086514151815994,2.1086514151815994,2108.6514151815995
West Bengal,DARJEELING,1997,Winter,Rice,28884.0,34960.0,1.210358676083645,1.210358676083645,1210.358676083645
West Bengal,BARDHAMAN,2009,Autumn,Rice,12066.0,35141.0,2.9123984750538705,2.9123984750538705,2912.3984750538707
West Bengal,COOCHBEHAR,2002,Autumn,Rice,22774.0,35727.0,1.5687626240449635,1.5687626240449635,1568.7626240449636
West Bengal,24 PARAGANAS NORTH,2012,Autumn,Rice,13891.0,36080.0,2.597365200489526,2.597365200489526,2597.3652004895257
West Bengal,COOCHBEHAR,1997,Summer,Rice,16269.0,38900.0,2.3910504640727765,2.3910504640727765,2391.050464072777
West Bengal,24 PARAGANAS NORTH,2002,Autumn,Rice,17781.0,39008.0,2.1938023733198357,2.1938023733198357,2193.8023733198356
West Bengal,BANKURA,2005,Autumn,Rice,15721.0,39188.0,2.4927167482984545,2.4927167482984545,2492.7167482984546
West Bengal,BANKURA,2009,Autumn,Rice,13467.0,40636.0,3.0174500631172494,3.0174500631172494,3017.4500631172496
West Bengal,24 PARAGANAS NORTH,2010,Autumn,Rice,18514.0,42008.0,2.2689856324943287,2.2689856324943287,2268.985632494329
West Bengal,24 PARAGANAS NORTH,2004,Autumn,Rice,18746.0,42098.0,2.2457057505601195,2.2457057505601195,2245.7057505601197
West Bengal,DINAJPUR UTTAR,2012,Autumn,Rice,239.0,426.0,1.782426778242678,1.782426778242678,1782.426778242678
West Bengal,DARJEELING,1999,Winter,Rice,30056.0,42850.0,1.4256720787862656,1.4256720787862656,1425.6720787862655
West Bengal,24 PARAGANAS NORTH,2014,Autumn,Rice,15876.0,42913.0,2.703010833963215,2.703010833963215,2703.0108339632147
West Bengal,24 PARAGANAS NORTH,2011,Autumn,Rice,15789.0,42918.0,2.7182215466463995,2.7182215466463995,2718.2215466463995
West Bengal,DARJEELING,2000,Winter,Rice,28303.0,43470.0,1.5358795887361765,1.5358795887361765,1535.8795887361764
West Bengal,COOCHBEHAR,1998,Autumn,Rice,32968.0,43650.0,1.324011162339238,1.324011162339238,1324.0111623392381
West Bengal,24 PARAGANAS NORTH,2005,Autumn,Rice,18148.0,43726.0,2.409411505400044,2.409411505400044,2409.411505400044
West Bengal,BARDHAMAN,2006,Autumn,Rice,13530.0,43731.0,3.232150776053215,3.232150776053215,3232.150776053215
West Bengal,DARJEELING,2004,Winter,Rice,28878.0,44083.0,1.5265253826442275,1.5265253826442275,1526.5253826442276
West Bengal,DINAJPUR UTTAR,2009,Autumn,Rice,273.0,443.0,1.6227106227106227,1.6227106227106227,1622.7106227106228
West Bengal,BARDHAMAN,2014,Autumn,Rice,13198.0,44362.0,3.3612668586149415,3.3612668586149415,3361.2668586149416
West Bengal,BARDHAMAN,2008,Autumn,Rice,15358.0,44529.0,2.8994009636671443,2.8994009636671443,2899.4009636671444
West Bengal,BARDHAMAN,2005,Autumn,Rice,14641.0,44609.0,3.046854723038044,3.046854723038044,3046.8547230380436
West Bengal,COOCHBEHAR,2001,Autumn,Rice,28554.0,44807.0,1.5692022133501435,1.5692022133501435,1569.2022133501434
West Bengal,24 PARAGANAS NORTH,2007,Autumn,Rice,20861.0,44993.0,2.1567997699055654,2.1567997699055654,2156.7997699055654
West Bengal,BANKURA,2011,Autumn,Rice,16517.0,45377.0,2.747290670218563,2.747290670218563,2747.290670218563
West Bengal,24 PARAGANAS NORTH,1998,Autumn,Rice,21417.0,45870.0,2.1417565485362093,2.1417565485362093,2141.7565485362093
West Bengal,24 PARAGANAS NORTH,2013,Autumn,Rice,16286.0,46047.0,2.827397764951492,2.827397764951492,2827.397764951492
West Bengal,24 PARAGANAS NORTH,2006,Autumn,Rice,17719.0,46279.0,2.611829109994921,2.611829109994921,2611.829109994921
West Bengal,DARJEELING,2006,Winter,Rice,25536.0,46585.0,1.8242872807017543,1.8242872807017543,1824.2872807017543
West Bengal,PURULIA,2016,Summer,Rice,182.0,466.0,2.5604395604395602,2.5604395604395602,2560.4395604395604
West Bengal,24 PARAGANAS NORTH,2000,Autumn,Rice,28438.0,47660.0,1.6759265771151277,1.6759265771151277,1675.9265771151277
West Bengal,DARJEELING,2001,Winter,Rice,28857.0,48309.0,1.6740825449630938,1.6740825449630938,1674.0825449630938
West Bengal,DARJEELING,2002,Winter,Rice,29136.0,48718.0,1.672089511257551,1.672089511257551,1672.0895112575508
West Bengal,COOCHBEHAR,2000,Autumn,Rice,30475.0,48730.0,1.5990155865463496,1.5990155865463496,1599.0155865463496
West Bengal,DARJEELING,2005,Winter,Rice,28859.0,49262.0,1.706989154163346,1.706989154163346,1706.989154163346
West Bengal,DARJEELING,2007,Winter,Rice,26905.0,49572.0,1.8424828098866382,1.8424828098866382,1842.482809886638
West Bengal,PURULIA,2015,Autumn,Rice,183.0,496.0,2.710382513661202,2.710382513661202,2710.382513661202
West Bengal,BANKURA,2013,Autumn,Rice,19717.0,50308.0,2.5515037784652836,2.5515037784652836,2551.5037784652836
West Bengal,BANKURA,2000,Autumn,Rice,22835.0,50450.0,2.209327786292971,2.209327786292971,2209.3277862929713
West Bengal,24 PARAGANAS NORTH,2009,Autumn,Rice,18839.0,50488.0,2.679972397685652,2.679972397685652,2679.972397685652
West Bengal,DINAJPUR UTTAR,2011,Autumn,Rice,277.0,516.0,1.8628158844765343,1.8628158844765343,1862.8158844765344
West Bengal,BARDHAMAN,2003,Autumn,Rice,18420.0,51773.0,2.8106948968512486,2.8106948968512486,2810.694896851249
West Bengal,BARDHAMAN,2007,Autumn,Rice,17567.0,51880.0,2.9532646439346504,2.9532646439346504,2953.2646439346504
West Bengal,BARDHAMAN,2004,Autumn,Rice,17119.0,52128.0,3.0450376774344297,3.0450376774344297,3045.0376774344295
West Bengal,BANKURA,2004,Autumn,Rice,19366.0,53030.0,2.738304244552308,2.738304244552308,2738.304244552308
West Bengal,COOCHBEHAR,1997,Autumn,Rice,34950.0,53050.0,1.5178826895565094,1.5178826895565094,1517.8826895565094
West Bengal,DARJEELING,2003,Winter,Rice,28591.0,53179.0,1.859990906229233,1.859990906229233,1859.9909062292331
West Bengal,BANKURA,2006,Autumn,Rice,20337.0,53240.0,2.6178885774696368,2.6178885774696368,2617.888577469637
West Bengal,COOCHBEHAR,1999,Autumn,Rice,33848.0,53380.0,1.5770503427085796,1.5770503427085796,1577.0503427085796
West Bengal,BANKURA,2003,Autumn,Rice,20292.0,54153.0,2.6686871673565937,2.6686871673565937,2668.687167356594
West Bengal,BANKURA,2007,Autumn,Rice,20445.0,55077.0,2.6939104915627294,2.6939104915627294,2693.9104915627295
West Bengal,BANKURA,2008,Autumn,Rice,20880.0,55169.0,2.6421934865900383,2.6421934865900383,2642.1934865900384
West Bengal,BARDHAMAN,2001,Autumn,Rice,21097.0,55797.0,2.644783618523961,2.644783618523961,2644.7836185239607
West Bengal,BANKURA,2012,Autumn,Rice,19012.0,55954.0,2.94308857563644,2.94308857563644,2943.08857563644
West Bengal,PURULIA,2017,Autumn,Rice,252.0,581.0,2.3055555555555554,2.3055555555555554,2305.555555555555
West Bengal,24 PARAGANAS NORTH,2008,Autumn,Rice,22083.0,59411.0,2.6903500430195173,2.6903500430195173,2690.350043019517
West Bengal,BANKURA,2002,Autumn,Rice,21786.0,59915.0,2.750160653630772,2.750160653630772,2750.160653630772
West Bengal,24 PARAGANAS NORTH,1999,Autumn,Rice,25760.0,60990.0,2.3676242236024843,2.3676242236024843,2367.624223602484
West Bengal,DINAJPUR UTTAR,2000,Autumn,Rice,844.0,610.0,0.7227488151658767,0.7227488151658767,722.7488151658767
West Bengal,DINAJPUR UTTAR,2010,Autumn,Rice,328.0,614.0,1.8719512195121952,1.8719512195121952,1871.9512195121952
West Bengal,PURULIA,2017,Summer,Rice,270.0,617.0,2.285185185185185,2.285185185185185,2285.185185185185
West Bengal,PURULIA,2015,Summer,Rice,516.0,629.0,1.2189922480620154,1.2189922480620154,1218.9922480620155
West Bengal,COOCHBEHAR,2002,Summer,Rice,27747.0,64491.0,2.3242512704076117,2.3242512704076117,2324.2512704076116
West Bengal,BANKURA,2014,Autumn,Rice,21698.0,68762.0,3.169047838510462,3.169047838510462,3169.047838510462
West Bengal,BANKURA,2001,Autumn,Rice,27144.0,69067.0,2.5444665487768936,2.5444665487768936,2544.4665487768934
West Bengal,COOCHBEHAR,2001,Summer,Rice,28214.0,69654.0,2.4687743673353655,2.4687743673353655,2468.7743673353657
West Bengal,PURULIA,2014,Autumn,Rice,264.0,721.0,2.731060606060606,2.731060606060606,2731.060606060606
West Bengal,PURULIA,2016,Autumn,Rice,284.0,723.0,2.545774647887324,2.545774647887324,2545.774647887324
West Bengal,COOCHBEHAR,2000,Summer,Rice,28442.0,73683.0,2.590640601926728,2.590640601926728,2590.640601926728
West Bengal,24 PARAGANAS NORTH,2001,Autumn,Rice,32824.0,75912.0,2.312698025834755,2.312698025834755,2312.698025834755
West Bengal,BARDHAMAN,2002,Autumn,Rice,26341.0,76201.0,2.892866633764853,2.892866633764853,2892.8666337648533
West Bengal,BANKURA,1999,Autumn,Rice,33206.0,76320.0,2.2983798108775524,2.2983798108775524,2298.3798108775522
West Bengal,COOCHBEHAR,2005,Summer,Rice,33222.0,78806.0,2.3721028234302572,2.3721028234302572,2372.102823430257
West Bengal,PURULIA,2009,Summer,Rice,374.0,795.0,2.125668449197861,2.125668449197861,2125.668449197861
West Bengal,HOWRAH,2000,Autumn,Rice,804.0,800.0,0.9950248756218906,0.9950248756218906,995.0248756218906
West Bengal,PURULIA,2019,Autumn,Rice,346.0,801.0,2.315028901734104,2.315028901734104,2315.0289017341042
West Bengal,PURULIA,2014,Summer,Rice,306.0,801.0,2.6176470588235294,2.6176470588235294,2617.6470588235293
West Bengal,COOCHBEHAR,1999,Summer,Rice,29461.0,80980.0,2.7487186449882897,2.7487186449882897,2748.7186449882897
West Bengal,COOCHBEHAR,1998,Summer,Rice,27046.0,83091.0,3.0722103083635286,3.0722103083635286,3072.2103083635284
West Bengal,COOCHBEHAR,2006,Summer,Rice,30049.0,83386.0,2.7750008319744417,2.7750008319744417,2775.0008319744416
West Bengal,BANKURA,1998,Autumn,Rice,34676.0,84680.0,2.4420348367747144,2.4420348367747144,2442.034836774714
West Bengal,BARDHAMAN,1999,Autumn,Rice,35163.0,84840.0,2.4127634160907774,2.4127634160907774,2412.7634160907774
West Bengal,PURULIA,2012,Summer,Rice,280.0,872.0,3.1142857142857143,3.1142857142857143,3114.285714285714
West Bengal,BANKURA,1997,Autumn,Rice,38211.0,88120.0,2.306142210358274,2.306142210358274,2306.142210358274
West Bengal,COOCHBEHAR,2004,Summer,Rice,38783.0,88965.0,2.293917438052755,2.293917438052755,2293.9174380527547
West Bengal,COOCHBEHAR,2003,Summer,Rice,35750.0,90233.0,2.524,2.524,2524.0
West Bengal,DINAJPUR UTTAR,1999,Autumn,Rice,1004.0,910.0,0.9063745019920318,0.9063745019920318,906.3745019920318
West Bengal,BARDHAMAN,1997,Autumn,Rice,34675.0,91590.0,2.641384282624369,2.641384282624369,2641.384282624369
West Bengal,HOWRAH,1997,Autumn,Rice,373.0,950.0,2.546916890080429,2.546916890080429,2546.916890080429
West Bengal,BARDHAMAN,1998,Autumn,Rice,34681.0,101480.0,2.9260978633834087,2.9260978633834087,2926.097863383409
West Bengal,BANKURA,2004,Summer,Rice,39644.0,102938.0,2.5965593784683683,2.5965593784683683,2596.5593784683683
West Bengal,BANKURA,2011,Summer,Rice,42505.0,104441.0,2.457146218091989,2.457146218091989,2457.1462180919893
West Bengal,HOWRAH,2011,Autumn,Rice,1083.0,1049.0,0.9686057248384118,0.9686057248384118,968.6057248384118
West Bengal,BANKURA,2003,Summer,Rice,35247.0,105837.0,3.002723636054132,3.002723636054132,3002.723636054132
West Bengal,DINAJPUR UTTAR,2003,Autumn,Rice,679.0,1093.0,1.609720176730486,1.609720176730486,1609.7201767304862
West Bengal,BANKURA,2010,Summer,Rice,37048.0,110442.0,2.981051608723818,2.981051608723818,2981.051608723818
West Bengal,BANKURA,2012,Summer,Rice,34831.0,113038.0,3.245327438201602,3.245327438201602,3245.327438201602
West Bengal,BANKURA,2002,Summer,Rice,37953.0,113138.0,2.9810028192764735,2.9810028192764735,2981.0028192764735
West Bengal,PURULIA,2018,Summer,Rice,378.0,1144.0,3.0264550264550265,3.0264550264550265,3026.4550264550267
West Bengal,COOCHBEHAR,2008,Summer,Rice,67270.0,114835.0,1.707075962539022,1.707075962539022,1707.075962539022
West Bengal,HOWRAH,2009,Autumn,Rice,944.0,1192.0,1.2627118644067796,1.2627118644067796,1262.7118644067796
West Bengal,BANKURA,2009,Summer,Rice,45623.0,119400.0,2.6171010236065144,2.6171010236065144,2617.1010236065144
West Bengal,PASCHIM BARDHAMAN,2016,Summer,Rice,364.0,1200.0,3.2967032967032965,3.2967032967032965,3296.7032967032965
West Bengal,BANKURA,2013,Summer,Rice,40009.0,120562.0,3.013371991301957,3.013371991301957,3013.371991301957
West Bengal,BANKURA,2014,Summer,Rice,40185.0,120678.0,3.0030608435983575,3.0030608435983575,3003.0608435983577
West Bengal,DINAJPUR UTTAR,2002,Autumn,Rice,843.0,1249.0,1.4816132858837485,1.4816132858837485,1481.6132858837486
West Bengal,PURULIA,1998,Autumn,Rice,1561.0,1250.0,0.8007687379884689,0.8007687379884689,800.768737988469
West Bengal,HOWRAH,2007,Autumn,Rice,1124.0,1251.0,1.1129893238434163,1.1129893238434163,1112.9893238434163
West Bengal,BANKURA,1999,Summer,Rice,46486.0,126610.0,2.723615712257454,2.723615712257454,2723.615712257454
West Bengal,BANKURA,2005,Summer,Rice,55091.0,127113.0,2.3073278756965747,2.3073278756965747,2307.3278756965747
West Bengal,PURULIA,2013,Summer,Rice,516.0,1274.0,2.4689922480620154,2.4689922480620154,2468.9922480620153
West Bengal,DINAJPUR UTTAR,2013,Autumn,Rice,658.0,1278.0,1.9422492401215805,1.9422492401215805,1942.2492401215804
West Bengal,BANKURA,2008,Summer,Rice,46705.0,128304.0,2.7471148699282733,2.7471148699282733,2747.114869928273
West Bengal,BANKURA,2000,Summer,Rice,39297.0,130899.0,3.3310176349339646,3.3310176349339646,3331.0176349339645
West Bengal,HOWRAH,2006,Autumn,Rice,874.0,1316.0,1.505720823798627,1.505720823798627,1505.720823798627
West Bengal,PASCHIM BARDHAMAN,2017,Summer,Rice,383.0,1348.0,3.519582245430809,3.519582245430809,3519.582245430809
West Bengal,BANKURA,1997,Summer,Rice,44617.0,135640.0,3.0400968240805075,3.0400968240805075,3040.0968240805073
West Bengal,24 PARAGANAS SOUTH,1997,Summer,Rice,54664.0,135730.0,2.482986974974389,2.482986974974389,2482.9869749743893
West Bengal,PURULIA,2018,Autumn,Rice,546.0,1376.0,2.52014652014652,2.52014652014652,2520.1465201465203
West Bengal,BANKURA,2006,Summer,Rice,50430.0,139200.0,2.760261748958953,2.760261748958953,2760.261748958953
West Bengal,BANKURA,2001,Summer,Rice,57043.0,140037.0,2.454937503286994,2.454937503286994,2454.937503286994
West Bengal,COOCHBEHAR,2011,Summer,Rice,49330.0,141713.0,2.872754915872694,2.872754915872694,2872.7549158726943
West Bengal,COOCHBEHAR,2009,Summer,Rice,51428.0,144105.0,2.8020728008088978,2.8020728008088978,2802.0728008088977
West Bengal,COOCHBEHAR,2007,Summer,Rice,50357.0,147655.0,2.9321643465655223,2.9321643465655223,2932.1643465655225
West Bengal,COOCHBEHAR,2010,Summer,Rice,51338.0,148435.0,2.891328061085356,2.891328061085356,2891.328061085356
West Bengal,PURULIA,2005,Autumn,Rice,1606.0,1497.0,0.9321295143212951,0.9321295143212951,932.1295143212951
West Bengal,BIRBHUM,2009,Summer,Rice,54678.0,149905.0,2.741596254435056,2.741596254435056,2741.596254435056
West Bengal,BANKURA,1998,Summer,Rice,56806.0,151825.0,2.6726930253846426,2.6726930253846426,2672.6930253846426
West Bengal,HOWRAH,2016,Autumn,Rice,1730.0,1540.0,0.8901734104046243,0.8901734104046243,890.1734104046243
West Bengal,BIRBHUM,2005,Summer,Rice,48836.0,154942.0,3.1727004668687036,3.1727004668687036,3172.7004668687036
West Bengal,24 PARAGANAS SOUTH,2005,Summer,Rice,54729.0,157009.0,2.8688446710153666,2.8688446710153666,2868.8446710153667
West Bengal,PURULIA,2002,Summer,Rice,757.0,1583.0,2.0911492734478205,2.0911492734478205,2091.1492734478206
West Bengal,BIRBHUM,1997,Summer,Rice,50150.0,158930.0,3.1690927218344966,3.1690927218344966,3169.092721834497
West Bengal,PURULIA,2004,Autumn,Rice,780.0,1604.0,2.056410256410256,2.056410256410256,2056.4102564102564
West Bengal,DINAJPUR UTTAR,2016,Autumn,Rice,640.0,1608.0,2.5125,2.5125,2512.5
West Bengal,PURULIA,2019,Summer,Rice,544.0,1644.0,3.0220588235294117,3.0220588235294117,3022.0588235294117
West Bengal,DINAJPUR DAKSHIN,2013,Autumn,Rice,891.0,1646.0,1.8473625140291807,1.8473625140291807,1847.3625140291808
West Bengal,DINAJPUR DAKSHIN,2012,Autumn,Rice,936.0,1667.0,1.7809829059829059,1.7809829059829059,1780.9829059829058
West Bengal,PASCHIM BARDHAMAN,2019,Summer,Rice,522.0,1718.0,3.2911877394636013,3.2911877394636013,3291.1877394636012
West Bengal,DINAJPUR DAKSHIN,2014,Autumn,Rice,884.0,1726.0,1.9524886877828054,1.9524886877828054,1952.4886877828053
West Bengal,DINAJPUR DAKSHIN,2018,Autumn,Rice,618.0,1757.0,2.843042071197411,2.843042071197411,2843.042071197411
West Bengal,DINAJPUR DAKSHIN,2015,Autumn,Rice,985.0,1762.0,1.7888324873096446,1.7888324873096446,1788.8324873096446
West Bengal,24 PARAGANAS SOUTH,2009,Summer,Rice,66402.0,176732.0,2.6615463389656937,2.6615463389656937,2661.546338965694
West Bengal,COOCHBEHAR,2012,Summer,Rice,53869.0,176821.0,3.282425885017357,3.282425885017357,3282.425885017357
West Bengal,BIRBHUM,2000,Summer,Rice,51428.0,176926.0,3.4402660029555885,3.4402660029555885,3440.2660029555886
West Bengal,BIRBHUM,2011,Summer,Rice,57912.0,180053.0,3.109079292719989,3.109079292719989,3109.079292719989
West Bengal,COOCHBEHAR,2013,Summer,Rice,56109.0,180652.0,3.2196617298472616,3.2196617298472616,3219.6617298472615
West Bengal,24 PARAGANAS SOUTH,2012,Summer,Rice,60283.0,181321.0,3.007829736409933,3.007829736409933,3007.829736409933
West Bengal,24 PARAGANAS SOUTH,2004,Summer,Rice,55881.0,184157.0,3.295520838925574,3.295520838925574,3295.520838925574
West Bengal,PASCHIM BARDHAMAN,2018,Summer,Rice,515.0,1845.0,3.5825242718446604,3.5825242718446604,3582.5242718446602
West Bengal,PURULIA,2008,Summer,Rice,1014.0,1869.0,1.8431952662721893,1.8431952662721893,1843.1952662721894
West Bengal,DINAJPUR DAKSHIN,2019,Autumn,Rice,706.0,1888.0,2.6742209631728047,2.6742209631728047,2674.2209631728047
West Bengal,24 PARAGANAS SOUTH,2008,Summer,Rice,70032.0,189306.0,2.703135709389993,2.703135709389993,2703.135709389993
West Bengal,BANKURA,2007,Summer,Rice,67600.0,192173.0,2.8427958579881656,2.8427958579881656,2842.7958579881656
West Bengal,COOCHBEHAR,2014,Summer,Rice,56294.0,197210.0,3.5032152627278217,3.5032152627278217,3503.2152627278215
West Bengal,DINAJPUR UTTAR,2014,Autumn,Rice,954.0,1991.0,2.0870020964360587,2.0870020964360587,2087.0020964360588
West Bengal,BIRBHUM,2012,Summer,Rice,57118.0,201202.0,3.5225673167828004,3.5225673167828004,3522.5673167828004
West Bengal,BIRBHUM,2010,Summer,Rice,59448.0,201392.0,3.387700174942807,3.387700174942807,3387.7001749428073
West Bengal,BIRBHUM,2013,Summer,Rice,59586.0,203027.0,3.4072936595844663,3.4072936595844663,3407.2936595844662
West Bengal,HOWRAH,2010,Autumn,Rice,753.0,2071.0,2.750332005312085,2.750332005312085,2750.332005312085
West Bengal,24 PARAGANAS SOUTH,2014,Summer,Rice,63392.0,211431.0,3.3352946744068652,3.3352946744068652,3335.2946744068654
West Bengal,24 PARAGANAS SOUTH,2002,Summer,Rice,76088.0,212342.0,2.7907422983913364,2.7907422983913364,2790.7422983913366
West Bengal,24 PARAGANAS SOUTH,2011,Summer,Rice,67579.0,215172.0,3.184006866038266,3.184006866038266,3184.0068660382663
West Bengal,24 PARAGANAS SOUTH,1999,Summer,Rice,76997.0,216290.0,2.809070483265582,2.809070483265582,2809.070483265582
West Bengal,24 PARAGANAS SOUTH,2010,Summer,Rice,68304.0,216360.0,3.167603654251581,3.167603654251581,3167.6036542515812
West Bengal,PURULIA,2001,Summer,Rice,1213.0,2184.0,1.8004946413849958,1.8004946413849958,1800.494641384996
West Bengal,BIRBHUM,2004,Summer,Rice,74007.0,219514.0,2.96612482602997,2.96612482602997,2966.12482602997
West Bengal,24 PARAGANAS SOUTH,2003,Summer,Rice,77367.0,219865.0,2.8418447141546137,2.8418447141546137,2841.8447141546135
West Bengal,BIRBHUM,2003,Summer,Rice,70571.0,220062.0,3.118306386476031,3.118306386476031,3118.306386476031
West Bengal,BIRBHUM,2006,Summer,Rice,64521.0,223353.0,3.4617101408843634,3.4617101408843634,3461.710140884363
West Bengal,24 PARAGANAS NORTH,2011,Summer,Rice,71962.0,225593.0,3.134890636724938,3.134890636724938,3134.890636724938
West Bengal,BIRBHUM,2014,Summer,Rice,66581.0,225789.0,3.3911926825971372,3.3911926825971372,3391.1926825971373
West Bengal,24 PARAGANAS SOUTH,2007,Summer,Rice,67424.0,225880.0,3.350142382534409,3.350142382534409,3350.142382534409
West Bengal,24 PARAGANAS SOUTH,2000,Summer,Rice,83471.0,226170.0,2.7095638006014067,2.7095638006014067,2709.5638006014065
West Bengal,DINAJPUR DAKSHIN,2016,Autumn,Rice,902.0,2266.0,2.5121951219512195,2.5121951219512195,2512.1951219512193
West Bengal,BIRBHUM,2002,Summer,Rice,79468.0,227690.0,2.8651784366034128,2.8651784366034128,2865.1784366034126
West Bengal,BIRBHUM,2001,Summer,Rice,79669.0,229871.0,2.885325534398574,2.885325534398574,2885.3255343985743
West Bengal,24 PARAGANAS SOUTH,2006,Summer,Rice,76956.0,229965.0,2.988266022142523,2.988266022142523,2988.2660221425226
West Bengal,24 PARAGANAS NORTH,2013,Summer,Rice,70880.0,231275.0,3.2629091422121896,3.2629091422121896,3262.9091422121896
West Bengal,24 PARAGANAS SOUTH,2013,Summer,Rice,72967.0,231508.0,3.172776734688284,3.172776734688284,3172.776734688284
West Bengal,24 PARAGANAS SOUTH,2001,Summer,Rice,82240.0,235784.0,2.867023346303502,2.867023346303502,2867.023346303502
West Bengal,BIRBHUM,1999,Summer,Rice,77587.0,238310.0,3.071519713354041,3.071519713354041,3071.519713354041
West Bengal,24 PARAGANAS NORTH,2014,Summer,Rice,70898.0,239229.0,3.374270078140427,3.374270078140427,3374.270078140427
West Bengal,24 PARAGANAS SOUTH,1998,Summer,Rice,80890.0,241720.0,2.9882556558289033,2.9882556558289033,2988.2556558289034
West Bengal,COOCHBEHAR,1998,Winter,Rice,222381.0,242130.0,1.088807047364658,1.088807047364658,1088.807047364658
West Bengal,DINAJPUR DAKSHIN,2017,Autumn,Rice,954.0,2428.0,2.5450733752620547,2.5450733752620547,2545.0733752620545
West Bengal,DINAJPUR UTTAR,2017,Autumn,Rice,960.0,2443.0,2.544791666666667,2.544791666666667,2544.791666666667
West Bengal,PURULIA,2000,Summer,Rice,1023.0,2454.0,2.398826979472141,2.398826979472141,2398.826979472141
West Bengal,DINAJPUR UTTAR,2005,Autumn,Rice,1553.0,2472.0,1.5917578879587895,1.5917578879587895,1591.7578879587895
West Bengal,24 PARAGANAS NORTH,2012,Summer,Rice,70500.0,249051.0,3.5326382978723405,3.5326382978723405,3532.6382978723404
West Bengal,BIRBHUM,2007,Summer,Rice,74238.0,249379.0,3.3591826288423716,3.3591826288423716,3359.1826288423717
West Bengal,24 PARAGANAS NORTH,2000,Winter,Rice,136439.0,251580.0,1.843900937415255,1.843900937415255,1843.9009374152552
West Bengal,DINAJPUR UTTAR,2015,Autumn,Rice,1079.0,2532.0,2.3466172381835033,2.3466172381835033,2346.617238183503
West Bengal,24 PARAGANAS NORTH,2010,Summer,Rice,77633.0,261587.0,3.3695335746396506,3.3695335746396506,3369.533574639651
West Bengal,PURULIA,2000,Autumn,Rice,2632.0,2620.0,0.9954407294832827,0.9954407294832827,995.4407294832827
West Bengal,24 PARAGANAS NORTH,2003,Summer,Rice,83792.0,265326.0,3.1664836738590796,3.1664836738590796,3166.4836738590798
West Bengal,BIRBHUM,2008,Summer,Rice,81387.0,268153.0,3.2947890940813642,3.2947890940813642,3294.789094081364
West Bengal,PURULIA,2002,Autumn,Rice,1290.0,2691.0,2.0860465116279068,2.0860465116279068,2086.046511627907
West Bengal,24 PARAGANAS NORTH,1997,Summer,Rice,98044.0,269690.0,2.750703765656236,2.750703765656236,2750.7037656562356
West Bengal,HOWRAH,2017,Autumn,Rice,1321.0,2704.0,2.0469341408024224,2.0469341408024224,2046.9341408024225
West Bengal,PURULIA,2003,Autumn,Rice,1981.0,2707.0,1.3664815749621404,1.3664815749621404,1366.4815749621405
West Bengal,24 PARAGANAS NORTH,2008,Summer,Rice,95232.0,271409.0,2.8499768985215055,2.8499768985215055,2849.9768985215055
West Bengal,24 PARAGANAS NORTH,2006,Summer,Rice,89707.0,271884.0,3.030800271996611,3.030800271996611,3030.800271996611
West Bengal,BIRBHUM,1998,Summer,Rice,77540.0,272109.0,3.5092726334794944,3.5092726334794944,3509.2726334794943
West Bengal,24 PARAGANAS NORTH,2004,Summer,Rice,89345.0,276187.0,3.0912418154345516,3.0912418154345516,3091.2418154345514
West Bengal,24 PARAGANAS NORTH,2002,Summer,Rice,88692.0,276560.0,3.118206828124295,3.118206828124295,3118.206828124295
West Bengal,24 PARAGANAS NORTH,2009,Summer,Rice,88725.0,276708.0,3.118715131022823,3.118715131022823,3118.7151310228232
West Bengal,COOCHBEHAR,1997,Winter,Rice,222464.0,277140.0,1.2457745972382048,1.2457745972382048,1245.774597238205
West Bengal,HOWRAH,1998,Autumn,Rice,1203.0,2790.0,2.319201995012469,2.319201995012469,2319.201995012469
West Bengal,HOWRAH,1999,Autumn,Rice,1394.0,2810.0,2.0157819225251075,2.0157819225251075,2015.7819225251073
West Bengal,PURULIA,2005,Summer,Rice,1221.0,2818.0,2.307944307944308,2.307944307944308,2307.9443079443076
West Bengal,PURULIA,2004,Summer,Rice,1354.0,2836.0,2.0945347119645494,2.0945347119645494,2094.5347119645494
West Bengal,24 PARAGANAS NORTH,2005,Summer,Rice,96675.0,283954.0,2.937201965347815,2.937201965347815,2937.201965347815
West Bengal,24 PARAGANAS NORTH,2007,Summer,Rice,95528.0,294718.0,3.0851478100661587,3.0851478100661587,3085.147810066159
West Bengal,PURULIA,2006,Autumn,Rice,1993.0,2992.0,1.501254390366282,1.501254390366282,1501.254390366282
West Bengal,DINAJPUR UTTAR,2007,Autumn,Rice,2059.0,2999.0,1.4565322972316659,1.4565322972316659,1456.5322972316658
West Bengal,HOWRAH,2001,Autumn,Rice,1255.0,3010.0,2.398406374501992,2.398406374501992,2398.406374501992
West Bengal,24 PARAGANAS NORTH,2010,Winter,Rice,127578.0,302957.0,2.3746805875621186,2.3746805875621186,2374.6805875621185
West Bengal,HOWRAH,2018,Autumn,Rice,1110.0,3045.0,2.7432432432432434,2.7432432432432434,2743.2432432432433
West Bengal,COOCHBEHAR,1999,Winter,Rice,228943.0,305410.0,1.3340001659801786,1.3340001659801786,1334.0001659801785
West Bengal,HOWRAH,2008,Autumn,Rice,1349.0,3159.0,2.3417346182357304,2.3417346182357304,2341.7346182357305
West Bengal,24 PARAGANAS NORTH,2001,Summer,Rice,100153.0,316329.0,3.1584575599333022,3.1584575599333022,3158.457559933302
West Bengal,DINAJPUR UTTAR,2004,Autumn,Rice,2343.0,3173.0,1.3542466922748613,1.3542466922748613,1354.2466922748613
West Bengal,DARJEELING,2008,Summer,Rice,1526.0,3204.0,2.0996068152031455,2.0996068152031455,2099.6068152031457
West Bengal,DINAJPUR UTTAR,2008,Autumn,Rice,2097.0,3259.0,1.5541249403910349,1.5541249403910349,1554.124940391035
West Bengal,HOWRAH,2019,Autumn,Rice,1195.0,3278.0,2.7430962343096232,2.7430962343096232,2743.096234309623
West Bengal,24 PARAGANAS NORTH,2011,Winter,Rice,133756.0,329019.0,2.4598447920093305,2.4598447920093305,2459.8447920093304
West Bengal,24 PARAGANAS NORTH,2009,Winter,Rice,127578.0,331194.0,2.5960118515731554,2.5960118515731554,2596.0118515731556
West Bengal,PURULIA,2006,Summer,Rice,1336.0,3319.0,2.4842814371257487,2.4842814371257487,2484.2814371257487
West Bengal,DINAJPUR UTTAR,2006,Autumn,Rice,2529.0,3347.0,1.3234480031633056,1.3234480031633056,1323.4480031633057
West Bengal,DARJEELING,2013,Summer,Rice,1638.0,3354.0,2.0476190476190474,2.0476190476190474,2047.6190476190475
West Bengal,PURULIA,1999,Autumn,Rice,2306.0,3400.0,1.4744145706851692,1.4744145706851692,1474.4145706851693
West Bengal,DARJEELING,2009,Summer,Rice,1499.0,3406.0,2.2721814543028684,2.2721814543028684,2272.1814543028686
West Bengal,24 PARAGANAS NORTH,2000,Summer,Rice,109077.0,341715.0,3.1327869303336175,3.1327869303336175,3132.7869303336174
West Bengal,DARJEELING,2014,Summer,Rice,1516.0,3437.0,2.2671503957783643,2.2671503957783643,2267.1503957783643
West Bengal,24 PARAGANAS NORTH,1999,Summer,Rice,112461.0,345460.0,3.071820453312704,3.071820453312704,3071.820453312704
West Bengal,COOCHBEHAR,2006,Winter,Rice,196996.0,351419.0,1.7838890129748828,1.7838890129748828,1783.8890129748827
West Bengal,COOCHBEHAR,2001,Winter,Rice,222425.0,352220.0,1.583545015173654,1.583545015173654,1583.545015173654
West Bengal,COOCHBEHAR,2007,Winter,Rice,230836.0,354548.0,1.5359302708416365,1.5359302708416365,1535.9302708416365
West Bengal,COOCHBEHAR,2002,Winter,Rice,222609.0,357423.0,1.6056089376440306,1.6056089376440306,1605.6089376440307
West Bengal,HOWRAH,2005,Autumn,Rice,1374.0,3612.0,2.62882096069869,2.62882096069869,2628.82096069869
West Bengal,24 PARAGANAS NORTH,2012,Winter,Rice,133093.0,364032.0,2.7351701441848935,2.7351701441848935,2735.1701441848936
West Bengal,COOCHBEHAR,2008,Winter,Rice,229612.0,364084.0,1.5856488336846506,1.5856488336846506,1585.6488336846505
West Bengal,HOWRAH,2015,Autumn,Rice,1515.0,3641.0,2.4033003300330034,2.4033003300330034,2403.3003300330033
West Bengal,COOCHBEHAR,2004,Winter,Rice,216497.0,366064.0,1.6908502196335284,1.6908502196335284,1690.8502196335285
West Bengal,BANKURA,2010,Winter,Rice,147983.0,367221.0,2.481508011055324,2.481508011055324,2481.508011055324
West Bengal,DARJEELING,2012,Summer,Rice,1630.0,3677.0,2.255828220858896,2.255828220858896,2255.8282208588957
West Bengal,DARJEELING,2015,Summer,Rice,1586.0,3680.0,2.320302648171501,2.320302648171501,2320.302648171501
West Bengal,24 PARAGANAS NORTH,2004,Winter,Rice,157096.0,368303.0,2.3444454346386925,2.3444454346386925,2344.4454346386924
West Bengal,DINAJPUR UTTAR,1998,Autumn,Rice,8155.0,3750.0,0.4598405885959534,0.4598405885959534,459.8405885959534
West Bengal,PURULIA,2007,Autumn,Rice,2210.0,3795.0,1.7171945701357465,1.7171945701357465,1717.1945701357465
West Bengal,24 PARAGANAS NORTH,1997,Winter,Rice,193202.0,381990.0,1.977153445616505,1.977153445616505,1977.153445616505
West Bengal,24 PARAGANAS NORTH,2005,Winter,Rice,162284.0,389682.0,2.401234872199354,2.401234872199354,2401.234872199354
West Bengal,24 PARAGANAS NORTH,2013,Winter,Rice,131943.0,391081.0,2.9640147639511003,2.9640147639511003,2964.0147639511
West Bengal,24 PARAGANAS NORTH,1998,Winter,Rice,199701.0,391190.0,1.9588785233924717,1.9588785233924717,1958.8785233924716
West Bengal,COOCHBEHAR,2003,Winter,Rice,223111.0,394216.0,1.766905262403019,1.766905262403019,1766.9052624030192
West Bengal,COOCHBEHAR,2000,Winter,Rice,232980.0,394870.0,1.6948665121469655,1.6948665121469655,1694.8665121469655
West Bengal,DARJEELING,2010,Summer,Rice,1533.0,3981.0,2.5968688845401173,2.5968688845401173,2596.8688845401175
West Bengal,24 PARAGANAS NORTH,2014,Winter,Rice,139767.0,401623.0,2.873518069358289,2.873518069358289,2873.5180693582893
West Bengal,24 PARAGANAS NORTH,2003,Winter,Rice,169933.0,402803.0,2.370363613894888,2.370363613894888,2370.363613894888
West Bengal,PURULIA,1998,Summer,Rice,3060.0,4048.0,1.322875816993464,1.322875816993464,1322.875816993464
West Bengal,24 PARAGANAS NORTH,2007,Winter,Rice,157175.0,404941.0,2.576370287895658,2.576370287895658,2576.370287895658
West Bengal,24 PARAGANAS NORTH,2008,Winter,Rice,157226.0,406213.0,2.583624845763423,2.583624845763423,2583.6248457634233
West Bengal,24 PARAGANAS NORTH,2006,Winter,Rice,170626.0,407810.0,2.390081230293156,2.390081230293156,2390.081230293156
West Bengal,PURULIA,2003,Summer,Rice,1800.0,4104.0,2.28,2.28,2280.0
West Bengal,COOCHBEHAR,2009,Winter,Rice,218509.0,411030.0,1.8810666837521566,1.8810666837521566,1881.0666837521567
West Bengal,PURULIA,2008,Autumn,Rice,2119.0,4169.0,1.967437470504955,1.967437470504955,1967.4374705049552
West Bengal,MEDINIPUR EAST,2008,Autumn,Rice,14820.0,4224.0,0.28502024291497974,0.28502024291497974,285.02024291497975
West Bengal,24 PARAGANAS NORTH,1999,Winter,Rice,192944.0,423850.0,2.1967513890040635,2.1967513890040635,2196.7513890040636
West Bengal,24 PARAGANAS NORTH,1998,Summer,Rice,114251.0,425881.0,3.727591005768002,3.727591005768002,3727.591005768002
West Bengal,DARJEELING,2011,Summer,Rice,1579.0,4299.0,2.722609246358455,2.722609246358455,2722.6092463584546
West Bengal,24 PARAGANAS NORTH,2002,Winter,Rice,180898.0,436010.0,2.4102532919103585,2.4102532919103585,2410.2532919103587
West Bengal,PURULIA,2007,Summer,Rice,2825.0,4437.0,1.5706194690265487,1.5706194690265487,1570.6194690265486
West Bengal,DINAJPUR DAKSHIN,2011,Autumn,Rice,2110.0,4457.0,2.1123222748815165,2.1123222748815165,2112.3222748815165
West Bengal,COOCHBEHAR,2005,Winter,Rice,235239.0,449044.0,1.9088841561135697,1.9088841561135697,1908.8841561135696
West Bengal,COOCHBEHAR,2011,Winter,Rice,219727.0,452052.0,2.0573347836178533,2.0573347836178533,2057.334783617853
West Bengal,24 PARAGANAS NORTH,2001,Winter,Rice,198499.0,463190.0,2.3334626370913707,2.3334626370913707,2333.4626370913707
West Bengal,HOWRAH,2013,Autumn,Rice,1572.0,4660.0,2.964376590330789,2.964376590330789,2964.376590330789
West Bengal,PASCHIM BARDHAMAN,2016,Autumn,Rice,1615.0,4724.0,2.925077399380805,2.925077399380805,2925.0773993808048
West Bengal,BARDHAMAN,2011,Summer,Rice,169333.0,476332.0,2.812989789349979,2.812989789349979,2812.989789349979
West Bengal,COOCHBEHAR,2012,Winter,Rice,219730.0,487072.0,2.216684112319665,2.216684112319665,2216.684112319665
West Bengal,DINAJPUR DAKSHIN,1997,Autumn,Rice,4783.0,4890.0,1.0223708969266152,1.0223708969266152,1022.3708969266152
West Bengal,BARDHAMAN,2014,Summer,Rice,150267.0,490532.0,3.264402696533504,3.264402696533504,3264.402696533504
West Bengal,24 PARAGANAS SOUTH,1997,Winter,Rice,373220.0,494160.0,1.3240447993140776,1.3240447993140776,1324.0447993140776
West Bengal,DARJEELING,2012,Autumn,Rice,3478.0,4977.0,1.4309948246118458,1.4309948246118458,1430.9948246118458
West Bengal,24 PARAGANAS SOUTH,1998,Winter,Rice,363033.0,500380.0,1.3783319973666306,1.3783319973666306,1378.3319973666305
West Bengal,COOCHBEHAR,2010,Winter,Rice,222220.0,505675.0,2.275560255602556,2.275560255602556,2275.560255602556
West Bengal,COOCHBEHAR,2014,Winter,Rice,217046.0,515777.0,2.376348792421883,2.376348792421883,2376.348792421883
West Bengal,MALDAH,2016,Autumn,Rice,2116.0,5316.0,2.5122873345935726,2.5122873345935726,2512.2873345935727
West Bengal,DINAJPUR UTTAR,2018,Autumn,Rice,1875.0,5330.0,2.8426666666666667,2.8426666666666667,2842.6666666666665
West Bengal,HOWRAH,2012,Autumn,Rice,1662.0,5378.0,3.235860409145608,3.235860409145608,3235.8604091456077
West Bengal,BIRBHUM,2010,Winter,Rice,186962.0,539456.0,2.8853777773023395,2.8853777773023395,2885.3777773023394
West Bengal,COOCHBEHAR,2013,Winter,Rice,212855.0,540216.0,2.5379530666416104,2.5379530666416104,2537.9530666416103
West Bengal,MALDAH,2010,Autumn,Rice,3440.0,5504.0,1.6,1.6,1600.0
West Bengal,MALDAH,2012,Autumn,Rice,3098.0,5519.0,1.7814719173660427,1.7814719173660427,1781.4719173660428
West Bengal,DARJEELING,2017,Summer,Rice,2318.0,5567.0,2.401639344262295,2.401639344262295,2401.639344262295
West Bengal,BARDHAMAN,2005,Summer,Rice,207192.0,558393.0,2.6950509672188114,2.6950509672188114,2695.0509672188114
West Bengal,24 PARAGANAS SOUTH,2007,Winter,Rice,324295.0,569092.0,1.7548590018347492,1.7548590018347492,1754.8590018347493
West Bengal,DARJEELING,2016,Summer,Rice,2421.0,5836.0,2.4105741429161505,2.4105741429161505,2410.5741429161503
West Bengal,BARDHAMAN,2010,Summer,Rice,189443.0,585863.0,3.0925555444117756,3.0925555444117756,3092.555544411776
West Bengal,HOWRAH,2002,Autumn,Rice,2629.0,5868.0,2.2320273868391025,2.2320273868391025,2232.0273868391023
West Bengal,BARDHAMAN,2012,Summer,Rice,163328.0,592495.0,3.627638861677116,3.627638861677116,3627.638861677116
West Bengal,DINAJPUR UTTAR,2019,Autumn,Rice,2251.0,6021.0,2.6748111950244335,2.6748111950244335,2674.8111950244333
West Bengal,MALDAH,2013,Autumn,Rice,3116.0,6054.0,1.9428754813863929,1.9428754813863929,1942.875481386393
West Bengal,DARJEELING,2019,Autumn,Rice,2953.0,6084.0,2.06027768371148,2.06027768371148,2060.27768371148
West Bengal,BIRBHUM,2000,Winter,Rice,261748.0,609130.0,2.327162003148066,2.327162003148066,2327.162003148066
West Bengal,BARDHAMAN,2004,Summer,Rice,200398.0,609379.0,3.0408437209952197,3.0408437209952197,3040.84372099522
West Bengal,DARJEELING,2019,Summer,Rice,2222.0,6199.0,2.78982898289829,2.78982898289829,2789.8289828982897
West Bengal,24 PARAGANAS SOUTH,2009,Winter,Rice,314183.0,620950.0,1.9763959221218208,1.9763959221218208,1976.3959221218208
West Bengal,24 PARAGANAS SOUTH,2000,Winter,Rice,335463.0,628220.0,1.8726953494126028,1.8726953494126028,1872.6953494126028
West Bengal,24 PARAGANAS SOUTH,2010,Winter,Rice,297915.0,628668.0,2.1102260711948038,2.1102260711948038,2110.226071194804
West Bengal,PURULIA,1997,Autumn,Rice,4327.0,6350.0,1.4675294661428242,1.4675294661428242,1467.5294661428243
West Bengal,DARJEELING,2011,Autumn,Rice,3468.0,6461.0,1.8630334486735871,1.8630334486735871,1863.0334486735871
West Bengal,BARDHAMAN,2002,Summer,Rice,216157.0,650283.0,3.00838279583821,3.00838279583821,3008.3827958382103
West Bengal,DARJEELING,2018,Summer,Rice,2121.0,6506.0,3.0674210278170673,3.0674210278170673,3067.421027817067
West Bengal,24 PARAGANAS SOUTH,2015,Autumn,Rice,4034.0,6605.0,1.6373326722855726,1.6373326722855726,1637.3326722855725
West Bengal,BARDHAMAN,2008,Summer,Rice,233697.0,661427.0,2.8302759556177444,2.8302759556177444,2830.2759556177443
West Bengal,24 PARAGANAS SOUTH,2006,Winter,Rice,330060.0,662961.0,2.008607525904381,2.008607525904381,2008.607525904381
West Bengal,BARDHAMAN,2013,Summer,Rice,176219.0,668407.0,3.793047287749902,3.793047287749902,3793.0472877499024
West Bengal,24 PARAGANAS SOUTH,2011,Winter,Rice,313946.0,670597.0,2.1360265778191154,2.1360265778191154,2136.0265778191156
West Bengal,BARDHAMAN,2007,Summer,Rice,203741.0,679998.0,3.3375609229364733,3.3375609229364733,3337.560922936473
West Bengal,24 PARAGANAS SOUTH,2005,Winter,Rice,339079.0,682030.0,2.011419167804553,2.011419167804553,2011.419167804553
West Bengal,DARJEELING,2013,Autumn,Rice,3512.0,6823.0,1.942767653758542,1.942767653758542,1942.767653758542
West Bengal,MALDAH,2014,Autumn,Rice,2937.0,6854.0,2.3336738168198843,2.3336738168198843,2333.6738168198845
West Bengal,BARDHAMAN,1997,Summer,Rice,201048.0,691690.0,3.440422187736262,3.440422187736262,3440.422187736262
West Bengal,BANKURA,1998,Winter,Rice,294528.0,692470.0,2.35111772055628,2.35111772055628,2351.11772055628
West Bengal,24 PARAGANAS SOUTH,2002,Winter,Rice,343596.0,694975.0,2.022651602463358,2.022651602463358,2022.6516024633581
West Bengal,BARDHAMAN,2000,Winter,Rice,344094.0,698020.0,2.028573587449941,2.028573587449941,2028.573587449941
West Bengal,BARDHAMAN,2003,Summer,Rice,215469.0,699200.0,3.2450143640152413,3.2450143640152413,3245.0143640152414
West Bengal,24 PARAGANAS SOUTH,1999,Winter,Rice,373726.0,705620.0,1.8880677287638536,1.8880677287638536,1888.0677287638537
West Bengal,BANKURA,2003,Winter,Rice,264939.0,706993.0,2.668512374546594,2.668512374546594,2668.512374546594
West Bengal,DARJEELING,2018,Autumn,Rice,3328.0,7096.0,2.1322115384615383,2.1322115384615383,2132.211538461538
West Bengal,PURULIA,1997,Summer,Rice,2995.0,7130.0,2.380634390651085,2.380634390651085,2380.634390651085
West Bengal,24 PARAGANAS SOUTH,2012,Winter,Rice,314185.0,714056.0,2.272724668586979,2.272724668586979,2272.724668586979
West Bengal,24 PARAGANAS SOUTH,2003,Winter,Rice,353858.0,715537.0,2.0221020861475507,2.0221020861475507,2022.1020861475506
West Bengal,BARDHAMAN,2001,Summer,Rice,218525.0,719603.0,3.2930008008237044,3.2930008008237044,3293.0008008237046
West Bengal,24 PARAGANAS SOUTH,2004,Winter,Rice,338291.0,720977.0,2.131233169076328,2.131233169076328,2131.233169076328
West Bengal,24 PARAGANAS SOUTH,2008,Winter,Rice,341567.0,721518.0,2.1123761955926654,2.1123761955926654,2112.376195592665
West Bengal,BARDHAMAN,2006,Summer,Rice,209769.0,721948.0,3.4416334158050046,3.4416334158050046,3441.6334158050045
West Bengal,PURULIA,2001,Autumn,Rice,3132.0,7255.0,2.3164112388250317,2.3164112388250317,2316.411238825032
West Bengal,COOCHBEHAR,2015,Autumn,Rice,4084.0,7271.0,1.780362389813908,1.780362389813908,1780.362389813908
West Bengal,24 PARAGANAS SOUTH,2001,Winter,Rice,336114.0,736064.0,2.1899236568545195,2.1899236568545195,2189.9236568545193
West Bengal,BARDHAMAN,2009,Summer,Rice,230750.0,744206.0,3.2251614301191767,3.2251614301191767,3225.1614301191767
West Bengal,24 PARAGANAS SOUTH,2013,Winter,Rice,316815.0,747982.0,2.360942505878825,2.360942505878825,2360.942505878825
West Bengal,MALDAH,2017,Autumn,Rice,2956.0,7522.0,2.544654939106901,2.544654939106901,2544.654939106901
West Bengal,BANKURA,2002,Winter,Rice,260685.0,756459.0,2.9018125323666495,2.9018125323666495,2901.8125323666495
West Bengal,DARJEELING,2009,Autumn,Rice,3549.0,7621.0,2.1473654550577628,2.1473654550577628,2147.3654550577626
West Bengal,KALIMPONG,2019,Winter,Rice,4735.0,7630.0,1.611404435058078,1.611404435058078,1611.404435058078
West Bengal,DARJEELING,2017,Autumn,Rice,3885.0,7631.0,1.9642213642213642,1.9642213642213642,1964.2213642213642
West Bengal,DINAJPUR DAKSHIN,2010,Autumn,Rice,3571.0,7729.0,2.164379725567068,2.164379725567068,2164.379725567068
West Bengal,BARDHAMAN,1999,Summer,Rice,228995.0,773640.0,3.378414375859735,3.378414375859735,3378.414375859735
West Bengal,BIRBHUM,1999,Winter,Rice,307150.0,783310.0,2.550252319713495,2.550252319713495,2550.252319713495
West Bengal,BIRBHUM,2015,Autumn,Rice,2432.0,7908.0,3.2516447368421053,3.2516447368421053,3251.6447368421054
West Bengal,BANKURA,1999,Winter,Rice,332424.0,794130.0,2.388906938127211,2.388906938127211,2388.906938127211
West Bengal,24 PARAGANAS SOUTH,2014,Winter,Rice,325501.0,794541.0,2.4409786759487684,2.4409786759487684,2440.9786759487683
West Bengal,BANKURA,2014,Winter,Rice,294204.0,794716.0,2.7012413155497548,2.7012413155497548,2701.2413155497547
West Bengal,BANKURA,2004,Winter,Rice,287815.0,802518.0,2.7883119364869793,2.7883119364869793,2788.3119364869794
West Bengal,BIRBHUM,2009,Winter,Rice,301071.0,805180.0,2.6743857761126115,2.6743857761126115,2674.3857761126114
West Bengal,BANKURA,2000,Winter,Rice,333437.0,812060.0,2.4354225835765075,2.4354225835765075,2435.4225835765073
West Bengal,DARJEELING,2014,Autumn,Rice,3910.0,8158.0,2.0864450127877237,2.0864450127877237,2086.4450127877235
West Bengal,DARJEELING,2010,Autumn,Rice,3451.0,8181.0,2.3706172124022022,2.3706172124022022,2370.6172124022023
West Bengal,COOCHBEHAR,2017,Autumn,Rice,4591.0,8197.0,1.7854497930734046,1.7854497930734046,1785.4497930734046
West Bengal,COOCHBEHAR,2016,Autumn,Rice,4529.0,8209.0,1.8125413998675204,1.8125413998675204,1812.5413998675203
West Bengal,HOWRAH,2004,Autumn,Rice,3652.0,8259.0,2.261500547645126,2.261500547645126,2261.500547645126
West Bengal,HOWRAH,2014,Autumn,Rice,2836.0,8287.0,2.9220733427362484,2.9220733427362484,2922.0733427362484
West Bengal,KALIMPONG,2018,Winter,Rice,4752.0,8381.0,1.7636784511784511,1.7636784511784511,1763.678451178451
West Bengal,BARDHAMAN,2000,Summer,Rice,219769.0,839305.0,3.8190327116199283,3.8190327116199283,3819.0327116199283
West Bengal,BIRBHUM,1997,Winter,Rice,309991.0,840840.0,2.7124658457826194,2.7124658457826194,2712.4658457826195
West Bengal,BANKURA,2008,Winter,Rice,303565.0,842313.0,2.77473687678092,2.77473687678092,2774.7368767809203
West Bengal,BANKURA,2009,Winter,Rice,318205.0,844882.0,2.655149981929888,2.655149981929888,2655.149981929888
West Bengal,BANKURA,2005,Winter,Rice,316127.0,847144.0,2.679758451508413,2.679758451508413,2679.758451508413
West Bengal,MALDAH,2011,Autumn,Rice,3689.0,8547.0,2.316888045540797,2.316888045540797,2316.888045540797
West Bengal,BIRBHUM,2004,Winter,Rice,308737.0,855316.0,2.77037089820786,2.77037089820786,2770.3708982078597
West Bengal,BANKURA,2012,Winter,Rice,322444.0,864752.0,2.6818672389624245,2.6818672389624245,2681.8672389624244
West Bengal,PURULIA,1999,Summer,Rice,3576.0,8650.0,2.418903803131991,2.418903803131991,2418.903803131991
West Bengal,MALDAH,2015,Autumn,Rice,3568.0,8697.0,2.4375,2.4375,2437.5
West Bengal,DINAJPUR DAKSHIN,2009,Autumn,Rice,5170.0,8705.0,1.683752417794971,1.683752417794971,1683.752417794971
West Bengal,MALDAH,2019,Autumn,Rice,3258.0,8715.0,2.674953959484346,2.674953959484346,2674.953959484346
West Bengal,BANKURA,2013,Winter,Rice,317884.0,874486.0,2.750959469492016,2.750959469492016,2750.959469492016
West Bengal,BIRBHUM,2012,Winter,Rice,312496.0,876823.0,2.805869515129794,2.805869515129794,2805.869515129794
West Bengal,BIRBHUM,2003,Winter,Rice,300623.0,878083.0,2.920877644092435,2.920877644092435,2920.877644092435
West Bengal,BARDHAMAN,1998,Summer,Rice,249525.0,882289.0,3.535874160905721,3.535874160905721,3535.874160905721
West Bengal,DARJEELING,2016,Autumn,Rice,3905.0,8862.0,2.2693982074263763,2.2693982074263763,2269.3982074263763
West Bengal,BIRBHUM,1998,Winter,Rice,312904.0,890320.0,2.845345537289392,2.845345537289392,2845.3455372893923
West Bengal,ALIPURDUAR,2016,Summer,Rice,3156.0,8940.0,2.832699619771863,2.832699619771863,2832.699619771863
West Bengal,BIRBHUM,2002,Winter,Rice,315681.0,902095.0,2.8576157576794294,2.8576157576794294,2857.6157576794294
West Bengal,KALIMPONG,2016,Winter,Rice,4776.0,9090.0,1.9032663316582914,1.9032663316582914,1903.2663316582914
West Bengal,BIRBHUM,2001,Winter,Rice,307985.0,911950.0,2.961020828936474,2.961020828936474,2961.020828936474
West Bengal,DARJEELING,2015,Autumn,Rice,3914.0,9185.0,2.3467041389882475,2.3467041389882475,2346.7041389882475
West Bengal,BANKURA,2007,Winter,Rice,328783.0,926283.0,2.817308072497666,2.817308072497666,2817.3080724976658
West Bengal,KALIMPONG,2017,Winter,Rice,4824.0,9296.0,1.9270315091210615,1.9270315091210615,1927.0315091210614
West Bengal,BIRBHUM,2008,Winter,Rice,307871.0,931728.0,3.0263584423346144,3.0263584423346144,3026.358442334614
West Bengal,COOCHBEHAR,2019,Autumn,Rice,5161.0,9402.0,1.8217399728734742,1.8217399728734742,1821.7399728734742
West Bengal,BIRBHUM,2011,Winter,Rice,326412.0,940842.0,2.8823756479541194,2.8823756479541194,2882.3756479541194
West Bengal,BANKURA,2006,Winter,Rice,336129.0,945567.0,2.813107467668663,2.813107467668663,2813.107467668663
West Bengal,BIRBHUM,2005,Winter,Rice,314476.0,948410.0,3.0158422264338136,3.0158422264338136,3015.8422264338137
West Bengal,BIRBHUM,2007,Winter,Rice,314944.0,958708.0,3.0440586262954685,3.0440586262954685,3044.0586262954685
West Bengal,BIRBHUM,2006,Winter,Rice,312799.0,960320.0,3.0700865411973823,3.0700865411973823,3070.0865411973823
West Bengal,BANKURA,2011,Winter,Rice,317968.0,969693.0,3.0496559402203993,3.0496559402203993,3049.6559402203993
West Bengal,BANKURA,1997,Winter,Rice,354447.0,973590.0,2.7467858382212293,2.7467858382212293,2746.7858382212294
West Bengal,MALDAH,2006,Autumn,Rice,6655.0,9965.0,1.4973703981968445,1.4973703981968445,1497.3703981968445
West Bengal,BARDHAMAN,1999,Winter,Rice,414208.0,1000580.0,2.415646245364648,2.415646245364648,2415.6462453646477
West Bengal,ALIPURDUAR,2017,Summer,Rice,3312.0,10027.0,3.027475845410628,3.027475845410628,3027.475845410628
West Bengal,BANKURA,2001,Winter,Rice,352283.0,1013371.0,2.876582179668051,2.876582179668051,2876.582179668051
West Bengal,MALDAH,2008,Autumn,Rice,5939.0,10269.0,1.7290789695234887,1.7290789695234887,1729.0789695234887
West Bengal,BIRBHUM,2014,Winter,Rice,315561.0,1029374.0,3.2620444224729925,3.2620444224729925,3262.0444224729927
West Bengal,BARDHAMAN,2010,Winter,Rice,364128.0,1053602.0,2.893493496792337,2.893493496792337,2893.493496792337
West Bengal,BIRBHUM,2013,Winter,Rice,322256.0,1064745.0,3.3040346805024576,3.3040346805024576,3304.034680502458
West Bengal,24 PARAGANAS SOUTH,2017,Autumn,Rice,4198.0,10948.0,2.6079085278704146,2.6079085278704146,2607.9085278704147
West Bengal,HOWRAH,2003,Autumn,Rice,4586.0,11230.0,2.44875708678587,2.44875708678587,2448.7570867858703
West Bengal,BARDHAMAN,2007,Winter,Rice,414468.0,1126762.0,2.718574172191822,2.718574172191822,2718.574172191822
West Bengal,DINAJPUR DAKSHIN,1998,Autumn,Rice,5095.0,11280.0,2.213935230618253,2.213935230618253,2213.935230618253
West Bengal,MALDAH,2007,Autumn,Rice,6181.0,11312.0,1.8301245753114384,1.8301245753114384,1830.1245753114383
West Bengal,BARDHAMAN,1997,Winter,Rice,417834.0,1146060.0,2.7428596045319433,2.7428596045319433,2742.859604531943
West Bengal,BARDHAMAN,2001,Winter,Rice,420467.0,1155222.0,2.7474736424023765,2.7474736424023765,2747.4736424023763
West Bengal,HOOGHLY,2010,Autumn,Rice,4474.0,11555.0,2.582700044702727,2.582700044702727,2582.7000447027267
West Bengal,BARDHAMAN,1998,Winter,Rice,416509.0,1161520.0,2.7887032453080245,2.7887032453080245,2788.7032453080246
West Bengal,BARDHAMAN,2008,Winter,Rice,417486.0,1170211.0,2.8029945914354015,2.8029945914354015,2802.9945914354016
West Bengal,MALDAH,2009,Autumn,Rice,5805.0,11790.0,2.0310077519379846,2.0310077519379846,2031.0077519379845
West Bengal,BARDHAMAN,2006,Winter,Rice,419514.0,1201310.0,2.863575470663673,2.863575470663673,2863.575470663673
West Bengal,BARDHAMAN,2002,Winter,Rice,404986.0,1204889.0,2.975137412157457,2.975137412157457,2975.137412157457
West Bengal,24 PARAGANAS SOUTH,2018,Autumn,Rice,4290.0,12067.0,2.812820512820513,2.812820512820513,2812.820512820513
West Bengal,DINAJPUR DAKSHIN,2002,Autumn,Rice,8600.0,12129.0,1.4103488372093023,1.4103488372093023,1410.3488372093022
West Bengal,24 PARAGANAS SOUTH,2016,Autumn,Rice,4719.0,12170.0,2.578936215299852,2.578936215299852,2578.936215299852
West Bengal,BARDHAMAN,2004,Winter,Rice,416657.0,1231421.0,2.955478967112037,2.955478967112037,2955.478967112037
West Bengal,BARDHAMAN,2011,Winter,Rice,413299.0,1242347.0,3.00592791175396,3.00592791175396,3005.92791175396
West Bengal,BARDHAMAN,2003,Winter,Rice,421645.0,1257087.0,2.981387185902833,2.981387185902833,2981.3871859028327
West Bengal,ALIPURDUAR,2018,Summer,Rice,4071.0,12647.0,3.106607713092606,3.106607713092606,3106.607713092606
West Bengal,BARDHAMAN,2009,Winter,Rice,429698.0,1271906.0,2.9599998138227313,2.9599998138227313,2959.999813822731
West Bengal,JALPAIGURI,1997,Summer,Rice,4485.0,12890.0,2.8740245261984394,2.8740245261984394,2874.0245261984396
West Bengal,BARDHAMAN,2012,Winter,Rice,420798.0,1301195.0,3.0922081378713777,3.0922081378713777,3092.208137871378
West Bengal,DINAJPUR DAKSHIN,2000,Autumn,Rice,7353.0,13130.0,1.7856657146742827,1.7856657146742827,1785.6657146742828
West Bengal,BARDHAMAN,2013,Winter,Rice,418616.0,1323049.0,3.160531370038412,3.160531370038412,3160.531370038412
West Bengal,MALDAH,2005,Autumn,Rice,6844.0,13277.0,1.939947399181765,1.939947399181765,1939.9473991817651
West Bengal,BIRBHUM,2019,Autumn,Rice,4537.0,13385.0,2.950187348468151,2.950187348468151,2950.187348468151
West Bengal,HOOGHLY,2003,Autumn,Rice,5418.0,13430.0,2.4787744555186415,2.4787744555186415,2478.7744555186414
West Bengal,BARDHAMAN,2014,Winter,Rice,419814.0,1361138.0,3.242240611318346,3.242240611318346,3242.240611318346
West Bengal,BARDHAMAN,2005,Winter,Rice,417180.0,1365492.0,3.273148281317417,3.273148281317417,3273.148281317417
West Bengal,ALIPURDUAR,2019,Summer,Rice,4575.0,14016.0,3.063606557377049,3.063606557377049,3063.606557377049
West Bengal,PURBA BARDHAMAN,2019,Autumn,Rice,12710.0,14040.0,1.1046420141620772,1.1046420141620772,1104.6420141620772
West Bengal,JALPAIGURI,2000,Summer,Rice,6719.0,14187.0,2.1114749218633726,2.1114749218633726,2111.4749218633724
West Bengal,HOOGHLY,2013,Autumn,Rice,5816.0,14343.0,2.4661279229711144,2.4661279229711144,2466.1279229711145
West Bengal,HOOGHLY,2007,Autumn,Rice,5856.0,14357.0,2.4516734972677594,2.4516734972677594,2451.6734972677596
West Bengal,HOOGHLY,2011,Autumn,Rice,7494.0,14387.0,1.9198025086736055,1.9198025086736055,1919.8025086736054
West Bengal,COOCHBEHAR,2018,Autumn,Rice,6779.0,14431.0,2.1287800560554655,2.1287800560554655,2128.7800560554656
West Bengal,DINAJPUR DAKSHIN,2007,Autumn,Rice,7296.0,14641.0,2.00671600877193,2.00671600877193,2006.7160087719299
West Bengal,DINAJPUR DAKSHIN,2001,Autumn,Rice,8958.0,14952.0,1.6691225720026792,1.6691225720026792,1669.1225720026791
West Bengal,HOOGHLY,2012,Autumn,Rice,6089.0,15144.0,2.4871078994908853,2.4871078994908853,2487.1078994908853
West Bengal,DINAJPUR DAKSHIN,2008,Autumn,Rice,7328.0,15288.0,2.086244541484716,2.086244541484716,2086.244541484716
West Bengal,HOOGHLY,2008,Autumn,Rice,6346.0,15523.0,2.446107784431138,2.446107784431138,2446.107784431138
West Bengal,HOOGHLY,2004,Autumn,Rice,6041.0,15544.0,2.573083926502235,2.573083926502235,2573.083926502235
West Bengal,24 PARAGANAS SOUTH,2019,Autumn,Rice,5192.0,15612.0,3.0069337442218798,3.0069337442218798,3006.93374422188
West Bengal,DINAJPUR DAKSHIN,1999,Autumn,Rice,9134.0,15710.0,1.7199474490913071,1.7199474490913071,1719.9474490913071
West Bengal,JALPAIGURI,1999,Summer,Rice,6614.0,16000.0,2.419110976716057,2.419110976716057,2419.110976716057
West Bengal,HOOGHLY,2001,Autumn,Rice,6524.0,16209.0,2.484518700183936,2.484518700183936,2484.5187001839363
West Bengal,HOOGHLY,1998,Autumn,Rice,7456.0,16250.0,2.179452789699571,2.179452789699571,2179.452789699571
West Bengal,DINAJPUR DAKSHIN,2004,Autumn,Rice,9097.0,16868.0,1.854237660767286,1.854237660767286,1854.237660767286
West Bengal,MEDINIPUR EAST,2018,Autumn,Rice,11604.0,16916.0,1.457773181661496,1.457773181661496,1457.773181661496
West Bengal,HOOGHLY,2019,Autumn,Rice,6931.0,16979.0,2.449718655316693,2.449718655316693,2449.718655316693
West Bengal,BIRBHUM,2017,Autumn,Rice,5915.0,17033.0,2.8796280642434486,2.8796280642434486,2879.6280642434485
West Bengal,DINAJPUR DAKSHIN,2003,Autumn,Rice,9267.0,17055.0,1.840401424409194,1.840401424409194,1840.401424409194
West Bengal,MALDAH,1998,Autumn,Rice,17619.0,17100.0,0.970543163630172,0.970543163630172,970.543163630172
West Bengal,BIRBHUM,2018,Autumn,Rice,5533.0,17301.0,3.126875112958612,3.126875112958612,3126.8751129586117
West Bengal,HOOGHLY,1999,Autumn,Rice,8627.0,17830.0,2.0667671264634286,2.0667671264634286,2066.7671264634287
West Bengal,HOOGHLY,2006,Autumn,Rice,7103.0,18090.0,2.546811206532451,2.546811206532451,2546.8112065324513
West Bengal,HOOGHLY,2014,Autumn,Rice,6157.0,18096.0,2.9390937144713334,2.9390937144713334,2939.0937144713334
West Bengal,DINAJPUR DAKSHIN,2006,Autumn,Rice,10404.0,18185.0,1.7478854286812764,1.7478854286812764,1747.8854286812764
West Bengal,BIRBHUM,2016,Autumn,Rice,6224.0,18204.0,2.9248071979434447,2.9248071979434447,2924.807197943445
West Bengal,HOOGHLY,2000,Autumn,Rice,9243.0,18350.0,1.9852861625013525,1.9852861625013525,1985.2861625013525
West Bengal,MEDINIPUR EAST,2017,Autumn,Rice,12365.0,18561.0,1.5010917913465427,1.5010917913465427,1501.0917913465428
West Bengal,HOOGHLY,2002,Autumn,Rice,7702.0,18608.0,2.415995845235004,2.415995845235004,2415.995845235004
West Bengal,MALDAH,2004,Autumn,Rice,8097.0,18663.0,2.3049277510188957,2.3049277510188957,2304.927751018896
West Bengal,JALPAIGURI,1998,Summer,Rice,6565.0,19154.0,2.9175932977913175,2.9175932977913175,2917.5932977913176
West Bengal,HOOGHLY,2009,Autumn,Rice,6265.0,19288.0,3.0786911412609737,3.0786911412609737,3078.691141260974
West Bengal,MALDAH,2002,Autumn,Rice,9872.0,19358.0,1.9608995137763372,1.9608995137763372,1960.8995137763372
West Bengal,ALIPURDUAR,2018,Autumn,Rice,11250.0,19417.0,1.7259555555555555,1.7259555555555555,1725.9555555555555
West Bengal,DINAJPUR DAKSHIN,2005,Autumn,Rice,10972.0,19693.0,1.794841414509661,1.794841414509661,1794.841414509661
West Bengal,MEDINIPUR EAST,2007,Autumn,Rice,15473.0,20190.0,1.3048536159762167,1.3048536159762167,1304.8536159762168
West Bengal,HOOGHLY,2018,Autumn,Rice,6250.0,20549.0,3.28784,3.28784,3287.84
West Bengal,MALDAH,2001,Autumn,Rice,10684.0,20591.0,1.9272744290527892,1.9272744290527892,1927.2744290527892
West Bengal,MEDINIPUR EAST,2019,Autumn,Rice,11969.0,20632.0,1.723786448324839,1.723786448324839,1723.786448324839
West Bengal,MALDAH,2003,Autumn,Rice,8913.0,20803.0,2.3340065073488163,2.3340065073488163,2334.0065073488163
West Bengal,MALDAH,1999,Autumn,Rice,12401.0,20920.0,1.6869607289734698,1.6869607289734698,1686.9607289734697
West Bengal,MALDAH,2018,Autumn,Rice,6680.0,21318.0,3.191317365269461,3.191317365269461,3191.317365269461
West Bengal,HOOGHLY,1997,Autumn,Rice,9712.0,21660.0,2.2302306425041185,2.2302306425041185,2230.2306425041184
West Bengal,MALDAH,2000,Autumn,Rice,13370.0,21700.0,1.6230366492146597,1.6230366492146597,1623.0366492146597
West Bengal,JALPAIGURI,2019,Autumn,Rice,9352.0,22250.0,2.379170230966638,2.379170230966638,2379.170230966638
West Bengal,MEDINIPUR EAST,2012,Autumn,Rice,11357.0,22540.0,1.9846790525666989,1.9846790525666989,1984.6790525666988
West Bengal,HOOGHLY,2015,Autumn,Rice,8906.0,22913.0,2.572759937121042,2.572759937121042,2572.759937121042
West Bengal,MALDAH,1997,Autumn,Rice,17986.0,22930.0,1.2748804625820083,1.2748804625820083,1274.8804625820082
West Bengal,HOOGHLY,2017,Autumn,Rice,8630.0,22978.0,2.6625724217844726,2.6625724217844726,2662.5724217844727
West Bengal,MEDINIPUR EAST,2013,Autumn,Rice,11455.0,23297.0,2.033784373635967,2.033784373635967,2033.7843736359669
West Bengal,JHARGRAM,2019,Autumn,Rice,9475.0,23320.0,2.4612137203166227,2.4612137203166227,2461.2137203166226
West Bengal,MURSHIDABAD,2010,Autumn,Rice,11867.0,23358.0,1.968315496755709,1.968315496755709,1968.315496755709
West Bengal,JHARGRAM,2016,Summer,Rice,6751.0,23906.0,3.5411050214782995,3.5411050214782995,3541.1050214782995
West Bengal,JALPAIGURI,2018,Autumn,Rice,8900.0,23961.0,2.6922471910112358,2.6922471910112358,2692.247191011236
West Bengal,ALIPURDUAR,2019,Autumn,Rice,12210.0,24030.0,1.968058968058968,1.968058968058968,1968.058968058968
West Bengal,MEDINIPUR EAST,2011,Autumn,Rice,13038.0,24244.0,1.8594876514802885,1.8594876514802885,1859.4876514802886
West Bengal,MEDINIPUR EAST,2015,Autumn,Rice,11946.0,24465.0,2.047965846308388,2.047965846308388,2047.9658463083879
West Bengal,MEDINIPUR EAST,2009,Autumn,Rice,13882.0,24797.0,1.7862699899149979,1.7862699899149979,1786.269989914998
West Bengal,JALPAIGURI,2017,Autumn,Rice,11515.0,25075.0,2.177594442032132,2.177594442032132,2177.5944420321316
West Bengal,PURBA BARDHAMAN,2013,Autumn,Rice,9356.0,25163.0,2.6895040615647714,2.6895040615647714,2689.5040615647713
West Bengal,MEDINIPUR WEST,2017,Autumn,Rice,10427.0,25262.0,2.4227486333557113,2.4227486333557113,2422.7486333557113
West Bengal,HOOGHLY,2005,Autumn,Rice,9368.0,25275.0,2.698014517506405,2.698014517506405,2698.014517506405
West Bengal,DINAJPUR UTTAR,1997,Autumn,Rice,14091.0,25530.0,1.8117947626144348,1.8117947626144348,1811.7947626144348
West Bengal,MURSHIDABAD,2011,Autumn,Rice,11849.0,26456.0,2.232762258418432,2.232762258418432,2232.7622584184323
West Bengal,JHARGRAM,2016,Autumn,Rice,8974.0,26461.0,2.9486293737463782,2.9486293737463782,2948.6293737463784
West Bengal,PURBA BARDHAMAN,2010,Autumn,Rice,9285.0,26478.0,2.851696284329564,2.851696284329564,2851.6962843295637
West Bengal,MURSHIDABAD,2012,Autumn,Rice,11682.0,26953.0,2.3072247902756375,2.3072247902756375,2307.2247902756376
West Bengal,HOOGHLY,2016,Autumn,Rice,9714.0,27259.0,2.80615606341363,2.80615606341363,2806.15606341363
West Bengal,JALPAIGURI,2016,Autumn,Rice,11091.0,27433.0,2.473446938959517,2.473446938959517,2473.446938959517
West Bengal,ALIPURDUAR,2017,Autumn,Rice,12684.0,28376.0,2.2371491643014823,2.2371491643014823,2237.1491643014824
West Bengal,ALIPURDUAR,2016,Autumn,Rice,13078.0,28719.0,2.1959779782841413,2.1959779782841413,2195.9779782841415
West Bengal,PURBA BARDHAMAN,2012,Autumn,Rice,9293.0,28765.0,3.0953405789303776,3.0953405789303776,3095.3405789303774
West Bengal,JALPAIGURI,2003,Summer,Rice,15096.0,28882.0,1.9132220455749867,1.9132220455749867,1913.2220455749866
West Bengal,MEDINIPUR EAST,2002,Autumn,Rice,13185.0,29045.0,2.2028820629503225,2.2028820629503225,2202.8820629503225
West Bengal,MEDINIPUR EAST,2004,Autumn,Rice,13519.0,29153.0,2.1564464827280125,2.1564464827280125,2156.4464827280126
West Bengal,MURSHIDABAD,2013,Autumn,Rice,11617.0,30039.0,2.5857794611345444,2.5857794611345444,2585.7794611345444
West Bengal,MEDINIPUR EAST,2010,Autumn,Rice,14685.0,30107.0,2.050187265917603,2.050187265917603,2050.187265917603
West Bengal,PURBA BARDHAMAN,2011,Autumn,Rice,10169.0,30638.0,3.01288228931065,3.01288228931065,3012.88228931065
West Bengal,MEDINIPUR EAST,2005,Autumn,Rice,14873.0,31118.0,2.092247697169367,2.092247697169367,2092.2476971693673
West Bengal,MEDINIPUR EAST,2016,Autumn,Rice,13823.0,31148.0,2.253345872820661,2.253345872820661,2253.345872820661
West Bengal,MEDINIPUR EAST,2006,Autumn,Rice,15277.0,33560.0,2.1967663808339335,2.1967663808339335,2196.7663808339335
West Bengal,MEDINIPUR EAST,2014,Autumn,Rice,15111.0,34064.0,2.2542518694990403,2.2542518694990403,2254.2518694990404
West Bengal,PURBA BARDHAMAN,2000,Autumn,Rice,18791.0,34070.0,1.813102016922995,1.813102016922995,1813.102016922995
West Bengal,JALPAIGURI,2004,Summer,Rice,19828.0,34114.0,1.7204962679039741,1.7204962679039741,1720.496267903974
West Bengal,MEDINIPUR EAST,1999,Autumn,Rice,16784.0,34160.0,2.0352716873212584,2.0352716873212584,2035.2716873212585
West Bengal,MEDINIPUR EAST,2003,Autumn,Rice,13214.0,34427.0,2.6053428182230967,2.6053428182230967,2605.342818223097
West Bengal,JALPAIGURI,2011,Summer,Rice,16929.0,34497.0,2.037745879851143,2.037745879851143,2037.7458798511432
West Bengal,JALPAIGURI,2008,Summer,Rice,18730.0,34746.0,1.8550987720234917,1.8550987720234917,1855.0987720234916
West Bengal,JHARGRAM,2018,Autumn,Rice,12435.0,35045.0,2.818254925613189,2.818254925613189,2818.254925613189
West Bengal,MURSHIDABAD,2019,Autumn,Rice,12860.0,35110.0,2.730171073094868,2.730171073094868,2730.171073094868
West Bengal,PURBA BARDHAMAN,2009,Autumn,Rice,12066.0,35141.0,2.9123984750538705,2.9123984750538705,2912.3984750538707
West Bengal,MURSHIDABAD,2009,Autumn,Rice,16629.0,35194.0,2.1164231162427085,2.1164231162427085,2116.4231162427086
West Bengal,MEDINIPUR EAST,2000,Autumn,Rice,16275.0,35290.0,2.168356374807988,2.168356374807988,2168.356374807988
West Bengal,MEDINIPUR EAST,1998,Autumn,Rice,16119.0,35770.0,2.219120292822135,2.219120292822135,2219.120292822135
West Bengal,JALPAIGURI,2010,Summer,Rice,17314.0,37193.0,2.1481460090100497,2.1481460090100497,2148.1460090100495
West Bengal,PURBA BARDHAMAN,2016,Autumn,Rice,12388.0,38294.0,3.0912173070713593,3.0912173070713593,3091.2173070713593
West Bengal,JALPAIGURI,2002,Summer,Rice,20946.0,38388.0,1.8327126897737038,1.8327126897737038,1832.712689773704
West Bengal,MEDINIPUR EAST,1997,Autumn,Rice,15791.0,39560.0,2.5052244949654865,2.5052244949654865,2505.2244949654864
West Bengal,JALPAIGURI,2007,Summer,Rice,17969.0,41142.0,2.2896098836885748,2.2896098836885748,2289.609883688575
West Bengal,PURBA BARDHAMAN,2015,Autumn,Rice,13142.0,42481.0,3.2324608126616954,3.2324608126616954,3232.4608126616954
West Bengal,JALPAIGURI,2006,Summer,Rice,18314.0,42983.0,2.347002293327509,2.347002293327509,2347.002293327509
West Bengal,JALPAIGURI,2005,Summer,Rice,19328.0,43279.0,2.2391866721854305,2.2391866721854305,2239.1866721854303
West Bengal,JHARGRAM,2018,Summer,Rice,12990.0,43572.0,3.354272517321016,3.354272517321016,3354.272517321016
West Bengal,MURSHIDABAD,2015,Autumn,Rice,16144.0,43645.0,2.7034811694747276,2.7034811694747276,2703.4811694747277
West Bengal,JALPAIGURI,2016,Summer,Rice,17112.0,43721.0,2.554990649836372,2.554990649836372,2554.990649836372
West Bengal,PURBA BARDHAMAN,2006,Autumn,Rice,13530.0,43731.0,3.232150776053215,3.232150776053215,3232.150776053215
West Bengal,PURBA BARDHAMAN,2017,Autumn,Rice,14592.0,44188.0,3.028234649122807,3.028234649122807,3028.234649122807
West Bengal,MURSHIDABAD,2016,Autumn,Rice,17465.0,44276.0,2.5351273976524475,2.5351273976524475,2535.1273976524476
West Bengal,PURBA BARDHAMAN,2014,Autumn,Rice,13198.0,44362.0,3.3612668586149415,3.3612668586149415,3361.2668586149416
West Bengal,PURBA BARDHAMAN,2008,Autumn,Rice,15358.0,44529.0,2.8994009636671443,2.8994009636671443,2899.4009636671444
West Bengal,PURBA BARDHAMAN,2018,Autumn,Rice,14583.0,44532.0,3.0536926558321333,3.0536926558321333,3053.6926558321334
West Bengal,PURBA BARDHAMAN,2005,Autumn,Rice,14641.0,44609.0,3.046854723038044,3.046854723038044,3046.8547230380436
West Bengal,JALPAIGURI,2013,Summer,Rice,20126.0,44767.0,2.2243366789227865,2.2243366789227865,2224.3366789227866
West Bengal,NADIA,2000,Winter,Rice,28092.0,44800.0,1.594760074042432,1.594760074042432,1594.7600740424318
West Bengal,JALPAIGURI,2009,Summer,Rice,18154.0,44840.0,2.469979067974,2.469979067974,2469.979067974
West Bengal,MURSHIDABAD,2017,Autumn,Rice,17831.0,45374.0,2.544669395995738,2.544669395995738,2544.669395995738
West Bengal,MURSHIDABAD,2018,Autumn,Rice,16841.0,45415.0,2.6966925954515766,2.6966925954515766,2696.6925954515764
West Bengal,DARJEELING,2016,Winter,Rice,20978.0,45502.0,2.1690342263323483,2.1690342263323483,2169.034226332348
West Bengal,MURSHIDABAD,2014,Autumn,Rice,18234.0,46997.0,2.577437753647033,2.577437753647033,2577.437753647033
West Bengal,JALPAIGURI,2017,Summer,Rice,17870.0,47408.0,2.6529378847229994,2.6529378847229994,2652.9378847229996
West Bengal,DINAJPUR DAKSHIN,1997,Summer,Rice,17674.0,47620.0,2.6943532873146996,2.6943532873146996,2694.3532873146996
West Bengal,JHARGRAM,2017,Summer,Rice,14492.0,48392.0,3.339221639525255,3.339221639525255,3339.2216395252553
West Bengal,JHARGRAM,2019,Summer,Rice,13427.0,48755.0,3.631116407239145,3.631116407239145,3631.1164072391452
West Bengal,JALPAIGURI,2001,Summer,Rice,21231.0,48890.0,2.302764825020018,2.302764825020018,2302.7648250200177
West Bengal,DARJEELING,2018,Winter,Rice,20995.0,49512.0,2.3582757799476064,2.3582757799476064,2358.275779947606
West Bengal,24 PARAGANAS NORTH,2015,Autumn,Rice,17924.0,49687.0,2.7720932827493865,2.7720932827493865,2772.0932827493866
West Bengal,JALPAIGURI,2009,Autumn,Rice,34634.0,51289.0,1.4808858347288791,1.4808858347288791,1480.8858347288792
West Bengal,JALPAIGURI,2018,Summer,Rice,18332.0,51404.0,2.804058476980144,2.804058476980144,2804.0584769801444
West Bengal,PURBA BARDHAMAN,2003,Autumn,Rice,18420.0,51773.0,2.8106948968512486,2.8106948968512486,2810.694896851249
West Bengal,PURBA BARDHAMAN,2007,Autumn,Rice,17567.0,51880.0,2.9532646439346504,2.9532646439346504,2953.2646439346504
West Bengal,PURBA BARDHAMAN,2004,Autumn,Rice,17119.0,52128.0,3.0450376774344297,3.0450376774344297,3045.0376774344295
West Bengal,DARJEELING,2017,Winter,Rice,22067.0,52385.0,2.3739067385689037,2.3739067385689037,2373.9067385689036
West Bengal,JALPAIGURI,2006,Autumn,Rice,41163.0,53973.0,1.3112018074484366,1.3112018074484366,1311.2018074484365
West Bengal,BANKURA,2019,Autumn,Rice,21699.0,53991.0,2.4881791787639984,2.4881791787639984,2488.1791787639986
West Bengal,24 PARAGANAS NORTH,2016,Autumn,Rice,20136.0,54174.0,2.690405244338498,2.690405244338498,2690.405244338498
West Bengal,JALPAIGURI,2012,Summer,Rice,19013.0,54174.0,2.849313627518014,2.849313627518014,2849.313627518014
West Bengal,JALPAIGURI,2019,Summer,Rice,18155.0,54291.0,2.9904158633985127,2.9904158633985127,2990.4158633985126
West Bengal,DARJEELING,2019,Winter,Rice,20394.0,54399.0,2.667402177110915,2.667402177110915,2667.402177110915
West Bengal,24 PARAGANAS NORTH,2017,Autumn,Rice,18561.0,54454.0,2.933785895156511,2.933785895156511,2933.785895156511
West Bengal,JALPAIGURI,2008,Autumn,Rice,37341.0,54816.0,1.4679842532337108,1.4679842532337108,1467.984253233711
West Bengal,JALPAIGURI,2012,Autumn,Rice,29132.0,54999.0,1.887923932445421,1.887923932445421,1887.9239324454209
West Bengal,BANKURA,2017,Autumn,Rice,21109.0,55196.0,2.6148088493059833,2.6148088493059833,2614.808849305983
West Bengal,JALPAIGURI,2011,Autumn,Rice,29852.0,55243.0,1.8505627763633927,1.8505627763633927,1850.5627763633927
West Bengal,PURBA BARDHAMAN,2001,Autumn,Rice,21097.0,55797.0,2.644783618523961,2.644783618523961,2644.7836185239607
West Bengal,DINAJPUR DAKSHIN,2014,Summer,Rice,16722.0,56152.0,3.3579715345054417,3.3579715345054417,3357.971534505442
West Bengal,24 PARAGANAS NORTH,2018,Autumn,Rice,19550.0,56300.0,2.8797953964194374,2.8797953964194374,2879.7953964194376
West Bengal,24 PARAGANAS NORTH,2019,Autumn,Rice,18673.0,56325.0,3.0163872971670327,3.0163872971670327,3016.3872971670326
West Bengal,JALPAIGURI,2004,Autumn,Rice,47254.0,56433.0,1.1942481059804462,1.1942481059804462,1194.248105980446
West Bengal,JALPAIGURI,2007,Autumn,Rice,40957.0,56630.0,1.3826696291232268,1.3826696291232268,1382.6696291232267
West Bengal,BANKURA,2015,Autumn,Rice,19164.0,56819.0,2.964882070548946,2.964882070548946,2964.882070548946
West Bengal,DARJEELING,2014,Winter,Rice,27135.0,56945.0,2.0985811682329096,2.0985811682329096,2098.5811682329095
West Bengal,JALPAIGURI,2010,Autumn,Rice,30782.0,57398.0,1.8646611656162693,1.8646611656162693,1864.6611656162693
West Bengal,JALPAIGURI,2013,Autumn,Rice,29424.0,57673.0,1.9600666122892876,1.9600666122892876,1960.0666122892876
West Bengal,DINAJPUR DAKSHIN,2019,Summer,Rice,17701.0,57777.0,3.264052878368454,3.264052878368454,3264.052878368454
West Bengal,MEDINIPUR WEST,2001,Autumn,Rice,25855.0,58679.0,2.2695416747244246,2.2695416747244246,2269.5416747244244
West Bengal,MURSHIDABAD,2000,Autumn,Rice,48681.0,58760.0,1.2070417616729319,1.2070417616729319,1207.041761672932
West Bengal,JALPAIGURI,2015,Summer,Rice,23467.0,58810.0,2.5060723569267482,2.5060723569267482,2506.0723569267484
West Bengal,DARJEELING,2012,Winter,Rice,27311.0,58903.0,2.1567500274614626,2.1567500274614626,2156.7500274614627
West Bengal,JALPAIGURI,2014,Summer,Rice,22779.0,59187.0,2.5983142367970498,2.5983142367970498,2598.31423679705
West Bengal,BANKURA,2016,Autumn,Rice,21971.0,59208.0,2.6948249965864095,2.6948249965864095,2694.8249965864097
West Bengal,DARJEELING,2008,Winter,Rice,27318.0,59556.0,2.1801010322864047,2.1801010322864047,2180.101032286405
West Bengal,DINAJPUR DAKSHIN,2015,Summer,Rice,17913.0,60503.0,3.377602858259365,3.377602858259365,3377.602858259365
West Bengal,DARJEELING,2011,Winter,Rice,27242.0,60576.0,2.223625284487189,2.223625284487189,2223.625284487189
West Bengal,MEDINIPUR WEST,2009,Autumn,Rice,29271.0,61570.0,2.103447097810119,2.103447097810119,2103.447097810119
West Bengal,DARJEELING,2013,Winter,Rice,27005.0,62125.0,2.300499907424551,2.300499907424551,2300.499907424551
West Bengal,MURSHIDABAD,2006,Autumn,Rice,32583.0,62180.0,1.9083571187429027,1.9083571187429027,1908.3571187429027
West Bengal,DINAJPUR DAKSHIN,2016,Summer,Rice,18268.0,62189.0,3.404258813225312,3.404258813225312,3404.2588132253118
West Bengal,JALPAIGURI,1997,Autumn,Rice,61579.0,64020.0,1.039640137059712,1.039640137059712,1039.6401370597118
West Bengal,DARJEELING,2015,Winter,Rice,27094.0,64081.0,2.365136192514948,2.365136192514948,2365.136192514948
West Bengal,DARJEELING,2009,Winter,Rice,27250.0,64401.0,2.3633394495412845,2.3633394495412845,2363.3394495412845
West Bengal,MEDINIPUR WEST,1998,Autumn,Rice,48017.0,64848.0,1.3505216902347086,1.3505216902347086,1350.5216902347086
West Bengal,MURSHIDABAD,1997,Autumn,Rice,43480.0,65000.0,1.4949402023919043,1.4949402023919043,1494.9402023919042
West Bengal,MURSHIDABAD,2007,Autumn,Rice,32662.0,65084.0,1.9926520115118487,1.9926520115118487,1992.6520115118487
West Bengal,DARJEELING,2010,Winter,Rice,27278.0,65640.0,2.40633477527678,2.40633477527678,2406.33477527678
West Bengal,JALPAIGURI,2005,Autumn,Rice,46121.0,67457.0,1.462609223564103,1.462609223564103,1462.609223564103
West Bengal,JALPAIGURI,2003,Autumn,Rice,44546.0,68414.0,1.5358056840120324,1.5358056840120324,1535.8056840120325
West Bengal,BANKURA,2018,Autumn,Rice,24554.0,68551.0,2.791846542314898,2.791846542314898,2791.8465423148978
West Bengal,DINAJPUR DAKSHIN,2012,Summer,Rice,21908.0,68722.0,3.1368449881321894,3.1368449881321894,3136.8449881321894
West Bengal,JALPAIGURI,2014,Autumn,Rice,31345.0,68726.0,2.192566597543468,2.192566597543468,2192.5665975434677
West Bengal,DINAJPUR DAKSHIN,2013,Summer,Rice,21560.0,70157.0,3.2540352504638217,3.2540352504638217,3254.0352504638217
West Bengal,JALPAIGURI,2015,Autumn,Rice,29019.0,72278.0,2.490712981150281,2.490712981150281,2490.712981150281
West Bengal,MURSHIDABAD,2008,Autumn,Rice,32285.0,73651.0,2.281276134427753,2.281276134427753,2281.276134427753
West Bengal,JALPAIGURI,1998,Autumn,Rice,63232.0,75340.0,1.1914853238866396,1.1914853238866396,1191.4853238866397
West Bengal,MEDINIPUR WEST,2011,Autumn,Rice,35781.0,75673.0,2.114893379167715,2.114893379167715,2114.893379167715
West Bengal,MEDINIPUR WEST,2019,Autumn,Rice,31725.0,75914.0,2.392876280535855,2.392876280535855,2392.876280535855
West Bengal,PURBA BARDHAMAN,2002,Autumn,Rice,26341.0,76201.0,2.892866633764853,2.892866633764853,2892.8666337648533
West Bengal,MURSHIDABAD,2005,Autumn,Rice,36281.0,78733.0,2.1700890273145723,2.1700890273145723,2170.0890273145724
West Bengal,HOWRAH,2008,Summer,Rice,49793.0,79696.0,1.600546261522704,1.600546261522704,1600.546261522704
West Bengal,MEDINIPUR WEST,2008,Autumn,Rice,42118.0,79878.0,1.8965288000379885,1.8965288000379885,1896.5288000379885
West Bengal,MEDINIPUR WEST,2014,Autumn,Rice,33141.0,80300.0,2.422980598050753,2.422980598050753,2422.9805980507526
West Bengal,DINAJPUR DAKSHIN,2017,Summer,Rice,24420.0,80505.0,3.2966830466830466,3.2966830466830466,3296.6830466830465
West Bengal,MEDINIPUR WEST,2006,Autumn,Rice,41452.0,81267.0,1.96050853999807,1.96050853999807,1960.5085399980699
West Bengal,MURSHIDABAD,1999,Autumn,Rice,51465.0,83430.0,1.6211017196152726,1.6211017196152726,1621.1017196152727
West Bengal,MEDINIPUR WEST,2007,Autumn,Rice,41368.0,84059.0,2.031981241539354,2.031981241539354,2031.981241539354
West Bengal,MURSHIDABAD,2003,Autumn,Rice,40170.0,84157.0,2.0950211600697037,2.0950211600697037,2095.021160069704
West Bengal,MEDINIPUR WEST,2018,Autumn,Rice,32286.0,84535.0,2.618317537012947,2.618317537012947,2618.3175370129466
West Bengal,PURBA BARDHAMAN,1999,Autumn,Rice,35163.0,84840.0,2.4127634160907774,2.4127634160907774,2412.7634160907774
West Bengal,MEDINIPUR WEST,2012,Autumn,Rice,37034.0,85775.0,2.316114921423557,2.316114921423557,2316.114921423557
West Bengal,MURSHIDABAD,2004,Autumn,Rice,38130.0,85853.0,2.251586677157094,2.251586677157094,2251.586677157094
West Bengal,MEDINIPUR WEST,2010,Autumn,Rice,39370.0,86742.0,2.203251206502413,2.203251206502413,2203.251206502413
West Bengal,JALPAIGURI,2001,Autumn,Rice,58753.0,87055.0,1.4817115721750378,1.4817115721750378,1481.7115721750379
West Bengal,MEDINIPUR WEST,2013,Autumn,Rice,37862.0,87307.0,2.3059267867518884,2.3059267867518884,2305.9267867518884
West Bengal,MEDINIPUR WEST,2005,Autumn,Rice,40622.0,89173.0,2.1951897986312834,2.1951897986312834,2195.1897986312833
West Bengal,HOWRAH,2009,Summer,Rice,41343.0,89995.0,2.176789299276782,2.176789299276782,2176.789299276782
West Bengal,HOWRAH,2000,Winter,Rice,64094.0,90600.0,1.4135488501263769,1.4135488501263769,1413.548850126377
West Bengal,DINAJPUR DAKSHIN,2011,Summer,Rice,30807.0,90832.0,2.9484208134514884,2.9484208134514884,2948.4208134514884
West Bengal,PURBA BARDHAMAN,1997,Autumn,Rice,34675.0,91590.0,2.641384282624369,2.641384282624369,2641.384282624369
West Bengal,HOWRAH,2007,Winter,Rice,67809.0,91799.0,1.3537878452712766,1.3537878452712766,1353.7878452712766
West Bengal,MURSHIDABAD,1998,Autumn,Rice,53196.0,91810.0,1.725881645236484,1.725881645236484,1725.881645236484
West Bengal,HOWRAH,2015,Winter,Rice,70127.0,92141.0,1.3139161806436892,1.3139161806436892,1313.9161806436891
West Bengal,DINAJPUR DAKSHIN,2018,Summer,Rice,27436.0,92916.0,3.3866452835690333,3.3866452835690333,3386.6452835690334
West Bengal,NADIA,2006,Autumn,Rice,41389.0,93352.0,2.255478508782527,2.255478508782527,2255.4785087825267
West Bengal,HOWRAH,2011,Winter,Rice,65000.0,93485.0,1.4382307692307692,1.4382307692307692,1438.2307692307693
West Bengal,DINAJPUR DAKSHIN,2009,Summer,Rice,35276.0,94451.0,2.6774861095362286,2.6774861095362286,2677.4861095362285
West Bengal,JALPAIGURI,2002,Autumn,Rice,65853.0,95520.0,1.450503393922828,1.450503393922828,1450.503393922828
West Bengal,DINAJPUR DAKSHIN,2002,Summer,Rice,36812.0,96463.0,2.6204226882538304,2.6204226882538304,2620.4226882538305
West Bengal,HOWRAH,1998,Winter,Rice,73666.0,97630.0,1.3253061113675237,1.3253061113675237,1325.3061113675237
West Bengal,MURSHIDABAD,2001,Autumn,Rice,48521.0,97682.0,2.01319016508316,2.01319016508316,2013.1901650831599
West Bengal,NADIA,2000,Autumn,Rice,53425.0,98840.0,1.8500701918577445,1.8500701918577445,1850.0701918577445
West Bengal,NADIA,1997,Autumn,Rice,55567.0,98910.0,1.780013317256645,1.780013317256645,1780.013317256645
West Bengal,NADIA,2009,Autumn,Rice,43801.0,99443.0,2.270336293691925,2.270336293691925,2270.3362936919248
West Bengal,DINAJPUR DAKSHIN,1999,Summer,Rice,36292.0,99720.0,2.7477129945993606,2.7477129945993606,2747.7129945993606
West Bengal,HOWRAH,2009,Winter,Rice,71693.0,100034.0,1.395310560305748,1.395310560305748,1395.3105603057481
West Bengal,NADIA,2010,Autumn,Rice,48392.0,100640.0,2.079682592163994,2.079682592163994,2079.682592163994
West Bengal,JALPAIGURI,2000,Autumn,Rice,63272.0,100740.0,1.5921734732583133,1.5921734732583133,1592.1734732583132
West Bengal,DINAJPUR DAKSHIN,2001,Summer,Rice,37634.0,100882.0,2.6806079608864324,2.6806079608864324,2680.6079608864325
West Bengal,PURBA BARDHAMAN,1998,Autumn,Rice,34681.0,101480.0,2.9260978633834087,2.9260978633834087,2926.097863383409
West Bengal,JALPAIGURI,1999,Autumn,Rice,62635.0,101550.0,1.6212979963279317,1.6212979963279317,1621.2979963279317
West Bengal,NADIA,2005,Autumn,Rice,46201.0,101837.0,2.2042163589532695,2.2042163589532695,2204.2163589532697
West Bengal,NADIA,2007,Autumn,Rice,45870.0,102345.0,2.2311968606932635,2.2311968606932635,2231.1968606932637
West Bengal,MEDINIPUR WEST,2016,Autumn,Rice,40832.0,103695.0,2.539552311912226,2.539552311912226,2539.552311912226
West Bengal,MURSHIDABAD,2002,Autumn,Rice,53336.0,104418.0,1.957739613019349,1.957739613019349,1957.739613019349
West Bengal,MEDINIPUR WEST,2003,Autumn,Rice,52853.0,104593.0,1.9789415927194294,1.9789415927194294,1978.9415927194293
West Bengal,NADIA,2011,Autumn,Rice,47487.0,104923.0,2.209509971149999,2.209509971149999,2209.509971149999
West Bengal,NADIA,2012,Autumn,Rice,47478.0,105131.0,2.2143097855849025,2.2143097855849025,2214.3097855849023
West Bengal,DINAJPUR DAKSHIN,2010,Summer,Rice,34597.0,105254.0,3.042286903488742,3.042286903488742,3042.2869034887417
West Bengal,MEDINIPUR WEST,1997,Autumn,Rice,55288.0,105780.0,1.9132542323831574,1.9132542323831574,1913.2542323831574
West Bengal,NADIA,1998,Autumn,Rice,60217.0,106400.0,1.7669428898815949,1.7669428898815949,1766.942889881595
West Bengal,MEDINIPUR WEST,2004,Autumn,Rice,52839.0,106414.0,2.013929105395636,2.013929105395636,2013.9291053956358
West Bengal,HOWRAH,1997,Winter,Rice,75073.0,106560.0,1.4194184327254806,1.4194184327254806,1419.4184327254807
West Bengal,NADIA,2019,Autumn,Rice,41858.0,106617.0,2.547111663242391,2.547111663242391,2547.111663242391
West Bengal,JHARGRAM,2017,Autumn,Rice,44604.0,106877.0,2.3961303918931036,2.3961303918931036,2396.1303918931035
West Bengal,MURSHIDABAD,2000,Winter,Rice,66958.0,106930.0,1.596971235699991,1.596971235699991,1596.971235699991
West Bengal,MEDINIPUR WEST,1999,Autumn,Rice,53589.0,107930.0,2.0140327305976973,2.0140327305976973,2014.0327305976973
West Bengal,NADIA,2018,Autumn,Rice,41868.0,110241.0,2.633061049011178,2.633061049011178,2633.061049011178
West Bengal,DINAJPUR DAKSHIN,2003,Summer,Rice,37855.0,110582.0,2.9211993131686698,2.9211993131686698,2921.19931316867
West Bengal,PASCHIM BARDHAMAN,2018,Winter,Rice,42002.0,110668.0,2.634826913004143,2.634826913004143,2634.8269130041426
West Bengal,HOWRAH,2006,Summer,Rice,39320.0,110708.0,2.8155645981688706,2.8155645981688706,2815.564598168871
West Bengal,HOWRAH,2019,Summer,Rice,29980.0,112309.0,3.7461307538358906,3.7461307538358906,3746.1307538358906
West Bengal,DINAJPUR DAKSHIN,2005,Summer,Rice,41368.0,113361.0,2.740306517114678,2.740306517114678,2740.306517114678
West Bengal,NADIA,2013,Autumn,Rice,47696.0,114531.0,2.401270546796377,2.401270546796377,2401.270546796377
West Bengal,DINAJPUR DAKSHIN,2000,Summer,Rice,37395.0,116211.0,3.107661452065784,3.107661452065784,3107.661452065784
West Bengal,HOWRAH,2017,Summer,Rice,34480.0,118078.0,3.42453596287703,3.42453596287703,3424.53596287703
West Bengal,NADIA,2002,Autumn,Rice,55185.0,118693.0,2.1508199691945276,2.1508199691945276,2150.8199691945274
West Bengal,MEDINIPUR WEST,2002,Autumn,Rice,51449.0,118717.0,2.3074695329355284,2.3074695329355284,2307.469532935528
West Bengal,DINAJPUR UTTAR,2016,Summer,Rice,40459.0,118870.0,2.938036036481376,2.938036036481376,2938.036036481376
West Bengal,DINAJPUR DAKSHIN,2004,Summer,Rice,40173.0,118905.0,2.9598237622283623,2.9598237622283623,2959.8237622283623
West Bengal,MEDINIPUR WEST,2000,Autumn,Rice,60201.0,121010.0,2.0100995000083057,2.0100995000083057,2010.0995000083058
West Bengal,NADIA,2015,Autumn,Rice,49081.0,121145.0,2.4682667427314033,2.4682667427314033,2468.266742731403
West Bengal,DINAJPUR DAKSHIN,2007,Summer,Rice,42674.0,122512.0,2.870881567230632,2.870881567230632,2870.881567230632
West Bengal,HOWRAH,1999,Winter,Rice,74379.0,122690.0,1.6495247314430148,1.6495247314430148,1649.5247314430148
West Bengal,NADIA,2004,Autumn,Rice,56617.0,123805.0,2.186710705265203,2.186710705265203,2186.7107052652027
West Bengal,HOWRAH,2008,Winter,Rice,64173.0,124088.0,1.9336481074595235,1.9336481074595235,1933.6481074595235
West Bengal,NADIA,2001,Autumn,Rice,55580.0,124264.0,2.2357682619647354,2.2357682619647354,2235.7682619647353
West Bengal,NADIA,1999,Autumn,Rice,59940.0,124450.0,2.076242909576243,2.076242909576243,2076.2429095762427
West Bengal,BANKURA,2015,Summer,Rice,40379.0,124587.0,3.0854404517199536,3.0854404517199536,3085.4404517199537
West Bengal,HOWRAH,2001,Summer,Rice,47393.0,125242.0,2.6426265482244213,2.6426265482244213,2642.626548224421
West Bengal,ALIPURDUAR,2016,Winter,Rice,63105.0,125269.0,1.985088344822122,1.985088344822122,1985.0883448221218
West Bengal,BANKURA,2018,Summer,Rice,43147.0,125386.0,2.906018958444388,2.906018958444388,2906.018958444388
West Bengal,PASCHIM BARDHAMAN,2019,Winter,Rice,40627.0,125562.0,3.0906047702266966,3.0906047702266966,3090.6047702266965
West Bengal,HOWRAH,2015,Summer,Rice,41173.0,126436.0,3.0708473999951424,3.0708473999951424,3070.8473999951425
West Bengal,DINAJPUR DAKSHIN,1998,Summer,Rice,36514.0,126731.0,3.470750944843074,3.470750944843074,3470.7509448430737
West Bengal,HOWRAH,2016,Summer,Rice,39396.0,127750.0,3.2427149964463395,3.2427149964463395,3242.7149964463397
West Bengal,HOWRAH,2013,Summer,Rice,42709.0,128178.0,3.0011941277014214,3.0011941277014214,3001.194127701421
West Bengal,PASCHIM BARDHAMAN,2017,Winter,Rice,40219.0,128435.0,3.193391183271588,3.193391183271588,3193.391183271588
West Bengal,DINAJPUR UTTAR,2013,Summer,Rice,50081.0,128804.0,2.57191350012979,2.57191350012979,2571.91350012979
West Bengal,HOWRAH,2012,Summer,Rice,42165.0,129584.0,3.0732598126408157,3.0732598126408157,3073.2598126408157
West Bengal,DINAJPUR UTTAR,2018,Summer,Rice,39299.0,129927.0,3.306114659406092,3.306114659406092,3306.114659406092
West Bengal,HOWRAH,2011,Summer,Rice,40966.0,130799.0,3.19286725577308,3.19286725577308,3192.86725577308
West Bengal,MEDINIPUR WEST,2015,Autumn,Rice,48850.0,131436.0,2.690603889457523,2.690603889457523,2690.603889457523
West Bengal,HOWRAH,2006,Winter,Rice,76644.0,131524.0,1.7160377850842858,1.7160377850842858,1716.0377850842858
West Bengal,DINAJPUR UTTAR,2014,Summer,Rice,37599.0,131609.0,3.5003324556504163,3.5003324556504163,3500.3324556504163
West Bengal,HOWRAH,2004,Summer,Rice,49058.0,132079.0,2.6923029882995637,2.6923029882995637,2692.302988299564
West Bengal,HOWRAH,2018,Summer,Rice,38310.0,132273.0,3.4527016444792484,3.4527016444792484,3452.7016444792484
West Bengal,NADIA,2008,Autumn,Rice,56861.0,132676.0,2.333339195582209,2.333339195582209,2333.339195582209
West Bengal,HOWRAH,2000,Summer,Rice,48370.0,132799.0,2.7454827372338224,2.7454827372338224,2745.4827372338223
West Bengal,NADIA,2014,Autumn,Rice,49599.0,132900.0,2.6794895058368113,2.6794895058368113,2679.4895058368115
West Bengal,ALIPURDUAR,2018,Winter,Rice,62655.0,133396.0,2.129055941265661,2.129055941265661,2129.055941265661
West Bengal,HOWRAH,2005,Summer,Rice,50910.0,133577.0,2.6237870752307995,2.6237870752307995,2623.7870752307995
West Bengal,DINAJPUR DAKSHIN,2006,Summer,Rice,42300.0,133787.0,3.1628132387706858,3.1628132387706858,3162.813238770686
West Bengal,HOWRAH,2002,Winter,Rice,75258.0,134623.0,1.788819793244572,1.788819793244572,1788.8197932445719
West Bengal,HOWRAH,1998,Summer,Rice,49273.0,134846.0,2.73671178941814,2.73671178941814,2736.7117894181397
West Bengal,HOWRAH,1997,Summer,Rice,49396.0,135110.0,2.735241719977326,2.735241719977326,2735.241719977326
West Bengal,NADIA,2003,Autumn,Rice,61458.0,135358.0,2.2024471997136255,2.2024471997136255,2202.4471997136257
West Bengal,HOWRAH,2014,Summer,Rice,43456.0,135474.0,3.1174981590574373,3.1174981590574373,3117.4981590574375
West Bengal,HOWRAH,2010,Summer,Rice,41318.0,136208.0,3.2965777627184276,3.2965777627184276,3296.5777627184275
West Bengal,DINAJPUR UTTAR,2012,Summer,Rice,49554.0,136650.0,2.7575977721273763,2.7575977721273763,2757.597772127376
West Bengal,DINAJPUR DAKSHIN,2008,Summer,Rice,43306.0,137644.0,3.1784048399759848,3.1784048399759848,3178.404839975985
West Bengal,NADIA,2016,Autumn,Rice,51842.0,138021.0,2.6623394159175957,2.6623394159175957,2662.3394159175955
West Bengal,PASCHIM BARDHAMAN,2016,Winter,Rice,40518.0,138044.0,3.4069796139987165,3.4069796139987165,3406.9796139987166
West Bengal,ALIPURDUAR,2017,Winter,Rice,63895.0,139447.0,2.182439940527428,2.182439940527428,2182.439940527428
West Bengal,HOWRAH,2002,Summer,Rice,53350.0,140654.0,2.6364386129334583,2.6364386129334583,2636.4386129334584
West Bengal,DINAJPUR UTTAR,2015,Summer,Rice,42653.0,140718.0,3.2991348791409747,3.2991348791409747,3299.1348791409746
West Bengal,HOWRAH,2013,Winter,Rice,64360.0,142291.0,2.21086078309509,2.21086078309509,2210.86078309509
West Bengal,BANKURA,2016,Summer,Rice,44667.0,145354.0,3.254169745001903,3.254169745001903,3254.169745001903
West Bengal,NADIA,2017,Autumn,Rice,51976.0,147671.0,2.8411382176389104,2.8411382176389104,2841.13821763891
West Bengal,HOWRAH,2005,Winter,Rice,73268.0,148820.0,2.0311732270568323,2.0311732270568323,2031.1732270568323
West Bengal,BANKURA,2019,Summer,Rice,52507.0,151641.0,2.8880149313424877,2.8880149313424877,2888.0149313424877
West Bengal,DINAJPUR UTTAR,2017,Summer,Rice,46180.0,151659.0,3.2840840190558684,3.2840840190558684,3284.0840190558683
West Bengal,HOWRAH,2003,Summer,Rice,55316.0,151835.0,2.7448658615951986,2.7448658615951986,2744.8658615951986
West Bengal,HOWRAH,2012,Winter,Rice,67380.0,151869.0,2.2539180765805877,2.2539180765805877,2253.9180765805877
West Bengal,DINAJPUR UTTAR,2019,Summer,Rice,47166.0,152694.0,3.237374379849892,3.237374379849892,3237.3743798498917
West Bengal,ALIPURDUAR,2019,Winter,Rice,64559.0,155727.0,2.4121656159482026,2.4121656159482026,2412.1656159482027
West Bengal,HOWRAH,2019,Winter,Rice,71223.0,158144.0,2.2204063294160594,2.2204063294160594,2220.4063294160596
West Bengal,HOWRAH,2001,Winter,Rice,74006.0,159255.0,2.151920114585304,2.151920114585304,2151.920114585304
West Bengal,COOCHBEHAR,2019,Summer,Rice,43100.0,162672.0,3.774292343387471,3.774292343387471,3774.2923433874707
West Bengal,HOWRAH,2004,Winter,Rice,80267.0,165102.0,2.0569100626658527,2.0569100626658527,2056.910062665853
West Bengal,HOWRAH,2007,Summer,Rice,48926.0,166090.0,3.394718554551772,3.394718554551772,3394.7185545517723
West Bengal,HOWRAH,2010,Winter,Rice,73401.0,166483.0,2.268129861990981,2.268129861990981,2268.1298619909808
West Bengal,BANKURA,2017,Summer,Rice,49343.0,168128.0,3.407332347040107,3.407332347040107,3407.332347040107
West Bengal,HOWRAH,2003,Winter,Rice,81513.0,169397.0,2.078159312011581,2.078159312011581,2078.159312011581
West Bengal,HOWRAH,2016,Winter,Rice,74669.0,170049.0,2.2773707964483254,2.2773707964483254,2277.3707964483256
West Bengal,HOWRAH,1999,Summer,Rice,58326.0,170270.0,2.9192812810753352,2.9192812810753352,2919.2812810753353
West Bengal,DINAJPUR UTTAR,1997,Summer,Rice,64451.0,171040.0,2.6537990101006965,2.6537990101006965,2653.7990101006967
West Bengal,HOWRAH,2014,Winter,Rice,71064.0,176630.0,2.4855060227400654,2.4855060227400654,2485.5060227400654
West Bengal,HOWRAH,2017,Winter,Rice,74574.0,179884.0,2.4121543701558186,2.4121543701558186,2412.1543701558185
West Bengal,DINAJPUR UTTAR,2009,Summer,Rice,74396.0,182964.0,2.459325770202699,2.459325770202699,2459.325770202699
West Bengal,DINAJPUR UTTAR,2010,Summer,Rice,71596.0,187583.0,2.6200206715458965,2.6200206715458965,2620.0206715458967
West Bengal,DINAJPUR UTTAR,2011,Summer,Rice,62032.0,188790.0,3.0434291978333765,3.0434291978333765,3043.4291978333763
West Bengal,COOCHBEHAR,2015,Summer,Rice,55632.0,189632.0,3.4086856485475985,3.4086856485475985,3408.6856485475987
West Bengal,COOCHBEHAR,2016,Summer,Rice,55394.0,190924.0,3.446654872368849,3.446654872368849,3446.654872368849
West Bengal,JALPAIGURI,1998,Winter,Rice,176434.0,191660.0,1.0862985592346146,1.0862985592346146,1086.2985592346147
West Bengal,COOCHBEHAR,2018,Summer,Rice,50449.0,191946.0,3.804753315229241,3.804753315229241,3804.7533152292413
West Bengal,HOWRAH,2018,Winter,Rice,72089.0,199898.0,2.7729334572542275,2.7729334572542275,2772.9334572542275
West Bengal,24 PARAGANAS SOUTH,2016,Summer,Rice,57608.0,200641.0,3.4828669629218165,3.4828669629218165,3482.8669629218166
West Bengal,NADIA,2010,Winter,Rice,88778.0,201733.0,2.272330982901169,2.272330982901169,2272.330982901169
West Bengal,MALDAH,2016,Summer,Rice,49952.0,201783.0,4.03953795643818,4.03953795643818,4039.5379564381806
West Bengal,MALDAH,2006,Winter,Rice,79972.0,201941.0,2.525146301205422,2.525146301205422,2525.146301205422
West Bengal,NADIA,2012,Winter,Rice,90144.0,205511.0,2.279807862974796,2.279807862974796,2279.807862974796
West Bengal,MALDAH,1997,Summer,Rice,66028.0,207390.0,3.1409402071848307,3.1409402071848307,3140.940207184831
West Bengal,COOCHBEHAR,2017,Summer,Rice,54927.0,209273.0,3.8100205727602092,3.8100205727602092,3810.0205727602092
West Bengal,24 PARAGANAS NORTH,2016,Summer,Rice,61123.0,211172.0,3.454869688987779,3.454869688987779,3454.8696889877788
West Bengal,MALDAH,2007,Winter,Rice,73094.0,212221.0,2.9033983637507865,2.9033983637507865,2903.3983637507863
West Bengal,MALDAH,2011,Summer,Rice,56673.0,217358.0,3.835300760503238,3.835300760503238,3835.300760503238
West Bengal,MALDAH,2019,Summer,Rice,62788.0,217491.0,3.4638943747212845,3.4638943747212845,3463.8943747212843
West Bengal,MALDAH,1998,Winter,Rice,138394.0,217790.0,1.573695391418703,1.573695391418703,1573.6953914187031
West Bengal,24 PARAGANAS NORTH,2017,Summer,Rice,63492.0,218404.0,3.43986643986644,3.43986643986644,3439.86643986644
West Bengal,NADIA,1998,Winter,Rice,119747.0,220890.0,1.8446391141322955,1.8446391141322955,1844.6391141322956
West Bengal,MALDAH,2003,Summer,Rice,62747.0,222388.0,3.5442013163975967,3.5442013163975967,3544.2013163975967
West Bengal,BIRBHUM,2018,Summer,Rice,63867.0,222538.0,3.4843972630623012,3.4843972630623012,3484.397263062301
West Bengal,NADIA,2007,Winter,Rice,90625.0,223469.0,2.465864827586207,2.465864827586207,2465.864827586207
West Bengal,MALDAH,2009,Summer,Rice,68009.0,224153.0,3.295931420841359,3.295931420841359,3295.931420841359
West Bengal,HOOGHLY,2000,Winter,Rice,101162.0,224290.0,2.2171368695755325,2.2171368695755325,2217.1368695755323
West Bengal,MALDAH,1999,Summer,Rice,71507.0,225130.0,3.1483630973191437,3.1483630973191437,3148.3630973191434
West Bengal,24 PARAGANAS SOUTH,2015,Summer,Rice,68388.0,226426.0,3.3109024975141836,3.3109024975141836,3310.902497514184
West Bengal,MALDAH,2012,Summer,Rice,58858.0,226440.0,3.8472255258418566,3.8472255258418566,3847.225525841857
West Bengal,BIRBHUM,2016,Summer,Rice,66976.0,229615.0,3.4283176063067367,3.4283176063067367,3428.3176063067367
West Bengal,HOOGHLY,2017,Summer,Rice,64751.0,230877.0,3.5656128862874703,3.5656128862874703,3565.6128862874702
West Bengal,MALDAH,2005,Summer,Rice,67525.0,231154.0,3.423235838578304,3.423235838578304,3423.235838578304
West Bengal,NADIA,2006,Winter,Rice,107837.0,232244.0,2.1536578354368165,2.1536578354368165,2153.6578354368166
West Bengal,JALPAIGURI,1997,Winter,Rice,178783.0,233560.0,1.306388191270982,1.306388191270982,1306.3881912709821
West Bengal,MALDAH,2002,Summer,Rice,65075.0,234019.0,3.596142912024587,3.596142912024587,3596.142912024587
West Bengal,MALDAH,2000,Summer,Rice,70977.0,235081.0,3.3120729250320524,3.3120729250320524,3312.0729250320524
West Bengal,MALDAH,2013,Summer,Rice,60025.0,236217.0,3.935310287380258,3.935310287380258,3935.310287380258
West Bengal,HOOGHLY,2016,Summer,Rice,70921.0,236645.0,3.3367408806982417,3.3367408806982417,3336.7408806982417
West Bengal,MALDAH,2004,Summer,Rice,64655.0,237252.0,3.6695073853530276,3.6695073853530276,3669.5073853530275
West Bengal,DINAJPUR UTTAR,1998,Winter,Rice,174837.0,237580.0,1.358865686324977,1.358865686324977,1358.865686324977
West Bengal,NADIA,1999,Winter,Rice,126188.0,237850.0,1.8848860430468823,1.8848860430468823,1884.8860430468824
West Bengal,MALDAH,2015,Summer,Rice,60494.0,238369.0,3.940374251991933,3.940374251991933,3940.374251991933
West Bengal,MALDAH,2001,Summer,Rice,70625.0,239468.0,3.3906973451327436,3.3906973451327436,3390.6973451327435
West Bengal,24 PARAGANAS NORTH,2015,Summer,Rice,72439.0,240017.0,3.3133671088778143,3.3133671088778143,3313.367108877814
West Bengal,NADIA,2009,Winter,Rice,98490.0,242497.0,2.4621484414661388,2.4621484414661388,2462.1484414661386
West Bengal,MALDAH,2014,Summer,Rice,59802.0,243374.0,4.06966322196582,4.06966322196582,4069.6632219658204
West Bengal,MALDAH,2010,Summer,Rice,64581.0,245522.0,3.801768321952277,3.801768321952277,3801.768321952277
West Bengal,HOOGHLY,1997,Summer,Rice,91805.0,245720.0,2.676542671967758,2.676542671967758,2676.542671967758
West Bengal,HOOGHLY,2002,Summer,Rice,98238.0,246208.0,2.5062399478816753,2.5062399478816753,2506.239947881675
West Bengal,HOOGHLY,2013,Summer,Rice,84241.0,248238.0,2.9467598912643487,2.9467598912643487,2946.759891264349
West Bengal,HOOGHLY,2011,Summer,Rice,78128.0,248816.0,3.1847225066557443,3.1847225066557443,3184.7225066557444
West Bengal,24 PARAGANAS NORTH,2018,Summer,Rice,69624.0,249118.0,3.57804779960933,3.57804779960933,3578.04779960933
West Bengal,JALPAIGURI,2016,Winter,Rice,103433.0,249326.0,2.4105072849090714,2.4105072849090714,2410.5072849090716
West Bengal,24 PARAGANAS NORTH,2019,Summer,Rice,66443.0,250438.0,3.7692157187363606,3.7692157187363606,3769.2157187363605
West Bengal,MALDAH,2017,Summer,Rice,63185.0,252020.0,3.988604890401203,3.988604890401203,3988.604890401203
West Bengal,DINAJPUR UTTAR,2005,Summer,Rice,89269.0,252123.0,2.8243063101412584,2.8243063101412584,2824.3063101412586
West Bengal,DINAJPUR UTTAR,2008,Summer,Rice,94213.0,252671.0,2.681912262638914,2.681912262638914,2681.912262638914
West Bengal,BIRBHUM,2015,Summer,Rice,73066.0,253114.0,3.4641830673637535,3.4641830673637535,3464.1830673637533
West Bengal,MALDAH,1998,Summer,Rice,71455.0,253571.0,3.548680988034427,3.548680988034427,3548.680988034427
West Bengal,HOOGHLY,2012,Summer,Rice,82707.0,255782.0,3.092628193502364,3.092628193502364,3092.628193502364
West Bengal,MALDAH,2007,Summer,Rice,68050.0,256925.0,3.775532696546657,3.775532696546657,3775.532696546657
West Bengal,HOOGHLY,2019,Summer,Rice,69815.0,257202.0,3.6840507054357947,3.6840507054357947,3684.0507054357945
West Bengal,24 PARAGANAS SOUTH,2018,Summer,Rice,71380.0,257652.0,3.6095825161109554,3.6095825161109554,3609.5825161109556
West Bengal,MALDAH,2006,Summer,Rice,67633.0,258723.0,3.8253958866233937,3.8253958866233937,3825.395886623394
West Bengal,HOOGHLY,2018,Summer,Rice,72734.0,259658.0,3.5699672780267826,3.5699672780267826,3569.9672780267824
West Bengal,HOOGHLY,2000,Summer,Rice,88894.0,261063.0,2.9367898845816365,2.9367898845816365,2936.7898845816367
West Bengal,HOOGHLY,2014,Summer,Rice,79654.0,261105.0,3.277989805910563,3.277989805910563,3277.989805910563
West Bengal,PURULIA,2010,Winter,Rice,152676.0,261435.0,1.712351646624224,1.712351646624224,1712.3516466242238
West Bengal,JALPAIGURI,1999,Winter,Rice,188551.0,261620.0,1.3875291035316706,1.3875291035316706,1387.5291035316707
West Bengal,DINAJPUR UTTAR,2006,Summer,Rice,89231.0,263845.0,2.95687597359662,2.95687597359662,2956.87597359662
West Bengal,DINAJPUR UTTAR,2004,Summer,Rice,88494.0,263873.0,2.981817976359979,2.981817976359979,2981.817976359979
West Bengal,JALPAIGURI,2017,Winter,Rice,104952.0,263929.0,2.5147591279823156,2.5147591279823156,2514.7591279823155
West Bengal,HOOGHLY,2015,Summer,Rice,80551.0,265005.0,3.289903291082668,3.289903291082668,3289.903291082668
West Bengal,DINAJPUR UTTAR,2002,Summer,Rice,95655.0,265260.0,2.7730907950446917,2.7730907950446917,2773.0907950446917
West Bengal,MALDAH,2000,Winter,Rice,137315.0,266290.0,1.939263736663875,1.939263736663875,1939.263736663875
West Bengal,DINAJPUR UTTAR,2001,Summer,Rice,93666.0,266545.0,2.8456964106506097,2.8456964106506097,2845.69641065061
West Bengal,MALDAH,2008,Summer,Rice,72795.0,268251.0,3.685019575520297,3.685019575520297,3685.0195755202967
West Bengal,NADIA,2013,Winter,Rice,97006.0,268862.0,2.771601756592376,2.771601756592376,2771.6017565923758
West Bengal,JALPAIGURI,2000,Winter,Rice,190854.0,269210.0,1.4105546648223248,1.4105546648223248,1410.5546648223249
West Bengal,HOOGHLY,2003,Summer,Rice,94846.0,269968.0,2.846382556987116,2.846382556987116,2846.382556987116
West Bengal,NADIA,1997,Winter,Rice,127051.0,271480.0,2.1367797183808075,2.1367797183808075,2136.7797183808075
West Bengal,NADIA,2014,Winter,Rice,94963.0,273137.0,2.876246538125375,2.876246538125375,2876.246538125375
West Bengal,DINAJPUR UTTAR,2007,Summer,Rice,93716.0,273224.0,2.9154466686585003,2.9154466686585003,2915.4466686585
West Bengal,MALDAH,1999,Winter,Rice,146750.0,273290.0,1.862282793867121,1.862282793867121,1862.282793867121
West Bengal,NADIA,2004,Winter,Rice,119648.0,273359.0,2.2846934340732816,2.2846934340732816,2284.6934340732814
West Bengal,DINAJPUR UTTAR,1999,Summer,Rice,93249.0,273480.0,2.932792844963485,2.932792844963485,2932.792844963485
West Bengal,MALDAH,2018,Summer,Rice,61089.0,273642.0,4.479398909787359,4.479398909787359,4479.398909787359
West Bengal,JALPAIGURI,2001,Winter,Rice,176149.0,274047.0,1.5557681281188085,1.5557681281188085,1555.7681281188086
West Bengal,DINAJPUR UTTAR,2003,Summer,Rice,98592.0,274178.0,2.780935572865953,2.780935572865953,2780.935572865953
West Bengal,JALPAIGURI,2007,Winter,Rice,177129.0,274661.0,1.5506269442045064,1.5506269442045064,1550.6269442045063
West Bengal,JALPAIGURI,2004,Winter,Rice,182997.0,275572.0,1.5058826100974332,1.5058826100974332,1505.8826100974331
West Bengal,MEDINIPUR EAST,2007,Winter,Rice,223794.0,275910.0,1.2328748760020376,1.2328748760020376,1232.8748760020376
West Bengal,MALDAH,2001,Winter,Rice,132039.0,276103.0,2.091071577336999,2.091071577336999,2091.071577336999
West Bengal,JALPAIGURI,2019,Winter,Rice,104679.0,276895.0,2.6451819371602707,2.6451819371602707,2645.1819371602705
West Bengal,MEDINIPUR WEST,1997,Summer,Rice,112016.0,278590.0,2.487055420654192,2.487055420654192,2487.055420654192
West Bengal,JALPAIGURI,2018,Winter,Rice,99738.0,278699.0,2.794311095069081,2.794311095069081,2794.311095069081
West Bengal,NADIA,2005,Winter,Rice,111671.0,280791.0,2.5144486930357925,2.5144486930357925,2514.4486930357925
West Bengal,JALPAIGURI,2005,Winter,Rice,183079.0,283881.0,1.5505929134417382,1.5505929134417382,1550.5929134417381
West Bengal,NADIA,2016,Winter,Rice,92143.0,284271.0,3.0851068447955896,3.0851068447955896,3085.1068447955895
West Bengal,24 PARAGANAS SOUTH,2017,Summer,Rice,79312.0,284769.0,3.5904907201936656,3.5904907201936656,3590.4907201936658
West Bengal,DINAJPUR UTTAR,2001,Winter,Rice,185658.0,287622.0,1.549203373945642,1.549203373945642,1549.203373945642
West Bengal,NADIA,2015,Winter,Rice,96189.0,289324.0,3.00786992275624,3.00786992275624,3007.86992275624
West Bengal,NADIA,2011,Winter,Rice,106951.0,289408.0,2.7059868537928584,2.7059868537928584,2705.9868537928583
West Bengal,HOOGHLY,2005,Summer,Rice,107679.0,289463.0,2.688202899358278,2.688202899358278,2688.202899358278
West Bengal,DINAJPUR UTTAR,2000,Summer,Rice,92386.0,290487.0,3.144275106617886,3.144275106617886,3144.275106617886
West Bengal,MURSHIDABAD,1997,Summer,Rice,81817.0,291510.0,3.562951464854492,3.562951464854492,3562.9514648544923
West Bengal,HOOGHLY,1998,Summer,Rice,94864.0,292383.0,3.082128099173554,3.082128099173554,3082.128099173554
West Bengal,MALDAH,2002,Winter,Rice,139605.0,292599.0,2.095906307080692,2.095906307080692,2095.906307080692
West Bengal,PURBA BARDHAMAN,2016,Summer,Rice,125719.0,292764.0,2.3287172185588494,2.3287172185588494,2328.7172185588493
West Bengal,DINAJPUR UTTAR,1999,Winter,Rice,190171.0,293100.0,1.5412444589343275,1.5412444589343275,1541.2444589343274
West Bengal,DINAJPUR DAKSHIN,2006,Winter,Rice,132407.0,294431.0,2.2236815274116926,2.2236815274116926,2223.6815274116925
West Bengal,HOOGHLY,2001,Summer,Rice,108202.0,294571.0,2.7224173305484185,2.7224173305484185,2722.4173305484187
West Bengal,BIRBHUM,2019,Summer,Rice,77286.0,295183.0,3.819359262997179,3.819359262997179,3819.359262997179
West Bengal,HOOGHLY,1999,Summer,Rice,112009.0,296620.0,2.6481800569597085,2.6481800569597085,2648.1800569597085
West Bengal,JALPAIGURI,2002,Winter,Rice,188385.0,298543.0,1.584749316559174,1.584749316559174,1584.7493165591738
West Bengal,HOOGHLY,2006,Summer,Rice,96257.0,298814.0,3.1043352691232844,3.1043352691232844,3104.3352691232844
West Bengal,BIRBHUM,2017,Summer,Rice,88290.0,299182.0,3.3886283837354174,3.3886283837354174,3388.6283837354176
West Bengal,MEDINIPUR WEST,2000,Summer,Rice,99230.0,299473.0,3.0179683563438475,3.0179683563438475,3017.9683563438475
West Bengal,HOOGHLY,2010,Summer,Rice,93120.0,299884.0,3.2204037800687284,3.2204037800687284,3220.4037800687283
West Bengal,NADIA,2001,Winter,Rice,129902.0,299924.0,2.3088482086495974,2.3088482086495974,2308.8482086495974
West Bengal,JALPAIGURI,2003,Winter,Rice,180586.0,300284.0,1.6628310057258038,1.6628310057258038,1662.8310057258038
West Bengal,NADIA,2008,Winter,Rice,115484.0,300969.0,2.606153233348343,2.606153233348343,2606.153233348343
West Bengal,JALPAIGURI,2008,Winter,Rice,179331.0,301641.0,1.6820348963648226,1.6820348963648226,1682.0348963648225
West Bengal,NADIA,2018,Winter,Rice,94639.0,302231.0,3.193514301714938,3.193514301714938,3193.514301714938
West Bengal,HOOGHLY,2008,Summer,Rice,106430.0,304575.0,2.8617401108709952,2.8617401108709952,2861.740110870995
West Bengal,NADIA,2019,Winter,Rice,93424.0,306368.0,3.279328652166467,3.279328652166467,3279.3286521664672
West Bengal,NADIA,2003,Winter,Rice,129396.0,307364.0,2.375374818386967,2.375374818386967,2375.374818386967
West Bengal,DINAJPUR DAKSHIN,1999,Winter,Rice,171991.0,307930.0,1.7903843805780535,1.7903843805780535,1790.3843805780534
West Bengal,DINAJPUR DAKSHIN,2001,Winter,Rice,164688.0,309544.0,1.8795783542213154,1.8795783542213154,1879.5783542213153
West Bengal,NADIA,2019,Summer,Rice,81198.0,310047.0,3.8184068573117567,3.8184068573117567,3818.4068573117565
West Bengal,NADIA,2016,Summer,Rice,82179.0,311661.0,3.792465228343007,3.792465228343007,3792.4652283430073
West Bengal,DINAJPUR UTTAR,1997,Winter,Rice,183150.0,313230.0,1.7102375102375103,1.7102375102375103,1710.2375102375102
West Bengal,NADIA,2017,Winter,Rice,95876.0,313318.0,3.2679502690975846,3.2679502690975846,3267.9502690975846
West Bengal,HOOGHLY,2009,Summer,Rice,106439.0,313613.0,2.94641062016742,2.94641062016742,2946.41062016742
West Bengal,MEDINIPUR WEST,2002,Summer,Rice,109989.0,316139.0,2.8742783369246014,2.8742783369246014,2874.2783369246013
West Bengal,HOOGHLY,2004,Summer,Rice,103421.0,317238.0,3.0674427824136297,3.0674427824136297,3067.4427824136296
West Bengal,DINAJPUR UTTAR,2002,Winter,Rice,187523.0,320636.0,1.709848925198509,1.709848925198509,1709.848925198509
West Bengal,JALPAIGURI,2006,Winter,Rice,170203.0,322001.0,1.8918644207211388,1.8918644207211388,1891.864420721139
West Bengal,MEDINIPUR EAST,2005,Winter,Rice,259507.0,322353.0,1.242174584885957,1.242174584885957,1242.1745848859568
West Bengal,DINAJPUR UTTAR,2006,Winter,Rice,164541.0,322537.0,1.9602226800615044,1.9602226800615044,1960.2226800615044
West Bengal,NADIA,2009,Summer,Rice,96531.0,322925.0,3.345298401549761,3.345298401549761,3345.298401549761
West Bengal,DINAJPUR DAKSHIN,1998,Winter,Rice,169845.0,325470.0,1.9162766051399807,1.9162766051399807,1916.2766051399806
West Bengal,HOOGHLY,2007,Summer,Rice,106295.0,325885.0,3.065854461639776,3.065854461639776,3065.854461639776
West Bengal,NADIA,2002,Winter,Rice,127639.0,327586.0,2.5665039682228787,2.5665039682228787,2566.503968222879
West Bengal,MALDAH,1997,Winter,Rice,147759.0,329220.0,2.2280876291799485,2.2280876291799485,2228.0876291799486
West Bengal,MALDAH,2003,Winter,Rice,136961.0,329401.0,2.4050715167091363,2.4050715167091363,2405.071516709136
West Bengal,MURSHIDABAD,2019,Summer,Rice,99863.0,330734.0,3.3118772718624516,3.3118772718624516,3311.877271862452
West Bengal,NADIA,2015,Summer,Rice,91857.0,332600.0,3.6208454445496803,3.6208454445496803,3620.8454445496805
West Bengal,24 PARAGANAS SOUTH,2019,Summer,Rice,84726.0,333165.0,3.9322640039657246,3.9322640039657246,3932.2640039657244
West Bengal,JHARGRAM,2016,Winter,Rice,121838.0,334852.0,2.748337956959241,2.748337956959241,2748.337956959241
West Bengal,MEDINIPUR WEST,2003,Summer,Rice,117115.0,335752.0,2.8668573624215514,2.8668573624215514,2866.8573624215514
West Bengal,PURULIA,1998,Winter,Rice,227172.0,336300.0,1.4803761026887117,1.4803761026887117,1480.3761026887116
West Bengal,MEDINIPUR WEST,1998,Summer,Rice,118934.0,337304.0,2.836060335984664,2.836060335984664,2836.060335984664
West Bengal,MURSHIDABAD,1999,Summer,Rice,100155.0,337320.0,3.367979631571065,3.367979631571065,3367.979631571065
West Bengal,DINAJPUR UTTAR,2000,Winter,Rice,189979.0,337510.0,1.7765647782123288,1.7765647782123288,1776.5647782123287
West Bengal,DINAJPUR DAKSHIN,2000,Winter,Rice,165989.0,338010.0,2.036339757453807,2.036339757453807,2036.3397574538071
West Bengal,DINAJPUR UTTAR,1998,Summer,Rice,86623.0,338462.0,3.90729944702908,3.90729944702908,3907.29944702908
West Bengal,JALPAIGURI,2009,Winter,Rice,174718.0,339125.0,1.9409849013839444,1.9409849013839444,1940.9849013839444
West Bengal,NADIA,2017,Summer,Rice,94808.0,343314.0,3.6211501139144375,3.6211501139144375,3621.1501139144375
West Bengal,NADIA,2018,Summer,Rice,93154.0,347424.0,3.7295660948536833,3.7295660948536833,3729.5660948536834
West Bengal,NADIA,2010,Summer,Rice,98567.0,348095.0,3.531557214889365,3.531557214889365,3531.557214889365
West Bengal,DINAJPUR DAKSHIN,2008,Winter,Rice,154650.0,348657.0,2.2544907856450047,2.2544907856450047,2254.4907856450045
West Bengal,NADIA,2005,Summer,Rice,107541.0,349808.0,3.2527873090263246,3.2527873090263246,3252.7873090263247
West Bengal,NADIA,2011,Summer,Rice,97703.0,350155.0,3.5838715290216268,3.5838715290216268,3583.871529021627
West Bengal,NADIA,2013,Summer,Rice,94331.0,351024.0,3.72119451717887,3.72119451717887,3721.1945171788702
West Bengal,NADIA,2006,Summer,Rice,101085.0,352101.0,3.4832170945244103,3.4832170945244103,3483.21709452441
West Bengal,DINAJPUR DAKSHIN,2002,Winter,Rice,163102.0,353361.0,2.166503169795588,2.166503169795588,2166.503169795588
West Bengal,DINAJPUR DAKSHIN,2007,Winter,Rice,147939.0,354857.0,2.398671073888562,2.398671073888562,2398.671073888562
West Bengal,DINAJPUR DAKSHIN,1997,Winter,Rice,174850.0,357070.0,2.042150414641121,2.042150414641121,2042.150414641121
West Bengal,NADIA,2007,Summer,Rice,104250.0,357209.0,3.426465227817746,3.426465227817746,3426.465227817746
West Bengal,NADIA,2012,Summer,Rice,95233.0,357653.0,3.755557422322094,3.755557422322094,3755.557422322094
West Bengal,MURSHIDABAD,2002,Summer,Rice,115142.0,360521.0,3.131098990811346,3.131098990811346,3131.098990811346
West Bengal,DINAJPUR DAKSHIN,2009,Winter,Rice,149940.0,360599.0,2.4049553154595174,2.4049553154595174,2404.9553154595174
West Bengal,24 PARAGANAS NORTH,2019,Winter,Rice,142057.0,361028.0,2.541430552524691,2.541430552524691,2541.430552524691
West Bengal,MEDINIPUR WEST,2005,Summer,Rice,121906.0,361879.0,2.9685085229603136,2.9685085229603136,2968.5085229603137
West Bengal,JHARGRAM,2017,Winter,Rice,125185.0,362595.0,2.8964732196349403,2.8964732196349403,2896.4732196349405
West Bengal,MEDINIPUR WEST,1999,Summer,Rice,125011.0,364010.0,2.911823759509163,2.911823759509163,2911.823759509163
West Bengal,MEDINIPUR EAST,1997,Summer,Rice,129878.0,364720.0,2.808173824666225,2.808173824666225,2808.1738246662253
West Bengal,NADIA,2008,Summer,Rice,104873.0,365878.0,3.4887721339143534,3.4887721339143534,3488.772133914353
West Bengal,NADIA,2004,Summer,Rice,109866.0,366510.0,3.335972912456993,3.335972912456993,3335.972912456993
West Bengal,MURSHIDABAD,1998,Summer,Rice,91131.0,367926.0,4.0373308753333115,4.0373308753333115,4037.3308753333113
West Bengal,DINAJPUR UTTAR,2017,Winter,Rice,181989.0,369906.0,2.032573397293243,2.032573397293243,2032.573397293243
West Bengal,MALDAH,2017,Winter,Rice,147792.0,370405.0,2.506258796145935,2.506258796145935,2506.258796145935
West Bengal,MEDINIPUR WEST,2004,Summer,Rice,121743.0,370448.0,3.0428689945212457,3.0428689945212457,3042.868994521246
West Bengal,MALDAH,2018,Winter,Rice,137605.0,371891.0,2.702598016060463,2.702598016060463,2702.5980160604627
West Bengal,DINAJPUR DAKSHIN,2011,Winter,Rice,149572.0,374181.0,2.5016781215735566,2.5016781215735566,2501.678121573557
West Bengal,NADIA,2014,Summer,Rice,98286.0,374824.0,3.81360519300816,3.81360519300816,3813.60519300816
West Bengal,MURSHIDABAD,2011,Summer,Rice,113523.0,374864.0,3.302097372338645,3.302097372338645,3302.097372338645
West Bengal,DINAJPUR UTTAR,2009,Winter,Rice,181770.0,375550.0,2.066072509214942,2.066072509214942,2066.072509214942
West Bengal,MEDINIPUR EAST,2013,Winter,Rice,237323.0,376132.0,1.5848948479498406,1.5848948479498406,1584.8948479498406
West Bengal,NADIA,1997,Summer,Rice,121367.0,376870.0,3.1052098181548526,3.1052098181548526,3105.2098181548527
West Bengal,MALDAH,2008,Winter,Rice,143019.0,378249.0,2.6447465022129926,2.6447465022129926,2644.7465022129927
West Bengal,MALDAH,2009,Winter,Rice,143030.0,378532.0,2.646521708732434,2.646521708732434,2646.521708732434
West Bengal,MALDAH,2010,Winter,Rice,132742.0,379451.0,2.858560214551536,2.858560214551536,2858.560214551536
West Bengal,JALPAIGURI,2011,Winter,Rice,177843.0,379914.0,2.136232519694337,2.136232519694337,2136.232519694337
West Bengal,MURSHIDABAD,2000,Summer,Rice,108478.0,382487.0,3.5259407437452754,3.5259407437452754,3525.9407437452755
West Bengal,DINAJPUR UTTAR,2004,Winter,Rice,178332.0,383281.0,2.1492553215351142,2.1492553215351142,2149.255321535114
West Bengal,JALPAIGURI,2012,Winter,Rice,179979.0,383707.0,2.1319542835553036,2.1319542835553036,2131.9542835553034
West Bengal,MURSHIDABAD,2001,Summer,Rice,112413.0,383715.0,3.4134397267219985,3.4134397267219985,3413.4397267219983
West Bengal,MALDAH,2011,Winter,Rice,144564.0,386068.0,2.670568052903904,2.670568052903904,2670.568052903904
West Bengal,DINAJPUR DAKSHIN,2005,Winter,Rice,159343.0,386280.0,2.424204389273454,2.424204389273454,2424.204389273454
West Bengal,JHARGRAM,2018,Winter,Rice,135374.0,389010.0,2.873594634124721,2.873594634124721,2873.594634124721
West Bengal,24 PARAGANAS NORTH,2015,Winter,Rice,139946.0,389749.0,2.784995641175882,2.784995641175882,2784.995641175882
West Bengal,MURSHIDABAD,2018,Summer,Rice,121132.0,391117.0,3.2288495195324107,3.2288495195324107,3228.849519532411
West Bengal,MALDAH,2005,Winter,Rice,144239.0,391687.0,2.7155415664279423,2.7155415664279423,2715.541566427942
West Bengal,DINAJPUR DAKSHIN,2003,Winter,Rice,165217.0,391957.0,2.3723769345769505,2.3723769345769505,2372.3769345769506
West Bengal,MURSHIDABAD,2012,Summer,Rice,114063.0,392066.0,3.437275891393353,3.437275891393353,3437.275891393353
West Bengal,MEDINIPUR EAST,2008,Summer,Rice,160437.0,395631.0,2.465958600572187,2.465958600572187,2465.958600572187
West Bengal,NADIA,2003,Summer,Rice,118822.0,397368.0,3.344229183147902,3.344229183147902,3344.229183147902
West Bengal,MURSHIDABAD,2010,Summer,Rice,121612.0,399084.0,3.2816169456961486,3.2816169456961486,3281.6169456961484
West Bengal,JALPAIGURI,2010,Winter,Rice,176016.0,399148.0,2.2676802108899192,2.2676802108899192,2267.680210889919
West Bengal,MEDINIPUR EAST,2002,Summer,Rice,123498.0,399511.0,3.2349592705954753,3.2349592705954753,3234.959270595475
West Bengal,24 PARAGANAS NORTH,2016,Winter,Rice,143075.0,400528.0,2.799426874017124,2.799426874017124,2799.426874017124
West Bengal,DINAJPUR UTTAR,2008,Winter,Rice,188201.0,404069.0,2.147007720469073,2.147007720469073,2147.0077204690733
West Bengal,MALDAH,2004,Winter,Rice,144538.0,405641.0,2.8064661196363585,2.8064661196363585,2806.4661196363586
West Bengal,DINAJPUR UTTAR,2007,Winter,Rice,185328.0,407290.0,2.1976711560044895,2.1976711560044895,2197.6711560044896
West Bengal,MURSHIDABAD,2009,Summer,Rice,131338.0,411311.0,3.1316983660479067,3.1316983660479067,3131.698366047907
West Bengal,MURSHIDABAD,2013,Summer,Rice,119769.0,411888.0,3.4390201137189087,3.4390201137189087,3439.0201137189088
West Bengal,MALDAH,2012,Winter,Rice,145630.0,412606.0,2.833248643823388,2.833248643823388,2833.248643823388
West Bengal,DINAJPUR DAKSHIN,2004,Winter,Rice,167135.0,414757.0,2.481568791695336,2.481568791695336,2481.568791695336
West Bengal,MURSHIDABAD,2008,Summer,Rice,135706.0,417019.0,3.0729591911927256,3.0729591911927256,3072.9591911927255
West Bengal,24 PARAGANAS NORTH,2017,Winter,Rice,143736.0,417070.0,2.9016391161573996,2.9016391161573996,2901.6391161573997
West Bengal,MEDINIPUR EAST,2004,Summer,Rice,138201.0,417098.0,3.0180534149535823,3.0180534149535823,3018.0534149535824
West Bengal,JHARGRAM,2019,Winter,Rice,135593.0,419973.0,3.0973059081221006,3.0973059081221006,3097.3059081221004
West Bengal,JALPAIGURI,2013,Winter,Rice,180097.0,420708.0,2.336007818009184,2.336007818009184,2336.0078180091837
West Bengal,DINAJPUR UTTAR,2003,Winter,Rice,196347.0,424675.0,2.1628800032595352,2.1628800032595352,2162.8800032595354
West Bengal,DINAJPUR UTTAR,2013,Winter,Rice,177121.0,424966.0,2.399297655275207,2.399297655275207,2399.297655275207
West Bengal,JALPAIGURI,2015,Winter,Rice,167777.0,425330.0,2.5350912222771895,2.5350912222771895,2535.0912222771894
West Bengal,MEDINIPUR EAST,1998,Winter,Rice,318910.0,429520.0,1.3468376657991283,1.3468376657991283,1346.8376657991284
West Bengal,MURSHIDABAD,2003,Summer,Rice,130991.0,431128.0,3.2912795535571147,3.2912795535571147,3291.2795535571145
West Bengal,MEDINIPUR EAST,2005,Summer,Rice,140491.0,433223.0,3.083635250656626,3.083635250656626,3083.635250656626
West Bengal,JALPAIGURI,2014,Winter,Rice,176420.0,433939.0,2.459692778596531,2.459692778596531,2459.692778596531
West Bengal,MEDINIPUR WEST,2006,Summer,Rice,137915.0,436435.0,3.1645216256389803,3.1645216256389803,3164.5216256389804
West Bengal,HOOGHLY,1998,Winter,Rice,188614.0,436520.0,2.314356304410065,2.314356304410065,2314.3563044100647
West Bengal,DINAJPUR UTTAR,2012,Winter,Rice,177035.0,436691.0,2.4666930268026097,2.4666930268026097,2466.69302680261
West Bengal,DINAJPUR UTTAR,2005,Winter,Rice,189290.0,437762.0,2.3126525437159913,2.3126525437159913,2312.652543715991
West Bengal,MEDINIPUR EAST,2011,Summer,Rice,126808.0,438394.0,3.457147814018043,3.457147814018043,3457.1478140180434
West Bengal,MALDAH,2019,Winter,Rice,138904.0,439140.0,3.1614640327132406,3.1614640327132406,3161.4640327132406
West Bengal,MURSHIDABAD,2010,Winter,Rice,170696.0,439287.0,2.5735049444626705,2.5735049444626705,2573.5049444626707
West Bengal,DINAJPUR DAKSHIN,2012,Winter,Rice,158532.0,440334.0,2.777571720535917,2.777571720535917,2777.571720535917
West Bengal,MEDINIPUR EAST,1999,Summer,Rice,161568.0,440340.0,2.7254159239453357,2.7254159239453357,2725.4159239453356
West Bengal,DINAJPUR DAKSHIN,2013,Winter,Rice,157471.0,442904.0,2.8126067656901905,2.8126067656901905,2812.6067656901905
West Bengal,DINAJPUR UTTAR,2011,Winter,Rice,173283.0,446570.0,2.5771137387972276,2.5771137387972276,2577.1137387972276
West Bengal,MEDINIPUR EAST,2012,Summer,Rice,135070.0,447040.0,3.309691271192715,3.309691271192715,3309.691271192715
West Bengal,DINAJPUR DAKSHIN,2010,Winter,Rice,151578.0,447713.0,2.9536806132816107,2.9536806132816107,2953.6806132816105
West Bengal,MURSHIDABAD,2017,Summer,Rice,116315.0,447936.0,3.851059622576624,3.851059622576624,3851.059622576624
West Bengal,MURSHIDABAD,1999,Winter,Rice,236455.0,450580.0,1.905563426444778,1.905563426444778,1905.563426444778
West Bengal,HOOGHLY,1999,Winter,Rice,191201.0,452430.0,2.3662533145747147,2.3662533145747147,2366.2533145747148
West Bengal,MEDINIPUR WEST,2011,Summer,Rice,137185.0,452691.0,3.2998578561796115,3.2998578561796115,3299.8578561796116
West Bengal,NADIA,1999,Summer,Rice,133652.0,454510.0,3.400697333373238,3.400697333373238,3400.697333373238
West Bengal,MEDINIPUR WEST,2001,Summer,Rice,150870.0,456735.0,3.027341419765361,3.027341419765361,3027.341419765361
West Bengal,MURSHIDABAD,2014,Summer,Rice,126504.0,457147.0,3.6136960096123443,3.6136960096123443,3613.6960096123444
West Bengal,MALDAH,2014,Winter,Rice,141455.0,457341.0,3.2331200735216146,3.2331200735216146,3233.1200735216144
West Bengal,MALDAH,2015,Winter,Rice,142288.0,458289.0,3.2208548858652875,3.2208548858652875,3220.8548858652875
West Bengal,MEDINIPUR EAST,2003,Summer,Rice,137557.0,460243.0,3.3458348175665362,3.3458348175665362,3345.834817566536
West Bengal,MALDAH,2013,Winter,Rice,135629.0,462095.0,3.4070515892618833,3.4070515892618833,3407.0515892618832
West Bengal,DINAJPUR DAKSHIN,2014,Winter,Rice,163582.0,462884.0,2.8296756366837426,2.8296756366837426,2829.6756366837426
West Bengal,MEDINIPUR WEST,2008,Summer,Rice,173516.0,463393.0,2.67060674519929,2.67060674519929,2670.60674519929
West Bengal,MALDAH,2016,Winter,Rice,145106.0,463549.0,3.194554325803206,3.194554325803206,3194.5543258032058
West Bengal,DINAJPUR UTTAR,2014,Winter,Rice,179862.0,466273.0,2.592393056899178,2.592393056899178,2592.393056899178
West Bengal,DINAJPUR UTTAR,2010,Winter,Rice,177585.0,467258.0,2.6311794352000453,2.6311794352000453,2631.179435200045
West Bengal,MURSHIDABAD,2016,Summer,Rice,126680.0,468565.0,3.698808020208399,3.698808020208399,3698.808020208399
West Bengal,24 PARAGANAS NORTH,2018,Winter,Rice,142463.0,469611.0,3.2963716894913064,3.2963716894913064,3296.3716894913064
West Bengal,PURULIA,2000,Winter,Rice,258531.0,469910.0,1.8176156824520078,1.8176156824520078,1817.6156824520078
West Bengal,MEDINIPUR EAST,2006,Summer,Rice,147552.0,471355.0,3.194500921708957,3.194500921708957,3194.500921708957
West Bengal,MEDINIPUR EAST,1998,Summer,Rice,160444.0,472836.0,2.947046944728379,2.947046944728379,2947.046944728379
West Bengal,DINAJPUR DAKSHIN,2016,Winter,Rice,161835.0,473198.0,2.92395340933667,2.92395340933667,2923.95340933667
West Bengal,MURSHIDABAD,2005,Summer,Rice,137686.0,473728.0,3.440640297488488,3.440640297488488,3440.640297488488
West Bengal,DINAJPUR DAKSHIN,2017,Winter,Rice,163467.0,475216.0,2.907106633143081,2.907106633143081,2907.1066331430807
West Bengal,MURSHIDABAD,2006,Summer,Rice,137322.0,475669.0,3.4638950787200886,3.4638950787200886,3463.895078720089
West Bengal,PURBA BARDHAMAN,2011,Summer,Rice,169333.0,476332.0,2.812989789349979,2.812989789349979,2812.989789349979
West Bengal,MEDINIPUR EAST,2009,Summer,Rice,162366.0,476437.0,2.934339701661678,2.934339701661678,2934.339701661678
West Bengal,MEDINIPUR EAST,2013,Summer,Rice,139959.0,476928.0,3.407626519194907,3.407626519194907,3407.626519194907
West Bengal,MEDINIPUR WEST,2012,Summer,Rice,167853.0,478464.0,2.8504941824096086,2.8504941824096086,2850.4941824096086
West Bengal,MEDINIPUR EAST,2008,Winter,Rice,231482.0,480112.0,2.0740791940626053,2.0740791940626053,2074.0791940626054
West Bengal,DINAJPUR DAKSHIN,2018,Winter,Rice,158208.0,482439.0,3.0493969963592233,3.0493969963592233,3049.3969963592235
West Bengal,PURULIA,2002,Winter,Rice,228204.0,482579.0,2.1146824770819093,2.1146824770819093,2114.6824770819094
West Bengal,DINAJPUR UTTAR,2016,Winter,Rice,180641.0,483624.0,2.6772659584479714,2.6772659584479714,2677.2659584479716
West Bengal,PURBA BARDHAMAN,2015,Summer,Rice,148014.0,489780.0,3.3090113097409706,3.3090113097409706,3309.011309740971
West Bengal,PURBA BARDHAMAN,2014,Summer,Rice,150267.0,490532.0,3.264402696533504,3.264402696533504,3264.402696533504
West Bengal,DINAJPUR UTTAR,2015,Winter,Rice,183988.0,491800.0,2.6730004130704175,2.6730004130704175,2673.0004130704174
West Bengal,MEDINIPUR EAST,2019,Winter,Rice,247502.0,492813.0,1.9911475462824544,1.9911475462824544,1991.1475462824544
West Bengal,MURSHIDABAD,2006,Winter,Rice,225168.0,492849.0,2.1888056917501597,2.1888056917501597,2188.80569175016
West Bengal,DINAJPUR DAKSHIN,2019,Winter,Rice,159088.0,495781.0,3.1163946997887964,3.1163946997887964,3116.3946997887965
West Bengal,DINAJPUR DAKSHIN,2015,Winter,Rice,168319.0,497713.0,2.956962672069107,2.956962672069107,2956.9626720691067
West Bengal,PURULIA,2015,Winter,Rice,271430.0,499314.0,1.83956821279888,1.83956821279888,1839.56821279888
West Bengal,MEDINIPUR WEST,2009,Summer,Rice,156372.0,499925.0,3.1970237638451895,3.1970237638451895,3197.0237638451895
West Bengal,MURSHIDABAD,2007,Summer,Rice,141921.0,500939.0,3.5297031447072666,3.5297031447072666,3529.703144707267
West Bengal,MEDINIPUR EAST,2017,Summer,Rice,137845.0,503348.0,3.6515506547208822,3.6515506547208822,3651.5506547208824
West Bengal,HOOGHLY,2007,Winter,Rice,189637.0,504906.0,2.6624867510032324,2.6624867510032324,2662.4867510032323
West Bengal,MEDINIPUR EAST,2016,Summer,Rice,144786.0,504945.0,3.487526418300112,3.487526418300112,3487.526418300112
West Bengal,HOOGHLY,1997,Winter,Rice,190596.0,505730.0,2.653413502906672,2.653413502906672,2653.413502906672
West Bengal,NADIA,2000,Summer,Rice,147670.0,506357.0,3.4289767725333515,3.4289767725333515,3428.9767725333513
West Bengal,COOCHBEHAR,2016,Winter,Rice,210831.0,506572.0,2.402739635063155,2.402739635063155,2402.7396350631548
West Bengal,MEDINIPUR EAST,2015,Summer,Rice,155209.0,508888.0,3.278727393385693,3.278727393385693,3278.7273933856927
West Bengal,HOOGHLY,2003,Winter,Rice,197954.0,509809.0,2.57539125251321,2.57539125251321,2575.39125251321
West Bengal,MEDINIPUR EAST,2000,Summer,Rice,168746.0,510818.0,3.0271413840920673,3.0271413840920673,3027.1413840920673
West Bengal,DINAJPUR UTTAR,2018,Winter,Rice,180083.0,510986.0,2.8375027070850662,2.8375027070850662,2837.502707085066
West Bengal,MURSHIDABAD,2015,Summer,Rice,140077.0,511559.0,3.651984265796669,3.651984265796669,3651.9842657966688
West Bengal,MURSHIDABAD,2004,Summer,Rice,140359.0,513370.0,3.6575495693186757,3.6575495693186757,3657.549569318676
West Bengal,MEDINIPUR EAST,2003,Winter,Rice,271489.0,513725.0,1.892249778075723,1.892249778075723,1892.249778075723
West Bengal,HOOGHLY,2002,Winter,Rice,198791.0,514097.0,2.5861180838166717,2.5861180838166717,2586.118083816672
West Bengal,NADIA,1998,Summer,Rice,125158.0,516429.0,4.126216462391537,4.126216462391537,4126.216462391537
West Bengal,HOOGHLY,2012,Winter,Rice,184654.0,522117.0,2.8275423223975653,2.8275423223975653,2827.5423223975654
West Bengal,PURULIA,2005,Winter,Rice,264150.0,524587.0,1.985943592655688,1.985943592655688,1985.943592655688
West Bengal,HOOGHLY,2004,Winter,Rice,194577.0,524783.0,2.6970453856313954,2.6970453856313954,2697.045385631395
West Bengal,COOCHBEHAR,2015,Winter,Rice,210429.0,525329.0,2.4964667417513744,2.4964667417513744,2496.4667417513742
West Bengal,MEDINIPUR EAST,2007,Summer,Rice,157072.0,525727.0,3.34704466741367,3.34704466741367,3347.04466741367
West Bengal,COOCHBEHAR,2017,Winter,Rice,213535.0,527733.0,2.4714121806729574,2.4714121806729574,2471.412180672957
West Bengal,HOOGHLY,2009,Winter,Rice,187162.0,528433.0,2.8233989805622937,2.8233989805622937,2823.3989805622937
West Bengal,HOOGHLY,2006,Winter,Rice,195831.0,529916.0,2.7059862840918956,2.7059862840918956,2705.9862840918954
West Bengal,PURBA BARDHAMAN,2017,Summer,Rice,149145.0,531835.0,3.5658922525059507,3.5658922525059507,3565.8922525059506
West Bengal,MURSHIDABAD,1998,Winter,Rice,218651.0,534310.0,2.443665933382422,2.443665933382422,2443.6659333824223
West Bengal,NADIA,2001,Summer,Rice,156157.0,534539.0,3.4230870213951343,3.4230870213951343,3423.0870213951343
West Bengal,HOOGHLY,2005,Winter,Rice,193277.0,535211.0,2.769139628615924,2.769139628615924,2769.1396286159243
West Bengal,PURULIA,1999,Winter,Rice,294107.0,535580.0,1.821037921572761,1.821037921572761,1821.037921572761
West Bengal,MEDINIPUR EAST,2009,Winter,Rice,264134.0,536888.0,2.032634950441821,2.032634950441821,2032.634950441821
West Bengal,HOOGHLY,2001,Winter,Rice,196336.0,536903.0,2.7346131122157935,2.7346131122157935,2734.6131122157935
West Bengal,MURSHIDABAD,1997,Winter,Rice,219994.0,540270.0,2.4558397047192195,2.4558397047192195,2455.8397047192198
West Bengal,MEDINIPUR EAST,2006,Winter,Rice,267420.0,540362.0,2.020649166105751,2.020649166105751,2020.649166105751
West Bengal,HOOGHLY,2011,Winter,Rice,191578.0,543633.0,2.837658812598524,2.837658812598524,2837.658812598524
West Bengal,MEDINIPUR EAST,2002,Winter,Rice,266030.0,544623.0,2.047223997293538,2.047223997293538,2047.223997293538
West Bengal,HOOGHLY,2013,Winter,Rice,195988.0,545151.0,2.7815529522215647,2.7815529522215647,2781.5529522215647
West Bengal,PURBA BARDHAMAN,2018,Summer,Rice,152224.0,545645.0,3.5844873344544883,3.5844873344544883,3584.4873344544885
West Bengal,MEDINIPUR EAST,2014,Winter,Rice,254064.0,546260.0,2.150088166761131,2.150088166761131,2150.088166761131
West Bengal,MEDINIPUR EAST,2011,Winter,Rice,259876.0,547586.0,2.107104926965168,2.107104926965168,2107.104926965168
West Bengal,NADIA,2002,Summer,Rice,158907.0,552776.0,3.478613276948152,3.478613276948152,3478.6132769481524
West Bengal,DINAJPUR UTTAR,2019,Winter,Rice,181689.0,554568.0,3.0522926539306177,3.0522926539306177,3052.2926539306177
West Bengal,MURSHIDABAD,2012,Winter,Rice,226641.0,554681.0,2.4473991907907218,2.4473991907907218,2447.3991907907216
West Bengal,MURSHIDABAD,2011,Winter,Rice,225648.0,555990.0,2.4639704318230162,2.4639704318230162,2463.970431823016
West Bengal,HOOGHLY,2008,Winter,Rice,192915.0,556159.0,2.882922530648213,2.882922530648213,2882.922530648213
West Bengal,PURBA BARDHAMAN,2005,Summer,Rice,207192.0,558393.0,2.6950509672188114,2.6950509672188114,2695.0509672188114
West Bengal,MEDINIPUR WEST,2007,Summer,Rice,167509.0,558553.0,3.3344656108030017,3.3344656108030017,3334.4656108030017
West Bengal,MEDINIPUR EAST,1997,Winter,Rice,323282.0,561140.0,1.7357601103680378,1.7357601103680378,1735.7601103680379
West Bengal,MEDINIPUR EAST,2014,Summer,Rice,159819.0,563332.0,3.5248124440773627,3.5248124440773627,3524.8124440773627
West Bengal,MEDINIPUR EAST,2016,Winter,Rice,249259.0,566377.0,2.2722429280387066,2.2722429280387066,2272.242928038707
West Bengal,MEDINIPUR EAST,2018,Summer,Rice,149470.0,567807.0,3.7988024352712917,3.7988024352712917,3798.802435271292
West Bengal,MEDINIPUR EAST,2015,Winter,Rice,249177.0,571489.0,2.2935062224844187,2.2935062224844187,2293.5062224844187
West Bengal,HOOGHLY,2016,Winter,Rice,186331.0,573192.0,3.0762031009332853,3.0762031009332853,3076.2031009332854
West Bengal,MURSHIDABAD,2007,Winter,Rice,223835.0,576385.0,2.5750441173185608,2.5750441173185608,2575.044117318561
West Bengal,MEDINIPUR EAST,2019,Summer,Rice,143111.0,578604.0,4.043043511679745,4.043043511679745,4043.043511679745
West Bengal,MEDINIPUR WEST,2014,Summer,Rice,195960.0,580442.0,2.9620432741375793,2.9620432741375793,2962.0432741375794
West Bengal,HOOGHLY,2014,Winter,Rice,190221.0,580845.0,3.0535272130837288,3.0535272130837288,3053.527213083729
West Bengal,MEDINIPUR EAST,1999,Winter,Rice,318662.0,581650.0,1.825288236438609,1.825288236438609,1825.288236438609
West Bengal,HOOGHLY,2015,Winter,Rice,188164.0,583359.0,3.1002689143513105,3.1002689143513105,3100.2689143513103
West Bengal,HOOGHLY,2017,Winter,Rice,186990.0,585819.0,3.132889459329376,3.132889459329376,3132.8894593293758
West Bengal,PURBA BARDHAMAN,2010,Summer,Rice,189443.0,585863.0,3.0925555444117756,3.0925555444117756,3092.555544411776
West Bengal,MEDINIPUR EAST,2010,Summer,Rice,168447.0,590050.0,3.5028822122091814,3.5028822122091814,3502.8822122091815
West Bengal,MEDINIPUR EAST,2012,Winter,Rice,256014.0,590720.0,2.307373815494465,2.307373815494465,2307.373815494465
West Bengal,PURBA BARDHAMAN,2012,Summer,Rice,163328.0,592495.0,3.627638861677116,3.627638861677116,3627.638861677116
West Bengal,HOOGHLY,2010,Winter,Rice,194776.0,592723.0,3.043100792705467,3.043100792705467,3043.100792705467
West Bengal,MURSHIDABAD,2009,Winter,Rice,225164.0,593905.0,2.637655220195058,2.637655220195058,2637.6552201950576
West Bengal,MURSHIDABAD,2004,Winter,Rice,232211.0,595193.0,2.563155922846032,2.563155922846032,2563.155922846032
West Bengal,PURULIA,1997,Winter,Rice,315095.0,595830.0,1.8909535219536966,1.8909535219536966,1890.9535219536965
West Bengal,PURULIA,2009,Winter,Rice,265107.0,597845.0,2.2551083147559288,2.2551083147559288,2255.108314755929
West Bengal,PURULIA,2014,Winter,Rice,279151.0,597899.0,2.1418479604228535,2.1418479604228535,2141.8479604228537
West Bengal,MURSHIDABAD,2003,Winter,Rice,232299.0,598306.0,2.575585775229338,2.575585775229338,2575.5857752293377
West Bengal,MEDINIPUR WEST,2013,Summer,Rice,176270.0,601882.0,3.414545867135644,3.414545867135644,3414.545867135644
West Bengal,MURSHIDABAD,2001,Winter,Rice,234126.0,603952.0,2.5796024362949863,2.5796024362949863,2579.602436294986
West Bengal,HOOGHLY,2018,Winter,Rice,191232.0,604887.0,3.163105547188755,3.163105547188755,3163.105547188755
West Bengal,MURSHIDABAD,2002,Winter,Rice,238246.0,607864.0,2.5514132451331815,2.5514132451331815,2551.4132451331816
West Bengal,MEDINIPUR EAST,2017,Winter,Rice,250823.0,608540.0,2.4261730383577262,2.4261730383577262,2426.1730383577265
West Bengal,MEDINIPUR EAST,2010,Winter,Rice,266350.0,608689.0,2.285297540829735,2.285297540829735,2285.297540829735
West Bengal,PURBA BARDHAMAN,2004,Summer,Rice,200398.0,609379.0,3.0408437209952197,3.0408437209952197,3040.84372099522
West Bengal,PURBA BARDHAMAN,2019,Summer,Rice,158631.0,614662.0,3.8747911820514274,3.8747911820514274,3874.7911820514273
West Bengal,PURULIA,2018,Winter,Rice,281236.0,615025.0,2.1868644128063264,2.1868644128063264,2186.8644128063265
West Bengal,HOOGHLY,2019,Winter,Rice,190957.0,617441.0,3.2334033316401074,3.2334033316401074,3233.4033316401074
West Bengal,MEDINIPUR WEST,2016,Summer,Rice,171267.0,618738.0,3.612709979155354,3.612709979155354,3612.7099791553537
West Bengal,MEDINIPUR EAST,2004,Winter,Rice,264521.0,619127.0,2.3405589726335525,2.3405589726335525,2340.5589726335525
West Bengal,MEDINIPUR WEST,2010,Summer,Rice,173888.0,629634.0,3.6209169120353333,3.6209169120353333,3620.916912035333
West Bengal,COOCHBEHAR,2018,Winter,Rice,230368.0,631578.0,2.7416047367689957,2.7416047367689957,2741.6047367689957
West Bengal,MURSHIDABAD,2018,Winter,Rice,216294.0,631973.0,2.921823998816426,2.921823998816426,2921.823998816426
West Bengal,PURULIA,2003,Winter,Rice,290796.0,632908.0,2.176467351682967,2.176467351682967,2176.467351682967
West Bengal,MURSHIDABAD,2008,Winter,Rice,231525.0,633077.0,2.7343785768275564,2.7343785768275564,2734.3785768275566
West Bengal,MURSHIDABAD,2019,Winter,Rice,214643.0,636081.0,2.96343696277074,2.96343696277074,2963.43696277074
West Bengal,MURSHIDABAD,2005,Winter,Rice,230296.0,637078.0,2.766344183138222,2.766344183138222,2766.344183138222
West Bengal,PURULIA,2016,Winter,Rice,276351.0,648626.0,2.3471092921682932,2.3471092921682932,2347.1092921682935
West Bengal,PURBA BARDHAMAN,2002,Summer,Rice,216157.0,650283.0,3.00838279583821,3.00838279583821,3008.3827958382103
West Bengal,MEDINIPUR WEST,2015,Summer,Rice,197171.0,653639.0,3.3150869042607685,3.3150869042607685,3315.0869042607683
West Bengal,PURBA BARDHAMAN,2008,Summer,Rice,233697.0,661427.0,2.8302759556177444,2.8302759556177444,2830.2759556177443
West Bengal,COOCHBEHAR,2019,Winter,Rice,226607.0,663279.0,2.9270013724200927,2.9270013724200927,2927.0013724200926
West Bengal,MEDINIPUR WEST,2019,Summer,Rice,198012.0,665593.0,3.3613770882572775,3.3613770882572775,3361.3770882572776
West Bengal,PURBA BARDHAMAN,2013,Summer,Rice,176219.0,668407.0,3.793047287749902,3.793047287749902,3793.0472877499024
West Bengal,24 PARAGANAS SOUTH,2019,Winter,Rice,327620.0,668868.0,2.0415969721018254,2.0415969721018254,2041.5969721018255
West Bengal,PURULIA,2004,Winter,Rice,287528.0,669276.0,2.3276898249909572,2.3276898249909572,2327.6898249909573
West Bengal,MURSHIDABAD,2013,Winter,Rice,219346.0,674772.0,3.0762904269966174,3.0762904269966174,3076.2904269966175
West Bengal,24 PARAGANAS SOUTH,2016,Winter,Rice,295347.0,675605.0,2.2874957253671107,2.2874957253671107,2287.4957253671105
West Bengal,PURBA BARDHAMAN,2007,Summer,Rice,203741.0,679998.0,3.3375609229364733,3.3375609229364733,3337.560922936473
West Bengal,MURSHIDABAD,2017,Winter,Rice,233396.0,684876.0,2.934394762549487,2.934394762549487,2934.394762549487
West Bengal,MURSHIDABAD,2014,Winter,Rice,222718.0,686341.0,3.081659318061405,3.081659318061405,3081.659318061405
West Bengal,24 PARAGANAS SOUTH,2015,Winter,Rice,319534.0,689776.0,2.158693597551434,2.158693597551434,2158.693597551434
West Bengal,PURBA BARDHAMAN,1997,Summer,Rice,201048.0,691690.0,3.440422187736262,3.440422187736262,3440.422187736262
West Bengal,MEDINIPUR EAST,2000,Winter,Rice,343278.0,694090.0,2.021947226446204,2.021947226446204,2021.947226446204
West Bengal,PURBA BARDHAMAN,2000,Winter,Rice,344094.0,698020.0,2.028573587449941,2.028573587449941,2028.573587449941
West Bengal,PURBA BARDHAMAN,2003,Summer,Rice,215469.0,699200.0,3.2450143640152413,3.2450143640152413,3245.0143640152414
West Bengal,MURSHIDABAD,2015,Winter,Rice,226774.0,702050.0,3.095813453041354,3.095813453041354,3095.813453041354
West Bengal,24 PARAGANAS SOUTH,2017,Winter,Rice,296842.0,705045.0,2.3751524379973183,2.3751524379973183,2375.1524379973184
West Bengal,MEDINIPUR WEST,2018,Summer,Rice,187778.0,711177.0,3.78732865404893,3.78732865404893,3787.3286540489303
West Bengal,MEDINIPUR EAST,2018,Winter,Rice,249141.0,712281.0,2.8589473430707915,2.8589473430707915,2858.9473430707912
West Bengal,MEDINIPUR WEST,1998,Winter,Rice,383438.0,715610.0,1.86629911485038,1.86629911485038,1866.29911485038
West Bengal,MEDINIPUR WEST,2017,Summer,Rice,190540.0,719225.0,3.7746667366432245,3.7746667366432245,3774.6667366432243
West Bengal,PURBA BARDHAMAN,2001,Summer,Rice,218525.0,719603.0,3.2930008008237044,3.2930008008237044,3293.0008008237046
West Bengal,PURBA BARDHAMAN,2006,Summer,Rice,209769.0,721948.0,3.4416334158050046,3.4416334158050046,3441.6334158050045
West Bengal,MURSHIDABAD,2016,Winter,Rice,231140.0,722816.0,3.1271783334775463,3.1271783334775463,3127.1783334775464
West Bengal,PURULIA,2006,Winter,Rice,277234.0,725085.0,2.615425957855097,2.615425957855097,2615.4259578550973
West Bengal,BANKURA,2018,Winter,Rice,316502.0,727999.0,2.300140283473722,2.300140283473722,2300.1402834737223
West Bengal,PURULIA,2012,Winter,Rice,288735.0,729553.0,2.5267217344623965,2.5267217344623965,2526.7217344623964
West Bengal,PURULIA,2013,Winter,Rice,302274.0,730136.0,2.415477348366052,2.415477348366052,2415.477348366052
West Bengal,PURULIA,2011,Winter,Rice,270270.0,731799.0,2.7076590076590077,2.7076590076590077,2707.659007659008
West Bengal,PURULIA,2001,Winter,Rice,290378.0,735730.0,2.533697456418875,2.533697456418875,2533.697456418875
West Bengal,PURULIA,2008,Winter,Rice,297872.0,738143.0,2.4780543320620936,2.4780543320620936,2478.0543320620936
West Bengal,PURBA BARDHAMAN,2009,Summer,Rice,230750.0,744206.0,3.2251614301191767,3.2251614301191767,3225.1614301191767
West Bengal,PURULIA,2017,Winter,Rice,272651.0,750270.0,2.751759575427928,2.751759575427928,2751.7595754279278
West Bengal,MEDINIPUR WEST,2001,Winter,Rice,333854.0,754219.0,2.2591282416864855,2.2591282416864855,2259.1282416864856
West Bengal,PURULIA,2007,Winter,Rice,308632.0,759940.0,2.4622851810570516,2.4622851810570516,2462.2851810570514
West Bengal,PURBA BARDHAMAN,1999,Summer,Rice,228995.0,773640.0,3.378414375859735,3.378414375859735,3378.414375859735
West Bengal,BANKURA,2019,Winter,Rice,312379.0,791704.0,2.5344341328962576,2.5344341328962576,2534.434132896258
West Bengal,PURULIA,2019,Winter,Rice,285631.0,794280.0,2.7807906004600342,2.7807906004600342,2780.790600460034
West Bengal,BANKURA,2015,Winter,Rice,301070.0,809237.0,2.687869930580928,2.687869930580928,2687.8699305809278
West Bengal,24 PARAGANAS SOUTH,2018,Winter,Rice,328566.0,814128.0,2.4778218074907326,2.4778218074907326,2477.8218074907327
West Bengal,PURBA BARDHAMAN,2000,Summer,Rice,219769.0,839305.0,3.8190327116199283,3.8190327116199283,3819.0327116199283
West Bengal,BANKURA,2016,Winter,Rice,309989.0,853677.0,2.7538944930303977,2.7538944930303977,2753.894493030398
West Bengal,BANKURA,2017,Winter,Rice,314162.0,858161.0,2.731587524907532,2.731587524907532,2731.587524907532
West Bengal,PURBA BARDHAMAN,1998,Summer,Rice,249525.0,882289.0,3.535874160905721,3.535874160905721,3535.874160905721
West Bengal,MEDINIPUR WEST,1999,Winter,Rice,431040.0,890840.0,2.0667223459539716,2.0667223459539716,2066.722345953972
West Bengal,MEDINIPUR WEST,2000,Winter,Rice,420822.0,923770.0,2.1951561467793983,2.1951561467793983,2195.156146779398
West Bengal,MEDINIPUR WEST,1997,Winter,Rice,434653.0,952270.0,2.1908740995690814,2.1908740995690814,2190.8740995690814
West Bengal,BIRBHUM,2018,Winter,Rice,318965.0,957822.0,3.0029062749831485,3.0029062749831485,3002.9062749831487
West Bengal,MEDINIPUR WEST,2019,Winter,Rice,369926.0,998032.0,2.6979233684574755,2.6979233684574755,2697.9233684574756
West Bengal,PURBA BARDHAMAN,1999,Winter,Rice,414208.0,1000580.0,2.415646245364648,2.415646245364648,2415.6462453646477
West Bengal,MEDINIPUR WEST,2010,Winter,Rice,403460.0,1002184.0,2.48397362811679,2.48397362811679,2483.9736281167898
West Bengal,PURBA BARDHAMAN,2017,Winter,Rice,356876.0,1021406.0,2.8620753426960626,2.8620753426960626,2862.0753426960628
West Bengal,BIRBHUM,2019,Winter,Rice,305350.0,1025442.0,3.358251187162273,3.358251187162273,3358.251187162273
West Bengal,MEDINIPUR WEST,2016,Winter,Rice,368368.0,1027814.0,2.790182643443513,2.790182643443513,2790.182643443513
West Bengal,MEDINIPUR WEST,2013,Winter,Rice,502667.0,1053375.0,2.0955722177903064,2.0955722177903064,2095.5722177903062
West Bengal,PURBA BARDHAMAN,2010,Winter,Rice,364128.0,1053602.0,2.893493496792337,2.893493496792337,2893.493496792337
West Bengal,BIRBHUM,2017,Winter,Rice,329608.0,1059891.0,3.2156106647896894,3.2156106647896894,3215.6106647896895
West Bengal,BIRBHUM,2016,Winter,Rice,328427.0,1061204.0,3.2311716150012026,3.2311716150012026,3231.1716150012026
West Bengal,MEDINIPUR WEST,2003,Winter,Rice,481448.0,1067856.0,2.218009006164736,2.218009006164736,2218.009006164736
West Bengal,BIRBHUM,2015,Winter,Rice,324014.0,1079645.0,3.332093674964662,3.332093674964662,3332.093674964662
West Bengal,MEDINIPUR WEST,2002,Winter,Rice,480710.0,1116911.0,2.3234611304112667,2.3234611304112667,2323.461130411267
West Bengal,MEDINIPUR WEST,2018,Winter,Rice,360690.0,1125539.0,3.120516232776068,3.120516232776068,3120.516232776068
West Bengal,PURBA BARDHAMAN,2007,Winter,Rice,414468.0,1126762.0,2.718574172191822,2.718574172191822,2718.574172191822
West Bengal,MEDINIPUR WEST,2017,Winter,Rice,368953.0,1126841.0,3.0541586597750934,3.0541586597750934,3054.1586597750934
West Bengal,PURBA BARDHAMAN,1997,Winter,Rice,417834.0,1146060.0,2.7428596045319433,2.7428596045319433,2742.859604531943
West Bengal,PURBA BARDHAMAN,2018,Winter,Rice,358495.0,1154455.0,3.2202820123014266,3.2202820123014266,3220.2820123014267
West Bengal,PURBA BARDHAMAN,2001,Winter,Rice,420467.0,1155222.0,2.7474736424023765,2.7474736424023765,2747.4736424023763
West Bengal,MEDINIPUR WEST,2007,Winter,Rice,441316.0,1156246.0,2.6199956493759573,2.6199956493759573,2619.9956493759573
West Bengal,PURBA BARDHAMAN,1998,Winter,Rice,416509.0,1161520.0,2.7887032453080245,2.7887032453080245,2788.7032453080246
West Bengal,PURBA BARDHAMAN,2008,Winter,Rice,417486.0,1170211.0,2.8029945914354015,2.8029945914354015,2802.9945914354016
West Bengal,MEDINIPUR WEST,2005,Winter,Rice,491499.0,1178578.0,2.397925529858657,2.397925529858657,2397.925529858657
West Bengal,PURBA BARDHAMAN,2016,Winter,Rice,355335.0,1183394.0,3.33036148986168,3.33036148986168,3330.36148986168
West Bengal,MEDINIPUR WEST,2009,Winter,Rice,488628.0,1195017.0,2.4456580466121465,2.4456580466121465,2445.6580466121463
West Bengal,PURBA BARDHAMAN,2006,Winter,Rice,419514.0,1201310.0,2.863575470663673,2.863575470663673,2863.575470663673
West Bengal,PURBA BARDHAMAN,2002,Winter,Rice,404986.0,1204889.0,2.975137412157457,2.975137412157457,2975.137412157457
West Bengal,PURBA BARDHAMAN,2004,Winter,Rice,416657.0,1231421.0,2.955478967112037,2.955478967112037,2955.478967112037
West Bengal,PURBA BARDHAMAN,2011,Winter,Rice,413299.0,1242347.0,3.00592791175396,3.00592791175396,3005.92791175396
West Bengal,MEDINIPUR WEST,2011,Winter,Rice,482718.0,1245624.0,2.580438268305719,2.580438268305719,2580.438268305719
West Bengal,PURBA BARDHAMAN,2003,Winter,Rice,421645.0,1257087.0,2.981387185902833,2.981387185902833,2981.3871859028327
West Bengal,MEDINIPUR WEST,2004,Winter,Rice,480679.0,1259961.0,2.6212108288483584,2.6212108288483584,2621.2108288483582
West Bengal,PURBA BARDHAMAN,2009,Winter,Rice,429698.0,1271906.0,2.9599998138227313,2.9599998138227313,2959.999813822731
West Bengal,MEDINIPUR WEST,2006,Winter,Rice,513019.0,1281080.0,2.4971394821634285,2.4971394821634285,2497.1394821634285
West Bengal,PURBA BARDHAMAN,2012,Winter,Rice,420798.0,1301195.0,3.0922081378713777,3.0922081378713777,3092.208137871378
West Bengal,PURBA BARDHAMAN,2019,Winter,Rice,366490.0,1301445.0,3.5511064421948757,3.5511064421948757,3551.106442194876
West Bengal,MEDINIPUR WEST,2008,Winter,Rice,503293.0,1313474.0,2.6097601198506637,2.6097601198506637,2609.7601198506636
West Bengal,MEDINIPUR WEST,2012,Winter,Rice,486172.0,1315911.0,2.7066778835473864,2.7066778835473864,2706.6778835473865
West Bengal,PURBA BARDHAMAN,2013,Winter,Rice,418616.0,1323049.0,3.160531370038412,3.160531370038412,3160.531370038412
West Bengal,MEDINIPUR WEST,2015,Winter,Rice,473763.0,1325097.0,2.796961772025253,2.796961772025253,2796.961772025253
West Bengal,MEDINIPUR WEST,2014,Winter,Rice,496134.0,1348329.0,2.7176710324226923,2.7176710324226923,2717.6710324226924
West Bengal,PURBA BARDHAMAN,2014,Winter,Rice,419814.0,1361138.0,3.242240611318346,3.242240611318346,3242.240611318346
West Bengal,PURBA BARDHAMAN,2005,Winter,Rice,417180.0,1365492.0,3.273148281317417,3.273148281317417,3273.148281317417
West Bengal,PURBA BARDHAMAN,2015,Winter,Rice,417317.0,1417173.0,3.3959148560926105,3.3959148560926105,3395.9148560926105
