District,Year,Season,PRECTOTCORR,T2M,T2M_MIN,T2M_MAX,RH2M,ALLSKY_SFC_SW_DWN,WS2M,Weather_Days
Alipurduar,1997,Autumn,1340.7,28.61934640522876,24.63673202614379,33.09464052287582,73.33843137254902,16.599607843137253,1.2969934640522875,153
Alipurduar,1997,Summer,431.28,28.127459016393445,21.627459016393445,34.98049180327869,44.22229508196721,17.894426229508195,1.4256557377049182,122
Alipurduar,1997,Winter,1245.19,26.17775956284153,22.57486338797814,30.482950819672133,78.41846994535518,15.876174863387979,1.105191256830601,183
Alipurduar,1998,Autumn,1512.3799999999999,28.498169934640526,25.23986928104575,32.26098039215687,80.10464052287581,15.33032679738562,1.2349019607843137,153
Alipurduar,1998,Summer,555.01,27.33360655737705,21.676147540983603,33.5033606557377,56.117704918032786,17.484918032786883,1.3230327868852458,122
Alipurduar,1998,Winter,1628.93,26.532131147540984,23.420546448087432,30.290601092896175,82.9924043715847,14.658142076502733,1.0830601092896175,183
Alipurduar,1999,Autumn,1723.93,28.208823529411763,24.944444444444443,31.962091503267974,79.67562091503268,15.488954248366012,1.2191503267973856,153
Alipurduar,1999,Summer,533.61,28.369016393442624,22.258114754098358,35.06073770491803,49.43754098360656,18.366475409836067,1.3309016393442623,122
Alipurduar,1999,Winter,1680.24,26.108688524590164,22.900765027322404,29.898524590163937,82.15464480874317,15.144918032786885,1.0643715846994535,183
Alipurduar,2000,Autumn,1217.49,27.772614379084967,24.62248366013072,31.462810457516344,82.37156862745098,15.868235294117648,1.2352941176470589,153
Alipurduar,2000,Summer,659.52,26.72581967213115,21.405819672131145,32.74368852459016,59.01549180327869,17.564754098360655,1.315655737704918,122
Alipurduar,2000,Winter,1016.15,26.166065573770492,22.804699453551915,30.29945355191257,81.12639344262294,15.46879781420765,1.0757377049180328,183
Alipurduar,2001,Autumn,1349.14,28.319084967320258,24.960392156862746,32.2383660130719,79.83372549019607,16.547908496732024,1.229281045751634,153
Alipurduar,2001,Summer,507.59,27.557622950819674,21.88295081967213,33.97532786885246,53.204180327868855,19.03106557377049,1.366967213114754,122
Alipurduar,2001,Winter,1392.03,26.373606557377048,23.0924043715847,30.305245901639342,81.61628415300547,15.558524590163934,1.0295628415300546,183
Alipurduar,2002,Autumn,1587.59,27.662091503267973,24.35065359477124,31.485816993464052,81.61307189542484,15.0778431372549,1.2869281045751635,153
Alipurduar,2002,Summer,787.56,26.776967213114755,21.501639344262294,32.57491803278688,61.731393442622945,17.19877049180328,1.3377868852459016,122
Alipurduar,2002,Winter,1506.6299999999999,25.84273224043716,22.531748633879783,29.827049180327872,81.6944262295082,14.774590163934427,1.1020765027322406,183
Alipurduar,2003,Autumn,1226.83,28.422287581699344,24.921045751633986,32.42470588235294,77.5754248366013,16.338039215686273,1.268235294117647,153
Alipurduar,2003,Summer,542.56,27.398852459016393,21.729754098360658,33.554754098360654,56.37040983606557,17.385409836065573,1.329672131147541,122
Alipurduar,2003,Winter,1397.24,26.214918032786883,23.021420765027322,30.061803278688526,82.48699453551913,14.85743169398907,1.0973770491803279,183
Alipurduar,2004,Autumn,1473.5,27.863594771241832,24.55156862745098,31.707124183006535,80.6970588235294,15.086274509803921,1.3269281045751635,153
Alipurduar,2004,Summer,550.53,27.430081967213113,22.23540983606557,33.290983606557376,60.42893442622951,16.54983606557377,1.3818852459016393,122
Alipurduar,2004,Winter,1609.35,25.548743169398907,22.343387978142076,29.39650273224044,83.14754098360656,14.873715846994536,1.1520765027322406,183
Alipurduar,2005,Autumn,1472.59,28.567058823529415,24.91078431372549,32.69529411764706,76.36470588235294,16.101895424836602,1.2468627450980392,153
Alipurduar,2005,Summer,396.98,27.971639344262293,22.265737704918035,34.282786885245905,54.81024590163935,17.61565573770492,1.3168032786885246,122
Alipurduar,2005,Winter,1690.02,26.346994535519126,22.942076502732238,30.333825136612024,80.2297267759563,15.269726775956284,1.0930054644808744,183
Alipurduar,2006,Autumn,1254.11,28.207843137254905,24.75980392156863,32.171437908496735,78.78091503267973,16.241960784313726,1.284640522875817,153
Alipurduar,2006,Summer,555.8100000000001,27.345901639344262,21.762295081967213,33.515491803278685,55.88352459016394,17.790491803278687,1.3115573770491802,122
Alipurduar,2006,Winter,1132.1,26.176939890710383,22.72918032786885,30.300874316939893,79.47398907103825,15.528306010928961,1.067049180327869,183
Alipurduar,2007,Autumn,1523.23,28.336209150326795,24.752418300653595,32.40882352941176,78.07673202614379,15.775555555555554,1.27,153
Alipurduar,2007,Summer,533.43,27.806967213114753,22.13139344262295,33.979918032786884,55.92614754098361,18.323934426229506,1.2903278688524589,122
Alipurduar,2007,Winter,1485.9,26.14896174863388,22.79224043715847,30.18032786885246,81.38289617486339,14.894426229508197,1.1476502732240437,183
Alipurduar,2008,Autumn,1312.59,28.077320261437908,24.74490196078431,31.918039215686274,79.72640522875817,15.770653594771241,1.214640522875817,153
Alipurduar,2008,Summer,632.86,27.588688524590165,22.152459016393443,33.5577868852459,56.72975409836065,17.92516393442623,1.2948360655737705,122
Alipurduar,2008,Winter,1359.09,25.988087431693987,22.743661202185795,29.965464480874317,82.19289617486338,15.368306010928963,1.0846448087431695,183
Alipurduar,2009,Autumn,1579.0,28.11673202614379,24.669738562091503,32.029934640522875,79.64849673202615,16.19411764705882,1.252549019607843,153
Alipurduar,2009,Summer,580.37,27.673360655737707,22.070409836065576,33.79090163934426,53.45934426229508,18.067622950819672,1.2742622950819673,122
Alipurduar,2009,Winter,1526.94,26.147540983606557,22.7355737704918,30.16393442622951,81.71825136612023,15.444207650273224,1.1015846994535519,183
Alipurduar,2010,Autumn,1917.05,27.833333333333332,24.683856209150328,31.469673202614377,82.67202614379084,15.544444444444446,1.2087581699346406,153
Alipurduar,2010,Summer,822.71,28.124180327868853,22.70467213114754,34.26959016393443,56.79688524590164,17.030573770491802,1.3038524590163934,122
Alipurduar,2010,Winter,1799.71,25.951202185792347,22.874863387978145,29.66983606557377,84.75382513661202,14.626939890710382,1.0960109289617486,183
Alipurduar,2011,Autumn,1859.71,27.965228758169935,24.606339869281047,31.86686274509804,80.40326797385622,16.20169934640523,1.3130065359477125,153
Alipurduar,2011,Summer,593.79,27.237377049180328,21.83155737704918,33.384918032786885,57.20401639344263,17.794590163934426,1.3455737704918032,122
Alipurduar,2011,Winter,1662.43,26.013715846994536,22.678196721311473,30.059890710382515,81.98704918032786,15.697431693989072,1.13896174863388,183
Alipurduar,2012,Autumn,1569.56,28.50764705882353,25.140588235294118,32.334640522875816,79.93986928104574,15.630653594771243,1.1905228758169935,153
Alipurduar,2012,Summer,625.0,27.621639344262295,21.8772131147541,33.99057377049181,54.86237704918033,18.016229508196723,1.3082786885245903,122
Alipurduar,2012,Winter,1482.86,26.14355191256831,22.66081967213115,30.37666666666667,80.95426229508196,15.128415300546449,1.044535519125683,183
Alipurduar,2013,Autumn,1537.01,28.105947712418303,24.96921568627451,31.663856209150325,81.78111111111112,16.42169934640523,1.0830718954248366,153
Alipurduar,2013,Summer,713.09,27.8027868852459,22.266311475409836,33.92196721311475,54.98188524590164,17.95434426229508,1.1895901639344262,122
Alipurduar,2013,Winter,1488.2,26.175846994535522,23.14032786885246,29.808415300546447,83.61890710382514,15.864863387978142,0.9865573770491803,183
Alipurduar,2014,Autumn,1507.39,28.721437908496732,25.431633986928105,32.52333333333333,79.04352941176471,15.649215686274509,1.227516339869281,153
Alipurduar,2014,Summer,560.37,28.536393442622952,22.465573770491805,35.1055737704918,50.350163934426234,18.368524590163936,1.2774590163934425,122
Alipurduar,2014,Winter,1288.43,26.543442622950817,23.385409836065573,30.342076502732244,82.71737704918033,15.330601092896174,1.0553551912568306,183
Alipurduar,2015,Autumn,1641.95,28.360588235294117,25.299150326797385,31.94111111111111,82.51098039215687,15.199477124183007,1.3501307189542484,153
Alipurduar,2015,Summer,706.04,27.92311475409836,22.826147540983605,33.696557377049174,60.049918032786884,16.76762295081967,1.4426229508196722,122
Alipurduar,2015,Winter,1484.66,26.692349726775955,23.693606557377052,30.333879781420766,83.66961748633881,15.01743169398907,1.148688524590164,183
Alipurduar,2016,Autumn,2368.18,28.017712418300654,25.25176470588235,31.188954248366013,84.5956862745098,15.282614379084967,1.1965359477124182,153
Alipurduar,2016,Summer,1182.07,28.226147540983607,23.100491803278686,34.08844262295082,59.950901639344266,17.147131147540982,1.3797540983606558,122
Alipurduar,2016,Winter,2155.9,26.53568306010929,23.65530054644809,29.953715846994534,85.20426229508196,15.326939890710381,1.0440983606557377,183
Alipurduar,2017,Autumn,2149.75,27.81143790849673,25.117843137254905,30.963986928104575,86.11856209150326,15.662222222222223,1.21718954248366,153
Alipurduar,2017,Summer,1001.97,26.82049180327869,22.20213114754098,32.00303278688524,68.24311475409836,16.780983606557378,1.2709016393442625,122
Alipurduar,2017,Winter,2012.31,26.365027322404373,23.514262295081966,29.8372131147541,85.77896174863388,14.862349726775957,1.106393442622951,183
Alipurduar,2018,Autumn,2067.64,27.8040522875817,25.017254901960783,31.04450980392157,85.50562091503268,15.47718954248366,1.1250326797385621,153
Alipurduar,2018,Summer,1106.99,26.520573770491804,21.956311475409837,31.6027868852459,68.38950819672131,16.362377049180328,1.1437704918032787,122
Alipurduar,2018,Winter,1732.6,26.264863387978142,23.184043715846997,29.999180327868853,82.94584699453551,15.281366120218578,1.008087431693989,183
Alipurduar,2019,Autumn,2462.23,27.987254901960785,24.9781045751634,31.479281045751634,84.28640522875817,15.205490196078431,1.2354901960784315,153
Alipurduar,2019,Summer,922.43,26.655409836065573,21.555245901639342,32.36008196721311,64.41459016393442,16.979754098360658,1.2945901639344262,122
Alipurduar,2019,Winter,2260.9,26.419016393442625,23.587704918032788,29.891366120218578,85.75338797814209,14.696120218579233,1.0711475409836066,183
Bankura,1997,Autumn,1257.82,29.5940522875817,25.68143790849673,34.17287581699346,74.53718954248366,17.58686274509804,2.365816993464052,153
Bankura,1997,Summer,475.6,30.51967213114754,23.72122950819672,38.15598360655738,50.09991803278688,20.434508196721314,2.1864754098360657,122
Bankura,1997,Winter,1244.89,26.93005464480874,23.356338797814207,31.01530054644809,80.494043715847,16.431584699453552,1.9720218579234972,183
Bankura,1998,Autumn,885.53,29.879150326797387,26.09281045751634,34.53745098039215,76.05477124183005,17.88901960784314,2.3389542483660133,153
Bankura,1998,Summer,296.4,29.60081967213115,23.074754098360653,36.9144262295082,58.80040983606557,20.02032786885246,2.186393442622951,122
Bankura,1998,Winter,1032.24,27.38967213114754,24.07497267759563,31.4796174863388,82.10005464480874,16.410437158469946,2.0111475409836066,183
Bankura,1999,Autumn,1253.98,28.935228758169934,25.46267973856209,33.16771241830065,79.07385620915032,16.913267973856208,2.344705882352941,153
Bankura,1999,Summer,353.78,30.428688524590164,23.161311475409835,38.50836065573771,51.1372131147541,20.381803278688523,2.221967213114754,122
Bankura,1999,Winter,1324.55,26.23207650273224,22.808633879781418,30.295081967213115,83.1044262295082,16.16633879781421,2.051967213114754,183
Bankura,2000,Autumn,932.8,28.78385620915033,25.308235294117647,33.07274509803921,79.94862745098038,17.358039215686276,2.4073202614379086,153
Bankura,2000,Summer,389.64,29.086311475409836,22.837213114754096,36.524098360655735,60.39434426229508,19.97360655737705,2.250655737704918,122
Bankura,2000,Winter,823.65,26.61841530054645,22.762295081967213,31.088852459016394,79.86551912568305,16.694043715846995,2.0081967213114753,183
Bankura,2001,Autumn,1313.71,28.695032679738564,25.43065359477124,32.732091503267974,81.98313725490196,17.561830065359477,2.461437908496732,153
Bankura,2001,Summer,591.82,29.92049180327869,23.643032786885243,36.97762295081968,55.02663934426229,19.943934426229507,2.2492622950819676,122
Bankura,2001,Winter,1229.61,26.451311475409838,23.357322404371587,30.116885245901642,85.56863387978142,16.237759562841532,2.0802732240437156,183
Bankura,2002,Autumn,1081.47,29.501699346405232,25.722745098039216,34.052091503267974,76.60169934640523,17.069411764705883,2.2994771241830065,153
Bankura,2002,Summer,417.02,30.397950819672133,23.819590163934425,37.940245901639344,56.58237704918033,19.88483606557377,2.0627868852459015,122
Bankura,2002,Winter,1049.9,26.469071038251368,22.767103825136612,30.70300546448087,81.0171038251366,16.292185792349727,1.9676502732240437,183
Bankura,2003,Autumn,908.91,29.73013071895425,25.86496732026144,34.53588235294117,75.14679738562091,18.04686274509804,2.37797385620915,153
Bankura,2003,Summer,340.55,30.429426229508195,23.78139344262295,38.11114754098361,54.48344262295082,20.26549180327869,2.177950819672131,122
Bankura,2003,Winter,1086.77,26.933497267759563,23.4148087431694,31.19781420765027,81.34021857923497,16.097540983606557,2.0517486338797815,183
Bankura,2004,Autumn,1056.46,29.316405228758168,25.7237908496732,33.667908496732025,77.29660130718953,18.044117647058822,2.518954248366013,153
Bankura,2004,Summer,362.69,30.448934426229506,23.855245901639346,37.93983606557377,55.29270491803279,20.874590163934425,2.1272950819672127,122
Bankura,2004,Winter,1118.66,26.27311475409836,22.729508196721312,30.29005464480874,81.4416393442623,16.60071038251366,2.109289617486339,183
Bankura,2005,Autumn,794.54,30.131111111111114,25.985490196078434,35.14339869281046,72.6762091503268,18.252091503267977,2.4469281045751634,153
Bankura,2005,Summer,244.51999999999998,31.04418032786885,24.31081967213115,38.776065573770495,53.47262295081967,20.59598360655738,2.2059016393442623,122
Bankura,2005,Winter,922.4,27.132513661202186,23.245245901639343,31.627978142076504,77.43076502732241,16.313715846994533,2.1195081967213114,183
Bankura,2006,Autumn,1484.08,28.5759477124183,25.41470588235294,32.397320261437905,81.83888888888889,17.54954248366013,2.3367320261437907,153
Bankura,2006,Summer,512.26,29.760573770491803,23.85852459016393,36.49926229508197,58.38303278688525,20.134426229508197,1.948360655737705,122
Bankura,2006,Winter,1372.56,26.34967213114754,23.031857923497267,30.09896174863388,84.21005464480875,16.305956284153005,1.911912568306011,183
Bankura,2007,Autumn,1695.65,29.094183006535946,25.67607843137255,33.20673202614379,79.0824183006536,17.567581699346405,2.436078431372549,153
Bankura,2007,Summer,350.53000000000003,29.523524590163934,23.347213114754098,36.57483606557377,58.35081967213115,20.410081967213117,2.2254098360655736,122
Bankura,2007,Winter,1671.5,26.48049180327869,23.121475409836062,30.377704918032787,83.97191256830601,16.321366120218578,2.1267213114754098,183
Bankura,2008,Autumn,1343.19,28.65627450980392,25.32457516339869,32.68176470588236,80.67104575163398,17.028039215686274,2.2069281045751636,153
Bankura,2008,Summer,586.99,29.250983606557377,23.313032786885245,36.12311475409837,60.84344262295082,19.577540983606557,1.9749999999999999,122
Bankura,2008,Winter,1262.05,26.19535519125683,22.822896174863388,30.010819672131145,84.11650273224043,16.1375956284153,1.902185792349727,183
Bankura,2009,Autumn,1215.33,29.366993464052285,25.61111111111111,33.86307189542484,77.32078431372548,17.897450980392158,2.317843137254902,153
Bankura,2009,Summer,281.18,30.265,23.426721311475408,37.88344262295082,51.06368852459016,20.82827868852459,2.1107377049180327,122
Bankura,2009,Winter,1134.12,26.800983606557377,22.91486338797814,31.215245901639346,79.5956830601093,16.80109289617486,1.9595081967213113,183
Bankura,2010,Autumn,780.52,29.811307189542486,25.838169934640522,34.78490196078432,74.35875816993463,18.03326797385621,2.4866666666666664,153
Bankura,2010,Summer,274.69,31.234918032786883,24.57844262295082,38.9933606557377,53.789918032786886,20.143360655737702,2.1684426229508196,122
Bankura,2010,Winter,739.88,27.720819672131146,23.820655737704918,32.33584699453552,77.21612021857923,16.759945355191256,2.0599453551912568,183
Bankura,2011,Autumn,1617.62,28.662483660130718,25.376143790849675,32.69143790849673,81.4243137254902,17.06751633986928,2.2994771241830065,153
Bankura,2011,Summer,743.39,29.76049180327869,23.73049180327869,36.73729508196721,58.12811475409836,19.468196721311475,2.1531967213114753,122
Bankura,2011,Winter,1490.42,26.484043715846994,23.048032786885244,30.379726775956282,83.14398907103825,15.83344262295082,1.9395628415300545,183
Bankura,2012,Autumn,1093.83,29.91718954248366,25.970653594771242,34.645490196078434,74.2418954248366,17.9,2.2080392156862745,153
Bankura,2012,Summer,277.89,30.447950819672133,23.67549180327869,38.03827868852459,52.29147540983606,20.758524590163933,2.116311475409836,122
Bankura,2012,Winter,1147.96,26.46754098360656,22.60688524590164,31.15021857923497,80.01098360655737,16.296120218579237,2.029344262295082,183
Bankura,2013,Autumn,1485.0,28.886928104575162,25.536862745098038,32.906928104575165,81.11575163398692,16.96359477124183,2.2644444444444445,153
Bankura,2013,Summer,665.72,29.461885245901637,23.251229508196722,36.48844262295082,57.44754098360656,19.357786885245904,2.179918032786885,122
Bankura,2013,Winter,1623.47,26.1975956284153,22.99874316939891,29.919398907103826,85.49972677595629,15.988032786885245,1.988415300546448,183
Bankura,2014,Autumn,1090.0,29.849607843137253,25.964771241830068,34.49790849673203,75.04169934640522,17.62535947712418,2.3845751633986927,153
Bankura,2014,Summer,286.79,30.13106557377049,23.763770491803278,37.358360655737705,55.42549180327869,20.428688524590164,2.0872131147540984,122
Bankura,2014,Winter,1081.92,26.89601092896175,23.01688524590164,31.35568306010929,79.14819672131148,16.31245901639344,1.9414754098360656,183
Bankura,2015,Autumn,1155.09,29.357908496732026,25.502091503267977,34.003398692810464,77.42196078431373,17.273202614379088,2.3594117647058823,153
Bankura,2015,Summer,403.32,29.608606557377048,23.51139344262295,36.70647540983606,59.3522131147541,19.297786885245902,2.258032786885246,122
Bankura,2015,Winter,1079.5,27.066502732240437,23.200382513661204,31.455081967213115,79.52333333333334,16.117267759562843,1.9923497267759565,183
Bankura,2016,Autumn,1389.1,29.279869281045748,25.557124183006536,33.87732026143791,77.3659477124183,17.60222222222222,2.3320915032679737,153
Bankura,2016,Summer,309.48,31.35032786885246,24.813278688524587,38.77991803278688,53.345163934426225,20.00237704918033,2.088934426229508,122
Bankura,2016,Winter,1300.84,26.477267759562842,22.804098360655736,30.84743169398907,81.76792349726776,16.669234972677593,2.0044808743169398,183
Bankura,2017,Autumn,1643.25,29.33477124183007,25.745490196078432,33.678366013071894,79.1345751633987,17.06424836601307,2.153202614379085,153
Bankura,2017,Summer,460.98,30.107622950819675,23.677459016393442,37.59967213114754,58.42631147540984,19.86606557377049,2.1425409836065574,122
Bankura,2017,Winter,1784.6299999999999,26.834644808743167,23.440601092896177,30.81,82.96677595628415,15.459071038251368,1.895464480874317,183
Bankura,2018,Autumn,1128.09,29.264444444444443,25.525228758169934,33.76313725490196,77.9449019607843,16.69921568627451,2.268954248366013,153
Bankura,2018,Summer,419.6,29.09795081967213,23.037950819672133,36.20885245901639,62.11434426229508,19.06204918032787,2.096311475409836,122
Bankura,2018,Winter,1110.98,26.93918032786885,23.076612021857926,31.240054644808744,79.40010928961749,15.760491803278688,1.9325136612021856,183
Bankura,2019,Autumn,1000.01,30.138562091503267,25.976666666666667,35.20875816993464,73.87464052287582,17.781830065359475,2.4016993464052288,153
Bankura,2019,Summer,312.98,30.249016393442623,23.56795081967213,37.92442622950819,57.19377049180328,20.390573770491805,2.166393442622951,122
Bankura,2019,Winter,1055.85,27.425956284153006,23.725956284153007,31.82224043715847,80.21989071038251,15.777650273224044,2.059071038251366,183
Birbhum,1997,Autumn,1043.31,29.770326797385618,25.819934640522874,34.296143790849676,73.81326797385621,17.58686274509804,2.336143790849673,153
Birbhum,1997,Summer,350.21,30.48639344262295,23.60106557377049,37.9711475409836,45.79262295081967,20.434508196721314,2.1987704918032787,122
Birbhum,1997,Winter,1016.72,26.98803278688525,23.335409836065573,31.18983606557377,79.45754098360655,16.431584699453552,2.0038251366120217,183
Birbhum,1998,Autumn,980.04,29.934117647058823,26.259738562091503,34.31346405228758,76.47045751633986,17.88901960784314,2.2968627450980392,153
Birbhum,1998,Summer,308.06,29.87262295081967,23.20450819672131,37.27057377049181,53.656229508196716,20.02032786885246,2.30672131147541,122
Birbhum,1998,Winter,1073.83,27.398032786885246,24.139289617486337,31.376120218579235,82.73245901639343,16.410437158469946,1.9689617486338797,183
Birbhum,1999,Autumn,1093.32,29.135098039215688,25.75457516339869,33.14339869281046,79.00104575163398,16.913267973856208,2.351503267973856,153
Birbhum,1999,Summer,330.08,30.72295081967213,23.297786885245902,38.68844262295082,45.436967213114755,20.381803278688523,2.239672131147541,122
Birbhum,1999,Winter,1103.71,26.459344262295083,23.070874316939893,30.383770491803276,82.56841530054645,16.16633879781421,2.044153005464481,183
Birbhum,2000,Autumn,1045.42,28.781633986928107,25.419346405228758,32.81457516339869,81.23993464052288,17.358039215686276,2.3515686274509804,153
Birbhum,2000,Summer,439.8,29.189999999999998,22.8527868852459,36.38622950819672,56.99311475409836,19.97360655737705,2.222950819672131,122
Birbhum,2000,Winter,937.99,26.723661202185795,23.048743169398907,30.877158469945353,80.94295081967213,16.694043715846995,1.949016393442623,183
Birbhum,2001,Autumn,1112.36,28.90640522875817,25.641503267973857,32.86300653594771,81.68281045751634,17.561830065359477,2.3797385620915033,153
Birbhum,2001,Summer,563.58,29.72065573770492,23.553852459016394,36.62918032786885,52.622540983606555,19.943934426229507,2.2395901639344262,122
Birbhum,2001,Winter,1054.18,26.7596174863388,23.592295081967215,30.52,84.48612021857925,16.237759562841532,1.9904918032786885,183
Birbhum,2002,Autumn,994.61,29.430588235294117,25.847450980392157,33.74901960784314,77.6456862745098,17.069411764705883,2.28078431372549,153
Birbhum,2002,Summer,408.36,30.327213114754098,23.916803278688523,37.550000000000004,53.47524590163934,19.88483606557377,2.0378688524590163,122
Birbhum,2002,Winter,968.3,26.615901639344262,23.02677595628415,30.76306010928962,81.51273224043716,16.292185792349727,1.9510928961748635,183
Birbhum,2003,Autumn,761.68,29.857450980392155,26.027189542483658,34.42143790849673,74.91856209150328,18.04686274509804,2.341045751633987,153
Birbhum,2003,Summer,380.52,30.323114754098363,23.690409836065573,37.684672131147536,51.88336065573771,20.26549180327869,2.1740163934426233,122
Birbhum,2003,Winter,879.99,27.122677595628414,23.628524590163938,31.30262295081967,80.74267759562841,16.097540983606557,2.0200546448087433,183
Birbhum,2004,Autumn,1023.41,29.479999999999997,25.91509803921569,33.70294117647059,76.89862745098038,18.044117647058822,2.537777777777778,153
Birbhum,2004,Summer,381.05,30.916803278688523,24.228196721311477,38.248442622950826,49.7611475409836,20.874590163934425,2.1290983606557377,122
Birbhum,2004,Winter,1103.14,26.443606557377052,23.036994535519128,30.36448087431694,82.07803278688525,16.60071038251366,2.120218579234973,183
Birbhum,2005,Autumn,769.8100000000001,30.405228758169933,26.221830065359477,35.166143790849674,71.89117647058823,18.252091503267977,2.3103921568627452,153
Birbhum,2005,Summer,196.96,31.41516393442623,24.398688524590163,38.97122950819672,48.52360655737705,20.59598360655738,2.1957377049180327,122
Birbhum,2005,Winter,987.49,27.336994535519125,23.519234972677598,31.635081967213114,77.88486338797814,16.313715846994533,2.0313661202185793,183
Birbhum,2006,Autumn,1196.3,28.936013071895424,25.64281045751634,32.82326797385621,80.72398692810458,17.54954248366013,2.2167973856209153,153
Birbhum,2006,Summer,464.44,29.91344262295082,23.949426229508195,36.45295081967213,54.799590163934425,20.134426229508197,1.803688524590164,122
Birbhum,2006,Winter,1077.84,26.637213114754097,23.309125683060106,30.53366120218579,83.35147540983607,16.305956284153005,1.836830601092896,183
Birbhum,2007,Autumn,1506.36,29.286993464052287,25.83856209150327,33.211633986928106,79.03856209150327,17.567581699346405,2.2767973856209154,153
Birbhum,2007,Summer,386.88,29.91672131147541,23.58573770491803,36.72934426229508,53.881147540983605,20.410081967213117,2.089672131147541,122
Birbhum,2007,Winter,1500.31,26.65453551912568,23.355409836065572,30.449125683060107,84.14704918032787,16.321366120218578,2.048032786885246,183
Birbhum,2008,Autumn,1120.54,28.963006535947713,25.580065359477125,32.922745098039215,79.81993464052287,17.028039215686274,2.078888888888889,153
Birbhum,2008,Summer,478.32,29.597540983606557,23.410819672131147,36.385737704918036,56.12614754098361,19.577540983606557,1.901967213114754,122
Birbhum,2008,Winter,1056.41,26.508907103825138,23.059125683060106,30.412295081967212,83.39732240437158,16.1375956284153,1.8465573770491803,183
Birbhum,2009,Autumn,1163.28,29.619281045751634,25.784901960784314,34.045424836601306,76.28189542483659,17.897450980392158,2.237712418300654,153
Birbhum,2009,Summer,289.05,30.519344262295082,23.608852459016394,37.89401639344262,46.215081967213116,20.82827868852459,2.0267213114754097,122
Birbhum,2009,Winter,1120.24,27.01120218579235,23.146120218579235,31.441092896174865,79.23743169398908,16.80109289617486,1.9165573770491804,183
Birbhum,2010,Autumn,850.48,29.655751633986927,25.811633986928104,34.30777777777778,76.61967320261438,18.03326797385621,2.336143790849673,153
Birbhum,2010,Summer,339.52,31.20377049180328,24.440737704918032,38.779016393442625,50.83459016393442,20.143360655737702,2.186803278688525,122
Birbhum,2010,Winter,783.33,27.597213114754098,23.858852459016394,32.05639344262295,79.23218579234972,16.759945355191256,1.9640983606557378,183
Birbhum,2011,Autumn,1430.05,28.780718954248364,25.477254901960784,32.6237908496732,81.57692810457516,17.06751633986928,2.31202614379085,153
Birbhum,2011,Summer,688.87,29.496639344262295,23.486967213114752,36.12213114754098,56.858032786885246,19.468196721311475,2.0552459016393443,122
Birbhum,2011,Winter,1275.99,26.711803278688524,23.309508196721314,30.564699453551913,83.02743169398907,15.83344262295082,1.9542622950819672,183
Birbhum,2012,Autumn,879.97,30.41313725490196,26.25111111111111,35.11339869281046,72.00411764705882,17.9,2.176143790849673,153
Birbhum,2012,Summer,229.56,31.079672131147543,24.059262295081968,38.708196721311474,45.891639344262295,20.758524590163933,2.193032786885246,122
Birbhum,2012,Winter,960.6,26.654972677595627,22.698852459016397,31.481803278688524,78.37371584699453,16.296120218579237,2.087158469945355,183
Birbhum,2013,Autumn,1158.75,29.11856209150327,25.829281045751635,32.973660130718955,80.88522875816994,16.96359477124183,2.1413725490196076,153
Birbhum,2013,Summer,569.59,29.804262295081966,23.721475409836067,36.59696721311475,52.70180327868852,19.357786885245904,2.191639344262295,122
Birbhum,2013,Winter,1224.81,26.48448087431694,23.25825136612022,30.226120218579236,85.0403825136612,15.988032786885245,1.9159562841530056,183
Birbhum,2014,Autumn,1026.94,30.200000000000003,26.37235294117647,34.68281045751634,74.5021568627451,17.62535947712418,2.238888888888889,153
Birbhum,2014,Summer,312.13,30.73918032786885,24.09344262295082,38.08844262295082,49.034918032786884,20.428688524590164,2.1285245901639347,122
Birbhum,2014,Winter,947.98,27.086338797814207,23.3044262295082,31.569508196721312,79.13491803278689,16.31245901639344,1.8568306010928963,183
Birbhum,2015,Autumn,1072.05,29.7678431372549,25.857908496732026,34.35470588235294,76.18137254901961,17.273202614379088,2.3249019607843135,153
Birbhum,2015,Summer,380.93,30.086967213114754,23.938360655737704,37.1144262295082,54.75524590163935,19.297786885245902,2.4687704918032787,122
Birbhum,2015,Winter,996.91,27.516229508196723,23.607868852459013,31.9272131147541,77.62245901639344,16.117267759562843,1.9143715846994536,183
Birbhum,2016,Autumn,1253.81,29.721633986928104,25.9540522875817,34.17993464052287,75.9470588235294,17.60222222222222,2.300849673202614,153
Birbhum,2016,Summer,265.9,31.847377049180327,25.108196721311472,39.176475409836065,47.57688524590164,20.00237704918033,2.2249180327868854,122
Birbhum,2016,Winter,1171.94,26.948633879781422,23.271475409836068,31.303715846994535,80.95863387978142,16.669234972677593,1.9623497267759564,183
Birbhum,2017,Autumn,1421.58,29.573986928104574,26.077908496732025,33.73424836601307,78.9581045751634,17.06424836601307,2.1410457516339867,153
Birbhum,2017,Summer,405.36,30.467704918032787,23.984180327868852,37.68754098360656,53.912622950819674,19.86606557377049,2.172295081967213,122
Birbhum,2017,Winter,1542.3,27.09,23.768415300546447,31.034262295081966,82.9675956284153,15.459071038251368,1.909344262295082,183
Birbhum,2018,Autumn,976.11,29.63202614379085,25.915555555555557,34.0181045751634,77.20084967320261,16.69921568627451,2.2069281045751636,153
Birbhum,2018,Summer,352.45,29.633114754098358,23.333032786885248,36.75926229508197,56.6255737704918,19.06204918032787,2.092704918032787,122
Birbhum,2018,Winter,954.1,27.317377049180326,23.418306010928962,31.745737704918035,78.08180327868853,15.760491803278688,1.8633879781420766,183
Birbhum,2019,Autumn,906.86,30.51797385620915,26.379411764705882,35.419150326797386,72.83300653594772,17.781830065359475,2.4112418300653595,153
Birbhum,2019,Summer,267.12,30.9155737704918,24.07622950819672,38.49926229508197,50.29196721311475,20.390573770491805,2.2234426229508197,122
Birbhum,2019,Winter,918.8,27.634262295081964,24.026502732240438,31.95398907103825,80.18311475409836,15.777650273224044,2.0712568306010932,183
Cooch Behar,1997,Autumn,1340.7,28.61934640522876,24.63673202614379,33.09464052287582,73.33843137254902,16.599607843137253,1.2969934640522875,153
Cooch Behar,1997,Summer,431.28,28.127459016393445,21.627459016393445,34.98049180327869,44.22229508196721,17.894426229508195,1.4256557377049182,122
Cooch Behar,1997,Winter,1245.19,26.17775956284153,22.57486338797814,30.482950819672133,78.41846994535518,15.876174863387979,1.105191256830601,183
Cooch Behar,1998,Autumn,1512.3799999999999,28.498169934640526,25.23986928104575,32.26098039215687,80.10464052287581,15.33032679738562,1.2349019607843137,153
Cooch Behar,1998,Summer,555.01,27.33360655737705,21.676147540983603,33.5033606557377,56.117704918032786,17.484918032786883,1.3230327868852458,122
Cooch Behar,1998,Winter,1628.93,26.532131147540984,23.420546448087432,30.290601092896175,82.9924043715847,14.658142076502733,1.0830601092896175,183
Cooch Behar,1999,Autumn,1723.93,28.208823529411763,24.944444444444443,31.962091503267974,79.67562091503268,15.488954248366012,1.2191503267973856,153
Cooch Behar,1999,Summer,533.61,28.369016393442624,22.258114754098358,35.06073770491803,49.43754098360656,18.366475409836067,1.3309016393442623,122
Cooch Behar,1999,Winter,1680.24,26.108688524590164,22.900765027322404,29.898524590163937,82.15464480874317,15.144918032786885,1.0643715846994535,183
Cooch Behar,2000,Autumn,1217.49,27.772614379084967,24.62248366013072,31.462810457516344,82.37156862745098,15.868235294117648,1.2352941176470589,153
Cooch Behar,2000,Summer,659.52,26.72581967213115,21.405819672131145,32.74368852459016,59.01549180327869,17.564754098360655,1.315655737704918,122
Cooch Behar,2000,Winter,1016.15,26.166065573770492,22.804699453551915,30.29945355191257,81.12639344262294,15.46879781420765,1.0757377049180328,183
Cooch Behar,2001,Autumn,1349.14,28.319084967320258,24.960392156862746,32.2383660130719,79.83372549019607,16.547908496732024,1.229281045751634,153
Cooch Behar,2001,Summer,507.59,27.557622950819674,21.88295081967213,33.97532786885246,53.204180327868855,19.03106557377049,1.366967213114754,122
Cooch Behar,2001,Winter,1392.03,26.373606557377048,23.0924043715847,30.305245901639342,81.61628415300547,15.558524590163934,1.0295628415300546,183
Cooch Behar,2002,Autumn,1587.59,27.662091503267973,24.35065359477124,31.485816993464052,81.61307189542484,15.0778431372549,1.2869281045751635,153
Cooch Behar,2002,Summer,787.56,26.776967213114755,21.501639344262294,32.57491803278688,61.731393442622945,17.19877049180328,1.3377868852459016,122
Cooch Behar,2002,Winter,1506.6299999999999,25.84273224043716,22.531748633879783,29.827049180327872,81.6944262295082,14.774590163934427,1.1020765027322406,183
Cooch Behar,2003,Autumn,1226.83,28.422287581699344,24.921045751633986,32.42470588235294,77.5754248366013,16.338039215686273,1.268235294117647,153
Cooch Behar,2003,Summer,542.56,27.398852459016393,21.729754098360658,33.554754098360654,56.37040983606557,17.385409836065573,1.329672131147541,122
Cooch Behar,2003,Winter,1397.24,26.214918032786883,23.021420765027322,30.061803278688526,82.48699453551913,14.85743169398907,1.0973770491803279,183
Cooch Behar,2004,Autumn,1473.5,27.863594771241832,24.55156862745098,31.707124183006535,80.6970588235294,15.086274509803921,1.3269281045751635,153
Cooch Behar,2004,Summer,550.53,27.430081967213113,22.23540983606557,33.290983606557376,60.42893442622951,16.54983606557377,1.3818852459016393,122
Cooch Behar,2004,Winter,1609.35,25.548743169398907,22.343387978142076,29.39650273224044,83.14754098360656,14.873715846994536,1.1520765027322406,183
Cooch Behar,2005,Autumn,1472.59,28.567058823529415,24.91078431372549,32.69529411764706,76.36470588235294,16.101895424836602,1.2468627450980392,153
Cooch Behar,2005,Summer,396.98,27.971639344262293,22.265737704918035,34.282786885245905,54.81024590163935,17.61565573770492,1.3168032786885246,122
Cooch Behar,2005,Winter,1690.02,26.346994535519126,22.942076502732238,30.333825136612024,80.2297267759563,15.269726775956284,1.0930054644808744,183
Cooch Behar,2006,Autumn,1254.11,28.207843137254905,24.75980392156863,32.171437908496735,78.78091503267973,16.241960784313726,1.284640522875817,153
Cooch Behar,2006,Summer,555.8100000000001,27.345901639344262,21.762295081967213,33.515491803278685,55.88352459016394,17.790491803278687,1.3115573770491802,122
Cooch Behar,2006,Winter,1132.1,26.176939890710383,22.72918032786885,30.300874316939893,79.47398907103825,15.528306010928961,1.067049180327869,183
Cooch Behar,2007,Autumn,1523.23,28.336209150326795,24.752418300653595,32.40882352941176,78.07673202614379,15.775555555555554,1.27,153
Cooch Behar,2007,Summer,533.43,27.806967213114753,22.13139344262295,33.979918032786884,55.92614754098361,18.323934426229506,1.2903278688524589,122
Cooch Behar,2007,Winter,1485.9,26.14896174863388,22.79224043715847,30.18032786885246,81.38289617486339,14.894426229508197,1.1476502732240437,183
Cooch Behar,2008,Autumn,1312.59,28.077320261437908,24.74490196078431,31.918039215686274,79.72640522875817,15.770653594771241,1.214640522875817,153
Cooch Behar,2008,Summer,632.86,27.588688524590165,22.152459016393443,33.5577868852459,56.72975409836065,17.92516393442623,1.2948360655737705,122
Cooch Behar,2008,Winter,1359.09,25.988087431693987,22.743661202185795,29.965464480874317,82.19289617486338,15.368306010928963,1.0846448087431695,183
Cooch Behar,2009,Autumn,1579.0,28.11673202614379,24.669738562091503,32.029934640522875,79.64849673202615,16.19411764705882,1.252549019607843,153
Cooch Behar,2009,Summer,580.37,27.673360655737707,22.070409836065576,33.79090163934426,53.45934426229508,18.067622950819672,1.2742622950819673,122
Cooch Behar,2009,Winter,1526.94,26.147540983606557,22.7355737704918,30.16393442622951,81.71825136612023,15.444207650273224,1.1015846994535519,183
Cooch Behar,2010,Autumn,1917.05,27.833333333333332,24.683856209150328,31.469673202614377,82.67202614379084,15.544444444444446,1.2087581699346406,153
Cooch Behar,2010,Summer,822.71,28.124180327868853,22.70467213114754,34.26959016393443,56.79688524590164,17.030573770491802,1.3038524590163934,122
Cooch Behar,2010,Winter,1799.71,25.951202185792347,22.874863387978145,29.66983606557377,84.75382513661202,14.626939890710382,1.0960109289617486,183
Cooch Behar,2011,Autumn,1859.71,27.965228758169935,24.606339869281047,31.86686274509804,80.40326797385622,16.20169934640523,1.3130065359477125,153
Cooch Behar,2011,Summer,593.79,27.237377049180328,21.83155737704918,33.384918032786885,57.20401639344263,17.794590163934426,1.3455737704918032,122
Cooch Behar,2011,Winter,1662.43,26.013715846994536,22.678196721311473,30.059890710382515,81.98704918032786,15.697431693989072,1.13896174863388,183
Cooch Behar,2012,Autumn,1569.56,28.50764705882353,25.140588235294118,32.334640522875816,79.93986928104574,15.630653594771243,1.1905228758169935,153
Cooch Behar,2012,Summer,625.0,27.621639344262295,21.8772131147541,33.99057377049181,54.86237704918033,18.016229508196723,1.3082786885245903,122
Cooch Behar,2012,Winter,1482.86,26.14355191256831,22.66081967213115,30.37666666666667,80.95426229508196,15.128415300546449,1.044535519125683,183
Cooch Behar,2013,Autumn,1537.01,28.105947712418303,24.96921568627451,31.663856209150325,81.78111111111112,16.42169934640523,1.0830718954248366,153
Cooch Behar,2013,Summer,713.09,27.8027868852459,22.266311475409836,33.92196721311475,54.98188524590164,17.95434426229508,1.1895901639344262,122
Cooch Behar,2013,Winter,1488.2,26.175846994535522,23.14032786885246,29.808415300546447,83.61890710382514,15.864863387978142,0.9865573770491803,183
Cooch Behar,2014,Autumn,1507.39,28.721437908496732,25.431633986928105,32.52333333333333,79.04352941176471,15.649215686274509,1.227516339869281,153
Cooch Behar,2014,Summer,560.37,28.536393442622952,22.465573770491805,35.1055737704918,50.350163934426234,18.368524590163936,1.2774590163934425,122
Cooch Behar,2014,Winter,1288.43,26.543442622950817,23.385409836065573,30.342076502732244,82.71737704918033,15.330601092896174,1.0553551912568306,183
Cooch Behar,2015,Autumn,1641.95,28.360588235294117,25.299150326797385,31.94111111111111,82.51098039215687,15.199477124183007,1.3501307189542484,153
Cooch Behar,2015,Summer,706.04,27.92311475409836,22.826147540983605,33.696557377049174,60.049918032786884,16.76762295081967,1.4426229508196722,122
Cooch Behar,2015,Winter,1484.66,26.692349726775955,23.693606557377052,30.333879781420766,83.66961748633881,15.01743169398907,1.148688524590164,183
Cooch Behar,2016,Autumn,2368.18,28.017712418300654,25.25176470588235,31.188954248366013,84.5956862745098,15.282614379084967,1.1965359477124182,153
Cooch Behar,2016,Summer,1182.07,28.226147540983607,23.100491803278686,34.08844262295082,59.950901639344266,17.147131147540982,1.3797540983606558,122
Cooch Behar,2016,Winter,2155.9,26.53568306010929,23.65530054644809,29.953715846994534,85.20426229508196,15.326939890710381,1.0440983606557377,183
Cooch Behar,2017,Autumn,2149.75,27.81143790849673,25.117843137254905,30.963986928104575,86.11856209150326,15.662222222222223,1.21718954248366,153
Cooch Behar,2017,Summer,1001.97,26.82049180327869,22.20213114754098,32.00303278688524,68.24311475409836,16.780983606557378,1.2709016393442625,122
Cooch Behar,2017,Winter,2012.31,26.365027322404373,23.514262295081966,29.8372131147541,85.77896174863388,14.862349726775957,1.106393442622951,183
Cooch Behar,2018,Autumn,2067.64,27.8040522875817,25.017254901960783,31.04450980392157,85.50562091503268,15.47718954248366,1.1250326797385621,153
Cooch Behar,2018,Summer,1106.99,26.520573770491804,21.956311475409837,31.6027868852459,68.38950819672131,16.362377049180328,1.1437704918032787,122
Cooch Behar,2018,Winter,1732.6,26.264863387978142,23.184043715846997,29.999180327868853,82.94584699453551,15.281366120218578,1.008087431693989,183
Cooch Behar,2019,Autumn,2462.23,27.987254901960785,24.9781045751634,31.479281045751634,84.28640522875817,15.205490196078431,1.2354901960784315,153
Cooch Behar,2019,Summer,922.43,26.655409836065573,21.555245901639342,32.36008196721311,64.41459016393442,16.979754098360658,1.2945901639344262,122
Cooch Behar,2019,Winter,2260.9,26.419016393442625,23.587704918032788,29.891366120218578,85.75338797814209,14.696120218579233,1.0711475409836066,183
Dakshin Dinajpur,1997,Autumn,869.07,29.968496732026146,25.953725490196078,34.51169934640523,73.30830065359477,18.44607843137255,2.3077124183006537,153
Dakshin Dinajpur,1997,Summer,298.46999999999997,30.234918032786883,23.404999999999998,37.490819672131146,45.064918032786885,20.72606557377049,2.2418852459016394,122
Dakshin Dinajpur,1997,Winter,811.95,27.47191256830601,23.590710382513663,31.931857923497265,77.47355191256831,16.853224043715848,1.9662841530054644,183
Dakshin Dinajpur,1998,Autumn,1238.84,29.725490196078432,26.371960784313725,33.61071895424836,79.5616339869281,16.91,2.238562091503268,153
Dakshin Dinajpur,1998,Summer,391.63,29.465081967213113,23.285655737704918,36.29418032786886,54.72639344262295,19.609426229508195,2.300655737704918,122
Dakshin Dinajpur,1998,Winter,1325.47,27.456174863387975,24.28382513661202,31.21639344262295,84.53928961748635,15.7448087431694,1.9307103825136611,183
Dakshin Dinajpur,1999,Autumn,1116.46,29.329150326797382,26.096601307189545,33.151830065359476,79.4892156862745,16.039019607843137,2.2615032679738563,153
Dakshin Dinajpur,1999,Summer,342.21,30.34918032786885,23.301721311475408,37.89606557377049,46.942622950819676,19.749590163934425,2.1045081967213113,122
Dakshin Dinajpur,1999,Winter,1058.55,26.97136612021858,23.679999999999996,30.78109289617486,82.94896174863388,15.602349726775957,1.9313114754098362,183
Dakshin Dinajpur,2000,Autumn,1077.77,28.816274509803925,25.651633986928104,32.49339869281046,82.57522875816994,16.696928104575164,2.232745098039216,153
Dakshin Dinajpur,2000,Summer,534.15,28.598196721311474,22.565983606557378,35.1322131147541,59.46409836065574,19.07204918032787,2.0665573770491803,122
Dakshin Dinajpur,2000,Winter,921.65,26.987814207650274,23.512896174863386,30.980437158469947,82.53699453551913,16.47120218579235,1.8344262295081966,183
Dakshin Dinajpur,2001,Autumn,1043.84,29.26562091503268,26.012679738562092,33.111111111111114,80.86934640522875,17.821176470588235,2.3469934640522876,153
Dakshin Dinajpur,2001,Summer,469.47,29.475983606557378,23.36032786885246,36.157704918032785,52.761065573770495,20.462213114754096,2.243934426229508,122
Dakshin Dinajpur,2001,Winter,1043.27,27.17415300546448,23.955901639344265,30.96879781420765,83.71568306010928,16.39896174863388,1.9313661202185792,183
Dakshin Dinajpur,2002,Autumn,1191.45,29.053464052287584,25.811045751633987,32.85209150326797,81.45019607843136,16.43673202614379,2.2462745098039214,153
Dakshin Dinajpur,2002,Summer,551.18,29.17065573770492,23.323934426229506,35.66311475409836,59.494180327868854,18.98950819672131,2.0737704918032787,122
Dakshin Dinajpur,2002,Winter,1152.39,26.73989071038251,23.378360655737705,30.541967213114756,84.07497267759562,15.90792349726776,1.8939890710382514,183
Dakshin Dinajpur,2003,Autumn,878.84,29.668627450980395,26.11300653594771,33.81908496732026,77.56718954248366,17.70986928104575,2.2998692810457517,153
Dakshin Dinajpur,2003,Summer,468.6,29.371311475409836,23.215655737704918,36.08377049180328,57.05926229508197,18.95024590163934,2.075,122
Dakshin Dinajpur,2003,Winter,954.78,27.209344262295083,23.903169398907103,31.11114754098361,82.68393442622951,15.88792349726776,1.9897267759562842,183
Dakshin Dinajpur,2004,Autumn,1247.69,29.169738562091506,25.849934640522875,33.007712418300656,79.87660130718955,16.605359477124182,2.389607843137255,153
Dakshin Dinajpur,2004,Summer,495.21,29.888770491803278,23.762622950819672,36.64549180327869,56.24614754098361,18.691147540983607,2.089426229508197,122
Dakshin Dinajpur,2004,Winter,1349.58,26.459453551912567,23.28710382513661,30.165573770491804,84.86207650273224,15.650983606557377,2.039508196721312,183
Dakshin Dinajpur,2005,Autumn,1014.02,30.29777777777778,26.469738562091504,34.60718954248366,73.89790849673201,17.167581699346403,2.126143790849673,153
Dakshin Dinajpur,2005,Summer,238.0,30.855,24.381803278688523,37.7832786885246,50.8527868852459,19.319344262295083,2.035655737704918,122
Dakshin Dinajpur,2005,Winter,1326.71,27.476775956284154,23.95174863387978,31.487540983606557,80.56245901639345,15.772349726775957,1.9050273224043717,183
Dakshin Dinajpur,2006,Autumn,1001.04,29.164575163398695,25.876013071895425,32.95470588235294,80.30555555555556,17.61281045751634,2.2426143790849675,153
Dakshin Dinajpur,2006,Summer,480.36,29.193688524590165,23.39032786885246,35.434672131147536,57.84213114754098,19.450327868852458,1.8741803278688525,122
Dakshin Dinajpur,2006,Winter,859.34,26.98245901639344,23.57338797814208,30.998579234972677,82.23557377049181,16.58224043715847,1.870983606557377,183
Dakshin Dinajpur,2007,Autumn,1270.9,29.529934640522875,26.132810457516342,33.35745098039215,78.93607843137255,16.8259477124183,2.2122875816993464,153
Dakshin Dinajpur,2007,Summer,479.0,29.847704918032786,23.745245901639343,36.345245901639345,53.86262295081967,19.964754098360654,2.0395081967213113,122
Dakshin Dinajpur,2007,Winter,1300.44,26.936666666666667,23.625519125683063,30.7375956284153,84.46065573770491,15.648688524590165,2.002295081967213,183
Dakshin Dinajpur,2008,Autumn,1001.6,29.20313725490196,25.88326797385621,33.01496732026144,79.76039215686275,17.038169934640525,2.062875816993464,153
Dakshin Dinajpur,2008,Summer,481.9,29.58155737704918,23.601147540983607,35.87729508196721,56.01590163934426,19.607950819672133,1.9009016393442624,122
Dakshin Dinajpur,2008,Winter,991.76,26.856010928961748,23.356284153005465,30.847377049180327,83.56448087431694,16.230819672131148,1.8766666666666667,183
Dakshin Dinajpur,2009,Autumn,1114.72,29.837385620915033,26.131830065359477,34.03294117647059,76.31509803921568,17.601633986928107,2.1497385620915033,153
Dakshin Dinajpur,2009,Summer,336.36,30.11877049180328,23.52606557377049,37.0777868852459,49.18762295081967,20.049098360655737,1.9364754098360655,122
Dakshin Dinajpur,2009,Winter,1116.87,27.32327868852459,23.605464480874318,31.599398907103822,80.73,16.521420765027322,1.8653551912568307,183
Dakshin Dinajpur,2010,Autumn,984.05,29.525228758169934,26.01666666666667,33.68915032679738,79.30993464052288,17.34777777777778,2.181437908496732,153
Dakshin Dinajpur,2010,Summer,456.54,30.586967213114754,24.28344262295082,37.57868852459017,53.553688524590164,19.279590163934426,2.222540983606557,122
Dakshin Dinajpur,2010,Winter,942.81,27.43562841530055,23.997103825136612,31.561803278688526,82.79852459016394,16.049398907103825,1.8910382513661201,183
Dakshin Dinajpur,2011,Autumn,1268.05,29.223660130718955,25.883529411764705,33.07078431372549,80.26091503267973,17.04294117647059,2.3317647058823527,153
Dakshin Dinajpur,2011,Summer,489.05,29.386147540983607,23.473032786885245,35.86114754098361,56.627459016393445,19.184344262295085,2.1111475409836067,122
Dakshin Dinajpur,2011,Winter,1105.04,27.11207650273224,23.661202185792348,31.097158469945352,82.57918032786885,16.101967213114754,1.977322404371585,183
Dakshin Dinajpur,2012,Autumn,921.37,30.432091503267973,26.59954248366013,34.77372549019608,74.000522875817,17.55640522875817,2.136339869281046,153
Dakshin Dinajpur,2012,Summer,305.53000000000003,30.76467213114754,24.090081967213113,37.968032786885246,47.48655737704918,20.127704918032787,2.2224590163934423,122
Dakshin Dinajpur,2012,Winter,959.03,26.78874316939891,22.879726775956282,31.49464480874317,79.72426229508197,16.42502732240437,2.0211475409836064,183
Dakshin Dinajpur,2013,Autumn,934.99,29.444183006535948,26.14908496732026,33.23039215686274,80.50732026143791,17.35542483660131,1.9784967320261437,153
Dakshin Dinajpur,2013,Summer,462.38,29.647786885245903,23.625,36.20327868852459,53.78901639344262,19.245819672131145,2.0371311475409835,122
Dakshin Dinajpur,2013,Winter,966.26,26.968087431693988,23.6375956284153,30.840273224043717,84.59732240437158,16.366830601092897,1.7772131147540984,183
Dakshin Dinajpur,2014,Autumn,1133.09,30.080653594771242,26.597124183006535,34.12496732026144,77.00150326797386,17.118039215686274,2.1373856209150324,153
Dakshin Dinajpur,2014,Summer,451.25,30.59967213114754,24.167377049180327,37.536475409836065,49.01655737704918,20.158524590163935,2.014918032786885,122
Dakshin Dinajpur,2014,Winter,988.72,27.338251366120218,23.796338797814204,31.385846994535516,80.67234972677596,16.061147540983608,1.744426229508197,183
Dakshin Dinajpur,2015,Autumn,1246.31,29.41222222222222,26.034901960784314,33.406209150326795,80.60215686274509,16.937712418300652,2.231437908496732,153
Dakshin Dinajpur,2015,Summer,628.6899999999999,29.3277868852459,23.699918032786883,35.69991803278689,59.55090163934426,18.673524590163936,2.430573770491803,122
Dakshin Dinajpur,2015,Winter,1082.31,27.60289617486339,24.173387978142074,31.542349726775956,81.58918032786885,16.210327868852456,1.7678688524590163,183
Dakshin Dinajpur,2016,Autumn,1358.09,29.496339869281044,26.18516339869281,33.43588235294117,79.83320261437908,16.927124183006537,2.1759477124183007,153
Dakshin Dinajpur,2016,Summer,457.46,30.797295081967214,24.68598360655738,37.655901639344265,53.47672131147541,18.99065573770492,2.2818032786885247,122
Dakshin Dinajpur,2016,Winter,1254.47,27.33448087431694,23.884207650273225,31.327049180327872,83.06562841530055,16.434590163934427,1.836830601092896,183
Dakshin Dinajpur,2017,Autumn,1492.37,28.93418300653595,26.01640522875817,32.3762091503268,84.84071895424836,16.83830065359477,2.130849673202614,153
Dakshin Dinajpur,2017,Summer,677.27,28.575983606557376,23.28672131147541,34.647704918032794,66.55213114754098,18.220901639344262,2.19,122
Dakshin Dinajpur,2017,Winter,1531.38,27.13174863387978,24.017103825136612,30.74393442622951,85.89814207650274,15.605901639344262,1.893606557377049,183
Dakshin Dinajpur,2018,Autumn,1150.86,28.791764705882354,25.835228758169933,32.3097385620915,85.14993464052287,17.085163398692814,2.036013071895425,153
Dakshin Dinajpur,2018,Summer,718.7,27.913114754098363,22.873934426229507,33.682459016393445,69.63754098360656,18.402131147540985,1.8872131147540985,122
Dakshin Dinajpur,2018,Winter,948.9,27.30808743169399,23.869071038251366,31.295956284153004,81.92956284153006,16.395245901639345,1.7289071038251365,183
Dakshin Dinajpur,2019,Autumn,1696.62,29.66660130718954,26.333202614379086,33.65555555555556,80.86124183006537,17.08143790849673,2.319019607843137,153
Dakshin Dinajpur,2019,Summer,534.61,29.872704918032785,23.850081967213114,36.60573770491803,56.551803278688524,19.41655737704918,2.159344262295082,122
Dakshin Dinajpur,2019,Winter,1752.93,27.22027322404372,24.174371584699454,30.829508196721314,86.26213114754098,15.693224043715848,1.9307650273224042,183
Darjeeling,1997,Autumn,959.33,22.483398692810457,18.69986928104575,26.8659477124183,74.62235294117647,17.89202614379085,1.3877777777777778,153
Darjeeling,1997,Summer,285.14,20.73639344262295,15.083524590163934,27.224754098360656,46.20745901639344,17.970000000000002,1.582295081967213,122
Darjeeling,1997,Winter,921.3100000000001,20.323497267759564,17.051147540983607,24.587158469945354,77.89633879781421,16.305628415300546,1.2116939890710383,183
Darjeeling,1998,Autumn,1078.42,22.616666666666667,19.33098039215686,26.566339869281045,81.15503267973855,16.43176470588235,1.3334640522875818,153
Darjeeling,1998,Summer,360.81,20.764016393442624,15.674590163934425,26.855737704918035,55.87352459016393,18.243524590163936,1.5165573770491805,122
Darjeeling,1998,Winter,1130.53,20.999344262295082,18.035573770491805,24.918360655737708,82.47251366120219,15.289890710382515,1.1820218579234973,183
Darjeeling,1999,Autumn,1071.87,22.266601307189543,18.876601307189542,26.296797385620913,80.98235294117647,16.442549019607842,1.351437908496732,153
Darjeeling,1999,Summer,338.37,21.82450819672131,16.31377049180328,28.363360655737704,47.50549180327869,17.984098360655736,1.5545901639344262,122
Darjeeling,1999,Winter,1028.32,20.4151912568306,17.367213114754097,24.454043715846996,80.71551912568306,14.982459016393442,1.2038251366120218,183
Darjeeling,2000,Autumn,761.22,22.225424836601306,18.955424836601306,26.303006535947713,82.17797385620915,14.798562091503268,1.3573202614379085,153
Darjeeling,2000,Summer,338.51,20.627704918032787,15.609098360655738,26.715819672131147,54.48934426229508,16.29377049180328,1.5064754098360655,122
Darjeeling,2000,Winter,714.09,20.625464480874317,17.38617486338798,24.96710382513661,79.68497267759562,14.493060109289617,1.2205464480874317,183
Darjeeling,2001,Autumn,890.43,22.44111111111111,19.06732026143791,26.595359477124184,81.92418300653594,15.631503267973855,1.3334640522875818,153
Darjeeling,2001,Summer,355.37,20.95122950819672,15.77139344262295,27.169590163934426,52.705163934426224,17.472868852459015,1.5236065573770492,122
Darjeeling,2001,Winter,918.05,20.698524590163935,17.604918032786884,24.81513661202186,81.47939890710383,14.985300546448087,1.1862841530054644,183
Darjeeling,2002,Autumn,932.49,22.020392156862744,18.66111111111111,26.127843137254903,81.7440522875817,15.115294117647059,1.3257516339869282,153
Darjeeling,2002,Summer,348.6,20.592377049180328,15.821967213114753,26.449918032786883,59.94073770491803,17.16713114754098,1.4749180327868852,122
Darjeeling,2002,Winter,855.23,20.37650273224044,17.14704918032787,24.73595628415301,79.79710382513662,14.520655737704919,1.1966666666666668,183
Darjeeling,2003,Autumn,874.93,22.416078431372547,18.94333333333333,26.535686274509803,78.74790849673202,14.963333333333333,1.3305228758169934,153
Darjeeling,2003,Summer,290.52,20.843524590163934,15.700573770491804,26.966475409836065,54.151065573770495,15.699180327868852,1.4610655737704918,122
Darjeeling,2003,Winter,959.5,20.54087431693989,17.45054644808743,24.634207650273225,80.91218579234973,14.129726775956282,1.1830054644808743,183
Darjeeling,2004,Autumn,1111.49,22.07986928104575,18.757058823529412,26.072418300653595,81.28928104575164,14.274705882352942,1.3483006535947712,153
Darjeeling,2004,Summer,307.58,21.258688524590163,16.377131147540982,27.212377049180326,57.665245901639345,15.359180327868852,1.4934426229508195,122
Darjeeling,2004,Winter,1125.11,19.853224043715848,16.86005464480874,23.792021857923494,83.08535519125684,14.017049180327868,1.1892896174863388,183
Darjeeling,2005,Autumn,1103.0,22.4537908496732,18.85222222222222,26.64934640522876,78.22352941176472,15.327777777777778,1.3198692810457515,153
Darjeeling,2005,Summer,270.02,21.148360655737704,15.809016393442624,27.372213114754096,53.40090163934426,16.08762295081967,1.475655737704918,122
Darjeeling,2005,Winter,1175.81,20.561475409836067,17.402732240437157,24.66295081967213,80.57322404371584,14.978633879781421,1.1815300546448086,183
Darjeeling,2006,Autumn,1092.44,22.369477124183007,19.044705882352943,26.414183006535946,81.18542483660131,15.464313725490197,1.3747058823529412,153
Darjeeling,2006,Summer,324.93,20.96155737704918,15.919344262295082,27.068688524590165,54.90909836065573,15.919672131147541,1.4987704918032787,122
Darjeeling,2006,Winter,1060.33,20.3948087431694,17.326284153005464,24.449234972677594,81.3396174863388,14.692131147540982,1.2077049180327868,183
Darjeeling,2007,Autumn,1382.47,22.23176470588235,18.96666666666667,26.061307189542486,81.69601307189542,15.367647058823529,1.3204575163398693,153
Darjeeling,2007,Summer,404.52,20.982868852459013,16.112377049180328,26.811311475409838,58.71065573770492,17.23237704918033,1.4619672131147543,122
Darjeeling,2007,Winter,1245.81,20.431530054644806,17.498961748633878,24.264918032786884,83.18486338797814,14.307158469945355,1.186775956284153,183
Darjeeling,2008,Autumn,1165.91,22.0140522875817,18.760261437908497,25.895555555555557,82.59274509803922,14.49562091503268,1.2896732026143791,153
Darjeeling,2008,Summer,449.85,20.73655737704918,15.835983606557377,26.587540983606555,58.92286885245902,15.655737704918034,1.4531967213114754,122
Darjeeling,2008,Winter,1191.19,20.347267759562843,17.42890710382514,24.225027322404372,83.56732240437158,14.531311475409836,1.154863387978142,183
Darjeeling,2009,Autumn,1086.68,22.315359477124183,18.914183006535946,26.38392156862745,80.87797385620915,15.49503267973856,1.3326143790849672,153
Darjeeling,2009,Summer,361.02,21.100983606557378,15.918852459016392,27.26426229508197,52.37319672131147,16.531803278688525,1.4618852459016394,122
Darjeeling,2009,Winter,1039.53,20.566502732240437,17.406775956284154,24.74322404371585,79.89617486338798,14.993224043715845,1.1981967213114755,183
Darjeeling,2010,Autumn,1766.93,21.993725490196077,18.906928104575165,25.63967320261438,84.10633986928104,14.837385620915033,1.2627450980392156,153
Darjeeling,2010,Summer,509.5,21.68155737704918,16.698278688524592,27.671967213114755,54.19139344262295,16.95393442622951,1.4651639344262295,122
Darjeeling,2010,Winter,1619.35,20.364426229508197,17.598087431693987,23.981202185792352,85.90131147540984,13.841475409836066,1.119016393442623,183
Darjeeling,2011,Autumn,1649.51,21.887189542483657,18.703071895424838,25.641045751633985,84.17359477124182,14.824444444444444,1.3287581699346407,153
Darjeeling,2011,Summer,497.31,20.456803278688525,15.518688524590164,26.344754098360657,59.180491803278684,16.365655737704916,1.4548360655737707,122
Darjeeling,2011,Winter,1543.91,20.164918032786883,17.34901639344262,23.830109289617486,85.35775956284152,14.145464480874317,1.166120218579235,183
Darjeeling,2012,Autumn,1255.6,22.780718954248364,19.388366013071895,26.845686274509806,78.4983660130719,15.442549019607844,1.2387581699346406,153
Darjeeling,2012,Summer,395.96,21.104426229508196,15.91188524590164,27.27016393442623,53.13622950819672,16.66450819672131,1.5193442622950821,122
Darjeeling,2012,Winter,1189.72,20.67808743169399,17.479016393442624,25.00262295081967,76.4275956284153,15.00311475409836,1.160983606557377,183
Darjeeling,2013,Autumn,1505.22,22.319738562091505,19.093202614379084,26.169607843137253,80.81856209150327,15.422483660130718,1.1913071895424838,153
Darjeeling,2013,Summer,573.36,21.088524590163935,16.23532786885246,27.100983606557378,54.99327868852459,16.146229508196722,1.4734426229508195,122
Darjeeling,2013,Winter,1485.0,20.489781420765027,17.649016393442622,24.21639344262295,83.26032786885246,14.74185792349727,1.0642622950819671,183
Darjeeling,2014,Autumn,1255.57,22.59823529411765,19.493725490196077,26.363529411764706,81.09058823529412,15.123202614379084,1.271111111111111,153
Darjeeling,2014,Summer,552.5699999999999,21.40467213114754,16.306967213114753,27.45975409836066,52.551803278688524,16.676065573770494,1.5141803278688524,122
Darjeeling,2014,Winter,1048.3799999999999,20.804754098360657,17.980218579234972,24.59032786885246,82.81551912568305,14.690109289617487,1.1366120218579234,183
Darjeeling,2015,Autumn,1433.1200000000001,22.385555555555555,19.494771241830065,25.8640522875817,83.47124183006537,15.193398692810458,1.2997385620915032,153
Darjeeling,2015,Summer,599.03,20.851885245901638,16.411475409836065,26.230409836065576,62.79606557377049,15.614508196721312,1.485983606557377,122
Darjeeling,2015,Winter,1292.94,20.83573770491803,18.144371584699453,24.4,83.62262295081968,14.6424043715847,1.1612568306010929,183
Darjeeling,2016,Autumn,1583.15,22.203398692810456,19.48718954248366,25.434313725490195,84.95196078431373,14.264313725490197,1.3086928104575162,153
Darjeeling,2016,Summer,643.49,21.775245901639344,17.219754098360657,27.426475409836065,56.478524590163936,16.076065573770492,1.5919672131147542,122
Darjeeling,2016,Winter,1492.7,20.783005464480873,18.21448087431694,24.09224043715847,85.70398907103825,14.361584699453552,1.1526775956284152,183
Darjeeling,2017,Autumn,1436.04,22.324967320261436,19.481633986928106,25.822941176470586,84.93862745098039,14.84875816993464,1.3351633986928104,153
Darjeeling,2017,Summer,528.18,20.706147540983608,16.259672131147543,26.20516393442623,63.19844262295082,15.7427868852459,1.4781147540983608,122
Darjeeling,2017,Winter,1321.76,20.840437158469946,18.130437158469945,24.41584699453552,85.0175956284153,14.734699453551912,1.2152459016393444,183
Darjeeling,2018,Autumn,1398.3,22.140392156862745,19.2640522875817,25.69843137254902,86.05392156862744,14.906470588235294,1.272549019607843,153
Darjeeling,2018,Summer,547.13,20.244180327868854,15.987295081967213,25.45655737704918,65.8445081967213,14.959016393442623,1.3782786885245901,122
Darjeeling,2018,Winter,1236.58,20.496284153005465,17.589234972677595,24.360218579234974,82.88715846994536,14.693606557377048,1.1532786885245903,183
Darjeeling,2019,Autumn,1581.35,22.421633986928107,19.35830065359477,26.116666666666667,83.10901960784314,15.100065359477124,1.322483660130719,153
Darjeeling,2019,Summer,492.25,20.536967213114757,15.844999999999999,26.245573770491802,61.68377049180328,16.011475409836066,1.4092622950819673,122
Darjeeling,2019,Winter,1479.25,20.848196721311478,18.175573770491805,24.38382513661202,86.0475956284153,14.47360655737705,1.1762841530054644,183
Hooghly,1997,Autumn,1183.65,29.33411764705882,26.02575163398693,33.479019607843135,79.85764705882353,16.80045751633987,2.522875816993464,153
Hooghly,1997,Summer,431.59999999999997,30.036475409836065,24.09139344262295,36.99319672131148,59.71622950819672,20.45959016393443,2.4425409836065572,122
Hooghly,1997,Winter,1112.71,27.054590163934424,23.765737704918035,30.921748633879783,82.6475956284153,16.019344262295082,2.068360655737705,183
Hooghly,1998,Autumn,873.46,29.85830065359477,26.64764705882353,34.02163398692811,79.69921568627451,16.621372549019608,2.579411764705882,153
Hooghly,1998,Summer,396.15,29.722540983606557,23.929426229508195,36.55401639344262,62.1422131147541,19.280081967213114,2.5659836065573773,122
Hooghly,1998,Winter,1038.02,27.613551912568305,24.598251366120216,31.457595628415298,84.55639344262295,15.515136612021857,2.1649180327868853,183
Hooghly,1999,Autumn,1326.17,29.12490196078431,26.08607843137255,33.03947712418301,81.3473202614379,15.890130718954248,2.617908496732026,153
Hooghly,1999,Summer,329.83,30.785409836065575,24.224590163934426,38.47237704918033,56.09959016393442,20.38073770491803,2.7143442622950817,122
Hooghly,1999,Winter,1418.9,26.6255737704918,23.523169398907104,30.371202185792352,85.08098360655738,15.314972677595629,2.1663387978142077,183
Hooghly,2000,Autumn,1144.24,28.549673202614382,25.730588235294118,32.16751633986928,84.86111111111111,16.34908496732026,2.4424836601307187,153
Hooghly,2000,Summer,485.35,29.169590163934426,23.694262295081966,35.71975409836066,65.8022131147541,19.251803278688524,2.5081967213114753,122
Hooghly,2000,Winter,1054.02,26.89191256830601,23.630273224043716,30.674098360655737,84.1615300546448,15.870765027322404,2.0043715846994536,183
Hooghly,2001,Autumn,1220.81,28.80052287581699,25.951307189542486,32.48392156862745,84.61660130718954,16.46653594771242,2.4792156862745096,153
Hooghly,2001,Summer,650.47,29.760573770491803,24.166147540983605,36.241147540983604,62.20295081967213,19.04672131147541,2.4309016393442624,122
Hooghly,2001,Winter,1149.2,26.90650273224044,24.080765027322403,30.386448087431695,86.97846994535519,15.206120218579233,2.076120218579235,183
Hooghly,2002,Autumn,1050.05,29.38065359477124,26.21065359477124,33.352810457516334,81.27398692810458,16.187385620915034,2.4106535947712415,153
Hooghly,2002,Summer,461.15,30.433688524590163,24.537704918032787,37.32745901639344,61.3827868852459,19.22827868852459,2.4158196721311476,122
Hooghly,2002,Winter,1020.93,26.662131147540983,23.53934426229508,30.436502732240438,85.00180327868853,15.549125683060108,2.0485245901639346,183
Hooghly,2003,Autumn,841.92,29.840196078431372,26.496339869281044,34.1535294117647,78.43810457516341,17.277058823529412,2.591045751633987,153
Hooghly,2003,Summer,482.63,30.474999999999998,24.579426229508197,37.455,59.662295081967216,19.621885245901638,2.557950819672131,122
Hooghly,2003,Winter,1036.6,27.232841530054642,24.113005464480874,31.12032786885246,83.5068306010929,15.613934426229507,2.1547540983606557,183
Hooghly,2004,Autumn,1016.22,29.45673202614379,26.286732026143792,33.52986928104575,79.97071895424837,16.765228758169933,2.6816339869281047,153
Hooghly,2004,Summer,400.8,30.8072131147541,24.765819672131148,38.03426229508197,59.16836065573771,20.217868852459016,2.5420491803278686,122
Hooghly,2004,Winter,1147.22,26.597978142076503,23.443169398907106,30.38120218579235,84.32765027322404,15.468469945355192,2.1715846994535517,183
Hooghly,2005,Autumn,827.27,29.903071895424837,26.465555555555557,34.29581699346405,77.79993464052288,17.14967320261438,2.596143790849673,153
Hooghly,2005,Summer,290.24,30.90270491803279,24.958852459016395,37.93565573770491,59.694016393442624,20.106475409836065,2.5690983606557376,122
Hooghly,2005,Winter,1020.47,27.233825136612023,23.874863387978145,31.321202185792348,81.96431693989071,15.447377049180327,2.193934426229508,183
Hooghly,2006,Autumn,1232.66,28.915816993464052,26.0462091503268,32.491960784313726,82.96196078431373,16.463202614379085,2.4230065359477124,153
Hooghly,2006,Summer,374.06,30.072540983606558,24.555983606557376,36.3744262295082,61.37532786885246,19.44647540983607,2.153688524590164,122
Hooghly,2006,Winter,1126.02,26.856448087431698,23.82016393442623,30.479617486338796,85.32016393442623,15.285737704918033,1.9663387978142075,183
Hooghly,2007,Autumn,1637.68,29.26823529411765,26.228954248366016,32.971372549019605,81.38771241830065,16.50901960784314,2.511045751633987,153
Hooghly,2007,Summer,392.39,30.001639344262294,24.208934426229508,36.62885245901639,59.34049180327869,20.08098360655738,2.416639344262295,122
Hooghly,2007,Winter,1720.38,26.803715846994535,23.73273224043716,30.41393442622951,86.00344262295081,15.440983606557376,2.2079234972677595,183
Hooghly,2008,Autumn,1199.36,28.832875816993464,25.89372549019608,32.483790849673206,83.06372549019608,16.513986928104575,2.348888888888889,153
Hooghly,2008,Summer,507.58,29.39639344262295,23.96295081967213,35.736639344262294,64.83368852459016,19.499016393442623,2.1975409836065576,122
Hooghly,2008,Winter,1173.29,26.581639344262292,23.50726775956284,30.184043715846997,85.78109289617487,15.70912568306011,2.053224043715847,183
Hooghly,2009,Autumn,1347.07,29.237254901960785,26.090522875816994,33.17869281045752,81.88307189542483,16.596078431372547,2.3616993464052287,153
Hooghly,2009,Summer,391.17,30.218196721311475,24.168688524590163,37.15311475409836,57.96368852459016,20.145737704918034,2.1913114754098357,122
Hooghly,2009,Winter,1223.99,26.941748633879783,23.580765027322403,30.949016393442623,83.78573770491803,15.770273224043716,1.9743715846994536,183
Hooghly,2010,Autumn,1066.78,29.31385620915033,26.188954248366013,33.41522875816993,81.75143790849673,17.387712418300655,2.4727450980392156,153
Hooghly,2010,Summer,427.59000000000003,30.90032786885246,25.16360655737705,37.965409836065575,62.10516393442623,19.626967213114753,2.657049180327869,122
Hooghly,2010,Winter,992.8,27.576284153005464,24.324590163934424,31.450491803278688,83.10005464480874,16.083825136612024,1.9839890710382513,183
Hooghly,2011,Autumn,1531.6299999999999,28.849019607843136,25.907777777777778,32.48326797385621,83.69882352941177,15.931960784313727,2.4322222222222223,153
Hooghly,2011,Summer,658.1800000000001,29.766393442622952,24.333032786885248,36.1644262295082,63.4805737704918,18.894426229508195,2.297049180327869,122
Hooghly,2011,Winter,1379.34,26.934426229508198,23.76120218579235,30.61508196721312,84.7035519125683,15.125300546448086,2.0217486338797817,183
Hooghly,2012,Autumn,893.28,30.077058823529413,26.571503267973856,34.52496732026144,76.9402614379085,17.021437908496733,2.6,153
Hooghly,2012,Summer,265.17,30.828032786885245,24.736967213114752,38.03114754098361,55.96024590163934,20.046639344262296,2.6469672131147544,122
Hooghly,2012,Winter,943.97,26.83907103825137,23.19344262295082,31.409398907103824,81.35519125683061,15.774207650273222,2.2825136612021857,183
Hooghly,2013,Autumn,1319.98,29.11666666666667,26.215555555555557,32.86732026143791,83.4162091503268,16.062418300653597,2.591372549019608,153
Hooghly,2013,Summer,545.17,30.078852459016392,24.327950819672132,36.887868852459015,60.02016393442623,18.826475409836064,2.5759016393442624,122
Hooghly,2013,Winter,1429.5,26.695409836065576,23.689617486338797,30.339726775956283,86.75371584699454,15.350000000000001,2.086174863387978,183
Hooghly,2014,Autumn,1076.96,29.984640522875814,26.61640522875817,34.23954248366013,78.73633986928104,16.835816993464054,2.6173856209150324,153
Hooghly,2014,Summer,371.62,30.773114754098362,24.637622950819672,37.90844262295082,56.82196721311475,19.51295081967213,2.4139344262295084,122
Hooghly,2014,Winter,1040.55,27.155081967213114,23.623224043715847,31.32863387978142,81.86628415300547,15.65967213114754,2.0418032786885245,183
Hooghly,2015,Autumn,1322.69,29.450522875816997,26.15934640522876,33.567843137254904,80.69679738562093,16.177647058823528,2.480718954248366,153
Hooghly,2015,Summer,435.02,29.771475409836064,24.28909836065574,36.435327868852454,61.95336065573771,19.145081967213113,2.6368852459016394,122
Hooghly,2015,Winter,1276.27,27.470983606557375,24.01054644808743,31.365792349726775,81.82989071038251,15.194863387978142,1.9517486338797816,183
Hooghly,2016,Autumn,1381.1200000000001,29.464771241830064,26.148627450980392,33.712941176470586,80.01594771241831,16.935686274509802,2.3323529411764707,153
Hooghly,2016,Summer,343.95,31.20655737704918,25.33426229508197,38.3083606557377,60.33795081967213,19.558688524590163,2.389918032786885,122
Hooghly,2016,Winter,1287.76,26.978852459016395,23.594043715846993,31.06846994535519,83.84349726775956,15.803497267759562,1.941693989071038,183
Hooghly,2017,Autumn,1520.04,29.531503267973854,26.41660130718954,33.46862745098039,81.14640522875817,16.435294117647057,2.316470588235294,153
Hooghly,2017,Summer,425.99,30.32639344262295,24.590655737704918,37.266639344262295,61.966065573770486,19.380819672131146,2.585,122
Hooghly,2017,Winter,1703.95,27.144863387978145,24.129945355191257,30.811311475409838,85.13737704918033,14.869180327868852,1.9837158469945355,183
Hooghly,2018,Autumn,1086.32,29.377581699346408,26.123921568627452,33.52320261437909,80.7718954248366,16.438692810457514,2.340588235294118,153
Hooghly,2018,Summer,426.58,29.47204918032787,23.84204918032787,36.16426229508197,64.25770491803279,18.90254098360656,2.2899180327868853,122
Hooghly,2018,Winter,1057.03,27.281857923497267,23.784371584699453,31.395956284153005,81.48535519125683,15.396448087431695,1.9024043715846994,183
Hooghly,2019,Autumn,988.33,30.303137254901962,26.691241830065362,35.008039215686274,76.81607843137255,16.964771241830068,2.6512418300653593,153
Hooghly,2019,Summer,299.72,30.454262295081968,24.602622950819672,37.58409836065574,62.042131147540985,19.799344262295083,2.6148360655737704,122
Hooghly,2019,Winter,1093.94,27.83622950819672,24.433060109289617,31.986830601092898,81.80092896174864,15.280601092896175,2.1411475409836065,183
Howrah,1997,Autumn,1293.72,29.062222222222218,26.23562091503268,32.827777777777776,82.20437908496733,16.80045751633987,2.750261437908497,153
Howrah,1997,Summer,464.75,29.635983606557378,24.48909836065574,36.10565573770492,66.45959016393442,20.45959016393443,2.6788524590163934,122
Howrah,1997,Winter,1215.83,27.080601092896174,24.11262295081967,30.666065573770492,83.66049180327869,16.019344262295082,2.2397814207650275,183
Howrah,1998,Autumn,981.13,29.56352941176471,26.825882352941175,33.2937908496732,81.99856209150327,16.621372549019608,2.8976470588235292,153
Howrah,1998,Summer,428.33,29.459016393442624,24.38827868852459,35.73991803278689,67.04131147540984,19.280081967213114,2.7954918032786886,122
Howrah,1998,Winter,1187.3,27.573989071038252,24.90590163934426,31.045737704918032,85.70377049180328,15.515136612021857,2.418688524590164,183
Howrah,1999,Autumn,1501.1,28.870392156862746,26.250588235294117,32.429150326797384,83.14287581699347,15.890130718954248,2.884313725490196,153
Howrah,1999,Summer,349.65,30.3877868852459,24.63770491803279,37.57844262295082,61.826967213114756,20.38073770491803,3.045245901639344,122
Howrah,1999,Winter,1617.38,26.628032786885246,23.7896174863388,30.105464480874318,85.76229508196721,15.314972677595629,2.3754098360655735,183
Howrah,2000,Autumn,1187.06,28.41300653594771,26.001699346405232,31.641960784313728,86.08725490196079,16.34908496732026,2.6820915032679737,153
Howrah,2000,Summer,509.87,29.017377049180325,24.235491803278688,35.042459016393444,69.71713114754098,19.251803278688524,2.7823770491803277,122
Howrah,2000,Winter,1095.41,26.943715846994536,23.983169398907105,30.48595628415301,84.83054644808743,15.870765027322404,2.2166666666666663,183
Howrah,2001,Autumn,1318.83,28.662875816993463,26.21045751633987,31.970392156862747,85.82248366013071,16.46653594771242,2.7285620915032682,153
Howrah,2001,Summer,654.39,29.702377049180328,24.677049180327867,35.78893442622951,66.38024590163934,19.04672131147541,2.706393442622951,122
Howrah,2001,Winter,1274.04,26.96224043715847,24.439234972677596,30.107650273224042,87.50775956284153,15.206120218579233,2.272622950819672,183
Howrah,2002,Autumn,1160.5,29.206274509803926,26.396601307189542,32.8824183006536,82.87359477124183,16.187385620915034,2.6744444444444446,153
Howrah,2002,Summer,476.02,30.239016393442622,24.911393442622952,36.87073770491803,65.49475409836066,19.22827868852459,2.757295081967213,122
Howrah,2002,Winter,1141.81,26.67928961748634,23.826284153005464,30.114262295081968,85.6755737704918,15.549125683060108,2.2510928961748635,183
Howrah,2003,Autumn,945.64,29.581503267973858,26.676601307189543,33.57483660130719,80.63450980392157,17.277058823529412,2.9299346405228754,153
Howrah,2003,Summer,505.39,30.186311475409838,24.95483606557377,36.78147540983607,64.21918032786886,19.621885245901638,2.898032786885246,122
Howrah,2003,Winter,1177.13,27.181366120218577,24.357486338797816,30.728743169398907,84.59382513661203,15.613934426229507,2.4040437158469947,183
Howrah,2004,Autumn,1093.35,29.23699346405229,26.45875816993464,32.98516339869281,81.90915032679739,16.765228758169933,2.9213071895424836,153
Howrah,2004,Summer,417.16,30.39188524590164,24.99254098360656,37.235573770491804,64.39950819672131,20.217868852459016,2.8373770491803283,122
Howrah,2004,Winter,1255.07,26.63,23.69409836065574,30.194699453551912,84.79459016393443,15.468469945355192,2.373497267759563,183
Howrah,2005,Autumn,999.29,29.479673202614382,26.619934640522875,33.354248366013074,81.09692810457517,17.14967320261438,2.842875816993464,153
Howrah,2005,Summer,350.65000000000003,30.435000000000002,25.31844262295082,36.91270491803279,65.50204918032787,20.106475409836065,2.8431967213114753,122
Howrah,2005,Winter,1179.6,27.10808743169399,24.111475409836064,30.81103825136612,83.58081967213116,15.447377049180327,2.3982513661202187,183
Howrah,2006,Autumn,1410.62,28.752810457516343,26.27954248366013,31.961437908496734,84.57535947712418,16.463202614379085,2.67921568627451,153
Howrah,2006,Summer,383.65,29.877950819672133,24.95770491803279,35.84204918032787,65.42795081967213,19.44647540983607,2.442868852459016,122
Howrah,2006,Winter,1315.35,26.912513661202183,24.114153005464484,30.27256830601093,85.86491803278689,15.285737704918033,2.1885792349726776,183
Howrah,2007,Autumn,1680.92,29.092091503267977,26.443202614379086,32.48954248366013,82.88588235294118,16.50901960784314,2.7266666666666666,153
Howrah,2007,Summer,390.14,29.7927868852459,24.519344262295082,36.111393442622955,63.56450819672131,20.08098360655738,2.6687704918032784,122
Howrah,2007,Winter,1777.97,26.86098360655738,24.039289617486336,30.231202185792352,86.25065573770492,15.440983606557376,2.3812021857923495,183
Howrah,2008,Autumn,1289.98,28.673529411764708,26.133464052287582,31.979150326797388,84.54320261437908,16.513986928104575,2.6501960784313727,153
Howrah,2008,Summer,553.75,29.244918032786885,24.39467213114754,35.25549180327869,69.07122950819672,19.499016393442623,2.4469672131147537,122
Howrah,2008,Winter,1269.92,26.61633879781421,23.826994535519127,29.932622950819674,86.22327868852459,15.70912568306011,2.2949726775956285,183
Howrah,2009,Autumn,1382.38,29.07235294117647,26.369411764705884,32.62732026143791,83.54300653594771,16.596078431372547,2.594575163398693,153
Howrah,2009,Summer,399.81,30.11393442622951,24.693688524590165,36.62311475409837,62.72795081967213,20.145737704918034,2.4275409836065576,122
Howrah,2009,Winter,1251.38,27.02169398907104,23.929781420765025,30.779672131147542,84.20513661202186,15.770273224043716,2.1663387978142077,183
Howrah,2010,Autumn,1117.32,29.16294117647059,26.517843137254903,32.814313725490194,83.12424836601308,17.387712418300655,2.689673202614379,153
Howrah,2010,Summer,419.84,30.694918032786887,25.67286885245902,37.24549180327869,66.1360655737705,19.626967213114753,2.996967213114754,122
Howrah,2010,Winter,1065.99,27.620382513661202,24.70169398907104,31.154043715846992,83.79535519125683,16.083825136612024,2.15,183
Howrah,2011,Autumn,1568.98,28.768039215686276,26.195882352941176,32.139150326797385,84.6483660130719,15.931960784313727,2.646143790849673,153
Howrah,2011,Summer,644.25,29.591639344262294,24.713852459016394,35.68688524590164,67.07409836065574,18.894426229508195,2.605,122
Howrah,2011,Winter,1429.76,27.02579234972678,24.059945355191257,30.539508196721307,84.64273224043717,15.125300546448086,2.196120218579235,183
Howrah,2012,Autumn,918.32,29.70732026143791,26.713660130718953,33.79424836601307,79.53627450980392,17.021437908496733,2.934575163398693,153
Howrah,2012,Summer,271.26,30.51237704918033,25.155409836065573,37.24967213114754,61.8122131147541,20.046639344262296,2.930327868852459,122
Howrah,2012,Winter,959.29,26.845573770491804,23.524808743169398,31.083224043715845,82.42978142076502,15.774207650273222,2.5399453551912567,183
Howrah,2013,Autumn,1437.18,28.96091503267974,26.437058823529412,32.40130718954248,84.39901960784313,16.062418300653597,2.911699346405229,153
Howrah,2013,Summer,563.0699999999999,29.896967213114753,24.730655737704918,36.3394262295082,65.12262295081968,18.826475409836064,2.9742622950819673,122
Howrah,2013,Winter,1605.98,26.792732240437157,24.00928961748634,30.245027322404372,86.56207650273224,15.350000000000001,2.3175956284153005,183
Howrah,2014,Autumn,1157.28,29.68745098039216,26.82,33.503398692810464,81.0975816993464,16.835816993464054,2.8923529411764703,153
Howrah,2014,Summer,402.53,30.64672131147541,25.108852459016394,37.35295081967213,61.33147540983606,19.51295081967213,2.6853278688524593,122
Howrah,2014,Winter,1099.87,27.15453551912568,23.93289617486339,30.981748633879782,82.77939890710383,15.65967213114754,2.2362295081967214,183
Howrah,2015,Autumn,1396.0,29.245555555555555,26.395686274509803,32.97078431372549,82.35385620915032,16.177647058823528,2.7391503267973856,153
Howrah,2015,Summer,426.36,29.51106557377049,24.606967213114757,35.73024590163934,65.85745901639343,19.145081967213113,2.868688524590164,122
Howrah,2015,Winter,1368.55,27.49590163934426,24.307486338797816,31.143387978142076,82.49213114754097,15.194863387978142,2.1490710382513663,183
Howrah,2016,Autumn,1406.39,29.299738562091502,26.426797385620915,33.19849673202614,81.40320261437908,16.935686274509802,2.516013071895425,153
Howrah,2016,Summer,338.28,30.8583606557377,25.683524590163934,37.58377049180328,65.08590163934426,19.558688524590163,2.6721311475409837,122
Howrah,2016,Winter,1359.92,26.97054644808743,23.89469945355191,30.75928961748634,84.27431693989071,15.803497267759562,2.0833333333333335,183
Howrah,2017,Autumn,1527.61,29.40450980392157,26.642875816993463,33.08470588235294,82.13934640522875,16.435294117647057,2.561045751633987,153
Howrah,2017,Summer,412.67,29.932704918032787,24.898114754098362,36.415983606557376,66.89270491803279,19.380819672131146,2.8741803278688525,122
Howrah,2017,Winter,1741.42,27.237158469945353,24.45448087431694,30.67907103825137,85.0536612021858,14.869180327868852,2.1701092896174865,183
Howrah,2018,Autumn,1213.89,29.216274509803924,26.368169934640523,33.019803921568624,82.1970588235294,16.438692810457514,2.56562091503268,153
Howrah,2018,Summer,471.4,29.398032786885246,24.358852459016394,35.74180327868852,67.82877049180328,18.90254098360656,2.589016393442623,122
Howrah,2018,Winter,1206.7,27.327868852459016,24.131147540983605,31.115245901639344,82.11606557377048,15.396448087431695,2.052841530054645,183
Howrah,2019,Autumn,1074.81,30.03751633986928,26.896666666666665,34.3681045751634,78.75653594771242,16.964771241830068,2.9151633986928105,153
Howrah,2019,Summer,299.86,30.016147540983606,24.912540983606558,36.59729508196721,67.39696721311476,19.799344262295083,2.8631147540983606,122
Howrah,2019,Winter,1287.37,27.808196721311475,24.690874316939894,31.6924043715847,82.53021857923498,15.280601092896175,2.311584699453552,183
Jalpaiguri,1997,Autumn,1254.85,29.26372549019608,25.25588235294118,33.672810457516334,71.08058823529412,17.801176470588235,1.7315032679738562,153
Jalpaiguri,1997,Summer,363.72,29.073524590163935,22.422622950819672,36.038688524590164,39.77745901639344,18.66655737704918,1.8772131147540985,122
Jalpaiguri,1997,Winter,1187.1100000000001,26.769726775956283,23.186666666666667,30.930874316939892,75.96360655737705,16.524535519125685,1.4566666666666666,183
Jalpaiguri,1998,Autumn,1497.19,29.028562091503268,25.723660130718955,32.74183006535948,78.38745098039216,15.947124183006535,1.6686274509803922,153
Jalpaiguri,1998,Summer,483.76,28.30049180327869,22.431065573770493,34.646229508196726,51.487131147540985,18.479754098360658,1.806639344262295,122
Jalpaiguri,1998,Winter,1609.42,26.9455737704918,23.923224043715845,30.503770491803277,82.12098360655737,14.966612021857923,1.443551912568306,183
Jalpaiguri,1999,Autumn,1595.45,28.621045751633982,25.393856209150325,32.230196078431376,78.69777777777777,15.847581699346405,1.6405882352941177,153
Jalpaiguri,1999,Summer,484.67,29.2372131147541,22.99409836065574,35.99147540983606,45.23934426229508,19.06237704918033,1.7792622950819672,122
Jalpaiguri,1999,Winter,1522.46,26.451092896174863,23.39109289617486,29.999234972677595,81.35360655737705,15.223387978142076,1.412295081967213,183
Jalpaiguri,2000,Autumn,1019.43,28.407254901960787,25.1156862745098,32.15830065359477,79.8175816993464,16.379281045751636,1.6738562091503268,153
Jalpaiguri,2000,Summer,523.85,27.75622950819672,22.16844262295082,33.970245901639345,53.43688524590164,18.316885245901638,1.7729508196721313,122
Jalpaiguri,2000,Winter,898.5,26.839562841530057,23.39786885245902,31.013333333333332,77.82830601092896,15.900819672131147,1.4405464480874317,183
Jalpaiguri,2001,Autumn,1209.21,28.830065359477125,25.454901960784312,32.67130718954248,78.41477124183005,17.02901960784314,1.6631372549019607,153
Jalpaiguri,2001,Summer,451.1,28.50704918032787,22.75237704918033,34.9277868852459,48.7533606557377,19.91426229508197,1.8260655737704918,122
Jalpaiguri,2001,Winter,1263.03,26.78256830601093,23.623224043715847,30.510163934426227,80.6663387978142,15.781475409836066,1.3819672131147542,183
Jalpaiguri,2002,Autumn,1405.96,28.17,24.863660130718955,31.898954248366014,80.11712418300654,15.799215686274511,1.695424836601307,153
Jalpaiguri,2002,Summer,611.57,27.75762295081967,22.27409836065574,33.696639344262294,56.919754098360656,18.336721311475408,1.8152459016393443,122
Jalpaiguri,2002,Winter,1316.6000000000001,26.343333333333334,23.10950819672131,30.16896174863388,80.2948087431694,15.189617486338797,1.4244262295081969,183
Jalpaiguri,2003,Autumn,1133.95,29.042745098039216,25.501699346405232,32.98673202614379,75.43764705882353,16.839803921568627,1.6905882352941177,153
Jalpaiguri,2003,Summer,408.29,28.58065573770492,22.705409836065574,34.93303278688524,50.298852459016395,18.132213114754098,1.7700819672131147,122
Jalpaiguri,2003,Winter,1268.99,26.625300546448088,23.46273224043716,30.350437158469948,81.08584699453552,15.159508196721312,1.440054644808743,183
Jalpaiguri,2004,Autumn,1468.52,28.49470588235294,25.126143790849675,32.28032679738563,78.58124183006537,15.642156862745098,1.7269281045751632,153
Jalpaiguri,2004,Summer,450.77,28.615737704918033,23.05262295081967,34.728770491803274,54.22303278688525,17.60106557377049,1.8364754098360656,122
Jalpaiguri,2004,Winter,1546.09,26.009781420765027,22.93606557377049,29.61863387978142,82.27710382513662,15.106885245901639,1.470327868852459,183
Jalpaiguri,2005,Autumn,1440.95,29.202091503267976,25.508039215686274,33.21,74.36555555555556,16.592287581699345,1.6486274509803922,153
Jalpaiguri,2005,Summer,340.96,29.11844262295082,23.087704918032784,35.579426229508194,48.95303278688525,18.59983606557377,1.7709016393442625,122
Jalpaiguri,2005,Winter,1612.84,26.77688524590164,23.522131147540986,30.496612021857924,79.51628415300546,15.456338797814208,1.4271038251366122,183
Jalpaiguri,2006,Autumn,1316.42,28.698496732026143,25.2762091503268,32.50555555555556,77.57673202614379,16.631176470588237,1.708235294117647,153
Jalpaiguri,2006,Summer,466.06,28.422622950819672,22.727295081967213,34.6616393442623,50.8683606557377,18.65286885245902,1.7588524590163936,122
Jalpaiguri,2006,Winter,1232.83,26.521147540983605,23.279071038251363,30.318360655737706,79.24136612021859,15.694918032786886,1.3969945355191258,183
Jalpaiguri,2007,Autumn,1673.65,28.650849673202615,25.195751633986927,32.414052287581704,78.03169934640523,16.264183006535948,1.618169934640523,153
Jalpaiguri,2007,Summer,535.14,28.47049180327869,22.738360655737704,34.50672131147541,53.39786885245901,19.128688524590164,1.671639344262295,122
Jalpaiguri,2007,Winter,1562.25,26.50765027322404,23.336775956284153,30.20918032786885,81.24612021857924,15.070109289617486,1.4381420765027322,183
Jalpaiguri,2008,Autumn,1404.85,28.536993464052287,25.26424836601307,32.153333333333336,78.70522875816994,16.140849673202617,1.5605228758169933,153
Jalpaiguri,2008,Summer,587.97,28.45909836065574,22.917704918032786,34.375,52.872622950819675,18.401475409836067,1.6866393442622951,122
Jalpaiguri,2008,Winter,1447.03,26.348688524590166,23.273224043715846,29.977322404371588,82.02355191256831,15.58103825136612,1.3601639344262295,183
Jalpaiguri,2009,Autumn,1432.3500000000001,28.69326797385621,25.199738562091504,32.54836601307189,77.73143790849673,16.687320261437907,1.6490196078431374,153
Jalpaiguri,2009,Summer,477.66,28.57934426229508,22.80655737704918,34.82434426229508,48.78926229508197,18.95213114754098,1.6695901639344262,122
Jalpaiguri,2009,Winter,1426.27,26.627158469945357,23.25185792349727,30.528360655737703,79.94579234972677,15.678579234972677,1.4284699453551915,183
Jalpaiguri,2010,Autumn,2104.84,28.266601307189543,25.069281045751634,31.783660130718953,81.63261437908497,16.043398692810456,1.565424836601307,153
Jalpaiguri,2010,Summer,717.02,29.051803278688524,23.3544262295082,35.23786885245902,51.9233606557377,18.01360655737705,1.7236885245901639,122
Jalpaiguri,2010,Winter,1954.1,26.31502732240437,23.317759562841527,29.767486338797813,84.49218579234973,14.935245901639345,1.3797814207650274,183
Jalpaiguri,2011,Autumn,2013.52,28.34908496732026,25.069607843137256,31.999281045751637,80.15281045751634,16.50888888888889,1.6922222222222223,153
Jalpaiguri,2011,Summer,612.1800000000001,28.02188524590164,22.4627868852459,34.15934426229508,53.8417213114754,18.445737704918034,1.7107377049180328,122
Jalpaiguri,2011,Winter,1839.54,26.319890710382513,23.176284153005465,29.959672131147542,82.39109289617487,15.614207650273224,1.4402732240437157,183
Jalpaiguri,2012,Autumn,1608.72,29.09333333333333,25.648496732026143,32.93431372549019,77.34228758169935,16.35346405228758,1.559281045751634,153
Jalpaiguri,2012,Summer,560.48,28.66901639344262,22.825,35.15762295081967,49.657459016393446,19.078688524590163,1.7668032786885246,122
Jalpaiguri,2012,Winter,1528.06,26.54513661202186,23.14081967213115,30.67775956284153,78.31546448087431,15.591584699453554,1.3803825136612022,183
Jalpaiguri,2013,Autumn,1742.6,28.58091503267974,25.424183006535948,32.00614379084967,79.8075816993464,16.701960784313727,1.3647058823529412,153
Jalpaiguri,2013,Summer,703.89,28.591475409836065,23.10688524590164,34.68688524590164,51.1727868852459,18.688688524590162,1.5872131147540982,122
Jalpaiguri,2013,Winter,1724.29,26.49852459016393,23.651092896174863,29.809125683060106,82.93174863387978,15.689398907103824,1.2193442622950819,183
Jalpaiguri,2014,Autumn,1527.84,29.157712418300655,25.85013071895425,32.81522875816993,77.81549019607843,16.37078431372549,1.5658823529411765,153
Jalpaiguri,2014,Summer,601.83,29.294098360655738,23.227622950819672,35.786803278688524,46.87311475409837,19.189262295081967,1.6892622950819673,122
Jalpaiguri,2014,Winter,1304.58,26.935300546448087,23.836502732240437,30.549508196721312,81.22185792349727,15.544316939890711,1.3387978142076502,183
Jalpaiguri,2015,Autumn,1726.93,28.807712418300653,25.646601307189542,32.37281045751634,81.05156862745098,15.943921568627452,1.6776470588235295,153
Jalpaiguri,2015,Summer,697.0,28.628032786885246,23.461475409836066,34.452295081967215,56.784672131147545,17.561885245901642,1.846967213114754,122
Jalpaiguri,2015,Winter,1570.02,27.08846994535519,24.079945355191256,30.61535519125683,81.94562841530055,15.366885245901639,1.4356284153005465,183
Jalpaiguri,2016,Autumn,2361.36,28.520196078431372,25.707254901960784,31.655032679738564,82.67764705882354,15.658823529411766,1.587843137254902,153
Jalpaiguri,2016,Summer,1010.26,29.36967213114754,24.100983606557378,35.386065573770495,53.464999999999996,17.889098360655737,1.8996721311475409,122
Jalpaiguri,2016,Winter,2182.55,26.8424043715847,24.057650273224045,30.068797814207652,84.37934426229508,15.416994535519125,1.371912568306011,183
Jalpaiguri,2017,Autumn,2141.97,28.246078431372545,25.55156862745098,31.371764705882352,84.9862091503268,16.001960784313727,1.6237908496732025,153
Jalpaiguri,2017,Summer,869.1899999999999,27.687295081967214,22.99254098360656,33.03877049180328,63.54147540983607,17.42155737704918,1.6990983606557377,122
Jalpaiguri,2017,Winter,2016.37,26.743060109289615,23.98409836065574,30.050382513661205,84.97688524590164,15.022896174863389,1.4646994535519127,183
Jalpaiguri,2018,Autumn,2069.16,28.111045751633984,25.31830065359477,31.24235294117647,85.12647058823529,15.77562091503268,1.5033986928104577,153
Jalpaiguri,2018,Summer,982.92,27.23729508196721,22.602049180327867,32.39811475409836,64.72868852459015,17.130081967213115,1.555737704918033,122
Jalpaiguri,2018,Winter,1781.55,26.601530054644808,23.55295081967213,30.14087431693989,82.0755737704918,15.188142076502732,1.3210382513661203,183
Jalpaiguri,2019,Autumn,2468.04,28.576928104575167,25.47300653594771,32.09901960784313,82.2154248366013,15.83980392156863,1.693202614379085,153
Jalpaiguri,2019,Summer,734.33,27.76950819672131,22.45909836065574,33.74319672131148,58.84213114754098,17.85172131147541,1.778360655737705,122
Jalpaiguri,2019,Winter,2341.67,26.687267759562843,23.938360655737707,29.967978142076504,85.77486338797814,14.82103825136612,1.4313114754098362,183
Jhargram,1997,Autumn,1306.79,29.451895424836604,25.67,34.03464052287582,76.45823529411766,17.904444444444444,2.3368627450980393,153
Jhargram,1997,Summer,511.32,30.36532786885246,23.807622950819674,38.10360655737705,55.329098360655735,21.221721311475413,2.2545081967213116,122
Jhargram,1997,Winter,1285.92,26.983551912568306,23.493661202185795,31.03737704918033,81.57010928961749,16.602349726775955,1.9394535519125684,183
Jhargram,1998,Autumn,896.12,29.85235294117647,26.197124183006537,34.509803921568626,77.23254901960784,18.849477124183004,2.328627450980392,153
Jhargram,1998,Summer,325.45,29.808114754098362,23.525573770491803,37.288360655737705,61.1066393442623,21.773114754098362,2.263114754098361,122
Jhargram,1998,Winter,1052.64,27.448743169398906,24.24704918032787,31.460491803278693,82.8922950819672,16.94672131147541,1.986830601092896,183
Jhargram,1999,Autumn,1285.22,28.844967320261436,25.504117647058823,32.99928104575164,80.23882352941177,16.970522875816993,2.31562091503268,153
Jhargram,1999,Summer,379.37,30.5077868852459,23.557459016393445,38.63885245901639,54.76311475409836,21.985983606557376,2.3721311475409834,122
Jhargram,1999,Winter,1377.26,26.249562841530054,22.948142076502734,30.17311475409836,84.06939890710383,16.185081967213115,2.0195628415300546,183
Jhargram,2000,Autumn,1002.25,28.67908496732026,25.376274509803924,32.86751633986928,81.37385620915033,17.68575163398693,2.372418300653595,153
Jhargram,2000,Summer,432.85,29.226639344262296,23.18704918032787,36.673442622950816,62.7316393442623,21.556229508196722,2.347950819672131,122
Jhargram,2000,Winter,893.21,26.551639344262295,22.87989071038251,30.854371584699457,81.77617486338798,17.13622950819672,1.9818579234972677,183
Jhargram,2001,Autumn,1371.82,28.627843137254903,25.47875816993464,32.61065359477124,82.989477124183,17.278366013071896,2.4216993464052288,153
Jhargram,2001,Summer,617.78,29.925737704918035,23.79024590163934,37.01196721311475,59.19991803278689,20.327213114754098,2.2718852459016396,122
Jhargram,2001,Winter,1293.6,26.491639344262296,23.516393442622952,30.01874316939891,86.41311475409836,15.892896174863388,2.0539890710382513,183
Jhargram,2002,Autumn,1083.06,29.58437908496732,25.874836601307187,34.14562091503268,77.17013071895425,17.794444444444444,2.291437908496732,153
Jhargram,2002,Summer,407.87,30.74155737704918,24.25606557377049,38.51172131147541,58.24737704918033,21.604754098360658,2.2084426229508196,122
Jhargram,2002,Winter,1065.49,26.516994535519125,22.95136612021858,30.62928961748634,81.78338797814207,16.559071038251364,1.9626229508196722,183
Jhargram,2003,Autumn,943.57,29.66013071895425,25.942549019607842,34.42176470588235,76.63679738562092,18.381830065359477,2.4481045751633985,153
Jhargram,2003,Summer,367.45,30.569754098360654,24.112868852459016,38.340081967213116,57.1,21.522950819672133,2.3480327868852457,122
Jhargram,2003,Winter,1171.21,26.92366120218579,23.553333333333335,31.050819672131148,82.521912568306,16.43950819672131,2.098087431693989,183
Jhargram,2004,Autumn,1073.38,29.26679738562091,25.806209150326797,33.58045751633987,78.52986928104575,17.859934640522876,2.447908496732026,153
Jhargram,2004,Summer,381.77,30.454426229508197,24.056229508196722,38.06737704918033,58.227704918032785,21.967622950819674,2.1738524590163935,122
Jhargram,2004,Winter,1162.13,26.310928961748633,22.853770491803278,30.253169398907104,82.28770491803279,16.47464480874317,2.061639344262295,183
Jhargram,2005,Autumn,958.64,29.886078431372546,25.972810457516342,34.73823529411764,75.13771241830065,18.536078431372548,2.4630718954248367,153
Jhargram,2005,Summer,306.06,31.021475409836064,24.518606557377048,38.78180327868853,56.49237704918033,21.70975409836066,2.332622950819672,122
Jhargram,2005,Winter,1102.59,27.039508196721307,23.35360655737705,31.322185792349728,79.4048087431694,16.51448087431694,2.1104918032786886,183
Jhargram,2006,Autumn,1535.67,28.52777777777778,25.482745098039217,32.255686274509806,82.90098039215687,17.307581699346404,2.352287581699346,153
Jhargram,2006,Summer,512.04,29.726475409836066,23.97467213114754,36.486721311475414,61.26508196721311,20.939999999999998,2.0401639344262295,122
Jhargram,2006,Winter,1434.4,26.401803278688522,23.163606557377047,30.05983606557377,84.90699453551912,16.05710382513661,1.9513661202185795,183
Jhargram,2007,Autumn,1730.64,29.05705882352941,25.749477124183006,33.18052287581699,80.05888888888889,17.316666666666666,2.422418300653595,153
Jhargram,2007,Summer,378.89,29.7644262295082,23.681147540983606,37.00196721311475,59.743442622950816,21.27204918032787,2.318688524590164,122
Jhargram,2007,Winter,1717.48,26.522841530054645,23.224426229508197,30.419726775956285,84.5451912568306,16.023497267759563,2.1020218579234973,183
Jhargram,2008,Autumn,1389.76,28.66013071895425,25.413594771241833,32.67307189542483,81.41307189542484,17.334313725490198,2.191699346405229,153
Jhargram,2008,Summer,648.86,29.463196721311476,23.62311475409836,36.542868852459016,62.49827868852459,20.643524590163935,2.101967213114754,122
Jhargram,2008,Winter,1309.55,26.27081967213115,22.99120218579235,30.032732240437156,84.68316939890711,16.140054644808743,1.8891803278688524,183
Jhargram,2009,Autumn,1207.12,29.309542483660127,25.711764705882352,33.743202614379086,78.60679738562092,18.198039215686276,2.30640522875817,153
Jhargram,2009,Summer,289.28,30.50622950819672,23.861229508196722,38.25172131147541,53.519999999999996,21.97434426229508,2.1995901639344266,122
Jhargram,2009,Winter,1138.06,26.843934426229506,23.082021857923497,31.15863387978142,80.5724043715847,16.89464480874317,1.94775956284153,183
Jhargram,2010,Autumn,825.43,29.655555555555555,25.87888888888889,34.543137254901964,76.20673202614378,18.43176470588235,2.4294771241830064,153
Jhargram,2010,Summer,290.22,31.429426229508195,24.971803278688522,39.26549180327869,55.560409836065574,21.548360655737707,2.3090163934426227,122
Jhargram,2010,Winter,807.38,27.625846994535518,23.938415300546446,32.083661202185795,79.25502732240437,16.69912568306011,2.0057377049180327,183
Jhargram,2011,Autumn,1538.51,28.725555555555555,25.476535947712417,32.78457516339869,81.8435294117647,16.983137254901962,2.2374509803921567,153
Jhargram,2011,Summer,665.4300000000001,29.906639344262295,23.970737704918033,37.05934426229508,60.366229508196724,20.59565573770492,2.2034426229508197,122
Jhargram,2011,Winter,1422.54,26.56398907103825,23.147322404371586,30.469180327868852,83.54054644808743,15.799180327868852,1.905846994535519,183
Jhargram,2012,Autumn,1026.63,29.97300653594771,26.164313725490196,34.695686274509804,74.7516339869281,18.073660130718952,2.266732026143791,153
Jhargram,2012,Summer,289.65999999999997,30.76762295081967,24.218688524590164,38.501639344262294,54.154508196721316,21.837868852459014,2.2781967213114753,122
Jhargram,2012,Winter,1085.46,26.64295081967213,22.902349726775956,31.236775956284152,80.37174863387979,16.309016393442622,2.033715846994536,183
Jhargram,2013,Autumn,1467.99,28.894379084967323,25.605228758169932,33.015424836601305,81.55006535947712,17.19326797385621,2.3319607843137256,153
Jhargram,2013,Summer,615.4,29.76811475409836,23.58622950819672,36.956393442622954,58.7227868852459,20.44327868852459,2.3131147540983608,122
Jhargram,2013,Winter,1684.54,26.314316939890713,23.158797814207652,30.058852459016396,85.58169398907104,15.554590163934424,1.9950819672131148,183
Jhargram,2014,Autumn,1225.25,29.648823529411768,25.963398692810458,34.12084967320261,77.12450980392157,17.807385620915035,2.3684967320261436,153
Jhargram,2014,Summer,378.53000000000003,30.279262295081967,24.06450819672131,37.509590163934426,57.45803278688525,21.047131147540984,2.1705737704918033,122
Jhargram,2014,Winter,1178.6,26.810601092896174,23.07486338797814,31.07535519125683,80.78688524590164,16.415573770491804,1.9227868852459016,183
Jhargram,2015,Autumn,1199.87,29.31313725490196,25.58346405228758,33.94555555555556,78.47032679738561,17.899934640522876,2.3794771241830066,153
Jhargram,2015,Summer,420.19,29.68754098360656,23.697459016393445,36.91696721311475,61.05950819672131,20.430901639344263,2.3100819672131148,122
Jhargram,2015,Winter,1142.5,27.100983606557374,23.388306010928964,31.42846994535519,80.5255737704918,16.43464480874317,2.000983606557377,183
Jhargram,2016,Autumn,1313.97,29.260261437908493,25.614183006535946,33.883594771241825,78.269477124183,17.482418300653595,2.272483660130719,153
Jhargram,2016,Summer,322.33,31.485819672131147,25.087868852459017,39.067950819672134,55.52819672131148,20.858442622950818,2.1574590163934424,122
Jhargram,2016,Winter,1268.61,26.508142076502732,22.930382513661204,30.82710382513661,82.36218579234973,16.336721311475408,1.9534426229508197,183
Jhargram,2017,Autumn,1494.97,29.38248366013072,25.82392156862745,33.80235294117647,79.34437908496733,17.193529411764708,2.1245098039215686,153
Jhargram,2017,Summer,436.45,30.251311475409835,23.952704918032786,37.95959016393442,60.81983606557377,21.26090163934426,2.234016393442623,122
Jhargram,2017,Winter,1627.12,26.920874316939894,23.58743169398907,30.860218579234974,83.16989071038252,15.516994535519126,1.8491256830601093,183
Jhargram,2018,Autumn,1138.31,29.280915032679736,25.60111111111111,33.80568627450981,78.52065359477125,16.667124183006536,2.2634640522875817,153
Jhargram,2018,Summer,423.78000000000003,29.40254098360656,23.443770491803278,36.73196721311476,63.01344262295082,20.273360655737704,2.1952459016393444,122
Jhargram,2018,Winter,1147.38,27.030983606557378,23.26120218579235,31.282513661202184,79.9515300546448,15.56382513661202,1.9169398907103825,183
Jhargram,2019,Autumn,1033.31,30.15823529411765,26.07921568627451,35.345555555555556,74.61647058823529,17.79248366013072,2.4108496732026143,153
Jhargram,2019,Summer,313.88,30.228524590163936,23.751967213114753,38.02360655737705,60.55204918032787,21.39540983606557,2.2399999999999998,122
Jhargram,2019,Winter,1148.01,27.528743169398908,23.867978142076502,31.953060109289616,80.5987431693989,15.597431693989071,2.0429508196721313,183
Kalimpong,1997,Autumn,1063.65,22.857058823529414,19.14385620915033,27.169607843137253,75.36830065359477,17.89202614379085,0.9869281045751634,153
Kalimpong,1997,Summer,319.09000000000003,20.96483606557377,15.594918032786884,27.058196721311475,48.168934426229505,17.970000000000002,1.1639344262295082,122
Kalimpong,1997,Winter,1017.74,20.731530054644807,17.52153005464481,24.89896174863388,79.3187431693989,16.305628415300546,0.8540437158469945,183
Kalimpong,1998,Autumn,1185.2,23.028692810457514,19.8818954248366,26.875424836601304,82.06549019607843,16.43176470588235,0.9422222222222222,153
Kalimpong,1998,Summer,408.91,20.94737704918033,16.10360655737705,26.59934426229508,58.388934426229504,18.243524590163936,1.106967213114754,122
Kalimpong,1998,Winter,1241.72,21.458360655737707,18.629945355191257,25.301639344262295,83.49693989071038,15.289890710382515,0.8358469945355191,183
Kalimpong,1999,Autumn,1226.14,22.768366013071894,19.50843137254902,26.736339869281046,81.4081045751634,16.442549019607842,0.9422875816993463,153
Kalimpong,1999,Summer,382.21,22.010245901639344,16.770901639344263,28.15590163934426,50.33459016393442,17.984098360655736,1.1649180327868853,122
Kalimpong,1999,Winter,1185.1,20.974262295081967,18.044754098360656,24.926284153005465,82.13245901639344,14.982459016393442,0.8326229508196722,183
Kalimpong,2000,Autumn,872.57,22.63437908496732,19.45986928104575,26.632679738562093,82.93464052287581,14.798562091503268,0.9490196078431372,153
Kalimpong,2000,Summer,392.45,20.783032786885247,16.126475409836065,26.465737704918034,57.74827868852459,16.29377049180328,1.112295081967213,122
Kalimpong,2000,Winter,799.37,21.07879781420765,17.991857923497268,25.291147540983605,80.80704918032787,14.493060109289617,0.8444808743169399,183
Kalimpong,2001,Autumn,1000.25,22.91470588235294,19.638169934640523,27.04797385620915,82.20045751633987,15.631503267973855,0.9315686274509803,153
Kalimpong,2001,Summer,390.31,21.219016393442622,16.25688524590164,27.171311475409837,54.463606557377055,17.472868852459015,1.126639344262295,122
Kalimpong,2001,Winter,1024.17,21.196830601092895,18.20169398907104,25.261092896174862,82.33568306010929,14.985300546448087,0.8216939890710383,183
Kalimpong,2002,Autumn,1064.73,22.462418300653596,19.205359477124183,26.4959477124183,82.38967320261439,15.115294117647059,0.9361437908496731,153
Kalimpong,2002,Summer,421.75,20.767049180327867,16.245819672131148,26.28483606557377,62.3472131147541,17.16713114754098,1.0878688524590163,122
Kalimpong,2002,Winter,991.54,20.823661202185793,17.773661202185792,25.001584699453552,81.29770491803278,14.520655737704919,0.8372677595628415,183
Kalimpong,2003,Autumn,942.74,22.90313725490196,19.596339869281046,26.968366013071893,79.35084967320262,14.963333333333333,0.9539215686274509,153
Kalimpong,2003,Summer,332.99,21.034590163934425,16.209098360655737,26.779262295081967,57.23918032786885,15.699180327868852,1.0884426229508195,122
Kalimpong,2003,Winter,1043.24,21.05672131147541,18.152459016393443,25.008743169398908,82.52005464480874,14.129726775956282,0.8361748633879782,183
Kalimpong,2004,Autumn,1135.59,22.534575163398692,19.37359477124183,26.442875816993464,82.07385620915032,14.274705882352942,0.9619607843137256,153
Kalimpong,2004,Summer,333.05,21.37139344262295,16.830901639344262,26.90122950819672,60.87073770491803,15.359180327868852,1.107622950819672,122
Kalimpong,2004,Winter,1175.13,20.405628415300548,17.54398907103825,24.224153005464483,83.97508196721311,14.017049180327868,0.8404371584699454,183
Kalimpong,2005,Autumn,1138.16,22.946470588235293,19.496993464052288,27.078823529411768,78.67562091503267,15.327777777777778,0.95,153
Kalimpong,2005,Summer,281.81,21.38295081967213,16.439262295081967,27.14844262295082,56.16696721311475,16.08762295081967,1.091065573770492,122
Kalimpong,2005,Winter,1243.53,21.086120218579232,18.076994535519127,25.068579234972677,81.4572131147541,14.978633879781421,0.8346994535519126,183
Kalimpong,2006,Autumn,1082.6,22.856862745098038,19.521176470588234,26.95980392156863,81.16830065359477,15.464313725490197,0.9718300653594771,153
Kalimpong,2006,Summer,345.55,21.149672131147543,16.29811475409836,26.918524590163933,57.14934426229508,15.919672131147541,1.0931967213114755,122
Kalimpong,2006,Winter,1041.92,20.94273224043716,17.885956284153007,25.057431693989074,81.42218579234972,14.692131147540982,0.8421857923497268,183
Kalimpong,2007,Autumn,1381.7,22.74607843137255,19.445947712418302,26.63124183006536,81.44666666666667,15.367647058823529,0.9405228758169935,153
Kalimpong,2007,Summer,398.55,21.203688524590163,16.485245901639345,26.719016393442622,60.334754098360655,17.23237704918033,1.0713934426229508,122
Kalimpong,2007,Winter,1274.04,20.979945355191255,18.04338797814208,24.839890710382512,83.30180327868852,14.307158469945355,0.8424043715846994,183
Kalimpong,2008,Autumn,1178.29,22.50901960784314,19.303856209150325,26.377581699346404,82.69098039215686,14.49562091503268,0.919281045751634,153
Kalimpong,2008,Summer,475.75,20.99155737704918,16.255901639344263,26.578360655737704,60.51139344262295,15.655737704918034,1.063688524590164,122
Kalimpong,2008,Winter,1209.41,20.885136612021856,18.026994535519126,24.757595628415302,83.48989071038251,14.531311475409836,0.8221311475409836,183
Kalimpong,2009,Autumn,1186.02,22.72751633986928,19.43875816993464,26.740849673202614,81.55111111111111,15.49503267973856,0.9583660130718954,153
Kalimpong,2009,Summer,413.16,21.260737704918032,16.43762295081967,27.050901639344264,55.365081967213115,16.531803278688525,1.0915573770491802,122
Kalimpong,2009,Winter,1116.91,21.04191256830601,17.996502732240437,25.126120218579235,81.39060109289618,14.993224043715845,0.8493989071038252,183
Kalimpong,2010,Autumn,1779.92,22.428169934640522,19.441764705882353,26.02575163398693,84.8859477124183,14.837385620915033,0.934967320261438,153
Kalimpong,2010,Summer,557.97,21.850163934426227,17.162704918032787,27.418032786885245,57.099262295081964,16.95393442622951,1.1168032786885247,122
Kalimpong,2010,Winter,1639.39,20.818852459016394,18.109398907103824,24.381147540983605,86.66497267759563,13.841475409836066,0.8190163934426229,183
Kalimpong,2011,Autumn,1664.35,22.41888888888889,19.218366013071893,26.267385620915032,83.88333333333333,14.824444444444444,0.9384967320261438,153
Kalimpong,2011,Summer,492.3,20.763688524590165,16.100737704918032,26.370491803278686,60.86114754098361,16.365655737704916,1.0668032786885246,122
Kalimpong,2011,Winter,1550.1100000000001,20.70054644808743,17.82928961748634,24.479562841530054,85.09169398907105,14.145464480874317,0.8127322404371584,183
Kalimpong,2012,Autumn,1317.28,23.148823529411764,19.93843137254902,27.084183006535948,80.26248366013071,15.442549019607844,0.9054248366013072,153
Kalimpong,2012,Summer,426.85,21.250245901639346,16.449754098360657,26.941967213114754,55.96680327868852,16.66450819672131,1.0997540983606557,122
Kalimpong,2012,Winter,1242.36,21.19344262295082,18.165628415300546,25.318032786885244,78.39010928961748,15.00311475409836,0.8271584699453552,183
Kalimpong,2013,Autumn,1506.3,22.778692810457514,19.653202614379087,26.530980392156863,82.17261437908496,15.422483660130718,0.852483660130719,153
Kalimpong,2013,Summer,592.76,21.376065573770493,16.699098360655736,27.01549180327869,57.3383606557377,16.146229508196722,1.0541803278688526,122
Kalimpong,2013,Winter,1477.71,21.053333333333335,18.329726775956285,24.672568306010927,83.99726775956285,14.74185792349727,0.7521311475409835,183
Kalimpong,2014,Autumn,1302.3,23.074117647058824,20.07013071895425,26.791633986928105,82.00588235294117,15.123202614379084,0.927843137254902,153
Kalimpong,2014,Summer,557.8,21.69081967213115,16.81081967213115,27.401721311475413,54.69237704918033,16.676065573770494,1.0948360655737703,122
Kalimpong,2014,Winter,1087.27,21.295628415300545,18.57846994535519,24.98125683060109,84.12311475409837,14.690109289617487,0.8210928961748634,183
Kalimpong,2015,Autumn,1392.38,22.84764705882353,20.03045751633987,26.277058823529412,84.88764705882353,15.193398692810458,0.9758823529411765,153
Kalimpong,2015,Summer,569.6,21.267704918032784,17.065327868852457,26.386147540983607,64.4483606557377,15.614508196721312,1.1012295081967212,122
Kalimpong,2015,Winter,1276.27,21.34535519125683,18.74136612021858,24.79120218579235,85.31142076502732,14.6424043715847,0.8396721311475409,183
Kalimpong,2016,Autumn,2005.78,22.595882352941178,19.99986928104575,25.714575163398692,86.6118954248366,14.264313725490197,0.9250326797385621,153
Kalimpong,2016,Summer,918.26,21.97549180327869,17.77327868852459,27.076311475409835,60.37081967213115,16.076065573770492,1.1159836065573772,122
Kalimpong,2016,Winter,1861.07,21.290819672131146,18.845081967213115,24.48928961748634,86.95633879781421,14.361584699453552,0.8110382513661202,183
Kalimpong,2017,Autumn,1801.01,22.622549019607842,19.989150326797386,25.912614379084967,86.92816993464052,14.84875816993464,0.9283006535947712,153
Kalimpong,2017,Summer,763.41,20.72401639344262,16.809262295081968,25.52450819672131,67.88532786885246,15.7427868852459,1.044016393442623,122
Kalimpong,2017,Winter,1654.23,21.285901639344264,18.72584699453552,24.758579234972675,86.33633879781421,14.734699453551912,0.843879781420765,183
Kalimpong,2018,Autumn,1877.57,22.480588235294118,19.79124183006536,25.82457516339869,87.86359477124182,14.906470588235294,0.8945751633986928,153
Kalimpong,2018,Summer,824.07,20.329918032786885,16.52377049180328,25.017131147540987,70.11204918032787,14.959016393442623,0.9911475409836066,122
Kalimpong,2018,Winter,1640.4,20.92087431693989,18.139508196721312,24.57366120218579,84.65836065573771,14.693606557377048,0.8014754098360655,183
Kalimpong,2019,Autumn,2010.85,22.742549019607843,19.882614379084966,26.217058823529413,85.1883660130719,15.100065359477124,0.9416339869281045,153
Kalimpong,2019,Summer,738.53,20.524754098360656,16.278196721311478,25.635245901639344,65.95901639344262,16.011475409836066,1.0208196721311475,122
Kalimpong,2019,Winter,1855.74,21.29743169398907,18.790437158469945,24.67846994535519,87.47267759562841,14.47360655737705,0.8178688524590163,183
Kolkata,1997,Autumn,1293.72,29.062222222222218,26.23562091503268,32.827777777777776,82.20437908496733,16.80045751633987,2.750261437908497,153
Kolkata,1997,Summer,464.75,29.635983606557378,24.48909836065574,36.10565573770492,66.45959016393442,20.45959016393443,2.6788524590163934,122
Kolkata,1997,Winter,1215.83,27.080601092896174,24.11262295081967,30.666065573770492,83.66049180327869,16.019344262295082,2.2397814207650275,183
Kolkata,1998,Autumn,981.13,29.56352941176471,26.825882352941175,33.2937908496732,81.99856209150327,16.621372549019608,2.8976470588235292,153
Kolkata,1998,Summer,428.33,29.459016393442624,24.38827868852459,35.73991803278689,67.04131147540984,19.280081967213114,2.7954918032786886,122
Kolkata,1998,Winter,1187.3,27.573989071038252,24.90590163934426,31.045737704918032,85.70377049180328,15.515136612021857,2.418688524590164,183
Kolkata,1999,Autumn,1501.1,28.870392156862746,26.250588235294117,32.429150326797384,83.14287581699347,15.890130718954248,2.884313725490196,153
Kolkata,1999,Summer,349.65,30.3877868852459,24.63770491803279,37.57844262295082,61.826967213114756,20.38073770491803,3.045245901639344,122
Kolkata,1999,Winter,1617.38,26.628032786885246,23.7896174863388,30.105464480874318,85.76229508196721,15.314972677595629,2.3754098360655735,183
Kolkata,2000,Autumn,1187.06,28.41300653594771,26.001699346405232,31.641960784313728,86.08725490196079,16.34908496732026,2.6820915032679737,153
Kolkata,2000,Summer,509.87,29.017377049180325,24.235491803278688,35.042459016393444,69.71713114754098,19.251803278688524,2.7823770491803277,122
Kolkata,2000,Winter,1095.41,26.943715846994536,23.983169398907105,30.48595628415301,84.83054644808743,15.870765027322404,2.2166666666666663,183
Kolkata,2001,Autumn,1318.83,28.662875816993463,26.21045751633987,31.970392156862747,85.82248366013071,16.46653594771242,2.7285620915032682,153
Kolkata,2001,Summer,654.39,29.702377049180328,24.677049180327867,35.78893442622951,66.38024590163934,19.04672131147541,2.706393442622951,122
Kolkata,2001,Winter,1274.04,26.96224043715847,24.439234972677596,30.107650273224042,87.50775956284153,15.206120218579233,2.272622950819672,183
Kolkata,2002,Autumn,1160.5,29.206274509803926,26.396601307189542,32.8824183006536,82.87359477124183,16.187385620915034,2.6744444444444446,153
Kolkata,2002,Summer,476.02,30.239016393442622,24.911393442622952,36.87073770491803,65.49475409836066,19.22827868852459,2.757295081967213,122
Kolkata,2002,Winter,1141.81,26.67928961748634,23.826284153005464,30.114262295081968,85.6755737704918,15.549125683060108,2.2510928961748635,183
Kolkata,2003,Autumn,945.64,29.581503267973858,26.676601307189543,33.57483660130719,80.63450980392157,17.277058823529412,2.9299346405228754,153
Kolkata,2003,Summer,505.39,30.186311475409838,24.95483606557377,36.78147540983607,64.21918032786886,19.621885245901638,2.898032786885246,122
Kolkata,2003,Winter,1177.13,27.181366120218577,24.357486338797816,30.728743169398907,84.59382513661203,15.613934426229507,2.4040437158469947,183
Kolkata,2004,Autumn,1093.35,29.23699346405229,26.45875816993464,32.98516339869281,81.90915032679739,16.765228758169933,2.9213071895424836,153
Kolkata,2004,Summer,417.16,30.39188524590164,24.99254098360656,37.235573770491804,64.39950819672131,20.217868852459016,2.8373770491803283,122
Kolkata,2004,Winter,1255.07,26.63,23.69409836065574,30.194699453551912,84.79459016393443,15.468469945355192,2.373497267759563,183
Kolkata,2005,Autumn,999.29,29.479673202614382,26.619934640522875,33.354248366013074,81.09692810457517,17.14967320261438,2.842875816993464,153
Kolkata,2005,Summer,350.65000000000003,30.435000000000002,25.31844262295082,36.91270491803279,65.50204918032787,20.106475409836065,2.8431967213114753,122
Kolkata,2005,Winter,1179.6,27.10808743169399,24.111475409836064,30.81103825136612,83.58081967213116,15.447377049180327,2.3982513661202187,183
Kolkata,2006,Autumn,1410.62,28.752810457516343,26.27954248366013,31.961437908496734,84.57535947712418,16.463202614379085,2.67921568627451,153
Kolkata,2006,Summer,383.65,29.877950819672133,24.95770491803279,35.84204918032787,65.42795081967213,19.44647540983607,2.442868852459016,122
Kolkata,2006,Winter,1315.35,26.912513661202183,24.114153005464484,30.27256830601093,85.86491803278689,15.285737704918033,2.1885792349726776,183
Kolkata,2007,Autumn,1680.92,29.092091503267977,26.443202614379086,32.48954248366013,82.88588235294118,16.50901960784314,2.7266666666666666,153
Kolkata,2007,Summer,390.14,29.7927868852459,24.519344262295082,36.111393442622955,63.56450819672131,20.08098360655738,2.6687704918032784,122
Kolkata,2007,Winter,1777.97,26.86098360655738,24.039289617486336,30.231202185792352,86.25065573770492,15.440983606557376,2.3812021857923495,183
Kolkata,2008,Autumn,1289.98,28.673529411764708,26.133464052287582,31.979150326797388,84.54320261437908,16.513986928104575,2.6501960784313727,153
Kolkata,2008,Summer,553.75,29.244918032786885,24.39467213114754,35.25549180327869,69.07122950819672,19.499016393442623,2.4469672131147537,122
Kolkata,2008,Winter,1269.92,26.61633879781421,23.826994535519127,29.932622950819674,86.22327868852459,15.70912568306011,2.2949726775956285,183
Kolkata,2009,Autumn,1382.38,29.07235294117647,26.369411764705884,32.62732026143791,83.54300653594771,16.596078431372547,2.594575163398693,153
Kolkata,2009,Summer,399.81,30.11393442622951,24.693688524590165,36.62311475409837,62.72795081967213,20.145737704918034,2.4275409836065576,122
Kolkata,2009,Winter,1251.38,27.02169398907104,23.929781420765025,30.779672131147542,84.20513661202186,15.770273224043716,2.1663387978142077,183
Kolkata,2010,Autumn,1117.32,29.16294117647059,26.517843137254903,32.814313725490194,83.12424836601308,17.387712418300655,2.689673202614379,153
Kolkata,2010,Summer,419.84,30.694918032786887,25.67286885245902,37.24549180327869,66.1360655737705,19.626967213114753,2.996967213114754,122
Kolkata,2010,Winter,1065.99,27.620382513661202,24.70169398907104,31.154043715846992,83.79535519125683,16.083825136612024,2.15,183
Kolkata,2011,Autumn,1568.98,28.768039215686276,26.195882352941176,32.139150326797385,84.6483660130719,15.931960784313727,2.646143790849673,153
Kolkata,2011,Summer,644.25,29.591639344262294,24.713852459016394,35.68688524590164,67.07409836065574,18.894426229508195,2.605,122
Kolkata,2011,Winter,1429.76,27.02579234972678,24.059945355191257,30.539508196721307,84.64273224043717,15.125300546448086,2.196120218579235,183
Kolkata,2012,Autumn,918.32,29.70732026143791,26.713660130718953,33.79424836601307,79.53627450980392,17.021437908496733,2.934575163398693,153
Kolkata,2012,Summer,271.26,30.51237704918033,25.155409836065573,37.24967213114754,61.8122131147541,20.046639344262296,2.930327868852459,122
Kolkata,2012,Winter,959.29,26.845573770491804,23.524808743169398,31.083224043715845,82.42978142076502,15.774207650273222,2.5399453551912567,183
Kolkata,2013,Autumn,1437.18,28.96091503267974,26.437058823529412,32.40130718954248,84.39901960784313,16.062418300653597,2.911699346405229,153
Kolkata,2013,Summer,563.0699999999999,29.896967213114753,24.730655737704918,36.3394262295082,65.12262295081968,18.826475409836064,2.9742622950819673,122
Kolkata,2013,Winter,1605.98,26.792732240437157,24.00928961748634,30.245027322404372,86.56207650273224,15.350000000000001,2.3175956284153005,183
Kolkata,2014,Autumn,1157.28,29.68745098039216,26.82,33.503398692810464,81.0975816993464,16.835816993464054,2.8923529411764703,153
Kolkata,2014,Summer,402.53,30.64672131147541,25.108852459016394,37.35295081967213,61.33147540983606,19.51295081967213,2.6853278688524593,122
Kolkata,2014,Winter,1099.87,27.15453551912568,23.93289617486339,30.981748633879782,82.77939890710383,15.65967213114754,2.2362295081967214,183
Kolkata,2015,Autumn,1396.0,29.245555555555555,26.395686274509803,32.97078431372549,82.35385620915032,16.177647058823528,2.7391503267973856,153
Kolkata,2015,Summer,426.36,29.51106557377049,24.606967213114757,35.73024590163934,65.85745901639343,19.145081967213113,2.868688524590164,122
Kolkata,2015,Winter,1368.55,27.49590163934426,24.307486338797816,31.143387978142076,82.49213114754097,15.194863387978142,2.1490710382513663,183
Kolkata,2016,Autumn,1406.39,29.299738562091502,26.426797385620915,33.19849673202614,81.40320261437908,16.935686274509802,2.516013071895425,153
Kolkata,2016,Summer,338.28,30.8583606557377,25.683524590163934,37.58377049180328,65.08590163934426,19.558688524590163,2.6721311475409837,122
Kolkata,2016,Winter,1359.92,26.97054644808743,23.89469945355191,30.75928961748634,84.27431693989071,15.803497267759562,2.0833333333333335,183
Kolkata,2017,Autumn,1527.61,29.40450980392157,26.642875816993463,33.08470588235294,82.13934640522875,16.435294117647057,2.561045751633987,153
Kolkata,2017,Summer,412.67,29.932704918032787,24.898114754098362,36.415983606557376,66.89270491803279,19.380819672131146,2.8741803278688525,122
Kolkata,2017,Winter,1741.42,27.237158469945353,24.45448087431694,30.67907103825137,85.0536612021858,14.869180327868852,2.1701092896174865,183
Kolkata,2018,Autumn,1213.89,29.216274509803924,26.368169934640523,33.019803921568624,82.1970588235294,16.438692810457514,2.56562091503268,153
Kolkata,2018,Summer,471.4,29.398032786885246,24.358852459016394,35.74180327868852,67.82877049180328,18.90254098360656,2.589016393442623,122
Kolkata,2018,Winter,1206.7,27.327868852459016,24.131147540983605,31.115245901639344,82.11606557377048,15.396448087431695,2.052841530054645,183
Kolkata,2019,Autumn,1074.81,30.03751633986928,26.896666666666665,34.3681045751634,78.75653594771242,16.964771241830068,2.9151633986928105,153
Kolkata,2019,Summer,299.86,30.016147540983606,24.912540983606558,36.59729508196721,67.39696721311476,19.799344262295083,2.8631147540983606,122
Kolkata,2019,Winter,1287.37,27.808196721311475,24.690874316939894,31.6924043715847,82.53021857923498,15.280601092896175,2.311584699453552,183
Maldah,1997,Autumn,865.78,30.359673202614378,26.273333333333333,34.79457516339869,70.89732026143791,18.44607843137255,2.3877124183006537,153
Maldah,1997,Summer,284.61,30.717786885245904,23.823032786885246,37.778196721311474,41.46098360655738,20.72606557377049,2.3363114754098357,122
Maldah,1997,Winter,814.75,27.72590163934426,23.795409836065577,32.121420765027324,75.47158469945354,16.853224043715848,2.069672131147541,183
Maldah,1998,Autumn,1163.6299999999999,30.089150326797387,26.641764705882352,33.9637908496732,77.16601307189542,16.91,2.294967320261438,153
Maldah,1998,Summer,355.83,29.96516393442623,23.729180327868853,36.65573770491803,51.23622950819672,19.609426229508195,2.4048360655737704,122
Maldah,1998,Winter,1260.83,27.64896174863388,24.447267759562845,31.323934426229506,83.04437158469946,15.7448087431694,1.9772131147540983,183
Maldah,1999,Autumn,1100.12,29.5902614379085,26.31901960784314,33.31686274509804,77.75751633986928,16.039019607843137,2.3257516339869277,153
Maldah,1999,Summer,332.53,30.65795081967213,23.584918032786888,38.057049180327866,44.05188524590164,19.749590163934425,2.1861475409836064,122
Maldah,1999,Winter,1051.08,27.080928961748636,23.694863387978142,30.805956284153005,81.15535519125683,15.602349726775957,2.002021857923497,183
Maldah,2000,Autumn,1026.46,29.11797385620915,25.87261437908497,32.840718954248366,80.96470588235294,16.696928104575164,2.378496732026144,153
Maldah,2000,Summer,499.82,29.000819672131147,22.923688524590165,35.55696721311475,56.26139344262295,19.07204918032787,2.192295081967213,122
Maldah,2000,Winter,879.29,27.146939890710385,23.591803278688527,31.19464480874317,80.95306010928962,16.47120218579235,1.959945355191257,183
Maldah,2001,Autumn,1012.08,29.56352941176471,26.271633986928105,33.36333333333334,79.2148366013072,17.821176470588235,2.4465359477124182,153
Maldah,2001,Summer,445.0,29.877131147540986,23.80049180327869,36.42991803278689,49.93450819672131,20.462213114754096,2.3560655737704916,122
Maldah,2001,Winter,1016.65,27.313879781420763,24.06644808743169,31.050218579234972,82.62131147540984,16.39896174863388,2.0066120218579235,183
Maldah,2002,Autumn,1134.85,29.33934640522876,25.99,33.19803921568628,79.60457516339869,16.43673202614379,2.340718954248366,153
Maldah,2002,Summer,518.09,29.61926229508197,23.70827868852459,36.112459016393444,56.034590163934425,18.98950819672131,2.1414754098360653,122
Maldah,2002,Winter,1097.07,26.905027322404372,23.45273224043716,30.680983606557376,82.4932786885246,15.90792349726776,1.9385792349726776,183
Maldah,2003,Autumn,821.3,30.042156862745095,26.39875816993464,34.21516339869281,75.06346405228757,17.70986928104575,2.410718954248366,153
Maldah,2003,Summer,416.31,29.941967213114754,23.70467213114754,36.60393442622951,52.247213114754096,18.95024590163934,2.180081967213115,122
Maldah,2003,Winter,898.66,27.42120218579235,23.99234972677596,31.380054644808745,80.7888524590164,15.88792349726776,2.104207650273224,183
Maldah,2004,Autumn,1168.44,29.53392156862745,26.147058823529413,33.35633986928105,77.70738562091503,16.605359477124182,2.4641176470588233,153
Maldah,2004,Summer,451.24,30.441885245901638,24.20754098360656,37.08622950819672,51.561229508196725,18.691147540983607,2.1501639344262293,122
Maldah,2004,Winter,1264.62,26.691092896174865,23.46136612021858,30.313715846994533,83.16655737704917,15.650983606557377,2.097814207650273,183
Maldah,2005,Autumn,979.93,30.67830065359477,26.760980392156863,34.89457516339869,71.52464052287581,17.167581699346403,2.22718954248366,153
Maldah,2005,Summer,225.95,31.345573770491804,24.85516393442623,38.06672131147541,46.774426229508194,19.319344262295083,2.098196721311475,122
Maldah,2005,Winter,1259.28,27.73,24.123387978142077,31.631803278688523,78.60409836065574,15.772349726775957,1.9592896174863388,183
Maldah,2006,Autumn,1008.84,29.419019607843136,26.08091503267974,33.14437908496732,78.9856862745098,17.61281045751634,2.3329411764705883,153
Maldah,2006,Summer,461.87,29.544262295081968,23.739918032786886,35.67327868852459,54.967540983606554,19.450327868852458,1.9675409836065574,122
Maldah,2006,Winter,879.26,27.111639344262297,23.669617486338797,31.04688524590164,81.3749180327869,16.58224043715847,1.9507650273224044,183
Maldah,2007,Autumn,1232.06,29.78921568627451,26.37954248366013,33.541111111111114,77.4262091503268,16.8259477124183,2.2941176470588234,153
Maldah,2007,Summer,430.58,30.213688524590165,24.145737704918034,36.506967213114756,51.43040983606558,19.964754098360654,2.0931967213114753,122
Maldah,2007,Winter,1245.15,27.08377049180328,23.771639344262294,30.78677595628415,83.39464480874317,15.648688524590165,2.0649726775956285,183
Maldah,2008,Autumn,979.43,29.487254901960785,26.122875816993464,33.235359477124184,78.18196078431373,17.038169934640525,2.141503267973856,153
Maldah,2008,Summer,467.73,29.885409836065573,23.8772131147541,36.03819672131147,53.358770491803284,19.607950819672133,1.9657377049180327,122
Maldah,2008,Winter,968.82,27.065956284153003,23.541475409836067,30.984918032786883,82.12158469945355,16.230819672131148,1.8995081967213117,183
Maldah,2009,Autumn,1072.59,30.207124183006535,26.439411764705884,34.38091503267974,74.019477124183,17.601633986928107,2.2401960784313726,153
Maldah,2009,Summer,311.59,30.571311475409836,23.979918032786887,37.401311475409834,45.07967213114755,20.049098360655737,2.0231967213114754,122
Maldah,2009,Winter,1101.1,27.496284153005462,23.70896174863388,31.729672131147538,78.61551912568305,16.521420765027322,1.952295081967213,183
Maldah,2010,Autumn,965.32,29.87509803921569,26.266470588235293,34.04254901960785,77.1349019607843,17.34777777777778,2.2529411764705882,153
Maldah,2010,Summer,435.09,31.011639344262296,24.538196721311476,37.88959016393442,49.815000000000005,19.279590163934426,2.2158196721311474,122
Maldah,2010,Winter,915.6899999999999,27.6631693989071,24.152131147540985,31.820655737704918,80.9920218579235,16.049398907103825,1.9601092896174863,183
Maldah,2011,Autumn,1221.6,29.48699346405229,26.10281045751634,33.26346405228758,78.76196078431373,17.04294117647059,2.4384313725490196,153
Maldah,2011,Summer,483.69,29.79155737704918,23.830081967213115,36.11655737704918,53.35827868852459,19.184344262295085,2.1853278688524593,122
Maldah,2011,Winter,1066.57,27.266775956284153,23.81710382513661,31.09781420765027,81.57409836065574,16.101967213114754,2.056994535519126,183
Maldah,2012,Autumn,901.92,30.809281045751632,26.867385620915034,35.076993464052286,71.44143790849674,17.55640522875817,2.12359477124183,153
Maldah,2012,Summer,285.56,31.2522131147541,24.527295081967214,38.28540983606557,43.75713114754098,20.127704918032787,2.225983606557377,122
Maldah,2012,Winter,943.65,27.02808743169399,23.124699453551912,31.650163934426228,77.52928961748634,16.42502732240437,2.121366120218579,183
Maldah,2013,Autumn,935.01,29.653660130718954,26.331895424836603,33.356078431372545,78.82529411764706,17.35542483660131,1.9958823529411764,153
Maldah,2013,Summer,461.29,29.9077868852459,23.938442622950816,36.23040983606557,51.329098360655735,19.245819672131145,2.1788524590163934,122
Maldah,2013,Winter,983.08,27.0451912568306,23.70464480874317,30.817377049180326,83.53371584699454,16.366830601092897,1.8183060109289617,183
Maldah,2014,Autumn,1062.34,30.43954248366013,26.822875816993463,34.46254901960785,74.87032679738562,17.118039215686274,2.163202614379085,153
Maldah,2014,Summer,394.8,30.98450819672131,24.554426229508195,37.71532786885246,46.23245901639344,20.158524590163935,2.1105737704918033,122
Maldah,2014,Winter,915.93,27.56311475409836,23.906065573770494,31.663224043715847,78.72284153005465,16.061147540983608,1.8019125683060109,183
Maldah,2015,Autumn,1042.5,30.090196078431372,26.395490196078434,34.25915032679738,76.3354248366013,16.937712418300652,2.334313725490196,153
Maldah,2015,Summer,477.11,30.189754098360655,24.301475409836065,36.578770491803276,54.05090163934426,18.673524590163936,2.5847540983606554,122
Maldah,2015,Winter,918.39,28.041092896174867,24.351475409836063,32.19912568306011,77.48868852459016,16.210327868852456,1.8677595628415302,183
Maldah,2016,Autumn,1224.66,30.034444444444446,26.585686274509804,34.0262091503268,76.5067320261438,16.927124183006537,2.3113725490196075,153
Maldah,2016,Summer,370.98,31.737950819672132,25.456311475409837,38.42581967213115,47.097131147540985,18.99065573770492,2.394754098360656,122
Maldah,2016,Winter,1118.88,27.55256830601093,24.02,31.58846994535519,80.9960655737705,16.434590163934427,1.9634426229508197,183
Maldah,2017,Autumn,1189.44,29.676601307189546,26.471960784313726,33.391176470588235,80.27333333333333,16.83830065359477,2.285032679738562,153
Maldah,2017,Summer,446.96,29.790081967213112,23.940163934426227,36.22122950819672,58.03581967213115,18.220901639344262,2.3025409836065576,122
Maldah,2017,Winter,1234.31,27.50344262295082,24.26551912568306,31.186557377049184,83.14459016393442,15.605901639344262,2.0087431693989073,183
Maldah,2018,Autumn,957.28,29.417581699346407,26.158627450980394,33.258496732026146,80.86588235294117,17.085163398692814,2.2170588235294115,153
Maldah,2018,Summer,483.75,28.924180327868854,23.410983606557377,35.07762295081967,61.694508196721316,18.402131147540985,2.0782786885245903,122
Maldah,2018,Winter,841.78,27.739562841530056,24.079617486338798,31.98125683060109,78.18857923497268,16.395245901639345,1.8545901639344262,183
Maldah,2019,Autumn,1269.31,30.36764705882353,26.690849673202614,34.638627450980394,76.15490196078431,17.08143790849673,2.4480392156862747,153
Maldah,2019,Summer,369.27,30.58983606557377,24.240081967213115,37.474344262295084,51.064918032786885,19.41655737704918,2.30172131147541,122
Maldah,2019,Winter,1267.52,27.57792349726776,24.34535519125683,31.38327868852459,83.31267759562841,15.693224043715848,2.094863387978142,183
Murshidabad,1997,Autumn,963.75,29.916470588235295,26.106928104575164,34.287058823529414,74.97013071895425,17.71535947712418,2.371699346405229,153
Murshidabad,1997,Summer,328.66,30.623032786885247,23.93950819672131,37.85713114754098,47.974016393442625,20.126393442622952,2.2761475409836067,122
Murshidabad,1997,Winter,927.57,27.349562841530055,23.701967213114756,31.549562841530054,79.26147540983607,16.369071038251366,2.0249726775956285,183
Murshidabad,1998,Autumn,1028.83,30.01457516339869,26.56921568627451,34.13777777777778,78.01372549019608,17.268496732026144,2.3049019607843135,153
Murshidabad,1998,Summer,361.3,30.024754098360656,23.66155737704918,37.11549180327869,54.82483606557377,19.70655737704918,2.3691803278688526,122
Murshidabad,1998,Winter,1087.16,27.645683060109288,24.475245901639347,31.481584699453553,83.51098360655737,16.02174863387978,1.982841530054645,183
Murshidabad,1999,Autumn,1070.93,29.438692810457514,26.176013071895422,33.31673202614379,79.15666666666667,16.393725490196076,2.418562091503268,153
Murshidabad,1999,Summer,315.45,31.064426229508197,23.87844262295082,38.80885245901639,47.1327868852459,20.034426229508195,2.3204098360655734,122
Murshidabad,1999,Winter,1076.19,26.828087431693987,23.514535519125683,30.63,83.0312568306011,15.69344262295082,2.0581420765027323,183
Murshidabad,2000,Autumn,1116.15,28.86797385620915,25.713660130718953,32.63823529411764,82.72045751633986,16.574183006535947,2.326143790849673,153
Murshidabad,2000,Summer,495.18,29.32204918032787,23.232295081967216,36.09344262295082,59.30868852459016,19.039836065573773,2.219508196721311,122
Murshidabad,2000,Winter,1014.04,26.97743169398907,23.475355191256828,30.887049180327868,82.67497267759563,16.105573770491805,1.9293442622950818,183
Murshidabad,2001,Autumn,1086.48,29.121895424836598,25.966078431372548,32.9302614379085,82.2775816993464,17.604967320261437,2.3520915032679737,153
Murshidabad,2001,Summer,595.52,29.819180327868853,23.815491803278686,36.471393442622954,55.12803278688524,19.57713114754098,2.248770491803279,122
Murshidabad,2001,Winter,1018.48,27.07377049180328,23.988360655737704,30.75639344262295,85.04672131147541,16.343770491803276,1.9827868852459019,183
Murshidabad,2002,Autumn,982.92,29.53581699346405,26.15313725490196,33.60366013071895,79.27549019607842,16.447581699346404,2.2688235294117645,153
Murshidabad,2002,Summer,456.51,30.49270491803279,24.328852459016392,37.318278688524586,55.2922131147541,18.882540983606557,2.056967213114754,122
Murshidabad,2002,Winter,958.02,26.85393442622951,23.44289617486339,30.82535519125683,83.19562841530055,15.839453551912568,1.975901639344262,183
Murshidabad,2003,Autumn,724.82,30.089019607843138,26.398496732026143,34.44450980392157,75.6386274509804,17.82509803921569,2.338562091503268,153
Murshidabad,2003,Summer,437.43,30.500901639344264,24.161311475409835,37.48467213114754,53.82049180327869,19.204016393442622,2.172622950819672,122
Murshidabad,2003,Winter,847.45,27.45732240437158,24.046284153005466,31.5144262295082,81.22387978142076,15.974918032786885,2.0156830601092897,183
Murshidabad,2004,Autumn,1063.75,29.63313725490196,26.21653594771242,33.64098039215686,77.95307189542484,17.033398692810458,2.5901307189542484,153
Murshidabad,2004,Summer,411.74,31.072295081967216,24.608770491803277,38.18549180327869,52.19844262295082,19.667704918032786,2.1914754098360656,122
Murshidabad,2004,Winter,1153.82,26.679781420765025,23.431475409836064,30.409289617486337,83.52595628415301,15.70295081967213,2.159453551912568,183
Murshidabad,2005,Autumn,751.32,30.563660130718954,26.593594771241833,35.087189542483664,72.93915032679739,17.54248366013072,2.329673202614379,153
Murshidabad,2005,Summer,196.82,31.58573770491803,24.86172131147541,38.73245901639344,50.195,19.54770491803279,2.2186065573770493,122
Murshidabad,2005,Winter,1051.14,27.578852459016396,23.973005464480877,31.682513661202183,79.49442622950819,15.70398907103825,2.0378688524590163,183
Murshidabad,2006,Autumn,1040.77,29.239477124183008,26.023333333333333,33.03006535947713,80.62183006535948,17.715620915032677,2.2456209150326796,153
Murshidabad,2006,Summer,419.97,30.108032786885243,24.312704918032786,36.40581967213115,56.203360655737704,19.51967213114754,1.8354918032786887,122
Murshidabad,2006,Winter,903.49,27.03153005464481,23.750710382513663,30.91158469945355,83.1668306010929,16.418688524590163,1.8752459016393443,183
Murshidabad,2007,Autumn,1440.77,29.59169934640523,26.253594771241833,33.35052287581699,79.14490196078431,17.034771241830068,2.317581699346405,153
Murshidabad,2007,Summer,413.01,30.29344262295082,24.13983606557377,36.84655737704918,53.794754098360656,19.630081967213115,2.135081967213115,122
Murshidabad,2007,Winter,1483.13,26.953060109289616,23.72754098360656,30.625846994535518,84.73098360655737,15.901475409836065,2.092950819672131,183
Murshidabad,2008,Autumn,1017.46,29.25797385620915,25.95326797385621,33.127450980392155,79.93869281045752,16.9718954248366,2.1254901960784314,153
Murshidabad,2008,Summer,446.35,29.870163934426227,23.89655737704918,36.33754098360656,56.959508196721316,19.324262295081965,1.974754098360656,122
Murshidabad,2008,Winter,972.9300000000001,26.87814207650273,23.465081967213113,30.76218579234973,83.38934426229508,16.07032786885246,1.906775956284153,183
Murshidabad,2009,Autumn,1137.82,29.872418300653592,26.168039215686274,34.128692810457515,76.76333333333334,17.28777777777778,2.2530065359477125,153
Murshidabad,2009,Summer,317.46,30.70360655737705,23.977622950819672,37.80508196721312,48.358688524590164,19.931803278688523,2.0244262295081965,122
Murshidabad,2009,Winter,1082.68,27.302459016393446,23.58475409836066,31.586775956284153,80.41169398907104,16.34934426229508,1.9339890710382515,183
Murshidabad,2010,Autumn,855.46,29.77222222222222,26.157254901960783,34.200196078431375,78.25562091503268,17.547124183006535,2.353006535947712,153
Murshidabad,2010,Summer,375.45,31.279426229508196,24.853688524590165,38.56188524590164,53.92024590163935,19.382704918032786,2.3112295081967216,122
Murshidabad,2010,Winter,791.03,27.8744262295082,24.255846994535517,32.18781420765027,80.23251366120218,16.255683060109288,1.9687978142076503,183
Murshidabad,2011,Autumn,1307.28,29.161111111111108,25.897908496732025,32.90450980392157,81.23934640522876,16.68013071895425,2.344705882352941,153
Murshidabad,2011,Summer,584.77,29.892377049180325,23.996639344262295,36.30385245901639,57.393524590163935,18.839426229508195,2.097622950819672,122
Murshidabad,2011,Winter,1155.95,27.11262295081967,23.768469945355193,30.90775956284153,83.13486338797814,15.615464480874317,1.9801092896174863,183
Murshidabad,2012,Autumn,783.33,30.701176470588234,26.732287581699346,35.20464052287582,72.70137254901961,17.555555555555557,2.280980392156863,153
Murshidabad,2012,Summer,233.34,31.431147540983606,24.691803278688525,38.74713114754098,46.936147540983605,20.114590163934427,2.311393442622951,122
Murshidabad,2012,Winter,873.6,27.0620218579235,23.1124043715847,31.817759562841527,78.35120218579235,16.039180327868852,2.1331147540983606,183
Murshidabad,2013,Autumn,991.3,29.497973856209146,26.258496732026146,33.30019607843138,80.90307189542483,16.929411764705883,2.256470588235294,153
Murshidabad,2013,Summer,471.73,30.23672131147541,24.21516393442623,36.884918032786885,53.33467213114754,18.78106557377049,2.20155737704918,122
Murshidabad,2013,Winter,1023.28,26.91087431693989,23.683497267759563,30.665573770491804,85.07836065573771,16.14710382513661,1.9633333333333334,183
Murshidabad,2014,Autumn,1007.28,30.389084967320258,26.71535947712418,34.67130718954248,75.61071895424837,17.082156862745098,2.303267973856209,153
Murshidabad,2014,Summer,370.42,31.105245901639346,24.563688524590162,38.26524590163934,49.53827868852459,19.929754098360654,2.1129508196721307,122
Murshidabad,2014,Winter,932.54,27.447704918032787,23.729890710382513,31.769344262295082,79.371912568306,15.728415300546448,1.8830054644808742,183
Murshidabad,2015,Autumn,1125.17,29.838431372549017,26.173790849673203,34.1216339869281,77.87660130718955,16.79202614379085,2.3186274509803924,153
Murshidabad,2015,Summer,477.84000000000003,30.15434426229508,24.257213114754098,36.867704918032786,56.58311475409836,18.625,2.4789344262295083,122
Murshidabad,2015,Winter,1037.84,27.78448087431694,24.09841530054645,31.89382513661202,79.24289617486339,15.77207650273224,1.8545901639344262,183
Murshidabad,2016,Autumn,1248.7,29.857124183006537,26.263071895424837,34.18078431372549,77.36483660130719,17.290588235294116,2.3058823529411767,153
Murshidabad,2016,Summer,314.49,31.712295081967213,25.311475409836067,38.893196721311476,51.590081967213116,19.24172131147541,2.2948360655737705,122
Murshidabad,2016,Winter,1158.59,27.300382513661205,23.715464480874317,31.51256830601093,81.90775956284153,16.457431693989072,1.937377049180328,183
Murshidabad,2017,Autumn,1252.79,29.497254901960783,26.2718954248366,33.40856209150327,81.07202614379085,16.61202614379085,2.1845098039215687,153
Murshidabad,2017,Summer,472.59,30.147131147540982,24.194426229508196,36.96188524590164,58.45877049180328,18.695245901639346,2.229016393442623,122
Murshidabad,2017,Winter,1321.25,27.27983606557377,24.05688524590164,31.098688524590166,84.11180327868853,15.227103825136611,1.9526775956284153,183
Murshidabad,2018,Autumn,931.39,29.600718954248364,26.115555555555556,33.76477124183007,79.36718954248366,16.741960784313726,2.2007843137254905,153
Murshidabad,2018,Summer,407.08,29.514262295081966,23.623852459016394,36.23344262295082,59.70688524590164,18.49393442622951,2.0509016393442625,122
Murshidabad,2018,Winter,885.34,27.6451912568306,23.886284153005462,31.958524590163933,78.73939890710382,16.034535519125683,1.8284153005464483,183
Murshidabad,2019,Autumn,953.74,30.449215686274506,26.596339869281046,35.12084967320261,75.48372549019608,17.293529411764705,2.443856209150327,153
Murshidabad,2019,Summer,346.11,30.814262295081967,24.340573770491805,38.04459016393442,54.02180327868852,19.51172131147541,2.2594262295081964,122
Murshidabad,2019,Winter,965.57,27.817486338797817,24.363715846994538,31.965628415300547,81.63267759562842,15.525136612021857,2.070601092896175,183
Nadia,1997,Autumn,1026.59,29.27202614379085,25.874444444444443,33.43862745098039,79.77124183006536,17.23888888888889,2.4644444444444447,153
Nadia,1997,Summer,388.81,29.944426229508196,23.79827868852459,36.94426229508196,56.608032786885246,20.107950819672133,2.3678688524590163,122
Nadia,1997,Winter,969.4399999999999,27.11677595628415,23.72360655737705,31.16289617486339,81.70770491803279,16.235464480874317,2.0503825136612024,183
Nadia,1998,Autumn,904.51,29.71385620915033,26.530718954248364,33.78673202614379,80.25692810457517,17.375686274509803,2.454183006535948,153
Nadia,1998,Summer,389.15,29.645901639344263,23.720245901639345,36.65901639344262,60.03229508196721,19.780573770491802,2.512540983606557,122
Nadia,1998,Winter,986.2,27.61901639344262,24.557814207650274,31.459890710382513,84.48109289617487,16.130382513661203,2.093497267759563,183
Nadia,1999,Autumn,1140.74,29.03830065359477,25.99934640522876,32.882810457516335,81.9118954248366,16.446143790849675,2.5390196078431373,153
Nadia,1999,Summer,330.9,30.948114754098363,24.226803278688525,38.571557377049174,52.45909836065574,20.24065573770492,2.6124590163934425,122
Nadia,1999,Winter,1173.87,26.693715846994536,23.618907103825137,30.437540983606556,85.28349726775956,15.801420765027322,2.1077049180327867,183
Nadia,2000,Autumn,1170.53,28.50516339869281,25.620588235294118,32.09496732026144,85.1726797385621,16.607581699346404,2.3486928104575164,153
Nadia,2000,Summer,505.19,29.283360655737706,23.62122950819672,35.8627868852459,63.498770491803285,19.323032786885246,2.402459016393443,122
Nadia,2000,Winter,1084.6299999999999,26.950000000000003,23.70808743169399,30.708688524590162,84.41338797814207,16.121967213114754,1.9413661202185792,183
Nadia,2001,Autumn,1133.97,28.70124183006536,25.81235294117647,32.34849673202614,85.03418300653594,17.145555555555557,2.3811764705882354,153
Nadia,2001,Summer,662.33,29.649754098360656,23.96327868852459,36.10442622950819,60.213278688524596,19.436475409836067,2.3765573770491804,122
Nadia,2001,Winter,1045.6,26.970218579234974,24.073497267759564,30.547103825136613,86.54617486338798,15.822459016393443,2.0189071038251365,183
Nadia,2002,Autumn,928.21,29.304183006535947,26.092222222222222,33.29418300653595,81.36797385620915,16.17529411764706,2.374705882352941,153
Nadia,2002,Summer,444.02,30.477295081967213,24.488360655737704,37.3083606557377,58.76172131147541,18.920081967213115,2.324672131147541,122
Nadia,2002,Winter,901.5600000000001,26.837868852459017,23.62136612021858,30.77377049180328,84.42939890710383,15.616666666666665,2.034207650273224,183
Nadia,2003,Autumn,733.0600000000001,29.840718954248366,26.392418300653596,34.13294117647059,78.0635294117647,17.50581699346405,2.4580392156862745,153
Nadia,2003,Summer,470.09,30.44360655737705,24.448852459016397,37.37811475409836,58.173770491803275,19.451147540983605,2.420655737704918,122
Nadia,2003,Winter,887.05,27.329125683060106,24.120218579234972,31.325081967213112,82.90628415300547,15.745409836065573,2.076448087431694,183
Nadia,2004,Autumn,985.05,29.395294117647055,26.16830065359477,33.392745098039214,79.91307189542484,17.150718954248365,2.6641176470588235,153
Nadia,2004,Summer,396.33,30.92639344262295,24.817049180327867,37.997213114754096,56.89483606557377,20.040819672131146,2.4754098360655736,122
Nadia,2004,Winter,1079.2,26.631639344262297,23.51153005464481,30.431967213114756,84.63459016393442,15.827650273224044,2.200710382513661,183
Nadia,2005,Autumn,690.3,30.099150326797385,26.4737908496732,34.54424836601307,76.24712418300653,17.594117647058823,2.42921568627451,153
Nadia,2005,Summer,223.29,31.251311475409835,24.99795081967213,38.32631147540984,55.713196721311476,20.04262295081967,2.436393442622951,122
Nadia,2005,Winter,933.35,27.42857923497268,24.04792349726776,31.56437158469945,81.3327868852459,15.820491803278689,2.1062295081967215,183
Nadia,2006,Autumn,1002.67,29.008954248366013,25.980980392156862,32.757189542483665,82.15666666666667,17.246601307189543,2.3605228758169936,153
Nadia,2006,Summer,359.21,30.2444262295082,24.572131147540986,36.587786885245905,58.219836065573766,19.517295081967212,2.0352459016393443,122
Nadia,2006,Winter,887.51,27.019562841530053,23.87830601092896,30.92311475409836,83.76213114754098,16.086666666666666,1.9630601092896176,183
Nadia,2007,Autumn,1597.74,29.184509803921564,26.107777777777777,32.86281045751634,81.81183006535947,17.17908496732026,2.375686274509804,153
Nadia,2007,Summer,431.11,30.02434426229508,24.142540983606555,36.61647540983606,57.31737704918033,20.02885245901639,2.2702459016393446,122
Nadia,2007,Winter,1686.14,26.828469945355188,23.709836065573768,30.49158469945355,86.09338797814208,15.981967213114753,2.13327868852459,183
Nadia,2008,Autumn,1085.6200000000001,28.89607843137255,25.836143790849672,32.62418300653595,82.56764705882352,16.780065359477124,2.272745098039216,153
Nadia,2008,Summer,455.99,29.72393442622951,24.024836065573773,36.19614754098361,61.37959016393443,19.34762295081967,2.148606557377049,122
Nadia,2008,Winter,1068.9,26.70273224043716,23.512076502732242,30.449562841530057,85.14038251366121,15.8748087431694,2.0269398907103824,183
Nadia,2009,Autumn,1307.9,29.2956862745098,26.024575163398694,33.26764705882353,81.20660130718954,17.30653594771242,2.285359477124183,153
Nadia,2009,Summer,368.75,30.43877049180328,24.208360655737707,37.391311475409836,54.479672131147545,20.236147540983605,2.1400819672131144,122
Nadia,2009,Winter,1227.73,27.049234972677596,23.671475409836066,31.099398907103822,83.76661202185792,16.39049180327869,1.9484699453551912,183
Nadia,2010,Autumn,1034.12,29.096339869281046,25.975555555555555,33.08431372549019,82.99013071895425,17.56437908496732,2.3622222222222224,153
Nadia,2010,Summer,459.31,30.830901639344262,25.052868852459014,37.85081967213115,60.68844262295082,19.654754098360655,2.5994262295081967,122
Nadia,2010,Winter,952.17,27.51950819672131,24.266775956284153,31.39377049180328,83.74371584699453,16.3624043715847,1.9380874316939891,183
Nadia,2011,Autumn,1420.73,28.81849673202614,25.784771241830068,32.480522875816995,83.71183006535948,16.49666666666667,2.36,153
Nadia,2011,Summer,616.66,29.674672131147542,24.14032786885246,36.0288524590164,62.22532786885246,18.892540983606555,2.1955737704918032,122
Nadia,2011,Winter,1261.44,27.044207650273226,23.81743169398907,30.854371584699457,84.21453551912569,15.547759562841529,1.9780874316939892,183
Nadia,2012,Autumn,838.29,30.175098039215687,26.562810457516342,34.60823529411765,76.37535947712418,17.43967320261438,2.5101307189542483,153
Nadia,2012,Summer,251.29,31.069262295081966,24.809426229508198,38.29163934426229,52.51639344262295,20.223442622950817,2.5657377049180328,122
Nadia,2012,Winter,914.8,26.917431693989073,23.186120218579237,31.56497267759563,80.7851912568306,15.911038251366119,2.2324043715846993,183
Nadia,2013,Autumn,1131.78,29.0459477124183,26.100196078431374,32.777908496732024,83.88986928104575,16.521045751633984,2.536013071895425,153
Nadia,2013,Summer,502.39,30.06450819672131,24.25409836065574,36.775983606557375,58.43114754098361,18.838852459016394,2.4562295081967216,122
Nadia,2013,Winter,1151.14,26.777103825136614,23.744754098360655,30.45136612021858,86.73524590163935,15.79032786885246,2.065901639344262,183
Nadia,2014,Autumn,1057.85,29.94437908496732,26.563333333333333,34.12496732026144,78.92333333333333,17.038169934640525,2.508169934640523,153
Nadia,2014,Summer,395.15,30.99762295081967,24.66516393442623,38.22262295081967,53.95909836065574,19.86909836065574,2.3230327868852463,122
Nadia,2014,Winter,1006.25,27.280054644808743,23.773005464480875,31.475573770491803,81.44459016393444,15.847377049180329,1.9635519125683059,183
Nadia,2015,Autumn,1338.56,29.326274509803923,26.02281045751634,33.39098039215686,81.35980392156863,16.72732026143791,2.3363398692810455,153
Nadia,2015,Summer,552.38,29.53688524590164,24.04688524590164,36.119180327868854,62.08540983606557,18.8805737704918,2.4609016393442626,122
Nadia,2015,Winter,1280.85,27.584043715846995,24.174863387978142,31.47568306010929,81.64229508196722,15.719726775956284,1.8550273224043716,183
Nadia,2016,Autumn,1628.68,29.128104575163402,25.91653594771242,33.15274509803921,82.46928104575163,17.197058823529414,2.193921568627451,153
Nadia,2016,Summer,481.79,30.74377049180328,24.957786885245902,37.64409836065574,61.286147540983606,19.52655737704918,2.292786885245902,122
Nadia,2016,Winter,1504.45,27.022513661202186,23.69497267759563,31.00256830601093,84.85841530054645,16.259071038251367,1.858743169398907,183
Nadia,2017,Autumn,1666.12,28.82725490196078,26.000261437908495,32.37470588235294,85.47712418300654,16.564117647058822,2.1254901960784314,153
Nadia,2017,Summer,670.88,29.365573770491803,24.00155737704918,35.81106557377049,66.42991803278689,19.07967213114754,2.3204098360655734,122
Nadia,2017,Winter,1817.22,26.968579234972676,24.018360655737702,30.549672131147542,86.65786885245902,15.026284153005465,1.9257377049180329,183
Nadia,2018,Autumn,1185.4,28.81045751633987,25.807450980392158,32.58797385620915,84.70647058823529,16.655751633986927,2.18,153
Nadia,2018,Summer,628.34,28.636639344262296,23.3805737704918,34.86180327868853,68.27680327868853,18.65032786885246,1.975983606557377,122
Nadia,2018,Winter,1074.46,27.272622950819674,23.89065573770492,31.304808743169396,82.23688524590165,15.817540983606557,1.832622950819672,183
Nadia,2019,Autumn,1348.44,29.649738562091503,26.31797385620915,33.914640522875814,81.31457516339869,17.340065359477126,2.4530718954248365,153
Nadia,2019,Summer,487.09,30.074590163934424,24.218196721311475,37.02663934426229,62.71950819672131,19.785081967213117,2.441639344262295,122
Nadia,2019,Winter,1451.04,27.401092896174863,24.281639344262295,31.1820218579235,85.52256830601092,15.494098360655737,2.0126229508196722,183
North 24 Parganas,1997,Autumn,1265.07,28.771895424836604,26.153529411764705,32.28764705882353,83.86934640522875,16.80045751633987,2.495751633986928,153
North 24 Parganas,1997,Summer,458.86,29.289672131147544,24.40606557377049,35.41426229508197,68.28459016393442,20.45959016393443,2.395409836065574,122
North 24 Parganas,1997,Winter,1183.04,27.050874316939893,24.165956284153005,30.642021857923496,83.8787431693989,16.019344262295082,2.0726775956284156,183
North 24 Parganas,1998,Autumn,999.14,29.357777777777777,26.77091503267974,32.878692810457515,83.12888888888888,16.621372549019608,2.6333333333333333,153
North 24 Parganas,1998,Summer,444.78000000000003,29.23729508196721,24.36229508196721,35.33155737704918,68.13475409836066,19.280081967213114,2.529672131147541,122
North 24 Parganas,1998,Winter,1200.87,27.521475409836068,24.942732240437156,30.86677595628415,86.2995081967213,15.515136612021857,2.2253005464480875,183
North 24 Parganas,1999,Autumn,1505.97,28.65071895424837,26.21666666666667,32.003725490196075,84.51477124183006,15.890130718954248,2.656339869281046,153
North 24 Parganas,1999,Summer,356.95,30.334508196721313,24.827868852459016,37.22680327868853,62.218360655737705,20.38073770491803,2.827622950819672,122
North 24 Parganas,1999,Winter,1611.16,26.60213114754098,23.933715846994534,29.962950819672134,86.64994535519126,15.314972677595629,2.1936065573770493,183
North 24 Parganas,2000,Autumn,1217.0,28.21503267973856,25.954509803921567,31.228496732026144,87.29830065359477,16.34908496732026,2.414575163398693,153
North 24 Parganas,2000,Summer,518.8,28.975737704918032,24.390819672131148,34.72467213114754,70.18418032786884,19.251803278688524,2.5390983606557374,122
North 24 Parganas,2000,Winter,1132.68,26.97065573770492,24.20846994535519,30.39469945355191,85.50983606557377,15.870765027322404,2.0207103825136614,183
North 24 Parganas,2001,Autumn,1319.0,28.456862745098036,26.142287581699346,31.60653594771242,86.99392156862744,16.46653594771242,2.432483660130719,153
North 24 Parganas,2001,Summer,669.95,29.57877049180328,24.71844262295082,35.43565573770491,66.92122950819672,19.04672131147541,2.4508196721311477,122
North 24 Parganas,2001,Winter,1280.25,26.948360655737705,24.53808743169399,30.00704918032787,88.01322404371585,15.206120218579233,2.0575956284153007,183
North 24 Parganas,2002,Autumn,1171.1200000000001,28.947254901960786,26.321176470588235,32.390326797385626,84.4243137254902,16.187385620915034,2.4444444444444446,153
North 24 Parganas,2002,Summer,497.56,30.09688524590164,24.953852459016392,36.49803278688525,65.76688524590165,19.22827868852459,2.5495901639344263,122
North 24 Parganas,2002,Winter,1148.24,26.67229508196721,23.940601092896177,30.000710382513663,86.44715846994535,15.549125683060108,2.065245901639344,183
North 24 Parganas,2003,Autumn,935.73,29.401568627450978,26.638692810457513,33.22300653594771,81.65888888888888,17.277058823529412,2.647581699346405,153
North 24 Parganas,2003,Summer,520.89,29.961885245901637,24.97434426229508,36.31254098360656,65.34319672131147,19.621885245901638,2.6518032786885244,122
North 24 Parganas,2003,Winter,1155.74,27.12967213114754,24.426885245901637,30.59273224043716,85.18469945355191,15.613934426229507,2.175464480874317,183
North 24 Parganas,2004,Autumn,1124.08,29.101830065359476,26.432418300653595,32.68921568627451,82.6954248366013,16.765228758169933,2.619607843137255,153
North 24 Parganas,2004,Summer,417.14,30.31844262295082,25.180573770491804,36.85737704918033,64.73565573770492,20.217868852459016,2.6438524590163937,122
North 24 Parganas,2004,Winter,1276.99,26.609071038251365,23.77087431693989,30.166775956284155,85.42218579234972,15.468469945355192,2.1779234972677597,183
North 24 Parganas,2005,Autumn,941.27,29.34392156862745,26.58666666666667,33.06980392156863,81.89117647058823,17.14967320261438,2.5106535947712416,153
North 24 Parganas,2005,Summer,333.57,30.327540983606557,25.370983606557374,36.57762295081967,66.04786885245902,20.106475409836065,2.5590163934426227,122
North 24 Parganas,2005,Winter,1125.57,27.1155737704918,24.257103825136614,30.737486338797815,84.30907103825136,15.447377049180327,2.1615300546448086,183
North 24 Parganas,2006,Autumn,1361.41,28.64575163398693,26.24124183006536,31.804183006535947,85.2616339869281,16.463202614379085,2.4015032679738564,153
North 24 Parganas,2006,Summer,363.78000000000003,29.944426229508196,25.113688524590163,35.779016393442625,65.15622950819673,19.44647540983607,2.2105737704918034,122
North 24 Parganas,2006,Winter,1264.34,26.92502732240437,24.21311475409836,30.323333333333334,85.8675956284153,15.285737704918033,2.0039344262295082,183
North 24 Parganas,2007,Autumn,1693.61,28.911830065359478,26.38013071895425,32.16568627450981,83.95771241830066,16.50901960784314,2.4272549019607843,153
North 24 Parganas,2007,Summer,399.08,29.68918032786885,24.573278688524592,35.867704918032786,63.588606557377055,20.08098360655738,2.388688524590164,122
North 24 Parganas,2007,Winter,1824.27,26.83568306010929,24.106994535519124,30.134371584699455,86.78426229508197,15.440983606557376,2.162568306010929,183
North 24 Parganas,2008,Autumn,1267.29,28.516535947712416,26.11098039215686,31.69967320261438,85.44921568627451,16.513986928104575,2.4415032679738564,153
North 24 Parganas,2008,Summer,522.56,29.314999999999998,24.551803278688524,35.26532786885246,68.89508196721312,19.499016393442623,2.2519672131147543,122
North 24 Parganas,2008,Winter,1274.08,26.608633879781422,23.909890710382516,29.883770491803276,86.54688524590163,15.70912568306011,2.136775956284153,183
North 24 Parganas,2009,Autumn,1442.56,28.877843137254903,26.336797385620915,32.25790849673203,84.71104575163399,16.596078431372547,2.368888888888889,153
North 24 Parganas,2009,Summer,409.24,30.028688524590162,24.854918032786887,36.3372131147541,63.59844262295082,20.145737704918034,2.2517213114754098,122
North 24 Parganas,2009,Winter,1323.32,27.01726775956284,24.082295081967214,30.69907103825137,85.00737704918033,15.770273224043716,2.0039890710382515,183
North 24 Parganas,2010,Autumn,1177.7,28.857385620915036,26.428039215686272,32.22156862745098,85.09633986928104,17.387712418300655,2.3809150326797384,153
North 24 Parganas,2010,Summer,463.33,30.45926229508197,25.768196721311472,36.59737704918033,67.66639344262295,19.626967213114753,2.783524590163934,122
North 24 Parganas,2010,Winter,1128.0,27.541092896174867,24.791420765027322,30.91169398907104,84.83021857923498,16.083825136612024,1.9391256830601094,183
North 24 Parganas,2011,Autumn,1596.48,28.622156862745097,26.12529411764706,31.93228758169935,85.44692810457516,15.931960784313727,2.3859477124183006,153
North 24 Parganas,2011,Summer,642.01,29.439590163934426,24.711311475409836,35.32934426229509,67.73926229508197,18.894426229508195,2.35327868852459,122
North 24 Parganas,2011,Winter,1456.42,27.087158469945354,24.169398907103826,30.686775956284155,84.57808743169399,15.125300546448086,2.009071038251366,183
North 24 Parganas,2012,Autumn,960.26,29.528562091503268,26.671045751633986,33.420392156862746,80.68137254901961,17.021437908496733,2.7160784313725492,153
North 24 Parganas,2012,Summer,268.71,30.431147540983606,25.272540983606557,36.900163934426224,62.49401639344263,20.046639344262296,2.7027868852459016,122
North 24 Parganas,2012,Winter,1008.55,26.88224043715847,23.669672131147543,31.034972677595626,82.89251366120219,15.774207650273222,2.3571038251366123,183
North 24 Parganas,2013,Autumn,1460.78,28.71673202614379,26.347058823529412,31.98450980392157,85.7883660130719,16.062418300653597,2.697712418300654,153
North 24 Parganas,2013,Summer,585.15,29.71729508196721,24.820245901639346,35.84795081967213,66.91254098360656,18.826475409836064,2.8298360655737707,122
North 24 Parganas,2013,Winter,1556.95,26.790765027322404,24.08928961748634,30.19409836065574,87.07109289617486,15.350000000000001,2.133551912568306,183
North 24 Parganas,2014,Autumn,1142.98,29.500457516339868,26.785686274509803,33.1802614379085,82.17333333333333,16.835816993464054,2.6406535947712415,153
North 24 Parganas,2014,Summer,400.14,30.81122950819672,25.335,37.470573770491804,60.649918032786886,19.51295081967213,2.5293442622950817,122
North 24 Parganas,2014,Winter,1088.18,27.211092896174865,24.113879781420767,31.067267759562842,82.96409836065574,15.65967213114754,2.0537704918032786,183
North 24 Parganas,2015,Autumn,1583.42,29.108169934640525,26.40019607843137,32.676078431372545,83.290522875817,16.177647058823528,2.4552941176470586,153
North 24 Parganas,2015,Summer,477.46999999999997,29.316639344262295,24.588688524590165,35.33532786885246,66.83065573770492,19.145081967213113,2.51672131147541,122
North 24 Parganas,2015,Winter,1591.2,27.54934426229508,24.56327868852459,31.073989071038252,82.77032786885246,15.194863387978142,1.9707650273224042,183
North 24 Parganas,2016,Autumn,1939.37,28.836601307189543,26.237843137254902,32.35013071895425,84.72477124183006,16.935686274509802,2.179738562091503,153
North 24 Parganas,2016,Summer,526.42,30.237704918032787,25.460327868852456,36.47155737704918,69.19918032786885,19.558688524590163,2.386065573770492,122
North 24 Parganas,2016,Winter,1841.4199999999998,26.870109289617485,23.98262295081967,30.42737704918033,86.11803278688525,15.803497267759562,1.8537158469945356,183
North 24 Parganas,2017,Autumn,2004.05,28.9840522875817,26.46143790849673,32.37496732026144,84.8297385620915,16.435294117647057,2.2126143790849673,153
North 24 Parganas,2017,Summer,578.54,29.37155737704918,24.709180327868854,35.434672131147536,70.44647540983605,19.380819672131146,2.4865573770491802,122
North 24 Parganas,2017,Winter,2368.16,27.07114754098361,24.44366120218579,30.361092896174863,86.50568306010929,14.869180327868852,1.9500546448087432,183
North 24 Parganas,2018,Autumn,1514.84,28.79,26.247581699346405,32.23,85.21496732026144,16.438692810457514,2.2662745098039214,153
North 24 Parganas,2018,Summer,654.29,29.142704918032784,24.38106557377049,35.1505737704918,69.55967213114755,18.90254098360656,2.243934426229508,122
North 24 Parganas,2018,Winter,1447.41,27.241420765027325,24.291639344262293,30.87743169398907,83.43983606557377,15.396448087431695,1.8714207650273225,183
North 24 Parganas,2019,Autumn,1504.8,29.478692810457513,26.686797385620913,33.36477124183007,82.56928104575164,16.964771241830068,2.5215032679738565,153
North 24 Parganas,2019,Summer,425.01,29.474098360655738,24.734918032786883,35.646475409836064,70.7811475409836,19.799344262295083,2.513606557377049,122
North 24 Parganas,2019,Winter,1817.74,27.511420765027324,24.667431693989073,31.05415300546448,85.30726775956283,15.280601092896175,2.0127868852459017,183
Paschim Bardhaman,1997,Autumn,1229.7,29.771111111111107,25.77777777777778,34.300588235294114,72.59117647058824,17.74921568627451,2.3394117647058823,153
Paschim Bardhaman,1997,Summer,435.92,30.774590163934427,23.84983606557377,38.26172131147541,44.502704918032784,20.979918032786887,2.1845081967213114,122
Paschim Bardhaman,1997,Winter,1226.28,26.95311475409836,23.34792349726776,31.048524590163936,79.31661202185792,16.442295081967213,1.9670491803278687,183
Paschim Bardhaman,1998,Autumn,915.61,29.992287581699344,26.128692810457515,34.58496732026144,74.79980392156864,18.312549019607843,2.3205228758169936,153
Paschim Bardhaman,1998,Summer,278.87,29.791639344262293,23.049918032786888,37.057459016393445,54.54893442622951,21.135081967213114,2.2121311475409837,122
Paschim Bardhaman,1998,Winter,1042.05,27.392513661202184,24.03120218579235,31.49551912568306,81.5155737704918,16.59103825136612,1.9998907103825139,183
Paschim Bardhaman,1999,Autumn,1204.89,29.057712418300653,25.542287581699345,33.22267973856209,77.96640522875818,17.451045751633988,2.3534640522875816,153
Paschim Bardhaman,1999,Summer,342.6,30.61172131147541,23.12549180327869,38.5805737704918,45.927540983606555,21.76688524590164,2.234426229508197,122
Paschim Bardhaman,1999,Winter,1247.6,26.252732240437158,22.809890710382515,30.329344262295084,82.34420765027322,16.45431693989071,2.0440437158469944,183
Paschim Bardhaman,2000,Autumn,936.15,28.952418300653598,25.38169934640523,33.24143790849673,78.64320261437908,17.742026143790852,2.422941176470588,153
Paschim Bardhaman,2000,Summer,370.17,29.348114754098358,22.911229508196723,36.71262295081967,55.80098360655738,21.507868852459016,2.250245901639344,122
Paschim Bardhaman,2000,Winter,832.97,26.729016393442624,22.83535519125683,31.21704918032787,78.51349726775956,16.96224043715847,2.0004371584699454,183
Paschim Bardhaman,2001,Autumn,1241.54,28.827843137254902,25.495294117647056,32.85307189542484,80.91228758169935,17.753986928104577,2.437843137254902,153
Paschim Bardhaman,2001,Summer,566.27,29.970737704918033,23.69327868852459,36.96188524590164,51.31745901639344,20.56795081967213,2.268770491803279,122
Paschim Bardhaman,2001,Winter,1173.03,26.50333333333333,23.333387978142078,30.252513661202187,84.55382513661202,16.362295081967215,2.033606557377049,183
Paschim Bardhaman,2002,Autumn,1049.7,29.56673202614379,25.756274509803923,34.07947712418301,75.5097385620915,17.646993464052287,2.2858823529411767,153
Paschim Bardhaman,2002,Summer,386.89,30.515,23.86795081967213,37.9194262295082,52.49737704918033,21.16,2.0348360655737703,122
Paschim Bardhaman,2002,Winter,1022.45,26.550273224043714,22.812568306010927,30.844808743169402,80.00032786885245,16.47846994535519,1.9383060109289616,183
Paschim Bardhaman,2003,Autumn,875.23,29.879215686274513,25.94640522875817,34.60457516339869,73.59150326797386,18.511176470588236,2.318692810457516,153
Paschim Bardhaman,2003,Summer,316.21,30.592950819672133,23.84622950819672,38.13319672131148,50.19311475409837,21.423688524590165,2.1322131147540984,122
Paschim Bardhaman,2003,Winter,1027.49,26.984426229508195,23.434098360655735,31.245737704918035,80.37819672131147,16.38639344262295,2.0081420765027325,183
Paschim Bardhaman,2004,Autumn,1036.96,29.47248366013072,25.776143790849673,33.82,75.72790849673203,18.34777777777778,2.5045098039215685,153
Paschim Bardhaman,2004,Summer,355.5,30.799344262295083,24.065409836065573,38.108360655737705,50.12270491803279,21.77950819672131,2.173032786885246,122
Paschim Bardhaman,2004,Winter,1089.93,26.326065573770492,22.76590163934426,30.398852459016393,80.65972677595629,16.732622950819675,2.0995628415300547,183
Paschim Bardhaman,2005,Autumn,743.41,30.393529411764707,26.07013071895425,35.42516339869281,70.51928104575164,18.898823529411764,2.3770588235294117,153
Paschim Bardhaman,2005,Summer,205.53,31.435901639344262,24.391065573770494,39.139016393442624,48.27311475409836,21.647540983606557,2.1773770491803277,122
Paschim Bardhaman,2005,Winter,868.65,27.247158469945354,23.29562841530055,31.80344262295082,76.08158469945356,16.70841530054645,2.0834426229508196,183
Paschim Bardhaman,2006,Autumn,1419.18,28.755098039215685,25.48392156862745,32.6178431372549,80.48098039215687,17.36777777777778,2.3024183006535948,153
Paschim Bardhaman,2006,Summer,503.34,30.053360655737706,24.02565573770492,36.6755737704918,53.6733606557377,20.82844262295082,1.9178688524590164,122
Paschim Bardhaman,2006,Winter,1313.97,26.411803278688524,23.07448087431694,30.228743169398907,83.33743169398907,16.23650273224044,1.8628415300546446,183
Paschim Bardhaman,2007,Autumn,1644.27,29.207908496732028,25.72699346405229,33.24692810457516,78.00183006535948,17.869346405228757,2.3707843137254905,153
Paschim Bardhaman,2007,Summer,343.17,29.692049180327867,23.425983606557374,36.55508196721312,54.9188524590164,21.29565573770492,2.1762295081967213,122
Paschim Bardhaman,2007,Winter,1612.42,26.503770491803277,23.139890710382517,30.378360655737705,83.42327868852459,16.31775956284153,2.0801639344262295,183
Paschim Bardhaman,2008,Autumn,1294.15,28.799999999999997,25.38111111111111,32.811764705882354,79.42751633986929,17.56686274509804,2.148169934640523,153
Paschim Bardhaman,2008,Summer,534.2,29.433032786885246,23.319426229508196,36.21295081967213,56.88442622950819,20.54377049180328,1.9045901639344263,122
Paschim Bardhaman,2008,Winter,1217.1,26.248415300546448,22.82863387978142,30.098688524590166,83.3996174863388,16.392131147540987,1.8571584699453552,183
Paschim Bardhaman,2009,Autumn,1217.89,29.55588235294118,25.669934640522875,34.04843137254902,75.49392156862744,18.21450980392157,2.2869934640522875,153
Paschim Bardhaman,2009,Summer,269.15999999999997,30.481967213114757,23.536475409836065,37.931311475409835,46.385000000000005,21.958688524590166,2.0963934426229507,122
Paschim Bardhaman,2009,Winter,1147.6,26.872459016393442,22.941967213114754,31.337486338797817,78.39945355191257,16.949945355191257,1.9368852459016392,183
Paschim Bardhaman,2010,Autumn,794.02,29.980196078431373,25.90516339869281,34.89986928104575,72.8526797385621,18.565751633986928,2.4794117647058824,153
Paschim Bardhaman,2010,Summer,271.67,31.45639344262295,24.60655737704918,39.11713114754098,49.2672131147541,21.673360655737707,2.169016393442623,122
Paschim Bardhaman,2010,Winter,746.93,27.785409836065572,23.833169398907106,32.41502732240437,76.08994535519125,16.999180327868853,2.0602732240437156,183
Paschim Bardhaman,2011,Autumn,1627.01,28.727385620915033,25.376209150326797,32.69934640522876,80.60111111111111,17.34823529411765,2.3196732026143794,153
Paschim Bardhaman,2011,Summer,767.28,29.744180327868854,23.67459016393443,36.542868852459016,55.198524590163935,20.247131147540983,2.1344262295081964,122
Paschim Bardhaman,2011,Winter,1496.47,26.5151912568306,23.086666666666666,30.38590163934426,82.59748633879782,15.922513661202187,1.9395081967213115,183
Paschim Bardhaman,2012,Autumn,1088.97,30.094248366013073,25.985359477124184,34.78496732026144,72.4862091503268,18.324052287581697,2.138627450980392,153
Paschim Bardhaman,2012,Summer,255.47,30.681229508196722,23.7094262295082,38.17204918032787,47.763606557377045,21.888032786885248,2.079344262295082,122
Paschim Bardhaman,2012,Winter,1146.39,26.432677595628416,22.522786885245903,31.17032786885246,79.08874316939891,16.45622950819672,2.0198907103825134,183
Paschim Bardhaman,2013,Autumn,1426.24,28.964052287581698,25.580588235294115,32.905620915032685,80.23130718954248,17.49359477124183,2.185686274509804,153
Paschim Bardhaman,2013,Summer,664.49,29.506967213114752,23.355081967213117,36.392459016393445,54.0994262295082,20.678196721311473,2.225737704918033,122
Paschim Bardhaman,2013,Winter,1534.78,26.203661202185796,22.994262295081967,29.917595628415302,85.08792349726777,15.878579234972678,1.943551912568306,183
Paschim Bardhaman,2014,Autumn,1055.21,30.093267973856207,26.142156862745097,34.72065359477124,73.25281045751635,18.105359477124182,2.352549019607843,153
Paschim Bardhaman,2014,Summer,254.93,30.363114754098362,23.88032786885246,37.53622950819672,51.29950819672131,21.644344262295082,2.1269672131147543,122
Paschim Bardhaman,2014,Winter,1036.89,26.994098360655737,23.11754098360656,31.531857923497267,78.09032786885247,16.546393442622954,1.9371584699453552,183
Paschim Bardhaman,2015,Autumn,1116.41,29.559542483660127,25.605947712418303,34.18516339869281,75.74084967320262,17.943202614379086,2.3199346405228756,153
Paschim Bardhaman,2015,Summer,398.58,29.871475409836066,23.717868852459016,36.87172131147541,55.50418032786885,20.26549180327869,2.3399180327868856,122
Paschim Bardhaman,2015,Winter,1033.11,27.17639344262295,23.23950819672131,31.612185792349724,78.05333333333333,16.464918032786883,1.956775956284153,183
Paschim Bardhaman,2016,Autumn,1369.52,29.472156862745095,25.685032679738562,34.01111111111111,75.75352941176472,17.75764705882353,2.3626143790849676,153
Paschim Bardhaman,2016,Summer,286.59000000000003,31.619754098360655,24.95565573770492,38.8744262295082,48.73622950819672,21.189426229508197,2.1319672131147542,122
Paschim Bardhaman,2016,Winter,1279.67,26.561857923497268,22.880710382513662,30.969726775956286,80.99612021857924,16.579398907103826,2.019617486338798,183
Paschim Bardhaman,2017,Autumn,1626.6,29.471241830065363,25.847124183006535,33.72483660130719,78.08738562091504,17.184444444444445,2.130849673202614,153
Paschim Bardhaman,2017,Summer,464.97,30.299672131147542,23.773114754098362,37.571557377049174,54.40114754098361,20.83311475409836,2.120983606557377,122
Paschim Bardhaman,2017,Winter,1765.0,26.900928961748633,23.50333333333333,30.88224043715847,82.29945355191256,15.625956284153007,1.889071038251366,183
Paschim Bardhaman,2018,Autumn,1100.93,29.41143790849673,25.642875816993463,33.84006535947712,76.79712418300655,16.605098039215687,2.2393464052287584,153
Paschim Bardhaman,2018,Summer,407.68,29.375,23.125409836065575,36.365327868852454,58.056311475409835,19.910983606557377,2.0785245901639344,122
Paschim Bardhaman,2018,Winter,1076.99,26.963060109289618,23.084918032786884,31.285245901639342,78.66191256830601,15.684207650273224,1.9215300546448086,183
Paschim Bardhaman,2019,Autumn,944.59,30.340784313725493,26.105947712418303,35.25947712418301,72.09751633986929,17.936601307189544,2.3973856209150326,153
Paschim Bardhaman,2019,Summer,306.31,30.669590163934426,23.808524590163934,38.21073770491803,51.479672131147545,21.357704918032788,2.1464754098360657,122
Paschim Bardhaman,2019,Winter,968.71,27.45114754098361,23.775846994535517,31.790273224043716,79.58967213114754,15.53497267759563,2.074808743169399,183
Paschim Medinipur,1997,Autumn,1284.51,29.356732026143792,26.041045751633987,33.624379084967316,79.51065359477124,17.726405228758168,2.5763398692810457,153
Paschim Medinipur,1997,Summer,477.96,29.9594262295082,24.20532786885246,37.09877049180328,62.67360655737705,21.1744262295082,2.46344262295082,122
Paschim Medinipur,1997,Winter,1230.19,27.10792349726776,23.832568306010927,30.971311475409838,82.7260655737705,16.63136612021858,2.089781420765027,183
Paschim Medinipur,1998,Autumn,922.65,29.76065359477124,26.615294117647057,34.00098039215686,80.00568627450981,18.16281045751634,2.661437908496732,153
Paschim Medinipur,1998,Summer,382.8,29.522540983606557,23.985655737704917,36.23991803278689,65.59081967213115,20.393196721311472,2.543032786885246,122
Paschim Medinipur,1998,Winter,1108.96,27.565409836065577,24.6244262295082,31.379071038251364,84.54918032786885,16.52934426229508,2.218087431693989,183
Paschim Medinipur,1999,Autumn,1370.94,29.002875816993463,25.973986928104576,32.93267973856209,81.34705882352941,16.79503267973856,2.61843137254902,153
Paschim Medinipur,1999,Summer,356.71999999999997,30.27786885245902,24.02967213114754,37.923524590163936,60.377377049180325,21.023852459016393,2.6470491803278686,122
Paschim Medinipur,1999,Winter,1478.42,26.54,23.390218579234972,30.298579234972678,84.72,16.14857923497268,2.183606557377049,183
Paschim Medinipur,2000,Autumn,1084.9,28.561633986928108,25.734379084967323,32.30104575163399,84.1883660130719,17.446928104575164,2.5349673202614382,153
Paschim Medinipur,2000,Summer,477.48,28.7322131147541,23.519754098360654,35.26950819672131,69.44090163934426,20.052868852459014,2.501803278688525,122
Paschim Medinipur,2000,Winter,984.79,26.77814207650273,23.416065573770492,30.722786885245903,83.65486338797814,16.940765027322403,2.0859016393442626,183
Paschim Medinipur,2001,Autumn,1307.38,28.780196078431374,25.97032679738562,32.48124183006536,84.200522875817,17.236470588235292,2.5998039215686273,153
Paschim Medinipur,2001,Summer,623.47,29.71639344262295,24.25655737704918,36.32286885245902,64.56311475409836,19.81418032786885,2.4855737704918033,122
Paschim Medinipur,2001,Winter,1254.24,26.835519125683057,24.052349726775955,30.250109289617487,86.91693989071038,15.93142076502732,2.1588524590163933,183
Paschim Medinipur,2002,Autumn,1109.35,29.44359477124183,26.206666666666667,33.63777777777778,80.35098039215687,17.142941176470586,2.467843137254902,153
Paschim Medinipur,2002,Summer,431.55,30.190163934426227,24.479754098360658,37.259098360655734,64.5217213114754,20.352868852459018,2.4475409836065576,122
Paschim Medinipur,2002,Winter,1097.64,26.664480874316943,23.440109289617485,30.49551912568306,83.85366120218579,16.293551912568304,2.077431693989071,183
Paschim Medinipur,2003,Autumn,926.38,29.69627450980392,26.396601307189542,34.1064705882353,78.82437908496732,17.844248366013073,2.7147058823529413,153
Paschim Medinipur,2003,Summer,444.63,30.17188524590164,24.470000000000002,37.21081967213115,62.711639344262295,20.51254098360656,2.5959836065573767,122
Paschim Medinipur,2003,Winter,1162.43,27.159016393442624,24.0179781420765,31.046065573770495,83.50715846994535,16.051256830601094,2.2528415300546447,183
Paschim Medinipur,2004,Autumn,1067.71,29.296993464052285,26.17934640522876,33.39098039215686,80.56156862745098,17.756209150326796,2.7201960784313726,153
Paschim Medinipur,2004,Summer,402.87,30.224262295081967,24.38073770491803,37.37680327868853,63.49901639344262,21.17254098360656,2.4248360655737704,122
Paschim Medinipur,2004,Winter,1208.51,26.52688524590164,23.28874316939891,30.30568306010929,83.73109289617486,16.386502732240437,2.2070491803278687,183
Paschim Medinipur,2005,Autumn,1015.3199999999999,29.60581699346405,26.31124183006536,33.951764705882354,79.32281045751634,17.820588235294117,2.7147712418300656,153
Paschim Medinipur,2005,Summer,341.48,30.32516393442623,24.74450819672131,37.24393442622951,64.34877049180328,20.697786885245904,2.569262295081967,122
Paschim Medinipur,2005,Winter,1185.09,27.045191256830602,23.70300546448087,31.037431693989074,82.15901639344263,16.06994535519126,2.2772131147540984,183
Paschim Medinipur,2006,Autumn,1443.1399999999999,28.700915032679738,25.953856209150327,32.18732026143791,83.91359477124183,17.006928104575163,2.5308496732026144,153
Paschim Medinipur,2006,Summer,445.73,29.459672131147542,24.273688524590163,35.69426229508196,66.06885245901638,20.159262295081966,2.176311475409836,122
Paschim Medinipur,2006,Winter,1349.32,26.71879781420765,23.67142076502732,30.25726775956284,85.73830601092897,15.71743169398907,2.0489617486338796,183
Paschim Medinipur,2007,Autumn,1659.81,29.136470588235294,26.16764705882353,32.86777777777778,81.66372549019607,17.17346405228758,2.595359477124183,153
Paschim Medinipur,2007,Summer,392.26,29.555081967213113,23.945,36.13352459016394,63.77909836065574,20.62909836065574,2.4410655737704916,122
Paschim Medinipur,2007,Winter,1689.88,26.74901639344262,23.67453551912568,30.3803825136612,85.66098360655738,16.099617486338797,2.259945355191257,183
Paschim Medinipur,2008,Autumn,1304.59,28.71313725490196,25.81732026143791,32.3818954248366,83.31542483660131,17.03856209150327,2.406013071895425,153
Paschim Medinipur,2008,Summer,589.38,28.97672131147541,23.84360655737705,35.22418032786886,68.91581967213115,19.786393442622952,2.1621311475409835,122
Paschim Medinipur,2008,Winter,1246.29,26.503551912568305,23.44191256830601,30.075081967213112,85.7192349726776,16.177213114754096,2.0746448087431695,183
Paschim Medinipur,2009,Autumn,1274.16,29.268692810457516,26.11437908496732,33.29424836601307,81.25006535947712,17.320065359477123,2.476797385620915,153
Paschim Medinipur,2009,Summer,353.17,30.101967213114754,24.14540983606557,37.1405737704918,60.17196721311475,20.7677868852459,2.2201639344262296,122
Paschim Medinipur,2009,Winter,1156.9,26.981967213114753,23.50049180327869,31.053934426229507,82.64639344262295,16.366448087431692,2.047814207650273,183
Paschim Medinipur,2010,Autumn,974.14,29.486666666666668,26.292875816993465,33.79516339869281,79.8950980392157,17.802941176470586,2.619934640522876,153
Paschim Medinipur,2010,Summer,356.53,30.79172131147541,25.132377049180327,37.95286885245902,63.41286885245901,20.201475409836064,2.6241803278688525,122
Paschim Medinipur,2010,Winter,936.47,27.669234972677597,24.332185792349726,31.69497267759563,81.80710382513662,16.426448087431694,2.0827868852459015,183
Paschim Medinipur,2011,Autumn,1535.25,28.81045751633987,25.94326797385621,32.48705882352941,83.51450980392157,16.582549019607843,2.474836601307189,153
Paschim Medinipur,2011,Summer,669.38,29.641147540983606,24.33049180327869,36.19786885245902,65.38286885245901,19.71844262295082,2.3952459016393446,122
Paschim Medinipur,2011,Winter,1397.3,26.859781420765028,23.668196721311475,30.543879781420763,84.35699453551912,15.561803278688524,2.0493989071038254,183
Paschim Medinipur,2012,Autumn,930.24,29.870718954248368,26.487450980392158,34.35359477124183,77.52751633986928,17.767777777777777,2.6101960784313727,153
Paschim Medinipur,2012,Summer,283.37,30.34983606557377,24.529590163934426,37.44319672131147,60.62352459016393,20.652459016393443,2.5084426229508194,122
Paschim Medinipur,2012,Winter,973.98,26.815737704918032,23.24322404371585,31.338852459016394,81.41262295081967,16.312732240437157,2.2880327868852457,183
Paschim Medinipur,2013,Autumn,1460.51,29.08450980392157,26.142156862745097,32.952745098039216,82.7851633986928,16.665555555555557,2.5983660130718955,153
Paschim Medinipur,2013,Summer,604.31,29.89934426229508,24.149262295081968,36.79081967213115,62.399836065573766,19.45581967213115,2.552295081967213,122
Paschim Medinipur,2013,Winter,1680.08,26.65573770491803,23.629071038251364,30.31016393442623,86.04409836065574,15.63551912568306,2.104590163934426,183
Paschim Medinipur,2014,Autumn,1199.47,29.736143790849674,26.434444444444445,33.957058823529415,79.52849673202614,17.203071895424838,2.6126143790849676,153
Paschim Medinipur,2014,Summer,389.78000000000003,30.09598360655738,24.340245901639346,36.85254098360656,62.34319672131147,19.83344262295082,2.285573770491803,122
Paschim Medinipur,2014,Winter,1136.12,27.05092896174863,23.499890710382513,31.118032786885248,81.99830601092897,16.024918032786886,2.0455737704918033,183
Paschim Medinipur,2015,Autumn,1215.06,29.29777777777778,26.04823529411765,33.465555555555554,80.94614379084967,17.247254901960783,2.591437908496732,153
Paschim Medinipur,2015,Summer,414.16,29.43918032786885,24.086311475409836,35.99139344262295,65.2161475409836,19.54877049180328,2.638688524590164,122
Paschim Medinipur,2015,Winter,1159.12,27.313551912568308,23.81081967213115,31.27945355191257,81.96841530054644,16.067267759562842,2.0539890710382513,183
Paschim Medinipur,2016,Autumn,1348.37,29.45313725490196,26.166274509803923,33.81078431372549,79.34875816993464,17.168366013071896,2.466732026143791,153
Paschim Medinipur,2016,Summer,315.52,31.209016393442624,25.43877049180328,38.509590163934426,61.030901639344265,19.726147540983607,2.4388524590163936,122
Paschim Medinipur,2016,Winter,1312.83,26.851967213114754,23.47322404371585,30.935191256830603,83.1355737704918,16.21125683060109,2.0231147540983607,183
Paschim Medinipur,2017,Autumn,1524.09,29.41333333333333,26.310130718954248,33.44947712418301,81.30803921568626,17.062549019607843,2.374313725490196,153
Paschim Medinipur,2017,Summer,441.22,29.822868852459017,24.374590163934425,36.7305737704918,66.32327868852458,20.293360655737704,2.596311475409836,122
Paschim Medinipur,2017,Winter,1665.88,27.12273224043716,24.06377049180328,30.81016393442623,84.50142076502732,15.443333333333333,1.988087431693989,183
Paschim Medinipur,2018,Autumn,1184.25,29.320653594771244,26.044771241830066,33.52921568627451,80.58039215686274,16.690196078431374,2.4059477124183006,153
Paschim Medinipur,2018,Summer,435.16,29.030409836065573,23.73049180327869,35.56516393442623,68.6411475409836,19.61450819672131,2.327540983606557,122
Paschim Medinipur,2018,Winter,1195.1200000000001,27.268579234972677,23.677158469945354,31.357103825136615,81.03628415300547,15.528360655737705,1.9294535519125682,183
Paschim Medinipur,2019,Autumn,1054.56,30.08326797385621,26.533398692810458,34.8340522875817,77.48777777777778,17.487908496732025,2.727450980392157,153
Paschim Medinipur,2019,Summer,311.65,29.92049180327869,24.31795081967213,36.98016393442623,66.18696721311476,20.477622950819672,2.557950819672131,122
Paschim Medinipur,2019,Winter,1196.82,27.700000000000003,24.309781420765024,31.86825136612022,81.88863387978142,15.717158469945353,2.2188524590163934,183
Purba Bardhaman,1997,Autumn,1183.65,29.33411764705882,26.02575163398693,33.479019607843135,79.85764705882353,17.58686274509804,2.522875816993464,153
Purba Bardhaman,1997,Summer,431.59999999999997,30.036475409836065,24.09139344262295,36.99319672131148,59.71622950819672,20.434508196721314,2.4425409836065572,122
Purba Bardhaman,1997,Winter,1112.71,27.054590163934424,23.765737704918035,30.921748633879783,82.6475956284153,16.431584699453552,2.068360655737705,183
Purba Bardhaman,1998,Autumn,873.46,29.85830065359477,26.64764705882353,34.02163398692811,79.69921568627451,17.88901960784314,2.579411764705882,153
Purba Bardhaman,1998,Summer,396.15,29.722540983606557,23.929426229508195,36.55401639344262,62.1422131147541,20.02032786885246,2.5659836065573773,122
Purba Bardhaman,1998,Winter,1038.02,27.613551912568305,24.598251366120216,31.457595628415298,84.55639344262295,16.410437158469946,2.1649180327868853,183
Purba Bardhaman,1999,Autumn,1326.17,29.12490196078431,26.08607843137255,33.03947712418301,81.3473202614379,16.913267973856208,2.617908496732026,153
Purba Bardhaman,1999,Summer,329.83,30.785409836065575,24.224590163934426,38.47237704918033,56.09959016393442,20.381803278688523,2.7143442622950817,122
Purba Bardhaman,1999,Winter,1418.9,26.6255737704918,23.523169398907104,30.371202185792352,85.08098360655738,16.16633879781421,2.1663387978142077,183
Purba Bardhaman,2000,Autumn,1144.24,28.549673202614382,25.730588235294118,32.16751633986928,84.86111111111111,17.358039215686276,2.4424836601307187,153
Purba Bardhaman,2000,Summer,485.35,29.169590163934426,23.694262295081966,35.71975409836066,65.8022131147541,19.97360655737705,2.5081967213114753,122
Purba Bardhaman,2000,Winter,1054.02,26.89191256830601,23.630273224043716,30.674098360655737,84.1615300546448,16.694043715846995,2.0043715846994536,183
Purba Bardhaman,2001,Autumn,1220.81,28.80052287581699,25.951307189542486,32.48392156862745,84.61660130718954,17.561830065359477,2.4792156862745096,153
Purba Bardhaman,2001,Summer,650.47,29.760573770491803,24.166147540983605,36.241147540983604,62.20295081967213,19.943934426229507,2.4309016393442624,122
Purba Bardhaman,2001,Winter,1149.2,26.90650273224044,24.080765027322403,30.386448087431695,86.97846994535519,16.237759562841532,2.076120218579235,183
Purba Bardhaman,2002,Autumn,1050.05,29.38065359477124,26.21065359477124,33.352810457516334,81.27398692810458,17.069411764705883,2.4106535947712415,153
Purba Bardhaman,2002,Summer,461.15,30.433688524590163,24.537704918032787,37.32745901639344,61.3827868852459,19.88483606557377,2.4158196721311476,122
Purba Bardhaman,2002,Winter,1020.93,26.662131147540983,23.53934426229508,30.436502732240438,85.00180327868853,16.292185792349727,2.0485245901639346,183
Purba Bardhaman,2003,Autumn,841.92,29.840196078431372,26.496339869281044,34.1535294117647,78.43810457516341,18.04686274509804,2.591045751633987,153
Purba Bardhaman,2003,Summer,482.63,30.474999999999998,24.579426229508197,37.455,59.662295081967216,20.26549180327869,2.557950819672131,122
Purba Bardhaman,2003,Winter,1036.6,27.232841530054642,24.113005464480874,31.12032786885246,83.5068306010929,16.097540983606557,2.1547540983606557,183
Purba Bardhaman,2004,Autumn,1016.22,29.45673202614379,26.286732026143792,33.52986928104575,79.97071895424837,18.044117647058822,2.6816339869281047,153
Purba Bardhaman,2004,Summer,400.8,30.8072131147541,24.765819672131148,38.03426229508197,59.16836065573771,20.874590163934425,2.5420491803278686,122
Purba Bardhaman,2004,Winter,1147.22,26.597978142076503,23.443169398907106,30.38120218579235,84.32765027322404,16.60071038251366,2.1715846994535517,183
Purba Bardhaman,2005,Autumn,827.27,29.903071895424837,26.465555555555557,34.29581699346405,77.79993464052288,18.252091503267977,2.596143790849673,153
Purba Bardhaman,2005,Summer,290.24,30.90270491803279,24.958852459016395,37.93565573770491,59.694016393442624,20.59598360655738,2.5690983606557376,122
Purba Bardhaman,2005,Winter,1020.47,27.233825136612023,23.874863387978145,31.321202185792348,81.96431693989071,16.313715846994533,2.193934426229508,183
Purba Bardhaman,2006,Autumn,1232.66,28.915816993464052,26.0462091503268,32.491960784313726,82.96196078431373,17.54954248366013,2.4230065359477124,153
Purba Bardhaman,2006,Summer,374.06,30.072540983606558,24.555983606557376,36.3744262295082,61.37532786885246,20.134426229508197,2.153688524590164,122
Purba Bardhaman,2006,Winter,1126.02,26.856448087431698,23.82016393442623,30.479617486338796,85.32016393442623,16.305956284153005,1.9663387978142075,183
Purba Bardhaman,2007,Autumn,1637.68,29.26823529411765,26.228954248366016,32.971372549019605,81.38771241830065,17.567581699346405,2.511045751633987,153
Purba Bardhaman,2007,Summer,392.39,30.001639344262294,24.208934426229508,36.62885245901639,59.34049180327869,20.410081967213117,2.416639344262295,122
Purba Bardhaman,2007,Winter,1720.38,26.803715846994535,23.73273224043716,30.41393442622951,86.00344262295081,16.321366120218578,2.2079234972677595,183
Purba Bardhaman,2008,Autumn,1199.36,28.832875816993464,25.89372549019608,32.483790849673206,83.06372549019608,17.028039215686274,2.348888888888889,153
Purba Bardhaman,2008,Summer,507.58,29.39639344262295,23.96295081967213,35.736639344262294,64.83368852459016,19.577540983606557,2.1975409836065576,122
Purba Bardhaman,2008,Winter,1173.29,26.581639344262292,23.50726775956284,30.184043715846997,85.78109289617487,16.1375956284153,2.053224043715847,183
Purba Bardhaman,2009,Autumn,1347.07,29.237254901960785,26.090522875816994,33.17869281045752,81.88307189542483,17.897450980392158,2.3616993464052287,153
Purba Bardhaman,2009,Summer,391.17,30.218196721311475,24.168688524590163,37.15311475409836,57.96368852459016,20.82827868852459,2.1913114754098357,122
Purba Bardhaman,2009,Winter,1223.99,26.941748633879783,23.580765027322403,30.949016393442623,83.78573770491803,16.80109289617486,1.9743715846994536,183
Purba Bardhaman,2010,Autumn,1066.78,29.31385620915033,26.188954248366013,33.41522875816993,81.75143790849673,18.03326797385621,2.4727450980392156,153
Purba Bardhaman,2010,Summer,427.59000000000003,30.90032786885246,25.16360655737705,37.965409836065575,62.10516393442623,20.143360655737702,2.657049180327869,122
Purba Bardhaman,2010,Winter,992.8,27.576284153005464,24.324590163934424,31.450491803278688,83.10005464480874,16.759945355191256,1.9839890710382513,183
Purba Bardhaman,2011,Autumn,1531.6299999999999,28.849019607843136,25.907777777777778,32.48326797385621,83.69882352941177,17.06751633986928,2.4322222222222223,153
Purba Bardhaman,2011,Summer,658.1800000000001,29.766393442622952,24.333032786885248,36.1644262295082,63.4805737704918,19.468196721311475,2.297049180327869,122
Purba Bardhaman,2011,Winter,1379.34,26.934426229508198,23.76120218579235,30.61508196721312,84.7035519125683,15.83344262295082,2.0217486338797817,183
Purba Bardhaman,2012,Autumn,893.28,30.077058823529413,26.571503267973856,34.52496732026144,76.9402614379085,17.9,2.6,153
Purba Bardhaman,2012,Summer,265.17,30.828032786885245,24.736967213114752,38.03114754098361,55.96024590163934,20.758524590163933,2.6469672131147544,122
Purba Bardhaman,2012,Winter,943.97,26.83907103825137,23.19344262295082,31.409398907103824,81.35519125683061,16.296120218579237,2.2825136612021857,183
Purba Bardhaman,2013,Autumn,1319.98,29.11666666666667,26.215555555555557,32.86732026143791,83.4162091503268,16.96359477124183,2.591372549019608,153
Purba Bardhaman,2013,Summer,545.17,30.078852459016392,24.327950819672132,36.887868852459015,60.02016393442623,19.357786885245904,2.5759016393442624,122
Purba Bardhaman,2013,Winter,1429.5,26.695409836065576,23.689617486338797,30.339726775956283,86.75371584699454,15.988032786885245,2.086174863387978,183
Purba Bardhaman,2014,Autumn,1076.96,29.984640522875814,26.61640522875817,34.23954248366013,78.73633986928104,17.62535947712418,2.6173856209150324,153
Purba Bardhaman,2014,Summer,371.62,30.773114754098362,24.637622950819672,37.90844262295082,56.82196721311475,20.428688524590164,2.4139344262295084,122
Purba Bardhaman,2014,Winter,1040.55,27.155081967213114,23.623224043715847,31.32863387978142,81.86628415300547,16.31245901639344,2.0418032786885245,183
Purba Bardhaman,2015,Autumn,1322.69,29.450522875816997,26.15934640522876,33.567843137254904,80.69679738562093,17.273202614379088,2.480718954248366,153
Purba Bardhaman,2015,Summer,435.02,29.771475409836064,24.28909836065574,36.435327868852454,61.95336065573771,19.297786885245902,2.6368852459016394,122
Purba Bardhaman,2015,Winter,1276.27,27.470983606557375,24.01054644808743,31.365792349726775,81.82989071038251,16.117267759562843,1.9517486338797816,183
Purba Bardhaman,2016,Autumn,1381.1200000000001,29.464771241830064,26.148627450980392,33.712941176470586,80.01594771241831,17.60222222222222,2.3323529411764707,153
Purba Bardhaman,2016,Summer,343.95,31.20655737704918,25.33426229508197,38.3083606557377,60.33795081967213,20.00237704918033,2.389918032786885,122
Purba Bardhaman,2016,Winter,1287.76,26.978852459016395,23.594043715846993,31.06846994535519,83.84349726775956,16.669234972677593,1.941693989071038,183
Purba Bardhaman,2017,Autumn,1520.04,29.531503267973854,26.41660130718954,33.46862745098039,81.14640522875817,17.06424836601307,2.316470588235294,153
Purba Bardhaman,2017,Summer,425.99,30.32639344262295,24.590655737704918,37.266639344262295,61.966065573770486,19.86606557377049,2.585,122
Purba Bardhaman,2017,Winter,1703.95,27.144863387978145,24.129945355191257,30.811311475409838,85.13737704918033,15.459071038251368,1.9837158469945355,183
Purba Bardhaman,2018,Autumn,1086.32,29.377581699346408,26.123921568627452,33.52320261437909,80.7718954248366,16.69921568627451,2.340588235294118,153
Purba Bardhaman,2018,Summer,426.58,29.47204918032787,23.84204918032787,36.16426229508197,64.25770491803279,19.06204918032787,2.2899180327868853,122
Purba Bardhaman,2018,Winter,1057.03,27.281857923497267,23.784371584699453,31.395956284153005,81.48535519125683,15.760491803278688,1.9024043715846994,183
Purba Bardhaman,2019,Autumn,988.33,30.303137254901962,26.691241830065362,35.008039215686274,76.81607843137255,17.781830065359475,2.6512418300653593,153
Purba Bardhaman,2019,Summer,299.72,30.454262295081968,24.602622950819672,37.58409836065574,62.042131147540985,20.390573770491805,2.6148360655737704,122
Purba Bardhaman,2019,Winter,1093.94,27.83622950819672,24.433060109289617,31.986830601092898,81.80092896174864,15.777650273224044,2.1411475409836065,183
Purba Medinipur,1997,Autumn,1323.24,29.19013071895425,26.593660130718956,32.58,81.40562091503267,17.020196078431372,3.397777777777778,153
Purba Medinipur,1997,Summer,502.94,29.618688524590166,25.177131147540983,35.341065573770486,68.23065573770491,19.86655737704918,3.3371311475409837,122
Purba Medinipur,1997,Winter,1273.32,27.496775956284154,24.799890710382513,30.64333333333333,82.14896174863388,16.278524590163933,2.7686885245901642,183
Purba Medinipur,1998,Autumn,1052.85,29.523464052287583,27.15169934640523,32.796928104575166,82.16313725490195,17.710065359477124,3.565359477124183,153
Purba Medinipur,1998,Summer,406.95,29.490081967213115,25.22418032786885,34.92131147540983,69.60286885245901,20.514098360655737,3.4186885245901637,122
Purba Medinipur,1998,Winter,1235.5,27.78945355191257,25.43016393442623,30.813497267759562,84.74754098360656,16.025901639344262,3.030163934426229,183
Purba Medinipur,1999,Autumn,1425.51,28.88673202614379,26.537581699346404,31.96313725490196,82.62764705882353,16.967908496732026,3.4867973856209153,153
Purba Medinipur,1999,Summer,383.48,29.944016393442624,25.153606557377053,36.13639344262295,65.88696721311476,21.00237704918033,3.620983606557377,122
Purba Medinipur,1999,Winter,1533.22,26.825573770491804,24.218579234972676,29.886830601092896,84.39453551912568,16.114590163934427,2.9586338797814205,183
Purba Medinipur,2000,Autumn,1164.01,28.59653594771242,26.404313725490198,31.4740522875817,84.77156862745097,17.282549019607842,3.4089542483660136,153
Purba Medinipur,2000,Summer,517.42,28.736967213114752,24.68901639344262,33.98245901639344,73.01081967213115,20.305,3.4478688524590164,122
Purba Medinipur,2000,Winter,1075.0,27.137322404371584,24.35617486338798,30.319398907103825,83.42180327868853,16.58,2.844754098360656,183
Purba Medinipur,2001,Autumn,1361.91,28.73830065359477,26.582941176470587,31.610849673202615,84.97352941176472,17.1381045751634,3.4299999999999997,153
Purba Medinipur,2001,Summer,631.97,29.599918032786885,25.31434426229508,34.92237704918033,69.16762295081968,19.502868852459017,3.3936885245901642,122
Purba Medinipur,2001,Winter,1337.6,27.17081967213115,24.905245901639343,29.891202185792352,86.20633879781421,15.659781420765027,2.9081967213114757,183
Purba Medinipur,2002,Autumn,1107.15,29.362091503267973,26.79875816993464,32.789281045751636,81.40450980392157,17.235294117647058,3.3817647058823526,153
Purba Medinipur,2002,Summer,398.0,30.000081967213116,25.517049180327867,35.91131147540984,68.56934426229508,20.451147540983605,3.481803278688525,122
Purba Medinipur,2002,Winter,1128.97,27.05131147540984,24.357158469945354,30.194754098360658,83.10524590163935,16.30486338797814,2.8559562841530055,183
Purba Medinipur,2003,Autumn,968.36,29.547712418300655,27.018431372549017,33.03843137254902,80.50915032679738,18.23986928104575,3.6481045751633987,153
Purba Medinipur,2003,Summer,444.89,29.932950819672133,25.52934426229508,35.691065573770494,67.44877049180327,20.290081967213112,3.5708196721311474,122
Purba Medinipur,2003,Winter,1261.88,27.432349726775957,24.91207650273224,30.498196721311476,83.23377049180328,16.35071038251366,3.0651366120218575,183
Purba Medinipur,2004,Autumn,1095.83,29.17581699346405,26.71856209150327,32.421895424836606,81.98725490196078,17.947385620915032,3.545751633986928,153
Purba Medinipur,2004,Summer,414.34999999999997,29.886639344262296,25.354508196721312,35.77311475409836,68.37024590163935,20.766393442622952,3.355819672131148,122
Purba Medinipur,2004,Winter,1261.53,26.89874316939891,24.151475409836067,30.030765027322406,83.14322404371585,16.56136612021858,2.938852459016393,183
Purba Medinipur,2005,Autumn,1193.78,29.348169934640527,26.872549019607842,32.64431372549019,81.87764705882353,17.33111111111111,3.540130718954248,153
Purba Medinipur,2005,Summer,393.35,30.035655737704918,25.781639344262295,35.54745901639344,69.15139344262295,19.979426229508196,3.5220491803278686,122
Purba Medinipur,2005,Winter,1381.02,27.207814207650273,24.502021857923495,30.364863387978144,82.91273224043717,15.538524590163936,3.0058469945355193,183
Purba Medinipur,2006,Autumn,1495.86,28.791830065359473,26.63934640522876,31.5202614379085,84.36117647058823,16.926993464052288,3.4555555555555557,153
Purba Medinipur,2006,Summer,441.94,29.52139344262295,25.427704918032784,34.56204918032787,68.9433606557377,20.11467213114754,3.0661475409836063,122
Purba Medinipur,2006,Winter,1427.77,27.127322404371586,24.50743169398907,30.08087431693989,84.79393442622951,15.640983606557379,2.8408743169398907,183
Purba Medinipur,2007,Autumn,1708.76,29.128104575163402,26.8462091503268,32.02267973856209,82.54699346405229,17.277254901960784,3.443921568627451,153
Purba Medinipur,2007,Summer,422.9,29.525409836065574,25.173196721311477,34.84057377049181,67.43983606557377,20.808524590163934,3.3201639344262297,122
Purba Medinipur,2007,Winter,1743.89,27.095191256830603,24.534754098360654,30.046448087431695,84.83196721311475,16.217322404371586,3.0070491803278685,183
Purba Medinipur,2008,Autumn,1358.99,28.800065359477124,26.49607843137255,31.7218954248366,83.6251633986928,17.30732026143791,3.3107843137254904,153
Purba Medinipur,2008,Summer,636.12,29.06811475409836,24.99426229508197,34.24581967213115,71.74590163934427,19.645819672131147,3.0132786885245904,122
Purba Medinipur,2008,Winter,1304.84,26.918633879781417,24.31065573770492,29.906229508196724,84.72546448087432,16.24825136612022,2.8804371584699453,183
Purba Medinipur,2009,Autumn,1280.18,29.2656862745098,26.830392156862747,32.40732026143791,82.30124183006536,16.934640522875817,3.3167320261437907,153
Purba Medinipur,2009,Summer,342.04,30.09393442622951,25.40434426229508,35.84327868852459,64.75475409836065,20.40172131147541,3.070901639344262,122
Purba Medinipur,2009,Winter,1186.84,27.33726775956284,24.39606557377049,30.75098360655738,82.2916393442623,16.036284153005465,2.779781420765027,183
Purba Medinipur,2010,Autumn,1025.11,29.423006535947714,27.02281045751634,32.67869281045752,81.3248366013072,18.19751633986928,3.3891503267973855,153
Purba Medinipur,2010,Summer,359.05,30.584344262295083,26.2627868852459,36.3861475409836,68.05434426229507,20.123524590163935,3.6606557377049183,122
Purba Medinipur,2010,Winter,1024.92,27.961584699453553,25.284098360655737,31.11016393442623,81.91267759562842,16.5924043715847,2.7354644808743167,183
Purba Medinipur,2011,Autumn,1467.51,28.89764705882353,26.635555555555555,31.78653594771242,83.70124183006537,16.832679738562092,3.2773202614379087,153
Purba Medinipur,2011,Summer,592.58,29.427704918032784,25.269262295081965,34.70434426229509,69.13131147540985,19.792868852459016,3.339426229508197,122
Purba Medinipur,2011,Winter,1347.48,27.268032786885247,24.521311475409835,30.352021857923496,83.18207650273224,15.75672131147541,2.719398907103825,183
Purba Medinipur,2012,Autumn,885.82,29.631111111111114,27.00745098039216,33.179869281045754,79.58888888888889,17.626013071895425,3.491633986928105,153
Purba Medinipur,2012,Summer,286.87,30.217131147540982,25.68139344262295,35.98950819672131,65.7255737704918,20.09762295081967,3.4352459016393446,122
Purba Medinipur,2012,Winter,938.0,27.098087431693987,24.04584699453552,30.883497267759566,81.55803278688525,16.25136612021858,3.0923497267759563,183
Purba Medinipur,2013,Autumn,1451.04,29.08777777777778,26.763137254901963,32.194901960784314,83.09745098039215,17.285163398692813,3.496732026143791,153
Purba Medinipur,2013,Summer,559.86,29.765819672131148,25.204754098360656,35.49934426229508,66.80909836065574,19.433032786885246,3.5908196721311474,122
Purba Medinipur,2013,Winter,1769.87,27.05448087431694,24.465300546448084,30.10289617486339,84.74256830601092,16.150382513661203,2.8831147540983606,183
Purba Medinipur,2014,Autumn,1365.8999999999999,29.626470588235296,27.0681045751634,32.93143790849673,81.15013071895424,17.414379084967322,3.4941176470588236,153
Purba Medinipur,2014,Summer,470.71999999999997,30.108196721311472,25.507704918032786,35.727704918032785,66.36475409836065,20.00672131147541,3.1263114754098362,122
Purba Medinipur,2014,Winter,1251.88,27.40098360655738,24.408360655737702,30.726885245901638,81.6544262295082,16.031311475409836,2.739289617486339,183
Purba Medinipur,2015,Autumn,1412.51,29.215424836601308,26.679738562091504,32.46745098039216,82.28385620915033,17.596078431372547,3.383856209150327,153
Purba Medinipur,2015,Summer,515.87,29.21327868852459,25.029262295081967,34.433524590163934,69.69090163934428,19.97983606557377,3.4926229508196722,122
Purba Medinipur,2015,Winter,1374.0,27.69846994535519,24.76945355191257,30.95213114754098,81.33344262295083,16.17464480874317,2.67,183
Purba Medinipur,2016,Autumn,1519.34,29.324509803921565,26.83647058823529,32.66758169934641,80.88202614379085,17.54901960784314,3.1747712418300655,153
Purba Medinipur,2016,Summer,401.52,30.593524590163934,26.184262295081968,36.50344262295082,66.97762295081966,19.897950819672133,3.3346721311475407,122
Purba Medinipur,2016,Winter,1490.57,27.12666666666667,24.31622950819672,30.401967213114755,82.73448087431694,16.46054644808743,2.6527868852459013,183
Purba Medinipur,2017,Autumn,1590.34,29.312418300653597,26.927450980392155,32.44444444444444,82.45941176470589,17.327058823529413,3.1516339869281045,153
Purba Medinipur,2017,Summer,487.54,29.370163934426227,25.23877049180328,34.764426229508196,71.79180327868853,20.182786885245903,3.467295081967213,122
Purba Medinipur,2017,Winter,1750.67,27.444808743169396,24.899398907103826,30.452568306010928,83.82721311475409,15.811202185792348,2.714699453551913,183
Purba Medinipur,2018,Autumn,1369.17,29.234575163398695,26.65078431372549,32.563790849673204,81.99137254901962,17.126928104575164,3.169542483660131,153
Purba Medinipur,2018,Summer,526.0,29.021803278688523,24.839426229508195,34.40270491803279,72.12245901639345,19.66729508196721,3.1509016393442626,122
Purba Medinipur,2018,Winter,1375.52,27.628196721311475,24.56398907103825,30.99879781420765,80.64262295081967,15.895956284153005,2.543005464480874,183
Purba Medinipur,2019,Autumn,1284.31,29.74843137254902,27.07993464052288,33.39464052287582,80.32398692810457,17.631045751633987,3.5498692810457517,153
Purba Medinipur,2019,Summer,387.13,29.47360655737705,25.142213114754096,35.13737704918033,71.86360655737705,20.07434426229508,3.3668032786885247,122
Purba Medinipur,2019,Winter,1579.8899999999999,27.799016393442624,25.042568306010928,31.131639344262297,82.60300546448087,15.932459016393443,2.903333333333333,183
Purulia,1997,Autumn,1302.0,29.3840522875817,25.2959477124183,33.92895424836601,70.75065359477125,17.74921568627451,2.2111111111111112,153
Purulia,1997,Summer,443.68,30.50688524590164,23.413852459016393,38.16450819672131,39.849016393442625,20.979918032786887,2.0551639344262296,122
Purulia,1997,Winter,1338.84,26.420109289617486,22.8220218579235,30.530928961748632,79.04939890710384,16.442295081967213,1.8518032786885246,183
Purulia,1998,Autumn,980.32,29.5418954248366,25.50856209150327,34.22477124183007,73.46058823529411,18.312549019607843,2.1473202614379088,153
Purulia,1998,Summer,295.94,29.35967213114754,22.445,36.83352459016393,51.66696721311475,21.135081967213114,2.016639344262295,122
Purulia,1998,Winter,1089.37,26.86153005464481,23.452459016393444,30.9672131147541,81.11546448087431,16.59103825136612,1.8867759562841528,183
Purulia,1999,Autumn,1231.5,28.545424836601306,24.91267973856209,32.76522875816993,77.35620915032679,17.451045751633988,2.17718954248366,153
Purulia,1999,Summer,337.92,30.143524590163935,22.68549180327869,38.28098360655738,41.21049180327869,21.76688524590164,2.1657377049180324,122
Purulia,1999,Winter,1284.28,25.639344262295083,22.187868852459015,29.73765027322404,82.22655737704919,16.45431693989071,1.93448087431694,183
Purulia,2000,Autumn,941.14,28.69202614379085,24.87359477124183,33.14137254901961,76.78947712418301,17.742026143790852,2.2905882352941176,153
Purulia,2000,Summer,324.05,29.486229508196722,22.737704918032787,37.13434426229509,49.42245901639344,21.507868852459016,2.1299180327868856,122
Purulia,2000,Winter,846.25,26.17907103825137,22.219726775956286,30.84262295081967,77.46732240437159,16.96224043715847,1.930983606557377,183
Purulia,2001,Autumn,1222.61,28.456666666666667,25.019281045751633,32.577712418300656,79.86496732026144,17.753986928104577,2.315424836601307,153
Purulia,2001,Summer,538.79,29.744754098360655,23.4372131147541,36.87098360655738,47.53581967213115,20.56795081967213,2.162950819672131,122
Purulia,2001,Winter,1181.21,25.891803278688524,22.68131147540984,29.731912568306008,84.26579234972677,16.362295081967215,1.9301092896174863,183
Purulia,2002,Autumn,1065.92,29.27098039215686,25.21535947712418,34.00588235294117,73.55549019607842,17.646993464052287,2.2122875816993464,153
Purulia,2002,Summer,343.06,30.495081967213114,23.501393442622952,38.338278688524596,46.68450819672131,21.16,1.99,122
Purulia,2002,Winter,1052.42,26.056448087431693,22.19857923497268,30.52491803278689,78.76191256830602,16.47846994535519,1.866502732240437,183
Purulia,2003,Autumn,962.42,29.59732026143791,25.447908496732026,34.464444444444446,71.42006535947712,18.511176470588236,2.1687581699346405,153
Purulia,2003,Summer,255.67,30.42344262295082,23.410819672131147,38.255409836065574,45.00295081967213,21.423688524590165,2.008688524590164,122
Purulia,2003,Winter,1153.94,26.47136612021858,22.86409836065574,30.796557377049183,79.69251366120218,16.38639344262295,1.8936065573770493,183
Purulia,2004,Autumn,1071.22,29.06464052287582,25.21764705882353,33.5,74.39921568627452,18.34777777777778,2.3216339869281044,153
Purulia,2004,Summer,349.7,30.308852459016393,23.54975409836066,37.716393442622945,47.83172131147541,21.77950819672131,2.1185245901639345,122
Purulia,2004,Winter,1114.89,25.78562841530055,22.14989071038251,29.969234972677594,79.76748633879782,16.732622950819675,1.981256830601093,183
Purulia,2005,Autumn,753.87,30.125751633986926,25.618366013071896,35.229803921568625,67.65405228758169,18.898823529411764,2.219019607843137,153
Purulia,2005,Summer,194.98,31.412868852459017,24.17622950819672,39.318278688524586,41.71524590163935,21.647540983606557,2.0208196721311475,122
Purulia,2005,Winter,829.12,26.783224043715848,22.729562841530054,31.500437158469946,74.49967213114755,16.70841530054645,1.978360655737705,183
Purulia,2006,Autumn,1543.15,28.263660130718954,24.90718954248366,32.20483660130719,80.14764705882354,17.36777777777778,2.224705882352941,153
Purulia,2006,Summer,496.03,29.7027868852459,23.485081967213112,36.526393442622954,50.35024590163934,20.82844262295082,1.9122950819672133,122
Purulia,2006,Winter,1442.29,25.791475409836067,22.41,29.710109289617485,83.24071038251365,16.23650273224044,1.8218032786885245,183
Purulia,2007,Autumn,1527.13,28.92392156862745,25.303006535947713,33.12392156862745,76.10875816993463,17.869346405228757,2.3000653594771245,153
Purulia,2007,Summer,293.27,29.55934426229508,23.175983606557374,36.75639344262295,51.04295081967213,21.29565573770492,2.1190163934426227,122
Purulia,2007,Winter,1503.8,26.008961748633883,22.540874316939888,30.050655737704922,82.3568306010929,16.31775956284153,2.010054644808743,183
Purulia,2008,Autumn,1348.1,28.426405228758167,24.864705882352943,32.51699346405229,78.14091503267973,17.56686274509804,2.0329411764705885,153
Purulia,2008,Summer,541.2,29.287704918032787,22.95204918032787,36.39073770491803,52.13049180327869,20.54377049180328,1.8952459016393441,122
Purulia,2008,Winter,1287.98,25.657868852459018,22.20185792349727,29.599836065573772,83.13868852459017,16.392131147540987,1.7495628415300548,183
Purulia,2009,Autumn,1123.62,29.224444444444444,25.126078431372548,33.90281045751634,73.69366013071895,18.21450980392157,2.193137254901961,153
Purulia,2009,Summer,239.63,30.271065573770493,23.223360655737704,38.020655737704914,42.138606557377045,21.958688524590166,2.093934426229508,122
Purulia,2009,Winter,1088.36,26.383551912568304,22.306830601092898,31.013715846994536,77.00426229508197,16.949945355191257,1.8701639344262295,183
Purulia,2010,Autumn,739.33,29.9102614379085,25.57065359477124,35.102679738562095,69.3554248366013,18.565751633986928,2.3812418300653593,153
Purulia,2010,Summer,187.03,31.659344262295082,24.61581967213115,39.63508196721311,41.595573770491804,21.673360655737707,2.171065573770492,122
Purulia,2010,Winter,737.33,27.400437158469945,23.33792349726776,32.199617486338795,74.42207650273224,16.999180327868853,1.9931693989071038,183
Purulia,2011,Autumn,1595.05,28.555947712418302,24.994313725490198,32.78359477124183,78.42437908496733,17.34823529411765,2.235424836601307,153
Purulia,2011,Summer,650.06,29.75983606557377,23.395573770491804,36.9633606557377,49.83336065573771,20.247131147540983,2.088770491803279,122
Purulia,2011,Winter,1529.91,25.943934426229507,22.46005464480874,29.98743169398907,82.21300546448087,15.922513661202187,1.896120218579235,183
Purulia,2012,Autumn,1128.45,29.82875816993464,25.58156862745098,34.644705882352945,69.96601307189542,18.324052287581697,2.0447712418300656,153
Purulia,2012,Summer,229.67,30.66918032786885,23.553770491803277,38.502131147540986,42.29327868852459,21.888032786885248,2.019262295081967,122
Purulia,2012,Winter,1189.28,25.951256830601093,21.979945355191255,30.7648087431694,78.14748633879782,16.45622950819672,1.915792349726776,183
Purulia,2013,Autumn,1253.93,28.646470588235292,25.0281045751634,32.82856209150327,77.9048366013072,17.49359477124183,2.08359477124183,153
Purulia,2013,Summer,518.3,29.22344262295082,22.84860655737705,36.43377049180328,50.72336065573771,20.678196721311473,2.2718852459016396,122
Purulia,2013,Winter,1417.5,25.6375956284153,22.31382513661202,29.506338797814205,84.33153005464482,15.878579234972678,1.837978142076503,183
Purulia,2014,Autumn,999.66,29.676339869281044,25.582614379084966,34.36156862745098,71.63575163398693,18.105359477124182,2.2184967320261437,153
Purulia,2014,Summer,268.53,29.993196721311477,23.384754098360656,37.30245901639344,48.30122950819672,21.644344262295082,2.1258196721311475,122
Purulia,2014,Winter,1003.9,26.51169398907104,22.537650273224045,31.166174863387976,76.81677595628415,16.546393442622954,1.8168852459016394,183
Purulia,2015,Autumn,1102.81,29.108954248366015,25.026797385620913,33.80947712418301,74.12300653594771,17.943202614379086,2.142418300653595,153
Purulia,2015,Summer,376.1,29.686147540983608,23.260327868852457,36.856475409836065,51.17024590163935,20.26549180327869,2.1568032786885247,122
Purulia,2015,Winter,1032.09,26.61327868852459,22.640163934426226,31.197868852459017,77.08781420765027,16.464918032786883,1.8595081967213116,183
Purulia,2016,Autumn,1445.37,29.109673202614378,25.210196078431373,33.71300653594771,74.55130718954248,17.75764705882353,2.2575816993464053,153
Purulia,2016,Summer,247.77,31.52040983606557,24.729590163934425,38.89213114754099,43.47196721311475,21.189426229508197,2.0936065573770493,122
Purulia,2016,Winter,1377.11,25.976010928961745,22.244699453551913,30.535245901639342,80.62071038251366,16.579398907103826,1.9465027322404371,183
Purulia,2017,Autumn,1650.72,29.17137254901961,25.347581699346403,33.5802614379085,76.23849673202614,17.184444444444445,1.98359477124183,153
Purulia,2017,Summer,415.7,30.27622950819672,23.461639344262295,37.88622950819672,49.00196721311475,20.83311475409836,2.0189344262295084,122
Purulia,2017,Winter,1761.07,26.447868852459017,22.948961748633877,30.50431693989071,81.08114754098361,15.625956284153007,1.7771038251366118,183
Purulia,2018,Autumn,1150.04,29.079019607843136,25.105751633986927,33.69098039215687,75.20503267973857,16.605098039215687,2.1468627450980393,153
Purulia,2018,Summer,379.67,29.49590163934426,22.950081967213112,36.89090163934426,52.20680327868852,19.910983606557377,2.025983606557377,122
Purulia,2018,Winter,1121.55,26.438251366120216,22.473879781420766,30.893005464480876,77.94333333333333,15.684207650273224,1.8731693989071039,183
Purulia,2019,Autumn,1105.4,29.84928104575163,25.470588235294116,34.82516339869281,70.89869281045752,17.936601307189544,2.249150326797386,153
Purulia,2019,Summer,307.06,30.50729508196721,23.304098360655736,38.28532786885246,46.352295081967206,21.357704918032788,1.9468032786885245,122
Purulia,2019,Winter,1155.45,26.744535519125684,23.024426229508197,31.120765027322406,80.16065573770491,15.53497267759563,1.9754098360655739,183
South 24 Parganas,1997,Autumn,1326.73,28.867581699346403,26.98777777777778,31.409934640522877,84.13568627450981,16.80045751633987,3.7388888888888885,153
South 24 Parganas,1997,Summer,472.0,29.090737704918034,25.650000000000002,33.61860655737705,72.57483606557376,20.45959016393443,3.5463114754098357,122
South 24 Parganas,1997,Winter,1257.47,27.565464480874315,25.44344262295082,30.10852459016393,82.5156830601093,16.019344262295082,3.095245901639344,183
South 24 Parganas,1998,Autumn,1190.45,29.23679738562091,27.463725490196076,31.685555555555556,84.55019607843137,16.621372549019608,3.8973856209150326,153
South 24 Parganas,1998,Summer,453.76,29.13049180327869,25.729098360655737,33.4922131147541,72.4954918032787,19.280081967213114,3.6628688524590163,122
South 24 Parganas,1998,Winter,1402.65,27.85950819672131,25.993879781420766,30.220000000000002,85.4377049180328,15.515136612021857,3.3566666666666665,183
South 24 Parganas,1999,Autumn,1609.23,28.684640522875817,26.938496732026145,31.070457516339868,84.67633986928104,15.890130718954248,3.8895424836601307,153
South 24 Parganas,1999,Summer,368.3,29.688114754098358,25.835163934426227,34.689672131147546,69.14565573770493,20.38073770491803,3.9890163934426233,122
South 24 Parganas,1999,Winter,1720.53,27.025355191256832,24.988961748633876,29.48371584699454,84.63306010928962,15.314972677595629,3.302677595628415,183
South 24 Parganas,2000,Autumn,1238.06,28.475490196078432,26.852026143790848,30.64732026143791,86.29633986928104,16.34908496732026,3.6949673202614384,153
South 24 Parganas,2000,Summer,545.37,28.67475409836066,25.4377868852459,32.86967213114754,74.78540983606557,19.251803278688524,3.707786885245902,122
South 24 Parganas,2000,Winter,1155.61,27.418415300546446,25.30327868852459,29.9424043715847,83.51306010928961,15.870765027322404,3.11120218579235,183
South 24 Parganas,2001,Autumn,1383.43,28.585228758169933,26.954509803921567,30.770326797385618,86.65326797385622,16.46653594771242,3.6730065359477124,153
South 24 Parganas,2001,Summer,646.55,29.386311475409837,25.933688524590163,33.667459016393444,71.70065573770492,19.04672131147541,3.618688524590164,122
South 24 Parganas,2001,Winter,1370.26,27.372513661202188,25.59792349726776,29.531256830601095,86.18174863387978,15.206120218579233,3.1444262295081966,183
South 24 Parganas,2002,Autumn,1210.48,29.000457516339868,27.095294117647057,31.583921568627453,84.52065359477125,16.187385620915034,3.6715686274509802,153
South 24 Parganas,2002,Summer,462.58,29.564754098360655,25.927295081967213,34.3383606557377,71.93450819672131,19.22827868852459,3.701967213114754,122
South 24 Parganas,2002,Winter,1219.15,27.178524590163935,25.097158469945352,29.635245901639344,84.22459016393442,15.549125683060108,3.1397814207650274,183
South 24 Parganas,2003,Autumn,1005.09,29.265816993464053,27.339999999999996,31.981503267973856,82.98529411764706,17.277058823529412,3.9144444444444444,153
South 24 Parganas,2003,Summer,503.51,29.498032786885247,25.9527868852459,34.130409836065574,70.93893442622951,19.621885245901638,3.8044262295081968,122
South 24 Parganas,2003,Winter,1271.49,27.525846994535517,25.531256830601095,29.966666666666665,83.87584699453552,15.613934426229507,3.2979234972677594,183
South 24 Parganas,2004,Autumn,1157.87,29.033660130718953,27.172156862745098,31.56333333333333,83.7156862745098,16.765228758169933,3.8406535947712417,153
South 24 Parganas,2004,Summer,423.89,29.61344262295082,25.994999999999997,34.40655737704918,71.61204918032787,20.217868852459016,3.7177868852459017,122
South 24 Parganas,2004,Winter,1334.51,27.147377049180328,25.01234972677596,29.68956284153005,83.13808743169399,15.468469945355192,3.251693989071038,183
South 24 Parganas,2005,Autumn,1150.21,29.18418300653595,27.32078431372549,31.71882352941176,83.80418300653595,17.14967320261438,3.7769934640522878,153
South 24 Parganas,2005,Summer,387.72,29.747377049180326,26.40254098360656,34.16032786885246,72.40229508196721,20.106475409836065,3.754672131147541,122
South 24 Parganas,2005,Winter,1340.99,27.410109289617488,25.29513661202186,29.956994535519126,83.45830601092896,15.447377049180327,3.265191256830601,183
South 24 Parganas,2006,Autumn,1521.6399999999999,28.76437908496732,27.096797385620917,30.949411764705882,85.31241830065359,16.463202614379085,3.6775816993464048,153
South 24 Parganas,2006,Summer,396.51,29.590573770491805,26.19983606557377,33.849754098360656,70.19745901639344,19.44647540983607,3.32172131147541,122
South 24 Parganas,2006,Winter,1441.47,27.38983606557377,25.313497267759562,29.830109289617486,84.47,15.285737704918033,3.0846994535519126,183
South 24 Parganas,2007,Autumn,1721.4,29.050849673202613,27.248235294117645,31.378627450980392,83.82542483660131,16.50901960784314,3.694313725490196,153
South 24 Parganas,2007,Summer,402.26,29.3877868852459,25.74204918032787,33.86655737704918,69.2627868852459,20.08098360655738,3.5138524590163933,122
South 24 Parganas,2007,Winter,1819.7,27.342131147540982,25.30142076502732,29.74295081967213,84.58103825136612,15.440983606557376,3.270928961748634,183
South 24 Parganas,2008,Autumn,1352.99,28.712875816993463,27.001503267973852,30.98588235294118,84.95673202614378,16.513986928104575,3.7244444444444444,153
South 24 Parganas,2008,Summer,588.71,29.014262295081966,25.717131147540982,33.320163934426226,73.68967213114753,19.499016393442623,3.3150819672131147,122
South 24 Parganas,2008,Winter,1336.19,27.124153005464482,25.052131147540983,29.541475409836067,84.54661202185792,15.70912568306011,3.266448087431694,183
South 24 Parganas,2009,Autumn,1386.18,29.08248366013072,27.281372549019608,31.47908496732026,84.39830065359477,16.596078431372547,3.5782352941176474,153
South 24 Parganas,2009,Summer,380.08,29.83811475409836,26.074016393442626,34.49434426229509,68.63360655737705,20.145737704918034,3.306967213114754,122
South 24 Parganas,2009,Winter,1273.82,27.5524043715847,25.268469945355193,30.288852459016393,82.7932786885246,15.770273224043716,3.0580327868852457,183
South 24 Parganas,2010,Autumn,1130.89,29.146797385620914,27.442875816993464,31.510718954248368,84.01124183006536,17.387712418300655,3.5823529411764707,153
South 24 Parganas,2010,Summer,403.58,30.13090163934426,26.81245901639344,34.638360655737706,72.53196721311475,19.626967213114753,4.036065573770491,122
South 24 Parganas,2010,Winter,1110.44,28.031475409836066,25.98098360655738,30.46360655737705,82.83672131147542,16.083825136612024,2.9412021857923496,183
South 24 Parganas,2011,Autumn,1564.6,28.822026143790854,27.09300653594771,31.109346405228763,84.90117647058823,15.931960784313727,3.5740522875817,153
South 24 Parganas,2011,Summer,611.7,29.14860655737705,25.843114754098362,33.41131147540983,71.99508196721311,18.894426229508195,3.5677049180327867,122
South 24 Parganas,2011,Winter,1440.47,27.556448087431693,25.346502732240435,30.120546448087435,82.59092896174863,15.125300546448086,2.990327868852459,183
South 24 Parganas,2012,Autumn,934.31,29.33607843137255,27.36901960784314,32.074509803921565,82.37320261437908,17.021437908496733,3.912549019607843,153
South 24 Parganas,2012,Summer,273.6,29.915327868852458,26.34860655737705,34.564918032786885,69.58024590163936,20.046639344262296,3.838688524590164,122
South 24 Parganas,2012,Winter,981.07,27.222950819672132,24.75224043715847,30.27120218579235,82.28311475409836,15.774207650273222,3.491967213114754,183
South 24 Parganas,2013,Autumn,1477.99,28.94588235294118,27.26111111111111,31.25862745098039,84.71594771241831,16.062418300653597,3.9312418300653595,153
South 24 Parganas,2013,Summer,558.18,29.376229508196722,25.844344262295085,33.94868852459016,71.45245901639345,18.826475409836064,4.061639344262295,122
South 24 Parganas,2013,Winter,1703.26,27.293442622950817,25.23,29.78153005464481,84.6487431693989,15.350000000000001,3.24551912568306,183
South 24 Parganas,2014,Autumn,1252.1200000000001,29.512875816993464,27.62032679738562,32.0618954248366,82.8478431372549,16.835816993464054,3.9325490196078428,153
South 24 Parganas,2014,Summer,431.54,30.21467213114754,26.329262295081968,35.04254098360656,67.7972131147541,19.51295081967213,3.5924590163934425,122
South 24 Parganas,2014,Winter,1173.37,27.667540983606557,25.309234972677597,30.389726775956284,81.52218579234973,15.65967213114754,3.1051912568306013,183
South 24 Parganas,2015,Autumn,1591.3600000000001,29.16483660130719,27.23699346405229,31.673398692810455,83.5916339869281,16.177647058823528,3.708039215686275,153
South 24 Parganas,2015,Summer,499.2,29.11606557377049,25.75032786885246,33.410409836065575,71.56131147540984,19.145081967213113,3.7327868852459014,122
South 24 Parganas,2015,Winter,1577.6100000000001,27.95918032786885,25.61016393442623,30.610655737704917,81.19775956284153,15.194863387978142,2.9710382513661204,183
South 24 Parganas,2016,Autumn,1629.14,29.185686274509802,27.312418300653597,31.779738562091506,82.6256862745098,16.935686274509802,3.3627450980392157,153
South 24 Parganas,2016,Summer,399.63,30.041967213114752,26.643196721311472,34.72073770491804,71.82122950819672,19.558688524590163,3.5491803278688523,122
South 24 Parganas,2016,Winter,1606.78,27.39464480874317,25.18289617486339,30.040874316939888,82.96743169398907,15.803497267759562,2.8676502732240436,183
South 24 Parganas,2017,Autumn,1704.96,29.30281045751634,27.468496732026146,31.76699346405229,83.16084967320262,16.435294117647057,3.4440522875817,153
South 24 Parganas,2017,Summer,473.09999999999997,29.18901639344262,25.88590163934426,33.54450819672131,73.83303278688524,19.380819672131146,3.700081967213115,122
South 24 Parganas,2017,Winter,1970.85,27.695683060109292,25.650382513661203,30.166448087431693,83.56699453551913,14.869180327868852,3.035573770491803,183
South 24 Parganas,2018,Autumn,1505.8,29.154640522875816,27.24313725490196,31.710849673202617,83.25444444444445,16.438692810457514,3.490392156862745,153
South 24 Parganas,2018,Summer,588.15,29.06860655737705,25.659262295081966,33.52614754098361,72.9739344262295,18.90254098360656,3.4558196721311476,122
South 24 Parganas,2018,Winter,1502.47,27.836120218579236,25.482349726775958,30.52311475409836,80.8303825136612,15.396448087431695,2.8433333333333337,183
South 24 Parganas,2019,Autumn,1416.1299999999999,29.640849673202617,27.601111111111113,32.499542483660136,81.68633986928104,16.964771241830068,3.8513725490196076,153
South 24 Parganas,2019,Summer,374.42,29.317131147540984,25.89893442622951,33.86524590163935,73.92090163934427,19.799344262295083,3.6681967213114755,122
South 24 Parganas,2019,Winter,1815.1299999999999,27.98136612021858,25.748688524590165,30.704262295081968,82.75131147540984,15.280601092896175,3.107595628415301,183
Uttar Dinajpur,1997,Autumn,941.97,30.30202614379085,26.070980392156862,34.908235294117645,69.96908496732027,18.44607843137255,2.3103921568627452,153
Uttar Dinajpur,1997,Summer,292.89,30.479508196721312,23.310901639344262,37.806557377049174,39.15754098360656,20.72606557377049,2.326967213114754,122
Uttar Dinajpur,1997,Winter,879.96,27.527978142076503,23.5727868852459,32.03081967213115,75.65699453551912,16.853224043715848,1.9335519125683058,183
Uttar Dinajpur,1998,Autumn,1238.01,29.96614379084967,26.463986928104575,33.91156862745098,77.27614379084967,16.91,2.2173202614379086,153
Uttar Dinajpur,1998,Summer,377.42,29.60655737704918,23.224918032786885,36.443606557377045,50.707131147540984,19.609426229508195,2.324016393442623,122
Uttar Dinajpur,1998,Winter,1361.75,27.48595628415301,24.21595628415301,31.282732240437156,83.27530054644808,15.7448087431694,1.887377049180328,183
Uttar Dinajpur,1999,Autumn,1259.78,29.439084967320262,26.102549019607842,33.18169934640523,78.11091503267973,16.039019607843137,2.193267973856209,153
Uttar Dinajpur,1999,Summer,374.24,30.259098360655738,23.192540983606555,37.71967213114754,43.873360655737706,19.749590163934425,2.0845081967213117,122
Uttar Dinajpur,1999,Winter,1195.6,26.93770491803279,23.550437158469943,30.707868852459015,81.70016393442623,15.602349726775957,1.8583606557377048,183
Uttar Dinajpur,2000,Autumn,967.41,29.080653594771242,25.74516339869281,32.88666666666666,80.51124183006536,16.696928104575164,2.2573202614379086,153
Uttar Dinajpur,2000,Summer,504.88,28.67516393442623,22.399426229508197,35.37237704918033,55.34672131147541,19.07204918032787,2.0788524590163933,122
Uttar Dinajpur,2000,Winter,816.25,27.130928961748634,23.469726775956286,31.433879781420764,80.04191256830602,16.47120218579235,1.8589071038251366,183
Uttar Dinajpur,2001,Autumn,1031.74,29.647450980392158,26.208039215686274,33.5664705882353,78.03601307189543,17.821176470588235,2.3611764705882354,153
Uttar Dinajpur,2001,Summer,393.56,29.717950819672133,23.376311475409835,36.50893442622951,48.11,20.462213114754096,2.328770491803279,122
Uttar Dinajpur,2001,Winter,1072.12,27.24704918032787,23.90382513661202,31.142349726775958,82.09781420765027,16.39896174863388,1.8969945355191256,183
Uttar Dinajpur,2002,Autumn,1247.59,29.02888888888889,25.65098039215686,32.90013071895425,80.489477124183,16.43673202614379,2.2968627450980392,153
Uttar Dinajpur,2002,Summer,574.22,28.982295081967216,22.991967213114755,35.492704918032786,57.10204918032787,18.98950819672131,2.1620491803278687,122
Uttar Dinajpur,2002,Winter,1191.7,26.687158469945356,23.226830601092896,30.596393442622954,83.06710382513661,15.90792349726776,1.8226229508196723,183
Uttar Dinajpur,2003,Autumn,916.17,29.86529411764706,26.179281045751633,34.03751633986928,75.3929411764706,17.70986928104575,2.3108496732026143,153
Uttar Dinajpur,2003,Summer,403.36,29.58590163934426,23.181967213114753,36.39106557377049,51.71475409836066,18.95024590163934,2.1413934426229506,122
Uttar Dinajpur,2003,Winter,1002.92,27.147814207650274,23.718142076502733,31.15568306010929,81.60868852459016,15.88792349726776,1.9898360655737704,183
Uttar Dinajpur,2004,Autumn,1264.55,29.36346405228758,25.914967320261436,33.22581699346405,78.04169934640522,16.605359477124182,2.312745098039216,153
Uttar Dinajpur,2004,Summer,455.91,29.966311475409835,23.680409836065575,36.643524590163935,52.16131147540984,18.691147540983607,2.117704918032787,122
Uttar Dinajpur,2004,Winter,1356.54,26.52896174863388,23.27491803278689,30.22622950819672,83.61945355191257,15.650983606557377,1.9378142076502733,183
Uttar Dinajpur,2005,Autumn,1158.22,30.395686274509803,26.482614379084968,34.61418300653595,72.33588235294117,17.167581699346403,2.1229411764705883,153
Uttar Dinajpur,2005,Summer,266.31,30.799016393442624,24.254508196721314,37.641639344262295,46.99934426229508,19.319344262295083,2.0604918032786883,122
Uttar Dinajpur,2005,Winter,1388.3799999999999,27.498852459016394,23.885136612021856,31.48409836065574,79.4596174863388,15.772349726775957,1.8375956284153003,183
Uttar Dinajpur,2006,Autumn,1078.26,29.356470588235293,25.892875816993463,33.170196078431374,78.51117647058824,17.61281045751634,2.255686274509804,153
Uttar Dinajpur,2006,Summer,470.99,29.25590163934426,23.20844262295082,35.61409836065574,53.660000000000004,19.450327868852458,2.0040983606557377,122
Uttar Dinajpur,2006,Winter,962.13,26.89311475409836,23.39464480874317,30.89928961748634,81.62114754098361,16.58224043715847,1.832622950819672,183
Uttar Dinajpur,2007,Autumn,1300.15,29.6262091503268,26.136405228758168,33.500457516339864,77.6278431372549,16.8259477124183,2.1750326797385617,153
Uttar Dinajpur,2007,Summer,458.09,29.770573770491804,23.606065573770493,36.18975409836065,51.764016393442624,19.964754098360654,2.0422131147540985,122
Uttar Dinajpur,2007,Winter,1276.6,26.927650273224046,23.57054644808743,30.810273224043716,83.45551912568307,15.648688524590165,1.8981967213114754,183
Uttar Dinajpur,2008,Autumn,1079.68,29.356013071895426,25.937320261437907,33.1535294117647,78.31241830065359,17.038169934640525,2.053137254901961,153
Uttar Dinajpur,2008,Summer,510.2,29.573852459016397,23.46155737704918,35.876639344262294,52.883770491803276,19.607950819672133,1.9581147540983608,122
Uttar Dinajpur,2008,Winter,1093.43,26.851530054644808,23.345956284153008,30.836284153005465,82.97409836065574,16.230819672131148,1.7508743169398908,183
Uttar Dinajpur,2009,Autumn,1173.04,29.928496732026147,26.154640522875816,34.12529411764706,75.03405228758169,17.601633986928107,2.1248366013071895,153
Uttar Dinajpur,2009,Summer,352.34000000000003,30.022786885245903,23.350327868852457,36.963852459016394,45.88959016393442,20.049098360655737,1.992950819672131,122
Uttar Dinajpur,2009,Winter,1224.86,27.186830601092893,23.427923497267763,31.492185792349726,79.90284153005464,16.521420765027322,1.8107103825136612,183
Uttar Dinajpur,2010,Autumn,1289.86,29.511045751633983,25.990718954248365,33.47712418300654,78.68006535947713,17.34777777777778,2.0645098039215686,153
Uttar Dinajpur,2010,Summer,534.89,30.504672131147544,24.0572131147541,37.39204918032787,49.67991803278689,19.279590163934426,2.0867213114754097,122
Uttar Dinajpur,2010,Winter,1216.69,27.175409836065576,23.769071038251365,31.107759562841533,83.40704918032787,16.049398907103825,1.802513661202186,183
Uttar Dinajpur,2011,Autumn,1403.23,29.342091503267977,25.90542483660131,33.178104575163395,79.02901960784314,17.04294117647059,2.3194771241830066,153
Uttar Dinajpur,2011,Summer,502.42,29.32811475409836,23.219426229508198,35.85311475409836,53.239262295081964,19.184344262295085,2.1291803278688524,122
Uttar Dinajpur,2011,Winter,1234.07,27.022841530054645,23.551038251366123,30.952240437158473,82.3131693989071,16.101967213114754,1.9204371584699453,183
Uttar Dinajpur,2012,Autumn,1136.49,30.376862745098038,26.474705882352943,34.62529411764706,73.31287581699347,17.55640522875817,1.9813071895424836,153
Uttar Dinajpur,2012,Summer,380.71999999999997,30.55655737704918,23.771065573770493,37.72196721311475,44.94385245901639,20.127704918032787,2.1606557377049183,122
Uttar Dinajpur,2012,Winter,1126.71,26.608633879781422,22.705901639344265,31.292349726775956,79.3877049180328,16.42502732240437,2.0071038251366122,183
Uttar Dinajpur,2013,Autumn,1118.06,29.403921568627453,26.030849673202614,33.09261437908497,79.17875816993464,17.35542483660131,1.7594117647058822,153
Uttar Dinajpur,2013,Summer,524.04,29.501639344262294,23.421967213114755,35.950901639344266,50.965,19.245819672131145,2.081393442622951,122
Uttar Dinajpur,2013,Winter,1163.69,26.818524590163936,23.48262295081967,30.593770491803276,84.20983606557377,16.366830601092897,1.6060109289617486,183
Uttar Dinajpur,2014,Autumn,1171.84,30.230261437908492,26.581307189542486,34.26176470588236,75.41529411764706,17.118039215686274,2.0090849673202613,153
Uttar Dinajpur,2014,Summer,420.26,30.482868852459013,23.910409836065575,37.42975409836066,45.92737704918033,20.158524590163935,2.1030327868852456,122
Uttar Dinajpur,2014,Winter,1010.51,27.290327868852458,23.661803278688524,31.429999999999996,80.21420765027322,16.061147540983608,1.6606557377049178,183
Uttar Dinajpur,2015,Autumn,1118.85,29.98934640522876,26.25516339869281,34.20124183006536,76.62137254901961,16.937712418300652,2.1841176470588235,153
Uttar Dinajpur,2015,Summer,495.27,29.90032786885246,23.897786885245903,36.43008196721312,53.80565573770492,18.673524590163936,2.4817213114754098,122
Uttar Dinajpur,2015,Winter,979.9300000000001,27.87765027322404,24.186120218579237,32.12377049180328,78.29180327868852,16.210327868852456,1.7458469945355193,183
Uttar Dinajpur,2016,Autumn,1462.83,29.723529411764705,26.38032679738562,33.53300653594771,78.239477124183,16.927124183006537,2.1330718954248367,153
Uttar Dinajpur,2016,Summer,475.61,31.34139344262295,24.992622950819673,38.045163934426235,46.66573770491804,18.99065573770492,2.3529508196721314,122
Uttar Dinajpur,2016,Winter,1314.6200000000001,27.278907103825137,23.871311475409836,31.261420765027324,82.75459016393442,16.434590163934427,1.7918579234972678,183
Uttar Dinajpur,2017,Autumn,1365.28,29.482875816993463,26.302418300653596,33.18274509803921,81.24967320261439,16.83830065359477,2.2062091503267975,153
Uttar Dinajpur,2017,Summer,518.22,29.316885245901638,23.465819672131147,35.756967213114756,59.07852459016394,18.220901639344262,2.221311475409836,122
Uttar Dinajpur,2017,Winter,1370.72,27.327049180327872,24.127978142076504,31.080109289617486,84.10267759562842,15.605901639344262,1.9107650273224044,183
Uttar Dinajpur,2018,Autumn,1091.49,29.153660130718954,25.933333333333334,32.95169934640523,82.18614379084967,17.085163398692814,2.1207843137254905,153
Uttar Dinajpur,2018,Summer,543.8,28.564426229508197,23.051803278688524,34.688360655737704,62.23590163934426,18.402131147540985,2.0277868852459013,122
Uttar Dinajpur,2018,Winter,942.52,27.41049180327869,23.80486338797814,31.64147540983607,79.91994535519126,16.395245901639345,1.7527322404371584,183
Uttar Dinajpur,2019,Autumn,1579.01,30.159411764705883,26.507581699346403,34.359869281045754,77.10372549019608,17.08143790849673,2.3720915032679737,153
Uttar Dinajpur,2019,Summer,398.03,30.176967213114754,23.79926229508197,37.18795081967213,51.21213114754099,19.41655737704918,2.3567213114754098,122
Uttar Dinajpur,2019,Winter,1555.03,27.34322404371585,24.14726775956284,31.12617486338798,84.44191256830601,15.693224043715848,1.9765027322404372,183
