District,Year,Season,PRECTOTCORR,T2M,T2M_MIN,T2M_MAX,RH2M,ALLSKY_SFC_SW_DWN,WS2M
Alipurduar,1997,Kharif,1245.19,26.17775956284153,12.01,39.86,78.41846994535518,15.876174863387979,1.105191256830601
Alipurduar,1997,Rabi,28.130000000000003,17.253333333333334,7.26,30.66,44.63711111111111,13.23711111111111,0.9706666666666667
Alipurduar,1997,Summer,223.85,27.33521739130435,14.06,40.19,37.44869565217392,18.472826086956523,1.344891304347826
Alipurduar,1998,Kharif,1628.93,26.532131147540984,13.74,37.2,82.9924043715847,14.658142076502733,1.0830601092896175
Alipurduar,1998,Rabi,10.16,17.383555555555557,6.14,30.19,51.60444444444444,13.873444444444443,0.9184444444444444
Alipurduar,1998,Summer,323.35,26.607717391304345,11.46,39.91,48.99619565217391,18.187934782608696,1.2728260869565218
Alipurduar,1999,Kharif,1680.24,26.108688524590164,13.02,37.72,82.15464480874317,15.144918032786885,1.0643715846994535
Alipurduar,1999,Rabi,2.5,18.24855555555556,7.13,33.07,54.729777777777784,14.935111111111112,0.8758888888888888
Alipurduar,1999,Summer,303.13,28.01032608695652,13.13,40.75,41.44510869565217,19.12304347826087,1.360326086956522
Alipurduar,2000,Kharif,1016.15,26.166065573770492,13.73,35.07,81.12639344262294,15.46879781420765,1.0757377049180328
Alipurduar,2000,Rabi,37.51,16.80978021978022,7.6,27.85,53.40615384615385,14.55054945054945,0.9046153846153847
Alipurduar,2000,Summer,385.88,26.235217391304346,11.92,37.47,51.14673913043478,18.388369565217392,1.3223913043478261
Alipurduar,2001,Kharif,1392.03,26.373606557377048,11.05,35.79,81.61628415300547,15.558524590163934,1.0295628415300546
Alipurduar,2001,Rabi,6.59,17.187555555555555,6.2,31.62,51.229777777777784,13.503444444444444,0.8343333333333334
Alipurduar,2001,Summer,279.96999999999997,27.244891304347828,13.01,39.54,44.19152173913044,19.643804347826087,1.3321739130434782
Alipurduar,2002,Kharif,1506.6299999999999,25.84273224043716,14.02,35.36,81.6944262295082,14.774590163934427,1.1020765027322406
Alipurduar,2002,Rabi,15.86,17.679000000000002,7.2,30.43,58.15633333333333,13.447777777777777,0.8581111111111112
Alipurduar,2002,Summer,393.68,26.36489130434783,13.22,38.87,54.88032608695652,18.067608695652176,1.297826086956522
Alipurduar,2003,Kharif,1397.24,26.214918032786883,12.83,38.41,82.48699453551913,14.85743169398907,1.0973770491803279
Alipurduar,2003,Rabi,61.32,16.936777777777777,5.9,29.84,59.89833333333334,13.169333333333334,0.8586666666666667
Alipurduar,2003,Summer,231.14,26.675108695652174,10.9,38.47,51.03673913043478,18.31478260869565,1.2421739130434784
Alipurduar,2004,Kharif,1609.35,25.548743169398907,13.85,34.75,83.14754098360656,14.873715846994536,1.1520765027322406
Alipurduar,2004,Rabi,11.97,17.089230769230767,7.44,30.61,63.59989010989011,13.362197802197803,0.8736263736263736
Alipurduar,2004,Summer,298.5,27.16913043478261,12.39,38.93,54.01869565217392,17.058478260869567,1.3292391304347826
Alipurduar,2005,Kharif,1690.02,26.346994535519126,11.6,39.41,80.2297267759563,15.269726775956284,1.0930054644808744
Alipurduar,2005,Rabi,19.25,17.60811111111111,8.75,33.06,63.132666666666665,13.680222222222223,0.8903333333333333
Alipurduar,2005,Summer,246.39,27.194565217391304,14.33,38.6,50.51456521739131,17.910978260869566,1.2677173913043478
Alipurduar,2006,Kharif,1132.1,26.176939890710383,10.55,35.84,79.47398907103825,15.528306010928961,1.067049180327869
Alipurduar,2006,Rabi,13.72,18.056555555555555,8.57,34.53,62.55666666666667,13.089777777777776,0.8424444444444443
Alipurduar,2006,Summer,293.94,27.006086956521738,12.98,39.15,47.927282608695656,18.79826086956522,1.3484782608695653
Alipurduar,2007,Kharif,1485.9,26.14896174863388,13.01,39.56,81.38289617486339,14.894426229508197,1.1476502732240437
Alipurduar,2007,Rabi,39.43,16.901777777777777,6.73,28.58,59.08033333333333,12.774111111111113,0.8524444444444444
Alipurduar,2007,Summer,208.89000000000001,27.476521739130437,12.33,40.12,48.707608695652176,19.417282608695654,1.2171739130434782
Alipurduar,2008,Kharif,1359.09,25.988087431693987,14.53,34.69,82.19289617486338,15.368306010928963,1.0846448087431695
Alipurduar,2008,Rabi,25.81,17.270659340659343,6.66,29.79,63.3665934065934,12.635494505494504,0.8291208791208792
Alipurduar,2008,Summer,245.85999999999999,27.406521739130437,13.08,38.94,48.39086956521739,18.803478260869564,1.2609782608695652
Alipurduar,2009,Kharif,1526.94,26.147540983606557,12.58,36.13,81.71825136612023,15.444207650273224,1.1015846994535519
Alipurduar,2009,Rabi,5.38,17.81388888888889,8.76,31.31,63.376444444444445,13.139555555555555,0.8414444444444444
Alipurduar,2009,Summer,390.52,27.287934782608694,12.49,39.66,45.66010869565217,18.569130434782608,1.315217391304348
Alipurduar,2010,Kharif,1799.71,25.951202185792347,12.66,35.3,84.75382513661202,14.626939890710382,1.0960109289617486
Alipurduar,2010,Rabi,2.7899999999999996,17.26811111111111,7.78,30.7,57.62455555555555,14.219111111111111,0.8442222222222223
Alipurduar,2010,Summer,334.3,28.077173913043477,14.63,40.22,48.104239130434784,17.77445652173913,1.2953260869565217
Alipurduar,2011,Kharif,1662.43,26.013715846994536,13.91,36.8,81.98704918032786,15.697431693989072,1.13896174863388
Alipurduar,2011,Rabi,25.27,16.78988888888889,6.34,30.06,63.666555555555554,12.955111111111112,0.8537777777777779
Alipurduar,2011,Summer,283.42,26.646521739130435,13.67,37.16,51.16402173913043,18.03467391304348,1.2915217391304348
Alipurduar,2012,Kharif,1482.86,26.14355191256831,10.99,37.07,80.95426229508196,15.128415300546449,1.044535519125683
Alipurduar,2012,Rabi,17.759999999999998,16.692527472527473,7.14,31.64,57.00648351648352,12.918571428571427,0.8235164835164835
Alipurduar,2012,Summer,317.44,27.039347826086956,12.83,39.63,47.30989130434783,19.36467391304348,1.286195652173913
Alipurduar,2013,Kharif,1488.2,26.175846994535522,13.96,35.4,83.61890710382514,15.864863387978142,0.9865573770491803
Alipurduar,2013,Rabi,22.599999999999998,17.615555555555556,3.63,33.1,55.01522222222222,13.940666666666667,0.9156666666666666
Alipurduar,2013,Summer,418.37,27.479891304347827,13.92,41.06,46.13652173913044,18.207391304347826,1.2145652173913042
Alipurduar,2014,Kharif,1288.43,26.543442622950817,12.8,37.32,82.71737704918033,15.330601092896174,1.0553551912568306
Alipurduar,2014,Rabi,19.84,17.738555555555557,8.34,29.72,60.74077777777778,12.917444444444444,0.884888888888889
Alipurduar,2014,Summer,272.98,28.164130434782606,12.51,41.74,41.20086956521739,19.465652173913043,1.2594565217391305
Alipurduar,2015,Kharif,1484.66,26.692349726775955,16.29,35.99,83.66961748633881,15.01743169398907,1.148688524590164
Alipurduar,2015,Rabi,25.99,18.864333333333335,8.77,33.92,57.71666666666667,12.695222222222222,0.8671111111111112
Alipurduar,2015,Summer,325.29,27.601630434782606,14.03,39.26,52.9,17.55108695652174,1.4197826086956522
Alipurduar,2016,Kharif,2155.9,26.53568306010929,14.57,35.86,85.20426229508196,15.326939890710381,1.0440983606557377
Alipurduar,2016,Rabi,12.02,19.21912087912088,8.1,34.28,57.30868131868132,12.897582417582418,0.9376923076923077
Alipurduar,2016,Summer,558.38,28.14445652173913,17.86,41.39,51.66217391304348,17.58771739130435,1.3916304347826087
Alipurduar,2017,Kharif,2012.31,26.365027322404373,13.37,34.14,85.77896174863388,14.862349726775957,1.106393442622951
Alipurduar,2017,Rabi,5.76,19.250333333333334,7.03,32.14,59.91177777777778,13.951777777777778,0.8524444444444444
Alipurduar,2017,Summer,620.11,26.250217391304346,13.41,37.8,63.00076086956521,16.97391304347826,1.2657608695652174
Alipurduar,2018,Kharif,1732.6,26.264863387978142,13.34,35.09,82.94584699453551,15.281366120218578,1.008087431693989
Alipurduar,2018,Rabi,15.5,17.756666666666664,6.94,30.28,58.13655555555555,12.777444444444445,0.85
Alipurduar,2018,Summer,639.58,25.89032608695652,15.03,35.71,62.959999999999994,16.641847826086956,1.150108695652174
Alipurduar,2019,Kharif,2260.9,26.419016393442625,15.91,35.41,85.75338797814209,14.696120218579233,1.0711475409836066
Alipurduar,2019,Rabi,30.080000000000002,17.91288888888889,7.83,30.53,58.95044444444444,13.119777777777777,0.8911111111111112
Alipurduar,2019,Summer,550.56,25.92054347826087,11.14,37.04,58.352065217391306,17.19554347826087,1.3072826086956522
Bankura,1997,Kharif,1244.89,26.93005464480874,14.61,42.63,80.494043715847,16.431584699453552,1.9720218579234972
Bankura,1997,Rabi,67.63,18.206555555555553,6.44,34.31,58.77333333333334,13.982777777777779,1.6013333333333333
Bankura,1997,Summer,165.98,30.00695652173913,13.51,45.83,46.23934782608696,20.558695652173913,1.9796739130434782
Bankura,1998,Kharif,1032.24,27.38967213114754,10.69,46.76,82.10005464480874,16.410437158469946,2.0111475409836066
Bankura,1998,Rabi,104.49000000000001,17.543666666666667,5.46,31.12,68.51322222222221,14.141666666666667,1.4314444444444445
Bankura,1998,Summer,188.53,28.70413043478261,10.95,45.74,56.85184782608695,20.305,2.012282608695652
Bankura,1999,Kharif,1324.55,26.23207650273224,9.37,43.09,83.1044262295082,16.16633879781421,2.051967213114754
Bankura,1999,Rabi,0.09,18.171555555555557,6.49,34.88,62.06755555555556,16.62511111111111,1.545222222222222
Bankura,1999,Summer,131.94,30.64630434782609,13.18,46.95,43.96967391304348,21.273695652173913,2.0175
Bankura,2000,Kharif,823.65,26.61841530054645,11.53,39.0,79.86551912568305,16.694043715846995,2.0081967213114753
Bankura,2000,Rabi,46.71,17.571098901098903,5.96,28.75,60.662307692307685,15.278021978021977,1.5334065934065932
Bankura,2000,Summer,188.84,29.054347826086957,11.6,43.94,54.18119565217391,20.608478260869564,2.1036956521739127
Bankura,2001,Kharif,1229.61,26.451311475409838,12.99,37.02,85.56863387978142,16.237759562841532,2.0802732240437156
Bankura,2001,Rabi,6.109999999999999,18.14377777777778,5.91,35.95,50.445,14.728888888888887,1.5356666666666667
Bankura,2001,Summer,242.74,30.43826086956522,15.43,46.69,45.72934782608696,21.156847826086956,2.058478260869565
Bankura,2002,Kharif,1049.9,26.469071038251368,11.7,41.89,81.0171038251366,16.292185792349727,1.9676502732240437
Bankura,2002,Rabi,33.51,18.121222222222222,6.37,32.57,65.09666666666666,14.548444444444444,1.3755555555555554
Bankura,2002,Summer,149.67,30.438152173913043,13.25,47.26,50.73260869565217,20.580760869565218,1.9817391304347824
Bankura,2003,Kharif,1086.77,26.933497267759563,9.55,44.21,81.34021857923497,16.097540983606557,2.0517486338797815
Bankura,2003,Rabi,32.15,17.74077777777778,4.63,32.18,65.81244444444444,14.480333333333334,1.4361111111111111
Bankura,2003,Summer,160.05,30.03739130434783,10.62,43.95,50.47119565217392,21.221739130434784,1.952173913043478
Bankura,2004,Kharif,1118.66,26.27311475409836,11.38,38.64,81.4416393442623,16.60071038251366,2.109289617486339
Bankura,2004,Rabi,9.86,17.673956043956043,5.73,33.5,67.44032967032966,14.557912087912088,1.3761538461538463
Bankura,2004,Summer,141.33,30.593369565217394,11.71,45.66,48.95782608695652,21.743478260869566,1.951304347826087
Bankura,2005,Kharif,922.4,27.132513661202186,10.52,46.29,77.43076502732241,16.313715846994533,2.1195081967213114
Bankura,2005,Rabi,66.52,18.188666666666666,6.66,32.97,66.27522222222223,14.297888888888888,1.4946666666666668
Bankura,2005,Summer,134.37,30.330978260869564,15.64,44.93,52.24336956521739,20.99141304347826,1.9768478260869566
Bankura,2006,Kharif,1372.56,26.34967213114754,10.57,37.58,84.21005464480875,16.305956284153005,1.911912568306011
Bankura,2006,Rabi,0.09999999999999999,19.002000000000002,6.68,37.41,58.48288888888889,14.743666666666668,1.3892222222222221
Bankura,2006,Summer,198.13,30.040978260869565,14.32,43.33,50.96630434782608,20.81065217391304,1.942826086956522
Bankura,2007,Kharif,1671.5,26.48049180327869,11.72,43.59,83.97191256830601,16.321366120218578,2.1267213114754098
Bankura,2007,Rabi,57.7,17.20011111111111,5.72,30.4,69.09211111111111,13.57311111111111,1.453111111111111
Bankura,2007,Summer,139.64000000000001,29.103804347826088,11.41,43.38,53.83347826086957,21.18934782608696,1.9069565217391304
Bankura,2008,Kharif,1262.05,26.19535519125683,10.57,40.05,84.11650273224043,16.1375956284153,1.902185792349727
Bankura,2008,Rabi,46.940000000000005,17.29989010989011,5.01,29.47,71.27241758241759,12.95098901098901,1.344945054945055
Bankura,2008,Summer,153.66,29.40836956521739,14.25,42.98,54.32815217391304,20.808804347826086,1.8044565217391304
Bankura,2009,Kharif,1134.12,26.800983606557377,9.92,42.44,79.5956830601093,16.80109289617486,1.9595081967213113
Bankura,2009,Rabi,8.08,18.75588888888889,7.62,34.91,64.13944444444445,14.066777777777778,1.3093333333333335
Bankura,2009,Summer,220.97,29.813478260869566,13.12,44.37,46.56923913043478,20.886304347826087,2.042826086956522
Bankura,2010,Kharif,739.88,27.720819672131146,12.84,43.59,77.21612021857923,16.759945355191256,2.0599453551912568
Bankura,2010,Rabi,62.84,17.763333333333335,6.37,32.62,61.596999999999994,14.27011111111111,1.4761111111111112
Bankura,2010,Summer,167.1,31.020760869565216,14.87,46.61,49.882173913043474,20.91163043478261,2.0660869565217395
Bankura,2011,Kharif,1490.42,26.484043715846994,12.77,41.39,83.14398907103825,15.83344262295082,1.9395628415300545
Bankura,2011,Rabi,11.94,18.185000000000002,5.57,34.74,58.46966666666667,13.753333333333332,1.5164444444444443
Bankura,2011,Summer,293.07,29.72086956521739,13.44,41.68,52.4675,20.399891304347825,1.9656521739130435
Bankura,2012,Kharif,1147.96,26.46754098360656,8.77,46.54,80.01098360655737,16.296120218579237,2.029344262295082
Bankura,2012,Rabi,92.87,17.11,4.14,32.54,70.07186813186813,13.452637362637363,1.6406593406593408
Bankura,2012,Summer,132.71,29.678804347826084,13.16,44.4,49.287934782608694,21.77836956521739,1.888586956521739
Bankura,2013,Kharif,1623.47,26.1975956284153,12.04,35.77,85.49972677595629,15.988032786885245,1.988415300546448
Bankura,2013,Rabi,15.200000000000001,16.753555555555554,2.49,32.83,67.92155555555556,13.954444444444446,1.7472222222222222
Bankura,2013,Summer,295.15000000000003,29.642391304347825,11.02,44.49,49.49228260869565,20.044021739130436,2.057065217391304
Bankura,2014,Kharif,1081.92,26.89601092896175,10.08,43.59,79.14819672131148,16.31245901639344,1.9414754098360656
Bankura,2014,Rabi,54.55,16.719555555555555,5.52,30.06,69.36355555555556,13.370333333333333,1.6059999999999999
Bankura,2014,Summer,138.18,29.603152173913042,13.18,45.75,50.86369565217392,21.277065217391304,1.9929347826086956
Bankura,2015,Kharif,1079.5,27.066502732240437,14.2,44.07,79.52333333333334,16.117267759562843,1.9923497267759565
Bankura,2015,Rabi,46.32,18.510333333333335,5.92,33.15,65.96366666666667,12.610555555555557,1.4005555555555556
Bankura,2015,Summer,218.77,29.264782608695654,12.86,44.44,55.86739130434783,20.057608695652174,1.917282608695652
Bankura,2016,Kharif,1300.84,26.477267759562842,11.19,44.17,81.76792349726776,16.669234972677593,2.0044808743169398
Bankura,2016,Rabi,52.89,19.355054945054945,6.36,36.03,64.64505494505494,12.86010989010989,1.3681318681318682
Bankura,2016,Summer,158.71,31.600217391304344,17.49,46.87,47.59967391304348,19.996195652173913,1.9383695652173913
Bankura,2017,Kharif,1784.6299999999999,26.834644808743167,9.97,42.96,82.96677595628415,15.459071038251368,1.895464480874317
Bankura,2017,Rabi,12.61,18.544666666666668,5.5,34.46,65.98644444444444,14.161,1.4229999999999998
Bankura,2017,Summer,217.46,29.92771739130435,12.17,43.03,53.93728260869565,20.06826086956522,2.0315217391304348
Bankura,2018,Kharif,1110.98,26.93918032786885,12.37,41.36,79.40010928961749,15.760491803278688,1.9325136612021856
Bankura,2018,Rabi,39.83,17.112,4.98,32.64,63.452333333333335,13.594333333333333,1.5018888888888888
Bankura,2018,Summer,210.14000000000001,28.613586956521736,14.18,42.05,59.28923913043478,19.699239130434783,1.9726086956521738
Bankura,2019,Kharif,1055.85,27.425956284153006,13.57,44.88,80.21989071038251,15.777650273224044,2.059071038251366
Bankura,2019,Rabi,78.21,18.011,4.06,34.14,65.37833333333333,13.447333333333333,1.5121111111111112
Bankura,2019,Summer,219.13,29.48478260869565,11.18,43.95,55.06815217391304,20.899565217391306,2.0372826086956524
Birbhum,1997,Kharif,1016.72,26.98803278688525,14.0,43.17,79.45754098360655,16.431584699453552,2.0038251366120217
Birbhum,1997,Rabi,40.12,18.536444444444445,7.02,34.16,45.97533333333333,13.982777777777779,1.7875555555555556
Birbhum,1997,Summer,163.87,29.919239130434786,14.96,44.66,40.62804347826087,20.558695652173913,1.961086956521739
Birbhum,1998,Kharif,1073.83,27.398032786885246,11.32,46.62,82.73245901639343,16.410437158469946,1.9689617486338797
Birbhum,1998,Rabi,60.89,17.693444444444445,6.08,32.54,61.071000000000005,14.141666666666667,1.5992222222222223
Birbhum,1998,Summer,198.23,29.141195652173916,11.61,45.8,49.48706521739131,20.305,2.1248913043478264
Birbhum,1999,Kharif,1103.71,26.459344262295083,9.36,42.92,82.56841530054645,16.16633879781421,2.044153005464481
Birbhum,1999,Rabi,0.09000000000000001,18.39977777777778,6.5,35.36,57.02188888888889,16.62511111111111,1.6395555555555557
Birbhum,1999,Summer,143.51,30.809673913043476,13.68,47.16,37.2170652173913,21.273695652173913,2.1156521739130434
Birbhum,2000,Kharif,937.99,26.723661202185795,11.29,37.01,80.94295081967213,16.694043715846995,1.949016393442623
Birbhum,2000,Rabi,41.29,17.6278021978022,5.29,30.03,53.8298901098901,15.278021978021977,1.4926373626373628
Birbhum,2000,Summer,247.34,29.17913043478261,11.74,43.45,49.198586956521744,20.608478260869564,2.1022826086956523
Birbhum,2001,Kharif,1054.18,26.7596174863388,12.54,36.11,84.48612021857925,16.237759562841532,1.9904918032786885
Birbhum,2001,Rabi,3.11,17.887777777777778,5.62,34.47,47.409000000000006,14.728888888888887,1.4696666666666667
Birbhum,2001,Summer,228.18,30.041847826086954,15.3,46.5,42.547391304347826,21.156847826086956,2.0434782608695654
Birbhum,2002,Kharif,968.3,26.615901639344262,12.28,40.69,81.51273224043716,16.292185792349727,1.9510928961748635
Birbhum,2002,Rabi,16.97,18.465666666666667,7.19,34.53,56.641555555555556,14.548444444444444,1.495
Birbhum,2002,Summer,187.46,30.39445652173913,14.7,46.96,46.072391304347825,20.580760869565218,1.8983695652173913
Birbhum,2003,Kharif,879.99,27.122677595628414,9.87,43.56,80.74267759562841,16.097540983606557,2.0200546448087433
Birbhum,2003,Rabi,33.76,17.797,5.23,32.51,59.78988888888889,14.480333333333334,1.517888888888889
Birbhum,2003,Summer,173.73,29.926956521739132,10.96,44.0,46.59663043478261,21.221739130434784,1.9022826086956521
Birbhum,2004,Kharif,1103.14,26.443606557377052,12.1,38.71,82.07803278688525,16.60071038251366,2.120218579234973
Birbhum,2004,Rabi,8.85,18.052087912087913,5.9,35.47,60.86549450549451,14.557912087912088,1.419010989010989
Birbhum,2004,Summer,155.28,31.11195652173913,13.19,45.87,42.05695652173913,21.743478260869566,1.9714130434782609
Birbhum,2005,Kharif,987.49,27.336994535519125,10.96,46.36,77.88486338797814,16.313715846994533,2.0313661202185793
Birbhum,2005,Rabi,33.99,18.114333333333335,6.8,34.49,63.346999999999994,14.297888888888888,1.5935555555555554
Birbhum,2005,Summer,128.33,30.66163043478261,15.43,44.84,46.51652173913044,20.99141304347826,1.9541304347826087
Birbhum,2006,Kharif,1077.84,26.637213114754097,10.83,39.38,83.35147540983607,16.305956284153005,1.836830601092896
Birbhum,2006,Rabi,1.33,18.857111111111113,6.25,37.73,56.763555555555556,14.743666666666668,1.3972222222222221
Birbhum,2006,Summer,217.15,30.11119565217391,15.19,42.74,46.35347826086956,20.81065217391304,1.7970652173913042
Birbhum,2007,Kharif,1500.31,26.65453551912568,12.21,43.23,84.14704918032787,16.321366120218578,2.048032786885246
Birbhum,2007,Rabi,35.99,17.231333333333332,5.75,32.0,62.221333333333334,13.57311111111111,1.464888888888889
Birbhum,2007,Summer,158.6,29.680434782608696,12.3,43.64,47.23326086956522,21.18934782608696,1.848804347826087
Birbhum,2008,Kharif,1056.41,26.508907103825138,11.11,38.08,83.39732240437158,16.1375956284153,1.8465573770491803
Birbhum,2008,Rabi,40.78,17.531978021978023,5.99,30.47,66.18582417582418,12.95098901098901,1.3243956043956044
Birbhum,2008,Summer,169.2,29.77641304347826,13.42,43.27,48.02423913043478,20.808804347826086,1.6875
Birbhum,2009,Kharif,1120.24,27.01120218579235,9.7,41.72,79.23743169398908,16.80109289617486,1.9165573770491804
Birbhum,2009,Rabi,8.29,18.86488888888889,7.3,35.82,57.501444444444445,14.066777777777778,1.4426666666666668
Birbhum,2009,Summer,210.88,30.10967391304348,14.25,43.62,40.3375,20.886304347826087,1.9107608695652174
Birbhum,2010,Kharif,783.33,27.597213114754098,13.95,42.65,79.23218579234972,16.759945355191256,1.9640983606557378
Birbhum,2010,Rabi,59.68,17.842222222222222,6.64,33.17,56.77055555555556,14.27011111111111,1.5564444444444445
Birbhum,2010,Summer,190.74,31.145652173913046,16.04,46.17,44.69239130434782,20.91163043478261,2.1034782608695655
Birbhum,2011,Kharif,1275.99,26.711803278688524,12.98,40.17,83.02743169398907,15.83344262295082,1.9542622950819672
Birbhum,2011,Rabi,4.71,17.985333333333333,5.61,34.64,55.611555555555555,13.753333333333332,1.5385555555555555
Birbhum,2011,Summer,310.58,29.326847826086958,13.47,40.73,50.71521739130435,20.399891304347825,1.8214130434782607
Birbhum,2012,Kharif,960.6,26.654972677595627,8.54,45.91,78.37371584699453,16.296120218579237,2.087158469945355
Birbhum,2012,Rabi,46.95,17.21153846153846,3.79,34.84,61.173956043956046,13.452637362637363,1.8764835164835163
Birbhum,2012,Summer,122.64,30.28728260869565,13.62,45.63,41.877391304347825,21.77836956521739,1.982608695652174
Birbhum,2013,Kharif,1224.81,26.48448087431694,11.79,35.62,85.0403825136612,15.988032786885245,1.9159562841530056
Birbhum,2013,Rabi,15.459999999999999,17.173333333333332,2.03,34.48,58.54511111111112,13.954444444444446,2.0686666666666667
Birbhum,2013,Summer,290.69,29.99673913043478,12.6,44.7,43.037608695652175,20.044021739130436,2.1828260869565215
Birbhum,2014,Kharif,947.98,27.086338797814207,10.6,42.18,79.13491803278689,16.31245901639344,1.8568306010928963
Birbhum,2014,Rabi,28.68,16.872999999999998,5.98,30.29,62.21933333333333,13.370333333333333,1.793111111111111
Birbhum,2014,Summer,165.26,30.394239130434784,13.7,46.11,41.985326086956526,21.277065217391304,2.1356521739130434
Birbhum,2015,Kharif,996.91,27.516229508196723,14.92,44.46,77.62245901639344,16.117267759562843,1.9143715846994536
Birbhum,2015,Rabi,35.16,19.103444444444445,6.43,34.33,55.740111111111105,12.610555555555557,1.5587777777777776
Birbhum,2015,Summer,203.83,29.66891304347826,13.52,44.07,50.61760869565217,20.057608695652174,2.158478260869565
Birbhum,2016,Kharif,1171.94,26.948633879781422,12.01,43.47,80.95863387978142,16.669234972677593,1.9623497267759564
Birbhum,2016,Rabi,45.2,19.512527472527474,6.76,36.91,55.92098901098902,12.86010989010989,1.497032967032967
Birbhum,2016,Summer,129.63,31.965108695652173,17.31,46.15,41.265,19.996195652173913,2.1043478260869564
Birbhum,2017,Kharif,1542.3,27.09,10.31,42.84,82.9675956284153,15.459071038251368,1.909344262295082
Birbhum,2017,Rabi,8.57,19.002333333333333,5.76,35.31,59.827666666666666,14.161,1.6122222222222222
Birbhum,2017,Summer,212.32999999999998,30.225652173913044,12.63,42.96,48.40076086956522,20.06826086956522,1.994891304347826
Birbhum,2018,Kharif,954.1,27.317377049180326,13.84,42.69,78.08180327868853,15.760491803278688,1.8633879781420766
Birbhum,2018,Rabi,30.130000000000003,17.34488888888889,5.2,33.51,57.71344444444445,13.594333333333333,1.6023333333333334
Birbhum,2018,Summer,177.2,29.090652173913046,14.8,42.1,52.78695652173913,19.699239130434783,1.996195652173913
Birbhum,2019,Kharif,918.8,27.634262295081964,14.09,45.13,80.18311475409836,15.777650273224044,2.0712568306010932
Birbhum,2019,Rabi,50.15,18.17877777777778,4.75,35.41,59.728888888888896,13.447333333333333,1.6888888888888889
Birbhum,2019,Summer,181.76,30.215434782608696,10.96,45.15,46.60326086956522,20.899565217391306,2.086413043478261
Cooch Behar,1997,Kharif,1245.19,26.17775956284153,12.01,39.86,78.41846994535518,15.876174863387979,1.105191256830601
Cooch Behar,1997,Rabi,28.130000000000003,17.253333333333334,7.26,30.66,44.63711111111111,13.23711111111111,0.9706666666666667
Cooch Behar,1997,Summer,223.85,27.33521739130435,14.06,40.19,37.44869565217392,18.472826086956523,1.344891304347826
Cooch Behar,1998,Kharif,1628.93,26.532131147540984,13.74,37.2,82.9924043715847,14.658142076502733,1.0830601092896175
Cooch Behar,1998,Rabi,10.16,17.383555555555557,6.14,30.19,51.60444444444444,13.873444444444443,0.9184444444444444
Cooch Behar,1998,Summer,323.35,26.607717391304345,11.46,39.91,48.99619565217391,18.187934782608696,1.2728260869565218
Cooch Behar,1999,Kharif,1680.24,26.108688524590164,13.02,37.72,82.15464480874317,15.144918032786885,1.0643715846994535
Cooch Behar,1999,Rabi,2.5,18.24855555555556,7.13,33.07,54.729777777777784,14.935111111111112,0.8758888888888888
Cooch Behar,1999,Summer,303.13,28.01032608695652,13.13,40.75,41.44510869565217,19.12304347826087,1.360326086956522
Cooch Behar,2000,Kharif,1016.15,26.166065573770492,13.73,35.07,81.12639344262294,15.46879781420765,1.0757377049180328
Cooch Behar,2000,Rabi,37.51,16.80978021978022,7.6,27.85,53.40615384615385,14.55054945054945,0.9046153846153847
Cooch Behar,2000,Summer,385.88,26.235217391304346,11.92,37.47,51.14673913043478,18.388369565217392,1.3223913043478261
Cooch Behar,2001,Kharif,1392.03,26.373606557377048,11.05,35.79,81.61628415300547,15.558524590163934,1.0295628415300546
Cooch Behar,2001,Rabi,6.59,17.187555555555555,6.2,31.62,51.229777777777784,13.503444444444444,0.8343333333333334
Cooch Behar,2001,Summer,279.96999999999997,27.244891304347828,13.01,39.54,44.19152173913044,19.643804347826087,1.3321739130434782
Cooch Behar,2002,Kharif,1506.6299999999999,25.84273224043716,14.02,35.36,81.6944262295082,14.774590163934427,1.1020765027322406
Cooch Behar,2002,Rabi,15.86,17.679000000000002,7.2,30.43,58.15633333333333,13.447777777777777,0.8581111111111112
Cooch Behar,2002,Summer,393.68,26.36489130434783,13.22,38.87,54.88032608695652,18.067608695652176,1.297826086956522
Cooch Behar,2003,Kharif,1397.24,26.214918032786883,12.83,38.41,82.48699453551913,14.85743169398907,1.0973770491803279
Cooch Behar,2003,Rabi,61.32,16.936777777777777,5.9,29.84,59.89833333333334,13.169333333333334,0.8586666666666667
Cooch Behar,2003,Summer,231.14,26.675108695652174,10.9,38.47,51.03673913043478,18.31478260869565,1.2421739130434784
Cooch Behar,2004,Kharif,1609.35,25.548743169398907,13.85,34.75,83.14754098360656,14.873715846994536,1.1520765027322406
Cooch Behar,2004,Rabi,11.97,17.089230769230767,7.44,30.61,63.59989010989011,13.362197802197803,0.8736263736263736
Cooch Behar,2004,Summer,298.5,27.16913043478261,12.39,38.93,54.01869565217392,17.058478260869567,1.3292391304347826
Cooch Behar,2005,Kharif,1690.02,26.346994535519126,11.6,39.41,80.2297267759563,15.269726775956284,1.0930054644808744
Cooch Behar,2005,Rabi,19.25,17.60811111111111,8.75,33.06,63.132666666666665,13.680222222222223,0.8903333333333333
Cooch Behar,2005,Summer,246.39,27.194565217391304,14.33,38.6,50.51456521739131,17.910978260869566,1.2677173913043478
Cooch Behar,2006,Kharif,1132.1,26.176939890710383,10.55,35.84,79.47398907103825,15.528306010928961,1.067049180327869
Cooch Behar,2006,Rabi,13.72,18.056555555555555,8.57,34.53,62.55666666666667,13.089777777777776,0.8424444444444443
Cooch Behar,2006,Summer,293.94,27.006086956521738,12.98,39.15,47.927282608695656,18.79826086956522,1.3484782608695653
Cooch Behar,2007,Kharif,1485.9,26.14896174863388,13.01,39.56,81.38289617486339,14.894426229508197,1.1476502732240437
Cooch Behar,2007,Rabi,39.43,16.901777777777777,6.73,28.58,59.08033333333333,12.774111111111113,0.8524444444444444
Cooch Behar,2007,Summer,208.89000000000001,27.476521739130437,12.33,40.12,48.707608695652176,19.417282608695654,1.2171739130434782
Cooch Behar,2008,Kharif,1359.09,25.988087431693987,14.53,34.69,82.19289617486338,15.368306010928963,1.0846448087431695
Cooch Behar,2008,Rabi,25.81,17.270659340659343,6.66,29.79,63.3665934065934,12.635494505494504,0.8291208791208792
Cooch Behar,2008,Summer,245.85999999999999,27.406521739130437,13.08,38.94,48.39086956521739,18.803478260869564,1.2609782608695652
Cooch Behar,2009,Kharif,1526.94,26.147540983606557,12.58,36.13,81.71825136612023,15.444207650273224,1.1015846994535519
Cooch Behar,2009,Rabi,5.38,17.81388888888889,8.76,31.31,63.376444444444445,13.139555555555555,0.8414444444444444
Cooch Behar,2009,Summer,390.52,27.287934782608694,12.49,39.66,45.66010869565217,18.569130434782608,1.315217391304348
Cooch Behar,2010,Kharif,1799.71,25.951202185792347,12.66,35.3,84.75382513661202,14.626939890710382,1.0960109289617486
Cooch Behar,2010,Rabi,2.7899999999999996,17.26811111111111,7.78,30.7,57.62455555555555,14.219111111111111,0.8442222222222223
Cooch Behar,2010,Summer,334.3,28.077173913043477,14.63,40.22,48.104239130434784,17.77445652173913,1.2953260869565217
Cooch Behar,2011,Kharif,1662.43,26.013715846994536,13.91,36.8,81.98704918032786,15.697431693989072,1.13896174863388
Cooch Behar,2011,Rabi,25.27,16.78988888888889,6.34,30.06,63.666555555555554,12.955111111111112,0.8537777777777779
Cooch Behar,2011,Summer,283.42,26.646521739130435,13.67,37.16,51.16402173913043,18.03467391304348,1.2915217391304348
Cooch Behar,2012,Kharif,1482.86,26.14355191256831,10.99,37.07,80.95426229508196,15.128415300546449,1.044535519125683
Cooch Behar,2012,Rabi,17.759999999999998,16.692527472527473,7.14,31.64,57.00648351648352,12.918571428571427,0.8235164835164835
Cooch Behar,2012,Summer,317.44,27.039347826086956,12.83,39.63,47.30989130434783,19.36467391304348,1.286195652173913
Cooch Behar,2013,Kharif,1488.2,26.175846994535522,13.96,35.4,83.61890710382514,15.864863387978142,0.9865573770491803
Cooch Behar,2013,Rabi,22.599999999999998,17.615555555555556,3.63,33.1,55.01522222222222,13.940666666666667,0.9156666666666666
Cooch Behar,2013,Summer,418.37,27.479891304347827,13.92,41.06,46.13652173913044,18.207391304347826,1.2145652173913042
Cooch Behar,2014,Kharif,1288.43,26.543442622950817,12.8,37.32,82.71737704918033,15.330601092896174,1.0553551912568306
Cooch Behar,2014,Rabi,19.84,17.738555555555557,8.34,29.72,60.74077777777778,12.917444444444444,0.884888888888889
Cooch Behar,2014,Summer,272.98,28.164130434782606,12.51,41.74,41.20086956521739,19.465652173913043,1.2594565217391305
Cooch Behar,2015,Kharif,1484.66,26.692349726775955,16.29,35.99,83.66961748633881,15.01743169398907,1.148688524590164
Cooch Behar,2015,Rabi,25.99,18.864333333333335,8.77,33.92,57.71666666666667,12.695222222222222,0.8671111111111112
Cooch Behar,2015,Summer,325.29,27.601630434782606,14.03,39.26,52.9,17.55108695652174,1.4197826086956522
Cooch Behar,2016,Kharif,2155.9,26.53568306010929,14.57,35.86,85.20426229508196,15.326939890710381,1.0440983606557377
Cooch Behar,2016,Rabi,12.02,19.21912087912088,8.1,34.28,57.30868131868132,12.897582417582418,0.9376923076923077
Cooch Behar,2016,Summer,558.38,28.14445652173913,17.86,41.39,51.66217391304348,17.58771739130435,1.3916304347826087
Cooch Behar,2017,Kharif,2012.31,26.365027322404373,13.37,34.14,85.77896174863388,14.862349726775957,1.106393442622951
Cooch Behar,2017,Rabi,5.76,19.250333333333334,7.03,32.14,59.91177777777778,13.951777777777778,0.8524444444444444
Cooch Behar,2017,Summer,620.11,26.250217391304346,13.41,37.8,63.00076086956521,16.97391304347826,1.2657608695652174
Cooch Behar,2018,Kharif,1732.6,26.264863387978142,13.34,35.09,82.94584699453551,15.281366120218578,1.008087431693989
Cooch Behar,2018,Rabi,15.5,17.756666666666664,6.94,30.28,58.13655555555555,12.777444444444445,0.85
Cooch Behar,2018,Summer,639.58,25.89032608695652,15.03,35.71,62.959999999999994,16.641847826086956,1.150108695652174
Cooch Behar,2019,Kharif,2260.9,26.419016393442625,15.91,35.41,85.75338797814209,14.696120218579233,1.0711475409836066
Cooch Behar,2019,Rabi,30.080000000000002,17.91288888888889,7.83,30.53,58.95044444444444,13.119777777777777,0.8911111111111112
Cooch Behar,2019,Summer,550.56,25.92054347826087,11.14,37.04,58.352065217391306,17.19554347826087,1.3072826086956522
Dakshin Dinajpur,1997,Kharif,811.95,27.47191256830601,14.04,43.3,77.47355191256831,16.853224043715848,1.9662841530054644
Dakshin Dinajpur,1997,Rabi,28.51,18.795333333333332,7.21,33.54,41.092999999999996,14.248333333333333,1.6265555555555553
Dakshin Dinajpur,1997,Summer,163.59,29.635760869565214,13.7,43.87,39.091847826086955,20.897173913043478,1.9581521739130436
Dakshin Dinajpur,1998,Kharif,1325.47,27.456174863387975,11.06,44.64,84.53928961748635,15.7448087431694,1.9307103825136611
Dakshin Dinajpur,1998,Rabi,23.26,18.020222222222223,5.19,33.6,55.733444444444444,13.687222222222221,1.537111111111111
Dakshin Dinajpur,1998,Summer,241.34,28.85065217391304,11.19,42.98,48.69847826086957,19.99,2.0992391304347824
Dakshin Dinajpur,1999,Kharif,1058.55,26.97136612021858,10.91,39.94,82.94896174863388,15.602349726775957,1.9313114754098362
Dakshin Dinajpur,1999,Rabi,0.58,18.41433333333333,6.12,34.59,61.02122222222222,15.867444444444443,1.4254444444444443
Dakshin Dinajpur,1999,Summer,202.12,30.154891304347824,12.49,45.66,39.18108695652174,20.696847826086955,2.010869565217391
Dakshin Dinajpur,2000,Kharif,921.65,26.987814207650274,13.15,35.28,82.53699453551913,16.47120218579235,1.8344262295081966
Dakshin Dinajpur,2000,Rabi,46.04,17.672967032967033,4.64,29.95,54.98087912087912,15.384065934065935,1.3627472527472528
Dakshin Dinajpur,2000,Summer,336.31,28.425760869565217,10.56,43.09,51.53326086956522,19.70141304347826,1.9658695652173912
Dakshin Dinajpur,2001,Kharif,1043.27,27.17415300546448,12.26,36.6,83.71568306010928,16.39896174863388,1.9313661202185792
Dakshin Dinajpur,2001,Rabi,1.52,17.697444444444443,5.18,34.05,52.28544444444444,13.75611111111111,1.2457777777777779
Dakshin Dinajpur,2001,Summer,207.24,29.565652173913044,13.51,44.31,42.99326086956522,21.04771739130435,1.9926086956521738
Dakshin Dinajpur,2002,Kharif,1152.39,26.73989071038251,13.22,37.34,84.07497267759562,15.90792349726776,1.8939890710382514
Dakshin Dinajpur,2002,Rabi,10.53,18.314,6.6,33.19,59.943888888888885,13.76511111111111,1.3402222222222222
Dakshin Dinajpur,2002,Summer,289.9,29.002391304347825,12.93,43.44,52.751304347826085,19.803478260869564,1.9453260869565216
Dakshin Dinajpur,2003,Kharif,954.78,27.209344262295083,11.3,40.47,82.68393442622951,15.88792349726776,1.9897267759562842
Dakshin Dinajpur,2003,Rabi,46.17,17.403444444444442,4.35,31.58,64.64122222222223,13.230666666666666,1.4155555555555557
Dakshin Dinajpur,2003,Summer,225.82,28.970326086956522,9.86,42.17,51.30021739130434,20.062608695652173,1.8120652173913043
Dakshin Dinajpur,2004,Kharif,1349.58,26.459453551912567,13.23,37.1,84.86207650273224,15.650983606557377,2.039508196721312
Dakshin Dinajpur,2004,Rabi,9.89,17.99659340659341,6.33,34.44,65.59142857142857,13.512857142857143,1.3436263736263736
Dakshin Dinajpur,2004,Summer,240.58,29.845326086956522,11.66,43.63,49.71021739130435,19.40478260869565,1.979782608695652
Dakshin Dinajpur,2005,Kharif,1326.71,27.476775956284154,12.51,44.36,80.56245901639345,15.772349726775957,1.9050273224043717
Dakshin Dinajpur,2005,Rabi,16.32,17.929555555555556,7.56,34.68,68.36066666666667,14.394111111111112,1.518111111111111
Dakshin Dinajpur,2005,Summer,151.03,30.099347826086955,15.04,42.73,48.22423913043478,19.65945652173913,1.8092391304347826
Dakshin Dinajpur,2006,Kharif,859.34,26.98245901639344,9.62,38.08,82.23557377049181,16.58224043715847,1.870983606557377
Dakshin Dinajpur,2006,Rabi,6.02,18.460222222222225,6.51,36.36,64.53522222222222,13.564777777777778,1.2338888888888888
Dakshin Dinajpur,2006,Summer,277.14,29.16804347826087,14.46,42.82,49.80217391304348,20.220978260869565,1.816521739130435
Dakshin Dinajpur,2007,Kharif,1300.44,26.936666666666667,12.76,42.74,84.46065573770491,15.648688524590165,2.002295081967213
Dakshin Dinajpur,2007,Rabi,27.07,17.31211111111111,6.31,31.17,62.724555555555554,13.189444444444444,1.3876666666666666
Dakshin Dinajpur,2007,Summer,147.18,29.78445652173913,12.41,42.75,45.66836956521739,21.249782608695654,1.8548913043478261
Dakshin Dinajpur,2008,Kharif,991.76,26.856010928961748,11.34,36.32,83.56448087431694,16.230819672131148,1.8766666666666667
Dakshin Dinajpur,2008,Rabi,33.73,17.849890109890108,6.61,30.52,67.08318681318681,12.587582417582418,1.2759340659340659
Dakshin Dinajpur,2008,Summer,179.74,29.70195652173913,14.7,42.34,47.76347826086956,20.44271739130435,1.6004347826086958
Dakshin Dinajpur,2009,Kharif,1116.87,27.32327868852459,9.77,42.09,80.73,16.521420765027322,1.8653551912568307
Dakshin Dinajpur,2009,Rabi,21.41,18.70488888888889,7.07,34.62,61.40911111111111,13.39188888888889,1.2937777777777777
Dakshin Dinajpur,2009,Summer,201.23,29.574239130434783,12.27,42.28,43.83728260869565,20.29076086956522,1.8333695652173911
Dakshin Dinajpur,2010,Kharif,942.81,27.43562841530055,13.65,40.69,82.79852459016394,16.049398907103825,1.8910382513661201
Dakshin Dinajpur,2010,Rabi,25.61,17.528888888888886,6.05,32.04,61.90155555555556,13.819444444444445,1.478222222222222
Dakshin Dinajpur,2010,Summer,191.24,30.67358695652174,15.48,44.12,45.55760869565218,20.373804347826088,2.128586956521739
Dakshin Dinajpur,2011,Kharif,1105.04,27.11207650273224,12.5,39.28,82.57918032786885,16.101967213114754,1.977322404371585
Dakshin Dinajpur,2011,Rabi,8.459999999999999,17.695,5.31,33.01,61.91511111111111,12.697333333333333,1.4354444444444445
Dakshin Dinajpur,2011,Summer,272.85,29.039347826086956,12.25,40.34,50.92956521739131,20.025543478260868,1.8717391304347826
Dakshin Dinajpur,2012,Kharif,959.03,26.78874316939891,8.24,43.35,79.72426229508197,16.42502732240437,2.0211475409836064
Dakshin Dinajpur,2012,Rabi,13.94,17.10934065934066,4.29,34.94,57.3145054945055,12.806813186813187,1.7073626373626374
Dakshin Dinajpur,2012,Summer,144.02,30.10891304347826,13.8,44.11,42.20532608695652,21.325326086956522,2.0223913043478263
Dakshin Dinajpur,2013,Kharif,966.26,26.968087431693988,11.81,36.37,84.59732240437158,16.366830601092897,1.7772131147540984
Dakshin Dinajpur,2013,Rabi,14.87,17.22911111111111,1.73,34.84,58.32355555555556,13.988222222222223,2.1002222222222224
Dakshin Dinajpur,2013,Summer,262.52,29.56945652173913,12.89,43.52,45.01771739130435,19.698478260869564,2.0626086956521736
Dakshin Dinajpur,2014,Kharif,988.72,27.338251366120218,11.2,39.85,80.67234972677596,16.061147540983608,1.744426229508197
Dakshin Dinajpur,2014,Rabi,27.37,17.441222222222223,5.99,30.59,61.103,12.292222222222222,1.700111111111111
Dakshin Dinajpur,2014,Summer,196.42,30.422934782608696,13.33,45.2,40.33641304347826,21.460869565217394,2.011413043478261
Dakshin Dinajpur,2015,Kharif,1082.31,27.60289617486339,16.95,40.72,81.58918032786885,16.210327868852456,1.7678688524590163
Dakshin Dinajpur,2015,Rabi,28.88,19.22833333333333,6.19,34.66,55.766333333333336,12.216555555555555,1.4407777777777777
Dakshin Dinajpur,2015,Summer,344.2,29.074239130434783,12.76,41.7,53.73021739130435,19.18076086956522,2.272934782608696
Dakshin Dinajpur,2016,Kharif,1254.47,27.33448087431694,11.3,40.56,83.06562841530055,16.434590163934427,1.836830601092896
Dakshin Dinajpur,2016,Rabi,26.82,19.40164835164835,6.15,36.08,57.73472527472527,12.958351648351648,1.4043956043956043
Dakshin Dinajpur,2016,Summer,321.45,30.796739130434784,17.89,44.61,46.787608695652175,19.346739130434784,2.2567391304347826
Dakshin Dinajpur,2017,Kharif,1531.38,27.13174863387978,9.81,38.61,85.89814207650274,15.605901639344262,1.893606557377049
Dakshin Dinajpur,2017,Rabi,23.02,18.95911111111111,4.03,34.93,64.67777777777778,13.925777777777776,1.424
Dakshin Dinajpur,2017,Summer,449.89,28.15021739130435,12.5,40.59,61.73173913043478,18.21271739130435,2.0656521739130436
Dakshin Dinajpur,2018,Kharif,948.9,27.30808743169399,13.39,37.78,81.92956284153006,16.395245901639345,1.7289071038251365
Dakshin Dinajpur,2018,Rabi,32.419999999999995,17.479,4.76,32.14,61.62544444444445,12.62388888888889,1.3788888888888888
Dakshin Dinajpur,2018,Summer,492.38,27.385217391304348,13.78,38.08,65.24141304347826,18.734021739130434,1.8370652173913042
Dakshin Dinajpur,2019,Kharif,1752.93,27.22027322404372,14.24,37.5,86.26213114754098,15.693224043715848,1.9307650273224042
Dakshin Dinajpur,2019,Rabi,26.19,18.307111111111112,4.36,34.27,62.10855555555556,13.090333333333335,1.533888888888889
Dakshin Dinajpur,2019,Summer,233.63,29.72489130434783,10.9,43.19,48.77141304347826,19.63173913043478,2.0683695652173912
Darjeeling,1997,Kharif,921.3100000000001,20.323497267759564,9.25,31.79,77.89633879781421,16.305628415300546,1.2116939890710383
Darjeeling,1997,Rabi,21.29,10.981444444444445,2.77,21.99,40.34755555555556,12.155444444444445,1.182
Darjeeling,1997,Summer,135.29,19.59554347826087,8.27,32.85,40.06239130434783,17.401195652173914,1.568913043478261
Darjeeling,1998,Kharif,1130.53,20.999344262295082,10.18,32.84,82.47251366120219,15.289890710382515,1.1820218579234973
Darjeeling,1998,Rabi,3.25,11.986333333333333,1.57,23.24,42.57988888888889,13.278999999999998,1.1791111111111112
Darjeeling,1998,Summer,196.04,19.70804347826087,6.63,32.34,49.78978260869565,17.981521739130436,1.542282608695652
Darjeeling,1999,Kharif,1028.32,20.4151912568306,8.48,31.62,80.71551912568306,14.982459016393442,1.2038251366120218
Darjeeling,1999,Rabi,7.13,13.15922222222222,2.81,26.05,43.342999999999996,13.366111111111111,1.146111111111111
Darjeeling,1999,Summer,178.20000000000002,21.27467391304348,9.21,32.9,38.98228260869565,18.176739130434783,1.5861956521739131
Darjeeling,2000,Kharif,714.09,20.625464480874317,8.03,32.29,79.68497267759562,14.493060109289617,1.2205464480874317
Darjeeling,2000,Rabi,11.23,11.446483516483518,3.34,22.48,41.857582417582414,13.157692307692306,1.1606593406593406
Darjeeling,2000,Summer,155.46,19.83891304347826,6.25,31.89,46.10706521739131,16.532934782608695,1.5103260869565216
Darjeeling,2001,Kharif,918.05,20.698524590163935,8.65,30.24,81.47939890710383,14.985300546448087,1.1862841530054644
Darjeeling,2001,Rabi,3.65,12.111,3.92,24.43,39.83111111111111,13.759444444444444,1.1074444444444445
Darjeeling,2001,Summer,176.29999999999998,20.329782608695652,8.19,31.64,43.407391304347826,17.65804347826087,1.5095652173913043
Darjeeling,2002,Kharif,855.23,20.37650273224044,8.82,29.43,79.79710382513662,14.520655737704919,1.1966666666666668
Darjeeling,2002,Rabi,12.97,12.352222222222222,3.74,23.85,48.07088888888889,13.188777777777778,1.1417777777777778
Darjeeling,2002,Summer,196.21,19.79304347826087,9.13,32.14,53.58076086956522,17.58760869565217,1.4498913043478259
Darjeeling,2003,Kharif,959.5,20.54087431693989,7.46,30.92,80.91218579234973,14.129726775956282,1.1830054644808743
Darjeeling,2003,Rabi,67.47,11.805333333333333,1.21,22.52,49.284888888888894,12.763666666666667,1.092
Darjeeling,2003,Summer,93.21000000000001,19.89260869565217,6.68,31.44,48.416413043478265,16.20358695652174,1.451304347826087
Darjeeling,2004,Kharif,1125.11,19.853224043715848,8.96,29.8,83.08535519125684,14.017049180327868,1.1892896174863388
Darjeeling,2004,Rabi,11.34,11.802747252747253,2.54,24.09,55.23307692307692,12.842747252747253,1.0725274725274725
Darjeeling,2004,Summer,125.9,20.75673913043478,9.07,32.19,50.60076086956522,15.550108695652172,1.474891304347826
Darjeeling,2005,Kharif,1175.81,20.561475409836067,8.71,32.7,80.57322404371584,14.978633879781421,1.1815300546448086
Darjeeling,2005,Rabi,15.28,12.422,3.14,25.32,52.18,12.72088888888889,1.1526666666666665
Darjeeling,2005,Summer,150.17,20.192391304347826,8.77,31.78,48.359456521739126,16.295760869565218,1.481304347826087
Darjeeling,2006,Kharif,1060.33,20.3948087431694,6.92,29.76,81.3396174863388,14.692131147540982,1.2077049180327868
Darjeeling,2006,Rabi,4.74,13.278888888888888,5.36,27.62,51.31555555555555,13.938111111111112,1.0602222222222222
Darjeeling,2006,Summer,129.75,20.334021739130435,9.55,31.41,47.42554347826086,16.239021739130436,1.5123913043478259
Darjeeling,2007,Kharif,1245.81,20.431530054644806,10.0,30.85,83.18486338797814,14.307158469945355,1.186775956284153
Darjeeling,2007,Rabi,30.78,11.552111111111111,4.01,21.65,53.547222222222224,12.582111111111113,1.0341111111111112
Darjeeling,2007,Summer,215.08,20.37315217391304,5.63,31.68,51.82521739130435,17.64260869565217,1.4311956521739129
Darjeeling,2008,Kharif,1191.19,20.347267759562843,9.8,28.42,83.56732240437158,14.531311475409836,1.154863387978142
Darjeeling,2008,Rabi,18.38,11.866263736263736,2.29,24.51,56.986923076923084,12.326373626373627,1.076043956043956
Darjeeling,2008,Summer,153.83,20.184782608695652,8.38,30.43,50.84239130434783,16.09086956521739,1.4247826086956523
Darjeeling,2009,Kharif,1039.53,20.566502732240437,9.31,30.42,79.89617486338798,14.993224043715845,1.1981967213114755
Darjeeling,2009,Rabi,2.4,12.783666666666667,5.79,23.89,52.032444444444444,13.454222222222224,1.082111111111111
Darjeeling,2009,Summer,271.23,20.3975,7.95,31.5,45.487826086956524,16.68913043478261,1.5179347826086957
Darjeeling,2010,Kharif,1619.35,20.364426229508197,8.32,29.02,85.90131147540984,13.841475409836066,1.119016393442623
Darjeeling,2010,Rabi,2.27,12.37611111111111,3.3,23.2,45.547555555555554,14.52677777777778,1.1263333333333334
Darjeeling,2010,Summer,258.07,21.354021739130435,10.67,32.14,45.498695652173915,17.230217391304347,1.493804347826087
Darjeeling,2011,Kharif,1543.91,20.164918032786883,9.53,29.11,85.35775956284152,14.145464480874317,1.166120218579235
Darjeeling,2011,Rabi,26.389999999999997,11.428555555555555,1.93,23.12,56.306,13.488222222222223,1.0793333333333333
Darjeeling,2011,Summer,197.32999999999998,19.706739130434784,8.28,29.82,52.57608695652174,16.551304347826086,1.4672826086956523
Darjeeling,2012,Kharif,1189.72,20.67808743169399,8.64,31.6,76.4275956284153,15.00311475409836,1.160983606557377
Darjeeling,2012,Rabi,16.09,11.871648351648352,4.05,25.39,48.121318681318684,13.059120879120881,1.142197802197802
Darjeeling,2012,Summer,192.23,20.210652173913044,6.76,32.74,45.97054347826087,17.33304347826087,1.5795652173913042
Darjeeling,2013,Kharif,1485.0,20.489781420765027,10.49,29.2,83.26032786885246,14.74185792349727,1.0642622950819671
Darjeeling,2013,Rabi,35.74,12.586333333333332,2.34,26.55,46.17922222222222,13.47988888888889,1.2264444444444444
Darjeeling,2013,Summer,286.15999999999997,20.5,10.57,32.39,46.377826086956524,16.229782608695654,1.5570652173913044
Darjeeling,2014,Kharif,1048.3799999999999,20.804754098360657,9.32,29.91,82.81551912568305,14.690109289617487,1.1366120218579234
Darjeeling,2014,Rabi,12.209999999999999,12.70988888888889,2.98,22.64,51.51644444444444,13.307222222222224,1.1544444444444446
Darjeeling,2014,Summer,261.44,20.642282608695652,8.93,32.96,43.98336956521739,16.988478260869567,1.5875000000000001
Darjeeling,2015,Kharif,1292.94,20.83573770491803,11.41,28.94,83.62262295081968,14.6424043715847,1.1612568306010929
Darjeeling,2015,Rabi,14.5,12.926444444444446,4.69,26.37,52.60011111111111,12.427333333333333,1.2004444444444444
Darjeeling,2015,Summer,314.91,20.107608695652175,7.16,31.04,56.636413043478264,15.77054347826087,1.5377173913043478
Darjeeling,2016,Kharif,1492.7,20.783005464480873,11.55,29.67,85.70398907103825,14.361584699453552,1.1526775956284152
Darjeeling,2016,Rabi,13.07,13.349450549450548,4.53,26.12,52.53153846153846,13.0489010989011,1.202967032967033
Darjeeling,2016,Summer,317.08,21.402065217391304,11.27,33.23,47.63467391304348,16.436086956521738,1.66
Darjeeling,2017,Kharif,1321.76,20.840437158469946,8.73,30.47,85.0175956284153,14.734699453551912,1.2152459016393444
Darjeeling,2017,Rabi,4.43,13.78422222222222,4.64,24.02,51.85444444444444,14.030666666666667,1.1403333333333332
Darjeeling,2017,Summer,327.05,19.809347826086956,6.46,31.23,57.77913043478261,15.55163043478261,1.4791304347826089
Darjeeling,2018,Kharif,1236.58,20.496284153005465,9.06,29.14,82.88715846994536,14.693606557377048,1.1532786885245903
Darjeeling,2018,Rabi,13.719999999999999,12.290222222222221,2.45,23.39,50.290000000000006,13.227666666666666,1.136888888888889
Darjeeling,2018,Summer,315.09,19.37728260869565,9.32,28.51,59.90913043478261,14.945760869565218,1.401413043478261
Darjeeling,2019,Kharif,1479.25,20.848196721311478,10.88,30.5,86.0475956284153,14.47360655737705,1.1762841530054644
Darjeeling,2019,Rabi,45.0,11.979333333333335,3.19,23.51,54.38988888888889,12.037777777777778,1.1226666666666667
Darjeeling,2019,Summer,289.17,19.557934782608694,3.74,30.61,55.53967391304347,15.883804347826086,1.4324999999999999
Hooghly,1997,Kharif,1112.71,27.054590163934424,14.53,40.72,82.6475956284153,16.019344262295082,2.068360655737705
Hooghly,1997,Rabi,50.54,19.197222222222223,7.7,35.02,54.35166666666666,14.469777777777777,1.7276666666666667
Hooghly,1997,Summer,272.7,29.8075,16.25,43.78,55.59108695652174,21.06967391304348,2.1718478260869567
Hooghly,1998,Kharif,1038.02,27.613551912568305,10.84,45.72,84.55639344262295,15.515136612021857,2.1649180327868853
Hooghly,1998,Rabi,69.06,18.474555555555558,6.1,33.66,64.31866666666667,14.561,1.592111111111111
Hooghly,1998,Summer,271.99,29.187282608695654,12.66,43.01,58.33413043478261,19.795652173913044,2.3306521739130432
Hooghly,1999,Kharif,1418.9,26.6255737704918,9.96,42.99,85.08098360655738,15.314972677595629,2.1663387978142077
Hooghly,1999,Rabi,0.1,18.82411111111111,6.16,36.03,61.77822222222222,16.990555555555556,1.651
Hooghly,1999,Summer,119.03,31.02586956521739,15.08,46.24,49.79739130434782,21.814021739130435,2.6125
Hooghly,2000,Kharif,1054.02,26.89191256830601,12.58,36.06,84.1615300546448,15.870765027322404,2.0043715846994536
Hooghly,2000,Rabi,38.48,18.15857142857143,5.87,30.09,62.11857142857143,15.622527472527473,1.4573626373626374
Hooghly,2000,Summer,284.88,29.250434782608696,13.43,42.36,59.55608695652174,20.546521739130434,2.4421739130434785
Hooghly,2001,Kharif,1149.2,26.90650273224044,13.45,34.25,86.97846994535519,15.206120218579233,2.076120218579235
Hooghly,2001,Rabi,7.17,18.192,5.61,35.01,56.17044444444445,15.740555555555556,1.4763333333333333
Hooghly,2001,Summer,307.15,30.21630434782609,15.81,45.17,53.98652173913044,20.738478260869567,2.2806521739130434
Hooghly,2002,Kharif,1020.93,26.662131147540983,12.94,37.87,85.00180327868853,15.549125683060108,2.0485245901639346
Hooghly,2002,Rabi,17.77,18.884,6.52,34.74,63.032444444444444,15.309555555555557,1.4875555555555555
Hooghly,2002,Summer,223.63,30.773804347826086,14.37,46.81,54.208260869565216,20.464021739130434,2.3644565217391302
Hooghly,2003,Kharif,1036.6,27.232841530054642,10.91,43.17,83.5068306010929,15.613934426229507,2.1547540983606557
Hooghly,2003,Rabi,24.8,18.479444444444447,4.76,33.61,62.71355555555556,14.731444444444444,1.5543333333333331
Hooghly,2003,Summer,206.22,30.315217391304348,11.46,44.23,55.31913043478261,20.97945652173913,2.2394565217391302
Hooghly,2004,Kharif,1147.22,26.597978142076503,13.45,37.17,84.32765027322404,15.468469945355192,2.1715846994535517
Hooghly,2004,Rabi,2.89,18.462967032967033,5.99,35.92,65.85373626373627,15.005054945054946,1.5105494505494506
Hooghly,2004,Summer,133.84,31.11978260869565,12.8,45.15,52.815,21.51641304347826,2.4630434782608694
Hooghly,2005,Kharif,1020.47,27.233825136612023,11.72,44.37,81.96431693989071,15.447377049180327,2.193934426229508
Hooghly,2005,Rabi,32.84,18.771555555555555,6.55,34.93,68.10088888888889,15.182444444444446,1.5971111111111111
Hooghly,2005,Summer,194.37,30.497173913043476,15.51,42.78,57.43271739130435,20.853478260869565,2.4165217391304346
Hooghly,2006,Kharif,1126.02,26.856448087431698,10.76,36.41,85.32016393442623,15.285737704918033,1.9663387978142075
Hooghly,2006,Rabi,0.11,19.185555555555556,6.25,37.45,62.604222222222226,15.535666666666668,1.4173333333333333
Hooghly,2006,Summer,214.27,30.34228260869565,14.79,42.97,54.253478260869564,20.42217391304348,2.1708695652173913
Hooghly,2007,Kharif,1720.38,26.803715846994535,12.6,42.11,86.00344262295081,15.440983606557376,2.2079234972677595
Hooghly,2007,Rabi,49.14,17.824666666666666,6.06,31.93,65.80988888888889,14.137555555555556,1.5085555555555556
Hooghly,2007,Summer,132.6,29.910108695652173,12.19,43.3,53.1945652173913,21.235326086956523,2.1069565217391304
Hooghly,2008,Kharif,1173.29,26.581639344262292,11.27,37.07,85.78109289617487,15.70912568306011,2.053224043715847
Hooghly,2008,Rabi,67.01,17.99098901098901,5.87,29.94,71.4265934065934,13.98032967032967,1.3778021978021977
Hooghly,2008,Summer,210.62,29.61336956521739,15.68,41.95,58.37586956521739,20.754565217391306,2.011413043478261
Hooghly,2009,Kharif,1223.99,26.941748633879783,10.63,39.14,83.78573770491803,15.770273224043716,1.9743715846994536
Hooghly,2009,Rabi,3.4699999999999998,19.323666666666668,7.0,35.87,62.956,14.662555555555556,1.433888888888889
Hooghly,2009,Summer,283.23,30.167826086956524,13.98,44.06,51.64217391304348,20.601956521739133,2.1393478260869565
Hooghly,2010,Kharif,992.8,27.576284153005464,14.22,40.68,83.10005464480874,16.083825136612024,1.9839890710382513
Hooghly,2010,Rabi,89.29,18.204,6.54,32.93,62.44011111111111,14.444,1.5835555555555556
Hooghly,2010,Summer,226.7,31.023152173913044,15.96,46.29,56.7925,20.768260869565218,2.5819565217391305
Hooghly,2011,Kharif,1379.34,26.934426229508198,13.26,40.81,84.7035519125683,15.125300546448086,2.0217486338797817
Hooghly,2011,Rabi,12.629999999999999,18.458555555555556,5.49,34.18,61.22877777777778,14.342222222222222,1.560111111111111
Hooghly,2011,Summer,287.15,29.748260869565218,12.51,41.45,58.27684782608696,20.218695652173913,2.15304347826087
Hooghly,2012,Kharif,943.97,26.83907103825137,8.44,45.98,81.35519125683061,15.774207650273222,2.2825136612021857
Hooghly,2012,Rabi,70.69,17.944285714285716,3.95,34.87,65.35648351648351,14.087582417582418,1.6903296703296702
Hooghly,2012,Summer,162.41,30.333152173913046,14.74,43.54,52.44521739130435,21.096847826086957,2.383586956521739
Hooghly,2013,Kharif,1429.5,26.695409836065576,12.24,35.59,86.75371584699454,15.350000000000001,2.086174863387978
Hooghly,2013,Rabi,14.4,17.93311111111111,2.78,35.36,61.15477777777778,14.536777777777777,1.8255555555555556
Hooghly,2013,Summer,266.4,30.36413043478261,12.72,44.69,52.1754347826087,19.791304347826088,2.4958695652173915
Hooghly,2014,Kharif,1040.55,27.155081967213114,10.0,42.48,81.86628415300547,15.65967213114754,2.0418032786885245
Hooghly,2014,Rabi,36.17,17.262555555555558,6.14,30.1,67.84544444444444,14.094555555555555,1.6432222222222221
Hooghly,2014,Summer,136.53,30.64271739130435,14.41,45.69,50.49967391304348,21.023369565217394,2.343695652173913
Hooghly,2015,Kharif,1276.27,27.470983606557375,15.29,38.72,81.82989071038251,15.194863387978142,1.9517486338797816
Hooghly,2015,Rabi,54.9,19.624444444444446,6.37,34.55,60.85655555555556,13.059444444444443,1.5113333333333334
Hooghly,2015,Summer,219.85,29.54608695652174,13.55,43.12,57.886413043478264,20.121195652173913,2.356086956521739
Hooghly,2016,Kharif,1287.76,26.978852459016395,11.78,42.3,83.84349726775956,15.803497267759562,1.941693989071038
Hooghly,2016,Rabi,74.16,20.23,7.12,36.49,62.081648351648354,12.952857142857143,1.4409890109890109
Hooghly,2016,Summer,197.01,31.49423913043478,17.7,45.57,55.18565217391304,19.683478260869567,2.3554347826086954
Hooghly,2017,Kharif,1703.95,27.144863387978145,10.57,41.07,85.13737704918033,14.869180327868852,1.9837158469945355
Hooghly,2017,Rabi,26.889999999999997,19.348555555555556,4.95,34.59,65.16366666666667,14.364666666666666,1.5915555555555556
Hooghly,2017,Summer,203.91,30.289456521739133,14.03,42.52,57.28141304347827,20.007608695652173,2.522934782608696
Hooghly,2018,Kharif,1057.03,27.281857923497267,13.41,40.36,81.48535519125683,15.396448087431695,1.9024043715846994
Hooghly,2018,Rabi,26.44,17.63811111111111,5.08,33.31,64.20444444444443,14.170444444444444,1.5459999999999998
Hooghly,2018,Summer,204.59,29.244456521739128,14.76,41.99,60.18902173913044,19.74717391304348,2.243478260869565
Hooghly,2019,Kharif,1093.94,27.83622950819672,14.74,43.77,81.80092896174864,15.280601092896175,2.1411475409836065
Hooghly,2019,Rabi,108.19000000000001,19.039555555555555,4.97,35.43,61.40155555555556,13.780444444444445,1.5904444444444443
Hooghly,2019,Summer,207.67,29.930326086956523,12.7,44.05,59.645434782608696,20.529565217391305,2.545434782608696
Howrah,1997,Kharif,1215.83,27.080601092896174,15.86,38.66,83.66049180327869,16.019344262295082,2.2397814207650275
Howrah,1997,Rabi,52.88,19.627222222222223,7.79,35.12,58.574777777777776,14.469777777777777,1.8270000000000002
Howrah,1997,Summer,295.48,29.501195652173916,17.95,43.61,63.030543478260874,21.06967391304348,2.4218478260869567
Howrah,1998,Kharif,1187.3,27.573989071038252,11.23,43.91,85.70377049180328,15.515136612021857,2.418688524590164
Howrah,1998,Rabi,71.62,18.953,6.31,33.79,66.22322222222222,14.561,1.7123333333333333
Howrah,1998,Summer,278.79,29.056413043478262,12.97,42.2,63.42304347826087,19.795652173913044,2.5509782608695653
Howrah,1999,Kharif,1617.38,26.628032786885246,10.6,41.02,85.76229508196721,15.314972677595629,2.3754098360655735
Howrah,1999,Rabi,0.2,19.12377777777778,6.5,36.31,63.72711111111111,16.990555555555556,1.7665555555555557
Howrah,1999,Summer,120.05,30.641413043478263,15.65,44.63,56.479565217391304,21.814021739130435,2.9257608695652175
Howrah,2000,Kharif,1095.41,26.943715846994536,13.03,35.45,84.83054644808743,15.870765027322404,2.2166666666666663
Howrah,2000,Rabi,42.01,18.682857142857145,6.3,30.48,63.504065934065935,15.622527472527473,1.6084615384615386
Howrah,2000,Summer,285.52,29.109021739130437,14.48,42.4,64.33804347826087,20.546521739130434,2.7026086956521738
Howrah,2001,Kharif,1274.04,26.96224043715847,13.98,34.02,87.50775956284153,15.206120218579233,2.272622950819672
Howrah,2001,Rabi,9.129999999999999,18.72377777777778,5.94,35.19,58.696666666666665,15.740555555555556,1.604
Howrah,2001,Summer,316.85,30.16304347826087,16.72,42.84,59.34543478260869,20.738478260869567,2.5582608695652174
Howrah,2002,Kharif,1141.81,26.67928961748634,13.08,36.86,85.6755737704918,15.549125683060108,2.2510928961748635
Howrah,2002,Rabi,19.71,19.22811111111111,6.74,34.93,65.67744444444445,15.309555555555557,1.5587777777777776
Howrah,2002,Summer,230.47,30.558586956521737,14.66,46.81,59.188586956521746,20.464021739130434,2.743804347826087
Howrah,2003,Kharif,1177.13,27.181366120218577,11.05,41.72,84.59382513661203,15.613934426229507,2.4040437158469947
Howrah,2003,Rabi,25.580000000000002,18.724333333333334,4.85,33.83,65.93166666666667,14.731444444444444,1.6663333333333332
Howrah,2003,Summer,220.56,30.1275,12.36,43.28,60.00630434782609,20.97945652173913,2.5645652173913045
Howrah,2004,Kharif,1255.07,26.63,13.75,36.81,84.79459016393443,15.468469945355192,2.373497267759563
Howrah,2004,Rabi,2.24,18.724615384615387,6.25,35.63,68.35186813186813,15.005054945054946,1.5971428571428572
Howrah,2004,Summer,135.55,30.66608695652174,13.57,44.61,58.92858695652174,21.51641304347826,2.7941304347826086
Howrah,2005,Kharif,1179.6,27.10808743169399,12.05,42.02,83.58081967213116,15.447377049180327,2.3982513661202187
Howrah,2005,Rabi,35.050000000000004,19.31688888888889,6.98,35.32,68.67144444444445,15.182444444444446,1.7152222222222222
Howrah,2005,Summer,223.32,30.188152173913043,16.66,42.53,63.03804347826087,20.853478260869565,2.7065217391304346
Howrah,2006,Kharif,1315.35,26.912513661202183,11.22,34.57,85.86491803278689,15.285737704918033,2.1885792349726776
Howrah,2006,Rabi,0.01,19.54877777777778,6.93,37.48,64.745,15.535666666666668,1.5356666666666667
Howrah,2006,Summer,220.25,30.12532608695652,15.34,42.75,59.16804347826087,20.42217391304348,2.4641304347826085
Howrah,2007,Kharif,1777.97,26.86098360655738,12.81,38.85,86.25065573770492,15.440983606557376,2.3812021857923495
Howrah,2007,Rabi,57.04,18.279222222222224,6.62,31.71,67.2841111111111,14.137555555555556,1.6246666666666667
Howrah,2007,Summer,126.05,29.74739130434783,12.42,42.49,58.040000000000006,21.235326086956523,2.3578260869565217
Howrah,2008,Kharif,1269.92,26.61633879781421,11.7,36.59,86.22327868852459,15.70912568306011,2.2949726775956285
Howrah,2008,Rabi,79.16000000000001,18.520989010989013,6.19,30.02,71.34824175824176,13.98032967032967,1.4986813186813186
Howrah,2008,Summer,212.19,29.457500000000003,16.73,41.26,63.64739130434783,20.754565217391306,2.239891304347826
Howrah,2009,Kharif,1251.38,27.02169398907104,11.06,38.15,84.20513661202186,15.770273224043716,2.1663387978142077
Howrah,2009,Rabi,3.9,19.907666666666668,7.52,36.45,63.652,14.662555555555556,1.5317777777777777
Howrah,2009,Summer,297.98,30.106195652173913,14.51,44.03,57.09586956521739,20.601956521739133,2.3747826086956523
Howrah,2010,Kharif,1065.99,27.620382513661202,14.51,39.17,83.79535519125683,16.083825136612024,2.15
Howrah,2010,Rabi,74.22999999999999,18.69522222222222,6.87,33.36,62.78688888888889,14.444,1.7261111111111112
Howrah,2010,Summer,215.93,30.88097826086957,16.44,45.28,61.11521739130435,20.768260869565218,2.9376086956521736
Howrah,2011,Kharif,1429.76,27.02579234972678,13.88,40.25,84.64273224043717,15.125300546448086,2.196120218579235
Howrah,2011,Rabi,12.9,18.924555555555557,5.67,34.15,62.583666666666666,14.342222222222222,1.6723333333333332
Howrah,2011,Summer,273.21,29.59445652173913,12.71,40.49,62.36684782608695,20.218695652173913,2.4844565217391303
Howrah,2012,Kharif,959.29,26.845573770491804,9.02,43.86,82.42978142076502,15.774207650273222,2.5399453551912567
Howrah,2012,Rabi,84.89,18.536923076923078,4.66,34.92,66.28582417582417,14.087582417582418,1.7764835164835164
Howrah,2012,Summer,167.28,30.179565217391303,15.4,42.33,58.418695652173916,21.096847826086957,2.662717391304348
Howrah,2013,Kharif,1605.98,26.792732240437157,12.62,34.43,86.56207650273224,15.350000000000001,2.3175956284153005
Howrah,2013,Rabi,13.91,18.359555555555556,3.43,35.26,62.40533333333333,14.536777777777777,1.868
Howrah,2013,Summer,264.25,30.152391304347827,12.87,43.37,58.75369565217392,19.791304347826088,2.9132608695652173
Howrah,2014,Kharif,1099.87,27.15453551912568,10.15,40.68,82.77939890710383,15.65967213114754,2.2362295081967214
Howrah,2014,Rabi,40.26,17.744666666666667,6.5,30.92,68.37,14.094555555555555,1.752
Howrah,2014,Summer,156.93,30.661739130434785,14.67,44.64,55.13369565217391,21.023369565217394,2.6008695652173914
Howrah,2015,Kharif,1368.55,27.49590163934426,15.76,37.4,82.49213114754097,15.194863387978142,2.1490710382513663
Howrah,2015,Rabi,60.03,19.854555555555557,6.62,34.45,64.58355555555556,13.059444444444443,1.6356666666666668
Howrah,2015,Summer,205.93,29.311847826086957,13.41,42.39,62.262173913043476,20.121195652173913,2.588478260869565
Howrah,2016,Kharif,1359.92,26.97054644808743,11.86,40.12,84.27431693989071,15.803497267759562,2.0833333333333335
Howrah,2016,Rabi,81.46,20.712637362637363,7.58,36.71,64.95296703296704,12.952857142857143,1.5167032967032967
Howrah,2016,Summer,187.75,31.156521739130437,19.28,44.48,60.606521739130436,19.683478260869567,2.6831521739130433
Howrah,2017,Kharif,1741.42,27.237158469945353,11.0,38.6,85.0536612021858,14.869180327868852,2.1701092896174865
Howrah,2017,Rabi,28.2,19.608,5.32,34.42,67.35377777777778,14.364666666666666,1.6796666666666664
Howrah,2017,Summer,192.75,29.847934782608696,14.96,42.07,63.259891304347825,20.007608695652173,2.845978260869565
Howrah,2018,Kharif,1206.7,27.327868852459016,13.56,39.6,82.11606557377048,15.396448087431695,2.052841530054645
Howrah,2018,Rabi,21.3,18.083111111111112,5.5,33.87,65.26144444444444,14.170444444444444,1.6396666666666666
Howrah,2018,Summer,205.2,29.270869565217392,15.87,40.99,63.87771739130435,19.74717391304348,2.571195652173913
Howrah,2019,Kharif,1287.37,27.808196721311475,14.57,42.23,82.53021857923498,15.280601092896175,2.311584699453552
Howrah,2019,Rabi,136.79,19.296333333333333,5.09,35.6,63.91188888888889,13.780444444444445,1.68
Howrah,2019,Summer,200.54,29.555108695652176,13.03,42.8,65.42510869565217,20.529565217391305,2.806413043478261
Jalpaiguri,1997,Kharif,1187.1100000000001,26.769726775956283,13.3,41.16,75.96360655737705,16.524535519125685,1.4566666666666666
Jalpaiguri,1997,Rabi,24.81,17.92488888888889,6.77,31.68,39.54188888888889,12.84388888888889,1.2655555555555555
Jalpaiguri,1997,Summer,177.88,28.1275,14.03,41.25,33.92880434782609,18.97586956521739,1.7633695652173913
Jalpaiguri,1998,Kharif,1609.42,26.9455737704918,13.12,39.73,82.12098360655737,14.966612021857923,1.443551912568306
Jalpaiguri,1998,Rabi,7.73,18.081999999999997,6.79,31.26,45.623888888888885,13.440666666666667,1.2106666666666666
Jalpaiguri,1998,Summer,269.07,27.523043478260867,12.57,41.26,44.76891304347826,18.875978260869566,1.7352173913043476
Jalpaiguri,1999,Kharif,1522.46,26.451092896174863,13.38,38.92,81.35360655737705,15.223387978142076,1.412295081967213
Jalpaiguri,1999,Rabi,4.71,19.087666666666667,8.67,33.91,48.07788888888889,14.568111111111111,1.1142222222222222
Jalpaiguri,1999,Summer,277.14,28.89858695652174,14.05,42.02,37.184456521739136,20.042717391304347,1.8007608695652173
Jalpaiguri,2000,Kharif,898.5,26.839562841530057,14.36,36.57,77.82830601092896,15.900819672131147,1.4405464480874317
Jalpaiguri,2000,Rabi,27.570000000000004,17.585934065934065,8.37,29.08,45.93890109890109,14.235384615384616,1.1832967032967034
Jalpaiguri,2000,Summer,271.6,27.328804347826086,12.23,40.44,45.12510869565217,19.19217391304348,1.7657608695652172
Jalpaiguri,2001,Kharif,1263.03,26.78256830601093,11.4,36.36,80.6663387978142,15.781475409836066,1.3819672131147542
Jalpaiguri,2001,Rabi,3.11,17.834444444444443,6.29,32.84,45.10311111111111,13.20288888888889,1.0984444444444443
Jalpaiguri,2001,Summer,228.47,28.294347826086955,13.99,40.8,39.10195652173913,20.60836956521739,1.7563043478260871
Jalpaiguri,2002,Kharif,1316.6000000000001,26.343333333333334,14.18,37.17,80.2948087431694,15.189617486338797,1.4244262295081969
Jalpaiguri,2002,Rabi,13.45,18.478,7.55,31.19,51.53822222222222,13.158222222222223,1.1402222222222222
Jalpaiguri,2002,Summer,308.8,27.37586956521739,13.97,40.27,49.83847826086957,19.216413043478262,1.7533695652173913
Jalpaiguri,2003,Kharif,1268.99,26.625300546448088,12.1,39.78,81.08584699453552,15.159508196721312,1.440054644808743
Jalpaiguri,2003,Rabi,70.62,17.640777777777778,6.36,29.83,54.20955555555555,12.706444444444443,1.1236666666666666
Jalpaiguri,2003,Summer,155.75,27.833695652173912,11.49,40.06,44.88184782608696,19.217173913043478,1.6579347826086956
Jalpaiguri,2004,Kharif,1546.09,26.009781420765027,14.83,36.71,82.27710382513662,15.106885245901639,1.470327868852459
Jalpaiguri,2004,Rabi,12.030000000000001,17.77758241758242,7.76,31.64,58.651758241758245,12.981648351648351,1.1149450549450548
Jalpaiguri,2004,Summer,208.64000000000001,28.392282608695655,12.38,40.87,47.37413043478261,18.017391304347825,1.7511956521739132
Jalpaiguri,2005,Kharif,1612.84,26.77688524590164,11.76,41.14,79.51628415300546,15.456338797814208,1.4271038251366122
Jalpaiguri,2005,Rabi,16.97,18.19088888888889,9.25,34.07,58.64344444444444,13.611222222222223,1.2125555555555556
Jalpaiguri,2005,Summer,189.18,28.348152173913046,15.52,40.59,44.40108695652174,18.95826086956522,1.7005434782608695
Jalpaiguri,2006,Kharif,1232.83,26.521147540983605,11.06,37.33,79.24136612021859,15.694918032786886,1.3969945355191258
Jalpaiguri,2006,Rabi,9.22,18.580444444444446,7.94,35.46,57.50077777777778,12.898333333333332,1.1164444444444446
Jalpaiguri,2006,Summer,206.09,28.165326086956522,14.83,40.43,42.56956521739131,19.57608695652174,1.7799999999999998
Jalpaiguri,2007,Kharif,1562.25,26.50765027322404,14.26,39.77,81.24612021857924,15.070109289617486,1.4381420765027322
Jalpaiguri,2007,Rabi,33.62,17.27322222222222,6.66,29.44,55.901666666666664,12.368555555555556,1.0856666666666666
Jalpaiguri,2007,Summer,239.71,28.20054347826087,12.92,40.58,45.77369565217391,20.22771739130435,1.5577173913043478
Jalpaiguri,2008,Kharif,1447.03,26.348688524590166,15.1,34.69,82.02355191256831,15.58103825136612,1.3601639344262295
Jalpaiguri,2008,Rabi,24.22,17.84120879120879,6.38,30.44,59.606923076923074,12.218021978021977,1.11010989010989
Jalpaiguri,2008,Summer,203.44,28.393804347826087,13.68,40.01,43.826195652173915,19.086847826086956,1.6119565217391305
Jalpaiguri,2009,Kharif,1426.27,26.627158469945357,12.97,37.92,79.94579234972677,15.678579234972677,1.4284699453551915
Jalpaiguri,2009,Rabi,3.1100000000000003,18.399222222222225,8.52,32.19,58.135,12.686333333333334,1.1275555555555556
Jalpaiguri,2009,Summer,321.38,28.09358695652174,13.5,40.76,41.69445652173913,19.495,1.7144565217391303
Jalpaiguri,2010,Kharif,1954.1,26.31502732240437,12.65,36.55,84.49218579234973,14.935245901639345,1.3797814207650274
Jalpaiguri,2010,Rabi,2.8,17.923333333333332,8.09,31.54,51.75311111111111,13.454444444444446,1.129
Jalpaiguri,2010,Summer,310.62,29.096304347826088,15.16,41.57,42.608695652173914,18.715217391304346,1.7043478260869567
Jalpaiguri,2011,Kharif,1839.54,26.319890710382513,13.99,37.3,82.39109289617487,15.614207650273224,1.4402732240437157
Jalpaiguri,2011,Rabi,25.080000000000002,17.366222222222223,6.62,30.71,58.93477777777778,12.30411111111111,1.1176666666666668
Jalpaiguri,2011,Summer,270.21000000000004,27.528260869565216,13.79,37.97,47.08847826086957,18.827065217391304,1.6631521739130435
Jalpaiguri,2012,Kharif,1528.06,26.54513661202186,10.84,39.41,78.31546448087431,15.591584699453554,1.3803825136612022
Jalpaiguri,2012,Rabi,14.04,17.288131868131867,7.73,32.7,51.4510989010989,12.651758241758241,1.1464835164835165
Jalpaiguri,2012,Summer,258.69,28.132717391304347,13.16,41.8,41.78304347826087,20.26858695652174,1.7763043478260871
Jalpaiguri,2013,Kharif,1724.29,26.49852459016393,15.56,35.06,82.93174863387978,15.689398907103824,1.2193442622950819
Jalpaiguri,2013,Rabi,28.02,18.125999999999998,3.74,33.67,50.39011111111111,13.645777777777779,1.3706666666666667
Jalpaiguri,2013,Summer,369.15999999999997,28.33608695652174,14.74,42.17,41.98619565217391,19.143804347826087,1.6655434782608693
Jalpaiguri,2014,Kharif,1304.58,26.935300546448087,13.42,37.96,81.22185792349727,15.544316939890711,1.3387978142076502
Jalpaiguri,2014,Rabi,17.19,18.207333333333334,8.88,29.51,55.42611111111111,12.203444444444443,1.2221111111111111
Jalpaiguri,2014,Summer,269.97,28.924347826086954,14.14,42.62,37.55869565217392,20.36913043478261,1.7303260869565218
Jalpaiguri,2015,Kharif,1570.02,27.08846994535519,16.94,37.26,81.94562841530055,15.366885245901639,1.4356284153005465
Jalpaiguri,2015,Rabi,20.08,19.549,8.51,34.9,50.98811111111112,12.084,1.2212222222222222
Jalpaiguri,2015,Summer,330.33,28.36978260869565,15.33,40.14,49.19695652173913,18.156304347826087,1.8615217391304346
Jalpaiguri,2016,Kharif,2182.55,26.8424043715847,15.67,37.64,84.37934426229508,15.416994535519125,1.371912568306011
Jalpaiguri,2016,Rabi,11.88,19.782967032967033,8.89,34.99,51.540879120879126,12.411758241758243,1.2521978021978022
Jalpaiguri,2016,Summer,460.7,29.414347826086956,19.39,42.67,44.188804347826085,18.32695652173913,1.953804347826087
Jalpaiguri,2017,Kharif,2016.37,26.743060109289615,13.19,36.44,84.97688524590164,15.022896174863389,1.4646994535519127
Jalpaiguri,2017,Rabi,5.65,19.75011111111111,8.76,33.12,55.21144444444444,13.459,1.137888888888889
Jalpaiguri,2017,Summer,534.5,27.15836956521739,14.38,39.73,57.70673913043479,17.60445652173913,1.6806521739130436
Jalpaiguri,2018,Kharif,1781.55,26.601530054644808,13.21,34.41,82.0755737704918,15.188142076502732,1.3210382513661203
Jalpaiguri,2018,Rabi,13.04,18.448555555555558,6.53,31.04,51.04322222222223,12.054444444444446,1.1473333333333333
Jalpaiguri,2018,Summer,535.85,26.70945652173913,16.17,36.46,58.41619565217391,17.487826086956524,1.5764130434782608
Jalpaiguri,2019,Kharif,2341.67,26.687267759562843,16.4,35.98,85.77486338797814,14.82103825136612,1.4313114754098362
Jalpaiguri,2019,Rabi,31.55,18.544999999999998,8.47,32.16,54.38344444444445,12.375555555555556,1.1542222222222223
Jalpaiguri,2019,Summer,390.23,27.189891304347825,11.85,38.22,51.686521739130434,18.11978260869565,1.796195652173913
Jhargram,1997,Kharif,1285.92,26.983551912568306,15.37,42.57,81.57010928961749,16.602349726775955,1.9394535519125684
Jhargram,1997,Rabi,71.49,18.679333333333336,6.53,35.13,62.36066666666667,15.219333333333333,1.6067777777777779
Jhargram,1997,Summer,202.85999999999999,29.9745652173913,15.08,46.13,51.9954347826087,21.728369565217392,2.067934782608696
Jhargram,1998,Kharif,1052.64,27.448743169398906,11.09,47.03,82.8922950819672,16.94672131147541,1.986830601092896
Jhargram,1998,Rabi,103.59,18.07777777777778,6.11,31.94,69.48822222222222,15.123555555555555,1.465888888888889
Jhargram,1998,Summer,202.82,29.05467391304348,12.03,45.86,59.11836956521739,22.207608695652173,2.1077173913043477
Jhargram,1999,Kharif,1377.26,26.249562841530054,9.69,42.63,84.06939890710383,16.185081967213115,2.0195628415300546
Jhargram,1999,Rabi,0.04,18.472555555555555,6.84,35.94,64.21933333333332,17.80511111111111,1.5416666666666667
Jhargram,1999,Summer,138.97,30.858478260869564,13.56,46.98,48.005760869565215,23.409021739130434,2.2106521739130436
Jhargram,2000,Kharif,893.21,26.551639344262295,11.67,37.78,81.77617486338798,17.13622950819672,1.9818579234972677
Jhargram,2000,Rabi,61.78,17.919780219780222,6.68,29.61,63.785274725274725,16.26,1.5782417582417583
Jhargram,2000,Summer,203.37,29.326195652173915,13.07,44.24,56.50478260869565,22.451195652173915,2.2471739130434782
Jhargram,2001,Kharif,1293.6,26.491639344262296,13.73,37.16,86.41311475409836,15.892896174863388,2.0539890710382513
Jhargram,2001,Rabi,11.27,18.39688888888889,5.9,36.29,55.02888888888889,16.483444444444444,1.5131111111111113
Jhargram,2001,Summer,272.89,30.50108695652174,15.99,46.67,50.99228260869565,21.865978260869564,2.0980434782608697
Jhargram,2002,Kharif,1065.49,26.516994535519125,11.98,41.08,81.78338797814207,16.559071038251364,1.9626229508196722
Jhargram,2002,Rabi,33.82,18.57177777777778,6.54,34.05,66.96155555555555,15.967888888888888,1.4092222222222222
Jhargram,2002,Summer,154.04,30.886304347826087,13.83,48.19,52.76282608695652,22.505108695652172,2.1925
Jhargram,2003,Kharif,1171.21,26.92366120218579,10.03,43.72,82.521912568306,16.43950819672131,2.098087431693989
Jhargram,2003,Rabi,32.79,18.057222222222222,4.82,32.95,68.69855555555556,15.685111111111112,1.4995555555555558
Jhargram,2003,Summer,166.76,30.333260869565216,11.33,44.72,53.167065217391304,22.399782608695656,2.1353260869565216
Jhargram,2004,Kharif,1162.13,26.310928961748633,11.93,39.14,82.28770491803279,16.47464480874317,2.061639344262295
Jhargram,2004,Rabi,8.51,18.004175824175825,5.73,33.61,69.24912087912088,15.888571428571428,1.3776923076923078
Jhargram,2004,Summer,156.22,30.62684782608696,12.16,46.15,52.51717391304348,22.987391304347828,2.036304347826087
Jhargram,2005,Kharif,1102.59,27.039508196721307,10.93,46.43,79.4048087431694,16.51448087431694,2.1104918032786886
Jhargram,2005,Rabi,61.16,18.660555555555558,6.66,34.08,67.685,15.363111111111111,1.5094444444444444
Jhargram,2005,Summer,162.82999999999998,30.465760869565216,15.91,44.62,55.041739130434784,22.326195652173915,2.174782608695652
Jhargram,2006,Kharif,1434.4,26.401803278688522,11.0,36.59,84.90699453551912,16.05710382513661,1.9513661202185795
Jhargram,2006,Rabi,0.01,18.984222222222222,6.92,37.07,62.744,16.59911111111111,1.424
Jhargram,2006,Summer,200.67000000000002,30.038695652173914,14.14,44.34,54.31445652173913,21.56,2.0519565217391302
Jhargram,2007,Kharif,1717.48,26.522841530054645,11.84,42.97,84.5451912568306,16.023497267759563,2.1020218579234973
Jhargram,2007,Rabi,68.86,17.810111111111112,6.45,30.9,69.414,15.056555555555555,1.5137777777777779
Jhargram,2007,Summer,136.03,29.495217391304347,11.59,44.18,55.065,22.362391304347828,2.0255434782608694
Jhargram,2008,Kharif,1309.55,26.27081967213115,11.01,40.05,84.68316939890711,16.140054644808743,1.8891803278688524
Jhargram,2008,Rabi,62.93,17.826373626373627,5.63,30.64,71.60868131868132,14.578791208791209,1.3873626373626373
Jhargram,2008,Summer,160.79999999999998,29.698913043478264,15.59,43.79,56.41054347826088,22.18836956521739,1.9891304347826086
Jhargram,2009,Kharif,1138.06,26.843934426229506,10.23,42.08,80.5724043715847,16.89464480874317,1.94775956284153
Jhargram,2009,Rabi,5.86,19.37511111111111,7.77,35.82,64.53133333333334,15.542,1.3607777777777779
Jhargram,2009,Summer,224.35999999999999,30.220652173913045,13.79,45.14,48.95934782608696,22.25565217391304,2.1793478260869565
Jhargram,2010,Kharif,807.38,27.625846994535518,12.94,43.53,79.25502732240437,16.69912568306011,2.0057377049180327
Jhargram,2010,Rabi,55.620000000000005,18.113111111111113,6.85,33.57,63.461222222222226,15.296000000000001,1.5373333333333332
Jhargram,2010,Summer,170.71,31.39369565217391,15.09,47.36,51.32260869565218,22.335652173913044,2.2645652173913042
Jhargram,2011,Kharif,1422.54,26.56398907103825,13.09,41.23,83.54054644808743,15.799180327868852,1.905846994535519
Jhargram,2011,Rabi,21.080000000000002,18.401555555555557,5.87,35.02,61.78955555555556,15.179666666666668,1.5133333333333332
Jhargram,2011,Summer,272.51,29.948695652173914,13.04,42.65,54.978913043478265,21.750434782608696,2.068695652173913
Jhargram,2012,Kharif,1085.46,26.64295081967213,9.6,47.2,80.37174863387979,16.309016393442622,2.033715846994536
Jhargram,2012,Rabi,103.11,17.86131868131868,4.82,33.46,69.4678021978022,15.00065934065934,1.6201098901098903
Jhargram,2012,Summer,134.43,30.136521739130433,14.1,45.17,51.4479347826087,22.800978260869567,2.085
Jhargram,2013,Kharif,1684.54,26.314316939890713,12.36,36.59,85.58169398907104,15.554590163934424,1.9950819672131148
Jhargram,2013,Rabi,13.899999999999999,17.397444444444446,3.55,33.86,67.6591111111111,15.02611111111111,1.7149999999999999
Jhargram,2013,Summer,283.78,30.03717391304348,11.52,44.32,51.18152173913043,21.676195652173913,2.2132608695652176
Jhargram,2014,Kharif,1178.6,26.810601092896174,10.69,42.56,80.78688524590164,16.415573770491804,1.9227868852459016
Jhargram,2014,Rabi,67.11,17.232000000000003,5.75,31.02,70.01599999999999,14.69988888888889,1.612
Jhargram,2014,Summer,196.8,30.063478260869566,13.71,46.09,51.88771739130435,21.695434782608697,2.110869565217391
Jhargram,2015,Kharif,1142.5,27.100983606557374,14.58,43.05,80.5255737704918,16.43464480874317,2.000983606557377
Jhargram,2015,Rabi,58.61,18.84888888888889,6.33,33.92,68.352,13.94011111111111,1.4445555555555554
Jhargram,2015,Summer,211.13,29.434565217391306,12.89,44.57,57.59010869565218,21.374021739130434,1.996086956521739
Jhargram,2016,Kharif,1268.61,26.508142076502732,11.68,43.95,82.36218579234973,16.336721311475408,1.9534426229508197
Jhargram,2016,Rabi,55.26,19.823406593406595,6.81,37.16,67.61186813186814,14.030109890109891,1.4192307692307693
Jhargram,2016,Summer,162.57,31.85565217391304,17.67,47.37,49.81902173913044,21.046195652173914,2.050217391304348
Jhargram,2017,Kharif,1627.12,26.920874316939894,10.51,43.18,83.16989071038252,15.516994535519126,1.8491256830601093
Jhargram,2017,Rabi,16.7,18.893555555555558,6.17,35.29,67.70788888888889,15.23477777777778,1.4513333333333334
Jhargram,2017,Summer,227.64,30.147065217391308,12.86,43.47,56.805543478260866,21.951847826086954,2.1931521739130435
Jhargram,2018,Kharif,1147.38,27.030983606557378,12.7,41.53,79.9515300546448,15.56382513661202,1.9169398907103825
Jhargram,2018,Rabi,36.29,17.581888888888887,5.23,33.79,63.96666666666667,15.386111111111111,1.5132222222222222
Jhargram,2018,Summer,223.5,29.04945652173913,15.16,42.88,60.26695652173913,21.332065217391303,2.111630434782609
Jhargram,2019,Kharif,1148.01,27.528743169398908,14.1,44.36,80.5987431693989,15.597431693989071,2.0429508196721313
Jhargram,2019,Rabi,97.54,18.305444444444444,4.17,34.51,67.19244444444445,14.183333333333334,1.5224444444444445
Jhargram,2019,Summer,215.94,29.517391304347825,12.48,44.07,58.940978260869564,21.85217391304348,2.1430434782608696
Kalimpong,1997,Kharif,1017.74,20.731530054644807,9.34,31.45,79.3187431693989,16.305628415300546,0.8540437158469945
Kalimpong,1997,Rabi,21.22,11.124555555555556,2.74,21.4,44.708777777777776,12.155444444444445,0.8958888888888888
Kalimpong,1997,Summer,153.71,19.845978260869565,9.04,32.4,41.99956521739131,17.401195652173914,1.1691304347826088
Kalimpong,1998,Kharif,1241.72,21.458360655737707,11.45,31.37,83.49693989071038,15.289890710382515,0.8358469945355191
Kalimpong,1998,Rabi,4.47,12.121555555555556,2.73,22.38,46.99311111111111,13.278999999999998,0.9067777777777778
Kalimpong,1998,Summer,221.51,19.88478260869565,6.7,32.48,52.16597826086957,17.981521739130436,1.1204347826086956
Kalimpong,1999,Kharif,1185.1,20.974262295081967,10.01,31.91,82.13245901639344,14.982459016393442,0.8326229508196722
Kalimpong,1999,Rabi,5.44,13.434555555555555,2.05,24.8,47.04922222222223,13.366111111111111,0.8917777777777778
Kalimpong,1999,Summer,202.23,21.40304347826087,9.38,32.45,42.35673913043478,18.176739130434783,1.2121739130434783
Kalimpong,2000,Kharif,799.37,21.07879781420765,9.52,32.17,80.80704918032787,14.493060109289617,0.8444808743169399
Kalimpong,2000,Rabi,16.560000000000002,11.648461538461538,4.3,22.06,46.291428571428575,13.157692307692306,0.8879120879120879
Kalimpong,2000,Summer,191.65,19.946195652173913,7.24,31.47,49.88760869565217,16.532934782608695,1.1406521739130435
Kalimpong,2001,Kharif,1024.17,21.196830601092895,8.64,30.7,82.33568306010929,14.985300546448087,0.8216939890710383
Kalimpong,2001,Rabi,4.53,12.131666666666666,3.57,24.02,45.70433333333334,13.759444444444444,0.8567777777777777
Kalimpong,2001,Summer,202.95000000000002,20.543695652173913,8.72,31.39,45.59021739130435,17.65804347826087,1.1542391304347825
Kalimpong,2002,Kharif,991.54,20.823661202185793,8.62,29.91,81.29770491803278,14.520655737704919,0.8372677595628415
Kalimpong,2002,Rabi,13.16,12.530000000000001,4.08,23.66,52.82655555555556,13.188777777777778,0.8758888888888888
Kalimpong,2002,Summer,224.05,19.987608695652174,9.2,31.45,56.03445652173913,17.58760869565217,1.0897826086956521
Kalimpong,2003,Kharif,1043.24,21.05672131147541,9.18,31.73,82.52005464480874,14.129726775956282,0.8361748633879782
Kalimpong,2003,Rabi,65.75,11.967,3.38,22.49,54.22344444444444,12.763666666666667,0.8345555555555555
Kalimpong,2003,Summer,114.67,20.04641304347826,7.22,31.22,51.96510869565218,16.20358695652174,1.0831521739130436
Kalimpong,2004,Kharif,1175.13,20.405628415300548,9.09,29.85,83.97508196721311,14.017049180327868,0.8404371584699454
Kalimpong,2004,Rabi,11.06,11.987802197802198,3.06,23.32,59.80252747252747,12.842747252747253,0.8209890109890109
Kalimpong,2004,Summer,145.25,20.807934782608694,8.84,31.15,54.43184782608695,15.550108695652172,1.1007608695652173
Kalimpong,2005,Kharif,1243.53,21.086120218579232,9.14,32.4,81.4572131147541,14.978633879781421,0.8346994535519126
Kalimpong,2005,Rabi,15.94,12.65011111111111,4.74,25.56,56.84711111111111,12.72088888888889,0.8488888888888889
Kalimpong,2005,Summer,158.25,20.40032608695652,9.49,31.57,51.45054347826087,16.295760869565218,1.1006521739130435
Kalimpong,2006,Kharif,1041.92,20.94273224043716,6.33,29.85,81.42218579234972,14.692131147540982,0.8421857923497268
Kalimpong,2006,Rabi,6.2299999999999995,13.288666666666668,5.82,27.17,57.15266666666666,13.938111111111112,0.8180000000000001
Kalimpong,2006,Summer,154.12,20.488260869565217,9.88,31.15,49.88880434782609,16.239021739130436,1.1165217391304347
Kalimpong,2007,Kharif,1274.04,20.979945355191255,9.7,30.9,83.30180327868852,14.307158469945355,0.8424043715846994
Kalimpong,2007,Rabi,32.86,11.659333333333333,3.46,21.21,57.74777777777778,12.582111111111113,0.8093333333333333
Kalimpong,2007,Summer,196.85,20.564021739130435,6.66,32.07,53.697391304347825,17.64260869565217,1.054891304347826
Kalimpong,2008,Kharif,1209.41,20.885136612021856,10.5,28.78,83.48989071038251,14.531311475409836,0.8221311475409836
Kalimpong,2008,Rabi,18.12,12.075164835164834,2.41,24.5,60.716813186813184,12.326373626373627,0.8021978021978022
Kalimpong,2008,Summer,167.8,20.406195652173913,8.82,30.6,52.6520652173913,16.09086956521739,1.0730434782608695
Kalimpong,2009,Kharif,1116.91,21.04191256830601,9.23,29.9,81.39060109289618,14.993224043715845,0.8493989071038252
Kalimpong,2009,Rabi,2.84,12.843222222222224,5.3,23.48,58.25233333333333,13.454222222222224,0.8426666666666667
Kalimpong,2009,Summer,310.25,20.543369565217393,8.1,31.51,48.37902173913044,16.68913043478261,1.1443478260869566
Kalimpong,2010,Kharif,1639.39,20.818852459016394,9.17,28.8,86.66497267759563,13.841475409836066,0.8190163934426229
Kalimpong,2010,Rabi,1.89,12.492333333333333,2.33,22.88,49.98888888888889,14.52677777777778,0.865111111111111
Kalimpong,2010,Summer,267.12,21.50195652173913,11.37,31.64,48.522499999999994,17.230217391304347,1.1380434782608695
Kalimpong,2011,Kharif,1550.1100000000001,20.70054644808743,9.88,29.4,85.09169398907105,14.145464480874317,0.8127322404371584
Kalimpong,2011,Rabi,27.15,11.593222222222224,2.96,22.71,60.56911111111111,13.488222222222223,0.8354444444444444
Kalimpong,2011,Summer,203.41,19.95130434782609,8.53,30.4,54.65152173913043,16.551304347826086,1.088804347826087
Kalimpong,2012,Kharif,1242.36,21.19344262295082,9.08,31.05,78.39010928961748,15.00311475409836,0.8271584699453552
Kalimpong,2012,Rabi,17.44,11.966703296703297,3.61,24.51,51.715934065934064,13.059120879120881,0.8509890109890109
Kalimpong,2012,Summer,211.94,20.366304347826087,7.45,32.55,48.7179347826087,17.33304347826087,1.1417391304347826
Kalimpong,2013,Kharif,1477.71,21.053333333333335,11.07,29.83,83.99726775956285,14.74185792349727,0.7521311475409835
Kalimpong,2013,Rabi,33.87,12.907111111111112,1.39,26.5,49.52366666666667,13.47988888888889,0.8680000000000001
Kalimpong,2013,Summer,308.46,20.71032608695652,10.23,32.42,49.0370652173913,16.229782608695654,1.1160869565217393
Kalimpong,2014,Kharif,1087.27,21.295628415300545,9.64,29.96,84.12311475409837,14.690109289617487,0.8210928961748634
Kalimpong,2014,Rabi,12.32,12.926666666666668,3.0,22.89,55.59677777777778,13.307222222222224,0.8422222222222222
Kalimpong,2014,Summer,272.02,20.939239130434782,9.49,32.94,45.90478260869565,16.988478260869567,1.1319565217391305
Kalimpong,2015,Kharif,1276.27,21.34535519125683,11.79,28.6,85.31142076502732,14.6424043715847,0.8396721311475409
Kalimpong,2015,Rabi,18.52,13.229222222222223,3.89,26.28,56.300555555555555,12.427333333333333,0.8695555555555556
Kalimpong,2015,Summer,269.29,20.542608695652174,8.05,30.88,58.06858695652174,15.77054347826087,1.1253260869565218
Kalimpong,2016,Kharif,1861.07,21.290819672131146,12.42,28.99,86.95633879781421,14.361584699453552,0.8110382513661202
Kalimpong,2016,Rabi,12.860000000000001,13.653516483516484,5.22,26.35,56.01945054945055,13.0489010989011,0.8780219780219781
Kalimpong,2016,Summer,445.06,21.61021739130435,12.47,33.36,51.686847826086954,16.436086956521738,1.1479347826086956
Kalimpong,2017,Kharif,1654.23,21.285901639344264,9.81,29.88,86.33633879781421,14.734699453551912,0.843879781420765
Kalimpong,2017,Rabi,7.41,14.116999999999999,5.54,23.74,55.74777777777778,14.030666666666667,0.8388888888888889
Kalimpong,2017,Summer,476.4,19.852826086956522,7.35,30.54,62.55369565217391,15.55163043478261,1.0475
Kalimpong,2018,Kharif,1640.4,20.92087431693989,8.64,29.51,84.65836065573771,14.693606557377048,0.8014754098360655
Kalimpong,2018,Rabi,22.6,12.46111111111111,1.86,22.82,54.65255555555556,13.227666666666666,0.832
Kalimpong,2018,Summer,468.98,19.438913043478262,10.99,27.71,64.49847826086956,14.945760869565218,1.0175
Kalimpong,2019,Kharif,1855.74,21.29743169398907,11.44,29.38,87.47267759562841,14.47360655737705,0.8178688524590163
Kalimpong,2019,Rabi,44.84,12.322444444444445,4.95,22.84,57.54055555555555,12.037777777777778,0.8275555555555556
Kalimpong,2019,Summer,420.29,19.55271739130435,4.47,28.96,59.67902173913044,15.883804347826086,1.043695652173913
Kolkata,1997,Kharif,1215.83,27.080601092896174,15.86,38.66,83.66049180327869,16.019344262295082,2.2397814207650275
Kolkata,1997,Rabi,52.88,19.627222222222223,7.79,35.12,58.574777777777776,14.469777777777777,1.8270000000000002
Kolkata,1997,Summer,295.48,29.501195652173916,17.95,43.61,63.030543478260874,21.06967391304348,2.4218478260869567
Kolkata,1998,Kharif,1187.3,27.573989071038252,11.23,43.91,85.70377049180328,15.515136612021857,2.418688524590164
Kolkata,1998,Rabi,71.62,18.953,6.31,33.79,66.22322222222222,14.561,1.7123333333333333
Kolkata,1998,Summer,278.79,29.056413043478262,12.97,42.2,63.42304347826087,19.795652173913044,2.5509782608695653
Kolkata,1999,Kharif,1617.38,26.628032786885246,10.6,41.02,85.76229508196721,15.314972677595629,2.3754098360655735
Kolkata,1999,Rabi,0.2,19.12377777777778,6.5,36.31,63.72711111111111,16.990555555555556,1.7665555555555557
Kolkata,1999,Summer,120.05,30.641413043478263,15.65,44.63,56.479565217391304,21.814021739130435,2.9257608695652175
Kolkata,2000,Kharif,1095.41,26.943715846994536,13.03,35.45,84.83054644808743,15.870765027322404,2.2166666666666663
Kolkata,2000,Rabi,42.01,18.682857142857145,6.3,30.48,63.504065934065935,15.622527472527473,1.6084615384615386
Kolkata,2000,Summer,285.52,29.109021739130437,14.48,42.4,64.33804347826087,20.546521739130434,2.7026086956521738
Kolkata,2001,Kharif,1274.04,26.96224043715847,13.98,34.02,87.50775956284153,15.206120218579233,2.272622950819672
Kolkata,2001,Rabi,9.129999999999999,18.72377777777778,5.94,35.19,58.696666666666665,15.740555555555556,1.604
Kolkata,2001,Summer,316.85,30.16304347826087,16.72,42.84,59.34543478260869,20.738478260869567,2.5582608695652174
Kolkata,2002,Kharif,1141.81,26.67928961748634,13.08,36.86,85.6755737704918,15.549125683060108,2.2510928961748635
Kolkata,2002,Rabi,19.71,19.22811111111111,6.74,34.93,65.67744444444445,15.309555555555557,1.5587777777777776
Kolkata,2002,Summer,230.47,30.558586956521737,14.66,46.81,59.188586956521746,20.464021739130434,2.743804347826087
Kolkata,2003,Kharif,1177.13,27.181366120218577,11.05,41.72,84.59382513661203,15.613934426229507,2.4040437158469947
Kolkata,2003,Rabi,25.580000000000002,18.724333333333334,4.85,33.83,65.93166666666667,14.731444444444444,1.6663333333333332
Kolkata,2003,Summer,220.56,30.1275,12.36,43.28,60.00630434782609,20.97945652173913,2.5645652173913045
Kolkata,2004,Kharif,1255.07,26.63,13.75,36.81,84.79459016393443,15.468469945355192,2.373497267759563
Kolkata,2004,Rabi,2.24,18.724615384615387,6.25,35.63,68.35186813186813,15.005054945054946,1.5971428571428572
Kolkata,2004,Summer,135.55,30.66608695652174,13.57,44.61,58.92858695652174,21.51641304347826,2.7941304347826086
Kolkata,2005,Kharif,1179.6,27.10808743169399,12.05,42.02,83.58081967213116,15.447377049180327,2.3982513661202187
Kolkata,2005,Rabi,35.050000000000004,19.31688888888889,6.98,35.32,68.67144444444445,15.182444444444446,1.7152222222222222
Kolkata,2005,Summer,223.32,30.188152173913043,16.66,42.53,63.03804347826087,20.853478260869565,2.7065217391304346
Kolkata,2006,Kharif,1315.35,26.912513661202183,11.22,34.57,85.86491803278689,15.285737704918033,2.1885792349726776
Kolkata,2006,Rabi,0.01,19.54877777777778,6.93,37.48,64.745,15.535666666666668,1.5356666666666667
Kolkata,2006,Summer,220.25,30.12532608695652,15.34,42.75,59.16804347826087,20.42217391304348,2.4641304347826085
Kolkata,2007,Kharif,1777.97,26.86098360655738,12.81,38.85,86.25065573770492,15.440983606557376,2.3812021857923495
Kolkata,2007,Rabi,57.04,18.279222222222224,6.62,31.71,67.2841111111111,14.137555555555556,1.6246666666666667
Kolkata,2007,Summer,126.05,29.74739130434783,12.42,42.49,58.040000000000006,21.235326086956523,2.3578260869565217
Kolkata,2008,Kharif,1269.92,26.61633879781421,11.7,36.59,86.22327868852459,15.70912568306011,2.2949726775956285
Kolkata,2008,Rabi,79.16000000000001,18.520989010989013,6.19,30.02,71.34824175824176,13.98032967032967,1.4986813186813186
Kolkata,2008,Summer,212.19,29.457500000000003,16.73,41.26,63.64739130434783,20.754565217391306,2.239891304347826
Kolkata,2009,Kharif,1251.38,27.02169398907104,11.06,38.15,84.20513661202186,15.770273224043716,2.1663387978142077
Kolkata,2009,Rabi,3.9,19.907666666666668,7.52,36.45,63.652,14.662555555555556,1.5317777777777777
Kolkata,2009,Summer,297.98,30.106195652173913,14.51,44.03,57.09586956521739,20.601956521739133,2.3747826086956523
Kolkata,2010,Kharif,1065.99,27.620382513661202,14.51,39.17,83.79535519125683,16.083825136612024,2.15
Kolkata,2010,Rabi,74.22999999999999,18.69522222222222,6.87,33.36,62.78688888888889,14.444,1.7261111111111112
Kolkata,2010,Summer,215.93,30.88097826086957,16.44,45.28,61.11521739130435,20.768260869565218,2.9376086956521736
Kolkata,2011,Kharif,1429.76,27.02579234972678,13.88,40.25,84.64273224043717,15.125300546448086,2.196120218579235
Kolkata,2011,Rabi,12.9,18.924555555555557,5.67,34.15,62.583666666666666,14.342222222222222,1.6723333333333332
Kolkata,2011,Summer,273.21,29.59445652173913,12.71,40.49,62.36684782608695,20.218695652173913,2.4844565217391303
Kolkata,2012,Kharif,959.29,26.845573770491804,9.02,43.86,82.42978142076502,15.774207650273222,2.5399453551912567
Kolkata,2012,Rabi,84.89,18.536923076923078,4.66,34.92,66.28582417582417,14.087582417582418,1.7764835164835164
Kolkata,2012,Summer,167.28,30.179565217391303,15.4,42.33,58.418695652173916,21.096847826086957,2.662717391304348
Kolkata,2013,Kharif,1605.98,26.792732240437157,12.62,34.43,86.56207650273224,15.350000000000001,2.3175956284153005
Kolkata,2013,Rabi,13.91,18.359555555555556,3.43,35.26,62.40533333333333,14.536777777777777,1.868
Kolkata,2013,Summer,264.25,30.152391304347827,12.87,43.37,58.75369565217392,19.791304347826088,2.9132608695652173
Kolkata,2014,Kharif,1099.87,27.15453551912568,10.15,40.68,82.77939890710383,15.65967213114754,2.2362295081967214
Kolkata,2014,Rabi,40.26,17.744666666666667,6.5,30.92,68.37,14.094555555555555,1.752
Kolkata,2014,Summer,156.93,30.661739130434785,14.67,44.64,55.13369565217391,21.023369565217394,2.6008695652173914
Kolkata,2015,Kharif,1368.55,27.49590163934426,15.76,37.4,82.49213114754097,15.194863387978142,2.1490710382513663
Kolkata,2015,Rabi,60.03,19.854555555555557,6.62,34.45,64.58355555555556,13.059444444444443,1.6356666666666668
Kolkata,2015,Summer,205.93,29.311847826086957,13.41,42.39,62.262173913043476,20.121195652173913,2.588478260869565
Kolkata,2016,Kharif,1359.92,26.97054644808743,11.86,40.12,84.27431693989071,15.803497267759562,2.0833333333333335
Kolkata,2016,Rabi,81.46,20.712637362637363,7.58,36.71,64.95296703296704,12.952857142857143,1.5167032967032967
Kolkata,2016,Summer,187.75,31.156521739130437,19.28,44.48,60.606521739130436,19.683478260869567,2.6831521739130433
Kolkata,2017,Kharif,1741.42,27.237158469945353,11.0,38.6,85.0536612021858,14.869180327868852,2.1701092896174865
Kolkata,2017,Rabi,28.2,19.608,5.32,34.42,67.35377777777778,14.364666666666666,1.6796666666666664
Kolkata,2017,Summer,192.75,29.847934782608696,14.96,42.07,63.259891304347825,20.007608695652173,2.845978260869565
Kolkata,2018,Kharif,1206.7,27.327868852459016,13.56,39.6,82.11606557377048,15.396448087431695,2.052841530054645
Kolkata,2018,Rabi,21.3,18.083111111111112,5.5,33.87,65.26144444444444,14.170444444444444,1.6396666666666666
Kolkata,2018,Summer,205.2,29.270869565217392,15.87,40.99,63.87771739130435,19.74717391304348,2.571195652173913
Kolkata,2019,Kharif,1287.37,27.808196721311475,14.57,42.23,82.53021857923498,15.280601092896175,2.311584699453552
Kolkata,2019,Rabi,136.79,19.296333333333333,5.09,35.6,63.91188888888889,13.780444444444445,1.68
Kolkata,2019,Summer,200.54,29.555108695652176,13.03,42.8,65.42510869565217,20.529565217391305,2.806413043478261
Maldah,1997,Kharif,814.75,27.72590163934426,14.63,43.7,75.47158469945354,16.853224043715848,2.069672131147541
Maldah,1997,Rabi,27.0,18.705222222222222,7.42,33.62,40.33011111111111,14.248333333333333,1.803777777777778
Maldah,1997,Summer,154.33,29.94836956521739,14.32,44.22,36.24021739130435,20.897173913043478,2.0618478260869564
Maldah,1998,Kharif,1260.83,27.64896174863388,11.3,45.58,83.04437158469946,15.7448087431694,1.9772131147540983
Maldah,1998,Rabi,25.07,18.029777777777777,6.01,32.74,53.910222222222224,13.687222222222221,1.670777777777778
Maldah,1998,Summer,216.56,29.270108695652173,11.83,43.62,45.70445652173913,19.99,2.2578260869565216
Maldah,1999,Kharif,1051.08,27.080928961748636,10.08,40.87,81.15535519125683,15.602349726775957,2.002021857923497
Maldah,1999,Rabi,0.51,18.452444444444446,6.4,34.41,58.277111111111104,15.867444444444443,1.521777777777778
Maldah,1999,Summer,196.42,30.395000000000003,12.83,46.06,36.618804347826085,20.696847826086955,2.083586956521739
Maldah,2000,Kharif,879.29,27.146939890710385,13.27,36.2,80.95306010928962,16.47120218579235,1.959945355191257
Maldah,2000,Rabi,44.09,17.724945054945056,5.06,30.05,50.83648351648352,15.384065934065935,1.4850549450549448
Maldah,2000,Summer,306.73,28.85836956521739,11.56,43.06,47.86673913043478,19.70141304347826,2.090108695652174
Maldah,2001,Kharif,1016.65,27.313879781420763,12.1,37.19,82.62131147540984,16.39896174863388,2.0066120218579235
Maldah,2001,Rabi,1.19,17.875444444444444,5.63,34.23,47.538333333333334,13.75611111111111,1.3687777777777776
Maldah,2001,Summer,194.74,29.97489130434783,14.31,45.03,39.915,21.04771739130435,2.1248913043478264
Maldah,2002,Kharif,1097.07,26.905027322404372,13.25,38.36,82.4932786885246,15.90792349726776,1.9385792349726776
Maldah,2002,Rabi,10.28,18.43011111111111,6.85,33.42,56.31933333333333,13.76511111111111,1.4173333333333333
Maldah,2002,Summer,267.87,29.436956521739127,14.13,44.14,49.05760869565218,19.803478260869564,2.0392391304347828
Maldah,2003,Kharif,898.66,27.42120218579235,11.27,41.35,80.7888524590164,15.88792349726776,2.104207650273224
Maldah,2003,Rabi,43.31,17.524444444444445,4.88,31.58,60.82666666666666,13.230666666666666,1.5026666666666668
Maldah,2003,Summer,207.19,29.416304347826088,10.57,42.47,46.66130434782609,20.062608695652173,1.9122826086956521
Maldah,2004,Kharif,1264.62,26.691092896174865,13.67,38.66,83.16655737704917,15.650983606557377,2.097814207650273
Maldah,2004,Rabi,10.35,18.16846153846154,5.86,34.72,61.058571428571426,13.512857142857143,1.3663736263736264
Maldah,2004,Summer,218.03,30.377934782608694,12.25,43.76,44.65282608695652,19.40478260869565,2.020326086956522
Maldah,2005,Kharif,1259.28,27.73,12.93,44.69,78.60409836065574,15.772349726775957,1.9592896174863388
Maldah,2005,Rabi,17.509999999999998,17.891000000000002,7.07,34.4,66.12177777777778,14.394111111111112,1.571222222222222
Maldah,2005,Summer,139.19,30.50076086956522,16.3,43.15,44.256521739130434,19.65945652173913,1.8608695652173912
Maldah,2006,Kharif,879.26,27.111639344262297,10.27,38.47,81.3749180327869,16.58224043715847,1.9507650273224044
Maldah,2006,Rabi,6.03,18.55188888888889,6.28,36.5,60.779111111111106,13.564777777777778,1.278
Maldah,2006,Summer,252.76,29.539239130434783,14.99,42.37,46.57380434782608,20.220978260869565,1.9102173913043479
Maldah,2007,Kharif,1245.15,27.08377049180328,12.92,42.82,83.39464480874317,15.648688524590165,2.0649726775956285
Maldah,2007,Rabi,26.71,17.30911111111111,6.54,31.52,59.63966666666666,13.189444444444444,1.4835555555555557
Maldah,2007,Summer,148.65,30.10663043478261,12.86,42.86,43.34108695652174,21.249782608695654,1.8969565217391307
Maldah,2008,Kharif,968.82,27.065956284153003,11.36,37.44,82.12158469945355,16.230819672131148,1.8995081967213117
Maldah,2008,Rabi,34.18,17.821208791208793,6.25,30.21,64.22241758241758,12.587582417582418,1.3475824175824176
Maldah,2008,Summer,165.86,29.99032608695652,14.82,42.4,44.828043478260874,20.44271739130435,1.665108695652174
Maldah,2009,Kharif,1101.1,27.496284153005462,10.01,42.47,78.61551912568305,16.521420765027322,1.952295081967213
Maldah,2009,Rabi,15.75,18.846888888888888,6.68,34.7,56.76933333333333,13.39188888888889,1.4222222222222223
Maldah,2009,Summer,186.59,29.936956521739127,13.15,42.62,39.928586956521734,20.29076086956522,1.930869565217391
Maldah,2010,Kharif,915.6899999999999,27.6631693989071,13.94,41.37,80.9920218579235,16.049398907103825,1.9601092896174863
Maldah,2010,Rabi,23.84,17.677888888888887,6.41,31.88,57.602000000000004,13.819444444444445,1.5753333333333333
Maldah,2010,Summer,182.14,31.03554347826087,15.22,44.26,41.87076086956522,20.373804347826088,2.1411956521739133
Maldah,2011,Kharif,1066.57,27.266775956284153,12.8,39.7,81.57409836065574,16.101967213114754,2.056994535519126
Maldah,2011,Rabi,8.84,17.763333333333335,5.97,33.35,57.33866666666666,12.697333333333333,1.5226666666666666
Maldah,2011,Summer,263.53000000000003,29.410108695652173,11.43,40.34,47.51119565217391,20.025543478260868,1.9218478260869565
Maldah,2012,Kharif,943.65,27.02808743169399,9.06,44.7,77.52928961748634,16.42502732240437,2.121366120218579
Maldah,2012,Rabi,14.040000000000001,17.37010989010989,4.66,34.64,54.466483516483514,12.806813186813187,2.002637362637363
Maldah,2012,Summer,127.23,30.453913043478263,13.7,44.89,38.928695652173914,21.325326086956522,2.071304347826087
Maldah,2013,Kharif,983.08,27.0451912568306,11.76,36.62,83.53371584699454,16.366830601092897,1.8183060109289617
Maldah,2013,Rabi,14.28,17.384555555555554,2.49,34.39,55.471666666666664,13.988222222222223,2.372333333333333
Maldah,2013,Summer,264.71,29.854130434782608,13.69,43.67,42.071304347826086,19.698478260869564,2.2738043478260868
Maldah,2014,Kharif,915.93,27.56311475409836,11.31,40.91,78.72284153005465,16.061147540983608,1.8019125683060109
Maldah,2014,Rabi,24.35,17.515666666666668,6.13,30.62,57.39866666666667,12.292222222222222,1.9516666666666667
Maldah,2014,Summer,191.99,30.676086956521736,14.09,45.08,37.99945652173913,21.460869565217394,2.1619565217391306
Maldah,2015,Kharif,918.39,28.041092896174867,16.65,43.36,77.48868852459016,16.210327868852456,1.8677595628415302
Maldah,2015,Rabi,25.01,19.56866666666667,6.79,34.65,50.708777777777776,12.216555555555555,1.6302222222222222
Maldah,2015,Summer,270.03,29.77032608695652,13.54,43.4,49.09880434782609,19.18076086956522,2.3956521739130436
Maldah,2016,Kharif,1118.88,27.55256830601093,11.69,42.64,80.9960655737705,16.434590163934427,1.9634426229508197
Maldah,2016,Rabi,23.3,19.537252747252747,6.71,36.43,53.38021978021978,12.958351648351648,1.5875824175824176
Maldah,2016,Summer,233.16,31.683913043478263,18.53,45.01,40.54130434782609,19.346739130434784,2.3482608695652174
Maldah,2017,Kharif,1234.31,27.50344262295082,10.21,41.34,83.14459016393442,15.605901639344262,2.0087431693989073
Maldah,2017,Rabi,12.86,19.089555555555556,5.02,35.28,60.08566666666667,13.925777777777776,1.6242222222222222
Maldah,2017,Summer,321.02,29.252173913043475,13.08,41.41,53.65130434782609,18.21271739130435,2.1469565217391304
Maldah,2018,Kharif,841.78,27.739562841530056,13.93,39.61,78.18857923497268,16.395245901639345,1.8545901639344262
Maldah,2018,Rabi,24.21,17.633777777777777,5.19,32.68,56.529111111111106,12.62388888888889,1.569888888888889
Maldah,2018,Summer,323.09000000000003,28.40967391304348,15.03,39.84,56.83576086956522,18.734021739130434,2.031304347826087
Maldah,2019,Kharif,1267.52,27.57792349726776,13.97,40.76,83.31267759562841,15.693224043715848,2.094863387978142
Maldah,2019,Rabi,34.019999999999996,18.223333333333333,4.54,34.03,59.10622222222223,13.090333333333335,1.7423333333333333
Maldah,2019,Summer,198.4,30.17782608695652,11.15,43.51,44.654673913043474,19.63173913043478,2.155
Murshidabad,1997,Kharif,927.57,27.349562841530055,14.53,42.53,79.26147540983607,16.369071038251366,2.0249726775956285
Murshidabad,1997,Rabi,35.25,19.20888888888889,7.29,34.13,44.15622222222222,13.786999999999999,1.7363333333333335
Murshidabad,1997,Summer,179.16,30.143478260869564,16.54,44.14,42.73641304347826,20.3725,2.010978260869565
Murshidabad,1998,Kharif,1087.16,27.645683060109288,11.32,46.39,83.51098360655737,16.02174863387978,1.982841530054645
Murshidabad,1998,Rabi,49.88,18.310222222222222,6.39,33.55,58.592,13.552555555555555,1.5992222222222223
Murshidabad,1998,Summer,248.93,29.404021739130435,12.29,44.42,49.97608695652174,19.87804347826087,2.167282608695652
Murshidabad,1999,Kharif,1076.19,26.828087431693987,10.01,42.85,83.0312568306011,15.69344262295082,2.0581420765027323
Murshidabad,1999,Rabi,0.09,18.816777777777776,6.51,35.95,58.11311111111112,16.047444444444444,1.6125555555555555
Murshidabad,1999,Summer,137.73,31.14445652173913,14.72,46.77,39.42510869565218,20.938152173913043,2.2159782608695653
Murshidabad,2000,Kharif,1014.04,26.97743169398907,13.32,35.81,82.67497267759563,16.105573770491805,1.9293442622950818
Murshidabad,2000,Rabi,43.269999999999996,18.083186813186813,5.42,30.65,55.17263736263736,14.682197802197802,1.4423076923076923
Murshidabad,2000,Summer,298.72,29.361630434782608,11.67,43.19,51.423478260869565,19.618695652173916,2.11
Murshidabad,2001,Kharif,1018.48,27.07377049180328,13.17,35.75,85.04672131147541,16.343770491803276,1.9827868852459019
Murshidabad,2001,Rabi,3.41,18.174666666666667,5.68,34.25,49.70577777777778,13.978333333333333,1.3788888888888888
Murshidabad,2001,Summer,249.84,30.14195652173913,15.16,46.07,45.339999999999996,20.328804347826086,2.0492391304347826
Murshidabad,2002,Kharif,958.02,26.85393442622951,13.08,39.68,83.19562841530055,15.839453551912568,1.975901639344262
Murshidabad,2002,Rabi,13.290000000000001,19.112444444444442,7.23,35.0,55.13133333333333,13.816,1.4712222222222222
Murshidabad,2002,Summer,214.91,30.7,14.63,46.55,47.34239130434783,19.620108695652174,1.9101086956521738
Murshidabad,2003,Kharif,847.45,27.45732240437158,11.09,43.09,81.22387978142076,15.974918032786885,2.0156830601092897
Murshidabad,2003,Rabi,31.47,18.387888888888888,5.29,33.22,58.37522222222223,13.724333333333334,1.5374444444444444
Murshidabad,2003,Summer,192.38,30.208695652173912,11.58,43.95,48.42641304347826,20.198804347826087,1.895217391304348
Murshidabad,2004,Kharif,1153.82,26.679781420765025,13.8,38.28,83.52595628415301,15.70295081967213,2.159453551912568
Murshidabad,2004,Rabi,5.8500000000000005,18.662967032967032,6.18,36.25,60.418021978021976,13.775604395604395,1.4460439560439562
Murshidabad,2004,Summer,173.38,31.278369565217393,13.06,45.57,44.95260869565218,20.735434782608696,2.0731521739130434
Murshidabad,2005,Kharif,1051.14,27.578852459016396,11.74,46.07,79.49442622950819,15.70398907103825,2.0378688524590163
Murshidabad,2005,Rabi,24.15,18.39,6.87,35.4,65.59655555555555,14.046666666666667,1.5735555555555556
Murshidabad,2005,Summer,134.8,30.90271739130435,15.55,43.55,48.03771739130435,20.01032608695652,1.9964130434782608
Murshidabad,2006,Kharif,903.49,27.03153005464481,10.75,39.14,83.1668306010929,16.418688524590163,1.8752459016393443
Murshidabad,2006,Rabi,1.29,19.119444444444444,6.1,37.84,58.485,14.109555555555554,1.3684444444444444
Murshidabad,2006,Summer,238.72,30.308478260869567,15.05,42.3,47.94347826086957,20.077391304347824,1.798695652173913
Murshidabad,2007,Kharif,1483.13,26.953060109289616,12.68,43.5,84.73098360655737,15.901475409836065,2.092950819672131
Murshidabad,2007,Rabi,34.97,17.81088888888889,6.13,32.36,60.49044444444445,13.157111111111112,1.4572222222222222
Murshidabad,2007,Summer,146.36,30.187717391304346,12.93,43.23,46.435,20.595,1.8944565217391303
Murshidabad,2008,Kharif,972.9300000000001,26.87814207650273,11.77,37.09,83.38934426229508,16.07032786885246,1.906775956284153
Murshidabad,2008,Rabi,43.160000000000004,18.051428571428573,6.22,30.74,66.42802197802197,12.333296703296703,1.314065934065934
Murshidabad,2008,Summer,187.7,30.06173913043478,13.84,42.85,49.08271739130434,20.351956521739133,1.7401086956521739
Murshidabad,2009,Kharif,1082.68,27.302459016393446,10.24,41.2,80.41169398907104,16.34934426229508,1.9339890710382515
Murshidabad,2009,Rabi,9.8,19.401,7.1,36.41,56.67877777777778,13.45122222222222,1.414111111111111
Murshidabad,2009,Summer,219.6,30.35565217391304,14.09,43.72,42.46336956521739,19.99532608695652,1.902717391304348
Murshidabad,2010,Kharif,791.03,27.8744262295082,14.31,41.81,80.23251366120218,16.255683060109288,1.9687978142076503
Murshidabad,2010,Rabi,70.14999999999999,18.265666666666668,6.76,33.05,57.25888888888889,13.624555555555556,1.5482222222222222
Murshidabad,2010,Summer,204.38,31.33891304347826,16.04,46.21,47.481847826086955,20.35804347826087,2.210108695652174
Murshidabad,2011,Kharif,1155.95,27.11262295081967,13.16,40.2,83.13486338797814,15.615464480874317,1.9801092896174863
Murshidabad,2011,Rabi,5.99,18.43488888888889,6.04,34.43,56.28422222222222,12.913666666666668,1.5288888888888887
Murshidabad,2011,Summer,286.17,29.738260869565217,12.75,40.45,51.48076086956521,19.79641304347826,1.8905434782608697
Murshidabad,2012,Kharif,873.6,27.0620218579235,8.51,45.22,78.35120218579235,16.039180327868852,2.1331147540983606
Murshidabad,2012,Rabi,34.76,17.91857142857143,3.99,35.9,57.428461538461534,12.846593406593406,1.7752747252747254
Murshidabad,2012,Summer,129.35,30.704021739130436,14.48,44.5,42.99597826086956,21.2075,2.058478260869565
Murshidabad,2013,Kharif,1023.28,26.91087431693989,12.08,35.79,85.07836065573771,16.14710382513661,1.9633333333333334
Murshidabad,2013,Rabi,15.83,17.88422222222222,2.57,35.61,56.03855555555556,13.491666666666667,1.975888888888889
Murshidabad,2013,Summer,262.76,30.448152173913044,13.36,44.73,43.866956521739134,19.140978260869566,2.156195652173913
Murshidabad,2014,Kharif,932.54,27.447704918032787,11.0,41.82,79.371912568306,15.728415300546448,1.8830054644808742
Murshidabad,2014,Rabi,28.77,17.677777777777777,6.48,31.19,59.541999999999994,12.40177777777778,1.7255555555555557
Murshidabad,2014,Summer,164.63,30.89163043478261,14.79,45.92,42.13271739130435,21.238478260869567,2.0822826086956523
Murshidabad,2015,Kharif,1037.84,27.78448087431694,16.32,42.02,79.24289617486339,15.77207650273224,1.8545901639344262
Murshidabad,2015,Rabi,37.17,19.85977777777778,6.94,34.94,52.870444444444445,12.021444444444445,1.4746666666666666
Murshidabad,2015,Summer,251.4,29.834782608695654,13.88,43.57,52.03108695652173,19.129021739130433,2.2247826086956524
Murshidabad,2016,Kharif,1158.59,27.300382513661205,11.97,42.61,81.90775956284153,16.457431693989072,1.937377049180328
Murshidabad,2016,Rabi,49.23,20.04186813186813,7.12,36.94,55.55549450549451,12.384725274725275,1.434945054945055
Murshidabad,2016,Summer,188.02,31.8175,17.55,45.59,45.71380434782609,19.146630434782608,2.1882608695652173
Murshidabad,2017,Kharif,1321.25,27.27983606557377,10.35,40.48,84.11180327868853,15.227103825136611,1.9526775956284153
Murshidabad,2017,Rabi,25.5,19.51688888888889,5.49,35.73,60.07344444444444,13.47388888888889,1.5458888888888889
Murshidabad,2017,Summer,311.17,29.949782608695653,13.68,42.32,53.03271739130435,18.709565217391305,2.062173913043478
Murshidabad,2018,Kharif,885.34,27.6451912568306,14.35,42.22,78.73939890710382,16.034535519125683,1.8284153005464483
Murshidabad,2018,Rabi,32.51,17.845666666666666,5.25,33.84,58.156888888888886,12.915444444444445,1.5187777777777778
Murshidabad,2018,Summer,249.37,29.060434782608695,15.09,40.85,55.515543478260874,18.619673913043478,1.962826086956522
Murshidabad,2019,Kharif,965.57,27.817486338797817,14.52,43.86,81.63267759562842,15.525136612021857,2.070601092896175
Murshidabad,2019,Rabi,49.09,18.891333333333332,5.08,35.35,57.565333333333335,13.018555555555556,1.6432222222222221
Murshidabad,2019,Summer,228.18,30.372282608695652,12.07,44.49,49.31217391304348,19.702173913043477,2.132717391304348
Nadia,1997,Kharif,969.4399999999999,27.11677595628415,14.9,41.02,81.70770491803279,16.235464480874317,2.0503825136612024
Nadia,1997,Rabi,39.089999999999996,19.653777777777776,7.64,35.26,46.669777777777774,13.932,1.7045555555555556
Nadia,1997,Summer,227.75,29.79315217391304,16.11,43.8,50.95423913043478,20.49086956521739,2.129782608695652
Nadia,1998,Kharif,986.2,27.61901639344262,11.11,44.7,84.48109289617487,16.130382513661203,2.093497267759563
Nadia,1998,Rabi,53.95,18.754333333333335,6.41,34.24,60.07088888888889,13.888444444444445,1.5863333333333334
Nadia,1998,Summer,278.13,29.18521739130435,13.01,43.14,55.04163043478261,19.93891304347826,2.281739130434783
Nadia,1999,Kharif,1173.87,26.693715846994536,10.6,41.68,85.28349726775956,15.801420765027322,2.1077049180327867
Nadia,1999,Rabi,0.42,19.343222222222224,6.84,36.91,58.553999999999995,16.503999999999998,1.643
Nadia,1999,Summer,131.29,31.24891304347826,15.81,46.21,44.69336956521739,21.5225,2.561086956521739
Nadia,2000,Kharif,1084.6299999999999,26.950000000000003,14.0,34.83,84.41338797814207,16.121967213114754,1.9413661202185792
Nadia,2000,Rabi,36.22,18.674615384615382,5.95,31.06,56.89318681318681,15.188351648351649,1.4234065934065934
Nadia,2000,Summer,305.7,29.415434782608692,12.76,43.13,56.30336956521739,20.164891304347826,2.3299999999999996
Nadia,2001,Kharif,1045.6,26.970218579234974,13.75,34.05,86.54617486338798,15.822459016393443,2.0189071038251365
Nadia,2001,Rabi,7.18,18.51022222222222,5.79,35.34,52.90288888888889,14.694444444444445,1.4546666666666666
Nadia,2001,Summer,292.04,30.08695652173913,15.23,44.98,50.9404347826087,20.62608695652174,2.2084782608695654
Nadia,2002,Kharif,901.5600000000001,26.837868852459017,13.32,37.15,84.42939890710383,15.616666666666665,2.034207650273224
Nadia,2002,Rabi,13.719999999999999,19.519555555555556,7.0,35.79,56.85033333333333,14.420666666666666,1.4884444444444445
Nadia,2002,Summer,212.4,30.874891304347823,14.85,46.03,50.67880434782609,19.816413043478263,2.224891304347826
Nadia,2003,Kharif,887.05,27.329125683060106,11.43,42.6,82.90628415300547,15.745409836065573,2.076448087431694
Nadia,2003,Rabi,27.689999999999998,18.87633333333333,5.44,34.53,59.55377777777778,14.086666666666666,1.547777777777778
Nadia,2003,Summer,188.32999999999998,30.385760869565214,12.86,43.97,52.78423913043478,20.60271739130435,2.1444565217391305
Nadia,2004,Kharif,1079.2,26.631639344262297,14.09,38.02,84.63459016393442,15.827650273224044,2.200710382513661
Nadia,2004,Rabi,3.5999999999999996,19.13021978021978,6.64,36.88,61.71230769230769,14.31857142857143,1.5063736263736265
Nadia,2004,Summer,148.14000000000001,31.290108695652176,13.68,45.17,49.81608695652174,21.259456521739132,2.424130434782609
Nadia,2005,Kharif,933.35,27.42857923497268,11.97,44.89,81.3327868852459,15.820491803278689,2.1062295081967215
Nadia,2005,Rabi,23.27,19.156777777777776,7.7,36.1,65.02511111111112,14.385666666666667,1.642888888888889
Nadia,2005,Summer,150.38,30.82217391304348,15.99,43.17,53.00967391304348,20.59358695652174,2.2841304347826084
Nadia,2006,Kharif,887.51,27.019562841530053,11.29,36.8,83.76213114754098,16.086666666666666,1.9630601092896176
Nadia,2006,Rabi,0.4,19.744333333333334,6.55,38.39,58.55188888888889,14.684222222222221,1.4505555555555556
Nadia,2006,Summer,207.37,30.54076086956522,16.37,42.48,50.326847826086954,20.286521739130432,2.009021739130435
Nadia,2007,Kharif,1686.14,26.828469945355188,13.43,41.9,86.09338797814208,15.981967213114753,2.13327868852459
Nadia,2007,Rabi,40.53,18.202444444444446,6.87,32.4,62.05588888888889,13.619666666666667,1.4803333333333333
Nadia,2007,Summer,142.46,30.064021739130432,12.81,43.06,49.869565217391305,20.99836956521739,2.033804347826087
Nadia,2008,Kharif,1068.9,26.70273224043716,12.04,36.07,85.14038251366121,15.8748087431694,2.0269398907103824
Nadia,2008,Rabi,55.68,18.57835164835165,6.8,31.46,66.98241758241758,12.789450549450548,1.3527472527472526
Nadia,2008,Summer,202.41,30.014891304347824,15.38,42.93,54.044021739130436,20.52782608695652,1.9171739130434782
Nadia,2009,Kharif,1227.73,27.049234972677596,10.63,39.18,83.76661202185792,16.39049180327869,1.9484699453551912
Nadia,2009,Rabi,6.33,19.756444444444444,7.25,36.82,58.754888888888885,14.034444444444443,1.4326666666666665
Nadia,2009,Summer,242.6,30.430434782608696,14.68,43.89,47.51489130434783,20.364021739130436,2.0693478260869567
Nadia,2010,Kharif,952.17,27.51950819672131,14.33,38.4,83.74371584699453,16.3624043715847,1.9380874316939891
Nadia,2010,Rabi,101.6,18.568222222222225,6.8,33.3,59.83511111111111,14.02922222222222,1.5838888888888891
Nadia,2010,Summer,241.28,31.08282608695652,16.19,46.17,54.16163043478261,20.58141304347826,2.5325
Nadia,2011,Kharif,1261.44,27.044207650273226,13.69,39.61,84.21453551912569,15.547759562841529,1.9780874316939892
Nadia,2011,Rabi,14.100000000000001,18.83411111111111,5.66,34.3,59.24466666666666,13.536333333333333,1.5614444444444444
Nadia,2011,Summer,287.54,29.66054347826087,12.51,40.79,56.47619565217392,19.934891304347826,2.0681521739130435
Nadia,2012,Kharif,914.8,26.917431693989073,8.61,44.7,80.7851912568306,15.911038251366119,2.2324043715846993
Nadia,2012,Rabi,46.16,18.326043956043957,4.52,36.23,58.98538461538462,13.274615384615386,1.681098901098901
Nadia,2012,Summer,141.9,30.655978260869563,15.34,43.94,47.97434782608696,21.347608695652173,2.324130434782609
Nadia,2013,Kharif,1151.14,26.777103825136614,12.47,34.73,86.73524590163935,15.79032786885246,2.065901639344262
Nadia,2013,Rabi,14.03,18.208333333333332,2.94,36.0,58.26866666666667,13.933,1.8127777777777778
Nadia,2013,Summer,279.42,30.38445652173913,13.54,44.76,49.636413043478264,19.491739130434784,2.3871739130434784
Nadia,2014,Kharif,1006.25,27.280054644808743,11.08,41.71,81.44459016393444,15.847377049180329,1.9635519125683059
Nadia,2014,Rabi,28.09,18.090777777777777,6.72,31.95,61.49377777777777,13.156222222222222,1.6337777777777778
Nadia,2014,Summer,146.72,31.03739130434783,14.73,45.67,46.30402173913044,21.172391304347826,2.2911956521739127
Nadia,2015,Kharif,1280.85,27.584043715846995,16.48,39.04,81.64229508196722,15.719726775956284,1.8550273224043716
Nadia,2015,Rabi,58.14,20.099666666666668,6.92,34.62,55.96744444444444,12.438,1.4275555555555555
Nadia,2015,Summer,261.18,29.305652173913042,13.63,42.81,57.58836956521739,19.758152173913043,2.229673913043478
Nadia,2016,Kharif,1504.45,27.022513661202186,12.01,39.17,84.85841530054645,16.259071038251367,1.858743169398907
Nadia,2016,Rabi,56.07,20.51120879120879,7.73,37.24,58.22681318681319,12.656263736263737,1.416923076923077
Nadia,2016,Summer,304.19,31.10804347826087,17.16,44.93,54.755760869565215,19.631630434782608,2.2806521739130434
Nadia,2017,Kharif,1817.22,26.968579234972676,10.79,36.55,86.65786885245902,15.026284153005465,1.9257377049180329
Nadia,2017,Rabi,63.300000000000004,19.894000000000002,5.2,35.98,62.18355555555555,13.860333333333333,1.5370000000000001
Nadia,2017,Summer,427.47,29.388260869565215,14.29,41.47,60.60739130434783,19.47695652173913,2.2327173913043477
Nadia,2018,Kharif,1074.46,27.272622950819674,14.99,38.55,82.23688524590165,15.817540983606557,1.832622950819672
Nadia,2018,Rabi,34.33,18.157222222222224,5.15,34.56,61.02344444444444,13.461666666666666,1.4653333333333334
Nadia,2018,Summer,410.75,28.416304347826088,15.08,39.18,63.40673913043479,19.06586956521739,1.8955434782608693
Nadia,2019,Kharif,1451.04,27.401092896174863,14.58,39.19,85.52256830601092,15.494098360655737,2.0126229508196722
Nadia,2019,Rabi,87.78,19.254222222222225,5.49,36.24,59.74044444444445,13.461222222222222,1.5536666666666668
Nadia,2019,Summer,274.48,29.97054347826087,13.3,44.53,57.22880434782609,20.32804347826087,2.428369565217391
North 24 Parganas,1997,Kharif,1183.04,27.050874316939893,16.01,36.66,83.8787431693989,16.019344262295082,2.0726775956284156
North 24 Parganas,1997,Rabi,49.18,20.26388888888889,8.53,35.23,53.452000000000005,14.469777777777777,1.7309999999999999
North 24 Parganas,1997,Summer,295.82,29.285652173913046,18.75,42.76,64.04108695652174,21.06967391304348,2.1934782608695653
North 24 Parganas,1998,Kharif,1200.87,27.521475409836068,11.63,40.48,86.2995081967213,15.515136612021857,2.2253005464480875
North 24 Parganas,1998,Rabi,68.59,19.527555555555555,6.88,34.13,62.476,14.561,1.6366666666666667
North 24 Parganas,1998,Summer,292.42,28.925760869565217,13.52,42.23,63.9879347826087,19.795652173913044,2.313586956521739
North 24 Parganas,1999,Kharif,1611.16,26.60213114754098,11.32,38.17,86.64994535519126,15.314972677595629,2.1936065573770493
North 24 Parganas,1999,Rabi,0.97,20.00722222222222,7.22,37.36,59.17111111111111,16.990555555555556,1.6973333333333331
North 24 Parganas,1999,Summer,122.81,30.657608695652176,17.39,43.31,56.26467391304348,21.814021739130435,2.7625
North 24 Parganas,2000,Kharif,1132.68,26.97065573770492,14.37,34.41,85.50983606557377,15.870765027322404,2.0207103825136614
North 24 Parganas,2000,Rabi,36.17,19.428901098901097,7.05,31.95,59.27505494505494,15.622527472527473,1.5572527472527473
North 24 Parganas,2000,Summer,293.64,29.107934782608694,16.6,42.59,64.61032608695652,20.546521739130434,2.4753260869565215
North 24 Parganas,2001,Kharif,1280.25,26.948360655737705,14.25,33.4,88.01322404371585,15.206120218579233,2.0575956284153007
North 24 Parganas,2001,Rabi,10.43,19.35,7.58,35.4,54.871,15.740555555555556,1.5697777777777777
North 24 Parganas,2001,Summer,313.14,30.070978260869566,15.8,41.52,59.4054347826087,20.738478260869567,2.3270652173913042
North 24 Parganas,2002,Kharif,1148.24,26.67229508196721,13.79,34.76,86.44715846994535,15.549125683060108,2.065245901639344
North 24 Parganas,2002,Rabi,18.14,19.833777777777776,7.04,36.49,61.790888888888894,15.309555555555557,1.5281111111111112
North 24 Parganas,2002,Summer,236.31,30.49065217391304,15.44,45.74,58.79945652173913,20.464021739130434,2.5456521739130435
North 24 Parganas,2003,Kharif,1155.74,27.12967213114754,11.97,39.36,85.18469945355191,15.613934426229507,2.175464480874317
North 24 Parganas,2003,Rabi,25.47,19.467888888888886,5.96,34.65,61.34966666666667,14.731444444444444,1.5913333333333333
North 24 Parganas,2003,Summer,220.71,29.98641304347826,13.76,42.69,60.71706521739131,20.97945652173913,2.3690217391304347
North 24 Parganas,2004,Kharif,1276.99,26.609071038251365,14.28,37.31,85.42218579234972,15.468469945355192,2.1779234972677597
North 24 Parganas,2004,Rabi,1.88,19.49692307692308,7.09,36.69,64.01758241758242,15.005054945054946,1.5606593406593408
North 24 Parganas,2004,Summer,132.07,30.64358695652174,14.62,43.75,58.90510869565218,21.51641304347826,2.654891304347826
North 24 Parganas,2005,Kharif,1125.57,27.1155737704918,12.5,40.71,84.30907103825136,15.447377049180327,2.1615300546448086
North 24 Parganas,2005,Rabi,31.59,20.092222222222222,8.07,36.83,64.768,15.182444444444446,1.6923333333333335
North 24 Parganas,2005,Summer,211.45,30.121413043478263,17.23,42.32,63.29891304347826,20.853478260869565,2.452717391304348
North 24 Parganas,2006,Kharif,1264.34,26.92502732240437,11.81,34.16,85.8675956284153,15.285737704918033,2.0039344262295082
North 24 Parganas,2006,Rabi,0.02,20.323,7.4,38.76,60.73877777777778,15.535666666666668,1.5254444444444444
North 24 Parganas,2006,Summer,216.26000000000002,30.260652173913044,16.99,42.0,58.49815217391304,20.42217391304348,2.223478260869565
North 24 Parganas,2007,Kharif,1824.27,26.83568306010929,13.84,36.92,86.78426229508197,15.440983606557376,2.162568306010929
North 24 Parganas,2007,Rabi,55.6,18.910333333333334,7.82,32.27,62.815333333333335,14.137555555555556,1.555777777777778
North 24 Parganas,2007,Summer,124.07,29.730978260869566,13.13,42.14,57.442608695652176,21.235326086956523,2.1717391304347826
North 24 Parganas,2008,Kharif,1274.08,26.608633879781422,11.9,35.53,86.54688524590163,15.70912568306011,2.136775956284153
North 24 Parganas,2008,Rabi,82.08,19.142637362637362,7.1,31.49,68.53164835164836,13.98032967032967,1.451868131868132
North 24 Parganas,2008,Summer,208.99,29.601521739130437,17.36,41.01,63.05869565217391,20.754565217391306,2.0531521739130434
North 24 Parganas,2009,Kharif,1323.32,27.01726775956284,11.88,35.73,85.00737704918033,15.770273224043716,2.0039890710382515
North 24 Parganas,2009,Rabi,10.22,20.569444444444443,7.94,37.41,59.61211111111111,14.662555555555556,1.5073333333333332
North 24 Parganas,2009,Summer,293.98,30.13,15.99,44.0,57.43978260869565,20.601956521739133,2.2070652173913046
North 24 Parganas,2010,Kharif,1128.0,27.541092896174867,15.33,35.83,84.83021857923498,16.083825136612024,1.9391256830601094
North 24 Parganas,2010,Rabi,82.37,19.467666666666666,7.56,33.97,57.979,14.444,1.6861111111111111
North 24 Parganas,2010,Summer,226.29,30.750108695652177,17.32,43.75,62.06326086956521,20.768260869565218,2.7533695652173913
North 24 Parganas,2011,Kharif,1456.42,27.087158469945354,14.43,38.21,84.57808743169399,15.125300546448086,2.009071038251366
North 24 Parganas,2011,Rabi,9.819999999999999,19.75766666666667,6.02,35.16,58.541666666666664,14.342222222222222,1.6435555555555554
North 24 Parganas,2011,Summer,273.06,29.47467391304348,13.79,40.32,62.6758695652174,20.218695652173913,2.287391304347826
North 24 Parganas,2012,Kharif,1008.55,26.88224043715847,9.4,40.94,82.89251366120219,15.774207650273222,2.3571038251366123
North 24 Parganas,2012,Rabi,74.60000000000001,19.263406593406593,5.19,36.21,61.02076923076923,14.087582417582418,1.6732967032967034
North 24 Parganas,2012,Summer,157.67,30.199021739130433,16.68,41.81,58.65478260869565,21.096847826086957,2.4618478260869567
North 24 Parganas,2013,Kharif,1556.95,26.790765027322404,13.11,34.07,87.07109289617486,15.350000000000001,2.133551912568306
North 24 Parganas,2013,Rabi,13.3,19.092111111111112,3.92,35.76,58.028999999999996,14.536777777777777,1.7337777777777776
North 24 Parganas,2013,Summer,296.65,29.998804347826084,13.81,41.86,60.520434782608696,19.791304347826088,2.820760869565217
North 24 Parganas,2014,Kharif,1088.18,27.211092896174865,10.91,40.07,82.96409836065574,15.65967213114754,2.0537704918032786
North 24 Parganas,2014,Rabi,32.08,18.752222222222223,7.41,33.16,62.40477777777778,14.094555555555555,1.6307777777777779
North 24 Parganas,2014,Summer,144.53,30.945978260869566,15.56,43.58,53.97271739130434,21.023369565217394,2.475978260869565
North 24 Parganas,2015,Kharif,1591.2,27.54934426229508,16.42,37.82,82.77032786885246,15.194863387978142,1.9707650273224042
North 24 Parganas,2015,Rabi,64.27,20.49988888888889,7.65,34.96,60.722888888888896,13.059444444444443,1.5232222222222223
North 24 Parganas,2015,Summer,207.97,29.118152173913042,13.69,41.53,63.1445652173913,20.121195652173913,2.283152173913044
North 24 Parganas,2016,Kharif,1841.4199999999998,26.870109289617485,12.02,35.44,86.11803278688525,15.803497267759562,1.8537158469945356
North 24 Parganas,2016,Rabi,87.39,21.19923076923077,8.7,37.48,61.13450549450549,12.952857142857143,1.4275824175824174
North 24 Parganas,2016,Summer,313.58,30.64630434782609,19.38,44.16,63.854456521739124,19.683478260869567,2.439891304347826
North 24 Parganas,2017,Kharif,2368.16,27.07114754098361,11.37,36.19,86.50568306010929,14.869180327868852,1.9500546448087432
North 24 Parganas,2017,Rabi,60.699999999999996,20.233333333333334,5.9,35.15,64.30255555555556,14.364666666666666,1.6013333333333333
North 24 Parganas,2017,Summer,279.9,29.37423913043478,15.04,40.06,66.0970652173913,20.007608695652173,2.469130434782609
North 24 Parganas,2018,Kharif,1447.41,27.241420765027325,14.25,35.69,83.43983606557377,15.396448087431695,1.8714207650273225
North 24 Parganas,2018,Rabi,18.89,18.682444444444446,5.82,35.51,63.086222222222226,14.170444444444444,1.545111111111111
North 24 Parganas,2018,Summer,285.68,29.20097826086957,17.02,39.4,64.17228260869565,19.74717391304348,2.220326086956522
North 24 Parganas,2019,Kharif,1817.74,27.511420765027324,15.16,37.49,85.30726775956283,15.280601092896175,2.0127868852459017
North 24 Parganas,2019,Rabi,165.43,19.897222222222222,5.62,36.4,60.272444444444446,13.780444444444445,1.5671111111111111
North 24 Parganas,2019,Summer,260.03,29.209130434782605,13.37,41.51,67.67891304347826,20.529565217391305,2.5175
Paschim Bardhaman,1997,Kharif,1226.28,26.95311475409836,14.26,42.92,79.31661202185792,16.442295081967213,1.9670491803278687
Paschim Bardhaman,1997,Rabi,59.52,18.064333333333334,6.94,33.98,53.824555555555555,14.330777777777778,1.7086666666666668
Paschim Bardhaman,1997,Summer,139.48,30.161521739130436,14.11,45.36,40.090434782608696,21.280434782608694,1.9953260869565217
Paschim Bardhaman,1998,Kharif,1042.05,27.392513661202184,10.86,47.11,81.5155737704918,16.59103825136612,1.9998907103825139
Paschim Bardhaman,1998,Rabi,94.32,17.327555555555556,5.32,31.16,66.40577777777779,14.467333333333332,1.4977777777777779
Paschim Bardhaman,1998,Summer,170.28,28.85880434782609,10.92,45.98,52.12271739130435,21.491304347826087,2.0309782608695652
Paschim Bardhaman,1999,Kharif,1247.6,26.252732240437158,9.33,43.45,82.34420765027322,16.45431693989071,2.0440437158469944
Paschim Bardhaman,1999,Rabi,0.09,18.137,6.34,34.89,59.37722222222222,17.016444444444446,1.6221111111111113
Paschim Bardhaman,1999,Summer,130.85,30.7475,13.55,47.05,37.937717391304346,23.022282608695654,2.067608695652174
Paschim Bardhaman,2000,Kharif,832.97,26.729016393442624,11.82,39.41,78.51349726775956,16.96224043715847,2.0004371584699454
Paschim Bardhaman,2000,Rabi,39.839999999999996,17.525274725274723,5.33,28.98,56.003296703296705,15.883516483516484,1.54989010989011
Paschim Bardhaman,2000,Summer,177.29,29.31782608695652,11.55,43.83,48.69608695652174,22.383913043478262,2.1029347826086955
Paschim Bardhaman,2001,Kharif,1173.03,26.50333333333333,12.66,37.05,84.55382513661202,16.362295081967215,2.033606557377049
Paschim Bardhaman,2001,Rabi,3.65,18.086333333333332,5.98,35.61,46.125,15.707111111111113,1.6082222222222222
Paschim Bardhaman,2001,Summer,211.54,30.431413043478262,15.45,46.82,41.07228260869565,21.87695652173913,2.0970652173913042
Paschim Bardhaman,2002,Kharif,1022.45,26.550273224043714,11.6,42.08,80.00032786885245,16.47846994535519,1.9383060109289616
Paschim Bardhaman,2002,Rabi,29.84,18.106333333333332,6.67,33.28,61.36633333333334,15.148333333333332,1.4298888888888888
Paschim Bardhaman,2002,Summer,141.46,30.50076086956522,13.84,47.09,45.95847826086957,21.990652173913045,1.9242391304347826
Paschim Bardhaman,2003,Kharif,1027.49,26.984426229508195,9.61,44.06,80.37819672131147,16.38639344262295,2.0081420765027325
Paschim Bardhaman,2003,Rabi,34.62,17.673,4.99,32.19,62.465666666666664,15.19877777777778,1.4886666666666666
Paschim Bardhaman,2003,Summer,147.11,30.124347826086957,10.91,43.85,45.60152173913043,22.389565217391304,1.9084782608695654
Paschim Bardhaman,2004,Kharif,1089.93,26.326065573770492,11.57,38.94,80.65972677595629,16.732622950819675,2.0995628415300547
Paschim Bardhaman,2004,Rabi,11.39,17.627142857142857,6.09,34.11,64.74461538461539,15.051098901098902,1.4242857142857144
Paschim Bardhaman,2004,Summer,131.48,30.982065217391302,12.62,45.47,42.70065217391304,22.66967391304348,1.9822826086956522
Paschim Bardhaman,2005,Kharif,868.65,27.247158469945354,10.63,46.13,76.08158469945356,16.70841530054645,2.0834426229508196
Paschim Bardhaman,2005,Rabi,61.54,18.116777777777777,7.19,33.3,63.28333333333333,14.629,1.5726666666666667
Paschim Bardhaman,2005,Summer,112.4,30.6504347826087,16.02,44.92,46.69804347826087,21.988804347826086,1.921413043478261
Paschim Bardhaman,2006,Kharif,1313.97,26.411803278688524,10.93,39.02,83.33743169398907,16.23650273224044,1.8628415300546446
Paschim Bardhaman,2006,Rabi,0.37,19.197111111111113,6.76,37.91,54.094222222222214,15.661,1.474888888888889
Paschim Bardhaman,2006,Summer,187.23,30.353804347826088,15.29,43.55,45.22021739130435,21.49380434782609,1.9360869565217391
Paschim Bardhaman,2007,Kharif,1612.42,26.503770491803277,11.92,43.42,83.42327868852459,16.31775956284153,2.0801639344262295
Paschim Bardhaman,2007,Rabi,49.230000000000004,16.979666666666667,5.69,30.72,66.90633333333334,14.408333333333333,1.4573333333333334
Paschim Bardhaman,2007,Summer,144.52,29.266739130434782,11.62,43.08,49.75815217391305,22.164891304347826,1.8920652173913042
Paschim Bardhaman,2008,Kharif,1217.1,26.248415300546448,10.8,40.17,83.3996174863388,16.392131147540987,1.8571584699453552
Paschim Bardhaman,2008,Rabi,40.35,17.125714285714285,5.44,29.35,69.73989010989011,13.611648351648352,1.3473626373626373
Paschim Bardhaman,2008,Summer,144.44,29.585760869565217,13.5,42.78,49.35989130434782,21.873260869565218,1.7118478260869565
Paschim Bardhaman,2009,Kharif,1147.6,26.872459016393442,9.94,42.86,78.39945355191257,16.949945355191257,1.9368852459016392
Paschim Bardhaman,2009,Rabi,9.07,18.61266666666667,7.77,34.95,61.45255555555555,14.959,1.3911111111111112
Paschim Bardhaman,2009,Summer,206.91,29.932391304347828,14.13,44.43,41.701195652173915,22.050652173913043,2.012608695652174
Paschim Bardhaman,2010,Kharif,746.93,27.785409836065572,13.75,44.0,76.08994535519125,16.999180327868853,2.0602732240437156
Paschim Bardhaman,2010,Rabi,61.199999999999996,17.675,6.47,32.61,58.826,14.805333333333333,1.5117777777777779
Paschim Bardhaman,2010,Summer,162.0,31.167608695652174,15.63,46.16,44.93565217391304,22.300978260869567,2.0581521739130433
Paschim Bardhaman,2011,Kharif,1496.47,26.5151912568306,12.57,41.15,82.59748633879782,15.922513661202187,1.9395081967213115
Paschim Bardhaman,2011,Rabi,7.629999999999999,18.079555555555558,5.75,34.43,55.46077777777778,14.55788888888889,1.5636666666666665
Paschim Bardhaman,2011,Summer,295.75,29.611847826086954,13.71,41.34,49.20163043478261,21.13891304347826,1.9260869565217391
Paschim Bardhaman,2012,Kharif,1146.39,26.432677595628416,8.42,46.45,79.08874316939891,16.45622950819672,2.0198907103825134
Paschim Bardhaman,2012,Rabi,79.1,16.756153846153847,4.08,32.71,68.53263736263736,14.173406593406593,1.7679120879120878
Paschim Bardhaman,2012,Summer,123.81,29.820217391304347,13.24,44.8,44.397282608695654,22.83445652173913,1.8615217391304346
Paschim Bardhaman,2013,Kharif,1534.78,26.203661202185796,11.77,35.75,85.08792349726777,15.878579234972678,1.943551912568306
Paschim Bardhaman,2013,Rabi,16.02,16.543666666666667,2.11,32.75,65.72155555555555,14.44211111111111,1.8988888888888888
Paschim Bardhaman,2013,Summer,291.13,29.67445652173913,11.38,44.86,45.18152173913043,21.547173913043476,2.163804347826087
Paschim Bardhaman,2014,Kharif,1036.89,26.994098360655737,10.19,43.71,78.09032786885247,16.546393442622954,1.9371584699453552
Paschim Bardhaman,2014,Rabi,44.07,16.452222222222222,5.63,29.37,67.94344444444444,14.03111111111111,1.696222222222222
Paschim Bardhaman,2014,Summer,128.76,29.685,12.96,45.5,46.8095652173913,22.25945652173913,2.051304347826087
Paschim Bardhaman,2015,Kharif,1033.11,27.17639344262295,14.47,45.02,78.05333333333333,16.464918032786883,1.956775956284153
Paschim Bardhaman,2015,Rabi,37.99,18.603555555555555,5.91,33.68,61.39866666666667,13.240777777777778,1.4703333333333335
Paschim Bardhaman,2015,Summer,219.91,29.471739130434784,13.36,44.51,51.65184782608696,21.011304347826087,2.015
Paschim Bardhaman,2016,Kharif,1279.67,26.561857923497268,11.3,43.75,80.99612021857924,16.579398907103826,2.019617486338798
Paschim Bardhaman,2016,Rabi,47.79,19.28912087912088,6.6,36.28,59.67879120879121,13.597142857142856,1.4253846153846155
Paschim Bardhaman,2016,Summer,141.23,31.80576086956522,17.66,46.63,42.52,21.30413043478261,1.9717391304347827
Paschim Bardhaman,2017,Kharif,1765.0,26.900928961748633,10.07,42.93,82.29945355191256,15.625956284153007,1.889071038251366
Paschim Bardhaman,2017,Rabi,8.83,18.535111111111114,5.42,34.58,63.339777777777776,14.672555555555554,1.5057777777777779
Paschim Bardhaman,2017,Summer,219.35,30.075,12.21,42.72,49.272608695652174,21.18413043478261,1.9732608695652174
Paschim Bardhaman,2018,Kharif,1076.99,26.963060109289618,12.65,42.03,78.66191256830601,15.684207650273224,1.9215300546448086
Paschim Bardhaman,2018,Rabi,37.730000000000004,16.936222222222224,4.87,32.36,61.78288888888889,14.529333333333334,1.5675555555555556
Paschim Bardhaman,2018,Summer,200.15,28.842391304347824,14.06,41.78,54.6425,20.83304347826087,1.9440217391304346
Paschim Bardhaman,2019,Kharif,968.71,27.45114754098361,13.58,45.07,79.58967213114754,15.53497267759563,2.074808743169399
Paschim Bardhaman,2019,Rabi,56.650000000000006,17.97811111111111,4.46,34.6,62.31344444444444,13.615666666666668,1.613888888888889
Paschim Bardhaman,2019,Summer,215.73,29.899239130434783,10.87,44.3,48.52739130434783,21.859891304347826,1.9860869565217392
Paschim Medinipur,1997,Kharif,1230.19,27.10792349726776,15.24,41.06,82.7260655737705,16.63136612021858,2.089781420765027
Paschim Medinipur,1997,Rabi,60.02,18.868000000000002,6.95,34.87,62.73288888888889,14.713111111111111,1.624111111111111
Paschim Medinipur,1997,Summer,265.59,29.61836956521739,16.57,44.66,60.07065217391305,21.720108695652176,2.200869565217391
Paschim Medinipur,1998,Kharif,1108.96,27.565409836065577,11.51,45.97,84.54918032786885,16.52934426229508,2.218087431693989
Paschim Medinipur,1998,Rabi,82.29,18.12022222222222,6.13,32.24,70.79777777777778,14.510666666666667,1.4863333333333335
Paschim Medinipur,1998,Summer,244.11,28.940217391304348,12.02,43.93,62.85565217391304,20.77173913043478,2.2871739130434783
Paschim Medinipur,1999,Kharif,1478.42,26.54,9.85,42.99,84.72,16.14857923497268,2.183606557377049
Paschim Medinipur,1999,Rabi,0.02,18.423111111111112,6.33,34.67,66.29966666666667,17.17577777777778,1.551222222222222
Paschim Medinipur,1999,Summer,126.55,30.459021739130435,13.24,46.16,55.240760869565214,22.23,2.4807608695652172
Paschim Medinipur,2000,Kharif,984.79,26.77814207650273,11.44,36.73,83.65486338797814,16.940765027322403,2.0859016393442626
Paschim Medinipur,2000,Rabi,55.23,17.874505494505495,6.2,28.44,66.73923076923077,15.807802197802198,1.464945054945055
Paschim Medinipur,2000,Summer,251.6,28.700760869565215,12.84,41.54,64.46945652173913,21.077499999999997,2.3918478260869565
Paschim Medinipur,2001,Kharif,1254.24,26.835519125683057,13.78,35.32,86.91693989071038,15.93142076502732,2.1588524590163933
Paschim Medinipur,2001,Rabi,8.99,18.096,5.32,35.27,60.09466666666666,15.691888888888888,1.4506666666666668
Paschim Medinipur,2001,Summer,299.64,30.163369565217387,15.97,45.29,57.52858695652174,21.154891304347824,2.3006521739130434
Paschim Medinipur,2002,Kharif,1097.64,26.664480874316943,12.17,40.17,83.85366120218579,16.293551912568304,2.077431693989071
Paschim Medinipur,2002,Rabi,24.51,18.574666666666666,6.32,32.6,68.83044444444444,15.388222222222224,1.3642222222222222
Paschim Medinipur,2002,Summer,196.91,30.312391304347823,13.28,47.81,59.38793478260869,21.304673913043477,2.3996739130434785
Paschim Medinipur,2003,Kharif,1162.43,27.159016393442624,10.35,43.17,83.50715846994535,16.051256830601094,2.2528415300546447
Paschim Medinipur,2003,Rabi,28.71,18.022111111111112,4.32,32.14,69.90211111111111,14.846555555555556,1.498888888888889
Paschim Medinipur,2003,Summer,199.42000000000002,29.92467391304348,11.0,44.68,59.24847826086956,21.520652173913046,2.283152173913044
Paschim Medinipur,2004,Kharif,1208.51,26.52688524590164,12.17,37.68,83.73109289617486,16.386502732240437,2.2070491803278687
Paschim Medinipur,2004,Rabi,4.26,18.062087912087915,5.48,33.45,71.27945054945056,15.16945054945055,1.3715384615384616
Paschim Medinipur,2004,Summer,147.05,30.37760869565217,12.1,45.32,58.52402173913043,22.075326086956522,2.297282608695652
Paschim Medinipur,2005,Kharif,1185.09,27.045191256830602,11.36,44.27,82.15901639344263,16.06994535519126,2.2772131147540984
Paschim Medinipur,2005,Rabi,43.23,18.531,6.27,32.86,71.45866666666666,15.061111111111112,1.4926666666666668
Paschim Medinipur,2005,Summer,211.75,29.906739130434783,15.45,42.82,62.63684782608696,21.38826086956522,2.3904347826086956
Paschim Medinipur,2006,Kharif,1349.32,26.71879781420765,10.72,35.65,85.73830601092897,15.71743169398907,2.0489617486338796
Paschim Medinipur,2006,Rabi,0.02,18.79511111111111,6.56,35.11,67.53911111111111,15.574555555555555,1.3092222222222223
Paschim Medinipur,2006,Summer,212.66,29.6175,13.71,42.54,60.177608695652175,21.001304347826085,2.197173913043478
Paschim Medinipur,2007,Kharif,1689.88,26.74901639344262,12.01,41.03,85.66098360655738,16.099617486338797,2.259945355191257
Paschim Medinipur,2007,Rabi,62.07,17.64188888888889,5.7,30.07,71.27455555555555,14.031666666666666,1.4525555555555554
Paschim Medinipur,2007,Summer,137.53,29.312173913043477,11.17,43.85,59.23021739130435,21.565652173913044,2.0657608695652177
Paschim Medinipur,2008,Kharif,1246.29,26.503551912568305,11.14,38.53,85.7192349726776,16.177213114754096,2.0746448087431695
Paschim Medinipur,2008,Rabi,72.89,17.875824175824178,5.35,28.89,73.36670329670329,13.986043956043956,1.350989010989011
Paschim Medinipur,2008,Summer,194.4,29.058586956521737,15.85,41.37,64.06739130434782,20.98478260869565,1.9618478260869565
Paschim Medinipur,2009,Kharif,1156.9,26.981967213114753,10.29,40.37,82.64639344262295,16.366448087431692,2.047814207650273
Paschim Medinipur,2009,Rabi,3.3499999999999996,19.191,7.6,34.7,67.16788888888888,14.665555555555557,1.3185555555555555
Paschim Medinipur,2009,Summer,276.16,29.872282608695652,13.19,44.17,55.61032608695652,21.08760869565217,2.149782608695652
Paschim Medinipur,2010,Kharif,936.47,27.669234972677597,13.47,42.45,81.80710382513662,16.426448087431694,2.0827868852459015
Paschim Medinipur,2010,Rabi,61.199999999999996,17.93411111111111,6.51,31.88,66.55355555555555,14.602333333333334,1.5324444444444443
Paschim Medinipur,2010,Summer,199.07999999999998,30.766521739130436,15.11,46.49,59.46597826086956,21.08717391304348,2.532391304347826
Paschim Medinipur,2011,Kharif,1397.3,26.859781420765028,13.29,41.06,84.35699453551912,15.561803278688524,2.0493989071038254
Paschim Medinipur,2011,Rabi,15.3,18.307111111111112,5.35,34.26,64.287,14.408555555555555,1.5057777777777779
Paschim Medinipur,2011,Summer,288.74,29.617282608695653,12.22,41.87,60.76336956521739,20.839239130434784,2.223586956521739
Paschim Medinipur,2012,Kharif,973.98,26.815737704918032,9.24,46.28,81.41262295081967,16.312732240437157,2.2880327868852457
Paschim Medinipur,2012,Rabi,97.86,17.77791208791209,4.52,32.51,71.00692307692307,14.275274725274725,1.5751648351648353
Paschim Medinipur,2012,Summer,163.62,29.78358695652174,13.89,43.42,58.1991304347826,21.605108695652174,2.256195652173913
Paschim Medinipur,2013,Kharif,1680.08,26.65573770491803,12.58,36.3,86.04409836065574,15.63551912568306,2.104590163934426
Paschim Medinipur,2013,Rabi,13.84,17.575888888888887,2.9,34.28,66.8578888888889,14.423555555555554,1.7458888888888888
Paschim Medinipur,2013,Summer,274.96,30.113804347826086,11.71,44.45,55.77717391304348,20.554239130434784,2.440108695652174
Paschim Medinipur,2014,Kharif,1136.12,27.05092896174863,10.29,41.18,81.99830601092897,16.024918032786886,2.0455737704918033
Paschim Medinipur,2014,Rabi,54.66,17.09488888888889,5.82,30.04,71.8591111111111,14.21711111111111,1.5968888888888888
Paschim Medinipur,2014,Summer,186.94,29.88326086956522,13.91,45.25,57.10510869565218,20.937717391304346,2.1565217391304348
Paschim Medinipur,2015,Kharif,1159.12,27.313551912568308,15.11,38.55,81.96841530054644,16.067267759562842,2.0539890710382513
Paschim Medinipur,2015,Rabi,57.35,18.943222222222225,5.8,32.6,69.767,13.045555555555554,1.4234444444444443
Paschim Medinipur,2015,Summer,208.72,29.20032608695652,12.58,43.03,61.8075,20.414456521739133,2.308804347826087
Paschim Medinipur,2016,Kharif,1312.83,26.851967213114754,11.85,43.83,83.1355737704918,16.21125683060109,2.0231147540983607
Paschim Medinipur,2016,Rabi,53.31,19.978461538461538,6.49,35.65,68.93098901098901,12.967912087912087,1.365164835164835
Paschim Medinipur,2016,Summer,158.63,31.452282608695654,18.39,46.32,56.69499999999999,19.83326086956522,2.3719565217391305
Paschim Medinipur,2017,Kharif,1665.88,27.12273224043716,10.57,42.06,84.50142076502732,15.443333333333333,1.988087431693989
Paschim Medinipur,2017,Rabi,17.22,18.90877777777778,5.31,32.57,70.25999999999999,14.627,1.4512222222222224
Paschim Medinipur,2017,Summer,220.55,29.643043478260868,13.25,42.6,63.094456521739126,20.86413043478261,2.5425
Paschim Medinipur,2018,Kharif,1195.1200000000001,27.268579234972677,13.19,41.89,81.03628415300547,15.528360655737705,1.9294535519125682
Paschim Medinipur,2018,Rabi,34.51,17.491111111111113,5.07,31.97,67.16188888888888,14.377222222222223,1.4651111111111113
Paschim Medinipur,2018,Summer,222.95000000000002,28.61228260869565,14.97,42.05,66.54858695652175,20.45130434782609,2.2484782608695655
Paschim Medinipur,2019,Kharif,1196.82,27.700000000000003,14.25,43.86,81.88863387978142,15.717158469945353,2.2188524590163934
Paschim Medinipur,2019,Rabi,99.81,18.33577777777778,4.57,33.46,69.28277777777778,13.978,1.4917777777777776
Paschim Medinipur,2019,Summer,213.58,29.27978260869565,12.35,43.46,64.90554347826087,21.03445652173913,2.424891304347826
Purba Bardhaman,1997,Kharif,1112.71,27.054590163934424,14.53,40.72,82.6475956284153,16.431584699453552,2.068360655737705
Purba Bardhaman,1997,Rabi,50.54,19.197222222222223,7.7,35.02,54.35166666666666,13.982777777777779,1.7276666666666667
Purba Bardhaman,1997,Summer,272.7,29.8075,16.25,43.78,55.59108695652174,20.558695652173913,2.1718478260869567
Purba Bardhaman,1998,Kharif,1038.02,27.613551912568305,10.84,45.72,84.55639344262295,16.410437158469946,2.1649180327868853
Purba Bardhaman,1998,Rabi,69.06,18.474555555555558,6.1,33.66,64.31866666666667,14.141666666666667,1.592111111111111
Purba Bardhaman,1998,Summer,271.99,29.187282608695654,12.66,43.01,58.33413043478261,20.305,2.3306521739130432
Purba Bardhaman,1999,Kharif,1418.9,26.6255737704918,9.96,42.99,85.08098360655738,16.16633879781421,2.1663387978142077
Purba Bardhaman,1999,Rabi,0.1,18.82411111111111,6.16,36.03,61.77822222222222,16.62511111111111,1.651
Purba Bardhaman,1999,Summer,119.03,31.02586956521739,15.08,46.24,49.79739130434782,21.273695652173913,2.6125
Purba Bardhaman,2000,Kharif,1054.02,26.89191256830601,12.58,36.06,84.1615300546448,16.694043715846995,2.0043715846994536
Purba Bardhaman,2000,Rabi,38.48,18.15857142857143,5.87,30.09,62.11857142857143,15.278021978021977,1.4573626373626374
Purba Bardhaman,2000,Summer,284.88,29.250434782608696,13.43,42.36,59.55608695652174,20.608478260869564,2.4421739130434785
Purba Bardhaman,2001,Kharif,1149.2,26.90650273224044,13.45,34.25,86.97846994535519,16.237759562841532,2.076120218579235
Purba Bardhaman,2001,Rabi,7.17,18.192,5.61,35.01,56.17044444444445,14.728888888888887,1.4763333333333333
Purba Bardhaman,2001,Summer,307.15,30.21630434782609,15.81,45.17,53.98652173913044,21.156847826086956,2.2806521739130434
Purba Bardhaman,2002,Kharif,1020.93,26.662131147540983,12.94,37.87,85.00180327868853,16.292185792349727,2.0485245901639346
Purba Bardhaman,2002,Rabi,17.77,18.884,6.52,34.74,63.032444444444444,14.548444444444444,1.4875555555555555
Purba Bardhaman,2002,Summer,223.63,30.773804347826086,14.37,46.81,54.208260869565216,20.580760869565218,2.3644565217391302
Purba Bardhaman,2003,Kharif,1036.6,27.232841530054642,10.91,43.17,83.5068306010929,16.097540983606557,2.1547540983606557
Purba Bardhaman,2003,Rabi,24.8,18.479444444444447,4.76,33.61,62.71355555555556,14.480333333333334,1.5543333333333331
Purba Bardhaman,2003,Summer,206.22,30.315217391304348,11.46,44.23,55.31913043478261,21.221739130434784,2.2394565217391302
Purba Bardhaman,2004,Kharif,1147.22,26.597978142076503,13.45,37.17,84.32765027322404,16.60071038251366,2.1715846994535517
Purba Bardhaman,2004,Rabi,2.89,18.462967032967033,5.99,35.92,65.85373626373627,14.557912087912088,1.5105494505494506
Purba Bardhaman,2004,Summer,133.84,31.11978260869565,12.8,45.15,52.815,21.743478260869566,2.4630434782608694
Purba Bardhaman,2005,Kharif,1020.47,27.233825136612023,11.72,44.37,81.96431693989071,16.313715846994533,2.193934426229508
Purba Bardhaman,2005,Rabi,32.84,18.771555555555555,6.55,34.93,68.10088888888889,14.297888888888888,1.5971111111111111
Purba Bardhaman,2005,Summer,194.37,30.497173913043476,15.51,42.78,57.43271739130435,20.99141304347826,2.4165217391304346
Purba Bardhaman,2006,Kharif,1126.02,26.856448087431698,10.76,36.41,85.32016393442623,16.305956284153005,1.9663387978142075
Purba Bardhaman,2006,Rabi,0.11,19.185555555555556,6.25,37.45,62.604222222222226,14.743666666666668,1.4173333333333333
Purba Bardhaman,2006,Summer,214.27,30.34228260869565,14.79,42.97,54.253478260869564,20.81065217391304,2.1708695652173913
Purba Bardhaman,2007,Kharif,1720.38,26.803715846994535,12.6,42.11,86.00344262295081,16.321366120218578,2.2079234972677595
Purba Bardhaman,2007,Rabi,49.14,17.824666666666666,6.06,31.93,65.80988888888889,13.57311111111111,1.5085555555555556
Purba Bardhaman,2007,Summer,132.6,29.910108695652173,12.19,43.3,53.1945652173913,21.18934782608696,2.1069565217391304
Purba Bardhaman,2008,Kharif,1173.29,26.581639344262292,11.27,37.07,85.78109289617487,16.1375956284153,2.053224043715847
Purba Bardhaman,2008,Rabi,67.01,17.99098901098901,5.87,29.94,71.4265934065934,12.95098901098901,1.3778021978021977
Purba Bardhaman,2008,Summer,210.62,29.61336956521739,15.68,41.95,58.37586956521739,20.808804347826086,2.011413043478261
Purba Bardhaman,2009,Kharif,1223.99,26.941748633879783,10.63,39.14,83.78573770491803,16.80109289617486,1.9743715846994536
Purba Bardhaman,2009,Rabi,3.4699999999999998,19.323666666666668,7.0,35.87,62.956,14.066777777777778,1.433888888888889
Purba Bardhaman,2009,Summer,283.23,30.167826086956524,13.98,44.06,51.64217391304348,20.886304347826087,2.1393478260869565
Purba Bardhaman,2010,Kharif,992.8,27.576284153005464,14.22,40.68,83.10005464480874,16.759945355191256,1.9839890710382513
Purba Bardhaman,2010,Rabi,89.29,18.204,6.54,32.93,62.44011111111111,14.27011111111111,1.5835555555555556
Purba Bardhaman,2010,Summer,226.7,31.023152173913044,15.96,46.29,56.7925,20.91163043478261,2.5819565217391305
Purba Bardhaman,2011,Kharif,1379.34,26.934426229508198,13.26,40.81,84.7035519125683,15.83344262295082,2.0217486338797817
Purba Bardhaman,2011,Rabi,12.629999999999999,18.458555555555556,5.49,34.18,61.22877777777778,13.753333333333332,1.560111111111111
Purba Bardhaman,2011,Summer,287.15,29.748260869565218,12.51,41.45,58.27684782608696,20.399891304347825,2.15304347826087
Purba Bardhaman,2012,Kharif,943.97,26.83907103825137,8.44,45.98,81.35519125683061,16.296120218579237,2.2825136612021857
Purba Bardhaman,2012,Rabi,70.69,17.944285714285716,3.95,34.87,65.35648351648351,13.452637362637363,1.6903296703296702
Purba Bardhaman,2012,Summer,162.41,30.333152173913046,14.74,43.54,52.44521739130435,21.77836956521739,2.383586956521739
Purba Bardhaman,2013,Kharif,1429.5,26.695409836065576,12.24,35.59,86.75371584699454,15.988032786885245,2.086174863387978
Purba Bardhaman,2013,Rabi,14.4,17.93311111111111,2.78,35.36,61.15477777777778,13.954444444444446,1.8255555555555556
Purba Bardhaman,2013,Summer,266.4,30.36413043478261,12.72,44.69,52.1754347826087,20.044021739130436,2.4958695652173915
Purba Bardhaman,2014,Kharif,1040.55,27.155081967213114,10.0,42.48,81.86628415300547,16.31245901639344,2.0418032786885245
Purba Bardhaman,2014,Rabi,36.17,17.262555555555558,6.14,30.1,67.84544444444444,13.370333333333333,1.6432222222222221
Purba Bardhaman,2014,Summer,136.53,30.64271739130435,14.41,45.69,50.49967391304348,21.277065217391304,2.343695652173913
Purba Bardhaman,2015,Kharif,1276.27,27.470983606557375,15.29,38.72,81.82989071038251,16.117267759562843,1.9517486338797816
Purba Bardhaman,2015,Rabi,54.9,19.624444444444446,6.37,34.55,60.85655555555556,12.610555555555557,1.5113333333333334
Purba Bardhaman,2015,Summer,219.85,29.54608695652174,13.55,43.12,57.886413043478264,20.057608695652174,2.356086956521739
Purba Bardhaman,2016,Kharif,1287.76,26.978852459016395,11.78,42.3,83.84349726775956,16.669234972677593,1.941693989071038
Purba Bardhaman,2016,Rabi,74.16,20.23,7.12,36.49,62.081648351648354,12.86010989010989,1.4409890109890109
Purba Bardhaman,2016,Summer,197.01,31.49423913043478,17.7,45.57,55.18565217391304,19.996195652173913,2.3554347826086954
Purba Bardhaman,2017,Kharif,1703.95,27.144863387978145,10.57,41.07,85.13737704918033,15.459071038251368,1.9837158469945355
Purba Bardhaman,2017,Rabi,26.889999999999997,19.348555555555556,4.95,34.59,65.16366666666667,14.161,1.5915555555555556
Purba Bardhaman,2017,Summer,203.91,30.289456521739133,14.03,42.52,57.28141304347827,20.06826086956522,2.522934782608696
Purba Bardhaman,2018,Kharif,1057.03,27.281857923497267,13.41,40.36,81.48535519125683,15.760491803278688,1.9024043715846994
Purba Bardhaman,2018,Rabi,26.44,17.63811111111111,5.08,33.31,64.20444444444443,13.594333333333333,1.5459999999999998
Purba Bardhaman,2018,Summer,204.59,29.244456521739128,14.76,41.99,60.18902173913044,19.699239130434783,2.243478260869565
Purba Bardhaman,2019,Kharif,1093.94,27.83622950819672,14.74,43.77,81.80092896174864,15.777650273224044,2.1411475409836065
Purba Bardhaman,2019,Rabi,108.19000000000001,19.039555555555555,4.97,35.43,61.40155555555556,13.447333333333333,1.5904444444444443
Purba Bardhaman,2019,Summer,207.67,29.930326086956523,12.7,44.05,59.645434782608696,20.899565217391306,2.545434782608696
Purba Medinipur,1997,Kharif,1273.32,27.496775956284154,16.92,38.65,82.14896174863388,16.278524590163933,2.7686885245901642
Purba Medinipur,1997,Rabi,56.54,19.912666666666667,8.06,33.59,65.57944444444443,14.32311111111111,2.1484444444444444
Purba Medinipur,1997,Summer,271.08,29.379021739130433,18.83,41.54,65.91641304347827,20.585760869565217,3.0786956521739133
Purba Medinipur,1998,Kharif,1235.5,27.78945355191257,12.59,43.3,84.74754098360656,16.025901639344262,3.030163934426229
Purba Medinipur,1998,Rabi,74.27,19.28322222222222,7.55,32.12,71.17644444444444,13.920777777777776,1.9945555555555554
Purba Medinipur,1998,Summer,240.59,29.104999999999997,14.09,40.28,66.6608695652174,21.638369565217392,3.1415217391304346
Purba Medinipur,1999,Kharif,1533.22,26.825573770491804,11.28,39.88,84.39453551912568,16.114590163934427,2.9586338797814205
Purba Medinipur,1999,Rabi,0.03,19.34422222222222,7.86,34.49,67.88455555555555,16.571555555555555,2.0620000000000003
Purba Medinipur,1999,Summer,131.56,30.115,15.15,43.61,61.6841304347826,21.88923913043478,3.465
Purba Medinipur,2000,Kharif,1075.0,27.137322404371584,13.71,35.03,83.42180327868853,16.58,2.844754098360656
Purba Medinipur,2000,Rabi,67.8,19.002087912087912,7.83,28.92,68.0968131868132,15.63967032967033,1.9836263736263735
Purba Medinipur,2000,Summer,249.29999999999998,28.731521739130436,15.89,40.42,68.76054347826087,21.60945652173913,3.3466304347826084
Purba Medinipur,2001,Kharif,1337.6,27.17081967213115,15.28,34.29,86.20633879781421,15.659781420765027,2.9081967213114757
Purba Medinipur,2001,Rabi,11.75,19.139,6.7,35.08,63.56122222222223,16.108555555555554,1.9337777777777776
Purba Medinipur,2001,Summer,306.13,29.99021739130435,18.1,41.78,63.49782608695652,21.275,3.180434782608696
Purba Medinipur,2002,Kharif,1128.97,27.05131147540984,13.46,39.2,83.10524590163935,16.30486338797814,2.8559562841530055
Purba Medinipur,2002,Rabi,24.34,19.754444444444445,7.7,32.85,69.72311111111111,15.752777777777778,1.8405555555555557
Purba Medinipur,2002,Summer,179.24,30.08521739130435,15.31,46.99,64.36108695652175,21.405760869565217,3.4628260869565217
Purba Medinipur,2003,Kharif,1261.88,27.432349726775957,12.68,40.7,83.23377049180328,16.35071038251366,3.0651366120218575
Purba Medinipur,2003,Rabi,30.64,19.000888888888888,5.65,31.78,71.56733333333334,14.994444444444444,2.086888888888889
Purba Medinipur,2003,Summer,192.46,29.796739130434784,13.44,43.04,64.16076086956522,21.625217391304346,3.210434782608696
Purba Medinipur,2004,Kharif,1261.53,26.89874316939891,13.64,35.98,83.14322404371585,16.56136612021858,2.938852459016393
Purba Medinipur,2004,Rabi,3.6999999999999997,19.15934065934066,7.08,33.14,71.91197802197802,15.509560439560438,1.796043956043956
Purba Medinipur,2004,Summer,157.10999999999999,29.96391304347826,15.15,43.57,64.45532608695653,21.69086956521739,3.260869565217391
Purba Medinipur,2005,Kharif,1381.02,27.207814207650273,13.02,39.94,82.91273224043717,15.538524590163936,3.0058469945355193
Purba Medinipur,2005,Rabi,36.89,19.643444444444444,7.7,33.33,71.88622222222223,15.530333333333333,2.0672222222222225
Purba Medinipur,2005,Summer,224.95,29.79630434782609,18.27,40.75,67.01880434782608,21.148260869565217,3.3769565217391304
Purba Medinipur,2006,Kharif,1427.77,27.127322404371586,12.37,34.19,84.79393442622951,15.640983606557379,2.8408743169398907
Purba Medinipur,2006,Rabi,0.0,19.838,7.79,35.56,69.11955555555556,15.894888888888888,1.7776666666666667
Purba Medinipur,2006,Summer,198.22,29.657826086956522,16.16,41.14,63.82434782608696,21.016739130434782,3.1118478260869566
Purba Medinipur,2007,Kharif,1743.89,27.095191256830603,13.18,36.67,84.83196721311475,16.217322404371586,3.0070491803278685
Purba Medinipur,2007,Rabi,71.55,18.78922222222222,7.81,30.04,71.84044444444444,14.484,2.005
Purba Medinipur,2007,Summer,133.23,29.386413043478264,13.62,41.6,63.069673913043474,21.77413043478261,2.9131521739130433
Purba Medinipur,2008,Kharif,1304.84,26.918633879781417,12.45,36.32,84.72546448087432,16.24825136612022,2.8804371584699453
Purba Medinipur,2008,Rabi,85.47,19.00802197802198,6.98,29.39,73.41978021978022,14.578021978021978,1.8454945054945056
Purba Medinipur,2008,Summer,187.44,29.13923913043478,18.69,40.26,67.83619565217391,20.847282608695654,2.7732608695652172
Purba Medinipur,2009,Kharif,1186.84,27.33726775956284,11.73,39.48,82.2916393442623,16.036284153005465,2.779781420765027
Purba Medinipur,2009,Rabi,2.24,20.446555555555555,9.02,35.38,67.41588888888889,14.992555555555555,1.7475555555555555
Purba Medinipur,2009,Summer,262.37,29.92891304347826,15.41,43.44,60.79358695652174,20.9925,3.016086956521739
Purba Medinipur,2010,Kharif,1024.92,27.961584699453553,15.7,39.24,81.91267759562842,16.5924043715847,2.7354644808743167
Purba Medinipur,2010,Rabi,48.76,19.016444444444446,7.95,32.53,67.18966666666667,14.884222222222222,2.0654444444444446
Purba Medinipur,2010,Summer,192.36,30.630543478260872,16.9,44.17,64.38076086956521,21.018478260869564,3.6103260869565217
Purba Medinipur,2011,Kharif,1347.48,27.268032786885247,14.89,38.97,83.18207650273224,15.75672131147541,2.719398907103825
Purba Medinipur,2011,Rabi,23.919999999999998,19.231555555555556,6.56,33.27,66.66955555555556,14.587333333333332,2.0355555555555553
Purba Medinipur,2011,Summer,259.83,29.367717391304346,13.16,40.71,65.16076086956522,20.895,3.2317391304347827
Purba Medinipur,2012,Kharif,938.0,27.098087431693987,10.96,42.96,81.55803278688525,16.25136612021858,3.0923497267759563
Purba Medinipur,2012,Rabi,106.92,19.00120879120879,6.53,32.84,70.71846153846154,14.780329670329671,2.0425274725274725
Purba Medinipur,2012,Summer,154.99,29.812065217391304,15.82,40.76,63.44695652173913,21.236630434782608,3.186086956521739
Purba Medinipur,2013,Kharif,1769.87,27.05448087431694,13.82,34.55,84.74256830601092,16.150382513661203,2.8831147540983606
Purba Medinipur,2013,Rabi,12.36,18.737222222222222,4.99,33.88,66.39977777777777,14.783,2.2214444444444443
Purba Medinipur,2013,Summer,256.99,29.92369565217391,13.07,41.59,61.47010869565217,20.20054347826087,3.5199999999999996
Purba Medinipur,2014,Kharif,1251.88,27.40098360655738,11.89,37.87,81.6544262295082,16.031311475409836,2.739289617486339
Purba Medinipur,2014,Rabi,64.08,18.18911111111111,7.12,30.9,71.87299999999999,14.620444444444443,2.1374444444444447
Purba Medinipur,2014,Summer,250.42,30.03608695652174,15.81,43.05,61.19184782608695,21.193478260869565,3.009891304347826
Purba Medinipur,2015,Kharif,1374.0,27.69846994535519,16.2,35.86,81.33344262295083,16.17464480874317,2.67
Purba Medinipur,2015,Rabi,68.47,19.914,7.17,31.81,70.74600000000001,13.328,1.941
Purba Medinipur,2015,Summer,226.34,28.99402173913043,14.13,41.72,66.735,20.461521739130436,3.1655434782608696
Purba Medinipur,2016,Kharif,1490.57,27.12666666666667,12.85,39.17,82.73448087431694,16.46054644808743,2.6527868852459013
Purba Medinipur,2016,Rabi,66.86,20.947032967032968,8.43,35.56,71.07868131868132,13.312307692307693,1.7898901098901099
Purba Medinipur,2016,Summer,215.36,30.811304347826084,20.28,43.12,63.15347826086956,19.871413043478263,3.3681521739130433
Purba Medinipur,2017,Kharif,1750.67,27.444808743169396,12.01,37.92,83.82721311475409,15.811202185792348,2.714699453551913
Purba Medinipur,2017,Rabi,27.12,19.746000000000002,6.94,32.1,71.60755555555556,14.859555555555554,1.9057777777777778
Purba Medinipur,2017,Summer,278.62,29.180978260869566,15.3,39.93,69.24489130434782,20.981521739130436,3.4669565217391303
Purba Medinipur,2018,Kharif,1375.52,27.628196721311475,14.41,39.94,80.64262295081967,15.895956284153005,2.543005464480874
Purba Medinipur,2018,Rabi,31.57,18.46911111111111,6.49,32.76,68.29922222222223,14.713666666666667,1.930111111111111
Purba Medinipur,2018,Summer,294.64,28.696195652173916,17.58,39.5,70.01717391304348,20.53,3.1
Purba Medinipur,2019,Kharif,1579.8899999999999,27.799016393442624,15.64,41.63,82.60300546448087,15.932459016393443,2.903333333333333
Purba Medinipur,2019,Rabi,130.29000000000002,19.165444444444447,6.05,33.15,70.40244444444444,14.314333333333334,1.953111111111111
Purba Medinipur,2019,Summer,250.94,28.97641304347826,14.22,40.11,70.46521739130435,21.04358695652174,3.2577173913043476
Purulia,1997,Kharif,1338.84,26.420109289617486,14.03,42.91,79.04939890710384,16.442295081967213,1.8518032786885246
Purulia,1997,Rabi,65.84,17.27011111111111,5.45,34.38,54.748999999999995,14.330777777777778,1.6043333333333332
Purulia,1997,Summer,89.53,29.839130434782607,13.77,44.7,35.020434782608696,21.280434782608694,1.9000000000000001
Purulia,1998,Kharif,1089.37,26.86153005464481,9.81,46.85,81.11546448087431,16.59103825136612,1.8867759562841528
Purulia,1998,Rabi,105.95,16.712777777777777,4.24,30.44,66.45533333333333,14.467333333333332,1.4386666666666665
Purulia,1998,Summer,162.68,28.33021739130435,10.25,46.0,49.60478260869566,21.491304347826087,1.8670652173913045
Purulia,1999,Kharif,1284.28,25.639344262295083,9.19,42.77,82.22655737704919,16.45431693989071,1.93448087431694
Purulia,1999,Rabi,0.19,17.533,5.51,34.83,58.94233333333334,17.016444444444446,1.5594444444444444
Purulia,1999,Summer,118.43,30.301086956521736,12.56,46.68,31.9704347826087,23.022282608695654,2.0441304347826086
Purulia,2000,Kharif,846.25,26.17907103825137,12.22,40.2,77.46732240437159,16.96224043715847,1.930983606557377
Purulia,2000,Rabi,34.47,16.966263736263738,4.99,29.44,54.23714285714286,15.883516483516484,1.5529670329670329
Purulia,2000,Summer,126.82,29.5295652173913,11.67,44.8,41.160000000000004,22.383913043478262,1.985108695652174
Purulia,2001,Kharif,1181.21,25.891803278688524,12.23,38.35,84.26579234972677,16.362295081967215,1.9301092896174863
Purulia,2001,Rabi,4.6899999999999995,17.768666666666668,5.76,35.67,43.95944444444444,15.707111111111113,1.6343333333333334
Purulia,2001,Summer,158.81,30.262608695652172,14.94,46.33,36.34130434782609,21.87695652173913,2.0194565217391305
Purulia,2002,Kharif,1052.42,26.056448087431693,10.42,42.43,78.76191256830602,16.47846994535519,1.866502732240437
Purulia,2002,Rabi,36.74,17.822222222222223,5.82,33.69,58.653444444444446,15.148333333333332,1.4325555555555556
Purulia,2002,Summer,102.83,30.410434782608693,13.37,46.79,39.782391304347826,21.990652173913045,1.9167391304347827
Purulia,2003,Kharif,1153.94,26.47136612021858,9.7,44.7,79.69251366120218,16.38639344262295,1.8936065573770493
Purulia,2003,Rabi,37.97,17.094333333333335,4.41,31.94,62.525555555555556,15.19877777777778,1.454222222222222
Purulia,2003,Summer,121.02,29.80163043478261,10.43,44.26,40.429021739130434,22.389565217391304,1.8393478260869565
Purulia,2004,Kharif,1114.89,25.78562841530055,10.86,39.29,79.76748633879782,16.732622950819675,1.981256830601093
Purulia,2004,Rabi,14.83,16.88923076923077,5.34,33.08,65.20791208791209,15.051098901098902,1.354065934065934
Purulia,2004,Summer,111.58,30.441195652173914,11.94,45.33,40.081304347826084,22.66967391304348,1.9175
Purulia,2005,Kharif,829.12,26.783224043715848,9.99,45.76,74.49967213114755,16.70841530054645,1.978360655737705
Purulia,2005,Rabi,77.16,17.744222222222223,6.93,33.16,60.495666666666665,14.629,1.5548888888888888
Purulia,2005,Summer,67.1,30.542826086956524,15.92,45.39,39.915652173913045,21.988804347826086,1.8145652173913043
Purulia,2006,Kharif,1442.29,25.791475409836067,10.85,37.61,83.24071038251365,16.23650273224044,1.8218032786885245
Purulia,2006,Rabi,0.18,18.961111111111112,6.93,37.8,50.45855555555556,15.661,1.5854444444444444
Purulia,2006,Summer,169.12,30.049565217391304,14.63,43.57,41.081739130434784,21.49380434782609,1.9251086956521741
Purulia,2007,Kharif,1503.8,26.008961748633883,11.29,44.51,82.3568306010929,16.31775956284153,2.010054644808743
Purulia,2007,Rabi,56.52,16.676,5.39,30.66,64.78444444444445,14.408333333333333,1.4971111111111113
Purulia,2007,Summer,123.48,28.977065217391303,11.08,42.66,46.458260869565216,22.164891304347826,1.8607608695652174
Purulia,2008,Kharif,1287.98,25.657868852459018,9.85,40.21,83.13868852459017,16.392131147540987,1.7495628415300548
Purulia,2008,Rabi,40.230000000000004,16.72087912087912,5.56,30.03,67.74219780219781,13.611648351648352,1.3514285714285714
Purulia,2008,Summer,105.87,29.49576086956522,13.12,43.67,43.59728260869565,21.873260869565218,1.7672826086956521
Purulia,2009,Kharif,1088.36,26.383551912568304,9.47,42.98,77.00426229508197,16.949945355191257,1.8701639344262295
Purulia,2009,Rabi,11.93,18.379444444444445,7.6,34.98,59.04566666666666,14.959,1.4377777777777778
Purulia,2009,Summer,163.01,29.679021739130434,13.88,44.84,37.39,22.050652173913043,2.0883695652173913
Purulia,2010,Kharif,737.33,27.400437158469945,13.32,44.88,74.42207650273224,16.999180327868853,1.9931693989071038
Purulia,2010,Rabi,46.8,17.402555555555555,5.89,33.01,56.203111111111106,14.805333333333333,1.4687777777777777
Purulia,2010,Summer,102.55,31.2975,15.58,45.47,37.164891304347826,22.300978260869567,2.095108695652174
Purulia,2011,Kharif,1529.91,25.943934426229507,11.36,41.6,82.21300546448087,15.922513661202187,1.896120218579235
Purulia,2011,Rabi,12.56,17.51077777777778,4.68,33.98,55.431555555555555,14.55788888888889,1.5056666666666665
Purulia,2011,Summer,191.12,29.631521739130434,12.95,42.16,43.17652173913043,21.13891304347826,1.8636956521739132
Purulia,2012,Kharif,1189.28,25.951256830601093,8.28,46.32,78.14748633879782,16.45622950819672,1.915792349726776
Purulia,2012,Rabi,81.14,16.40714285714286,3.27,32.42,67.32296703296704,14.173406593406593,1.7237362637362637
Purulia,2012,Summer,93.97,29.691413043478263,12.95,44.72,38.979565217391304,22.83445652173913,1.788913043478261
Purulia,2013,Kharif,1417.5,25.6375956284153,10.83,36.1,84.33153005464482,15.878579234972678,1.837978142076503
Purulia,2013,Rabi,17.92,16.096111111111114,1.9,31.97,65.27588888888889,14.44211111111111,1.7694444444444444
Purulia,2013,Summer,205.53,29.414891304347826,10.89,44.89,41.26358695652174,21.547173913043476,2.24195652173913
Purulia,2014,Kharif,1003.9,26.51169398907104,10.13,44.06,76.81677595628415,16.546393442622954,1.8168852459016394
Purulia,2014,Rabi,59.3,16.102333333333334,4.75,29.49,66.63377777777778,14.03111111111111,1.6381111111111113
Purulia,2014,Summer,114.1,29.19586956521739,12.35,44.42,44.11163043478261,22.25945652173913,2.1142391304347825
Purulia,2015,Kharif,1032.09,26.61327868852459,14.19,44.96,77.08781420765027,16.464918032786883,1.8595081967213116
Purulia,2015,Rabi,33.36,18.21011111111111,5.1,34.76,59.123333333333335,13.240777777777778,1.4525555555555554
Purulia,2015,Summer,194.92000000000002,29.26108695652174,12.93,44.2,46.99586956521739,21.011304347826087,1.9173913043478261
Purulia,2016,Kharif,1377.11,25.976010928961745,10.76,44.55,80.62071038251366,16.579398907103826,1.9465027322404371
Purulia,2016,Rabi,30.349999999999998,18.78901098901099,5.86,35.99,57.49417582417583,13.597142857142856,1.4426373626373628
Purulia,2016,Summer,111.06,31.673478260869565,17.01,46.02,36.57945652173913,21.30413043478261,1.9514130434782608
Purulia,2017,Kharif,1761.07,26.447868852459017,9.59,43.96,81.08114754098361,15.625956284153007,1.7771038251366118
Purulia,2017,Rabi,3.26,18.140777777777778,5.2,35.39,60.78411111111111,14.672555555555554,1.4864444444444445
Purulia,2017,Summer,177.66,30.084673913043478,11.69,43.87,43.034239130434784,21.18413043478261,1.891304347826087
Purulia,2018,Kharif,1121.55,26.438251366120216,11.44,42.1,77.94333333333333,15.684207650273224,1.8731693989071039
Purulia,2018,Rabi,47.74,16.622,4.35,33.2,58.98588888888889,14.529333333333334,1.5405555555555557
Purulia,2018,Summer,182.74,28.991304347826084,14.51,42.0,48.05836956521739,20.83304347826087,1.8928260869565217
Purulia,2019,Kharif,1155.45,26.744535519125684,12.78,44.58,80.16065573770491,15.53497267759563,1.9754098360655739
Purulia,2019,Rabi,51.6,17.299444444444443,3.62,34.52,62.498222222222225,13.615666666666668,1.5405555555555557
Purulia,2019,Summer,195.26,29.707065217391307,9.95,44.57,42.77032608695652,21.859891304347826,1.7745652173913042
South 24 Parganas,1997,Kharif,1257.47,27.565464480874315,18.69,35.03,82.5156830601093,16.019344262295082,3.095245901639344
South 24 Parganas,1997,Rabi,47.61,20.78811111111111,10.49,32.79,61.860777777777784,14.469777777777777,2.4481111111111113
South 24 Parganas,1997,Summer,281.33,28.93184782608696,20.64,39.73,69.80347826086957,21.06967391304348,3.2734782608695654
South 24 Parganas,1998,Kharif,1402.65,27.85950819672131,14.66,38.87,85.4377049180328,15.515136612021857,3.3566666666666665
South 24 Parganas,1998,Rabi,66.2,20.337333333333333,9.39,31.75,66.40733333333333,14.561,2.287666666666667
South 24 Parganas,1998,Summer,271.39,28.83608695652174,16.59,38.65,69.07195652173912,19.795652173913044,3.3466304347826084
South 24 Parganas,1999,Kharif,1720.53,27.025355191256832,14.12,36.98,84.63306010928962,15.314972677595629,3.302677595628415
South 24 Parganas,1999,Rabi,0.27,20.50133333333333,9.89,35.18,63.81977777777777,16.990555555555556,2.349666666666667
South 24 Parganas,1999,Summer,121.28999999999999,29.821195652173916,17.82,39.06,65.28576086956522,21.814021739130435,3.818586956521739
South 24 Parganas,2000,Kharif,1155.61,27.418415300546446,16.59,33.5,83.51306010928961,15.870765027322404,3.11120218579235
South 24 Parganas,2000,Rabi,47.07,20.124945054945055,9.62,29.33,63.73582417582418,15.622527472527473,2.186043956043956
South 24 Parganas,2000,Summer,279.1,28.669565217391302,17.87,40.33,70.81195652173913,20.546521739130434,3.574891304347826
South 24 Parganas,2001,Kharif,1370.26,27.372513661202188,17.13,32.9,86.18174863387978,15.206120218579233,3.1444262295081966
South 24 Parganas,2001,Rabi,10.66,20.182666666666666,8.48,33.0,60.563222222222215,15.740555555555556,2.1702222222222223
South 24 Parganas,2001,Summer,308.73,29.69663043478261,19.18,38.45,66.44521739130435,20.738478260869567,3.382608695652174
South 24 Parganas,2002,Kharif,1219.15,27.178524590163935,15.99,35.18,84.22459016393442,15.549125683060108,3.1397814207650274
South 24 Parganas,2002,Rabi,20.19,20.696666666666665,9.1,33.1,65.30744444444444,15.309555555555557,2.0625555555555555
South 24 Parganas,2002,Summer,212.88,29.686195652173915,17.7,44.3,67.32076086956522,20.464021739130434,3.6757608695652175
South 24 Parganas,2003,Kharif,1271.49,27.525846994535517,14.78,37.04,83.87584699453552,15.613934426229507,3.2979234972677594
South 24 Parganas,2003,Rabi,27.2,20.05166666666667,8.31,32.27,66.67577777777777,14.731444444444444,2.2654444444444444
South 24 Parganas,2003,Summer,216.48000000000002,29.439239130434782,15.37,39.9,67.24717391304348,20.97945652173913,3.3686956521739133
South 24 Parganas,2004,Kharif,1334.51,27.147377049180328,16.76,35.02,83.13808743169399,15.468469945355192,3.251693989071038
South 24 Parganas,2004,Rabi,2.0100000000000002,20.15879120879121,9.03,33.99,67.83725274725275,15.005054945054946,2.093956043956044
South 24 Parganas,2004,Summer,141.79,29.670108695652175,17.2,40.98,67.8911956521739,21.51641304347826,3.6519565217391308
South 24 Parganas,2005,Kharif,1340.99,27.410109289617488,15.51,37.0,83.45830601092896,15.447377049180327,3.265191256830601
South 24 Parganas,2005,Rabi,34.02,20.680888888888887,10.61,33.74,68.4211111111111,15.182444444444446,2.3514444444444442
South 24 Parganas,2005,Summer,231.95,29.554565217391303,19.86,39.12,70.0358695652174,20.853478260869565,3.6066304347826086
South 24 Parganas,2006,Kharif,1441.47,27.38983606557377,14.4,33.57,84.47,15.285737704918033,3.0846994535519126
South 24 Parganas,2006,Rabi,0.0,20.890333333333334,9.47,36.22,65.75033333333333,15.535666666666668,2.086888888888889
South 24 Parganas,2006,Summer,214.76,29.70619565217391,18.63,39.32,65.3470652173913,20.42217391304348,3.3280434782608697
South 24 Parganas,2007,Kharif,1819.7,27.342131147540982,15.83,34.29,84.58103825136612,15.440983606557376,3.270928961748634
South 24 Parganas,2007,Rabi,62.49,19.74711111111111,10.13,30.45,67.22955555555555,14.137555555555556,2.229222222222222
South 24 Parganas,2007,Summer,122.9,29.28478260869565,15.41,38.99,64.82489130434783,21.235326086956523,3.13945652173913
South 24 Parganas,2008,Kharif,1336.19,27.124153005464482,14.66,34.0,84.54661202185792,15.70912568306011,3.266448087431694
South 24 Parganas,2008,Rabi,85.35,19.94,9.82,29.72,70.19527472527471,13.98032967032967,2.02043956043956
South 24 Parganas,2008,Summer,201.29,29.10141304347826,19.72,38.37,69.8738043478261,20.754565217391306,3.015869565217391
South 24 Parganas,2009,Kharif,1273.82,27.5524043715847,14.48,35.56,82.7932786885246,15.770273224043716,3.0580327868852457
South 24 Parganas,2009,Rabi,5.07,21.354555555555557,11.08,35.71,64.11944444444444,14.662555555555556,1.9700000000000002
South 24 Parganas,2009,Summer,284.82,29.745326086956524,17.5,41.11,64.47391304347826,20.601956521739133,3.202826086956522
South 24 Parganas,2010,Kharif,1110.44,28.031475409836066,17.46,35.08,82.83672131147542,16.083825136612024,2.9412021857923496
South 24 Parganas,2010,Rabi,58.63,20.12333333333333,10.24,32.49,62.865111111111105,14.444,2.3364444444444445
South 24 Parganas,2010,Summer,201.46,30.22054347826087,18.9,40.36,68.68173913043479,20.768260869565218,3.956413043478261
South 24 Parganas,2011,Kharif,1440.47,27.556448087431693,16.94,36.89,82.59092896174863,15.125300546448086,2.990327868852459
South 24 Parganas,2011,Rabi,14.32,20.234888888888886,7.98,31.83,63.83433333333333,14.342222222222222,2.264222222222222
South 24 Parganas,2011,Summer,255.74,29.049239130434785,14.94,37.9,68.25663043478261,20.218695652173913,3.460434782608696
South 24 Parganas,2012,Kharif,981.07,27.222950819672132,12.33,38.45,82.28311475409836,15.774207650273222,3.491967213114754
South 24 Parganas,2012,Rabi,92.69000000000001,19.954505494505494,8.52,33.51,66.62648351648352,14.087582417582418,2.3114285714285714
South 24 Parganas,2012,Summer,158.26,29.66586956521739,17.99,38.0,66.58880434782608,21.096847826086957,3.5256521739130435
South 24 Parganas,2013,Kharif,1703.26,27.293442622950817,14.95,32.99,84.6487431693989,15.350000000000001,3.24551912568306
South 24 Parganas,2013,Rabi,13.11,19.619666666666667,7.38,33.66,63.92211111111111,14.536777777777777,2.433888888888889
South 24 Parganas,2013,Summer,258.16,29.45097826086956,14.81,38.74,67.03695652173913,19.791304347826088,4.009782608695652
South 24 Parganas,2014,Kharif,1173.37,27.667540983606557,13.39,36.32,81.52218579234973,15.65967213114754,3.1051912568306013
South 24 Parganas,2014,Rabi,44.18,19.281,9.04,31.13,67.31188888888889,14.094555555555555,2.3485555555555555
South 24 Parganas,2014,Summer,184.61,30.202282608695654,16.93,40.85,62.617717391304346,21.023369565217394,3.459565217391304
South 24 Parganas,2015,Kharif,1577.6100000000001,27.95918032786885,17.81,34.92,81.19775956284153,15.194863387978142,2.9710382513661204
South 24 Parganas,2015,Rabi,63.84,20.84577777777778,9.33,32.11,66.91311111111112,13.059444444444443,2.186777777777778
South 24 Parganas,2015,Summer,213.96,28.866086956521738,15.72,38.73,68.90326086956522,20.121195652173913,3.390434782608696
South 24 Parganas,2016,Kharif,1606.78,27.39464480874317,14.64,34.85,82.96743169398907,15.803497267759562,2.8676502732240436
South 24 Parganas,2016,Rabi,89.07,21.704945054945057,10.96,34.75,67.8410989010989,12.952857142857143,1.9521978021978024
South 24 Parganas,2016,Summer,227.05,30.19282608695652,21.72,41.67,68.4825,19.683478260869567,3.604347826086957
South 24 Parganas,2017,Kharif,1970.85,27.695683060109292,13.41,35.17,83.56699453551913,14.869180327868852,3.035573770491803
South 24 Parganas,2017,Rabi,37.64,20.567444444444444,8.6,32.55,69.46855555555555,14.364666666666666,2.1983333333333333
South 24 Parganas,2017,Summer,245.32999999999998,28.965434782608696,17.55,37.74,71.48228260869566,20.007608695652173,3.6696739130434786
South 24 Parganas,2018,Kharif,1502.47,27.836120218579236,16.2,36.8,80.8303825136612,15.396448087431695,2.8433333333333337
South 24 Parganas,2018,Rabi,18.89,19.40688888888889,8.08,32.73,65.82522222222222,14.170444444444444,2.2065555555555556
South 24 Parganas,2018,Summer,264.62,28.872065217391306,18.85,36.4,69.92945652173913,19.74717391304348,3.3915217391304346
South 24 Parganas,2019,Kharif,1815.1299999999999,27.98136612021858,17.44,39.73,82.75131147540984,15.280601092896175,3.107595628415301
South 24 Parganas,2019,Rabi,166.88,20.153444444444442,8.12,33.84,66.55644444444444,13.780444444444445,2.1777777777777776
South 24 Parganas,2019,Summer,225.74,28.91358695652174,15.88,37.77,72.14869565217391,20.529565217391305,3.6025
Uttar Dinajpur,1997,Kharif,879.96,27.527978142076503,12.95,43.42,75.65699453551912,16.853224043715848,1.9335519125683058
Uttar Dinajpur,1997,Rabi,25.25,18.183666666666667,6.78,33.71,39.92333333333333,14.248333333333333,1.658888888888889
Uttar Dinajpur,1997,Summer,156.95000000000002,29.554456521739134,12.81,44.36,34.06608695652174,20.897173913043478,2.071086956521739
Uttar Dinajpur,1998,Kharif,1361.75,27.48595628415301,10.53,44.9,83.27530054644808,15.7448087431694,1.887377049180328
Uttar Dinajpur,1998,Rabi,16.64,17.637,5.17,32.73,52.18488888888889,13.687222222222221,1.4706666666666668
Uttar Dinajpur,1998,Summer,219.91,28.81923913043478,10.5,43.51,44.99032608695652,19.99,2.1910869565217395
Uttar Dinajpur,1999,Kharif,1195.6,26.93770491803279,10.44,40.43,81.70016393442623,15.602349726775957,1.8583606557377048
Uttar Dinajpur,1999,Rabi,1.24,18.24855555555556,6.02,34.28,56.83166666666667,15.867444444444443,1.268111111111111
Uttar Dinajpur,1999,Summer,232.93,29.889347826086958,12.0,45.52,36.33086956521739,20.696847826086955,2.0175
Uttar Dinajpur,2000,Kharif,816.25,27.130928961748634,14.39,36.64,80.04191256830602,16.47120218579235,1.8589071038251366
Uttar Dinajpur,2000,Rabi,40.39,17.345054945054947,4.5,29.93,50.00571428571429,15.384065934065935,1.3275824175824176
Uttar Dinajpur,2000,Summer,297.89,28.39434782608696,10.52,42.61,47.06847826086957,19.70141304347826,1.9865217391304346
Uttar Dinajpur,2001,Kharif,1072.12,27.24704918032787,10.53,37.77,82.09781420765027,16.39896174863388,1.8969945355191256
Uttar Dinajpur,2001,Rabi,1.1,17.547444444444444,5.3,34.44,47.223333333333336,13.75611111111111,1.1797777777777776
Uttar Dinajpur,2001,Summer,184.01,29.665434782608692,12.77,43.95,38.29793478260869,21.04771739130435,2.09304347826087
Uttar Dinajpur,2002,Kharif,1191.7,26.687158469945356,12.93,38.74,83.06710382513661,15.90792349726776,1.8226229508196723
Uttar Dinajpur,2002,Rabi,10.52,17.90188888888889,6.47,32.66,57.76711111111111,13.76511111111111,1.240888888888889
Uttar Dinajpur,2002,Summer,292.9,28.643043478260868,14.25,43.21,50.467173913043474,19.803478260869564,2.0834782608695654
Uttar Dinajpur,2003,Kharif,1002.92,27.147814207650274,10.61,40.3,81.60868852459016,15.88792349726776,1.9898360655737704
Uttar Dinajpur,2003,Rabi,51.08,17.014666666666667,4.08,30.89,61.66488888888889,13.230666666666666,1.3294444444444444
Uttar Dinajpur,2003,Summer,195.59,28.89630434782609,9.43,41.68,46.483586956521734,20.062608695652173,1.9060869565217389
Uttar Dinajpur,2004,Kharif,1356.54,26.52896174863388,13.77,38.54,83.61945355191257,15.650983606557377,1.9378142076502733
Uttar Dinajpur,2004,Rabi,11.600000000000001,17.63,5.76,33.86,62.70318681318681,13.512857142857143,1.181978021978022
Uttar Dinajpur,2004,Summer,223.22,29.792717391304347,11.81,43.34,45.41369565217392,19.40478260869565,1.9701086956521738
Uttar Dinajpur,2005,Kharif,1388.3799999999999,27.498852459016394,12.36,43.75,79.4596174863388,15.772349726775957,1.8375956284153003
Uttar Dinajpur,2005,Rabi,16.43,17.59811111111111,7.06,34.2,65.63633333333334,14.394111111111112,1.444222222222222
Uttar Dinajpur,2005,Summer,154.35,29.896195652173912,14.44,42.4,44.17847826086957,19.65945652173913,1.8597826086956522
Uttar Dinajpur,2006,Kharif,962.13,26.89311475409836,9.79,38.22,81.62114754098361,16.58224043715847,1.832622950819672
Uttar Dinajpur,2006,Rabi,8.42,17.996666666666666,6.02,36.39,62.74422222222222,13.564777777777778,1.1182222222222222
Uttar Dinajpur,2006,Summer,235.39000000000001,29.14271739130435,14.29,42.3,45.248695652173915,20.220978260869565,1.9692391304347825
Uttar Dinajpur,2007,Kharif,1276.6,26.927650273224046,12.42,42.32,83.45551912568307,15.648688524590165,1.8981967213114754
Uttar Dinajpur,2007,Rabi,27.189999999999998,16.683888888888887,5.39,30.95,61.32588888888889,13.189444444444444,1.3527777777777779
Uttar Dinajpur,2007,Summer,173.57,29.590108695652173,11.87,42.09,43.7929347826087,21.249782608695654,1.8503260869565217
Uttar Dinajpur,2008,Kharif,1093.43,26.851530054644808,11.65,37.67,82.97409836065574,16.230819672131148,1.7508743169398908
Uttar Dinajpur,2008,Rabi,31.709999999999997,17.376263736263738,5.67,30.16,65.01186813186813,12.587582417582418,1.2362637362637363
Uttar Dinajpur,2008,Summer,169.4,29.585869565217394,13.67,42.45,44.27858695652174,20.44271739130435,1.6785869565217393
Uttar Dinajpur,2009,Kharif,1224.86,27.186830601092893,9.61,42.23,79.90284153005464,16.521420765027322,1.8107103825136612
Uttar Dinajpur,2009,Rabi,10.389999999999999,18.14822222222222,6.42,33.7,59.34144444444444,13.39188888888889,1.249111111111111
Uttar Dinajpur,2009,Summer,203.85,29.349456521739132,11.43,42.12,40.56032608695652,20.29076086956522,1.9556521739130432
Uttar Dinajpur,2010,Kharif,1216.69,27.175409836065576,12.34,40.48,83.40704918032787,16.049398907103825,1.802513661202186
Uttar Dinajpur,2010,Rabi,11.33,17.07488888888889,5.87,31.71,59.154333333333334,13.819444444444445,1.401
Uttar Dinajpur,2010,Summer,207.59,30.498586956521738,15.24,43.81,41.17391304347826,20.373804347826088,2.0105434782608698
Uttar Dinajpur,2011,Kharif,1234.07,27.022841530054645,12.22,39.02,82.3131693989071,16.101967213114754,1.9204371584699453
Uttar Dinajpur,2011,Rabi,13.76,17.07188888888889,5.12,32.1,60.68288888888889,12.697333333333333,1.3491111111111111
Uttar Dinajpur,2011,Summer,264.63,28.833695652173912,12.0,39.74,47.3716304347826,20.025543478260868,1.900108695652174
Uttar Dinajpur,2012,Kharif,1126.71,26.608633879781422,8.62,44.07,79.3877049180328,16.42502732240437,2.0071038251366122
Uttar Dinajpur,2012,Rabi,11.8,16.611208791208792,4.29,34.34,56.17912087912088,12.806813186813187,1.956923076923077
Uttar Dinajpur,2012,Summer,156.05,29.776521739130434,12.52,44.28,39.275,21.325326086956522,2.0693478260869567
Uttar Dinajpur,2013,Kharif,1163.69,26.818524590163936,11.46,36.59,84.20983606557377,16.366830601092897,1.6060109289617486
Uttar Dinajpur,2013,Rabi,14.36,16.843111111111114,1.79,34.3,56.98511111111111,13.988222222222223,2.4144444444444444
Uttar Dinajpur,2013,Summer,289.65,29.330000000000002,13.0,43.44,41.63108695652174,19.698478260869564,2.2306521739130436
Uttar Dinajpur,2014,Kharif,1010.51,27.290327868852458,10.6,40.59,80.21420765027322,16.061147540983608,1.6606557377049178
Uttar Dinajpur,2014,Rabi,22.64,16.732777777777777,5.27,29.9,61.25622222222221,12.292222222222222,1.8808888888888888
Uttar Dinajpur,2014,Summer,193.62,30.04554347826087,12.81,44.5,37.61913043478261,21.460869565217394,2.206086956521739
Uttar Dinajpur,2015,Kharif,979.9300000000001,27.87765027322404,16.88,43.0,78.29180327868852,16.210327868852456,1.7458469945355193
Uttar Dinajpur,2015,Rabi,20.939999999999998,18.951666666666668,6.01,34.87,52.25977777777778,12.216555555555555,1.6526666666666667
Uttar Dinajpur,2015,Summer,281.88,29.4275,12.75,43.13,48.51097826086957,19.18076086956522,2.3534782608695655
Uttar Dinajpur,2016,Kharif,1314.6200000000001,27.278907103825137,11.2,41.59,82.75459016393442,16.434590163934427,1.7918579234972678
Uttar Dinajpur,2016,Rabi,16.21,18.8910989010989,5.81,35.47,54.661428571428566,12.958351648351648,1.5773626373626373
Uttar Dinajpur,2016,Summer,283.43,31.332282608695653,18.27,45.35,38.9104347826087,19.346739130434784,2.384673913043478
Uttar Dinajpur,2017,Kharif,1370.72,27.327049180327872,9.82,41.17,84.10267759562842,15.605901639344262,1.9107650273224044
Uttar Dinajpur,2017,Rabi,8.200000000000001,18.531777777777776,4.01,34.6,61.42877777777778,13.925777777777776,1.5101111111111112
Uttar Dinajpur,2017,Summer,349.02,28.679565217391303,12.46,41.04,54.69152173913044,18.21271739130435,2.1038043478260873
Uttar Dinajpur,2018,Kharif,942.52,27.41049180327869,13.18,38.33,79.91994535519126,16.395245901639345,1.7527322404371584
Uttar Dinajpur,2018,Rabi,15.87,17.277555555555555,4.45,32.51,56.370777777777775,12.62388888888889,1.4798888888888888
Uttar Dinajpur,2018,Summer,343.96,28.029347826086955,14.35,39.54,56.87510869565217,18.734021739130434,1.9944565217391306
Uttar Dinajpur,2019,Kharif,1555.03,27.34322404371585,13.7,40.32,84.44191256830601,15.693224043715848,1.9765027322404372
Uttar Dinajpur,2019,Rabi,30.650000000000002,17.859111111111112,3.79,33.71,59.77344444444444,13.090333333333335,1.6142222222222222
Uttar Dinajpur,2019,Summer,193.16,29.66467391304348,10.6,43.58,44.78945652173913,19.63173913043478,2.2378260869565216
