State Name,District Name,Market Name,Variety,Group,Arrivals (Tonnes),Min Price (Rs./Quintal),Max Price (Rs./Quintal),Modal Price (Rs./Quintal),Reported Date
Arunachal Pradesh,Papum Pore,Naharlagun,Other,Beverages,1.0,6600,7500,7000,10 May 2005
Arunachal Pradesh,Papum Pore,Naharlagun,Other,Beverages,1.0,6500,7500,7000,30 Jul 2004
Telangana,Adilabad,Adilabad(Rythu Bazar),Other,Beverages,0.01,26000,26000,26000,06 Feb 2016
Telangana,Adilabad,Adilabad(Rythu Bazar),Other,Beverages,0.01,26000,26000,26000,03 Feb 2016
Telangana,Adilabad,Adilabad(Rythu Bazar),All Dust,Beverages,0.01,26000,26000,26000,04 Aug 2015
Telangana,Adilabad,Adilabad(Rythu Bazar),Other,Beverages,0.01,26000,26000,26000,03 Aug 2015
Telangana,Adilabad,Adilabad(Rythu Bazar),Other,Beverages,0.01,26000,26000,26000,02 Aug 2015
Telangana,Adilabad,Adilabad(Rythu Bazar),Cachar C.T.C. Leaf,Beverages,0.01,26000,26000,26000,01 Aug 2015
Telangana,Adilabad,Adilabad(Rythu Bazar),Other,Beverages,0.01,26000,26000,26000,31 Jul 2015
Telangana,Adilabad,Adilabad(Rythu Bazar),Other,Beverages,0.01,26000,26000,26000,30 Jul 2015
Telangana,Adilabad,Adilabad(Rythu Bazar),Other,Beverages,0.01,26000,26000,26000,29 Jul 2015
Telangana,Adilabad,Adilabad(Rythu Bazar),Other,Beverages,0.01,26000,26000,26000,28 Jul 2015
Telangana,Adilabad,Adilabad(Rythu Bazar),Other,Beverages,0.01,26000,26000,26000,27 Jul 2015
Telangana,Adilabad,Adilabad(Rythu Bazar),Other,Beverages,0.01,26000,26000,26000,26 Jul 2015
Telangana,Adilabad,Adilabad(Rythu Bazar),Other,Beverages,0.01,26000,26000,26000,25 Jul 2015
Telangana,Adilabad,Adilabad(Rythu Bazar),Other,Beverages,0.01,26000,26000,26000,24 Jul 2015
Telangana,Adilabad,Adilabad(Rythu Bazar),Other,Beverages,0.01,26000,26000,26000,23 Jul 2015
Telangana,Adilabad,Adilabad(Rythu Bazar),Other,Beverages,0.01,26000,26000,26000,22 Jul 2015
Telangana,Adilabad,Adilabad(Rythu Bazar),All Dust,Beverages,0.01,26000,26000,26000,21 Jul 2015
Telangana,Adilabad,Adilabad(Rythu Bazar),Other,Beverages,0.01,26000,26000,26000,20 Jul 2015
Telangana,Adilabad,Adilabad(Rythu Bazar),Other,Beverages,0.02,26000,26000,26000,19 Jul 2015
Telangana,Adilabad,Adilabad(Rythu Bazar),Other,Beverages,0.01,26000,26000,26000,18 Jul 2015
Telangana,Adilabad,Adilabad(Rythu Bazar),Other,Beverages,0.01,26000,26000,26000,14 Jul 2015
Telangana,Adilabad,Adilabad(Rythu Bazar),Other,Beverages,0.01,26000,26000,26000,13 Jul 2015
Telangana,Adilabad,Adilabad(Rythu Bazar),Other,Beverages,0.01,26000,26000,26000,12 Jul 2015
Telangana,Adilabad,Adilabad(Rythu Bazar),Other,Beverages,0.01,26000,26000,26000,11 Jul 2015
Telangana,Adilabad,Adilabad(Rythu Bazar),Other,Beverages,0.01,26000,26000,26000,10 Jul 2015
Telangana,Adilabad,Adilabad(Rythu Bazar),Other,Beverages,0.01,26000,26000,26000,09 Jul 2015
Telangana,Adilabad,Adilabad(Rythu Bazar),Other,Beverages,0.01,26000,26000,26000,08 Jul 2015
Telangana,Adilabad,Adilabad(Rythu Bazar),All Dust,Beverages,0.01,26000,26000,26000,06 Jul 2015
Telangana,Adilabad,Adilabad(Rythu Bazar),All Dust,Beverages,0.01,26000,26000,26000,05 Jul 2015
Telangana,Adilabad,Adilabad(Rythu Bazar),Other,Beverages,0.01,26000,26000,26000,04 Jul 2015
Telangana,Adilabad,Adilabad(Rythu Bazar),Other,Beverages,0.01,26000,26000,26000,03 Jul 2015
Telangana,Adilabad,Adilabad(Rythu Bazar),Other,Beverages,0.01,26000,26000,26000,02 Jul 2015
Telangana,Adilabad,Adilabad(Rythu Bazar),Other,Beverages,0.01,26000,26000,26000,01 Jul 2015
Telangana,Adilabad,Adilabad(Rythu Bazar),Other,Beverages,0.01,26000,26000,26000,30 Jun 2015
Telangana,Adilabad,Adilabad(Rythu Bazar),Other,Beverages,0.01,26000,26000,26000,29 Jun 2015
Telangana,Adilabad,Adilabad(Rythu Bazar),Other,Beverages,0.01,26000,26000,26000,28 Jun 2015
Telangana,Adilabad,Adilabad(Rythu Bazar),Other,Beverages,0.01,26000,26000,26000,27 Jun 2015
Telangana,Adilabad,Adilabad(Rythu Bazar),Other,Beverages,0.01,26000,26000,26000,26 Jun 2015
Telangana,Adilabad,Adilabad(Rythu Bazar),Other,Beverages,0.01,26000,26000,26000,25 Jun 2015
Telangana,Adilabad,Adilabad(Rythu Bazar),Other,Beverages,0.01,26000,26000,26000,24 Jun 2015
Telangana,Adilabad,Adilabad(Rythu Bazar),Other,Beverages,0.01,26000,26000,26000,22 Jun 2015
Telangana,Adilabad,Adilabad(Rythu Bazar),Other,Beverages,0.01,26000,26000,26000,21 Jun 2015
Telangana,Adilabad,Adilabad(Rythu Bazar),Other,Beverages,0.01,26000,26000,26000,20 Jun 2015
Telangana,Adilabad,Adilabad(Rythu Bazar),Other,Beverages,0.01,26000,26000,26000,19 Jun 2015
Telangana,Adilabad,Adilabad(Rythu Bazar),Other,Beverages,0.01,26000,26000,26000,18 Jun 2015
Telangana,Adilabad,Adilabad(Rythu Bazar),Other,Beverages,0.01,26000,26000,26000,16 Jun 2015
Telangana,Adilabad,Adilabad(Rythu Bazar),Cachar C.T.C. Leaf,Beverages,0.01,26000,26000,26000,15 Jun 2015
Telangana,Adilabad,Adilabad(Rythu Bazar),Other,Beverages,0.01,26000,26000,26000,14 Jun 2015
Telangana,Adilabad,Adilabad(Rythu Bazar),Other,Beverages,0.01,26000,26000,26000,13 Jun 2015
Telangana,Adilabad,Adilabad(Rythu Bazar),Other,Beverages,0.01,26000,26000,26000,12 Jun 2015
Telangana,Adilabad,Adilabad(Rythu Bazar),Other,Beverages,0.01,26000,26000,26000,10 Jun 2015
Odisha,Puri,Sakhigopal,All Dust,Beverages,0.8,9000,15000,13000,10 Feb 2007
Odisha,Puri,Sakhigopal,All Dust,Beverages,1.0,10000,15000,12000,11 Nov 2006
Odisha,Puri,Sakhigopal,All Dust,Beverages,0.3,9000,15000,13000,02 Sep 2006
Odisha,Puri,Sakhigopal,All Dust,Beverages,0.8,10000,15000,13000,23 Aug 2006
Odisha,Puri,Sakhigopal,All Dust,Beverages,0.7,10000,14000,12000,10 Aug 2006
Odisha,Puri,Sakhigopal,All Dust,Beverages,0.5,9000,15000,13000,05 Aug 2006
Odisha,Puri,Sakhigopal,All Dust,Beverages,0.2,10000,18000,15000,05 Jul 2006
Odisha,Puri,Sakhigopal,All Dust,Beverages,0.5,9000,13000,10000,16 Jun 2006
Odisha,Puri,Sakhigopal,All Dust,Beverages,0.8,9000,14000,11000,07 Jun 2006
Odisha,Puri,Sakhigopal,All Dust,Beverages,0.5,9000,14000,12000,21 May 2006
Odisha,Puri,Sakhigopal,All Dust,Beverages,0.5,9000,15000,10000,10 May 2006
Odisha,Puri,Sakhigopal,All Dust,Beverages,0.5,1000,1600,1400,03 May 2006
Odisha,Puri,Sakhigopal,All Dust,Beverages,0.2,9000,15000,14000,03 Apr 2006
Odisha,Puri,Sakhigopal,All Dust,Beverages,0.5,9000,15000,13000,28 Mar 2006
Odisha,Puri,Sakhigopal,All Dust,Beverages,1.0,9000,15000,13000,21 Feb 2006
Odisha,Puri,Sakhigopal,All Dust,Beverages,0.3,5000,15000,9000,05 Feb 2006
Odisha,Puri,Sakhigopal,All Dust,Beverages,0.5,9000,15000,13000,21 Jan 2006
Odisha,Puri,Sakhigopal,All Dust,Beverages,0.7,9000,12200,10000,10 Jan 2006
Odisha,Puri,Sakhigopal,All Dust,Beverages,0.4,9000,15000,12000,06 Jan 2006
Odisha,Puri,Sakhigopal,All Dust,Beverages,0.4,9000,15000,13000,30 Dec 2005
Odisha,Puri,Sakhigopal,All Dust,Beverages,0.8,9000,17000,15000,27 Dec 2005
Odisha,Puri,Sakhigopal,All Dust,Beverages,0.5,9000,15000,13000,12 Dec 2005
Odisha,Puri,Sakhigopal,All Dust,Beverages,0.2,900,1800,1200,08 Dec 2005
Odisha,Puri,Sakhigopal,All Dust,Beverages,0.3,7500,15000,13000,25 Nov 2005
Odisha,Puri,Sakhigopal,All Dust,Beverages,0.2,9000,17000,15000,23 Nov 2005
Odisha,Puri,Sakhigopal,All Dust,Beverages,0.3,7500,15000,13000,19 Nov 2005
Odisha,Puri,Sakhigopal,All Dust,Beverages,0.4,9000,17000,13000,09 Nov 2005
Odisha,Puri,Sakhigopal,All Dust,Beverages,0.3,7500,14000,13000,02 Nov 2005
Odisha,Puri,Sakhigopal,All Dust,Beverages,0.2,9000,17500,13000,21 Oct 2005
Odisha,Puri,Sakhigopal,All Dust,Beverages,0.2,9000,17500,13000,13 Oct 2005
Odisha,Puri,Sakhigopal,All Dust,Beverages,0.1,9000,15000,13000,26 Sep 2005
Odisha,Puri,Sakhigopal,All Dust,Beverages,0.2,9000,15000,12000,22 Sep 2005
Odisha,Puri,Sakhigopal,All Dust,Beverages,0.5,9000,15000,13000,01 Mar 2005
Odisha,Puri,Sakhigopal,All Dust,Beverages,0.4,8000,15000,13000,15 Feb 2005
Odisha,Puri,Sakhigopal,All Dust,Beverages,0.1,9000,13000,12000,01 Jan 2005
Odisha,Puri,Sakhigopal,All Dust,Beverages,0.3,9000,13000,12000,21 Dec 2004
Odisha,Puri,Sakhigopal,All Dust,Beverages,0.2,9000,13000,12000,17 Dec 2004
Odisha,Puri,Sakhigopal,All Dust,Beverages,0.2,9000,13000,12000,13 Dec 2004
Odisha,Puri,Sakhigopal,All Dust,Beverages,0.2,9000,13000,13000,12 Dec 2004
Odisha,Puri,Sakhigopal,All Dust,Beverages,0.2,9000,13000,13000,11 Dec 2004
Odisha,Puri,Sakhigopal,All Dust,Beverages,0.2,9000,13000,12000,10 Dec 2004
Odisha,Puri,Sakhigopal,All Dust,Beverages,0.2,9000,13000,12000,04 Dec 2004
Odisha,Puri,Sakhigopal,All Dust,Beverages,0.2,9000,13000,12000,03 Dec 2004
Odisha,Puri,Sakhigopal,All Dust,Beverages,0.1,9000,13000,12000,01 Dec 2004
Odisha,Puri,Sakhigopal,All Dust,Beverages,0.1,9000,13000,13000,30 Nov 2004
Odisha,Puri,Sakhigopal,All Dust,Beverages,0.1,9000,13000,12000,28 Nov 2004
Odisha,Puri,Sakhigopal,All Dust,Beverages,0.2,9000,13000,12000,26 Nov 2004
Odisha,Puri,Sakhigopal,All Dust,Beverages,0.2,9000,13000,12000,23 Nov 2004
Odisha,Puri,Sakhigopal,All Dust,Beverages,0.2,9000,13000,12000,21 Nov 2004
Odisha,Puri,Sakhigopal,All Dust,Beverages,0.3,9000,13000,12000,19 Nov 2004
Odisha,Puri,Sakhigopal,All Dust,Beverages,0.2,9000,13000,12000,18 Nov 2004
Odisha,Puri,Sakhigopal,All Dust,Beverages,0.2,9000,13000,12000,15 Nov 2004
Odisha,Puri,Sakhigopal,All Dust,Beverages,0.2,9000,13000,12000,11 Nov 2004
Odisha,Puri,Sakhigopal,All Dust,Beverages,0.2,9000,13000,12000,09 Nov 2004
Odisha,Puri,Sakhigopal,All Dust,Beverages,0.2,9000,13000,12000,06 Nov 2004
Odisha,Puri,Sakhigopal,All Dust,Beverages,0.1,9000,13000,12000,05 Nov 2004
Odisha,Puri,Sakhigopal,All Dust,Beverages,0.2,9000,13000,12000,04 Nov 2004
Odisha,Puri,Sakhigopal,All Dust,Beverages,0.1,8000,13000,12000,03 Nov 2004
Odisha,Puri,Sakhigopal,All Dust,Beverages,0.1,9000,13000,12000,01 Nov 2004
Odisha,Puri,Sakhigopal,All Dust,Beverages,0.1,8000,13000,12000,24 Oct 2004
Odisha,Puri,Sakhigopal,All Dust,Beverages,0.1,8000,13000,12000,23 Oct 2004
Odisha,Puri,Sakhigopal,All Dust,Beverages,0.1,9000,13000,12000,17 Oct 2004
Odisha,Puri,Sakhigopal,All Dust,Beverages,0.2,9000,13000,12000,14 Oct 2004
Odisha,Puri,Sakhigopal,All Dust,Beverages,0.4,9000,13000,12000,13 Oct 2004
Odisha,Puri,Sakhigopal,All Dust,Beverages,0.3,9000,16000,15000,31 Jul 2004
Odisha,Puri,Sakhigopal,All Dust,Beverages,0.2,8000,16000,15000,28 Jul 2004
Odisha,Puri,Sakhigopal,All Dust,Beverages,0.2,8000,16000,15000,26 Jul 2004
Odisha,Puri,Sakhigopal,All Dust,Beverages,0.2,8000,16000,15000,25 Jul 2004
Odisha,Puri,Sakhigopal,All Dust,Beverages,0.2,8000,16000,15000,24 Jul 2004
Odisha,Puri,Sakhigopal,All Dust,Beverages,0.3,8000,16000,15000,23 Jul 2004
Odisha,Puri,Sakhigopal,All Dust,Beverages,0.2,8000,16000,15000,22 Jul 2004
Odisha,Puri,Sakhigopal,All Dust,Beverages,0.3,8000,16000,15000,21 Jul 2004
Odisha,Puri,Sakhigopal,All Dust,Beverages,0.2,8000,16000,15000,20 Jul 2004
Odisha,Puri,Sakhigopal,All Dust,Beverages,0.3,8000,16000,15000,19 Jul 2004
Odisha,Puri,Sakhigopal,All Dust,Beverages,0.2,8000,16000,15000,17 Jul 2004
Odisha,Puri,Sakhigopal,All Dust,Beverages,0.2,8000,16000,15000,16 Jul 2004
Odisha,Puri,Sakhigopal,All Dust,Beverages,0.3,8000,16000,15000,14 Jul 2004
Odisha,Puri,Sakhigopal,All Dust,Beverages,0.2,8000,16000,15000,13 Jul 2004
Odisha,Puri,Sakhigopal,All Dust,Beverages,0.3,8000,16000,15000,12 Jul 2004
Odisha,Puri,Sakhigopal,All Dust,Beverages,0.3,9000,16000,15000,10 Jul 2004
Odisha,Puri,Sakhigopal,All Dust,Beverages,0.3,8000,16000,15000,08 Jul 2004
Odisha,Puri,Sakhigopal,All Dust,Beverages,0.3,9000,16000,15000,05 Jul 2004
Odisha,Puri,Sakhigopal,All Dust,Beverages,0.3,9000,16000,15000,03 Jul 2004
Odisha,Puri,Sakhigopal,All Dust,Beverages,0.2,9000,16000,15000,02 Jul 2004
Odisha,Puri,Sakhigopal,All Dust,Beverages,0.4,9000,16000,15000,01 Jul 2004
Odisha,Puri,Sakhigopal,All Dust,Beverages,0.3,9000,16000,15000,30 Jun 2004
Odisha,Puri,Sakhigopal,All Dust,Beverages,0.6,9000,16000,15000,29 Jun 2004
Odisha,Puri,Sakhigopal,All Dust,Beverages,0.2,9000,16000,15000,28 Jun 2004
Odisha,Puri,Sakhigopal,All Dust,Beverages,0.3,9000,16000,15000,27 Jun 2004
Odisha,Puri,Sakhigopal,All Dust,Beverages,0.2,9000,16000,15000,26 Jun 2004
Odisha,Puri,Sakhigopal,All Dust,Beverages,0.2,9000,16000,15000,25 Jun 2004
Odisha,Puri,Sakhigopal,All Dust,Beverages,0.3,9000,16000,15000,23 Jun 2004
Odisha,Puri,Sakhigopal,All Dust,Beverages,0.2,9000,16000,15000,22 Jun 2004
Odisha,Puri,Sakhigopal,All Dust,Beverages,0.4,8000,16000,15000,20 Jun 2004
Odisha,Puri,Sakhigopal,All Dust,Beverages,0.9,8000,16000,15000,17 Jun 2004
Odisha,Puri,Sakhigopal,All Dust,Beverages,0.4,8000,16000,15000,16 Jun 2004
Odisha,Puri,Sakhigopal,All Dust,Beverages,0.3,8000,16000,15000,12 Jun 2004
Odisha,Puri,Sakhigopal,All Dust,Beverages,0.2,8000,16000,15000,11 Jun 2004
Odisha,Puri,Sakhigopal,All Dust,Beverages,0.4,9000,16000,15000,10 Jun 2004
Odisha,Puri,Sakhigopal,All Dust,Beverages,0.3,8000,16000,15000,08 Jun 2004
Odisha,Puri,Sakhigopal,All Dust,Beverages,0.3,9000,16000,15000,07 Jun 2004
Odisha,Puri,Sakhigopal,All Dust,Beverages,0.3,8000,16000,15000,06 Jun 2004
Odisha,Puri,Sakhigopal,All Dust,Beverages,0.2,8000,16000,15000,05 Jun 2004
Odisha,Puri,Sakhigopal,All Dust,Beverages,0.4,7000,16000,15000,04 Jun 2004
Odisha,Puri,Sakhigopal,All Dust,Beverages,0.3,0,16000,15000,03 Jun 2004
Odisha,Puri,Sakhigopal,All Dust,Beverages,0.3,8000,16000,15000,01 Jun 2004
Odisha,Puri,Sakhigopal,All Dust,Beverages,0.2,8000,16000,15000,27 May 2004
Odisha,Puri,Sakhigopal,All Dust,Beverages,0.2,8000,16000,15000,25 May 2004
Odisha,Puri,Sakhigopal,All Dust,Beverages,0.3,8000,16000,15000,23 May 2004
Odisha,Puri,Sakhigopal,All Dust,Beverages,0.3,8000,16000,15000,22 May 2004
Odisha,Puri,Sakhigopal,All Dust,Beverages,0.3,8000,16000,15000,21 May 2004
Odisha,Puri,Sakhigopal,All Dust,Beverages,0.4,8000,16000,15000,19 May 2004
Odisha,Puri,Sakhigopal,All Dust,Beverages,0.3,8000,16000,15000,18 May 2004
Odisha,Puri,Sakhigopal,All Dust,Beverages,0.3,8000,16000,15000,15 May 2004
Odisha,Puri,Sakhigopal,All Dust,Beverages,0.1,8000,16000,15000,12 May 2004
Odisha,Puri,Sakhigopal,All Dust,Beverages,0.2,8000,16000,15000,11 May 2004
Odisha,Puri,Sakhigopal,All Dust,Beverages,0.4,8000,16000,15000,09 May 2004
Odisha,Puri,Sakhigopal,All Dust,Beverages,0.2,8000,16000,15000,08 May 2004
Odisha,Puri,Sakhigopal,All Dust,Beverages,0.4,8000,16000,15000,06 May 2004
Odisha,Puri,Sakhigopal,All Dust,Beverages,0.2,7000,16000,15000,04 May 2004
Odisha,Puri,Sakhigopal,All Dust,Beverages,0.3,7000,16000,15000,03 May 2004
Odisha,Puri,Sakhigopal,All Dust,Beverages,0.2,7000,16000,15000,02 May 2004
Odisha,Puri,Sakhigopal,All Dust,Beverages,0.4,7000,16000,15000,01 May 2004
Odisha,Puri,Sakhigopal,All Dust,Beverages,0.3,7000,16000,15000,30 Apr 2004
Odisha,Puri,Sakhigopal,All Dust,Beverages,0.3,7000,16000,15000,28 Apr 2004
Odisha,Puri,Sakhigopal,All Dust,Beverages,0.3,7000,16000,15000,27 Apr 2004
Odisha,Puri,Sakhigopal,All Dust,Beverages,0.4,7000,16000,15000,25 Apr 2004
Odisha,Puri,Sakhigopal,All Dust,Beverages,0.4,7000,16000,15000,24 Apr 2004
Odisha,Puri,Sakhigopal,All Dust,Beverages,0.3,7000,16000,15000,23 Apr 2004
Odisha,Puri,Sakhigopal,All Dust,Beverages,0.2,7000,16000,15000,22 Apr 2004
Odisha,Puri,Sakhigopal,All Dust,Beverages,0.3,7000,16000,15000,21 Apr 2004
Odisha,Puri,Sakhigopal,All Dust,Beverages,0.2,7000,10000,8000,20 Apr 2004
Odisha,Puri,Sakhigopal,All Dust,Beverages,0.2,8000,16000,15000,19 Apr 2004
Odisha,Puri,Sakhigopal,All Dust,Beverages,0.4,9000,16000,15000,14 Apr 2004
Odisha,Puri,Sakhigopal,All Dust,Beverages,0.3,9000,16000,15000,12 Apr 2004
Odisha,Puri,Sakhigopal,All Dust,Beverages,0.3,9000,16000,15000,11 Apr 2004
Odisha,Puri,Sakhigopal,All Dust,Beverages,0.4,9000,16000,15000,10 Apr 2004
Odisha,Puri,Sakhigopal,All Dust,Beverages,0.4,9000,16000,15000,03 Apr 2004
Odisha,Puri,Sakhigopal,All Dust,Beverages,0.2,9000,16000,15000,01 Apr 2004
Odisha,Puri,Sakhigopal,All Dust,Beverages,0.4,9000,16000,15000,31 Mar 2004
Odisha,Puri,Sakhigopal,All Dust,Beverages,0.4,8000,16000,15000,29 Mar 2004
Odisha,Puri,Sakhigopal,All Dust,Beverages,0.2,9000,18000,16000,28 Mar 2004
Odisha,Puri,Sakhigopal,All Dust,Beverages,0.5,8000,16000,15000,26 Mar 2004
Odisha,Puri,Sakhigopal,All Dust,Beverages,0.5,8000,16000,15000,25 Mar 2004
Odisha,Puri,Sakhigopal,All Dust,Beverages,0.4,8000,16000,15000,18 Mar 2004
Odisha,Puri,Sakhigopal,All Dust,Beverages,0.4,8000,16000,15000,17 Mar 2004
Odisha,Puri,Sakhigopal,All Dust,Beverages,0.4,8000,16000,15000,15 Mar 2004
Odisha,Puri,Sakhigopal,All Dust,Beverages,0.4,8000,16000,15000,13 Mar 2004
Odisha,Puri,Sakhigopal,All Dust,Beverages,0.5,9000,16000,15000,12 Mar 2004
Odisha,Puri,Sakhigopal,All Dust,Beverages,0.4,9000,16000,15000,11 Mar 2004
Odisha,Puri,Sakhigopal,All Dust,Beverages,0.4,9000,16000,15000,10 Mar 2004
Odisha,Puri,Sakhigopal,All Dust,Beverages,0.4,9000,16000,15000,09 Mar 2004
Odisha,Puri,Sakhigopal,All Dust,Beverages,0.4,9000,16000,15000,08 Mar 2004
Odisha,Puri,Sakhigopal,All Dust,Beverages,0.4,9000,16000,15000,05 Mar 2004
Odisha,Puri,Sakhigopal,All Dust,Beverages,0.4,9000,16000,15000,04 Mar 2004
Odisha,Puri,Sakhigopal,All Dust,Beverages,0.4,9000,16000,15000,03 Mar 2004
Odisha,Puri,Sakhigopal,All Dust,Beverages,0.5,9000,16000,15000,02 Mar 2004
Odisha,Puri,Sakhigopal,All Dust,Beverages,0.4,9000,16000,15000,29 Feb 2004
Odisha,Puri,Sakhigopal,All Dust,Beverages,0.5,9000,16000,15000,28 Feb 2004
Odisha,Puri,Sakhigopal,All Dust,Beverages,0.5,9000,16000,15000,26 Feb 2004
Odisha,Puri,Sakhigopal,All Dust,Beverages,0.4,9000,16000,15000,25 Feb 2004
Odisha,Puri,Sakhigopal,All Dust,Beverages,0.4,9000,16000,15000,23 Feb 2004
Odisha,Puri,Sakhigopal,Assam C.T.C. Dust,Beverages,0.5,9000,16000,15000,19 Feb 2004
Odisha,Puri,Sakhigopal,Assam C.T.C. Dust,Beverages,0.4,9000,16000,15000,17 Feb 2004
Odisha,Puri,Sakhigopal,Assam C.T.C. Dust,Beverages,0.4,9000,16000,15000,16 Feb 2004
Odisha,Puri,Sakhigopal,Assam C.T.C. Dust,Beverages,0.5,9000,16000,15000,14 Feb 2004
Odisha,Puri,Sakhigopal,Assam C.T.C. Dust,Beverages,0.4,9000,16000,15000,13 Feb 2004
Odisha,Puri,Sakhigopal,Assam C.T.C. Dust,Beverages,0.4,9000,16000,15000,12 Feb 2004
Odisha,Puri,Sakhigopal,Assam C.T.C. Dust,Beverages,0.4,9000,16000,15000,05 Feb 2004
Odisha,Puri,Sakhigopal,Assam C.T.C. Dust,Beverages,0.5,9000,16000,15000,03 Feb 2004
Odisha,Puri,Sakhigopal,Assam C.T.C. Dust,Beverages,0.5,9000,16000,15000,02 Feb 2004
Odisha,Puri,Sakhigopal,Assam C.T.C. Dust,Beverages,0.5,9000,16000,15000,30 Jan 2004
Odisha,Puri,Sakhigopal,Assam C.T.C. Dust,Beverages,0.4,9000,16000,15000,28 Jan 2004
Odisha,Puri,Sakhigopal,Assam C.T.C. Dust,Beverages,0.4,9000,16000,15000,23 Jan 2004
Odisha,Puri,Sakhigopal,Assam C.T.C. Dust,Beverages,0.6,9000,16000,15000,21 Jan 2004
Odisha,Puri,Sakhigopal,Assam C.T.C. Dust,Beverages,0.6,9000,16000,15000,20 Jan 2004
Odisha,Puri,Sakhigopal,Assam C.T.C. Dust,Beverages,0.5,9000,16000,15000,19 Jan 2004
Odisha,Puri,Sakhigopal,Assam C.T.C. Dust,Beverages,0.5,9000,16000,15000,18 Jan 2004
Odisha,Puri,Sakhigopal,Assam C.T.C. Dust,Beverages,0.5,9000,16000,15000,17 Jan 2004
Odisha,Puri,Sakhigopal,Assam C.T.C. Dust,Beverages,0.5,9000,16000,15000,14 Jan 2004
Odisha,Puri,Sakhigopal,Assam C.T.C. Dust,Beverages,0.5,9000,16000,15000,13 Jan 2004
Odisha,Puri,Sakhigopal,Assam C.T.C. Dust,Beverages,0.5,9000,16000,15000,10 Jan 2004
Odisha,Puri,Sakhigopal,Assam C.T.C. Dust,Beverages,0.5,9000,16000,15000,07 Jan 2004
Odisha,Puri,Sakhigopal,Assam C.T.C. Dust,Beverages,0.6,9000,16000,15000,06 Jan 2004
Odisha,Puri,Sakhigopal,Assam C.T.C. Dust,Beverages,0.5,9000,16000,15000,05 Jan 2004
Odisha,Puri,Sakhigopal,Assam C.T.C. Dust,Beverages,0.5,9000,16000,15000,03 Jan 2004
Odisha,Puri,Sakhigopal,Assam C.T.C. Dust,Beverages,0.6,9000,16000,15000,02 Jan 2004
Odisha,Puri,Sakhigopal,Assam C.T.C. Dust,Beverages,0.6,9000,16000,15000,30 Dec 2003
Odisha,Puri,Sakhigopal,Assam C.T.C. Dust,Beverages,0.6,9000,16000,15000,29 Dec 2003
Odisha,Puri,Sakhigopal,Assam C.T.C. Dust,Beverages,0.5,9000,18000,15000,28 Dec 2003
Odisha,Puri,Sakhigopal,Assam C.T.C. Dust,Beverages,0.5,9000,18000,15000,27 Dec 2003
Odisha,Puri,Sakhigopal,Assam C.T.C. Dust,Beverages,0.6,9000,18000,15000,24 Dec 2003
Odisha,Puri,Sakhigopal,Assam C.T.C. Dust,Beverages,0.5,9000,18000,15000,23 Dec 2003
Odisha,Puri,Sakhigopal,Assam C.T.C. Dust,Beverages,0.5,9000,18000,15000,22 Dec 2003
Odisha,Puri,Sakhigopal,Assam C.T.C. Dust,Beverages,0.6,9000,18000,15000,21 Dec 2003
Odisha,Puri,Sakhigopal,Assam C.T.C. Dust,Beverages,0.5,9000,18000,15000,20 Dec 2003
Odisha,Puri,Sakhigopal,Assam C.T.C. Dust,Beverages,0.9,9000,18000,15000,18 Dec 2003
Odisha,Puri,Sakhigopal,Assam C.T.C. Dust,Beverages,0.5,9000,18000,15000,17 Dec 2003
Odisha,Puri,Sakhigopal,Assam C.T.C. Dust,Beverages,0.5,9000,18000,15000,16 Dec 2003
Odisha,Puri,Sakhigopal,Assam C.T.C. Dust,Beverages,0.6,9000,18000,15000,13 Dec 2003
Odisha,Puri,Sakhigopal,Assam C.T.C. Dust,Beverages,0.5,9000,18000,15000,10 Dec 2003
Odisha,Puri,Sakhigopal,Assam C.T.C. Dust,Beverages,0.9,9000,18000,15000,08 Dec 2003
Odisha,Puri,Sakhigopal,Assam C.T.C. Dust,Beverages,0.9,9000,18000,15000,07 Dec 2003
Odisha,Puri,Sakhigopal,Assam C.T.C. Dust,Beverages,0.5,9000,18000,15000,05 Dec 2003
Odisha,Puri,Sakhigopal,Assam C.T.C. Dust,Beverages,0.5,9000,18000,15000,04 Dec 2003
Odisha,Puri,Sakhigopal,Assam C.T.C. Dust,Beverages,0.6,9000,18000,15000,03 Dec 2003
Odisha,Puri,Sakhigopal,Assam C.T.C. Dust,Beverages,0.6,9000,18000,15000,01 Dec 2003
Odisha,Puri,Sakhigopal,Assam C.T.C. Dust,Beverages,0.6,9000,18000,15000,29 Nov 2003
Odisha,Puri,Sakhigopal,Assam C.T.C. Dust,Beverages,0.6,9000,18000,15000,28 Nov 2003
Odisha,Puri,Sakhigopal,Assam C.T.C. Dust,Beverages,0.6,9000,18000,15000,27 Nov 2003
Odisha,Puri,Sakhigopal,Assam C.T.C. Dust,Beverages,0.6,9000,18000,15000,26 Nov 2003
Odisha,Puri,Sakhigopal,Assam C.T.C. Dust,Beverages,0.6,9000,18000,15000,25 Nov 2003
Odisha,Puri,Sakhigopal,Assam C.T.C. Dust,Beverages,0.6,9000,18000,15000,24 Nov 2003
Odisha,Puri,Sakhigopal,Assam C.T.C. Dust,Beverages,0.6,9000,18000,15000,21 Nov 2003
Odisha,Puri,Sakhigopal,Assam C.T.C. Dust,Beverages,0.5,9000,18000,15000,20 Nov 2003
Odisha,Puri,Sakhigopal,Assam C.T.C. Dust,Beverages,0.6,9000,18000,15000,19 Nov 2003
Odisha,Puri,Sakhigopal,Assam C.T.C. Dust,Beverages,0.5,9000,18000,15000,17 Nov 2003
Odisha,Puri,Sakhigopal,Assam C.T.C. Dust,Beverages,0.5,9000,18000,15000,16 Nov 2003
Odisha,Puri,Sakhigopal,Assam C.T.C. Dust,Beverages,0.5,9000,18000,15000,15 Nov 2003
Odisha,Puri,Sakhigopal,Assam C.T.C. Dust,Beverages,0.5,9000,18000,15000,14 Nov 2003
Odisha,Puri,Sakhigopal,Assam C.T.C. Dust,Beverages,0.5,9000,18000,15000,13 Nov 2003
Odisha,Puri,Sakhigopal,Assam C.T.C. Dust,Beverages,0.5,9000,18000,15000,12 Nov 2003
Odisha,Puri,Sakhigopal,Assam C.T.C. Dust,Beverages,0.5,9000,18000,15000,11 Nov 2003
Odisha,Puri,Sakhigopal,Assam C.T.C. Dust,Beverages,0.5,9000,18000,15000,10 Nov 2003
Odisha,Puri,Sakhigopal,Assam C.T.C. Dust,Beverages,0.5,9000,18000,15000,07 Nov 2003
Odisha,Puri,Sakhigopal,Assam C.T.C. Dust,Beverages,0.5,9000,18000,15000,06 Nov 2003
Odisha,Puri,Sakhigopal,Assam C.T.C. Dust,Beverages,0.6,9000,18000,15000,05 Nov 2003
Odisha,Puri,Sakhigopal,Assam C.T.C. Dust,Beverages,0.6,9000,18000,15000,03 Nov 2003
Odisha,Puri,Sakhigopal,Assam C.T.C. Dust,Beverages,0.6,9000,18000,15000,01 Nov 2003
Odisha,Puri,Sakhigopal,Assam C.T.C. Dust,Beverages,0.5,9000,18000,15000,30 Oct 2003
Odisha,Puri,Sakhigopal,Assam C.T.C. Dust,Beverages,0.5,9000,18000,15000,29 Oct 2003
Odisha,Puri,Sakhigopal,Assam C.T.C. Dust,Beverages,0.5,9000,18000,15000,28 Oct 2003
Odisha,Puri,Sakhigopal,Assam C.T.C. Dust,Beverages,0.5,9000,18000,15000,27 Oct 2003
Odisha,Puri,Sakhigopal,Assam C.T.C. Dust,Beverages,0.5,9000,18000,15000,26 Oct 2003
Odisha,Puri,Sakhigopal,Assam C.T.C. Dust,Beverages,0.5,9000,18000,15000,24 Oct 2003
Odisha,Puri,Sakhigopal,Assam C.T.C. Dust,Beverages,0.5,9000,18000,15000,23 Oct 2003
Odisha,Puri,Sakhigopal,Assam C.T.C. Dust,Beverages,0.6,9000,18000,15000,13 Oct 2003
Odisha,Puri,Sakhigopal,Assam C.T.C. Dust,Beverages,0.6,9000,18000,15000,11 Oct 2003
Odisha,Puri,Sakhigopal,Assam C.T.C. Dust,Beverages,0.5,9000,18000,15000,10 Oct 2003
Odisha,Puri,Sakhigopal,Assam C.T.C. Dust,Beverages,0.6,9000,18000,15000,09 Oct 2003
Odisha,Puri,Sakhigopal,Assam C.T.C. Dust,Beverages,0.5,9000,18000,15000,08 Oct 2003
Odisha,Puri,Sakhigopal,Assam C.T.C. Dust,Beverages,0.6,9000,18000,15000,05 Oct 2003
Odisha,Puri,Sakhigopal,Assam C.T.C. Dust,Beverages,0.6,9000,18000,15000,03 Oct 2003
Odisha,Puri,Sakhigopal,Assam C.T.C. Dust,Beverages,0.5,9000,18000,15000,02 Oct 2003
Odisha,Puri,Sakhigopal,Assam C.T.C. Dust,Beverages,0.6,9000,18000,15000,30 Sep 2003
Odisha,Puri,Sakhigopal,Assam C.T.C. Dust,Beverages,0.5,9000,18000,15000,29 Sep 2003
Odisha,Puri,Sakhigopal,Assam C.T.C. Dust,Beverages,0.6,9000,18000,15000,28 Sep 2003
Odisha,Puri,Sakhigopal,Assam C.T.C. Dust,Beverages,0.6,9000,18000,15000,27 Sep 2003
Odisha,Puri,Sakhigopal,Assam C.T.C. Dust,Beverages,0.6,9000,18000,15000,23 Sep 2003
Odisha,Puri,Sakhigopal,Assam C.T.C. Dust,Beverages,0.6,9000,18000,15000,22 Sep 2003
Odisha,Puri,Sakhigopal,Assam C.T.C. Dust,Beverages,0.6,9000,18000,15000,21 Sep 2003
Odisha,Puri,Sakhigopal,Assam C.T.C. Dust,Beverages,0.6,9000,18000,15000,20 Sep 2003
Odisha,Puri,Sakhigopal,Assam C.T.C. Dust,Beverages,0.6,9000,18000,15000,19 Sep 2003
Odisha,Puri,Sakhigopal,Assam C.T.C. Dust,Beverages,0.6,9000,18000,15000,17 Sep 2003
Odisha,Puri,Sakhigopal,Assam C.T.C. Dust,Beverages,0.6,9000,18000,15000,16 Sep 2003
Odisha,Puri,Sakhigopal,Assam C.T.C. Dust,Beverages,0.5,9000,18000,15000,14 Sep 2003
Odisha,Puri,Sakhigopal,Assam C.T.C. Dust,Beverages,0.5,9000,18000,15000,13 Sep 2003
Odisha,Puri,Sakhigopal,Assam C.T.C. Dust,Beverages,0.5,9000,18000,15000,12 Sep 2003
Odisha,Puri,Sakhigopal,Assam C.T.C. Dust,Beverages,0.5,9000,18000,15000,10 Sep 2003
Odisha,Puri,Sakhigopal,Assam C.T.C. Dust,Beverages,0.5,9000,18000,15000,09 Sep 2003
Odisha,Puri,Sakhigopal,Assam C.T.C. Dust,Beverages,0.5,9000,18000,15000,08 Sep 2003
Odisha,Puri,Sakhigopal,Assam C.T.C. Dust,Beverages,0.5,9000,18000,15000,07 Sep 2003
Odisha,Puri,Sakhigopal,Assam C.T.C. Dust,Beverages,0.5,9000,18000,15000,05 Sep 2003
Odisha,Puri,Sakhigopal,Assam C.T.C. Dust,Beverages,0.5,9000,18000,15000,03 Sep 2003
Odisha,Puri,Sakhigopal,Assam C.T.C. Dust,Beverages,0.5,9000,18000,15000,02 Sep 2003
Odisha,Puri,Sakhigopal,Assam C.T.C. Dust,Beverages,0.5,9000,18000,15000,01 Sep 2003
Odisha,Puri,Sakhigopal,Assam C.T.C. Dust,Beverages,0.6,9000,18000,15000,31 Aug 2003
Odisha,Puri,Sakhigopal,Assam C.T.C. Dust,Beverages,0.6,9000,18000,15000,30 Aug 2003
Odisha,Puri,Sakhigopal,Assam C.T.C. Dust,Beverages,0.5,9000,18000,10000,29 Aug 2003
Odisha,Puri,Sakhigopal,Assam C.T.C. Dust,Beverages,0.5,9000,18000,15000,27 Aug 2003
Odisha,Puri,Sakhigopal,Assam C.T.C. Dust,Beverages,0.5,0,18000,10000,26 Aug 2003
Odisha,Puri,Sakhigopal,Assam C.T.C. Dust,Beverages,0.6,9000,18000,15000,25 Aug 2003
Odisha,Puri,Sakhigopal,Assam C.T.C. Dust,Beverages,0.5,9000,18000,15000,24 Aug 2003
Odisha,Puri,Sakhigopal,Assam C.T.C. Dust,Beverages,0.5,9000,18000,15000,23 Aug 2003
Odisha,Puri,Sakhigopal,Assam C.T.C. Dust,Beverages,0.5,9000,18000,10000,22 Aug 2003
Odisha,Puri,Sakhigopal,Assam C.T.C. Dust,Beverages,0.5,9000,18000,15000,21 Aug 2003
Odisha,Puri,Sakhigopal,Assam C.T.C. Dust,Beverages,0.6,9000,18000,15000,20 Aug 2003
Odisha,Puri,Sakhigopal,Assam C.T.C. Dust,Beverages,0.5,9000,18000,15000,18 Aug 2003
Odisha,Puri,Sakhigopal,Assam C.T.C. Dust,Beverages,0.6,9000,18000,15000,17 Aug 2003
Odisha,Puri,Sakhigopal,Assam C.T.C. Dust,Beverages,0.5,9000,18000,15000,16 Aug 2003
Odisha,Puri,Sakhigopal,Assam C.T.C. Dust,Beverages,0.6,9000,18000,15000,14 Aug 2003
Odisha,Puri,Sakhigopal,Assam C.T.C. Dust,Beverages,0.5,9000,18000,15000,13 Aug 2003
Odisha,Puri,Sakhigopal,Assam C.T.C. Dust,Beverages,0.5,9000,18000,10000,12 Aug 2003
Odisha,Puri,Sakhigopal,Assam C.T.C. Dust,Beverages,0.5,9000,18000,15000,10 Aug 2003
Odisha,Puri,Sakhigopal,Assam C.T.C. Dust,Beverages,0.6,9000,18000,15000,09 Aug 2003
Odisha,Puri,Sakhigopal,Assam C.T.C. Dust,Beverages,0.5,9000,18000,15000,08 Aug 2003
Odisha,Puri,Sakhigopal,Assam C.T.C. Dust,Beverages,0.5,9000,18000,15000,07 Aug 2003
Odisha,Puri,Sakhigopal,Assam C.T.C. Dust,Beverages,0.5,9000,18000,15000,06 Aug 2003
Odisha,Puri,Sakhigopal,Assam C.T.C. Dust,Beverages,0.5,9000,18000,10000,05 Aug 2003
Odisha,Puri,Sakhigopal,Assam C.T.C. Dust,Beverages,0.5,9000,18000,10000,04 Aug 2003
Odisha,Puri,Sakhigopal,Assam C.T.C. Dust,Beverages,0.5,9000,18000,10000,02 Aug 2003
Odisha,Puri,Sakhigopal,Assam C.T.C. Dust,Beverages,0.5,9000,18000,10000,31 Jul 2003
Odisha,Puri,Sakhigopal,Assam C.T.C. Dust,Beverages,0.5,9000,18000,15000,30 Jul 2003
Odisha,Puri,Sakhigopal,Assam C.T.C. Dust,Beverages,0.5,9000,18000,15000,29 Jul 2003
Odisha,Puri,Sakhigopal,Assam C.T.C. Dust,Beverages,0.5,9000,18000,15000,28 Jul 2003
Odisha,Puri,Sakhigopal,Assam C.T.C. Dust,Beverages,0.5,9000,18000,15000,27 Jul 2003
Odisha,Puri,Sakhigopal,Assam C.T.C. Dust,Beverages,0.5,9000,18000,15000,25 Jul 2003
Odisha,Puri,Sakhigopal,Assam C.T.C. Dust,Beverages,0.5,9000,18000,15000,23 Jul 2003
Odisha,Puri,Sakhigopal,Assam C.T.C. Dust,Beverages,0.6,9000,18000,15000,22 Jul 2003
Odisha,Puri,Sakhigopal,Assam C.T.C. Dust,Beverages,0.5,10000,18000,15000,21 Jul 2003
Odisha,Puri,Sakhigopal,Assam C.T.C. Dust,Beverages,0.5,10000,18000,15000,18 Jul 2003
Odisha,Puri,Sakhigopal,Assam C.T.C. Dust,Beverages,0.5,10000,18000,15000,16 Jul 2003
Odisha,Puri,Sakhigopal,Assam C.T.C. Dust,Beverages,0.5,10000,18000,15000,04 Jul 2003
Odisha,Puri,Sakhigopal,Assam C.T.C. Dust,Beverages,0.4,10000,18000,15000,24 Jun 2003
Odisha,Puri,Sakhigopal,Assam C.T.C. Dust,Beverages,0.5,10000,18000,15000,23 Jun 2003
Odisha,Puri,Sakhigopal,Assam C.T.C. Dust,Beverages,0.5,10000,18000,15000,22 Jun 2003
Odisha,Puri,Sakhigopal,Assam C.T.C. Dust,Beverages,0.5,10000,18000,15000,21 Jun 2003
Odisha,Puri,Sakhigopal,Assam C.T.C. Dust,Beverages,0.4,10000,18000,15000,20 Jun 2003
Odisha,Puri,Sakhigopal,Assam C.T.C. Dust,Beverages,0.5,10000,18000,15000,18 Jun 2003
Odisha,Puri,Sakhigopal,Assam C.T.C. Dust,Beverages,0.5,10000,18000,15000,17 Jun 2003
Odisha,Puri,Sakhigopal,Assam C.T.C. Dust,Beverages,0.5,10000,18000,15000,16 Jun 2003
Odisha,Puri,Sakhigopal,Assam C.T.C. Dust,Beverages,0.4,10000,18000,15000,15 Jun 2003
Odisha,Puri,Sakhigopal,Assam C.T.C. Dust,Beverages,0.5,10000,18000,15000,14 Jun 2003
Odisha,Puri,Sakhigopal,Assam C.T.C. Dust,Beverages,0.5,10000,18000,15000,13 Jun 2003
Odisha,Puri,Sakhigopal,Assam C.T.C. Dust,Beverages,0.4,10000,18000,15000,12 Jun 2003
Odisha,Puri,Sakhigopal,Assam C.T.C. Dust,Beverages,0.5,10000,18000,15000,11 Jun 2003
Odisha,Puri,Sakhigopal,Assam C.T.C. Dust,Beverages,0.6,10000,18000,15000,09 Jun 2003
Odisha,Puri,Sakhigopal,Assam C.T.C. Dust,Beverages,0.6,10000,18000,15000,08 Jun 2003
Odisha,Puri,Sakhigopal,Assam C.T.C. Dust,Beverages,0.5,10000,18000,15000,04 Jun 2003
Odisha,Puri,Sakhigopal,Assam C.T.C. Dust,Beverages,0.5,10000,18000,15000,03 Jun 2003
Odisha,Puri,Sakhigopal,Assam C.T.C. Dust,Beverages,0.5,10000,18000,15000,02 Jun 2003
Odisha,Puri,Sakhigopal,Assam C.T.C. Dust,Beverages,0.4,10000,18000,15000,01 Jun 2003
Odisha,Puri,Sakhigopal,Assam C.T.C. Dust,Beverages,0.5,10000,18000,15000,31 May 2003
Odisha,Puri,Sakhigopal,Assam C.T.C. Dust,Beverages,0.4,10000,18000,15000,30 May 2003
Odisha,Puri,Sakhigopal,Assam C.T.C. Dust,Beverages,0.5,10000,18000,15000,29 May 2003
Odisha,Puri,Sakhigopal,Assam C.T.C. Dust,Beverages,0.4,10000,18000,15000,28 May 2003
Odisha,Puri,Sakhigopal,Assam C.T.C. Dust,Beverages,0.5,10000,18000,15000,27 May 2003
Odisha,Puri,Sakhigopal,Assam C.T.C. Dust,Beverages,0.5,10000,18000,15000,25 May 2003
Odisha,Puri,Sakhigopal,Assam C.T.C. Dust,Beverages,0.4,10000,18000,15000,24 May 2003
Odisha,Puri,Sakhigopal,Assam C.T.C. Dust,Beverages,0.4,10000,18000,15000,22 May 2003
Odisha,Puri,Sakhigopal,Assam C.T.C. Dust,Beverages,0.4,10000,18000,15000,21 May 2003
Odisha,Puri,Sakhigopal,Assam C.T.C. Dust,Beverages,0.3,10000,18000,15000,20 May 2003
Odisha,Puri,Sakhigopal,Assam C.T.C. Dust,Beverages,0.3,10000,18000,15000,19 May 2003
Odisha,Puri,Sakhigopal,Assam C.T.C. Dust,Beverages,0.5,10000,18000,15000,18 May 2003
Odisha,Puri,Sakhigopal,Assam C.T.C. Dust,Beverages,0.5,10000,18000,15000,17 May 2003
Odisha,Puri,Sakhigopal,Assam C.T.C. Dust,Beverages,0.4,10000,18000,15000,13 May 2003
Odisha,Puri,Sakhigopal,Assam C.T.C. Dust,Beverages,0.5,10000,18000,15000,12 May 2003
Odisha,Puri,Sakhigopal,Assam C.T.C. Dust,Beverages,0.5,10000,18000,15000,11 May 2003
Odisha,Puri,Sakhigopal,Assam C.T.C. Dust,Beverages,0.5,10000,18000,15000,10 May 2003
Odisha,Puri,Sakhigopal,Assam C.T.C. Dust,Beverages,0.6,10000,18000,15000,09 May 2003
Odisha,Puri,Sakhigopal,Assam C.T.C. Dust,Beverages,0.6,10000,18000,15000,07 May 2003
Odisha,Puri,Sakhigopal,Assam C.T.C. Dust,Beverages,0.5,10000,18000,15000,06 May 2003
Odisha,Puri,Sakhigopal,Assam C.T.C. Dust,Beverages,0.6,10000,18000,15000,05 May 2003
Odisha,Puri,Sakhigopal,Assam C.T.C. Dust,Beverages,0.5,9000,18000,15000,03 May 2003
Odisha,Puri,Sakhigopal,Assam C.T.C. Dust,Beverages,0.5,10000,18000,15000,02 May 2003
Odisha,Puri,Sakhigopal,Assam C.T.C. Dust,Beverages,0.6,10000,18000,15000,30 Apr 2003
Odisha,Puri,Sakhigopal,Assam C.T.C. Dust,Beverages,0.5,10000,18000,15000,28 Apr 2003
Odisha,Puri,Sakhigopal,Assam C.T.C. Dust,Beverages,0.5,9000,18000,15000,27 Apr 2003
Odisha,Puri,Sakhigopal,Assam C.T.C. Dust,Beverages,0.5,10000,18000,15000,26 Apr 2003
Odisha,Puri,Sakhigopal,Assam C.T.C. Dust,Beverages,0.5,10000,18000,15000,25 Apr 2003
Kerala,Kollam,Kollam,Other,Beverages,0.5,12000,13000,12500,28 Nov 2011
Kerala,Kollam,Kollam,Other,Beverages,0.5,12000,13000,12500,26 Nov 2011
Kerala,Kollam,Kollam,Other,Beverages,0.5,12000,13000,12500,25 Nov 2011
Kerala,Kollam,Kollam,Other,Beverages,0.5,12000,13000,12500,24 Nov 2011
Kerala,Kollam,Kollam,Other,Beverages,0.5,12000,13000,12500,23 Nov 2011
Kerala,Kollam,Kollam,Other,Beverages,0.5,12000,13000,12500,22 Nov 2011
Kerala,Kollam,Kollam,Other,Beverages,0.5,12000,13000,12500,21 Nov 2011
Kerala,Kollam,Kollam,Other,Beverages,0.5,12000,13000,12500,19 Nov 2011
Kerala,Kollam,Kollam,Other,Beverages,0.5,12000,13000,12500,18 Nov 2011
Kerala,Kollam,Kollam,Other,Beverages,0.5,12000,13000,12500,17 Nov 2011
Kerala,Kollam,Kollam,Other,Beverages,0.5,12000,13000,12500,16 Nov 2011
Kerala,Kollam,Kollam,Other,Beverages,0.5,12000,13000,12500,15 Nov 2011
Kerala,Kollam,Kollam,Other,Beverages,0.5,12000,13000,12500,14 Nov 2011
Kerala,Kollam,Kollam,Other,Beverages,0.5,12000,13000,12500,11 Nov 2011
Kerala,Kollam,Kollam,Other,Beverages,0.5,12000,13000,12500,10 Nov 2011
Kerala,Kollam,Kollam,Other,Beverages,0.5,12000,13000,12500,09 Nov 2011
Kerala,Kollam,Kollam,Other,Beverages,0.5,12000,13000,12500,08 Nov 2011
Kerala,Kollam,Kollam,Other,Beverages,0.5,12000,13000,12500,04 Nov 2011
Kerala,Kollam,Kollam,Other,Beverages,0.5,12000,13000,12500,03 Nov 2011
Kerala,Kollam,Kollam,Other,Beverages,0.5,12000,13000,12500,02 Nov 2011
Kerala,Kollam,Kollam,Other,Beverages,0.5,12000,13000,12500,28 Oct 2011
Kerala,Kollam,Kollam,Other,Beverages,0.5,12000,13000,12500,27 Oct 2011
Kerala,Kollam,Kollam,Other,Beverages,0.5,12000,13000,12500,25 Oct 2011
Kerala,Kollam,Kollam,Other,Beverages,0.5,12000,13000,12500,24 Oct 2011
Kerala,Kollam,Kollam,Other,Beverages,0.5,12000,13000,12500,22 Oct 2011
Kerala,Kollam,Kollam,Other,Beverages,0.5,12000,13000,12500,21 Oct 2011
Kerala,Kollam,Kollam,Other,Beverages,0.5,12000,13000,12500,20 Oct 2011
Kerala,Kollam,Kollam,Other,Beverages,0.5,12000,13000,12500,19 Oct 2011
Kerala,Kollam,Kollam,Other,Beverages,0.5,12000,13000,12500,18 Oct 2011
Kerala,Kollam,Kollam,Other,Beverages,0.5,12000,13000,12500,17 Oct 2011
Kerala,Kollam,Kollam,Other,Beverages,0.5,12000,13000,12500,15 Oct 2011
Kerala,Kollam,Kollam,Other,Beverages,0.5,12000,13000,12500,14 Oct 2011
Kerala,Kollam,Kollam,Other,Beverages,0.5,12000,13000,12500,13 Oct 2011
Kerala,Kollam,Kollam,Other,Beverages,0.5,12000,13000,12500,12 Oct 2011
Kerala,Kollam,Kollam,Other,Beverages,0.5,12000,13000,12500,11 Oct 2011
Kerala,Kollam,Kollam,Other,Beverages,0.5,12000,13000,12500,10 Oct 2011
Kerala,Kollam,Kollam,Other,Beverages,0.5,12000,13000,12500,07 Oct 2011
Kerala,Kollam,Kollam,Other,Beverages,0.5,12000,13000,12500,04 Oct 2011
Kerala,Kollam,Kollam,Other,Beverages,0.5,12000,13000,12500,03 Oct 2011
Kerala,Kollam,Kollam,Other,Beverages,0.5,12000,13000,12500,01 Oct 2011
Kerala,Kollam,Kollam,Other,Beverages,0.5,12000,13000,12500,30 Sep 2011
Kerala,Kollam,Kollam,Other,Beverages,0.5,12000,13000,12500,29 Sep 2011
Kerala,Kollam,Kollam,Other,Beverages,0.5,12000,13000,12500,28 Sep 2011
Kerala,Kollam,Kollam,Other,Beverages,0.5,12000,13000,12500,07 Sep 2011
Kerala,Kollam,Kollam,Other,Beverages,0.5,12000,13000,12500,06 Sep 2011
Kerala,Kollam,Kollam,Other,Beverages,0.5,12000,13000,12500,05 Sep 2011
Kerala,Kollam,Kollam,Other,Beverages,0.5,12500,13500,13000,03 Sep 2011
Kerala,Kollam,Kollam,Other,Beverages,0.5,12000,13000,12500,02 Sep 2011
Kerala,Kollam,Kollam,Other,Beverages,0.5,12000,13000,12500,01 Sep 2011
Kerala,Kollam,Kollam,Other,Beverages,0.5,12000,13000,12500,26 Aug 2011
Kerala,Kollam,Kollam,Other,Beverages,0.5,12000,13000,12500,25 Aug 2011
Kerala,Kollam,Kollam,Other,Beverages,0.5,12000,13000,12500,24 Aug 2011
Kerala,Kollam,Kollam,Other,Beverages,0.5,12000,13000,12500,23 Aug 2011
Kerala,Kollam,Kollam,Other,Beverages,0.5,12000,13000,12500,22 Aug 2011
Kerala,Kollam,Kollam,Other,Beverages,0.5,12000,13000,12500,20 Aug 2011
Kerala,Kollam,Kollam,Other,Beverages,0.5,12000,13000,12500,19 Aug 2011
Kerala,Kollam,Kollam,Other,Beverages,0.5,12000,13000,12500,18 Aug 2011
Kerala,Kollam,Kollam,Other,Beverages,0.5,12000,13000,12500,17 Aug 2011
Kerala,Kollam,Kollam,Other,Beverages,0.5,12000,13000,12500,16 Aug 2011
Kerala,Kollam,Kollam,Other,Beverages,0.5,12000,13000,12500,12 Aug 2011
Kerala,Kollam,Kollam,Other,Beverages,0.5,12000,13000,12500,11 Aug 2011
Kerala,Kollam,Kollam,Other,Beverages,0.5,12500,13000,12800,10 Aug 2011
Kerala,Kollam,Kollam,Other,Beverages,0.5,12000,13000,12500,09 Aug 2011
Kerala,Kollam,Kollam,Other,Beverages,0.5,12000,13000,12500,08 Aug 2011
Kerala,Kollam,Kollam,Other,Beverages,0.5,12000,13000,12500,06 Aug 2011
Kerala,Kollam,Kollam,Other,Beverages,0.5,12000,13000,12500,05 Aug 2011
Kerala,Kollam,Kollam,Other,Beverages,0.5,12000,13000,12500,04 Aug 2011
Kerala,Kollam,Kollam,Other,Beverages,0.5,12000,13000,12500,03 Aug 2011
Kerala,Kollam,Kollam,Other,Beverages,0.5,12000,13000,12500,02 Aug 2011
Kerala,Kollam,Kollam,Other,Beverages,0.5,12000,13000,12500,01 Aug 2011
Kerala,Kollam,Kollam,Other,Beverages,0.5,12000,13000,12500,26 Jul 2011
Kerala,Kollam,Kollam,Other,Beverages,0.5,12000,13000,12500,25 Jul 2011
Kerala,Kollam,Kollam,Other,Beverages,0.5,12000,13000,12500,23 Jul 2011
Kerala,Kollam,Kollam,Other,Beverages,0.5,12000,13000,12500,22 Jul 2011
Kerala,Kollam,Kollam,Other,Beverages,0.5,12000,13000,12500,21 Jul 2011
Kerala,Kollam,Kollam,Other,Beverages,0.5,12000,13000,12500,20 Jul 2011
Kerala,Kollam,Kollam,Other,Beverages,0.5,12000,13000,12500,19 Jul 2011
Kerala,Kollam,Kollam,Other,Beverages,0.5,12000,13000,12500,18 Jul 2011
Kerala,Kollam,Kollam,Other,Beverages,0.5,12000,13000,12500,16 Jul 2011
Kerala,Kollam,Kollam,Other,Beverages,0.5,12000,13000,12500,15 Jul 2011
Kerala,Kollam,Kollam,Other,Beverages,0.5,12000,13000,12500,14 Jul 2011
Kerala,Kollam,Kollam,Other,Beverages,0.5,12000,13000,12500,13 Jul 2011
Kerala,Kollam,Kollam,Other,Beverages,0.5,12000,13000,12500,12 Jul 2011
Kerala,Kollam,Kollam,Other,Beverages,0.5,12000,13000,12500,11 Jul 2011
Kerala,Kollam,Kollam,Other,Beverages,0.5,12000,13000,12500,08 Jul 2011
Kerala,Kollam,Kollam,Other,Beverages,0.5,12000,13000,12500,07 Jul 2011
Kerala,Kollam,Kollam,Other,Beverages,0.5,12000,13000,12500,06 Jul 2011
Kerala,Kollam,Kollam,Other,Beverages,0.5,12000,13000,12500,05 Jul 2011
Kerala,Kollam,Kollam,Other,Beverages,0.5,12000,13000,12500,04 Jul 2011
Kerala,Kollam,Kollam,Other,Beverages,0.5,12000,13000,12500,02 Jul 2011
Kerala,Kollam,Kollam,Other,Beverages,0.5,12500,13000,12800,01 Jul 2011
Kerala,Kollam,Kollam,Other,Beverages,0.5,12000,13000,12500,30 Jun 2011
Kerala,Kollam,Kollam,Other,Beverages,0.5,12000,13000,12500,25 Jun 2011
Kerala,Kollam,Kollam,Other,Beverages,0.5,12000,13000,12500,24 Jun 2011
Kerala,Kollam,Kollam,Other,Beverages,0.5,12000,13000,12500,22 Jun 2011
Kerala,Kollam,Kollam,Other,Beverages,0.5,12000,13000,12500,21 Jun 2011
Kerala,Kollam,Kollam,Other,Beverages,0.5,12000,13000,12500,20 Jun 2011
Kerala,Kollam,Kollam,Other,Beverages,0.5,12000,13000,12500,18 Jun 2011
Kerala,Kollam,Kollam,Other,Beverages,0.5,12000,13000,12500,17 Jun 2011
Kerala,Kollam,Kollam,Other,Beverages,0.5,12500,13000,12800,16 Jun 2011
Kerala,Kollam,Kollam,Other,Beverages,0.5,12500,13000,12800,15 Jun 2011
Kerala,Kollam,Kollam,Other,Beverages,0.5,12000,13000,12500,14 Jun 2011
Kerala,Kollam,Kollam,Other,Beverages,0.5,12600,13000,12800,13 Jun 2011
Kerala,Kollam,Kollam,Other,Beverages,0.5,12600,13000,12800,10 Jun 2011
Kerala,Kollam,Kollam,Other,Beverages,0.5,12000,13000,12500,09 Jun 2011
Kerala,Kollam,Kollam,Other,Beverages,0.5,12000,13000,12500,08 Jun 2011
Kerala,Kollam,Kollam,Other,Beverages,0.5,12000,13000,12500,07 Jun 2011
Kerala,Kollam,Kollam,Other,Beverages,0.5,12000,13000,12500,06 Jun 2011
Kerala,Kollam,Kollam,Other,Beverages,0.5,12800,13000,12900,04 Jun 2011
Kerala,Kollam,Kollam,Other,Beverages,0.5,13000,13500,13300,03 Jun 2011
Kerala,Kollam,Kollam,Other,Beverages,0.5,13000,13500,13300,02 Jun 2011
Kerala,Kollam,Kollam,Other,Beverages,0.5,13000,13500,13300,01 Jun 2011
Kerala,Kollam,Kollam,Other,Beverages,0.5,13000,14000,13500,30 May 2011
Kerala,Kollam,Kollam,Other,Beverages,0.5,13000,14000,13500,27 May 2011
Kerala,Kollam,Kollam,Other,Beverages,0.5,13000,14000,13500,26 May 2011
Kerala,Kollam,Kollam,Other,Beverages,0.5,13000,14000,13500,25 May 2011
Kerala,Kollam,Kollam,Other,Beverages,0.5,13000,14000,13500,24 May 2011
Kerala,Kollam,Kollam,Other,Beverages,0.5,13000,14000,13500,23 May 2011
Kerala,Kollam,Kollam,Other,Beverages,0.5,13000,14000,13500,21 May 2011
Kerala,Kollam,Kollam,Other,Beverages,0.5,13000,14000,13500,19 May 2011
Kerala,Kollam,Kollam,Other,Beverages,0.5,13000,14000,13500,18 May 2011
Kerala,Kollam,Kollam,Other,Beverages,0.5,13000,14000,13500,17 May 2011
Kerala,Kollam,Kollam,Other,Beverages,0.5,13000,14000,13500,16 May 2011
Kerala,Kollam,Kollam,Other,Beverages,0.5,12500,13500,13000,13 May 2011
Kerala,Kollam,Kollam,Other,Beverages,0.5,12500,13500,13000,12 May 2011
Kerala,Kollam,Kollam,Other,Beverages,0.5,12500,13500,13000,11 May 2011
Kerala,Kollam,Kollam,Other,Beverages,0.5,12500,13500,13000,10 May 2011
Kerala,Kollam,Kollam,Other,Beverages,0.5,12500,13500,13000,09 May 2011
Kerala,Kollam,Kollam,Other,Beverages,0.5,12500,13500,13000,07 May 2011
Kerala,Kollam,Kollam,Other,Beverages,0.5,13100,13500,13300,06 May 2011
Kerala,Kollam,Kollam,Other,Beverages,0.5,12500,13500,13000,05 May 2011
Kerala,Kollam,Kollam,Other,Beverages,0.5,12500,13500,13000,04 May 2011
Kerala,Kollam,Kollam,Other,Beverages,0.5,12500,13500,13000,03 May 2011
Kerala,Kollam,Kollam,Other,Beverages,0.5,13000,14000,13500,30 Apr 2011
Kerala,Kollam,Kollam,Other,Beverages,0.5,13000,14000,13500,28 Apr 2011
Kerala,Kollam,Kollam,Other,Beverages,0.5,13000,14000,13500,27 Apr 2011
Kerala,Kollam,Kollam,Other,Beverages,0.5,13000,14000,13500,26 Apr 2011
Kerala,Kollam,Kollam,Other,Beverages,0.5,13000,14000,13500,25 Apr 2011
Kerala,Kollam,Kollam,Other,Beverages,0.5,13000,14000,13500,23 Apr 2011
Kerala,Kollam,Kollam,Other,Beverages,0.5,13000,14000,13500,20 Apr 2011
Kerala,Kollam,Kollam,Other,Beverages,0.5,13000,14000,13500,19 Apr 2011
Kerala,Kollam,Kollam,Other,Beverages,0.5,13000,14000,13500,18 Apr 2011
Kerala,Kollam,Kollam,Other,Beverages,0.5,13000,14000,13500,16 Apr 2011
Kerala,Kollam,Kollam,Other,Beverages,0.5,13000,14000,13500,12 Apr 2011
Kerala,Kollam,Kollam,Other,Beverages,0.5,13000,14000,13500,11 Apr 2011
Kerala,Kollam,Kollam,Other,Beverages,0.5,13000,14000,13500,08 Apr 2011
Kerala,Kollam,Kollam,Other,Beverages,0.5,13000,14000,13500,07 Apr 2011
Kerala,Kollam,Kollam,Other,Beverages,0.5,13000,14000,13500,06 Apr 2011
Kerala,Kollam,Kollam,Other,Beverages,0.5,13000,14000,13500,05 Apr 2011
Kerala,Kollam,Kollam,Other,Beverages,0.5,13000,14000,13500,02 Apr 2011
Kerala,Kollam,Kollam,Other,Beverages,0.5,13000,14000,13500,01 Apr 2011
Kerala,Kollam,Kollam,Other,Beverages,0.5,13000,14000,13500,29 Mar 2011
Kerala,Kollam,Kollam,Other,Beverages,0.5,13000,14000,13500,28 Mar 2011
Kerala,Kollam,Kollam,Other,Beverages,0.5,13000,14000,13500,26 Mar 2011
Kerala,Kollam,Kollam,Other,Beverages,0.5,13000,14000,13500,25 Mar 2011
Kerala,Kollam,Kollam,Other,Beverages,0.5,13000,14000,13500,24 Mar 2011
Kerala,Kollam,Kollam,Other,Beverages,0.5,13000,14000,13500,23 Mar 2011
Kerala,Kollam,Kollam,Other,Beverages,0.5,13000,14000,13500,22 Mar 2011
Kerala,Kollam,Kollam,Other,Beverages,0.5,13000,14000,13500,21 Mar 2011
Kerala,Kollam,Kollam,Other,Beverages,0.5,13000,14000,13500,19 Mar 2011
Kerala,Kollam,Kollam,Other,Beverages,0.5,13000,14000,13500,18 Mar 2011
Kerala,Kollam,Kollam,Other,Beverages,0.5,13000,14000,13500,17 Mar 2011
Kerala,Kollam,Kollam,Other,Beverages,0.5,13000,14000,13500,16 Mar 2011
Kerala,Kollam,Kollam,Other,Beverages,0.5,13000,14000,13500,15 Mar 2011
Kerala,Kollam,Kollam,Other,Beverages,0.5,13000,14000,13500,14 Mar 2011
Kerala,Kollam,Kollam,Other,Beverages,0.5,13000,14000,13500,11 Mar 2011
Kerala,Kollam,Kollam,Other,Beverages,0.5,13000,14000,13500,10 Mar 2011
Kerala,Kollam,Kollam,Other,Beverages,0.5,13000,14000,13500,09 Mar 2011
Kerala,Kollam,Kollam,Other,Beverages,0.5,13000,14000,13500,08 Mar 2011
Kerala,Kollam,Kollam,Other,Beverages,0.5,13600,14000,13800,07 Mar 2011
Kerala,Kollam,Kollam,Other,Beverages,0.5,13000,14000,13500,05 Mar 2011
Kerala,Kollam,Kollam,Other,Beverages,0.5,13000,14000,13500,04 Mar 2011
Kerala,Kollam,Kollam,Other,Beverages,0.5,13000,14000,13500,03 Mar 2011
Kerala,Kollam,Kollam,Other,Beverages,0.5,13000,14000,13500,01 Mar 2011
Kerala,Kollam,Kollam,Other,Beverages,0.5,13000,14000,13500,26 Feb 2011
Kerala,Kollam,Kollam,Other,Beverages,0.5,13000,14000,13500,25 Feb 2011
Kerala,Kollam,Kollam,Other,Beverages,0.5,13000,14000,13500,24 Feb 2011
Kerala,Kollam,Kollam,Other,Beverages,0.5,13000,14000,13500,23 Feb 2011
Kerala,Kollam,Kollam,Other,Beverages,0.5,13000,14000,13500,22 Feb 2011
Kerala,Kollam,Kollam,Other,Beverages,0.5,13000,14000,13500,21 Feb 2011
Kerala,Kollam,Kollam,Other,Beverages,0.5,13000,14000,13500,19 Feb 2011
Kerala,Kollam,Kollam,Other,Beverages,0.5,13000,14000,13500,18 Feb 2011
Kerala,Kollam,Kollam,Other,Beverages,0.5,13000,14000,13500,17 Feb 2011
Kerala,Kollam,Kollam,Other,Beverages,0.5,13000,14000,13500,16 Feb 2011
Kerala,Kollam,Kollam,Other,Beverages,0.5,13000,14000,13500,14 Feb 2011
Kerala,Kollam,Kollam,Other,Beverages,0.5,13000,14000,13500,11 Feb 2011
Kerala,Kollam,Kollam,Other,Beverages,0.5,13000,14000,13500,10 Feb 2011
Kerala,Kollam,Kollam,Other,Beverages,0.5,13000,14000,13500,09 Feb 2011
Kerala,Kollam,Kollam,Other,Beverages,0.5,13000,14000,13500,08 Feb 2011
Kerala,Kollam,Kollam,Other,Beverages,0.5,13000,14000,13500,07 Feb 2011
Kerala,Kollam,Kollam,Other,Beverages,0.5,13000,14000,13500,05 Feb 2011
Kerala,Kollam,Kollam,Other,Beverages,0.5,13000,14000,13500,04 Feb 2011
Kerala,Kollam,Kollam,Other,Beverages,0.5,13000,14000,13500,03 Feb 2011
Kerala,Kollam,Kollam,Other,Beverages,0.5,13000,14000,13500,02 Feb 2011
Kerala,Kollam,Kollam,Other,Beverages,0.5,13000,14000,13500,01 Feb 2011
Kerala,Kollam,Kollam,Other,Beverages,0.5,13000,14000,13500,29 Jan 2011
Kerala,Kollam,Kollam,Other,Beverages,0.5,13000,14000,13500,28 Jan 2011
Kerala,Kollam,Kollam,Other,Beverages,0.5,13000,14000,13500,27 Jan 2011
Kerala,Kollam,Kollam,Other,Beverages,0.5,13000,14000,13500,25 Jan 2011
Kerala,Kollam,Kollam,Other,Beverages,0.5,13000,14000,13500,24 Jan 2011
Kerala,Kollam,Kollam,Other,Beverages,0.5,13000,14000,13500,22 Jan 2011
Kerala,Kollam,Kollam,Other,Beverages,0.5,13000,14000,13500,21 Jan 2011
Kerala,Kollam,Kollam,Other,Beverages,0.5,13000,14000,13500,20 Jan 2011
Kerala,Kollam,Kollam,Other,Beverages,0.5,13000,14000,13500,19 Jan 2011
Kerala,Kollam,Kollam,Other,Beverages,0.5,13000,14000,13500,18 Jan 2011
Kerala,Kollam,Kollam,Other,Beverages,0.5,13000,14000,13500,17 Jan 2011
Kerala,Kollam,Kollam,Other,Beverages,0.5,13000,14000,13500,15 Jan 2011
Kerala,Kollam,Kollam,Other,Beverages,0.5,13000,14000,13500,14 Jan 2011
Kerala,Kollam,Kollam,Other,Beverages,0.5,13000,14000,13500,13 Jan 2011
Kerala,Kollam,Kollam,Other,Beverages,0.5,13000,14000,13500,12 Jan 2011
Kerala,Kollam,Kollam,Other,Beverages,0.5,13000,14000,13500,11 Jan 2011
Kerala,Kollam,Kollam,Other,Beverages,0.5,13000,14000,13500,10 Jan 2011
Kerala,Kollam,Kollam,Other,Beverages,0.5,13000,14000,13500,07 Jan 2011
Kerala,Kollam,Kollam,Other,Beverages,0.5,13000,14000,13500,06 Jan 2011
Kerala,Kollam,Kollam,Other,Beverages,0.5,13000,14000,13500,05 Jan 2011
Kerala,Kollam,Kollam,Other,Beverages,0.5,13000,14000,13500,04 Jan 2011
Kerala,Kollam,Kollam,Other,Beverages,0.5,13000,14000,13500,03 Jan 2011
Kerala,Kollam,Kollam,Other,Beverages,0.5,13000,14000,13500,01 Jan 2011
Kerala,Kollam,Kollam,Other,Beverages,0.2,13000,14000,13500,28 Dec 2010
Kerala,Kollam,Kollam,Other,Beverages,0.5,13000,14000,13500,27 Dec 2010
Kerala,Kollam,Kollam,Other,Beverages,0.5,13000,14000,13500,23 Dec 2010
Kerala,Kollam,Kollam,Other,Beverages,0.5,13000,14000,13500,22 Dec 2010
Kerala,Kollam,Kollam,Other,Beverages,0.5,13000,14000,13500,21 Dec 2010
Kerala,Kollam,Kollam,Other,Beverages,0.5,13000,14000,13500,20 Dec 2010
Kerala,Kollam,Kollam,Other,Beverages,0.5,13000,14000,13500,18 Dec 2010
Kerala,Kollam,Kollam,Other,Beverages,0.5,13000,14000,13500,17 Dec 2010
Kerala,Kollam,Kollam,Other,Beverages,0.5,13000,14000,13500,15 Dec 2010
Kerala,Kollam,Kollam,Other,Beverages,0.5,13000,14000,13500,14 Dec 2010
Kerala,Kollam,Kollam,Other,Beverages,0.5,13000,14000,13500,13 Dec 2010
Kerala,Kollam,Kollam,Other,Beverages,0.5,13000,14000,13500,10 Dec 2010
Kerala,Kollam,Kollam,Other,Beverages,0.5,13000,14000,13500,09 Dec 2010
Kerala,Kollam,Kollam,Other,Beverages,0.5,13000,14000,13500,08 Dec 2010
Kerala,Kollam,Kollam,Other,Beverages,0.5,13000,14000,13500,07 Dec 2010
Kerala,Kollam,Kollam,Other,Beverages,0.5,13000,14000,13500,06 Dec 2010
Kerala,Kollam,Kollam,Other,Beverages,0.5,13000,14000,13500,04 Dec 2010
Kerala,Kollam,Kollam,Other,Beverages,0.5,13000,14000,13500,03 Dec 2010
Kerala,Kollam,Kollam,Other,Beverages,0.5,13000,14000,13500,02 Dec 2010
Kerala,Kollam,Kollam,Other,Beverages,0.5,13000,14000,13500,01 Dec 2010
Kerala,Kollam,Kollam,Other,Beverages,0.5,13000,14000,13500,27 Nov 2010
Kerala,Kollam,Kollam,Other,Beverages,0.5,13000,14000,13500,26 Nov 2010
Kerala,Kollam,Kollam,Other,Beverages,0.5,13000,14000,13500,25 Nov 2010
Kerala,Kollam,Kollam,Other,Beverages,0.5,13000,14000,13500,24 Nov 2010
Kerala,Kollam,Kollam,Other,Beverages,0.5,13000,14000,13500,23 Nov 2010
Kerala,Kollam,Kollam,Other,Beverages,0.5,13000,14000,13500,22 Nov 2010
Kerala,Kollam,Kollam,Other,Beverages,0.5,13000,14000,13500,20 Nov 2010
Kerala,Kollam,Kollam,Other,Beverages,0.5,13000,14000,13500,19 Nov 2010
Kerala,Kollam,Kollam,Other,Beverages,0.5,13000,14000,13500,18 Nov 2010
Kerala,Kollam,Kollam,Other,Beverages,0.4,13000,14000,13500,16 Nov 2010
Kerala,Kollam,Kollam,Other,Beverages,0.5,13000,14000,13500,15 Nov 2010
Kerala,Kollam,Kollam,Other,Beverages,0.5,13000,14000,13500,12 Nov 2010
Kerala,Kollam,Kollam,Other,Beverages,0.5,13000,14000,13500,11 Nov 2010
Kerala,Kollam,Kollam,Other,Beverages,0.5,13000,14000,13500,10 Nov 2010
Kerala,Kollam,Kollam,Other,Beverages,0.5,13000,14000,13500,09 Nov 2010
Kerala,Kollam,Kollam,Other,Beverages,0.5,13000,14000,13500,08 Nov 2010
Kerala,Kollam,Kollam,Other,Beverages,0.5,13000,14000,13500,06 Nov 2010
Kerala,Kollam,Kollam,Other,Beverages,0.5,13000,14000,13500,04 Nov 2010
Kerala,Kollam,Kollam,Other,Beverages,0.5,13000,14000,13500,03 Nov 2010
Kerala,Kollam,Kollam,Other,Beverages,0.5,13000,14000,13500,02 Nov 2010
Kerala,Kollam,Kollam,Other,Beverages,0.5,13000,14000,13500,01 Nov 2010
Kerala,Kollam,Kollam,Other,Beverages,0.5,13000,14000,13500,30 Oct 2010
Kerala,Kollam,Kollam,Other,Beverages,0.5,13000,14000,13500,29 Oct 2010
Kerala,Kollam,Kollam,Other,Beverages,0.5,13000,14000,13500,28 Oct 2010
Kerala,Kollam,Kollam,Other,Beverages,0.5,13000,14000,13500,26 Oct 2010
Kerala,Kollam,Kollam,Other,Beverages,0.5,13000,14000,13500,25 Oct 2010
Kerala,Kollam,Kollam,Other,Beverages,0.5,13000,14000,13500,21 Oct 2010
Kerala,Kollam,Kollam,Other,Beverages,0.5,13000,14000,13500,20 Oct 2010
Kerala,Kollam,Kollam,Other,Beverages,0.5,13000,14000,13500,19 Oct 2010
Kerala,Kollam,Kollam,Other,Beverages,0.5,13000,14000,13500,18 Oct 2010
Kerala,Kollam,Kollam,Other,Beverages,0.5,13000,14000,13500,15 Oct 2010
Kerala,Kollam,Kollam,Other,Beverages,0.5,13000,14000,13500,14 Oct 2010
Kerala,Kollam,Kollam,Other,Beverages,0.5,13000,14000,13500,13 Oct 2010
Kerala,Kollam,Kollam,Other,Beverages,0.5,13000,14000,13500,12 Oct 2010
Kerala,Kollam,Kollam,Other,Beverages,0.5,13000,14000,13500,11 Oct 2010
Kerala,Kollam,Kollam,Other,Beverages,0.5,13000,14000,13500,08 Oct 2010
Kerala,Kollam,Kollam,Other,Beverages,0.5,13000,14000,13500,07 Oct 2010
Kerala,Kollam,Kollam,Other,Beverages,0.5,13000,14000,13500,06 Oct 2010
Kerala,Kollam,Kollam,Other,Beverages,0.5,13000,14000,13500,05 Oct 2010
Kerala,Kollam,Kollam,Other,Beverages,0.5,13000,14000,13500,04 Oct 2010
Kerala,Kollam,Kollam,Other,Beverages,0.5,13000,14000,13500,01 Oct 2010
Kerala,Kollam,Kollam,Other,Beverages,0.5,13000,14000,13500,30 Sep 2010
Kerala,Kollam,Kollam,Other,Beverages,0.5,13000,14000,13500,29 Sep 2010
Kerala,Kollam,Kollam,Other,Beverages,0.5,13000,14000,13500,28 Sep 2010
Kerala,Kollam,Kollam,Other,Beverages,0.5,13000,14000,13500,27 Sep 2010
Kerala,Kollam,Kollam,Other,Beverages,0.5,13000,14000,13500,25 Sep 2010
Kerala,Kollam,Kollam,Other,Beverages,0.5,13000,14000,13500,24 Sep 2010
Kerala,Kollam,Kollam,Other,Beverages,0.5,13000,14000,13500,23 Sep 2010
Kerala,Kollam,Kollam,Other,Beverages,0.5,13000,14000,13500,22 Sep 2010
Kerala,Kollam,Kollam,Other,Beverages,0.5,13000,14000,13500,20 Sep 2010
Kerala,Kollam,Kollam,Other,Beverages,0.5,13000,14000,13500,18 Sep 2010
Kerala,Kollam,Kollam,Other,Beverages,0.5,13000,14000,13500,17 Sep 2010
Kerala,Kollam,Kollam,Other,Beverages,0.5,13000,14000,13500,16 Sep 2010
Kerala,Kollam,Kollam,Other,Beverages,0.5,13000,14000,13500,15 Sep 2010
Kerala,Kollam,Kollam,Other,Beverages,0.5,13000,14000,13500,14 Sep 2010
Kerala,Kollam,Kollam,Other,Beverages,0.5,13000,14000,13500,13 Sep 2010
Kerala,Kollam,Kollam,Other,Beverages,0.5,13000,14000,13500,09 Sep 2010
Kerala,Kollam,Kollam,Other,Beverages,0.5,13000,14000,13500,08 Sep 2010
Kerala,Kollam,Kollam,Other,Beverages,0.5,13000,14000,13500,06 Sep 2010
Kerala,Kollam,Kollam,Other,Beverages,0.5,13000,14000,13500,04 Sep 2010
Kerala,Kollam,Kollam,Other,Beverages,0.5,13000,14000,13500,03 Sep 2010
Kerala,Kollam,Kollam,Other,Beverages,0.5,13000,14000,13500,02 Sep 2010
Kerala,Kollam,Kollam,Other,Beverages,0.4,13000,14000,13500,31 Aug 2010
Kerala,Kollam,Kollam,Other,Beverages,0.5,13000,14000,13500,30 Aug 2010
Kerala,Kollam,Kollam,Other,Beverages,0.5,13000,14000,13500,28 Aug 2010
Kerala,Kollam,Kollam,Other,Beverages,0.5,13000,14000,13500,27 Aug 2010
Kerala,Kollam,Kollam,Other,Beverages,0.5,13000,14000,13500,26 Aug 2010
Kerala,Kollam,Kollam,Other,Beverages,0.5,13000,14000,13500,21 Aug 2010
Kerala,Kollam,Kollam,Other,Beverages,0.5,13000,14000,13500,20 Aug 2010
Kerala,Kollam,Kollam,Other,Beverages,0.5,13000,14000,13500,19 Aug 2010
Kerala,Kollam,Kollam,Other,Beverages,0.5,13000,14000,13500,18 Aug 2010
Kerala,Kollam,Kollam,Other,Beverages,0.5,13000,14000,13500,17 Aug 2010
Kerala,Kollam,Kollam,Other,Beverages,0.5,13000,14000,13500,16 Aug 2010
Kerala,Kollam,Kollam,Other,Beverages,0.5,13000,14000,13500,13 Aug 2010
Kerala,Kollam,Kollam,Other,Beverages,0.5,13000,14000,13500,12 Aug 2010
Kerala,Kollam,Kollam,Other,Beverages,0.5,13000,14000,13500,11 Aug 2010
Kerala,Kollam,Kollam,Other,Beverages,0.5,13000,14000,13500,10 Aug 2010
Kerala,Kollam,Kollam,Other,Beverages,0.5,13000,14000,13500,07 Aug 2010
Kerala,Kollam,Kollam,Other,Beverages,0.5,13000,14000,13500,06 Aug 2010
Kerala,Kollam,Kollam,Other,Beverages,0.5,13000,14000,13500,05 Aug 2010
Kerala,Kollam,Kollam,Other,Beverages,0.5,13000,14000,13500,04 Aug 2010
Kerala,Kollam,Kollam,Other,Beverages,0.5,13000,14000,13500,03 Aug 2010
Kerala,Kollam,Kollam,Other,Beverages,0.5,13000,14000,13500,02 Aug 2010
Kerala,Kollam,Kollam,Other,Beverages,0.5,13000,14000,13500,31 Jul 2010
Kerala,Kollam,Kollam,Other,Beverages,0.5,13000,14000,13500,30 Jul 2010
Kerala,Kollam,Kollam,Other,Beverages,0.45,13000,14000,13750,28 Jul 2010
Kerala,Kollam,Kollam,Other,Beverages,0.5,13000,14000,13500,27 Jul 2010
Kerala,Kollam,Kollam,Other,Beverages,0.5,13000,14000,13500,26 Jul 2010
Kerala,Kollam,Kollam,Other,Beverages,0.5,13000,14000,13500,24 Jul 2010
Kerala,Kollam,Kollam,Other,Beverages,0.5,13000,14000,13500,23 Jul 2010
Kerala,Kollam,Kollam,Other,Beverages,0.5,13000,14000,13500,22 Jul 2010
Kerala,Kollam,Kollam,Other,Beverages,0.5,13000,14000,13500,21 Jul 2010
Kerala,Kollam,Kollam,Other,Beverages,0.5,13000,14000,13500,20 Jul 2010
Kerala,Kollam,Kollam,Other,Beverages,0.5,13000,14000,13500,19 Jul 2010
Kerala,Kollam,Kollam,Other,Beverages,0.5,13000,14000,13500,17 Jul 2010
Kerala,Kollam,Kollam,Other,Beverages,0.5,13000,14000,13500,16 Jul 2010
Kerala,Kollam,Kollam,Other,Beverages,0.5,13000,14000,13500,15 Jul 2010
Kerala,Kollam,Kollam,Other,Beverages,0.5,13000,14000,13500,14 Jul 2010
Kerala,Kollam,Kollam,Other,Beverages,0.5,13000,14000,13500,13 Jul 2010
Kerala,Kollam,Kollam,Other,Beverages,0.5,13000,14000,13500,12 Jul 2010
Kerala,Kollam,Kollam,Other,Beverages,0.5,13000,14000,13500,08 Jul 2010
Kerala,Kollam,Kollam,Other,Beverages,0.5,13000,14000,13500,07 Jul 2010
Kerala,Kollam,Kollam,Other,Beverages,0.5,13000,14000,13500,06 Jul 2010
Kerala,Kollam,Kollam,Other,Beverages,0.5,13000,14000,13500,03 Jul 2010
Kerala,Kollam,Kollam,Other,Beverages,0.5,13000,14000,13500,02 Jul 2010
Kerala,Kollam,Kollam,Other,Beverages,0.5,13000,14000,13500,01 Jul 2010
Kerala,Kollam,Kollam,Other,Beverages,0.5,13000,14000,13500,30 Jun 2010
Kerala,Kollam,Kollam,Other,Beverages,0.5,13000,14000,13500,28 Jun 2010
Kerala,Kollam,Kollam,Other,Beverages,0.5,13000,14000,13500,25 Jun 2010
Kerala,Kollam,Kollam,Other,Beverages,0.5,13000,14000,13500,24 Jun 2010
Kerala,Kollam,Kollam,Other,Beverages,0.5,13000,14000,13500,23 Jun 2010
Kerala,Kollam,Kollam,Other,Beverages,0.5,13000,14000,13500,22 Jun 2010
Kerala,Kollam,Kollam,Other,Beverages,0.5,13000,14000,13500,21 Jun 2010
Kerala,Kollam,Kollam,Other,Beverages,0.5,13000,14000,13500,19 Jun 2010
Kerala,Kollam,Kollam,Other,Beverages,0.4,13000,14000,13500,18 Jun 2010
Kerala,Kollam,Kollam,Other,Beverages,0.4,13000,14000,13500,17 Jun 2010
Kerala,Kollam,Kollam,Other,Beverages,0.5,13000,14000,13500,16 Jun 2010
Kerala,Kollam,Kollam,Other,Beverages,0.5,13000,14000,13500,15 Jun 2010
Kerala,Kollam,Kollam,Other,Beverages,0.7,13000,14000,13500,11 Jun 2010
Kerala,Kollam,Kollam,Other,Beverages,0.5,13000,14000,13500,10 Jun 2010
Kerala,Kollam,Kollam,Other,Beverages,0.5,13000,14000,13500,09 Jun 2010
Kerala,Kollam,Kollam,Other,Beverages,0.5,13000,14000,13500,08 Jun 2010
Kerala,Kollam,Kollam,Other,Beverages,0.7,13000,14000,13500,07 Jun 2010
Kerala,Kollam,Kollam,Other,Beverages,0.5,13000,14000,13500,05 Jun 2010
Kerala,Kollam,Kollam,Other,Beverages,0.5,13000,14000,13500,04 Jun 2010
Kerala,Kollam,Kollam,Other,Beverages,0.5,13000,14000,13500,03 Jun 2010
Kerala,Kollam,Kollam,Other,Beverages,0.5,13000,14000,13500,02 Jun 2010
Kerala,Kollam,Kollam,Other,Beverages,0.5,13600,14000,13800,01 Jun 2010
Kerala,Kollam,Kollam,Other,Beverages,0.5,13000,14000,13500,31 May 2010
Kerala,Kollam,Kollam,Other,Beverages,0.5,13600,14000,13800,28 May 2010
Kerala,Kollam,Kollam,Other,Beverages,0.5,13000,14000,13500,27 May 2010
Kerala,Kollam,Kollam,Other,Beverages,0.5,13000,14000,13500,26 May 2010
Kerala,Kollam,Kollam,Other,Beverages,0.5,13600,14000,13800,25 May 2010
Kerala,Kollam,Kollam,Other,Beverages,0.8,13600,14000,13800,24 May 2010
Kerala,Kollam,Kollam,Other,Beverages,0.5,13800,14000,13900,22 May 2010
Kerala,Kollam,Kollam,Other,Beverages,0.5,13000,14000,13500,21 May 2010
Kerala,Kollam,Kollam,Other,Beverages,0.5,13600,14000,13800,20 May 2010
Kerala,Kollam,Kollam,Other,Beverages,0.5,13800,14000,13900,19 May 2010
Kerala,Kollam,Kollam,Other,Beverages,0.5,13000,14000,13500,18 May 2010
Kerala,Kollam,Kollam,Other,Beverages,0.8,13000,14000,13500,17 May 2010
Kerala,Kollam,Kollam,Other,Beverages,0.5,13600,14000,13800,14 May 2010
Kerala,Kollam,Kollam,Other,Beverages,0.5,13000,14000,13500,13 May 2010
Kerala,Kollam,Kollam,Other,Beverages,0.8,13600,14000,13800,12 May 2010
Kerala,Kollam,Kollam,Other,Beverages,1.0,13500,14000,13800,03 May 2010
Kerala,Kollam,Kollam,Other,Beverages,0.2,11000,12000,11500,12 Apr 2010
Kerala,Kollam,Kollam,Other,Beverages,0.02,12500,14000,13000,19 Mar 2010
Kerala,Kollam,Kollam,Other,Beverages,0.01,12000,13000,12500,10 Mar 2010
Kerala,Kollam,Kollam,Other,Beverages,0.01,12000,13000,12500,05 Mar 2010
Kerala,Kollam,Kollam,Other,Beverages,0.01,12500,13000,12800,03 Mar 2010
Kerala,Kollam,Kollam,Other,Beverages,0.02,12500,13500,13000,17 Feb 2010
Kerala,Kollam,Kollam,Other,Beverages,0.02,12500,14000,13000,05 Feb 2010
Kerala,Kollam,Kollam,Other,Beverages,0.5,13800,14000,13900,01 Feb 2010
Kerala,Kollam,Kollam,Other,Beverages,0.8,12000,12500,12200,27 Jan 2010
Kerala,Kollam,Kollam,Other,Beverages,0.1,12500,14000,13000,15 Jan 2010
Kerala,Kollam,Kollam,Other,Beverages,0.5,13000,14000,13500,06 Jan 2010
Kerala,Kollam,Kollam,Other,Beverages,0.2,12500,13000,12800,04 Jan 2010
Kerala,Kollam,Kollam,Other,Beverages,0.2,13800,14000,13900,28 Dec 2009
Kerala,Kollam,Kollam,Other,Beverages,0.01,11000,12000,11500,22 Dec 2009
Kerala,Kollam,Kollam,Other,Beverages,0.5,11500,12000,11800,15 Dec 2009
Kerala,Kollam,Kollam,Other,Beverages,0.15,13000,13500,13250,08 Dec 2009
Kerala,Kollam,Kollam,Other,Beverages,0.1,12800,13000,12900,05 Dec 2009
Kerala,Kollam,Kollam,Other,Beverages,0.5,12400,12500,12450,02 Dec 2009
Kerala,Kollam,Kollam,Other,Beverages,0.2,12900,13000,12950,30 Nov 2009
Kerala,Kollam,Kollam,Other,Beverages,0.03,12900,13000,12950,25 Nov 2009
Kerala,Kollam,Kollam,Other,Beverages,2.0,13500,14000,13800,21 Nov 2009
Kerala,Kollam,Kollam,Other,Beverages,1.0,12900,13000,12950,19 Nov 2009
Kerala,Kollam,Kollam,Other,Beverages,2.0,13800,14000,13900,17 Nov 2009
Kerala,Kollam,Kollam,Other,Beverages,2.0,13900,14000,13950,13 Nov 2009
Kerala,Kollam,Kollam,Other,Beverages,2.0,13800,14000,13900,10 Nov 2009
Kerala,Kollam,Kollam,Other,Beverages,1.0,13900,14000,13950,03 Nov 2009
Kerala,Kollam,Kollam,Other,Beverages,2.0,13800,14000,13900,30 Oct 2009
Kerala,Kollam,Kollam,Other,Beverages,1.0,13800,14000,13900,23 Oct 2009
Kerala,Kollam,Kollam,Other,Beverages,2.0,14300,14500,14400,20 Oct 2009
Kerala,Kollam,Kollam,Other,Beverages,1.0,14400,14500,14450,13 Oct 2009
Kerala,Kollam,Kollam,Other,Beverages,3.0,14400,14500,14450,29 Sep 2009
Kerala,Kollam,Kollam,Other,Beverages,4.0,14000,14500,14300,25 Sep 2009
Kerala,Kollam,Kollam,Other,Beverages,2.0,13800,14000,13900,18 Sep 2009
Kerala,Kollam,Kollam,Other,Beverages,5.0,13800,14000,13900,15 Sep 2009
Kerala,Kollam,Kollam,Other,Beverages,2.0,12800,13000,12900,28 Aug 2009
Kerala,Kollam,Kollam,Other,Beverages,2.0,12800,13000,12900,25 Aug 2009
Kerala,Kollam,Kollam,Other,Beverages,5.0,14400,14500,14450,21 Aug 2009
Kerala,Kollam,Kollam,Other,Beverages,2.0,14400,14500,14450,14 Aug 2009
Kerala,Kollam,Kollam,Other,Beverages,2.0,14400,14500,14450,11 Aug 2009
Kerala,Kollam,Kollam,Other,Beverages,5.0,13800,14000,13900,07 Aug 2009
Kerala,Kollam,Kollam,Other,Beverages,4.0,14400,14500,14450,04 Aug 2009
Kerala,Kollam,Kollam,Other,Beverages,5.0,14400,14500,14450,31 Jul 2009
Kerala,Kollam,Kollam,Other,Beverages,6.0,13900,14000,13950,18 Jul 2009
Kerala,Kollam,Kollam,Other,Beverages,5.0,12800,13000,12900,10 Jul 2009
Kerala,Kollam,Kollam,Other,Beverages,3.0,13500,14000,13800,30 Jun 2009
Kerala,Kollam,Kollam,Other,Beverages,2.0,12800,13000,12900,24 Jun 2009
Kerala,Kollam,Kollam,Other,Beverages,2.0,12900,13000,12950,16 Jun 2009
Kerala,Kollam,Kollam,Other,Beverages,2.0,12800,13000,12900,12 Jun 2009
Kerala,Kollam,Kollam,Other,Beverages,5.0,7000,7200,7100,27 Nov 2007
Kerala,Kollam,Kollam,Other,Beverages,8.0,7000,7500,7300,26 Oct 2007
Kerala,Kollam,Kollam,Other,Beverages,10.0,7500,8000,7500,25 Sep 2007
Kerala,Kollam,Kollam,Other,Beverages,15.0,7000,7500,7300,07 Sep 2007
Kerala,Kollam,Kollam,Other,Beverages,20.0,7500,8000,7750,10 Jul 2007
Kerala,Kollam,Kollam,Other,Beverages,18.0,7000,8000,7500,26 Jun 2007
Kerala,Kollam,Kollam,Other,Beverages,10.0,8000,9000,8500,05 Jun 2007
Kerala,Kollam,Kollam,Other,Beverages,10.0,8000,8500,8300,29 May 2007
Kerala,Kollam,Kollam,Other,Beverages,5.0,8500,9000,8700,11 May 2007
Kerala,Kollam,Kollam,Other,Beverages,5.0,8000,8500,8300,17 Apr 2007
Kerala,Kollam,Kollam,Other,Beverages,8.0,8000,9000,8500,30 Mar 2007
Kerala,Kollam,Kollam,Other,Beverages,10.0,8500,9000,8800,13 Mar 2007
Kerala,Kollam,Kollam,Other,Beverages,5.0,7900,8000,7950,13 Feb 2007
Kerala,Kollam,Kollam,Other,Beverages,5.0,8000,9500,9000,15 Dec 2006
Kerala,Kollam,Kollam,Other,Beverages,4.0,8500,9000,8700,13 Oct 2006
Kerala,Kollam,Kollam,Other,Beverages,5.0,8500,9000,8700,29 Sep 2006
Kerala,Kollam,Kollam,Other,Beverages,2.0,8000,10000,9000,15 Sep 2006
Kerala,Kollam,Kollam,Other,Beverages,3.0,8000,10000,9000,25 Aug 2006
Kerala,Kollam,Kollam,Other,Beverages,5.0,8000,10000,9000,18 Aug 2006
Kerala,Kollam,Kollam,Other,Beverages,5.0,9000,10500,9500,05 Aug 2006
Kerala,Kollam,Kollam,Other,Beverages,4.0,700,1100,950,20 Jun 2006
Kerala,Kollam,Kollam,Other,Beverages,5.0,9500,11000,10250,23 May 2006
Kerala,Kollam,Kollam,Other,Beverages,5.0,850,1100,950,21 Apr 2006
Kerala,Kollam,Kollam,Other,Beverages,3.0,700,1100,950,04 Apr 2006
Kerala,Kollam,Kollam,Other,Beverages,3.0,7500,11000,9500,28 Mar 2006
Kerala,Kollam,Kollam,Other,Beverages,3.0,7500,11000,9500,21 Mar 2006
Kerala,Kollam,Kollam,Other,Beverages,4.0,7000,10500,9000,20 Jan 2006
Kerala,Kollam,Kollam,Other,Beverages,5.0,7000,10500,9000,13 Jan 2006
Kerala,Kollam,Kollam,Other,Beverages,5.0,7000,11000,9000,03 Jan 2006
Kerala,Kollam,Kollam,Other,Beverages,5.0,7500,11000,9200,25 Nov 2005
Kerala,Kollam,Kollam,Other,Beverages,5.0,8000,11000,9200,08 Nov 2005
Kerala,Kollam,Kollam,Other,Beverages,5.0,8000,11000,9200,21 Oct 2005
Kerala,Kollam,Kollam,Other,Beverages,3.0,8500,10500,9000,14 Oct 2005
Kerala,Kollam,Kollam,Other,Beverages,5.0,8000,11000,9000,04 Oct 2005
Kerala,Kollam,Kollam,Other,Beverages,5.0,8000,11000,9500,13 Sep 2005
Kerala,Kollam,Kollam,Other,Beverages,5.0,7500,11000,9000,02 Sep 2005
Kerala,Kollam,Kollam,Other,Beverages,5.0,7500,11000,9000,19 Aug 2005
Kerala,Kollam,Kollam,Other,Beverages,5.0,7500,11000,9000,16 Aug 2005
Kerala,Kollam,Kollam,Other,Beverages,5.0,7500,11000,9000,12 Aug 2005
Kerala,Kollam,Kollam,Other,Beverages,5.0,8000,11000,9000,05 Aug 2005
Kerala,Kollam,Kollam,Other,Beverages,5.0,8000,11000,9500,29 Jul 2005
Kerala,Kollam,Kollam,Other,Beverages,5.0,7000,11000,9000,22 Feb 2005
Kerala,Kollam,Kollam,Other,Beverages,5.0,7000,10500,9000,04 Feb 2005
Kerala,Kollam,Kollam,Other,Beverages,2.0,7500,10500,9000,18 Jan 2005
Kerala,Kollam,Kollam,Other,Beverages,5.0,7500,11000,9000,07 Jan 2005
Kerala,Kollam,Kollam,Other,Beverages,5.0,7500,10500,9000,07 Dec 2004
Kerala,Kollam,Kollam,Other,Beverages,5.0,7000,10500,9000,30 Nov 2004
Kerala,Kollam,Kollam,Other,Beverages,5.0,7000,10500,9000,23 Nov 2004
Kerala,Kollam,Kollam,Other,Beverages,5.0,7000,10500,9000,09 Nov 2004
Kerala,Kollam,Kollam,Other,Beverages,5.0,7000,10500,9000,06 Nov 2004
Kerala,Kollam,Kollam,Other,Beverages,5.0,7000,10500,9000,29 Oct 2004
Kerala,Kollam,Kollam,Other,Beverages,5.0,7500,10500,9000,15 Oct 2004
Kerala,Kollam,Kollam,Other,Beverages,5.0,7500,10500,9000,05 Oct 2004
Kerala,Kollam,Kollam,Other,Beverages,2.0,7000,10800,9000,14 Sep 2004
Kerala,Kollam,Kollam,Other,Beverages,5.0,7000,10500,9500,07 Sep 2004
Kerala,Kollam,Kollam,Other,Beverages,5.0,7000,10500,9000,20 Aug 2004
Kerala,Kollam,Kollam,Other,Beverages,5.0,7000,10500,9000,17 Aug 2004
Kerala,Kollam,Kollam,Other,Beverages,5.0,7000,10500,9000,06 Aug 2004
Kerala,Kollam,Kollam,Other,Beverages,5.0,7400,10600,10000,30 Jul 2004
Kerala,Kollam,Kollam,Other,Beverages,5.0,7000,10500,9000,18 Jun 2004
Kerala,Kollam,Kollam,Other,Beverages,3.0,7000,10500,9000,11 Jun 2004
Kerala,Kollam,Kollam,Other,Beverages,3.0,7000,10500,8500,01 Jun 2004
Kerala,Kollam,Kollam,Other,Beverages,5.0,7000,10500,8500,28 May 2004
Kerala,Kollam,Kollam,Other,Beverages,3.0,7000,10500,9000,18 May 2004
Kerala,Kollam,Kollam,Other,Beverages,5.0,7000,10500,9000,07 May 2004
Kerala,Kollam,Kollam,Other,Beverages,5.0,7000,10500,9000,23 Apr 2004
Kerala,Kollam,Kollam,Other,Beverages,3.0,7000,10500,9000,06 Apr 2004
Kerala,Kollam,Kollam,Other,Beverages,3.0,7000,10500,9000,23 Mar 2004
Kerala,Kollam,Kollam,Other,Beverages,5.0,7000,10500,9000,19 Mar 2004
Kerala,Kollam,Kollam,Other,Beverages,5.0,7000,10500,9000,09 Mar 2004
Kerala,Kollam,Kollam,Other,Beverages,1.0,7000,10500,9000,05 Mar 2004
Kerala,Kollam,Kollam,Other,Beverages,5.0,7000,10500,9000,20 Feb 2004
Kerala,Kollam,Kollam,Other,Beverages,2.0,7000,10500,9000,17 Feb 2004
Kerala,Kollam,Kollam,Other,Beverages,3.0,7000,10500,9000,10 Feb 2004
Kerala,Kollam,Kollam,Other,Beverages,2.0,7000,10500,8500,30 Jan 2004
Kerala,Kollam,Kollam,Other,Beverages,2.0,7500,10500,9000,23 Jan 2004
Kerala,Kollam,Kollam,Other,Beverages,3.0,7000,10500,9000,16 Jan 2004
Kerala,Kollam,Kollam,Other,Beverages,2.0,7000,10500,9000,07 Jan 2004
Kerala,Kollam,Kollam,Other,Beverages,3.0,7000,10500,9000,30 Dec 2003
Kerala,Kollam,Kollam,Other,Beverages,3.0,7000,10500,9000,23 Dec 2003
Kerala,Kollam,Kollam,Other,Beverages,5.0,5500,10500,7500,09 Dec 2003
Kerala,Kollam,Kollam,Other,Beverages,5.0,7000,10000,8500,28 Nov 2003
Kerala,Kollam,Kollam,Other,Beverages,3.0,7000,10000,7500,07 Nov 2003
Kerala,Kollam,Kollam,Other,Beverages,3.0,5500,10000,6500,31 Oct 2003
Kerala,Kollam,Kollam,Other,Beverages,3.0,5000,10000,7000,25 Oct 2003
Kerala,Kollam,Kollam,Other,Beverages,2.0,6000,10000,7500,21 Oct 2003
Kerala,Kollam,Kollam,Other,Beverages,5.0,7000,10000,8500,14 Oct 2003
Kerala,Kollam,Kollam,Other,Beverages,5.0,7000,10000,8000,03 Oct 2003
Kerala,Kollam,Kollam,Other,Beverages,5.0,7000,10000,8000,26 Sep 2003
Kerala,Kollam,Kollam,Other,Beverages,5.0,7000,10000,8000,17 Sep 2003
Kerala,Kollam,Kollam,Other,Beverages,3.0,7500,10000,8500,22 Aug 2003
Kerala,Kollam,Kollam,Other,Beverages,5.0,7500,10000,8500,20 Aug 2003
Kerala,Kollam,Kollam,Other,Beverages,5.0,8500,10000,9000,12 Aug 2003
Kerala,Kollam,Kollam,Other,Beverages,2.0,8500,11500,9000,05 Aug 2003
Kerala,Kollam,Kollam,Other,Beverages,2.0,8500,11000,9000,01 Aug 2003
Kerala,Kollam,Kollam,Other,Beverages,2.0,7500,9000,8500,29 Jul 2003
Kerala,Kollam,Kollam,Other,Beverages,2.0,7500,9000,8500,25 Jul 2003
Kerala,Kollam,Kollam,Other,Beverages,5.0,7500,9000,8500,22 Jul 2003
Kerala,Kollam,Kollam,Other,Beverages,9.0,7000,10000,8500,18 Jul 2003
Kerala,Kollam,Kollam,Other,Beverages,3.0,8500,10000,9000,08 Jul 2003
Kerala,Kollam,Kollam,Other,Beverages,2.0,8500,10000,8500,04 Jul 2003
Kerala,Kollam,Kollam,Other,Beverages,2.0,7000,10000,8500,01 Jul 2003
Kerala,Kollam,Kollam,Other,Beverages,3.0,8500,10000,8500,24 Jun 2003
Kerala,Kollam,Kollam,Other,Beverages,2.0,8500,10000,8500,20 Jun 2003
Kerala,Kollam,Kollam,Other,Beverages,5.0,8500,10000,8500,17 Jun 2003
Kerala,Kollam,Kollam,Other,Beverages,0.25,5500,8000,6500,27 May 2003
Kerala,Malappuram,Thirurrangadi,Other,Beverages,0.2,15000,16000,15000,05 Jul 2014
Kerala,Malappuram,Thirurrangadi,Other,Beverages,0.3,15000,17000,16000,03 Jul 2014
Kerala,Malappuram,Thirurrangadi,Other,Beverages,0.3,16000,17000,16500,02 Jul 2014
Kerala,Malappuram,Thirurrangadi,Other,Beverages,0.2,14000,15000,14500,01 Jul 2014
Kerala,Malappuram,Thirurrangadi,Other,Beverages,0.2,15000,15000,15000,30 Jun 2014
Kerala,Malappuram,Thirurrangadi,Other,Beverages,0.2,15000,15000,15000,28 Jun 2014
Kerala,Malappuram,Thirurrangadi,Other,Beverages,0.3,15000,15000,15000,27 Jun 2014
Kerala,Malappuram,Thirurrangadi,Other,Beverages,0.3,15000,15000,15000,26 Jun 2014
Kerala,Malappuram,Thirurrangadi,Other,Beverages,0.3,13000,14000,13500,25 Jun 2014
Kerala,Malappuram,Thirurrangadi,Other,Beverages,0.2,13500,14000,14000,24 Jun 2014
Kerala,Malappuram,Thirurrangadi,Other,Beverages,0.2,13000,13500,13200,23 Jun 2014
Kerala,Malappuram,Thirurrangadi,Other,Beverages,0.3,14000,14000,14000,21 Jun 2014
Kerala,Malappuram,Thirurrangadi,Other,Beverages,0.2,14000,15000,14500,20 Jun 2014
Kerala,Malappuram,Thirurrangadi,Other,Beverages,0.3,14000,14500,14200,19 Jun 2014
Kerala,Malappuram,Thirurrangadi,Other,Beverages,0.2,14000,14000,14000,18 Jun 2014
Kerala,Malappuram,Thirurrangadi,Other,Beverages,0.2,15000,15000,15000,17 Jun 2014
Kerala,Malappuram,Thirurrangadi,Other,Beverages,0.2,12000,13000,12000,16 Jun 2014
Kerala,Malappuram,Thirurrangadi,Other,Beverages,0.2,12000,13500,12250,14 Jun 2014
Kerala,Malappuram,Thirurrangadi,Other,Beverages,0.2,13000,14000,13500,13 Jun 2014
Kerala,Malappuram,Thirurrangadi,Other,Beverages,0.3,13000,13000,13000,12 Jun 2014
Kerala,Malappuram,Thirurrangadi,Other,Beverages,0.2,13000,13000,13000,11 Jun 2014
Kerala,Malappuram,Thirurrangadi,Other,Beverages,0.2,14000,14000,14000,10 Jun 2014
Kerala,Malappuram,Thirurrangadi,Other,Beverages,0.3,12000,13000,12500,09 Jun 2014
Kerala,Malappuram,Thirurrangadi,Other,Beverages,0.2,12500,13000,12700,27 Feb 2014
Kerala,Malappuram,Thirurrangadi,Other,Beverages,0.1,12000,12000,12000,25 Feb 2014
Kerala,Malappuram,Thirurrangadi,Other,Beverages,0.3,13000,14000,13000,24 Feb 2014
Kerala,Malappuram,Thirurrangadi,Other,Beverages,0.1,11000,11000,11000,22 Feb 2014
Kerala,Malappuram,Thirurrangadi,Other,Beverages,0.1,11000,11000,11000,21 Feb 2014
Kerala,Malappuram,Thirurrangadi,Other,Beverages,0.3,12000,12000,12000,20 Feb 2014
Kerala,Malappuram,Thirurrangadi,Other,Beverages,0.3,12000,12000,12000,19 Feb 2014
Kerala,Malappuram,Thirurrangadi,Other,Beverages,0.3,13000,15000,14000,18 Feb 2014
Kerala,Malappuram,Thirurrangadi,Other,Beverages,0.3,13000,13000,13000,17 Feb 2014
Kerala,Malappuram,Thirurrangadi,Other,Beverages,0.3,12000,12000,12000,15 Feb 2014
Kerala,Malappuram,Thirurrangadi,Other,Beverages,0.3,13000,13000,13000,14 Feb 2014
Kerala,Malappuram,Thirurrangadi,Other,Beverages,0.2,13000,13000,13000,13 Feb 2014
Kerala,Malappuram,Thirurrangadi,Other,Beverages,0.3,13000,13000,13000,12 Feb 2014
Kerala,Malappuram,Thirurrangadi,Other,Beverages,0.2,14000,14000,14000,11 Feb 2014
Kerala,Malappuram,Thirurrangadi,Other,Beverages,0.2,13000,13000,13000,10 Feb 2014
Kerala,Malappuram,Thirurrangadi,Other,Beverages,0.2,12000,12000,12000,08 Feb 2014
Kerala,Malappuram,Thirurrangadi,Other,Beverages,0.3,12000,12000,12000,07 Feb 2014
Kerala,Malappuram,Thirurrangadi,Other,Beverages,0.3,14000,14000,14000,06 Feb 2014
Kerala,Malappuram,Thirurrangadi,Other,Beverages,0.3,14000,14000,14000,05 Feb 2014
Kerala,Malappuram,Thirurrangadi,Other,Beverages,0.3,14000,14000,14000,04 Feb 2014
Kerala,Malappuram,Thirurrangadi,Other,Beverages,0.2,13000,13000,13000,03 Feb 2014
Kerala,Malappuram,Thirurrangadi,Other,Beverages,0.3,14000,14000,14000,01 Feb 2014
Kerala,Malappuram,Thirurrangadi,Other,Beverages,0.2,15000,15000,15000,25 Jan 2014
Kerala,Malappuram,Thirurrangadi,Other,Beverages,0.3,16000,16500,16000,24 Jan 2014
Kerala,Malappuram,Thirurrangadi,Other,Beverages,0.2,15000,15500,15000,23 Jan 2014
Kerala,Malappuram,Thirurrangadi,Other,Beverages,0.3,15000,16000,15000,22 Jan 2014
Kerala,Malappuram,Thirurrangadi,Other,Beverages,0.3,15000,15000,15000,21 Jan 2014
Kerala,Malappuram,Thirurrangadi,Other,Beverages,0.2,15000,15000,15000,20 Jan 2014
Kerala,Malappuram,Thirurrangadi,Other,Beverages,0.2,15000,15000,15000,18 Jan 2014
Kerala,Malappuram,Thirurrangadi,Other,Beverages,0.3,15000,15000,15000,17 Jan 2014
Kerala,Malappuram,Thirurrangadi,Other,Beverages,0.2,15000,15000,15000,16 Jan 2014
Kerala,Malappuram,Thirurrangadi,Other,Beverages,0.2,15000,15000,15000,15 Jan 2014
Kerala,Malappuram,Thirurrangadi,Other,Beverages,0.2,15000,15000,15000,14 Jan 2014
Kerala,Malappuram,Thirurrangadi,Other,Beverages,0.3,15000,15000,15000,13 Jan 2014
Kerala,Malappuram,Thirurrangadi,Other,Beverages,0.2,15000,15000,15000,11 Jan 2014
Kerala,Malappuram,Thirurrangadi,Other,Beverages,0.2,15000,15000,15000,10 Jan 2014
Kerala,Malappuram,Thirurrangadi,Other,Beverages,0.3,15000,15500,15000,09 Jan 2014
Kerala,Malappuram,Thirurrangadi,Other,Beverages,0.2,14000,15000,14000,08 Jan 2014
Kerala,Malappuram,Thirurrangadi,Other,Beverages,0.3,14000,14000,14000,07 Jan 2014
Kerala,Malappuram,Thirurrangadi,Other,Beverages,0.2,13000,15000,14000,06 Jan 2014
Kerala,Malappuram,Thirurrangadi,Other,Beverages,0.2,12000,12000,12000,23 Oct 2013
Kerala,Malappuram,Thirurrangadi,Other,Beverages,0.2,12000,12000,12000,22 Oct 2013
Kerala,Malappuram,Thirurrangadi,Other,Beverages,0.1,12000,12000,12000,21 Oct 2013
Kerala,Malappuram,Thirurrangadi,Other,Beverages,0.6,13000,13000,13000,18 Oct 2013
Kerala,Malappuram,Thirurrangadi,Other,Beverages,0.3,13000,13000,13000,17 Oct 2013
Kerala,Malappuram,Thirurrangadi,Other,Beverages,0.3,13000,13000,13000,15 Oct 2013
Kerala,Malappuram,Thirurrangadi,Other,Beverages,0.3,13000,13000,13000,12 Oct 2013
Kerala,Malappuram,Thirurrangadi,Other,Beverages,0.3,13000,13000,13000,11 Oct 2013
Kerala,Malappuram,Thirurrangadi,Other,Beverages,0.3,13000,13000,13000,10 Oct 2013
Kerala,Malappuram,Thirurrangadi,Other,Beverages,0.3,12000,13000,12000,09 Oct 2013
Kerala,Malappuram,Thirurrangadi,Other,Beverages,0.3,12000,12000,12000,08 Oct 2013
Kerala,Malappuram,Thirurrangadi,Other,Beverages,0.2,12000,12000,12000,07 Oct 2013
Kerala,Malappuram,Thirurrangadi,Other,Beverages,0.2,13000,13000,13000,05 Oct 2013
Kerala,Malappuram,Thirurrangadi,Other,Beverages,0.3,13000,13000,13000,04 Oct 2013
Kerala,Malappuram,Thirurrangadi,Other,Beverages,0.3,13000,13000,13000,03 Oct 2013
Kerala,Malappuram,Thirurrangadi,Other,Beverages,0.3,11000,11000,11000,01 Oct 2013
Kerala,Malappuram,Thirurrangadi,Other,Beverages,0.3,12000,12000,12000,30 Sep 2013
Kerala,Malappuram,Thirurrangadi,Other,Beverages,0.1,11000,11000,11000,28 Sep 2013
Kerala,Malappuram,Thirurrangadi,Other,Beverages,0.3,12000,12000,12000,27 Sep 2013
Kerala,Malappuram,Thirurrangadi,Other,Beverages,0.3,12000,12000,12000,26 Sep 2013
Kerala,Malappuram,Thirurrangadi,Other,Beverages,0.1,12000,12000,12000,25 Sep 2013
Kerala,Malappuram,Thirurrangadi,Other,Beverages,0.5,11000,11000,11000,24 Sep 2013
Kerala,Malappuram,Thirurrangadi,Other,Beverages,0.3,11000,11000,11000,23 Sep 2013
Kerala,Malappuram,Thirurrangadi,Other,Beverages,0.3,11000,11000,11000,21 Sep 2013
Kerala,Malappuram,Thirurrangadi,Other,Beverages,0.5,10000,11000,11000,20 Sep 2013
Kerala,Malappuram,Thirurrangadi,Other,Beverages,0.1,11000,11000,11000,19 Sep 2013
Kerala,Malappuram,Thirurrangadi,Other,Beverages,0.3,13000,13000,13000,18 Sep 2013
Kerala,Malappuram,Thirurrangadi,Other,Beverages,0.3,13000,13000,13000,17 Sep 2013
Kerala,Malappuram,Thirurrangadi,Other,Beverages,0.1,11000,11000,11000,14 Sep 2013
Kerala,Malappuram,Thirurrangadi,Other,Beverages,0.3,13000,13000,13000,13 Sep 2013
Kerala,Malappuram,Thirurrangadi,Other,Beverages,0.5,12000,12000,12000,12 Sep 2013
Kerala,Malappuram,Thirurrangadi,Other,Beverages,0.3,12000,12000,12000,11 Sep 2013
Kerala,Malappuram,Thirurrangadi,Other,Beverages,0.3,12000,12000,12000,10 Sep 2013
Kerala,Malappuram,Thirurrangadi,Other,Beverages,0.3,13000,13000,13000,09 Sep 2013
Kerala,Malappuram,Thirurrangadi,Other,Beverages,0.2,11000,11000,11000,07 Sep 2013
Kerala,Malappuram,Thirurrangadi,Other,Beverages,0.2,13000,13000,13000,06 Sep 2013
Kerala,Malappuram,Thirurrangadi,Other,Beverages,0.6,11000,11000,11000,05 Sep 2013
Kerala,Malappuram,Thirurrangadi,Other,Beverages,0.2,13000,13000,13000,02 Sep 2013
Kerala,Malappuram,Thirurrangadi,Other,Beverages,0.6,12000,12000,12000,31 Aug 2013
Kerala,Malappuram,Thirurrangadi,Other,Beverages,0.6,11000,11000,11000,30 Aug 2013
Kerala,Malappuram,Thirurrangadi,Other,Beverages,0.5,13000,13000,13000,29 Aug 2013
Kerala,Malappuram,Thirurrangadi,Other,Beverages,0.5,13000,13000,13000,28 Aug 2013
Kerala,Malappuram,Thirurrangadi,Other,Beverages,0.6,13000,13000,13000,27 Aug 2013
Kerala,Malappuram,Thirurrangadi,Other,Beverages,0.2,13000,13000,13000,26 Aug 2013
Kerala,Malappuram,Thirurrangadi,Other,Beverages,0.5,13000,13000,13000,24 Aug 2013
Kerala,Malappuram,Thirurrangadi,Other,Beverages,0.2,13000,13000,13000,23 Aug 2013
Kerala,Malappuram,Thirurrangadi,Other,Beverages,0.4,13000,13000,13000,22 Aug 2013
Kerala,Malappuram,Thirurrangadi,Other,Beverages,0.5,13000,13000,13000,21 Aug 2013
Kerala,Malappuram,Thirurrangadi,Other,Beverages,0.5,12000,12000,12000,20 Aug 2013
Kerala,Malappuram,Thirurrangadi,Other,Beverages,0.2,12000,12000,12000,19 Aug 2013
Kerala,Malappuram,Thirurrangadi,Other,Beverages,0.3,13000,13000,13000,17 Aug 2013
Kerala,Malappuram,Thirurrangadi,Other,Beverages,0.2,13000,13000,13000,16 Aug 2013
Kerala,Malappuram,Thirurrangadi,Other,Beverages,0.6,12000,12000,12000,15 Aug 2013
Kerala,Malappuram,Thirurrangadi,Other,Beverages,0.2,13000,13000,13000,14 Aug 2013
Kerala,Malappuram,Thirurrangadi,Other,Beverages,0.2,13000,13000,13000,13 Aug 2013
Kerala,Malappuram,Thirurrangadi,Other,Beverages,0.5,13000,13000,13000,10 Aug 2013
Kerala,Malappuram,Thirurrangadi,Other,Beverages,0.2,11000,11000,11000,09 Aug 2013
Kerala,Malappuram,Thirurrangadi,Other,Beverages,0.2,13000,13000,13000,08 Aug 2013
Kerala,Malappuram,Thirurrangadi,Other,Beverages,0.2,13000,13000,13000,07 Aug 2013
Kerala,Malappuram,Thirurrangadi,Other,Beverages,0.3,13000,13000,13000,06 Aug 2013
Kerala,Malappuram,Thirurrangadi,Other,Beverages,0.3,12000,12000,12000,03 Aug 2013
Kerala,Malappuram,Thirurrangadi,Other,Beverages,0.3,13000,13000,13000,02 Aug 2013
Kerala,Malappuram,Thirurrangadi,Other,Beverages,0.2,12000,12000,12000,01 Aug 2013
Kerala,Malappuram,Thirurrangadi,Other,Beverages,0.2,12000,12000,12000,31 Jul 2013
Kerala,Malappuram,Thirurrangadi,Other,Beverages,0.3,12000,12000,12000,30 Jul 2013
Kerala,Malappuram,Thirurrangadi,Other,Beverages,0.2,12000,12000,12000,29 Jul 2013
Kerala,Malappuram,Thirurrangadi,Other,Beverages,0.2,12000,12000,12000,27 Jul 2013
Kerala,Malappuram,Thirurrangadi,Other,Beverages,0.5,13000,13000,13000,26 Jul 2013
Kerala,Malappuram,Thirurrangadi,Other,Beverages,0.2,13000,13000,13000,25 Jul 2013
Kerala,Malappuram,Thirurrangadi,Other,Beverages,0.6,13000,13000,13000,24 Jul 2013
Kerala,Malappuram,Thirurrangadi,Other,Beverages,0.6,13000,13000,13000,23 Jul 2013
Kerala,Malappuram,Thirurrangadi,Other,Beverages,0.3,13000,13000,13000,22 Jul 2013
Kerala,Malappuram,Thirurrangadi,Other,Beverages,0.6,13000,13000,13000,21 Jul 2013
Kerala,Malappuram,Thirurrangadi,Other,Beverages,0.3,13000,13000,13000,20 Jul 2013
Kerala,Malappuram,Thirurrangadi,Other,Beverages,0.3,13000,13000,13000,19 Jul 2013
Kerala,Malappuram,Thirurrangadi,Other,Beverages,0.3,13000,13000,13000,18 Jul 2013
Kerala,Malappuram,Thirurrangadi,Other,Beverages,0.3,13000,13000,13000,17 Jul 2013
Kerala,Malappuram,Thirurrangadi,Other,Beverages,0.3,13000,13000,13000,16 Jul 2013
Kerala,Malappuram,Thirurrangadi,Other,Beverages,0.3,12000,12000,12000,15 Jul 2013
Kerala,Malappuram,Thirurrangadi,Other,Beverages,0.3,13000,13000,13000,13 Jul 2013
Kerala,Malappuram,Thirurrangadi,Other,Beverages,0.3,13000,13000,13000,12 Jul 2013
Kerala,Malappuram,Thirurrangadi,Other,Beverages,0.2,12000,12000,12000,11 Jul 2013
Kerala,Malappuram,Thirurrangadi,Other,Beverages,0.2,12000,12000,12000,10 Jul 2013
Kerala,Malappuram,Thirurrangadi,Other,Beverages,0.2,13000,13000,13000,09 Jul 2013
Kerala,Malappuram,Thirurrangadi,Other,Beverages,0.3,13000,13000,13000,06 Jul 2013
Kerala,Malappuram,Thirurrangadi,Other,Beverages,0.2,12000,12000,12000,05 Jul 2013
Kerala,Malappuram,Thirurrangadi,Other,Beverages,0.3,12000,12000,12000,04 Jul 2013
Kerala,Malappuram,Thirurrangadi,Other,Beverages,0.3,13000,13000,13000,03 Jul 2013
Kerala,Malappuram,Thirurrangadi,Other,Beverages,0.2,12000,12000,12000,02 Jul 2013
Kerala,Malappuram,Thirurrangadi,Other,Beverages,0.2,13000,13000,13000,01 Jul 2013
Kerala,Malappuram,Thirurrangadi,Other,Beverages,0.7,12000,12000,12000,28 Jun 2013
Kerala,Malappuram,Thirurrangadi,Other,Beverages,0.6,12000,12000,12000,27 Jun 2013
Kerala,Malappuram,Thirurrangadi,Other,Beverages,0.6,12000,12000,12000,26 Jun 2013
Kerala,Malappuram,Thirurrangadi,Other,Beverages,0.6,12000,12000,12000,25 Jun 2013
Kerala,Malappuram,Thirurrangadi,Other,Beverages,0.6,12000,12000,12000,24 Jun 2013
Kerala,Malappuram,Thirurrangadi,Other,Beverages,0.5,12000,12000,12000,22 Jun 2013
Kerala,Malappuram,Thirurrangadi,Other,Beverages,0.6,12000,12000,12000,21 Jun 2013
Kerala,Malappuram,Thirurrangadi,Other,Beverages,0.6,12000,12000,12000,20 Jun 2013
Kerala,Malappuram,Thirurrangadi,Other,Beverages,0.4,12000,12000,12000,19 Jun 2013
Kerala,Malappuram,Thirurrangadi,Other,Beverages,0.6,12000,12000,12000,18 Jun 2013
Kerala,Malappuram,Thirurrangadi,Other,Beverages,0.6,12000,12000,12000,17 Jun 2013
Kerala,Malappuram,Thirurrangadi,Other,Beverages,0.3,12000,12000,12000,15 Jun 2013
Kerala,Malappuram,Thirurrangadi,Other,Beverages,0.2,12000,13000,12000,14 Jun 2013
Kerala,Malappuram,Thirurrangadi,Other,Beverages,0.2,12000,12000,12000,13 Jun 2013
Kerala,Malappuram,Thirurrangadi,Other,Beverages,0.2,12000,12000,12000,12 Jun 2013
Kerala,Malappuram,Thirurrangadi,Other,Beverages,0.2,11000,11000,11000,11 Jun 2013
Kerala,Malappuram,Thirurrangadi,Other,Beverages,0.2,10000,10000,10000,10 Jun 2013
Kerala,Malappuram,Thirurrangadi,Other,Beverages,0.1,11000,11000,11000,08 Jun 2013
Kerala,Malappuram,Thirurrangadi,Other,Beverages,0.6,12000,12000,12000,07 Jun 2013
Kerala,Malappuram,Thirurrangadi,Other,Beverages,0.5,12000,12000,12000,06 Jun 2013
Kerala,Malappuram,Thirurrangadi,Other,Beverages,0.6,12000,12200,12000,05 Jun 2013
Kerala,Malappuram,Thirurrangadi,Other,Beverages,0.6,12000,12000,12000,04 Jun 2013
Kerala,Malappuram,Thirurrangadi,Other,Beverages,0.2,14000,14000,14000,03 Jun 2013
Kerala,Malappuram,Thirurrangadi,Other,Beverages,0.2,15000,15000,15000,01 Jun 2013
Kerala,Malappuram,Thirurrangadi,Other,Beverages,0.3,12000,12000,12000,31 May 2013
Kerala,Malappuram,Thirurrangadi,Other,Beverages,0.5,12000,12000,12000,29 May 2013
Kerala,Malappuram,Thirurrangadi,Other,Beverages,0.5,12000,12000,12000,28 May 2013
Kerala,Malappuram,Thirurrangadi,Other,Beverages,0.2,12000,12000,12000,27 May 2013
Kerala,Malappuram,Thirurrangadi,Other,Beverages,0.5,13000,13000,13000,25 May 2013
Kerala,Malappuram,Thirurrangadi,Other,Beverages,0.2,12000,12000,12000,24 May 2013
Kerala,Malappuram,Thirurrangadi,Other,Beverages,0.3,13000,13000,13000,23 May 2013
Kerala,Malappuram,Thirurrangadi,Other,Beverages,0.2,12000,12000,12000,22 May 2013
Kerala,Malappuram,Thirurrangadi,Other,Beverages,0.5,12000,12000,12000,21 May 2013
Kerala,Malappuram,Thirurrangadi,Other,Beverages,0.5,12000,12000,12000,20 May 2013
Kerala,Malappuram,Thirurrangadi,Other,Beverages,0.5,13000,13000,13000,18 May 2013
Kerala,Malappuram,Thirurrangadi,Other,Beverages,0.6,12000,12000,12000,17 May 2013
Kerala,Malappuram,Thirurrangadi,Other,Beverages,0.4,12000,12000,12000,16 May 2013
Kerala,Malappuram,Thirurrangadi,Other,Beverages,0.2,12000,12000,12000,13 May 2013
Kerala,Malappuram,Thirurrangadi,Other,Beverages,0.5,13000,13000,13000,10 May 2013
Kerala,Malappuram,Thirurrangadi,Other,Beverages,0.5,12000,12000,12000,09 May 2013
Kerala,Malappuram,Thirurrangadi,Other,Beverages,0.2,10000,10000,10000,08 May 2013
Kerala,Malappuram,Thirurrangadi,Other,Beverages,0.5,12000,12000,12000,04 May 2013
Kerala,Malappuram,Thirurrangadi,Other,Beverages,0.5,12000,12000,12000,03 May 2013
Kerala,Malappuram,Thirurrangadi,Other,Beverages,0.6,12000,12000,12000,02 May 2013
Kerala,Malappuram,Thirurrangadi,Other,Beverages,0.5,11000,11000,11000,01 May 2013
Kerala,Malappuram,Thirurrangadi,Other,Beverages,0.5,11000,13000,12000,30 Apr 2013
Kerala,Malappuram,Thirurrangadi,Other,Beverages,0.6,12000,12000,12000,29 Apr 2013
Kerala,Malappuram,Thirurrangadi,Other,Beverages,0.5,12000,12000,12000,27 Apr 2013
Kerala,Malappuram,Thirurrangadi,Other,Beverages,0.6,12000,12000,12000,26 Apr 2013
Kerala,Malappuram,Thirurrangadi,Other,Beverages,0.5,12000,12000,12000,25 Apr 2013
Kerala,Malappuram,Thirurrangadi,Other,Beverages,0.6,12000,12000,12000,24 Apr 2013
Kerala,Malappuram,Thirurrangadi,Other,Beverages,0.5,12000,13000,12000,23 Apr 2013
Kerala,Malappuram,Thirurrangadi,Other,Beverages,0.3,12000,12000,12000,22 Apr 2013
Kerala,Malappuram,Thirurrangadi,Other,Beverages,0.5,12000,12000,12000,20 Apr 2013
Kerala,Malappuram,Thirurrangadi,Other,Beverages,0.5,10000,10000,10000,18 Apr 2013
Kerala,Malappuram,Thirurrangadi,Other,Beverages,0.3,12000,12000,12000,17 Apr 2013
Kerala,Malappuram,Thirurrangadi,Other,Beverages,0.9,12000,12000,12000,16 Apr 2013
Kerala,Malappuram,Thirurrangadi,Other,Beverages,0.5,12000,12000,12000,15 Apr 2013
Kerala,Malappuram,Thirurrangadi,Other,Beverages,0.6,12000,12000,12000,12 Apr 2013
Kerala,Malappuram,Thirurrangadi,Other,Beverages,0.5,11000,11000,11000,11 Apr 2013
Kerala,Malappuram,Thirurrangadi,Other,Beverages,0.5,12000,12000,12000,10 Apr 2013
Kerala,Malappuram,Thirurrangadi,Other,Beverages,0.5,11000,11000,11000,09 Apr 2013
Kerala,Malappuram,Thirurrangadi,Other,Beverages,0.6,12000,12000,12000,08 Apr 2013
Kerala,Malappuram,Thirurrangadi,Other,Beverages,0.6,12000,12000,12000,06 Apr 2013
Kerala,Malappuram,Thirurrangadi,Other,Beverages,0.5,11000,11000,11000,05 Apr 2013
Kerala,Malappuram,Thirurrangadi,Other,Beverages,0.5,12000,12000,12000,04 Apr 2013
Kerala,Malappuram,Thirurrangadi,Other,Beverages,0.6,12000,12000,12000,03 Apr 2013
Kerala,Malappuram,Thirurrangadi,Other,Beverages,0.6,11000,11000,11000,02 Apr 2013
Kerala,Malappuram,Thirurrangadi,Other,Beverages,0.6,12000,12000,12000,01 Apr 2013
Kerala,Malappuram,Thirurrangadi,Other,Beverages,0.3,12000,12000,12000,30 Mar 2013
Kerala,Malappuram,Thirurrangadi,Other,Beverages,0.6,13000,13000,13000,29 Mar 2013
Kerala,Malappuram,Thirurrangadi,Other,Beverages,0.3,12000,12000,12000,28 Mar 2013
Kerala,Malappuram,Thirurrangadi,Other,Beverages,0.6,12000,12000,12000,27 Mar 2013
Kerala,Malappuram,Thirurrangadi,Other,Beverages,0.2,12000,12000,12000,26 Mar 2013
Kerala,Malappuram,Thirurrangadi,Other,Beverages,0.6,11000,11000,11000,23 Mar 2013
Kerala,Malappuram,Thirurrangadi,Other,Beverages,0.1,11000,12000,11500,02 Mar 2013
Kerala,Malappuram,Thirurrangadi,Other,Beverages,0.2,11000,11000,11000,26 Feb 2013
Kerala,Malappuram,Thirurrangadi,Other,Beverages,0.2,11000,11500,11200,25 Feb 2013
Kerala,Malappuram,Thirurrangadi,Other,Beverages,0.4,11000,11500,11500,23 Feb 2013
Kerala,Malappuram,Thirurrangadi,Other,Beverages,0.2,12000,12000,12000,22 Feb 2013
Kerala,Malappuram,Thirurrangadi,Other,Beverages,0.4,11000,11500,11000,15 Feb 2013
Kerala,Malappuram,Thirurrangadi,Other,Beverages,0.2,11000,11000,11000,25 Jan 2013
Kerala,Malappuram,Thirurrangadi,Other,Beverages,0.5,11000,12000,11500,16 Jan 2013
Kerala,Malappuram,Thirurrangadi,Other,Beverages,0.6,11000,11500,11000,15 Jan 2013
Kerala,Malappuram,Thirurrangadi,Other,Beverages,0.5,11000,11000,11000,14 Jan 2013
Kerala,Malappuram,Thirurrangadi,Other,Beverages,0.5,11000,12000,11500,12 Jan 2013
Kerala,Malappuram,Thirurrangadi,Other,Beverages,0.5,11000,11000,11000,11 Jan 2013
Kerala,Malappuram,Thirurrangadi,Other,Beverages,0.6,11000,11500,11250,10 Jan 2013
Kerala,Malappuram,Thirurrangadi,Other,Beverages,0.5,11000,12000,11500,09 Jan 2013
Kerala,Malappuram,Thirurrangadi,Other,Beverages,0.5,11000,12000,11000,08 Jan 2013
Kerala,Malappuram,Thirurrangadi,Other,Beverages,0.5,11000,11000,11000,05 Jan 2013
Kerala,Malappuram,Thirurrangadi,Other,Beverages,0.3,11000,11000,11000,02 Jan 2013
Kerala,Malappuram,Thirurrangadi,Other,Beverages,0.5,11000,11000,11000,01 Jan 2013
Kerala,Malappuram,Thirurrangadi,Other,Beverages,0.5,11000,12000,11500,31 Dec 2012
Kerala,Malappuram,Thirurrangadi,Other,Beverages,0.5,11000,11900,11550,29 Dec 2012
Kerala,Malappuram,Thirurrangadi,Other,Beverages,0.5,11000,11500,11200,28 Dec 2012
Kerala,Malappuram,Thirurrangadi,Other,Beverages,0.5,11000,11500,11250,27 Dec 2012
Kerala,Malappuram,Thirurrangadi,Other,Beverages,0.5,11000,11500,11300,26 Dec 2012
Kerala,Malappuram,Thirurrangadi,Other,Beverages,0.2,11000,11700,11500,24 Dec 2012
Kerala,Malappuram,Thirurrangadi,Other,Beverages,0.5,11000,11000,11000,21 Dec 2012
Kerala,Malappuram,Thirurrangadi,Other,Beverages,0.5,11000,11000,11000,20 Dec 2012
Kerala,Malappuram,Thirurrangadi,Other,Beverages,0.5,11000,11500,11200,19 Dec 2012
Kerala,Malappuram,Thirurrangadi,Other,Beverages,0.5,11000,11100,11000,18 Dec 2012
Kerala,Malappuram,Thirurrangadi,Other,Beverages,0.3,11000,12100,11500,15 Dec 2012
Kerala,Malappuram,Thirurrangadi,Other,Beverages,0.5,11000,11000,11000,14 Dec 2012
Kerala,Malappuram,Thirurrangadi,Other,Beverages,0.5,11000,11500,11200,13 Dec 2012
Kerala,Malappuram,Thirurrangadi,Other,Beverages,0.5,11000,11000,11000,12 Dec 2012
Kerala,Malappuram,Thirurrangadi,Other,Beverages,0.5,11000,11500,11100,11 Dec 2012
Kerala,Malappuram,Thirurrangadi,Other,Beverages,0.8,11000,11000,11000,10 Dec 2012
Kerala,Malappuram,Thirurrangadi,Other,Beverages,0.5,11000,11000,11000,08 Dec 2012
Kerala,Malappuram,Thirurrangadi,Other,Beverages,0.2,11000,11000,11000,06 Dec 2012
Kerala,Malappuram,Thirurrangadi,Other,Beverages,0.5,11000,11000,11000,05 Dec 2012
Kerala,Malappuram,Thirurrangadi,Other,Beverages,0.5,11000,11500,11000,04 Dec 2012
Kerala,Malappuram,Thirurrangadi,Other,Beverages,0.2,11000,11000,11000,03 Dec 2012
Kerala,Malappuram,Thirurrangadi,Other,Beverages,0.3,12000,12000,12000,01 Dec 2012
Kerala,Malappuram,Thirurrangadi,Other,Beverages,0.5,11000,11000,11000,30 Nov 2012
Kerala,Malappuram,Thirurrangadi,Other,Beverages,0.8,11000,11000,11000,29 Nov 2012
Kerala,Malappuram,Thirurrangadi,Other,Beverages,0.5,13000,13000,13000,28 Nov 2012
Kerala,Malappuram,Thirurrangadi,Other,Beverages,0.5,12000,12000,12000,27 Nov 2012
Kerala,Malappuram,Thirurrangadi,Other,Beverages,0.8,12000,13000,12000,26 Nov 2012
Kerala,Malappuram,Thirurrangadi,Other,Beverages,0.8,12000,13000,12500,24 Nov 2012
Kerala,Malappuram,Thirurrangadi,Other,Beverages,0.4,12000,12000,12000,22 Nov 2012
Kerala,Malappuram,Thirurrangadi,Other,Beverages,0.3,12000,12000,12000,20 Nov 2012
Kerala,Malappuram,Thirurrangadi,Other,Beverages,0.5,11000,14000,12000,19 Nov 2012
Kerala,Malappuram,Thirurrangadi,Other,Beverages,0.5,12000,12500,12000,17 Nov 2012
Kerala,Malappuram,Thirurrangadi,Other,Beverages,0.5,12000,12000,12000,16 Nov 2012
Kerala,Malappuram,Thirurrangadi,Other,Beverages,0.4,12000,13000,12500,15 Nov 2012
Kerala,Malappuram,Thirurrangadi,Other,Beverages,0.4,12000,12000,12000,14 Nov 2012
Kerala,Malappuram,Thirurrangadi,Other,Beverages,0.2,12000,12000,12000,12 Nov 2012
Kerala,Malappuram,Thirurrangadi,Other,Beverages,0.3,12000,12000,12000,10 Nov 2012
Kerala,Malappuram,Thirurrangadi,Other,Beverages,0.3,12000,12000,12000,09 Nov 2012
Kerala,Malappuram,Thirurrangadi,Other,Beverages,0.6,12000,12000,12000,08 Nov 2012
Kerala,Malappuram,Thirurrangadi,Other,Beverages,0.1,12000,12000,12000,07 Nov 2012
Kerala,Malappuram,Thirurrangadi,Other,Beverages,0.2,12000,12000,12000,06 Nov 2012
Kerala,Malappuram,Thirurrangadi,Other,Beverages,0.4,12000,12000,12000,05 Nov 2012
Kerala,Malappuram,Thirurrangadi,Other,Beverages,0.2,12000,12000,12000,03 Nov 2012
Kerala,Malappuram,Thirurrangadi,Other,Beverages,0.5,12000,12000,12000,02 Nov 2012
Kerala,Malappuram,Thirurrangadi,Other,Beverages,0.3,12000,12000,12000,01 Nov 2012
Kerala,Malappuram,Thirurrangadi,Other,Beverages,0.1,11000,11000,11000,31 Oct 2012
Kerala,Malappuram,Thirurrangadi,Other,Beverages,0.5,11000,11000,11000,30 Oct 2012
Kerala,Malappuram,Thirurrangadi,Other,Beverages,0.3,11000,11000,11000,29 Oct 2012
Kerala,Malappuram,Thirurrangadi,Other,Beverages,0.2,11000,11000,11000,27 Oct 2012
Kerala,Malappuram,Thirurrangadi,Other,Beverages,0.5,11000,11000,11000,26 Oct 2012
Kerala,Malappuram,Thirurrangadi,Other,Beverages,0.1,11000,11000,11000,25 Oct 2012
Kerala,Malappuram,Thirurrangadi,Other,Beverages,0.2,11000,11000,11000,24 Oct 2012
Kerala,Malappuram,Thirurrangadi,Other,Beverages,0.5,11000,11000,11000,23 Oct 2012
Kerala,Malappuram,Thirurrangadi,Other,Beverages,0.2,11000,11000,11000,22 Oct 2012
Kerala,Malappuram,Thirurrangadi,Other,Beverages,0.2,11000,11000,11000,20 Oct 2012
Kerala,Malappuram,Thirurrangadi,Other,Beverages,0.3,11000,11000,11000,16 Oct 2012
Kerala,Malappuram,Thirurrangadi,Other,Beverages,0.4,11000,11000,11000,15 Oct 2012
Kerala,Malappuram,Thirurrangadi,Other,Beverages,0.2,11000,11000,11000,13 Oct 2012
Kerala,Malappuram,Thirurrangadi,Other,Beverages,0.3,11000,11000,11000,12 Oct 2012
Kerala,Malappuram,Thirurrangadi,Other,Beverages,0.4,11000,11000,11000,11 Oct 2012
Kerala,Malappuram,Thirurrangadi,Other,Beverages,0.3,11500,12000,11800,10 Oct 2012
Kerala,Malappuram,Thirurrangadi,Other,Beverages,0.2,11000,11000,11000,09 Oct 2012
Kerala,Malappuram,Thirurrangadi,Other,Beverages,0.4,11000,11000,11000,08 Oct 2012
Kerala,Malappuram,Thirurrangadi,Other,Beverages,0.4,11000,11000,11000,06 Oct 2012
Kerala,Malappuram,Thirurrangadi,Other,Beverages,0.2,11500,12000,11600,05 Oct 2012
Kerala,Malappuram,Thirurrangadi,Other,Beverages,0.3,11000,11000,11000,04 Oct 2012
Kerala,Malappuram,Thirurrangadi,Other,Beverages,0.2,11000,11000,11000,02 Oct 2012
Kerala,Malappuram,Thirurrangadi,Other,Beverages,0.2,11000,11000,11000,01 Oct 2012
Kerala,Malappuram,Thirurrangadi,Other,Beverages,0.2,12500,13000,12600,29 Sep 2012
Kerala,Malappuram,Thirurrangadi,Other,Beverages,0.4,12500,12600,12550,28 Sep 2012
Kerala,Malappuram,Thirurrangadi,Other,Beverages,0.2,12000,12500,12300,27 Sep 2012
Kerala,Malappuram,Thirurrangadi,Other,Beverages,0.3,12000,12000,12000,26 Sep 2012
Kerala,Malappuram,Thirurrangadi,Other,Beverages,0.2,11000,12000,11000,25 Sep 2012
Kerala,Malappuram,Thirurrangadi,Other,Beverages,0.2,12000,12000,12000,24 Sep 2012
Kerala,Malappuram,Thirurrangadi,Other,Beverages,0.4,11000,11000,11000,22 Sep 2012
Kerala,Malappuram,Thirurrangadi,Other,Beverages,0.2,10000,10000,10000,21 Sep 2012
Kerala,Malappuram,Thirurrangadi,Other,Beverages,0.2,11000,11000,11000,20 Sep 2012
Kerala,Malappuram,Thirurrangadi,Other,Beverages,0.2,10000,11000,10000,19 Sep 2012
Kerala,Malappuram,Thirurrangadi,Other,Beverages,0.2,10000,10000,10000,18 Sep 2012
Kerala,Malappuram,Thirurrangadi,Other,Beverages,0.2,1500,1700,1600,31 Aug 2012
Kerala,Malappuram,Thirurrangadi,Other,Beverages,0.3,1400,1500,1450,28 Aug 2012
Kerala,Malappuram,Thirurrangadi,Other,Beverages,0.3,1200,1400,1250,27 Aug 2012
Kerala,Malappuram,Thirurrangadi,Other,Beverages,0.2,1100,1300,1200,25 Aug 2012
Kerala,Malappuram,Thirurrangadi,Other,Beverages,0.2,9500,9500,9500,24 Aug 2012
Kerala,Malappuram,Thirurrangadi,Other,Beverages,0.3,1000,1050,1000,23 Aug 2012
Kerala,Malappuram,Thirurrangadi,Other,Beverages,0.2,900,1100,950,22 Aug 2012
Kerala,Malappuram,Thirurrangadi,Other,Beverages,0.2,900,950,950,21 Aug 2012
Kerala,Malappuram,Thirurrangadi,Other,Beverages,0.2,900,1200,1000,20 Aug 2012
Kerala,Malappuram,Thirurrangadi,Other,Beverages,0.2,950,950,950,18 Aug 2012
Kerala,Malappuram,Thirurrangadi,Other,Beverages,0.1,1000,1200,1100,17 Aug 2012
Kerala,Malappuram,Thirurrangadi,Other,Beverages,0.3,900,1000,950,16 Aug 2012
Kerala,Malappuram,Thirurrangadi,Other,Beverages,0.2,1000,1200,1100,14 Aug 2012
Kerala,Malappuram,Thirurrangadi,Other,Beverages,0.2,950,1100,1000,13 Aug 2012
Kerala,Malappuram,Thirurrangadi,Other,Beverages,0.2,1000,1200,1100,11 Aug 2012
Kerala,Malappuram,Thirurrangadi,Other,Beverages,0.1,10000,10000,10000,09 Jun 2012
Kerala,Malappuram,Thirurrangadi,Other,Beverages,0.2,11000,11000,11000,08 Jun 2012
Kerala,Malappuram,Thirurrangadi,Other,Beverages,0.1,10000,10000,10000,07 Jun 2012
Kerala,Malappuram,Thirurrangadi,Other,Beverages,0.2,10000,11000,10000,06 Jun 2012
Kerala,Malappuram,Thirurrangadi,Other,Beverages,0.2,10000,10000,10000,05 Jun 2012
Kerala,Malappuram,Thirurrangadi,Other,Beverages,0.2,11000,12000,11500,04 Jun 2012
Kerala,Malappuram,Thirurrangadi,Other,Beverages,0.4,10000,10000,10000,02 Jun 2012
Kerala,Malappuram,Thirurrangadi,Other,Beverages,0.2,11000,11000,11000,31 May 2012
Kerala,Malappuram,Thirurrangadi,Other,Beverages,0.2,10000,10000,10000,30 May 2012
Kerala,Malappuram,Thirurrangadi,Other,Beverages,0.2,10000,10000,10000,29 May 2012
Kerala,Malappuram,Thirurrangadi,Other,Beverages,0.4,9800,9900,9800,28 May 2012
Kerala,Malappuram,Thirurrangadi,Other,Beverages,0.4,9500,9800,9800,26 May 2012
Kerala,Malappuram,Thirurrangadi,Other,Beverages,0.2,10000,10000,10000,25 May 2012
Kerala,Malappuram,Thirurrangadi,Other,Beverages,0.2,10000,10000,10000,23 May 2012
Kerala,Malappuram,Thirurrangadi,Other,Beverages,0.02,10000,10000,10000,16 May 2012
Kerala,Malappuram,Thirurrangadi,Other,Beverages,0.02,10000,10500,10000,15 May 2012
Kerala,Malappuram,Thirurrangadi,Other,Beverages,0.1,9900,9900,9900,12 May 2012
Kerala,Malappuram,Thirurrangadi,Other,Beverages,0.2,9900,9900,9900,11 May 2012
Kerala,Malappuram,Thirurrangadi,Other,Beverages,0.1,9800,10000,9900,10 May 2012
Kerala,Malappuram,Thirurrangadi,Other,Beverages,0.1,10000,10100,10000,03 May 2012
Kerala,Malappuram,Thirurrangadi,Other,Beverages,0.1,9800,9800,9800,23 Apr 2012
Kerala,Malappuram,Thirurrangadi,Other,Beverages,0.2,10000,10000,10000,21 Apr 2012
Kerala,Malappuram,Thirurrangadi,Other,Beverages,0.2,9800,9900,9900,19 Apr 2012
Kerala,Malappuram,Thirurrangadi,Other,Beverages,0.2,9800,9900,9900,13 Apr 2012
Kerala,Malappuram,Thirurrangadi,Other,Beverages,0.2,9900,10000,10000,12 Apr 2012
Kerala,Malappuram,Thirurrangadi,Other,Beverages,0.2,10000,10000,10000,11 Apr 2012
Kerala,Malappuram,Thirurrangadi,Other,Beverages,0.2,10000,10000,10000,10 Apr 2012
Kerala,Malappuram,Thirurrangadi,Other,Beverages,0.2,9800,10000,9800,09 Apr 2012
Kerala,Malappuram,Thirurrangadi,Other,Beverages,0.3,9800,10000,9800,05 Apr 2012
Kerala,Malappuram,Thirurrangadi,Other,Beverages,0.2,10000,10000,10000,04 Apr 2012
Kerala,Malappuram,Thirurrangadi,Other,Beverages,0.2,8050,8100,8050,30 Mar 2012
Kerala,Malappuram,Thirurrangadi,Other,Beverages,0.3,8000,8000,8000,29 Mar 2012
Kerala,Malappuram,Thirurrangadi,Other,Beverages,0.2,8000,8000,8000,26 Mar 2012
Kerala,Malappuram,Thirurrangadi,Other,Beverages,0.1,8000,8000,8000,24 Mar 2012
Kerala,Malappuram,Thirurrangadi,Other,Beverages,0.3,8000,8000,8000,23 Mar 2012
Kerala,Malappuram,Thirurrangadi,Other,Beverages,0.2,7900,8100,8000,22 Mar 2012
Kerala,Malappuram,Thirurrangadi,Other,Beverages,0.2,8000,8050,8000,21 Mar 2012
Kerala,Malappuram,Thirurrangadi,Other,Beverages,0.2,7700,8200,7900,20 Mar 2012
Kerala,Malappuram,Thirurrangadi,Other,Beverages,0.3,7800,8200,7900,19 Mar 2012
Kerala,Malappuram,Thirurrangadi,Other,Beverages,0.3,7900,8100,8100,17 Mar 2012
Kerala,Malappuram,Thirurrangadi,Other,Beverages,0.2,8000,8100,8050,16 Mar 2012
Kerala,Malappuram,Thirurrangadi,Other,Beverages,0.3,8000,8050,8050,15 Mar 2012
Kerala,Malappuram,Thirurrangadi,Other,Beverages,0.2,8000,8000,8000,14 Mar 2012
Kerala,Malappuram,Thirurrangadi,Other,Beverages,0.3,7950,8000,7950,13 Mar 2012
Kerala,Malappuram,Thirurrangadi,Other,Beverages,0.04,7000,8000,7900,12 Mar 2012
Kerala,Malappuram,Thirurrangadi,Other,Beverages,0.3,7000,7500,7500,09 Mar 2012
Kerala,Malappuram,Thirurrangadi,Other,Beverages,0.2,7500,8000,7500,08 Mar 2012
Kerala,Malappuram,Thirurrangadi,Other,Beverages,0.3,7800,8000,8000,07 Mar 2012
Kerala,Malappuram,Thirurrangadi,Other,Beverages,0.2,7300,7500,7500,06 Mar 2012
Kerala,Malappuram,Thirurrangadi,Other,Beverages,0.4,6600,7000,7000,05 Mar 2012
Kerala,Malappuram,Thirurrangadi,Other,Beverages,0.5,6500,7000,7000,03 Mar 2012
Kerala,Malappuram,Thirurrangadi,Other,Beverages,0.4,7500,7500,7500,29 Feb 2012
Kerala,Malappuram,Thirurrangadi,Other,Beverages,0.6,6800,7000,7000,27 Feb 2012
Kerala,Malappuram,Thirurrangadi,Other,Beverages,0.3,7500,8000,7500,23 Feb 2012
Kerala,Malappuram,Thirurrangadi,Other,Beverages,0.4,8000,8500,8300,21 Feb 2012
Kerala,Malappuram,Thirurrangadi,Other,Beverages,0.7,10000,11500,11000,18 Feb 2012
Kerala,Malappuram,Thirurrangadi,Other,Beverages,0.5,6500,7000,7000,17 Feb 2012
Kerala,Malappuram,Thirurrangadi,Other,Beverages,0.6,7000,7350,7250,16 Feb 2012
Kerala,Malappuram,Thirurrangadi,Other,Beverages,0.3,8000,8400,8200,08 Feb 2012
Kerala,Malappuram,Thirurrangadi,Other,Beverages,0.4,7000,8500,8000,30 Jan 2012
Kerala,Malappuram,Thirurrangadi,Other,Beverages,0.4,8500,10000,9000,25 Jan 2012
Kerala,Malappuram,Thirurrangadi,Other,Beverages,0.1,8000,11000,10000,18 Jan 2012
Kerala,Malappuram,Thirurrangadi,Other,Beverages,0.1,7000,9000,8000,11 Jan 2012
Kerala,Malappuram,Thirurrangadi,Other,Beverages,0.3,7000,7500,7000,31 Dec 2011
Kerala,Malappuram,Thirurrangadi,Other,Beverages,0.2,6500,7000,7000,29 Dec 2011
Kerala,Malappuram,Thirurrangadi,Other,Beverages,0.3,7000,9000,8500,20 Dec 2011
Kerala,Malappuram,Thirurrangadi,Other,Beverages,0.4,7700,9000,8500,17 Dec 2011
Kerala,Malappuram,Thirurrangadi,Other,Beverages,0.4,8000,10000,9500,16 Dec 2011
Kerala,Malappuram,Thirurrangadi,Other,Beverages,0.2,8500,11500,11000,15 Dec 2011
Kerala,Malappuram,Thirurrangadi,Other,Beverages,0.3,7800,12000,10000,14 Dec 2011
Kerala,Malappuram,Thirurrangadi,Other,Beverages,0.3,8500,9000,8600,13 Dec 2011
Kerala,Malappuram,Thirurrangadi,Other,Beverages,0.3,8000,10000,9000,12 Dec 2011
Kerala,Malappuram,Thirurrangadi,Other,Beverages,0.3,9000,13000,9000,09 Dec 2011
Kerala,Malappuram,Thirurrangadi,Other,Beverages,0.4,6500,12000,7000,08 Dec 2011
Kerala,Malappuram,Thirurrangadi,Other,Beverages,0.2,7000,12000,10000,05 Dec 2011
Kerala,Malappuram,Thirurrangadi,Other,Beverages,0.3,8500,13000,10000,01 Dec 2011
Kerala,Malappuram,Thirurrangadi,Other,Beverages,0.3,7000,11000,9000,30 Nov 2011
Kerala,Malappuram,Thirurrangadi,Other,Beverages,0.3,7000,11000,9000,29 Nov 2011
Kerala,Malappuram,Thirurrangadi,Other,Beverages,0.3,7000,11000,10000,28 Nov 2011
Kerala,Malappuram,Thirurrangadi,Other,Beverages,0.2,7000,15000,12000,26 Nov 2011
Kerala,Malappuram,Thirurrangadi,Other,Beverages,0.2,9000,14000,10000,25 Nov 2011
Kerala,Malappuram,Thirurrangadi,Other,Beverages,0.2,7000,11000,10000,24 Nov 2011
Kerala,Malappuram,Thirurrangadi,Other,Beverages,0.2,7000,11500,10000,23 Nov 2011
Kerala,Malappuram,Thirurrangadi,Other,Beverages,0.2,9000,12000,10000,18 Nov 2011
Kerala,Malappuram,Thirurrangadi,Other,Beverages,0.2,9000,11000,10000,17 Nov 2011
Kerala,Malappuram,Thirurrangadi,Other,Beverages,0.1,9000,10000,10000,16 Nov 2011
Kerala,Malappuram,Thirurrangadi,Other,Beverages,0.3,9000,10000,9000,09 Nov 2011
Kerala,Malappuram,Thirurrangadi,Other,Beverages,0.8,7400,12500,11000,17 Oct 2011
Kerala,Malappuram,Thirurrangadi,Other,Beverages,0.8,7500,12500,11000,15 Oct 2011
Kerala,Malappuram,Thirurrangadi,Other,Beverages,0.5,13000,15000,14000,16 Jul 2011
Kerala,Malappuram,Thirurrangadi,Other,Beverages,0.4,11000,13500,12000,15 Jul 2011
Kerala,Malappuram,Thirurrangadi,Other,Beverages,0.4,13000,13000,13000,11 Mar 2011
Kerala,Malappuram,Thirurrangadi,Other,Beverages,0.45,12900,13500,13000,10 Mar 2011
Kerala,Malappuram,Thirurrangadi,Other,Beverages,0.75,13000,13500,13000,09 Mar 2011
Kerala,Malappuram,Thirurrangadi,Other,Beverages,0.8,13500,14000,14000,04 Mar 2011
Kerala,Malappuram,Thirurrangadi,Other,Beverages,0.5,13000,14000,13500,02 Mar 2011
Kerala,Malappuram,Thirurrangadi,Other,Beverages,0.45,13000,15500,14000,06 Feb 2011
Kerala,Malappuram,Thirurrangadi,Other,Beverages,0.4,13500,15000,14000,25 Jan 2011
Kerala,Malappuram,Thirurrangadi,Other,Beverages,0.75,7300,8000,7650,22 Jan 2011
Kerala,Malappuram,Thirurrangadi,Other,Beverages,0.5,8000,9000,8500,20 Jan 2011
Kerala,Malappuram,Thirurrangadi,Other,Beverages,0.7,8000,10000,9500,20 Dec 2010
Kerala,Malappuram,Thirurrangadi,Other,Beverages,0.4,8000,10000,9000,19 Dec 2010
Kerala,Malappuram,Thirurrangadi,Other,Beverages,0.75,7500,9000,8500,18 Dec 2010
Kerala,Malappuram,Thirurrangadi,Other,Beverages,0.5,7000,13000,10000,16 Dec 2010
Kerala,Malappuram,Thirurrangadi,Other,Beverages,0.66,7000,13000,0,10 Dec 2010
Kerala,Malappuram,Thirurrangadi,Other,Beverages,0.5,7000,9000,7500,09 Dec 2010
Kerala,Malappuram,Thirurrangadi,Other,Beverages,0.75,7000,11000,8000,29 Nov 2010
Kerala,Malappuram,Manjeri,Other,Beverages,2.0,15000,16000,15500,10 Jul 2014
Kerala,Malappuram,Manjeri,Other,Beverages,2.0,15000,16000,15500,09 Jul 2014
Kerala,Malappuram,Manjeri,Other,Beverages,2.0,15000,16000,15500,08 Jul 2014
Kerala,Malappuram,Manjeri,Other,Beverages,2.0,15000,16000,15500,07 Jul 2014
Kerala,Malappuram,Manjeri,Other,Beverages,2.0,15000,16000,15500,05 Jul 2014
Kerala,Malappuram,Manjeri,Other,Beverages,2.0,15000,16000,15500,04 Jul 2014
Kerala,Malappuram,Manjeri,Other,Beverages,2.0,15000,16000,15500,03 Jul 2014
Kerala,Malappuram,Manjeri,Other,Beverages,2.0,15000,16000,15500,02 Jul 2014
Kerala,Malappuram,Manjeri,Other,Beverages,2.0,15000,16000,15500,01 Jul 2014
Kerala,Malappuram,Manjeri,Other,Beverages,2.0,15000,16000,15500,30 Jun 2014
Kerala,Malappuram,Manjeri,Other,Beverages,2.0,15000,16000,15500,28 Jun 2014
Kerala,Malappuram,Manjeri,Other,Beverages,2.0,15000,16000,15500,27 Jun 2014
Kerala,Malappuram,Manjeri,Other,Beverages,2.0,15000,16000,15500,26 Jun 2014
Kerala,Malappuram,Manjeri,Other,Beverages,2.0,15000,16000,15500,25 Jun 2014
Kerala,Malappuram,Manjeri,Other,Beverages,2.0,15000,16000,15500,24 Jun 2014
Kerala,Malappuram,Manjeri,Other,Beverages,2.0,14500,15500,15000,23 Jun 2014
Kerala,Malappuram,Manjeri,Other,Beverages,2.0,14500,15500,15000,21 Jun 2014
Kerala,Malappuram,Manjeri,Other,Beverages,2.0,14500,15500,15000,20 Jun 2014
Kerala,Malappuram,Manjeri,Other,Beverages,2.0,14500,15500,15000,19 Jun 2014
Kerala,Malappuram,Manjeri,Other,Beverages,2.0,14500,15500,15000,18 Jun 2014
Kerala,Malappuram,Manjeri,Other,Beverages,2.0,14500,15500,15000,17 Jun 2014
Kerala,Malappuram,Manjeri,Other,Beverages,2.0,14500,15500,15000,16 Jun 2014
Kerala,Malappuram,Manjeri,Other,Beverages,2.0,14500,15500,15000,14 Jun 2014
Kerala,Malappuram,Manjeri,Other,Beverages,2.0,14500,15500,15000,13 Jun 2014
Kerala,Malappuram,Manjeri,Other,Beverages,2.0,14500,15500,15000,12 Jun 2014
Kerala,Malappuram,Manjeri,Other,Beverages,2.0,14500,15500,15000,11 Jun 2014
Kerala,Malappuram,Manjeri,Other,Beverages,2.0,14500,15500,15000,10 Jun 2014
Kerala,Malappuram,Manjeri,Other,Beverages,2.0,14500,15500,15000,09 Jun 2014
Kerala,Malappuram,Manjeri,Other,Beverages,2.0,14500,15500,15000,07 Jun 2014
Kerala,Malappuram,Manjeri,Other,Beverages,2.0,14500,15500,15000,06 Jun 2014
Kerala,Malappuram,Manjeri,Other,Beverages,2.0,14500,15500,15000,05 Jun 2014
Kerala,Malappuram,Manjeri,Other,Beverages,2.0,14500,15500,15000,04 Jun 2014
Kerala,Malappuram,Manjeri,Other,Beverages,2.0,14500,15500,15000,03 Jun 2014
Kerala,Malappuram,Manjeri,Other,Beverages,2.0,14500,15500,15000,02 Jun 2014
Kerala,Malappuram,Manjeri,Other,Beverages,2.0,14500,15500,15000,31 May 2014
Kerala,Malappuram,Manjeri,Other,Beverages,2.0,14500,15500,15000,30 May 2014
Kerala,Malappuram,Manjeri,Other,Beverages,2.0,14500,15500,15000,29 May 2014
Kerala,Malappuram,Manjeri,Other,Beverages,2.0,14500,15500,15000,28 May 2014
Kerala,Malappuram,Manjeri,Other,Beverages,2.0,14500,15500,15000,27 May 2014
Kerala,Malappuram,Manjeri,Other,Beverages,2.0,14500,15500,15000,26 May 2014
Kerala,Malappuram,Manjeri,Other,Beverages,2.0,14500,15500,15000,24 May 2014
Kerala,Malappuram,Manjeri,Other,Beverages,2.0,14500,15500,15000,23 May 2014
Kerala,Malappuram,Manjeri,Other,Beverages,2.0,14500,15500,15000,22 May 2014
Kerala,Malappuram,Manjeri,Other,Beverages,2.0,14500,15500,15000,21 May 2014
Kerala,Malappuram,Manjeri,Other,Beverages,2.0,14500,15500,15000,20 May 2014
Kerala,Malappuram,Manjeri,Other,Beverages,2.0,14500,15500,15000,19 May 2014
Kerala,Malappuram,Manjeri,Other,Beverages,2.0,14500,15500,15000,17 May 2014
Kerala,Malappuram,Manjeri,Other,Beverages,2.0,14500,15500,15000,16 May 2014
Kerala,Malappuram,Manjeri,Other,Beverages,2.0,14500,15500,15000,15 May 2014
Kerala,Malappuram,Manjeri,Other,Beverages,2.0,14500,15500,15000,14 May 2014
Kerala,Malappuram,Manjeri,Other,Beverages,2.0,14500,15500,15000,13 May 2014
Kerala,Malappuram,Manjeri,Other,Beverages,2.0,14500,15500,15000,12 May 2014
Kerala,Malappuram,Manjeri,Other,Beverages,2.0,14500,15500,15000,10 May 2014
Kerala,Malappuram,Manjeri,Other,Beverages,2.0,14500,15500,15000,09 May 2014
Kerala,Malappuram,Manjeri,Other,Beverages,2.0,14500,15500,15000,08 May 2014
Kerala,Malappuram,Manjeri,Other,Beverages,2.0,14500,15500,15000,07 May 2014
Kerala,Malappuram,Manjeri,Other,Beverages,2.0,14500,15500,15000,06 May 2014
Kerala,Malappuram,Manjeri,Other,Beverages,2.0,14500,15500,15000,05 May 2014
Kerala,Malappuram,Manjeri,Other,Beverages,2.0,14500,15500,15000,03 May 2014
Kerala,Malappuram,Manjeri,Other,Beverages,2.0,14500,15500,15000,02 May 2014
Kerala,Malappuram,Manjeri,Other,Beverages,2.0,14500,15500,15000,30 Apr 2014
Kerala,Malappuram,Manjeri,Other,Beverages,2.0,14500,15500,15000,29 Apr 2014
Kerala,Malappuram,Manjeri,Other,Beverages,2.0,14500,15500,15000,28 Apr 2014
Kerala,Malappuram,Manjeri,Other,Beverages,2.0,14500,15500,15000,26 Apr 2014
Kerala,Malappuram,Manjeri,Other,Beverages,2.0,14500,15500,15000,25 Apr 2014
Kerala,Malappuram,Manjeri,Other,Beverages,2.0,14500,15500,15000,24 Apr 2014
Kerala,Malappuram,Manjeri,Other,Beverages,2.0,14500,15500,15000,23 Apr 2014
Kerala,Malappuram,Manjeri,Other,Beverages,2.0,14500,15500,15000,22 Apr 2014
Kerala,Malappuram,Manjeri,Other,Beverages,2.0,14500,15500,15000,21 Apr 2014
Kerala,Malappuram,Manjeri,Other,Beverages,2.0,14500,15500,15000,19 Apr 2014
Kerala,Malappuram,Manjeri,Other,Beverages,2.0,14500,15500,15000,18 Apr 2014
Kerala,Malappuram,Manjeri,Other,Beverages,2.0,14500,15500,15000,17 Apr 2014
Kerala,Malappuram,Manjeri,Other,Beverages,2.0,14500,15500,15000,16 Apr 2014
Kerala,Malappuram,Manjeri,Other,Beverages,2.0,14500,15500,15000,14 Apr 2014
Kerala,Malappuram,Manjeri,Other,Beverages,2.0,14500,15500,15000,12 Apr 2014
Kerala,Malappuram,Manjeri,Other,Beverages,2.0,14500,15500,15000,11 Apr 2014
Kerala,Malappuram,Manjeri,Other,Beverages,2.0,14500,15500,15000,09 Apr 2014
Kerala,Malappuram,Manjeri,Other,Beverages,2.0,14500,15500,15000,08 Apr 2014
Kerala,Malappuram,Manjeri,Other,Beverages,2.0,14500,15500,15000,07 Apr 2014
Kerala,Malappuram,Manjeri,Other,Beverages,2.0,14500,15500,15000,05 Apr 2014
Kerala,Malappuram,Manjeri,Other,Beverages,2.0,14500,15500,15000,04 Apr 2014
Kerala,Malappuram,Manjeri,Other,Beverages,2.0,14500,15500,15000,03 Apr 2014
Kerala,Malappuram,Manjeri,Other,Beverages,2.0,14500,15500,15000,02 Apr 2014
Kerala,Malappuram,Manjeri,Other,Beverages,2.0,14500,15500,15000,01 Apr 2014
Kerala,Malappuram,Manjeri,Other,Beverages,2.0,14500,15500,15000,31 Mar 2014
Kerala,Malappuram,Manjeri,Other,Beverages,2.0,14500,15500,15000,29 Mar 2014
Kerala,Malappuram,Manjeri,Other,Beverages,2.0,14500,15500,15000,28 Mar 2014
Kerala,Malappuram,Manjeri,Other,Beverages,2.0,14500,15500,15000,27 Mar 2014
Kerala,Malappuram,Manjeri,Other,Beverages,2.0,14500,15500,15000,26 Mar 2014
Kerala,Malappuram,Manjeri,Other,Beverages,2.0,14500,15500,15000,25 Mar 2014
Kerala,Malappuram,Manjeri,Other,Beverages,2.0,14500,15500,15000,24 Mar 2014
Kerala,Malappuram,Manjeri,Other,Beverages,2.0,14500,15500,15000,22 Mar 2014
Kerala,Malappuram,Manjeri,Other,Beverages,2.0,14500,15500,15000,21 Mar 2014
Kerala,Malappuram,Manjeri,Other,Beverages,2.0,14500,15500,15000,20 Mar 2014
Kerala,Malappuram,Manjeri,Other,Beverages,2.0,14500,15500,15000,19 Mar 2014
Kerala,Malappuram,Manjeri,Other,Beverages,2.0,14500,15500,15000,18 Mar 2014
Kerala,Malappuram,Manjeri,Other,Beverages,2.0,14500,15500,15000,17 Mar 2014
Kerala,Malappuram,Manjeri,Other,Beverages,2.0,14500,15500,15000,15 Mar 2014
Kerala,Malappuram,Manjeri,Other,Beverages,2.0,14500,15500,15000,14 Mar 2014
Kerala,Malappuram,Manjeri,Other,Beverages,2.0,14500,15500,15000,13 Mar 2014
Kerala,Malappuram,Manjeri,Other,Beverages,2.0,14500,15500,15000,12 Mar 2014
Kerala,Malappuram,Manjeri,Other,Beverages,2.0,14500,15500,15000,11 Mar 2014
Kerala,Malappuram,Manjeri,Other,Beverages,2.0,14500,15500,15000,10 Mar 2014
Kerala,Malappuram,Manjeri,Other,Beverages,2.0,14500,15500,15000,08 Mar 2014
Kerala,Malappuram,Manjeri,Other,Beverages,2.0,14500,15500,15000,07 Mar 2014
Kerala,Malappuram,Manjeri,Other,Beverages,2.0,14500,15500,15000,06 Mar 2014
Kerala,Malappuram,Manjeri,Other,Beverages,2.0,14500,15500,15000,05 Mar 2014
Kerala,Malappuram,Manjeri,Other,Beverages,2.0,14500,15500,15000,04 Mar 2014
Kerala,Malappuram,Manjeri,Other,Beverages,2.0,14500,15500,15000,03 Mar 2014
Kerala,Malappuram,Manjeri,Other,Beverages,2.0,14500,15500,15000,01 Mar 2014
Kerala,Malappuram,Manjeri,Other,Beverages,2.0,14500,15500,15000,28 Feb 2014
Kerala,Malappuram,Manjeri,Other,Beverages,2.0,14500,15500,15000,27 Feb 2014
Kerala,Malappuram,Manjeri,Other,Beverages,2.0,14500,15500,15000,26 Feb 2014
Kerala,Malappuram,Manjeri,Other,Beverages,2.0,14500,15500,15000,25 Feb 2014
Kerala,Malappuram,Manjeri,Other,Beverages,2.0,14500,15500,15000,24 Feb 2014
Kerala,Malappuram,Manjeri,Other,Beverages,2.0,14500,15500,15000,22 Feb 2014
Kerala,Malappuram,Manjeri,Other,Beverages,2.0,14500,15500,15000,21 Feb 2014
Kerala,Malappuram,Manjeri,Other,Beverages,2.0,14500,15500,15000,20 Feb 2014
Kerala,Malappuram,Manjeri,Other,Beverages,2.0,14500,15500,15000,19 Feb 2014
Kerala,Malappuram,Manjeri,Other,Beverages,2.0,14500,15500,15000,18 Feb 2014
Kerala,Malappuram,Manjeri,Other,Beverages,2.0,14500,15500,15000,17 Feb 2014
Kerala,Malappuram,Manjeri,Other,Beverages,2.0,14500,15500,15000,15 Feb 2014
Kerala,Malappuram,Manjeri,Other,Beverages,2.0,14500,15500,15000,14 Feb 2014
Kerala,Malappuram,Manjeri,Other,Beverages,2.0,14500,15500,15000,13 Feb 2014
Kerala,Malappuram,Manjeri,Other,Beverages,2.0,14500,15500,15000,12 Feb 2014
Kerala,Malappuram,Manjeri,Other,Beverages,2.0,14500,15500,15000,11 Feb 2014
Kerala,Malappuram,Manjeri,Other,Beverages,2.0,14500,15500,15000,10 Feb 2014
Kerala,Malappuram,Manjeri,Other,Beverages,2.0,14500,15500,15000,08 Feb 2014
Kerala,Malappuram,Manjeri,Other,Beverages,2.0,14500,15500,15000,07 Feb 2014
Kerala,Malappuram,Manjeri,Other,Beverages,2.0,14500,15500,15000,06 Feb 2014
Kerala,Malappuram,Manjeri,Other,Beverages,2.0,14500,15500,15000,05 Feb 2014
Kerala,Malappuram,Manjeri,Other,Beverages,2.0,14500,15500,15000,04 Feb 2014
Kerala,Malappuram,Manjeri,Other,Beverages,2.0,14500,15500,15000,03 Feb 2014
Kerala,Malappuram,Manjeri,Other,Beverages,2.0,14500,15500,15000,01 Feb 2014
Kerala,Malappuram,Manjeri,Other,Beverages,2.0,14500,15500,15000,31 Jan 2014
Kerala,Malappuram,Manjeri,Other,Beverages,2.0,14500,15500,15000,30 Jan 2014
Kerala,Malappuram,Manjeri,Other,Beverages,2.0,14500,15500,15000,29 Jan 2014
Kerala,Malappuram,Manjeri,Other,Beverages,2.0,14500,15500,15000,28 Jan 2014
Kerala,Malappuram,Manjeri,Other,Beverages,2.0,14500,15500,15000,27 Jan 2014
Kerala,Malappuram,Manjeri,Other,Beverages,2.0,14500,15500,15000,25 Jan 2014
Kerala,Malappuram,Manjeri,Other,Beverages,2.0,14500,15500,15000,24 Jan 2014
Kerala,Malappuram,Manjeri,Other,Beverages,2.0,14500,15500,15000,23 Jan 2014
Kerala,Malappuram,Manjeri,Other,Beverages,2.0,14500,15500,15000,22 Jan 2014
Kerala,Malappuram,Manjeri,Other,Beverages,2.0,14500,15500,15000,21 Jan 2014
Kerala,Malappuram,Manjeri,Other,Beverages,2.0,14500,15500,15000,20 Jan 2014
Kerala,Malappuram,Manjeri,Other,Beverages,2.0,14500,15500,15000,18 Jan 2014
Kerala,Malappuram,Manjeri,Other,Beverages,2.0,14500,15500,15000,17 Jan 2014
Kerala,Malappuram,Manjeri,Other,Beverages,2.0,14500,15500,15000,16 Jan 2014
Kerala,Malappuram,Manjeri,Other,Beverages,2.0,14500,15500,15000,15 Jan 2014
Kerala,Malappuram,Manjeri,Other,Beverages,2.0,14500,15500,15000,14 Jan 2014
Kerala,Malappuram,Manjeri,Other,Beverages,2.0,14500,15500,15000,13 Jan 2014
Kerala,Malappuram,Manjeri,Other,Beverages,2.0,14500,15500,15000,11 Jan 2014
Kerala,Malappuram,Manjeri,Other,Beverages,2.0,14500,15500,15000,10 Jan 2014
Kerala,Malappuram,Manjeri,Other,Beverages,2.0,14500,15500,15000,09 Jan 2014
Kerala,Malappuram,Manjeri,Other,Beverages,2.0,14500,15500,15000,08 Jan 2014
Kerala,Malappuram,Manjeri,Other,Beverages,2.0,16000,17500,16500,07 Jan 2014
Kerala,Malappuram,Manjeri,Other,Beverages,2.0,16000,17500,16500,06 Jan 2014
Kerala,Malappuram,Manjeri,Other,Beverages,2.0,16000,17500,16500,04 Jan 2014
Kerala,Malappuram,Manjeri,Other,Beverages,2.0,16000,17500,16500,03 Jan 2014
Kerala,Malappuram,Manjeri,Other,Beverages,2.0,16000,17500,16500,02 Jan 2014
Kerala,Malappuram,Manjeri,Other,Beverages,2.0,16000,17500,16500,01 Jan 2014
Kerala,Malappuram,Manjeri,Other,Beverages,2.0,16000,17500,16500,31 Dec 2013
Kerala,Malappuram,Manjeri,Other,Beverages,2.0,16000,17500,16500,30 Dec 2013
Kerala,Malappuram,Manjeri,Other,Beverages,2.0,16000,17500,16500,28 Dec 2013
Kerala,Malappuram,Manjeri,Other,Beverages,2.0,16000,17500,16500,27 Dec 2013
Kerala,Malappuram,Manjeri,Other,Beverages,2.0,16000,17500,16500,26 Dec 2013
Kerala,Malappuram,Manjeri,Other,Beverages,2.0,16000,17500,16500,24 Dec 2013
Kerala,Malappuram,Manjeri,Other,Beverages,2.0,16000,17500,16500,23 Dec 2013
Kerala,Malappuram,Manjeri,Other,Beverages,2.0,18000,19500,18500,20 Dec 2013
Kerala,Malappuram,Manjeri,Other,Beverages,2.0,16000,17500,16500,19 Dec 2013
Kerala,Malappuram,Manjeri,Other,Beverages,2.0,16000,17500,16500,18 Dec 2013
Kerala,Malappuram,Manjeri,Other,Beverages,2.0,16000,17500,16500,17 Dec 2013
Kerala,Malappuram,Manjeri,Other,Beverages,2.0,16000,17500,16500,16 Dec 2013
Kerala,Malappuram,Manjeri,Other,Beverages,2.0,16000,17500,16500,14 Dec 2013
Kerala,Malappuram,Manjeri,Other,Beverages,2.0,16000,17500,16500,13 Dec 2013
Kerala,Malappuram,Manjeri,Other,Beverages,2.0,16000,17500,16500,12 Dec 2013
Kerala,Malappuram,Manjeri,Other,Beverages,2.0,16000,17500,16500,11 Dec 2013
Kerala,Malappuram,Manjeri,Other,Beverages,2.0,16000,17500,16500,10 Dec 2013
Kerala,Malappuram,Manjeri,Other,Beverages,2.0,16000,17500,16500,09 Dec 2013
Kerala,Malappuram,Manjeri,Other,Beverages,2.0,16000,17500,16500,07 Dec 2013
Kerala,Malappuram,Manjeri,Other,Beverages,2.0,16000,17500,16500,06 Dec 2013
Kerala,Malappuram,Manjeri,Other,Beverages,2.0,16000,17500,16500,05 Dec 2013
Kerala,Malappuram,Manjeri,Other,Beverages,2.0,16000,17500,16500,04 Dec 2013
Kerala,Malappuram,Manjeri,Other,Beverages,2.0,16000,17500,16500,03 Dec 2013
Kerala,Malappuram,Manjeri,Other,Beverages,2.0,16000,17500,16500,02 Dec 2013
Kerala,Malappuram,Manjeri,Other,Beverages,2.0,16000,17500,16500,30 Nov 2013
Kerala,Malappuram,Manjeri,Other,Beverages,2.0,16000,17500,16500,29 Nov 2013
Kerala,Malappuram,Manjeri,Other,Beverages,2.0,16000,17500,16500,28 Nov 2013
Kerala,Malappuram,Manjeri,Other,Beverages,2.0,16000,17500,16500,27 Nov 2013
Kerala,Malappuram,Manjeri,Other,Beverages,2.0,16000,17500,16500,26 Nov 2013
Kerala,Malappuram,Manjeri,Other,Beverages,2.0,16000,17500,16500,25 Nov 2013
Kerala,Malappuram,Manjeri,Other,Beverages,2.0,16000,17500,16500,23 Nov 2013
Kerala,Malappuram,Manjeri,Other,Beverages,2.0,16000,17500,16500,22 Nov 2013
Kerala,Malappuram,Manjeri,Other,Beverages,2.0,16000,17500,16500,21 Nov 2013
Kerala,Malappuram,Manjeri,Other,Beverages,2.0,16000,17500,16500,20 Nov 2013
Kerala,Malappuram,Manjeri,Other,Beverages,2.0,16000,17500,16500,19 Nov 2013
Kerala,Malappuram,Manjeri,Other,Beverages,2.0,16000,17500,16500,16 Nov 2013
Kerala,Malappuram,Manjeri,Other,Beverages,2.0,16000,17500,16500,15 Nov 2013
Kerala,Malappuram,Manjeri,Other,Beverages,2.0,16000,17500,16500,14 Nov 2013
Kerala,Malappuram,Manjeri,Other,Beverages,2.0,16000,17500,16500,13 Nov 2013
Kerala,Malappuram,Manjeri,Other,Beverages,2.0,16000,17500,16500,12 Nov 2013
Kerala,Malappuram,Manjeri,Other,Beverages,2.0,16000,17500,16500,11 Nov 2013
Kerala,Malappuram,Manjeri,Other,Beverages,2.0,16000,17500,16500,09 Nov 2013
Kerala,Malappuram,Manjeri,Other,Beverages,2.0,16000,17500,16500,08 Nov 2013
Kerala,Malappuram,Manjeri,Other,Beverages,2.0,16000,17500,16500,07 Nov 2013
Kerala,Malappuram,Manjeri,Other,Beverages,2.0,16000,17500,16500,06 Nov 2013
Kerala,Malappuram,Manjeri,Other,Beverages,2.0,16000,17500,16500,05 Nov 2013
Kerala,Malappuram,Manjeri,Other,Beverages,2.0,16000,17500,16500,04 Nov 2013
Kerala,Malappuram,Manjeri,Other,Beverages,2.0,16000,17500,16500,02 Nov 2013
Kerala,Malappuram,Manjeri,Other,Beverages,2.0,16000,17500,16500,01 Nov 2013
Kerala,Malappuram,Manjeri,Other,Beverages,2.0,16000,17500,16500,31 Oct 2013
Kerala,Malappuram,Manjeri,Other,Beverages,2.0,16000,17500,16500,30 Oct 2013
Kerala,Malappuram,Manjeri,Other,Beverages,2.0,16000,17500,16500,29 Oct 2013
Kerala,Malappuram,Manjeri,Other,Beverages,2.0,16000,17500,16500,28 Oct 2013
Kerala,Malappuram,Manjeri,Other,Beverages,2.0,16000,17500,16500,26 Oct 2013
Kerala,Malappuram,Manjeri,Other,Beverages,2.0,16000,17500,16500,25 Oct 2013
Kerala,Malappuram,Manjeri,Other,Beverages,2.0,16000,17500,16500,24 Oct 2013
Kerala,Malappuram,Manjeri,Other,Beverages,2.0,16000,17500,16500,23 Oct 2013
Kerala,Malappuram,Manjeri,Other,Beverages,2.0,16000,17500,16500,22 Oct 2013
Kerala,Malappuram,Manjeri,Other,Beverages,2.0,16000,17500,16500,21 Oct 2013
Kerala,Malappuram,Manjeri,Other,Beverages,2.0,16000,17500,16500,19 Oct 2013
Kerala,Malappuram,Manjeri,Other,Beverages,2.0,16000,17500,16500,18 Oct 2013
Kerala,Malappuram,Manjeri,Other,Beverages,2.0,16000,17500,16500,15 Oct 2013
Kerala,Malappuram,Manjeri,Other,Beverages,2.0,16000,17500,16500,14 Oct 2013
Kerala,Malappuram,Manjeri,Other,Beverages,2.0,16000,17500,16500,12 Oct 2013
Kerala,Malappuram,Manjeri,Other,Beverages,2.0,16000,17500,16500,11 Oct 2013
Kerala,Malappuram,Manjeri,Other,Beverages,2.0,16000,17500,16500,10 Oct 2013
Kerala,Malappuram,Manjeri,Other,Beverages,2.0,16000,17500,16500,09 Oct 2013
Kerala,Malappuram,Manjeri,Other,Beverages,2.0,16000,17500,16500,08 Oct 2013
Kerala,Malappuram,Manjeri,Other,Beverages,2.0,16000,17500,16500,07 Oct 2013
Kerala,Malappuram,Manjeri,Other,Beverages,2.0,16000,17500,16500,05 Oct 2013
Kerala,Malappuram,Manjeri,Other,Beverages,2.0,16000,17500,16500,04 Oct 2013
Kerala,Malappuram,Manjeri,Other,Beverages,2.0,16000,17500,16500,03 Oct 2013
Kerala,Malappuram,Manjeri,Other,Beverages,2.0,16000,17500,16500,02 Oct 2013
Kerala,Malappuram,Manjeri,Other,Beverages,2.0,16000,17500,16500,01 Oct 2013
Kerala,Malappuram,Manjeri,Other,Beverages,2.0,16000,17500,16500,30 Sep 2013
Kerala,Malappuram,Manjeri,Other,Beverages,2.0,16000,17500,16500,28 Sep 2013
Kerala,Malappuram,Manjeri,Other,Beverages,2.0,16000,17500,16500,27 Sep 2013
Kerala,Malappuram,Manjeri,Other,Beverages,2.0,16000,17500,16500,26 Sep 2013
Kerala,Malappuram,Manjeri,Other,Beverages,2.0,16000,17500,16500,25 Sep 2013
Kerala,Malappuram,Manjeri,Other,Beverages,2.0,16000,17500,16500,24 Sep 2013
Kerala,Malappuram,Manjeri,Other,Beverages,2.0,16000,17500,16500,23 Sep 2013
Kerala,Malappuram,Manjeri,Other,Beverages,2.0,15000,16000,15500,21 Sep 2013
Kerala,Malappuram,Manjeri,Other,Beverages,2.0,15000,16000,15500,20 Sep 2013
Kerala,Malappuram,Manjeri,Other,Beverages,2.0,15000,16000,15500,19 Sep 2013
Kerala,Malappuram,Manjeri,Other,Beverages,2.0,15000,16000,15500,18 Sep 2013
Kerala,Malappuram,Manjeri,Other,Beverages,2.0,15000,16000,15500,17 Sep 2013
Kerala,Malappuram,Manjeri,Other,Beverages,2.0,15000,16000,15500,14 Sep 2013
Kerala,Malappuram,Manjeri,Other,Beverages,2.0,15000,16000,15500,13 Sep 2013
Kerala,Malappuram,Manjeri,Other,Beverages,2.0,15000,16000,15500,12 Sep 2013
Kerala,Malappuram,Manjeri,Other,Beverages,2.0,15000,16000,15500,11 Sep 2013
Kerala,Malappuram,Manjeri,Other,Beverages,2.0,15000,16000,15500,10 Sep 2013
Kerala,Malappuram,Manjeri,Other,Beverages,2.0,15000,16000,15500,09 Sep 2013
Kerala,Malappuram,Manjeri,Other,Beverages,2.0,15000,16000,15500,07 Sep 2013
Kerala,Malappuram,Manjeri,Other,Beverages,2.0,15000,16000,15500,06 Sep 2013
Kerala,Malappuram,Manjeri,Other,Beverages,2.0,15000,16000,15500,05 Sep 2013
Kerala,Malappuram,Manjeri,Other,Beverages,2.0,15000,16000,15500,04 Sep 2013
Kerala,Malappuram,Manjeri,Other,Beverages,2.0,15000,16000,15500,02 Sep 2013
Kerala,Malappuram,Manjeri,Other,Beverages,2.0,15000,16000,15500,31 Aug 2013
Kerala,Malappuram,Manjeri,Other,Beverages,2.0,15000,16000,15500,30 Aug 2013
Kerala,Malappuram,Manjeri,Other,Beverages,2.0,15000,16000,15500,29 Aug 2013
Kerala,Malappuram,Manjeri,Other,Beverages,2.0,15000,16000,15500,28 Aug 2013
Kerala,Malappuram,Manjeri,Other,Beverages,2.0,15000,16000,15500,27 Aug 2013
Kerala,Malappuram,Manjeri,Other,Beverages,2.0,15000,16000,15500,26 Aug 2013
Kerala,Malappuram,Manjeri,Other,Beverages,2.0,15000,16000,15500,24 Aug 2013
Kerala,Malappuram,Manjeri,Other,Beverages,2.0,15000,16000,15500,23 Aug 2013
Kerala,Malappuram,Manjeri,Other,Beverages,2.0,15000,16000,15500,22 Aug 2013
Kerala,Malappuram,Manjeri,Other,Beverages,2.0,15000,16000,15500,21 Aug 2013
Kerala,Malappuram,Manjeri,Other,Beverages,2.0,15000,16000,15500,20 Aug 2013
Kerala,Malappuram,Manjeri,Other,Beverages,2.0,15000,16000,15500,19 Aug 2013
Kerala,Malappuram,Manjeri,Other,Beverages,2.0,15000,16000,15500,17 Aug 2013
Kerala,Malappuram,Manjeri,Other,Beverages,2.0,15000,16000,15500,16 Aug 2013
Kerala,Malappuram,Manjeri,Other,Beverages,2.0,15000,16000,15500,15 Aug 2013
Kerala,Malappuram,Manjeri,Other,Beverages,2.0,15000,16000,15500,14 Aug 2013
Kerala,Malappuram,Manjeri,Other,Beverages,2.0,15000,16000,15500,13 Aug 2013
Kerala,Malappuram,Manjeri,Other,Beverages,2.0,15000,16000,15500,12 Aug 2013
Kerala,Malappuram,Manjeri,Other,Beverages,2.0,15000,16000,15500,10 Aug 2013
Kerala,Malappuram,Manjeri,Other,Beverages,2.0,15000,16000,15500,07 Aug 2013
Kerala,Malappuram,Manjeri,Other,Beverages,2.0,15000,16000,15500,05 Aug 2013
Kerala,Malappuram,Manjeri,Other,Beverages,2.0,15000,16000,15500,03 Aug 2013
Kerala,Malappuram,Manjeri,Other,Beverages,2.0,15000,16000,15500,02 Aug 2013
Kerala,Malappuram,Manjeri,Other,Beverages,2.0,15000,16000,15500,01 Aug 2013
Kerala,Malappuram,Manjeri,Other,Beverages,2.0,15000,16000,15500,31 Jul 2013
Kerala,Malappuram,Manjeri,Other,Beverages,2.0,15000,16000,15500,30 Jul 2013
Kerala,Malappuram,Manjeri,Other,Beverages,2.0,15000,16000,15500,29 Jul 2013
Kerala,Malappuram,Manjeri,Other,Beverages,2.0,15000,16000,15500,27 Jul 2013
Kerala,Malappuram,Manjeri,Other,Beverages,2.0,15000,16000,15500,26 Jul 2013
Kerala,Malappuram,Manjeri,Other,Beverages,2.0,15000,16000,15500,25 Jul 2013
Kerala,Malappuram,Manjeri,Other,Beverages,2.0,15000,16000,15500,24 Jul 2013
Kerala,Malappuram,Manjeri,Other,Beverages,2.0,15000,16000,15500,23 Jul 2013
Kerala,Malappuram,Manjeri,Other,Beverages,2.0,15000,16000,15500,22 Jul 2013
Kerala,Malappuram,Manjeri,Other,Beverages,2.0,15000,16000,15500,20 Jul 2013
Kerala,Malappuram,Manjeri,Other,Beverages,2.0,15000,16000,15500,19 Jul 2013
Kerala,Malappuram,Manjeri,Other,Beverages,2.0,15000,16000,15500,18 Jul 2013
Kerala,Malappuram,Manjeri,Other,Beverages,2.0,15000,16000,15500,17 Jul 2013
Kerala,Malappuram,Manjeri,Other,Beverages,2.0,15000,16000,15500,16 Jul 2013
Kerala,Malappuram,Manjeri,Other,Beverages,2.0,15000,16000,15500,15 Jul 2013
Kerala,Malappuram,Manjeri,Other,Beverages,2.0,15000,16000,15500,13 Jul 2013
Kerala,Malappuram,Manjeri,Other,Beverages,2.0,15000,16000,15500,12 Jul 2013
Kerala,Malappuram,Manjeri,Other,Beverages,2.0,15000,16000,15500,11 Jul 2013
Kerala,Malappuram,Manjeri,Other,Beverages,2.0,15000,16000,15500,09 Jul 2013
Kerala,Malappuram,Manjeri,Other,Beverages,2.0,15000,16000,15500,08 Jul 2013
Kerala,Malappuram,Manjeri,Other,Beverages,2.0,15000,16000,15500,06 Jul 2013
Kerala,Malappuram,Manjeri,Other,Beverages,2.0,15000,16000,15500,05 Jul 2013
Kerala,Malappuram,Manjeri,Other,Beverages,2.0,15000,16000,15500,04 Jul 2013
Kerala,Malappuram,Manjeri,Other,Beverages,2.0,15000,16000,15500,03 Jul 2013
Kerala,Malappuram,Manjeri,Other,Beverages,2.0,15000,16000,15500,02 Jul 2013
Kerala,Malappuram,Manjeri,Other,Beverages,2.0,15000,16000,15500,01 Jul 2013
Kerala,Malappuram,Manjeri,Other,Beverages,2.0,15000,16000,15500,29 Jun 2013
Kerala,Malappuram,Manjeri,Other,Beverages,2.0,15000,16000,15500,28 Jun 2013
Kerala,Malappuram,Manjeri,Other,Beverages,2.0,15000,16000,15500,27 Jun 2013
Kerala,Malappuram,Manjeri,Other,Beverages,2.0,15000,16000,15500,26 Jun 2013
Kerala,Malappuram,Manjeri,Other,Beverages,2.0,15000,16000,15500,25 Jun 2013
Kerala,Malappuram,Manjeri,Other,Beverages,2.0,15000,16000,15500,24 Jun 2013
Kerala,Malappuram,Manjeri,Other,Beverages,2.0,15000,16000,15500,22 Jun 2013
Kerala,Malappuram,Manjeri,Other,Beverages,2.0,15000,16000,15500,21 Jun 2013
Kerala,Malappuram,Manjeri,Other,Beverages,2.0,15000,16000,15500,20 Jun 2013
Kerala,Malappuram,Manjeri,Other,Beverages,2.0,15000,16000,15500,19 Jun 2013
Kerala,Malappuram,Manjeri,Other,Beverages,6.0,15000,16000,15500,18 Jun 2013
Kerala,Malappuram,Manjeri,Other,Beverages,2.0,15000,16000,15500,17 Jun 2013
Kerala,Malappuram,Manjeri,Other,Beverages,2.0,15000,16000,15500,15 Jun 2013
Kerala,Malappuram,Manjeri,Other,Beverages,2.0,15000,16000,15500,14 Jun 2013
Kerala,Malappuram,Manjeri,Other,Beverages,2.0,15000,16000,15500,13 Jun 2013
Kerala,Malappuram,Manjeri,Other,Beverages,2.0,15000,16000,15500,12 Jun 2013
Kerala,Malappuram,Manjeri,Other,Beverages,2.0,15000,16000,15500,11 Jun 2013
Kerala,Malappuram,Manjeri,Other,Beverages,2.0,15000,16000,15500,10 Jun 2013
Kerala,Malappuram,Manjeri,Other,Beverages,2.0,15000,16000,15500,09 Jun 2013
Kerala,Malappuram,Manjeri,Other,Beverages,2.0,15000,16000,15500,08 Jun 2013
Kerala,Malappuram,Manjeri,Other,Beverages,2.0,15000,16000,15500,07 Jun 2013
Kerala,Malappuram,Manjeri,Other,Beverages,2.0,15000,16000,15500,06 Jun 2013
Kerala,Malappuram,Manjeri,Other,Beverages,2.0,15000,16000,15500,05 Jun 2013
Kerala,Malappuram,Manjeri,Other,Beverages,2.0,15000,16000,15500,04 Jun 2013
Kerala,Malappuram,Manjeri,Other,Beverages,2.0,15000,16000,15500,03 Jun 2013
Kerala,Malappuram,Manjeri,Other,Beverages,2.0,15000,16000,15500,01 Jun 2013
Kerala,Malappuram,Manjeri,Other,Beverages,2.0,15000,16000,15500,31 May 2013
Kerala,Malappuram,Manjeri,Other,Beverages,2.0,15000,16000,15500,30 May 2013
Kerala,Malappuram,Manjeri,Other,Beverages,2.0,15000,16000,15500,29 May 2013
Kerala,Malappuram,Manjeri,Other,Beverages,2.0,15000,16000,15500,28 May 2013
Kerala,Malappuram,Manjeri,Other,Beverages,2.0,15000,16000,15500,27 May 2013
Kerala,Malappuram,Manjeri,Other,Beverages,2.0,15000,16000,15500,25 May 2013
Kerala,Malappuram,Manjeri,Other,Beverages,2.0,15000,16000,15500,24 May 2013
Kerala,Malappuram,Manjeri,Other,Beverages,2.0,15000,16000,15500,23 May 2013
Kerala,Malappuram,Manjeri,Other,Beverages,2.0,15000,16000,15500,22 May 2013
Kerala,Malappuram,Manjeri,Other,Beverages,2.0,15000,16000,15500,21 May 2013
Kerala,Malappuram,Manjeri,Other,Beverages,2.0,11000,16000,14500,20 May 2013
Kerala,Malappuram,Manjeri,Other,Beverages,2.0,11000,16000,14500,18 May 2013
Kerala,Malappuram,Manjeri,Other,Beverages,2.0,11000,16000,14500,17 May 2013
Kerala,Malappuram,Manjeri,Other,Beverages,2.0,11000,16000,14500,16 May 2013
Kerala,Malappuram,Manjeri,Other,Beverages,2.0,11000,16000,14500,15 May 2013
Kerala,Malappuram,Manjeri,Other,Beverages,2.0,11000,16000,14500,14 May 2013
Kerala,Malappuram,Manjeri,Other,Beverages,2.0,11000,16000,14500,13 May 2013
Kerala,Malappuram,Manjeri,Other,Beverages,2.0,11000,16000,14500,11 May 2013
Kerala,Malappuram,Manjeri,Other,Beverages,2.0,11000,16000,14500,10 May 2013
Kerala,Malappuram,Manjeri,Other,Beverages,2.0,11000,16000,14500,09 May 2013
Kerala,Malappuram,Manjeri,Other,Beverages,2.0,11000,16000,14500,08 May 2013
Kerala,Malappuram,Manjeri,Other,Beverages,2.0,11000,16000,14500,07 May 2013
Kerala,Malappuram,Manjeri,Other,Beverages,2.0,11000,16000,14500,06 May 2013
Kerala,Malappuram,Manjeri,Other,Beverages,2.0,11000,16000,14500,04 May 2013
Kerala,Malappuram,Manjeri,Other,Beverages,2.0,11000,16000,14500,03 May 2013
Kerala,Malappuram,Manjeri,Other,Beverages,2.0,11000,16000,14500,02 May 2013
Kerala,Malappuram,Manjeri,Other,Beverages,2.0,11000,16000,14500,01 May 2013
Kerala,Malappuram,Manjeri,Other,Beverages,2.0,11000,16000,14500,30 Apr 2013
Kerala,Malappuram,Manjeri,Other,Beverages,2.0,11000,16000,14500,29 Apr 2013
Kerala,Malappuram,Manjeri,Other,Beverages,2.0,11000,16000,14500,27 Apr 2013
Kerala,Malappuram,Manjeri,Other,Beverages,1.0,13000,15000,14500,26 Apr 2013
Kerala,Malappuram,Manjeri,Other,Beverages,1.0,13000,15000,14500,25 Apr 2013
Kerala,Malappuram,Manjeri,Other,Beverages,1.0,13000,15000,14500,24 Apr 2013
Kerala,Malappuram,Manjeri,Other,Beverages,1.0,13000,15000,14500,23 Apr 2013
Kerala,Malappuram,Manjeri,Other,Beverages,1.0,13000,15000,14500,22 Apr 2013
Kerala,Malappuram,Manjeri,Other,Beverages,1.0,13000,15000,14500,20 Apr 2013
Kerala,Malappuram,Manjeri,Other,Beverages,1.0,13000,15000,14500,19 Apr 2013
Kerala,Malappuram,Manjeri,Other,Beverages,1.0,13000,15000,14500,18 Apr 2013
Kerala,Malappuram,Manjeri,Other,Beverages,1.0,11000,11500,11500,17 Apr 2013
Kerala,Malappuram,Manjeri,Other,Beverages,1.0,11000,11500,11500,16 Apr 2013
Kerala,Malappuram,Manjeri,Other,Beverages,1.0,11000,11500,11500,15 Apr 2013
Kerala,Malappuram,Manjeri,Other,Beverages,1.0,11000,11500,11500,13 Apr 2013
Kerala,Malappuram,Manjeri,Other,Beverages,1.0,11000,11500,11500,12 Apr 2013
Kerala,Malappuram,Manjeri,Other,Beverages,1.0,11000,11500,11500,11 Apr 2013
Kerala,Malappuram,Manjeri,Other,Beverages,1.0,11000,11500,11500,10 Apr 2013
Kerala,Malappuram,Manjeri,Other,Beverages,1.0,11000,11500,11500,09 Apr 2013
Kerala,Malappuram,Manjeri,Other,Beverages,1.0,11000,11500,11500,08 Apr 2013
Kerala,Malappuram,Manjeri,Other,Beverages,1.0,11000,11500,11500,06 Apr 2013
Kerala,Malappuram,Manjeri,Other,Beverages,1.0,11000,11500,11500,05 Apr 2013
Kerala,Malappuram,Manjeri,Other,Beverages,1.0,11000,11500,11500,04 Apr 2013
Kerala,Malappuram,Manjeri,Other,Beverages,1.0,11000,11500,11500,03 Apr 2013
Kerala,Malappuram,Manjeri,Other,Beverages,1.0,11000,11500,11500,02 Apr 2013
Kerala,Malappuram,Manjeri,Other,Beverages,1.0,11000,11500,11500,01 Apr 2013
Kerala,Malappuram,Manjeri,Other,Beverages,1.0,11000,11500,11500,30 Mar 2013
Kerala,Malappuram,Manjeri,Other,Beverages,1.0,11000,11500,11500,29 Mar 2013
Kerala,Malappuram,Manjeri,Other,Beverages,1.0,11000,11500,11500,28 Mar 2013
Kerala,Malappuram,Manjeri,Other,Beverages,1.0,11000,11500,11500,27 Mar 2013
Kerala,Malappuram,Manjeri,Other,Beverages,1.0,11000,11500,11500,26 Mar 2013
Kerala,Malappuram,Manjeri,Other,Beverages,1.0,11000,11500,11500,25 Mar 2013
Kerala,Malappuram,Manjeri,Other,Beverages,1.0,11000,11500,11500,23 Mar 2013
Kerala,Malappuram,Manjeri,Other,Beverages,1.0,11000,11500,11500,22 Mar 2013
Kerala,Malappuram,Manjeri,Other,Beverages,1.0,11000,11500,11500,21 Mar 2013
Kerala,Malappuram,Manjeri,Other,Beverages,1.0,11000,11500,11500,20 Mar 2013
Kerala,Malappuram,Manjeri,Other,Beverages,1.0,11000,11500,11500,19 Mar 2013
Kerala,Malappuram,Manjeri,Other,Beverages,1.0,11000,11500,11500,18 Mar 2013
Kerala,Malappuram,Manjeri,Other,Beverages,1.0,11000,11500,11500,16 Mar 2013
Kerala,Malappuram,Manjeri,Other,Beverages,1.0,11000,11500,11500,15 Mar 2013
Kerala,Malappuram,Manjeri,Other,Beverages,1.0,11000,11500,11500,14 Mar 2013
Kerala,Malappuram,Manjeri,Other,Beverages,1.0,11000,11500,11500,13 Mar 2013
Kerala,Malappuram,Manjeri,Other,Beverages,1.0,11000,11500,11500,12 Mar 2013
Kerala,Malappuram,Manjeri,Other,Beverages,1.0,11000,11500,11500,11 Mar 2013
Kerala,Malappuram,Manjeri,Other,Beverages,1.0,11000,11500,11500,08 Mar 2013
Kerala,Malappuram,Manjeri,Other,Beverages,1.0,11000,11500,11500,07 Mar 2013
Kerala,Malappuram,Manjeri,Other,Beverages,1.0,11000,11500,11500,06 Mar 2013
Kerala,Malappuram,Manjeri,Other,Beverages,1.0,11000,11500,11500,05 Mar 2013
Kerala,Malappuram,Manjeri,Other,Beverages,1.0,11000,11500,11500,04 Mar 2013
Kerala,Malappuram,Manjeri,Other,Beverages,1.0,11000,11500,11500,02 Mar 2013
Kerala,Malappuram,Manjeri,Other,Beverages,1.0,11000,11500,11500,01 Mar 2013
Kerala,Malappuram,Manjeri,Other,Beverages,1.0,11000,11500,11500,28 Feb 2013
Kerala,Malappuram,Manjeri,Other,Beverages,1.0,11000,11500,11500,27 Feb 2013
Kerala,Malappuram,Manjeri,Other,Beverages,1.0,11000,11500,11500,26 Feb 2013
Kerala,Malappuram,Manjeri,Other,Beverages,1.0,11000,11500,11500,25 Feb 2013
Kerala,Malappuram,Manjeri,Other,Beverages,1.0,11000,11500,11500,23 Feb 2013
Kerala,Malappuram,Manjeri,Other,Beverages,1.0,11000,11500,11500,22 Feb 2013
Kerala,Malappuram,Manjeri,Other,Beverages,1.0,11000,11500,11500,19 Feb 2013
Kerala,Malappuram,Manjeri,Other,Beverages,1.0,11000,11500,11500,18 Feb 2013
Kerala,Malappuram,Manjeri,Other,Beverages,1.0,11000,11500,11500,16 Feb 2013
Kerala,Malappuram,Manjeri,Other,Beverages,1.0,11000,11500,11500,15 Feb 2013
Kerala,Malappuram,Manjeri,Other,Beverages,1.0,11000,11500,11500,14 Feb 2013
Kerala,Malappuram,Manjeri,Other,Beverages,1.0,11000,11500,11500,13 Feb 2013
Kerala,Malappuram,Manjeri,Other,Beverages,1.0,11000,11500,11500,12 Feb 2013
Kerala,Malappuram,Manjeri,Other,Beverages,1.0,11000,11500,11500,11 Feb 2013
Kerala,Malappuram,Manjeri,Other,Beverages,1.0,11000,11500,11500,08 Feb 2013
Kerala,Malappuram,Manjeri,Other,Beverages,1.0,11000,11500,11500,07 Feb 2013
Kerala,Malappuram,Manjeri,Other,Beverages,1.0,11000,11500,11500,06 Feb 2013
Kerala,Malappuram,Manjeri,Other,Beverages,1.0,11000,11500,11500,05 Feb 2013
Kerala,Malappuram,Manjeri,Other,Beverages,1.0,11000,11500,11500,04 Feb 2013
Kerala,Malappuram,Manjeri,Other,Beverages,1.0,11000,11500,11500,02 Feb 2013
Kerala,Malappuram,Manjeri,Other,Beverages,1.0,11000,11500,11500,01 Feb 2013
Kerala,Malappuram,Manjeri,Other,Beverages,1.0,11000,11500,11500,31 Jan 2013
Kerala,Malappuram,Manjeri,Other,Beverages,1.0,11000,11500,11500,30 Jan 2013
Kerala,Malappuram,Manjeri,Other,Beverages,1.0,11000,11500,11500,29 Jan 2013
Kerala,Malappuram,Manjeri,Other,Beverages,1.0,11000,11500,11500,28 Jan 2013
Kerala,Malappuram,Manjeri,Other,Beverages,1.0,11000,11500,11500,25 Jan 2013
Kerala,Malappuram,Manjeri,Other,Beverages,1.0,11000,11500,11500,24 Jan 2013
Kerala,Malappuram,Manjeri,Other,Beverages,1.0,11000,11500,11500,23 Jan 2013
Kerala,Malappuram,Manjeri,Other,Beverages,1.0,11000,11500,11500,22 Jan 2013
Kerala,Malappuram,Manjeri,Other,Beverages,1.0,11000,11500,11500,21 Jan 2013
Kerala,Malappuram,Manjeri,Other,Beverages,1.0,11000,11500,11500,19 Jan 2013
Kerala,Malappuram,Manjeri,Other,Beverages,1.0,11000,11500,11500,18 Jan 2013
Kerala,Malappuram,Manjeri,Other,Beverages,1.0,11000,11500,11500,17 Jan 2013
Kerala,Malappuram,Manjeri,Other,Beverages,1.0,11000,11500,11500,16 Jan 2013
Kerala,Malappuram,Manjeri,Other,Beverages,1.0,11000,11500,11500,15 Jan 2013
Kerala,Malappuram,Manjeri,Other,Beverages,1.0,11000,11500,11500,14 Jan 2013
Kerala,Malappuram,Manjeri,Other,Beverages,1.0,11000,11500,11500,11 Jan 2013
Kerala,Malappuram,Manjeri,Other,Beverages,1.0,11000,11500,11500,10 Jan 2013
Kerala,Malappuram,Manjeri,Other,Beverages,1.0,11000,11500,11500,09 Jan 2013
Kerala,Malappuram,Manjeri,Other,Beverages,1.0,11000,11500,11500,08 Jan 2013
Kerala,Malappuram,Manjeri,Other,Beverages,1.0,11000,11500,11500,07 Jan 2013
Kerala,Malappuram,Manjeri,Other,Beverages,1.0,11000,11500,11500,05 Jan 2013
Kerala,Malappuram,Manjeri,Other,Beverages,1.0,11000,11500,11500,04 Jan 2013
Kerala,Malappuram,Manjeri,Other,Beverages,1.0,11000,11500,11500,03 Jan 2013
Kerala,Malappuram,Manjeri,Other,Beverages,1.0,11000,11500,11500,02 Jan 2013
Kerala,Malappuram,Manjeri,Other,Beverages,1.0,11000,11500,11500,01 Jan 2013
Kerala,Malappuram,Manjeri,Other,Beverages,1.0,11000,11500,11500,31 Dec 2012
Kerala,Malappuram,Manjeri,Other,Beverages,1.0,11000,11500,11500,29 Dec 2012
Kerala,Malappuram,Manjeri,Other,Beverages,1.0,11000,11500,11500,28 Dec 2012
Kerala,Malappuram,Manjeri,Other,Beverages,1.0,11000,11500,11500,26 Dec 2012
Kerala,Malappuram,Manjeri,Other,Beverages,1.0,11000,11500,11500,24 Dec 2012
Kerala,Malappuram,Manjeri,Other,Beverages,1.0,11000,11500,11500,22 Dec 2012
Kerala,Malappuram,Manjeri,Other,Beverages,1.0,11000,11500,11500,21 Dec 2012
Kerala,Malappuram,Manjeri,Other,Beverages,1.0,11000,11500,11500,20 Dec 2012
Kerala,Malappuram,Manjeri,Other,Beverages,1.0,11000,11500,11500,19 Dec 2012
Kerala,Malappuram,Manjeri,Other,Beverages,1.0,11000,11500,11500,18 Dec 2012
Kerala,Malappuram,Manjeri,Other,Beverages,1.0,11000,11500,11500,17 Dec 2012
Kerala,Malappuram,Manjeri,Other,Beverages,1.0,11000,11500,11500,15 Dec 2012
Kerala,Malappuram,Manjeri,Other,Beverages,1.0,11000,11500,11500,14 Dec 2012
Kerala,Malappuram,Manjeri,Other,Beverages,1.0,11000,11500,11500,13 Dec 2012
Kerala,Malappuram,Manjeri,Other,Beverages,1.0,11000,11500,11500,12 Dec 2012
Kerala,Malappuram,Manjeri,Other,Beverages,1.0,11000,11500,11500,11 Dec 2012
Kerala,Malappuram,Manjeri,Other,Beverages,1.0,11000,11500,11500,10 Dec 2012
Kerala,Malappuram,Manjeri,Other,Beverages,1.0,11000,11500,11500,08 Dec 2012
Kerala,Malappuram,Manjeri,Other,Beverages,1.0,11000,11500,11500,07 Dec 2012
Kerala,Malappuram,Manjeri,Other,Beverages,1.0,11000,11500,11500,06 Dec 2012
Kerala,Malappuram,Manjeri,Other,Beverages,1.0,11000,11500,11500,05 Dec 2012
Kerala,Malappuram,Manjeri,Other,Beverages,1.0,11000,11500,11500,04 Dec 2012
Kerala,Malappuram,Manjeri,Other,Beverages,1.0,11000,11500,11500,03 Dec 2012
Kerala,Malappuram,Manjeri,Other,Beverages,1.0,11000,11500,11500,01 Dec 2012
Kerala,Malappuram,Manjeri,Other,Beverages,1.0,11000,11500,11500,30 Nov 2012
Kerala,Malappuram,Manjeri,Other,Beverages,1.0,11000,11500,11500,29 Nov 2012
Kerala,Malappuram,Manjeri,Other,Beverages,1.0,11000,11500,11500,28 Nov 2012
Kerala,Malappuram,Manjeri,Other,Beverages,1.0,11000,11500,11500,27 Nov 2012
Kerala,Malappuram,Manjeri,Other,Beverages,1.0,11000,11500,11500,26 Nov 2012
Kerala,Malappuram,Manjeri,Other,Beverages,1.0,11000,11500,11500,24 Nov 2012
Kerala,Malappuram,Manjeri,Other,Beverages,1.0,11000,11500,11500,23 Nov 2012
Kerala,Malappuram,Manjeri,Other,Beverages,1.0,11000,11500,11500,22 Nov 2012
Kerala,Malappuram,Manjeri,Other,Beverages,1.0,11000,11500,11500,21 Nov 2012
Kerala,Malappuram,Manjeri,Other,Beverages,1.0,11000,11500,11500,20 Nov 2012
Kerala,Malappuram,Manjeri,Other,Beverages,1.0,11000,11500,11500,19 Nov 2012
Kerala,Malappuram,Manjeri,Other,Beverages,1.0,11000,11500,11500,17 Nov 2012
Kerala,Malappuram,Manjeri,Other,Beverages,1.0,11000,11500,11500,16 Nov 2012
Kerala,Malappuram,Manjeri,Other,Beverages,1.0,11000,11500,11500,15 Nov 2012
Kerala,Malappuram,Manjeri,Other,Beverages,1.0,11000,11500,11500,14 Nov 2012
Kerala,Malappuram,Manjeri,Other,Beverages,1.0,11000,11500,11500,13 Nov 2012
Kerala,Malappuram,Manjeri,Other,Beverages,1.0,11000,11500,11500,12 Nov 2012
Kerala,Malappuram,Manjeri,Other,Beverages,1.0,11000,11500,11500,10 Nov 2012
Kerala,Malappuram,Manjeri,Other,Beverages,1.0,11000,11500,11500,09 Nov 2012
Kerala,Malappuram,Manjeri,Other,Beverages,1.0,11000,11500,11500,08 Nov 2012
Kerala,Malappuram,Manjeri,Other,Beverages,1.0,11000,11500,11500,07 Nov 2012
Kerala,Malappuram,Manjeri,Other,Beverages,1.0,11000,11500,11500,06 Nov 2012
Kerala,Malappuram,Manjeri,Other,Beverages,1.0,11000,11500,11500,05 Nov 2012
Kerala,Malappuram,Manjeri,Other,Beverages,1.0,11000,11500,11500,03 Nov 2012
Kerala,Malappuram,Manjeri,Other,Beverages,1.0,11000,11500,11500,02 Nov 2012
Kerala,Malappuram,Manjeri,Other,Beverages,1.0,11000,11500,11500,01 Nov 2012
Kerala,Malappuram,Manjeri,Other,Beverages,1.0,11000,11500,11500,31 Oct 2012
Kerala,Malappuram,Manjeri,Other,Beverages,1.0,11000,11500,11500,30 Oct 2012
Kerala,Malappuram,Manjeri,Other,Beverages,1.0,11000,11500,11500,29 Oct 2012
Kerala,Malappuram,Manjeri,Other,Beverages,1.0,11000,11500,11500,27 Oct 2012
Kerala,Malappuram,Manjeri,Other,Beverages,1.0,11000,11500,11500,25 Oct 2012
Kerala,Malappuram,Manjeri,Other,Beverages,1.0,11000,11500,11500,24 Oct 2012
Kerala,Malappuram,Manjeri,Other,Beverages,1.0,11000,11500,11500,23 Oct 2012
Kerala,Malappuram,Manjeri,Other,Beverages,1.0,11000,11500,11500,22 Oct 2012
Kerala,Malappuram,Manjeri,Other,Beverages,1.0,11000,11500,11500,20 Oct 2012
Kerala,Malappuram,Manjeri,Other,Beverages,1.0,11000,11500,11500,19 Oct 2012
Kerala,Malappuram,Manjeri,Other,Beverages,1.0,11000,11500,11500,18 Oct 2012
Kerala,Malappuram,Manjeri,Other,Beverages,1.0,11000,11500,11500,17 Oct 2012
Kerala,Malappuram,Manjeri,Other,Beverages,1.0,11000,11500,11500,16 Oct 2012
Kerala,Malappuram,Manjeri,Other,Beverages,1.0,11000,11500,11500,15 Oct 2012
Kerala,Malappuram,Manjeri,Other,Beverages,1.0,11000,11500,11500,13 Oct 2012
Kerala,Malappuram,Manjeri,Other,Beverages,1.0,11000,11500,11500,12 Oct 2012
Kerala,Malappuram,Manjeri,Other,Beverages,1.0,11000,11500,11500,11 Oct 2012
Kerala,Malappuram,Manjeri,Other,Beverages,1.0,11000,11500,11500,10 Oct 2012
Kerala,Malappuram,Manjeri,Other,Beverages,1.0,11000,11500,11500,09 Oct 2012
Kerala,Malappuram,Manjeri,Other,Beverages,1.0,11000,11500,11500,08 Oct 2012
Kerala,Malappuram,Manjeri,Other,Beverages,1.0,11000,11500,11500,06 Oct 2012
Kerala,Malappuram,Manjeri,Other,Beverages,1.0,11000,11500,11500,05 Oct 2012
Kerala,Malappuram,Manjeri,Other,Beverages,1.0,11000,11500,11500,04 Oct 2012
Kerala,Malappuram,Manjeri,Other,Beverages,1.0,11000,11500,11500,02 Oct 2012
Kerala,Malappuram,Manjeri,Other,Beverages,1.0,11000,11500,11500,01 Oct 2012
Kerala,Malappuram,Manjeri,Other,Beverages,1.0,11000,11500,11500,29 Sep 2012
Kerala,Malappuram,Manjeri,Other,Beverages,1.0,11000,11500,11500,28 Sep 2012
Kerala,Malappuram,Manjeri,Other,Beverages,1.0,11000,11500,11500,27 Sep 2012
Kerala,Malappuram,Manjeri,Other,Beverages,1.0,11000,11500,11500,26 Sep 2012
Kerala,Malappuram,Manjeri,Other,Beverages,1.0,11000,11500,11500,25 Sep 2012
Kerala,Malappuram,Manjeri,Other,Beverages,1.0,11000,11500,11500,24 Sep 2012
Kerala,Malappuram,Manjeri,Other,Beverages,1.0,11000,11500,11500,22 Sep 2012
Kerala,Malappuram,Manjeri,Other,Beverages,1.0,11000,11500,11500,21 Sep 2012
Kerala,Malappuram,Manjeri,Other,Beverages,1.0,11000,11500,11500,20 Sep 2012
Kerala,Malappuram,Manjeri,Other,Beverages,1.0,11000,11500,11500,19 Sep 2012
Kerala,Malappuram,Manjeri,Other,Beverages,1.0,11000,11500,11500,18 Sep 2012
Kerala,Malappuram,Manjeri,Other,Beverages,1.0,11000,11500,11500,17 Sep 2012
Kerala,Malappuram,Manjeri,Other,Beverages,1.0,11000,11500,11500,14 Sep 2012
Kerala,Malappuram,Manjeri,Other,Beverages,1.0,11000,11500,11500,13 Sep 2012
Kerala,Malappuram,Manjeri,Other,Beverages,1.0,11000,11500,11500,12 Sep 2012
Kerala,Malappuram,Manjeri,Other,Beverages,1.0,11000,11500,11500,11 Sep 2012
Kerala,Malappuram,Manjeri,Other,Beverages,1.0,11000,11500,11500,10 Sep 2012
Kerala,Malappuram,Manjeri,Other,Beverages,1.0,11000,11500,11500,08 Sep 2012
Kerala,Malappuram,Manjeri,Other,Beverages,1.0,11000,11500,11500,07 Sep 2012
Kerala,Malappuram,Manjeri,Other,Beverages,1.0,11000,11500,11500,06 Sep 2012
Kerala,Malappuram,Manjeri,Other,Beverages,1.0,11000,11500,11500,05 Sep 2012
Kerala,Malappuram,Manjeri,Other,Beverages,1.0,11000,11500,11500,04 Sep 2012
Kerala,Malappuram,Manjeri,Other,Beverages,1.0,10000,11500,11500,03 Sep 2012
Kerala,Malappuram,Manjeri,Other,Beverages,1.0,10000,11500,11500,01 Sep 2012
Kerala,Malappuram,Manjeri,Other,Beverages,1.0,10000,11500,11500,31 Aug 2012
Kerala,Malappuram,Manjeri,Other,Beverages,1.0,10000,11500,11500,28 Aug 2012
Kerala,Malappuram,Manjeri,Other,Beverages,1.0,10000,11500,11500,27 Aug 2012
Kerala,Malappuram,Manjeri,Other,Beverages,1.0,10000,11500,11500,25 Aug 2012
Kerala,Malappuram,Manjeri,Other,Beverages,1.0,10000,11500,11500,24 Aug 2012
Kerala,Malappuram,Manjeri,Other,Beverages,1.0,10000,11500,11500,23 Aug 2012
Kerala,Malappuram,Manjeri,Other,Beverages,1.0,10000,11500,11500,21 Aug 2012
Kerala,Malappuram,Manjeri,Other,Beverages,1.0,10000,11500,11500,18 Aug 2012
Kerala,Malappuram,Manjeri,Other,Beverages,1.0,9000,11500,11500,17 Aug 2012
Kerala,Malappuram,Manjeri,Other,Beverages,1.0,9000,11500,11500,16 Aug 2012
Kerala,Malappuram,Manjeri,Other,Beverages,1.0,9000,11500,11500,15 Aug 2012
Kerala,Malappuram,Manjeri,Other,Beverages,1.0,9000,11500,11500,14 Aug 2012
Kerala,Malappuram,Manjeri,Other,Beverages,1.0,9000,11500,11500,13 Aug 2012
Kerala,Malappuram,Manjeri,Other,Beverages,1.0,9000,11500,11500,11 Aug 2012
Kerala,Malappuram,Manjeri,Other,Beverages,1.0,9000,11500,11500,10 Aug 2012
Kerala,Malappuram,Manjeri,Other,Beverages,1.0,9000,11500,11500,09 Aug 2012
Kerala,Malappuram,Manjeri,Other,Beverages,1.0,9000,11500,11500,08 Aug 2012
Kerala,Malappuram,Manjeri,Other,Beverages,1.0,9000,11500,11500,07 Aug 2012
Kerala,Malappuram,Manjeri,Other,Beverages,1.0,9000,11500,11500,06 Aug 2012
Kerala,Malappuram,Manjeri,Other,Beverages,1.0,9000,11500,11500,04 Aug 2012
Kerala,Malappuram,Manjeri,Other,Beverages,1.0,9000,11500,11500,03 Aug 2012
Kerala,Malappuram,Manjeri,Other,Beverages,1.0,9000,11500,11500,01 Aug 2012
Kerala,Malappuram,Manjeri,Other,Beverages,1.0,9000,11500,11500,31 Jul 2012
Kerala,Malappuram,Manjeri,Other,Beverages,1.0,9000,11500,11500,30 Jul 2012
Kerala,Malappuram,Manjeri,Other,Beverages,1.0,9000,11500,11500,28 Jul 2012
Kerala,Malappuram,Manjeri,Other,Beverages,1.0,9000,11500,11500,27 Jul 2012
Kerala,Malappuram,Manjeri,Other,Beverages,1.0,9000,11500,11500,26 Jul 2012
Kerala,Malappuram,Manjeri,Other,Beverages,1.0,9000,11500,11500,25 Jul 2012
Kerala,Malappuram,Manjeri,Other,Beverages,1.0,9000,11500,11500,24 Jul 2012
Kerala,Malappuram,Manjeri,Other,Beverages,1.0,9000,11500,11500,23 Jul 2012
Kerala,Malappuram,Manjeri,Other,Beverages,1.0,9000,11500,11500,21 Jul 2012
Kerala,Malappuram,Manjeri,Other,Beverages,1.0,9000,11500,11500,20 Jul 2012
Kerala,Malappuram,Manjeri,Other,Beverages,1.0,9000,11500,11500,19 Jul 2012
Kerala,Malappuram,Manjeri,Other,Beverages,1.0,9000,11500,11500,18 Jul 2012
Kerala,Malappuram,Manjeri,Other,Beverages,1.0,9000,11500,11500,17 Jul 2012
Kerala,Malappuram,Manjeri,Other,Beverages,1.0,9000,11500,11500,16 Jul 2012
Kerala,Malappuram,Manjeri,Other,Beverages,1.0,9000,11500,11500,14 Jul 2012
Kerala,Malappuram,Manjeri,Other,Beverages,1.0,9000,11500,11500,13 Jul 2012
Kerala,Malappuram,Manjeri,Other,Beverages,1.0,9000,11500,11500,12 Jul 2012
Kerala,Malappuram,Manjeri,Other,Beverages,1.0,8500,11500,11500,11 Jul 2012
Kerala,Malappuram,Manjeri,Other,Beverages,1.0,8500,11500,11500,10 Jul 2012
Kerala,Malappuram,Manjeri,Other,Beverages,1.0,8500,11500,11500,09 Jul 2012
Kerala,Malappuram,Manjeri,Other,Beverages,1.0,8500,11500,11500,07 Jul 2012
Kerala,Malappuram,Manjeri,Other,Beverages,1.0,8500,11500,11500,06 Jul 2012
Kerala,Malappuram,Manjeri,Other,Beverages,1.0,8500,11500,11500,05 Jul 2012
Kerala,Malappuram,Manjeri,Other,Beverages,1.0,8500,11500,11500,04 Jul 2012
Kerala,Malappuram,Manjeri,Other,Beverages,1.0,8500,11500,11500,03 Jul 2012
Kerala,Malappuram,Manjeri,Other,Beverages,1.0,8500,11500,11500,02 Jul 2012
Kerala,Malappuram,Manjeri,Other,Beverages,1.0,8500,11500,11500,30 Jun 2012
Kerala,Malappuram,Manjeri,Other,Beverages,1.0,8500,11500,11500,29 Jun 2012
Kerala,Malappuram,Manjeri,Other,Beverages,1.0,8500,11500,11500,28 Jun 2012
Kerala,Malappuram,Manjeri,Other,Beverages,1.0,8500,11500,11500,27 Jun 2012
Kerala,Malappuram,Manjeri,Other,Beverages,1.0,8500,11500,11500,26 Jun 2012
Kerala,Malappuram,Manjeri,Other,Beverages,1.0,8500,11500,11500,25 Jun 2012
Kerala,Malappuram,Manjeri,Other,Beverages,1.0,8500,11500,11500,23 Jun 2012
Kerala,Malappuram,Manjeri,Other,Beverages,1.0,8500,11500,11500,22 Jun 2012
Kerala,Malappuram,Manjeri,Other,Beverages,1.0,8500,11500,11500,21 Jun 2012
Kerala,Malappuram,Manjeri,Other,Beverages,1.0,8500,11500,11500,20 Jun 2012
Kerala,Malappuram,Manjeri,Other,Beverages,1.0,8500,11500,11500,19 Jun 2012
Kerala,Malappuram,Manjeri,Other,Beverages,1.0,9000,10000,10000,18 Jun 2012
Kerala,Malappuram,Manjeri,Other,Beverages,1.0,9000,10000,10000,16 Jun 2012
Kerala,Malappuram,Manjeri,Other,Beverages,1.0,9000,10000,10000,15 Jun 2012
Kerala,Malappuram,Manjeri,Other,Beverages,1.0,9000,10000,10000,14 Jun 2012
Kerala,Malappuram,Manjeri,Other,Beverages,1.0,9000,10000,10000,13 Jun 2012
Kerala,Malappuram,Manjeri,Other,Beverages,1.0,9000,10000,10000,12 Jun 2012
Kerala,Malappuram,Manjeri,Other,Beverages,1.0,9000,10000,10000,11 Jun 2012
Kerala,Malappuram,Manjeri,Other,Beverages,1.0,9000,10000,10000,09 Jun 2012
Kerala,Malappuram,Manjeri,Other,Beverages,1.0,9000,10000,10000,08 Jun 2012
Kerala,Malappuram,Manjeri,Other,Beverages,1.0,9000,10000,10000,07 Jun 2012
Kerala,Malappuram,Manjeri,Other,Beverages,1.0,9000,10000,10000,06 Jun 2012
Kerala,Malappuram,Manjeri,Other,Beverages,1.0,9000,10000,10000,05 Jun 2012
Kerala,Malappuram,Manjeri,Other,Beverages,1.0,9000,10000,10000,04 Jun 2012
Kerala,Malappuram,Manjeri,Other,Beverages,1.0,9000,10000,10000,02 Jun 2012
Kerala,Malappuram,Manjeri,Other,Beverages,1.0,9000,10000,10000,01 Jun 2012
Kerala,Malappuram,Manjeri,Other,Beverages,1.0,9000,10000,10000,31 May 2012
Kerala,Malappuram,Manjeri,Other,Beverages,1.0,9000,10000,10000,30 May 2012
Kerala,Malappuram,Manjeri,Other,Beverages,1.0,9000,10000,10000,29 May 2012
Kerala,Malappuram,Manjeri,Other,Beverages,1.0,9000,10000,10000,28 May 2012
Kerala,Malappuram,Manjeri,Other,Beverages,1.0,9000,10000,10000,26 May 2012
Kerala,Malappuram,Manjeri,Other,Beverages,1.0,9000,10000,10000,25 May 2012
Kerala,Malappuram,Manjeri,Other,Beverages,1.0,9000,10000,10000,23 May 2012
Kerala,Malappuram,Manjeri,Other,Beverages,1.0,9000,10000,10000,22 May 2012
Kerala,Malappuram,Manjeri,Other,Beverages,1.0,9000,10000,10000,21 May 2012
Kerala,Malappuram,Manjeri,Other,Beverages,1.0,9000,10000,10000,19 May 2012
Kerala,Malappuram,Manjeri,Other,Beverages,1.0,9000,10000,10000,18 May 2012
Kerala,Malappuram,Manjeri,Other,Beverages,1.0,9000,10000,10000,17 May 2012
Kerala,Malappuram,Manjeri,Other,Beverages,1.0,9000,10000,10000,16 May 2012
Kerala,Malappuram,Manjeri,Other,Beverages,1.0,9000,10000,10000,15 May 2012
Kerala,Malappuram,Manjeri,Other,Beverages,1.0,9000,10000,10000,14 May 2012
Kerala,Malappuram,Manjeri,Other,Beverages,1.0,9000,10000,10000,12 May 2012
Kerala,Malappuram,Manjeri,Other,Beverages,1.0,9000,10000,10000,11 May 2012
Kerala,Malappuram,Manjeri,Other,Beverages,1.0,9000,10000,10000,10 May 2012
Kerala,Malappuram,Manjeri,Other,Beverages,1.0,9000,10000,10000,09 May 2012
Kerala,Malappuram,Manjeri,Other,Beverages,1.0,9000,10000,10000,08 May 2012
Kerala,Malappuram,Manjeri,Other,Beverages,1.0,9000,10000,10000,07 May 2012
Kerala,Malappuram,Manjeri,Other,Beverages,1.0,9000,10000,10000,05 May 2012
Kerala,Malappuram,Manjeri,Other,Beverages,1.0,9000,10000,10000,04 May 2012
Kerala,Malappuram,Manjeri,Other,Beverages,1.0,9000,10000,10000,03 May 2012
Kerala,Malappuram,Manjeri,Other,Beverages,1.0,9000,10000,10000,02 May 2012
Kerala,Malappuram,Manjeri,Other,Beverages,1.0,9000,10000,10000,30 Apr 2012
Kerala,Malappuram,Manjeri,Other,Beverages,1.0,9000,10000,10000,28 Apr 2012
Kerala,Malappuram,Manjeri,Other,Beverages,1.0,9000,10000,10000,27 Apr 2012
Kerala,Malappuram,Manjeri,Other,Beverages,1.0,9000,10000,10000,26 Apr 2012
Kerala,Malappuram,Manjeri,Other,Beverages,1.0,9000,10000,10000,25 Apr 2012
Kerala,Malappuram,Manjeri,Other,Beverages,1.0,8000,10000,10000,24 Apr 2012
Kerala,Malappuram,Manjeri,Other,Beverages,1.0,8000,10000,10000,23 Apr 2012
Kerala,Malappuram,Manjeri,Other,Beverages,1.0,8000,10000,10000,21 Apr 2012
Kerala,Malappuram,Manjeri,Other,Beverages,1.0,8000,10000,10000,20 Apr 2012
Kerala,Malappuram,Manjeri,Other,Beverages,1.0,8000,10000,10000,19 Apr 2012
Kerala,Malappuram,Manjeri,Other,Beverages,1.0,8000,10000,10000,18 Apr 2012
Kerala,Malappuram,Manjeri,Other,Beverages,1.0,8000,10000,10000,17 Apr 2012
Kerala,Malappuram,Manjeri,Other,Beverages,1.0,8000,10000,10000,16 Apr 2012
Kerala,Malappuram,Manjeri,Other,Beverages,1.0,8000,10000,10000,12 Apr 2012
Kerala,Malappuram,Manjeri,Other,Beverages,1.0,8000,10000,10000,11 Apr 2012
Kerala,Malappuram,Manjeri,Other,Beverages,1.0,8000,10000,10000,10 Apr 2012
Kerala,Malappuram,Manjeri,Other,Beverages,1.0,8000,10000,10000,09 Apr 2012
Kerala,Malappuram,Manjeri,Other,Beverages,1.0,8000,10000,10000,07 Apr 2012
Kerala,Malappuram,Manjeri,Other,Beverages,1.0,8000,10000,10000,06 Apr 2012
Kerala,Malappuram,Manjeri,Other,Beverages,1.0,8000,10000,10000,05 Apr 2012
Kerala,Malappuram,Manjeri,Other,Beverages,1.0,8000,10000,10000,31 Mar 2012
Kerala,Malappuram,Manjeri,Other,Beverages,1.0,8000,10000,10000,30 Mar 2012
Kerala,Malappuram,Manjeri,Other,Beverages,1.0,8000,10000,10000,29 Mar 2012
Kerala,Malappuram,Manjeri,Other,Beverages,1.0,8000,10000,10000,28 Mar 2012
Kerala,Malappuram,Manjeri,Other,Beverages,1.0,8000,10000,10000,27 Mar 2012
Kerala,Malappuram,Manjeri,Other,Beverages,1.0,8000,10000,10000,26 Mar 2012
Kerala,Malappuram,Manjeri,Other,Beverages,1.0,8000,10000,10000,24 Mar 2012
Kerala,Malappuram,Manjeri,Other,Beverages,1.0,8000,10000,10000,23 Mar 2012
Kerala,Malappuram,Manjeri,Other,Beverages,1.0,8000,10000,10000,22 Mar 2012
Kerala,Malappuram,Manjeri,Other,Beverages,1.0,8000,10000,10000,21 Mar 2012
Kerala,Malappuram,Manjeri,Other,Beverages,1.0,8000,10000,10000,20 Mar 2012
Kerala,Malappuram,Manjeri,Other,Beverages,1.0,8000,10000,10000,19 Mar 2012
Kerala,Malappuram,Manjeri,Other,Beverages,1.0,8000,10000,10000,17 Mar 2012
Kerala,Malappuram,Manjeri,Other,Beverages,1.0,8000,9500,9500,16 Mar 2012
Kerala,Malappuram,Manjeri,Other,Beverages,1.0,8000,9500,9500,15 Mar 2012
Kerala,Malappuram,Manjeri,Other,Beverages,1.0,8000,9500,9500,14 Mar 2012
Kerala,Malappuram,Manjeri,Other,Beverages,1.0,8000,9500,9500,13 Mar 2012
Kerala,Malappuram,Manjeri,Other,Beverages,1.0,8000,9500,9500,12 Mar 2012
Kerala,Malappuram,Manjeri,Other,Beverages,1.0,8000,9500,9500,10 Mar 2012
Kerala,Malappuram,Manjeri,Other,Beverages,1.0,8000,9500,9500,08 Mar 2012
Kerala,Malappuram,Manjeri,Other,Beverages,1.0,8000,9500,9500,07 Mar 2012
Kerala,Malappuram,Manjeri,Other,Beverages,1.0,8000,9500,9500,06 Mar 2012
Kerala,Malappuram,Manjeri,Other,Beverages,1.0,8000,9500,9500,05 Mar 2012
Kerala,Malappuram,Manjeri,Other,Beverages,1.0,8000,9500,9500,03 Mar 2012
Kerala,Malappuram,Manjeri,Other,Beverages,1.0,8000,9500,9500,02 Mar 2012
Kerala,Malappuram,Manjeri,Other,Beverages,1.0,7500,9000,9000,01 Mar 2012
Kerala,Malappuram,Manjeri,Other,Beverages,1.0,7500,9000,9000,29 Feb 2012
Kerala,Malappuram,Manjeri,Other,Beverages,1.0,7300,9000,9000,27 Feb 2012
Kerala,Malappuram,Manjeri,Other,Beverages,1.0,7300,9000,9000,25 Feb 2012
Kerala,Malappuram,Manjeri,Other,Beverages,1.0,7300,9000,9000,24 Feb 2012
Kerala,Malappuram,Manjeri,Other,Beverages,1.0,7300,9000,9000,23 Feb 2012
Kerala,Malappuram,Manjeri,Other,Beverages,1.0,7300,9000,9000,22 Feb 2012
Kerala,Malappuram,Manjeri,Other,Beverages,1.0,7300,9000,9000,21 Feb 2012
Kerala,Malappuram,Manjeri,Other,Beverages,1.0,7300,9000,9000,18 Feb 2012
Kerala,Malappuram,Manjeri,Other,Beverages,1.0,7300,9000,9000,17 Feb 2012
Kerala,Malappuram,Manjeri,Other,Beverages,1.0,7300,9000,9000,16 Feb 2012
Kerala,Malappuram,Manjeri,Other,Beverages,1.0,7300,9000,9000,15 Feb 2012
Kerala,Malappuram,Manjeri,Other,Beverages,1.0,7300,9000,9000,14 Feb 2012
Kerala,Malappuram,Manjeri,Other,Beverages,1.0,7300,9000,9000,13 Feb 2012
Kerala,Malappuram,Manjeri,Other,Beverages,1.0,7300,9000,9000,10 Feb 2012
Kerala,Malappuram,Manjeri,Other,Beverages,1.0,7300,9000,9000,09 Feb 2012
Kerala,Malappuram,Manjeri,Other,Beverages,1.0,7300,9000,9000,08 Feb 2012
Kerala,Malappuram,Manjeri,Other,Beverages,1.0,7300,9000,9000,04 Feb 2012
Kerala,Malappuram,Manjeri,Other,Beverages,1.0,7300,9000,9000,03 Feb 2012
Kerala,Malappuram,Manjeri,Other,Beverages,1.0,7300,9000,9000,02 Feb 2012
Kerala,Malappuram,Manjeri,Other,Beverages,1.0,7300,9000,9000,01 Feb 2012
Kerala,Malappuram,Manjeri,Other,Beverages,1.0,7300,9000,9000,31 Jan 2012
Kerala,Malappuram,Manjeri,Other,Beverages,1.0,7300,9000,9000,30 Jan 2012
Kerala,Malappuram,Manjeri,Other,Beverages,1.0,7500,9000,9000,28 Jan 2012
Kerala,Malappuram,Manjeri,Other,Beverages,1.0,7500,9000,9000,23 Jan 2012
Kerala,Malappuram,Manjeri,Other,Beverages,1.0,7500,9000,9000,21 Jan 2012
Kerala,Malappuram,Manjeri,Other,Beverages,1.0,7500,9000,9000,20 Jan 2012
Kerala,Malappuram,Manjeri,Other,Beverages,1.0,7000,8000,8000,17 Jan 2012
Kerala,Malappuram,Manjeri,Other,Beverages,1.0,7000,7000,7000,16 Jan 2012
Kerala,Malappuram,Manjeri,Other,Beverages,1.0,7000,7000,7000,12 Jan 2012
Kerala,Malappuram,Manjeri,Other,Beverages,1.0,7000,12000,12000,07 Jan 2012
Kerala,Malappuram,Manjeri,Other,Beverages,1.0,7000,12000,12000,06 Jan 2012
Kerala,Malappuram,Manjeri,Other,Beverages,1.0,7000,12000,12000,05 Jan 2012
Kerala,Malappuram,Manjeri,Other,Beverages,1.0,7000,12000,12000,04 Jan 2012
Kerala,Malappuram,Manjeri,Other,Beverages,1.0,7000,12000,12000,03 Jan 2012
Kerala,Malappuram,Manjeri,Other,Beverages,1.0,7000,12000,12000,02 Jan 2012
Kerala,Malappuram,Manjeri,Other,Beverages,1.0,7000,12000,12000,31 Dec 2011
Kerala,Malappuram,Manjeri,Other,Beverages,1.0,7000,12000,12000,30 Dec 2011
Kerala,Malappuram,Manjeri,Other,Beverages,1.0,7000,12000,12000,29 Dec 2011
Kerala,Malappuram,Manjeri,Other,Beverages,1.0,7000,12000,12000,19 Dec 2011
Kerala,Malappuram,Manjeri,Other,Beverages,1.0,7000,12000,12000,16 Dec 2011
Kerala,Malappuram,Manjeri,Other,Beverages,1.0,7000,12000,12000,15 Dec 2011
Kerala,Malappuram,Manjeri,Other,Beverages,1.0,7000,12000,12000,14 Dec 2011
Kerala,Malappuram,Manjeri,Other,Beverages,1.0,7000,12000,12000,13 Dec 2011
Kerala,Malappuram,Manjeri,Other,Beverages,1.0,7000,12000,12000,12 Dec 2011
Kerala,Malappuram,Manjeri,Other,Beverages,1.0,7000,12000,12000,09 Dec 2011
Kerala,Malappuram,Manjeri,Other,Beverages,1.0,7000,12000,12000,08 Dec 2011
Kerala,Malappuram,Manjeri,Other,Beverages,1.0,8000,12000,12000,07 Dec 2011
Kerala,Malappuram,Manjeri,Other,Beverages,1.0,8000,12000,12000,06 Dec 2011
Kerala,Malappuram,Manjeri,Other,Beverages,1.0,8000,12000,12000,03 Dec 2011
Kerala,Malappuram,Manjeri,Other,Beverages,1.0,7000,12000,12000,02 Dec 2011
Kerala,Malappuram,Manjeri,Other,Beverages,1.0,7000,0,12000,01 Dec 2011
Kerala,Malappuram,Manjeri,Other,Beverages,1.0,7000,12000,12000,28 Nov 2011
Kerala,Malappuram,Manjeri,Other,Beverages,1.0,7000,12000,12000,26 Nov 2011
Kerala,Malappuram,Manjeri,Other,Beverages,1.0,7000,11500,7000,25 Nov 2011
Kerala,Malappuram,Manjeri,Other,Beverages,1.0,7000,11500,7000,24 Nov 2011
Kerala,Malappuram,Manjeri,Other,Beverages,1.0,7000,11500,7000,23 Nov 2011
Kerala,Malappuram,Manjeri,Other,Beverages,1.0,7000,11500,7000,22 Nov 2011
Kerala,Malappuram,Manjeri,Other,Beverages,1.0,7000,11500,11500,19 Nov 2011
Kerala,Malappuram,Manjeri,Other,Beverages,1.0,7000,11500,11500,18 Nov 2011
Kerala,Malappuram,Manjeri,Other,Beverages,1.0,7000,11500,11500,17 Nov 2011
Kerala,Malappuram,Manjeri,Other,Beverages,1.0,7600,12200,12200,16 Nov 2011
Kerala,Malappuram,Manjeri,Other,Beverages,1.0,7600,12200,12200,09 Nov 2011
Kerala,Malappuram,Manjeri,Other,Beverages,1.0,7600,12200,12200,05 Nov 2011
Kerala,Malappuram,Manjeri,Other,Beverages,1.0,7500,12000,12000,02 Nov 2011
Kerala,Malappuram,Manjeri,Other,Beverages,1.0,7500,11500,11500,29 Oct 2011
Kerala,Malappuram,Manjeri,Other,Beverages,1.0,7500,11500,11500,22 Oct 2011
Kerala,Malappuram,Manjeri,Other,Beverages,1.0,7000,13000,13000,19 Oct 2011
Kerala,Malappuram,Manjeri,Other,Beverages,1.0,7800,12500,12500,15 Oct 2011
Kerala,Malappuram,Manjeri,Other,Beverages,1.0,7800,12500,12500,12 Oct 2011
Kerala,Malappuram,Manjeri,Other,Beverages,1.0,6000,12000,12000,28 Sep 2011
Kerala,Malappuram,Manjeri,Other,Beverages,1.0,6000,12000,12000,24 Sep 2011
Kerala,Malappuram,Manjeri,Other,Beverages,1.0,6500,12300,12300,17 Sep 2011
Kerala,Malappuram,Manjeri,Other,Beverages,1.0,6500,12300,12300,14 Sep 2011
Kerala,Malappuram,Manjeri,Other,Beverages,1.0,6800,12300,12300,07 Sep 2011
Kerala,Malappuram,Manjeri,Other,Beverages,1.0,6800,12200,12200,03 Sep 2011
Kerala,Malappuram,Manjeri,Other,Beverages,1.0,6800,12200,12200,27 Aug 2011
Kerala,Malappuram,Manjeri,Other,Beverages,1.0,7000,12000,12000,24 Aug 2011
Kerala,Malappuram,Manjeri,Other,Beverages,1.0,7000,12000,12000,20 Aug 2011
Kerala,Malappuram,Manjeri,Other,Beverages,1.0,7000,12000,12000,17 Aug 2011
Kerala,Malappuram,Manjeri,Other,Beverages,1.0,6600,12000,12000,10 Aug 2011
Kerala,Malappuram,Manjeri,Other,Beverages,1.0,6500,12000,12000,08 Aug 2011
Kerala,Malappuram,Manjeri,Other,Beverages,1.0,6500,12000,12000,03 Aug 2011
Kerala,Malappuram,Manjeri,Other,Beverages,1.0,7000,12000,12000,27 Jul 2011
Kerala,Malappuram,Manjeri,Other,Beverages,1.0,7000,12000,12000,23 Jul 2011
Kerala,Malappuram,Manjeri,Other,Beverages,1.0,7000,12000,12000,20 Jul 2011
Kerala,Malappuram,Manjeri,Other,Beverages,1.0,6000,12500,12500,16 Jul 2011
Kerala,Malappuram,Manjeri,Other,Beverages,1.0,6000,12500,12500,14 Jul 2011
Kerala,Malappuram,Manjeri,Other,Beverages,1.0,8200,12000,12000,07 Jul 2011
Kerala,Malappuram,Manjeri,Other,Beverages,1.0,8300,12000,12000,29 Jun 2011
Kerala,Malappuram,Manjeri,Other,Beverages,1.0,8400,12500,12500,15 Jun 2011
Kerala,Malappuram,Manjeri,Other,Beverages,1.5,8500,12500,12500,08 Jun 2011
Kerala,Malappuram,Manjeri,Other,Beverages,1.0,10500,14500,14500,04 Jun 2011
Kerala,Malappuram,Manjeri,Other,Beverages,1.0,10500,14500,14500,01 Jun 2011
Kerala,Malappuram,Manjeri,Other,Beverages,1.0,12500,19000,19000,28 May 2011
Kerala,Malappuram,Manjeri,Other,Beverages,1.0,12500,19000,19000,25 May 2011
Kerala,Malappuram,Manjeri,Other,Beverages,1.0,12500,19000,19000,21 May 2011
Kerala,Malappuram,Manjeri,Other,Beverages,1.0,12000,19000,19000,19 May 2011
Kerala,Malappuram,Manjeri,All Dust,Beverages,1.0,12000,18000,18000,07 May 2011
Kerala,Malappuram,Manjeri,All Dust,Beverages,2.0,13000,52000,22000,21 Oct 2010
Kerala,Malappuram,Manjeri,All Dust,Beverages,2.0,12000,52000,22000,18 Oct 2010
Kerala,Malappuram,Manjeri,All Dust,Beverages,2.0,18000,52000,22000,13 Oct 2010
Kerala,Malappuram,Manjeri,Other,Beverages,0.5,7200,11000,10000,10 Dec 2008
Kerala,Malappuram,Manjeri,Other,Beverages,1.0,7200,11000,9000,06 Dec 2008
Kerala,Malappuram,Manjeri,Other,Beverages,1.0,7200,11000,9000,03 Dec 2008
Kerala,Malappuram,Manjeri,Other,Beverages,1.0,9000,11200,9500,03 Oct 2008
Kerala,Malappuram,Manjeri,Other,Beverages,1.0,9000,11200,9500,27 Sep 2008
Kerala,Malappuram,Manjeri,Other,Beverages,1.0,9000,11200,9500,24 Sep 2008
Kerala,Malappuram,Manjeri,Other,Beverages,1.0,9000,11200,9500,20 Sep 2008
Kerala,Malappuram,Manjeri,Other,Beverages,1.0,9000,11200,9500,17 Sep 2008
Kerala,Malappuram,Manjeri,Other,Beverages,1.0,9000,11200,9500,15 Sep 2008
Kerala,Malappuram,Manjeri,Other,Beverages,1.0,9000,11200,9500,10 Sep 2008
Kerala,Malappuram,Manjeri,Other,Beverages,1.0,9000,11200,9500,06 Sep 2008
Kerala,Malappuram,Manjeri,Other,Beverages,1.0,8500,11000,9000,03 Sep 2008
Kerala,Malappuram,Manjeri,Other,Beverages,1.0,8500,11000,9000,30 Aug 2008
Kerala,Malappuram,Manjeri,Other,Beverages,1.0,8500,11000,9000,27 Aug 2008
Kerala,Malappuram,Manjeri,Other,Beverages,1.0,8500,11000,9000,25 Aug 2008
Kerala,Malappuram,Manjeri,Other,Beverages,1.0,8500,11000,9000,21 Aug 2008
Kerala,Malappuram,Manjeri,Other,Beverages,1.0,8500,11000,9000,16 Aug 2008
Kerala,Malappuram,Manjeri,Other,Beverages,1.0,7400,10000,8500,13 Aug 2008
Kerala,Malappuram,Manjeri,Other,Beverages,1.0,7400,10000,8500,11 Aug 2008
Kerala,Malappuram,Manjeri,Other,Beverages,1.0,7000,9600,8000,06 Aug 2008
Kerala,Malappuram,Manjeri,Other,Beverages,1.0,7000,9600,8000,02 Aug 2008
Kerala,Malappuram,Manjeri,Other,Beverages,1.0,7000,9600,8000,30 Jul 2008
Kerala,Malappuram,Manjeri,Other,Beverages,1.0,7000,9600,8000,26 Jul 2008
Kerala,Malappuram,Manjeri,Other,Beverages,1.0,6500,8600,7700,23 Jul 2008
Kerala,Malappuram,Manjeri,Other,Beverages,1.0,6500,8600,7700,19 Jul 2008
Kerala,Malappuram,Manjeri,Other,Beverages,1.0,6500,8600,7700,16 Jul 2008
Kerala,Malappuram,Manjeri,Other,Beverages,1.0,6500,8600,7700,14 Jul 2008
Kerala,Malappuram,Manjeri,Other,Beverages,1.0,6500,8600,7700,09 Jul 2008
Kerala,Malappuram,Manjeri,Other,Beverages,1.0,6500,8600,7700,05 Jul 2008
Kerala,Malappuram,Manjeri,Other,Beverages,1.0,6500,8600,7700,02 Jul 2008
Kerala,Malappuram,Manjeri,Other,Beverages,1.0,6500,8600,7700,28 Jun 2008
Kerala,Malappuram,Manjeri,Other,Beverages,1.0,6000,8200,7500,25 Jun 2008
Kerala,Malappuram,Manjeri,Other,Beverages,1.0,6000,8200,7500,21 Jun 2008
Kerala,Malappuram,Manjeri,Other,Beverages,1.0,6000,8200,7500,18 Jun 2008
Kerala,Malappuram,Manjeri,Other,Beverages,1.0,5600,7800,7000,14 Jun 2008
Kerala,Malappuram,Manjeri,Other,Beverages,1.0,5600,7800,7000,11 Jun 2008
Kerala,Malappuram,Manjeri,Other,Beverages,1.0,5600,7800,7000,07 Jun 2008
Kerala,Malappuram,Manjeri,Other,Beverages,1.0,5600,7800,7000,04 Jun 2008
Kerala,Malappuram,Manjeri,Other,Beverages,1.0,5600,7800,7000,31 May 2008
Kerala,Malappuram,Manjeri,Other,Beverages,1.0,5600,7800,7200,28 May 2008
Kerala,Malappuram,Manjeri,Other,Beverages,1.0,5800,8000,7000,24 May 2008
Kerala,Malappuram,Manjeri,Other,Beverages,1.0,5800,8000,7000,21 May 2008
Kerala,Malappuram,Manjeri,Other,Beverages,1.0,5800,8000,7000,17 May 2008
Kerala,Malappuram,Manjeri,Other,Beverages,1.0,5800,8000,7000,14 May 2008
Kerala,Malappuram,Manjeri,Other,Beverages,1.0,5800,8000,7000,12 May 2008
Kerala,Malappuram,Manjeri,Other,Beverages,1.0,5800,8000,7000,07 May 2008
Kerala,Malappuram,Manjeri,Other,Beverages,1.0,5800,8000,7000,03 May 2008
Kerala,Malappuram,Manjeri,Other,Beverages,2.0,5800,8000,7000,30 Apr 2008
Kerala,Malappuram,Manjeri,Other,Beverages,1.0,5700,8000,7000,26 Apr 2008
Kerala,Malappuram,Manjeri,Other,Beverages,1.0,5700,8000,7000,23 Apr 2008
Kerala,Malappuram,Manjeri,Other,Beverages,1.0,5700,8000,7000,19 Apr 2008
Kerala,Malappuram,Manjeri,Other,Beverages,1.0,5700,8000,7000,16 Apr 2008
Kerala,Malappuram,Manjeri,Other,Beverages,1.0,5700,8000,8000,12 Apr 2008
Kerala,Malappuram,Manjeri,Other,Beverages,1.0,5700,8000,7000,09 Apr 2008
Kerala,Malappuram,Manjeri,Other,Beverages,1.0,5700,8000,7000,05 Apr 2008
Kerala,Malappuram,Manjeri,Other,Beverages,1.0,5700,8000,7000,02 Apr 2008
Kerala,Malappuram,Manjeri,Other,Beverages,1.0,5700,8000,7000,29 Mar 2008
Kerala,Malappuram,Manjeri,Other,Beverages,2.0,5700,8000,7000,26 Mar 2008
Kerala,Malappuram,Manjeri,Other,Beverages,1.0,5800,8000,7000,22 Mar 2008
Kerala,Malappuram,Manjeri,Other,Beverages,1.0,5800,8000,7000,19 Mar 2008
Kerala,Malappuram,Manjeri,Other,Beverages,1.0,5800,8000,7000,15 Mar 2008
Kerala,Malappuram,Manjeri,Other,Beverages,1.5,5800,8000,7000,12 Mar 2008
Kerala,Malappuram,Manjeri,Other,Beverages,1.5,5500,8000,7000,08 Mar 2008
Kerala,Malappuram,Manjeri,Other,Beverages,2.0,5500,8000,7000,05 Mar 2008
Kerala,Malappuram,Manjeri,Other,Beverages,2.0,5500,8000,7000,01 Mar 2008
Kerala,Malappuram,Manjeri,Other,Beverages,3.0,5500,8000,7000,27 Feb 2008
Kerala,Malappuram,Manjeri,Other,Beverages,3.5,5500,8000,7000,25 Feb 2008
Kerala,Malappuram,Manjeri,Other,Beverages,3.0,5500,8000,7000,20 Feb 2008
Kerala,Malappuram,Manjeri,Other,Beverages,4.0,5800,9000,7000,16 Feb 2008
Kerala,Malappuram,Manjeri,Other,Beverages,4.0,5800,9000,7000,13 Feb 2008
Kerala,Malappuram,Manjeri,Other,Beverages,5.0,6000,9500,6500,09 Feb 2008
Kerala,Malappuram,Manjeri,Other,Beverages,6.0,6000,8500,6500,06 Feb 2008
Kerala,Malappuram,Manjeri,Other,Beverages,6.0,6000,9000,6800,02 Feb 2008
Kerala,Malappuram,Manjeri,Other,Beverages,8.0,6000,9000,6900,30 Jan 2008
Kerala,Malappuram,Manjeri,Other,Beverages,6.0,5900,8900,6900,28 Jan 2008
Kerala,Malappuram,Manjeri,Other,Beverages,8.0,6000,8900,7000,24 Jan 2008
Kerala,Malappuram,Manjeri,Other,Beverages,4.0,6000,8900,6900,21 Jan 2008
Kerala,Malappuram,Manjeri,Other,Beverages,8.0,6000,8900,6900,16 Jan 2008
Kerala,Malappuram,Manjeri,Other,Beverages,4.0,5000,9200,7000,14 Jan 2008
Kerala,Malappuram,Manjeri,Other,Beverages,7.0,5000,9200,7000,09 Jan 2008
Kerala,Malappuram,Manjeri,Other,Beverages,4.0,5000,9400,7000,05 Jan 2008
Kerala,Malappuram,Manjeri,Other,Beverages,7.0,5700,9600,7200,02 Jan 2008
Kerala,Malappuram,Manjeri,Other,Beverages,4.0,5500,9400,7000,29 Dec 2007
Kerala,Malappuram,Manjeri,Other,Beverages,7.0,5000,9400,7000,26 Dec 2007
Kerala,Malappuram,Manjeri,Other,Beverages,4.0,5500,9400,7000,22 Dec 2007
Kerala,Malappuram,Manjeri,Other,Beverages,7.0,5500,9400,7000,19 Dec 2007
Kerala,Malappuram,Manjeri,Other,Beverages,5.0,5400,9200,6800,15 Dec 2007
Kerala,Malappuram,Manjeri,Other,Beverages,8.0,5400,9200,6000,12 Dec 2007
Kerala,Malappuram,Manjeri,Other,Beverages,7.0,5400,9400,6700,05 Dec 2007
Kerala,Malappuram,Manjeri,Other,Beverages,7.0,5500,9500,6800,28 Nov 2007
Kerala,Malappuram,Manjeri,Other,Beverages,4.0,5500,9500,6800,24 Nov 2007
Kerala,Malappuram,Manjeri,Other,Beverages,7.0,5500,9000,6800,21 Nov 2007
Kerala,Malappuram,Manjeri,Other,Beverages,7.0,5500,9500,6800,14 Nov 2007
Kerala,Malappuram,Manjeri,Other,Beverages,4.0,5500,9500,6800,10 Nov 2007
Kerala,Malappuram,Manjeri,Other,Beverages,7.0,5500,9500,6800,07 Nov 2007
Kerala,Malappuram,Manjeri,Other,Beverages,5.0,5700,10000,6900,03 Nov 2007
Kerala,Malappuram,Manjeri,Other,Beverages,8.0,5700,10000,6900,31 Oct 2007
Kerala,Malappuram,Manjeri,Other,Beverages,7.0,5500,9700,6700,24 Oct 2007
Kerala,Malappuram,Manjeri,Other,Beverages,4.0,5500,9700,6700,20 Oct 2007
Kerala,Malappuram,Manjeri,Other,Beverages,8.0,5500,9700,6700,17 Oct 2007
Kerala,Malappuram,Manjeri,Other,Beverages,8.0,5300,9400,6400,10 Oct 2007
Kerala,Malappuram,Manjeri,Other,Beverages,7.0,5900,8800,7000,06 Jun 2007
Kerala,Malappuram,Manjeri,Other,Beverages,5.0,6000,9000,7100,02 Jun 2007
Kerala,Malappuram,Manjeri,Other,Beverages,8.0,6000,9000,7100,30 May 2007
Kerala,Malappuram,Manjeri,Other,Beverages,4.0,6100,9200,7300,26 May 2007
Kerala,Malappuram,Manjeri,Other,Beverages,7.0,6100,9200,7300,23 May 2007
Kerala,Malappuram,Manjeri,Other,Beverages,5.0,6300,9500,7500,19 May 2007
Kerala,Malappuram,Manjeri,Other,Beverages,8.0,6300,9500,7500,16 May 2007
Kerala,Malappuram,Manjeri,Other,Beverages,4.0,6300,9500,7500,12 May 2007
Kerala,Malappuram,Manjeri,Other,Beverages,7.0,6300,9500,7500,09 May 2007
Kerala,Malappuram,Manjeri,Other,Beverages,4.0,6300,9500,7500,05 May 2007
Kerala,Malappuram,Manjeri,Other,Beverages,7.0,6300,9500,7500,02 May 2007
Kerala,Malappuram,Manjeri,Other,Beverages,5.0,6300,9500,7500,28 Apr 2007
Kerala,Malappuram,Manjeri,Other,Beverages,7.0,6300,9500,7500,25 Apr 2007
Kerala,Malappuram,Manjeri,Other,Beverages,4.0,6300,9500,7500,21 Apr 2007
Kerala,Malappuram,Manjeri,Other,Beverages,7.0,6300,9500,7500,18 Apr 2007
Kerala,Malappuram,Manjeri,Other,Beverages,5.0,6500,9800,7700,14 Apr 2007
Kerala,Malappuram,Manjeri,Other,Beverages,7.0,6500,9800,7700,11 Apr 2007
Kerala,Malappuram,Manjeri,Other,Beverages,4.0,6500,9800,7700,07 Apr 2007
Kerala,Malappuram,Manjeri,Other,Beverages,7.0,6500,9800,7700,04 Apr 2007
Kerala,Malappuram,Manjeri,Other,Beverages,4.0,6500,9800,7700,31 Mar 2007
Kerala,Malappuram,Manjeri,Other,Beverages,6.0,6500,9800,7700,28 Mar 2007
Kerala,Malappuram,Manjeri,Other,Beverages,4.0,6400,9600,7600,24 Mar 2007
Kerala,Malappuram,Manjeri,Other,Beverages,7.0,6400,9600,7600,21 Mar 2007
Kerala,Malappuram,Manjeri,Other,Beverages,5.0,6200,9400,7800,17 Mar 2007
Kerala,Malappuram,Manjeri,Other,Beverages,8.0,6200,9400,7800,14 Mar 2007
Kerala,Malappuram,Manjeri,Other,Beverages,4.0,6200,9400,7800,10 Mar 2007
Kerala,Malappuram,Manjeri,Other,Beverages,7.0,6100,9300,7700,07 Mar 2007
Kerala,Malappuram,Manjeri,Other,Beverages,5.0,6100,9300,7700,03 Mar 2007
Kerala,Malappuram,Manjeri,Other,Beverages,7.0,6100,9300,7700,28 Feb 2007
Kerala,Malappuram,Manjeri,Other,Beverages,4.0,6100,9300,7700,24 Feb 2007
Kerala,Malappuram,Manjeri,Other,Beverages,7.0,6100,9300,7700,21 Feb 2007
Kerala,Malappuram,Manjeri,Other,Beverages,5.0,6100,9300,7700,17 Feb 2007
Kerala,Malappuram,Manjeri,Other,Beverages,7.0,6100,9300,7700,14 Feb 2007
Kerala,Malappuram,Manjeri,Other,Beverages,4.0,6000,9200,7500,10 Feb 2007
Kerala,Malappuram,Manjeri,Other,Beverages,6.0,6000,9200,7500,07 Feb 2007
Kerala,Malappuram,Manjeri,Other,Beverages,4.0,6000,9200,7500,03 Feb 2007
Kerala,Malappuram,Manjeri,Other,Beverages,8.0,6000,9200,7500,31 Jan 2007
Kerala,Malappuram,Manjeri,Other,Beverages,4.0,6200,9400,7700,27 Jan 2007
Kerala,Malappuram,Manjeri,Other,Beverages,7.0,6200,9400,7700,24 Jan 2007
Kerala,Malappuram,Manjeri,Other,Beverages,4.0,6100,9200,7500,20 Jan 2007
Kerala,Malappuram,Manjeri,Other,Beverages,7.0,6100,9200,7500,17 Jan 2007
Kerala,Malappuram,Manjeri,Other,Beverages,5.0,6000,9000,7300,13 Jan 2007
Kerala,Malappuram,Manjeri,Other,Beverages,8.0,6000,9000,7300,10 Jan 2007
Kerala,Malappuram,Manjeri,Other,Beverages,4.0,6000,9000,7300,06 Jan 2007
Kerala,Malappuram,Manjeri,Other,Beverages,4.0,6000,9000,7300,30 Dec 2006
Kerala,Malappuram,Manjeri,Other,Beverages,8.0,6000,9000,7300,27 Dec 2006
Kerala,Malappuram,Manjeri,Other,Beverages,4.0,6000,9000,7300,23 Dec 2006
Kerala,Malappuram,Manjeri,Other,Beverages,7.0,6000,9000,7300,20 Dec 2006
Kerala,Malappuram,Manjeri,Other,Beverages,4.0,6000,9000,7300,16 Dec 2006
Kerala,Malappuram,Manjeri,Other,Beverages,8.0,6000,9000,7300,13 Dec 2006
Kerala,Malappuram,Manjeri,Other,Beverages,4.0,6000,8800,7100,09 Dec 2006
Kerala,Malappuram,Manjeri,Other,Beverages,7.0,6000,8800,7100,06 Dec 2006
Kerala,Malappuram,Manjeri,Other,Beverages,4.0,5800,8600,6900,02 Dec 2006
Kerala,Malappuram,Manjeri,Other,Beverages,5.0,5700,8400,6700,25 Nov 2006
Kerala,Malappuram,Manjeri,Other,Beverages,8.0,5700,8400,6700,22 Nov 2006
Kerala,Malappuram,Manjeri,Other,Beverages,7.0,5700,8400,6700,15 Nov 2006
Kerala,Malappuram,Manjeri,Other,Beverages,4.0,5700,8500,6700,11 Nov 2006
Kerala,Malappuram,Manjeri,Other,Beverages,6.0,5700,8500,6700,08 Nov 2006
Kerala,Malappuram,Manjeri,Other,Beverages,5.0,5700,8500,6700,04 Nov 2006
Kerala,Malappuram,Manjeri,Other,Beverages,3.0,5700,8500,6700,01 Nov 2006
Kerala,Malappuram,Manjeri,Other,Beverages,4.0,5700,8500,6700,28 Oct 2006
Kerala,Malappuram,Manjeri,Other,Beverages,5.0,5700,8500,6700,21 Oct 2006
Kerala,Malappuram,Manjeri,Other,Beverages,8.0,5700,8450,6700,18 Oct 2006
Kerala,Malappuram,Manjeri,Other,Beverages,6.0,5600,8300,6700,14 Oct 2006
Kerala,Malappuram,Manjeri,Other,Beverages,10.0,5600,8300,6700,11 Oct 2006
Kerala,Malappuram,Manjeri,Other,Beverages,6.0,5600,8400,6800,07 Oct 2006
Kerala,Malappuram,Manjeri,Other,Beverages,8.0,5600,8400,6800,04 Oct 2006
Kerala,Malappuram,Manjeri,Other,Beverages,6.0,5700,8600,7000,30 Sep 2006
Kerala,Malappuram,Manjeri,Other,Beverages,10.0,5700,8600,7000,27 Sep 2006
Kerala,Malappuram,Manjeri,Other,Beverages,6.0,5800,8700,7100,23 Sep 2006
Kerala,Malappuram,Manjeri,Other,Beverages,7.0,5800,8700,7100,20 Sep 2006
Kerala,Malappuram,Manjeri,Other,Beverages,6.0,5800,8700,7100,16 Sep 2006
Kerala,Malappuram,Manjeri,Other,Beverages,8.0,5800,8700,7100,13 Sep 2006
Kerala,Malappuram,Manjeri,Other,Beverages,5.0,6000,9000,7300,09 Sep 2006
Kerala,Malappuram,Manjeri,Other,Beverages,5.0,6000,9000,7300,02 Sep 2006
Kerala,Malappuram,Manjeri,Other,Beverages,7.0,6000,9000,7300,30 Aug 2006
Kerala,Malappuram,Manjeri,Other,Beverages,5.0,5800,8800,7200,26 Aug 2006
Kerala,Malappuram,Manjeri,Other,Beverages,7.0,5800,8800,7200,23 Aug 2006
Kerala,Malappuram,Manjeri,Other,Beverages,5.0,5600,8500,7000,19 Aug 2006
Kerala,Malappuram,Manjeri,Other,Beverages,8.0,5600,8500,7000,16 Aug 2006
Kerala,Malappuram,Manjeri,Other,Beverages,5.0,5600,8500,7000,12 Aug 2006
Kerala,Malappuram,Manjeri,Other,Beverages,7.0,5600,8500,7000,09 Aug 2006
Kerala,Malappuram,Manjeri,Other,Beverages,6.0,5400,8500,7000,02 Aug 2006
Kerala,Malappuram,Manjeri,Other,Beverages,7.0,5400,8500,7000,26 Jul 2006
Kerala,Malappuram,Manjeri,Other,Beverages,7.0,6450,6550,6500,19 Jul 2006
Kerala,Malappuram,Manjeri,Other,Beverages,5.0,5600,8500,7000,15 Jul 2006
Kerala,Malappuram,Manjeri,Other,Beverages,7.0,5600,8800,7000,12 Jul 2006
Kerala,Malappuram,Manjeri,Other,Beverages,7.0,5300,8700,6700,28 Jun 2006
Kerala,Malappuram,Manjeri,Other,Beverages,4.0,5300,8700,6700,24 Jun 2006
Kerala,Malappuram,Manjeri,Other,Beverages,7.0,5300,8700,6700,21 Jun 2006
Kerala,Malappuram,Manjeri,Other,Beverages,5.0,5200,8500,6500,17 Jun 2006
Kerala,Malappuram,Manjeri,Other,Beverages,4.0,5200,8500,6500,10 Jun 2006
Kerala,Malappuram,Manjeri,Other,Beverages,6.0,5200,8500,6500,07 Jun 2006
Kerala,Malappuram,Manjeri,Other,Beverages,4.0,5200,8500,6500,03 Jun 2006
Kerala,Malappuram,Manjeri,Other,Beverages,6.0,5200,8500,6500,31 May 2006
Kerala,Malappuram,Manjeri,Other,Beverages,4.0,5400,8200,6400,27 May 2006
Kerala,Malappuram,Manjeri,Other,Beverages,7.0,5400,8200,6400,24 May 2006
Kerala,Malappuram,Manjeri,Other,Beverages,4.0,5500,8300,6500,20 May 2006
Kerala,Malappuram,Manjeri,Other,Beverages,6.0,5400,8500,6600,10 May 2006
Kerala,Malappuram,Manjeri,Other,Beverages,4.0,5000,8600,6500,06 May 2006
Kerala,Malappuram,Manjeri,Other,Beverages,3.0,5000,8600,6500,29 Apr 2006
Kerala,Malappuram,Manjeri,Other,Beverages,0.5,5000,9000,6500,27 Apr 2006
Kerala,Malappuram,Manjeri,Other,Beverages,7.0,5000,8600,6500,26 Apr 2006
Kerala,Malappuram,Manjeri,Other,Beverages,4.0,5000,8600,6500,22 Apr 2006
Kerala,Malappuram,Manjeri,Other,Beverages,6.0,5000,8600,6500,19 Apr 2006
Kerala,Malappuram,Manjeri,Other,Beverages,3.0,5100,9000,6800,15 Apr 2006
Kerala,Malappuram,Manjeri,Other,Beverages,3.0,5100,9000,6800,12 Apr 2006
Kerala,Malappuram,Manjeri,Other,Beverages,5.0,5100,9000,6800,08 Apr 2006
Kerala,Malappuram,Manjeri,Other,Beverages,7.0,5100,9000,6800,05 Apr 2006
Kerala,Malappuram,Manjeri,Other,Beverages,4.0,5100,8800,6700,01 Apr 2006
Kerala,Malappuram,Manjeri,Other,Beverages,4.0,5000,8700,6600,25 Mar 2006
Kerala,Malappuram,Manjeri,Other,Beverages,4.0,5000,8500,6600,18 Mar 2006
Kerala,Malappuram,Manjeri,Other,Beverages,7.0,5000,8500,6600,15 Mar 2006
Kerala,Malappuram,Manjeri,Other,Beverages,4.0,4800,8500,6600,11 Mar 2006
Kerala,Malappuram,Manjeri,Other,Beverages,7.0,4800,8500,6600,08 Mar 2006
Kerala,Malappuram,Manjeri,Other,Beverages,5.0,5000,8900,6900,04 Mar 2006
Kerala,Malappuram,Manjeri,Other,Beverages,8.0,5000,8900,6900,01 Mar 2006
Kerala,Malappuram,Manjeri,Other,Beverages,5.0,5100,9200,7100,25 Feb 2006
Kerala,Malappuram,Manjeri,Other,Beverages,7.0,5100,9200,7100,22 Feb 2006
Kerala,Malappuram,Manjeri,Other,Beverages,5.0,4800,8800,6800,18 Feb 2006
Kerala,Malappuram,Manjeri,Other,Beverages,8.0,4800,8800,6800,15 Feb 2006
Kerala,Malappuram,Manjeri,Other,Beverages,5.0,4500,8600,6600,11 Feb 2006
Kerala,Malappuram,Manjeri,Other,Beverages,8.0,4500,8600,6600,08 Feb 2006
Kerala,Malappuram,Manjeri,Other,Beverages,5.0,4300,8300,6300,04 Feb 2006
Kerala,Malappuram,Manjeri,Other,Beverages,8.0,4300,8300,6300,01 Feb 2006
Kerala,Malappuram,Manjeri,Other,Beverages,5.0,4400,8500,6500,28 Jan 2006
Kerala,Malappuram,Manjeri,Other,Beverages,12.0,4400,8500,6500,25 Jan 2006
Kerala,Malappuram,Manjeri,Other,Beverages,5.0,4400,8500,6500,21 Jan 2006
Kerala,Malappuram,Manjeri,Other,Beverages,8.0,4400,8500,6500,18 Jan 2006
Kerala,Malappuram,Manjeri,Other,Beverages,4.0,4200,8800,6700,14 Jan 2006
Kerala,Malappuram,Manjeri,Other,Beverages,5.0,4200,8800,6700,11 Jan 2006
Kerala,Malappuram,Manjeri,Other,Beverages,5.0,4200,8800,6700,07 Jan 2006
Kerala,Malappuram,Manjeri,Other,Beverages,7.0,4200,8800,6700,04 Jan 2006
Kerala,Malappuram,Manjeri,Other,Beverages,4.0,4300,8900,6800,31 Dec 2005
Kerala,Malappuram,Manjeri,Other,Beverages,7.0,4300,8900,6800,28 Dec 2005
Kerala,Malappuram,Manjeri,Other,Beverages,4.0,4300,8900,6800,24 Dec 2005
Kerala,Malappuram,Manjeri,Other,Beverages,8.0,4300,8900,6800,21 Dec 2005
Kerala,Malappuram,Manjeri,Other,Beverages,4.0,4300,8900,6800,17 Dec 2005
Kerala,Malappuram,Manjeri,Other,Beverages,7.0,4200,8800,6800,14 Dec 2005
Kerala,Malappuram,Manjeri,Other,Beverages,4.0,4200,8800,6800,10 Dec 2005
Kerala,Malappuram,Manjeri,Other,Beverages,6.0,4200,8800,6800,07 Dec 2005
Kerala,Malappuram,Manjeri,Other,Beverages,4.0,4000,8500,6500,03 Dec 2005
Kerala,Malappuram,Manjeri,Other,Beverages,6.0,4000,8500,6500,26 Nov 2005
Kerala,Malappuram,Manjeri,Other,Beverages,8.0,4000,8500,6500,23 Nov 2005
Kerala,Malappuram,Manjeri,Other,Beverages,6.0,4100,8400,6500,19 Nov 2005
Kerala,Malappuram,Manjeri,Other,Beverages,8.0,4100,8400,6500,16 Nov 2005
Kerala,Malappuram,Manjeri,Other,Beverages,6.0,4200,8500,6600,12 Nov 2005
Kerala,Malappuram,Manjeri,Other,Beverages,8.0,4300,8600,6700,09 Nov 2005
Kerala,Malappuram,Manjeri,Other,Beverages,6.0,4600,8900,6700,05 Nov 2005
Kerala,Malappuram,Manjeri,Other,Beverages,8.0,4600,8900,6700,02 Nov 2005
Kerala,Malappuram,Manjeri,Other,Beverages,8.0,4700,9100,6900,29 Oct 2005
Kerala,Malappuram,Manjeri,Other,Beverages,10.0,4700,9100,6900,26 Oct 2005
Kerala,Malappuram,Manjeri,Other,Beverages,5.0,4700,9100,6900,22 Oct 2005
Kerala,Malappuram,Manjeri,Other,Beverages,7.0,4700,9100,6900,19 Oct 2005
Kerala,Malappuram,Manjeri,Other,Beverages,8.0,4700,9100,6900,15 Oct 2005
Kerala,Malappuram,Manjeri,Other,Beverages,8.0,4700,9100,6900,12 Oct 2005
Kerala,Malappuram,Manjeri,Other,Beverages,12.0,4700,9100,6900,05 Oct 2005
Kerala,Malappuram,Manjeri,Other,Beverages,6.0,4800,9300,7000,01 Oct 2005
Kerala,Malappuram,Manjeri,Other,Beverages,8.0,4800,9300,7000,28 Sep 2005
Kerala,Malappuram,Manjeri,Other,Beverages,5.0,5200,9800,7400,24 Sep 2005
Kerala,Malappuram,Manjeri,Other,Beverages,7.0,5200,9800,7400,21 Sep 2005
Kerala,Malappuram,Manjeri,Other,Beverages,8.0,5200,9800,7400,14 Sep 2005
Kerala,Malappuram,Manjeri,Other,Beverages,5.0,5200,9700,7300,10 Sep 2005
Kerala,Malappuram,Manjeri,Other,Beverages,7.0,5200,9700,7300,07 Sep 2005
Kerala,Malappuram,Manjeri,Other,Beverages,5.0,5200,9700,7300,03 Sep 2005
Kerala,Malappuram,Manjeri,Other,Beverages,7.0,5200,9700,7300,31 Aug 2005
Kerala,Malappuram,Manjeri,Other,Beverages,4.0,5200,9700,7300,27 Aug 2005
Kerala,Malappuram,Manjeri,Other,Beverages,7.0,5200,9700,7300,24 Aug 2005
Kerala,Malappuram,Manjeri,Other,Beverages,4.0,5000,9300,7000,20 Aug 2005
Kerala,Malappuram,Manjeri,Other,Beverages,7.0,5000,9300,7000,17 Aug 2005
Kerala,Malappuram,Manjeri,Other,Beverages,5.0,5000,9300,7000,13 Aug 2005
Kerala,Malappuram,Manjeri,Other,Beverages,8.0,5000,9300,7000,10 Aug 2005
Kerala,Malappuram,Manjeri,Other,Beverages,6.0,5000,9300,7000,06 Aug 2005
Kerala,Malappuram,Manjeri,Other,Beverages,6.0,5000,9300,7000,03 Aug 2005
Kerala,Malappuram,Manjeri,Other,Beverages,5.0,5000,9500,7100,30 Jul 2005
Kerala,Malappuram,Manjeri,Other,Beverages,8.0,5000,9500,7100,27 Jul 2005
Kerala,Malappuram,Manjeri,Other,Beverages,5.0,4800,9100,6800,23 Jul 2005
Kerala,Malappuram,Manjeri,Other,Beverages,8.0,4800,9100,6800,20 Jul 2005
Kerala,Malappuram,Manjeri,Other,Beverages,5.0,4600,8500,6400,16 Jul 2005
Kerala,Malappuram,Manjeri,Other,Beverages,8.0,4600,8500,6400,13 Jul 2005
Kerala,Malappuram,Manjeri,Other,Beverages,5.0,4600,8500,6400,09 Jul 2005
Kerala,Malappuram,Manjeri,Other,Beverages,8.0,4600,8500,6400,06 Jul 2005
Kerala,Malappuram,Manjeri,Other,Beverages,4.0,4700,8200,6200,02 Jul 2005
Kerala,Malappuram,Manjeri,Other,Beverages,5.0,4700,8200,6200,25 Jun 2005
Kerala,Malappuram,Manjeri,Other,Beverages,5.0,4700,8200,6200,18 Jun 2005
Kerala,Malappuram,Manjeri,Other,Beverages,8.0,4700,8200,6200,15 Jun 2005
Kerala,Malappuram,Manjeri,Other,Beverages,5.0,4600,8000,6100,11 Jun 2005
Kerala,Malappuram,Manjeri,Other,Beverages,8.0,4600,8000,6100,08 Jun 2005
Kerala,Malappuram,Manjeri,Other,Beverages,5.0,4600,8000,6100,04 Jun 2005
Kerala,Malappuram,Manjeri,Other,Beverages,7.0,4600,8000,6100,01 Jun 2005
Kerala,Malappuram,Manjeri,Other,Beverages,6.0,4500,7900,6000,28 May 2005
Kerala,Malappuram,Manjeri,Other,Beverages,9.0,4500,7800,5800,25 May 2005
Kerala,Malappuram,Manjeri,Other,Beverages,5.0,4500,7800,5800,21 May 2005
Kerala,Malappuram,Manjeri,Other,Beverages,8.0,4500,7800,5800,18 May 2005
Kerala,Malappuram,Manjeri,Other,Beverages,5.0,4500,7900,5900,14 May 2005
Kerala,Malappuram,Manjeri,Other,Beverages,8.0,4500,7900,5900,11 May 2005
Kerala,Malappuram,Manjeri,Other,Beverages,5.0,4500,8000,5900,07 May 2005
Kerala,Malappuram,Manjeri,Other,Beverages,8.0,4600,8100,5900,27 Apr 2005
Kerala,Malappuram,Manjeri,Other,Beverages,5.0,4700,8300,6100,23 Apr 2005
Kerala,Malappuram,Manjeri,Other,Beverages,8.0,4700,8300,6100,20 Apr 2005
Kerala,Malappuram,Manjeri,Other,Beverages,5.0,4700,8300,6100,16 Apr 2005
Kerala,Malappuram,Manjeri,Other,Beverages,7.0,4700,8300,6100,13 Apr 2005
Kerala,Malappuram,Manjeri,Other,Beverages,8.0,4700,8000,6000,06 Apr 2005
Kerala,Malappuram,Manjeri,Other,Beverages,3.0,4600,8000,6000,02 Apr 2005
Kerala,Malappuram,Manjeri,Other,Beverages,3.0,4700,8200,6000,26 Mar 2005
Kerala,Malappuram,Manjeri,Other,Beverages,7.0,4700,8200,6000,23 Mar 2005
Kerala,Malappuram,Manjeri,Other,Beverages,4.0,4700,8200,6000,19 Mar 2005
Kerala,Malappuram,Manjeri,Other,Beverages,7.0,4700,8200,6000,16 Mar 2005
Kerala,Malappuram,Manjeri,Other,Beverages,6.0,4700,8200,6000,09 Mar 2005
Kerala,Malappuram,Manjeri,Other,Beverages,4.0,4600,8100,6000,05 Mar 2005
Kerala,Malappuram,Manjeri,Other,Beverages,7.0,4600,8100,6000,02 Mar 2005
Kerala,Malappuram,Manjeri,Other,Beverages,4.0,4700,8300,6100,26 Feb 2005
Kerala,Malappuram,Manjeri,Other,Beverages,6.0,4700,8300,6000,23 Feb 2005
Kerala,Malappuram,Manjeri,Other,Beverages,6.0,4700,8300,6100,19 Feb 2005
Kerala,Malappuram,Manjeri,Other,Beverages,7.0,4700,8300,6100,16 Feb 2005
Kerala,Malappuram,Manjeri,Other,Beverages,5.0,4700,8300,6100,12 Feb 2005
Kerala,Malappuram,Manjeri,Other,Beverages,7.0,4700,8300,6100,09 Feb 2005
Kerala,Malappuram,Manjeri,Other,Beverages,5.0,4800,8400,6200,05 Feb 2005
Kerala,Malappuram,Manjeri,Other,Beverages,7.0,4800,8400,6200,02 Feb 2005
Kerala,Malappuram,Manjeri,Other,Beverages,5.0,5000,8700,6400,29 Jan 2005
Kerala,Malappuram,Manjeri,Other,Beverages,6.0,5000,8700,6400,26 Jan 2005
Kerala,Malappuram,Manjeri,Other,Beverages,4.0,5000,8700,6400,22 Jan 2005
Kerala,Malappuram,Manjeri,Other,Beverages,7.0,5000,8700,6400,19 Jan 2005
Kerala,Malappuram,Manjeri,Other,Beverages,4.0,5000,8700,6400,15 Jan 2005
Kerala,Malappuram,Manjeri,Other,Beverages,6.0,5000,8700,6400,12 Jan 2005
Kerala,Malappuram,Manjeri,Other,Beverages,5.0,5000,8500,6300,08 Jan 2005
Kerala,Malappuram,Manjeri,Other,Beverages,7.0,5000,8500,6300,05 Jan 2005
Kerala,Malappuram,Manjeri,Other,Beverages,6.0,4900,8300,6200,29 Dec 2004
Kerala,Malappuram,Manjeri,Other,Beverages,6.0,4900,8300,6200,18 Dec 2004
Kerala,Malappuram,Manjeri,Other,Beverages,4.0,4900,8300,6200,04 Dec 2004
Kerala,Malappuram,Manjeri,Other,Beverages,6.0,4900,8300,6200,01 Dec 2004
Kerala,Malappuram,Manjeri,Other,Beverages,5.0,4900,8300,6200,13 Nov 2004
Kerala,Malappuram,Manjeri,Other,Beverages,7.0,4900,8300,6200,10 Nov 2004
Kerala,Malappuram,Manjeri,Other,Beverages,7.0,5000,8500,6300,06 Nov 2004
Kerala,Malappuram,Manjeri,Other,Beverages,5.0,5000,8500,6300,23 Oct 2004
Kerala,Malappuram,Manjeri,Other,Beverages,7.0,5100,8600,6400,13 Oct 2004
Kerala,Malappuram,Manjeri,Other,Beverages,5.0,5100,8600,6400,09 Oct 2004
Kerala,Malappuram,Manjeri,Other,Beverages,6.0,5100,8600,6400,06 Oct 2004
Kerala,Malappuram,Manjeri,Other,Beverages,4.0,6000,9000,6800,18 Sep 2004
Kerala,Malappuram,Manjeri,Other,Beverages,5.0,5800,9000,6700,08 Sep 2004
Kerala,Malappuram,Manjeri,Other,Beverages,4.0,5000,8500,6000,14 Aug 2004
Kerala,Malappuram,Manjeri,Other,Beverages,4.0,4800,8800,6000,24 Jul 2004
Kerala,Malappuram,Manjeri,Other,Beverages,6.0,4800,8800,6000,14 Jul 2004
Kerala,Malappuram,Manjeri,Other,Beverages,6.0,4600,8500,5800,07 Jul 2004
Kerala,Malappuram,Manjeri,Other,Beverages,6.0,4500,8400,5800,30 Jun 2004
Kerala,Malappuram,Manjeri,Other,Beverages,6.0,4600,8300,5700,16 Jun 2004
Kerala,Malappuram,Manjeri,Other,Beverages,4.0,4600,8100,5600,12 Jun 2004
Kerala,Malappuram,Manjeri,Other,Beverages,5.0,4600,8100,5600,29 May 2004
Kerala,Malappuram,Manjeri,Other,Beverages,7.0,4600,8100,5600,26 May 2004
Kerala,Malappuram,Manjeri,Other,Beverages,6.0,4600,8100,5600,19 May 2004
Kerala,Malappuram,Manjeri,Other,Beverages,4.0,4800,8400,5800,15 May 2004
Kerala,Malappuram,Manjeri,Other,Beverages,5.0,5200,9000,6300,28 Apr 2004
Kerala,Malappuram,Manjeri,Other,Beverages,5.0,5000,8700,6200,21 Apr 2004
Kerala,Malappuram,Manjeri,Other,Beverages,4.0,5200,9000,6400,10 Apr 2004
Kerala,Malappuram,Manjeri,Other,Beverages,5.0,5200,9000,6400,07 Apr 2004
Kerala,Malappuram,Manjeri,Other,Beverages,4.0,5200,9000,6250,03 Apr 2004
Kerala,Malappuram,Manjeri,Other,Beverages,5.0,5200,9000,6250,31 Mar 2004
Kerala,Malappuram,Manjeri,Other,Beverages,3.0,5400,9000,6300,27 Mar 2004
Kerala,Malappuram,Manjeri,Other,Beverages,3.0,5200,8700,6100,20 Mar 2004
Kerala,Malappuram,Manjeri,Other,Beverages,5.0,5200,8700,6100,17 Mar 2004
Kerala,Malappuram,Manjeri,Other,Beverages,7.0,5000,8700,6000,10 Mar 2004
Kerala,Malappuram,Manjeri,Other,Beverages,4.0,4800,8500,5900,06 Mar 2004
Kerala,Malappuram,Manjeri,Other,Beverages,5.0,4800,8500,5900,03 Mar 2004
Kerala,Malappuram,Manjeri,Other,Beverages,4.0,4600,8200,5600,28 Feb 2004
Kerala,Malappuram,Manjeri,Other,Beverages,3.0,4700,8200,5600,21 Feb 2004
Kerala,Malappuram,Manjeri,Other,Beverages,5.0,4700,8200,5600,18 Feb 2004
Kerala,Malappuram,Manjeri,Other,Beverages,3.0,4700,8200,5600,14 Feb 2004
Kerala,Malappuram,Manjeri,Other,Beverages,4.0,4700,8200,5600,11 Feb 2004
Kerala,Malappuram,Manjeri,Other,Beverages,4.0,4800,8400,5700,28 Jan 2004
Kerala,Malappuram,Manjeri,Other,Beverages,3.0,4700,8300,5600,24 Jan 2004
Kerala,Malappuram,Manjeri,Other,Beverages,4.0,4800,8400,5600,21 Jan 2004
Kerala,Malappuram,Manjeri,Other,Beverages,3.0,4300,7200,5000,17 Jan 2004
Kerala,Malappuram,Manjeri,Other,Beverages,3.0,4500,7500,5200,10 Jan 2004
Kerala,Malappuram,Manjeri,Other,Beverages,6.0,4500,7500,5200,07 Jan 2004
Kerala,Malappuram,Manjeri,Other,Beverages,4.0,4500,7300,5200,03 Jan 2004
Kerala,Malappuram,Manjeri,Other,Beverages,5.0,4500,7300,5200,31 Dec 2003
Kerala,Malappuram,Manjeri,Other,Beverages,4.0,4400,7300,5200,27 Dec 2003
Kerala,Malappuram,Manjeri,Other,Beverages,6.0,4400,7300,5200,24 Dec 2003
Kerala,Malappuram,Manjeri,Other,Beverages,3.0,4200,7000,5000,20 Dec 2003
Kerala,Malappuram,Manjeri,Other,Beverages,5.0,4400,7200,5000,17 Dec 2003
Kerala,Malappuram,Manjeri,Other,Beverages,6.0,4200,7000,5000,13 Dec 2003
Kerala,Malappuram,Manjeri,Other,Beverages,6.0,4200,7000,5000,10 Dec 2003
Kerala,Malappuram,Manjeri,Other,Beverages,6.0,4200,7000,5000,03 Dec 2003
Kerala,Malappuram,Manjeri,Other,Beverages,5.0,4200,7000,5000,29 Nov 2003
Kerala,Malappuram,Manjeri,Other,Beverages,6.0,4200,7200,5100,26 Nov 2003
Kerala,Malappuram,Manjeri,Other,Beverages,6.0,4200,7200,5100,22 Nov 2003
Kerala,Malappuram,Manjeri,Other,Beverages,6.0,4200,7200,5100,19 Nov 2003
Kerala,Malappuram,Manjeri,Other,Beverages,4.0,4200,7200,5100,15 Nov 2003
Kerala,Malappuram,Manjeri,Other,Beverages,7.0,4200,7200,5100,12 Nov 2003
Kerala,Malappuram,Manjeri,Other,Beverages,6.0,4200,7200,5100,06 Nov 2003
Kerala,Malappuram,Manjeri,Other,Beverages,6.0,4200,7200,5100,05 Nov 2003
Kerala,Malappuram,Manjeri,Other,Beverages,7.0,4300,7500,5500,01 Nov 2003
Kerala,Malappuram,Manjeri,Other,Beverages,7.0,4300,7500,5300,29 Oct 2003
Kerala,Malappuram,Manjeri,Other,Beverages,5.0,4100,7300,5200,25 Oct 2003
Kerala,Malappuram,Manjeri,Other,Beverages,6.0,4100,7300,5200,22 Oct 2003
Kerala,Malappuram,Manjeri,Other,Beverages,5.0,4000,7200,5100,18 Oct 2003
Kerala,Malappuram,Manjeri,Other,Beverages,6.0,4000,7300,5100,01 Oct 2003
Kerala,Malappuram,Manjeri,Other,Beverages,5.0,3800,7100,4900,27 Sep 2003
Kerala,Malappuram,Manjeri,Other,Beverages,6.0,3800,7100,4900,24 Sep 2003
Kerala,Malappuram,Manjeri,Other,Beverages,4.0,3800,7100,4900,20 Sep 2003
Kerala,Malappuram,Manjeri,Other,Beverages,6.0,3800,7200,5000,17 Sep 2003
Kerala,Malappuram,Manjeri,Other,Beverages,4.0,3900,7300,5000,13 Sep 2003
Kerala,Malappuram,Manjeri,Other,Beverages,4.0,4000,7500,5200,06 Sep 2003
Kerala,Malappuram,Manjeri,Other,Beverages,4.0,3900,7300,5000,30 Aug 2003
Kerala,Malappuram,Manjeri,Other,Beverages,6.0,3900,7300,5000,20 Aug 2003
Kerala,Malappuram,Manjeri,Other,Beverages,6.0,5000,7500,5500,02 Aug 2003
Kerala,Malappuram,Manjeri,Other,Beverages,6.0,5000,7500,5500,30 Jul 2003
Kerala,Malappuram,Manjeri,Other,Beverages,8.0,5200,5500,5300,26 Jul 2003
Kerala,Malappuram,Manjeri,Other,Beverages,6.0,4800,6500,5000,23 Jul 2003
Kerala,Malappuram,Manjeri,Other,Beverages,3.0,4800,6500,5000,16 Jul 2003
Kerala,Malappuram,Manjeri,Other,Beverages,6.0,5000,10000,7000,12 Jul 2003
Kerala,Malappuram,Manjeri,Other,Beverages,8.0,4200,5800,5000,05 Jul 2003
Kerala,Malappuram,Manjeri,Other,Beverages,6.0,5000,5800,5000,28 Jun 2003
Kerala,Malappuram,Manjeri,Other,Beverages,8.0,5000,5000,5000,25 Jun 2003
Kerala,Malappuram,Manjeri,Other,Beverages,8.0,4000,7500,5500,21 Jun 2003
Kerala,Malappuram,Manjeri,Other,Beverages,5.0,4000,7500,4650,18 Jun 2003
Kerala,Malappuram,Manjeri,Other,Beverages,4.0,4000,7500,5770,14 Jun 2003
Kerala,Malappuram,Manjeri,Other,Beverages,5.0,4000,7500,5770,11 Jun 2003
Kerala,Malappuram,Manjeri,Other,Beverages,5.0,4000,7500,5800,07 Jun 2003
Kerala,Malappuram,Manjeri,Other,Beverages,5.0,4000,7500,5770,04 Jun 2003
Kerala,Malappuram,Manjeri,Other,Beverages,3.0,4000,6600,5300,31 May 2003
Kerala,Malappuram,Manjeri,Other,Beverages,2.0,4000,6600,5300,28 May 2003
Kerala,Malappuram,Manjeri,Other,Beverages,8.0,3800,6800,5500,24 May 2003
Kerala,Malappuram,Manjeri,Other,Beverages,10.0,3800,6600,5200,22 May 2003
Kerala,Malappuram,Manjeri,Other,Beverages,5.0,4000,7200,5600,17 May 2003
Kerala,Malappuram,Manjeri,Other,Beverages,3.0,4000,7200,5600,14 May 2003
Kerala,Malappuram,Manjeri,Other,Beverages,5.0,4000,7300,5650,10 May 2003
Kerala,Malappuram,Manjeri,Other,Beverages,5.0,4000,7300,5650,07 May 2003
Kerala,Malappuram,Manjeri,Other,Beverages,2.0,4000,7500,5750,03 May 2003
Kerala,Malappuram,Manjeri,Other,Beverages,4.0,4000,7500,5750,30 Apr 2003
Kerala,Malappuram,Manjeri,Other,Beverages,5.0,4000,8000,6000,26 Apr 2003
Kerala,Malappuram,Manjeri,Other,Beverages,0.5,4000,8000,6000,23 Apr 2003
Kerala,Malappuram,Manjeri,Other,Beverages,4.0,5000,8000,6000,16 Apr 2003
Kerala,Malappuram,Manjeri,Other,Beverages,5.0,4000,8000,6000,09 Apr 2003
Kerala,Malappuram,Manjeri,Other,Beverages,5.0,4000,8000,6000,05 Apr 2003
Kerala,Malappuram,Manjeri,Other,Beverages,3.0,4000,8000,6000,02 Apr 2003
Kerala,Malappuram,Manjeri,Other,Beverages,2.0,4000,8000,6000,29 Mar 2003
Kerala,Malappuram,Manjeri,Other,Beverages,2.0,6000,8000,6500,26 Mar 2003
Kerala,Malappuram,Manjeri,Other,Beverages,3.0,4500,8000,6250,22 Mar 2003
Kerala,Malappuram,Manjeri,Other,Beverages,1.0,4500,8000,6250,19 Mar 2003
Kerala,Malappuram,Manjeri,Other,Beverages,2.0,4500,8000,8000,12 Mar 2003
Kerala,Malappuram,Manjeri,Other,Beverages,5.0,45000,80000,62500,08 Mar 2003
Kerala,Malappuram,Manjeri,Other,Beverages,5.0,45000,80000,62500,26 Feb 2003
Kerala,Malappuram,Manjeri,Other,Beverages,8.0,45000,90000,75000,22 Feb 2003
Kerala,Malappuram,Manjeri,Other,Beverages,10.0,45000,95000,70000,15 Feb 2003
Kerala,Malappuram,Manjeri,Other,Beverages,20.0,45000,95000,70000,11 Feb 2003
Kerala,Malappuram,Manjeri,Other,Beverages,4.0,40000,85000,62500,07 Feb 2003
Kerala,Malappuram,Manjeri,Other,Beverages,3.0,40000,85000,62500,05 Feb 2003
Kerala,Malappuram,Parappanangadi,Other,Beverages,0.3,15000,16000,15500,05 Jul 2014
Kerala,Malappuram,Parappanangadi,Other,Beverages,0.2,15000,15000,15000,03 Jul 2014
Kerala,Malappuram,Parappanangadi,Other,Beverages,0.3,14000,15000,14500,02 Jul 2014
Kerala,Malappuram,Parappanangadi,Other,Beverages,0.3,15000,15000,15000,01 Jul 2014
Kerala,Malappuram,Parappanangadi,Other,Beverages,0.2,15000,15000,15000,30 Jun 2014
Kerala,Malappuram,Parappanangadi,Other,Beverages,0.2,15000,15000,15000,28 Jun 2014
Kerala,Malappuram,Parappanangadi,Other,Beverages,0.2,14000,16000,15000,27 Jun 2014
Kerala,Malappuram,Parappanangadi,Other,Beverages,0.3,16000,16000,16000,26 Jun 2014
Kerala,Malappuram,Parappanangadi,Other,Beverages,0.3,14000,14000,14000,25 Jun 2014
Kerala,Malappuram,Parappanangadi,Other,Beverages,0.3,14000,15000,14500,24 Jun 2014
Kerala,Malappuram,Parappanangadi,Other,Beverages,0.3,13000,14000,13500,23 Jun 2014
Kerala,Malappuram,Parappanangadi,Other,Beverages,0.2,13000,14000,13000,21 Jun 2014
Kerala,Malappuram,Parappanangadi,Other,Beverages,0.2,13000,14000,13500,20 Jun 2014
Kerala,Malappuram,Parappanangadi,Other,Beverages,0.3,14000,15000,14500,19 Jun 2014
Kerala,Malappuram,Parappanangadi,Other,Beverages,0.2,13000,14000,13000,18 Jun 2014
Kerala,Malappuram,Parappanangadi,Other,Beverages,0.2,12000,14000,13000,17 Jun 2014
Kerala,Malappuram,Parappanangadi,Other,Beverages,0.3,13000,13000,13000,16 Jun 2014
Kerala,Malappuram,Parappanangadi,Other,Beverages,0.3,13000,14000,13500,14 Jun 2014
Kerala,Malappuram,Parappanangadi,Other,Beverages,0.3,13000,13000,13000,13 Jun 2014
Kerala,Malappuram,Parappanangadi,Other,Beverages,0.2,13000,13000,13000,12 Jun 2014
Kerala,Malappuram,Parappanangadi,Other,Beverages,0.3,14000,14000,14000,11 Jun 2014
Kerala,Malappuram,Parappanangadi,Other,Beverages,0.2,13000,14000,13500,10 Jun 2014
Kerala,Malappuram,Parappanangadi,Other,Beverages,0.3,12000,13000,12500,09 Jun 2014
Kerala,Malappuram,Parappanangadi,Other,Beverages,0.2,13000,13000,13000,07 Jun 2014
Kerala,Malappuram,Parappanangadi,Other,Beverages,0.2,13000,14000,13500,06 Jun 2014
Kerala,Malappuram,Parappanangadi,Other,Beverages,0.2,14000,14000,14000,05 Jun 2014
Kerala,Malappuram,Parappanangadi,Other,Beverages,0.2,13000,13000,13000,04 Jun 2014
Kerala,Malappuram,Parappanangadi,Other,Beverages,0.3,13000,13000,13000,03 Jun 2014
Kerala,Malappuram,Parappanangadi,Other,Beverages,0.2,12000,13000,12000,02 Jun 2014
Kerala,Malappuram,Parappanangadi,Other,Beverages,0.3,13000,13000,13000,01 Jun 2014
Kerala,Malappuram,Parappanangadi,Other,Beverages,0.2,13000,14000,13500,31 May 2014
Kerala,Malappuram,Parappanangadi,Other,Beverages,0.2,13000,13000,13000,30 May 2014
Kerala,Malappuram,Parappanangadi,Other,Beverages,0.2,12000,13000,12500,29 May 2014
Kerala,Malappuram,Parappanangadi,Other,Beverages,0.3,14000,14000,14000,28 May 2014
Kerala,Malappuram,Parappanangadi,Other,Beverages,0.3,13000,14000,13000,27 May 2014
Kerala,Malappuram,Parappanangadi,Other,Beverages,0.2,14000,14500,14000,26 May 2014
Kerala,Malappuram,Parappanangadi,Other,Beverages,0.2,14000,14000,14000,24 May 2014
Kerala,Malappuram,Parappanangadi,Other,Beverages,0.3,14000,14000,14000,23 May 2014
Kerala,Malappuram,Parappanangadi,Other,Beverages,0.2,14000,14000,14000,22 May 2014
Kerala,Malappuram,Parappanangadi,Other,Beverages,0.3,14000,14500,14000,21 May 2014
Kerala,Malappuram,Parappanangadi,Other,Beverages,0.2,14000,14000,14000,20 May 2014
Kerala,Malappuram,Parappanangadi,Other,Beverages,0.2,14000,14500,14000,19 May 2014
Kerala,Malappuram,Parappanangadi,Other,Beverages,0.2,13000,14000,13000,17 May 2014
Kerala,Malappuram,Parappanangadi,Other,Beverages,0.2,14000,14000,14000,16 May 2014
Kerala,Malappuram,Parappanangadi,Other,Beverages,0.2,13000,13000,13000,15 May 2014
Kerala,Malappuram,Parappanangadi,Other,Beverages,0.2,13000,14000,13500,14 May 2014
Kerala,Malappuram,Parappanangadi,Other,Beverages,0.2,14000,14000,14000,13 May 2014
Kerala,Malappuram,Parappanangadi,Other,Beverages,0.2,14000,14000,14000,12 May 2014
Kerala,Malappuram,Parappanangadi,Other,Beverages,0.2,13000,13000,13000,10 May 2014
Kerala,Malappuram,Parappanangadi,Other,Beverages,0.2,13000,14000,13000,09 May 2014
Kerala,Malappuram,Parappanangadi,Other,Beverages,0.3,13500,14000,13500,08 May 2014
Kerala,Malappuram,Parappanangadi,Other,Beverages,0.5,9500,9800,9600,07 May 2014
Kerala,Malappuram,Parappanangadi,Other,Beverages,0.2,14000,14000,14000,06 May 2014
Kerala,Malappuram,Parappanangadi,Other,Beverages,0.3,14000,14000,14000,05 May 2014
Kerala,Malappuram,Parappanangadi,Other,Beverages,0.2,14000,14000,14000,03 May 2014
Kerala,Malappuram,Parappanangadi,Other,Beverages,0.3,14000,15000,14500,02 May 2014
Kerala,Malappuram,Parappanangadi,Other,Beverages,0.2,14000,14000,14000,01 May 2014
Kerala,Malappuram,Parappanangadi,Other,Beverages,0.3,14000,14000,14000,30 Apr 2014
Kerala,Malappuram,Parappanangadi,Other,Beverages,0.2,7000,8000,7500,28 Apr 2014
Kerala,Malappuram,Parappanangadi,Other,Beverages,0.2,12000,12000,12000,11 Apr 2014
Kerala,Malappuram,Parappanangadi,Other,Beverages,0.3,13000,13000,13000,10 Apr 2014
Kerala,Malappuram,Parappanangadi,Other,Beverages,0.3,12000,12000,12000,09 Apr 2014
Kerala,Malappuram,Parappanangadi,Other,Beverages,0.3,12000,12000,12000,08 Apr 2014
Kerala,Malappuram,Parappanangadi,Other,Beverages,0.3,12000,12000,12000,07 Apr 2014
Kerala,Malappuram,Parappanangadi,Other,Beverages,0.3,13000,13000,13000,03 Apr 2014
Kerala,Malappuram,Parappanangadi,Other,Beverages,0.3,12000,12000,12000,31 Mar 2014
Kerala,Malappuram,Parappanangadi,Other,Beverages,0.3,12000,12000,12000,29 Mar 2014
Kerala,Malappuram,Parappanangadi,Other,Beverages,0.3,12000,12000,12000,18 Mar 2014
Kerala,Malappuram,Parappanangadi,Other,Beverages,0.3,12000,12000,12000,15 Mar 2014
Kerala,Malappuram,Parappanangadi,Other,Beverages,0.3,12000,12000,12000,10 Mar 2014
Kerala,Malappuram,Parappanangadi,Other,Beverages,0.3,12000,12000,12000,03 Mar 2014
Kerala,Malappuram,Parappanangadi,Other,Beverages,0.3,13000,13000,13000,27 Feb 2014
Kerala,Malappuram,Parappanangadi,Other,Beverages,0.2,13000,13000,13000,26 Feb 2014
Kerala,Malappuram,Parappanangadi,Other,Beverages,0.2,11000,12000,11500,25 Feb 2014
Kerala,Malappuram,Parappanangadi,Other,Beverages,0.2,12000,12000,12000,24 Feb 2014
Kerala,Malappuram,Parappanangadi,Other,Beverages,0.3,12000,12000,12000,22 Feb 2014
Kerala,Malappuram,Parappanangadi,Other,Beverages,0.3,12000,12000,12000,21 Feb 2014
Kerala,Malappuram,Parappanangadi,Other,Beverages,0.2,12000,12000,12000,20 Feb 2014
Kerala,Malappuram,Parappanangadi,Other,Beverages,0.3,13000,13000,13000,19 Feb 2014
Kerala,Malappuram,Parappanangadi,Other,Beverages,0.2,12000,12000,12000,18 Feb 2014
Kerala,Malappuram,Parappanangadi,Other,Beverages,0.3,13000,13000,13000,17 Feb 2014
Kerala,Malappuram,Parappanangadi,Other,Beverages,0.2,12000,12000,12000,15 Feb 2014
Kerala,Malappuram,Parappanangadi,Other,Beverages,0.3,13000,14000,13500,14 Feb 2014
Kerala,Malappuram,Parappanangadi,Other,Beverages,0.2,11000,11000,11000,13 Feb 2014
Kerala,Malappuram,Parappanangadi,Other,Beverages,0.3,12000,12000,12000,12 Feb 2014
Kerala,Malappuram,Parappanangadi,Other,Beverages,0.2,15000,15000,15000,11 Feb 2014
Kerala,Malappuram,Parappanangadi,Other,Beverages,0.3,13000,13000,13000,10 Feb 2014
Kerala,Malappuram,Parappanangadi,Other,Beverages,0.3,13000,13000,13000,08 Feb 2014
Kerala,Malappuram,Parappanangadi,Other,Beverages,0.2,12000,12000,12000,07 Feb 2014
Kerala,Malappuram,Parappanangadi,Other,Beverages,0.2,14000,14000,14000,06 Feb 2014
Kerala,Malappuram,Parappanangadi,Other,Beverages,0.3,13000,13000,13000,05 Feb 2014
Kerala,Malappuram,Parappanangadi,Other,Beverages,0.3,13000,13000,13000,04 Feb 2014
Kerala,Malappuram,Parappanangadi,Other,Beverages,0.3,13000,13000,13000,03 Feb 2014
Kerala,Malappuram,Parappanangadi,Other,Beverages,0.2,12000,12000,12000,01 Feb 2014
Kerala,Malappuram,Parappanangadi,Other,Beverages,0.3,12000,12000,12000,31 Jan 2014
Kerala,Malappuram,Parappanangadi,Other,Beverages,0.2,16000,16000,16000,25 Jan 2014
Kerala,Malappuram,Parappanangadi,Other,Beverages,0.2,16000,16000,16000,24 Jan 2014
Kerala,Malappuram,Parappanangadi,Other,Beverages,0.2,15000,16000,15500,23 Jan 2014
Kerala,Malappuram,Parappanangadi,Other,Beverages,0.2,15000,16000,15500,22 Jan 2014
Kerala,Malappuram,Parappanangadi,Other,Beverages,0.2,15000,15000,15000,21 Jan 2014
Kerala,Malappuram,Parappanangadi,Other,Beverages,0.3,14000,16000,15000,20 Jan 2014
Kerala,Malappuram,Parappanangadi,Other,Beverages,0.2,14000,14000,14000,18 Jan 2014
Kerala,Malappuram,Parappanangadi,Other,Beverages,0.3,13000,14000,13500,17 Jan 2014
Kerala,Malappuram,Parappanangadi,Other,Beverages,0.3,12000,14000,13000,16 Jan 2014
Kerala,Malappuram,Parappanangadi,Other,Beverages,0.3,12000,12000,12000,15 Jan 2014
Kerala,Malappuram,Parappanangadi,Other,Beverages,0.3,13000,13000,13000,14 Jan 2014
Kerala,Malappuram,Parappanangadi,Other,Beverages,0.2,16000,16000,16000,13 Jan 2014
Kerala,Malappuram,Parappanangadi,Other,Beverages,0.2,15000,16000,15000,11 Jan 2014
Kerala,Malappuram,Parappanangadi,Other,Beverages,0.3,15000,15000,15000,10 Jan 2014
Kerala,Malappuram,Parappanangadi,Other,Beverages,0.2,11000,11000,11000,08 Jan 2014
Kerala,Malappuram,Parappanangadi,Other,Beverages,0.3,16000,16000,16000,01 Jan 2014
Kerala,Malappuram,Parappanangadi,Other,Beverages,0.1,13000,13000,13000,22 Oct 2013
Kerala,Malappuram,Parappanangadi,Other,Beverages,0.2,12000,12000,12000,21 Oct 2013
Kerala,Malappuram,Parappanangadi,Other,Beverages,0.2,12000,12000,12000,19 Oct 2013
Kerala,Malappuram,Parappanangadi,Other,Beverages,0.2,12000,12000,12000,18 Oct 2013
Kerala,Malappuram,Parappanangadi,Other,Beverages,0.3,13000,13000,13000,17 Oct 2013
Kerala,Malappuram,Parappanangadi,Other,Beverages,0.2,12000,12000,12000,15 Oct 2013
Kerala,Malappuram,Parappanangadi,Other,Beverages,0.3,13000,13000,13000,12 Oct 2013
Kerala,Malappuram,Parappanangadi,Other,Beverages,0.2,14000,14000,14000,11 Oct 2013
Kerala,Malappuram,Parappanangadi,Other,Beverages,0.2,12000,12000,12000,10 Oct 2013
Kerala,Malappuram,Parappanangadi,Other,Beverages,0.3,14000,14000,14000,09 Oct 2013
Kerala,Malappuram,Parappanangadi,Other,Beverages,0.4,12000,12000,12000,08 Oct 2013
Kerala,Malappuram,Parappanangadi,Other,Beverages,0.3,13000,13000,13000,07 Oct 2013
Kerala,Malappuram,Parappanangadi,Other,Beverages,0.1,12000,12000,12000,05 Oct 2013
Kerala,Malappuram,Parappanangadi,Other,Beverages,0.2,12000,12000,12000,04 Oct 2013
Kerala,Malappuram,Parappanangadi,Other,Beverages,0.3,10000,10000,10000,03 Oct 2013
Kerala,Malappuram,Parappanangadi,Other,Beverages,0.3,11000,11000,11000,01 Oct 2013
Kerala,Malappuram,Parappanangadi,Other,Beverages,0.3,10000,10000,10000,30 Sep 2013
Kerala,Malappuram,Parappanangadi,Other,Beverages,0.3,10000,10000,10000,28 Sep 2013
Kerala,Malappuram,Parappanangadi,Other,Beverages,0.3,11000,11000,11000,27 Sep 2013
Kerala,Malappuram,Parappanangadi,Other,Beverages,0.3,11000,11000,11000,26 Sep 2013
Kerala,Malappuram,Parappanangadi,Other,Beverages,0.4,12000,12000,12000,25 Sep 2013
Kerala,Malappuram,Parappanangadi,Other,Beverages,0.3,12000,12000,12000,24 Sep 2013
Kerala,Malappuram,Parappanangadi,Other,Beverages,0.3,10000,10000,10000,23 Sep 2013
Kerala,Malappuram,Parappanangadi,Other,Beverages,0.3,11000,11000,11000,21 Sep 2013
Kerala,Malappuram,Parappanangadi,Other,Beverages,0.3,11000,11000,11000,20 Sep 2013
Kerala,Malappuram,Parappanangadi,Other,Beverages,0.3,11000,11000,11000,19 Sep 2013
Kerala,Malappuram,Parappanangadi,Other,Beverages,0.4,11000,11000,11000,18 Sep 2013
Kerala,Malappuram,Parappanangadi,Other,Beverages,0.2,13000,13000,13000,17 Sep 2013
Kerala,Malappuram,Parappanangadi,Other,Beverages,0.3,12000,12000,12000,14 Sep 2013
Kerala,Malappuram,Parappanangadi,Other,Beverages,0.3,11000,11000,11000,13 Sep 2013
Kerala,Malappuram,Parappanangadi,Other,Beverages,0.3,13000,13000,13000,12 Sep 2013
Kerala,Malappuram,Parappanangadi,Other,Beverages,0.5,11000,11000,11000,11 Sep 2013
Kerala,Malappuram,Parappanangadi,Other,Beverages,0.3,11000,11000,11000,10 Sep 2013
Kerala,Malappuram,Parappanangadi,Other,Beverages,0.6,11000,11000,11000,09 Sep 2013
Kerala,Malappuram,Parappanangadi,Other,Beverages,0.6,13000,13000,13000,07 Sep 2013
Kerala,Malappuram,Parappanangadi,Other,Beverages,0.2,13000,13000,13000,06 Sep 2013
Kerala,Malappuram,Parappanangadi,Other,Beverages,0.6,13000,13000,13000,05 Sep 2013
Kerala,Malappuram,Parappanangadi,Other,Beverages,0.1,11000,11100,11000,03 Sep 2013
Kerala,Malappuram,Parappanangadi,Other,Beverages,0.5,13000,13000,13000,02 Sep 2013
Kerala,Malappuram,Parappanangadi,Other,Beverages,0.6,11000,11000,11000,01 Sep 2013
Kerala,Malappuram,Parappanangadi,Other,Beverages,0.2,13000,13000,13000,31 Aug 2013
Kerala,Malappuram,Parappanangadi,Other,Beverages,0.6,13000,13000,13000,30 Aug 2013
Kerala,Malappuram,Parappanangadi,Other,Beverages,0.6,12000,12000,12000,29 Aug 2013
Kerala,Malappuram,Parappanangadi,Other,Beverages,0.2,13000,13000,13000,28 Aug 2013
Kerala,Malappuram,Parappanangadi,Other,Beverages,0.2,13000,13000,13000,27 Aug 2013
Kerala,Malappuram,Parappanangadi,Other,Beverages,0.3,12000,12000,12000,26 Aug 2013
Kerala,Malappuram,Parappanangadi,Other,Beverages,0.5,13000,13000,13000,24 Aug 2013
Kerala,Malappuram,Parappanangadi,Other,Beverages,0.2,13000,13000,13000,23 Aug 2013
Kerala,Malappuram,Parappanangadi,Other,Beverages,0.4,12000,12000,12000,22 Aug 2013
Kerala,Malappuram,Parappanangadi,Other,Beverages,0.2,11000,12000,11500,21 Aug 2013
Kerala,Malappuram,Parappanangadi,Other,Beverages,0.4,12000,12000,12000,20 Aug 2013
Kerala,Malappuram,Parappanangadi,Other,Beverages,0.2,11000,11000,11000,19 Aug 2013
Kerala,Malappuram,Parappanangadi,Other,Beverages,0.3,13000,13000,13000,17 Aug 2013
Kerala,Malappuram,Parappanangadi,Other,Beverages,0.3,13000,13000,13000,16 Aug 2013
Kerala,Malappuram,Parappanangadi,Other,Beverages,0.6,13000,13000,13000,15 Aug 2013
Kerala,Malappuram,Parappanangadi,Other,Beverages,0.3,13000,13000,13000,14 Aug 2013
Kerala,Malappuram,Parappanangadi,Other,Beverages,0.2,13000,13000,13000,13 Aug 2013
Kerala,Malappuram,Parappanangadi,Other,Beverages,0.3,12000,12000,12000,12 Aug 2013
Kerala,Malappuram,Parappanangadi,Other,Beverages,0.3,13000,13000,13000,10 Aug 2013
Kerala,Malappuram,Parappanangadi,Other,Beverages,0.3,13000,13000,13000,09 Aug 2013
Kerala,Malappuram,Parappanangadi,Other,Beverages,0.6,13000,13000,13000,08 Aug 2013
Kerala,Malappuram,Parappanangadi,Other,Beverages,0.5,13000,13000,13000,07 Aug 2013
Kerala,Malappuram,Parappanangadi,Other,Beverages,0.1,13000,13000,13000,06 Aug 2013
Kerala,Malappuram,Parappanangadi,Other,Beverages,0.1,12000,12000,12000,05 Aug 2013
Kerala,Malappuram,Parappanangadi,Other,Beverages,0.5,13000,13000,13000,03 Aug 2013
Kerala,Malappuram,Parappanangadi,Other,Beverages,0.2,12000,12000,12000,02 Aug 2013
Kerala,Malappuram,Parappanangadi,Other,Beverages,0.3,13000,13000,13000,01 Aug 2013
Kerala,Malappuram,Parappanangadi,Other,Beverages,0.2,12000,12000,12000,31 Jul 2013
Kerala,Malappuram,Parappanangadi,Other,Beverages,0.3,13000,13000,13000,30 Jul 2013
Kerala,Malappuram,Parappanangadi,Other,Beverages,0.3,13000,13000,13000,29 Jul 2013
Kerala,Malappuram,Parappanangadi,Other,Beverages,0.2,13000,13000,13000,27 Jul 2013
Kerala,Malappuram,Parappanangadi,Other,Beverages,0.2,12000,12000,12000,26 Jul 2013
Kerala,Malappuram,Parappanangadi,Other,Beverages,0.2,12000,12000,12000,25 Jul 2013
Kerala,Malappuram,Parappanangadi,Other,Beverages,0.4,12000,12000,12000,24 Jul 2013
Kerala,Malappuram,Parappanangadi,Other,Beverages,0.3,13000,13000,13000,23 Jul 2013
Kerala,Malappuram,Parappanangadi,Other,Beverages,0.6,13000,13000,13000,22 Jul 2013
Kerala,Malappuram,Parappanangadi,Other,Beverages,0.2,12000,12000,12000,21 Jul 2013
Kerala,Malappuram,Parappanangadi,Other,Beverages,0.5,11000,11000,11000,20 Jul 2013
Kerala,Malappuram,Parappanangadi,Other,Beverages,0.3,13000,13000,13000,19 Jul 2013
Kerala,Malappuram,Parappanangadi,Other,Beverages,0.3,13000,13000,13000,18 Jul 2013
Kerala,Malappuram,Parappanangadi,Other,Beverages,0.3,13000,13000,13000,17 Jul 2013
Kerala,Malappuram,Parappanangadi,Other,Beverages,0.2,12000,12000,12000,16 Jul 2013
Kerala,Malappuram,Parappanangadi,Other,Beverages,0.3,13000,13000,13000,15 Jul 2013
Kerala,Malappuram,Parappanangadi,Other,Beverages,0.3,12000,12000,12000,13 Jul 2013
Kerala,Malappuram,Parappanangadi,Other,Beverages,0.2,13000,13000,13000,12 Jul 2013
Kerala,Malappuram,Parappanangadi,Other,Beverages,0.3,11000,11000,11000,11 Jul 2013
Kerala,Malappuram,Parappanangadi,Other,Beverages,0.3,12000,12000,12000,10 Jul 2013
Kerala,Malappuram,Parappanangadi,Other,Beverages,0.3,13000,13000,13000,09 Jul 2013
Kerala,Malappuram,Parappanangadi,Other,Beverages,0.3,13000,13000,13000,08 Jul 2013
Kerala,Malappuram,Parappanangadi,Other,Beverages,0.3,12000,12000,12000,06 Jul 2013
Kerala,Malappuram,Parappanangadi,Other,Beverages,0.2,12000,12000,12000,05 Jul 2013
Kerala,Malappuram,Parappanangadi,Other,Beverages,0.1,12000,12000,12000,04 Jul 2013
Kerala,Malappuram,Parappanangadi,Other,Beverages,0.2,11000,11000,11000,03 Jul 2013
Kerala,Malappuram,Parappanangadi,Other,Beverages,0.2,12000,12000,12000,02 Jul 2013
Kerala,Malappuram,Parappanangadi,Other,Beverages,0.6,13000,13000,13000,01 Jul 2013
Kerala,Malappuram,Parappanangadi,Other,Beverages,0.4,12000,12000,12000,28 Jun 2013
Kerala,Malappuram,Parappanangadi,Other,Beverages,0.5,12000,12000,12000,27 Jun 2013
Kerala,Malappuram,Parappanangadi,Other,Beverages,0.5,12000,12000,12000,26 Jun 2013
Kerala,Malappuram,Parappanangadi,Other,Beverages,0.2,13000,13000,13000,25 Jun 2013
Kerala,Malappuram,Parappanangadi,Other,Beverages,0.5,12000,12000,12000,24 Jun 2013
Kerala,Malappuram,Parappanangadi,Other,Beverages,0.5,12000,12000,12000,22 Jun 2013
Kerala,Malappuram,Parappanangadi,Other,Beverages,0.2,12000,12000,12000,21 Jun 2013
Kerala,Malappuram,Parappanangadi,Other,Beverages,0.5,12000,12000,12000,20 Jun 2013
Kerala,Malappuram,Parappanangadi,Other,Beverages,0.3,13000,13000,13000,19 Jun 2013
Kerala,Malappuram,Parappanangadi,Other,Beverages,0.4,12000,12000,12000,18 Jun 2013
Kerala,Malappuram,Parappanangadi,Other,Beverages,0.3,12000,12000,12000,15 Jun 2013
Kerala,Malappuram,Parappanangadi,Other,Beverages,0.1,12000,12000,12000,14 Jun 2013
Kerala,Malappuram,Parappanangadi,Other,Beverages,0.5,12000,12000,12000,13 Jun 2013
Kerala,Malappuram,Parappanangadi,Other,Beverages,0.1,12000,12000,12000,12 Jun 2013
Kerala,Malappuram,Parappanangadi,Other,Beverages,0.3,11000,11000,11000,11 Jun 2013
Kerala,Malappuram,Parappanangadi,Other,Beverages,0.2,10000,10000,10000,10 Jun 2013
Kerala,Malappuram,Parappanangadi,Other,Beverages,0.2,11000,11000,11000,08 Jun 2013
Kerala,Malappuram,Parappanangadi,Other,Beverages,0.2,11000,11000,11000,07 Jun 2013
Kerala,Malappuram,Parappanangadi,Other,Beverages,0.5,12000,12000,12000,06 Jun 2013
Kerala,Malappuram,Parappanangadi,Other,Beverages,0.6,14000,14000,14000,04 Jun 2013
Kerala,Malappuram,Parappanangadi,Other,Beverages,0.2,14000,14000,14000,03 Jun 2013
Kerala,Malappuram,Parappanangadi,Other,Beverages,0.2,15000,15000,15000,01 Jun 2013
Kerala,Malappuram,Parappanangadi,Other,Beverages,0.2,12000,12000,12000,31 May 2013
Kerala,Malappuram,Parappanangadi,Other,Beverages,0.2,13000,13000,13000,30 May 2013
Kerala,Malappuram,Parappanangadi,Other,Beverages,0.2,11000,11000,11000,29 May 2013
Kerala,Malappuram,Parappanangadi,Other,Beverages,0.2,12000,12000,12000,28 May 2013
Kerala,Malappuram,Parappanangadi,Other,Beverages,3.0,12000,12000,12000,27 May 2013
Kerala,Malappuram,Parappanangadi,Other,Beverages,3.0,11000,11000,11000,25 May 2013
Kerala,Malappuram,Parappanangadi,Other,Beverages,3.0,11000,11000,11000,23 May 2013
Kerala,Malappuram,Parappanangadi,Other,Beverages,0.5,12000,12000,12000,21 May 2013
Kerala,Malappuram,Parappanangadi,Other,Beverages,0.6,13000,13000,13000,20 May 2013
Kerala,Malappuram,Parappanangadi,Other,Beverages,0.6,12000,12000,12000,17 May 2013
Kerala,Malappuram,Parappanangadi,Other,Beverages,0.6,12000,12000,12000,16 May 2013
Kerala,Malappuram,Parappanangadi,Other,Beverages,0.8,12000,12000,12000,15 May 2013
Kerala,Malappuram,Parappanangadi,Other,Beverages,0.6,11000,13000,12000,14 May 2013
Kerala,Malappuram,Parappanangadi,Other,Beverages,0.6,12000,12000,12000,13 May 2013
Kerala,Malappuram,Parappanangadi,Other,Beverages,0.6,13000,13000,13000,09 May 2013
Kerala,Malappuram,Parappanangadi,Other,Beverages,0.6,13000,13000,13000,08 May 2013
Kerala,Malappuram,Parappanangadi,Other,Beverages,0.5,13000,13000,13000,07 May 2013
Kerala,Malappuram,Parappanangadi,Other,Beverages,0.5,12000,12000,12000,06 May 2013
Kerala,Malappuram,Parappanangadi,Other,Beverages,0.5,13000,13000,13000,04 May 2013
Kerala,Malappuram,Parappanangadi,Other,Beverages,0.5,12000,12000,12000,03 May 2013
Kerala,Malappuram,Parappanangadi,Other,Beverages,0.6,11000,11000,11000,01 May 2013
Kerala,Malappuram,Parappanangadi,Other,Beverages,0.6,12000,12000,12000,30 Apr 2013
Kerala,Malappuram,Parappanangadi,Other,Beverages,0.6,13000,13000,13000,29 Apr 2013
Kerala,Malappuram,Parappanangadi,Other,Beverages,0.6,12000,12000,12000,27 Apr 2013
Kerala,Malappuram,Parappanangadi,Other,Beverages,0.6,12000,12000,12000,26 Apr 2013
Kerala,Malappuram,Parappanangadi,Other,Beverages,0.5,12000,12000,12000,25 Apr 2013
Kerala,Malappuram,Parappanangadi,Other,Beverages,0.6,12000,12000,12000,24 Apr 2013
Kerala,Malappuram,Parappanangadi,Other,Beverages,0.5,12000,12000,12000,23 Apr 2013
Kerala,Malappuram,Parappanangadi,Other,Beverages,0.2,12000,12000,12000,22 Apr 2013
Kerala,Malappuram,Parappanangadi,Other,Beverages,0.6,13000,13000,13000,20 Apr 2013
Kerala,Malappuram,Parappanangadi,Other,Beverages,0.6,12000,12000,12000,19 Apr 2013
Kerala,Malappuram,Parappanangadi,Other,Beverages,0.3,12000,12000,12000,18 Apr 2013
Kerala,Malappuram,Parappanangadi,Other,Beverages,0.5,12000,12000,12000,17 Apr 2013
Kerala,Malappuram,Parappanangadi,Other,Beverages,0.5,13000,13000,13000,16 Apr 2013
Kerala,Malappuram,Parappanangadi,Other,Beverages,0.6,12000,12000,12000,15 Apr 2013
Kerala,Malappuram,Parappanangadi,Other,Beverages,0.2,10000,10000,10000,13 Apr 2013
Kerala,Malappuram,Parappanangadi,Other,Beverages,0.2,10000,12000,11000,12 Apr 2013
Kerala,Malappuram,Parappanangadi,Other,Beverages,0.2,10000,10000,10000,11 Apr 2013
Kerala,Malappuram,Parappanangadi,Other,Beverages,0.3,11000,11000,11000,10 Apr 2013
Kerala,Malappuram,Parappanangadi,Other,Beverages,0.2,11000,11000,11000,08 Apr 2013
Kerala,Malappuram,Parappanangadi,Other,Beverages,0.2,11000,11000,11000,06 Apr 2013
Kerala,Malappuram,Parappanangadi,Other,Beverages,0.6,10000,10000,10000,05 Apr 2013
Kerala,Malappuram,Parappanangadi,Other,Beverages,0.2,10000,10000,10000,04 Apr 2013
Kerala,Malappuram,Parappanangadi,Other,Beverages,0.3,11000,11000,11000,03 Apr 2013
Kerala,Malappuram,Parappanangadi,Other,Beverages,0.2,11000,11000,11000,02 Apr 2013
Kerala,Malappuram,Parappanangadi,Other,Beverages,0.1,15000,16000,15000,01 Apr 2013
Kerala,Malappuram,Parappanangadi,Other,Beverages,0.3,11000,11000,11000,30 Mar 2013
Kerala,Malappuram,Parappanangadi,Other,Beverages,0.3,11000,12000,11000,29 Mar 2013
Kerala,Malappuram,Parappanangadi,Other,Beverages,0.2,11000,11500,11000,28 Mar 2013
Kerala,Malappuram,Parappanangadi,Other,Beverages,0.3,11000,11000,11000,27 Mar 2013
Kerala,Malappuram,Parappanangadi,Other,Beverages,0.2,11000,11000,11000,26 Mar 2013
Kerala,Malappuram,Parappanangadi,Other,Beverages,0.6,12000,12000,12000,25 Mar 2013
Kerala,Malappuram,Parappanangadi,Other,Beverages,0.6,11000,11000,11000,23 Mar 2013
Kerala,Malappuram,Parappanangadi,Other,Beverages,0.6,12000,12000,12000,22 Mar 2013
Kerala,Malappuram,Parappanangadi,Other,Beverages,0.6,12000,12000,12000,21 Mar 2013
Kerala,Malappuram,Parappanangadi,Other,Beverages,0.5,10000,11000,11000,20 Mar 2013
Kerala,Malappuram,Parappanangadi,Other,Beverages,0.6,12000,12000,12000,19 Mar 2013
Kerala,Malappuram,Parappanangadi,Other,Beverages,0.6,12000,12000,12000,18 Mar 2013
Kerala,Malappuram,Parappanangadi,Other,Beverages,0.6,11000,11000,11000,16 Mar 2013
Kerala,Malappuram,Parappanangadi,Other,Beverages,0.6,13000,13000,13000,15 Mar 2013
Kerala,Malappuram,Parappanangadi,Other,Beverages,0.6,11000,11000,11000,14 Mar 2013
Kerala,Malappuram,Parappanangadi,Other,Beverages,0.6,12000,12000,12000,13 Mar 2013
Kerala,Malappuram,Parappanangadi,Other,Beverages,0.2,12000,12000,12000,12 Mar 2013
Kerala,Malappuram,Parappanangadi,Other,Beverages,0.6,12000,12000,12000,11 Mar 2013
Kerala,Malappuram,Parappanangadi,Other,Beverages,0.6,12000,12000,12000,09 Mar 2013
Kerala,Malappuram,Parappanangadi,Other,Beverages,0.2,13000,13000,13000,08 Mar 2013
Kerala,Malappuram,Parappanangadi,Other,Beverages,0.6,11000,11000,11000,07 Mar 2013
Kerala,Malappuram,Parappanangadi,Other,Beverages,0.2,11000,11000,11000,06 Mar 2013
Kerala,Malappuram,Parappanangadi,Other,Beverages,0.6,12000,12000,12000,05 Mar 2013
Kerala,Malappuram,Parappanangadi,Other,Beverages,0.2,12000,12000,12000,04 Mar 2013
Kerala,Malappuram,Parappanangadi,Other,Beverages,0.3,12000,12000,12000,02 Mar 2013
Kerala,Malappuram,Parappanangadi,Other,Beverages,0.2,13000,13000,13000,01 Mar 2013
Kerala,Malappuram,Parappanangadi,Other,Beverages,0.2,12000,12000,12000,27 Feb 2013
Kerala,Malappuram,Parappanangadi,Other,Beverages,0.3,11000,11500,11000,26 Feb 2013
Kerala,Malappuram,Parappanangadi,Other,Beverages,0.5,11000,11000,11000,25 Feb 2013
Kerala,Malappuram,Parappanangadi,Other,Beverages,0.2,11000,11500,11500,30 Jan 2013
Kerala,Malappuram,Parappanangadi,Other,Beverages,0.2,11000,11500,11500,25 Jan 2013
Kerala,Malappuram,Parappanangadi,Other,Beverages,0.1,10000,10000,10000,24 Jan 2013
Kerala,Malappuram,Parappanangadi,Other,Beverages,0.3,10000,10000,10000,23 Jan 2013
Kerala,Malappuram,Parappanangadi,Other,Beverages,0.3,10000,10000,10000,21 Jan 2013
Kerala,Malappuram,Parappanangadi,Other,Beverages,3.0,11000,11000,11000,19 Jan 2013
Kerala,Malappuram,Parappanangadi,Other,Beverages,3.0,11000,11000,11000,17 Jan 2013
Kerala,Malappuram,Parappanangadi,Other,Beverages,0.3,12000,12000,12000,16 Jan 2013
Kerala,Malappuram,Parappanangadi,Other,Beverages,0.5,11000,11500,11200,15 Jan 2013
Kerala,Malappuram,Parappanangadi,Other,Beverages,0.5,11000,12000,11500,14 Jan 2013
Kerala,Malappuram,Parappanangadi,Other,Beverages,0.5,11000,12000,11000,12 Jan 2013
Kerala,Malappuram,Parappanangadi,Other,Beverages,0.5,11000,11500,11200,11 Jan 2013
Kerala,Malappuram,Parappanangadi,Other,Beverages,0.5,11000,11500,11000,10 Jan 2013
Kerala,Malappuram,Parappanangadi,Other,Beverages,0.8,11000,11000,11000,09 Jan 2013
Kerala,Malappuram,Parappanangadi,Other,Beverages,0.6,11000,12000,11500,08 Jan 2013
Kerala,Malappuram,Parappanangadi,Other,Beverages,2.0,11000,11900,11500,05 Jan 2013
Kerala,Malappuram,Parappanangadi,Other,Beverages,0.5,11000,12000,11000,02 Jan 2013
Kerala,Malappuram,Parappanangadi,Other,Beverages,0.5,11000,11900,11400,01 Jan 2013
Kerala,Malappuram,Parappanangadi,Other,Beverages,0.6,11000,11900,11700,31 Dec 2012
Kerala,Malappuram,Parappanangadi,Other,Beverages,0.5,11000,12000,11500,29 Dec 2012
Kerala,Malappuram,Parappanangadi,Other,Beverages,0.5,11000,11500,11200,28 Dec 2012
Kerala,Malappuram,Parappanangadi,Other,Beverages,0.5,11000,11300,11200,27 Dec 2012
Kerala,Malappuram,Parappanangadi,Other,Beverages,0.5,11000,11200,11100,26 Dec 2012
Kerala,Malappuram,Parappanangadi,Other,Beverages,0.5,11000,11000,11000,24 Dec 2012
Kerala,Malappuram,Parappanangadi,Other,Beverages,0.4,11000,11000,11000,21 Dec 2012
Kerala,Malappuram,Parappanangadi,Other,Beverages,0.5,11000,11200,11100,20 Dec 2012
Kerala,Malappuram,Parappanangadi,Other,Beverages,0.6,11000,11100,11050,19 Dec 2012
Kerala,Malappuram,Parappanangadi,Other,Beverages,0.5,11000,11500,11200,18 Dec 2012
Kerala,Malappuram,Parappanangadi,Other,Beverages,0.5,11000,11000,11000,15 Dec 2012
Kerala,Malappuram,Parappanangadi,Other,Beverages,0.5,11000,11200,11100,14 Dec 2012
Kerala,Malappuram,Parappanangadi,Other,Beverages,0.5,11000,11000,11000,13 Dec 2012
Kerala,Malappuram,Parappanangadi,Other,Beverages,0.5,11000,11000,11000,12 Dec 2012
Kerala,Malappuram,Parappanangadi,Other,Beverages,0.5,11000,11000,11000,11 Dec 2012
Kerala,Malappuram,Parappanangadi,Other,Beverages,0.6,11000,11000,11000,10 Dec 2012
Kerala,Malappuram,Parappanangadi,Other,Beverages,0.5,11100,12000,11500,08 Dec 2012
Kerala,Malappuram,Parappanangadi,Other,Beverages,0.2,11000,11000,11000,07 Dec 2012
Kerala,Malappuram,Parappanangadi,Other,Beverages,0.5,11000,11100,11000,06 Dec 2012
Kerala,Malappuram,Parappanangadi,Other,Beverages,0.5,11000,11000,11000,05 Dec 2012
Kerala,Malappuram,Parappanangadi,Other,Beverages,0.5,11000,12000,11000,04 Dec 2012
Kerala,Malappuram,Parappanangadi,Other,Beverages,0.5,11000,11000,11000,03 Dec 2012
Kerala,Malappuram,Parappanangadi,Other,Beverages,0.1,11000,11000,11000,01 Dec 2012
Kerala,Malappuram,Parappanangadi,Other,Beverages,0.5,11000,11000,11000,30 Nov 2012
Kerala,Malappuram,Parappanangadi,Other,Beverages,0.5,11000,11000,11000,29 Nov 2012
Kerala,Malappuram,Parappanangadi,Other,Beverages,0.5,11000,11000,11000,28 Nov 2012
Kerala,Malappuram,Parappanangadi,Other,Beverages,0.5,12000,12000,12000,27 Nov 2012
Kerala,Malappuram,Parappanangadi,Other,Beverages,0.1,12000,12000,12000,26 Nov 2012
Kerala,Malappuram,Parappanangadi,Other,Beverages,0.5,12000,13000,12000,24 Nov 2012
Kerala,Malappuram,Parappanangadi,Other,Beverages,0.5,12000,13000,12000,23 Nov 2012
Kerala,Malappuram,Parappanangadi,Other,Beverages,0.5,12000,12500,12500,22 Nov 2012
Kerala,Malappuram,Parappanangadi,Other,Beverages,0.1,15000,19000,18000,20 Nov 2012
Kerala,Malappuram,Parappanangadi,Other,Beverages,0.5,12000,15000,14000,19 Nov 2012
Kerala,Malappuram,Parappanangadi,Other,Beverages,0.5,12000,12000,12000,17 Nov 2012
Kerala,Malappuram,Parappanangadi,Other,Beverages,0.5,12000,12000,12000,16 Nov 2012
Kerala,Malappuram,Parappanangadi,Other,Beverages,0.4,12000,12000,12000,15 Nov 2012
Kerala,Malappuram,Parappanangadi,Other,Beverages,0.5,12000,13000,12000,14 Nov 2012
Kerala,Malappuram,Parappanangadi,Other,Beverages,0.2,12000,12000,12000,12 Nov 2012
Kerala,Malappuram,Parappanangadi,Other,Beverages,0.2,12000,12000,12000,10 Nov 2012
Kerala,Malappuram,Parappanangadi,Other,Beverages,0.2,12000,12000,12000,09 Nov 2012
Kerala,Malappuram,Parappanangadi,Other,Beverages,0.1,12000,12000,12000,07 Nov 2012
Kerala,Malappuram,Parappanangadi,Other,Beverages,0.5,12000,12000,12000,06 Nov 2012
Kerala,Malappuram,Parappanangadi,Other,Beverages,0.5,12000,12000,12000,05 Nov 2012
Kerala,Malappuram,Parappanangadi,Other,Beverages,0.4,11000,11000,11000,03 Nov 2012
Kerala,Malappuram,Parappanangadi,Other,Beverages,0.4,11000,11000,11000,02 Nov 2012
Kerala,Malappuram,Parappanangadi,Other,Beverages,0.4,11000,11000,11000,01 Nov 2012
Kerala,Malappuram,Parappanangadi,Other,Beverages,0.3,11000,11000,11000,31 Oct 2012
Kerala,Malappuram,Parappanangadi,Other,Beverages,0.5,11000,11000,11000,30 Oct 2012
Kerala,Malappuram,Parappanangadi,Other,Beverages,0.2,10000,10000,10000,29 Oct 2012
Kerala,Malappuram,Parappanangadi,Other,Beverages,0.2,10000,10500,10000,27 Oct 2012
Kerala,Malappuram,Parappanangadi,Other,Beverages,0.6,10000,10000,10000,26 Oct 2012
Kerala,Malappuram,Parappanangadi,Other,Beverages,0.5,10000,11000,10500,25 Oct 2012
Kerala,Malappuram,Parappanangadi,Other,Beverages,0.5,11000,11000,11000,24 Oct 2012
Kerala,Malappuram,Parappanangadi,Other,Beverages,0.3,10000,11000,10000,23 Oct 2012
Kerala,Malappuram,Parappanangadi,Other,Beverages,0.5,11000,11000,11000,22 Oct 2012
Kerala,Malappuram,Parappanangadi,Other,Beverages,0.2,11000,11000,11000,20 Oct 2012
Kerala,Malappuram,Parappanangadi,Other,Beverages,0.1,10000,11000,10500,19 Oct 2012
Kerala,Malappuram,Parappanangadi,Other,Beverages,0.5,10500,11000,10900,18 Oct 2012
Kerala,Malappuram,Parappanangadi,Other,Beverages,0.3,10000,10000,10000,17 Oct 2012
Kerala,Malappuram,Parappanangadi,Other,Beverages,0.2,10000,11000,10500,16 Oct 2012
Kerala,Malappuram,Parappanangadi,Other,Beverages,0.3,10000,10000,10000,15 Oct 2012
Kerala,Malappuram,Parappanangadi,Other,Beverages,0.4,10000,10000,10000,13 Oct 2012
Kerala,Malappuram,Parappanangadi,Other,Beverages,0.3,10000,10000,10000,12 Oct 2012
Kerala,Malappuram,Parappanangadi,Other,Beverages,0.3,10000,10000,10000,11 Oct 2012
Kerala,Malappuram,Parappanangadi,Other,Beverages,0.4,10000,10000,10000,10 Oct 2012
Kerala,Malappuram,Parappanangadi,Other,Beverages,0.2,10000,10000,10000,06 Oct 2012
Kerala,Malappuram,Parappanangadi,Other,Beverages,0.2,10500,11000,10500,05 Oct 2012
Kerala,Malappuram,Parappanangadi,Other,Beverages,0.3,10000,10000,10000,04 Oct 2012
Kerala,Malappuram,Parappanangadi,Other,Beverages,0.2,10500,10600,10500,02 Oct 2012
Kerala,Malappuram,Parappanangadi,Other,Beverages,0.3,10000,10000,10000,01 Oct 2012
Kerala,Malappuram,Parappanangadi,Other,Beverages,0.2,12500,13500,13000,29 Sep 2012
Kerala,Malappuram,Parappanangadi,Other,Beverages,0.3,12000,12000,12000,28 Sep 2012
Kerala,Malappuram,Parappanangadi,Other,Beverages,0.2,12500,13000,12800,27 Sep 2012
Kerala,Malappuram,Parappanangadi,Other,Beverages,0.4,12000,12000,12000,26 Sep 2012
Kerala,Malappuram,Parappanangadi,Other,Beverages,0.3,12000,12000,12000,25 Sep 2012
Kerala,Malappuram,Parappanangadi,Other,Beverages,0.1,12000,12000,12000,24 Sep 2012
Kerala,Malappuram,Parappanangadi,Other,Beverages,0.1,11000,11000,11000,22 Sep 2012
Kerala,Malappuram,Parappanangadi,Other,Beverages,0.3,10000,11000,10000,21 Sep 2012
Kerala,Malappuram,Parappanangadi,Other,Beverages,0.3,10500,11000,10600,20 Sep 2012
Kerala,Malappuram,Parappanangadi,Other,Beverages,0.3,10000,11000,10500,19 Sep 2012
Kerala,Malappuram,Parappanangadi,Other,Beverages,0.2,11000,11000,11000,12 Sep 2012
Kerala,Malappuram,Parappanangadi,Other,Beverages,0.1,21000,23000,22000,04 Sep 2012
Kerala,Malappuram,Parappanangadi,Other,Beverages,0.5,1700,1900,1800,31 Aug 2012
Kerala,Malappuram,Parappanangadi,Other,Beverages,0.2,1600,1800,1750,28 Aug 2012
Kerala,Malappuram,Parappanangadi,Other,Beverages,0.2,1200,1500,1400,25 Aug 2012
Kerala,Malappuram,Parappanangadi,Other,Beverages,0.2,12000,12000,12000,24 Aug 2012
Kerala,Malappuram,Parappanangadi,Other,Beverages,0.3,11000,11000,11000,23 Aug 2012
Kerala,Malappuram,Parappanangadi,Other,Beverages,0.2,10000,11000,10000,22 Aug 2012
Kerala,Malappuram,Parappanangadi,Other,Beverages,0.2,1000,1000,1000,21 Aug 2012
Kerala,Malappuram,Parappanangadi,Other,Beverages,0.3,1100,1300,1200,20 Aug 2012
Kerala,Malappuram,Parappanangadi,Other,Beverages,0.2,1000,1500,1400,18 Aug 2012
Kerala,Malappuram,Parappanangadi,Other,Beverages,0.3,1200,1300,1200,17 Aug 2012
Kerala,Malappuram,Parappanangadi,Other,Beverages,0.2,1000,1200,1100,16 Aug 2012
Kerala,Malappuram,Parappanangadi,Other,Beverages,0.3,1100,1400,1300,14 Aug 2012
Kerala,Malappuram,Parappanangadi,Other,Beverages,0.3,1100,1400,1250,13 Aug 2012
Kerala,Malappuram,Parappanangadi,Other,Beverages,0.4,1200,1400,1300,11 Aug 2012
Kerala,Malappuram,Parappanangadi,Other,Beverages,0.3,1200,1400,1320,09 Aug 2012
Kerala,Malappuram,Parappanangadi,Other,Beverages,1.0,10000,10000,10000,11 Jun 2012
Kerala,Malappuram,Parappanangadi,Other,Beverages,1.0,10000,10000,10000,09 Jun 2012
Kerala,Malappuram,Parappanangadi,Other,Beverages,0.2,10000,10100,10100,08 Jun 2012
Kerala,Malappuram,Parappanangadi,Other,Beverages,0.1,10000,10000,10000,07 Jun 2012
Kerala,Malappuram,Parappanangadi,Other,Beverages,0.1,10000,10000,10000,06 Jun 2012
Kerala,Malappuram,Parappanangadi,Other,Beverages,0.2,10000,10000,10000,05 Jun 2012
Kerala,Malappuram,Parappanangadi,Other,Beverages,0.2,10000,10000,10000,04 Jun 2012
Kerala,Malappuram,Parappanangadi,Other,Beverages,0.2,10000,10000,10000,02 Jun 2012
Kerala,Malappuram,Parappanangadi,Other,Beverages,0.2,10000,10000,10000,31 May 2012
Kerala,Malappuram,Parappanangadi,Other,Beverages,0.1,10000,10000,10000,30 May 2012
Kerala,Malappuram,Parappanangadi,Other,Beverages,0.2,10000,10000,10000,29 May 2012
Kerala,Malappuram,Parappanangadi,Other,Beverages,0.3,9600,9900,9800,28 May 2012
Kerala,Malappuram,Parappanangadi,Other,Beverages,0.3,9600,9900,9800,26 May 2012
Kerala,Malappuram,Parappanangadi,Other,Beverages,0.3,9600,9900,9800,14 May 2012
Kerala,Malappuram,Parappanangadi,Other,Beverages,0.2,9900,10500,10200,12 May 2012
Kerala,Malappuram,Parappanangadi,Other,Beverages,0.2,9800,9900,9900,11 May 2012
Kerala,Malappuram,Parappanangadi,Other,Beverages,0.1,9800,10000,9900,10 May 2012
Kerala,Malappuram,Parappanangadi,Other,Beverages,0.2,9800,10000,9900,03 May 2012
Kerala,Malappuram,Parappanangadi,Other,Beverages,0.1,9800,10000,9900,23 Apr 2012
Kerala,Malappuram,Parappanangadi,Other,Beverages,0.2,9000,10000,9900,21 Apr 2012
Kerala,Malappuram,Parappanangadi,Other,Beverages,0.1,9900,10000,9900,20 Apr 2012
Kerala,Malappuram,Parappanangadi,Other,Beverages,0.2,9800,10000,9900,17 Apr 2012
Kerala,Malappuram,Parappanangadi,Other,Beverages,0.2,9800,9900,9900,16 Apr 2012
Kerala,Malappuram,Parappanangadi,Other,Beverages,0.2,9900,10000,9900,13 Apr 2012
Kerala,Malappuram,Parappanangadi,Other,Beverages,0.2,9800,10000,9900,12 Apr 2012
Kerala,Malappuram,Parappanangadi,Other,Beverages,0.2,9700,10000,9800,11 Apr 2012
Kerala,Malappuram,Parappanangadi,Other,Beverages,0.2,10000,10000,10000,10 Apr 2012
Kerala,Malappuram,Parappanangadi,Other,Beverages,0.1,10000,10000,10000,09 Apr 2012
Kerala,Malappuram,Parappanangadi,Other,Beverages,0.2,10000,10200,10000,05 Apr 2012
Kerala,Malappuram,Parappanangadi,Other,Beverages,0.2,10000,10000,10000,04 Apr 2012
Kerala,Malappuram,Parappanangadi,Other,Beverages,0.2,8000,8000,8000,31 Mar 2012
Kerala,Malappuram,Parappanangadi,Other,Beverages,0.2,8000,8050,8000,30 Mar 2012
Kerala,Malappuram,Parappanangadi,Other,Beverages,0.2,8000,8000,8000,29 Mar 2012
Kerala,Malappuram,Parappanangadi,Other,Beverages,0.3,8000,8000,8000,28 Mar 2012
Kerala,Malappuram,Parappanangadi,Other,Beverages,0.2,8000,8000,8000,26 Mar 2012
Kerala,Malappuram,Parappanangadi,Other,Beverages,0.2,8000,8000,8000,24 Mar 2012
Kerala,Malappuram,Parappanangadi,Other,Beverages,0.2,8000,8000,8000,23 Mar 2012
Kerala,Malappuram,Parappanangadi,Other,Beverages,0.3,8000,8100,8000,22 Mar 2012
Kerala,Malappuram,Parappanangadi,Other,Beverages,0.2,7300,7800,7500,20 Mar 2012
Kerala,Malappuram,Parappanangadi,Other,Beverages,0.3,7200,7800,7400,19 Mar 2012
Kerala,Malappuram,Parappanangadi,Other,Beverages,0.3,7300,7900,7800,17 Mar 2012
Kerala,Malappuram,Parappanangadi,Other,Beverages,0.2,7400,7800,7600,16 Mar 2012
Kerala,Malappuram,Parappanangadi,Other,Beverages,0.2,7400,7600,7500,15 Mar 2012
Kerala,Malappuram,Parappanangadi,Other,Beverages,0.3,7500,7600,7600,14 Mar 2012
Kerala,Malappuram,Parappanangadi,Other,Beverages,0.3,7700,7900,7800,13 Mar 2012
Kerala,Malappuram,Parappanangadi,Other,Beverages,0.2,7800,8100,7900,12 Mar 2012
Kerala,Malappuram,Parappanangadi,Other,Beverages,0.3,7800,8000,8000,09 Mar 2012
Kerala,Malappuram,Parappanangadi,Other,Beverages,0.4,7800,8000,8000,08 Mar 2012
Kerala,Malappuram,Parappanangadi,Other,Beverages,0.3,7300,7500,7500,07 Mar 2012
Kerala,Malappuram,Parappanangadi,Other,Beverages,0.2,7800,8000,8000,06 Mar 2012
Kerala,Malappuram,Parappanangadi,Other,Beverages,0.4,7800,8000,7800,02 Mar 2012
Kerala,Malappuram,Parappanangadi,Other,Beverages,0.1,8000,8500,8300,01 Mar 2012
Kerala,Malappuram,Parappanangadi,Other,Beverages,0.6,7800,0,8000,29 Feb 2012
Kerala,Malappuram,Parappanangadi,Other,Beverages,0.5,7500,7800,7600,27 Feb 2012
Kerala,Malappuram,Parappanangadi,Other,Beverages,0.4,7500,8000,7800,25 Feb 2012
Kerala,Malappuram,Parappanangadi,Other,Beverages,0.5,8500,9000,9000,21 Feb 2012
Kerala,Malappuram,Parappanangadi,Other,Beverages,0.3,7500,7800,7650,14 Feb 2012
Kerala,Malappuram,Parappanangadi,Other,Beverages,0.5,7000,7500,7400,01 Feb 2012
Kerala,Malappuram,Parappanangadi,Other,Beverages,0.5,8500,10000,9700,27 Jan 2012
Kerala,Malappuram,Parappanangadi,Other,Beverages,1.0,8000,8700,8500,25 Jan 2012
Kerala,Malappuram,Parappanangadi,Other,Beverages,0.5,10000,14000,10000,18 Jan 2012
Kerala,Malappuram,Parappanangadi,Other,Beverages,0.65,10000,15000,13500,10 Mar 2011
Kerala,Malappuram,Parappanangadi,Other,Beverages,0.48,13000,14000,13500,09 Mar 2011
Kerala,Malappuram,Parappanangadi,Other,Beverages,0.44,13200,13800,13500,08 Mar 2011
Kerala,Malappuram,Parappanangadi,Other,Beverages,0.87,13500,14000,14000,06 Mar 2011
Kerala,Malappuram,Parappanangadi,Other,Beverages,0.45,12500,13800,13000,28 Feb 2011
Kerala,Malappuram,Parappanangadi,Other,Beverages,0.4,13200,14000,13500,17 Feb 2011
Kerala,Malappuram,Parappanangadi,Other,Beverages,0.5,13500,16000,14000,03 Feb 2011
Kerala,Malappuram,Parappanangadi,Other,Beverages,0.5,7500,8500,8000,22 Jan 2011
Kerala,Malappuram,Parappanangadi,Other,Beverages,0.7,8000,10000,8500,20 Jan 2011
Kerala,Malappuram,Parappanangadi,Other,Beverages,0.75,6000,10000,8000,10 Dec 2010
Kerala,Malappuram,Parappanangadi,Other,Beverages,0.7,6500,9000,7500,09 Dec 2010
Kerala,Malappuram,Parappanangadi,Other,Beverages,1.0,8000,10000,9000,29 Nov 2010
Kerala,Malappuram,Kondotty,Other,Beverages,1.0,14000,16000,15000,19 Nov 2018
Kerala,Malappuram,Kondotty,Other,Beverages,1.0,12000,14000,13000,10 Aug 2018
Kerala,Malappuram,Kondotty,Other,Beverages,5.0,13000,14000,13500,25 Jun 2018
Kerala,Malappuram,Kondotty,Other,Beverages,1.0,10000,12000,11000,10 Jan 2018
Kerala,Malappuram,Kondotty,Other,Beverages,1.0,10000,13000,11000,06 Jan 2018
Kerala,Malappuram,Kondotty,Other,Beverages,3.0,3000,3200,3100,17 Aug 2017
Kerala,Malappuram,Kondotty,Other,Beverages,4.0,3000,3200,3100,01 Aug 2017
Kerala,Malappuram,Kondotty,Other,Beverages,0.1,13000,14000,13500,13 Feb 2017
Kerala,Malappuram,Kondotty,Other,Beverages,1.0,12000,13000,12500,16 Jan 2017
Kerala,Malappuram,Kondotty,Other,Beverages,0.5,13000,13400,13200,15 Aug 2016
Kerala,Malappuram,Kondotty,Other,Beverages,0.5,13000,14000,13500,08 Aug 2016
Kerala,Malappuram,Kondotty,Other,Beverages,2.0,13000,13200,13100,27 Jun 2016
Kerala,Malappuram,Kondotty,Other,Beverages,0.5,13000,15000,14000,18 Jun 2016
Kerala,Malappuram,Kondotty,Other,Beverages,4.0,3500,3700,3600,01 Jun 2016
Kerala,Malappuram,Kondotty,Other,Beverages,0.5,12500,13005,13000,06 Feb 2016
Kerala,Malappuram,Kondotty,Other,Beverages,1.0,11000,14000,12000,26 Oct 2015
Kerala,Malappuram,Kondotty,Other,Beverages,0.25,13000,13200,13100,25 Aug 2015
Kerala,Malappuram,Kondotty,Other,Beverages,0.5,13000,14000,13500,18 Aug 2015
Kerala,Malappuram,Kondotty,Other,Beverages,0.5,13000,15000,14000,12 Aug 2015
Kerala,Malappuram,Kondotty,Other,Beverages,0.35,13000,14000,13500,25 Jul 2015
Kerala,Malappuram,Kondotty,Other,Beverages,0.8,13500,15000,14000,24 Jul 2015
Kerala,Malappuram,Kondotty,Other,Beverages,0.8,13500,15000,14000,22 Jul 2015
Kerala,Malappuram,Kondotty,Other,Beverages,0.5,13500,14500,14000,21 Jul 2015
Kerala,Malappuram,Kondotty,Other,Beverages,0.5,14500,15500,15000,20 Jul 2015
Kerala,Malappuram,Kondotty,Other,Beverages,0.5,13500,14500,14000,17 Jul 2015
Kerala,Malappuram,Kondotty,Other,Beverages,0.5,15000,15200,15100,16 Jul 2015
Kerala,Malappuram,Kondotty,Other,Beverages,0.5,12000,13000,12500,09 Jul 2015
Kerala,Malappuram,Kondotty,Other,Beverages,0.15,12000,13000,12500,06 Jul 2015
Kerala,Malappuram,Kondotty,Other,Beverages,0.25,12000,14000,13000,04 Jul 2015
Kerala,Malappuram,Kondotty,Other,Beverages,0.5,12000,13000,12500,03 Jul 2015
Kerala,Malappuram,Kondotty,Other,Beverages,1.0,12000,13000,12500,01 Jul 2015
Kerala,Malappuram,Kondotty,Other,Beverages,1.0,12000,13000,12500,30 Jun 2015
Kerala,Malappuram,Kondotty,Other,Beverages,0.25,12000,14000,13000,29 Jun 2015
Kerala,Malappuram,Kondotty,Other,Beverages,0.5,12000,13000,12500,26 Jun 2015
Kerala,Malappuram,Kondotty,Other,Beverages,0.5,12000,13000,12500,25 Jun 2015
Kerala,Malappuram,Kondotty,Other,Beverages,0.5,12000,14000,13000,24 Jun 2015
Kerala,Malappuram,Kondotty,Other,Beverages,0.5,13000,16000,14500,22 Jun 2015
Kerala,Malappuram,Kondotty,Other,Beverages,0.5,9000,11000,10000,19 Jun 2015
Kerala,Malappuram,Kondotty,Other,Beverages,0.25,10000,10200,10100,17 Jun 2015
Kerala,Malappuram,Kondotty,Other,Beverages,0.25,12000,12200,12100,16 Jun 2015
Kerala,Malappuram,Kondotty,Other,Beverages,1.0,12000,12200,12100,15 Jun 2015
Kerala,Malappuram,Kondotty,Other,Beverages,0.1,11000,13000,12000,12 Jun 2015
Kerala,Malappuram,Kondotty,Other,Beverages,0.1,12000,14000,13000,11 Jun 2015
Kerala,Malappuram,Kondotty,Other,Beverages,1.0,12000,14000,13000,10 Jun 2015
Kerala,Malappuram,Kondotty,Other,Beverages,0.25,8000,9000,8500,09 Jun 2015
Kerala,Malappuram,Kondotty,Other,Beverages,0.15,8500,9500,9000,08 Jun 2015
Kerala,Malappuram,Kondotty,Other,Beverages,0.2,8000,10000,9000,06 Jun 2015
Kerala,Alappuzha,Harippad,Other,Beverages,1.0,12900,13900,13500,14 Dec 2012
Kerala,Alappuzha,Harippad,Other,Beverages,1.0,12500,13800,13500,13 Dec 2012
Kerala,Alappuzha,Harippad,Other,Beverages,0.5,12800,13800,13800,11 Dec 2012
Kerala,Alappuzha,Harippad,Other,Beverages,0.5,12800,13800,13800,10 Dec 2012
Kerala,Alappuzha,Harippad,Other,Beverages,0.5,12500,14000,13500,09 Dec 2012
Kerala,Alappuzha,Harippad,Other,Beverages,1.0,12500,13500,12500,07 Dec 2012
Kerala,Alappuzha,Harippad,Other,Beverages,0.5,12500,13500,13500,06 Dec 2012
Kerala,Alappuzha,Harippad,Other,Beverages,10000.0,10000,11000,10500,20 Nov 2010
Kerala,Alappuzha,Harippad,Other,Beverages,0.05,9300,10500,9900,22 Apr 2010
Kerala,Alappuzha,Harippad,Other,Beverages,1.0,0,0,10000,23 Jan 2010
Kerala,Alappuzha,Harippad,Other,Beverages,1.0,0,0,11500,28 Dec 2009
Kerala,Alappuzha,Harippad,Other,Beverages,1.0,0,0,1010,16 Nov 2009
Kerala,Idukki,Vandiperiyar,Other,Beverages,0.5,20000,20000,20000,30 Jul 2014
Kerala,Idukki,Vandiperiyar,Other,Beverages,1.0,16000,20000,20000,23 Jul 2014
Kerala,Idukki,Vandiperiyar,Other,Beverages,3.0,20000,21000,20000,14 Jul 2014
Kerala,Idukki,Vandiperiyar,Other,Beverages,2.0,21000,21000,21000,09 Jul 2014
Kerala,Idukki,Vandiperiyar,Other,Beverages,5.0,20000,21500,21000,18 Jun 2014
Kerala,Idukki,Vandiperiyar,Other,Beverages,2.0,17000,18000,17000,11 Jun 2014
Kerala,Idukki,Vandiperiyar,Other,Beverages,2.0,19000,21000,20000,04 Jun 2014
Kerala,Idukki,Vandiperiyar,Other,Beverages,10.0,19500,21000,20000,21 May 2014
Kerala,Idukki,Vandiperiyar,Other,Beverages,2.0,20800,21000,20900,19 May 2014
Kerala,Idukki,Vandiperiyar,Other,Beverages,2.0,20800,21000,20900,14 May 2014
Kerala,Idukki,Vandiperiyar,Other,Beverages,3.0,21000,21200,21100,07 May 2014
Kerala,Idukki,Vandiperiyar,Other,Beverages,0.5,21200,21500,21300,23 Apr 2014
Kerala,Idukki,Vandiperiyar,Other,Beverages,2.0,21000,21200,21100,09 Apr 2014
Kerala,Idukki,Vandiperiyar,Other,Beverages,2.0,20000,21000,21000,31 Mar 2014
Kerala,Idukki,Vandiperiyar,Other,Beverages,1.0,20000,20500,20300,26 Mar 2014
Kerala,Idukki,Vandiperiyar,Other,Beverages,2.0,19950,20000,19950,24 Mar 2014
Kerala,Idukki,Vandiperiyar,Other,Beverages,2.0,19900,20000,19950,19 Mar 2014
Kerala,Idukki,Vandiperiyar,Other,Beverages,10.0,19800,20000,20000,17 Mar 2014
Kerala,Idukki,Vandiperiyar,Other,Beverages,2.0,20400,20600,20500,12 Mar 2014
Kerala,Idukki,Vandiperiyar,Other,Beverages,5.5,20000,21800,21000,10 Mar 2014
Kerala,Idukki,Vandiperiyar,Other,Beverages,8.0,21300,21400,21300,05 Mar 2014
Kerala,Idukki,Vandiperiyar,Other,Beverages,4.0,22400,22500,22400,03 Mar 2014
Kerala,Idukki,Vandiperiyar,Other,Beverages,4.0,21900,22000,22000,26 Feb 2014
Kerala,Idukki,Vandiperiyar,Other,Beverages,1.0,21950,22000,22000,24 Feb 2014
Kerala,Idukki,Vandiperiyar,Other,Beverages,5.0,20900,21000,20900,19 Feb 2014
Kerala,Idukki,Vandiperiyar,Other,Beverages,2.5,20950,21000,21000,17 Feb 2014
Kerala,Idukki,Vandiperiyar,Other,Beverages,5.0,19950,20000,20000,12 Feb 2014
Kerala,Idukki,Vandiperiyar,Other,Beverages,2.0,18950,19000,19000,10 Feb 2014
Kerala,Idukki,Vandiperiyar,Other,Beverages,3.0,19900,20000,20000,23 Jan 2014
Kerala,Idukki,Vandiperiyar,Other,Beverages,1.0,18450,18500,18450,20 Jan 2014
Kerala,Idukki,Vandiperiyar,Other,Beverages,4.0,17900,18000,17900,16 Jan 2014
Tripura,Sepahijala,Bishalgarh,Assam C.T.C. Leaf,Beverages,0.02,8000,16000,14000,02 Dec 2002
Tripura,Sepahijala,Bishalgarh,Other,Beverages,0.02,7000,14000,12000,02 Dec 2002
Tripura,Sepahijala,Bishalgarh,Assam C.T.C. Leaf,Beverages,0.02,8000,14000,12000,23 Nov 2002
Tripura,Sepahijala,Bishalgarh,Other,Beverages,0.02,6000,11000,10000,23 Nov 2002
Tripura,Sepahijala,Bishalgarh,Assam C.T.C. Leaf,Beverages,0.02,8000,14000,12000,11 Nov 2002
Tripura,Sepahijala,Bishalgarh,Other,Beverages,0.02,6000,11000,10000,11 Nov 2002
Tripura,Sepahijala,Bishalgarh,Assam C.T.C. Leaf,Beverages,0.01,8000,14000,12000,07 Nov 2002
Tripura,Sepahijala,Bishalgarh,Other,Beverages,0.01,6000,11000,10000,07 Nov 2002
Tripura,Sepahijala,Bishalgarh,Assam C.T.C. Leaf,Beverages,0.02,8000,14000,12000,06 Nov 2002
Tripura,Sepahijala,Bishalgarh,Other,Beverages,0.02,5000,11000,10000,06 Nov 2002
Tripura,Sepahijala,Bishalgarh,Assam C.T.C. Leaf,Beverages,0.01,7500,14000,12000,05 Nov 2002
Tripura,Sepahijala,Bishalgarh,Other,Beverages,0.01,5000,11000,10000,05 Nov 2002
Tripura,Sepahijala,Bishalgarh,Assam C.T.C. Leaf,Beverages,0.03,8000,14000,12000,02 Nov 2002
Tripura,Sepahijala,Bishalgarh,Other,Beverages,0.03,6000,11000,10000,02 Nov 2002
Tripura,Sepahijala,Bishalgarh,Assam C.T.C. Leaf,Beverages,0.02,8000,14000,12000,31 Oct 2002
Tripura,Sepahijala,Bishalgarh,Other,Beverages,0.02,6000,11000,10000,31 Oct 2002
Tripura,Sepahijala,Bishalgarh,Assam C.T.C. Leaf,Beverages,0.02,8000,14000,12000,30 Oct 2002
Tripura,Sepahijala,Bishalgarh,Other,Beverages,0.02,6000,10000,9000,30 Oct 2002
Tripura,Sepahijala,Bishalgarh,Assam C.T.C. Leaf,Beverages,0.02,8000,14000,12000,29 Oct 2002
Tripura,Sepahijala,Bishalgarh,Other,Beverages,0.02,6000,10000,9000,29 Oct 2002
Tripura,Sepahijala,Bishalgarh,Assam C.T.C. Leaf,Beverages,0.02,7500,12000,10000,28 Oct 2002
Tripura,Sepahijala,Bishalgarh,Other,Beverages,0.02,5000,9000,8000,28 Oct 2002
Tripura,Sepahijala,Bishalgarh,Assam C.T.C. Leaf,Beverages,0.03,8000,14000,12000,26 Oct 2002
Tripura,Sepahijala,Bishalgarh,Other,Beverages,0.03,6000,11000,10000,26 Oct 2002
Tripura,Sepahijala,Bishalgarh,Assam C.T.C. Leaf,Beverages,0.01,8000,14000,12000,25 Oct 2002
Tripura,Sepahijala,Bishalgarh,Other,Beverages,0.01,6000,11000,10000,25 Oct 2002
Tripura,Sepahijala,Bishalgarh,Assam C.T.C. Leaf,Beverages,0.02,8000,14000,12000,24 Oct 2002
Tripura,Sepahijala,Bishalgarh,Other,Beverages,0.02,6000,10000,9000,24 Oct 2002
Tripura,Sepahijala,Bishalgarh,Assam C.T.C. Leaf,Beverages,0.02,8000,14000,12000,23 Oct 2002
Tripura,Sepahijala,Bishalgarh,Other,Beverages,0.02,6000,11000,10000,23 Oct 2002
Tripura,Sepahijala,Bishalgarh,Assam C.T.C. Leaf,Beverages,0.02,8000,14000,12000,22 Oct 2002
Tripura,Sepahijala,Bishalgarh,Other,Beverages,0.02,6000,11000,10000,22 Oct 2002
Tripura,Sepahijala,Bishalgarh,Assam C.T.C. Leaf,Beverages,0.01,7500,14000,12000,21 Oct 2002
Tripura,Sepahijala,Bishalgarh,Other,Beverages,0.01,6000,11000,10000,21 Oct 2002
Tripura,Sepahijala,Bishalgarh,Assam C.T.C. Leaf,Beverages,0.03,8000,14000,12000,11 Oct 2002
Tripura,Sepahijala,Bishalgarh,Other,Beverages,0.03,5000,10000,9000,11 Oct 2002
Tripura,Sepahijala,Bishalgarh,Assam C.T.C. Leaf,Beverages,0.01,7500,14000,12000,10 Oct 2002
Tripura,Sepahijala,Bishalgarh,Other,Beverages,0.01,5000,9000,8000,10 Oct 2002
Tripura,Sepahijala,Bishalgarh,Assam C.T.C. Leaf,Beverages,0.02,8000,14000,12000,07 Oct 2002
Tripura,Sepahijala,Bishalgarh,Other,Beverages,0.02,6000,10000,9000,07 Oct 2002
Tripura,Sepahijala,Bishalgarh,Assam C.T.C. Leaf,Beverages,0.03,8000,12000,10000,05 Oct 2002
Tripura,Sepahijala,Bishalgarh,Other,Beverages,0.03,6000,9000,8000,05 Oct 2002
Tripura,Sepahijala,Bishalgarh,Assam C.T.C. Leaf,Beverages,0.02,8000,12000,10000,04 Oct 2002
Tripura,Sepahijala,Bishalgarh,Other,Beverages,0.02,6000,10000,9000,04 Oct 2002
Tripura,Sepahijala,Bishalgarh,Assam C.T.C. Leaf,Beverages,0.02,7500,12000,9000,03 Oct 2002
Tripura,Sepahijala,Bishalgarh,Other,Beverages,0.02,5000,9000,7000,03 Oct 2002
Tripura,Sepahijala,Bishalgarh,Assam C.T.C. Leaf,Beverages,0.02,7500,12000,9000,01 Oct 2002
Tripura,Sepahijala,Bishalgarh,Other,Beverages,0.02,5000,8000,7000,01 Oct 2002
Tripura,Sepahijala,Bishalgarh,Assam C.T.C. Leaf,Beverages,0.02,8000,14000,10000,30 Sep 2002
Tripura,Sepahijala,Bishalgarh,Other,Beverages,0.02,5000,10000,9000,30 Sep 2002
Tripura,Sepahijala,Bishalgarh,Assam C.T.C. Leaf,Beverages,0.02,8000,14000,12000,27 Sep 2002
Tripura,Sepahijala,Bishalgarh,Other,Beverages,0.02,6000,10000,9000,27 Sep 2002
Tripura,Sepahijala,Bishalgarh,Assam C.T.C. Leaf,Beverages,0.02,8000,14000,12000,26 Sep 2002
Tripura,Sepahijala,Bishalgarh,Other,Beverages,0.02,5000,10000,8000,26 Sep 2002
Tripura,Sepahijala,Bishalgarh,Assam C.T.C. Leaf,Beverages,0.02,8000,12000,10000,25 Sep 2002
Tripura,Sepahijala,Bishalgarh,Other,Beverages,0.02,5000,10000,9000,25 Sep 2002
Tripura,Sepahijala,Bishalgarh,Assam C.T.C. Leaf,Beverages,0.02,8000,12000,10000,24 Sep 2002
Tripura,Sepahijala,Bishalgarh,Other,Beverages,0.02,5000,10000,9000,24 Sep 2002
Tripura,Sepahijala,Bishalgarh,Assam C.T.C. Leaf,Beverages,0.02,8000,14000,12000,23 Sep 2002
Tripura,Sepahijala,Bishalgarh,Other,Beverages,0.02,6000,10000,9000,23 Sep 2002
Tripura,Sepahijala,Bishalgarh,Assam C.T.C. Leaf,Beverages,0.04,8000,16000,12000,21 Sep 2002
Tripura,Sepahijala,Bishalgarh,Other,Beverages,0.04,5000,14000,9000,21 Sep 2002
Tripura,Sepahijala,Bishalgarh,Assam C.T.C. Leaf,Beverages,0.02,8000,14000,12000,18 Sep 2002
Tripura,Sepahijala,Bishalgarh,Other,Beverages,0.02,6000,10000,9000,18 Sep 2002
Tripura,Sepahijala,Bishalgarh,Assam C.T.C. Leaf,Beverages,0.01,10000,14000,12000,17 Sep 2002
Tripura,Sepahijala,Bishalgarh,Other,Beverages,0.01,5000,10000,9000,17 Sep 2002
Tripura,Sepahijala,Bishalgarh,Assam C.T.C. Leaf,Beverages,0.02,10000,14000,12000,16 Sep 2002
Tripura,Sepahijala,Bishalgarh,Other,Beverages,0.02,5000,9000,7000,16 Sep 2002
Tripura,Sepahijala,Bishalgarh,Assam C.T.C. Leaf,Beverages,0.03,8000,14000,12000,13 Sep 2002
Tripura,Sepahijala,Bishalgarh,Other,Beverages,0.03,5000,10000,9000,13 Sep 2002
Tripura,Sepahijala,Bishalgarh,Assam C.T.C. Leaf,Beverages,0.02,9000,12000,10000,12 Sep 2002
Tripura,Sepahijala,Bishalgarh,Other,Beverages,0.02,5000,10000,8000,12 Sep 2002
Tripura,Sepahijala,Bishalgarh,Assam C.T.C. Leaf,Beverages,0.01,8000,14000,12000,11 Sep 2002
Tripura,Sepahijala,Bishalgarh,Other,Beverages,0.01,6000,11000,10000,11 Sep 2002
Tripura,Sepahijala,Bishalgarh,Assam C.T.C. Leaf,Beverages,0.03,8000,12000,10000,10 Sep 2002
Tripura,Sepahijala,Bishalgarh,Other,Beverages,0.03,5000,8000,7000,10 Sep 2002
Tripura,Sepahijala,Bishalgarh,Assam C.T.C. Leaf,Beverages,0.02,7500,12000,10000,09 Sep 2002
Tripura,Sepahijala,Bishalgarh,Other,Beverages,0.02,5000,8000,7000,09 Sep 2002
Tripura,Sepahijala,Bishalgarh,Assam C.T.C. Leaf,Beverages,0.04,8000,14000,12000,07 Sep 2002
Tripura,Sepahijala,Bishalgarh,Other,Beverages,0.04,5000,10000,9000,07 Sep 2002
Tripura,Sepahijala,Bishalgarh,Assam C.T.C. Leaf,Beverages,0.03,7500,14000,12000,06 Sep 2002
Tripura,Sepahijala,Bishalgarh,Other,Beverages,0.03,5000,9000,8000,06 Sep 2002
Tripura,Sepahijala,Bishalgarh,Assam C.T.C. Leaf,Beverages,0.02,8000,12000,10000,05 Sep 2002
Tripura,Sepahijala,Bishalgarh,Other,Beverages,0.02,5000,9000,8000,05 Sep 2002
Tripura,Sepahijala,Bishalgarh,Assam C.T.C. Leaf,Beverages,0.03,8000,14000,10000,04 Sep 2002
Tripura,Sepahijala,Bishalgarh,Other,Beverages,0.03,5000,8000,7000,04 Sep 2002
Tripura,Sepahijala,Bishalgarh,Assam C.T.C. Leaf,Beverages,0.02,8000,12000,10000,03 Sep 2002
Tripura,Sepahijala,Bishalgarh,Other,Beverages,0.02,5000,9000,8000,03 Sep 2002
Tripura,Sepahijala,Bishalgarh,Assam C.T.C. Leaf,Beverages,0.03,7500,12000,10000,02 Sep 2002
Tripura,Sepahijala,Bishalgarh,Other,Beverages,0.03,5000,8000,7000,02 Sep 2002
Tripura,Sepahijala,Bishalgarh,Assam C.T.C. Leaf,Beverages,0.02,8000,12000,10000,29 Aug 2002
Tripura,Sepahijala,Bishalgarh,Other,Beverages,0.02,5000,9000,8000,29 Aug 2002
Tripura,Sepahijala,Bishalgarh,Assam C.T.C. Leaf,Beverages,0.03,8000,12000,10000,28 Aug 2002
Tripura,Sepahijala,Bishalgarh,Other,Beverages,0.03,5000,9000,7000,28 Aug 2002
Tripura,Sepahijala,Bishalgarh,Assam C.T.C. Leaf,Beverages,0.03,8000,12000,10000,27 Aug 2002
Tripura,Sepahijala,Bishalgarh,Other,Beverages,0.03,5000,9000,7000,27 Aug 2002
Tripura,Sepahijala,Bishalgarh,Assam C.T.C. Leaf,Beverages,0.04,8000,12000,10000,24 Aug 2002
Tripura,Sepahijala,Bishalgarh,Other,Beverages,0.04,5000,9000,7000,24 Aug 2002
Tripura,Sepahijala,Bishalgarh,Assam C.T.C. Leaf,Beverages,0.02,8000,12000,10000,23 Aug 2002
Tripura,Sepahijala,Bishalgarh,Other,Beverages,0.02,5000,8000,7000,23 Aug 2002
Tripura,Sepahijala,Bishalgarh,Assam C.T.C. Leaf,Beverages,0.02,8000,12000,10000,22 Aug 2002
Tripura,Sepahijala,Bishalgarh,Other,Beverages,0.02,4500,8000,7000,22 Aug 2002
Tripura,Sepahijala,Bishalgarh,Assam C.T.C. Leaf,Beverages,0.03,7500,12000,10000,20 Aug 2002
Tripura,Sepahijala,Bishalgarh,Other,Beverages,0.03,5000,9000,8000,20 Aug 2002
Tripura,Sepahijala,Bishalgarh,Assam C.T.C. Leaf,Beverages,0.02,7500,12000,10000,19 Aug 2002
Tripura,Sepahijala,Bishalgarh,Other,Beverages,0.02,5000,9000,8000,19 Aug 2002
Tripura,Sepahijala,Bishalgarh,Assam C.T.C. Leaf,Beverages,0.03,8000,12000,10000,17 Aug 2002
Tripura,Sepahijala,Bishalgarh,Other,Beverages,0.03,5000,9000,7000,17 Aug 2002
Tripura,Sepahijala,Bishalgarh,Assam C.T.C. Leaf,Beverages,0.03,8000,14000,12000,13 Aug 2002
Tripura,Sepahijala,Bishalgarh,Other,Beverages,0.03,5000,11000,10000,13 Aug 2002
Tripura,Sepahijala,Bishalgarh,Assam C.T.C. Leaf,Beverages,0.02,8000,12000,10000,12 Aug 2002
Tripura,Sepahijala,Bishalgarh,Other,Beverages,0.02,5000,10000,9000,12 Aug 2002
Tripura,Sepahijala,Bishalgarh,Assam C.T.C. Leaf,Beverages,0.03,8000,12000,10000,09 Aug 2002
Tripura,Sepahijala,Bishalgarh,Other,Beverages,0.03,6000,9000,8000,09 Aug 2002
Tripura,Sepahijala,Bishalgarh,Assam C.T.C. Leaf,Beverages,0.01,8000,12000,10000,08 Aug 2002
Tripura,Sepahijala,Bishalgarh,Other,Beverages,0.01,6000,9000,8000,08 Aug 2002
Tripura,Sepahijala,Bishalgarh,Assam C.T.C. Leaf,Beverages,0.02,8000,12000,10000,07 Aug 2002
Tripura,Sepahijala,Bishalgarh,Other,Beverages,0.02,6000,9000,8000,07 Aug 2002
Tripura,Sepahijala,Bishalgarh,Assam C.T.C. Leaf,Beverages,0.03,8000,12000,10000,05 Aug 2002
Tripura,Sepahijala,Bishalgarh,Other,Beverages,0.03,5000,9000,8000,05 Aug 2002
Tripura,Sepahijala,Bishalgarh,Assam C.T.C. Leaf,Beverages,0.04,8000,12000,10000,02 Aug 2002
Tripura,Sepahijala,Bishalgarh,Other,Beverages,0.04,5000,10000,9000,02 Aug 2002
Tripura,Sepahijala,Bishalgarh,Assam C.T.C. Leaf,Beverages,0.03,8000,12000,9000,01 Aug 2002
Tripura,Sepahijala,Bishalgarh,Other,Beverages,0.03,5000,9000,8000,01 Aug 2002
Tripura,Sepahijala,Bishalgarh,Assam C.T.C. Leaf,Beverages,0.02,8000,12000,10000,31 Jul 2002
Tripura,Sepahijala,Bishalgarh,Other,Beverages,0.02,5000,9000,8000,31 Jul 2002
Tripura,Sepahijala,Bishalgarh,Assam C.T.C. Leaf,Beverages,0.03,8000,12000,10000,30 Jul 2002
Tripura,Sepahijala,Bishalgarh,Other,Beverages,0.03,5000,9000,8000,30 Jul 2002
Tripura,Sepahijala,Bishalgarh,Assam C.T.C. Leaf,Beverages,0.02,8000,12000,10000,29 Jul 2002
Tripura,Sepahijala,Bishalgarh,Other,Beverages,0.02,5000,9000,8000,29 Jul 2002
Tripura,Sepahijala,Bishalgarh,Assam C.T.C. Leaf,Beverages,0.04,8000,12000,10000,27 Jul 2002
Tripura,Sepahijala,Bishalgarh,Other,Beverages,0.04,5000,9000,8000,27 Jul 2002
Tripura,Sepahijala,Bishalgarh,Assam C.T.C. Leaf,Beverages,0.03,8000,12000,10000,26 Jul 2002
Tripura,Sepahijala,Bishalgarh,Other,Beverages,0.03,5000,8000,7000,26 Jul 2002
Tripura,Sepahijala,Bishalgarh,Assam C.T.C. Leaf,Beverages,0.02,8000,10000,9000,25 Jul 2002
Tripura,Sepahijala,Bishalgarh,Other,Beverages,0.02,5000,9000,7000,25 Jul 2002
Tripura,Sepahijala,Bishalgarh,Assam C.T.C. Leaf,Beverages,0.01,7500,12000,10000,24 Jul 2002
Tripura,Sepahijala,Bishalgarh,Other,Beverages,0.01,5000,10000,8000,24 Jul 2002
Tripura,Sepahijala,Bishalgarh,Assam C.T.C. Leaf,Beverages,0.01,7000,10000,8000,23 Jul 2002
Tripura,Sepahijala,Bishalgarh,Other,Beverages,0.01,4500,8000,7000,23 Jul 2002
Tripura,Sepahijala,Bishalgarh,Assam C.T.C. Leaf,Beverages,0.02,7000,10000,8000,22 Jul 2002
Tripura,Sepahijala,Bishalgarh,Other,Beverages,0.02,4500,8000,7000,22 Jul 2002
Tripura,Sepahijala,Bishalgarh,Assam C.T.C. Leaf,Beverages,0.04,7500,10000,8000,20 Jul 2002
Tripura,Sepahijala,Bishalgarh,Other,Beverages,0.04,4500,8000,7000,20 Jul 2002
Tripura,Sepahijala,Bishalgarh,Assam C.T.C. Leaf,Beverages,0.03,7500,10000,9000,19 Jul 2002
Tripura,Sepahijala,Bishalgarh,Other,Beverages,0.03,5000,8000,7000,19 Jul 2002
Tripura,Sepahijala,Bishalgarh,Assam C.T.C. Leaf,Beverages,0.02,7000,10000,8000,18 Jul 2002
Tripura,Sepahijala,Bishalgarh,Other,Beverages,0.02,4500,8000,7000,18 Jul 2002
Tripura,Sepahijala,Bishalgarh,Assam C.T.C. Leaf,Beverages,0.02,7000,10000,8000,16 Jul 2002
Tripura,Sepahijala,Bishalgarh,Other,Beverages,0.02,5000,9000,7000,16 Jul 2002
Tripura,Sepahijala,Bishalgarh,Assam C.T.C. Leaf,Beverages,0.03,8000,12000,9000,15 Jul 2002
Tripura,Sepahijala,Bishalgarh,Other,Beverages,0.03,6000,10000,8000,15 Jul 2002
Tripura,Sepahijala,Bishalgarh,Assam C.T.C. Leaf,Beverages,0.02,7000,10000,8000,12 Jul 2002
Tripura,Sepahijala,Bishalgarh,Other,Beverages,0.02,5000,9000,7000,12 Jul 2002
Tripura,Sepahijala,Bishalgarh,Assam C.T.C. Leaf,Beverages,0.02,7000,10000,9000,11 Jul 2002
Tripura,Sepahijala,Bishalgarh,Other,Beverages,0.02,5000,8000,7000,11 Jul 2002
Tripura,Sepahijala,Bishalgarh,Assam C.T.C. Leaf,Beverages,0.03,7000,10000,9000,10 Jul 2002
Tripura,Sepahijala,Bishalgarh,Other,Beverages,0.03,5000,9000,8000,10 Jul 2002
Tripura,Sepahijala,Bishalgarh,Assam C.T.C. Leaf,Beverages,0.02,7000,10000,9000,09 Jul 2002
Tripura,Sepahijala,Bishalgarh,Other,Beverages,0.02,5000,9000,8000,09 Jul 2002
Tripura,Sepahijala,Bishalgarh,Assam C.T.C. Leaf,Beverages,0.02,8000,12000,10000,08 Jul 2002
Tripura,Sepahijala,Bishalgarh,Other,Beverages,0.02,5000,9000,7000,08 Jul 2002
Tripura,Sepahijala,Bishalgarh,Assam C.T.C. Leaf,Beverages,0.05,7000,10000,8000,06 Jul 2002
Tripura,Sepahijala,Bishalgarh,Other,Beverages,0.05,5000,9000,7000,06 Jul 2002
Tripura,Sepahijala,Bishalgarh,Assam C.T.C. Leaf,Beverages,0.04,7000,12000,10000,05 Jul 2002
Tripura,Sepahijala,Bishalgarh,Other,Beverages,0.04,5000,10000,8000,05 Jul 2002
Tripura,Sepahijala,Bishalgarh,Assam C.T.C. Leaf,Beverages,0.03,7000,12000,10000,04 Jul 2002
Tripura,Sepahijala,Bishalgarh,Other,Beverages,0.03,5000,10000,8000,04 Jul 2002
Tripura,Sepahijala,Bishalgarh,Assam C.T.C. Leaf,Beverages,0.04,7500,10000,8000,03 Jul 2002
Tripura,Sepahijala,Bishalgarh,Other,Beverages,0.04,5000,9000,7000,03 Jul 2002
Tripura,Sepahijala,Bishalgarh,Assam C.T.C. Leaf,Beverages,0.04,7500,10000,8000,02 Jul 2002
Tripura,Sepahijala,Bishalgarh,Other,Beverages,0.04,5000,9000,7000,02 Jul 2002
Tripura,Sepahijala,Bishalgarh,Assam C.T.C. Leaf,Beverages,0.03,7000,10000,8000,01 Jul 2002
Tripura,Sepahijala,Bishalgarh,Other,Beverages,0.03,5000,8000,7000,01 Jul 2002
Tripura,Sepahijala,Bishalgarh,Assam C.T.C. Leaf,Beverages,0.04,7000,10000,8000,29 Jun 2002
Tripura,Sepahijala,Bishalgarh,Other,Beverages,0.04,5000,8000,7000,29 Jun 2002
Tripura,Sepahijala,Bishalgarh,Assam C.T.C. Leaf,Beverages,0.03,7000,10000,8000,28 Jun 2002
Tripura,Sepahijala,Bishalgarh,Other,Beverages,0.03,5000,8000,7000,28 Jun 2002
Tripura,Sepahijala,Bishalgarh,Assam C.T.C. Leaf,Beverages,0.03,8000,12000,10000,25 Jun 2002
Tripura,Sepahijala,Bishalgarh,Other,Beverages,0.03,6000,9000,8000,25 Jun 2002
Tripura,Sepahijala,Bishalgarh,Assam C.T.C. Leaf,Beverages,0.02,8000,12000,10000,24 Jun 2002
Tripura,Sepahijala,Bishalgarh,Other,Beverages,0.02,6000,9000,8000,24 Jun 2002
Tripura,Sepahijala,Bishalgarh,Assam C.T.C. Leaf,Beverages,0.03,8000,14000,12000,22 Jun 2002
Tripura,Sepahijala,Bishalgarh,Other,Beverages,0.03,6000,11000,10000,22 Jun 2002
Tripura,Sepahijala,Bishalgarh,Assam C.T.C. Leaf,Beverages,0.03,8000,12000,10000,21 Jun 2002
Tripura,Sepahijala,Bishalgarh,Other,Beverages,0.03,5000,10000,8000,21 Jun 2002
Tripura,Sepahijala,Bishalgarh,Assam C.T.C. Leaf,Beverages,0.02,9000,14000,12000,20 Jun 2002
Tripura,Sepahijala,Bishalgarh,Other,Beverages,0.02,6000,10000,8000,20 Jun 2002
Tripura,Sepahijala,Bishalgarh,Assam C.T.C. Leaf,Beverages,0.03,8000,12000,10000,19 Jun 2002
Tripura,Sepahijala,Bishalgarh,Other,Beverages,0.03,6000,10000,8000,19 Jun 2002
Tripura,Sepahijala,Bishalgarh,Assam C.T.C. Leaf,Beverages,0.03,8000,12000,10000,18 Jun 2002
Tripura,Sepahijala,Bishalgarh,Other,Beverages,0.03,6000,10000,8000,18 Jun 2002
Tripura,Sepahijala,Bishalgarh,Assam C.T.C. Leaf,Beverages,0.02,8000,12000,10000,17 Jun 2002
Tripura,Sepahijala,Bishalgarh,Other,Beverages,0.02,5000,10000,8000,17 Jun 2002
Tripura,Sepahijala,Bishalgarh,Assam C.T.C. Leaf,Beverages,0.04,8000,12000,10000,15 Jun 2002
Tripura,Sepahijala,Bishalgarh,Other,Beverages,0.04,6000,10000,8000,15 Jun 2002
Tripura,Sepahijala,Bishalgarh,Assam C.T.C. Leaf,Beverages,0.02,7500,10000,9000,14 Jun 2002
Tripura,Sepahijala,Bishalgarh,Other,Beverages,0.02,5000,9000,8000,14 Jun 2002
Tripura,Sepahijala,Bishalgarh,Assam C.T.C. Leaf,Beverages,0.01,8000,12000,10000,13 Jun 2002
Tripura,Sepahijala,Bishalgarh,Other,Beverages,0.01,5000,10000,8000,13 Jun 2002
Tripura,Sepahijala,Bishalgarh,Assam C.T.C. Leaf,Beverages,0.03,7500,10000,9000,12 Jun 2002
Tripura,Sepahijala,Bishalgarh,Other,Beverages,0.03,5000,9000,8000,12 Jun 2002
Tripura,Sepahijala,Bishalgarh,Assam C.T.C. Leaf,Beverages,0.03,7500,10000,9000,11 Jun 2002
Tripura,Sepahijala,Bishalgarh,Other,Beverages,0.03,5000,9000,8000,11 Jun 2002
Tripura,Sepahijala,Bishalgarh,Assam C.T.C. Leaf,Beverages,0.02,9000,14000,12000,10 Jun 2002
Tripura,Sepahijala,Bishalgarh,Other,Beverages,0.02,4000,10000,8000,10 Jun 2002
Tripura,Sepahijala,Bishalgarh,Assam C.T.C. Leaf,Beverages,0.03,10000,14000,12000,07 Jun 2002
Tripura,Sepahijala,Bishalgarh,Other,Beverages,0.03,6000,11000,10000,07 Jun 2002
Tripura,Sepahijala,Bishalgarh,Assam C.T.C. Leaf,Beverages,0.02,10000,14000,12000,06 Jun 2002
Tripura,Sepahijala,Bishalgarh,Other,Beverages,0.02,6000,11000,10000,06 Jun 2002
Tripura,Sepahijala,Bishalgarh,Assam C.T.C. Leaf,Beverages,0.03,10000,14000,12000,05 Jun 2002
Tripura,Sepahijala,Bishalgarh,Other,Beverages,0.03,7000,11000,10000,05 Jun 2002
Tripura,Sepahijala,Bishalgarh,Assam C.T.C. Leaf,Beverages,0.03,10000,14000,12000,04 Jun 2002
Tripura,Sepahijala,Bishalgarh,Other,Beverages,0.03,7000,11000,10000,04 Jun 2002
Tripura,Sepahijala,Bishalgarh,Assam C.T.C. Leaf,Beverages,0.02,10000,14000,12000,03 Jun 2002
Tripura,Sepahijala,Bishalgarh,Other,Beverages,0.02,6000,11000,10000,03 Jun 2002
Tripura,Sepahijala,Bishalgarh,Assam C.T.C. Leaf,Beverages,0.04,10000,14000,12000,01 Jun 2002
Tripura,Sepahijala,Bishalgarh,Other,Beverages,0.04,6000,11000,10000,01 Jun 2002
Tripura,Sepahijala,Bishalgarh,Assam C.T.C. Leaf,Beverages,0.02,10000,14000,12000,31 May 2002
Tripura,Sepahijala,Bishalgarh,Other,Beverages,0.02,7000,11000,10000,31 May 2002
Tripura,Sepahijala,Bishalgarh,Assam C.T.C. Leaf,Beverages,0.02,10000,14000,12000,29 May 2002
Tripura,Sepahijala,Bishalgarh,Other,Beverages,0.02,6000,10000,9000,29 May 2002
Tripura,Sepahijala,Bishalgarh,Assam C.T.C. Leaf,Beverages,0.01,10000,14000,12000,28 May 2002
Tripura,Sepahijala,Bishalgarh,Other,Beverages,0.01,7000,11000,10000,28 May 2002
Tripura,Sepahijala,Bishalgarh,Assam C.T.C. Leaf,Beverages,0.02,10000,14000,12000,27 May 2002
Tripura,Sepahijala,Bishalgarh,Other,Beverages,0.02,8000,11000,10000,27 May 2002
Tripura,Sepahijala,Bishalgarh,Assam C.T.C. Leaf,Beverages,0.02,8000,12000,10000,18 May 2002
Tripura,Sepahijala,Bishalgarh,Other,Beverages,0.02,5500,8000,7000,18 May 2002
Tripura,Sepahijala,Bishalgarh,Assam C.T.C. Leaf,Beverages,0.02,11000,14000,12000,05 Apr 2002
Tripura,Sepahijala,Bishalgarh,Other,Beverages,0.02,5000,8000,6000,05 Apr 2002
Tripura,Sepahijala,Bishalgarh,Assam C.T.C. Leaf,Beverages,0.03,11000,14000,12000,04 Apr 2002
Tripura,Sepahijala,Bishalgarh,Other,Beverages,0.03,5000,8000,6000,04 Apr 2002
Tripura,Sepahijala,Bishalgarh,Assam C.T.C. Leaf,Beverages,0.02,10000,14000,12000,03 Apr 2002
Tripura,Sepahijala,Bishalgarh,Other,Beverages,0.02,5000,8000,6000,03 Apr 2002
Tripura,Sepahijala,Bishalgarh,Assam C.T.C. Leaf,Beverages,3.5,10000,14000,12000,02 Apr 2002
Tripura,Sepahijala,Bishalgarh,Other,Beverages,3.5,5000,8000,6000,02 Apr 2002
Tripura,Sepahijala,Bishalgarh,Assam C.T.C. Leaf,Beverages,2.0,11000,16000,14000,01 Apr 2002
Tripura,Sepahijala,Bishalgarh,Other,Beverages,2.0,5000,8000,6000,01 Apr 2002
Tripura,Sepahijala,Bishalgarh,Assam C.T.C. Leaf,Beverages,3.0,10000,14000,12000,30 Mar 2002
Tripura,Sepahijala,Bishalgarh,Other,Beverages,3.0,5000,9000,8000,30 Mar 2002
Tripura,Sepahijala,Bishalgarh,Assam C.T.C. Leaf,Beverages,3.7,10000,14000,12000,27 Mar 2002
Tripura,Sepahijala,Bishalgarh,Other,Beverages,3.7,5000,8000,6000,27 Mar 2002
Tripura,Sepahijala,Bishalgarh,Assam C.T.C. Leaf,Beverages,3.7,10000,14000,12000,26 Mar 2002
Tripura,Sepahijala,Bishalgarh,Other,Beverages,3.7,5000,8000,6000,26 Mar 2002
Tripura,Sepahijala,Bishalgarh,Assam C.T.C. Leaf,Beverages,3.5,10000,14000,12000,23 Mar 2002
Tripura,Sepahijala,Bishalgarh,Other,Beverages,3.5,6000,9000,7000,23 Mar 2002
Tripura,Sepahijala,Bishalgarh,Assam C.T.C. Leaf,Beverages,2.3,11000,14000,12000,22 Mar 2002
Tripura,Sepahijala,Bishalgarh,Other,Beverages,2.3,6000,10000,8000,22 Mar 2002
Tripura,Sepahijala,Bishalgarh,Assam C.T.C. Leaf,Beverages,4.0,11000,14000,12000,21 Mar 2002
Tripura,Sepahijala,Bishalgarh,Other,Beverages,4.0,6000,9000,8000,21 Mar 2002
Tripura,Sepahijala,Bishalgarh,Assam C.T.C. Leaf,Beverages,3.0,10000,14000,12000,20 Mar 2002
Tripura,Sepahijala,Bishalgarh,Other,Beverages,3.0,5000,8000,7000,20 Mar 2002
Tripura,Sepahijala,Bishalgarh,Assam C.T.C. Leaf,Beverages,3.0,10000,14000,12000,19 Mar 2002
Tripura,Sepahijala,Bishalgarh,Other,Beverages,3.0,5000,8000,7000,19 Mar 2002
Tripura,Sepahijala,Bishalgarh,Assam C.T.C. Leaf,Beverages,3.8,10000,14000,12000,17 Mar 2002
Tripura,Sepahijala,Bishalgarh,Other,Beverages,3.8,6000,9000,8000,17 Mar 2002
Tripura,Sepahijala,Bishalgarh,Assam C.T.C. Leaf,Beverages,3.0,10000,14000,12000,16 Mar 2002
Tripura,Sepahijala,Bishalgarh,Other,Beverages,3.0,6000,9000,8000,16 Mar 2002
Tripura,Sepahijala,Bishalgarh,Assam C.T.C. Leaf,Beverages,2.8,10000,14000,12000,15 Mar 2002
Tripura,Sepahijala,Bishalgarh,Other,Beverages,2.8,6000,9000,8000,15 Mar 2002
Tripura,Sepahijala,Bishalgarh,Assam C.T.C. Leaf,Beverages,3.0,10000,14000,12000,14 Mar 2002
Tripura,Sepahijala,Bishalgarh,Other,Beverages,3.0,6000,9000,8000,14 Mar 2002
Tripura,Sepahijala,Bishalgarh,Assam C.T.C. Leaf,Beverages,2.7,10000,14000,12000,13 Mar 2002
Tripura,Sepahijala,Bishalgarh,Other,Beverages,2.7,6000,9000,8000,13 Mar 2002
Tripura,Sepahijala,Bishalgarh,Assam C.T.C. Leaf,Beverages,3.0,10100,14000,12000,11 Mar 2002
Tripura,Sepahijala,Bishalgarh,Other,Beverages,3.0,5000,8000,6000,11 Mar 2002
Tripura,Sepahijala,Bishalgarh,Assam C.T.C. Leaf,Beverages,3.0,9000,14000,12000,08 Mar 2002
Tripura,Sepahijala,Bishalgarh,Other,Beverages,3.0,6000,8000,7000,08 Mar 2002
Tripura,Sepahijala,Bishalgarh,Assam C.T.C. Leaf,Beverages,4.0,10000,14000,12000,07 Mar 2002
Tripura,Sepahijala,Bishalgarh,Other,Beverages,4.0,6000,8000,7000,07 Mar 2002
Tripura,Sepahijala,Bishalgarh,Assam C.T.C. Leaf,Beverages,5.0,9000,14000,12000,06 Mar 2002
Tripura,Sepahijala,Bishalgarh,Other,Beverages,5.0,6000,9000,8000,06 Mar 2002
Tripura,Sepahijala,Bishalgarh,Assam C.T.C. Leaf,Beverages,5.0,10000,13000,12000,04 Mar 2002
Tripura,Sepahijala,Bishalgarh,Other,Beverages,5.0,5000,8000,6000,04 Mar 2002
Tripura,Sepahijala,Bishalgarh,Assam C.T.C. Leaf,Beverages,4.0,9000,13000,12000,02 Mar 2002
Tripura,Sepahijala,Bishalgarh,Other,Beverages,4.0,4500,8000,6000,02 Mar 2002
Tripura,Sepahijala,Bishalgarh,Assam C.T.C. Leaf,Beverages,3.6,12000,16000,14000,28 Feb 2002
Tripura,Sepahijala,Bishalgarh,Other,Beverages,3.6,6000,8000,7000,28 Feb 2002
Tripura,Sepahijala,Bishalgarh,Assam C.T.C. Leaf,Beverages,3.0,10000,14000,12000,27 Feb 2002
Tripura,Sepahijala,Bishalgarh,Other,Beverages,3.0,6000,8000,7000,27 Feb 2002
Tripura,Sepahijala,Bishalgarh,Assam C.T.C. Leaf,Beverages,3.7,12000,16000,14000,26 Feb 2002
Tripura,Sepahijala,Bishalgarh,Other,Beverages,3.7,6000,8000,7000,26 Feb 2002
Tripura,Sepahijala,Bishalgarh,Assam C.T.C. Leaf,Beverages,2.5,7000,12000,10000,25 Feb 2002
Tripura,Sepahijala,Bishalgarh,Other,Beverages,2.5,5000,10000,8000,25 Feb 2002
Tripura,Sepahijala,Bishalgarh,Assam C.T.C. Leaf,Beverages,2.5,7000,12000,10000,15 Feb 2002
Tripura,Sepahijala,Bishalgarh,Other,Beverages,2.5,5000,10000,8000,15 Feb 2002
Tripura,Sepahijala,Bishalgarh,Assam C.T.C. Leaf,Beverages,1.5,7800,12000,10000,14 Feb 2002
Tripura,Sepahijala,Bishalgarh,Other,Beverages,1.5,6000,9000,8000,14 Feb 2002
Meghalaya,West Jaintia Hills,Jowai,Other,Beverages,0.1,14000,15000,14500,11 Aug 2003
Meghalaya,West Jaintia Hills,Jowai,Other,Beverages,0.1,14000,15000,14500,02 Aug 2003
Meghalaya,West Jaintia Hills,Jowai,Other,Beverages,0.1,14000,15000,14500,25 Jul 2003
Meghalaya,West Jaintia Hills,Jowai,Other,Beverages,0.1,14000,15000,14500,09 Jul 2003
Meghalaya,West Jaintia Hills,Jowai,Other,Beverages,0.1,14000,15000,14500,07 Jun 2003
Meghalaya,West Jaintia Hills,Jowai,Other,Beverages,0.1,14000,15000,14500,30 May 2003
Meghalaya,West Jaintia Hills,Jowai,Assam C.T.C. Leaf,Beverages,0.1,14000,15000,14500,22 May 2003
Meghalaya,West Jaintia Hills,Jowai,Other,Beverages,0.1,14000,16000,15000,06 May 2003
Tamil Nadu,Dharmapuri,Dharampuri,Other,Beverages,1.0,300,500,400,15 Feb 2006
Bihar,Nawada,Nawada,Assam C.T.C. Leaf,Beverages,10.0,26000,27050,27000,12 Oct 2022
Jharkhand,Dhanbad,Dhanbad,Other,Beverages,17.0,19000,21000,20500,17 Apr 2015
Jharkhand,Dhanbad,Dhanbad,Other,Beverages,14.0,19000,21000,20500,11 Apr 2015
Jharkhand,Dhanbad,Dhanbad,Other,Beverages,8.0,19000,22000,21250,05 Apr 2015
Jharkhand,Dhanbad,Dhanbad,Other,Beverages,8.0,18000,22000,20500,23 Mar 2015
Jharkhand,Dhanbad,Dhanbad,Other,Beverages,8.0,18000,22000,20500,21 Mar 2015
Jharkhand,Dhanbad,Dhanbad,Other,Beverages,8.0,18000,21000,19850,20 Mar 2015
Jharkhand,Dhanbad,Dhanbad,Other,Beverages,8.0,18000,21000,19550,18 Mar 2015
Jharkhand,Dhanbad,Dhanbad,Other,Beverages,11.0,17000,21000,19500,17 Mar 2015
Jharkhand,Dhanbad,Dhanbad,Other,Beverages,9.0,19000,21000,20500,09 Mar 2015
Jharkhand,Dhanbad,Dhanbad,Other,Beverages,8.0,19000,21000,20500,08 Mar 2015
Jharkhand,Dhanbad,Dhanbad,Other,Beverages,8.0,19000,21000,20500,04 Mar 2015
Jharkhand,Dhanbad,Dhanbad,Other,Beverages,17.0,17000,21000,19500,01 Mar 2015
Jharkhand,Dhanbad,Dhanbad,Other,Beverages,8.0,17000,21000,19500,28 Feb 2015
Jharkhand,Dhanbad,Dhanbad,Other,Beverages,15.0,17000,21000,19500,26 Feb 2015
Jharkhand,Dhanbad,Dhanbad,Other,Beverages,8.0,17000,21000,19500,24 Feb 2015
Jharkhand,Dhanbad,Dhanbad,Other,Beverages,8.0,17000,21000,19500,21 Feb 2015
Jharkhand,Dhanbad,Dhanbad,Other,Beverages,8.0,17000,21000,19500,20 Feb 2015
Jharkhand,Dhanbad,Dhanbad,Other,Beverages,16.0,17000,21000,19500,17 Feb 2015
Jharkhand,Dhanbad,Dhanbad,Other,Beverages,16.0,17000,21000,19500,14 Feb 2015
Jharkhand,Dhanbad,Dhanbad,Other,Beverages,8.0,17000,21000,19500,13 Feb 2015
Jharkhand,Dhanbad,Dhanbad,Other,Beverages,26.0,19000,24000,22500,09 Feb 2015
Jharkhand,Dhanbad,Dhanbad,Other,Beverages,15.0,17000,21000,19500,02 Feb 2015
Jharkhand,Dhanbad,Dhanbad,Other,Beverages,8.0,17000,19000,18500,28 Jan 2015
Jharkhand,Dhanbad,Dhanbad,Other,Beverages,7.0,17000,19000,18500,27 Jan 2015
Jharkhand,Dhanbad,Dhanbad,Other,Beverages,15.0,17000,19000,18500,23 Jan 2015
Jharkhand,Dhanbad,Dhanbad,Other,Beverages,5.0,17000,19000,18500,22 Jan 2015
Jharkhand,Dhanbad,Dhanbad,Other,Beverages,8.0,17000,19000,18500,21 Jan 2015
Jharkhand,Dhanbad,Dhanbad,Other,Beverages,17.0,17000,21000,19500,19 Jan 2015
Jharkhand,Dhanbad,Dhanbad,Other,Beverages,14.0,17500,21000,19565,17 Jan 2015
Jharkhand,Dhanbad,Dhanbad,Other,Beverages,15.0,17000,21000,19550,16 Jan 2015
Jharkhand,Dhanbad,Dhanbad,Other,Beverages,16.0,17000,21000,19550,13 Jan 2015
Jharkhand,Dhanbad,Dhanbad,Other,Beverages,7.0,17000,19000,18500,11 Jan 2015
Jharkhand,Dhanbad,Dhanbad,Other,Beverages,13.0,17000,19000,18500,08 Jan 2015
Jharkhand,Dhanbad,Dhanbad,Other,Beverages,17.0,18000,21000,19550,30 Dec 2014
Jharkhand,Dhanbad,Dhanbad,Other,Beverages,15.0,17000,19000,18500,25 Dec 2014
Jharkhand,Dhanbad,Dhanbad,Other,Beverages,32.0,17000,19000,18500,23 Dec 2014
Jharkhand,Dhanbad,Dhanbad,Other,Beverages,7.0,17000,19000,18500,18 Dec 2014
Jharkhand,Dhanbad,Dhanbad,Other,Beverages,14.0,17000,19000,18500,17 Dec 2014
Jharkhand,Dhanbad,Dhanbad,Other,Beverages,8.0,17000,19000,18500,16 Dec 2014
Jharkhand,Dhanbad,Dhanbad,Other,Beverages,8.0,17000,19000,18550,15 Dec 2014
Jharkhand,Dhanbad,Dhanbad,Other,Beverages,23.0,17000,19000,18500,10 Dec 2014
Jharkhand,Dhanbad,Dhanbad,Other,Beverages,7.0,17000,19000,18500,07 Dec 2014
Jharkhand,Dhanbad,Dhanbad,Other,Beverages,15.0,17000,19000,18550,05 Dec 2014
Jharkhand,Dhanbad,Dhanbad,Other,Beverages,8.0,17000,19000,18550,04 Dec 2014
Jharkhand,Dhanbad,Dhanbad,Other,Beverages,8.0,17000,19000,18550,03 Dec 2014
Jharkhand,Dhanbad,Dhanbad,Other,Beverages,9.0,17000,19000,18550,30 Nov 2014
Jharkhand,Dhanbad,Dhanbad,Other,Beverages,6.0,17000,19000,18500,25 Nov 2014
Jharkhand,Dhanbad,Dhanbad,Other,Beverages,7.0,17000,19000,18550,24 Nov 2014
Jharkhand,Dhanbad,Dhanbad,Other,Beverages,9.0,17000,19000,18500,22 Nov 2014
Jharkhand,Dhanbad,Dhanbad,Other,Beverages,8.0,17000,19000,18550,20 Nov 2014
Jharkhand,Dhanbad,Dhanbad,Other,Beverages,8.0,17000,19000,18550,19 Nov 2014
Jharkhand,Dhanbad,Dhanbad,Other,Beverages,8.0,17000,19000,18500,18 Nov 2014
Jharkhand,Dhanbad,Dhanbad,Other,Beverages,7.0,17000,19000,18650,16 Nov 2014
Jharkhand,Dhanbad,Dhanbad,Other,Beverages,8.0,17000,19000,18650,15 Nov 2014
Jharkhand,Dhanbad,Dhanbad,Other,Beverages,30.0,17000,19000,18550,14 Nov 2014
Jharkhand,Dhanbad,Dhanbad,Other,Beverages,8.0,17000,19000,18500,12 Nov 2014
Jharkhand,Dhanbad,Dhanbad,Other,Beverages,8.0,17000,19000,18500,11 Nov 2014
Jharkhand,Dhanbad,Dhanbad,Other,Beverages,7.0,17000,19000,18550,10 Nov 2014
Jharkhand,Dhanbad,Dhanbad,Other,Beverages,17.0,17000,19000,18550,09 Nov 2014
Jharkhand,Dhanbad,Dhanbad,Other,Beverages,7.0,17000,19000,18500,08 Nov 2014
Jharkhand,Dhanbad,Dhanbad,Other,Beverages,6.0,16000,18000,17500,07 Nov 2014
Jharkhand,Dhanbad,Dhanbad,Other,Beverages,8.0,16000,18000,17600,31 Oct 2014
Jharkhand,Dhanbad,Dhanbad,Other,Beverages,14.0,16000,18000,17800,30 Oct 2014
Jharkhand,Dhanbad,Dhanbad,Other,Beverages,7.0,16000,18000,17800,29 Oct 2014
Jharkhand,Dhanbad,Dhanbad,Other,Beverages,6.0,16000,18000,17600,24 Oct 2014
Jharkhand,Dhanbad,Dhanbad,Other,Beverages,7.0,16000,18000,17800,22 Oct 2014
Jharkhand,Dhanbad,Dhanbad,Other,Beverages,8.0,16000,18000,17500,19 Oct 2014
Jharkhand,Dhanbad,Dhanbad,Other,Beverages,9.0,16000,18000,17500,16 Oct 2014
Jharkhand,Dhanbad,Dhanbad,Other,Beverages,13.0,17000,19000,18500,15 Oct 2014
Jharkhand,Dhanbad,Dhanbad,Other,Beverages,8.0,19000,22000,21500,14 Oct 2014
Jharkhand,Dhanbad,Dhanbad,Other,Beverages,9.0,16000,18000,17500,13 Oct 2014
Jharkhand,Dhanbad,Dhanbad,Other,Beverages,16.0,18000,20000,19500,07 Oct 2014
Jharkhand,Dhanbad,Dhanbad,Other,Beverages,7.0,16000,18000,17000,02 Oct 2014
Jharkhand,Dhanbad,Dhanbad,Other,Beverages,8.0,16000,19000,18500,29 Sep 2014
Jharkhand,Dhanbad,Dhanbad,Other,Beverages,9.0,16000,19000,18000,28 Sep 2014
Jharkhand,Dhanbad,Dhanbad,Other,Beverages,15.0,16000,19000,18000,27 Sep 2014
Jharkhand,Dhanbad,Dhanbad,Other,Beverages,8.0,17000,18000,17600,26 Sep 2014
Jharkhand,Dhanbad,Dhanbad,Other,Beverages,8.0,16000,18000,17500,22 Sep 2014
Jharkhand,Dhanbad,Dhanbad,Other,Beverages,16.0,17000,18000,18000,20 Sep 2014
Jharkhand,Dhanbad,Dhanbad,Other,Beverages,16.0,17000,18000,17500,19 Sep 2014
Jharkhand,Dhanbad,Dhanbad,Other,Beverages,7.0,17000,19000,18000,18 Sep 2014
Jharkhand,Dhanbad,Dhanbad,Other,Beverages,8.0,16000,19000,18000,13 Sep 2014
Jharkhand,Dhanbad,Dhanbad,Other,Beverages,8.0,16000,18000,17000,12 Sep 2014
Jharkhand,Dhanbad,Dhanbad,Other,Beverages,2.0,16000,18000,17000,10 Sep 2014
Jharkhand,Dhanbad,Dhanbad,Other,Beverages,8.0,16000,18000,17000,07 Sep 2014
Jharkhand,Dhanbad,Dhanbad,Other,Beverages,7.0,16000,18000,17000,06 Sep 2014
Jharkhand,Dhanbad,Dhanbad,Other,Beverages,17.0,16000,18000,17500,03 Sep 2014
Jharkhand,Dhanbad,Dhanbad,Other,Beverages,6.0,16000,18000,17000,01 Sep 2014
Jharkhand,Dhanbad,Dhanbad,Other,Beverages,6.0,16000,18000,17000,29 Aug 2014
Jharkhand,Dhanbad,Dhanbad,Other,Beverages,15.0,16000,18000,17000,28 Aug 2014
Jharkhand,Dhanbad,Dhanbad,Other,Beverages,6.0,16000,18000,17000,26 Aug 2014
Jharkhand,Dhanbad,Dhanbad,Other,Beverages,7.0,16000,18000,17400,23 Aug 2014
Jharkhand,Dhanbad,Dhanbad,Other,Beverages,9.0,16000,18000,17500,22 Aug 2014
Jharkhand,Dhanbad,Dhanbad,Other,Beverages,7.0,16000,18000,17500,16 Aug 2014
Jharkhand,Dhanbad,Dhanbad,Other,Beverages,23.0,16000,18000,17500,13 Aug 2014
Jharkhand,Dhanbad,Dhanbad,Other,Beverages,9.0,16000,18000,17000,12 Aug 2014
Jharkhand,Dhanbad,Dhanbad,Other,Beverages,8.0,16000,18000,17400,03 Aug 2014
Jharkhand,Dhanbad,Dhanbad,Other,Beverages,8.0,16000,18000,17500,02 Aug 2014
Jharkhand,Dhanbad,Dhanbad,Other,Beverages,16.0,16000,18000,17000,30 Jul 2014
Jharkhand,Dhanbad,Dhanbad,Other,Beverages,15.0,16000,18000,17500,27 Jul 2014
Jharkhand,Dhanbad,Dhanbad,Other,Beverages,7.0,16000,18000,17000,25 Jul 2014
Jharkhand,Dhanbad,Dhanbad,Other,Beverages,9.0,16000,18000,17000,24 Jul 2014
Jharkhand,Dhanbad,Dhanbad,Other,Beverages,8.0,16000,18000,17000,23 Jul 2014
Jharkhand,Dhanbad,Dhanbad,Other,Beverages,8.0,16000,18000,17500,22 Jul 2014
Jharkhand,Dhanbad,Dhanbad,Other,Beverages,9.0,16000,18000,16500,20 Jul 2014
Jharkhand,Dhanbad,Dhanbad,Other,Beverages,9.0,16000,18000,17600,16 Jul 2014
Jharkhand,Dhanbad,Dhanbad,Other,Beverages,29.0,16000,18000,17600,15 Jul 2014
Jharkhand,Dhanbad,Dhanbad,Other,Beverages,8.0,16000,18000,17000,14 Jul 2014
Jharkhand,Dhanbad,Dhanbad,Other,Beverages,8.0,16000,18000,17000,12 Jul 2014
Jharkhand,Dhanbad,Dhanbad,Other,Beverages,18.0,16000,18000,17000,11 Jul 2014
Jharkhand,Dhanbad,Dhanbad,Other,Beverages,9.0,16000,18000,17000,10 Jul 2014
Jharkhand,Dhanbad,Dhanbad,Other,Beverages,29.0,16000,18000,17000,08 Jul 2014
Jharkhand,Dhanbad,Dhanbad,Other,Beverages,8.0,1600,1800,1700,04 Jul 2014
Jharkhand,Dhanbad,Dhanbad,Other,Beverages,7.0,16000,18000,17000,01 Jul 2014
Jharkhand,Dhanbad,Dhanbad,Other,Beverages,7.0,16000,18000,17000,26 Jun 2014
Jharkhand,Dhanbad,Dhanbad,Other,Beverages,8.0,16000,18000,17000,25 Jun 2014
Jharkhand,Dhanbad,Dhanbad,Other,Beverages,10.0,16000,18000,17000,21 Jun 2014
Jharkhand,Dhanbad,Dhanbad,Other,Beverages,0.1,16000,18000,17000,18 Jun 2014
Jharkhand,Dhanbad,Dhanbad,Other,Beverages,9.0,16000,18000,17500,17 Jun 2014
Jharkhand,Dhanbad,Dhanbad,Other,Beverages,18.0,16000,18000,17000,15 Jun 2014
Jharkhand,Dhanbad,Dhanbad,Other,Beverages,8.0,16000,18000,17500,13 Jun 2014
Jharkhand,Dhanbad,Dhanbad,Other,Beverages,9.0,16000,18000,17400,11 Jun 2014
Jharkhand,Dhanbad,Dhanbad,Other,Beverages,8.0,16000,18000,17500,08 Jun 2014
Jharkhand,Dhanbad,Dhanbad,Other,Beverages,0.2,16000,18000,17000,06 Jun 2014
Jharkhand,Dhanbad,Dhanbad,Other,Beverages,15.0,16000,18000,17000,04 Jun 2014
Jharkhand,Dhanbad,Dhanbad,Other,Beverages,8.0,16000,18000,17000,02 Jun 2014
Jharkhand,Dhanbad,Dhanbad,Other,Beverages,8.0,16000,18000,17000,31 May 2014
Jharkhand,Dhanbad,Dhanbad,Other,Beverages,9.0,16000,18000,17000,30 May 2014
Jharkhand,Dhanbad,Dhanbad,Other,Beverages,8.0,16000,18000,17000,29 May 2014
Jharkhand,Dhanbad,Dhanbad,Other,Beverages,0.06,16000,18000,17000,28 May 2014
Jharkhand,Dhanbad,Dhanbad,Other,Beverages,9.0,12000,18000,14000,27 May 2014
Jharkhand,Dhanbad,Dhanbad,Other,Beverages,7.0,12000,18000,14000,26 May 2014
Jharkhand,Dhanbad,Dhanbad,Other,Beverages,0.3,18000,21000,19000,20 May 2014
Jharkhand,Dhanbad,Dhanbad,Other,Beverages,8.44,18000,21000,19000,12 May 2014
Jharkhand,Dhanbad,Dhanbad,Other,Beverages,5.71,21000,23000,22000,25 Mar 2014
Jharkhand,Dhanbad,Dhanbad,Other,Beverages,0.12,21000,23000,22000,24 Mar 2014
Jharkhand,Dhanbad,Dhanbad,Other,Beverages,7.86,21000,23000,22000,23 Mar 2014
Jharkhand,Dhanbad,Dhanbad,Other,Beverages,0.09,21000,23000,22000,22 Mar 2014
Jharkhand,Dhanbad,Dhanbad,Other,Beverages,0.1,21000,23000,22000,19 Mar 2014
Jharkhand,Dhanbad,Dhanbad,Other,Beverages,8.71,21000,23000,22000,14 Mar 2014
Jharkhand,Dhanbad,Dhanbad,Other,Beverages,8.68,21000,23000,22000,13 Mar 2014
Jharkhand,Dhanbad,Dhanbad,Other,Beverages,14.66,21000,23000,22000,12 Mar 2014
Jharkhand,Dhanbad,Dhanbad,Other,Beverages,8.51,21000,23000,22000,11 Mar 2014
Jharkhand,Dhanbad,Dhanbad,Other,Beverages,0.09,21000,23000,22000,10 Mar 2014
Jharkhand,Dhanbad,Dhanbad,Other,Beverages,6.2,21000,23000,22000,09 Mar 2014
Jharkhand,Dhanbad,Dhanbad,Other,Beverages,7.96,21000,23000,22000,08 Mar 2014
Jharkhand,Dhanbad,Dhanbad,Other,Beverages,15.68,21000,23000,22000,07 Mar 2014
Jharkhand,Dhanbad,Dhanbad,Other,Beverages,30.05,21000,23000,22000,05 Mar 2014
Jharkhand,Dhanbad,Dhanbad,Other,Beverages,0.06,21000,23000,22000,03 Mar 2014
Jharkhand,Dhanbad,Dhanbad,Other,Beverages,9.88,21000,23000,22000,02 Mar 2014
Jharkhand,Dhanbad,Dhanbad,Other,Beverages,12.96,21000,23000,22000,01 Mar 2014
Jharkhand,Dhanbad,Dhanbad,Other,Beverages,0.05,22500,24500,23500,28 Feb 2014
Jharkhand,Dhanbad,Dhanbad,Other,Beverages,7.74,22500,24500,23500,27 Feb 2014
Jharkhand,Dhanbad,Dhanbad,Other,Beverages,0.1,22500,24500,23500,26 Feb 2014
Jharkhand,Dhanbad,Dhanbad,Other,Beverages,0.77,22500,24500,23500,25 Feb 2014
Jharkhand,Dhanbad,Dhanbad,Other,Beverages,0.09,22500,24500,23500,23 Feb 2014
Jharkhand,Dhanbad,Dhanbad,Other,Beverages,14.77,22500,24950,23550,21 Feb 2014
Jharkhand,Dhanbad,Dhanbad,Other,Beverages,6.41,22500,24500,23400,20 Feb 2014
Jharkhand,Dhanbad,Dhanbad,Other,Beverages,8.1,22500,24500,23400,19 Feb 2014
Jharkhand,Dhanbad,Dhanbad,Other,Beverages,14.26,22000,24000,23500,18 Feb 2014
Jharkhand,Dhanbad,Dhanbad,Other,Beverages,8.3,22000,24000,23000,17 Feb 2014
Jharkhand,Dhanbad,Dhanbad,Other,Beverages,7.78,22000,24000,23000,16 Feb 2014
Jharkhand,Dhanbad,Dhanbad,Other,Beverages,8.08,22000,24000,23000,15 Feb 2014
Jharkhand,Dhanbad,Dhanbad,Other,Beverages,0.19,22000,24000,23000,14 Feb 2014
Jharkhand,Dhanbad,Dhanbad,Other,Beverages,17.37,22000,24000,23000,12 Feb 2014
Jharkhand,Dhanbad,Dhanbad,Other,Beverages,17.22,22000,24000,23000,10 Feb 2014
Jharkhand,Dhanbad,Dhanbad,Other,Beverages,0.13,22000,24000,23500,09 Feb 2014
Jharkhand,Dhanbad,Dhanbad,Other,Beverages,0.29,22000,24000,23000,07 Feb 2014
Jharkhand,Dhanbad,Dhanbad,Other,Beverages,15.82,22000,24000,23000,06 Feb 2014
Jharkhand,Dhanbad,Dhanbad,Other,Beverages,0.05,22000,24000,23000,05 Feb 2014
Jharkhand,Dhanbad,Dhanbad,Other,Beverages,7.82,22000,24000,23000,04 Feb 2014
Jharkhand,Dhanbad,Dhanbad,Other,Beverages,0.1,22000,24000,23000,02 Feb 2014
Jharkhand,Dhanbad,Dhanbad,Other,Beverages,8.22,22000,24000,23000,26 Jan 2014
Jharkhand,Dhanbad,Dhanbad,Other,Beverages,8.43,22000,24000,23000,24 Jan 2014
Jharkhand,Dhanbad,Dhanbad,Other,Beverages,0.36,22000,24000,23000,21 Jan 2014
Jharkhand,Dhanbad,Dhanbad,Other,Beverages,8.4,22000,24000,23000,18 Jan 2014
Jharkhand,Dhanbad,Dhanbad,Other,Beverages,0.12,22000,24000,23000,17 Jan 2014
Jharkhand,Dhanbad,Dhanbad,Other,Beverages,7.8,22000,24000,23000,16 Jan 2014
Jharkhand,Dhanbad,Dhanbad,Other,Beverages,7.93,22000,24000,23000,15 Jan 2014
Jharkhand,Dhanbad,Dhanbad,Other,Beverages,7.77,22000,24000,23000,14 Jan 2014
Jharkhand,Dhanbad,Dhanbad,Other,Beverages,9.36,22000,24000,23000,13 Jan 2014
Jharkhand,Dhanbad,Dhanbad,Other,Beverages,0.08,22000,24000,23000,12 Jan 2014
Jharkhand,Dhanbad,Dhanbad,Other,Beverages,0.04,22000,24000,23000,10 Jan 2014
Jharkhand,Dhanbad,Dhanbad,Other,Beverages,8.2,22000,24000,23000,07 Jan 2014
Jharkhand,Dhanbad,Dhanbad,Other,Beverages,8.35,22000,24000,23000,06 Jan 2014
Jharkhand,Dhanbad,Dhanbad,Other,Beverages,6.78,22000,24000,23000,02 Jan 2014
Jharkhand,Dhanbad,Dhanbad,Other,Beverages,0.04,22000,24000,23000,01 Jan 2014
Jharkhand,Dhanbad,Dhanbad,Other,Beverages,25.37,22000,24000,23000,30 Dec 2013
Jharkhand,Dhanbad,Dhanbad,Other,Beverages,6.78,22000,24000,23000,29 Dec 2013
Jharkhand,Dhanbad,Dhanbad,Other,Beverages,15.75,22000,24000,23000,28 Dec 2013
Jharkhand,Dhanbad,Dhanbad,Other,Beverages,8.7,22000,24000,23000,26 Dec 2013
Jharkhand,Dhanbad,Dhanbad,Other,Beverages,7.55,22000,24000,23000,25 Dec 2013
Jharkhand,Dhanbad,Dhanbad,Other,Beverages,8.28,22000,24000,23000,23 Dec 2013
Jharkhand,Dhanbad,Dhanbad,Other,Beverages,15.42,22000,24000,23000,22 Dec 2013
Jharkhand,Dhanbad,Dhanbad,Other,Beverages,7.76,22000,24000,23000,20 Dec 2013
Jharkhand,Dhanbad,Dhanbad,Other,Beverages,13.71,22000,24000,23000,19 Dec 2013
Jharkhand,Dhanbad,Dhanbad,Other,Beverages,8.17,22000,24000,23000,18 Dec 2013
Jharkhand,Dhanbad,Dhanbad,Other,Beverages,8.9,22000,24000,23000,17 Dec 2013
Jharkhand,Dhanbad,Dhanbad,Other,Beverages,62.56,22000,24000,23000,16 Dec 2013
Jharkhand,Dhanbad,Dhanbad,Other,Beverages,7.51,22000,24000,23000,15 Dec 2013
Jharkhand,Dhanbad,Dhanbad,Other,Beverages,0.33,22000,24000,23000,14 Dec 2013
Jharkhand,Dhanbad,Dhanbad,Other,Beverages,8.05,22000,24000,23000,13 Dec 2013
Jharkhand,Dhanbad,Dhanbad,Other,Beverages,8.13,22000,24000,23000,12 Dec 2013
Jharkhand,Dhanbad,Dhanbad,Other,Beverages,5.98,22000,24000,23000,11 Dec 2013
Jharkhand,Dhanbad,Dhanbad,Other,Beverages,24.45,22000,24000,23000,09 Dec 2013
Jharkhand,Dhanbad,Dhanbad,Other,Beverages,13.77,22000,24000,23000,08 Dec 2013
Jharkhand,Dhanbad,Dhanbad,Other,Beverages,7.62,22000,24000,23000,07 Dec 2013
Jharkhand,Dhanbad,Dhanbad,Other,Beverages,0.03,22000,24000,23000,06 Dec 2013
Jharkhand,Dhanbad,Dhanbad,Other,Beverages,8.34,22000,24000,23000,04 Dec 2013
Jharkhand,Dhanbad,Dhanbad,Other,Beverages,8.03,22000,24000,23000,02 Dec 2013
Jharkhand,Dhanbad,Dhanbad,Other,Beverages,8.24,22000,24000,23000,01 Dec 2013
Jharkhand,Dhanbad,Dhanbad,Other,Beverages,0.21,22000,24000,23000,29 Nov 2013
Jharkhand,Dhanbad,Dhanbad,Other,Beverages,7.91,22000,24000,23000,28 Nov 2013
Jharkhand,Dhanbad,Dhanbad,Other,Beverages,8.17,22000,24000,23000,26 Nov 2013
Jharkhand,Dhanbad,Dhanbad,Other,Beverages,16.0,22000,24000,23000,25 Nov 2013
Jharkhand,Dhanbad,Dhanbad,Other,Beverages,8.74,22000,24000,23000,24 Nov 2013
Jharkhand,Dhanbad,Dhanbad,Other,Beverages,8.25,22000,24000,23000,23 Nov 2013
Jharkhand,Dhanbad,Dhanbad,Other,Beverages,30.26,22000,24000,23000,22 Nov 2013
Jharkhand,Dhanbad,Dhanbad,Other,Beverages,0.12,22000,24000,23000,20 Nov 2013
Jharkhand,Dhanbad,Dhanbad,Other,Beverages,7.77,22000,24000,23000,19 Nov 2013
Jharkhand,Dhanbad,Dhanbad,Other,Beverages,7.98,22000,24000,23000,18 Nov 2013
Jharkhand,Dhanbad,Dhanbad,Other,Beverages,8.26,22000,24000,23000,16 Nov 2013
Jharkhand,Dhanbad,Dhanbad,Other,Beverages,0.31,22000,24000,23000,13 Nov 2013
Jharkhand,Dhanbad,Dhanbad,Other,Beverages,8.26,22000,24000,23000,12 Nov 2013
Jharkhand,Dhanbad,Dhanbad,Other,Beverages,0.3,22000,24000,23000,08 Nov 2013
Jharkhand,Dhanbad,Dhanbad,Other,Beverages,0.24,22000,24000,23000,06 Nov 2013
Jharkhand,Dhanbad,Dhanbad,Other,Beverages,8.14,22000,24000,23000,05 Nov 2013
Jharkhand,Dhanbad,Dhanbad,Other,Beverages,8.4,22000,24000,23000,04 Nov 2013
Jharkhand,Dhanbad,Dhanbad,Other,Beverages,8.18,22000,24000,23000,01 Nov 2013
Jharkhand,Dhanbad,Dhanbad,Other,Beverages,6.0,22000,24000,23000,31 Oct 2013
Jharkhand,Dhanbad,Dhanbad,Other,Beverages,0.75,22000,24000,23000,30 Oct 2013
Jharkhand,Dhanbad,Dhanbad,Other,Beverages,7.7,22000,24000,23000,29 Oct 2013
Jharkhand,Dhanbad,Dhanbad,Other,Beverages,8.11,22000,24000,23000,28 Oct 2013
Jharkhand,Dhanbad,Dhanbad,Other,Beverages,0.07,22000,24000,23000,27 Oct 2013
Jharkhand,Dhanbad,Dhanbad,Other,Beverages,6.78,22000,24000,23000,21 Oct 2013
Jharkhand,Dhanbad,Dhanbad,Other,Beverages,0.24,22000,24000,23000,20 Oct 2013
Jharkhand,Dhanbad,Dhanbad,Other,Beverages,0.04,22000,24000,23000,19 Oct 2013
Jharkhand,Dhanbad,Dhanbad,Other,Beverages,0.06,22000,24000,23000,18 Oct 2013
Jharkhand,Dhanbad,Dhanbad,Other,Beverages,6.74,22000,24000,23000,17 Oct 2013
Jharkhand,Dhanbad,Dhanbad,Other,Beverages,8.02,22000,24000,23000,16 Oct 2013
Jharkhand,Dhanbad,Dhanbad,Other,Beverages,7.8,22000,24000,23000,15 Oct 2013
Jharkhand,Dhanbad,Dhanbad,Other,Beverages,8.24,22000,24000,23000,12 Oct 2013
Jharkhand,Dhanbad,Dhanbad,Other,Beverages,0.12,22000,24000,23000,09 Oct 2013
Jharkhand,Dhanbad,Dhanbad,Other,Beverages,7.33,22000,24000,23000,08 Oct 2013
Jharkhand,Dhanbad,Dhanbad,Other,Beverages,0.04,22000,24000,23000,05 Oct 2013
Jharkhand,Dhanbad,Dhanbad,Other,Beverages,7.6,22000,24000,23000,01 Oct 2013
Jharkhand,Dhanbad,Dhanbad,Other,Beverages,8.91,22000,24000,23000,30 Sep 2013
Jharkhand,Dhanbad,Dhanbad,Other,Beverages,7.08,22000,24000,23000,29 Sep 2013
Jharkhand,Dhanbad,Dhanbad,Other,Beverages,7.54,22000,24000,23000,27 Sep 2013
Jharkhand,Dhanbad,Dhanbad,Other,Beverages,7.1,22000,24000,23000,25 Sep 2013
Jharkhand,Dhanbad,Dhanbad,Other,Beverages,8.33,22000,24000,23000,24 Sep 2013
Jharkhand,Dhanbad,Dhanbad,Other,Beverages,16.37,22000,24000,23000,23 Sep 2013
Jharkhand,Dhanbad,Dhanbad,Other,Beverages,0.03,22000,24000,23000,22 Sep 2013
Jharkhand,Dhanbad,Dhanbad,Other,Beverages,16.06,22000,24000,23000,20 Sep 2013
Jharkhand,Dhanbad,Dhanbad,Other,Beverages,8.28,22000,24000,23000,18 Sep 2013
Jharkhand,Dhanbad,Dhanbad,Other,Beverages,8.75,22000,24000,23000,15 Sep 2013
Jharkhand,Dhanbad,Dhanbad,Other,Beverages,9.5,22000,24000,23000,14 Sep 2013
Jharkhand,Dhanbad,Dhanbad,Other,Beverages,10.38,22000,24000,23000,12 Sep 2013
Jharkhand,Dhanbad,Dhanbad,Other,Beverages,24.6,22000,24000,23000,11 Sep 2013
Jharkhand,Dhanbad,Dhanbad,Other,Beverages,5.2,22000,24000,23000,08 Sep 2013
Jharkhand,Dhanbad,Dhanbad,Other,Beverages,7.7,22000,24000,23000,07 Sep 2013
Jharkhand,Dhanbad,Dhanbad,Other,Beverages,0.21,22000,24000,23000,06 Sep 2013
Jharkhand,Dhanbad,Dhanbad,Other,Beverages,0.1,22000,24000,23000,04 Sep 2013
Jharkhand,Dhanbad,Dhanbad,Other,Beverages,0.28,22000,24000,23000,02 Sep 2013
Jharkhand,Dhanbad,Dhanbad,Other,Beverages,6.8,22000,24000,23000,01 Sep 2013
Jharkhand,Dhanbad,Dhanbad,Other,Beverages,15.4,22000,24000,23000,31 Aug 2013
Jharkhand,Dhanbad,Dhanbad,Other,Beverages,12.6,22000,24000,23000,28 Aug 2013
Jharkhand,Dhanbad,Dhanbad,Other,Beverages,16.2,22000,24000,23000,26 Aug 2013
Jharkhand,Dhanbad,Dhanbad,Other,Beverages,16.7,22000,24000,23000,25 Aug 2013
Jharkhand,Dhanbad,Dhanbad,Other,Beverages,7.2,22000,24000,23000,24 Aug 2013
Jharkhand,Dhanbad,Dhanbad,Other,Beverages,8.52,22000,24000,23000,22 Aug 2013
Jharkhand,Dhanbad,Dhanbad,Other,Beverages,6.5,22000,24000,23000,19 Aug 2013
Jharkhand,Dhanbad,Dhanbad,Other,Beverages,8.63,22000,24000,23000,17 Aug 2013
Jharkhand,Dhanbad,Dhanbad,Other,Beverages,8.16,22000,24000,23000,16 Aug 2013
Jharkhand,Dhanbad,Dhanbad,Other,Beverages,19.17,22000,24000,23000,13 Aug 2013
Jharkhand,Dhanbad,Dhanbad,Other,Beverages,0.01,22000,24000,23000,11 Aug 2013
Jharkhand,Dhanbad,Dhanbad,Other,Beverages,8.51,22000,24000,23000,09 Aug 2013
Jharkhand,Dhanbad,Dhanbad,Other,Beverages,0.63,22000,24000,23000,07 Aug 2013
Jharkhand,Dhanbad,Dhanbad,Other,Beverages,16.81,22000,24000,23000,06 Aug 2013
Jharkhand,Dhanbad,Dhanbad,Other,Beverages,0.32,22000,24000,23000,04 Aug 2013
Jharkhand,Dhanbad,Dhanbad,Other,Beverages,0.52,22000,24000,23000,03 Aug 2013
Jharkhand,Dhanbad,Dhanbad,Other,Beverages,8.35,22000,24000,23000,02 Aug 2013
Jharkhand,Dhanbad,Dhanbad,Other,Beverages,7.83,22000,24000,23000,31 Jul 2013
Jharkhand,Dhanbad,Dhanbad,Other,Beverages,8.8,22000,24000,23000,27 Jul 2013
Jharkhand,Dhanbad,Dhanbad,Other,Beverages,7.82,22000,24000,23000,23 Jul 2013
Jharkhand,Dhanbad,Dhanbad,Other,Beverages,9.48,22000,24000,23000,22 Jul 2013
Jharkhand,Dhanbad,Dhanbad,Other,Beverages,8.34,22000,24000,23000,20 Jul 2013
Jharkhand,Dhanbad,Dhanbad,Other,Beverages,8.19,22000,24000,23000,19 Jul 2013
Jharkhand,Dhanbad,Dhanbad,Other,Beverages,6.6,22000,24000,23000,16 Jul 2013
Jharkhand,Dhanbad,Dhanbad,Other,Beverages,0.14,22000,24000,23000,15 Jul 2013
Jharkhand,Dhanbad,Dhanbad,Other,Beverages,0.06,22000,24000,23000,12 Jul 2013
Jharkhand,Dhanbad,Dhanbad,Other,Beverages,5.4,22000,24000,23000,09 Jul 2013
Jharkhand,Dhanbad,Dhanbad,Other,Beverages,9.28,22000,24000,23000,07 Jul 2013
Jharkhand,Dhanbad,Dhanbad,Other,Beverages,13.28,22000,24000,23000,05 Jul 2013
Jharkhand,Dhanbad,Dhanbad,Other,Beverages,10.81,22000,24000,23000,03 Jul 2013
Jharkhand,Dhanbad,Dhanbad,Other,Beverages,8.89,22000,24000,23000,01 Jul 2013
Jharkhand,Dhanbad,Dhanbad,Other,Beverages,16.19,22000,24000,23000,28 Jun 2013
Jharkhand,Dhanbad,Dhanbad,Other,Beverages,13.74,22000,24000,23000,26 Jun 2013
Jharkhand,Dhanbad,Dhanbad,Other,Beverages,6.0,22000,24000,23000,24 Jun 2013
Jharkhand,Dhanbad,Dhanbad,Other,Beverages,8.76,22000,24000,23000,22 Jun 2013
Jharkhand,Dhanbad,Dhanbad,Other,Beverages,10.82,22000,24000,23000,21 Jun 2013
Jharkhand,Dhanbad,Dhanbad,Other,Beverages,0.15,22000,24000,23000,19 Jun 2013
Jharkhand,Dhanbad,Dhanbad,Other,Beverages,5.4,22000,24000,23000,17 Jun 2013
Jharkhand,Dhanbad,Dhanbad,Other,Beverages,5.34,22000,24000,23000,16 Jun 2013
Jharkhand,Dhanbad,Dhanbad,Other,Beverages,7.24,22000,24000,23000,15 Jun 2013
Jharkhand,Dhanbad,Dhanbad,Other,Beverages,13.98,22000,24000,23000,14 Jun 2013
Jharkhand,Dhanbad,Dhanbad,Other,Beverages,0.08,22000,24000,23000,12 Jun 2013
Jharkhand,Dhanbad,Dhanbad,Other,Beverages,7.59,22000,24000,23000,11 Jun 2013
Jharkhand,Dhanbad,Dhanbad,Other,Beverages,5.77,22000,24000,23000,10 Jun 2013
Jharkhand,Dhanbad,Dhanbad,Other,Beverages,4.47,22000,24000,23000,09 Jun 2013
Jharkhand,Dhanbad,Dhanbad,Other,Beverages,0.06,22000,24000,23000,08 Jun 2013
Jharkhand,Dhanbad,Dhanbad,Other,Beverages,7.78,22000,24000,23000,06 Jun 2013
Jharkhand,Dhanbad,Dhanbad,Other,Beverages,5.64,22000,24000,23000,03 Jun 2013
Jharkhand,Dhanbad,Dhanbad,Other,Beverages,12.85,22000,24000,23000,31 May 2013
Jharkhand,Dhanbad,Dhanbad,Other,Beverages,7.42,22000,24000,23000,27 May 2013
Jharkhand,Dhanbad,Dhanbad,Other,Beverages,8.5,22000,24000,23000,26 May 2013
Jharkhand,Dhanbad,Dhanbad,Other,Beverages,8.34,22000,24000,23000,25 May 2013
Jharkhand,Dhanbad,Dhanbad,Other,Beverages,8.25,22000,24000,23000,24 May 2013
Jharkhand,Dhanbad,Dhanbad,Other,Beverages,16.27,22000,24000,23000,21 May 2013
Jharkhand,Dhanbad,Dhanbad,Other,Beverages,5.01,22000,24000,23000,10 May 2013
Jharkhand,Dhanbad,Dhanbad,Other,Beverages,0.07,22000,24000,23000,05 May 2013
Jharkhand,Dhanbad,Dhanbad,Other,Beverages,10.07,22000,24000,23000,03 May 2013
Jharkhand,Dhanbad,Dhanbad,Other,Beverages,0.34,22000,24000,23000,01 May 2013
Jharkhand,Dhanbad,Dhanbad,Other,Beverages,15.0,22000,24000,23000,27 Apr 2013
Jharkhand,Dhanbad,Dhanbad,Other,Beverages,3.5,22000,24000,23000,26 Apr 2013
Jharkhand,Dhanbad,Dhanbad,Other,Beverages,8.1,22000,24000,23000,23 Apr 2013
Jharkhand,Dhanbad,Dhanbad,Other,Beverages,7.0,22000,24000,23000,21 Apr 2013
Jharkhand,Dhanbad,Dhanbad,Other,Beverages,12.3,22000,24000,23000,19 Apr 2013
Jharkhand,Dhanbad,Dhanbad,Other,Beverages,4.96,22000,25000,23000,15 Apr 2013
Jharkhand,Dhanbad,Dhanbad,Other,Beverages,6.4,20000,25000,22000,10 Apr 2013
Jharkhand,Dhanbad,Dhanbad,Other,Beverages,4.6,20000,25000,22000,07 Apr 2013
Jharkhand,Dhanbad,Dhanbad,Other,Beverages,7.6,20000,25000,22000,06 Apr 2013
Jharkhand,Dhanbad,Dhanbad,Other,Beverages,15.12,20000,25000,22000,29 Mar 2013
Jharkhand,Dhanbad,Dhanbad,Other,Beverages,7.7,20000,22000,21000,23 Mar 2013
Jharkhand,Dhanbad,Dhanbad,Other,Beverages,7.6,20000,22000,21000,22 Mar 2013
Jharkhand,Dhanbad,Dhanbad,Other,Beverages,13.0,20000,22000,21000,19 Mar 2013
Jharkhand,Dhanbad,Dhanbad,Other,Beverages,7.8,20000,22000,21000,17 Mar 2013
Jharkhand,Dhanbad,Dhanbad,Other,Beverages,8.3,20000,22000,21000,16 Mar 2013
Jharkhand,Dhanbad,Dhanbad,Other,Beverages,8.1,20000,22000,21000,15 Mar 2013
Jharkhand,Dhanbad,Dhanbad,Other,Beverages,10.8,20000,22000,21000,13 Mar 2013
Jharkhand,Dhanbad,Dhanbad,Other,Beverages,12.2,20000,22000,21000,12 Mar 2013
Jharkhand,Dhanbad,Dhanbad,Other,Beverages,10.32,20000,22000,21000,11 Mar 2013
Jharkhand,Dhanbad,Dhanbad,Other,Beverages,26.0,20000,22000,21000,10 Mar 2013
Jharkhand,Dhanbad,Dhanbad,Other,Beverages,8.1,20000,22000,21000,07 Mar 2013
Jharkhand,Dhanbad,Dhanbad,Other,Beverages,8.8,20000,22000,21000,01 Mar 2013
Jharkhand,Dhanbad,Dhanbad,Other,Beverages,7.7,20000,22000,21000,26 Feb 2013
Jharkhand,Dhanbad,Dhanbad,Other,Beverages,320.0,20000,22000,21000,25 Feb 2013
Jharkhand,Dhanbad,Dhanbad,Other,Beverages,9.9,20000,22000,21000,23 Feb 2013
Jharkhand,Dhanbad,Dhanbad,Other,Beverages,16.0,18000,21000,20000,22 Feb 2013
Jharkhand,Dhanbad,Dhanbad,Other,Beverages,8.4,18000,21000,20000,19 Feb 2013
Jharkhand,Dhanbad,Dhanbad,Other,Beverages,8.4,18000,21000,20000,17 Feb 2013
Jharkhand,Dhanbad,Dhanbad,Other,Beverages,8.3,18000,21000,20000,15 Feb 2013
Jharkhand,Dhanbad,Dhanbad,Other,Beverages,10.8,18000,21000,20000,13 Feb 2013
Jharkhand,Dhanbad,Dhanbad,Other,Beverages,54.8,18000,21000,20000,11 Feb 2013
Jharkhand,Dhanbad,Dhanbad,Other,Beverages,0.01,18000,21000,20000,04 Feb 2013
Jharkhand,Dhanbad,Dhanbad,Other,Beverages,5.9,18000,21000,20000,02 Feb 2013
Jharkhand,Dhanbad,Dhanbad,Other,Beverages,67.0,18000,21000,20000,30 Jan 2013
Jharkhand,Dhanbad,Dhanbad,Other,Beverages,74.0,18000,21000,20000,22 Jan 2013
Jharkhand,Dhanbad,Dhanbad,Other,Beverages,90.0,18000,21000,20000,21 Jan 2013
Jharkhand,Dhanbad,Dhanbad,Other,Beverages,67.0,18000,21000,20000,20 Jan 2013
Jharkhand,Dhanbad,Dhanbad,Other,Beverages,160.0,18000,21000,20000,16 Jan 2013
Jharkhand,Dhanbad,Dhanbad,Other,Beverages,80.0,18000,21000,20000,12 Jan 2013
Jharkhand,Dhanbad,Dhanbad,Other,Beverages,10.0,18000,21000,20000,06 Jan 2013
Jharkhand,Dhanbad,Dhanbad,Other,Beverages,79.0,18000,21000,20000,31 Dec 2012
Jharkhand,Dhanbad,Dhanbad,Other,Beverages,82.0,18000,21000,20000,29 Dec 2012
Jharkhand,Dhanbad,Dhanbad,Other,Beverages,166.0,18000,21000,20000,26 Dec 2012
Jharkhand,Dhanbad,Dhanbad,Other,Beverages,16.0,18000,21000,20000,22 Dec 2012
Jharkhand,Dhanbad,Dhanbad,Other,Beverages,6.36,18000,21000,20000,18 Dec 2012
Jharkhand,Dhanbad,Dhanbad,Other,Beverages,76.7,18000,21000,20000,15 Dec 2012
Jharkhand,Dhanbad,Dhanbad,Other,Beverages,5.8,18000,21000,20000,30 Nov 2012
Jharkhand,Dhanbad,Dhanbad,Other,Beverages,4.7,18000,21000,20000,28 Nov 2012
Jharkhand,Dhanbad,Dhanbad,Other,Beverages,6.3,18000,21000,20000,26 Nov 2012
Jharkhand,Dhanbad,Dhanbad,Other,Beverages,7.7,18000,21000,20000,19 Nov 2012
Jharkhand,Dhanbad,Dhanbad,Other,Beverages,8.2,18000,21000,20000,18 Nov 2012
Jharkhand,Dhanbad,Dhanbad,Other,Beverages,16.0,18000,21000,20000,12 Nov 2012
Jharkhand,Dhanbad,Dhanbad,Other,Beverages,7.0,18000,21000,20000,11 Nov 2012
Jharkhand,Dhanbad,Dhanbad,Other,Beverages,9.0,18000,21000,20000,10 Nov 2012
Jharkhand,Dhanbad,Dhanbad,Other,Beverages,6.9,18000,21000,20000,09 Nov 2012
Jharkhand,Dhanbad,Dhanbad,Other,Beverages,11.0,18000,21000,20000,02 Nov 2012
Jharkhand,Dhanbad,Dhanbad,Other,Beverages,83.0,18000,21000,20000,26 Oct 2012
Jharkhand,Dhanbad,Dhanbad,Other,Beverages,52.0,18000,21000,20000,22 Oct 2012
Jharkhand,Dhanbad,Dhanbad,Other,Beverages,8.8,18000,21000,20000,17 Oct 2012
Jharkhand,Dhanbad,Dhanbad,Other,Beverages,13.7,18000,21000,20000,15 Oct 2012
Jharkhand,Dhanbad,Dhanbad,Other,Beverages,82.58,18000,21000,20000,10 Oct 2012
Jharkhand,Dhanbad,Dhanbad,Other,Beverages,13.0,18000,21000,20000,09 Oct 2012
Jharkhand,Dhanbad,Dhanbad,Other,Beverages,80.0,18000,21000,20000,08 Oct 2012
Jharkhand,Dhanbad,Dhanbad,Other,Beverages,11.6,18000,21000,20000,05 Oct 2012
Jharkhand,Dhanbad,Dhanbad,Other,Beverages,75.0,18000,21000,20000,29 Sep 2012
Jharkhand,Dhanbad,Dhanbad,Other,Beverages,0.7,18000,21000,20000,28 Sep 2012
Jharkhand,Dhanbad,Dhanbad,Other,Beverages,73.2,18000,21000,20000,26 Sep 2012
Jharkhand,Dhanbad,Dhanbad,Other,Beverages,12.7,18000,21000,20000,25 Sep 2012
Jharkhand,Dhanbad,Dhanbad,Other,Beverages,158.0,18000,21000,20000,24 Sep 2012
Jharkhand,Dhanbad,Dhanbad,Other,Beverages,69.0,18000,21000,20000,22 Sep 2012
Jharkhand,Dhanbad,Dhanbad,Other,Beverages,6.8,18000,21000,20000,21 Sep 2012
Jharkhand,Dhanbad,Dhanbad,Other,Beverages,2.89,18000,21000,20000,18 Sep 2012
Jharkhand,Dhanbad,Dhanbad,Other,Beverages,4.8,18000,21000,20000,17 Sep 2012
Jharkhand,Dhanbad,Dhanbad,Other,Beverages,78.0,18000,21000,20000,16 Sep 2012
Jharkhand,Dhanbad,Dhanbad,Other,Beverages,11.0,18000,21000,20000,15 Sep 2012
Jharkhand,Dhanbad,Dhanbad,Other,Beverages,86.0,18000,21000,20000,12 Sep 2012
Jharkhand,Dhanbad,Dhanbad,Other,Beverages,8.5,18000,21000,20000,11 Sep 2012
Jharkhand,Dhanbad,Dhanbad,Other,Beverages,5.86,18000,21000,20000,08 Sep 2012
Jharkhand,Dhanbad,Dhanbad,Other,Beverages,6.0,18000,21000,20000,02 Sep 2012
Jharkhand,Dhanbad,Dhanbad,Other,Beverages,6.45,18000,21000,20000,31 Aug 2012
Jharkhand,Dhanbad,Dhanbad,Other,Beverages,6.13,18000,21000,20000,29 Aug 2012
Jharkhand,Dhanbad,Dhanbad,Other,Beverages,39.8,18000,21000,20000,25 Aug 2012
Jharkhand,Dhanbad,Dhanbad,Other,Beverages,5.93,18000,21000,20000,18 Aug 2012
Jharkhand,Dhanbad,Dhanbad,Other,Beverages,33.0,18000,21000,20000,15 Aug 2012
Jharkhand,Dhanbad,Dhanbad,Other,Beverages,42.0,18000,21000,20000,14 Aug 2012
Jharkhand,Dhanbad,Dhanbad,Other,Beverages,2.9,18000,21000,20000,12 Aug 2012
Jharkhand,Dhanbad,Dhanbad,Other,Beverages,41.7,18000,21000,20000,08 Aug 2012
Jharkhand,Dhanbad,Dhanbad,Other,Beverages,1.6,18000,21000,20000,07 Aug 2012
Jharkhand,Dhanbad,Dhanbad,Other,Beverages,0.7,18000,21000,20000,30 Jul 2012
Jharkhand,Dhanbad,Dhanbad,Other,Beverages,7.8,18000,21000,20000,28 Jul 2012
Jharkhand,Dhanbad,Dhanbad,Other,Beverages,7.4,18000,21000,20000,27 Jul 2012
Jharkhand,Dhanbad,Dhanbad,Other,Beverages,3.5,18000,21000,20000,23 Jul 2012
Jharkhand,Dhanbad,Dhanbad,Other,Beverages,40.8,18000,21000,20000,22 Jul 2012
Jharkhand,Dhanbad,Dhanbad,Other,Beverages,3.5,18000,21000,20000,20 Jul 2012
Jharkhand,Dhanbad,Dhanbad,Other,Beverages,1.96,18000,21000,20000,18 Jul 2012
Jharkhand,Dhanbad,Dhanbad,Other,Beverages,5.6,18000,21000,20000,14 Jul 2012
Jharkhand,Dhanbad,Dhanbad,Other,Beverages,40.0,18000,21000,20000,11 Jul 2012
Jharkhand,Dhanbad,Dhanbad,Other,Beverages,2.0,18000,21000,20000,10 Jul 2012
Jharkhand,Dhanbad,Dhanbad,Other,Beverages,2.0,18000,21000,20000,07 Jul 2012
Jharkhand,Dhanbad,Dhanbad,Other,Beverages,34.14,18000,21000,20000,06 Jul 2012
Jharkhand,Dhanbad,Dhanbad,Other,Beverages,6.0,18000,21000,20000,04 Jul 2012
Jharkhand,Dhanbad,Dhanbad,Other,Beverages,3.0,18000,21000,20000,30 Jun 2012
Jharkhand,Dhanbad,Dhanbad,Other,Beverages,33.0,18000,21000,20000,29 Jun 2012
Jharkhand,Dhanbad,Dhanbad,Other,Beverages,2.0,18000,21000,20000,25 Jun 2012
Jharkhand,Dhanbad,Dhanbad,Other,Beverages,6.6,18000,21000,20000,24 Jun 2012
Jharkhand,Dhanbad,Dhanbad,Other,Beverages,39.0,18000,21000,20000,23 Jun 2012
Jharkhand,Dhanbad,Dhanbad,Other,Beverages,31.0,18000,21000,20000,20 Jun 2012
Jharkhand,Dhanbad,Dhanbad,Other,Beverages,2.5,18000,21000,20000,18 Jun 2012
Jharkhand,Dhanbad,Dhanbad,Other,Beverages,6.48,18000,21000,20000,13 Jun 2012
Jharkhand,Dhanbad,Dhanbad,Other,Beverages,9.4,18000,21000,20000,12 Jun 2012
Jharkhand,Dhanbad,Dhanbad,Other,Beverages,11.6,18000,21000,20000,11 Jun 2012
Jharkhand,Dhanbad,Dhanbad,Other,Beverages,9.7,18000,21000,20000,10 Jun 2012
Jharkhand,Dhanbad,Dhanbad,Other,Beverages,128.0,18000,21000,20000,05 Jun 2012
Jharkhand,Dhanbad,Dhanbad,Other,Beverages,1.9,18000,21000,20000,30 May 2012
Jharkhand,Dhanbad,Dhanbad,Other,Beverages,212.0,18000,21000,20000,28 May 2012
Jharkhand,Dhanbad,Dhanbad,Other,Beverages,0.7,18000,21000,20000,27 May 2012
Jharkhand,Dhanbad,Dhanbad,Other,Beverages,138.0,18000,21000,20000,26 May 2012
Jharkhand,Dhanbad,Dhanbad,Other,Beverages,5.54,18000,21000,20000,21 May 2012
Jharkhand,Dhanbad,Dhanbad,Other,Beverages,3.65,18000,21000,20000,19 May 2012
Jharkhand,Dhanbad,Dhanbad,Other,Beverages,80.96,18000,21000,20000,16 May 2012
Jharkhand,Dhanbad,Dhanbad,Other,Beverages,161.0,18000,21000,20000,14 May 2012
Jharkhand,Dhanbad,Dhanbad,Other,Beverages,75.05,18000,21000,20000,07 May 2012
Jharkhand,Dhanbad,Dhanbad,Other,Beverages,99.96,18000,21000,20000,04 May 2012
Jharkhand,Dhanbad,Dhanbad,Other,Beverages,28.0,18000,21000,20000,30 Apr 2012
Jharkhand,Dhanbad,Dhanbad,Other,Beverages,42.81,18000,21000,20000,24 Apr 2012
Jharkhand,Dhanbad,Dhanbad,Other,Beverages,5.56,18000,21000,20000,18 Apr 2012
Jharkhand,Dhanbad,Dhanbad,Other,Beverages,75.42,18000,21000,20000,16 Apr 2012
Jharkhand,Dhanbad,Dhanbad,Other,Beverages,78.0,18000,21000,20000,15 Apr 2012
Jharkhand,Dhanbad,Dhanbad,Other,Beverages,6.49,18000,21000,20000,13 Apr 2012
Jharkhand,Dhanbad,Dhanbad,Other,Beverages,164.82,18000,21000,20000,11 Apr 2012
Jharkhand,Dhanbad,Dhanbad,Other,Beverages,83.29,18000,21000,20000,09 Apr 2012
Jharkhand,Dhanbad,Dhanbad,Other,Beverages,2.0,18000,21000,20000,06 Apr 2012
Jharkhand,Dhanbad,Dhanbad,Other,Beverages,8.0,18000,21000,20000,04 Apr 2012
Jharkhand,Dhanbad,Dhanbad,Other,Beverages,0.5,18000,21000,20000,03 Apr 2012
Jharkhand,Dhanbad,Dhanbad,Other,Beverages,69.0,18000,21000,20000,30 Mar 2012
Jharkhand,Dhanbad,Dhanbad,Other,Beverages,26.6,18000,21000,20000,26 Mar 2012
Jharkhand,Dhanbad,Dhanbad,Other,Beverages,0.03,18000,21000,20000,25 Mar 2012
Jharkhand,Dhanbad,Dhanbad,Other,Beverages,8.0,18000,21000,20000,23 Mar 2012
Jharkhand,Dhanbad,Dhanbad,Other,Beverages,10.0,18000,21000,20000,17 Mar 2012
Jharkhand,Dhanbad,Dhanbad,Other,Beverages,7.0,18000,21000,20000,12 Mar 2012
Jharkhand,Dhanbad,Dhanbad,Other,Beverages,7.8,18000,21000,20000,10 Mar 2012
Jharkhand,Dhanbad,Dhanbad,Other,Beverages,5.3,18000,21000,20000,05 Mar 2012
Jharkhand,Dhanbad,Dhanbad,Other,Beverages,2.9,18000,21000,20000,04 Mar 2012
Jharkhand,Dhanbad,Dhanbad,Other,Beverages,6.8,18000,21000,20000,03 Mar 2012
Jharkhand,Dhanbad,Dhanbad,Other,Beverages,5.7,18000,21000,20000,27 Feb 2012
Jharkhand,Dhanbad,Dhanbad,Other,Beverages,7.5,18000,21000,20000,22 Feb 2012
Jharkhand,Dhanbad,Dhanbad,Other,Beverages,16.6,18000,21000,20000,21 Feb 2012
Jharkhand,Dhanbad,Dhanbad,Other,Beverages,74.0,18000,21000,20000,20 Feb 2012
Jharkhand,Dhanbad,Dhanbad,Other,Beverages,8.7,18000,21000,20000,18 Feb 2012
Jharkhand,Dhanbad,Dhanbad,Other,Beverages,4.52,18000,21000,20000,17 Feb 2012
Jharkhand,Dhanbad,Dhanbad,Other,Beverages,40.7,18000,21000,20000,12 Feb 2012
Jharkhand,Dhanbad,Dhanbad,Other,Beverages,24.85,18000,21000,20000,10 Feb 2012
Jharkhand,Dhanbad,Dhanbad,Other,Beverages,0.1,18000,21000,20000,28 Jan 2012
Jharkhand,Dhanbad,Dhanbad,Other,Beverages,12.8,18000,21000,20000,27 Jan 2012
Jharkhand,Dhanbad,Dhanbad,Other,Beverages,7.7,18000,21000,20000,24 Jan 2012
Jharkhand,Dhanbad,Dhanbad,Other,Beverages,1.5,18000,21000,20000,20 Jan 2012
Jharkhand,Dhanbad,Dhanbad,Other,Beverages,9.6,18000,21000,20000,16 Jan 2012
Jharkhand,Dhanbad,Dhanbad,Other,Beverages,10.0,18000,21000,20000,14 Jan 2012
Jharkhand,Dhanbad,Dhanbad,Other,Beverages,8.2,18000,21000,20000,13 Jan 2012
Jharkhand,Dhanbad,Dhanbad,Other,Beverages,8.0,18000,21000,20000,12 Jan 2012
Jharkhand,Dhanbad,Dhanbad,Other,Beverages,2.5,18000,21000,20000,11 Jan 2012
Jharkhand,Dhanbad,Dhanbad,Other,Beverages,5.0,18000,21000,20000,10 Jan 2012
Jharkhand,Dhanbad,Dhanbad,Other,Beverages,16.0,18000,21000,20000,09 Jan 2012
Jharkhand,Dhanbad,Dhanbad,Other,Beverages,2.0,16600,18200,17500,14 Jan 2011
Jharkhand,Dhanbad,Dhanbad,Other,Beverages,0.6,16600,18200,17500,12 Jan 2011
Jharkhand,Dhanbad,Dhanbad,Other,Beverages,1.0,16600,18200,17500,10 Jan 2011
Jharkhand,Dhanbad,Dhanbad,Other,Beverages,0.3,16600,18200,17500,09 Jan 2011
Jharkhand,Dhanbad,Dhanbad,Other,Beverages,3.2,16600,18200,17500,08 Jan 2011
Jharkhand,Dhanbad,Dhanbad,Other,Beverages,0.1,16600,18200,17500,03 Jan 2011
Jharkhand,Dhanbad,Dhanbad,Other,Beverages,0.2,16000,18000,17500,31 Dec 2010
Jharkhand,Dhanbad,Dhanbad,Other,Beverages,0.5,16000,18000,17500,28 Dec 2010
Jharkhand,Dhanbad,Dhanbad,Other,Beverages,0.2,16000,18000,17000,26 Dec 2010
Jharkhand,Dhanbad,Dhanbad,Other,Beverages,1.5,16000,18000,17000,25 Dec 2010
Jharkhand,Dhanbad,Dhanbad,Other,Beverages,0.2,16000,18000,17500,24 Dec 2010
Jharkhand,Dhanbad,Dhanbad,Other,Beverages,1.5,16000,18000,17000,18 Dec 2010
Jharkhand,Dhanbad,Dhanbad,Other,Beverages,0.4,16000,18000,17500,17 Dec 2010
Jharkhand,Dhanbad,Dhanbad,Other,Beverages,0.3,16000,18000,17500,15 Dec 2010
Jharkhand,Dhanbad,Dhanbad,Other,Beverages,0.1,16000,19000,17000,14 Dec 2010
Jharkhand,Dhanbad,Dhanbad,Other,Beverages,0.4,16000,19000,18000,12 Dec 2010
Jharkhand,Dhanbad,Dhanbad,Other,Beverages,0.2,16000,18000,17000,10 Dec 2010
Jharkhand,Dhanbad,Dhanbad,Other,Beverages,1.0,16000,18000,17000,08 Dec 2010
Jharkhand,Dhanbad,Dhanbad,Other,Beverages,0.4,16000,19000,17500,05 Dec 2010
Jharkhand,Dhanbad,Dhanbad,Other,Beverages,0.2,16000,19000,17000,04 Dec 2010
Jharkhand,Dhanbad,Dhanbad,Other,Beverages,1.0,16000,19000,17000,03 Dec 2010
Jharkhand,Dhanbad,Dhanbad,Other,Beverages,1.0,16000,19000,17000,01 Dec 2010
Jharkhand,Dhanbad,Dhanbad,Other,Beverages,0.2,16000,19000,17000,28 Nov 2010
Jharkhand,Dhanbad,Dhanbad,Other,Beverages,0.8,16000,18000,17000,23 Nov 2010
Jharkhand,Dhanbad,Dhanbad,Other,Beverages,1.3,16000,18000,17000,21 Nov 2010
Jharkhand,Dhanbad,Dhanbad,Other,Beverages,0.3,16000,18000,17000,17 Nov 2010
Jharkhand,Dhanbad,Dhanbad,Other,Beverages,1.2,16000,18000,17000,09 Nov 2010
Jharkhand,Dhanbad,Dhanbad,Other,Beverages,1.5,16000,18000,17000,07 Nov 2010
Jharkhand,Dhanbad,Dhanbad,Other,Beverages,24.4,16000,18000,17000,04 Nov 2010
Jharkhand,Dhanbad,Dhanbad,Other,Beverages,0.5,16000,18000,17000,03 Nov 2010
Jharkhand,Dhanbad,Dhanbad,Other,Beverages,0.2,16000,18000,17000,01 Nov 2010
Jharkhand,Dhanbad,Dhanbad,Other,Beverages,0.4,16000,18000,17000,30 Oct 2010
Jharkhand,Dhanbad,Dhanbad,Other,Beverages,0.4,16000,18000,17000,29 Oct 2010
Jharkhand,Dhanbad,Dhanbad,Other,Beverages,0.1,16000,18000,17000,27 Oct 2010
Jharkhand,Dhanbad,Dhanbad,Other,Beverages,1.5,16000,18000,17000,24 Oct 2010
Jharkhand,Dhanbad,Dhanbad,Other,Beverages,0.8,16000,18000,17000,14 Oct 2010
Jharkhand,Dhanbad,Dhanbad,Other,Beverages,0.5,16000,18000,17000,10 Oct 2010
Jharkhand,Dhanbad,Dhanbad,Other,Beverages,1.0,16000,18000,17000,08 Oct 2010
Jharkhand,Dhanbad,Dhanbad,Other,Beverages,0.3,16000,19000,17500,28 Sep 2010
Jharkhand,Dhanbad,Dhanbad,Other,Beverages,0.5,16000,19000,17500,26 Sep 2010
Jharkhand,Dhanbad,Dhanbad,Other,Beverages,0.2,16000,19000,17000,24 Sep 2010
Jharkhand,Dhanbad,Dhanbad,Other,Beverages,2.0,16000,19000,17000,20 Sep 2010
Jharkhand,Dhanbad,Dhanbad,Other,Beverages,2.0,16000,19000,17000,19 Sep 2010
Jharkhand,Dhanbad,Dhanbad,Other,Beverages,0.1,16000,19000,17000,17 Sep 2010
Jharkhand,Dhanbad,Dhanbad,Other,Beverages,0.3,16000,19000,17000,12 Sep 2010
Jharkhand,Dhanbad,Dhanbad,Other,Beverages,0.3,16000,19000,17000,11 Sep 2010
Jharkhand,Dhanbad,Dhanbad,Other,Beverages,0.3,16000,19000,17000,10 Sep 2010
Jharkhand,Dhanbad,Dhanbad,Other,Beverages,0.8,16000,19000,17000,08 Sep 2010
Jharkhand,Dhanbad,Dhanbad,Other,Beverages,0.5,15000,19000,17000,03 Sep 2010
Jharkhand,Dhanbad,Dhanbad,Other,Beverages,0.3,16000,19000,16500,01 Sep 2010
Jharkhand,Dhanbad,Dhanbad,Other,Beverages,0.3,16000,19000,17000,29 Aug 2010
Jharkhand,Dhanbad,Dhanbad,Other,Beverages,1.2,16000,19000,17000,25 Aug 2010
Jharkhand,Dhanbad,Dhanbad,Other,Beverages,0.3,16000,19000,17000,23 Aug 2010
Jharkhand,Dhanbad,Dhanbad,Other,Beverages,1.7,16000,19000,16500,20 Aug 2010
Jharkhand,Dhanbad,Dhanbad,Other,Beverages,0.8,16000,19000,17000,18 Aug 2010
Jharkhand,Dhanbad,Dhanbad,Other,Beverages,0.2,16000,19000,17000,16 Aug 2010
Jharkhand,Dhanbad,Dhanbad,Other,Beverages,0.1,16000,19000,17000,13 Aug 2010
Jharkhand,Dhanbad,Dhanbad,Other,Beverages,0.2,16000,19000,17000,11 Aug 2010
Jharkhand,Dhanbad,Dhanbad,Other,Beverages,0.1,16000,19000,16500,10 Aug 2010
Jharkhand,Dhanbad,Dhanbad,Other,Beverages,0.4,16000,19000,17000,03 Aug 2010
Jharkhand,Dhanbad,Dhanbad,Other,Beverages,2.0,16000,19000,17000,02 Aug 2010
Jharkhand,Dhanbad,Dhanbad,Other,Beverages,1.0,16000,19000,17000,25 Jul 2010
Jharkhand,Dhanbad,Dhanbad,Other,Beverages,0.3,16000,19000,17500,21 Jul 2010
Jharkhand,Dhanbad,Dhanbad,Other,Beverages,0.8,16000,19000,17500,19 Jul 2010
Jharkhand,Dhanbad,Dhanbad,Other,Beverages,0.7,16000,19000,17000,17 Jul 2010
Jharkhand,Dhanbad,Dhanbad,Other,Beverages,0.7,16000,19000,17000,14 Jul 2010
Jharkhand,Dhanbad,Dhanbad,Other,Beverages,0.5,16000,18000,17000,29 Jun 2010
Jharkhand,Dhanbad,Dhanbad,Other,Beverages,0.3,16000,18000,17500,25 Jun 2010
Jharkhand,Dhanbad,Dhanbad,Other,Beverages,0.7,15000,18000,16500,18 Jun 2010
Jharkhand,Dhanbad,Dhanbad,Other,Beverages,0.5,15000,18000,16500,15 Jun 2010
Jharkhand,Dhanbad,Dhanbad,Other,Beverages,0.3,15000,18000,17000,09 Jun 2010
Jharkhand,Dhanbad,Dhanbad,Other,Beverages,0.5,16000,18000,17500,04 Jun 2010
Jharkhand,Dhanbad,Dhanbad,Other,Beverages,1.0,15000,18000,17500,02 Jun 2010
Jharkhand,Dhanbad,Dhanbad,Other,Beverages,0.2,15000,18000,16500,28 May 2010
Jharkhand,Dhanbad,Dhanbad,Other,Beverages,0.6,15000,18000,17000,22 May 2010
Jharkhand,Dhanbad,Dhanbad,Other,Beverages,0.5,15000,18000,17500,16 May 2010
Jharkhand,Dhanbad,Dhanbad,Other,Beverages,2.3,15000,18000,17500,14 May 2010
Jharkhand,Dhanbad,Dhanbad,Other,Beverages,0.2,15500,18000,17000,12 May 2010
Jharkhand,Dhanbad,Dhanbad,Other,Beverages,0.4,15500,18000,16500,11 May 2010
Jharkhand,Dhanbad,Dhanbad,Other,Beverages,0.7,15500,18000,16500,10 May 2010
Jharkhand,Dhanbad,Dhanbad,Other,Beverages,0.5,15000,18000,17000,07 May 2010
Jharkhand,Dhanbad,Dhanbad,Other,Beverages,0.2,15000,18000,16500,01 May 2010
Jharkhand,Dhanbad,Dhanbad,Other,Beverages,1.0,15000,18000,16500,30 Apr 2010
Jharkhand,Dhanbad,Dhanbad,Other,Beverages,0.8,15000,18000,16500,25 Apr 2010
Jharkhand,Dhanbad,Dhanbad,Other,Beverages,0.5,15000,18000,16000,20 Apr 2010
Jharkhand,Dhanbad,Dhanbad,Other,Beverages,1.0,14500,18000,16500,13 Apr 2010
Jharkhand,Dhanbad,Dhanbad,Other,Beverages,0.1,14500,18000,16500,11 Apr 2010
Jharkhand,Dhanbad,Dhanbad,Other,Beverages,0.3,14500,18000,16500,10 Apr 2010
Jharkhand,Dhanbad,Dhanbad,Other,Beverages,0.2,14500,18000,16500,09 Apr 2010
Jharkhand,Dhanbad,Dhanbad,Other,Beverages,0.1,14500,18000,16500,07 Apr 2010
Jharkhand,Dhanbad,Dhanbad,Other,Beverages,1.0,14000,18000,16500,02 Apr 2010
Jharkhand,Dhanbad,Dhanbad,Other,Beverages,0.6,14500,18000,16500,31 Mar 2010
Jharkhand,Dhanbad,Dhanbad,Other,Beverages,1.0,14500,18000,16500,30 Mar 2010
Jharkhand,Dhanbad,Dhanbad,Other,Beverages,0.4,14500,18000,16000,28 Mar 2010
Jharkhand,Dhanbad,Dhanbad,Other,Beverages,0.3,14500,18000,16500,24 Mar 2010
Jharkhand,Dhanbad,Dhanbad,Other,Beverages,0.2,14500,18000,16500,23 Mar 2010
Jharkhand,Dhanbad,Dhanbad,Other,Beverages,0.3,14000,18000,16000,19 Mar 2010
Jharkhand,Dhanbad,Dhanbad,Other,Beverages,4.0,14500,18000,16500,17 Mar 2010
Jharkhand,Dhanbad,Dhanbad,Other,Beverages,0.3,14500,18000,16000,16 Mar 2010
Jharkhand,Dhanbad,Dhanbad,Other,Beverages,0.7,14500,18000,16000,14 Mar 2010
Jharkhand,Dhanbad,Dhanbad,Other,Beverages,0.4,14500,18000,16500,12 Mar 2010
Jharkhand,Dhanbad,Dhanbad,Other,Beverages,0.5,14500,18000,16500,10 Mar 2010
Jharkhand,Dhanbad,Dhanbad,Other,Beverages,0.1,14000,18000,16000,28 Feb 2010
Jharkhand,Dhanbad,Dhanbad,Other,Beverages,0.1,14000,18500,16000,27 Feb 2010
Jharkhand,Dhanbad,Dhanbad,Other,Beverages,3.1,14500,18000,16500,26 Feb 2010
Jharkhand,Dhanbad,Dhanbad,Other,Beverages,1.0,14500,18000,16500,21 Feb 2010
Jharkhand,Dhanbad,Dhanbad,Other,Beverages,0.5,14500,18000,16500,19 Feb 2010
Jharkhand,Dhanbad,Dhanbad,Other,Beverages,0.5,14000,18000,16500,16 Feb 2010
Jharkhand,Dhanbad,Dhanbad,Other,Beverages,1.0,14500,18000,16500,12 Feb 2010
Jharkhand,Dhanbad,Dhanbad,Other,Beverages,0.5,14500,18000,16000,07 Feb 2010
Jharkhand,Dhanbad,Dhanbad,Other,Beverages,1.0,14500,18200,16500,05 Feb 2010
Jharkhand,Dhanbad,Dhanbad,Other,Beverages,0.2,14000,18000,16500,03 Feb 2010
Jharkhand,Dhanbad,Dhanbad,Other,Beverages,1.0,14000,18000,16000,02 Feb 2010
Jharkhand,Dhanbad,Dhanbad,Other,Beverages,0.5,14500,18000,16000,31 Jan 2010
Jharkhand,Dhanbad,Dhanbad,Other,Beverages,0.5,14000,18000,16500,25 Jan 2010
Jharkhand,Dhanbad,Dhanbad,Other,Beverages,0.2,14000,18000,16000,19 Jan 2010
Jharkhand,Dhanbad,Dhanbad,Other,Beverages,0.3,14000,18000,16000,16 Jan 2010
Jharkhand,Dhanbad,Dhanbad,Other,Beverages,0.5,14000,18000,16000,13 Jan 2010
Jharkhand,Dhanbad,Dhanbad,Other,Beverages,0.4,14000,18000,16000,12 Jan 2010
Jharkhand,Dhanbad,Dhanbad,Other,Beverages,1.0,14000,18000,16000,10 Jan 2010
Jharkhand,Dhanbad,Dhanbad,Other,Beverages,0.5,14000,18000,16000,06 Jan 2010
Jharkhand,Dhanbad,Dhanbad,Other,Beverages,0.5,14000,18000,16000,02 Jan 2010
Jharkhand,Dhanbad,Dhanbad,Other,Beverages,1.0,14000,18000,16000,30 Dec 2009
Jharkhand,Dhanbad,Dhanbad,Other,Beverages,0.2,14000,18000,16000,22 Dec 2009
Jharkhand,Dhanbad,Dhanbad,Other,Beverages,1.2,14500,18000,16000,18 Dec 2009
Jharkhand,Dhanbad,Dhanbad,Other,Beverages,5.0,14000,18000,16000,17 Dec 2009
Jharkhand,Dhanbad,Dhanbad,Other,Beverages,0.2,14000,18000,16000,11 Dec 2009
Jharkhand,Dhanbad,Dhanbad,Other,Beverages,1.0,14100,18000,16100,08 Dec 2009
Jharkhand,Dhanbad,Dhanbad,Other,Beverages,0.1,14000,18000,16000,07 Dec 2009
Jharkhand,Dhanbad,Dhanbad,Other,Beverages,0.2,14000,18000,16000,30 Nov 2009
Jharkhand,Dhanbad,Dhanbad,Other,Beverages,0.1,14000,18000,16000,27 Nov 2009
Jharkhand,Dhanbad,Dhanbad,Other,Beverages,0.1,14000,18000,16000,26 Nov 2009
Jharkhand,Dhanbad,Dhanbad,Other,Beverages,0.1,14000,18000,16000,22 Nov 2009
Jharkhand,Dhanbad,Dhanbad,Other,Beverages,0.5,14000,18000,16000,20 Nov 2009
Jharkhand,Dhanbad,Dhanbad,Other,Beverages,0.2,14000,18000,16000,18 Nov 2009
Jharkhand,Dhanbad,Dhanbad,Other,Beverages,0.1,14000,18000,16000,17 Nov 2009
Jharkhand,Dhanbad,Dhanbad,Other,Beverages,0.1,14000,18000,16000,11 Nov 2009
Jharkhand,Dhanbad,Dhanbad,Other,Beverages,0.1,14000,18000,17000,10 Nov 2009
Jharkhand,Dhanbad,Dhanbad,Other,Beverages,10.6,14000,18000,16000,06 Nov 2009
Jharkhand,Dhanbad,Dhanbad,Other,Beverages,1.4,13000,18000,16000,04 Nov 2009
Jharkhand,Dhanbad,Dhanbad,Other,Beverages,1.0,13000,18000,16000,28 Oct 2009
Jharkhand,Dhanbad,Dhanbad,Other,Beverages,0.1,13500,17500,14000,23 Oct 2009
Jharkhand,Dhanbad,Dhanbad,Other,Beverages,0.5,13500,17500,14000,21 Oct 2009
Jharkhand,Dhanbad,Dhanbad,Other,Beverages,0.2,13000,18000,16000,17 Oct 2009
Jharkhand,Dhanbad,Dhanbad,Other,Beverages,1.2,13000,18000,15000,16 Oct 2009
Jharkhand,Dhanbad,Dhanbad,Other,Beverages,0.5,14000,18000,16000,13 Oct 2009
Jharkhand,Dhanbad,Dhanbad,Other,Beverages,1.0,13000,19000,19000,09 Oct 2009
Jharkhand,Dhanbad,Dhanbad,Other,Beverages,0.1,13500,18000,16500,04 Oct 2009
Jharkhand,Dhanbad,Dhanbad,Other,Beverages,0.5,13500,18000,16500,03 Oct 2009
Jharkhand,Dhanbad,Dhanbad,Other,Beverages,0.5,13000,18000,15500,02 Oct 2009
Jharkhand,Dhanbad,Dhanbad,Other,Beverages,0.1,13000,18000,15000,23 Sep 2009
Jharkhand,Dhanbad,Dhanbad,Other,Beverages,0.5,13000,18000,16000,22 Sep 2009
Jharkhand,Dhanbad,Dhanbad,Other,Beverages,1.0,13000,18000,16000,18 Sep 2009
Jharkhand,Dhanbad,Dhanbad,Other,Beverages,1.0,13000,18000,16000,16 Sep 2009
Jharkhand,Dhanbad,Dhanbad,Other,Beverages,1.0,13000,18000,16000,15 Sep 2009
Jharkhand,Dhanbad,Dhanbad,Other,Beverages,0.5,13000,18000,16000,09 Sep 2009
Jharkhand,Dhanbad,Dhanbad,Other,Beverages,0.5,13500,18000,15000,06 Sep 2009
Jharkhand,Dhanbad,Dhanbad,Other,Beverages,0.5,13000,18000,15000,25 Aug 2009
Jharkhand,Dhanbad,Dhanbad,Other,Beverages,1.0,14000,18000,15000,21 Aug 2009
Jharkhand,Dhanbad,Dhanbad,Other,Beverages,0.1,13000,18000,15000,14 Aug 2009
Jharkhand,Dhanbad,Dhanbad,Other,Beverages,0.3,13000,18000,15000,11 Aug 2009
Jharkhand,Dhanbad,Dhanbad,Other,Beverages,1.0,13000,15000,14500,05 Aug 2009
Jharkhand,Dhanbad,Dhanbad,Other,Beverages,0.2,13000,18000,15000,26 Jul 2009
Jharkhand,Dhanbad,Dhanbad,Other,Beverages,0.5,13000,18000,15000,22 Jul 2009
Jharkhand,Dhanbad,Dhanbad,Other,Beverages,1.0,13000,18000,15000,21 Jul 2009
Jharkhand,Dhanbad,Dhanbad,Other,Beverages,1.0,13000,14000,13500,15 Jul 2009
Jharkhand,Dhanbad,Dhanbad,Other,Beverages,1.0,13000,14000,13500,14 Jul 2009
Jharkhand,Dhanbad,Dhanbad,Other,Beverages,1.0,14000,18000,16000,11 Jul 2009
Jharkhand,Dhanbad,Dhanbad,Other,Beverages,1.0,12000,16000,14000,07 Jul 2009
Jharkhand,Dhanbad,Dhanbad,Other,Beverages,0.5,12000,15000,14000,30 Jun 2009
Jharkhand,Dhanbad,Dhanbad,Other,Beverages,1.5,13000,15000,14000,20 Jun 2009
Jharkhand,Dhanbad,Dhanbad,Other,Beverages,0.5,13500,15000,14000,31 May 2009
Jharkhand,Dhanbad,Dhanbad,Other,Beverages,0.5,13500,14500,14000,26 May 2009
Jharkhand,Dhanbad,Dhanbad,Other,Beverages,0.5,13500,14500,14000,24 May 2009
Jharkhand,Dhanbad,Dhanbad,Other,Beverages,0.5,13000,15000,14500,20 May 2009
Jharkhand,Dhanbad,Dhanbad,Other,Beverages,0.5,13500,14500,14000,18 May 2009
Jharkhand,Dhanbad,Dhanbad,Other,Beverages,0.1,13000,14500,14000,15 May 2009
Jharkhand,Dhanbad,Dhanbad,Other,Beverages,1.0,13000,15000,14000,10 May 2009
Jharkhand,Dhanbad,Dhanbad,Other,Beverages,0.5,13500,14500,14000,01 May 2009
Jharkhand,Dhanbad,Dhanbad,Other,Beverages,1.0,12000,14000,13500,12 Apr 2009
Jharkhand,Dhanbad,Dhanbad,Other,Beverages,0.5,12000,14500,13500,01 Apr 2009
Jharkhand,Dhanbad,Dhanbad,Other,Beverages,1.0,12000,14500,13500,31 Mar 2009
Jharkhand,Dhanbad,Dhanbad,Other,Beverages,1.0,12000,15000,13500,30 Mar 2009
Jharkhand,Dhanbad,Dhanbad,Other,Beverages,1.0,13000,14000,13500,29 Mar 2009
Jharkhand,Dhanbad,Dhanbad,Other,Beverages,1.0,12000,14000,13000,18 Mar 2009
Jharkhand,Dhanbad,Dhanbad,Other,Beverages,1.5,12000,14000,13000,17 Mar 2009
Jharkhand,Dhanbad,Dhanbad,Other,Beverages,1.0,7500,10000,10000,28 Sep 2005
Jharkhand,Dhanbad,Dhanbad,Other,Beverages,1.0,8000,10000,10000,27 Jul 2005
Jharkhand,Deogarh,Madhupur,Other,Beverages,1.0,29620,29700,29650,01 Apr 2015
Jharkhand,Deogarh,Madhupur,Assam C.T.C. Leaf,Beverages,1.0,24000,24100,24050,01 Apr 2015
Jharkhand,Deogarh,Madhupur,Assam C.T.C. Dust,Beverages,1.0,14920,15000,14950,01 Apr 2015
Jharkhand,Deogarh,Madhupur,Assam C.T.C. Leaf,Beverages,0.05,28500,29500,29000,10 Oct 2014
Jharkhand,Deogarh,Madhupur,Assam C.T.C. Dust,Beverages,0.05,16000,17000,16500,10 Oct 2014
Jharkhand,Deogarh,Madhupur,Assam C.T.C. Leaf,Beverages,0.3,27000,29500,28500,04 Oct 2014
Jharkhand,Deogarh,Madhupur,Assam C.T.C. Dust,Beverages,0.3,17000,18000,17200,04 Oct 2014
Jharkhand,Deogarh,Madhupur,Other,Beverages,0.15,24000,26000,25200,24 Sep 2014
Jharkhand,Deogarh,Madhupur,C.T.C. Dust,Beverages,0.15,14000,18000,16500,24 Sep 2014
Jharkhand,Deogarh,Madhupur,Assam C.T.C. Leaf,Beverages,0.15,30000,32000,31000,24 Sep 2014
Jharkhand,Deogarh,Madhupur,C.T.C. Dust,Beverages,0.2,24500,26500,25500,23 Sep 2014
Jharkhand,Deogarh,Madhupur,Assam C.T.C. Leaf,Beverages,0.2,30800,32500,32100,23 Sep 2014
Jharkhand,Deogarh,Madhupur,C.T.C. Dust,Beverages,0.05,24000,26000,25200,20 Sep 2014
Jharkhand,Deogarh,Madhupur,Assam C.T.C. Leaf,Beverages,0.05,31000,32000,31500,20 Sep 2014
Jharkhand,Deogarh,Madhupur,C.T.C. Dust,Beverages,0.05,24000,26000,25300,15 Sep 2014
Jharkhand,Deogarh,Madhupur,Assam C.T.C. Leaf,Beverages,0.05,30000,32000,31200,15 Sep 2014
Jharkhand,Deogarh,Madhupur,C.T.C. Dust,Beverages,0.15,24500,26500,25200,13 Sep 2014
Jharkhand,Deogarh,Madhupur,Assam C.T.C. Leaf,Beverages,0.15,29500,32000,31000,13 Sep 2014
Jharkhand,Deogarh,Madhupur,C.T.C. Dust,Beverages,0.1,25000,26000,26000,04 Sep 2014
Jharkhand,Deogarh,Madhupur,Assam C.T.C. Leaf,Beverages,0.1,31000,32000,32000,04 Sep 2014
Jharkhand,Deogarh,Madhupur,C.T.C. Dust,Beverages,0.1,25000,26000,26000,03 Sep 2014
Jharkhand,Deogarh,Madhupur,Assam C.T.C. Leaf,Beverages,0.1,31000,32000,31500,03 Sep 2014
Jharkhand,Deogarh,Madhupur,C.T.C. Dust,Beverages,0.1,25000,26000,26000,01 Sep 2014
Jharkhand,Deogarh,Madhupur,Assam C.T.C. Leaf,Beverages,0.1,31000,32000,32000,01 Sep 2014
Jharkhand,Deogarh,Madhupur,C.T.C. Dust,Beverages,0.1,24000,26000,25500,30 Aug 2014
Jharkhand,Deogarh,Madhupur,Assam C.T.C. Leaf,Beverages,0.1,31000,32000,31500,30 Aug 2014
Jharkhand,Deogarh,Madhupur,C.T.C. Dust,Beverages,0.1,24000,26000,25500,22 Aug 2014
Jharkhand,Deogarh,Madhupur,Assam C.T.C. Leaf,Beverages,0.1,31000,32000,32000,22 Aug 2014
Jharkhand,Deogarh,Madhupur,C.T.C. Dust,Beverages,0.1,24000,26000,26000,13 Aug 2014
Jharkhand,Deogarh,Madhupur,Assam C.T.C. Leaf,Beverages,0.1,31000,32000,31000,13 Aug 2014
Jharkhand,Deogarh,Madhupur,C.T.C. Dust,Beverages,0.05,24000,26000,25000,12 Aug 2014
Jharkhand,Deogarh,Madhupur,Assam C.T.C. Leaf,Beverages,0.05,30000,31000,31000,12 Aug 2014
Jharkhand,Deogarh,Madhupur,C.T.C. Dust,Beverages,0.1,24000,26000,25000,11 Aug 2014
Jharkhand,Deogarh,Madhupur,Assam C.T.C. Leaf,Beverages,0.1,30000,31000,31000,11 Aug 2014
Jharkhand,Deogarh,Madhupur,C.T.C. Dust,Beverages,0.1,24000,26000,25500,09 Aug 2014
Jharkhand,Deogarh,Madhupur,Assam C.T.C. Leaf,Beverages,0.1,30000,31000,30500,09 Aug 2014
Jharkhand,Deogarh,Madhupur,C.T.C. Dust,Beverages,0.05,25000,26000,26000,06 Aug 2014
Jharkhand,Deogarh,Madhupur,Assam C.T.C. Leaf,Beverages,0.05,30000,31000,31000,06 Aug 2014
Jharkhand,Deogarh,Madhupur,C.T.C. Dust,Beverages,0.1,24000,26000,26000,04 Aug 2014
Jharkhand,Deogarh,Madhupur,Assam C.T.C. Leaf,Beverages,0.1,30000,31000,31000,04 Aug 2014
Jharkhand,Deogarh,Madhupur,C.T.C. Dust,Beverages,0.1,24000,26000,26000,01 Aug 2014
Jharkhand,Deogarh,Madhupur,Assam C.T.C. Leaf,Beverages,0.1,30000,31000,31000,01 Aug 2014
Jharkhand,Deogarh,Madhupur,C.T.C. Dust,Beverages,0.1,24000,26000,25500,31 Jul 2014
Jharkhand,Deogarh,Madhupur,Assam C.T.C. Leaf,Beverages,0.1,28000,29000,29000,31 Jul 2014
Jharkhand,Deogarh,Madhupur,C.T.C. Dust,Beverages,0.05,24000,25000,25000,30 Jul 2014
Jharkhand,Deogarh,Madhupur,Assam C.T.C. Leaf,Beverages,0.05,29000,30000,30000,30 Jul 2014
Jharkhand,Deogarh,Madhupur,C.T.C. Dust,Beverages,0.1,24000,26000,25500,25 Jul 2014
Jharkhand,Deogarh,Madhupur,Assam C.T.C. Leaf,Beverages,0.1,29000,30000,30000,25 Jul 2014
Jharkhand,Deogarh,Madhupur,C.T.C. Dust,Beverages,0.05,24000,26000,25000,24 Jul 2014
Jharkhand,Deogarh,Madhupur,Assam C.T.C. Leaf,Beverages,0.05,29000,30000,30000,24 Jul 2014
Jharkhand,Deogarh,Madhupur,C.T.C. Dust,Beverages,0.05,16000,18000,18000,15 Jul 2014
Jharkhand,Deogarh,Madhupur,Assam C.T.C. Leaf,Beverages,0.05,24000,26000,26000,15 Jul 2014
Jharkhand,Deogarh,Madhupur,C.T.C. Dust,Beverages,1.0,16000,17500,17000,14 Jul 2014
Jharkhand,Deogarh,Madhupur,Assam C.T.C. Leaf,Beverages,1.0,24000,26000,26000,14 Jul 2014
Jharkhand,Deogarh,Madhupur,C.T.C. Dust,Beverages,0.05,16000,18000,18000,12 Jul 2014
Jharkhand,Deogarh,Madhupur,Assam C.T.C. Leaf,Beverages,0.05,25000,26000,26000,12 Jul 2014
Jharkhand,Deogarh,Madhupur,C.T.C. Dust,Beverages,0.05,16000,17500,17500,05 Jul 2014
Jharkhand,Deogarh,Madhupur,Assam C.T.C. Leaf,Beverages,0.05,25000,26000,26000,05 Jul 2014
Jharkhand,Deogarh,Madhupur,C.T.C. Dust,Beverages,0.05,17000,18000,18000,02 Jul 2014
Jharkhand,Deogarh,Madhupur,Assam C.T.C. Leaf,Beverages,0.05,25000,26000,26000,02 Jul 2014
Jharkhand,Deogarh,Madhupur,C.T.C. Dust,Beverages,0.1,17000,18000,18000,01 Jul 2014
Jharkhand,Deogarh,Madhupur,Assam C.T.C. Leaf,Beverages,0.1,27000,28000,28000,01 Jul 2014
Jharkhand,Deogarh,Madhupur,C.T.C. Dust,Beverages,0.05,17000,18000,18000,30 Jun 2014
Jharkhand,Deogarh,Madhupur,Assam C.T.C. Leaf,Beverages,0.05,26000,27000,27000,30 Jun 2014
Jharkhand,Deogarh,Madhupur,C.T.C. Dust,Beverages,0.1,16000,17000,17000,23 Jun 2014
Jharkhand,Deogarh,Madhupur,Assam C.T.C. Leaf,Beverages,0.1,25000,26000,26000,23 Jun 2014
Jharkhand,Deogarh,Madhupur,C.T.C. Dust,Beverages,0.05,16000,17000,17000,21 Jun 2014
Jharkhand,Deogarh,Madhupur,Assam C.T.C. Leaf,Beverages,0.05,26000,27000,27000,21 Jun 2014
Jharkhand,Deogarh,Madhupur,C.T.C. Dust,Beverages,0.1,16000,17000,17000,19 Jun 2014
Jharkhand,Deogarh,Madhupur,Assam C.T.C. Leaf,Beverages,0.1,25000,26000,26000,19 Jun 2014
Jharkhand,Deogarh,Madhupur,C.T.C. Dust,Beverages,0.1,16000,17000,17000,06 Jun 2014
Jharkhand,Deogarh,Madhupur,Assam C.T.C. Leaf,Beverages,0.1,26000,27000,27000,06 Jun 2014
Jharkhand,Deogarh,Madhupur,C.T.C. Dust,Beverages,0.1,16000,17000,17000,04 Jun 2014
Jharkhand,Deogarh,Madhupur,Assam C.T.C. Leaf,Beverages,0.1,26000,27000,27000,04 Jun 2014
Jharkhand,Deogarh,Madhupur,C.T.C. Dust,Beverages,0.05,16000,17000,17000,03 Jun 2014
Jharkhand,Deogarh,Madhupur,Assam C.T.C. Leaf,Beverages,0.05,26000,27000,27000,03 Jun 2014
Jharkhand,Deogarh,Madhupur,C.T.C. Dust,Beverages,0.1,16000,17000,17000,26 May 2014
Jharkhand,Deogarh,Madhupur,Assam C.T.C. Leaf,Beverages,0.1,25000,26000,26000,26 May 2014
Jharkhand,Deogarh,Madhupur,C.T.C. Dust,Beverages,0.1,16000,17000,17000,23 May 2014
Jharkhand,Deogarh,Madhupur,Assam C.T.C. Leaf,Beverages,0.1,25000,26000,26000,23 May 2014
Jharkhand,Deogarh,Madhupur,C.T.C. Dust,Beverages,0.1,16000,17000,17000,21 May 2014
Jharkhand,Deogarh,Madhupur,Assam C.T.C. Leaf,Beverages,0.1,25000,26000,26000,21 May 2014
Jharkhand,Deogarh,Madhupur,C.T.C. Dust,Beverages,0.05,16000,17000,17000,17 May 2014
Jharkhand,Deogarh,Madhupur,Assam C.T.C. Leaf,Beverages,0.05,25000,26000,26000,17 May 2014
Jharkhand,Deogarh,Madhupur,C.T.C. Dust,Beverages,0.1,16000,17000,17000,16 May 2014
Jharkhand,Deogarh,Madhupur,Assam C.T.C. Leaf,Beverages,0.1,25000,26000,26000,16 May 2014
Jharkhand,Deogarh,Madhupur,C.T.C. Dust,Beverages,0.1,16000,17000,17000,15 May 2014
Jharkhand,Deogarh,Madhupur,Assam C.T.C. Leaf,Beverages,0.1,25000,26000,26000,15 May 2014
Jharkhand,Deogarh,Madhupur,C.T.C. Dust,Beverages,0.1,16000,17000,17000,12 May 2014
Jharkhand,Deogarh,Madhupur,Assam C.T.C. Leaf,Beverages,0.1,25000,26000,26000,12 May 2014
Jharkhand,Deogarh,Madhupur,C.T.C. Dust,Beverages,0.1,16000,17000,17000,10 May 2014
Jharkhand,Deogarh,Madhupur,Assam C.T.C. Leaf,Beverages,0.1,25000,26000,26000,10 May 2014
Jharkhand,Deogarh,Madhupur,C.T.C. Dust,Beverages,0.1,16000,17000,17000,09 May 2014
Jharkhand,Deogarh,Madhupur,Assam C.T.C. Leaf,Beverages,0.1,25000,26000,26000,09 May 2014
Jharkhand,Deogarh,Madhupur,C.T.C. Dust,Beverages,0.1,16000,17000,17000,07 May 2014
Jharkhand,Deogarh,Madhupur,Assam C.T.C. Leaf,Beverages,0.1,25000,26000,26000,07 May 2014
Jharkhand,Deogarh,Madhupur,C.T.C. Dust,Beverages,0.05,16000,17000,17000,05 May 2014
Jharkhand,Deogarh,Madhupur,Assam C.T.C. Leaf,Beverages,0.05,25000,26000,26000,05 May 2014
Jharkhand,Deogarh,Madhupur,Assam C.T.C. Leaf,Beverages,0.05,25000,26000,26000,03 May 2014
Jharkhand,Deogarh,Madhupur,Assam C.T.C. Leaf,Beverages,0.1,26000,27000,27000,02 May 2014
Jharkhand,Deogarh,Madhupur,C.T.C. Dust,Beverages,0.1,16000,17000,17000,21 Apr 2014
Jharkhand,Deogarh,Madhupur,Assam C.T.C. Leaf,Beverages,0.1,25000,26000,26000,21 Apr 2014
Jharkhand,Deogarh,Madhupur,C.T.C. Dust,Beverages,0.1,16000,17000,17000,16 Apr 2014
Jharkhand,Deogarh,Madhupur,Assam C.T.C. Leaf,Beverages,0.1,25000,26000,26000,16 Apr 2014
Jharkhand,Deogarh,Madhupur,C.T.C. Dust,Beverages,0.1,16000,17000,17000,15 Apr 2014
Jharkhand,Deogarh,Madhupur,Assam C.T.C. Leaf,Beverages,0.1,25000,26000,26000,15 Apr 2014
Jharkhand,Deogarh,Madhupur,C.T.C. Dust,Beverages,0.1,16000,17000,17000,12 Apr 2014
Jharkhand,Deogarh,Madhupur,Assam C.T.C. Leaf,Beverages,0.1,25000,26000,26000,12 Apr 2014
Jharkhand,Deogarh,Madhupur,C.T.C. Dust,Beverages,0.1,16000,17000,17000,11 Apr 2014
Jharkhand,Deogarh,Madhupur,Assam C.T.C. Leaf,Beverages,0.1,26000,27000,27000,11 Apr 2014
Jharkhand,Deogarh,Madhupur,C.T.C. Dust,Beverages,0.1,16000,17000,17000,10 Apr 2014
Jharkhand,Deogarh,Madhupur,Assam C.T.C. Leaf,Beverages,0.1,25000,26000,26000,10 Apr 2014
Jharkhand,Deogarh,Madhupur,C.T.C. Dust,Beverages,0.1,16000,17000,17000,09 Apr 2014
Jharkhand,Deogarh,Madhupur,Assam C.T.C. Leaf,Beverages,0.1,25000,26000,26000,09 Apr 2014
Jharkhand,Deogarh,Madhupur,C.T.C. Dust,Beverages,0.1,16000,17000,17000,05 Apr 2014
Jharkhand,Deogarh,Madhupur,Assam C.T.C. Leaf,Beverages,0.1,25000,26000,26000,05 Apr 2014
Jharkhand,Deogarh,Madhupur,C.T.C. Dust,Beverages,0.1,16000,17000,17000,04 Apr 2014
Jharkhand,Deogarh,Madhupur,Assam C.T.C. Leaf,Beverages,0.1,25000,26000,26000,04 Apr 2014
Jharkhand,Deogarh,Madhupur,C.T.C. Dust,Beverages,0.1,16000,17000,17000,03 Apr 2014
Jharkhand,Deogarh,Madhupur,Assam C.T.C. Leaf,Beverages,0.1,25000,26000,26000,03 Apr 2014
Jharkhand,Deogarh,Madhupur,C.T.C. Dust,Beverages,0.1,16000,17000,17000,01 Apr 2014
Jharkhand,Deogarh,Madhupur,Assam C.T.C. Leaf,Beverages,0.1,25000,26000,26000,01 Apr 2014
Jharkhand,Deogarh,Madhupur,C.T.C. Dust,Beverages,0.1,16000,17000,17000,28 Mar 2014
Jharkhand,Deogarh,Madhupur,Assam C.T.C. Leaf,Beverages,0.1,25000,26000,26000,28 Mar 2014
Jharkhand,Deogarh,Madhupur,C.T.C. Dust,Beverages,0.1,16000,17000,17000,27 Mar 2014
Jharkhand,Deogarh,Madhupur,Assam C.T.C. Leaf,Beverages,0.1,25000,26000,26000,27 Mar 2014
Jharkhand,Deogarh,Madhupur,C.T.C. Dust,Beverages,0.1,16000,17000,17000,26 Mar 2014
Jharkhand,Deogarh,Madhupur,Assam C.T.C. Leaf,Beverages,0.1,25000,26000,26000,26 Mar 2014
Jharkhand,Deogarh,Madhupur,C.T.C. Dust,Beverages,0.1,16000,17000,17000,24 Mar 2014
Jharkhand,Deogarh,Madhupur,Assam C.T.C. Leaf,Beverages,0.1,25000,26000,26000,24 Mar 2014
Jharkhand,Deogarh,Madhupur,C.T.C. Dust,Beverages,0.1,16000,17000,17000,21 Mar 2014
Jharkhand,Deogarh,Madhupur,Assam C.T.C. Leaf,Beverages,0.1,25000,26000,26000,21 Mar 2014
Jharkhand,Deogarh,Madhupur,C.T.C. Dust,Beverages,0.1,16000,17000,17000,19 Mar 2014
Jharkhand,Deogarh,Madhupur,Assam C.T.C. Leaf,Beverages,0.1,25000,26000,26000,19 Mar 2014
Jharkhand,Deogarh,Madhupur,C.T.C. Dust,Beverages,0.1,16000,17000,17000,13 Mar 2014
Jharkhand,Deogarh,Madhupur,Assam C.T.C. Leaf,Beverages,0.1,25000,26000,26000,13 Mar 2014
Jharkhand,Deogarh,Madhupur,C.T.C. Dust,Beverages,0.1,16000,17000,17000,11 Mar 2014
Jharkhand,Deogarh,Madhupur,Assam C.T.C. Leaf,Beverages,0.1,25000,26000,26000,11 Mar 2014
Jharkhand,Deogarh,Madhupur,Assam C.T.C. Leaf,Beverages,0.1,25000,26000,26000,08 Mar 2014
Jharkhand,Deogarh,Madhupur,Assam C.T.C. Leaf,Beverages,0.05,25000,26000,26000,07 Mar 2014
Jharkhand,Deogarh,Madhupur,Assam C.T.C. Leaf,Beverages,0.05,25000,26000,26000,06 Mar 2014
Jharkhand,Deogarh,Madhupur,Assam C.T.C. Leaf,Beverages,0.1,25000,26000,26000,05 Mar 2014
Jharkhand,Deogarh,Madhupur,Assam C.T.C. Leaf,Beverages,0.1,25000,26000,26000,04 Mar 2014
Jharkhand,Deogarh,Madhupur,C.T.C. Dust,Beverages,0.1,16000,17000,17000,28 Feb 2014
Jharkhand,Deogarh,Madhupur,Assam C.T.C. Leaf,Beverages,0.1,25000,26000,26000,28 Feb 2014
Jharkhand,Deogarh,Madhupur,C.T.C. Dust,Beverages,0.1,16000,17000,17000,26 Feb 2014
Jharkhand,Deogarh,Madhupur,Assam C.T.C. Leaf,Beverages,0.1,25000,26000,26000,26 Feb 2014
Jharkhand,Deogarh,Madhupur,C.T.C. Dust,Beverages,0.1,16000,17000,17000,24 Feb 2014
Jharkhand,Deogarh,Madhupur,Assam C.T.C. Leaf,Beverages,0.1,25000,26000,26000,24 Feb 2014
Jharkhand,Deogarh,Madhupur,C.T.C. Dust,Beverages,0.1,16000,17000,17000,21 Feb 2014
Jharkhand,Deogarh,Madhupur,Assam C.T.C. Leaf,Beverages,0.1,25000,26000,26000,21 Feb 2014
Jharkhand,Deogarh,Madhupur,C.T.C. Dust,Beverages,0.2,16000,17000,17000,20 Feb 2014
Jharkhand,Deogarh,Madhupur,Assam C.T.C. Leaf,Beverages,0.2,25000,26000,26000,20 Feb 2014
Jharkhand,Deogarh,Madhupur,C.T.C. Dust,Beverages,0.1,16000,17000,17000,19 Feb 2014
Jharkhand,Deogarh,Madhupur,Assam C.T.C. Leaf,Beverages,0.1,25000,26000,26000,19 Feb 2014
Jharkhand,Deogarh,Madhupur,C.T.C. Dust,Beverages,0.1,16000,17000,17000,18 Feb 2014
Jharkhand,Deogarh,Madhupur,Assam C.T.C. Leaf,Beverages,0.1,25000,26000,26000,18 Feb 2014
Jharkhand,Deogarh,Madhupur,C.T.C. Dust,Beverages,0.1,16000,17000,17000,17 Feb 2014
Jharkhand,Deogarh,Madhupur,Assam C.T.C. Leaf,Beverages,0.1,25000,26000,26000,17 Feb 2014
Jharkhand,Deogarh,Madhupur,C.T.C. Dust,Beverages,0.1,16000,17000,17000,15 Feb 2014
Jharkhand,Deogarh,Madhupur,Assam C.T.C. Leaf,Beverages,0.1,25000,26000,26000,15 Feb 2014
Jharkhand,Deogarh,Madhupur,C.T.C. Dust,Beverages,0.05,16000,17000,17000,13 Feb 2014
Jharkhand,Deogarh,Madhupur,Assam C.T.C. Leaf,Beverages,0.05,25000,26000,26000,13 Feb 2014
Jharkhand,Deogarh,Madhupur,C.T.C. Dust,Beverages,0.1,16000,17000,17000,11 Feb 2014
Jharkhand,Deogarh,Madhupur,Assam C.T.C. Leaf,Beverages,0.1,25000,26000,26000,11 Feb 2014
Jharkhand,Deogarh,Madhupur,C.T.C. Dust,Beverages,0.1,16000,17000,17000,10 Feb 2014
Jharkhand,Deogarh,Madhupur,Assam C.T.C. Leaf,Beverages,0.1,25000,26000,26000,10 Feb 2014
Jharkhand,Deogarh,Madhupur,C.T.C. Dust,Beverages,0.1,16000,17000,17000,08 Feb 2014
Jharkhand,Deogarh,Madhupur,Assam C.T.C. Leaf,Beverages,0.1,25000,26000,26000,08 Feb 2014
Jharkhand,Deogarh,Madhupur,C.T.C. Dust,Beverages,0.1,16000,17000,17000,07 Feb 2014
Jharkhand,Deogarh,Madhupur,Assam C.T.C. Leaf,Beverages,0.1,25000,26000,26000,07 Feb 2014
Jharkhand,Deogarh,Madhupur,C.T.C. Dust,Beverages,0.1,16000,17000,17000,06 Feb 2014
Jharkhand,Deogarh,Madhupur,Assam C.T.C. Leaf,Beverages,0.1,25000,26000,26000,06 Feb 2014
Jharkhand,Deogarh,Madhupur,C.T.C. Dust,Beverages,0.1,16000,17000,17000,05 Feb 2014
Jharkhand,Deogarh,Madhupur,Assam C.T.C. Leaf,Beverages,0.1,25000,26000,26000,05 Feb 2014
Jharkhand,Deogarh,Madhupur,C.T.C. Dust,Beverages,0.1,16000,17000,17000,03 Feb 2014
Jharkhand,Deogarh,Madhupur,Assam C.T.C. Leaf,Beverages,0.1,25000,26000,26000,03 Feb 2014
Jharkhand,Deogarh,Madhupur,Assam C.T.C. Leaf,Beverages,0.1,25000,26000,26000,01 Feb 2014
Jharkhand,Deogarh,Madhupur,C.T.C. Dust,Beverages,0.1,16000,17000,17000,31 Jan 2014
Jharkhand,Deogarh,Madhupur,Assam C.T.C. Leaf,Beverages,0.1,25000,26000,26000,31 Jan 2014
Jharkhand,Deogarh,Madhupur,C.T.C. Dust,Beverages,0.1,16000,17000,17000,30 Jan 2014
Jharkhand,Deogarh,Madhupur,Assam C.T.C. Leaf,Beverages,0.1,25000,26000,26000,30 Jan 2014
Jharkhand,Deogarh,Madhupur,C.T.C. Dust,Beverages,0.1,16000,17000,17000,29 Jan 2014
Jharkhand,Deogarh,Madhupur,Assam C.T.C. Leaf,Beverages,0.1,25000,26000,26000,29 Jan 2014
Jharkhand,Deogarh,Madhupur,C.T.C. Dust,Beverages,0.05,16000,17000,17000,28 Jan 2014
Jharkhand,Deogarh,Madhupur,Assam C.T.C. Leaf,Beverages,0.05,25000,26000,26000,28 Jan 2014
Jharkhand,Deogarh,Madhupur,C.T.C. Dust,Beverages,0.1,16000,17000,17000,27 Jan 2014
Jharkhand,Deogarh,Madhupur,Assam C.T.C. Leaf,Beverages,0.1,25000,26000,26000,27 Jan 2014
Jharkhand,Deogarh,Madhupur,C.T.C. Dust,Beverages,0.1,16000,17000,17000,25 Jan 2014
Jharkhand,Deogarh,Madhupur,Assam C.T.C. Leaf,Beverages,0.1,25000,26000,26000,25 Jan 2014
Jharkhand,Deogarh,Madhupur,C.T.C. Dust,Beverages,0.1,16000,17000,17000,24 Jan 2014
Jharkhand,Deogarh,Madhupur,Assam C.T.C. Leaf,Beverages,0.1,25000,26000,26000,24 Jan 2014
Jharkhand,Deogarh,Madhupur,C.T.C. Dust,Beverages,0.1,16000,17000,17000,22 Jan 2014
Jharkhand,Deogarh,Madhupur,Assam C.T.C. Leaf,Beverages,0.1,25000,26000,26000,22 Jan 2014
Jharkhand,Deogarh,Madhupur,C.T.C. Dust,Beverages,0.1,16000,17000,17000,18 Jan 2014
Jharkhand,Deogarh,Madhupur,Assam C.T.C. Leaf,Beverages,0.1,25000,26000,26000,18 Jan 2014
Jharkhand,Deogarh,Madhupur,C.T.C. Dust,Beverages,0.1,16000,17000,17000,17 Jan 2014
Jharkhand,Deogarh,Madhupur,Assam C.T.C. Leaf,Beverages,0.1,25000,26000,26000,17 Jan 2014
Jharkhand,Deogarh,Madhupur,Assam C.T.C. Leaf,Beverages,0.1,25000,26000,26000,16 Jan 2014
Jharkhand,Deogarh,Madhupur,C.T.C. Dust,Beverages,0.1,16000,17000,17000,13 Jan 2014
Jharkhand,Deogarh,Madhupur,Assam C.T.C. Leaf,Beverages,0.1,25000,26000,26000,13 Jan 2014
Jharkhand,Deogarh,Madhupur,C.T.C. Dust,Beverages,0.2,16000,17000,17000,10 Jan 2014
Jharkhand,Deogarh,Madhupur,Assam C.T.C. Leaf,Beverages,0.2,25000,26000,26000,10 Jan 2014
Jharkhand,Deogarh,Madhupur,C.T.C. Dust,Beverages,0.5,16000,17000,17000,09 Jan 2014
Jharkhand,Deogarh,Madhupur,Assam C.T.C. Leaf,Beverages,0.5,25000,26000,26000,09 Jan 2014
Jharkhand,Deogarh,Madhupur,C.T.C. Dust,Beverages,0.1,16000,17000,17000,08 Jan 2014
Jharkhand,Deogarh,Madhupur,Assam C.T.C. Leaf,Beverages,0.1,25000,26000,26000,08 Jan 2014
Jharkhand,Deogarh,Madhupur,C.T.C. Dust,Beverages,0.1,16000,17000,17000,04 Jan 2014
Jharkhand,Deogarh,Madhupur,Assam C.T.C. Leaf,Beverages,0.1,25000,26000,26000,04 Jan 2014
Jharkhand,Deogarh,Madhupur,C.T.C. Dust,Beverages,0.1,16000,17000,17000,03 Jan 2014
Jharkhand,Deogarh,Madhupur,Assam C.T.C. Leaf,Beverages,0.1,25000,26000,26000,03 Jan 2014
Jharkhand,Deogarh,Madhupur,C.T.C. Dust,Beverages,0.1,16000,17000,17000,02 Jan 2014
Jharkhand,Deogarh,Madhupur,Assam C.T.C. Leaf,Beverages,0.1,25000,26000,26000,02 Jan 2014
Jharkhand,Deogarh,Madhupur,C.T.C. Dust,Beverages,0.05,16000,17000,17000,28 Dec 2013
Jharkhand,Deogarh,Madhupur,Assam C.T.C. Leaf,Beverages,0.05,25000,26000,26000,28 Dec 2013
Jharkhand,Deogarh,Madhupur,C.T.C. Dust,Beverages,0.5,16000,17000,17000,26 Dec 2013
Jharkhand,Deogarh,Madhupur,Assam C.T.C. Leaf,Beverages,0.5,25000,26000,26000,26 Dec 2013
Jharkhand,Deogarh,Madhupur,C.T.C. Dust,Beverages,0.5,16000,17000,17000,21 Dec 2013
Jharkhand,Deogarh,Madhupur,Assam C.T.C. Leaf,Beverages,0.5,25000,26000,26000,21 Dec 2013
Jharkhand,Deogarh,Madhupur,C.T.C. Dust,Beverages,0.1,16000,17000,17000,20 Dec 2013
Jharkhand,Deogarh,Madhupur,Assam C.T.C. Leaf,Beverages,0.1,25000,26000,26000,20 Dec 2013
Jharkhand,Deogarh,Madhupur,C.T.C. Dust,Beverages,0.1,16000,17000,17000,18 Dec 2013
Jharkhand,Deogarh,Madhupur,Assam C.T.C. Leaf,Beverages,0.1,25000,26000,26000,18 Dec 2013
Jharkhand,Deogarh,Madhupur,C.T.C. Dust,Beverages,0.1,16000,17000,17000,16 Dec 2013
Jharkhand,Deogarh,Madhupur,Assam C.T.C. Leaf,Beverages,0.1,25000,26000,26000,16 Dec 2013
Jharkhand,Deogarh,Madhupur,C.T.C. Dust,Beverages,0.05,16000,17000,17000,14 Dec 2013
Jharkhand,Deogarh,Madhupur,Assam C.T.C. Leaf,Beverages,0.05,25000,26000,26000,14 Dec 2013
Jharkhand,Deogarh,Madhupur,C.T.C. Dust,Beverages,0.1,16000,17000,17000,13 Dec 2013
Jharkhand,Deogarh,Madhupur,Assam C.T.C. Leaf,Beverages,0.1,25000,26000,26000,13 Dec 2013
Jharkhand,Deogarh,Madhupur,C.T.C. Dust,Beverages,0.1,16000,17000,17000,12 Dec 2013
Jharkhand,Deogarh,Madhupur,Assam C.T.C. Leaf,Beverages,0.1,25000,26000,26000,12 Dec 2013
Jharkhand,Deogarh,Madhupur,C.T.C. Dust,Beverages,0.1,16000,17000,17000,11 Dec 2013
Jharkhand,Deogarh,Madhupur,Assam C.T.C. Leaf,Beverages,0.1,25000,26000,26000,11 Dec 2013
Jharkhand,Deogarh,Madhupur,C.T.C. Dust,Beverages,0.1,16000,17000,17000,10 Dec 2013
Jharkhand,Deogarh,Madhupur,Assam C.T.C. Leaf,Beverages,0.1,25000,26000,26000,10 Dec 2013
Jharkhand,Deogarh,Madhupur,C.T.C. Dust,Beverages,0.5,16000,17000,17000,09 Dec 2013
Jharkhand,Deogarh,Madhupur,Assam C.T.C. Leaf,Beverages,0.5,25000,26000,26000,09 Dec 2013
Jharkhand,Deogarh,Madhupur,Assam C.T.C. Leaf,Beverages,0.05,25000,26000,26000,07 Dec 2013
Jharkhand,Deogarh,Madhupur,Assam C.T.C. Leaf,Beverages,0.5,25000,26000,26000,05 Dec 2013
Jharkhand,Deogarh,Madhupur,Assam C.T.C. Leaf,Beverages,2.0,25000,26000,26000,04 Dec 2013
Jharkhand,Deogarh,Madhupur,C.T.C. Dust,Beverages,0.15,16000,17000,17000,27 Nov 2013
Jharkhand,Deogarh,Madhupur,Assam C.T.C. Leaf,Beverages,0.15,25000,26000,26000,27 Nov 2013
Jharkhand,Deogarh,Madhupur,C.T.C. Dust,Beverages,0.5,16000,17000,17000,26 Nov 2013
Jharkhand,Deogarh,Madhupur,Assam C.T.C. Leaf,Beverages,0.5,25000,26000,26000,26 Nov 2013
Jharkhand,Deogarh,Madhupur,C.T.C. Dust,Beverages,0.1,16000,17000,17000,21 Nov 2013
Jharkhand,Deogarh,Madhupur,Assam C.T.C. Leaf,Beverages,0.1,24000,25000,25000,21 Nov 2013
Jharkhand,Deogarh,Madhupur,C.T.C. Dust,Beverages,0.02,16000,17000,17000,16 Nov 2013
Jharkhand,Deogarh,Madhupur,Assam C.T.C. Leaf,Beverages,0.02,24000,25000,25000,16 Nov 2013
Jharkhand,Deogarh,Madhupur,C.T.C. Dust,Beverages,0.1,16000,17000,17000,13 Nov 2013
Jharkhand,Deogarh,Madhupur,Assam C.T.C. Leaf,Beverages,0.1,25000,26000,26000,13 Nov 2013
Jharkhand,Deogarh,Madhupur,C.T.C. Dust,Beverages,0.05,16000,17000,17000,11 Nov 2013
Jharkhand,Deogarh,Madhupur,Assam C.T.C. Leaf,Beverages,0.05,25000,26000,26000,11 Nov 2013
Jharkhand,Deogarh,Madhupur,C.T.C. Dust,Beverages,0.05,16000,17000,17000,07 Nov 2013
Jharkhand,Deogarh,Madhupur,Assam C.T.C. Leaf,Beverages,0.05,25000,26000,26000,07 Nov 2013
Jharkhand,Deogarh,Madhupur,C.T.C. Dust,Beverages,0.02,16000,17000,17000,06 Nov 2013
Jharkhand,Deogarh,Madhupur,Assam C.T.C. Leaf,Beverages,0.02,25000,26000,26000,06 Nov 2013
Jharkhand,Deogarh,Madhupur,C.T.C. Dust,Beverages,0.05,16000,17000,17000,04 Nov 2013
Jharkhand,Deogarh,Madhupur,Assam C.T.C. Leaf,Beverages,0.05,25000,26000,26000,04 Nov 2013
Jharkhand,Deogarh,Madhupur,C.T.C. Dust,Beverages,0.05,16000,17000,17000,02 Nov 2013
Jharkhand,Deogarh,Madhupur,Assam C.T.C. Leaf,Beverages,0.05,25000,26000,26000,02 Nov 2013
Jharkhand,Deogarh,Madhupur,C.T.C. Dust,Beverages,0.02,16000,17000,17000,01 Nov 2013
Jharkhand,Deogarh,Madhupur,Assam C.T.C. Leaf,Beverages,0.02,25000,26000,26000,01 Nov 2013
Jharkhand,Deogarh,Madhupur,C.T.C. Dust,Beverages,0.05,16000,17000,17000,28 Oct 2013
Jharkhand,Deogarh,Madhupur,Assam C.T.C. Leaf,Beverages,0.05,25000,26000,26000,28 Oct 2013
Jharkhand,Deogarh,Madhupur,C.T.C. Dust,Beverages,0.1,16000,17000,17000,26 Oct 2013
Jharkhand,Deogarh,Madhupur,Assam C.T.C. Leaf,Beverages,0.1,25000,26000,26000,26 Oct 2013
Jharkhand,Deogarh,Madhupur,C.T.C. Dust,Beverages,0.05,16000,17000,17000,24 Oct 2013
Jharkhand,Deogarh,Madhupur,Assam C.T.C. Leaf,Beverages,0.05,25000,26000,26000,24 Oct 2013
Jharkhand,Deogarh,Madhupur,C.T.C. Dust,Beverages,0.05,16000,17000,17000,21 Oct 2013
Jharkhand,Deogarh,Madhupur,Assam C.T.C. Leaf,Beverages,0.05,25000,26000,26000,21 Oct 2013
Jharkhand,Deogarh,Madhupur,C.T.C. Dust,Beverages,0.05,16000,17000,17000,10 Oct 2013
Jharkhand,Deogarh,Madhupur,Assam C.T.C. Leaf,Beverages,0.05,25000,26000,26000,10 Oct 2013
Jharkhand,Deogarh,Madhupur,C.T.C. Dust,Beverages,0.05,16000,17000,17000,09 Oct 2013
Jharkhand,Deogarh,Madhupur,Assam C.T.C. Leaf,Beverages,0.05,25000,26000,26000,09 Oct 2013
Jharkhand,Deogarh,Madhupur,C.T.C. Dust,Beverages,0.05,16000,17000,17000,08 Oct 2013
Jharkhand,Deogarh,Madhupur,Assam C.T.C. Leaf,Beverages,0.05,25000,26000,26000,08 Oct 2013
Jharkhand,Deogarh,Madhupur,C.T.C. Dust,Beverages,0.05,16000,17000,17000,05 Oct 2013
Jharkhand,Deogarh,Madhupur,Assam C.T.C. Leaf,Beverages,0.05,25000,26000,26000,05 Oct 2013
Jharkhand,Deogarh,Madhupur,C.T.C. Dust,Beverages,0.05,16000,17000,17000,03 Oct 2013
Jharkhand,Deogarh,Madhupur,Assam C.T.C. Leaf,Beverages,0.05,25000,26000,26000,03 Oct 2013
Jharkhand,Deogarh,Madhupur,C.T.C. Dust,Beverages,0.05,16000,17000,17000,01 Oct 2013
Jharkhand,Deogarh,Madhupur,Assam C.T.C. Leaf,Beverages,0.05,25000,26000,26000,01 Oct 2013
Jharkhand,Deogarh,Madhupur,C.T.C. Dust,Beverages,0.05,16000,17000,17000,30 Sep 2013
Jharkhand,Deogarh,Madhupur,Assam C.T.C. Leaf,Beverages,0.05,25000,26000,26000,30 Sep 2013
Jharkhand,Deogarh,Madhupur,C.T.C. Dust,Beverages,0.05,16000,17000,17000,27 Sep 2013
Jharkhand,Deogarh,Madhupur,Assam C.T.C. Leaf,Beverages,0.05,25000,26000,26000,27 Sep 2013
Jharkhand,Deogarh,Madhupur,C.T.C. Dust,Beverages,0.05,16000,17000,17000,26 Sep 2013
Jharkhand,Deogarh,Madhupur,Assam C.T.C. Leaf,Beverages,0.05,25000,26000,26000,26 Sep 2013
Jharkhand,Deogarh,Madhupur,C.T.C. Dust,Beverages,0.05,16000,17000,17000,25 Sep 2013
Jharkhand,Deogarh,Madhupur,Assam C.T.C. Leaf,Beverages,0.05,25000,26000,26000,25 Sep 2013
Jharkhand,Deogarh,Madhupur,C.T.C. Dust,Beverages,0.02,16000,17000,17000,24 Sep 2013
Jharkhand,Deogarh,Madhupur,Assam C.T.C. Leaf,Beverages,0.02,25000,26000,26000,24 Sep 2013
Jharkhand,Deogarh,Madhupur,C.T.C. Dust,Beverages,0.02,16000,17000,17000,23 Sep 2013
Jharkhand,Deogarh,Madhupur,Assam C.T.C. Leaf,Beverages,0.02,25000,26000,26000,23 Sep 2013
Jharkhand,Deogarh,Madhupur,C.T.C. Dust,Beverages,0.1,16000,17000,17000,20 Sep 2013
Jharkhand,Deogarh,Madhupur,Assam C.T.C. Leaf,Beverages,0.1,25000,26000,26000,20 Sep 2013
Jharkhand,Deogarh,Madhupur,C.T.C. Dust,Beverages,0.05,16000,17000,17000,19 Sep 2013
Jharkhand,Deogarh,Madhupur,Assam C.T.C. Leaf,Beverages,0.05,25000,26000,26000,19 Sep 2013
Jharkhand,Deogarh,Madhupur,C.T.C. Dust,Beverages,0.02,16000,17000,17000,17 Sep 2013
Jharkhand,Deogarh,Madhupur,Assam C.T.C. Leaf,Beverages,0.02,25000,26000,26000,17 Sep 2013
Jharkhand,Deogarh,Madhupur,C.T.C. Dust,Beverages,0.05,16000,17000,17000,12 Sep 2013
Jharkhand,Deogarh,Madhupur,Assam C.T.C. Leaf,Beverages,0.05,25000,26000,26000,12 Sep 2013
Jharkhand,Deogarh,Madhupur,C.T.C. Dust,Beverages,0.05,16000,17000,17000,06 Sep 2013
Jharkhand,Deogarh,Madhupur,Assam C.T.C. Leaf,Beverages,0.05,25000,26000,26000,06 Sep 2013
Jharkhand,Deogarh,Madhupur,C.T.C. Dust,Beverages,0.02,16000,17000,17000,04 Sep 2013
Jharkhand,Deogarh,Madhupur,Assam C.T.C. Leaf,Beverages,0.02,25000,26000,26000,04 Sep 2013
Jharkhand,Deogarh,Madhupur,C.T.C. Dust,Beverages,0.05,16000,17000,17000,03 Sep 2013
Jharkhand,Deogarh,Madhupur,Assam C.T.C. Leaf,Beverages,0.05,25000,26000,26000,03 Sep 2013
Jharkhand,Deogarh,Madhupur,C.T.C. Dust,Beverages,0.05,16000,17000,17000,02 Sep 2013
Jharkhand,Deogarh,Madhupur,Assam C.T.C. Leaf,Beverages,0.05,25000,26000,26000,02 Sep 2013
Jharkhand,Deogarh,Madhupur,C.T.C. Dust,Beverages,0.05,16000,17000,17000,29 Aug 2013
Jharkhand,Deogarh,Madhupur,Assam C.T.C. Leaf,Beverages,0.05,25000,26000,26000,29 Aug 2013
Jharkhand,Deogarh,Madhupur,C.T.C. Dust,Beverages,0.1,16000,17000,17000,27 Aug 2013
Jharkhand,Deogarh,Madhupur,Assam C.T.C. Leaf,Beverages,0.1,25000,26000,26000,27 Aug 2013
Jharkhand,Deogarh,Madhupur,C.T.C. Dust,Beverages,0.05,16000,17000,17000,24 Aug 2013
Jharkhand,Deogarh,Madhupur,Assam C.T.C. Leaf,Beverages,0.05,25000,26000,26000,24 Aug 2013
Jharkhand,Deogarh,Madhupur,C.T.C. Dust,Beverages,0.05,16000,17000,17000,23 Aug 2013
Jharkhand,Deogarh,Madhupur,Assam C.T.C. Leaf,Beverages,0.05,25000,26000,26000,23 Aug 2013
Jharkhand,Deogarh,Madhupur,C.T.C. Dust,Beverages,0.05,16000,17000,17000,17 Aug 2013
Jharkhand,Deogarh,Madhupur,Assam C.T.C. Leaf,Beverages,0.05,25000,26000,26000,17 Aug 2013
Jharkhand,Deogarh,Madhupur,C.T.C. Dust,Beverages,0.05,16000,17000,17000,14 Aug 2013
Jharkhand,Deogarh,Madhupur,Assam C.T.C. Leaf,Beverages,0.05,25000,26000,26000,14 Aug 2013
Jharkhand,Deogarh,Madhupur,C.T.C. Dust,Beverages,0.05,16000,17000,17000,12 Aug 2013
Jharkhand,Deogarh,Madhupur,Assam C.T.C. Leaf,Beverages,0.05,25000,26000,26000,12 Aug 2013
Jharkhand,Deogarh,Madhupur,C.T.C. Dust,Beverages,0.02,16000,17000,17000,10 Aug 2013
Jharkhand,Deogarh,Madhupur,Assam C.T.C. Leaf,Beverages,0.02,25000,26000,26000,10 Aug 2013
Jharkhand,Deogarh,Madhupur,C.T.C. Dust,Beverages,0.1,16000,17000,17000,08 Aug 2013
Jharkhand,Deogarh,Madhupur,Assam C.T.C. Leaf,Beverages,0.1,25000,26000,26000,08 Aug 2013
Jharkhand,Deogarh,Madhupur,C.T.C. Dust,Beverages,0.1,16000,17000,17000,05 Aug 2013
Jharkhand,Deogarh,Madhupur,Assam C.T.C. Leaf,Beverages,0.1,25000,26000,26000,05 Aug 2013
Jharkhand,Deogarh,Madhupur,Assam C.T.C. Leaf,Beverages,0.02,25000,26000,26000,01 Aug 2013
Jharkhand,Deogarh,Madhupur,C.T.C. Dust,Beverages,0.05,16000,17000,17000,31 Jul 2013
Jharkhand,Deogarh,Madhupur,Assam C.T.C. Leaf,Beverages,0.05,25000,26000,26000,31 Jul 2013
Jharkhand,Deogarh,Madhupur,C.T.C. Dust,Beverages,0.02,16000,17000,17000,27 Jul 2013
Jharkhand,Deogarh,Madhupur,Assam C.T.C. Leaf,Beverages,0.02,25000,26000,26000,27 Jul 2013
Jharkhand,Deogarh,Madhupur,C.T.C. Dust,Beverages,0.02,16000,17000,17000,22 Jul 2013
Jharkhand,Deogarh,Madhupur,Assam C.T.C. Leaf,Beverages,0.02,25000,26000,26000,22 Jul 2013
Jharkhand,Deogarh,Madhupur,C.T.C. Dust,Beverages,0.01,16000,17000,17000,20 Jul 2013
Jharkhand,Deogarh,Madhupur,Assam C.T.C. Leaf,Beverages,0.01,25000,26000,26000,20 Jul 2013
Jharkhand,Deogarh,Madhupur,C.T.C. Dust,Beverages,0.02,16000,17000,17000,13 Jul 2013
Jharkhand,Deogarh,Madhupur,Assam C.T.C. Leaf,Beverages,0.02,25000,26000,26000,13 Jul 2013
Jharkhand,Deogarh,Madhupur,C.T.C. Dust,Beverages,0.02,16000,17000,17000,12 Jul 2013
Jharkhand,Deogarh,Madhupur,Assam C.T.C. Leaf,Beverages,0.02,25000,26000,26000,12 Jul 2013
Jharkhand,Deogarh,Madhupur,C.T.C. Dust,Beverages,0.02,16000,17000,17000,11 Jul 2013
Jharkhand,Deogarh,Madhupur,Assam C.T.C. Leaf,Beverages,0.02,25000,26000,26000,11 Jul 2013
Jharkhand,Deogarh,Madhupur,C.T.C. Dust,Beverages,0.1,16000,17000,17000,06 Jul 2013
Jharkhand,Deogarh,Madhupur,Assam C.T.C. Leaf,Beverages,0.1,25000,26000,26000,06 Jul 2013
Jharkhand,Deogarh,Madhupur,C.T.C. Dust,Beverages,0.01,16000,17000,17000,04 Jul 2013
Jharkhand,Deogarh,Madhupur,Assam C.T.C. Leaf,Beverages,0.01,25000,26000,26000,04 Jul 2013
Jharkhand,Deogarh,Madhupur,C.T.C. Dust,Beverages,0.02,16000,17000,17000,02 Jul 2013
Jharkhand,Deogarh,Madhupur,Assam C.T.C. Leaf,Beverages,0.02,25000,26000,26000,02 Jul 2013
Jharkhand,Deogarh,Madhupur,C.T.C. Dust,Beverages,0.02,16000,17000,17000,01 Jul 2013
Jharkhand,Deogarh,Madhupur,Assam C.T.C. Leaf,Beverages,0.02,25000,26000,26000,01 Jul 2013
Jharkhand,Deogarh,Madhupur,C.T.C. Dust,Beverages,0.02,16000,17000,17000,29 Jun 2013
Jharkhand,Deogarh,Madhupur,Assam C.T.C. Leaf,Beverages,0.02,25000,26000,26000,29 Jun 2013
Jharkhand,Deogarh,Madhupur,C.T.C. Dust,Beverages,0.02,16000,17000,17000,28 Jun 2013
Jharkhand,Deogarh,Madhupur,Assam C.T.C. Leaf,Beverages,0.02,25000,26000,26000,28 Jun 2013
Jharkhand,Deogarh,Madhupur,C.T.C. Dust,Beverages,0.05,16000,17000,17000,27 Jun 2013
Jharkhand,Deogarh,Madhupur,Assam C.T.C. Leaf,Beverages,0.05,25000,26000,26000,27 Jun 2013
Jharkhand,Deogarh,Madhupur,C.T.C. Dust,Beverages,0.05,16000,17000,17000,26 Jun 2013
Jharkhand,Deogarh,Madhupur,Assam C.T.C. Leaf,Beverages,0.05,25000,26000,26000,26 Jun 2013
Jharkhand,Deogarh,Madhupur,C.T.C. Dust,Beverages,0.05,16000,17000,17000,22 Jun 2013
Jharkhand,Deogarh,Madhupur,Assam C.T.C. Leaf,Beverages,0.05,25000,26000,26000,22 Jun 2013
Jharkhand,Deogarh,Madhupur,C.T.C. Dust,Beverages,0.05,16000,17000,17000,21 Jun 2013
Jharkhand,Deogarh,Madhupur,Assam C.T.C. Leaf,Beverages,0.05,25000,26000,26000,21 Jun 2013
Jharkhand,Deogarh,Madhupur,C.T.C. Dust,Beverages,0.05,16000,17000,17000,20 Jun 2013
Jharkhand,Deogarh,Madhupur,Assam C.T.C. Leaf,Beverages,0.05,25000,26000,26000,20 Jun 2013
Jharkhand,Deogarh,Madhupur,C.T.C. Dust,Beverages,0.02,16000,17000,17000,17 Jun 2013
Jharkhand,Deogarh,Madhupur,Assam C.T.C. Leaf,Beverages,0.02,25000,26000,26000,17 Jun 2013
Jharkhand,Deogarh,Madhupur,C.T.C. Dust,Beverages,0.05,16000,17000,17000,14 Jun 2013
Jharkhand,Deogarh,Madhupur,Assam C.T.C. Leaf,Beverages,0.05,25000,26000,26000,14 Jun 2013
Jharkhand,Deogarh,Madhupur,C.T.C. Dust,Beverages,0.05,16000,17000,17000,13 Jun 2013
Jharkhand,Deogarh,Madhupur,Assam C.T.C. Leaf,Beverages,0.05,25000,26000,26000,13 Jun 2013
Jharkhand,Deogarh,Madhupur,C.T.C. Dust,Beverages,0.05,16000,17000,17000,11 Jun 2013
Jharkhand,Deogarh,Madhupur,Assam C.T.C. Leaf,Beverages,0.05,25000,26000,26000,11 Jun 2013
Jharkhand,Deogarh,Madhupur,C.T.C. Dust,Beverages,0.05,16000,17000,17000,10 Jun 2013
Jharkhand,Deogarh,Madhupur,Assam C.T.C. Leaf,Beverages,0.05,25000,26000,26000,10 Jun 2013
Jharkhand,Deogarh,Madhupur,Assam C.T.C. Leaf,Beverages,0.05,25000,26000,26000,07 Jun 2013
Jharkhand,Deogarh,Madhupur,Assam C.T.C. Dust,Beverages,0.05,16000,17000,17000,07 Jun 2013
Jharkhand,Deogarh,Madhupur,Assam C.T.C. Leaf,Beverages,0.1,25000,26000,26000,05 Jun 2013
Jharkhand,Deogarh,Madhupur,Assam C.T.C. Dust,Beverages,0.1,16000,17000,17000,05 Jun 2013
Jharkhand,Deogarh,Madhupur,Assam C.T.C. Leaf,Beverages,0.1,25000,26000,26000,03 Jun 2013
Jharkhand,Deogarh,Madhupur,Assam C.T.C. Dust,Beverages,0.1,16000,17000,17000,03 Jun 2013
Jharkhand,Deogarh,Madhupur,Assam C.T.C. Leaf,Beverages,0.1,25000,26000,26000,31 May 2013
Jharkhand,Deogarh,Madhupur,Assam C.T.C. Dust,Beverages,0.1,16000,17000,17000,31 May 2013
Jharkhand,Deogarh,Madhupur,Assam C.T.C. Leaf,Beverages,0.1,25000,26000,26000,30 May 2013
Jharkhand,Deogarh,Madhupur,Assam C.T.C. Dust,Beverages,0.1,16000,17000,17000,30 May 2013
Jharkhand,Deogarh,Madhupur,Assam C.T.C. Leaf,Beverages,0.1,25000,26000,26000,28 May 2013
Jharkhand,Deogarh,Madhupur,Assam C.T.C. Dust,Beverages,0.1,16000,17000,17000,28 May 2013
Jharkhand,Deogarh,Madhupur,Assam C.T.C. Leaf,Beverages,0.2,25000,26000,26000,27 May 2013
Jharkhand,Deogarh,Madhupur,Assam C.T.C. Dust,Beverages,0.2,16000,17000,17000,27 May 2013
Jharkhand,Deogarh,Madhupur,Assam C.T.C. Leaf,Beverages,0.02,25000,26000,26000,24 May 2013
Jharkhand,Deogarh,Madhupur,Assam C.T.C. Dust,Beverages,0.02,16000,17000,17000,24 May 2013
Jharkhand,Deogarh,Madhupur,Assam C.T.C. Leaf,Beverages,0.1,25000,26000,26000,18 May 2013
Jharkhand,Deogarh,Madhupur,Assam C.T.C. Dust,Beverages,0.1,16000,17000,17000,18 May 2013
Jharkhand,Deogarh,Madhupur,Assam C.T.C. Leaf,Beverages,0.1,25000,26000,26000,16 May 2013
Jharkhand,Deogarh,Madhupur,Assam C.T.C. Dust,Beverages,0.1,17000,18000,18000,16 May 2013
Jharkhand,Deogarh,Madhupur,Assam C.T.C. Leaf,Beverages,0.1,25000,26000,26000,15 May 2013
Jharkhand,Deogarh,Madhupur,Assam C.T.C. Dust,Beverages,0.1,17000,18000,18000,15 May 2013
Jharkhand,Deogarh,Madhupur,Assam C.T.C. Leaf,Beverages,0.1,23000,24000,24000,14 May 2013
Jharkhand,Deogarh,Madhupur,Assam C.T.C. Dust,Beverages,0.1,16000,17000,17000,14 May 2013
Jharkhand,Deogarh,Madhupur,Assam C.T.C. Leaf,Beverages,0.15,23000,24000,24000,13 May 2013
Jharkhand,Deogarh,Madhupur,Assam C.T.C. Dust,Beverages,0.15,16000,17000,17000,13 May 2013
Jharkhand,Deogarh,Madhupur,Assam C.T.C. Leaf,Beverages,0.05,23000,24000,24000,09 May 2013
Jharkhand,Deogarh,Madhupur,Assam C.T.C. Dust,Beverages,0.05,16000,17000,17000,09 May 2013
Jharkhand,Deogarh,Madhupur,Assam C.T.C. Leaf,Beverages,0.05,23000,24000,24000,08 May 2013
Jharkhand,Deogarh,Madhupur,Assam C.T.C. Dust,Beverages,0.05,16000,17000,17000,08 May 2013
Jharkhand,Deogarh,Madhupur,Assam C.T.C. Leaf,Beverages,0.02,23000,24000,24000,07 May 2013
Jharkhand,Deogarh,Madhupur,Assam C.T.C. Dust,Beverages,0.02,16000,17000,17000,07 May 2013
Jharkhand,Deogarh,Madhupur,Assam C.T.C. Leaf,Beverages,0.05,23000,24000,24000,06 May 2013
Jharkhand,Deogarh,Madhupur,Assam C.T.C. Dust,Beverages,0.05,16000,17000,17000,06 May 2013
Jharkhand,Deogarh,Madhupur,Assam C.T.C. Leaf,Beverages,0.02,23000,24000,24000,01 May 2013
Jharkhand,Deogarh,Madhupur,Assam C.T.C. Dust,Beverages,0.02,16000,17000,17000,01 May 2013
Jharkhand,Deogarh,Madhupur,Assam C.T.C. Leaf,Beverages,0.05,23000,24000,24000,25 Apr 2013
Jharkhand,Deogarh,Madhupur,Assam C.T.C. Dust,Beverages,0.05,16000,17000,17000,25 Apr 2013
Jharkhand,Deogarh,Madhupur,Assam C.T.C. Leaf,Beverages,0.1,23000,24000,24000,22 Apr 2013
Jharkhand,Deogarh,Madhupur,Assam C.T.C. Dust,Beverages,0.1,16000,17000,17000,22 Apr 2013
Jharkhand,Deogarh,Madhupur,Assam C.T.C. Leaf,Beverages,0.02,23000,24000,24000,16 Apr 2013
Jharkhand,Deogarh,Madhupur,Assam C.T.C. Dust,Beverages,0.02,16000,17000,17000,16 Apr 2013
Jharkhand,Deogarh,Madhupur,Assam C.T.C. Leaf,Beverages,0.02,23000,24000,24000,15 Apr 2013
Jharkhand,Deogarh,Madhupur,Assam C.T.C. Dust,Beverages,0.02,16000,17000,17000,15 Apr 2013
Jharkhand,Deogarh,Madhupur,Assam C.T.C. Leaf,Beverages,0.02,23000,24000,24000,12 Apr 2013
Jharkhand,Deogarh,Madhupur,Assam C.T.C. Dust,Beverages,0.02,16000,17000,17000,12 Apr 2013
Jharkhand,Deogarh,Madhupur,Assam C.T.C. Leaf,Beverages,0.02,23000,24000,24000,11 Apr 2013
Jharkhand,Deogarh,Madhupur,Assam C.T.C. Dust,Beverages,0.02,16000,17000,17000,11 Apr 2013
Jharkhand,Deogarh,Madhupur,Assam C.T.C. Leaf,Beverages,0.02,23000,24000,24000,10 Apr 2013
Jharkhand,Deogarh,Madhupur,Assam C.T.C. Dust,Beverages,0.02,16000,17000,17000,10 Apr 2013
Jharkhand,Deogarh,Madhupur,Assam C.T.C. Leaf,Beverages,0.02,23000,24000,24000,09 Apr 2013
Jharkhand,Deogarh,Madhupur,Assam C.T.C. Dust,Beverages,0.02,16000,17000,17000,09 Apr 2013
Jharkhand,Deogarh,Madhupur,Assam C.T.C. Leaf,Beverages,0.02,23000,24000,24000,06 Apr 2013
Jharkhand,Deogarh,Madhupur,Assam C.T.C. Dust,Beverages,0.02,16000,17000,17000,06 Apr 2013
Jharkhand,Deogarh,Madhupur,Assam C.T.C. Leaf,Beverages,0.02,23000,24000,24000,05 Apr 2013
Jharkhand,Deogarh,Madhupur,Assam C.T.C. Dust,Beverages,0.02,16000,17000,17000,05 Apr 2013
Jharkhand,Deogarh,Madhupur,Assam C.T.C. Leaf,Beverages,0.02,23000,24000,24000,04 Apr 2013
Jharkhand,Deogarh,Madhupur,Assam C.T.C. Dust,Beverages,0.02,16000,17000,17000,04 Apr 2013
Jharkhand,Deogarh,Madhupur,Assam C.T.C. Leaf,Beverages,0.05,23000,24000,24000,03 Apr 2013
Jharkhand,Deogarh,Madhupur,Assam C.T.C. Dust,Beverages,0.05,16000,17000,17000,03 Apr 2013
Jharkhand,Deogarh,Madhupur,Assam C.T.C. Leaf,Beverages,0.05,23000,24000,24000,02 Apr 2013
Jharkhand,Deogarh,Madhupur,Assam C.T.C. Dust,Beverages,0.05,16000,17000,17000,02 Apr 2013
Jharkhand,Deogarh,Madhupur,Assam C.T.C. Leaf,Beverages,0.05,23000,24000,24000,01 Apr 2013
Jharkhand,Deogarh,Madhupur,Assam C.T.C. Dust,Beverages,0.05,16000,17000,17000,01 Apr 2013
Jharkhand,Deogarh,Madhupur,Assam C.T.C. Leaf,Beverages,0.05,23000,24000,24000,11 Mar 2013
Jharkhand,Deogarh,Madhupur,Assam C.T.C. Dust,Beverages,0.05,17000,18000,18000,11 Mar 2013
Jharkhand,Deogarh,Madhupur,Assam C.T.C. Leaf,Beverages,0.05,23000,24000,24000,08 Mar 2013
Jharkhand,Deogarh,Madhupur,Assam C.T.C. Dust,Beverages,0.05,17000,18000,18000,08 Mar 2013
Jharkhand,Deogarh,Madhupur,Assam C.T.C. Leaf,Beverages,0.1,23000,24000,24000,06 Mar 2013
Jharkhand,Deogarh,Madhupur,Assam C.T.C. Dust,Beverages,0.1,17000,18000,18000,06 Mar 2013
Jharkhand,Deogarh,Madhupur,Assam C.T.C. Leaf,Beverages,0.1,23000,24000,24000,05 Mar 2013
Jharkhand,Deogarh,Madhupur,Assam C.T.C. Dust,Beverages,0.1,17000,18000,18000,05 Mar 2013
Jharkhand,Deogarh,Madhupur,Assam C.T.C. Leaf,Beverages,0.1,23000,24000,24000,04 Mar 2013
Jharkhand,Deogarh,Madhupur,Assam C.T.C. Dust,Beverages,0.1,17000,18000,18000,04 Mar 2013
Jharkhand,Deogarh,Madhupur,Assam C.T.C. Leaf,Beverages,0.1,23000,24000,24000,02 Mar 2013
Jharkhand,Deogarh,Madhupur,Assam C.T.C. Dust,Beverages,0.1,17000,18000,18000,02 Mar 2013
Jharkhand,Deogarh,Madhupur,Assam C.T.C. Leaf,Beverages,0.05,23000,24000,24000,28 Feb 2013
Jharkhand,Deogarh,Madhupur,Assam C.T.C. Dust,Beverages,0.05,17000,18000,18000,28 Feb 2013
Jharkhand,Deogarh,Madhupur,Assam C.T.C. Leaf,Beverages,0.05,23000,24000,24000,27 Feb 2013
Jharkhand,Deogarh,Madhupur,Assam C.T.C. Dust,Beverages,0.05,17000,18000,18000,27 Feb 2013
Jharkhand,Deogarh,Madhupur,Assam C.T.C. Leaf,Beverages,0.02,23000,24000,24000,26 Feb 2013
Jharkhand,Deogarh,Madhupur,Assam C.T.C. Dust,Beverages,0.02,19000,20000,20000,26 Feb 2013
Jharkhand,Deogarh,Madhupur,Assam C.T.C. Leaf,Beverages,0.02,23000,24000,24000,20 Feb 2013
Jharkhand,Deogarh,Madhupur,Assam C.T.C. Dust,Beverages,0.02,17000,18000,18000,20 Feb 2013
Jharkhand,Deogarh,Madhupur,Assam C.T.C. Leaf,Beverages,0.1,23000,24000,24000,19 Feb 2013
Jharkhand,Deogarh,Madhupur,Assam C.T.C. Dust,Beverages,0.1,17000,18000,18000,19 Feb 2013
Jharkhand,Deogarh,Madhupur,Assam C.T.C. Leaf,Beverages,0.05,23000,24000,24000,18 Feb 2013
Jharkhand,Deogarh,Madhupur,Assam C.T.C. Dust,Beverages,0.05,17000,18000,18000,18 Feb 2013
Jharkhand,Deogarh,Madhupur,Assam C.T.C. Leaf,Beverages,0.1,23000,24000,24000,16 Feb 2013
Jharkhand,Deogarh,Madhupur,Assam C.T.C. Dust,Beverages,0.1,17000,18000,18000,16 Feb 2013
Jharkhand,Deogarh,Madhupur,Assam C.T.C. Leaf,Beverages,0.02,23000,24000,24000,14 Feb 2013
Jharkhand,Deogarh,Madhupur,Assam C.T.C. Dust,Beverages,0.02,17000,18000,18000,14 Feb 2013
Jharkhand,Deogarh,Madhupur,Assam C.T.C. Leaf,Beverages,1.0,23000,24000,24000,13 Feb 2013
Jharkhand,Deogarh,Madhupur,Assam C.T.C. Dust,Beverages,1.0,17000,18000,18000,13 Feb 2013
Jharkhand,Deogarh,Madhupur,Assam C.T.C. Leaf,Beverages,0.1,23000,24000,24000,12 Feb 2013
Jharkhand,Deogarh,Madhupur,Assam C.T.C. Dust,Beverages,0.1,17000,18000,18000,12 Feb 2013
Jharkhand,Deogarh,Madhupur,Assam C.T.C. Leaf,Beverages,0.05,23000,24000,24000,11 Feb 2013
Jharkhand,Deogarh,Madhupur,Assam C.T.C. Dust,Beverages,0.05,17000,18000,18000,11 Feb 2013
Jharkhand,Deogarh,Madhupur,Assam C.T.C. Leaf,Beverages,0.1,23000,24000,24000,08 Feb 2013
Jharkhand,Deogarh,Madhupur,Assam C.T.C. Dust,Beverages,0.1,17000,18000,18000,08 Feb 2013
Jharkhand,Deogarh,Madhupur,Assam C.T.C. Leaf,Beverages,0.05,23000,24000,24000,07 Feb 2013
Jharkhand,Deogarh,Madhupur,Assam C.T.C. Dust,Beverages,0.05,17000,18000,18000,07 Feb 2013
Jharkhand,Deogarh,Madhupur,Assam C.T.C. Leaf,Beverages,0.1,23000,24000,24000,06 Feb 2013
Jharkhand,Deogarh,Madhupur,Assam C.T.C. Dust,Beverages,0.1,17000,18000,18000,06 Feb 2013
Jharkhand,Deogarh,Madhupur,Assam C.T.C. Leaf,Beverages,0.1,23000,24000,24000,05 Feb 2013
Jharkhand,Deogarh,Madhupur,Assam C.T.C. Dust,Beverages,0.1,17000,18000,18000,05 Feb 2013
Jharkhand,Deogarh,Madhupur,Assam C.T.C. Leaf,Beverages,0.05,23000,24000,24000,04 Feb 2013
Jharkhand,Deogarh,Madhupur,Assam C.T.C. Dust,Beverages,0.05,17000,18000,18000,04 Feb 2013
Jharkhand,Deogarh,Madhupur,Assam C.T.C. Leaf,Beverages,0.05,23000,24000,24000,02 Feb 2013
Jharkhand,Deogarh,Madhupur,Assam C.T.C. Dust,Beverages,0.05,17000,18000,18000,02 Feb 2013
Jharkhand,Deogarh,Madhupur,Assam C.T.C. Leaf,Beverages,0.05,23000,24000,24000,01 Feb 2013
Jharkhand,Deogarh,Madhupur,Assam C.T.C. Dust,Beverages,0.05,17000,18000,18000,01 Feb 2013
Jharkhand,Deogarh,Madhupur,Assam C.T.C. Leaf,Beverages,0.1,23000,24000,24000,31 Jan 2013
Jharkhand,Deogarh,Madhupur,Assam C.T.C. Dust,Beverages,0.1,17000,18000,18000,31 Jan 2013
Jharkhand,Deogarh,Madhupur,Assam C.T.C. Leaf,Beverages,0.1,23000,24000,24000,30 Jan 2013
Jharkhand,Deogarh,Madhupur,Assam C.T.C. Dust,Beverages,0.1,17000,18000,18000,30 Jan 2013
Jharkhand,Deogarh,Madhupur,Assam C.T.C. Leaf,Beverages,0.1,23000,24000,24000,29 Jan 2013
Jharkhand,Deogarh,Madhupur,Assam C.T.C. Dust,Beverages,0.1,17000,18000,18000,29 Jan 2013
Jharkhand,Deogarh,Madhupur,Assam C.T.C. Leaf,Beverages,0.1,23000,24000,24000,24 Jan 2013
Jharkhand,Deogarh,Madhupur,Assam C.T.C. Dust,Beverages,0.1,17000,18000,18000,24 Jan 2013
Jharkhand,Deogarh,Madhupur,Assam C.T.C. Leaf,Beverages,0.05,23000,24000,24000,22 Jan 2013
Jharkhand,Deogarh,Madhupur,Assam C.T.C. Dust,Beverages,0.05,17000,18000,18000,22 Jan 2013
Jharkhand,Deogarh,Madhupur,Assam C.T.C. Leaf,Beverages,0.1,23000,24000,24000,16 Jan 2013
Jharkhand,Deogarh,Madhupur,Assam C.T.C. Dust,Beverages,0.1,17000,18000,18000,16 Jan 2013
Jharkhand,Deogarh,Madhupur,Assam C.T.C. Leaf,Beverages,0.1,23000,24000,24000,15 Jan 2013
Jharkhand,Deogarh,Madhupur,Assam C.T.C. Dust,Beverages,0.1,17000,18000,18000,15 Jan 2013
Jharkhand,Deogarh,Madhupur,Assam C.T.C. Leaf,Beverages,0.05,23000,24000,24000,12 Jan 2013
Jharkhand,Deogarh,Madhupur,Assam C.T.C. Dust,Beverages,0.05,17000,18000,18000,12 Jan 2013
Jharkhand,Deogarh,Madhupur,Assam C.T.C. Leaf,Beverages,0.1,23000,24000,24000,11 Jan 2013
Jharkhand,Deogarh,Madhupur,Assam C.T.C. Dust,Beverages,0.1,17000,18000,18000,11 Jan 2013
Jharkhand,Deogarh,Madhupur,Assam C.T.C. Leaf,Beverages,0.05,23000,24000,24000,10 Jan 2013
Jharkhand,Deogarh,Madhupur,Assam C.T.C. Dust,Beverages,0.05,17000,18000,18000,10 Jan 2013
Jharkhand,Deogarh,Madhupur,Assam C.T.C. Leaf,Beverages,0.1,23000,24000,24000,09 Jan 2013
Jharkhand,Deogarh,Madhupur,Assam C.T.C. Dust,Beverages,0.1,17000,18000,18000,09 Jan 2013
Jharkhand,Deogarh,Madhupur,Assam C.T.C. Leaf,Beverages,0.05,23000,24000,24000,08 Jan 2013
Jharkhand,Deogarh,Madhupur,Assam C.T.C. Dust,Beverages,0.05,17000,18000,18000,08 Jan 2013
Jharkhand,Deogarh,Madhupur,Assam C.T.C. Leaf,Beverages,0.05,23000,24000,24000,26 Dec 2012
Jharkhand,Deogarh,Madhupur,Assam C.T.C. Dust,Beverages,0.05,18000,19000,19000,26 Dec 2012
Jharkhand,Deogarh,Madhupur,Assam C.T.C. Leaf,Beverages,0.1,23000,24000,24000,24 Dec 2012
Jharkhand,Deogarh,Madhupur,Assam C.T.C. Dust,Beverages,0.1,18000,19000,19000,24 Dec 2012
Jharkhand,Deogarh,Madhupur,Assam C.T.C. Leaf,Beverages,0.05,23000,24000,24000,12 Dec 2012
Jharkhand,Deogarh,Madhupur,Assam C.T.C. Dust,Beverages,0.05,18000,19000,19000,12 Dec 2012
Jharkhand,Deogarh,Madhupur,Assam C.T.C. Leaf,Beverages,0.05,23000,24000,24000,11 Dec 2012
Jharkhand,Deogarh,Madhupur,Assam C.T.C. Dust,Beverages,0.05,18000,19000,19000,11 Dec 2012
Jharkhand,Deogarh,Madhupur,Assam C.T.C. Leaf,Beverages,0.1,23000,24000,24000,10 Dec 2012
Jharkhand,Deogarh,Madhupur,Assam C.T.C. Dust,Beverages,0.1,18000,19000,19000,10 Dec 2012
Jharkhand,Deogarh,Madhupur,Assam C.T.C. Leaf,Beverages,0.1,23000,24000,24000,07 Dec 2012
Jharkhand,Deogarh,Madhupur,Assam C.T.C. Dust,Beverages,0.1,18000,19000,19000,07 Dec 2012
Jharkhand,Deogarh,Madhupur,Assam C.T.C. Leaf,Beverages,0.05,23000,24000,24000,03 Dec 2012
Jharkhand,Deogarh,Madhupur,Assam C.T.C. Dust,Beverages,0.05,18000,19000,19000,03 Dec 2012
Jharkhand,Deogarh,Madhupur,Assam C.T.C. Leaf,Beverages,0.05,23000,24000,24000,30 Nov 2012
Jharkhand,Deogarh,Madhupur,Assam C.T.C. Dust,Beverages,0.05,18000,19000,19000,30 Nov 2012
Jharkhand,Deogarh,Madhupur,Assam C.T.C. Leaf,Beverages,0.02,23000,24000,24000,26 Nov 2012
Jharkhand,Deogarh,Madhupur,Assam C.T.C. Dust,Beverages,0.02,18000,19000,19000,26 Nov 2012
Jharkhand,Deogarh,Madhupur,Assam C.T.C. Leaf,Beverages,0.02,23000,24000,24000,23 Nov 2012
Jharkhand,Deogarh,Madhupur,Assam C.T.C. Dust,Beverages,0.02,18000,19000,19000,23 Nov 2012
Jharkhand,Deogarh,Madhupur,Assam C.T.C. Leaf,Beverages,0.05,23000,24000,24000,12 Nov 2012
Jharkhand,Deogarh,Madhupur,Assam C.T.C. Dust,Beverages,0.05,18000,19000,19000,12 Nov 2012
Jharkhand,Deogarh,Madhupur,Assam C.T.C. Leaf,Beverages,0.02,23000,24000,24000,01 Nov 2012
Jharkhand,Deogarh,Madhupur,Assam C.T.C. Dust,Beverages,0.02,18000,19000,19000,01 Nov 2012
Jharkhand,Deogarh,Madhupur,Assam C.T.C. Leaf,Beverages,0.02,23000,24000,24000,26 Oct 2012
Jharkhand,Deogarh,Madhupur,Assam C.T.C. Dust,Beverages,0.02,18000,19000,19000,26 Oct 2012
Jharkhand,Deogarh,Madhupur,Assam C.T.C. Leaf,Beverages,0.05,23000,24000,24000,19 Oct 2012
Jharkhand,Deogarh,Madhupur,Assam C.T.C. Dust,Beverages,0.05,19000,20000,20000,19 Oct 2012
Jharkhand,Deogarh,Madhupur,Assam C.T.C. Leaf,Beverages,0.02,23000,24000,24000,18 Oct 2012
Jharkhand,Deogarh,Madhupur,Assam C.T.C. Dust,Beverages,0.02,18000,19000,19000,18 Oct 2012
Jharkhand,Deogarh,Madhupur,Assam C.T.C. Leaf,Beverages,0.02,23000,24000,24000,09 Oct 2012
Jharkhand,Deogarh,Madhupur,Assam C.T.C. Dust,Beverages,0.02,18000,19000,19000,09 Oct 2012
Jharkhand,Deogarh,Madhupur,Assam C.T.C. Leaf,Beverages,0.05,23000,24000,24000,08 Oct 2012
Jharkhand,Deogarh,Madhupur,Assam C.T.C. Dust,Beverages,0.05,18000,19000,19000,08 Oct 2012
Jharkhand,Deogarh,Madhupur,Assam C.T.C. Leaf,Beverages,0.02,23000,24000,24000,24 Sep 2012
Jharkhand,Deogarh,Madhupur,Assam C.T.C. Dust,Beverages,0.02,18000,19000,19000,24 Sep 2012
Jharkhand,Deogarh,Madhupur,Assam C.T.C. Leaf,Beverages,0.1,23000,24000,24000,17 Sep 2012
Jharkhand,Deogarh,Madhupur,Assam C.T.C. Dust,Beverages,0.1,18000,19000,19000,17 Sep 2012
Jharkhand,Deogarh,Madhupur,Assam C.T.C. Leaf,Beverages,0.05,23000,24000,24000,15 Sep 2012
Jharkhand,Deogarh,Madhupur,Assam C.T.C. Dust,Beverages,0.05,18000,19000,19000,15 Sep 2012
Jharkhand,Deogarh,Madhupur,Assam C.T.C. Leaf,Beverages,0.05,23000,24000,24000,30 Aug 2012
Jharkhand,Deogarh,Madhupur,Assam C.T.C. Dust,Beverages,0.05,18000,19000,19000,30 Aug 2012
Jharkhand,Deogarh,Madhupur,Assam C.T.C. Leaf,Beverages,0.1,23000,24000,24000,27 Aug 2012
Jharkhand,Deogarh,Madhupur,Assam C.T.C. Dust,Beverages,0.1,18000,19000,19000,27 Aug 2012
Jharkhand,Deogarh,Madhupur,Assam C.T.C. Leaf,Beverages,0.05,23000,24000,24000,24 Aug 2012
Jharkhand,Deogarh,Madhupur,Assam C.T.C. Dust,Beverages,0.05,18000,19000,19000,24 Aug 2012
Jharkhand,Deogarh,Madhupur,Assam C.T.C. Leaf,Beverages,0.02,23000,24000,24000,11 Aug 2012
Jharkhand,Deogarh,Madhupur,Assam C.T.C. Dust,Beverages,0.02,18000,19000,19000,11 Aug 2012
Jharkhand,Deogarh,Madhupur,Assam C.T.C. Leaf,Beverages,0.05,23000,24000,24000,08 Aug 2012
Jharkhand,Deogarh,Madhupur,Assam C.T.C. Dust,Beverages,0.05,18000,19000,19000,08 Aug 2012
Jharkhand,Deogarh,Madhupur,Assam C.T.C. Leaf,Beverages,0.02,23000,24000,24000,07 Aug 2012
Jharkhand,Deogarh,Madhupur,Assam C.T.C. Dust,Beverages,0.02,18000,19000,19000,07 Aug 2012
Jharkhand,Deogarh,Madhupur,Assam C.T.C. Leaf,Beverages,0.05,23000,24000,24000,02 Aug 2012
Jharkhand,Deogarh,Madhupur,Assam C.T.C. Dust,Beverages,0.05,18000,19000,19000,02 Aug 2012
Jharkhand,Deogarh,Madhupur,Assam C.T.C. Leaf,Beverages,0.05,23000,24000,24000,30 Jul 2012
Jharkhand,Deogarh,Madhupur,Assam C.T.C. Dust,Beverages,0.05,18000,19000,19000,30 Jul 2012
Jharkhand,Deogarh,Madhupur,Assam C.T.C. Leaf,Beverages,0.05,23000,24000,24000,28 Jul 2012
Jharkhand,Deogarh,Madhupur,Assam C.T.C. Dust,Beverages,0.05,18000,19000,19000,28 Jul 2012
Jharkhand,Deogarh,Madhupur,Assam C.T.C. Leaf,Beverages,0.02,23000,24000,24000,26 Jul 2012
Jharkhand,Deogarh,Madhupur,Assam C.T.C. Dust,Beverages,0.02,18000,19000,19000,26 Jul 2012
Jharkhand,Deogarh,Madhupur,Assam C.T.C. Leaf,Beverages,0.05,23000,24000,24000,24 Jul 2012
Jharkhand,Deogarh,Madhupur,Assam C.T.C. Dust,Beverages,0.05,18000,19000,19000,24 Jul 2012
Jharkhand,Deogarh,Madhupur,Assam C.T.C. Leaf,Beverages,0.1,23000,24000,24000,20 Jul 2012
Jharkhand,Deogarh,Madhupur,Assam C.T.C. Dust,Beverages,0.1,18000,19000,19000,20 Jul 2012
Jharkhand,Deogarh,Madhupur,Assam C.T.C. Leaf,Beverages,0.1,23000,24000,24000,19 Jul 2012
Jharkhand,Deogarh,Madhupur,Assam C.T.C. Dust,Beverages,0.1,18000,19000,19000,19 Jul 2012
Jharkhand,Deogarh,Madhupur,Assam C.T.C. Leaf,Beverages,0.02,23000,24000,24000,17 Jul 2012
Jharkhand,Deogarh,Madhupur,Assam C.T.C. Dust,Beverages,0.02,18000,19000,19000,17 Jul 2012
Jharkhand,Deogarh,Madhupur,Assam C.T.C. Leaf,Beverages,0.02,23000,24000,24000,16 Jul 2012
Jharkhand,Deogarh,Madhupur,Assam C.T.C. Dust,Beverages,0.02,18000,19000,19000,16 Jul 2012
Jharkhand,Deogarh,Madhupur,Assam C.T.C. Leaf,Beverages,0.02,23000,24000,24000,13 Jul 2012
Jharkhand,Deogarh,Madhupur,Assam C.T.C. Dust,Beverages,0.02,18000,19000,19000,13 Jul 2012
Jharkhand,Deogarh,Madhupur,Assam C.T.C. Leaf,Beverages,0.02,23000,24000,24000,12 Jul 2012
Jharkhand,Deogarh,Madhupur,Assam C.T.C. Dust,Beverages,0.02,18000,19000,19000,12 Jul 2012
Jharkhand,Deogarh,Madhupur,Assam C.T.C. Leaf,Beverages,0.02,23000,24000,24000,11 Jul 2012
Jharkhand,Deogarh,Madhupur,Assam C.T.C. Dust,Beverages,0.02,18000,19000,19000,11 Jul 2012
Jharkhand,Deogarh,Madhupur,Assam C.T.C. Leaf,Beverages,0.02,23000,24000,24000,10 Jul 2012
Jharkhand,Deogarh,Madhupur,Assam C.T.C. Dust,Beverages,0.02,18000,19000,19000,10 Jul 2012
Jharkhand,Deogarh,Madhupur,Assam C.T.C. Leaf,Beverages,0.02,23000,24000,24000,07 Jul 2012
Jharkhand,Deogarh,Madhupur,Assam C.T.C. Dust,Beverages,0.02,18000,19000,19000,07 Jul 2012
Jharkhand,Deogarh,Madhupur,Assam C.T.C. Leaf,Beverages,0.02,23000,24000,24000,06 Jul 2012
Jharkhand,Deogarh,Madhupur,Assam C.T.C. Dust,Beverages,0.02,18000,19000,19000,06 Jul 2012
Jharkhand,Deogarh,Madhupur,Assam C.T.C. Leaf,Beverages,0.05,23000,24000,24000,02 Jul 2012
Jharkhand,Deogarh,Madhupur,Assam C.T.C. Dust,Beverages,0.05,18000,19000,19000,02 Jul 2012
Jharkhand,Deogarh,Madhupur,Assam C.T.C. Leaf,Beverages,0.05,23000,24000,24000,28 Jun 2012
Jharkhand,Deogarh,Madhupur,Assam C.T.C. Dust,Beverages,0.05,18000,19000,19000,28 Jun 2012
Jharkhand,Deogarh,Madhupur,Assam C.T.C. Leaf,Beverages,0.05,23000,24000,24000,27 Jun 2012
Jharkhand,Deogarh,Madhupur,Assam C.T.C. Dust,Beverages,0.05,18000,19000,19000,27 Jun 2012
Jharkhand,Deogarh,Madhupur,Assam C.T.C. Leaf,Beverages,0.05,21000,22000,22000,25 Jun 2012
Jharkhand,Deogarh,Madhupur,Assam C.T.C. Dust,Beverages,0.05,16000,17000,17000,25 Jun 2012
Jharkhand,Deogarh,Madhupur,Assam C.T.C. Leaf,Beverages,0.05,21000,22000,22000,16 Jun 2012
Jharkhand,Deogarh,Madhupur,Assam C.T.C. Dust,Beverages,0.05,16000,17000,17000,16 Jun 2012
Jharkhand,Deogarh,Madhupur,Assam C.T.C. Leaf,Beverages,0.05,21000,22000,22000,13 Jun 2012
Jharkhand,Deogarh,Madhupur,Assam C.T.C. Dust,Beverages,0.05,16000,17000,17000,13 Jun 2012
Jharkhand,Deogarh,Madhupur,Assam C.T.C. Leaf,Beverages,0.1,21000,22000,22000,09 Jun 2012
Jharkhand,Deogarh,Madhupur,Assam C.T.C. Dust,Beverages,0.1,16000,17000,17000,09 Jun 2012
Jharkhand,Deogarh,Madhupur,Assam C.T.C. Leaf,Beverages,0.05,21000,22000,22000,07 Jun 2012
Jharkhand,Deogarh,Madhupur,Assam C.T.C. Dust,Beverages,0.05,16000,17000,17000,07 Jun 2012
Jharkhand,Deogarh,Madhupur,Assam C.T.C. Leaf,Beverages,0.02,21000,22000,22000,04 Jun 2012
Jharkhand,Deogarh,Madhupur,Assam C.T.C. Dust,Beverages,0.02,16000,17000,17000,04 Jun 2012
Jharkhand,Deogarh,Madhupur,Assam C.T.C. Leaf,Beverages,0.05,21000,22000,22000,01 Jun 2012
Jharkhand,Deogarh,Madhupur,Assam C.T.C. Dust,Beverages,0.05,16000,17000,17000,01 Jun 2012
Jharkhand,Deogarh,Madhupur,Assam C.T.C. Leaf,Beverages,0.02,21000,22000,22000,31 May 2012
Jharkhand,Deogarh,Madhupur,Assam C.T.C. Dust,Beverages,0.02,16000,17000,17000,31 May 2012
Jharkhand,Deogarh,Madhupur,Assam C.T.C. Leaf,Beverages,0.05,21000,22000,22000,28 May 2012
Jharkhand,Deogarh,Madhupur,Assam C.T.C. Dust,Beverages,0.05,16000,17000,17000,28 May 2012
Jharkhand,Deogarh,Madhupur,Assam C.T.C. Leaf,Beverages,0.1,21000,22000,22000,26 May 2012
Jharkhand,Deogarh,Madhupur,Assam C.T.C. Dust,Beverages,0.1,16000,17000,17000,26 May 2012
Jharkhand,Deogarh,Madhupur,Assam C.T.C. Leaf,Beverages,0.1,21000,22000,22000,24 May 2012
Jharkhand,Deogarh,Madhupur,Assam C.T.C. Dust,Beverages,0.1,16000,17000,17000,24 May 2012
Jharkhand,Deogarh,Madhupur,Assam C.T.C. Leaf,Beverages,0.02,21000,22000,22000,19 May 2012
Jharkhand,Deogarh,Madhupur,Assam C.T.C. Dust,Beverages,0.02,18000,19000,19000,19 May 2012
Jharkhand,Deogarh,Madhupur,Assam C.T.C. Leaf,Beverages,0.05,21000,22000,22000,18 May 2012
Jharkhand,Deogarh,Madhupur,Assam C.T.C. Dust,Beverages,0.05,16000,17000,17000,18 May 2012
Jharkhand,Deogarh,Madhupur,Assam C.T.C. Leaf,Beverages,0.03,21000,22000,22000,17 May 2012
Jharkhand,Deogarh,Madhupur,Assam C.T.C. Dust,Beverages,0.03,16000,17000,17000,17 May 2012
Jharkhand,Deogarh,Madhupur,Assam C.T.C. Leaf,Beverages,0.03,21000,22000,22000,16 May 2012
Jharkhand,Deogarh,Madhupur,Assam C.T.C. Dust,Beverages,0.03,16000,17000,17000,16 May 2012
Jharkhand,Deogarh,Madhupur,Assam C.T.C. Leaf,Beverages,0.02,21000,22000,22000,15 May 2012
Jharkhand,Deogarh,Madhupur,Assam C.T.C. Dust,Beverages,0.02,16000,17000,17000,15 May 2012
Jharkhand,Deogarh,Madhupur,Assam C.T.C. Leaf,Beverages,0.05,21000,22000,22000,14 May 2012
Jharkhand,Deogarh,Madhupur,Assam C.T.C. Dust,Beverages,0.05,16000,17000,17000,14 May 2012
Jharkhand,Deogarh,Madhupur,Assam C.T.C. Leaf,Beverages,0.05,21000,22000,22000,11 May 2012
Jharkhand,Deogarh,Madhupur,Assam C.T.C. Dust,Beverages,0.05,16000,17000,17000,11 May 2012
Jharkhand,Deogarh,Madhupur,Assam C.T.C. Leaf,Beverages,0.05,21000,22000,22000,09 May 2012
Jharkhand,Deogarh,Madhupur,Assam C.T.C. Dust,Beverages,0.05,16000,17000,17000,09 May 2012
Jharkhand,Deogarh,Madhupur,Assam C.T.C. Leaf,Beverages,0.02,21000,22000,22000,08 May 2012
Jharkhand,Deogarh,Madhupur,Assam C.T.C. Dust,Beverages,0.02,16000,17000,17000,08 May 2012
Jharkhand,Deogarh,Madhupur,Assam C.T.C. Leaf,Beverages,0.05,21000,22000,22000,07 May 2012
Jharkhand,Deogarh,Madhupur,Assam C.T.C. Dust,Beverages,0.05,16000,17000,17000,07 May 2012
Jharkhand,Deogarh,Madhupur,Assam C.T.C. Leaf,Beverages,0.1,21000,22000,22000,03 May 2012
Jharkhand,Deogarh,Madhupur,Assam C.T.C. Dust,Beverages,0.1,16000,17000,17000,03 May 2012
Jharkhand,Deogarh,Madhupur,Assam C.T.C. Leaf,Beverages,0.02,21000,22000,22000,02 May 2012
Jharkhand,Deogarh,Madhupur,Assam C.T.C. Dust,Beverages,0.02,16000,17000,17000,02 May 2012
Jharkhand,Deogarh,Madhupur,Assam C.T.C. Leaf,Beverages,0.02,21000,22000,22000,27 Apr 2012
Jharkhand,Deogarh,Madhupur,Assam C.T.C. Dust,Beverages,0.02,16000,17000,17000,27 Apr 2012
Jharkhand,Deogarh,Madhupur,Assam C.T.C. Leaf,Beverages,0.05,21000,22000,22000,25 Apr 2012
Jharkhand,Deogarh,Madhupur,Assam C.T.C. Dust,Beverages,0.05,16000,17000,17000,25 Apr 2012
Jharkhand,Deogarh,Madhupur,Assam C.T.C. Leaf,Beverages,0.02,21000,22000,22000,24 Apr 2012
Jharkhand,Deogarh,Madhupur,Assam C.T.C. Dust,Beverages,0.02,16000,17000,17000,24 Apr 2012
Jharkhand,Deogarh,Madhupur,Assam C.T.C. Leaf,Beverages,0.05,21000,22000,22000,21 Apr 2012
Jharkhand,Deogarh,Madhupur,Assam C.T.C. Dust,Beverages,0.05,16000,17000,17000,21 Apr 2012
Jharkhand,Deogarh,Madhupur,Assam C.T.C. Leaf,Beverages,0.02,21000,22000,22000,20 Apr 2012
Jharkhand,Deogarh,Madhupur,Assam C.T.C. Dust,Beverages,0.02,16000,17000,17000,20 Apr 2012
Jharkhand,Deogarh,Madhupur,Assam C.T.C. Leaf,Beverages,0.05,21000,22000,22000,19 Apr 2012
Jharkhand,Deogarh,Madhupur,Assam C.T.C. Dust,Beverages,0.05,16000,17000,17000,19 Apr 2012
Jharkhand,Deogarh,Madhupur,Assam C.T.C. Leaf,Beverages,0.02,21000,22000,22000,13 Apr 2012
Jharkhand,Deogarh,Madhupur,Assam C.T.C. Dust,Beverages,0.02,16000,17000,17000,13 Apr 2012
Jharkhand,Deogarh,Madhupur,Assam C.T.C. Leaf,Beverages,0.05,21000,22000,22000,12 Apr 2012
Jharkhand,Deogarh,Madhupur,Assam C.T.C. Dust,Beverages,0.05,16000,17000,17000,12 Apr 2012
Jharkhand,Deogarh,Madhupur,Assam C.T.C. Leaf,Beverages,0.02,21000,22000,22000,07 Apr 2012
Jharkhand,Deogarh,Madhupur,Assam C.T.C. Dust,Beverages,0.02,16000,17000,17000,07 Apr 2012
Jharkhand,Deogarh,Madhupur,Assam C.T.C. Leaf,Beverages,0.02,21000,22000,22000,30 Mar 2012
Jharkhand,Deogarh,Madhupur,Assam C.T.C. Dust,Beverages,0.02,16000,17000,17000,30 Mar 2012
Jharkhand,Deogarh,Madhupur,Assam C.T.C. Leaf,Beverages,0.02,21000,22000,22000,28 Mar 2012
Jharkhand,Deogarh,Madhupur,Assam C.T.C. Dust,Beverages,0.02,16000,17000,17000,28 Mar 2012
Jharkhand,Deogarh,Madhupur,Assam C.T.C. Leaf,Beverages,0.02,21000,22000,22000,26 Mar 2012
Jharkhand,Deogarh,Madhupur,Assam C.T.C. Dust,Beverages,0.02,16000,17000,17000,26 Mar 2012
Jharkhand,Deogarh,Madhupur,Assam C.T.C. Leaf,Beverages,0.02,21000,22000,22000,24 Mar 2012
Jharkhand,Deogarh,Madhupur,Assam C.T.C. Dust,Beverages,0.02,16000,17000,17000,24 Mar 2012
Jharkhand,Deogarh,Madhupur,Assam C.T.C. Leaf,Beverages,0.02,21000,22000,22000,19 Mar 2012
Jharkhand,Deogarh,Madhupur,Assam C.T.C. Dust,Beverages,0.02,16000,17000,17000,19 Mar 2012
Jharkhand,Deogarh,Madhupur,Assam C.T.C. Leaf,Beverages,0.02,21500,22500,22000,14 Mar 2012
Jharkhand,Deogarh,Madhupur,Assam C.T.C. Dust,Beverages,0.02,16500,17500,17000,14 Mar 2012
Jharkhand,Deogarh,Madhupur,Assam C.T.C. Leaf,Beverages,0.05,21000,22000,22000,12 Mar 2012
Jharkhand,Deogarh,Madhupur,Assam C.T.C. Dust,Beverages,0.05,16000,17000,17000,12 Mar 2012
Jharkhand,Deogarh,Madhupur,Assam C.T.C. Leaf,Beverages,0.05,21000,22500,22000,10 Mar 2012
Jharkhand,Deogarh,Madhupur,Assam C.T.C. Dust,Beverages,0.05,16500,17500,17000,10 Mar 2012
Jharkhand,Deogarh,Madhupur,Assam C.T.C. Leaf,Beverages,0.02,21500,22500,22000,07 Mar 2012
Jharkhand,Deogarh,Madhupur,Assam C.T.C. Dust,Beverages,0.02,16500,17500,17000,07 Mar 2012
Jharkhand,Deogarh,Madhupur,Assam C.T.C. Leaf,Beverages,0.05,21500,22500,22000,05 Mar 2012
Jharkhand,Deogarh,Madhupur,Assam C.T.C. Dust,Beverages,0.05,16500,17500,17000,05 Mar 2012
Jharkhand,Deogarh,Madhupur,Assam C.T.C. Leaf,Beverages,0.05,21500,22500,22000,03 Mar 2012
Jharkhand,Deogarh,Madhupur,Assam C.T.C. Dust,Beverages,0.05,16500,17500,17000,03 Mar 2012
Jharkhand,Deogarh,Madhupur,Assam C.T.C. Leaf,Beverages,0.02,19000,20000,20000,13 Feb 2012
Jharkhand,Deogarh,Madhupur,Assam C.T.C. Dust,Beverages,0.02,16000,17000,17000,13 Feb 2012
Jharkhand,Deogarh,Madhupur,Assam C.T.C. Leaf,Beverages,0.02,19000,20000,20000,11 Feb 2012
Jharkhand,Deogarh,Madhupur,Assam C.T.C. Dust,Beverages,0.02,16000,17000,17000,11 Feb 2012
Jharkhand,Deogarh,Madhupur,Assam C.T.C. Leaf,Beverages,0.02,19000,20000,20000,10 Feb 2012
Jharkhand,Deogarh,Madhupur,Assam C.T.C. Dust,Beverages,0.02,16000,17000,17000,10 Feb 2012
Jharkhand,Deogarh,Madhupur,Assam C.T.C. Leaf,Beverages,0.1,19000,20000,20000,09 Feb 2012
Jharkhand,Deogarh,Madhupur,Assam C.T.C. Dust,Beverages,0.1,16000,17000,17000,09 Feb 2012
Jharkhand,Deogarh,Madhupur,Assam C.T.C. Leaf,Beverages,0.02,19000,20000,20000,06 Feb 2012
Jharkhand,Deogarh,Madhupur,Assam C.T.C. Dust,Beverages,0.02,16000,17000,17000,06 Feb 2012
Jharkhand,Deogarh,Madhupur,Assam C.T.C. Leaf,Beverages,0.02,19000,20000,20000,03 Feb 2012
Jharkhand,Deogarh,Madhupur,Assam C.T.C. Dust,Beverages,0.02,16000,17000,17000,03 Feb 2012
Jharkhand,Deogarh,Madhupur,Assam C.T.C. Leaf,Beverages,0.02,19000,20000,20000,02 Feb 2012
Jharkhand,Deogarh,Madhupur,Assam C.T.C. Dust,Beverages,0.02,16000,17000,17000,02 Feb 2012
Jharkhand,Deogarh,Madhupur,Assam C.T.C. Leaf,Beverages,0.05,19000,20000,20000,01 Feb 2012
Jharkhand,Deogarh,Madhupur,Assam C.T.C. Dust,Beverages,0.05,16000,17000,17000,01 Feb 2012
Jharkhand,Deogarh,Madhupur,Assam C.T.C. Leaf,Beverages,0.02,19000,20000,20000,31 Jan 2012
Jharkhand,Deogarh,Madhupur,Assam C.T.C. Dust,Beverages,0.02,16000,17000,17000,31 Jan 2012
Jharkhand,Deogarh,Madhupur,Assam C.T.C. Leaf,Beverages,0.05,19000,20000,20000,27 Jan 2012
Jharkhand,Deogarh,Madhupur,Assam C.T.C. Dust,Beverages,0.05,16000,17000,17000,27 Jan 2012
Jharkhand,Deogarh,Madhupur,Assam C.T.C. Leaf,Beverages,0.02,19000,20000,20000,24 Jan 2012
Jharkhand,Deogarh,Madhupur,Assam C.T.C. Dust,Beverages,0.02,16000,17000,17000,24 Jan 2012
Jharkhand,Deogarh,Madhupur,Assam C.T.C. Leaf,Beverages,0.1,19000,20000,20000,21 Jan 2012
Jharkhand,Deogarh,Madhupur,Assam C.T.C. Dust,Beverages,0.1,16000,17000,17000,21 Jan 2012
Jharkhand,Deogarh,Madhupur,Assam C.T.C. Leaf,Beverages,0.02,19000,20000,20000,19 Jan 2012
Jharkhand,Deogarh,Madhupur,Assam C.T.C. Dust,Beverages,0.02,16000,17000,17000,19 Jan 2012
Jharkhand,Deogarh,Madhupur,Assam C.T.C. Leaf,Beverages,0.02,19000,20000,20000,18 Jan 2012
Jharkhand,Deogarh,Madhupur,Assam C.T.C. Dust,Beverages,0.02,16000,17000,17000,18 Jan 2012
Jharkhand,Deogarh,Madhupur,Assam C.T.C. Leaf,Beverages,0.02,19000,20000,20000,17 Jan 2012
Jharkhand,Deogarh,Madhupur,Assam C.T.C. Dust,Beverages,0.02,16000,17000,17000,17 Jan 2012
Jharkhand,Deogarh,Madhupur,Assam C.T.C. Leaf,Beverages,0.1,19000,20000,20000,09 Jan 2012
Jharkhand,Deogarh,Madhupur,Assam C.T.C. Dust,Beverages,0.1,16000,17000,17000,09 Jan 2012
Jharkhand,Deogarh,Madhupur,Assam C.T.C. Leaf,Beverages,0.02,19000,20000,20000,07 Jan 2012
Jharkhand,Deogarh,Madhupur,Assam C.T.C. Dust,Beverages,0.02,16000,17000,17000,07 Jan 2012
Jharkhand,Deogarh,Madhupur,Assam C.T.C. Leaf,Beverages,0.02,19000,20000,20000,06 Jan 2012
Jharkhand,Deogarh,Madhupur,Assam C.T.C. Dust,Beverages,0.02,16000,17000,17000,06 Jan 2012
Jharkhand,Deogarh,Madhupur,Assam C.T.C. Leaf,Beverages,0.02,19000,20000,20000,05 Jan 2012
Jharkhand,Deogarh,Madhupur,Assam C.T.C. Dust,Beverages,0.02,16000,17000,17000,05 Jan 2012
Jharkhand,Deogarh,Madhupur,Assam C.T.C. Leaf,Beverages,0.02,19000,20000,20000,04 Jan 2012
Jharkhand,Deogarh,Madhupur,Assam C.T.C. Dust,Beverages,0.02,16000,17000,17000,04 Jan 2012
Jharkhand,Deogarh,Madhupur,Assam C.T.C. Leaf,Beverages,0.01,19000,20000,20000,03 Jan 2012
Jharkhand,Deogarh,Madhupur,Assam C.T.C. Dust,Beverages,0.01,16000,17000,17000,03 Jan 2012
Jharkhand,Deogarh,Madhupur,Assam C.T.C. Leaf,Beverages,0.01,19000,20000,20000,02 Jan 2012
Jharkhand,Deogarh,Madhupur,Assam C.T.C. Dust,Beverages,0.01,16000,17000,17000,02 Jan 2012
Jharkhand,Deogarh,Madhupur,Assam C.T.C. Leaf,Beverages,0.02,19000,20000,20000,29 Dec 2011
Jharkhand,Deogarh,Madhupur,Assam C.T.C. Dust,Beverages,0.02,16000,17000,17000,29 Dec 2011
Jharkhand,Deogarh,Madhupur,Assam C.T.C. Leaf,Beverages,0.02,19000,20000,20000,28 Dec 2011
Jharkhand,Deogarh,Madhupur,Assam C.T.C. Dust,Beverages,0.02,16000,17000,17000,28 Dec 2011
Jharkhand,Deogarh,Madhupur,Assam C.T.C. Leaf,Beverages,0.02,19000,20000,20000,27 Dec 2011
Jharkhand,Deogarh,Madhupur,Assam C.T.C. Dust,Beverages,0.02,16000,17000,17000,27 Dec 2011
Jharkhand,Deogarh,Madhupur,Assam C.T.C. Leaf,Beverages,0.03,19000,20000,20000,26 Dec 2011
Jharkhand,Deogarh,Madhupur,Assam C.T.C. Dust,Beverages,0.03,16000,17000,17000,26 Dec 2011
Jharkhand,Deogarh,Madhupur,Assam C.T.C. Leaf,Beverages,0.02,19000,20000,20000,22 Dec 2011
Jharkhand,Deogarh,Madhupur,Assam C.T.C. Dust,Beverages,0.02,16000,17000,17000,22 Dec 2011
Jharkhand,Deogarh,Madhupur,Assam C.T.C. Leaf,Beverages,0.02,19000,20000,20000,21 Dec 2011
Jharkhand,Deogarh,Madhupur,Assam C.T.C. Dust,Beverages,0.02,16000,17000,17000,21 Dec 2011
Jharkhand,Deogarh,Madhupur,Assam C.T.C. Leaf,Beverages,0.02,19000,20000,20000,20 Dec 2011
Jharkhand,Deogarh,Madhupur,Assam C.T.C. Dust,Beverages,0.02,16000,17000,17000,20 Dec 2011
Jharkhand,Deogarh,Madhupur,Assam C.T.C. Leaf,Beverages,0.03,19000,20000,20000,17 Dec 2011
Jharkhand,Deogarh,Madhupur,Assam C.T.C. Dust,Beverages,0.03,16000,17000,17000,17 Dec 2011
Jharkhand,Deogarh,Madhupur,Assam C.T.C. Leaf,Beverages,0.01,19000,20000,20000,16 Dec 2011
Jharkhand,Deogarh,Madhupur,Assam C.T.C. Dust,Beverages,0.01,16000,17000,17000,16 Dec 2011
Jharkhand,Deogarh,Madhupur,Assam C.T.C. Leaf,Beverages,0.02,19000,20000,20000,14 Dec 2011
Jharkhand,Deogarh,Madhupur,Assam C.T.C. Dust,Beverages,0.02,16000,17000,17000,14 Dec 2011
Jharkhand,Deogarh,Madhupur,Assam C.T.C. Leaf,Beverages,0.1,19000,20000,20000,13 Dec 2011
Jharkhand,Deogarh,Madhupur,Assam C.T.C. Dust,Beverages,0.1,16000,17000,17000,13 Dec 2011
Jharkhand,Deogarh,Madhupur,Assam C.T.C. Leaf,Beverages,0.05,19000,20000,20000,12 Dec 2011
Jharkhand,Deogarh,Madhupur,Assam C.T.C. Dust,Beverages,0.05,16000,17000,17000,12 Dec 2011
Jharkhand,Deogarh,Madhupur,Assam C.T.C. Leaf,Beverages,0.02,19000,20000,20000,09 Dec 2011
Jharkhand,Deogarh,Madhupur,Assam C.T.C. Dust,Beverages,0.02,16000,17000,17000,09 Dec 2011
Jharkhand,Deogarh,Madhupur,Assam C.T.C. Leaf,Beverages,0.02,19000,20000,20000,07 Dec 2011
Jharkhand,Deogarh,Madhupur,Assam C.T.C. Dust,Beverages,0.02,16000,17000,17000,07 Dec 2011
Jharkhand,Deogarh,Madhupur,Assam C.T.C. Leaf,Beverages,0.02,19000,20000,20000,05 Dec 2011
Jharkhand,Deogarh,Madhupur,Assam C.T.C. Dust,Beverages,0.02,16000,17000,17000,05 Dec 2011
Jharkhand,Deogarh,Madhupur,Assam C.T.C. Leaf,Beverages,0.02,19000,20000,20000,03 Dec 2011
Jharkhand,Deogarh,Madhupur,Assam C.T.C. Dust,Beverages,0.02,16000,17000,17000,03 Dec 2011
Jharkhand,Deogarh,Madhupur,Assam C.T.C. Leaf,Beverages,0.05,19000,20000,19500,01 Dec 2011
Jharkhand,Deogarh,Madhupur,Assam C.T.C. Dust,Beverages,0.05,16000,17000,16500,01 Dec 2011
Jharkhand,Deogarh,Madhupur,Assam C.T.C. Leaf,Beverages,0.02,19000,20000,19000,30 Nov 2011
Jharkhand,Deogarh,Madhupur,Assam C.T.C. Dust,Beverages,0.02,16000,17000,16000,30 Nov 2011
Jharkhand,Deogarh,Madhupur,Assam C.T.C. Leaf,Beverages,0.05,19000,20000,20000,24 Nov 2011
Jharkhand,Deogarh,Madhupur,Assam C.T.C. Dust,Beverages,0.05,16000,17000,17000,24 Nov 2011
Jharkhand,Deogarh,Madhupur,Assam C.T.C. Leaf,Beverages,0.05,19000,20000,20000,22 Nov 2011
Jharkhand,Deogarh,Madhupur,Assam C.T.C. Dust,Beverages,0.05,16000,17000,17000,22 Nov 2011
Jharkhand,Deogarh,Madhupur,Assam C.T.C. Leaf,Beverages,0.05,19000,20000,20000,21 Nov 2011
Jharkhand,Deogarh,Madhupur,Assam C.T.C. Dust,Beverages,0.05,16000,17000,17000,21 Nov 2011
Jharkhand,Deogarh,Madhupur,Assam C.T.C. Leaf,Beverages,0.02,19000,20000,20000,18 Nov 2011
Jharkhand,Deogarh,Madhupur,Assam C.T.C. Dust,Beverages,0.02,16000,17000,17000,18 Nov 2011
Jharkhand,Deogarh,Madhupur,Assam C.T.C. Leaf,Beverages,0.02,19000,20000,20000,17 Nov 2011
Jharkhand,Deogarh,Madhupur,Assam C.T.C. Dust,Beverages,0.02,16000,17000,17000,17 Nov 2011
Jharkhand,Deogarh,Madhupur,Assam C.T.C. Leaf,Beverages,0.02,19000,20000,20000,16 Nov 2011
Jharkhand,Deogarh,Madhupur,Assam C.T.C. Dust,Beverages,0.02,16000,17000,17000,16 Nov 2011
Jharkhand,Deogarh,Madhupur,Assam C.T.C. Leaf,Beverages,0.05,19000,20000,20000,14 Nov 2011
Jharkhand,Deogarh,Madhupur,Assam C.T.C. Dust,Beverages,0.05,16000,17000,17000,14 Nov 2011
Jharkhand,Deogarh,Madhupur,Assam C.T.C. Leaf,Beverages,0.05,19000,20000,20000,12 Nov 2011
Jharkhand,Deogarh,Madhupur,Assam C.T.C. Dust,Beverages,0.05,16000,17000,17000,12 Nov 2011
Jharkhand,Deogarh,Madhupur,Assam C.T.C. Leaf,Beverages,0.02,19000,20000,20000,11 Nov 2011
Jharkhand,Deogarh,Madhupur,Assam C.T.C. Dust,Beverages,0.02,16000,17000,17000,11 Nov 2011
Jharkhand,Deogarh,Madhupur,Assam C.T.C. Leaf,Beverages,0.05,19000,20000,20000,09 Nov 2011
Jharkhand,Deogarh,Madhupur,Assam C.T.C. Dust,Beverages,0.05,16000,17000,17000,09 Nov 2011
Jharkhand,Deogarh,Madhupur,Assam C.T.C. Leaf,Beverages,0.05,19000,20000,20000,05 Nov 2011
Jharkhand,Deogarh,Madhupur,Assam C.T.C. Dust,Beverages,0.05,16000,17000,17000,05 Nov 2011
Jharkhand,Deogarh,Madhupur,Assam C.T.C. Leaf,Beverages,0.02,19000,20000,20000,03 Nov 2011
Jharkhand,Deogarh,Madhupur,Assam C.T.C. Dust,Beverages,0.02,16000,17000,17000,03 Nov 2011
Jharkhand,Deogarh,Madhupur,Assam C.T.C. Leaf,Beverages,0.02,19000,20000,20000,10 Oct 2011
Jharkhand,Deogarh,Madhupur,Assam C.T.C. Dust,Beverages,0.02,16000,17000,17000,10 Oct 2011
Jharkhand,Deogarh,Madhupur,Assam C.T.C. Leaf,Beverages,0.02,19000,20000,20000,08 Oct 2011
Jharkhand,Deogarh,Madhupur,Assam C.T.C. Dust,Beverages,0.02,16000,17000,17000,08 Oct 2011
Jharkhand,Deogarh,Madhupur,Assam C.T.C. Leaf,Beverages,0.02,19000,20000,20000,07 Oct 2011
Jharkhand,Deogarh,Madhupur,Assam C.T.C. Dust,Beverages,0.02,16000,17000,17000,07 Oct 2011
Jharkhand,Deogarh,Madhupur,Assam C.T.C. Leaf,Beverages,0.02,19000,20000,20000,01 Oct 2011
Jharkhand,Deogarh,Madhupur,Assam C.T.C. Dust,Beverages,0.02,16000,17000,17000,01 Oct 2011
Jharkhand,Deogarh,Madhupur,Assam C.T.C. Leaf,Beverages,0.02,19000,20000,20000,27 Sep 2011
Jharkhand,Deogarh,Madhupur,Assam C.T.C. Dust,Beverages,0.02,16000,17000,17000,27 Sep 2011
Jharkhand,Deogarh,Madhupur,Assam C.T.C. Leaf,Beverages,0.01,19000,20000,20000,26 Sep 2011
Jharkhand,Deogarh,Madhupur,Assam C.T.C. Dust,Beverages,0.01,16000,17000,17000,26 Sep 2011
Jharkhand,Deogarh,Madhupur,Assam C.T.C. Leaf,Beverages,0.01,19000,20000,20000,23 Sep 2011
Jharkhand,Deogarh,Madhupur,Assam C.T.C. Dust,Beverages,0.01,16000,17000,17000,23 Sep 2011
Jharkhand,Deogarh,Madhupur,Assam C.T.C. Leaf,Beverages,0.02,19000,20000,20000,22 Sep 2011
Jharkhand,Deogarh,Madhupur,Assam C.T.C. Dust,Beverages,0.02,16000,17000,17000,22 Sep 2011
Jharkhand,Deogarh,Madhupur,Assam C.T.C. Leaf,Beverages,0.02,19000,20000,20000,19 Sep 2011
Jharkhand,Deogarh,Madhupur,Assam C.T.C. Dust,Beverages,0.02,16000,17000,17000,19 Sep 2011
Jharkhand,Deogarh,Madhupur,Assam C.T.C. Leaf,Beverages,0.02,19000,20000,20000,17 Sep 2011
Jharkhand,Deogarh,Madhupur,Assam C.T.C. Dust,Beverages,0.02,16000,17000,17000,17 Sep 2011
Jharkhand,Deogarh,Madhupur,Assam C.T.C. Leaf,Beverages,0.02,19000,20000,20000,15 Sep 2011
Jharkhand,Deogarh,Madhupur,Assam C.T.C. Dust,Beverages,0.02,15000,16000,16000,15 Sep 2011
Jharkhand,Deogarh,Madhupur,Assam C.T.C. Leaf,Beverages,0.05,19000,20000,20000,09 Sep 2011
Jharkhand,Deogarh,Madhupur,Assam C.T.C. Dust,Beverages,0.05,16000,17000,17000,09 Sep 2011
Jharkhand,Deogarh,Madhupur,Assam C.T.C. Leaf,Beverages,0.02,19000,20000,20000,07 Sep 2011
Jharkhand,Deogarh,Madhupur,Assam C.T.C. Dust,Beverages,0.02,16000,17000,17000,07 Sep 2011
Jharkhand,Deogarh,Madhupur,Assam C.T.C. Leaf,Beverages,0.02,19000,20000,20000,06 Sep 2011
Jharkhand,Deogarh,Madhupur,Assam C.T.C. Dust,Beverages,0.02,16000,17000,17000,06 Sep 2011
Jharkhand,Deogarh,Madhupur,Assam C.T.C. Leaf,Beverages,0.02,19000,20000,20000,02 Sep 2011
Jharkhand,Deogarh,Madhupur,Assam C.T.C. Dust,Beverages,0.02,16000,17000,17000,02 Sep 2011
Jharkhand,Deogarh,Madhupur,Assam C.T.C. Leaf,Beverages,0.02,19000,20000,20000,30 Aug 2011
Jharkhand,Deogarh,Madhupur,Assam C.T.C. Dust,Beverages,0.02,16000,17000,17000,30 Aug 2011
Jharkhand,Deogarh,Madhupur,Assam C.T.C. Leaf,Beverages,0.02,19000,20000,20000,26 Aug 2011
Jharkhand,Deogarh,Madhupur,Assam C.T.C. Dust,Beverages,0.02,16000,17000,17000,26 Aug 2011
Jharkhand,Deogarh,Madhupur,Assam C.T.C. Leaf,Beverages,0.02,19000,20000,20000,25 Aug 2011
Jharkhand,Deogarh,Madhupur,Assam C.T.C. Dust,Beverages,0.02,16000,17000,17000,25 Aug 2011
Jharkhand,Deogarh,Madhupur,Assam C.T.C. Leaf,Beverages,0.02,19000,20000,20000,20 Aug 2011
Jharkhand,Deogarh,Madhupur,Assam C.T.C. Dust,Beverages,0.02,16000,17000,17000,20 Aug 2011
Jharkhand,Deogarh,Madhupur,Assam C.T.C. Leaf,Beverages,0.02,19000,20000,20000,18 Aug 2011
Jharkhand,Deogarh,Madhupur,Assam C.T.C. Dust,Beverages,0.02,16000,17000,17000,18 Aug 2011
Jharkhand,Deogarh,Madhupur,Assam C.T.C. Leaf,Beverages,0.02,19000,20000,20000,17 Aug 2011
Jharkhand,Deogarh,Madhupur,Assam C.T.C. Dust,Beverages,0.02,16000,17000,17000,17 Aug 2011
Jharkhand,Deogarh,Madhupur,Assam C.T.C. Leaf,Beverages,0.02,19000,20000,20000,16 Aug 2011
Jharkhand,Deogarh,Madhupur,Assam C.T.C. Dust,Beverages,0.02,16000,17000,17000,16 Aug 2011
Jharkhand,Deogarh,Madhupur,Assam C.T.C. Leaf,Beverages,0.03,19000,20000,20000,12 Aug 2011
Jharkhand,Deogarh,Madhupur,Assam C.T.C. Dust,Beverages,0.03,16000,17000,17000,12 Aug 2011
Jharkhand,Deogarh,Madhupur,Assam C.T.C. Leaf,Beverages,0.02,19000,20000,20000,10 Aug 2011
Jharkhand,Deogarh,Madhupur,Assam C.T.C. Dust,Beverages,0.02,16000,17000,17000,10 Aug 2011
Jharkhand,Deogarh,Madhupur,Assam C.T.C. Leaf,Beverages,0.1,19000,20000,20000,08 Aug 2011
Jharkhand,Deogarh,Madhupur,Assam C.T.C. Dust,Beverages,0.1,16000,17000,17000,08 Aug 2011
Jharkhand,Deogarh,Madhupur,Assam C.T.C. Leaf,Beverages,0.02,19000,20000,20000,06 Aug 2011
Jharkhand,Deogarh,Madhupur,Assam C.T.C. Dust,Beverages,0.02,16000,17000,17000,06 Aug 2011
Jharkhand,Deogarh,Madhupur,Assam C.T.C. Leaf,Beverages,0.02,19000,20000,20000,04 Aug 2011
Jharkhand,Deogarh,Madhupur,Assam C.T.C. Dust,Beverages,0.02,16000,17000,17000,04 Aug 2011
Jharkhand,Deogarh,Madhupur,Assam C.T.C. Leaf,Beverages,0.01,19000,20000,20000,02 Aug 2011
Jharkhand,Deogarh,Madhupur,Assam C.T.C. Dust,Beverages,0.01,16000,17000,17000,02 Aug 2011
Jharkhand,Deogarh,Madhupur,Assam C.T.C. Leaf,Beverages,0.02,19000,20000,20000,01 Aug 2011
Jharkhand,Deogarh,Madhupur,Assam C.T.C. Dust,Beverages,0.02,16000,17000,17000,01 Aug 2011
Jharkhand,Deogarh,Madhupur,Assam C.T.C. Leaf,Beverages,0.02,19000,20000,20000,30 Jul 2011
Jharkhand,Deogarh,Madhupur,Assam C.T.C. Dust,Beverages,0.02,16000,17000,17000,30 Jul 2011
Jharkhand,Deogarh,Madhupur,Assam C.T.C. Leaf,Beverages,0.01,19000,20000,20000,27 Jul 2011
Jharkhand,Deogarh,Madhupur,Assam C.T.C. Dust,Beverages,0.01,16000,17000,17000,27 Jul 2011
Jharkhand,Deogarh,Madhupur,Assam C.T.C. Leaf,Beverages,0.02,19000,20000,20000,26 Jul 2011
Jharkhand,Deogarh,Madhupur,Assam C.T.C. Dust,Beverages,0.02,16000,17000,17000,26 Jul 2011
Jharkhand,Deogarh,Madhupur,Assam C.T.C. Leaf,Beverages,0.01,19000,20000,20000,25 Jul 2011
Jharkhand,Deogarh,Madhupur,Assam C.T.C. Dust,Beverages,0.01,16000,17000,17000,25 Jul 2011
Jharkhand,Deogarh,Madhupur,Assam C.T.C. Leaf,Beverages,0.01,19000,20000,20000,23 Jul 2011
Jharkhand,Deogarh,Madhupur,Assam C.T.C. Dust,Beverages,0.01,16000,17000,17000,23 Jul 2011
Jharkhand,Deogarh,Madhupur,Assam C.T.C. Leaf,Beverages,0.01,19000,20000,20000,22 Jul 2011
Jharkhand,Deogarh,Madhupur,Assam C.T.C. Dust,Beverages,0.01,16000,17000,17000,22 Jul 2011
Jharkhand,Deogarh,Madhupur,Assam C.T.C. Leaf,Beverages,0.03,19000,20000,20000,21 Jul 2011
Jharkhand,Deogarh,Madhupur,Assam C.T.C. Dust,Beverages,0.03,16000,17000,17000,21 Jul 2011
Jharkhand,Deogarh,Madhupur,Assam C.T.C. Leaf,Beverages,0.05,19000,20000,20000,20 Jul 2011
Jharkhand,Deogarh,Madhupur,Assam C.T.C. Dust,Beverages,0.05,16000,17000,17000,20 Jul 2011
Jharkhand,Deogarh,Madhupur,Assam C.T.C. Leaf,Beverages,0.01,19000,20000,20000,16 Jul 2011
Jharkhand,Deogarh,Madhupur,Assam C.T.C. Dust,Beverages,0.01,16000,17000,17000,16 Jul 2011
Jharkhand,Deogarh,Madhupur,Assam C.T.C. Leaf,Beverages,0.05,19000,20000,20000,12 Jul 2011
Jharkhand,Deogarh,Madhupur,Assam C.T.C. Dust,Beverages,0.05,16000,17000,17000,12 Jul 2011
Jharkhand,Deogarh,Madhupur,Assam C.T.C. Leaf,Beverages,0.01,19000,20000,20000,11 Jul 2011
Jharkhand,Deogarh,Madhupur,Assam C.T.C. Dust,Beverages,0.01,16000,17000,17000,11 Jul 2011
Jharkhand,Deogarh,Madhupur,Assam C.T.C. Leaf,Beverages,0.02,19000,20000,20000,09 Jul 2011
Jharkhand,Deogarh,Madhupur,Assam C.T.C. Dust,Beverages,0.02,16000,17000,17000,09 Jul 2011
Jharkhand,Deogarh,Madhupur,Assam C.T.C. Leaf,Beverages,0.02,19000,20000,20000,06 Jul 2011
Jharkhand,Deogarh,Madhupur,Assam C.T.C. Dust,Beverages,0.02,16000,17000,17000,06 Jul 2011
Jharkhand,Deogarh,Madhupur,Assam C.T.C. Leaf,Beverages,0.01,19000,20000,20000,04 Jul 2011
Jharkhand,Deogarh,Madhupur,Assam C.T.C. Dust,Beverages,0.01,16000,17000,17000,04 Jul 2011
Jharkhand,Deogarh,Madhupur,Assam C.T.C. Leaf,Beverages,0.02,19000,20000,20000,01 Jul 2011
Jharkhand,Deogarh,Madhupur,Assam C.T.C. Dust,Beverages,0.02,16000,17000,17000,01 Jul 2011
Jharkhand,Deogarh,Madhupur,Assam C.T.C. Leaf,Beverages,0.02,19000,20000,20000,27 Jun 2011
Jharkhand,Deogarh,Madhupur,Assam C.T.C. Dust,Beverages,0.02,16000,17000,17000,27 Jun 2011
Jharkhand,Deogarh,Madhupur,Assam C.T.C. Leaf,Beverages,0.02,19000,20000,20000,25 Jun 2011
Jharkhand,Deogarh,Madhupur,Assam C.T.C. Dust,Beverages,0.02,16000,17000,17000,25 Jun 2011
Jharkhand,Deogarh,Madhupur,Assam C.T.C. Leaf,Beverages,0.2,19000,20000,20000,23 Jun 2011
Jharkhand,Deogarh,Madhupur,Assam C.T.C. Dust,Beverages,0.2,16000,17000,17000,23 Jun 2011
Jharkhand,Deogarh,Madhupur,Assam C.T.C. Leaf,Beverages,0.05,19000,20000,20000,21 Jun 2011
Jharkhand,Deogarh,Madhupur,Assam C.T.C. Dust,Beverages,0.05,16000,17000,17000,21 Jun 2011
Jharkhand,Deogarh,Madhupur,Assam C.T.C. Leaf,Beverages,0.02,19000,20000,20000,20 Jun 2011
Jharkhand,Deogarh,Madhupur,Assam C.T.C. Dust,Beverages,0.02,16000,17000,17000,20 Jun 2011
Jharkhand,Deogarh,Madhupur,Assam C.T.C. Leaf,Beverages,0.01,19000,20000,20000,18 Jun 2011
Jharkhand,Deogarh,Madhupur,Assam C.T.C. Dust,Beverages,0.01,16000,17000,17000,18 Jun 2011
Jharkhand,Deogarh,Madhupur,Assam C.T.C. Leaf,Beverages,0.02,19000,20000,20000,15 Jun 2011
Jharkhand,Deogarh,Madhupur,Assam C.T.C. Dust,Beverages,0.02,16000,17000,17000,15 Jun 2011
Jharkhand,Deogarh,Madhupur,Assam C.T.C. Leaf,Beverages,0.02,19000,20000,20000,14 Jun 2011
Jharkhand,Deogarh,Madhupur,Assam C.T.C. Dust,Beverages,0.02,16000,17000,17000,14 Jun 2011
Jharkhand,Deogarh,Madhupur,Assam C.T.C. Leaf,Beverages,0.01,19000,20000,20000,10 Jun 2011
Jharkhand,Deogarh,Madhupur,Assam C.T.C. Dust,Beverages,0.01,16000,17000,17000,10 Jun 2011
Jharkhand,Deogarh,Madhupur,Assam C.T.C. Leaf,Beverages,0.02,19000,20000,20000,08 Jun 2011
Jharkhand,Deogarh,Madhupur,Assam C.T.C. Dust,Beverages,0.02,16000,17000,17000,08 Jun 2011
Jharkhand,Deogarh,Madhupur,Assam C.T.C. Leaf,Beverages,0.02,19000,20000,20000,07 Jun 2011
Jharkhand,Deogarh,Madhupur,Assam C.T.C. Dust,Beverages,0.02,16000,17000,17000,07 Jun 2011
Jharkhand,Deogarh,Madhupur,Assam C.T.C. Leaf,Beverages,0.03,19000,20000,20000,06 Jun 2011
Jharkhand,Deogarh,Madhupur,Assam C.T.C. Dust,Beverages,0.03,16000,17000,17000,06 Jun 2011
Jharkhand,Deogarh,Madhupur,Assam C.T.C. Leaf,Beverages,0.02,19000,20000,20000,04 Jun 2011
Jharkhand,Deogarh,Madhupur,Assam C.T.C. Dust,Beverages,0.02,16000,17000,17000,04 Jun 2011
Jharkhand,Deogarh,Madhupur,Assam C.T.C. Leaf,Beverages,0.01,19000,20000,20000,03 Jun 2011
Jharkhand,Deogarh,Madhupur,Assam C.T.C. Dust,Beverages,0.01,16000,17000,17000,03 Jun 2011
Jharkhand,Deogarh,Madhupur,Assam C.T.C. Leaf,Beverages,0.2,19000,20000,20000,01 Jun 2011
Jharkhand,Deogarh,Madhupur,Assam C.T.C. Dust,Beverages,0.2,16000,17000,17000,01 Jun 2011
Jharkhand,Deogarh,Madhupur,Assam C.T.C. Leaf,Beverages,0.02,19000,20000,20000,31 May 2011
Jharkhand,Deogarh,Madhupur,Assam C.T.C. Dust,Beverages,0.02,16000,17000,17000,31 May 2011
Jharkhand,Deogarh,Madhupur,Assam C.T.C. Leaf,Beverages,0.01,19000,20000,20000,30 May 2011
Jharkhand,Deogarh,Madhupur,Assam C.T.C. Dust,Beverages,0.01,16000,17000,17000,30 May 2011
Jharkhand,Deogarh,Madhupur,Assam C.T.C. Leaf,Beverages,0.05,19000,20000,20000,27 May 2011
Jharkhand,Deogarh,Madhupur,Assam C.T.C. Dust,Beverages,0.05,16000,17000,17000,27 May 2011
Jharkhand,Deogarh,Madhupur,Assam C.T.C. Leaf,Beverages,0.02,19000,20000,20000,26 May 2011
Jharkhand,Deogarh,Madhupur,Assam C.T.C. Dust,Beverages,0.02,16000,17000,17000,26 May 2011
Jharkhand,Deogarh,Madhupur,Assam C.T.C. Leaf,Beverages,0.02,19000,20000,20000,25 May 2011
Jharkhand,Deogarh,Madhupur,Assam C.T.C. Dust,Beverages,0.02,16000,17000,17000,25 May 2011
Jharkhand,Deogarh,Madhupur,Assam C.T.C. Leaf,Beverages,0.05,19000,20000,20000,24 May 2011
Jharkhand,Deogarh,Madhupur,Assam C.T.C. Dust,Beverages,0.05,16000,17000,17000,24 May 2011
Jharkhand,Deogarh,Madhupur,Assam C.T.C. Leaf,Beverages,0.02,19000,20000,20000,21 May 2011
Jharkhand,Deogarh,Madhupur,Assam C.T.C. Dust,Beverages,0.02,16000,17000,17000,21 May 2011
Jharkhand,Deogarh,Madhupur,Assam C.T.C. Leaf,Beverages,0.02,19000,20000,20000,19 May 2011
Jharkhand,Deogarh,Madhupur,Assam C.T.C. Dust,Beverages,0.02,16000,17000,17000,19 May 2011
Jharkhand,Deogarh,Madhupur,Assam C.T.C. Leaf,Beverages,0.02,19000,20000,20000,16 May 2011
Jharkhand,Deogarh,Madhupur,Assam C.T.C. Dust,Beverages,0.02,16000,17000,17000,16 May 2011
Jharkhand,Deogarh,Madhupur,Assam C.T.C. Leaf,Beverages,0.02,19000,20000,20000,14 May 2011
Jharkhand,Deogarh,Madhupur,Assam C.T.C. Dust,Beverages,0.02,16000,17000,17000,14 May 2011
Jharkhand,Deogarh,Madhupur,Assam C.T.C. Leaf,Beverages,0.05,19000,20000,20000,13 May 2011
Jharkhand,Deogarh,Madhupur,Assam C.T.C. Dust,Beverages,0.05,16000,17000,17000,13 May 2011
Jharkhand,Deogarh,Madhupur,Assam C.T.C. Leaf,Beverages,0.06,19000,20000,20000,11 May 2011
Jharkhand,Deogarh,Madhupur,Assam C.T.C. Dust,Beverages,0.06,16000,17000,17000,11 May 2011
Jharkhand,Deogarh,Madhupur,Assam C.T.C. Leaf,Beverages,0.02,19000,20000,20000,10 May 2011
Jharkhand,Deogarh,Madhupur,Assam C.T.C. Dust,Beverages,0.02,16000,17000,17000,10 May 2011
Jharkhand,Deogarh,Madhupur,Assam C.T.C. Leaf,Beverages,0.02,19000,20000,20000,09 May 2011
Jharkhand,Deogarh,Madhupur,Assam C.T.C. Dust,Beverages,0.02,16000,17000,17000,09 May 2011
Jharkhand,Deogarh,Madhupur,Assam C.T.C. Leaf,Beverages,0.01,19000,20000,20000,07 May 2011
Jharkhand,Deogarh,Madhupur,Assam C.T.C. Dust,Beverages,0.01,16000,17000,16000,07 May 2011
Jharkhand,Deogarh,Madhupur,Assam C.T.C. Leaf,Beverages,0.04,19000,20000,20000,06 May 2011
Jharkhand,Deogarh,Madhupur,Assam C.T.C. Dust,Beverages,0.04,16000,17000,17000,06 May 2011
Jharkhand,Deogarh,Madhupur,Assam C.T.C. Leaf,Beverages,0.02,19000,20000,20000,05 May 2011
Jharkhand,Deogarh,Madhupur,Assam C.T.C. Dust,Beverages,0.02,16000,17000,17000,05 May 2011
Jharkhand,Deogarh,Madhupur,Assam C.T.C. Leaf,Beverages,0.03,19000,20000,20000,04 May 2011
Jharkhand,Deogarh,Madhupur,Assam C.T.C. Dust,Beverages,0.03,16000,17000,17000,04 May 2011
Jharkhand,Deogarh,Madhupur,Assam C.T.C. Leaf,Beverages,0.02,19000,20000,20000,03 May 2011
Jharkhand,Deogarh,Madhupur,Assam C.T.C. Dust,Beverages,0.02,16000,17000,17000,03 May 2011
Jharkhand,Deogarh,Madhupur,Assam C.T.C. Leaf,Beverages,0.05,19000,20000,20000,02 May 2011
Jharkhand,Deogarh,Madhupur,Assam C.T.C. Dust,Beverages,0.05,16000,17000,17000,02 May 2011
Jharkhand,Deogarh,Madhupur,Assam C.T.C. Leaf,Beverages,0.03,19000,20000,20000,29 Apr 2011
Jharkhand,Deogarh,Madhupur,Assam C.T.C. Dust,Beverages,0.03,16000,17000,17000,29 Apr 2011
Jharkhand,Deogarh,Madhupur,Assam C.T.C. Leaf,Beverages,0.2,19000,20000,20000,28 Apr 2011
Jharkhand,Deogarh,Madhupur,Assam C.T.C. Dust,Beverages,0.2,16000,17000,17000,28 Apr 2011
Jharkhand,Deogarh,Madhupur,Assam C.T.C. Leaf,Beverages,0.02,19000,20000,20000,27 Apr 2011
Jharkhand,Deogarh,Madhupur,Assam C.T.C. Dust,Beverages,0.02,16000,17000,17000,27 Apr 2011
Jharkhand,Deogarh,Madhupur,Assam C.T.C. Leaf,Beverages,0.03,19000,20000,20000,26 Apr 2011
Jharkhand,Deogarh,Madhupur,Assam C.T.C. Dust,Beverages,0.03,16000,17000,17000,26 Apr 2011
Jharkhand,Deogarh,Madhupur,Assam C.T.C. Leaf,Beverages,0.02,19000,20000,20000,25 Apr 2011
Jharkhand,Deogarh,Madhupur,Assam C.T.C. Dust,Beverages,0.02,16000,17000,17000,25 Apr 2011
Jharkhand,Deogarh,Madhupur,Assam C.T.C. Leaf,Beverages,0.02,19000,20000,20000,20 Apr 2011
Jharkhand,Deogarh,Madhupur,Assam C.T.C. Dust,Beverages,0.02,16000,17000,17000,20 Apr 2011
Jharkhand,Deogarh,Madhupur,Assam C.T.C. Leaf,Beverages,0.02,19000,20000,20000,18 Apr 2011
Jharkhand,Deogarh,Madhupur,Assam C.T.C. Dust,Beverages,0.02,16000,17000,17000,18 Apr 2011
Jharkhand,Deogarh,Madhupur,Assam C.T.C. Leaf,Beverages,0.03,19000,20000,20000,15 Apr 2011
Jharkhand,Deogarh,Madhupur,Assam C.T.C. Dust,Beverages,0.03,16000,17000,17000,15 Apr 2011
Jharkhand,Deogarh,Madhupur,Assam C.T.C. Leaf,Beverages,0.02,19000,20000,20000,14 Apr 2011
Jharkhand,Deogarh,Madhupur,Assam C.T.C. Dust,Beverages,0.02,16000,17000,17000,14 Apr 2011
Jharkhand,Deogarh,Madhupur,Assam C.T.C. Leaf,Beverages,0.02,19000,20000,20000,13 Apr 2011
Jharkhand,Deogarh,Madhupur,Assam C.T.C. Dust,Beverages,0.02,16000,17000,17000,13 Apr 2011
Jharkhand,Deogarh,Madhupur,Assam C.T.C. Leaf,Beverages,0.3,19000,20000,20000,11 Apr 2011
Jharkhand,Deogarh,Madhupur,Assam C.T.C. Dust,Beverages,0.3,16000,17000,17000,11 Apr 2011
Jharkhand,Deogarh,Madhupur,Assam C.T.C. Leaf,Beverages,0.05,19000,20000,20000,09 Apr 2011
Jharkhand,Deogarh,Madhupur,Assam C.T.C. Dust,Beverages,0.05,16000,17000,17000,09 Apr 2011
Jharkhand,Deogarh,Madhupur,Assam C.T.C. Leaf,Beverages,0.02,19000,20000,20000,08 Apr 2011
Jharkhand,Deogarh,Madhupur,Assam C.T.C. Dust,Beverages,0.02,16000,17000,17000,08 Apr 2011
Jharkhand,Deogarh,Madhupur,Assam C.T.C. Leaf,Beverages,0.05,19000,20000,20000,07 Apr 2011
Jharkhand,Deogarh,Madhupur,Assam C.T.C. Dust,Beverages,0.05,16000,17000,17000,07 Apr 2011
Jharkhand,Deogarh,Madhupur,Assam C.T.C. Leaf,Beverages,0.1,19000,20000,20000,05 Apr 2011
Jharkhand,Deogarh,Madhupur,Assam C.T.C. Dust,Beverages,0.1,16000,17000,17000,05 Apr 2011
Jharkhand,Deogarh,Madhupur,Assam C.T.C. Leaf,Beverages,0.05,19000,20000,20000,04 Apr 2011
Jharkhand,Deogarh,Madhupur,Assam C.T.C. Dust,Beverages,0.05,16000,17000,17000,04 Apr 2011
Jharkhand,Deogarh,Madhupur,Assam C.T.C. Leaf,Beverages,0.02,19000,20000,20000,02 Apr 2011
Jharkhand,Deogarh,Madhupur,Assam C.T.C. Dust,Beverages,0.02,16000,17000,17000,02 Apr 2011
Jharkhand,Deogarh,Madhupur,Assam C.T.C. Leaf,Beverages,0.02,19000,20000,20000,31 Mar 2011
Jharkhand,Deogarh,Madhupur,Assam C.T.C. Dust,Beverages,0.02,16000,17000,17000,31 Mar 2011
Jharkhand,Deogarh,Madhupur,Assam C.T.C. Leaf,Beverages,0.02,19000,20000,20000,30 Mar 2011
Jharkhand,Deogarh,Madhupur,Assam C.T.C. Dust,Beverages,0.02,16000,17000,17000,30 Mar 2011
Jharkhand,Deogarh,Madhupur,Assam C.T.C. Leaf,Beverages,0.02,19000,20000,20000,26 Mar 2011
Jharkhand,Deogarh,Madhupur,Assam C.T.C. Dust,Beverages,0.02,16000,17000,17000,26 Mar 2011
Jharkhand,Deogarh,Madhupur,Assam C.T.C. Leaf,Beverages,0.05,19000,20000,20000,25 Mar 2011
Jharkhand,Deogarh,Madhupur,Assam C.T.C. Dust,Beverages,0.05,16000,17000,17000,25 Mar 2011
Jharkhand,Deogarh,Madhupur,Assam C.T.C. Leaf,Beverages,0.02,19000,20000,20000,23 Mar 2011
Jharkhand,Deogarh,Madhupur,Assam C.T.C. Dust,Beverages,0.02,16000,17000,17000,23 Mar 2011
Jharkhand,Deogarh,Madhupur,Assam C.T.C. Leaf,Beverages,0.3,19000,20000,20000,22 Mar 2011
Jharkhand,Deogarh,Madhupur,Assam C.T.C. Dust,Beverages,0.3,16000,17000,17000,22 Mar 2011
Jharkhand,Deogarh,Madhupur,Assam C.T.C. Leaf,Beverages,2.0,19000,20000,20000,18 Mar 2011
Jharkhand,Deogarh,Madhupur,Assam C.T.C. Dust,Beverages,2.0,16000,17000,17000,18 Mar 2011
Jharkhand,Deogarh,Madhupur,Assam C.T.C. Leaf,Beverages,0.04,19000,20000,20000,17 Mar 2011
Jharkhand,Deogarh,Madhupur,Assam C.T.C. Dust,Beverages,0.04,16000,17000,17000,17 Mar 2011
Jharkhand,Deogarh,Madhupur,Assam C.T.C. Leaf,Beverages,0.03,19000,20000,20000,16 Mar 2011
Jharkhand,Deogarh,Madhupur,Assam C.T.C. Dust,Beverages,0.03,16000,17000,17000,16 Mar 2011
Jharkhand,Deogarh,Madhupur,Assam C.T.C. Leaf,Beverages,0.05,19000,20000,20000,15 Mar 2011
Jharkhand,Deogarh,Madhupur,Assam C.T.C. Dust,Beverages,0.05,16000,17000,17000,15 Mar 2011
Jharkhand,Deogarh,Madhupur,Assam C.T.C. Leaf,Beverages,0.03,19000,20000,20000,14 Mar 2011
Jharkhand,Deogarh,Madhupur,Assam C.T.C. Dust,Beverages,0.03,16000,17000,17000,14 Mar 2011
Jharkhand,Deogarh,Madhupur,Assam C.T.C. Leaf,Beverages,0.02,19000,20000,20000,12 Mar 2011
Jharkhand,Deogarh,Madhupur,Assam C.T.C. Dust,Beverages,0.02,16000,17000,17000,12 Mar 2011
Jharkhand,Deogarh,Madhupur,Assam C.T.C. Leaf,Beverages,0.05,19000,20000,20000,11 Mar 2011
Jharkhand,Deogarh,Madhupur,Assam C.T.C. Dust,Beverages,0.05,16000,17000,17000,11 Mar 2011
Jharkhand,Deogarh,Madhupur,Assam C.T.C. Leaf,Beverages,0.05,19000,20000,20000,10 Mar 2011
Jharkhand,Deogarh,Madhupur,Assam C.T.C. Dust,Beverages,0.05,16000,17000,17000,10 Mar 2011
Jharkhand,Deogarh,Madhupur,Assam C.T.C. Leaf,Beverages,0.06,19000,20000,20000,09 Mar 2011
Jharkhand,Deogarh,Madhupur,Assam C.T.C. Dust,Beverages,0.06,16000,17000,17000,09 Mar 2011
Jharkhand,Deogarh,Madhupur,Assam C.T.C. Leaf,Beverages,0.1,19000,20000,20000,08 Mar 2011
Jharkhand,Deogarh,Madhupur,Assam C.T.C. Dust,Beverages,0.1,16000,17000,17000,08 Mar 2011
Jharkhand,Deogarh,Madhupur,Assam C.T.C. Leaf,Beverages,0.05,19000,20000,20000,07 Mar 2011
Jharkhand,Deogarh,Madhupur,Assam C.T.C. Dust,Beverages,0.05,16000,17000,17000,07 Mar 2011
Jharkhand,Deogarh,Madhupur,Assam C.T.C. Leaf,Beverages,0.1,19000,20000,20000,04 Mar 2011
Jharkhand,Deogarh,Madhupur,Assam C.T.C. Dust,Beverages,0.1,16000,17000,17000,04 Mar 2011
Jharkhand,Deogarh,Madhupur,Assam C.T.C. Leaf,Beverages,0.02,19000,20000,20000,03 Mar 2011
Jharkhand,Deogarh,Madhupur,Assam C.T.C. Dust,Beverages,0.02,16000,17000,17000,03 Mar 2011
Jharkhand,Deogarh,Madhupur,Assam C.T.C. Leaf,Beverages,0.05,19000,20000,20000,01 Mar 2011
Jharkhand,Deogarh,Madhupur,Assam C.T.C. Dust,Beverages,0.05,16000,17000,17000,01 Mar 2011
Jharkhand,Deogarh,Madhupur,Assam C.T.C. Leaf,Beverages,0.03,19000,20000,20000,26 Feb 2011
Jharkhand,Deogarh,Madhupur,Assam C.T.C. Dust,Beverages,0.03,16000,17000,17000,26 Feb 2011
Jharkhand,Deogarh,Madhupur,Assam C.T.C. Leaf,Beverages,0.05,19000,20000,20000,25 Feb 2011
Jharkhand,Deogarh,Madhupur,Assam C.T.C. Dust,Beverages,0.05,16000,17000,17000,25 Feb 2011
Jharkhand,Deogarh,Madhupur,Assam C.T.C. Leaf,Beverages,0.1,19000,20000,20000,24 Feb 2011
Jharkhand,Deogarh,Madhupur,Assam C.T.C. Dust,Beverages,0.1,16000,17000,17000,24 Feb 2011
Jharkhand,Deogarh,Madhupur,Assam C.T.C. Leaf,Beverages,0.06,19000,20000,20000,23 Feb 2011
Jharkhand,Deogarh,Madhupur,Assam C.T.C. Dust,Beverages,0.06,16000,17000,17000,23 Feb 2011
Jharkhand,Deogarh,Madhupur,Assam C.T.C. Leaf,Beverages,0.03,19000,20000,20000,22 Feb 2011
Jharkhand,Deogarh,Madhupur,Assam C.T.C. Dust,Beverages,0.03,16000,17000,17000,22 Feb 2011
Jharkhand,Deogarh,Madhupur,Assam C.T.C. Leaf,Beverages,0.02,19000,20000,20000,21 Feb 2011
Jharkhand,Deogarh,Madhupur,Assam C.T.C. Dust,Beverages,0.02,16000,17000,17000,21 Feb 2011
Jharkhand,Deogarh,Madhupur,Assam C.T.C. Leaf,Beverages,0.02,19000,20000,20000,19 Feb 2011
Jharkhand,Deogarh,Madhupur,Assam C.T.C. Dust,Beverages,0.02,16000,17000,17000,19 Feb 2011
Jharkhand,Deogarh,Madhupur,Assam C.T.C. Leaf,Beverages,0.05,19000,20000,20000,18 Feb 2011
Jharkhand,Deogarh,Madhupur,Assam C.T.C. Dust,Beverages,0.05,16000,17000,17000,18 Feb 2011
Jharkhand,Deogarh,Madhupur,Assam C.T.C. Leaf,Beverages,0.02,19000,20000,20000,17 Feb 2011
Jharkhand,Deogarh,Madhupur,Assam C.T.C. Dust,Beverages,0.02,16000,17000,17000,17 Feb 2011
Jharkhand,Deogarh,Madhupur,Assam C.T.C. Leaf,Beverages,0.05,19000,20000,20000,15 Feb 2011
Jharkhand,Deogarh,Madhupur,Assam C.T.C. Dust,Beverages,0.05,16000,17000,17000,15 Feb 2011
Jharkhand,Deogarh,Madhupur,Assam C.T.C. Leaf,Beverages,0.05,19000,20000,20000,14 Feb 2011
Jharkhand,Deogarh,Madhupur,Assam C.T.C. Dust,Beverages,0.05,16000,17000,17000,14 Feb 2011
Jharkhand,Deogarh,Madhupur,Assam C.T.C. Leaf,Beverages,0.03,19000,20000,20000,12 Feb 2011
Jharkhand,Deogarh,Madhupur,Assam C.T.C. Dust,Beverages,0.03,16000,17000,17000,12 Feb 2011
Jharkhand,Deogarh,Madhupur,Assam C.T.C. Leaf,Beverages,0.02,19000,20000,20000,11 Feb 2011
Jharkhand,Deogarh,Madhupur,Assam C.T.C. Dust,Beverages,0.02,16000,17000,17000,11 Feb 2011
Jharkhand,Deogarh,Madhupur,Assam C.T.C. Leaf,Beverages,0.03,19000,20000,20000,10 Feb 2011
Jharkhand,Deogarh,Madhupur,Assam C.T.C. Dust,Beverages,0.03,16000,17000,17000,10 Feb 2011
Jharkhand,Deogarh,Madhupur,Assam C.T.C. Leaf,Beverages,0.02,19000,20000,20000,09 Feb 2011
Jharkhand,Deogarh,Madhupur,Assam C.T.C. Dust,Beverages,0.02,16000,17000,17000,09 Feb 2011
Jharkhand,Deogarh,Madhupur,Assam C.T.C. Leaf,Beverages,0.05,19000,20000,20000,07 Feb 2011
Jharkhand,Deogarh,Madhupur,Assam C.T.C. Dust,Beverages,0.05,16000,17000,17000,07 Feb 2011
Jharkhand,Deogarh,Madhupur,Assam C.T.C. Leaf,Beverages,0.05,19000,20000,20000,05 Feb 2011
Jharkhand,Deogarh,Madhupur,Assam C.T.C. Dust,Beverages,0.05,16000,17000,17000,05 Feb 2011
Jharkhand,Deogarh,Madhupur,Assam C.T.C. Leaf,Beverages,0.02,19000,20000,20000,04 Feb 2011
Jharkhand,Deogarh,Madhupur,Assam C.T.C. Dust,Beverages,0.02,16000,17000,17000,04 Feb 2011
Jharkhand,Deogarh,Madhupur,Assam C.T.C. Leaf,Beverages,0.05,19000,20000,20000,03 Feb 2011
Jharkhand,Deogarh,Madhupur,Assam C.T.C. Dust,Beverages,0.05,16000,17000,17000,03 Feb 2011
Jharkhand,Deogarh,Madhupur,Assam C.T.C. Leaf,Beverages,0.05,19000,20000,20000,02 Feb 2011
Jharkhand,Deogarh,Madhupur,Assam C.T.C. Dust,Beverages,0.05,16000,17000,17000,02 Feb 2011
Jharkhand,Deogarh,Madhupur,Assam C.T.C. Leaf,Beverages,0.03,19000,20000,20000,01 Feb 2011
Jharkhand,Deogarh,Madhupur,Assam C.T.C. Dust,Beverages,0.03,16000,17000,17000,01 Feb 2011
Jharkhand,Deogarh,Madhupur,Assam C.T.C. Leaf,Beverages,0.02,19000,20000,20000,31 Jan 2011
Jharkhand,Deogarh,Madhupur,Assam C.T.C. Dust,Beverages,0.02,16000,17000,17000,31 Jan 2011
Jharkhand,Deogarh,Madhupur,Assam C.T.C. Leaf,Beverages,0.1,19000,20000,20000,29 Jan 2011
Jharkhand,Deogarh,Madhupur,Assam C.T.C. Dust,Beverages,0.1,16000,17000,17000,29 Jan 2011
Jharkhand,Deogarh,Madhupur,Assam C.T.C. Leaf,Beverages,0.01,19000,20000,20000,27 Jan 2011
Jharkhand,Deogarh,Madhupur,Assam C.T.C. Dust,Beverages,0.01,16000,17000,17000,27 Jan 2011
Jharkhand,Deogarh,Madhupur,Assam C.T.C. Leaf,Beverages,0.02,19000,20000,20000,24 Jan 2011
Jharkhand,Deogarh,Madhupur,Assam C.T.C. Dust,Beverages,0.02,16000,17000,17000,24 Jan 2011
Jharkhand,Deogarh,Madhupur,Assam C.T.C. Leaf,Beverages,0.01,19000,20000,20000,22 Jan 2011
Jharkhand,Deogarh,Madhupur,Assam C.T.C. Dust,Beverages,0.01,16000,17000,17000,22 Jan 2011
Jharkhand,Deogarh,Madhupur,Assam C.T.C. Leaf,Beverages,0.02,19000,20000,20000,21 Jan 2011
Jharkhand,Deogarh,Madhupur,Assam C.T.C. Dust,Beverages,0.02,16000,17000,17000,21 Jan 2011
Jharkhand,Deogarh,Madhupur,Assam C.T.C. Leaf,Beverages,0.02,19000,20000,20000,20 Jan 2011
Jharkhand,Deogarh,Madhupur,Assam C.T.C. Dust,Beverages,0.02,16000,17000,17000,20 Jan 2011
Jharkhand,Deogarh,Madhupur,Assam C.T.C. Leaf,Beverages,0.02,19000,20000,20000,19 Jan 2011
Jharkhand,Deogarh,Madhupur,Assam C.T.C. Dust,Beverages,0.02,16000,17000,17000,19 Jan 2011
Jharkhand,Deogarh,Madhupur,Assam C.T.C. Leaf,Beverages,0.01,19000,20000,20000,18 Jan 2011
Jharkhand,Deogarh,Madhupur,Assam C.T.C. Dust,Beverages,0.01,16000,17000,17000,18 Jan 2011
Jharkhand,Deogarh,Madhupur,Assam C.T.C. Leaf,Beverages,0.04,19000,20000,20000,17 Jan 2011
Jharkhand,Deogarh,Madhupur,Assam C.T.C. Dust,Beverages,0.04,16000,17000,17000,17 Jan 2011
Jharkhand,Deogarh,Madhupur,Assam C.T.C. Leaf,Beverages,0.01,19000,20000,20000,15 Jan 2011
Jharkhand,Deogarh,Madhupur,Assam C.T.C. Dust,Beverages,0.01,16000,17000,17000,15 Jan 2011
Jharkhand,Deogarh,Madhupur,Assam C.T.C. Leaf,Beverages,0.02,19000,20000,20000,13 Jan 2011
Jharkhand,Deogarh,Madhupur,Assam C.T.C. Dust,Beverages,0.02,16000,17000,17000,13 Jan 2011
Jharkhand,Deogarh,Madhupur,Assam C.T.C. Leaf,Beverages,0.05,19000,20000,20000,12 Jan 2011
Jharkhand,Deogarh,Madhupur,Assam C.T.C. Dust,Beverages,0.05,16000,17000,17000,12 Jan 2011
Jharkhand,Deogarh,Madhupur,Assam C.T.C. Leaf,Beverages,0.01,19000,20000,20000,11 Jan 2011
Jharkhand,Deogarh,Madhupur,Assam C.T.C. Dust,Beverages,0.01,16000,17000,17000,11 Jan 2011
Jharkhand,Deogarh,Madhupur,Assam C.T.C. Leaf,Beverages,0.02,19000,20000,20000,10 Jan 2011
Jharkhand,Deogarh,Madhupur,Assam C.T.C. Dust,Beverages,0.02,16000,17000,17000,10 Jan 2011
Jharkhand,Deogarh,Madhupur,Assam C.T.C. Leaf,Beverages,0.3,19000,20000,20000,08 Jan 2011
Jharkhand,Deogarh,Madhupur,Assam C.T.C. Dust,Beverages,0.3,16000,17000,17000,08 Jan 2011
Jharkhand,Deogarh,Madhupur,Assam C.T.C. Leaf,Beverages,0.05,19000,20000,20000,07 Jan 2011
Jharkhand,Deogarh,Madhupur,Assam C.T.C. Dust,Beverages,0.05,16000,17000,17000,07 Jan 2011
Jharkhand,Deogarh,Madhupur,Assam C.T.C. Leaf,Beverages,0.02,19000,20000,20000,06 Jan 2011
Jharkhand,Deogarh,Madhupur,Assam C.T.C. Dust,Beverages,0.02,16000,17000,17000,06 Jan 2011
Jharkhand,Deogarh,Madhupur,Assam C.T.C. Leaf,Beverages,0.02,19000,20000,20000,30 Dec 2010
Jharkhand,Deogarh,Madhupur,Assam C.T.C. Dust,Beverages,0.02,16000,17000,17000,30 Dec 2010
Jharkhand,Deogarh,Madhupur,Assam C.T.C. Leaf,Beverages,0.05,19000,20000,20000,29 Dec 2010
Jharkhand,Deogarh,Madhupur,Assam C.T.C. Dust,Beverages,0.05,16000,17000,17000,29 Dec 2010
Jharkhand,Deogarh,Madhupur,Assam C.T.C. Leaf,Beverages,0.04,19000,20000,20000,28 Dec 2010
Jharkhand,Deogarh,Madhupur,Assam C.T.C. Dust,Beverages,0.04,15000,16000,16000,28 Dec 2010
Jharkhand,Deogarh,Madhupur,Assam C.T.C. Leaf,Beverages,0.2,19000,20000,20000,27 Dec 2010
Jharkhand,Deogarh,Madhupur,Assam C.T.C. Dust,Beverages,0.2,15000,16000,16000,27 Dec 2010
Jharkhand,Deogarh,Madhupur,Assam C.T.C. Leaf,Beverages,0.03,19000,20000,20000,24 Dec 2010
Jharkhand,Deogarh,Madhupur,Assam C.T.C. Dust,Beverages,0.03,15000,16000,16000,24 Dec 2010
Jharkhand,Deogarh,Madhupur,Assam C.T.C. Leaf,Beverages,0.03,19000,20000,20000,22 Dec 2010
Jharkhand,Deogarh,Madhupur,Assam C.T.C. Dust,Beverages,0.03,16000,17000,17000,22 Dec 2010
Jharkhand,Deogarh,Madhupur,Assam C.T.C. Leaf,Beverages,0.05,19000,20000,20000,21 Dec 2010
Jharkhand,Deogarh,Madhupur,Assam C.T.C. Dust,Beverages,0.05,16000,17000,17000,21 Dec 2010
Jharkhand,Deogarh,Madhupur,Assam C.T.C. Leaf,Beverages,0.05,19000,20000,20000,20 Dec 2010
Jharkhand,Deogarh,Madhupur,Assam C.T.C. Dust,Beverages,0.05,15000,16000,16000,20 Dec 2010
Jharkhand,Deogarh,Madhupur,Assam C.T.C. Leaf,Beverages,0.15,19000,20000,20000,18 Dec 2010
Jharkhand,Deogarh,Madhupur,Assam C.T.C. Dust,Beverages,0.15,16000,17000,17000,18 Dec 2010
Jharkhand,Deogarh,Madhupur,Assam C.T.C. Leaf,Beverages,0.2,19000,20000,20000,16 Dec 2010
Jharkhand,Deogarh,Madhupur,Assam C.T.C. Dust,Beverages,0.2,16000,17000,17000,16 Dec 2010
Jharkhand,Deogarh,Madhupur,Assam C.T.C. Leaf,Beverages,0.2,19000,20000,20000,14 Dec 2010
Jharkhand,Deogarh,Madhupur,Assam C.T.C. Dust,Beverages,0.2,16000,17000,17000,14 Dec 2010
Jharkhand,Deogarh,Madhupur,Assam C.T.C. Leaf,Beverages,0.05,19000,20000,20000,13 Dec 2010
Jharkhand,Deogarh,Madhupur,Assam C.T.C. Dust,Beverages,0.05,16000,17000,17000,13 Dec 2010
Jharkhand,Deogarh,Madhupur,Assam C.T.C. Leaf,Beverages,0.05,19000,20000,20000,11 Dec 2010
Jharkhand,Deogarh,Madhupur,Assam C.T.C. Dust,Beverages,0.05,16000,17000,17000,11 Dec 2010
Jharkhand,Deogarh,Madhupur,Assam C.T.C. Leaf,Beverages,0.05,19000,20000,20000,10 Dec 2010
Jharkhand,Deogarh,Madhupur,Assam C.T.C. Dust,Beverages,0.05,16000,17000,17000,10 Dec 2010
Jharkhand,Deogarh,Madhupur,Assam C.T.C. Leaf,Beverages,0.1,19000,20000,20000,09 Dec 2010
Jharkhand,Deogarh,Madhupur,Assam C.T.C. Dust,Beverages,0.1,16000,17000,17000,09 Dec 2010
Jharkhand,Deogarh,Madhupur,Assam C.T.C. Leaf,Beverages,0.1,19000,20000,20000,08 Dec 2010
Jharkhand,Deogarh,Madhupur,Assam C.T.C. Dust,Beverages,0.1,16000,17000,17000,08 Dec 2010
Jharkhand,Deogarh,Madhupur,Assam C.T.C. Leaf,Beverages,0.1,19000,20000,20000,07 Dec 2010
Jharkhand,Deogarh,Madhupur,Assam C.T.C. Dust,Beverages,0.1,16000,17000,17000,07 Dec 2010
Jharkhand,Deogarh,Madhupur,Assam C.T.C. Leaf,Beverages,0.15,19000,20000,20000,04 Dec 2010
Jharkhand,Deogarh,Madhupur,Assam C.T.C. Dust,Beverages,0.15,16000,17000,17000,04 Dec 2010
Jharkhand,Deogarh,Madhupur,Assam C.T.C. Leaf,Beverages,0.2,19000,20000,20000,03 Dec 2010
Jharkhand,Deogarh,Madhupur,Assam C.T.C. Dust,Beverages,0.2,16000,17000,17000,03 Dec 2010
Jharkhand,Deogarh,Madhupur,Assam C.T.C. Leaf,Beverages,0.2,19000,20000,20000,02 Dec 2010
Jharkhand,Deogarh,Madhupur,Assam C.T.C. Dust,Beverages,0.2,16000,17000,17000,02 Dec 2010
Jharkhand,Deogarh,Madhupur,Assam C.T.C. Leaf,Beverages,0.2,19000,20000,20000,01 Dec 2010
Jharkhand,Deogarh,Madhupur,Assam C.T.C. Dust,Beverages,0.2,16000,17000,17000,01 Dec 2010
Jharkhand,Deogarh,Madhupur,Assam C.T.C. Leaf,Beverages,0.15,19000,20000,20000,30 Nov 2010
Jharkhand,Deogarh,Madhupur,Assam C.T.C. Dust,Beverages,0.15,16000,17000,17000,30 Nov 2010
Jharkhand,Deogarh,Madhupur,Assam C.T.C. Leaf,Beverages,0.2,19000,20000,20000,29 Nov 2010
Jharkhand,Deogarh,Madhupur,Assam C.T.C. Dust,Beverages,0.2,16000,17000,17000,29 Nov 2010
Jharkhand,Deogarh,Madhupur,Assam C.T.C. Leaf,Beverages,0.25,19000,20000,20000,25 Nov 2010
Jharkhand,Deogarh,Madhupur,Assam C.T.C. Dust,Beverages,0.25,16000,17000,17000,25 Nov 2010
Jharkhand,Deogarh,Madhupur,Assam C.T.C. Leaf,Beverages,0.2,19000,20000,20000,24 Nov 2010
Jharkhand,Deogarh,Madhupur,Assam C.T.C. Dust,Beverages,0.2,16000,17000,17000,24 Nov 2010
Jharkhand,Deogarh,Madhupur,Assam C.T.C. Leaf,Beverages,0.1,19000,20000,20000,23 Nov 2010
Jharkhand,Deogarh,Madhupur,Assam C.T.C. Dust,Beverages,0.1,16000,17000,17000,23 Nov 2010
Jharkhand,Deogarh,Madhupur,Assam C.T.C. Leaf,Beverages,0.4,19000,20000,20000,22 Nov 2010
Jharkhand,Deogarh,Madhupur,Assam C.T.C. Dust,Beverages,0.4,16000,17000,17000,22 Nov 2010
Jharkhand,Deogarh,Madhupur,Assam C.T.C. Leaf,Beverages,0.05,19000,20000,20000,20 Nov 2010
Jharkhand,Deogarh,Madhupur,Assam C.T.C. Dust,Beverages,0.05,16000,17000,17000,20 Nov 2010
Jharkhand,Deogarh,Madhupur,Assam C.T.C. Leaf,Beverages,0.05,19000,20000,20000,19 Nov 2010
Jharkhand,Deogarh,Madhupur,Assam C.T.C. Dust,Beverages,0.05,16000,17000,17000,19 Nov 2010
Jharkhand,Deogarh,Madhupur,Assam C.T.C. Leaf,Beverages,0.2,19000,20000,20000,17 Nov 2010
Jharkhand,Deogarh,Madhupur,Assam C.T.C. Dust,Beverages,0.2,16000,17000,17000,17 Nov 2010
Jharkhand,Deogarh,Madhupur,Assam C.T.C. Leaf,Beverages,0.05,19000,20000,20000,16 Nov 2010
Jharkhand,Deogarh,Madhupur,Assam C.T.C. Dust,Beverages,0.05,16000,17000,17000,16 Nov 2010
Jharkhand,Deogarh,Madhupur,Assam C.T.C. Leaf,Beverages,0.05,19000,20000,20000,06 Nov 2010
Jharkhand,Deogarh,Madhupur,Assam C.T.C. Dust,Beverages,0.05,16000,17000,17000,06 Nov 2010
Jharkhand,Deogarh,Madhupur,Assam C.T.C. Leaf,Beverages,0.1,19000,20000,20000,04 Nov 2010
Jharkhand,Deogarh,Madhupur,Assam C.T.C. Dust,Beverages,0.1,16000,17000,17000,04 Nov 2010
Jharkhand,Deogarh,Madhupur,Assam C.T.C. Dust,Beverages,0.15,16000,17000,17000,03 Nov 2010
Jharkhand,Deogarh,Madhupur,Assam C.T.C. Leaf,Beverages,0.08,19000,20000,20000,02 Nov 2010
Jharkhand,Deogarh,Madhupur,Assam C.T.C. Dust,Beverages,0.08,16000,17000,17000,02 Nov 2010
Jharkhand,Deogarh,Madhupur,Assam C.T.C. Leaf,Beverages,0.08,19000,20000,20000,01 Nov 2010
Jharkhand,Deogarh,Madhupur,Assam C.T.C. Dust,Beverages,0.08,16000,17000,17000,01 Nov 2010
Jharkhand,Deogarh,Madhupur,Assam C.T.C. Leaf,Beverages,0.4,19000,20000,20000,26 Oct 2010
Jharkhand,Deogarh,Madhupur,Assam C.T.C. Dust,Beverages,0.4,16000,17000,17000,26 Oct 2010
Jharkhand,Deogarh,Madhupur,Assam C.T.C. Leaf,Beverages,0.3,19000,20000,20000,25 Oct 2010
Jharkhand,Deogarh,Madhupur,Assam C.T.C. Dust,Beverages,0.3,16000,17000,17000,25 Oct 2010
Jharkhand,Deogarh,Madhupur,Assam C.T.C. Leaf,Beverages,0.4,19000,20000,20000,23 Oct 2010
Jharkhand,Deogarh,Madhupur,Assam C.T.C. Dust,Beverages,0.4,16000,17000,17000,23 Oct 2010
Jharkhand,Deogarh,Madhupur,Assam C.T.C. Leaf,Beverages,0.3,19000,20000,20000,22 Oct 2010
Jharkhand,Deogarh,Madhupur,Assam C.T.C. Dust,Beverages,0.3,16000,17000,17000,22 Oct 2010
Jharkhand,Deogarh,Madhupur,Assam C.T.C. Leaf,Beverages,0.45,19000,20000,20000,21 Oct 2010
Jharkhand,Deogarh,Madhupur,Assam C.T.C. Dust,Beverages,0.45,16000,17000,17000,21 Oct 2010
Jharkhand,Deogarh,Madhupur,Assam C.T.C. Leaf,Beverages,0.4,19000,20000,20000,20 Oct 2010
Jharkhand,Deogarh,Madhupur,Assam C.T.C. Dust,Beverages,0.4,16000,17000,17000,20 Oct 2010
Jharkhand,Deogarh,Madhupur,Assam C.T.C. Leaf,Beverages,0.45,19000,20000,20000,19 Oct 2010
Jharkhand,Deogarh,Madhupur,Assam C.T.C. Dust,Beverages,0.45,16000,17000,17000,19 Oct 2010
Jharkhand,Deogarh,Madhupur,Assam C.T.C. Leaf,Beverages,0.4,19000,20000,20000,18 Oct 2010
Jharkhand,Deogarh,Madhupur,Assam C.T.C. Dust,Beverages,0.4,16000,17000,17000,18 Oct 2010
Jharkhand,Deogarh,Madhupur,Assam C.T.C. Leaf,Beverages,0.35,19000,20000,20000,13 Oct 2010
Jharkhand,Deogarh,Madhupur,Assam C.T.C. Dust,Beverages,0.35,16000,17000,17000,13 Oct 2010
Jharkhand,Deogarh,Madhupur,Assam C.T.C. Leaf,Beverages,0.4,19000,20000,20000,12 Oct 2010
Jharkhand,Deogarh,Madhupur,Assam C.T.C. Dust,Beverages,0.4,16000,17000,17000,12 Oct 2010
Jharkhand,Deogarh,Madhupur,Assam C.T.C. Leaf,Beverages,0.6,19000,20000,20000,11 Oct 2010
Jharkhand,Deogarh,Madhupur,Assam C.T.C. Dust,Beverages,0.6,16000,17000,17000,11 Oct 2010
Jharkhand,Deogarh,Madhupur,Assam C.T.C. Leaf,Beverages,0.4,19000,20000,20000,09 Oct 2010
Jharkhand,Deogarh,Madhupur,Assam C.T.C. Dust,Beverages,0.4,16000,17000,17000,09 Oct 2010
Jharkhand,Deogarh,Madhupur,Assam C.T.C. Leaf,Beverages,0.4,19000,20000,20000,08 Oct 2010
Jharkhand,Deogarh,Madhupur,Assam C.T.C. Dust,Beverages,0.4,16000,17000,17000,08 Oct 2010
Jharkhand,Deogarh,Madhupur,Assam C.T.C. Leaf,Beverages,0.5,19000,20000,20000,07 Oct 2010
Jharkhand,Deogarh,Madhupur,Assam C.T.C. Dust,Beverages,0.5,16000,17000,17000,07 Oct 2010
Jharkhand,Deogarh,Madhupur,Assam C.T.C. Dust,Beverages,0.5,16000,17000,17000,06 Oct 2010
Jharkhand,Deogarh,Madhupur,Assam C.T.C. Leaf,Beverages,0.6,19000,20000,20000,05 Oct 2010
Jharkhand,Deogarh,Madhupur,Assam C.T.C. Dust,Beverages,0.6,16000,17000,17000,05 Oct 2010
Jharkhand,Deogarh,Madhupur,Assam C.T.C. Leaf,Beverages,0.4,19000,20000,20000,04 Oct 2010
Jharkhand,Deogarh,Madhupur,Assam C.T.C. Dust,Beverages,0.4,16000,17000,17000,04 Oct 2010
Jharkhand,Deogarh,Madhupur,Assam C.T.C. Leaf,Beverages,0.3,19000,20000,20000,01 Oct 2010
Jharkhand,Deogarh,Madhupur,Assam C.T.C. Dust,Beverages,0.3,16000,17000,17000,01 Oct 2010
Jharkhand,Deogarh,Madhupur,Assam C.T.C. Leaf,Beverages,0.45,19000,20000,20000,30 Sep 2010
Jharkhand,Deogarh,Madhupur,Assam C.T.C. Dust,Beverages,0.45,16000,17000,17000,30 Sep 2010
Jharkhand,Deogarh,Madhupur,Assam C.T.C. Leaf,Beverages,0.2,19000,20000,20000,29 Sep 2010
Jharkhand,Deogarh,Madhupur,Assam C.T.C. Dust,Beverages,0.2,16000,17000,17000,29 Sep 2010
Jharkhand,Deogarh,Madhupur,Assam C.T.C. Leaf,Beverages,0.25,19000,20000,20000,28 Sep 2010
Jharkhand,Deogarh,Madhupur,Assam C.T.C. Dust,Beverages,0.25,16000,17000,17000,28 Sep 2010
Jharkhand,Deogarh,Madhupur,Assam C.T.C. Leaf,Beverages,0.3,19000,20000,20000,27 Sep 2010
Jharkhand,Deogarh,Madhupur,Assam C.T.C. Dust,Beverages,0.3,16000,17000,17000,27 Sep 2010
Jharkhand,Deogarh,Madhupur,Assam C.T.C. Leaf,Beverages,0.2,19000,20000,20000,10 Sep 2010
Jharkhand,Deogarh,Madhupur,Assam C.T.C. Dust,Beverages,0.2,16000,17000,17000,10 Sep 2010
Jharkhand,Deogarh,Madhupur,Assam C.T.C. Leaf,Beverages,0.1,19000,20000,20000,09 Sep 2010
Jharkhand,Deogarh,Madhupur,Assam C.T.C. Dust,Beverages,0.1,16000,17000,17000,09 Sep 2010
Jharkhand,Deogarh,Madhupur,Assam C.T.C. Leaf,Beverages,0.2,19000,20000,20000,08 Sep 2010
Jharkhand,Deogarh,Madhupur,Assam C.T.C. Dust,Beverages,0.2,16000,17000,17000,08 Sep 2010
Jharkhand,Deogarh,Madhupur,Assam C.T.C. Leaf,Beverages,0.1,19000,20000,20000,07 Sep 2010
Jharkhand,Deogarh,Madhupur,Assam C.T.C. Dust,Beverages,0.1,16000,17000,17000,07 Sep 2010
Jharkhand,Deogarh,Madhupur,Assam C.T.C. Leaf,Beverages,0.2,19000,20000,20000,06 Sep 2010
Jharkhand,Deogarh,Madhupur,Assam C.T.C. Dust,Beverages,0.2,16000,17000,17000,06 Sep 2010
Jharkhand,Deogarh,Madhupur,Assam C.T.C. Leaf,Beverages,0.15,19000,20000,20000,04 Sep 2010
Jharkhand,Deogarh,Madhupur,Assam C.T.C. Dust,Beverages,0.15,16000,17000,17000,04 Sep 2010
Jharkhand,Deogarh,Madhupur,Assam C.T.C. Leaf,Beverages,0.2,19000,20000,20000,03 Sep 2010
Jharkhand,Deogarh,Madhupur,Assam C.T.C. Dust,Beverages,0.2,16000,17000,17000,03 Sep 2010
Jharkhand,Deogarh,Madhupur,Assam C.T.C. Leaf,Beverages,0.2,19000,20000,20000,01 Sep 2010
Jharkhand,Deogarh,Madhupur,Assam C.T.C. Dust,Beverages,0.2,16000,17000,17000,01 Sep 2010
Jharkhand,Deogarh,Madhupur,Assam C.T.C. Leaf,Beverages,0.3,19000,20000,20000,25 Aug 2010
Jharkhand,Deogarh,Madhupur,Assam C.T.C. Dust,Beverages,0.3,16000,17000,17000,25 Aug 2010
Jharkhand,Deogarh,Madhupur,Assam C.T.C. Leaf,Beverages,0.25,19000,20000,20000,23 Aug 2010
Jharkhand,Deogarh,Madhupur,Assam C.T.C. Dust,Beverages,0.25,16000,17000,17000,23 Aug 2010
Jharkhand,Deogarh,Madhupur,Assam C.T.C. Leaf,Beverages,0.25,19000,20000,20000,21 Aug 2010
Jharkhand,Deogarh,Madhupur,Assam C.T.C. Dust,Beverages,0.25,16000,17000,17000,21 Aug 2010
Jharkhand,Deogarh,Madhupur,Assam C.T.C. Leaf,Beverages,0.4,19000,20000,20000,20 Aug 2010
Jharkhand,Deogarh,Madhupur,Assam C.T.C. Dust,Beverages,0.4,16000,17000,17000,20 Aug 2010
Jharkhand,Deogarh,Madhupur,Assam C.T.C. Leaf,Beverages,0.35,19000,20000,20000,19 Aug 2010
Jharkhand,Deogarh,Madhupur,Assam C.T.C. Dust,Beverages,0.35,16000,17000,17000,19 Aug 2010
Jharkhand,Deogarh,Madhupur,Assam C.T.C. Leaf,Beverages,0.3,19000,20000,20000,18 Aug 2010
Jharkhand,Deogarh,Madhupur,Assam C.T.C. Dust,Beverages,0.3,16000,17000,17000,18 Aug 2010
Jharkhand,Deogarh,Madhupur,Assam C.T.C. Leaf,Beverages,0.15,19000,20000,20000,17 Aug 2010
Jharkhand,Deogarh,Madhupur,Assam C.T.C. Dust,Beverages,0.15,16000,17000,17000,17 Aug 2010
Jharkhand,Deogarh,Madhupur,Assam C.T.C. Leaf,Beverages,0.3,19000,20000,20000,16 Aug 2010
Jharkhand,Deogarh,Madhupur,Assam C.T.C. Dust,Beverages,0.3,16000,17000,17000,16 Aug 2010
Jharkhand,Deogarh,Madhupur,Assam C.T.C. Leaf,Beverages,0.4,19000,20000,20000,14 Aug 2010
Jharkhand,Deogarh,Madhupur,Assam C.T.C. Dust,Beverages,0.4,16000,17000,17000,14 Aug 2010
Jharkhand,Deogarh,Madhupur,Assam C.T.C. Leaf,Beverages,0.4,19000,20000,20000,13 Aug 2010
Jharkhand,Deogarh,Madhupur,Assam C.T.C. Dust,Beverages,0.4,16000,17000,17000,13 Aug 2010
Jharkhand,Deogarh,Madhupur,Assam C.T.C. Leaf,Beverages,0.4,19000,20000,20000,12 Aug 2010
Jharkhand,Deogarh,Madhupur,Assam C.T.C. Dust,Beverages,0.4,16000,17000,17000,12 Aug 2010
Jharkhand,Deogarh,Madhupur,Assam C.T.C. Leaf,Beverages,0.45,19000,20000,20000,11 Aug 2010
Jharkhand,Deogarh,Madhupur,Assam C.T.C. Dust,Beverages,0.45,16000,17000,17000,11 Aug 2010
Jharkhand,Deogarh,Madhupur,Assam C.T.C. Leaf,Beverages,0.4,19000,20000,20000,10 Aug 2010
Jharkhand,Deogarh,Madhupur,Assam C.T.C. Dust,Beverages,0.4,16000,17000,17000,10 Aug 2010
Jharkhand,Deogarh,Madhupur,Assam C.T.C. Leaf,Beverages,0.4,19000,20000,20000,09 Aug 2010
Jharkhand,Deogarh,Madhupur,Assam C.T.C. Dust,Beverages,0.4,16000,17000,17000,09 Aug 2010
Jharkhand,Deogarh,Madhupur,Assam C.T.C. Leaf,Beverages,0.4,19000,20000,20000,07 Aug 2010
Jharkhand,Deogarh,Madhupur,Assam C.T.C. Dust,Beverages,0.4,16000,17000,17000,07 Aug 2010
Jharkhand,Deogarh,Madhupur,Assam C.T.C. Leaf,Beverages,0.4,19000,20000,20000,06 Aug 2010
Jharkhand,Deogarh,Madhupur,Assam C.T.C. Dust,Beverages,0.4,16000,17000,17000,06 Aug 2010
Jharkhand,Deogarh,Madhupur,Assam C.T.C. Leaf,Beverages,0.45,19000,20000,20000,05 Aug 2010
Jharkhand,Deogarh,Madhupur,Assam C.T.C. Dust,Beverages,0.45,16000,17000,17000,05 Aug 2010
Jharkhand,Deogarh,Madhupur,Assam C.T.C. Leaf,Beverages,0.4,19000,20000,20000,04 Aug 2010
Jharkhand,Deogarh,Madhupur,Assam C.T.C. Dust,Beverages,0.4,16000,17000,17000,04 Aug 2010
Jharkhand,Deogarh,Madhupur,Assam C.T.C. Leaf,Beverages,0.5,19000,20000,20000,03 Aug 2010
Jharkhand,Deogarh,Madhupur,Assam C.T.C. Dust,Beverages,0.5,16000,17000,17000,03 Aug 2010
Jharkhand,Deogarh,Madhupur,Assam C.T.C. Leaf,Beverages,0.4,19000,20000,20000,02 Aug 2010
Jharkhand,Deogarh,Madhupur,Assam C.T.C. Dust,Beverages,0.4,16000,17000,17000,02 Aug 2010
Jharkhand,Deogarh,Madhupur,Assam C.T.C. Leaf,Beverages,0.7,19000,20000,20000,31 Jul 2010
Jharkhand,Deogarh,Madhupur,Assam C.T.C. Dust,Beverages,0.7,16000,17000,17000,31 Jul 2010
Jharkhand,Deogarh,Madhupur,Assam C.T.C. Leaf,Beverages,0.45,19000,20000,20000,30 Jul 2010
Jharkhand,Deogarh,Madhupur,Assam C.T.C. Dust,Beverages,0.45,16000,17000,17000,30 Jul 2010
Jharkhand,Deogarh,Madhupur,Assam C.T.C. Leaf,Beverages,0.6,19000,20000,20000,29 Jul 2010
Jharkhand,Deogarh,Madhupur,Assam C.T.C. Dust,Beverages,0.6,16000,17000,17000,29 Jul 2010
Jharkhand,Deogarh,Madhupur,Assam C.T.C. Leaf,Beverages,0.5,19000,20000,20000,28 Jul 2010
Jharkhand,Deogarh,Madhupur,Assam C.T.C. Dust,Beverages,0.5,16000,17000,17000,28 Jul 2010
Jharkhand,Deogarh,Madhupur,Assam C.T.C. Leaf,Beverages,0.6,19000,20000,20000,27 Jul 2010
Jharkhand,Deogarh,Madhupur,Assam C.T.C. Dust,Beverages,0.6,16000,17000,17000,27 Jul 2010
Jharkhand,Deogarh,Madhupur,Assam C.T.C. Leaf,Beverages,0.5,19000,20000,20000,26 Jul 2010
Jharkhand,Deogarh,Madhupur,Assam C.T.C. Dust,Beverages,0.5,16000,17000,17000,26 Jul 2010
Jharkhand,Deogarh,Madhupur,Assam C.T.C. Leaf,Beverages,0.25,19000,20000,20000,24 Jul 2010
Jharkhand,Deogarh,Madhupur,Assam C.T.C. Dust,Beverages,0.25,16000,17000,17000,24 Jul 2010
Jharkhand,Deogarh,Madhupur,Assam C.T.C. Leaf,Beverages,0.45,19000,20000,20000,23 Jul 2010
Jharkhand,Deogarh,Madhupur,Assam C.T.C. Dust,Beverages,0.45,16000,17000,17000,23 Jul 2010
Jharkhand,Deogarh,Madhupur,Assam C.T.C. Leaf,Beverages,0.3,19000,20000,20000,22 Jul 2010
Jharkhand,Deogarh,Madhupur,Assam C.T.C. Dust,Beverages,0.3,16000,17000,17000,22 Jul 2010
Jharkhand,Deogarh,Madhupur,Assam C.T.C. Leaf,Beverages,0.2,19000,20000,20000,21 Jul 2010
Jharkhand,Deogarh,Madhupur,Assam C.T.C. Dust,Beverages,0.2,16000,17000,17000,21 Jul 2010
Jharkhand,Deogarh,Madhupur,Assam C.T.C. Leaf,Beverages,0.1,19000,20000,20000,20 Jul 2010
Jharkhand,Deogarh,Madhupur,Assam C.T.C. Dust,Beverages,0.1,16000,17000,17000,20 Jul 2010
Jharkhand,Deogarh,Madhupur,Assam C.T.C. Leaf,Beverages,0.3,19000,20000,20000,19 Jul 2010
Jharkhand,Deogarh,Madhupur,Assam C.T.C. Dust,Beverages,0.3,16000,17000,17000,19 Jul 2010
Jharkhand,Deogarh,Madhupur,Assam C.T.C. Leaf,Beverages,0.2,19000,20000,20000,17 Jul 2010
Jharkhand,Deogarh,Madhupur,Assam C.T.C. Dust,Beverages,0.2,16000,17000,17000,17 Jul 2010
Jharkhand,Deogarh,Madhupur,Assam C.T.C. Leaf,Beverages,0.25,18000,19000,19000,16 Jul 2010
Jharkhand,Deogarh,Madhupur,Assam C.T.C. Dust,Beverages,0.25,16000,17000,17000,16 Jul 2010
Jharkhand,Deogarh,Madhupur,Assam C.T.C. Leaf,Beverages,0.2,19000,20000,20000,15 Jul 2010
Jharkhand,Deogarh,Madhupur,Assam C.T.C. Dust,Beverages,0.2,16000,17000,17000,15 Jul 2010
Jharkhand,Deogarh,Madhupur,Assam C.T.C. Leaf,Beverages,0.4,19000,20000,20000,14 Jul 2010
Jharkhand,Deogarh,Madhupur,Assam C.T.C. Dust,Beverages,0.4,16000,17000,17000,14 Jul 2010
Jharkhand,Deogarh,Madhupur,Assam C.T.C. Leaf,Beverages,0.3,19000,20000,20000,12 Jul 2010
Jharkhand,Deogarh,Madhupur,Assam C.T.C. Dust,Beverages,0.3,16000,17000,17000,12 Jul 2010
Jharkhand,Deogarh,Madhupur,Assam C.T.C. Leaf,Beverages,0.25,19000,20000,20000,09 Jul 2010
Jharkhand,Deogarh,Madhupur,Assam C.T.C. Dust,Beverages,0.25,16000,17000,17000,09 Jul 2010
Jharkhand,Deogarh,Madhupur,Assam C.T.C. Leaf,Beverages,0.25,19000,20000,20000,08 Jul 2010
Jharkhand,Deogarh,Madhupur,Assam C.T.C. Dust,Beverages,0.25,16000,17000,17000,08 Jul 2010
Jharkhand,Deogarh,Madhupur,Assam C.T.C. Leaf,Beverages,0.1,19000,20000,20000,07 Jul 2010
Jharkhand,Deogarh,Madhupur,Assam C.T.C. Dust,Beverages,0.1,16000,17000,17000,07 Jul 2010
Jharkhand,Deogarh,Madhupur,Assam C.T.C. Leaf,Beverages,0.1,19000,20000,20000,06 Jul 2010
Jharkhand,Deogarh,Madhupur,Assam C.T.C. Dust,Beverages,0.1,16000,17000,17000,06 Jul 2010
Jharkhand,Deogarh,Madhupur,Assam C.T.C. Leaf,Beverages,0.2,19000,20000,20000,05 Jul 2010
Jharkhand,Deogarh,Madhupur,Assam C.T.C. Dust,Beverages,0.2,16000,17000,17000,05 Jul 2010
Jharkhand,Deogarh,Madhupur,Assam C.T.C. Leaf,Beverages,0.4,19000,20000,20000,03 Jul 2010
Jharkhand,Deogarh,Madhupur,Assam C.T.C. Dust,Beverages,0.4,16000,17000,17000,03 Jul 2010
Jharkhand,Deogarh,Madhupur,Assam C.T.C. Leaf,Beverages,0.1,19000,20000,20000,02 Jul 2010
Jharkhand,Deogarh,Madhupur,Assam C.T.C. Dust,Beverages,0.1,16000,17000,17000,02 Jul 2010
Jharkhand,Deogarh,Madhupur,Assam C.T.C. Leaf,Beverages,0.04,19000,20000,20000,01 Jul 2010
Jharkhand,Deogarh,Madhupur,Assam C.T.C. Dust,Beverages,0.04,16000,17000,17000,01 Jul 2010
Jharkhand,Deogarh,Madhupur,Assam C.T.C. Leaf,Beverages,0.1,19000,20000,20000,28 Jun 2010
Jharkhand,Deogarh,Madhupur,Assam C.T.C. Dust,Beverages,0.1,16000,17000,17000,28 Jun 2010
Jharkhand,Deogarh,Madhupur,Assam C.T.C. Leaf,Beverages,0.15,19000,20000,20000,26 Jun 2010
Jharkhand,Deogarh,Madhupur,Assam C.T.C. Dust,Beverages,0.15,16000,17000,17000,26 Jun 2010
Jharkhand,Deogarh,Madhupur,Assam C.T.C. Leaf,Beverages,0.2,19000,20000,20000,25 Jun 2010
Jharkhand,Deogarh,Madhupur,Assam C.T.C. Dust,Beverages,0.2,16000,17000,17000,25 Jun 2010
Jharkhand,Deogarh,Madhupur,Assam C.T.C. Leaf,Beverages,0.4,19000,20000,20000,24 Jun 2010
Jharkhand,Deogarh,Madhupur,Assam C.T.C. Dust,Beverages,0.4,16000,17000,17000,24 Jun 2010
Jharkhand,Deogarh,Madhupur,Assam C.T.C. Leaf,Beverages,0.25,19000,20000,20000,23 Jun 2010
Jharkhand,Deogarh,Madhupur,Assam C.T.C. Dust,Beverages,0.25,16000,17000,17000,23 Jun 2010
Jharkhand,Deogarh,Madhupur,Assam C.T.C. Leaf,Beverages,0.4,19000,20000,20000,22 Jun 2010
Jharkhand,Deogarh,Madhupur,Assam C.T.C. Dust,Beverages,0.4,16000,17000,17000,22 Jun 2010
Jharkhand,Deogarh,Madhupur,Assam C.T.C. Leaf,Beverages,0.3,19000,20000,20000,21 Jun 2010
Jharkhand,Deogarh,Madhupur,Assam C.T.C. Dust,Beverages,0.3,16000,17000,17000,21 Jun 2010
Jharkhand,Deogarh,Madhupur,Assam C.T.C. Leaf,Beverages,0.2,19000,20000,20000,18 Jun 2010
Jharkhand,Deogarh,Madhupur,Assam C.T.C. Dust,Beverages,0.2,16000,17000,17000,18 Jun 2010
Jharkhand,Deogarh,Madhupur,Assam C.T.C. Leaf,Beverages,0.2,19000,20000,20000,17 Jun 2010
Jharkhand,Deogarh,Madhupur,Assam C.T.C. Dust,Beverages,0.2,16000,17000,17000,17 Jun 2010
Jharkhand,Deogarh,Madhupur,Assam C.T.C. Leaf,Beverages,0.2,19000,20000,20000,16 Jun 2010
Jharkhand,Deogarh,Madhupur,Assam C.T.C. Dust,Beverages,0.2,16000,17000,17000,16 Jun 2010
Jharkhand,Deogarh,Madhupur,Assam C.T.C. Leaf,Beverages,0.25,19000,20000,20000,15 Jun 2010
Jharkhand,Deogarh,Madhupur,Assam C.T.C. Dust,Beverages,0.25,16000,17000,17000,15 Jun 2010
Jharkhand,Deogarh,Madhupur,Assam C.T.C. Leaf,Beverages,0.15,19000,20000,20000,14 Jun 2010
Jharkhand,Deogarh,Madhupur,Assam C.T.C. Dust,Beverages,0.15,16000,17000,17000,14 Jun 2010
Jharkhand,Deogarh,Madhupur,Assam C.T.C. Leaf,Beverages,0.05,19000,20000,20000,12 Jun 2010
Jharkhand,Deogarh,Madhupur,Assam C.T.C. Dust,Beverages,0.05,16000,17000,17000,12 Jun 2010
Jharkhand,Deogarh,Madhupur,Assam C.T.C. Leaf,Beverages,0.15,19000,20000,20000,11 Jun 2010
Jharkhand,Deogarh,Madhupur,Assam C.T.C. Dust,Beverages,0.15,16000,17000,17000,11 Jun 2010
Jharkhand,Deogarh,Madhupur,Assam C.T.C. Leaf,Beverages,0.2,19000,20000,20000,10 Jun 2010
Jharkhand,Deogarh,Madhupur,Assam C.T.C. Dust,Beverages,0.2,16000,17000,17000,10 Jun 2010
Jharkhand,Deogarh,Madhupur,Assam C.T.C. Leaf,Beverages,0.15,19000,20000,20000,09 Jun 2010
Jharkhand,Deogarh,Madhupur,Assam C.T.C. Dust,Beverages,0.15,16000,17000,17000,09 Jun 2010
Jharkhand,Deogarh,Madhupur,Assam C.T.C. Leaf,Beverages,0.2,19000,20000,20000,08 Jun 2010
Jharkhand,Deogarh,Madhupur,Assam C.T.C. Dust,Beverages,0.2,16000,17000,17000,08 Jun 2010
Jharkhand,Deogarh,Madhupur,Assam C.T.C. Leaf,Beverages,0.1,19000,20000,20000,07 Jun 2010
Jharkhand,Deogarh,Madhupur,Assam C.T.C. Dust,Beverages,0.1,16000,17000,17000,07 Jun 2010
Jharkhand,Deogarh,Madhupur,Assam C.T.C. Leaf,Beverages,0.05,19000,20000,20000,05 Jun 2010
Jharkhand,Deogarh,Madhupur,Assam C.T.C. Dust,Beverages,0.05,16000,17000,17000,05 Jun 2010
Jharkhand,Deogarh,Madhupur,Assam C.T.C. Leaf,Beverages,0.05,19000,20000,20000,04 Jun 2010
Jharkhand,Deogarh,Madhupur,Assam C.T.C. Dust,Beverages,0.05,16000,17000,17000,04 Jun 2010
Jharkhand,Deogarh,Madhupur,Assam C.T.C. Leaf,Beverages,0.15,19000,20000,20000,03 Jun 2010
Jharkhand,Deogarh,Madhupur,Assam C.T.C. Dust,Beverages,0.15,16000,17000,17000,03 Jun 2010
Jharkhand,Deogarh,Madhupur,Assam C.T.C. Leaf,Beverages,0.25,19000,20000,20000,02 Jun 2010
Jharkhand,Deogarh,Madhupur,Assam C.T.C. Dust,Beverages,0.25,16000,17000,17000,02 Jun 2010
Jharkhand,Deogarh,Madhupur,Assam C.T.C. Leaf,Beverages,0.05,19000,20000,20000,01 Jun 2010
Jharkhand,Deogarh,Madhupur,Assam C.T.C. Dust,Beverages,0.05,16000,17000,17000,01 Jun 2010
Jharkhand,Deogarh,Madhupur,Assam C.T.C. Leaf,Beverages,0.02,19000,20000,20000,24 May 2010
Jharkhand,Deogarh,Madhupur,Assam C.T.C. Dust,Beverages,0.02,16000,17000,17000,24 May 2010
Jharkhand,Deogarh,Madhupur,Assam C.T.C. Leaf,Beverages,0.01,19000,20000,20000,22 May 2010
Jharkhand,Deogarh,Madhupur,Assam C.T.C. Dust,Beverages,0.01,16000,17000,17000,22 May 2010
Jharkhand,Deogarh,Madhupur,Assam C.T.C. Leaf,Beverages,0.3,19000,20000,20000,21 May 2010
Jharkhand,Deogarh,Madhupur,Assam C.T.C. Dust,Beverages,0.3,16000,17000,17000,21 May 2010
Jharkhand,Deogarh,Madhupur,Assam C.T.C. Leaf,Beverages,0.2,19000,20000,20000,20 May 2010
Jharkhand,Deogarh,Madhupur,Assam C.T.C. Dust,Beverages,0.2,16000,17000,17000,20 May 2010
Jharkhand,Deogarh,Madhupur,Assam C.T.C. Leaf,Beverages,0.02,19000,20000,20000,19 May 2010
Jharkhand,Deogarh,Madhupur,Assam C.T.C. Dust,Beverages,0.02,16000,17000,17000,19 May 2010
Jharkhand,Deogarh,Madhupur,Assam C.T.C. Leaf,Beverages,0.02,19000,20000,20000,18 May 2010
Jharkhand,Deogarh,Madhupur,Assam C.T.C. Dust,Beverages,0.02,16000,17000,17000,18 May 2010
Jharkhand,Deogarh,Madhupur,Assam C.T.C. Leaf,Beverages,0.02,19000,20000,20000,17 May 2010
Jharkhand,Deogarh,Madhupur,Assam C.T.C. Dust,Beverages,0.02,16000,17000,17000,17 May 2010
Jharkhand,Deogarh,Madhupur,Assam C.T.C. Leaf,Beverages,0.06,19000,20000,20000,15 May 2010
Jharkhand,Deogarh,Madhupur,Assam C.T.C. Dust,Beverages,0.06,16000,17000,17000,15 May 2010
Jharkhand,Deogarh,Madhupur,Assam C.T.C. Leaf,Beverages,0.15,19000,20000,20000,14 May 2010
Jharkhand,Deogarh,Madhupur,Assam C.T.C. Dust,Beverages,0.15,16000,17000,17000,14 May 2010
Jharkhand,Deogarh,Madhupur,Assam C.T.C. Leaf,Beverages,0.15,19000,20000,20000,13 May 2010
Jharkhand,Deogarh,Madhupur,Assam C.T.C. Dust,Beverages,0.15,16000,17000,17000,13 May 2010
Jharkhand,Deogarh,Madhupur,Assam C.T.C. Leaf,Beverages,0.15,19000,20000,20000,12 May 2010
Jharkhand,Deogarh,Madhupur,Assam C.T.C. Dust,Beverages,0.15,16000,17000,17000,12 May 2010
Jharkhand,Deogarh,Madhupur,Assam C.T.C. Leaf,Beverages,0.2,19000,20000,20000,11 May 2010
Jharkhand,Deogarh,Madhupur,Assam C.T.C. Dust,Beverages,0.2,16000,17000,17000,11 May 2010
Jharkhand,Deogarh,Madhupur,Assam C.T.C. Leaf,Beverages,0.05,19000,20000,20000,10 May 2010
Jharkhand,Deogarh,Madhupur,Assam C.T.C. Dust,Beverages,0.05,16000,17000,17000,10 May 2010
Jharkhand,Deogarh,Madhupur,Assam C.T.C. Leaf,Beverages,0.2,19000,20000,20000,08 May 2010
Jharkhand,Deogarh,Madhupur,Assam C.T.C. Dust,Beverages,0.2,16000,17000,17000,08 May 2010
Jharkhand,Deogarh,Madhupur,Assam C.T.C. Leaf,Beverages,0.2,19000,20000,20000,07 May 2010
Jharkhand,Deogarh,Madhupur,Assam C.T.C. Dust,Beverages,0.2,16000,17000,17000,07 May 2010
Jharkhand,Deogarh,Madhupur,Assam C.T.C. Leaf,Beverages,0.42,19000,20000,20000,06 May 2010
Jharkhand,Deogarh,Madhupur,Assam C.T.C. Dust,Beverages,0.42,16000,17000,17000,06 May 2010
Jharkhand,Deogarh,Madhupur,Assam C.T.C. Leaf,Beverages,0.2,19000,20000,20000,05 May 2010
Jharkhand,Deogarh,Madhupur,Assam C.T.C. Dust,Beverages,0.2,16000,17000,17000,05 May 2010
Jharkhand,Deogarh,Madhupur,Assam C.T.C. Leaf,Beverages,0.15,19000,20000,20000,04 May 2010
Jharkhand,Deogarh,Madhupur,Assam C.T.C. Dust,Beverages,0.15,16000,17000,17000,04 May 2010
Jharkhand,Deogarh,Madhupur,Assam C.T.C. Leaf,Beverages,0.5,19000,20000,20000,03 May 2010
Jharkhand,Deogarh,Madhupur,Assam C.T.C. Dust,Beverages,0.5,16000,17000,17000,03 May 2010
Jharkhand,Deogarh,Madhupur,Assam C.T.C. Leaf,Beverages,0.45,19000,20000,20000,22 Apr 2010
Jharkhand,Deogarh,Madhupur,Assam C.T.C. Dust,Beverages,0.45,16000,17000,17000,22 Apr 2010
Jharkhand,Deogarh,Madhupur,Assam C.T.C. Leaf,Beverages,0.3,19000,20000,20000,21 Apr 2010
Jharkhand,Deogarh,Madhupur,Assam C.T.C. Dust,Beverages,0.3,16000,17000,17000,21 Apr 2010
Jharkhand,Deogarh,Madhupur,Assam C.T.C. Leaf,Beverages,0.1,19000,20000,20000,20 Apr 2010
Jharkhand,Deogarh,Madhupur,Assam C.T.C. Dust,Beverages,0.1,16000,17000,17000,20 Apr 2010
Jharkhand,Deogarh,Madhupur,Assam C.T.C. Leaf,Beverages,0.15,19000,20000,20000,19 Apr 2010
Jharkhand,Deogarh,Madhupur,Assam C.T.C. Dust,Beverages,0.15,16000,17000,17000,19 Apr 2010
Jharkhand,Deogarh,Madhupur,Assam C.T.C. Leaf,Beverages,0.15,19000,20000,20000,17 Apr 2010
Jharkhand,Deogarh,Madhupur,Assam C.T.C. Dust,Beverages,0.15,16000,17000,17000,17 Apr 2010
Jharkhand,Deogarh,Madhupur,Assam C.T.C. Leaf,Beverages,0.05,19000,20000,20000,16 Apr 2010
Jharkhand,Deogarh,Madhupur,Assam C.T.C. Dust,Beverages,0.05,16000,17000,17000,16 Apr 2010
Jharkhand,Deogarh,Madhupur,Assam C.T.C. Leaf,Beverages,0.08,19000,20000,20000,15 Apr 2010
Jharkhand,Deogarh,Madhupur,Assam C.T.C. Dust,Beverages,0.08,16000,17000,17000,15 Apr 2010
Jharkhand,Deogarh,Madhupur,Assam C.T.C. Leaf,Beverages,0.4,19000,20000,20000,13 Apr 2010
Jharkhand,Deogarh,Madhupur,Assam C.T.C. Dust,Beverages,0.4,16000,17000,17000,13 Apr 2010
Jharkhand,Deogarh,Madhupur,Assam C.T.C. Leaf,Beverages,0.4,19000,20000,20000,12 Apr 2010
Jharkhand,Deogarh,Madhupur,Assam C.T.C. Dust,Beverages,0.4,16000,17000,17000,12 Apr 2010
Jharkhand,Deogarh,Madhupur,Assam C.T.C. Leaf,Beverages,0.25,19000,20000,20000,10 Apr 2010
Jharkhand,Deogarh,Madhupur,Assam C.T.C. Dust,Beverages,0.25,16000,17000,17000,10 Apr 2010
Jharkhand,Deogarh,Madhupur,Assam C.T.C. Leaf,Beverages,0.25,19000,20000,20000,09 Apr 2010
Jharkhand,Deogarh,Madhupur,Assam C.T.C. Dust,Beverages,0.25,16000,17000,17000,09 Apr 2010
Jharkhand,Deogarh,Madhupur,Assam C.T.C. Leaf,Beverages,0.4,19000,20000,20000,08 Apr 2010
Jharkhand,Deogarh,Madhupur,Assam C.T.C. Dust,Beverages,0.4,16000,17000,17000,08 Apr 2010
Jharkhand,Deogarh,Madhupur,Assam C.T.C. Leaf,Beverages,0.45,19000,20000,20000,07 Apr 2010
Jharkhand,Deogarh,Madhupur,Assam C.T.C. Dust,Beverages,0.45,16000,17000,17000,07 Apr 2010
Jharkhand,Deogarh,Madhupur,Assam C.T.C. Leaf,Beverages,0.4,19000,20000,20000,06 Apr 2010
Jharkhand,Deogarh,Madhupur,Assam C.T.C. Dust,Beverages,0.4,16000,17000,17000,06 Apr 2010
Jharkhand,Deogarh,Madhupur,Assam C.T.C. Leaf,Beverages,0.3,19000,20000,20000,05 Apr 2010
Jharkhand,Deogarh,Madhupur,Assam C.T.C. Dust,Beverages,0.3,16000,17000,17000,05 Apr 2010
Jharkhand,Deogarh,Madhupur,Assam C.T.C. Leaf,Beverages,0.5,19000,20000,20000,03 Apr 2010
Jharkhand,Deogarh,Madhupur,Assam C.T.C. Dust,Beverages,0.5,16000,17000,17000,03 Apr 2010
Jharkhand,Deogarh,Madhupur,Assam C.T.C. Leaf,Beverages,0.45,19000,20000,20000,01 Apr 2010
Jharkhand,Deogarh,Madhupur,Assam C.T.C. Dust,Beverages,0.45,16000,17000,17000,01 Apr 2010
Jharkhand,Deogarh,Madhupur,Assam C.T.C. Leaf,Beverages,0.45,19000,20000,20000,31 Mar 2010
Jharkhand,Deogarh,Madhupur,Assam C.T.C. Dust,Beverages,0.45,16000,17000,17000,31 Mar 2010
Jharkhand,Deogarh,Madhupur,Assam C.T.C. Leaf,Beverages,0.4,19000,20000,20000,30 Mar 2010
Jharkhand,Deogarh,Madhupur,Assam C.T.C. Dust,Beverages,0.4,16000,17000,17000,30 Mar 2010
Jharkhand,Deogarh,Madhupur,Assam C.T.C. Leaf,Beverages,0.4,19000,20000,20000,29 Mar 2010
Jharkhand,Deogarh,Madhupur,Assam C.T.C. Dust,Beverages,0.4,16000,17000,17000,29 Mar 2010
Jharkhand,Deogarh,Madhupur,Assam C.T.C. Leaf,Beverages,0.3,19000,20000,20000,27 Mar 2010
Jharkhand,Deogarh,Madhupur,Assam C.T.C. Dust,Beverages,0.3,16000,17000,17000,27 Mar 2010
Jharkhand,Deogarh,Madhupur,Assam C.T.C. Leaf,Beverages,0.45,19000,20000,20000,26 Mar 2010
Jharkhand,Deogarh,Madhupur,Assam C.T.C. Dust,Beverages,0.45,16000,17000,17000,26 Mar 2010
Jharkhand,Deogarh,Madhupur,Assam C.T.C. Leaf,Beverages,0.45,19000,20000,20000,25 Mar 2010
Jharkhand,Deogarh,Madhupur,Assam C.T.C. Dust,Beverages,0.45,16000,17000,17000,25 Mar 2010
Jharkhand,Deogarh,Madhupur,Assam C.T.C. Leaf,Beverages,0.45,19000,20000,20000,23 Mar 2010
Jharkhand,Deogarh,Madhupur,Assam C.T.C. Dust,Beverages,0.45,16000,17000,17000,23 Mar 2010
Jharkhand,Deogarh,Madhupur,Assam C.T.C. Leaf,Beverages,0.5,19000,20000,20000,22 Mar 2010
Jharkhand,Deogarh,Madhupur,Assam C.T.C. Dust,Beverages,0.5,16000,17000,17000,22 Mar 2010
Jharkhand,Deogarh,Madhupur,Assam C.T.C. Leaf,Beverages,0.45,19000,20000,20000,20 Mar 2010
Jharkhand,Deogarh,Madhupur,Assam C.T.C. Dust,Beverages,0.45,16000,17000,17000,20 Mar 2010
Jharkhand,Deogarh,Madhupur,Assam C.T.C. Leaf,Beverages,0.45,19000,20000,20000,19 Mar 2010
Jharkhand,Deogarh,Madhupur,Assam C.T.C. Dust,Beverages,0.45,16000,17000,17000,19 Mar 2010
Jharkhand,Deogarh,Madhupur,Assam C.T.C. Leaf,Beverages,0.4,19000,20000,20000,17 Mar 2010
Jharkhand,Deogarh,Madhupur,Assam C.T.C. Dust,Beverages,0.4,16000,17000,17000,17 Mar 2010
Jharkhand,Deogarh,Madhupur,Assam C.T.C. Leaf,Beverages,0.45,19000,20000,20000,16 Mar 2010
Jharkhand,Deogarh,Madhupur,Assam C.T.C. Dust,Beverages,0.45,16000,17000,17000,16 Mar 2010
Jharkhand,Deogarh,Madhupur,Assam C.T.C. Leaf,Beverages,0.45,19000,20000,20000,15 Mar 2010
Jharkhand,Deogarh,Madhupur,Assam C.T.C. Dust,Beverages,0.45,16000,17000,17000,15 Mar 2010
Jharkhand,Deogarh,Madhupur,Assam C.T.C. Leaf,Beverages,0.5,19000,20000,20000,13 Mar 2010
Jharkhand,Deogarh,Madhupur,Assam C.T.C. Dust,Beverages,0.5,16000,17000,17000,13 Mar 2010
Jharkhand,Deogarh,Madhupur,Assam C.T.C. Leaf,Beverages,0.45,19000,20000,20000,12 Mar 2010
Jharkhand,Deogarh,Madhupur,Assam C.T.C. Dust,Beverages,0.45,16000,17000,17000,12 Mar 2010
Jharkhand,Deogarh,Madhupur,Assam C.T.C. Leaf,Beverages,0.4,19000,20000,20000,11 Mar 2010
Jharkhand,Deogarh,Madhupur,Assam C.T.C. Dust,Beverages,0.4,16000,17000,17000,11 Mar 2010
Jharkhand,Deogarh,Madhupur,Assam C.T.C. Leaf,Beverages,0.5,19000,20000,20000,10 Mar 2010
Jharkhand,Deogarh,Madhupur,Assam C.T.C. Dust,Beverages,0.5,16000,17000,17000,10 Mar 2010
Jharkhand,Deogarh,Madhupur,Assam C.T.C. Leaf,Beverages,0.3,19000,20000,20000,09 Mar 2010
Jharkhand,Deogarh,Madhupur,Assam C.T.C. Dust,Beverages,0.3,16000,17000,17000,09 Mar 2010
Jharkhand,Deogarh,Madhupur,Assam C.T.C. Leaf,Beverages,0.4,19000,20000,20000,08 Mar 2010
Jharkhand,Deogarh,Madhupur,Assam C.T.C. Dust,Beverages,0.4,16000,17000,17000,08 Mar 2010
Jharkhand,Deogarh,Madhupur,Assam C.T.C. Leaf,Beverages,0.6,19000,20000,20000,06 Mar 2010
Jharkhand,Deogarh,Madhupur,Assam C.T.C. Dust,Beverages,0.6,16000,17000,17000,06 Mar 2010
Jharkhand,Deogarh,Madhupur,Assam C.T.C. Leaf,Beverages,0.45,19000,20000,20000,05 Mar 2010
Jharkhand,Deogarh,Madhupur,Assam C.T.C. Dust,Beverages,0.45,16000,17000,17000,05 Mar 2010
Jharkhand,Deogarh,Madhupur,Assam C.T.C. Leaf,Beverages,0.4,19000,20000,20000,04 Mar 2010
Jharkhand,Deogarh,Madhupur,Assam C.T.C. Dust,Beverages,0.4,16000,17000,17000,04 Mar 2010
Jharkhand,Deogarh,Madhupur,Assam C.T.C. Leaf,Beverages,0.6,19000,20000,20000,03 Mar 2010
Jharkhand,Deogarh,Madhupur,Assam C.T.C. Dust,Beverages,0.6,16000,17000,17000,03 Mar 2010
Jharkhand,Deogarh,Madhupur,Assam C.T.C. Leaf,Beverages,0.9,19000,20000,20000,02 Mar 2010
Jharkhand,Deogarh,Madhupur,Assam C.T.C. Dust,Beverages,0.9,16000,17000,17000,02 Mar 2010
Jharkhand,Deogarh,Madhupur,Assam C.T.C. Leaf,Beverages,0.45,19000,20000,20000,26 Feb 2010
Jharkhand,Deogarh,Madhupur,Assam C.T.C. Dust,Beverages,0.45,16000,17000,17000,26 Feb 2010
Jharkhand,Deogarh,Madhupur,Assam C.T.C. Leaf,Beverages,0.6,19000,20000,20000,25 Feb 2010
Jharkhand,Deogarh,Madhupur,Assam C.T.C. Dust,Beverages,0.6,16000,17000,17000,25 Feb 2010
Jharkhand,Deogarh,Madhupur,Assam C.T.C. Dust,Beverages,0.2,16000,17000,17000,24 Feb 2010
Jharkhand,Deogarh,Madhupur,Assam C.T.C. Leaf,Beverages,0.3,19000,20000,20000,23 Feb 2010
Jharkhand,Deogarh,Madhupur,Assam C.T.C. Dust,Beverages,0.3,16000,17000,17000,23 Feb 2010
Jharkhand,Deogarh,Madhupur,Assam C.T.C. Leaf,Beverages,0.4,19000,20000,20000,22 Feb 2010
Jharkhand,Deogarh,Madhupur,Assam C.T.C. Dust,Beverages,0.4,16000,17000,17000,22 Feb 2010
Jharkhand,Deogarh,Madhupur,Assam C.T.C. Leaf,Beverages,0.5,19000,20000,20000,20 Feb 2010
Jharkhand,Deogarh,Madhupur,Assam C.T.C. Dust,Beverages,0.5,16000,17000,17000,20 Feb 2010
Jharkhand,Deogarh,Madhupur,Assam C.T.C. Leaf,Beverages,0.3,19000,20000,20000,19 Feb 2010
Jharkhand,Deogarh,Madhupur,Assam C.T.C. Dust,Beverages,0.3,16000,17000,17000,19 Feb 2010
Jharkhand,Deogarh,Madhupur,Assam C.T.C. Leaf,Beverages,0.1,19000,20000,20000,18 Feb 2010
Jharkhand,Deogarh,Madhupur,Assam C.T.C. Dust,Beverages,0.1,16000,17000,17000,18 Feb 2010
Jharkhand,Deogarh,Madhupur,Assam C.T.C. Leaf,Beverages,0.1,19000,20000,20000,17 Feb 2010
Jharkhand,Deogarh,Madhupur,Assam C.T.C. Dust,Beverages,0.1,16000,17000,17000,17 Feb 2010
Jharkhand,Deogarh,Madhupur,Assam C.T.C. Leaf,Beverages,0.1,19000,20000,20000,16 Feb 2010
Jharkhand,Deogarh,Madhupur,Assam C.T.C. Dust,Beverages,0.1,16000,17000,17000,16 Feb 2010
Jharkhand,Deogarh,Madhupur,Assam C.T.C. Leaf,Beverages,0.3,19000,20000,20000,15 Feb 2010
Jharkhand,Deogarh,Madhupur,Assam C.T.C. Dust,Beverages,0.3,16000,17000,17000,15 Feb 2010
Jharkhand,Deogarh,Madhupur,Assam C.T.C. Leaf,Beverages,30.0,19000,20000,20000,13 Feb 2010
Jharkhand,Deogarh,Madhupur,Assam C.T.C. Dust,Beverages,30.0,16000,17000,17000,13 Feb 2010
Jharkhand,Deogarh,Madhupur,Assam C.T.C. Leaf,Beverages,0.5,19000,20000,20000,11 Feb 2010
Jharkhand,Deogarh,Madhupur,Assam C.T.C. Dust,Beverages,0.5,16000,17000,17000,11 Feb 2010
Jharkhand,Deogarh,Madhupur,Assam C.T.C. Leaf,Beverages,0.4,19000,20000,20000,10 Feb 2010
Jharkhand,Deogarh,Madhupur,Assam C.T.C. Dust,Beverages,0.4,16000,17000,17000,10 Feb 2010
Jharkhand,Deogarh,Madhupur,Assam C.T.C. Leaf,Beverages,0.3,19000,20000,20000,09 Feb 2010
Jharkhand,Deogarh,Madhupur,Assam C.T.C. Dust,Beverages,0.3,16000,17000,17000,09 Feb 2010
Jharkhand,Deogarh,Madhupur,Assam C.T.C. Leaf,Beverages,0.5,19000,20000,20000,08 Feb 2010
Jharkhand,Deogarh,Madhupur,Assam C.T.C. Dust,Beverages,0.5,16000,17000,17000,08 Feb 2010
Jharkhand,Deogarh,Madhupur,Assam C.T.C. Leaf,Beverages,0.4,19000,20000,20000,06 Feb 2010
Jharkhand,Deogarh,Madhupur,Assam C.T.C. Dust,Beverages,0.4,16000,17000,17000,06 Feb 2010
Jharkhand,Deogarh,Madhupur,Assam C.T.C. Leaf,Beverages,0.4,19000,20000,20000,04 Feb 2010
Jharkhand,Deogarh,Madhupur,Assam C.T.C. Dust,Beverages,0.4,16000,17000,17000,04 Feb 2010
Jharkhand,Deogarh,Madhupur,Assam C.T.C. Leaf,Beverages,0.5,19000,20000,20000,03 Feb 2010
Jharkhand,Deogarh,Madhupur,Assam C.T.C. Dust,Beverages,0.5,16000,17000,17000,03 Feb 2010
Jharkhand,Deogarh,Madhupur,Assam C.T.C. Leaf,Beverages,0.4,19000,20000,20000,02 Feb 2010
Jharkhand,Deogarh,Madhupur,Assam C.T.C. Dust,Beverages,0.4,16000,17000,17000,02 Feb 2010
Jharkhand,Deogarh,Madhupur,Assam C.T.C. Leaf,Beverages,0.4,19000,20000,20000,01 Feb 2010
Jharkhand,Deogarh,Madhupur,Assam C.T.C. Dust,Beverages,0.4,16000,17000,17000,01 Feb 2010
Jharkhand,Deogarh,Madhupur,Assam C.T.C. Leaf,Beverages,0.5,19000,20000,20000,11 Jan 2010
Jharkhand,Deogarh,Madhupur,Assam C.T.C. Dust,Beverages,0.5,16000,17000,17000,11 Jan 2010
Jharkhand,Deogarh,Madhupur,Assam C.T.C. Leaf,Beverages,0.3,19000,20000,20000,09 Jan 2010
Jharkhand,Deogarh,Madhupur,Assam C.T.C. Dust,Beverages,0.3,16000,17000,17000,09 Jan 2010
Jharkhand,Deogarh,Madhupur,Assam C.T.C. Leaf,Beverages,0.5,19000,20000,20000,08 Jan 2010
Jharkhand,Deogarh,Madhupur,Assam C.T.C. Dust,Beverages,0.5,16000,17000,17000,08 Jan 2010
Jharkhand,Deogarh,Madhupur,Assam C.T.C. Leaf,Beverages,0.4,19000,20000,20000,07 Jan 2010
Jharkhand,Deogarh,Madhupur,Assam C.T.C. Dust,Beverages,0.4,16000,17000,17000,07 Jan 2010
Jharkhand,Deogarh,Madhupur,Assam C.T.C. Leaf,Beverages,0.5,19000,20000,20000,06 Jan 2010
Jharkhand,Deogarh,Madhupur,Assam C.T.C. Dust,Beverages,0.5,16000,17000,17000,06 Jan 2010
Jharkhand,Deogarh,Madhupur,Assam C.T.C. Leaf,Beverages,0.45,19000,20000,20000,04 Jan 2010
Jharkhand,Deogarh,Madhupur,Assam C.T.C. Dust,Beverages,0.45,16000,17000,17000,04 Jan 2010
Jharkhand,Deogarh,Madhupur,Assam C.T.C. Leaf,Beverages,0.4,19000,20000,20000,02 Jan 2010
Jharkhand,Deogarh,Madhupur,Assam C.T.C. Dust,Beverages,0.4,16000,17000,17000,02 Jan 2010
Jharkhand,Deogarh,Madhupur,Assam C.T.C. Leaf,Beverages,0.5,19000,20000,20000,01 Jan 2010
Jharkhand,Deogarh,Madhupur,Assam C.T.C. Dust,Beverages,0.5,16000,17000,17000,01 Jan 2010
Jharkhand,Deogarh,Madhupur,Assam C.T.C. Leaf,Beverages,0.4,19000,20000,20000,29 Dec 2009
Jharkhand,Deogarh,Madhupur,Assam C.T.C. Dust,Beverages,0.4,16000,17000,17000,29 Dec 2009
Jharkhand,Deogarh,Madhupur,Assam C.T.C. Leaf,Beverages,0.4,19000,20000,20000,26 Dec 2009
Jharkhand,Deogarh,Madhupur,Assam C.T.C. Dust,Beverages,0.4,16000,17000,17000,26 Dec 2009
Jharkhand,Deogarh,Madhupur,Assam C.T.C. Leaf,Beverages,0.3,19000,20000,20000,24 Dec 2009
Jharkhand,Deogarh,Madhupur,Assam C.T.C. Dust,Beverages,0.3,16000,17000,17000,24 Dec 2009
Jharkhand,Deogarh,Madhupur,Assam C.T.C. Leaf,Beverages,0.3,19000,20000,20000,23 Dec 2009
Jharkhand,Deogarh,Madhupur,Assam C.T.C. Dust,Beverages,0.3,16000,17000,17000,23 Dec 2009
Jharkhand,Deogarh,Madhupur,Assam C.T.C. Leaf,Beverages,0.4,19000,20000,20000,22 Dec 2009
Jharkhand,Deogarh,Madhupur,Assam C.T.C. Dust,Beverages,0.4,16000,17000,17000,22 Dec 2009
Jharkhand,Deogarh,Madhupur,Assam C.T.C. Leaf,Beverages,0.4,19000,20000,20000,21 Dec 2009
Jharkhand,Deogarh,Madhupur,Assam C.T.C. Dust,Beverages,0.4,16000,17000,17000,21 Dec 2009
Jharkhand,Deogarh,Madhupur,Assam C.T.C. Leaf,Beverages,0.4,19000,20000,20000,19 Dec 2009
Jharkhand,Deogarh,Madhupur,Assam C.T.C. Dust,Beverages,0.4,16000,17000,17000,19 Dec 2009
Jharkhand,Deogarh,Madhupur,Assam C.T.C. Leaf,Beverages,0.45,19000,20000,20000,18 Dec 2009
Jharkhand,Deogarh,Madhupur,Assam C.T.C. Dust,Beverages,0.45,16000,17000,17000,18 Dec 2009
Jharkhand,Deogarh,Madhupur,Assam C.T.C. Leaf,Beverages,0.4,19000,20000,20000,17 Dec 2009
Jharkhand,Deogarh,Madhupur,Assam C.T.C. Dust,Beverages,0.4,16000,17000,17000,17 Dec 2009
Jharkhand,Deogarh,Madhupur,Assam C.T.C. Leaf,Beverages,0.4,19000,20000,20000,16 Dec 2009
Jharkhand,Deogarh,Madhupur,Assam C.T.C. Dust,Beverages,0.4,16000,17000,17000,16 Dec 2009
Jharkhand,Deogarh,Madhupur,Assam C.T.C. Leaf,Beverages,0.5,19000,20000,20000,15 Dec 2009
Jharkhand,Deogarh,Madhupur,Assam C.T.C. Dust,Beverages,0.5,16000,17000,17000,15 Dec 2009
Jharkhand,Deogarh,Madhupur,Assam C.T.C. Leaf,Beverages,0.4,19000,20000,20000,14 Dec 2009
Jharkhand,Deogarh,Madhupur,Assam C.T.C. Dust,Beverages,0.4,16000,17000,17000,14 Dec 2009
Jharkhand,Deogarh,Madhupur,Assam C.T.C. Leaf,Beverages,0.4,19000,20000,20000,12 Dec 2009
Jharkhand,Deogarh,Madhupur,Assam C.T.C. Dust,Beverages,0.4,16000,17000,17000,12 Dec 2009
Jharkhand,Deogarh,Madhupur,Assam C.T.C. Leaf,Beverages,0.5,19000,20000,20000,11 Dec 2009
Jharkhand,Deogarh,Madhupur,Assam C.T.C. Dust,Beverages,0.5,16000,17000,17000,11 Dec 2009
Jharkhand,Deogarh,Madhupur,Assam C.T.C. Leaf,Beverages,0.3,19000,20000,20000,10 Dec 2009
Jharkhand,Deogarh,Madhupur,Assam C.T.C. Dust,Beverages,0.3,16000,17000,17000,10 Dec 2009
Jharkhand,Deogarh,Madhupur,Assam C.T.C. Leaf,Beverages,0.2,19000,20000,20000,09 Dec 2009
Jharkhand,Deogarh,Madhupur,Assam C.T.C. Dust,Beverages,0.2,16000,17000,17000,09 Dec 2009
Jharkhand,Deogarh,Madhupur,Assam C.T.C. Leaf,Beverages,0.3,19000,20000,20000,08 Dec 2009
Jharkhand,Deogarh,Madhupur,Assam C.T.C. Dust,Beverages,0.3,16000,17000,17000,08 Dec 2009
Jharkhand,Deogarh,Madhupur,Assam C.T.C. Leaf,Beverages,0.5,19000,20000,20000,07 Dec 2009
Jharkhand,Deogarh,Madhupur,Assam C.T.C. Dust,Beverages,0.5,16000,17000,17000,07 Dec 2009
Jharkhand,Deogarh,Madhupur,Assam C.T.C. Leaf,Beverages,0.4,19000,20000,20000,05 Dec 2009
Jharkhand,Deogarh,Madhupur,Assam C.T.C. Dust,Beverages,0.4,16000,17000,17000,05 Dec 2009
Jharkhand,Deogarh,Madhupur,Assam C.T.C. Leaf,Beverages,0.5,19000,20000,20000,04 Dec 2009
Jharkhand,Deogarh,Madhupur,Assam C.T.C. Dust,Beverages,0.5,16000,17000,17000,04 Dec 2009
Jharkhand,Deogarh,Madhupur,Assam C.T.C. Leaf,Beverages,0.5,19000,20000,20000,03 Dec 2009
Jharkhand,Deogarh,Madhupur,Assam C.T.C. Dust,Beverages,0.5,16000,17000,17000,03 Dec 2009
Jharkhand,Deogarh,Madhupur,Assam C.T.C. Leaf,Beverages,0.45,19000,20000,20000,02 Dec 2009
Jharkhand,Deogarh,Madhupur,Assam C.T.C. Dust,Beverages,0.45,16000,17000,17000,02 Dec 2009
Jharkhand,Deogarh,Madhupur,Assam C.T.C. Leaf,Beverages,0.5,19000,20000,20000,01 Dec 2009
Jharkhand,Deogarh,Madhupur,Assam C.T.C. Dust,Beverages,0.5,16000,17000,17000,01 Dec 2009
Jharkhand,Deogarh,Madhupur,Assam C.T.C. Leaf,Beverages,0.4,19000,20000,20000,27 Nov 2009
Jharkhand,Deogarh,Madhupur,Assam C.T.C. Dust,Beverages,0.4,17000,18000,18000,27 Nov 2009
Jharkhand,Deogarh,Madhupur,Assam C.T.C. Leaf,Beverages,0.3,19000,20000,20000,26 Nov 2009
Jharkhand,Deogarh,Madhupur,Assam C.T.C. Dust,Beverages,0.3,17000,18000,18000,26 Nov 2009
Jharkhand,Deogarh,Madhupur,Assam C.T.C. Leaf,Beverages,0.5,19000,20000,20000,24 Nov 2009
Jharkhand,Deogarh,Madhupur,Assam C.T.C. Dust,Beverages,0.5,17000,18000,18000,24 Nov 2009
Jharkhand,Deogarh,Madhupur,Assam C.T.C. Leaf,Beverages,0.4,19000,20000,20000,23 Nov 2009
Jharkhand,Deogarh,Madhupur,Assam C.T.C. Dust,Beverages,0.4,17000,18000,18000,23 Nov 2009
Jharkhand,Deogarh,Madhupur,Assam C.T.C. Leaf,Beverages,0.4,19000,20000,20000,19 Nov 2009
Jharkhand,Deogarh,Madhupur,Assam C.T.C. Dust,Beverages,0.4,16000,17000,17000,19 Nov 2009
Jharkhand,Deogarh,Madhupur,Assam C.T.C. Leaf,Beverages,0.4,19000,20000,20000,18 Nov 2009
Jharkhand,Deogarh,Madhupur,Assam C.T.C. Dust,Beverages,0.4,16000,17000,17000,18 Nov 2009
Jharkhand,Deogarh,Madhupur,Assam C.T.C. Leaf,Beverages,0.5,19000,20000,20000,17 Nov 2009
Jharkhand,Deogarh,Madhupur,Assam C.T.C. Dust,Beverages,0.5,16000,17000,17000,17 Nov 2009
Jharkhand,Deogarh,Madhupur,Assam C.T.C. Leaf,Beverages,0.4,19000,20000,20000,16 Nov 2009
Jharkhand,Deogarh,Madhupur,Assam C.T.C. Dust,Beverages,0.4,16000,17000,17000,16 Nov 2009
Jharkhand,Deogarh,Madhupur,Assam C.T.C. Leaf,Beverages,0.3,19000,20000,20000,14 Nov 2009
Jharkhand,Deogarh,Madhupur,Assam C.T.C. Dust,Beverages,0.3,16000,17000,17000,14 Nov 2009
Jharkhand,Deogarh,Madhupur,Assam C.T.C. Leaf,Beverages,0.5,19000,20000,20000,13 Nov 2009
Jharkhand,Deogarh,Madhupur,Assam C.T.C. Leaf,Beverages,0.3,18000,19000,19000,12 Nov 2009
Jharkhand,Deogarh,Madhupur,Assam C.T.C. Dust,Beverages,0.3,15000,16000,16000,12 Nov 2009
Jharkhand,Deogarh,Madhupur,Assam C.T.C. Leaf,Beverages,0.3,18000,19000,19000,11 Nov 2009
Jharkhand,Deogarh,Madhupur,Assam C.T.C. Dust,Beverages,0.3,15000,16000,16000,11 Nov 2009
Jharkhand,Deogarh,Madhupur,Assam C.T.C. Leaf,Beverages,0.5,18000,19000,19000,10 Nov 2009
Jharkhand,Deogarh,Madhupur,Assam C.T.C. Dust,Beverages,0.5,15000,16000,16000,10 Nov 2009
Jharkhand,Deogarh,Madhupur,Assam C.T.C. Leaf,Beverages,0.4,18000,19000,19000,09 Nov 2009
Jharkhand,Deogarh,Madhupur,Assam C.T.C. Dust,Beverages,0.4,15000,16000,16000,09 Nov 2009
Jharkhand,Deogarh,Madhupur,Assam C.T.C. Leaf,Beverages,0.5,18000,19000,19000,07 Nov 2009
Jharkhand,Deogarh,Madhupur,Assam C.T.C. Dust,Beverages,0.5,15000,16000,16000,07 Nov 2009
Jharkhand,Deogarh,Madhupur,Assam C.T.C. Leaf,Beverages,0.2,18000,19000,19000,05 Nov 2009
Jharkhand,Deogarh,Madhupur,Assam C.T.C. Dust,Beverages,0.2,15000,16000,16000,05 Nov 2009
Jharkhand,Deogarh,Madhupur,Assam C.T.C. Leaf,Beverages,0.3,18000,19000,19000,04 Nov 2009
Jharkhand,Deogarh,Madhupur,Assam C.T.C. Dust,Beverages,0.3,15000,16000,16000,04 Nov 2009
Jharkhand,Deogarh,Madhupur,Assam C.T.C. Leaf,Beverages,0.5,18000,19000,19000,03 Nov 2009
Jharkhand,Deogarh,Madhupur,Assam C.T.C. Dust,Beverages,0.5,15000,16000,16000,03 Nov 2009
Jharkhand,Deogarh,Madhupur,Assam C.T.C. Leaf,Beverages,0.5,18000,19000,19000,30 Oct 2009
Jharkhand,Deogarh,Madhupur,Assam C.T.C. Dust,Beverages,0.5,15000,16000,16000,30 Oct 2009
Jharkhand,Deogarh,Madhupur,Assam C.T.C. Leaf,Beverages,0.5,18000,19000,19000,29 Oct 2009
Jharkhand,Deogarh,Madhupur,Assam C.T.C. Dust,Beverages,0.5,15000,16000,16000,29 Oct 2009
Jharkhand,Deogarh,Madhupur,Assam C.T.C. Leaf,Beverages,0.5,18000,19000,19000,28 Oct 2009
Jharkhand,Deogarh,Madhupur,Assam C.T.C. Dust,Beverages,0.5,15000,16000,16000,28 Oct 2009
Jharkhand,Deogarh,Madhupur,Assam C.T.C. Leaf,Beverages,0.5,18000,19000,19000,27 Oct 2009
Jharkhand,Deogarh,Madhupur,Assam C.T.C. Dust,Beverages,0.5,15000,16000,16000,27 Oct 2009
Jharkhand,Deogarh,Madhupur,Assam C.T.C. Leaf,Beverages,0.5,18000,19000,19000,26 Oct 2009
Jharkhand,Deogarh,Madhupur,Assam C.T.C. Dust,Beverages,0.5,15000,16000,16000,26 Oct 2009
Jharkhand,Deogarh,Madhupur,Assam C.T.C. Leaf,Beverages,0.5,18000,19000,19000,23 Oct 2009
Jharkhand,Deogarh,Madhupur,Assam C.T.C. Dust,Beverages,0.5,15000,16000,16000,23 Oct 2009
Jharkhand,Deogarh,Madhupur,Assam C.T.C. Leaf,Beverages,0.4,18000,19000,19000,22 Oct 2009
Jharkhand,Deogarh,Madhupur,Assam C.T.C. Dust,Beverages,0.4,15000,16000,16000,22 Oct 2009
Jharkhand,Deogarh,Madhupur,Assam C.T.C. Leaf,Beverages,0.5,18000,19000,19000,21 Oct 2009
Jharkhand,Deogarh,Madhupur,Assam C.T.C. Dust,Beverages,0.5,15000,16000,16000,21 Oct 2009
Jharkhand,Deogarh,Madhupur,Assam C.T.C. Leaf,Beverages,40.0,18000,19000,19000,19 Oct 2009
Jharkhand,Deogarh,Madhupur,Assam C.T.C. Dust,Beverages,40.0,15000,16000,16000,19 Oct 2009
Jharkhand,Deogarh,Madhupur,Assam C.T.C. Leaf,Beverages,0.5,18000,19000,19000,16 Oct 2009
Jharkhand,Deogarh,Madhupur,Assam C.T.C. Dust,Beverages,0.5,15000,16000,16000,16 Oct 2009
Jharkhand,Deogarh,Madhupur,Assam C.T.C. Leaf,Beverages,0.5,18000,19000,19000,15 Oct 2009
Jharkhand,Deogarh,Madhupur,Assam C.T.C. Dust,Beverages,0.5,15000,16000,16000,15 Oct 2009
Jharkhand,Deogarh,Madhupur,Assam C.T.C. Leaf,Beverages,0.5,18000,19000,19000,14 Oct 2009
Jharkhand,Deogarh,Madhupur,Assam C.T.C. Dust,Beverages,0.5,15000,16000,16000,14 Oct 2009
Jharkhand,Deogarh,Madhupur,Assam C.T.C. Leaf,Beverages,0.5,18000,19000,19000,13 Oct 2009
Jharkhand,Deogarh,Madhupur,Assam C.T.C. Dust,Beverages,0.5,15000,16000,16000,13 Oct 2009
Jharkhand,Deogarh,Madhupur,Assam C.T.C. Leaf,Beverages,0.4,18000,19000,19000,12 Oct 2009
Jharkhand,Deogarh,Madhupur,Assam C.T.C. Dust,Beverages,0.4,15000,16000,16000,12 Oct 2009
Jharkhand,Deogarh,Madhupur,Assam C.T.C. Leaf,Beverages,0.5,18000,19000,19000,10 Oct 2009
Jharkhand,Deogarh,Madhupur,Assam C.T.C. Dust,Beverages,0.5,15000,16000,16000,10 Oct 2009
Jharkhand,Deogarh,Madhupur,Assam C.T.C. Leaf,Beverages,0.4,18000,19000,19000,09 Oct 2009
Jharkhand,Deogarh,Madhupur,Assam C.T.C. Dust,Beverages,0.4,15000,16000,16000,09 Oct 2009
Jharkhand,Deogarh,Madhupur,Assam C.T.C. Leaf,Beverages,0.5,18000,19000,19000,08 Oct 2009
Jharkhand,Deogarh,Madhupur,Assam C.T.C. Dust,Beverages,0.5,15000,16000,16000,08 Oct 2009
Jharkhand,Deogarh,Madhupur,Assam C.T.C. Leaf,Beverages,0.5,18000,19000,19000,07 Oct 2009
Jharkhand,Deogarh,Madhupur,Assam C.T.C. Dust,Beverages,0.5,15000,16000,16000,07 Oct 2009
Jharkhand,Deogarh,Madhupur,Assam C.T.C. Leaf,Beverages,0.5,18000,19000,19000,06 Oct 2009
Jharkhand,Deogarh,Madhupur,Assam C.T.C. Dust,Beverages,0.5,15000,16000,16000,06 Oct 2009
Jharkhand,Deogarh,Madhupur,Assam C.T.C. Leaf,Beverages,0.4,18000,19000,19000,05 Oct 2009
Jharkhand,Deogarh,Madhupur,Assam C.T.C. Dust,Beverages,0.4,15000,16000,16000,05 Oct 2009
Jharkhand,Deogarh,Madhupur,Assam C.T.C. Leaf,Beverages,0.5,18000,19000,19000,03 Oct 2009
Jharkhand,Deogarh,Madhupur,Assam C.T.C. Dust,Beverages,0.5,15000,16000,16000,03 Oct 2009
Jharkhand,Deogarh,Madhupur,Assam C.T.C. Leaf,Beverages,0.5,18000,19000,19000,01 Oct 2009
Jharkhand,Deogarh,Madhupur,Assam C.T.C. Dust,Beverages,0.5,15000,16000,16000,01 Oct 2009
Jharkhand,Deogarh,Madhupur,Assam C.T.C. Leaf,Beverages,0.5,18000,19000,19000,30 Sep 2009
Jharkhand,Deogarh,Madhupur,Assam C.T.C. Dust,Beverages,0.5,15000,16000,16000,30 Sep 2009
Jharkhand,Deogarh,Madhupur,Assam C.T.C. Leaf,Beverages,0.5,18000,19000,19000,29 Sep 2009
Jharkhand,Deogarh,Madhupur,Assam C.T.C. Dust,Beverages,0.5,15000,16000,16000,29 Sep 2009
Jharkhand,Deogarh,Madhupur,Assam C.T.C. Leaf,Beverages,0.5,18000,19000,19000,24 Sep 2009
Jharkhand,Deogarh,Madhupur,Assam C.T.C. Dust,Beverages,0.5,15000,16000,16000,24 Sep 2009
Jharkhand,Deogarh,Madhupur,Assam C.T.C. Leaf,Beverages,0.45,18000,19000,19000,23 Sep 2009
Jharkhand,Deogarh,Madhupur,Assam C.T.C. Dust,Beverages,0.45,15000,16000,16000,23 Sep 2009
Jharkhand,Deogarh,Madhupur,Assam C.T.C. Leaf,Beverages,0.5,18000,19000,19000,22 Sep 2009
Jharkhand,Deogarh,Madhupur,Assam C.T.C. Dust,Beverages,0.5,15000,16000,16000,22 Sep 2009
Jharkhand,Deogarh,Madhupur,Assam C.T.C. Dust,Beverages,0.5,15000,16000,16000,18 Sep 2009
Jharkhand,Deogarh,Madhupur,Assam C.T.C. Leaf,Beverages,0.5,18000,19000,19000,17 Sep 2009
Jharkhand,Deogarh,Madhupur,Assam C.T.C. Dust,Beverages,0.5,15000,16000,16000,17 Sep 2009
Jharkhand,Deogarh,Madhupur,Assam C.T.C. Leaf,Beverages,0.4,18000,19000,19000,16 Sep 2009
Jharkhand,Deogarh,Madhupur,Assam C.T.C. Dust,Beverages,0.4,15000,16000,16000,16 Sep 2009
Jharkhand,Deogarh,Madhupur,Assam C.T.C. Leaf,Beverages,0.5,18000,19000,19000,15 Sep 2009
Jharkhand,Deogarh,Madhupur,Assam C.T.C. Dust,Beverages,0.5,15000,16000,16000,15 Sep 2009
Jharkhand,Deogarh,Madhupur,Assam C.T.C. Leaf,Beverages,0.4,18000,19000,19000,14 Sep 2009
Jharkhand,Deogarh,Madhupur,Assam C.T.C. Dust,Beverages,0.4,15000,16000,16000,14 Sep 2009
Jharkhand,Deogarh,Madhupur,Assam C.T.C. Leaf,Beverages,0.5,18000,19000,19000,12 Sep 2009
Jharkhand,Deogarh,Madhupur,Assam C.T.C. Dust,Beverages,0.5,15000,16000,16000,12 Sep 2009
Jharkhand,Deogarh,Madhupur,Assam C.T.C. Leaf,Beverages,0.45,18000,19000,19000,11 Sep 2009
Jharkhand,Deogarh,Madhupur,Assam C.T.C. Dust,Beverages,0.45,15000,16000,16000,11 Sep 2009
Jharkhand,Deogarh,Madhupur,Assam C.T.C. Leaf,Beverages,0.4,18000,19000,19000,10 Sep 2009
Jharkhand,Deogarh,Madhupur,Assam C.T.C. Dust,Beverages,0.4,15000,16000,16000,10 Sep 2009
Jharkhand,Deogarh,Madhupur,Assam C.T.C. Leaf,Beverages,0.5,18000,19000,19000,09 Sep 2009
Jharkhand,Deogarh,Madhupur,Assam C.T.C. Dust,Beverages,0.5,15000,16000,16000,09 Sep 2009
Jharkhand,Deogarh,Madhupur,Assam C.T.C. Leaf,Beverages,0.5,18000,19000,19000,08 Sep 2009
Jharkhand,Deogarh,Madhupur,Assam C.T.C. Dust,Beverages,0.5,15000,16000,16000,08 Sep 2009
Jharkhand,Deogarh,Madhupur,Assam C.T.C. Leaf,Beverages,0.55,18000,19000,19000,07 Sep 2009
Jharkhand,Deogarh,Madhupur,Assam C.T.C. Dust,Beverages,0.55,15000,16000,16000,07 Sep 2009
Jharkhand,Deogarh,Madhupur,Assam C.T.C. Leaf,Beverages,0.4,18000,19000,19000,05 Sep 2009
Jharkhand,Deogarh,Madhupur,Assam C.T.C. Dust,Beverages,0.4,15000,16000,16000,05 Sep 2009
Jharkhand,Deogarh,Madhupur,Assam C.T.C. Leaf,Beverages,0.5,18000,19000,19000,04 Sep 2009
Jharkhand,Deogarh,Madhupur,Assam C.T.C. Dust,Beverages,0.5,15000,16000,16000,04 Sep 2009
Jharkhand,Deogarh,Madhupur,Assam C.T.C. Leaf,Beverages,0.5,18000,19000,19000,03 Sep 2009
Jharkhand,Deogarh,Madhupur,Assam C.T.C. Dust,Beverages,0.5,15000,16000,16000,03 Sep 2009
Jharkhand,Deogarh,Madhupur,Assam C.T.C. Leaf,Beverages,0.5,18000,19000,19000,02 Sep 2009
Jharkhand,Deogarh,Madhupur,Assam C.T.C. Dust,Beverages,0.5,15000,16000,16000,02 Sep 2009
Jharkhand,Deogarh,Madhupur,Assam C.T.C. Leaf,Beverages,0.5,18000,19000,19000,01 Sep 2009
Jharkhand,Deogarh,Madhupur,Assam C.T.C. Dust,Beverages,0.5,15000,16000,16000,01 Sep 2009
Jharkhand,Deogarh,Madhupur,Assam C.T.C. Leaf,Beverages,0.05,18000,19000,19000,27 Aug 2009
Jharkhand,Deogarh,Madhupur,Assam C.T.C. Dust,Beverages,0.05,15000,16000,16000,27 Aug 2009
Jharkhand,Deogarh,Madhupur,Assam C.T.C. Leaf,Beverages,0.05,18000,19000,19000,26 Aug 2009
Jharkhand,Deogarh,Madhupur,Assam C.T.C. Dust,Beverages,0.05,15000,16000,16000,26 Aug 2009
Jharkhand,Deogarh,Madhupur,Assam C.T.C. Leaf,Beverages,0.05,18000,19000,19000,13 Aug 2009
Jharkhand,Deogarh,Madhupur,Assam C.T.C. Dust,Beverages,0.05,15000,16000,16000,13 Aug 2009
Jharkhand,Deogarh,Madhupur,Assam C.T.C. Leaf,Beverages,0.05,18000,19000,19000,12 Aug 2009
Jharkhand,Deogarh,Madhupur,Assam C.T.C. Dust,Beverages,0.05,15000,16000,16000,12 Aug 2009
Jharkhand,Deogarh,Madhupur,Assam C.T.C. Leaf,Beverages,0.04,18000,19000,19000,11 Aug 2009
Jharkhand,Deogarh,Madhupur,Assam C.T.C. Dust,Beverages,0.04,15000,16000,16000,11 Aug 2009
Jharkhand,Deogarh,Madhupur,Assam C.T.C. Leaf,Beverages,0.05,18000,19000,19000,10 Aug 2009
Jharkhand,Deogarh,Madhupur,Assam C.T.C. Dust,Beverages,0.05,15000,16000,16000,10 Aug 2009
Jharkhand,Deogarh,Madhupur,Assam C.T.C. Leaf,Beverages,0.05,18000,19000,19000,08 Aug 2009
Jharkhand,Deogarh,Madhupur,Assam C.T.C. Dust,Beverages,0.05,15000,16000,16000,08 Aug 2009
Jharkhand,Deogarh,Madhupur,Assam C.T.C. Leaf,Beverages,0.05,18000,19000,19000,07 Aug 2009
Jharkhand,Deogarh,Madhupur,Assam C.T.C. Dust,Beverages,0.05,15000,16000,16000,07 Aug 2009
Jharkhand,Deogarh,Madhupur,Assam C.T.C. Leaf,Beverages,0.05,18000,19000,19000,06 Aug 2009
Jharkhand,Deogarh,Madhupur,Assam C.T.C. Dust,Beverages,0.05,15000,16000,16000,06 Aug 2009
Jharkhand,Deogarh,Madhupur,Assam C.T.C. Leaf,Beverages,0.05,18000,19000,19000,05 Aug 2009
Jharkhand,Deogarh,Madhupur,Assam C.T.C. Dust,Beverages,0.05,15000,16000,16000,05 Aug 2009
Jharkhand,Deogarh,Madhupur,Assam C.T.C. Leaf,Beverages,0.05,18000,19000,19000,04 Aug 2009
Jharkhand,Deogarh,Madhupur,Assam C.T.C. Dust,Beverages,0.05,15000,16000,16000,04 Aug 2009
Jharkhand,Deogarh,Madhupur,Assam C.T.C. Leaf,Beverages,0.05,18000,19000,19000,03 Aug 2009
Jharkhand,Deogarh,Madhupur,Assam C.T.C. Dust,Beverages,0.05,15000,16000,16000,03 Aug 2009
Jharkhand,Deogarh,Madhupur,Assam C.T.C. Leaf,Beverages,0.05,18000,19000,19000,01 Aug 2009
Jharkhand,Deogarh,Madhupur,Assam C.T.C. Dust,Beverages,0.05,15000,16000,16000,01 Aug 2009
Jharkhand,Deogarh,Madhupur,Assam C.T.C. Leaf,Beverages,0.05,18500,19000,19000,29 Jul 2009
Jharkhand,Deogarh,Madhupur,Assam C.T.C. Dust,Beverages,0.05,11550,16000,16000,29 Jul 2009
Jharkhand,Deogarh,Madhupur,Assam C.T.C. Leaf,Beverages,0.05,18000,19000,19000,28 Jul 2009
Jharkhand,Deogarh,Madhupur,Assam C.T.C. Dust,Beverages,0.05,15000,16000,16000,28 Jul 2009
Jharkhand,Deogarh,Madhupur,Assam C.T.C. Leaf,Beverages,0.05,18000,19000,19000,27 Jul 2009
Jharkhand,Deogarh,Madhupur,Assam C.T.C. Dust,Beverages,0.05,15000,16000,16000,27 Jul 2009
Jharkhand,Deogarh,Madhupur,Assam C.T.C. Leaf,Beverages,0.06,18000,19000,19000,25 Jul 2009
Jharkhand,Deogarh,Madhupur,Assam C.T.C. Dust,Beverages,0.06,15000,16000,16000,25 Jul 2009
Jharkhand,Deogarh,Madhupur,Assam C.T.C. Leaf,Beverages,0.05,18000,19000,19000,24 Jul 2009
Jharkhand,Deogarh,Madhupur,Assam C.T.C. Dust,Beverages,0.05,15000,16000,16000,24 Jul 2009
Jharkhand,Deogarh,Madhupur,Assam C.T.C. Leaf,Beverages,0.05,18000,19000,19000,23 Jul 2009
Jharkhand,Deogarh,Madhupur,Assam C.T.C. Dust,Beverages,0.05,15000,16000,16000,23 Jul 2009
Jharkhand,Deogarh,Madhupur,Assam C.T.C. Leaf,Beverages,0.04,18000,19000,19000,22 Jul 2009
Jharkhand,Deogarh,Madhupur,Assam C.T.C. Dust,Beverages,0.04,15000,16000,16000,22 Jul 2009
Jharkhand,Deogarh,Madhupur,Assam C.T.C. Leaf,Beverages,0.05,18000,19000,19000,21 Jul 2009
Jharkhand,Deogarh,Madhupur,Assam C.T.C. Dust,Beverages,0.05,15000,16000,16000,21 Jul 2009
Jharkhand,Deogarh,Madhupur,Assam C.T.C. Leaf,Beverages,0.06,18000,19000,19000,20 Jul 2009
Jharkhand,Deogarh,Madhupur,Assam C.T.C. Dust,Beverages,0.06,15000,16000,16000,20 Jul 2009
Jharkhand,Deogarh,Madhupur,Assam C.T.C. Leaf,Beverages,0.05,18000,19000,19000,18 Jul 2009
Jharkhand,Deogarh,Madhupur,Assam C.T.C. Dust,Beverages,0.05,15000,16000,16000,18 Jul 2009
Jharkhand,Deogarh,Madhupur,Assam C.T.C. Leaf,Beverages,0.05,18000,19000,19000,17 Jul 2009
Jharkhand,Deogarh,Madhupur,Assam C.T.C. Dust,Beverages,0.05,15000,16000,16000,17 Jul 2009
Jharkhand,Deogarh,Madhupur,Assam C.T.C. Leaf,Beverages,0.05,18000,19000,19000,16 Jul 2009
Jharkhand,Deogarh,Madhupur,Assam C.T.C. Dust,Beverages,0.05,15000,16000,16000,16 Jul 2009
Jharkhand,Deogarh,Madhupur,Assam C.T.C. Leaf,Beverages,0.05,18000,19000,19000,15 Jul 2009
Jharkhand,Deogarh,Madhupur,Assam C.T.C. Dust,Beverages,0.05,15000,16000,16000,15 Jul 2009
Jharkhand,Deogarh,Madhupur,Assam C.T.C. Leaf,Beverages,0.05,18000,19000,19000,14 Jul 2009
Jharkhand,Deogarh,Madhupur,Assam C.T.C. Dust,Beverages,0.05,15000,16000,16000,14 Jul 2009
Jharkhand,Deogarh,Madhupur,Assam C.T.C. Leaf,Beverages,0.05,18000,19000,19000,13 Jul 2009
Jharkhand,Deogarh,Madhupur,Assam C.T.C. Dust,Beverages,0.05,15000,16000,16000,13 Jul 2009
Jharkhand,Deogarh,Madhupur,Assam C.T.C. Leaf,Beverages,0.05,18000,19000,19000,11 Jul 2009
Jharkhand,Deogarh,Madhupur,Assam C.T.C. Dust,Beverages,0.05,15000,16000,16000,11 Jul 2009
Jharkhand,Deogarh,Madhupur,Assam C.T.C. Leaf,Beverages,0.05,18000,19000,19000,10 Jul 2009
Jharkhand,Deogarh,Madhupur,Assam C.T.C. Dust,Beverages,0.05,15000,16000,15000,10 Jul 2009
Jharkhand,Deogarh,Madhupur,Assam C.T.C. Leaf,Beverages,0.05,18000,19000,19000,09 Jul 2009
Jharkhand,Deogarh,Madhupur,Assam C.T.C. Dust,Beverages,0.05,15000,16000,16000,09 Jul 2009
Jharkhand,Deogarh,Madhupur,Assam C.T.C. Leaf,Beverages,0.05,18000,19000,19000,08 Jul 2009
Jharkhand,Deogarh,Madhupur,Assam C.T.C. Dust,Beverages,0.05,15000,16000,16000,08 Jul 2009
Jharkhand,Deogarh,Madhupur,Assam C.T.C. Leaf,Beverages,0.05,18000,19000,19000,07 Jul 2009
Jharkhand,Deogarh,Madhupur,Assam C.T.C. Dust,Beverages,0.05,15000,16000,16000,07 Jul 2009
Jharkhand,Deogarh,Madhupur,Assam C.T.C. Leaf,Beverages,0.05,18000,19000,19000,06 Jul 2009
Jharkhand,Deogarh,Madhupur,Assam C.T.C. Dust,Beverages,0.05,15000,16000,16000,06 Jul 2009
Jharkhand,Deogarh,Madhupur,Assam C.T.C. Leaf,Beverages,0.05,18000,19000,19000,04 Jul 2009
Jharkhand,Deogarh,Madhupur,Assam C.T.C. Dust,Beverages,0.05,15000,16000,16000,04 Jul 2009
Jharkhand,Deogarh,Madhupur,Assam C.T.C. Leaf,Beverages,0.05,18000,19000,19000,03 Jul 2009
Jharkhand,Deogarh,Madhupur,Assam C.T.C. Dust,Beverages,0.05,15000,16000,16000,03 Jul 2009
Jharkhand,Deogarh,Madhupur,Assam C.T.C. Leaf,Beverages,0.05,18000,19000,19000,02 Jul 2009
Jharkhand,Deogarh,Madhupur,Assam C.T.C. Dust,Beverages,0.05,15000,16000,16000,02 Jul 2009
Jharkhand,Deogarh,Madhupur,Assam C.T.C. Leaf,Beverages,0.05,18000,19000,19000,01 Jul 2009
Jharkhand,Deogarh,Madhupur,Assam C.T.C. Dust,Beverages,0.05,15000,16000,16000,01 Jul 2009
Jharkhand,Deogarh,Madhupur,Assam C.T.C. Leaf,Beverages,0.05,18000,19000,19000,17 Jun 2009
Jharkhand,Deogarh,Madhupur,Assam C.T.C. Dust,Beverages,0.05,15000,16000,16000,17 Jun 2009
Jharkhand,Deogarh,Madhupur,Assam C.T.C. Leaf,Beverages,0.05,18000,19000,19000,16 Jun 2009
Jharkhand,Deogarh,Madhupur,Assam C.T.C. Dust,Beverages,0.05,15000,16000,16000,16 Jun 2009
Jharkhand,Deogarh,Madhupur,Assam C.T.C. Leaf,Beverages,0.05,18000,19000,19000,15 Jun 2009
Jharkhand,Deogarh,Madhupur,Assam C.T.C. Dust,Beverages,0.05,15000,16000,16000,15 Jun 2009
Jharkhand,Deogarh,Madhupur,Assam C.T.C. Leaf,Beverages,0.05,18000,19000,19000,13 Jun 2009
Jharkhand,Deogarh,Madhupur,Assam C.T.C. Dust,Beverages,0.05,15000,16000,16000,13 Jun 2009
Jharkhand,Deogarh,Madhupur,Assam C.T.C. Leaf,Beverages,0.05,18000,19000,19000,12 Jun 2009
Jharkhand,Deogarh,Madhupur,Assam C.T.C. Dust,Beverages,0.05,15000,16000,16000,12 Jun 2009
Jharkhand,Deogarh,Madhupur,Assam C.T.C. Leaf,Beverages,0.05,18000,19000,19000,11 Jun 2009
Jharkhand,Deogarh,Madhupur,Assam C.T.C. Dust,Beverages,0.05,15000,16000,16000,11 Jun 2009
Jharkhand,Deogarh,Madhupur,Assam C.T.C. Leaf,Beverages,0.04,18000,19000,19000,10 Jun 2009
Jharkhand,Deogarh,Madhupur,Assam C.T.C. Dust,Beverages,0.04,15000,16000,16000,10 Jun 2009
Jharkhand,Deogarh,Madhupur,Assam C.T.C. Leaf,Beverages,0.05,18000,19000,19000,09 Jun 2009
Jharkhand,Deogarh,Madhupur,Assam C.T.C. Dust,Beverages,0.05,15000,16000,16000,09 Jun 2009
Jharkhand,Deogarh,Madhupur,Assam C.T.C. Leaf,Beverages,0.05,18000,19000,19000,08 Jun 2009
Jharkhand,Deogarh,Madhupur,Assam C.T.C. Dust,Beverages,0.05,15000,16000,16000,08 Jun 2009
Jharkhand,Deogarh,Madhupur,Assam C.T.C. Leaf,Beverages,0.05,18000,19000,19000,06 Jun 2009
Jharkhand,Deogarh,Madhupur,Assam C.T.C. Dust,Beverages,0.05,15000,16000,16000,06 Jun 2009
Jharkhand,Deogarh,Madhupur,Assam C.T.C. Leaf,Beverages,0.05,17500,18000,18000,19 May 2009
Jharkhand,Deogarh,Madhupur,Assam C.T.C. Dust,Beverages,0.05,16500,17000,17000,19 May 2009
Jharkhand,Deogarh,Madhupur,Assam C.T.C. Leaf,Beverages,0.05,14500,15000,15000,18 May 2009
Jharkhand,Deogarh,Madhupur,Assam C.T.C. Dust,Beverages,0.05,13500,14000,14000,18 May 2009
Jharkhand,Deogarh,Madhupur,Assam C.T.C. Leaf,Beverages,0.05,14500,15000,15000,16 May 2009
Jharkhand,Deogarh,Madhupur,Assam C.T.C. Dust,Beverages,0.05,13500,14000,14000,16 May 2009
Jharkhand,Deogarh,Madhupur,Assam C.T.C. Leaf,Beverages,0.05,14500,15000,15000,15 May 2009
Jharkhand,Deogarh,Madhupur,Assam C.T.C. Dust,Beverages,0.05,13500,14000,14000,15 May 2009
Jharkhand,Deogarh,Madhupur,Assam C.T.C. Leaf,Beverages,0.06,14500,15000,15000,14 May 2009
Jharkhand,Deogarh,Madhupur,Assam C.T.C. Dust,Beverages,0.06,13500,14000,14000,14 May 2009
Jharkhand,Deogarh,Madhupur,Assam C.T.C. Leaf,Beverages,0.05,14500,15000,15000,13 May 2009
Jharkhand,Deogarh,Madhupur,Assam C.T.C. Dust,Beverages,0.05,13500,14000,14000,13 May 2009
Jharkhand,Deogarh,Madhupur,Assam C.T.C. Leaf,Beverages,0.05,14500,15000,15000,12 May 2009
Jharkhand,Deogarh,Madhupur,Assam C.T.C. Dust,Beverages,0.05,13500,14000,14000,12 May 2009
Jharkhand,Deogarh,Madhupur,Assam C.T.C. Leaf,Beverages,0.05,14500,15000,15000,11 May 2009
Jharkhand,Deogarh,Madhupur,Assam C.T.C. Dust,Beverages,0.05,13500,14000,14000,11 May 2009
Jharkhand,Deogarh,Madhupur,Assam C.T.C. Leaf,Beverages,0.05,14500,15000,15000,08 May 2009
Jharkhand,Deogarh,Madhupur,Assam C.T.C. Dust,Beverages,0.05,13500,14000,14000,08 May 2009
Jharkhand,Deogarh,Madhupur,Assam C.T.C. Leaf,Beverages,0.05,14500,15000,15000,07 May 2009
Jharkhand,Deogarh,Madhupur,Assam C.T.C. Dust,Beverages,0.05,13500,14000,14000,07 May 2009
Jharkhand,Deogarh,Madhupur,Assam C.T.C. Leaf,Beverages,0.05,14500,15000,15000,06 May 2009
Jharkhand,Deogarh,Madhupur,Assam C.T.C. Dust,Beverages,0.05,13500,14000,14000,06 May 2009
Jharkhand,Deogarh,Madhupur,Assam C.T.C. Leaf,Beverages,0.05,14500,15000,15000,05 May 2009
Jharkhand,Deogarh,Madhupur,Assam C.T.C. Dust,Beverages,0.05,13500,14000,14000,05 May 2009
Jharkhand,Deogarh,Madhupur,Assam C.T.C. Leaf,Beverages,0.06,14500,15000,15000,04 May 2009
Jharkhand,Deogarh,Madhupur,Assam C.T.C. Dust,Beverages,0.06,13500,14000,14000,04 May 2009
Jharkhand,Deogarh,Madhupur,Assam C.T.C. Leaf,Beverages,0.05,14500,15000,15000,02 May 2009
Jharkhand,Deogarh,Madhupur,Assam C.T.C. Dust,Beverages,0.05,13500,14000,14000,02 May 2009
Jharkhand,Deogarh,Madhupur,Assam C.T.C. Leaf,Beverages,0.05,14500,15000,15000,08 Apr 2009
Jharkhand,Deogarh,Madhupur,Assam C.T.C. Dust,Beverages,0.05,13500,14000,14000,08 Apr 2009
Jharkhand,Deogarh,Madhupur,Assam C.T.C. Leaf,Beverages,0.05,14500,15000,15000,06 Apr 2009
Jharkhand,Deogarh,Madhupur,Assam C.T.C. Dust,Beverages,0.05,13500,14000,14000,06 Apr 2009
Jharkhand,Deogarh,Madhupur,Assam C.T.C. Leaf,Beverages,0.05,14500,15000,15000,04 Apr 2009
Jharkhand,Deogarh,Madhupur,Assam C.T.C. Dust,Beverages,0.05,13500,14000,14000,04 Apr 2009
Jharkhand,Deogarh,Madhupur,Assam C.T.C. Leaf,Beverages,0.05,14500,15000,15000,02 Apr 2009
Jharkhand,Deogarh,Madhupur,Assam C.T.C. Dust,Beverages,0.05,13500,14000,14000,02 Apr 2009
Jharkhand,Deogarh,Madhupur,Assam C.T.C. Leaf,Beverages,0.06,14500,15000,15000,01 Apr 2009
Jharkhand,Deogarh,Madhupur,Assam C.T.C. Dust,Beverages,0.06,13500,14000,14000,01 Apr 2009
Jharkhand,Deogarh,Madhupur,Assam C.T.C. Leaf,Beverages,0.05,14500,15000,15000,30 Mar 2009
Jharkhand,Deogarh,Madhupur,Assam C.T.C. Dust,Beverages,0.05,13500,14000,14000,30 Mar 2009
Jharkhand,Deogarh,Madhupur,Assam C.T.C. Leaf,Beverages,0.05,14500,15000,15000,28 Mar 2009
Jharkhand,Deogarh,Madhupur,Assam C.T.C. Dust,Beverages,0.05,13500,14000,14000,28 Mar 2009
Jharkhand,Deogarh,Madhupur,Assam C.T.C. Leaf,Beverages,0.06,14500,15000,15000,27 Mar 2009
Jharkhand,Deogarh,Madhupur,Assam C.T.C. Dust,Beverages,0.06,13500,14000,14000,27 Mar 2009
Jharkhand,Deogarh,Madhupur,Assam C.T.C. Leaf,Beverages,0.05,14500,15000,15000,26 Mar 2009
Jharkhand,Deogarh,Madhupur,Assam C.T.C. Dust,Beverages,0.05,13500,14000,14000,26 Mar 2009
Jharkhand,Deogarh,Madhupur,Assam C.T.C. Leaf,Beverages,0.05,14500,15000,15000,25 Mar 2009
Jharkhand,Deogarh,Madhupur,Assam C.T.C. Dust,Beverages,0.05,13500,14000,14000,25 Mar 2009
Jharkhand,Deogarh,Madhupur,Assam C.T.C. Leaf,Beverages,0.06,14500,15000,15000,24 Mar 2009
Jharkhand,Deogarh,Madhupur,Assam C.T.C. Dust,Beverages,0.06,13500,14000,14000,24 Mar 2009
Jharkhand,Deogarh,Madhupur,Assam C.T.C. Leaf,Beverages,0.06,14500,15000,15000,23 Mar 2009
Jharkhand,Deogarh,Madhupur,Assam C.T.C. Dust,Beverages,0.06,13500,14000,14000,23 Mar 2009
Jharkhand,Deogarh,Madhupur,Assam C.T.C. Leaf,Beverages,0.05,14500,15000,15000,21 Mar 2009
Jharkhand,Deogarh,Madhupur,Assam C.T.C. Dust,Beverages,0.05,13500,14000,14000,21 Mar 2009
Jharkhand,Deogarh,Madhupur,Assam C.T.C. Leaf,Beverages,0.05,14500,15000,15000,20 Mar 2009
Jharkhand,Deogarh,Madhupur,Assam C.T.C. Dust,Beverages,0.05,13500,14000,14000,20 Mar 2009
Jharkhand,Deogarh,Madhupur,Assam C.T.C. Leaf,Beverages,0.05,14500,15000,15000,19 Mar 2009
Jharkhand,Deogarh,Madhupur,Assam C.T.C. Dust,Beverages,0.05,13500,14000,14000,19 Mar 2009
Jharkhand,Deogarh,Madhupur,Assam C.T.C. Leaf,Beverages,0.05,14500,15000,15000,14 Mar 2009
Jharkhand,Deogarh,Madhupur,Assam C.T.C. Dust,Beverages,0.05,13500,14000,14000,14 Mar 2009
Jharkhand,Deogarh,Madhupur,Assam C.T.C. Leaf,Beverages,0.05,14500,15000,15000,13 Mar 2009
Jharkhand,Deogarh,Madhupur,Assam C.T.C. Dust,Beverages,0.05,13500,14000,14000,13 Mar 2009
Jharkhand,Deogarh,Madhupur,Assam C.T.C. Leaf,Beverages,0.05,14500,15000,15000,12 Mar 2009
Jharkhand,Deogarh,Madhupur,Assam C.T.C. Dust,Beverages,0.05,13500,14000,14000,12 Mar 2009
Jharkhand,Deogarh,Madhupur,Assam C.T.C. Leaf,Beverages,0.06,14500,15000,15000,09 Mar 2009
Jharkhand,Deogarh,Madhupur,Assam C.T.C. Dust,Beverages,0.06,13500,14000,14000,09 Mar 2009
Jharkhand,Deogarh,Madhupur,Assam C.T.C. Leaf,Beverages,0.05,14500,15000,15000,07 Mar 2009
Jharkhand,Deogarh,Madhupur,Assam C.T.C. Dust,Beverages,0.05,13500,14000,14000,07 Mar 2009
Jharkhand,Deogarh,Madhupur,Assam C.T.C. Leaf,Beverages,0.05,14500,15000,15000,06 Mar 2009
Jharkhand,Deogarh,Madhupur,Assam C.T.C. Dust,Beverages,0.05,13500,14000,14000,06 Mar 2009
Jharkhand,Deogarh,Madhupur,Assam C.T.C. Leaf,Beverages,0.06,14500,15000,15000,05 Mar 2009
Jharkhand,Deogarh,Madhupur,Assam C.T.C. Dust,Beverages,0.06,13500,14000,14000,05 Mar 2009
Jharkhand,Deogarh,Madhupur,Assam C.T.C. Leaf,Beverages,0.05,14500,15000,15000,04 Mar 2009
Jharkhand,Deogarh,Madhupur,Assam C.T.C. Dust,Beverages,0.05,13500,14000,14000,04 Mar 2009
Jharkhand,Deogarh,Madhupur,Assam C.T.C. Leaf,Beverages,0.05,14500,15000,15000,03 Mar 2009
Jharkhand,Deogarh,Madhupur,Assam C.T.C. Dust,Beverages,0.05,13500,14000,14000,03 Mar 2009
Jharkhand,Deogarh,Madhupur,Assam C.T.C. Leaf,Beverages,0.05,14500,15000,15000,11 Feb 2009
Jharkhand,Deogarh,Madhupur,Assam C.T.C. Dust,Beverages,0.05,13500,14000,14000,11 Feb 2009
Jharkhand,Deogarh,Madhupur,Assam C.T.C. Leaf,Beverages,0.05,14500,15000,15000,10 Feb 2009
Jharkhand,Deogarh,Madhupur,Assam C.T.C. Dust,Beverages,0.05,13500,14000,14000,10 Feb 2009
Jharkhand,Deogarh,Madhupur,Assam C.T.C. Leaf,Beverages,0.05,14500,15000,15000,07 Feb 2009
Jharkhand,Deogarh,Madhupur,Assam C.T.C. Dust,Beverages,0.05,13500,14000,14000,07 Feb 2009
Jharkhand,Deogarh,Madhupur,Assam C.T.C. Leaf,Beverages,0.05,14500,15000,15000,06 Feb 2009
Jharkhand,Deogarh,Madhupur,Assam C.T.C. Dust,Beverages,0.05,13500,14000,14000,06 Feb 2009
Jharkhand,Deogarh,Madhupur,Assam C.T.C. Leaf,Beverages,0.05,14500,15000,15000,05 Feb 2009
Jharkhand,Deogarh,Madhupur,Assam C.T.C. Dust,Beverages,0.05,13500,14000,14000,05 Feb 2009
Jharkhand,Deogarh,Madhupur,Assam C.T.C. Leaf,Beverages,0.05,14500,15000,15000,04 Feb 2009
Jharkhand,Deogarh,Madhupur,Assam C.T.C. Dust,Beverages,0.05,13500,14000,14000,04 Feb 2009
Jharkhand,Deogarh,Madhupur,Assam C.T.C. Leaf,Beverages,0.05,14500,15000,15000,03 Feb 2009
Jharkhand,Deogarh,Madhupur,Assam C.T.C. Dust,Beverages,0.05,13500,14000,14000,03 Feb 2009
Jharkhand,Deogarh,Madhupur,Assam C.T.C. Leaf,Beverages,0.05,14500,15000,15000,02 Feb 2009
Jharkhand,Deogarh,Madhupur,Assam C.T.C. Dust,Beverages,0.05,13500,14500,14500,02 Feb 2009
Jharkhand,Deogarh,Madhupur,Assam C.T.C. Leaf,Beverages,0.05,14500,15000,15000,22 Jan 2009
Jharkhand,Deogarh,Madhupur,Assam C.T.C. Dust,Beverages,0.05,13500,14000,14000,22 Jan 2009
Jharkhand,Deogarh,Madhupur,Assam C.T.C. Leaf,Beverages,0.05,14500,15000,15000,21 Jan 2009
Jharkhand,Deogarh,Madhupur,Assam C.T.C. Dust,Beverages,0.05,13500,14000,14000,21 Jan 2009
Jharkhand,Deogarh,Madhupur,Assam C.T.C. Leaf,Beverages,0.05,14500,15000,15000,20 Jan 2009
Jharkhand,Deogarh,Madhupur,Assam C.T.C. Dust,Beverages,0.05,13500,14000,14000,20 Jan 2009
Jharkhand,Deogarh,Madhupur,Assam C.T.C. Leaf,Beverages,0.05,14500,15000,15000,19 Jan 2009
Jharkhand,Deogarh,Madhupur,Assam C.T.C. Dust,Beverages,0.05,13500,14000,14000,19 Jan 2009
Jharkhand,Deogarh,Madhupur,Assam C.T.C. Leaf,Beverages,0.05,14500,15000,15000,17 Jan 2009
Jharkhand,Deogarh,Madhupur,Assam C.T.C. Dust,Beverages,0.05,13500,14000,14000,17 Jan 2009
Jharkhand,Deogarh,Madhupur,Assam C.T.C. Leaf,Beverages,0.05,14500,15000,15000,16 Jan 2009
Jharkhand,Deogarh,Madhupur,Assam C.T.C. Dust,Beverages,0.05,13500,14000,14000,16 Jan 2009
Jharkhand,Deogarh,Madhupur,Assam C.T.C. Leaf,Beverages,0.05,14500,15000,15000,15 Jan 2009
Jharkhand,Deogarh,Madhupur,Assam C.T.C. Dust,Beverages,0.05,13500,14000,14000,15 Jan 2009
Jharkhand,Deogarh,Madhupur,Assam C.T.C. Leaf,Beverages,0.05,14500,15000,15000,13 Jan 2009
Jharkhand,Deogarh,Madhupur,Assam C.T.C. Dust,Beverages,0.05,13500,14000,14000,13 Jan 2009
Jharkhand,Deogarh,Madhupur,Assam C.T.C. Leaf,Beverages,0.05,14500,15000,15000,12 Jan 2009
Jharkhand,Deogarh,Madhupur,Assam C.T.C. Dust,Beverages,0.05,13500,14000,14000,12 Jan 2009
Jharkhand,Deogarh,Madhupur,Assam C.T.C. Leaf,Beverages,0.05,14500,15000,15000,09 Jan 2009
Jharkhand,Deogarh,Madhupur,Assam C.T.C. Dust,Beverages,0.05,13500,14000,14000,09 Jan 2009
Jharkhand,Deogarh,Madhupur,Assam C.T.C. Leaf,Beverages,0.05,14500,15000,15000,07 Jan 2009
Jharkhand,Deogarh,Madhupur,Assam C.T.C. Dust,Beverages,0.05,13500,14000,14000,07 Jan 2009
Jharkhand,Deogarh,Madhupur,Assam C.T.C. Leaf,Beverages,0.05,14500,15000,15000,06 Jan 2009
Jharkhand,Deogarh,Madhupur,Assam C.T.C. Dust,Beverages,0.05,13500,14000,14000,06 Jan 2009
Jharkhand,Deogarh,Madhupur,Assam C.T.C. Leaf,Beverages,0.05,14500,15000,15000,03 Jan 2009
Jharkhand,Deogarh,Madhupur,Assam C.T.C. Dust,Beverages,0.05,13500,14000,14000,03 Jan 2009
Jharkhand,Deogarh,Madhupur,Assam C.T.C. Leaf,Beverages,0.05,14500,15000,15000,02 Jan 2009
Jharkhand,Deogarh,Madhupur,Assam C.T.C. Dust,Beverages,0.05,13500,14000,14000,02 Jan 2009
Jharkhand,Deogarh,Madhupur,Assam C.T.C. Leaf,Beverages,0.05,14500,15000,15000,01 Jan 2009
Jharkhand,Deogarh,Madhupur,Assam C.T.C. Dust,Beverages,0.05,13500,14000,14000,01 Jan 2009
Jharkhand,Deogarh,Madhupur,Assam C.T.C. Leaf,Beverages,0.05,14500,15000,15000,31 Dec 2008
Jharkhand,Deogarh,Madhupur,Assam C.T.C. Dust,Beverages,0.05,13500,14000,14000,31 Dec 2008
Jharkhand,Deogarh,Madhupur,Assam C.T.C. Leaf,Beverages,0.05,14500,15000,15000,30 Dec 2008
Jharkhand,Deogarh,Madhupur,Assam C.T.C. Dust,Beverages,0.05,13500,14000,14000,30 Dec 2008
Jharkhand,Deogarh,Madhupur,Assam C.T.C. Leaf,Beverages,0.06,14500,15000,15000,29 Dec 2008
Jharkhand,Deogarh,Madhupur,Assam C.T.C. Dust,Beverages,0.06,13500,14000,14000,29 Dec 2008
Jharkhand,Deogarh,Madhupur,Assam C.T.C. Leaf,Beverages,0.04,14500,15000,15000,27 Dec 2008
Jharkhand,Deogarh,Madhupur,Assam C.T.C. Dust,Beverages,0.04,13500,14000,14000,27 Dec 2008
Jharkhand,Deogarh,Madhupur,Assam C.T.C. Leaf,Beverages,0.06,14500,15000,15000,26 Dec 2008
Jharkhand,Deogarh,Madhupur,Assam C.T.C. Dust,Beverages,0.06,13500,14000,14000,26 Dec 2008
Jharkhand,Deogarh,Madhupur,Assam C.T.C. Leaf,Beverages,0.05,14500,15000,15000,24 Dec 2008
Jharkhand,Deogarh,Madhupur,Assam C.T.C. Dust,Beverages,0.05,13500,14000,14000,24 Dec 2008
Jharkhand,Deogarh,Madhupur,Assam C.T.C. Leaf,Beverages,0.05,14500,15000,15000,23 Dec 2008
Jharkhand,Deogarh,Madhupur,Assam C.T.C. Dust,Beverages,0.05,13500,14000,14000,23 Dec 2008
Jharkhand,Deogarh,Madhupur,Assam C.T.C. Leaf,Beverages,0.05,14500,15000,15000,22 Dec 2008
Jharkhand,Deogarh,Madhupur,Assam C.T.C. Dust,Beverages,0.05,13500,14000,14000,22 Dec 2008
Jharkhand,Deogarh,Madhupur,Assam C.T.C. Leaf,Beverages,0.05,14000,15000,15000,20 Dec 2008
Jharkhand,Deogarh,Madhupur,Assam C.T.C. Dust,Beverages,0.05,13500,14000,14000,20 Dec 2008
Jharkhand,Deogarh,Madhupur,Assam C.T.C. Leaf,Beverages,0.04,14000,15000,15000,19 Dec 2008
Jharkhand,Deogarh,Madhupur,Assam C.T.C. Dust,Beverages,0.04,13500,14000,14000,19 Dec 2008
Jharkhand,Deogarh,Madhupur,Assam C.T.C. Leaf,Beverages,0.05,14500,15000,15000,18 Dec 2008
Jharkhand,Deogarh,Madhupur,Assam C.T.C. Dust,Beverages,0.05,13500,14000,14000,18 Dec 2008
Jharkhand,Deogarh,Madhupur,Assam C.T.C. Leaf,Beverages,0.06,14500,15000,15000,17 Dec 2008
Jharkhand,Deogarh,Madhupur,Assam C.T.C. Dust,Beverages,0.06,13500,14000,14000,17 Dec 2008
Jharkhand,Deogarh,Madhupur,Assam C.T.C. Leaf,Beverages,0.05,14500,15000,15000,16 Dec 2008
Jharkhand,Deogarh,Madhupur,Assam C.T.C. Dust,Beverages,0.05,13500,14000,14000,16 Dec 2008
Jharkhand,Deogarh,Madhupur,Assam C.T.C. Leaf,Beverages,0.06,14500,15000,15000,15 Dec 2008
Jharkhand,Deogarh,Madhupur,Assam C.T.C. Dust,Beverages,0.06,13500,14000,14000,15 Dec 2008
Jharkhand,Deogarh,Madhupur,Assam C.T.C. Leaf,Beverages,0.05,14500,15000,15000,13 Dec 2008
Jharkhand,Deogarh,Madhupur,Assam C.T.C. Dust,Beverages,0.05,13500,14000,14000,13 Dec 2008
Jharkhand,Deogarh,Madhupur,Assam C.T.C. Leaf,Beverages,0.06,14500,15000,15000,12 Dec 2008
Jharkhand,Deogarh,Madhupur,Assam C.T.C. Leaf,Beverages,0.05,14500,15000,15000,06 Dec 2008
Jharkhand,Deogarh,Madhupur,Assam C.T.C. Dust,Beverages,0.05,13500,14000,14000,06 Dec 2008
Jharkhand,Deogarh,Madhupur,Assam C.T.C. Leaf,Beverages,0.05,14500,15000,15000,05 Dec 2008
Jharkhand,Deogarh,Madhupur,Assam C.T.C. Dust,Beverages,0.05,13500,14000,14000,05 Dec 2008
Jharkhand,Deogarh,Madhupur,Assam C.T.C. Leaf,Beverages,0.06,14500,15000,15000,04 Dec 2008
Jharkhand,Deogarh,Madhupur,Assam C.T.C. Dust,Beverages,0.06,13500,14000,14000,04 Dec 2008
Jharkhand,Deogarh,Madhupur,Assam C.T.C. Leaf,Beverages,0.05,14500,15000,15000,02 Dec 2008
Jharkhand,Deogarh,Madhupur,Assam C.T.C. Dust,Beverages,0.05,13500,14000,14000,02 Dec 2008
Jharkhand,Deogarh,Madhupur,Assam C.T.C. Leaf,Beverages,0.05,14500,15000,15000,01 Dec 2008
Jharkhand,Deogarh,Madhupur,Assam C.T.C. Dust,Beverages,0.05,13500,14000,14000,01 Dec 2008
Jharkhand,Deogarh,Madhupur,Assam C.T.C. Leaf,Beverages,0.05,14500,15000,15000,27 Nov 2008
Jharkhand,Deogarh,Madhupur,Assam C.T.C. Dust,Beverages,0.05,13500,14000,14000,27 Nov 2008
Jharkhand,Deogarh,Madhupur,Assam C.T.C. Leaf,Beverages,0.06,14500,15000,15000,26 Nov 2008
Jharkhand,Deogarh,Madhupur,Assam C.T.C. Dust,Beverages,0.06,13500,14000,14000,26 Nov 2008
Jharkhand,Deogarh,Madhupur,Assam C.T.C. Leaf,Beverages,0.06,14500,15000,15000,25 Nov 2008
Jharkhand,Deogarh,Madhupur,Assam C.T.C. Dust,Beverages,0.06,13500,14000,14000,25 Nov 2008
Jharkhand,Deogarh,Madhupur,Assam C.T.C. Leaf,Beverages,0.05,14500,15000,15000,24 Nov 2008
Jharkhand,Deogarh,Madhupur,Assam C.T.C. Dust,Beverages,0.05,13500,14000,14000,24 Nov 2008
Jharkhand,Deogarh,Madhupur,Assam C.T.C. Leaf,Beverages,0.05,14500,15000,15000,22 Nov 2008
Jharkhand,Deogarh,Madhupur,Assam C.T.C. Dust,Beverages,0.05,13500,14000,14000,22 Nov 2008
Jharkhand,Deogarh,Madhupur,Assam C.T.C. Leaf,Beverages,0.06,14500,15000,15000,21 Nov 2008
Jharkhand,Deogarh,Madhupur,Assam C.T.C. Dust,Beverages,0.06,13500,14000,14000,21 Nov 2008
Jharkhand,Deogarh,Madhupur,Assam C.T.C. Leaf,Beverages,0.06,14500,15000,15000,20 Nov 2008
Jharkhand,Deogarh,Madhupur,Assam C.T.C. Dust,Beverages,0.06,13500,14000,14000,20 Nov 2008
Jharkhand,Deogarh,Madhupur,Assam C.T.C. Leaf,Beverages,0.06,14500,15000,15000,18 Nov 2008
Jharkhand,Deogarh,Madhupur,Assam C.T.C. Dust,Beverages,0.06,13500,14000,14000,18 Nov 2008
Jharkhand,Deogarh,Madhupur,Assam C.T.C. Leaf,Beverages,0.05,14500,15000,15000,17 Nov 2008
Jharkhand,Deogarh,Madhupur,Assam C.T.C. Dust,Beverages,0.05,13500,14000,14000,17 Nov 2008
Jharkhand,Deogarh,Madhupur,Assam C.T.C. Leaf,Beverages,0.05,14500,15000,15000,14 Nov 2008
Jharkhand,Deogarh,Madhupur,Assam C.T.C. Dust,Beverages,0.05,13500,14000,14000,14 Nov 2008
Jharkhand,Deogarh,Madhupur,Assam C.T.C. Leaf,Beverages,0.06,14500,15000,15000,12 Nov 2008
Jharkhand,Deogarh,Madhupur,Assam C.T.C. Dust,Beverages,0.06,13500,14000,14000,12 Nov 2008
Jharkhand,Deogarh,Madhupur,Assam C.T.C. Leaf,Beverages,0.05,14500,15000,15000,11 Nov 2008
Jharkhand,Deogarh,Madhupur,Assam C.T.C. Dust,Beverages,0.05,13500,14000,14000,11 Nov 2008
Jharkhand,Deogarh,Madhupur,Assam C.T.C. Leaf,Beverages,0.06,14500,15000,15000,10 Nov 2008
Jharkhand,Deogarh,Madhupur,Assam C.T.C. Dust,Beverages,0.06,13500,14000,14000,10 Nov 2008
Jharkhand,Deogarh,Madhupur,Assam C.T.C. Leaf,Beverages,0.05,14500,15000,15000,08 Nov 2008
Jharkhand,Deogarh,Madhupur,Assam C.T.C. Dust,Beverages,0.05,13500,14000,14000,08 Nov 2008
Jharkhand,Deogarh,Madhupur,Assam C.T.C. Leaf,Beverages,0.05,14500,15000,15000,07 Nov 2008
Jharkhand,Deogarh,Madhupur,Assam C.T.C. Dust,Beverages,0.05,13500,14000,14000,07 Nov 2008
Jharkhand,Deogarh,Madhupur,Assam C.T.C. Leaf,Beverages,0.05,14500,15000,15000,06 Nov 2008
Jharkhand,Deogarh,Madhupur,Assam C.T.C. Dust,Beverages,0.05,13500,14000,14000,06 Nov 2008
Jharkhand,Deogarh,Madhupur,Assam C.T.C. Leaf,Beverages,0.05,14500,15000,15000,03 Nov 2008
Jharkhand,Deogarh,Madhupur,Assam C.T.C. Dust,Beverages,0.05,13500,14000,14000,03 Nov 2008
Jharkhand,Deogarh,Madhupur,Assam C.T.C. Leaf,Beverages,0.05,14500,15000,15000,01 Nov 2008
Jharkhand,Deogarh,Madhupur,Assam C.T.C. Dust,Beverages,0.05,13500,14000,14000,01 Nov 2008
Jharkhand,Deogarh,Madhupur,Assam C.T.C. Leaf,Beverages,0.06,14500,15000,15000,31 Oct 2008
Jharkhand,Deogarh,Madhupur,Assam C.T.C. Dust,Beverages,0.06,13500,14000,14000,31 Oct 2008
Jharkhand,Deogarh,Madhupur,Assam C.T.C. Leaf,Beverages,0.05,14500,15000,15000,29 Oct 2008
Jharkhand,Deogarh,Madhupur,Assam C.T.C. Dust,Beverages,0.05,13500,14000,14000,29 Oct 2008
Jharkhand,Deogarh,Madhupur,Assam C.T.C. Leaf,Beverages,0.05,14500,15000,15000,27 Oct 2008
Jharkhand,Deogarh,Madhupur,Assam C.T.C. Dust,Beverages,0.05,13500,14000,14000,27 Oct 2008
Jharkhand,Deogarh,Madhupur,Assam C.T.C. Leaf,Beverages,0.05,14500,15000,15000,25 Oct 2008
Jharkhand,Deogarh,Madhupur,Assam C.T.C. Dust,Beverages,0.05,13500,14000,14000,25 Oct 2008
Jharkhand,Deogarh,Madhupur,Assam C.T.C. Leaf,Beverages,0.05,14500,15000,15000,24 Oct 2008
Jharkhand,Deogarh,Madhupur,Assam C.T.C. Dust,Beverages,0.05,13500,14000,14000,24 Oct 2008
Jharkhand,Deogarh,Madhupur,Assam C.T.C. Leaf,Beverages,0.05,14500,15000,15000,23 Oct 2008
Jharkhand,Deogarh,Madhupur,Assam C.T.C. Dust,Beverages,0.05,13500,14000,14000,23 Oct 2008
Jharkhand,Deogarh,Madhupur,Assam C.T.C. Leaf,Beverages,0.05,14500,15000,15000,22 Oct 2008
Jharkhand,Deogarh,Madhupur,Assam C.T.C. Dust,Beverages,0.05,13500,14000,14000,22 Oct 2008
Jharkhand,Deogarh,Madhupur,Assam C.T.C. Leaf,Beverages,0.05,14500,15000,15000,21 Oct 2008
Jharkhand,Deogarh,Madhupur,Assam C.T.C. Dust,Beverages,0.05,13500,14000,14000,21 Oct 2008
Jharkhand,Deogarh,Madhupur,Assam C.T.C. Leaf,Beverages,0.06,14500,15000,15000,20 Oct 2008
Jharkhand,Deogarh,Madhupur,Assam C.T.C. Dust,Beverages,0.06,13500,14000,14000,20 Oct 2008
Jharkhand,Deogarh,Madhupur,Assam C.T.C. Leaf,Beverages,0.05,14500,15000,15000,18 Oct 2008
Jharkhand,Deogarh,Madhupur,Assam C.T.C. Dust,Beverages,0.05,13500,14000,14000,18 Oct 2008
Jharkhand,Deogarh,Madhupur,Assam C.T.C. Leaf,Beverages,0.05,14500,15000,15000,17 Oct 2008
Jharkhand,Deogarh,Madhupur,Assam C.T.C. Dust,Beverages,0.05,13500,14000,14000,17 Oct 2008
Jharkhand,Deogarh,Madhupur,Assam C.T.C. Leaf,Beverages,0.06,14500,15000,15000,16 Oct 2008
Jharkhand,Deogarh,Madhupur,Assam C.T.C. Dust,Beverages,0.06,13500,14000,14000,16 Oct 2008
Jharkhand,Deogarh,Madhupur,Assam C.T.C. Leaf,Beverages,0.06,14500,15000,15000,15 Oct 2008
Jharkhand,Deogarh,Madhupur,Assam C.T.C. Dust,Beverages,0.06,13500,14000,14000,15 Oct 2008
Jharkhand,Deogarh,Madhupur,Assam C.T.C. Leaf,Beverages,0.05,14500,15000,15000,14 Oct 2008
Jharkhand,Deogarh,Madhupur,Assam C.T.C. Dust,Beverages,0.05,13500,14000,14000,14 Oct 2008
Jharkhand,Deogarh,Madhupur,Assam C.T.C. Leaf,Beverages,0.06,14500,15000,15000,13 Oct 2008
Jharkhand,Deogarh,Madhupur,Assam C.T.C. Dust,Beverages,0.06,13500,14000,14000,13 Oct 2008
Jharkhand,Deogarh,Madhupur,Assam C.T.C. Leaf,Beverages,0.05,14500,15000,15000,11 Oct 2008
Jharkhand,Deogarh,Madhupur,Assam C.T.C. Dust,Beverages,0.05,13500,14000,14000,11 Oct 2008
Jharkhand,Deogarh,Madhupur,Assam C.T.C. Leaf,Beverages,0.06,14000,15000,15000,10 Oct 2008
Jharkhand,Deogarh,Madhupur,Assam C.T.C. Dust,Beverages,0.06,13000,14000,14000,10 Oct 2008
Jharkhand,Deogarh,Madhupur,Assam C.T.C. Leaf,Beverages,0.05,14500,15000,15000,04 Oct 2008
Jharkhand,Deogarh,Madhupur,Assam C.T.C. Dust,Beverages,0.05,13500,14000,14000,04 Oct 2008
Jharkhand,Deogarh,Madhupur,Assam C.T.C. Leaf,Beverages,0.05,14500,15000,15000,03 Oct 2008
Jharkhand,Deogarh,Madhupur,Assam C.T.C. Dust,Beverages,0.05,13500,14000,14000,03 Oct 2008
Jharkhand,Deogarh,Madhupur,Assam C.T.C. Leaf,Beverages,5.0,14500,15000,15000,01 Oct 2008
Jharkhand,Deogarh,Madhupur,Assam C.T.C. Dust,Beverages,5.0,13500,14000,14000,01 Oct 2008
Jharkhand,Deogarh,Madhupur,Assam C.T.C. Leaf,Beverages,0.05,14500,15000,15000,30 Sep 2008
Jharkhand,Deogarh,Madhupur,Assam C.T.C. Dust,Beverages,0.05,13500,14000,14000,30 Sep 2008
Jharkhand,Deogarh,Madhupur,Assam C.T.C. Leaf,Beverages,0.05,14500,15000,15000,29 Sep 2008
Jharkhand,Deogarh,Madhupur,Assam C.T.C. Dust,Beverages,0.05,13500,14000,14000,29 Sep 2008
Jharkhand,Deogarh,Madhupur,Assam C.T.C. Leaf,Beverages,0.05,14500,15000,15000,27 Sep 2008
Jharkhand,Deogarh,Madhupur,Assam C.T.C. Dust,Beverages,0.05,13500,14000,14000,27 Sep 2008
Jharkhand,Deogarh,Madhupur,Assam C.T.C. Leaf,Beverages,0.05,14500,15000,15000,26 Sep 2008
Jharkhand,Deogarh,Madhupur,Assam C.T.C. Dust,Beverages,0.05,13500,14000,14000,26 Sep 2008
Jharkhand,Deogarh,Madhupur,Assam C.T.C. Leaf,Beverages,0.05,14500,15000,15000,25 Sep 2008
Jharkhand,Deogarh,Madhupur,Assam C.T.C. Dust,Beverages,0.05,13500,14000,14000,25 Sep 2008
Jharkhand,Deogarh,Madhupur,Assam C.T.C. Leaf,Beverages,0.05,14500,15000,15000,24 Sep 2008
Jharkhand,Deogarh,Madhupur,Assam C.T.C. Dust,Beverages,0.05,13500,14000,14000,24 Sep 2008
Jharkhand,Deogarh,Madhupur,Assam C.T.C. Leaf,Beverages,0.05,14500,15000,15000,23 Sep 2008
Jharkhand,Deogarh,Madhupur,Assam C.T.C. Dust,Beverages,0.05,13500,14000,14000,23 Sep 2008
Jharkhand,Deogarh,Madhupur,Assam C.T.C. Leaf,Beverages,0.05,14500,15000,15000,22 Sep 2008
Jharkhand,Deogarh,Madhupur,Assam C.T.C. Dust,Beverages,0.05,13500,14000,14000,22 Sep 2008
Jharkhand,Deogarh,Madhupur,Assam C.T.C. Leaf,Beverages,0.05,14500,15000,15000,19 Sep 2008
Jharkhand,Deogarh,Madhupur,Assam C.T.C. Dust,Beverages,0.05,13500,14000,14000,19 Sep 2008
Jharkhand,Deogarh,Madhupur,Assam C.T.C. Leaf,Beverages,0.05,14500,15000,15000,18 Sep 2008
Jharkhand,Deogarh,Madhupur,Assam C.T.C. Dust,Beverages,0.05,13500,14000,14000,18 Sep 2008
Jharkhand,Deogarh,Madhupur,Assam C.T.C. Leaf,Beverages,0.05,14500,15000,15000,17 Sep 2008
Jharkhand,Deogarh,Madhupur,Assam C.T.C. Dust,Beverages,0.05,13500,14000,14000,17 Sep 2008
Jharkhand,Deogarh,Madhupur,Assam C.T.C. Leaf,Beverages,0.05,14500,15000,15000,16 Sep 2008
Jharkhand,Deogarh,Madhupur,Assam C.T.C. Dust,Beverages,0.05,13500,14000,14000,16 Sep 2008
Jharkhand,Deogarh,Madhupur,Assam C.T.C. Leaf,Beverages,0.05,14500,15000,15000,15 Sep 2008
Jharkhand,Deogarh,Madhupur,Assam C.T.C. Dust,Beverages,0.05,13500,14000,14000,15 Sep 2008
Jharkhand,Deogarh,Madhupur,Assam C.T.C. Leaf,Beverages,0.05,14500,15000,15000,13 Sep 2008
Jharkhand,Deogarh,Madhupur,Assam C.T.C. Dust,Beverages,0.05,13500,14000,14000,13 Sep 2008
Jharkhand,Deogarh,Madhupur,Assam C.T.C. Leaf,Beverages,0.05,14500,15000,15000,12 Sep 2008
Jharkhand,Deogarh,Madhupur,Assam C.T.C. Dust,Beverages,0.05,13500,14000,14000,12 Sep 2008
Jharkhand,Deogarh,Madhupur,Assam C.T.C. Leaf,Beverages,0.05,14500,15000,15000,10 Sep 2008
Jharkhand,Deogarh,Madhupur,Assam C.T.C. Dust,Beverages,0.05,13500,14000,14000,10 Sep 2008
Jharkhand,Deogarh,Madhupur,Assam C.T.C. Leaf,Beverages,0.05,14500,15000,15000,09 Sep 2008
Jharkhand,Deogarh,Madhupur,Assam C.T.C. Dust,Beverages,0.05,13500,14000,14000,09 Sep 2008
Jharkhand,Deogarh,Madhupur,Assam C.T.C. Leaf,Beverages,0.06,14500,15000,15000,08 Sep 2008
Jharkhand,Deogarh,Madhupur,Assam C.T.C. Dust,Beverages,0.06,13500,14000,14000,08 Sep 2008
Jharkhand,Deogarh,Madhupur,Assam C.T.C. Leaf,Beverages,0.05,14500,15000,15000,06 Sep 2008
Jharkhand,Deogarh,Madhupur,Assam C.T.C. Dust,Beverages,0.05,13500,14000,14000,06 Sep 2008
Jharkhand,Deogarh,Madhupur,Assam C.T.C. Leaf,Beverages,0.05,14500,15000,15000,05 Sep 2008
Jharkhand,Deogarh,Madhupur,Assam C.T.C. Dust,Beverages,0.05,13500,14000,14000,05 Sep 2008
Jharkhand,Deogarh,Madhupur,Assam C.T.C. Leaf,Beverages,0.05,14500,15000,15000,04 Sep 2008
Jharkhand,Deogarh,Madhupur,Assam C.T.C. Dust,Beverages,0.05,13500,14000,14000,04 Sep 2008
Jharkhand,Deogarh,Madhupur,Assam C.T.C. Leaf,Beverages,0.05,14500,15000,15000,03 Sep 2008
Jharkhand,Deogarh,Madhupur,Assam C.T.C. Dust,Beverages,0.05,13500,14000,14000,03 Sep 2008
Jharkhand,Deogarh,Madhupur,Assam C.T.C. Leaf,Beverages,0.05,14500,15000,15000,02 Sep 2008
Jharkhand,Deogarh,Madhupur,Assam C.T.C. Dust,Beverages,0.05,13500,14000,14000,02 Sep 2008
Jharkhand,Deogarh,Madhupur,Assam C.T.C. Leaf,Beverages,0.05,14500,15000,15000,01 Sep 2008
Jharkhand,Deogarh,Madhupur,Assam C.T.C. Dust,Beverages,0.05,13500,14000,14000,01 Sep 2008
Jharkhand,Deogarh,Madhupur,Assam C.T.C. Leaf,Beverages,0.05,14500,15000,15000,29 Aug 2008
Jharkhand,Deogarh,Madhupur,Assam C.T.C. Dust,Beverages,0.05,13500,14000,14000,29 Aug 2008
Jharkhand,Deogarh,Madhupur,Assam C.T.C. Leaf,Beverages,0.05,14500,15000,15000,28 Aug 2008
Jharkhand,Deogarh,Madhupur,Assam C.T.C. Dust,Beverages,0.05,13500,14000,14000,28 Aug 2008
Jharkhand,Deogarh,Madhupur,Assam C.T.C. Leaf,Beverages,0.05,14500,15000,15000,27 Aug 2008
Jharkhand,Deogarh,Madhupur,Assam C.T.C. Dust,Beverages,0.05,13500,14000,14000,27 Aug 2008
Jharkhand,Deogarh,Madhupur,Assam C.T.C. Leaf,Beverages,0.05,14500,15000,15000,26 Aug 2008
Jharkhand,Deogarh,Madhupur,Assam C.T.C. Dust,Beverages,0.05,13500,14000,14000,26 Aug 2008
Jharkhand,Deogarh,Madhupur,Assam C.T.C. Leaf,Beverages,0.06,14500,15000,15000,25 Aug 2008
Jharkhand,Deogarh,Madhupur,Assam C.T.C. Dust,Beverages,0.06,13500,14000,14000,25 Aug 2008
Jharkhand,Deogarh,Madhupur,Assam C.T.C. Leaf,Beverages,0.06,14500,15000,15000,23 Aug 2008
Jharkhand,Deogarh,Madhupur,Assam C.T.C. Dust,Beverages,0.06,13500,14000,14000,23 Aug 2008
Jharkhand,Deogarh,Madhupur,Assam C.T.C. Leaf,Beverages,0.05,14500,15000,15000,22 Aug 2008
Jharkhand,Deogarh,Madhupur,Assam C.T.C. Dust,Beverages,0.05,13500,14000,14000,22 Aug 2008
Jharkhand,Deogarh,Madhupur,Assam C.T.C. Leaf,Beverages,0.05,14500,15000,15000,21 Aug 2008
Jharkhand,Deogarh,Madhupur,Assam C.T.C. Dust,Beverages,0.05,13500,14000,14000,21 Aug 2008
Jharkhand,Deogarh,Madhupur,Assam C.T.C. Leaf,Beverages,0.05,14500,15000,15000,20 Aug 2008
Jharkhand,Deogarh,Madhupur,Assam C.T.C. Dust,Beverages,0.05,13500,14000,14000,20 Aug 2008
Jharkhand,Deogarh,Madhupur,Assam C.T.C. Leaf,Beverages,0.05,14500,15000,15000,19 Aug 2008
Jharkhand,Deogarh,Madhupur,Assam C.T.C. Dust,Beverages,0.05,13500,14000,14000,19 Aug 2008
Jharkhand,Deogarh,Madhupur,Assam C.T.C. Leaf,Beverages,0.05,14500,15000,15000,18 Aug 2008
Jharkhand,Deogarh,Madhupur,Assam C.T.C. Dust,Beverages,0.05,13500,14000,14000,18 Aug 2008
Jharkhand,Deogarh,Madhupur,Assam C.T.C. Leaf,Beverages,0.05,14500,15000,15000,14 Aug 2008
Jharkhand,Deogarh,Madhupur,Assam C.T.C. Dust,Beverages,0.05,13500,14000,14000,14 Aug 2008
Jharkhand,Deogarh,Madhupur,Assam C.T.C. Leaf,Beverages,0.05,14500,15000,15000,13 Aug 2008
Jharkhand,Deogarh,Madhupur,Assam C.T.C. Dust,Beverages,0.05,13500,14000,14000,13 Aug 2008
Jharkhand,Deogarh,Madhupur,Assam C.T.C. Leaf,Beverages,0.05,14500,15000,15000,12 Aug 2008
Jharkhand,Deogarh,Madhupur,Assam C.T.C. Dust,Beverages,0.05,13500,14000,14000,12 Aug 2008
Jharkhand,Deogarh,Madhupur,Assam C.T.C. Leaf,Beverages,0.05,14500,15000,15000,11 Aug 2008
Jharkhand,Deogarh,Madhupur,Assam C.T.C. Dust,Beverages,0.05,13500,14000,14000,11 Aug 2008
Jharkhand,Deogarh,Madhupur,Assam C.T.C. Leaf,Beverages,0.05,14500,15000,15000,09 Aug 2008
Jharkhand,Deogarh,Madhupur,Assam C.T.C. Dust,Beverages,0.05,13500,14000,14000,09 Aug 2008
Jharkhand,Deogarh,Madhupur,Assam C.T.C. Leaf,Beverages,0.06,14500,15000,15000,08 Aug 2008
Jharkhand,Deogarh,Madhupur,Assam C.T.C. Dust,Beverages,0.06,13500,14000,14000,08 Aug 2008
Jharkhand,Deogarh,Madhupur,Assam C.T.C. Leaf,Beverages,0.05,14500,15000,15000,07 Aug 2008
Jharkhand,Deogarh,Madhupur,Assam C.T.C. Dust,Beverages,0.05,13500,14000,14000,07 Aug 2008
Jharkhand,Deogarh,Madhupur,Assam C.T.C. Leaf,Beverages,0.05,14500,15000,15000,06 Aug 2008
Jharkhand,Deogarh,Madhupur,Assam C.T.C. Dust,Beverages,0.05,13500,14000,14000,06 Aug 2008
Jharkhand,Deogarh,Madhupur,Assam C.T.C. Leaf,Beverages,0.05,14500,15000,15000,05 Aug 2008
Jharkhand,Deogarh,Madhupur,Assam C.T.C. Dust,Beverages,0.05,13500,14000,14000,05 Aug 2008
Jharkhand,Deogarh,Madhupur,Assam C.T.C. Leaf,Beverages,0.05,14500,15000,15000,02 Aug 2008
Jharkhand,Deogarh,Madhupur,Assam C.T.C. Dust,Beverages,0.05,13500,14000,14000,02 Aug 2008
Jharkhand,Deogarh,Madhupur,Assam C.T.C. Leaf,Beverages,0.06,14500,15000,15000,01 Aug 2008
Jharkhand,Deogarh,Madhupur,Assam C.T.C. Dust,Beverages,0.06,13500,14000,14000,01 Aug 2008
Jharkhand,Deogarh,Madhupur,Assam C.T.C. Leaf,Beverages,0.05,14500,15000,15000,28 Jul 2008
Jharkhand,Deogarh,Madhupur,Assam C.T.C. Dust,Beverages,0.05,13500,14000,14000,28 Jul 2008
Jharkhand,Deogarh,Madhupur,Assam C.T.C. Leaf,Beverages,0.06,14500,15000,15000,26 Jul 2008
Jharkhand,Deogarh,Madhupur,Assam C.T.C. Dust,Beverages,0.06,13500,14000,14000,26 Jul 2008
Jharkhand,Deogarh,Madhupur,Assam C.T.C. Leaf,Beverages,0.05,14500,15000,15000,25 Jul 2008
Jharkhand,Deogarh,Madhupur,Assam C.T.C. Dust,Beverages,0.05,13500,14000,14000,25 Jul 2008
Jharkhand,Deogarh,Madhupur,Assam C.T.C. Leaf,Beverages,0.05,14500,15000,15000,24 Jul 2008
Jharkhand,Deogarh,Madhupur,Assam C.T.C. Dust,Beverages,0.05,13500,14000,14000,24 Jul 2008
Jharkhand,Deogarh,Madhupur,Assam C.T.C. Leaf,Beverages,0.05,14500,15000,15000,23 Jul 2008
Jharkhand,Deogarh,Madhupur,Assam C.T.C. Dust,Beverages,0.05,13500,14000,14000,23 Jul 2008
Jharkhand,Deogarh,Madhupur,Assam C.T.C. Leaf,Beverages,0.05,14500,15000,15000,22 Jul 2008
Jharkhand,Deogarh,Madhupur,Assam C.T.C. Dust,Beverages,0.05,13500,14000,14000,22 Jul 2008
Jharkhand,Deogarh,Madhupur,Assam C.T.C. Leaf,Beverages,0.05,14500,15000,15000,21 Jul 2008
Jharkhand,Deogarh,Madhupur,Assam C.T.C. Dust,Beverages,0.05,13500,14000,14000,21 Jul 2008
Jharkhand,Deogarh,Madhupur,Assam C.T.C. Leaf,Beverages,0.05,14500,15000,15000,19 Jul 2008
Jharkhand,Deogarh,Madhupur,Assam C.T.C. Dust,Beverages,0.05,13500,14000,14000,19 Jul 2008
Jharkhand,Deogarh,Madhupur,Assam C.T.C. Leaf,Beverages,0.05,14500,15000,15000,18 Jul 2008
Jharkhand,Deogarh,Madhupur,Assam C.T.C. Dust,Beverages,0.05,13500,14000,14000,18 Jul 2008
Jharkhand,Deogarh,Madhupur,Assam C.T.C. Leaf,Beverages,0.05,14500,15000,15000,17 Jul 2008
Jharkhand,Deogarh,Madhupur,Assam C.T.C. Dust,Beverages,0.05,13500,14000,14000,17 Jul 2008
Jharkhand,Deogarh,Madhupur,Assam C.T.C. Leaf,Beverages,0.05,14500,15000,15000,16 Jul 2008
Jharkhand,Deogarh,Madhupur,Assam C.T.C. Dust,Beverages,0.05,13500,14000,14000,16 Jul 2008
Jharkhand,Deogarh,Madhupur,Assam C.T.C. Leaf,Beverages,0.05,14500,15000,15000,15 Jul 2008
Jharkhand,Deogarh,Madhupur,Assam C.T.C. Dust,Beverages,0.05,13500,14000,14000,15 Jul 2008
Jharkhand,Deogarh,Madhupur,Assam C.T.C. Leaf,Beverages,0.05,14500,15000,15000,14 Jul 2008
Jharkhand,Deogarh,Madhupur,Assam C.T.C. Dust,Beverages,0.05,13500,14000,14000,14 Jul 2008
Jharkhand,Deogarh,Madhupur,Assam C.T.C. Leaf,Beverages,0.05,14500,15000,15000,12 Jul 2008
Jharkhand,Deogarh,Madhupur,Assam C.T.C. Dust,Beverages,0.05,13500,14000,14000,12 Jul 2008
Jharkhand,Deogarh,Madhupur,Assam C.T.C. Leaf,Beverages,0.05,14500,15000,15000,11 Jul 2008
Jharkhand,Deogarh,Madhupur,Assam C.T.C. Dust,Beverages,0.05,13500,14000,14000,11 Jul 2008
Jharkhand,Deogarh,Madhupur,Assam C.T.C. Leaf,Beverages,0.05,14500,15000,15000,10 Jul 2008
Jharkhand,Deogarh,Madhupur,Assam C.T.C. Dust,Beverages,0.05,13500,14000,14000,10 Jul 2008
Jharkhand,Deogarh,Madhupur,Assam C.T.C. Leaf,Beverages,0.05,14500,15000,15000,09 Jul 2008
Jharkhand,Deogarh,Madhupur,Assam C.T.C. Dust,Beverages,0.05,13500,14000,14000,09 Jul 2008
Jharkhand,Deogarh,Madhupur,Assam C.T.C. Leaf,Beverages,0.05,13500,14000,14000,08 Jul 2008
Jharkhand,Deogarh,Madhupur,Assam C.T.C. Dust,Beverages,0.05,12500,13000,13000,08 Jul 2008
Jharkhand,Deogarh,Madhupur,Assam C.T.C. Leaf,Beverages,0.05,13500,14000,14000,07 Jul 2008
Jharkhand,Deogarh,Madhupur,Assam C.T.C. Dust,Beverages,0.05,12500,13000,13000,07 Jul 2008
Jharkhand,Deogarh,Madhupur,Assam C.T.C. Dust,Beverages,0.05,12500,13000,13000,05 Jul 2008
Jharkhand,Deogarh,Madhupur,Assam C.T.C. Leaf,Beverages,0.05,13500,14000,14000,03 Jul 2008
Jharkhand,Deogarh,Madhupur,Assam C.T.C. Dust,Beverages,0.05,12500,13000,13000,03 Jul 2008
Jharkhand,Deogarh,Madhupur,Assam C.T.C. Leaf,Beverages,0.05,13500,14000,14000,02 Jul 2008
Jharkhand,Deogarh,Madhupur,Assam C.T.C. Dust,Beverages,0.05,12500,13000,13000,02 Jul 2008
Jharkhand,Deogarh,Madhupur,Assam C.T.C. Leaf,Beverages,0.05,12500,13000,13000,01 Jul 2008
Jharkhand,Deogarh,Madhupur,Assam C.T.C. Dust,Beverages,0.05,11500,12000,12000,01 Jul 2008
Jharkhand,Deogarh,Madhupur,Assam C.T.C. Leaf,Beverages,0.05,12500,13000,13000,14 Jun 2008
Jharkhand,Deogarh,Madhupur,Assam C.T.C. Dust,Beverages,0.05,11500,12000,12000,14 Jun 2008
Jharkhand,Deogarh,Madhupur,Assam C.T.C. Leaf,Beverages,0.05,12500,13000,13000,13 Jun 2008
Jharkhand,Deogarh,Madhupur,Assam C.T.C. Dust,Beverages,0.05,11500,12000,12000,13 Jun 2008
Jharkhand,Deogarh,Madhupur,Assam C.T.C. Leaf,Beverages,0.05,12500,13000,13000,12 Jun 2008
Jharkhand,Deogarh,Madhupur,Assam C.T.C. Dust,Beverages,0.05,11500,12000,12000,12 Jun 2008
Jharkhand,Deogarh,Madhupur,Assam C.T.C. Leaf,Beverages,0.05,12500,13000,13000,11 Jun 2008
Jharkhand,Deogarh,Madhupur,Assam C.T.C. Dust,Beverages,0.05,11500,12000,12000,11 Jun 2008
Jharkhand,Deogarh,Madhupur,Assam C.T.C. Leaf,Beverages,0.05,12500,13000,13000,10 Jun 2008
Jharkhand,Deogarh,Madhupur,Assam C.T.C. Dust,Beverages,0.05,11500,12000,12000,10 Jun 2008
Jharkhand,Deogarh,Madhupur,Assam C.T.C. Leaf,Beverages,0.05,12500,13000,13000,09 Jun 2008
Jharkhand,Deogarh,Madhupur,Assam C.T.C. Dust,Beverages,0.05,11500,12000,12000,09 Jun 2008
Jharkhand,Deogarh,Madhupur,Assam C.T.C. Leaf,Beverages,0.05,12500,13000,13000,07 Jun 2008
Jharkhand,Deogarh,Madhupur,Assam C.T.C. Dust,Beverages,0.05,11500,12000,12000,07 Jun 2008
Jharkhand,Deogarh,Madhupur,Assam C.T.C. Leaf,Beverages,0.05,12500,13000,13000,06 Jun 2008
Jharkhand,Deogarh,Madhupur,Assam C.T.C. Dust,Beverages,0.05,11500,12000,12000,06 Jun 2008
Jharkhand,Deogarh,Madhupur,Assam C.T.C. Leaf,Beverages,0.05,12500,13000,13000,05 Jun 2008
Jharkhand,Deogarh,Madhupur,Assam C.T.C. Dust,Beverages,0.05,11500,12000,12000,05 Jun 2008
Jharkhand,Deogarh,Madhupur,Assam C.T.C. Leaf,Beverages,0.06,12500,13000,13000,04 Jun 2008
Jharkhand,Deogarh,Madhupur,Assam C.T.C. Dust,Beverages,0.06,11500,12000,12000,04 Jun 2008
Jharkhand,Deogarh,Madhupur,Assam C.T.C. Leaf,Beverages,0.05,12500,13000,13000,03 Jun 2008
Jharkhand,Deogarh,Madhupur,Assam C.T.C. Dust,Beverages,0.05,11500,12000,12000,03 Jun 2008
Jharkhand,Deogarh,Madhupur,Assam C.T.C. Leaf,Beverages,0.05,12500,13000,13000,02 Jun 2008
Jharkhand,Deogarh,Madhupur,Assam C.T.C. Dust,Beverages,0.05,11500,12000,12000,02 Jun 2008
Jharkhand,Deogarh,Madhupur,Assam C.T.C. Leaf,Beverages,0.05,12500,13000,13000,30 Apr 2008
Jharkhand,Deogarh,Madhupur,Assam C.T.C. Dust,Beverages,0.05,11500,12000,12000,30 Apr 2008
Jharkhand,Deogarh,Madhupur,Assam C.T.C. Leaf,Beverages,0.05,12500,13000,13000,29 Apr 2008
Jharkhand,Deogarh,Madhupur,Assam C.T.C. Dust,Beverages,0.05,11500,12000,12000,29 Apr 2008
Jharkhand,Deogarh,Madhupur,Assam C.T.C. Leaf,Beverages,0.05,12500,13000,13000,28 Apr 2008
Jharkhand,Deogarh,Madhupur,Assam C.T.C. Dust,Beverages,0.05,11500,12000,12000,28 Apr 2008
Jharkhand,Deogarh,Madhupur,Assam C.T.C. Leaf,Beverages,0.01,12500,13000,13000,26 Apr 2008
Jharkhand,Deogarh,Madhupur,Assam C.T.C. Dust,Beverages,0.01,11500,12000,12000,26 Apr 2008
Jharkhand,Deogarh,Madhupur,Assam C.T.C. Leaf,Beverages,0.05,12500,13000,13000,24 Apr 2008
Jharkhand,Deogarh,Madhupur,Assam C.T.C. Dust,Beverages,0.05,11500,12000,12000,24 Apr 2008
Jharkhand,Deogarh,Madhupur,Assam C.T.C. Leaf,Beverages,0.05,12500,13000,13000,22 Apr 2008
Jharkhand,Deogarh,Madhupur,Assam C.T.C. Dust,Beverages,0.05,11500,12000,12000,22 Apr 2008
Jharkhand,Deogarh,Madhupur,Assam C.T.C. Leaf,Beverages,0.05,12500,13000,13000,21 Apr 2008
Jharkhand,Deogarh,Madhupur,Assam C.T.C. Dust,Beverages,0.05,11500,12000,12000,21 Apr 2008
Jharkhand,Deogarh,Madhupur,Assam C.T.C. Leaf,Beverages,0.05,12500,13000,13000,19 Apr 2008
Jharkhand,Deogarh,Madhupur,Assam C.T.C. Dust,Beverages,0.05,11500,12000,12000,19 Apr 2008
Jharkhand,Deogarh,Madhupur,Assam C.T.C. Leaf,Beverages,0.05,12500,13000,13000,17 Apr 2008
Jharkhand,Deogarh,Madhupur,Assam C.T.C. Dust,Beverages,0.05,11500,12000,12000,17 Apr 2008
Jharkhand,Deogarh,Madhupur,Assam C.T.C. Leaf,Beverages,0.05,12500,13000,13000,16 Apr 2008
Jharkhand,Deogarh,Madhupur,Assam C.T.C. Dust,Beverages,0.05,11500,12000,12000,16 Apr 2008
Jharkhand,Deogarh,Madhupur,Assam C.T.C. Leaf,Beverages,0.05,12500,13000,13000,15 Apr 2008
Jharkhand,Deogarh,Madhupur,Assam C.T.C. Dust,Beverages,0.05,11500,12000,12000,15 Apr 2008
Jharkhand,Deogarh,Madhupur,Assam C.T.C. Leaf,Beverages,0.05,12500,13000,13000,12 Apr 2008
Jharkhand,Deogarh,Madhupur,Assam C.T.C. Dust,Beverages,0.05,11500,12000,12000,12 Apr 2008
Jharkhand,Deogarh,Madhupur,Assam C.T.C. Leaf,Beverages,0.05,12500,13000,13000,11 Apr 2008
Jharkhand,Deogarh,Madhupur,Assam C.T.C. Dust,Beverages,0.05,11500,12000,12000,11 Apr 2008
Jharkhand,Deogarh,Madhupur,Assam C.T.C. Leaf,Beverages,0.05,12500,13000,13000,10 Apr 2008
Jharkhand,Deogarh,Madhupur,Assam C.T.C. Dust,Beverages,0.05,11500,12000,12000,10 Apr 2008
Jharkhand,Deogarh,Madhupur,Assam C.T.C. Leaf,Beverages,0.05,12500,13000,13000,09 Apr 2008
Jharkhand,Deogarh,Madhupur,Assam C.T.C. Dust,Beverages,0.05,11500,12000,12000,09 Apr 2008
Jharkhand,Deogarh,Madhupur,Assam C.T.C. Leaf,Beverages,0.05,12500,13000,13000,07 Apr 2008
Jharkhand,Deogarh,Madhupur,Assam C.T.C. Dust,Beverages,0.05,11500,12000,12000,07 Apr 2008
Jharkhand,Deogarh,Madhupur,Assam C.T.C. Leaf,Beverages,0.05,12500,13000,13000,05 Apr 2008
Jharkhand,Deogarh,Madhupur,Assam C.T.C. Dust,Beverages,0.05,11500,12000,12000,05 Apr 2008
Jharkhand,Deogarh,Madhupur,Assam C.T.C. Leaf,Beverages,0.05,12500,13000,13000,04 Apr 2008
Jharkhand,Deogarh,Madhupur,Assam C.T.C. Dust,Beverages,0.05,11500,12000,12000,04 Apr 2008
Jharkhand,Deogarh,Madhupur,Assam C.T.C. Leaf,Beverages,0.05,12500,13000,13000,03 Apr 2008
Jharkhand,Deogarh,Madhupur,Assam C.T.C. Dust,Beverages,0.05,11500,12000,12000,03 Apr 2008
Jharkhand,Deogarh,Madhupur,Assam C.T.C. Leaf,Beverages,0.05,12500,13000,13000,02 Apr 2008
Jharkhand,Deogarh,Madhupur,Assam C.T.C. Dust,Beverages,0.05,11500,12000,12000,02 Apr 2008
Jharkhand,Deogarh,Madhupur,Assam C.T.C. Leaf,Beverages,0.05,12500,13000,12880,01 Apr 2008
Jharkhand,Deogarh,Madhupur,Assam C.T.C. Dust,Beverages,0.05,11500,12000,11890,01 Apr 2008
Jharkhand,Deogarh,Madhupur,Assam C.T.C. Leaf,Beverages,0.05,12500,13000,13000,01 Feb 2008
Jharkhand,Deogarh,Madhupur,Assam C.T.C. Dust,Beverages,0.05,11500,12000,12000,01 Feb 2008
Jharkhand,Deogarh,Madhupur,Assam C.T.C. Leaf,Beverages,0.05,12500,13000,13000,31 Jan 2008
Jharkhand,Deogarh,Madhupur,Assam C.T.C. Dust,Beverages,0.05,11500,12000,12000,31 Jan 2008
Jharkhand,Deogarh,Madhupur,Assam C.T.C. Leaf,Beverages,0.05,12500,13000,13000,30 Jan 2008
Jharkhand,Deogarh,Madhupur,Assam C.T.C. Dust,Beverages,0.05,11500,12000,12000,30 Jan 2008
Jharkhand,Deogarh,Madhupur,Assam C.T.C. Leaf,Beverages,0.05,12500,13000,13000,29 Jan 2008
Jharkhand,Deogarh,Madhupur,Assam C.T.C. Dust,Beverages,0.05,11500,12000,12000,29 Jan 2008
Jharkhand,Deogarh,Madhupur,Assam C.T.C. Leaf,Beverages,0.06,12500,13000,13000,28 Jan 2008
Jharkhand,Deogarh,Madhupur,Assam C.T.C. Dust,Beverages,0.06,11500,12000,12000,28 Jan 2008
Jharkhand,Deogarh,Madhupur,Assam C.T.C. Leaf,Beverages,0.05,12500,13000,12750,25 Jan 2008
Jharkhand,Deogarh,Madhupur,Assam C.T.C. Dust,Beverages,0.05,11500,12000,11775,25 Jan 2008
Jharkhand,Deogarh,Madhupur,Assam C.T.C. Leaf,Beverages,0.05,12500,13000,13000,24 Jan 2008
Jharkhand,Deogarh,Madhupur,Assam C.T.C. Dust,Beverages,0.05,11500,12000,12000,24 Jan 2008
Jharkhand,Deogarh,Madhupur,Assam C.T.C. Leaf,Beverages,0.05,12500,13000,13000,22 Jan 2008
Jharkhand,Deogarh,Madhupur,Assam C.T.C. Dust,Beverages,0.05,11500,12000,12000,22 Jan 2008
Jharkhand,Deogarh,Madhupur,Assam C.T.C. Leaf,Beverages,0.05,12500,13000,13000,21 Jan 2008
Jharkhand,Deogarh,Madhupur,Assam C.T.C. Dust,Beverages,0.05,11500,12000,12000,21 Jan 2008
Jharkhand,Deogarh,Madhupur,Assam C.T.C. Leaf,Beverages,0.05,12500,13000,13000,18 Jan 2008
Jharkhand,Deogarh,Madhupur,Assam C.T.C. Dust,Beverages,0.05,11500,12000,12000,18 Jan 2008
Jharkhand,Deogarh,Madhupur,Assam C.T.C. Leaf,Beverages,0.05,12500,13000,13000,17 Jan 2008
Jharkhand,Deogarh,Madhupur,Assam C.T.C. Dust,Beverages,0.05,11500,12000,12000,17 Jan 2008
Jharkhand,Deogarh,Madhupur,Assam C.T.C. Leaf,Beverages,0.05,12500,13000,13000,16 Jan 2008
Jharkhand,Deogarh,Madhupur,Assam C.T.C. Dust,Beverages,0.05,11500,12000,12000,16 Jan 2008
Jharkhand,Deogarh,Madhupur,Assam C.T.C. Leaf,Beverages,0.05,12500,13000,12800,15 Jan 2008
Jharkhand,Deogarh,Madhupur,Assam C.T.C. Dust,Beverages,0.05,11500,12000,11755,15 Jan 2008
Jharkhand,Deogarh,Madhupur,Assam C.T.C. Leaf,Beverages,0.06,12500,13000,13000,11 Jan 2008
Jharkhand,Deogarh,Madhupur,Assam C.T.C. Dust,Beverages,0.06,11500,12000,12000,11 Jan 2008
Jharkhand,Deogarh,Madhupur,Assam C.T.C. Leaf,Beverages,0.05,12500,13000,13000,10 Jan 2008
Jharkhand,Deogarh,Madhupur,Assam C.T.C. Dust,Beverages,0.05,11500,12000,12000,10 Jan 2008
Jharkhand,Deogarh,Madhupur,Assam C.T.C. Leaf,Beverages,0.05,12500,13000,13000,09 Jan 2008
Jharkhand,Deogarh,Madhupur,Assam C.T.C. Dust,Beverages,0.05,11500,12000,12000,09 Jan 2008
Jharkhand,Deogarh,Madhupur,Assam C.T.C. Leaf,Beverages,0.05,12500,13000,13000,08 Jan 2008
Jharkhand,Deogarh,Madhupur,Assam C.T.C. Dust,Beverages,0.05,11500,12000,12000,08 Jan 2008
Jharkhand,Deogarh,Madhupur,Assam C.T.C. Leaf,Beverages,0.05,12500,13000,13000,07 Jan 2008
Jharkhand,Deogarh,Madhupur,Assam C.T.C. Dust,Beverages,0.05,11500,12000,12000,07 Jan 2008
Jharkhand,Deogarh,Madhupur,Assam C.T.C. Leaf,Beverages,0.05,12500,13000,13000,04 Jan 2008
Jharkhand,Deogarh,Madhupur,Assam C.T.C. Dust,Beverages,0.05,11500,12000,12000,04 Jan 2008
Jharkhand,Deogarh,Madhupur,Assam C.T.C. Leaf,Beverages,0.05,12500,13000,13000,03 Jan 2008
Jharkhand,Deogarh,Madhupur,Assam C.T.C. Dust,Beverages,0.05,11500,12000,12000,03 Jan 2008
Jharkhand,Deogarh,Madhupur,Assam C.T.C. Leaf,Beverages,0.05,12500,13000,13000,02 Jan 2008
Jharkhand,Deogarh,Madhupur,Assam C.T.C. Dust,Beverages,0.05,11500,12000,12000,02 Jan 2008
Jharkhand,Deogarh,Madhupur,Assam C.T.C. Leaf,Beverages,0.05,12500,13000,13000,01 Jan 2008
Jharkhand,Deogarh,Madhupur,Assam C.T.C. Dust,Beverages,0.05,11500,12000,12000,01 Jan 2008
Jharkhand,Deogarh,Madhupur,Assam C.T.C. Leaf,Beverages,0.1,12500,13000,12500,15 Oct 2007
Jharkhand,Deogarh,Madhupur,Assam C.T.C. Dust,Beverages,0.1,11500,12000,11500,15 Oct 2007
Nagaland,Dimapur,4th Mile Dimapur,Other,Beverages,1000.0,10000,11000,10500,01 Jun 2011
Nagaland,Dimapur,4th Mile Dimapur,Other,Beverages,1000.0,9000,10000,9500,23 May 2011
